ISO-10303-21;
HEADER;
FILE_DESCRIPTION(('Open CASCADE Model'),'2;1');
FILE_NAME('Open CASCADE Shape Model','2026-03-07T15:28:42',('Author'),(
    'Open CASCADE'),'Open CASCADE STEP processor 7.5','Open CASCADE 7.5'
  ,'Unknown');
FILE_SCHEMA(('AUTOMOTIVE_DESIGN { 1 0 10303 214 1 1 1 1 }'));
ENDSEC;
DATA;
#1 = APPLICATION_PROTOCOL_DEFINITION('international standard',
  'automotive_design',2000,#2);
#2 = APPLICATION_CONTEXT(
  'core data for automotive mechanical design processes');
#3 = SHAPE_DEFINITION_REPRESENTATION(#4,#10);
#4 = PRODUCT_DEFINITION_SHAPE('','',#5);
#5 = PRODUCT_DEFINITION('design','',#6,#9);
#6 = PRODUCT_DEFINITION_FORMATION('','',#7);
#7 = PRODUCT('Open CASCADE STEP translator 7.5 79',
  'Open CASCADE STEP translator 7.5 79','',(#8));
#8 = PRODUCT_CONTEXT('',#2,'mechanical');
#9 = PRODUCT_DEFINITION_CONTEXT('part definition',#2,'design');
#10 = ADVANCED_BREP_SHAPE_REPRESENTATION('',(#11,#15),#321);
#11 = AXIS2_PLACEMENT_3D('',#12,#13,#14);
#12 = CARTESIAN_POINT('',(0.,0.,0.));
#13 = DIRECTION('',(0.,0.,1.));
#14 = DIRECTION('',(1.,0.,-0.));
#15 = MANIFOLD_SOLID_BREP('',#16);
#16 = CLOSED_SHELL('',(#17,#57,#88,#119,#141,#174,#207,#240,#273,#297));
#17 = ADVANCED_FACE('',(#18),#52,.T.);
#18 = FACE_BOUND('',#19,.T.);
#19 = EDGE_LOOP('',(#20,#30,#38,#46));
#20 = ORIENTED_EDGE('',*,*,#21,.T.);
#21 = EDGE_CURVE('',#22,#24,#26,.T.);
#22 = VERTEX_POINT('',#23);
#23 = CARTESIAN_POINT('',(0.,0.,-0.41148));
#24 = VERTEX_POINT('',#25);
#25 = CARTESIAN_POINT('',(0.,0.,0.));
#26 = LINE('',#27,#28);
#27 = CARTESIAN_POINT('',(0.,0.,-0.41148));
#28 = VECTOR('',#29,1.);
#29 = DIRECTION('',(0.,0.,1.));
#30 = ORIENTED_EDGE('',*,*,#31,.T.);
#31 = EDGE_CURVE('',#24,#32,#34,.T.);
#32 = VERTEX_POINT('',#33);
#33 = CARTESIAN_POINT('',(0.,14.,0.));
#34 = LINE('',#35,#36);
#35 = CARTESIAN_POINT('',(0.,0.,0.));
#36 = VECTOR('',#37,1.);
#37 = DIRECTION('',(0.,1.,0.));
#38 = ORIENTED_EDGE('',*,*,#39,.F.);
#39 = EDGE_CURVE('',#40,#32,#42,.T.);
#40 = VERTEX_POINT('',#41);
#41 = CARTESIAN_POINT('',(0.,14.,-0.41148));
#42 = LINE('',#43,#44);
#43 = CARTESIAN_POINT('',(0.,14.,-0.41148));
#44 = VECTOR('',#45,1.);
#45 = DIRECTION('',(0.,0.,1.));
#46 = ORIENTED_EDGE('',*,*,#47,.F.);
#47 = EDGE_CURVE('',#22,#40,#48,.T.);
#48 = LINE('',#49,#50);
#49 = CARTESIAN_POINT('',(0.,0.,-0.41148));
#50 = VECTOR('',#51,1.);
#51 = DIRECTION('',(0.,1.,0.));
#52 = PLANE('',#53);
#53 = AXIS2_PLACEMENT_3D('',#54,#55,#56);
#54 = CARTESIAN_POINT('',(0.,0.,-0.41148));
#55 = DIRECTION('',(-1.,0.,0.));
#56 = DIRECTION('',(0.,1.,0.));
#57 = ADVANCED_FACE('',(#58),#83,.T.);
#58 = FACE_BOUND('',#59,.T.);
#59 = EDGE_LOOP('',(#60,#61,#69,#77));
#60 = ORIENTED_EDGE('',*,*,#39,.T.);
#61 = ORIENTED_EDGE('',*,*,#62,.T.);
#62 = EDGE_CURVE('',#32,#63,#65,.T.);
#63 = VERTEX_POINT('',#64);
#64 = CARTESIAN_POINT('',(16.,14.,0.));
#65 = LINE('',#66,#67);
#66 = CARTESIAN_POINT('',(0.,14.,0.));
#67 = VECTOR('',#68,1.);
#68 = DIRECTION('',(1.,0.,0.));
#69 = ORIENTED_EDGE('',*,*,#70,.F.);
#70 = EDGE_CURVE('',#71,#63,#73,.T.);
#71 = VERTEX_POINT('',#72);
#72 = CARTESIAN_POINT('',(16.,14.,-0.41148));
#73 = LINE('',#74,#75);
#74 = CARTESIAN_POINT('',(16.,14.,-0.41148));
#75 = VECTOR('',#76,1.);
#76 = DIRECTION('',(0.,0.,1.));
#77 = ORIENTED_EDGE('',*,*,#78,.F.);
#78 = EDGE_CURVE('',#40,#71,#79,.T.);
#79 = LINE('',#80,#81);
#80 = CARTESIAN_POINT('',(0.,14.,-0.41148));
#81 = VECTOR('',#82,1.);
#82 = DIRECTION('',(1.,0.,0.));
#83 = PLANE('',#84);
#84 = AXIS2_PLACEMENT_3D('',#85,#86,#87);
#85 = CARTESIAN_POINT('',(0.,14.,-0.41148));
#86 = DIRECTION('',(0.,1.,0.));
#87 = DIRECTION('',(1.,0.,0.));
#88 = ADVANCED_FACE('',(#89),#114,.T.);
#89 = FACE_BOUND('',#90,.T.);
#90 = EDGE_LOOP('',(#91,#92,#100,#108));
#91 = ORIENTED_EDGE('',*,*,#70,.T.);
#92 = ORIENTED_EDGE('',*,*,#93,.T.);
#93 = EDGE_CURVE('',#63,#94,#96,.T.);
#94 = VERTEX_POINT('',#95);
#95 = CARTESIAN_POINT('',(16.,0.,0.));
#96 = LINE('',#97,#98);
#97 = CARTESIAN_POINT('',(16.,14.,0.));
#98 = VECTOR('',#99,1.);
#99 = DIRECTION('',(0.,-1.,0.));
#100 = ORIENTED_EDGE('',*,*,#101,.F.);
#101 = EDGE_CURVE('',#102,#94,#104,.T.);
#102 = VERTEX_POINT('',#103);
#103 = CARTESIAN_POINT('',(16.,0.,-0.41148));
#104 = LINE('',#105,#106);
#105 = CARTESIAN_POINT('',(16.,0.,-0.41148));
#106 = VECTOR('',#107,1.);
#107 = DIRECTION('',(0.,0.,1.));
#108 = ORIENTED_EDGE('',*,*,#109,.F.);
#109 = EDGE_CURVE('',#71,#102,#110,.T.);
#110 = LINE('',#111,#112);
#111 = CARTESIAN_POINT('',(16.,14.,-0.41148));
#112 = VECTOR('',#113,1.);
#113 = DIRECTION('',(0.,-1.,0.));
#114 = PLANE('',#115);
#115 = AXIS2_PLACEMENT_3D('',#116,#117,#118);
#116 = CARTESIAN_POINT('',(16.,14.,-0.41148));
#117 = DIRECTION('',(1.,0.,-0.));
#118 = DIRECTION('',(0.,-1.,0.));
#119 = ADVANCED_FACE('',(#120),#136,.T.);
#120 = FACE_BOUND('',#121,.T.);
#121 = EDGE_LOOP('',(#122,#123,#129,#130));
#122 = ORIENTED_EDGE('',*,*,#101,.T.);
#123 = ORIENTED_EDGE('',*,*,#124,.T.);
#124 = EDGE_CURVE('',#94,#24,#125,.T.);
#125 = LINE('',#126,#127);
#126 = CARTESIAN_POINT('',(16.,0.,0.));
#127 = VECTOR('',#128,1.);
#128 = DIRECTION('',(-1.,0.,0.));
#129 = ORIENTED_EDGE('',*,*,#21,.F.);
#130 = ORIENTED_EDGE('',*,*,#131,.F.);
#131 = EDGE_CURVE('',#102,#22,#132,.T.);
#132 = LINE('',#133,#134);
#133 = CARTESIAN_POINT('',(16.,0.,-0.41148));
#134 = VECTOR('',#135,1.);
#135 = DIRECTION('',(-1.,0.,0.));
#136 = PLANE('',#137);
#137 = AXIS2_PLACEMENT_3D('',#138,#139,#140);
#138 = CARTESIAN_POINT('',(16.,0.,-0.41148));
#139 = DIRECTION('',(0.,-1.,0.));
#140 = DIRECTION('',(-1.,0.,0.));
#141 = ADVANCED_FACE('',(#142),#169,.F.);
#142 = FACE_BOUND('',#143,.T.);
#143 = EDGE_LOOP('',(#144,#154,#161,#162));
#144 = ORIENTED_EDGE('',*,*,#145,.T.);
#145 = EDGE_CURVE('',#146,#148,#150,.T.);
#146 = VERTEX_POINT('',#147);
#147 = CARTESIAN_POINT('',(2.45,1.75,-0.41148));
#148 = VERTEX_POINT('',#149);
#149 = CARTESIAN_POINT('',(2.45,1.75,0.));
#150 = LINE('',#151,#152);
#151 = CARTESIAN_POINT('',(2.45,1.75,-0.41148));
#152 = VECTOR('',#153,1.);
#153 = DIRECTION('',(0.,0.,1.));
#154 = ORIENTED_EDGE('',*,*,#155,.T.);
#155 = EDGE_CURVE('',#148,#148,#156,.T.);
#156 = CIRCLE('',#157,0.45);
#157 = AXIS2_PLACEMENT_3D('',#158,#159,#160);
#158 = CARTESIAN_POINT('',(2.,1.75,0.));
#159 = DIRECTION('',(0.,0.,1.));
#160 = DIRECTION('',(1.,0.,-0.));
#161 = ORIENTED_EDGE('',*,*,#145,.F.);
#162 = ORIENTED_EDGE('',*,*,#163,.F.);
#163 = EDGE_CURVE('',#146,#146,#164,.T.);
#164 = CIRCLE('',#165,0.45);
#165 = AXIS2_PLACEMENT_3D('',#166,#167,#168);
#166 = CARTESIAN_POINT('',(2.,1.75,-0.41148));
#167 = DIRECTION('',(0.,0.,1.));
#168 = DIRECTION('',(1.,0.,-0.));
#169 = CYLINDRICAL_SURFACE('',#170,0.45);
#170 = AXIS2_PLACEMENT_3D('',#171,#172,#173);
#171 = CARTESIAN_POINT('',(2.,1.75,-0.41148));
#172 = DIRECTION('',(-0.,-0.,-1.));
#173 = DIRECTION('',(1.,0.,-0.));
#174 = ADVANCED_FACE('',(#175),#202,.F.);
#175 = FACE_BOUND('',#176,.T.);
#176 = EDGE_LOOP('',(#177,#187,#194,#195));
#177 = ORIENTED_EDGE('',*,*,#178,.T.);
#178 = EDGE_CURVE('',#179,#181,#183,.T.);
#179 = VERTEX_POINT('',#180);
#180 = CARTESIAN_POINT('',(2.45,4.29,-0.41148));
#181 = VERTEX_POINT('',#182);
#182 = CARTESIAN_POINT('',(2.45,4.29,0.));
#183 = LINE('',#184,#185);
#184 = CARTESIAN_POINT('',(2.45,4.29,-0.41148));
#185 = VECTOR('',#186,1.);
#186 = DIRECTION('',(0.,0.,1.));
#187 = ORIENTED_EDGE('',*,*,#188,.T.);
#188 = EDGE_CURVE('',#181,#181,#189,.T.);
#189 = CIRCLE('',#190,0.45);
#190 = AXIS2_PLACEMENT_3D('',#191,#192,#193);
#191 = CARTESIAN_POINT('',(2.,4.29,0.));
#192 = DIRECTION('',(0.,0.,1.));
#193 = DIRECTION('',(1.,0.,-0.));
#194 = ORIENTED_EDGE('',*,*,#178,.F.);
#195 = ORIENTED_EDGE('',*,*,#196,.F.);
#196 = EDGE_CURVE('',#179,#179,#197,.T.);
#197 = CIRCLE('',#198,0.45);
#198 = AXIS2_PLACEMENT_3D('',#199,#200,#201);
#199 = CARTESIAN_POINT('',(2.,4.29,-0.41148));
#200 = DIRECTION('',(0.,0.,1.));
#201 = DIRECTION('',(1.,0.,-0.));
#202 = CYLINDRICAL_SURFACE('',#203,0.45);
#203 = AXIS2_PLACEMENT_3D('',#204,#205,#206);
#204 = CARTESIAN_POINT('',(2.,4.29,-0.41148));
#205 = DIRECTION('',(-0.,-0.,-1.));
#206 = DIRECTION('',(1.,0.,-0.));
#207 = ADVANCED_FACE('',(#208),#235,.F.);
#208 = FACE_BOUND('',#209,.T.);
#209 = EDGE_LOOP('',(#210,#220,#227,#228));
#210 = ORIENTED_EDGE('',*,*,#211,.T.);
#211 = EDGE_CURVE('',#212,#214,#216,.T.);
#212 = VERTEX_POINT('',#213);
#213 = CARTESIAN_POINT('',(2.45,6.83,-0.41148));
#214 = VERTEX_POINT('',#215);
#215 = CARTESIAN_POINT('',(2.45,6.83,0.));
#216 = LINE('',#217,#218);
#217 = CARTESIAN_POINT('',(2.45,6.83,-0.41148));
#218 = VECTOR('',#219,1.);
#219 = DIRECTION('',(0.,0.,1.));
#220 = ORIENTED_EDGE('',*,*,#221,.T.);
#221 = EDGE_CURVE('',#214,#214,#222,.T.);
#222 = CIRCLE('',#223,0.45);
#223 = AXIS2_PLACEMENT_3D('',#224,#225,#226);
#224 = CARTESIAN_POINT('',(2.,6.83,0.));
#225 = DIRECTION('',(0.,0.,1.));
#226 = DIRECTION('',(1.,0.,-0.));
#227 = ORIENTED_EDGE('',*,*,#211,.F.);
#228 = ORIENTED_EDGE('',*,*,#229,.F.);
#229 = EDGE_CURVE('',#212,#212,#230,.T.);
#230 = CIRCLE('',#231,0.45);
#231 = AXIS2_PLACEMENT_3D('',#232,#233,#234);
#232 = CARTESIAN_POINT('',(2.,6.83,-0.41148));
#233 = DIRECTION('',(0.,0.,1.));
#234 = DIRECTION('',(1.,0.,-0.));
#235 = CYLINDRICAL_SURFACE('',#236,0.45);
#236 = AXIS2_PLACEMENT_3D('',#237,#238,#239);
#237 = CARTESIAN_POINT('',(2.,6.83,-0.41148));
#238 = DIRECTION('',(-0.,-0.,-1.));
#239 = DIRECTION('',(1.,0.,-0.));
#240 = ADVANCED_FACE('',(#241),#268,.F.);
#241 = FACE_BOUND('',#242,.T.);
#242 = EDGE_LOOP('',(#243,#253,#260,#261));
#243 = ORIENTED_EDGE('',*,*,#244,.T.);
#244 = EDGE_CURVE('',#245,#247,#249,.T.);
#245 = VERTEX_POINT('',#246);
#246 = CARTESIAN_POINT('',(2.45,9.37,-0.41148));
#247 = VERTEX_POINT('',#248);
#248 = CARTESIAN_POINT('',(2.45,9.37,0.));
#249 = LINE('',#250,#251);
#250 = CARTESIAN_POINT('',(2.45,9.37,-0.41148));
#251 = VECTOR('',#252,1.);
#252 = DIRECTION('',(0.,0.,1.));
#253 = ORIENTED_EDGE('',*,*,#254,.T.);
#254 = EDGE_CURVE('',#247,#247,#255,.T.);
#255 = CIRCLE('',#256,0.45);
#256 = AXIS2_PLACEMENT_3D('',#257,#258,#259);
#257 = CARTESIAN_POINT('',(2.,9.37,0.));
#258 = DIRECTION('',(0.,0.,1.));
#259 = DIRECTION('',(1.,0.,-0.));
#260 = ORIENTED_EDGE('',*,*,#244,.F.);
#261 = ORIENTED_EDGE('',*,*,#262,.F.);
#262 = EDGE_CURVE('',#245,#245,#263,.T.);
#263 = CIRCLE('',#264,0.45);
#264 = AXIS2_PLACEMENT_3D('',#265,#266,#267);
#265 = CARTESIAN_POINT('',(2.,9.37,-0.41148));
#266 = DIRECTION('',(0.,0.,1.));
#267 = DIRECTION('',(1.,0.,-0.));
#268 = CYLINDRICAL_SURFACE('',#269,0.45);
#269 = AXIS2_PLACEMENT_3D('',#270,#271,#272);
#270 = CARTESIAN_POINT('',(2.,9.37,-0.41148));
#271 = DIRECTION('',(-0.,-0.,-1.));
#272 = DIRECTION('',(1.,0.,-0.));
#273 = ADVANCED_FACE('',(#274,#280,#283,#286,#289),#292,.T.);
#274 = FACE_BOUND('',#275,.T.);
#275 = EDGE_LOOP('',(#276,#277,#278,#279));
#276 = ORIENTED_EDGE('',*,*,#47,.T.);
#277 = ORIENTED_EDGE('',*,*,#78,.T.);
#278 = ORIENTED_EDGE('',*,*,#109,.T.);
#279 = ORIENTED_EDGE('',*,*,#131,.T.);
#280 = FACE_BOUND('',#281,.T.);
#281 = EDGE_LOOP('',(#282));
#282 = ORIENTED_EDGE('',*,*,#163,.T.);
#283 = FACE_BOUND('',#284,.T.);
#284 = EDGE_LOOP('',(#285));
#285 = ORIENTED_EDGE('',*,*,#196,.T.);
#286 = FACE_BOUND('',#287,.T.);
#287 = EDGE_LOOP('',(#288));
#288 = ORIENTED_EDGE('',*,*,#229,.T.);
#289 = FACE_BOUND('',#290,.T.);
#290 = EDGE_LOOP('',(#291));
#291 = ORIENTED_EDGE('',*,*,#262,.T.);
#292 = PLANE('',#293);
#293 = AXIS2_PLACEMENT_3D('',#294,#295,#296);
#294 = CARTESIAN_POINT('',(8.,7.,-0.41148));
#295 = DIRECTION('',(-0.,-0.,-1.));
#296 = DIRECTION('',(-1.,0.,0.));
#297 = ADVANCED_FACE('',(#298,#304,#307,#310,#313),#316,.F.);
#298 = FACE_BOUND('',#299,.F.);
#299 = EDGE_LOOP('',(#300,#301,#302,#303));
#300 = ORIENTED_EDGE('',*,*,#31,.T.);
#301 = ORIENTED_EDGE('',*,*,#62,.T.);
#302 = ORIENTED_EDGE('',*,*,#93,.T.);
#303 = ORIENTED_EDGE('',*,*,#124,.T.);
#304 = FACE_BOUND('',#305,.F.);
#305 = EDGE_LOOP('',(#306));
#306 = ORIENTED_EDGE('',*,*,#155,.T.);
#307 = FACE_BOUND('',#308,.F.);
#308 = EDGE_LOOP('',(#309));
#309 = ORIENTED_EDGE('',*,*,#188,.T.);
#310 = FACE_BOUND('',#311,.F.);
#311 = EDGE_LOOP('',(#312));
#312 = ORIENTED_EDGE('',*,*,#221,.T.);
#313 = FACE_BOUND('',#314,.F.);
#314 = EDGE_LOOP('',(#315));
#315 = ORIENTED_EDGE('',*,*,#254,.T.);
#316 = PLANE('',#317);
#317 = AXIS2_PLACEMENT_3D('',#318,#319,#320);
#318 = CARTESIAN_POINT('',(8.,7.,0.));
#319 = DIRECTION('',(-0.,-0.,-1.));
#320 = DIRECTION('',(-1.,0.,0.));
#321 = ( GEOMETRIC_REPRESENTATION_CONTEXT(3) 
GLOBAL_UNCERTAINTY_ASSIGNED_CONTEXT((#325)) GLOBAL_UNIT_ASSIGNED_CONTEXT
((#322,#323,#324)) REPRESENTATION_CONTEXT('Context #1',
  '3D Context with UNIT and UNCERTAINTY') );
#322 = ( LENGTH_UNIT() NAMED_UNIT(*) SI_UNIT(.MILLI.,.METRE.) );
#323 = ( NAMED_UNIT(*) PLANE_ANGLE_UNIT() SI_UNIT($,.RADIAN.) );
#324 = ( NAMED_UNIT(*) SI_UNIT($,.STERADIAN.) SOLID_ANGLE_UNIT() );
#325 = UNCERTAINTY_MEASURE_WITH_UNIT(LENGTH_MEASURE(1.E-07),#322,
  'distance_accuracy_value','confusion accuracy');
#326 = PRODUCT_RELATED_PRODUCT_CATEGORY('part',$,(#7));
#327 = SHAPE_DEFINITION_REPRESENTATION(#328,#334);
#328 = PRODUCT_DEFINITION_SHAPE('','',#329);
#329 = PRODUCT_DEFINITION('design','',#330,#333);
#330 = PRODUCT_DEFINITION_FORMATION('','',#331);
#331 = PRODUCT('Open CASCADE STEP translator 7.5 80',
  'Open CASCADE STEP translator 7.5 80','',(#332));
#332 = PRODUCT_CONTEXT('',#2,'mechanical');
#333 = PRODUCT_DEFINITION_CONTEXT('part definition',#2,'design');
#334 = ADVANCED_BREP_SHAPE_REPRESENTATION('',(#11,#335),#922);
#335 = MANIFOLD_SOLID_BREP('',#336);
#336 = CLOSED_SHELL('',(#337,#377,#408,#441,#472,#503,#528,#552,#574,
    #598,#616,#647,#671,#683,#700,#724,#757,#781,#798,#823,#858,#876,
    #888,#913));
#337 = ADVANCED_FACE('',(#338),#372,.T.);
#338 = FACE_BOUND('',#339,.T.);
#339 = EDGE_LOOP('',(#340,#350,#358,#366));
#340 = ORIENTED_EDGE('',*,*,#341,.F.);
#341 = EDGE_CURVE('',#342,#344,#346,.T.);
#342 = VERTEX_POINT('',#343);
#343 = CARTESIAN_POINT('',(9.762997436523,3.704998397827,0.653736126047)
  );
#344 = VERTEX_POINT('',#345);
#345 = CARTESIAN_POINT('',(9.852392017747,3.794392979051,0.106932807198)
  );
#346 = LINE('',#347,#348);
#347 = CARTESIAN_POINT('',(9.80990143904,3.751902400344,0.366836585915)
  );
#348 = VECTOR('',#349,1.);
#349 = DIRECTION('',(0.159283948592,0.159283948592,-0.974298335954));
#350 = ORIENTED_EDGE('',*,*,#351,.T.);
#351 = EDGE_CURVE('',#342,#352,#354,.T.);
#352 = VERTEX_POINT('',#353);
#353 = CARTESIAN_POINT('',(9.762997436523,8.604998397827,0.653736126047)
  );
#354 = LINE('',#355,#356);
#355 = CARTESIAN_POINT('',(9.762997436523,3.704998397827,0.653736126047)
  );
#356 = VECTOR('',#357,1.);
#357 = DIRECTION('',(0.,1.,0.));
#358 = ORIENTED_EDGE('',*,*,#359,.T.);
#359 = EDGE_CURVE('',#352,#360,#362,.T.);
#360 = VERTEX_POINT('',#361);
#361 = CARTESIAN_POINT('',(9.852392017747,8.515603816603,0.106932807198)
  );
#362 = LINE('',#363,#364);
#363 = CARTESIAN_POINT('',(9.872061310923,8.495934523427,
    -1.337912492571E-02));
#364 = VECTOR('',#365,1.);
#365 = DIRECTION('',(0.159283948592,-0.159283948592,-0.974298335954));
#366 = ORIENTED_EDGE('',*,*,#367,.F.);
#367 = EDGE_CURVE('',#344,#360,#368,.T.);
#368 = LINE('',#369,#370);
#369 = CARTESIAN_POINT('',(9.852392017747,3.801248397827,0.106932807198)
  );
#370 = VECTOR('',#371,1.);
#371 = DIRECTION('',(0.,1.,0.));
#372 = PLANE('',#373);
#373 = AXIS2_PLACEMENT_3D('',#374,#375,#376);
#374 = CARTESIAN_POINT('',(9.811122436523,3.704998397827,0.359368063023)
  );
#375 = DIRECTION('',(-0.98689825216,-1.737807452058E-18,-0.161343856047)
  );
#376 = DIRECTION('',(-1.715039137027E-18,1.,-2.803845553819E-19));
#377 = ADVANCED_FACE('',(#378),#403,.T.);
#378 = FACE_BOUND('',#379,.F.);
#379 = EDGE_LOOP('',(#380,#381,#389,#397));
#380 = ORIENTED_EDGE('',*,*,#341,.F.);
#381 = ORIENTED_EDGE('',*,*,#382,.T.);
#382 = EDGE_CURVE('',#342,#383,#385,.T.);
#383 = VERTEX_POINT('',#384);
#384 = CARTESIAN_POINT('',(13.612997436523,3.704998397827,0.653736126047
    ));
#385 = LINE('',#386,#387);
#386 = CARTESIAN_POINT('',(9.762997436523,3.704998397827,0.653736126047)
  );
#387 = VECTOR('',#388,1.);
#388 = DIRECTION('',(1.,0.,0.));
#389 = ORIENTED_EDGE('',*,*,#390,.T.);
#390 = EDGE_CURVE('',#383,#391,#393,.T.);
#391 = VERTEX_POINT('',#392);
#392 = CARTESIAN_POINT('',(13.523602855299,3.794392979051,0.106932807198
    ));
#393 = LINE('',#394,#395);
#394 = CARTESIAN_POINT('',(13.517253534669,3.800742299681,
    6.809567025441E-02));
#395 = VECTOR('',#396,1.);
#396 = DIRECTION('',(-0.159283948592,0.159283948592,-0.974298335954));
#397 = ORIENTED_EDGE('',*,*,#398,.F.);
#398 = EDGE_CURVE('',#344,#391,#399,.T.);
#399 = LINE('',#400,#401);
#400 = CARTESIAN_POINT('',(9.859247436523,3.794392979051,0.106932807198)
  );
#401 = VECTOR('',#402,1.);
#402 = DIRECTION('',(1.,0.,0.));
#403 = PLANE('',#404);
#404 = AXIS2_PLACEMENT_3D('',#405,#406,#407);
#405 = CARTESIAN_POINT('',(9.762997436523,3.753123397827,0.359368063023)
  );
#406 = DIRECTION('',(1.737807452058E-18,-0.98689825216,-0.161343856047)
  );
#407 = DIRECTION('',(-1.,-1.715039137027E-18,-2.803845553819E-19));
#408 = ADVANCED_FACE('',(#409),#436,.T.);
#409 = FACE_BOUND('',#410,.T.);
#410 = EDGE_LOOP('',(#411,#412,#421,#429));
#411 = ORIENTED_EDGE('',*,*,#367,.T.);
#412 = ORIENTED_EDGE('',*,*,#413,.T.);
#413 = EDGE_CURVE('',#360,#414,#416,.T.);
#414 = VERTEX_POINT('',#415);
#415 = CARTESIAN_POINT('',(9.901736930355,8.466258903995,6.5E-02));
#416 = ELLIPSE('',#417,7.071067811865E-02,5.E-02);
#417 = AXIS2_PLACEMENT_3D('',#418,#419,#420);
#418 = CARTESIAN_POINT('',(9.901736930355,8.466258903995,0.115));
#419 = DIRECTION('',(-0.707106781187,-0.707106781187,-0.));
#420 = DIRECTION('',(-0.707106781187,0.707106781187,0.));
#421 = ORIENTED_EDGE('',*,*,#422,.F.);
#422 = EDGE_CURVE('',#423,#414,#425,.T.);
#423 = VERTEX_POINT('',#424);
#424 = CARTESIAN_POINT('',(9.901736930355,3.843737891659,6.5E-02));
#425 = LINE('',#426,#427);
#426 = CARTESIAN_POINT('',(9.901736930355,3.801248397827,6.5E-02));
#427 = VECTOR('',#428,1.);
#428 = DIRECTION('',(0.,1.,0.));
#429 = ORIENTED_EDGE('',*,*,#430,.F.);
#430 = EDGE_CURVE('',#344,#423,#431,.T.);
#431 = ELLIPSE('',#432,7.071067811865E-02,5.E-02);
#432 = AXIS2_PLACEMENT_3D('',#433,#434,#435);
#433 = CARTESIAN_POINT('',(9.901736930355,3.843737891659,0.115));
#434 = DIRECTION('',(0.707106781187,-0.707106781187,0.));
#435 = DIRECTION('',(0.707106781187,0.707106781187,0.));
#436 = CYLINDRICAL_SURFACE('',#437,5.E-02);
#437 = AXIS2_PLACEMENT_3D('',#438,#439,#440);
#438 = CARTESIAN_POINT('',(9.901736930355,3.801248397827,0.115));
#439 = DIRECTION('',(0.,1.,0.));
#440 = DIRECTION('',(-0.98689825216,0.,-0.161343856047));
#441 = ADVANCED_FACE('',(#442),#467,.F.);
#442 = FACE_BOUND('',#443,.F.);
#443 = EDGE_LOOP('',(#444,#452,#453,#461));
#444 = ORIENTED_EDGE('',*,*,#445,.F.);
#445 = EDGE_CURVE('',#342,#446,#448,.T.);
#446 = VERTEX_POINT('',#447);
#447 = CARTESIAN_POINT('',(9.762997436523,3.704998397827,0.853736126047)
  );
#448 = LINE('',#449,#450);
#449 = CARTESIAN_POINT('',(9.762997436523,3.704998397827,6.5E-02));
#450 = VECTOR('',#451,1.);
#451 = DIRECTION('',(0.,0.,1.));
#452 = ORIENTED_EDGE('',*,*,#351,.T.);
#453 = ORIENTED_EDGE('',*,*,#454,.T.);
#454 = EDGE_CURVE('',#352,#455,#457,.T.);
#455 = VERTEX_POINT('',#456);
#456 = CARTESIAN_POINT('',(9.762997436523,8.604998397827,0.853736126047)
  );
#457 = LINE('',#458,#459);
#458 = CARTESIAN_POINT('',(9.762997436523,8.604998397827,6.5E-02));
#459 = VECTOR('',#460,1.);
#460 = DIRECTION('',(0.,0.,1.));
#461 = ORIENTED_EDGE('',*,*,#462,.F.);
#462 = EDGE_CURVE('',#446,#455,#463,.T.);
#463 = LINE('',#464,#465);
#464 = CARTESIAN_POINT('',(9.762997436523,3.704998397827,0.853736126047)
  );
#465 = VECTOR('',#466,1.);
#466 = DIRECTION('',(0.,1.,0.));
#467 = PLANE('',#468);
#468 = AXIS2_PLACEMENT_3D('',#469,#470,#471);
#469 = CARTESIAN_POINT('',(9.762997436523,3.704998397827,6.5E-02));
#470 = DIRECTION('',(1.,0.,0.));
#471 = DIRECTION('',(0.,0.,1.));
#472 = ADVANCED_FACE('',(#473),#498,.F.);
#473 = FACE_BOUND('',#474,.T.);
#474 = EDGE_LOOP('',(#475,#476,#484,#492));
#475 = ORIENTED_EDGE('',*,*,#359,.F.);
#476 = ORIENTED_EDGE('',*,*,#477,.T.);
#477 = EDGE_CURVE('',#352,#478,#480,.T.);
#478 = VERTEX_POINT('',#479);
#479 = CARTESIAN_POINT('',(13.612997436523,8.604998397827,0.653736126047
    ));
#480 = LINE('',#481,#482);
#481 = CARTESIAN_POINT('',(9.762997436523,8.604998397827,0.653736126047)
  );
#482 = VECTOR('',#483,1.);
#483 = DIRECTION('',(1.,0.,0.));
#484 = ORIENTED_EDGE('',*,*,#485,.T.);
#485 = EDGE_CURVE('',#478,#486,#488,.T.);
#486 = VERTEX_POINT('',#487);
#487 = CARTESIAN_POINT('',(13.523602855299,8.515603816603,0.106932807198
    ));
#488 = LINE('',#489,#490);
#489 = CARTESIAN_POINT('',(13.455093662785,8.447094624089,
    -0.312120040586));
#490 = VECTOR('',#491,1.);
#491 = DIRECTION('',(-0.159283948592,-0.159283948592,-0.974298335954));
#492 = ORIENTED_EDGE('',*,*,#493,.F.);
#493 = EDGE_CURVE('',#360,#486,#494,.T.);
#494 = LINE('',#495,#496);
#495 = CARTESIAN_POINT('',(9.859247436523,8.515603816603,0.106932807198)
  );
#496 = VECTOR('',#497,1.);
#497 = DIRECTION('',(1.,0.,0.));
#498 = PLANE('',#499);
#499 = AXIS2_PLACEMENT_3D('',#500,#501,#502);
#500 = CARTESIAN_POINT('',(9.762997436523,8.556873397827,0.359368063023)
  );
#501 = DIRECTION('',(-1.737807452058E-18,-0.98689825216,0.161343856047)
  );
#502 = DIRECTION('',(-1.,1.715039137027E-18,-2.803845553819E-19));
#503 = ADVANCED_FACE('',(#504),#523,.T.);
#504 = FACE_BOUND('',#505,.T.);
#505 = EDGE_LOOP('',(#506,#507,#515,#522));
#506 = ORIENTED_EDGE('',*,*,#430,.T.);
#507 = ORIENTED_EDGE('',*,*,#508,.T.);
#508 = EDGE_CURVE('',#423,#509,#511,.T.);
#509 = VERTEX_POINT('',#510);
#510 = CARTESIAN_POINT('',(13.474257942691,3.843737891659,6.5E-02));
#511 = LINE('',#512,#513);
#512 = CARTESIAN_POINT('',(9.859247436523,3.843737891659,6.5E-02));
#513 = VECTOR('',#514,1.);
#514 = DIRECTION('',(1.,0.,0.));
#515 = ORIENTED_EDGE('',*,*,#516,.F.);
#516 = EDGE_CURVE('',#391,#509,#517,.T.);
#517 = ELLIPSE('',#518,7.071067811865E-02,5.E-02);
#518 = AXIS2_PLACEMENT_3D('',#519,#520,#521);
#519 = CARTESIAN_POINT('',(13.474257942691,3.843737891659,0.115));
#520 = DIRECTION('',(0.707106781187,0.707106781187,0.));
#521 = DIRECTION('',(0.707106781187,-0.707106781187,0.));
#522 = ORIENTED_EDGE('',*,*,#398,.F.);
#523 = CYLINDRICAL_SURFACE('',#524,5.E-02);
#524 = AXIS2_PLACEMENT_3D('',#525,#526,#527);
#525 = CARTESIAN_POINT('',(9.859247436523,3.843737891659,0.115));
#526 = DIRECTION('',(1.,0.,0.));
#527 = DIRECTION('',(0.,-0.98689825216,-0.161343856047));
#528 = ADVANCED_FACE('',(#529),#547,.F.);
#529 = FACE_BOUND('',#530,.F.);
#530 = EDGE_LOOP('',(#531,#539,#540,#541));
#531 = ORIENTED_EDGE('',*,*,#532,.F.);
#532 = EDGE_CURVE('',#383,#533,#535,.T.);
#533 = VERTEX_POINT('',#534);
#534 = CARTESIAN_POINT('',(13.612997436523,3.704998397827,0.853736126047
    ));
#535 = LINE('',#536,#537);
#536 = CARTESIAN_POINT('',(13.612997436523,3.704998397827,6.5E-02));
#537 = VECTOR('',#538,1.);
#538 = DIRECTION('',(0.,0.,1.));
#539 = ORIENTED_EDGE('',*,*,#382,.F.);
#540 = ORIENTED_EDGE('',*,*,#445,.T.);
#541 = ORIENTED_EDGE('',*,*,#542,.T.);
#542 = EDGE_CURVE('',#446,#533,#543,.T.);
#543 = LINE('',#544,#545);
#544 = CARTESIAN_POINT('',(9.762997436523,3.704998397827,0.853736126047)
  );
#545 = VECTOR('',#546,1.);
#546 = DIRECTION('',(1.,0.,0.));
#547 = PLANE('',#548);
#548 = AXIS2_PLACEMENT_3D('',#549,#550,#551);
#549 = CARTESIAN_POINT('',(9.762997436523,3.704998397827,6.5E-02));
#550 = DIRECTION('',(0.,1.,0.));
#551 = DIRECTION('',(0.,0.,1.));
#552 = ADVANCED_FACE('',(#553),#569,.F.);
#553 = FACE_BOUND('',#554,.F.);
#554 = EDGE_LOOP('',(#555,#556,#562,#563));
#555 = ORIENTED_EDGE('',*,*,#390,.F.);
#556 = ORIENTED_EDGE('',*,*,#557,.T.);
#557 = EDGE_CURVE('',#383,#478,#558,.T.);
#558 = LINE('',#559,#560);
#559 = CARTESIAN_POINT('',(13.612997436523,3.704998397827,0.653736126047
    ));
#560 = VECTOR('',#561,1.);
#561 = DIRECTION('',(0.,1.,0.));
#562 = ORIENTED_EDGE('',*,*,#485,.T.);
#563 = ORIENTED_EDGE('',*,*,#564,.F.);
#564 = EDGE_CURVE('',#391,#486,#565,.T.);
#565 = LINE('',#566,#567);
#566 = CARTESIAN_POINT('',(13.523602855299,3.801248397827,0.106932807198
    ));
#567 = VECTOR('',#568,1.);
#568 = DIRECTION('',(0.,1.,0.));
#569 = PLANE('',#570);
#570 = AXIS2_PLACEMENT_3D('',#571,#572,#573);
#571 = CARTESIAN_POINT('',(13.564872436523,3.704998397827,0.359368063023
    ));
#572 = DIRECTION('',(-0.98689825216,1.737807452058E-18,0.161343856047));
#573 = DIRECTION('',(1.715039137027E-18,1.,-2.803845553819E-19));
#574 = ADVANCED_FACE('',(#575),#593,.F.);
#575 = FACE_BOUND('',#576,.F.);
#576 = EDGE_LOOP('',(#577,#578,#579,#587));
#577 = ORIENTED_EDGE('',*,*,#422,.F.);
#578 = ORIENTED_EDGE('',*,*,#508,.T.);
#579 = ORIENTED_EDGE('',*,*,#580,.T.);
#580 = EDGE_CURVE('',#509,#581,#583,.T.);
#581 = VERTEX_POINT('',#582);
#582 = CARTESIAN_POINT('',(13.474257942691,8.466258903995,6.5E-02));
#583 = LINE('',#584,#585);
#584 = CARTESIAN_POINT('',(13.474257942691,3.801248397827,6.5E-02));
#585 = VECTOR('',#586,1.);
#586 = DIRECTION('',(0.,1.,0.));
#587 = ORIENTED_EDGE('',*,*,#588,.F.);
#588 = EDGE_CURVE('',#414,#581,#589,.T.);
#589 = LINE('',#590,#591);
#590 = CARTESIAN_POINT('',(9.859247436523,8.466258903995,6.5E-02));
#591 = VECTOR('',#592,1.);
#592 = DIRECTION('',(1.,0.,0.));
#593 = PLANE('',#594);
#594 = AXIS2_PLACEMENT_3D('',#595,#596,#597);
#595 = CARTESIAN_POINT('',(9.762997436523,3.704998397827,6.5E-02));
#596 = DIRECTION('',(0.,0.,1.));
#597 = DIRECTION('',(1.,0.,0.));
#598 = ADVANCED_FACE('',(#599),#611,.T.);
#599 = FACE_BOUND('',#600,.T.);
#600 = EDGE_LOOP('',(#601,#602,#603,#610));
#601 = ORIENTED_EDGE('',*,*,#413,.F.);
#602 = ORIENTED_EDGE('',*,*,#493,.T.);
#603 = ORIENTED_EDGE('',*,*,#604,.F.);
#604 = EDGE_CURVE('',#581,#486,#605,.T.);
#605 = ELLIPSE('',#606,7.071067811865E-02,5.E-02);
#606 = AXIS2_PLACEMENT_3D('',#607,#608,#609);
#607 = CARTESIAN_POINT('',(13.474257942691,8.466258903995,0.115));
#608 = DIRECTION('',(0.707106781187,-0.707106781187,0.));
#609 = DIRECTION('',(0.707106781187,0.707106781187,0.));
#610 = ORIENTED_EDGE('',*,*,#588,.F.);
#611 = CYLINDRICAL_SURFACE('',#612,5.E-02);
#612 = AXIS2_PLACEMENT_3D('',#613,#614,#615);
#613 = CARTESIAN_POINT('',(9.859247436523,8.466258903995,0.115));
#614 = DIRECTION('',(1.,0.,0.));
#615 = DIRECTION('',(0.,0.,-1.));
#616 = ADVANCED_FACE('',(#617),#642,.F.);
#617 = FACE_BOUND('',#618,.F.);
#618 = EDGE_LOOP('',(#619,#627,#628,#636));
#619 = ORIENTED_EDGE('',*,*,#620,.F.);
#620 = EDGE_CURVE('',#446,#621,#623,.T.);
#621 = VERTEX_POINT('',#622);
#622 = CARTESIAN_POINT('',(9.852897740356,3.79489870166,1.457365410462)
  );
#623 = LINE('',#624,#625);
#624 = CARTESIAN_POINT('',(9.810100317731,3.752101279035,1.170005118085)
  );
#625 = VECTOR('',#626,1.);
#626 = DIRECTION('',(0.145735486571,0.145735486571,0.978530702588));
#627 = ORIENTED_EDGE('',*,*,#462,.T.);
#628 = ORIENTED_EDGE('',*,*,#629,.T.);
#629 = EDGE_CURVE('',#455,#630,#632,.T.);
#630 = VERTEX_POINT('',#631);
#631 = CARTESIAN_POINT('',(9.852897740356,8.515098093994,1.457365410462)
  );
#632 = LINE('',#633,#634);
#633 = CARTESIAN_POINT('',(9.862135456244,8.505860378106,1.519391405849)
  );
#634 = VECTOR('',#635,1.);
#635 = DIRECTION('',(0.145735486571,-0.145735486571,0.978530702588));
#636 = ORIENTED_EDGE('',*,*,#637,.F.);
#637 = EDGE_CURVE('',#621,#630,#638,.T.);
#638 = LINE('',#639,#640);
#639 = CARTESIAN_POINT('',(9.852897740356,3.801248397827,1.457365410462)
  );
#640 = VECTOR('',#641,1.);
#641 = DIRECTION('',(0.,1.,0.));
#642 = PLANE('',#643);
#643 = AXIS2_PLACEMENT_3D('',#644,#645,#646);
#644 = CARTESIAN_POINT('',(9.811122436523,3.704998397827,1.176868063023)
  );
#645 = DIRECTION('',(0.989090638662,0.,-0.147308209244));
#646 = DIRECTION('',(0.,1.,0.));
#647 = ADVANCED_FACE('',(#648),#666,.T.);
#648 = FACE_BOUND('',#649,.T.);
#649 = EDGE_LOOP('',(#650,#658,#659,#660));
#650 = ORIENTED_EDGE('',*,*,#651,.F.);
#651 = EDGE_CURVE('',#478,#652,#654,.T.);
#652 = VERTEX_POINT('',#653);
#653 = CARTESIAN_POINT('',(13.612997436523,8.604998397827,0.853736126047
    ));
#654 = LINE('',#655,#656);
#655 = CARTESIAN_POINT('',(13.612997436523,8.604998397827,6.5E-02));
#656 = VECTOR('',#657,1.);
#657 = DIRECTION('',(0.,0.,1.));
#658 = ORIENTED_EDGE('',*,*,#477,.F.);
#659 = ORIENTED_EDGE('',*,*,#454,.T.);
#660 = ORIENTED_EDGE('',*,*,#661,.T.);
#661 = EDGE_CURVE('',#455,#652,#662,.T.);
#662 = LINE('',#663,#664);
#663 = CARTESIAN_POINT('',(9.762997436523,8.604998397827,0.853736126047)
  );
#664 = VECTOR('',#665,1.);
#665 = DIRECTION('',(1.,0.,0.));
#666 = PLANE('',#667);
#667 = AXIS2_PLACEMENT_3D('',#668,#669,#670);
#668 = CARTESIAN_POINT('',(9.762997436523,8.604998397827,6.5E-02));
#669 = DIRECTION('',(0.,1.,0.));
#670 = DIRECTION('',(0.,0.,1.));
#671 = ADVANCED_FACE('',(#672),#678,.T.);
#672 = FACE_BOUND('',#673,.T.);
#673 = EDGE_LOOP('',(#674,#675,#676,#677));
#674 = ORIENTED_EDGE('',*,*,#580,.T.);
#675 = ORIENTED_EDGE('',*,*,#604,.T.);
#676 = ORIENTED_EDGE('',*,*,#564,.F.);
#677 = ORIENTED_EDGE('',*,*,#516,.T.);
#678 = CYLINDRICAL_SURFACE('',#679,5.E-02);
#679 = AXIS2_PLACEMENT_3D('',#680,#681,#682);
#680 = CARTESIAN_POINT('',(13.474257942691,3.801248397827,0.115));
#681 = DIRECTION('',(0.,1.,0.));
#682 = DIRECTION('',(0.,0.,-1.));
#683 = ADVANCED_FACE('',(#684),#695,.T.);
#684 = FACE_BOUND('',#685,.T.);
#685 = EDGE_LOOP('',(#686,#687,#688,#689));
#686 = ORIENTED_EDGE('',*,*,#532,.F.);
#687 = ORIENTED_EDGE('',*,*,#557,.T.);
#688 = ORIENTED_EDGE('',*,*,#651,.T.);
#689 = ORIENTED_EDGE('',*,*,#690,.F.);
#690 = EDGE_CURVE('',#533,#652,#691,.T.);
#691 = LINE('',#692,#693);
#692 = CARTESIAN_POINT('',(13.612997436523,3.704998397827,0.853736126047
    ));
#693 = VECTOR('',#694,1.);
#694 = DIRECTION('',(0.,1.,0.));
#695 = PLANE('',#696);
#696 = AXIS2_PLACEMENT_3D('',#697,#698,#699);
#697 = CARTESIAN_POINT('',(13.612997436523,3.704998397827,6.5E-02));
#698 = DIRECTION('',(1.,0.,0.));
#699 = DIRECTION('',(0.,0.,1.));
#700 = ADVANCED_FACE('',(#701),#719,.F.);
#701 = FACE_BOUND('',#702,.T.);
#702 = EDGE_LOOP('',(#703,#704,#705,#713));
#703 = ORIENTED_EDGE('',*,*,#620,.F.);
#704 = ORIENTED_EDGE('',*,*,#542,.T.);
#705 = ORIENTED_EDGE('',*,*,#706,.T.);
#706 = EDGE_CURVE('',#533,#707,#709,.T.);
#707 = VERTEX_POINT('',#708);
#708 = CARTESIAN_POINT('',(13.52309713269,3.79489870166,1.457365410462)
  );
#709 = LINE('',#710,#711);
#710 = CARTESIAN_POINT('',(13.525009803626,3.792986030724,1.444522915614
    ));
#711 = VECTOR('',#712,1.);
#712 = DIRECTION('',(-0.145735486571,0.145735486571,0.978530702588));
#713 = ORIENTED_EDGE('',*,*,#714,.F.);
#714 = EDGE_CURVE('',#621,#707,#715,.T.);
#715 = LINE('',#716,#717);
#716 = CARTESIAN_POINT('',(9.859247436523,3.79489870166,1.457365410462)
  );
#717 = VECTOR('',#718,1.);
#718 = DIRECTION('',(1.,0.,0.));
#719 = PLANE('',#720);
#720 = AXIS2_PLACEMENT_3D('',#721,#722,#723);
#721 = CARTESIAN_POINT('',(9.762997436523,3.753123397827,1.176868063023)
  );
#722 = DIRECTION('',(0.,0.989090638662,-0.147308209244));
#723 = DIRECTION('',(-1.,0.,0.));
#724 = ADVANCED_FACE('',(#725),#752,.T.);
#725 = FACE_BOUND('',#726,.T.);
#726 = EDGE_LOOP('',(#727,#736,#744,#751));
#727 = ORIENTED_EDGE('',*,*,#728,.T.);
#728 = EDGE_CURVE('',#621,#729,#731,.T.);
#729 = VERTEX_POINT('',#730);
#730 = CARTESIAN_POINT('',(9.90235227229,3.844353233594,1.5));
#731 = ELLIPSE('',#732,7.071067811865E-02,5.E-02);
#732 = AXIS2_PLACEMENT_3D('',#733,#734,#735);
#733 = CARTESIAN_POINT('',(9.90235227229,3.844353233594,1.45));
#734 = DIRECTION('',(-0.707106781187,0.707106781187,0.));
#735 = DIRECTION('',(0.707106781187,0.707106781187,0.));
#736 = ORIENTED_EDGE('',*,*,#737,.T.);
#737 = EDGE_CURVE('',#729,#738,#740,.T.);
#738 = VERTEX_POINT('',#739);
#739 = CARTESIAN_POINT('',(9.90235227229,8.46564356206,1.5));
#740 = LINE('',#741,#742);
#741 = CARTESIAN_POINT('',(9.90235227229,3.801248397827,1.5));
#742 = VECTOR('',#743,1.);
#743 = DIRECTION('',(0.,1.,0.));
#744 = ORIENTED_EDGE('',*,*,#745,.F.);
#745 = EDGE_CURVE('',#630,#738,#746,.T.);
#746 = ELLIPSE('',#747,7.071067811865E-02,5.E-02);
#747 = AXIS2_PLACEMENT_3D('',#748,#749,#750);
#748 = CARTESIAN_POINT('',(9.90235227229,8.46564356206,1.45));
#749 = DIRECTION('',(0.707106781187,0.707106781187,-0.));
#750 = DIRECTION('',(-0.707106781187,0.707106781187,0.));
#751 = ORIENTED_EDGE('',*,*,#637,.F.);
#752 = CYLINDRICAL_SURFACE('',#753,5.E-02);
#753 = AXIS2_PLACEMENT_3D('',#754,#755,#756);
#754 = CARTESIAN_POINT('',(9.90235227229,3.801248397827,1.45));
#755 = DIRECTION('',(0.,1.,0.));
#756 = DIRECTION('',(-0.989090638662,0.,0.147308209244));
#757 = ADVANCED_FACE('',(#758),#776,.T.);
#758 = FACE_BOUND('',#759,.F.);
#759 = EDGE_LOOP('',(#760,#761,#762,#770));
#760 = ORIENTED_EDGE('',*,*,#629,.F.);
#761 = ORIENTED_EDGE('',*,*,#661,.T.);
#762 = ORIENTED_EDGE('',*,*,#763,.T.);
#763 = EDGE_CURVE('',#652,#764,#766,.T.);
#764 = VERTEX_POINT('',#765);
#765 = CARTESIAN_POINT('',(13.52309713269,8.515098093994,1.457365410462)
  );
#766 = LINE('',#767,#768);
#767 = CARTESIAN_POINT('',(13.472974665113,8.464975626417,1.793909203377
    ));
#768 = VECTOR('',#769,1.);
#769 = DIRECTION('',(-0.145735486571,-0.145735486571,0.978530702588));
#770 = ORIENTED_EDGE('',*,*,#771,.F.);
#771 = EDGE_CURVE('',#630,#764,#772,.T.);
#772 = LINE('',#773,#774);
#773 = CARTESIAN_POINT('',(9.859247436523,8.515098093994,1.457365410462)
  );
#774 = VECTOR('',#775,1.);
#775 = DIRECTION('',(1.,0.,0.));
#776 = PLANE('',#777);
#777 = AXIS2_PLACEMENT_3D('',#778,#779,#780);
#778 = CARTESIAN_POINT('',(9.762997436523,8.556873397827,1.176868063023)
  );
#779 = DIRECTION('',(0.,0.989090638662,0.147308209244));
#780 = DIRECTION('',(-1.,0.,0.));
#781 = ADVANCED_FACE('',(#782),#793,.T.);
#782 = FACE_BOUND('',#783,.T.);
#783 = EDGE_LOOP('',(#784,#785,#786,#787));
#784 = ORIENTED_EDGE('',*,*,#706,.F.);
#785 = ORIENTED_EDGE('',*,*,#690,.T.);
#786 = ORIENTED_EDGE('',*,*,#763,.T.);
#787 = ORIENTED_EDGE('',*,*,#788,.F.);
#788 = EDGE_CURVE('',#707,#764,#789,.T.);
#789 = LINE('',#790,#791);
#790 = CARTESIAN_POINT('',(13.52309713269,3.801248397827,1.457365410462)
  );
#791 = VECTOR('',#792,1.);
#792 = DIRECTION('',(0.,1.,0.));
#793 = PLANE('',#794);
#794 = AXIS2_PLACEMENT_3D('',#795,#796,#797);
#795 = CARTESIAN_POINT('',(13.564872436523,3.704998397827,1.176868063023
    ));
#796 = DIRECTION('',(0.989090638662,0.,0.147308209244));
#797 = DIRECTION('',(0.,1.,0.));
#798 = ADVANCED_FACE('',(#799),#818,.T.);
#799 = FACE_BOUND('',#800,.T.);
#800 = EDGE_LOOP('',(#801,#802,#811,#817));
#801 = ORIENTED_EDGE('',*,*,#714,.T.);
#802 = ORIENTED_EDGE('',*,*,#803,.T.);
#803 = EDGE_CURVE('',#707,#804,#806,.T.);
#804 = VERTEX_POINT('',#805);
#805 = CARTESIAN_POINT('',(13.473642600756,3.844353233594,1.5));
#806 = ELLIPSE('',#807,7.071067811865E-02,5.E-02);
#807 = AXIS2_PLACEMENT_3D('',#808,#809,#810);
#808 = CARTESIAN_POINT('',(13.473642600756,3.844353233594,1.45));
#809 = DIRECTION('',(-0.707106781187,-0.707106781187,0.));
#810 = DIRECTION('',(0.707106781187,-0.707106781187,0.));
#811 = ORIENTED_EDGE('',*,*,#812,.F.);
#812 = EDGE_CURVE('',#729,#804,#813,.T.);
#813 = LINE('',#814,#815);
#814 = CARTESIAN_POINT('',(9.859247436523,3.844353233594,1.5));
#815 = VECTOR('',#816,1.);
#816 = DIRECTION('',(1.,0.,0.));
#817 = ORIENTED_EDGE('',*,*,#728,.F.);
#818 = CYLINDRICAL_SURFACE('',#819,5.E-02);
#819 = AXIS2_PLACEMENT_3D('',#820,#821,#822);
#820 = CARTESIAN_POINT('',(9.859247436523,3.844353233594,1.45));
#821 = DIRECTION('',(1.,0.,0.));
#822 = DIRECTION('',(0.,-0.989090638662,0.147308209244));
#823 = ADVANCED_FACE('',(#824,#842),#853,.T.);
#824 = FACE_BOUND('',#825,.T.);
#825 = EDGE_LOOP('',(#826,#827,#828,#836));
#826 = ORIENTED_EDGE('',*,*,#737,.F.);
#827 = ORIENTED_EDGE('',*,*,#812,.T.);
#828 = ORIENTED_EDGE('',*,*,#829,.T.);
#829 = EDGE_CURVE('',#804,#830,#832,.T.);
#830 = VERTEX_POINT('',#831);
#831 = CARTESIAN_POINT('',(13.473642600756,8.46564356206,1.5));
#832 = LINE('',#833,#834);
#833 = CARTESIAN_POINT('',(13.473642600756,3.801248397827,1.5));
#834 = VECTOR('',#835,1.);
#835 = DIRECTION('',(0.,1.,0.));
#836 = ORIENTED_EDGE('',*,*,#837,.F.);
#837 = EDGE_CURVE('',#738,#830,#838,.T.);
#838 = LINE('',#839,#840);
#839 = CARTESIAN_POINT('',(9.859247436523,8.46564356206,1.5));
#840 = VECTOR('',#841,1.);
#841 = DIRECTION('',(1.,0.,0.));
#842 = FACE_BOUND('',#843,.T.);
#843 = EDGE_LOOP('',(#844));
#844 = ORIENTED_EDGE('',*,*,#845,.F.);
#845 = EDGE_CURVE('',#846,#846,#848,.T.);
#846 = VERTEX_POINT('',#847);
#847 = CARTESIAN_POINT('',(10.631122436523,7.977498397827,1.5));
#848 = CIRCLE('',#849,0.240625);
#849 = AXIS2_PLACEMENT_3D('',#850,#851,#852);
#850 = CARTESIAN_POINT('',(10.390497436523,7.977498397827,1.5));
#851 = DIRECTION('',(0.,0.,1.));
#852 = DIRECTION('',(1.,0.,0.));
#853 = PLANE('',#854);
#854 = AXIS2_PLACEMENT_3D('',#855,#856,#857);
#855 = CARTESIAN_POINT('',(9.762997436523,3.704998397827,1.5));
#856 = DIRECTION('',(0.,0.,1.));
#857 = DIRECTION('',(1.,0.,0.));
#858 = ADVANCED_FACE('',(#859),#871,.T.);
#859 = FACE_BOUND('',#860,.T.);
#860 = EDGE_LOOP('',(#861,#862,#869,#870));
#861 = ORIENTED_EDGE('',*,*,#837,.T.);
#862 = ORIENTED_EDGE('',*,*,#863,.T.);
#863 = EDGE_CURVE('',#830,#764,#864,.T.);
#864 = ELLIPSE('',#865,7.071067811865E-02,5.E-02);
#865 = AXIS2_PLACEMENT_3D('',#866,#867,#868);
#866 = CARTESIAN_POINT('',(13.473642600756,8.46564356206,1.45));
#867 = DIRECTION('',(-0.707106781187,0.707106781187,0.));
#868 = DIRECTION('',(0.707106781187,0.707106781187,0.));
#869 = ORIENTED_EDGE('',*,*,#771,.F.);
#870 = ORIENTED_EDGE('',*,*,#745,.T.);
#871 = CYLINDRICAL_SURFACE('',#872,5.E-02);
#872 = AXIS2_PLACEMENT_3D('',#873,#874,#875);
#873 = CARTESIAN_POINT('',(9.859247436523,8.46564356206,1.45));
#874 = DIRECTION('',(1.,0.,0.));
#875 = DIRECTION('',(0.,0.,1.));
#876 = ADVANCED_FACE('',(#877),#883,.T.);
#877 = FACE_BOUND('',#878,.T.);
#878 = EDGE_LOOP('',(#879,#880,#881,#882));
#879 = ORIENTED_EDGE('',*,*,#803,.F.);
#880 = ORIENTED_EDGE('',*,*,#788,.T.);
#881 = ORIENTED_EDGE('',*,*,#863,.F.);
#882 = ORIENTED_EDGE('',*,*,#829,.F.);
#883 = CYLINDRICAL_SURFACE('',#884,5.E-02);
#884 = AXIS2_PLACEMENT_3D('',#885,#886,#887);
#885 = CARTESIAN_POINT('',(13.473642600756,3.801248397827,1.45));
#886 = DIRECTION('',(0.,1.,0.));
#887 = DIRECTION('',(0.,0.,1.));
#888 = ADVANCED_FACE('',(#889),#908,.F.);
#889 = FACE_BOUND('',#890,.F.);
#890 = EDGE_LOOP('',(#891,#900,#906,#907));
#891 = ORIENTED_EDGE('',*,*,#892,.T.);
#892 = EDGE_CURVE('',#893,#893,#895,.T.);
#893 = VERTEX_POINT('',#894);
#894 = CARTESIAN_POINT('',(10.631122436523,7.977498397827,1.35));
#895 = CIRCLE('',#896,0.240625);
#896 = AXIS2_PLACEMENT_3D('',#897,#898,#899);
#897 = CARTESIAN_POINT('',(10.390497436523,7.977498397827,1.35));
#898 = DIRECTION('',(0.,0.,1.));
#899 = DIRECTION('',(1.,0.,0.));
#900 = ORIENTED_EDGE('',*,*,#901,.T.);
#901 = EDGE_CURVE('',#893,#846,#902,.T.);
#902 = LINE('',#903,#904);
#903 = CARTESIAN_POINT('',(10.631122436523,7.977498397827,1.35));
#904 = VECTOR('',#905,1.);
#905 = DIRECTION('',(0.,0.,1.));
#906 = ORIENTED_EDGE('',*,*,#845,.F.);
#907 = ORIENTED_EDGE('',*,*,#901,.F.);
#908 = CYLINDRICAL_SURFACE('',#909,0.240625);
#909 = AXIS2_PLACEMENT_3D('',#910,#911,#912);
#910 = CARTESIAN_POINT('',(10.390497436523,7.977498397827,1.35));
#911 = DIRECTION('',(0.,0.,1.));
#912 = DIRECTION('',(1.,0.,0.));
#913 = ADVANCED_FACE('',(#914),#917,.T.);
#914 = FACE_BOUND('',#915,.T.);
#915 = EDGE_LOOP('',(#916));
#916 = ORIENTED_EDGE('',*,*,#892,.T.);
#917 = PLANE('',#918);
#918 = AXIS2_PLACEMENT_3D('',#919,#920,#921);
#919 = CARTESIAN_POINT('',(10.390497436523,7.977498397827,1.35));
#920 = DIRECTION('',(0.,0.,1.));
#921 = DIRECTION('',(1.,0.,0.));
#922 = ( GEOMETRIC_REPRESENTATION_CONTEXT(3) 
GLOBAL_UNCERTAINTY_ASSIGNED_CONTEXT((#926)) GLOBAL_UNIT_ASSIGNED_CONTEXT
((#923,#924,#925)) REPRESENTATION_CONTEXT('Context #1',
  '3D Context with UNIT and UNCERTAINTY') );
#923 = ( LENGTH_UNIT() NAMED_UNIT(*) SI_UNIT(.MILLI.,.METRE.) );
#924 = ( NAMED_UNIT(*) PLANE_ANGLE_UNIT() SI_UNIT($,.RADIAN.) );
#925 = ( NAMED_UNIT(*) SI_UNIT($,.STERADIAN.) SOLID_ANGLE_UNIT() );
#926 = UNCERTAINTY_MEASURE_WITH_UNIT(LENGTH_MEASURE(1.E-07),#923,
  'distance_accuracy_value','confusion accuracy');
#927 = PRODUCT_RELATED_PRODUCT_CATEGORY('part',$,(#331));
#928 = SHAPE_DEFINITION_REPRESENTATION(#929,#935);
#929 = PRODUCT_DEFINITION_SHAPE('','',#930);
#930 = PRODUCT_DEFINITION('design','',#931,#934);
#931 = PRODUCT_DEFINITION_FORMATION('','',#932);
#932 = PRODUCT('Open CASCADE STEP translator 7.5 81',
  'Open CASCADE STEP translator 7.5 81','',(#933));
#933 = PRODUCT_CONTEXT('',#2,'mechanical');
#934 = PRODUCT_DEFINITION_CONTEXT('part definition',#2,'design');
#935 = SHAPE_REPRESENTATION('',(#11,#936,#1323,#1710,#2097,#2484,#2871,
    #3258,#3645),#4032);
#936 = MANIFOLD_SOLID_BREP('',#937);
#937 = CLOSED_SHELL('',(#938,#978,#1068,#1093,#1117,#1192,#1209,#1226,
    #1243,#1260,#1277,#1294,#1311));
#938 = ADVANCED_FACE('',(#939),#973,.T.);
#939 = FACE_BOUND('',#940,.T.);
#940 = EDGE_LOOP('',(#941,#951,#959,#967));
#941 = ORIENTED_EDGE('',*,*,#942,.F.);
#942 = EDGE_CURVE('',#943,#945,#947,.T.);
#943 = VERTEX_POINT('',#944);
#944 = CARTESIAN_POINT('',(8.687997436523,8.259998397827,0.2));
#945 = VERTEX_POINT('',#946);
#946 = CARTESIAN_POINT('',(9.139107140276,8.259998397827,0.2));
#947 = LINE('',#948,#949);
#948 = CARTESIAN_POINT('',(8.687997436523,8.259998397827,0.2));
#949 = VECTOR('',#950,1.);
#950 = DIRECTION('',(1.,0.,0.));
#951 = ORIENTED_EDGE('',*,*,#952,.F.);
#952 = EDGE_CURVE('',#953,#943,#955,.T.);
#953 = VERTEX_POINT('',#954);
#954 = CARTESIAN_POINT('',(8.687997436523,7.859998397827,0.2));
#955 = LINE('',#956,#957);
#956 = CARTESIAN_POINT('',(8.687997436523,7.859998397827,0.2));
#957 = VECTOR('',#958,1.);
#958 = DIRECTION('',(0.,1.,0.));
#959 = ORIENTED_EDGE('',*,*,#960,.T.);
#960 = EDGE_CURVE('',#953,#961,#963,.T.);
#961 = VERTEX_POINT('',#962);
#962 = CARTESIAN_POINT('',(9.139107140276,7.859998397827,0.2));
#963 = LINE('',#964,#965);
#964 = CARTESIAN_POINT('',(8.687997436523,7.859998397827,0.2));
#965 = VECTOR('',#966,1.);
#966 = DIRECTION('',(1.,0.,0.));
#967 = ORIENTED_EDGE('',*,*,#968,.T.);
#968 = EDGE_CURVE('',#961,#945,#969,.T.);
#969 = LINE('',#970,#971);
#970 = CARTESIAN_POINT('',(9.139107140276,7.859998397827,0.2));
#971 = VECTOR('',#972,1.);
#972 = DIRECTION('',(0.,1.,0.));
#973 = PLANE('',#974);
#974 = AXIS2_PLACEMENT_3D('',#975,#976,#977);
#975 = CARTESIAN_POINT('',(8.687997436523,7.859998397827,0.2));
#976 = DIRECTION('',(0.,0.,1.));
#977 = DIRECTION('',(1.,0.,0.));
#978 = ADVANCED_FACE('',(#979),#1063,.T.);
#979 = FACE_BOUND('',#980,.T.);
#980 = EDGE_LOOP('',(#981,#991,#997,#998,#1007,#1015,#1024,#1032,#1040,
    #1048,#1056));
#981 = ORIENTED_EDGE('',*,*,#982,.F.);
#982 = EDGE_CURVE('',#983,#985,#987,.T.);
#983 = VERTEX_POINT('',#984);
#984 = CARTESIAN_POINT('',(8.687997436523,8.259998397827,0.));
#985 = VERTEX_POINT('',#986);
#986 = CARTESIAN_POINT('',(9.251700671107,8.259998397827,0.));
#987 = LINE('',#988,#989);
#988 = CARTESIAN_POINT('',(8.687997436523,8.259998397827,0.));
#989 = VECTOR('',#990,1.);
#990 = DIRECTION('',(1.,0.,0.));
#991 = ORIENTED_EDGE('',*,*,#992,.T.);
#992 = EDGE_CURVE('',#983,#943,#993,.T.);
#993 = LINE('',#994,#995);
#994 = CARTESIAN_POINT('',(8.687997436523,8.259998397827,0.));
#995 = VECTOR('',#996,1.);
#996 = DIRECTION('',(0.,0.,1.));
#997 = ORIENTED_EDGE('',*,*,#942,.T.);
#998 = ORIENTED_EDGE('',*,*,#999,.T.);
#999 = EDGE_CURVE('',#945,#1000,#1002,.T.);
#1000 = VERTEX_POINT('',#1001);
#1001 = CARTESIAN_POINT('',(9.224603947458,8.259998397827,0.248131936977
    ));
#1002 = CIRCLE('',#1003,0.1);
#1003 = AXIS2_PLACEMENT_3D('',#1004,#1005,#1006);
#1004 = CARTESIAN_POINT('',(9.139107140276,8.259998397827,0.3));
#1005 = DIRECTION('',(0.,-1.,0.));
#1006 = DIRECTION('',(0.,0.,1.));
#1007 = ORIENTED_EDGE('',*,*,#1008,.T.);
#1008 = EDGE_CURVE('',#1000,#1009,#1011,.T.);
#1009 = VERTEX_POINT('',#1010);
#1010 = CARTESIAN_POINT('',(9.562803780394,8.259998397827,0.80560418907)
  );
#1011 = LINE('',#1012,#1013);
#1012 = CARTESIAN_POINT('',(9.13700382216,8.259998397827,0.103736126047)
  );
#1013 = VECTOR('',#1014,1.);
#1014 = DIRECTION('',(0.518680630234,0.,0.854968071813));
#1015 = ORIENTED_EDGE('',*,*,#1016,.T.);
#1016 = EDGE_CURVE('',#1009,#1017,#1019,.T.);
#1017 = VERTEX_POINT('',#1018);
#1018 = CARTESIAN_POINT('',(9.648300587576,8.259998397827,0.853736126047
    ));
#1019 = CIRCLE('',#1020,0.1);
#1020 = AXIS2_PLACEMENT_3D('',#1021,#1022,#1023);
#1021 = CARTESIAN_POINT('',(9.648300587576,8.259998397827,0.753736126047
    ));
#1022 = DIRECTION('',(0.,1.,0.));
#1023 = DIRECTION('',(0.,0.,1.));
#1024 = ORIENTED_EDGE('',*,*,#1025,.T.);
#1025 = EDGE_CURVE('',#1017,#1026,#1028,.T.);
#1026 = VERTEX_POINT('',#1027);
#1027 = CARTESIAN_POINT('',(9.762997436523,8.259998397827,0.853736126047
    ));
#1028 = LINE('',#1029,#1030);
#1029 = CARTESIAN_POINT('',(9.59200382216,8.259998397827,0.853736126047)
  );
#1030 = VECTOR('',#1031,1.);
#1031 = DIRECTION('',(1.,0.,0.));
#1032 = ORIENTED_EDGE('',*,*,#1033,.F.);
#1033 = EDGE_CURVE('',#1034,#1026,#1036,.T.);
#1034 = VERTEX_POINT('',#1035);
#1035 = CARTESIAN_POINT('',(9.762997436523,8.259998397827,0.653736126047
    ));
#1036 = LINE('',#1037,#1038);
#1037 = CARTESIAN_POINT('',(9.762997436523,8.259998397827,0.653736126047
    ));
#1038 = VECTOR('',#1039,1.);
#1039 = DIRECTION('',(0.,0.,1.));
#1040 = ORIENTED_EDGE('',*,*,#1041,.F.);
#1041 = EDGE_CURVE('',#1042,#1034,#1044,.T.);
#1042 = VERTEX_POINT('',#1043);
#1043 = CARTESIAN_POINT('',(9.704597352991,8.259998397827,0.653736126047
    ));
#1044 = LINE('',#1045,#1046);
#1045 = CARTESIAN_POINT('',(9.59200382216,8.259998397827,0.653736126047)
  );
#1046 = VECTOR('',#1047,1.);
#1047 = DIRECTION('',(1.,0.,0.));
#1048 = ORIENTED_EDGE('',*,*,#1049,.F.);
#1049 = EDGE_CURVE('',#1050,#1042,#1052,.T.);
#1050 = VERTEX_POINT('',#1051);
#1051 = CARTESIAN_POINT('',(9.337197478289,8.259998397827,
    4.813193697665E-02));
#1052 = LINE('',#1053,#1054);
#1053 = CARTESIAN_POINT('',(9.307997436523,8.259998397827,0.));
#1054 = VECTOR('',#1055,1.);
#1055 = DIRECTION('',(0.518680630234,0.,0.854968071813));
#1056 = ORIENTED_EDGE('',*,*,#1057,.F.);
#1057 = EDGE_CURVE('',#985,#1050,#1058,.T.);
#1058 = CIRCLE('',#1059,0.1);
#1059 = AXIS2_PLACEMENT_3D('',#1060,#1061,#1062);
#1060 = CARTESIAN_POINT('',(9.251700671107,8.259998397827,0.1));
#1061 = DIRECTION('',(0.,-1.,0.));
#1062 = DIRECTION('',(0.,0.,1.));
#1063 = PLANE('',#1064);
#1064 = AXIS2_PLACEMENT_3D('',#1065,#1066,#1067);
#1065 = CARTESIAN_POINT('',(9.275785203383,8.259998397827,0.337541853091
    ));
#1066 = DIRECTION('',(0.,1.,0.));
#1067 = DIRECTION('',(0.,0.,1.));
#1068 = ADVANCED_FACE('',(#1069),#1088,.F.);
#1069 = FACE_BOUND('',#1070,.F.);
#1070 = EDGE_LOOP('',(#1071,#1072,#1073,#1081));
#1071 = ORIENTED_EDGE('',*,*,#968,.T.);
#1072 = ORIENTED_EDGE('',*,*,#999,.T.);
#1073 = ORIENTED_EDGE('',*,*,#1074,.F.);
#1074 = EDGE_CURVE('',#1075,#1000,#1077,.T.);
#1075 = VERTEX_POINT('',#1076);
#1076 = CARTESIAN_POINT('',(9.224603947458,7.859998397827,0.248131936977
    ));
#1077 = LINE('',#1078,#1079);
#1078 = CARTESIAN_POINT('',(9.224603947458,7.859998397827,0.248131936977
    ));
#1079 = VECTOR('',#1080,1.);
#1080 = DIRECTION('',(0.,1.,0.));
#1081 = ORIENTED_EDGE('',*,*,#1082,.F.);
#1082 = EDGE_CURVE('',#961,#1075,#1083,.T.);
#1083 = CIRCLE('',#1084,0.1);
#1084 = AXIS2_PLACEMENT_3D('',#1085,#1086,#1087);
#1085 = CARTESIAN_POINT('',(9.139107140276,7.859998397827,0.3));
#1086 = DIRECTION('',(0.,-1.,0.));
#1087 = DIRECTION('',(0.,0.,1.));
#1088 = CYLINDRICAL_SURFACE('',#1089,0.1);
#1089 = AXIS2_PLACEMENT_3D('',#1090,#1091,#1092);
#1090 = CARTESIAN_POINT('',(9.139107140276,7.859998397827,0.3));
#1091 = DIRECTION('',(0.,1.,0.));
#1092 = DIRECTION('',(0.,0.,-1.));
#1093 = ADVANCED_FACE('',(#1094),#1112,.F.);
#1094 = FACE_BOUND('',#1095,.F.);
#1095 = EDGE_LOOP('',(#1096,#1104,#1110,#1111));
#1096 = ORIENTED_EDGE('',*,*,#1097,.F.);
#1097 = EDGE_CURVE('',#1098,#953,#1100,.T.);
#1098 = VERTEX_POINT('',#1099);
#1099 = CARTESIAN_POINT('',(8.687997436523,7.859998397827,0.));
#1100 = LINE('',#1101,#1102);
#1101 = CARTESIAN_POINT('',(8.687997436523,7.859998397827,0.));
#1102 = VECTOR('',#1103,1.);
#1103 = DIRECTION('',(0.,0.,1.));
#1104 = ORIENTED_EDGE('',*,*,#1105,.T.);
#1105 = EDGE_CURVE('',#1098,#983,#1106,.T.);
#1106 = LINE('',#1107,#1108);
#1107 = CARTESIAN_POINT('',(8.687997436523,7.859998397827,0.));
#1108 = VECTOR('',#1109,1.);
#1109 = DIRECTION('',(0.,1.,0.));
#1110 = ORIENTED_EDGE('',*,*,#992,.T.);
#1111 = ORIENTED_EDGE('',*,*,#952,.F.);
#1112 = PLANE('',#1113);
#1113 = AXIS2_PLACEMENT_3D('',#1114,#1115,#1116);
#1114 = CARTESIAN_POINT('',(8.687997436523,7.859998397827,0.));
#1115 = DIRECTION('',(1.,0.,0.));
#1116 = DIRECTION('',(0.,0.,1.));
#1117 = ADVANCED_FACE('',(#1118),#1187,.T.);
#1118 = FACE_BOUND('',#1119,.T.);
#1119 = EDGE_LOOP('',(#1120,#1128,#1137,#1145,#1153,#1161,#1169,#1178,
    #1184,#1185,#1186));
#1120 = ORIENTED_EDGE('',*,*,#1121,.T.);
#1121 = EDGE_CURVE('',#1098,#1122,#1124,.T.);
#1122 = VERTEX_POINT('',#1123);
#1123 = CARTESIAN_POINT('',(9.251700671107,7.859998397827,0.));
#1124 = LINE('',#1125,#1126);
#1125 = CARTESIAN_POINT('',(8.687997436523,7.859998397827,0.));
#1126 = VECTOR('',#1127,1.);
#1127 = DIRECTION('',(1.,0.,0.));
#1128 = ORIENTED_EDGE('',*,*,#1129,.T.);
#1129 = EDGE_CURVE('',#1122,#1130,#1132,.T.);
#1130 = VERTEX_POINT('',#1131);
#1131 = CARTESIAN_POINT('',(9.337197478289,7.859998397827,
    4.813193697665E-02));
#1132 = CIRCLE('',#1133,0.1);
#1133 = AXIS2_PLACEMENT_3D('',#1134,#1135,#1136);
#1134 = CARTESIAN_POINT('',(9.251700671107,7.859998397827,0.1));
#1135 = DIRECTION('',(0.,-1.,0.));
#1136 = DIRECTION('',(0.,0.,1.));
#1137 = ORIENTED_EDGE('',*,*,#1138,.T.);
#1138 = EDGE_CURVE('',#1130,#1139,#1141,.T.);
#1139 = VERTEX_POINT('',#1140);
#1140 = CARTESIAN_POINT('',(9.704597352991,7.859998397827,0.653736126047
    ));
#1141 = LINE('',#1142,#1143);
#1142 = CARTESIAN_POINT('',(9.307997436523,7.859998397827,0.));
#1143 = VECTOR('',#1144,1.);
#1144 = DIRECTION('',(0.518680630234,0.,0.854968071813));
#1145 = ORIENTED_EDGE('',*,*,#1146,.T.);
#1146 = EDGE_CURVE('',#1139,#1147,#1149,.T.);
#1147 = VERTEX_POINT('',#1148);
#1148 = CARTESIAN_POINT('',(9.762997436523,7.859998397827,0.653736126047
    ));
#1149 = LINE('',#1150,#1151);
#1150 = CARTESIAN_POINT('',(9.59200382216,7.859998397827,0.653736126047)
  );
#1151 = VECTOR('',#1152,1.);
#1152 = DIRECTION('',(1.,0.,0.));
#1153 = ORIENTED_EDGE('',*,*,#1154,.T.);
#1154 = EDGE_CURVE('',#1147,#1155,#1157,.T.);
#1155 = VERTEX_POINT('',#1156);
#1156 = CARTESIAN_POINT('',(9.762997436523,7.859998397827,0.853736126047
    ));
#1157 = LINE('',#1158,#1159);
#1158 = CARTESIAN_POINT('',(9.762997436523,7.859998397827,0.653736126047
    ));
#1159 = VECTOR('',#1160,1.);
#1160 = DIRECTION('',(0.,0.,1.));
#1161 = ORIENTED_EDGE('',*,*,#1162,.F.);
#1162 = EDGE_CURVE('',#1163,#1155,#1165,.T.);
#1163 = VERTEX_POINT('',#1164);
#1164 = CARTESIAN_POINT('',(9.648300587576,7.859998397827,0.853736126047
    ));
#1165 = LINE('',#1166,#1167);
#1166 = CARTESIAN_POINT('',(9.59200382216,7.859998397827,0.853736126047)
  );
#1167 = VECTOR('',#1168,1.);
#1168 = DIRECTION('',(1.,0.,0.));
#1169 = ORIENTED_EDGE('',*,*,#1170,.F.);
#1170 = EDGE_CURVE('',#1171,#1163,#1173,.T.);
#1171 = VERTEX_POINT('',#1172);
#1172 = CARTESIAN_POINT('',(9.562803780394,7.859998397827,0.80560418907)
  );
#1173 = CIRCLE('',#1174,0.1);
#1174 = AXIS2_PLACEMENT_3D('',#1175,#1176,#1177);
#1175 = CARTESIAN_POINT('',(9.648300587576,7.859998397827,0.753736126047
    ));
#1176 = DIRECTION('',(0.,1.,0.));
#1177 = DIRECTION('',(0.,0.,1.));
#1178 = ORIENTED_EDGE('',*,*,#1179,.F.);
#1179 = EDGE_CURVE('',#1075,#1171,#1180,.T.);
#1180 = LINE('',#1181,#1182);
#1181 = CARTESIAN_POINT('',(9.13700382216,7.859998397827,0.103736126047)
  );
#1182 = VECTOR('',#1183,1.);
#1183 = DIRECTION('',(0.518680630234,0.,0.854968071813));
#1184 = ORIENTED_EDGE('',*,*,#1082,.F.);
#1185 = ORIENTED_EDGE('',*,*,#960,.F.);
#1186 = ORIENTED_EDGE('',*,*,#1097,.F.);
#1187 = PLANE('',#1188);
#1188 = AXIS2_PLACEMENT_3D('',#1189,#1190,#1191);
#1189 = CARTESIAN_POINT('',(9.275785203383,7.859998397827,0.337541853091
    ));
#1190 = DIRECTION('',(-1.586812807788E-29,-1.,1.426150837979E-29));
#1191 = DIRECTION('',(-1.,1.586812807788E-29,0.));
#1192 = ADVANCED_FACE('',(#1193),#1204,.F.);
#1193 = FACE_BOUND('',#1194,.F.);
#1194 = EDGE_LOOP('',(#1195,#1196,#1197,#1198));
#1195 = ORIENTED_EDGE('',*,*,#982,.F.);
#1196 = ORIENTED_EDGE('',*,*,#1105,.F.);
#1197 = ORIENTED_EDGE('',*,*,#1121,.T.);
#1198 = ORIENTED_EDGE('',*,*,#1199,.T.);
#1199 = EDGE_CURVE('',#1122,#985,#1200,.T.);
#1200 = LINE('',#1201,#1202);
#1201 = CARTESIAN_POINT('',(9.251700671107,7.859998397827,0.));
#1202 = VECTOR('',#1203,1.);
#1203 = DIRECTION('',(0.,1.,0.));
#1204 = PLANE('',#1205);
#1205 = AXIS2_PLACEMENT_3D('',#1206,#1207,#1208);
#1206 = CARTESIAN_POINT('',(8.687997436523,7.859998397827,0.));
#1207 = DIRECTION('',(0.,0.,1.));
#1208 = DIRECTION('',(1.,0.,0.));
#1209 = ADVANCED_FACE('',(#1210),#1221,.T.);
#1210 = FACE_BOUND('',#1211,.T.);
#1211 = EDGE_LOOP('',(#1212,#1213,#1214,#1220));
#1212 = ORIENTED_EDGE('',*,*,#1199,.T.);
#1213 = ORIENTED_EDGE('',*,*,#1057,.T.);
#1214 = ORIENTED_EDGE('',*,*,#1215,.F.);
#1215 = EDGE_CURVE('',#1130,#1050,#1216,.T.);
#1216 = LINE('',#1217,#1218);
#1217 = CARTESIAN_POINT('',(9.337197478289,7.859998397827,
    4.813193697665E-02));
#1218 = VECTOR('',#1219,1.);
#1219 = DIRECTION('',(0.,1.,0.));
#1220 = ORIENTED_EDGE('',*,*,#1129,.F.);
#1221 = CYLINDRICAL_SURFACE('',#1222,0.1);
#1222 = AXIS2_PLACEMENT_3D('',#1223,#1224,#1225);
#1223 = CARTESIAN_POINT('',(9.251700671107,7.859998397827,0.1));
#1224 = DIRECTION('',(0.,1.,0.));
#1225 = DIRECTION('',(0.,0.,-1.));
#1226 = ADVANCED_FACE('',(#1227),#1238,.T.);
#1227 = FACE_BOUND('',#1228,.T.);
#1228 = EDGE_LOOP('',(#1229,#1230,#1231,#1232));
#1229 = ORIENTED_EDGE('',*,*,#1138,.F.);
#1230 = ORIENTED_EDGE('',*,*,#1215,.T.);
#1231 = ORIENTED_EDGE('',*,*,#1049,.T.);
#1232 = ORIENTED_EDGE('',*,*,#1233,.F.);
#1233 = EDGE_CURVE('',#1139,#1042,#1234,.T.);
#1234 = LINE('',#1235,#1236);
#1235 = CARTESIAN_POINT('',(9.704597352991,7.859998397827,0.653736126047
    ));
#1236 = VECTOR('',#1237,1.);
#1237 = DIRECTION('',(0.,1.,0.));
#1238 = PLANE('',#1239);
#1239 = AXIS2_PLACEMENT_3D('',#1240,#1241,#1242);
#1240 = CARTESIAN_POINT('',(9.307997436523,7.859998397827,0.));
#1241 = DIRECTION('',(0.854968071813,0.,-0.518680630234));
#1242 = DIRECTION('',(0.518680630234,0.,0.854968071813));
#1243 = ADVANCED_FACE('',(#1244),#1255,.F.);
#1244 = FACE_BOUND('',#1245,.F.);
#1245 = EDGE_LOOP('',(#1246,#1247,#1248,#1249));
#1246 = ORIENTED_EDGE('',*,*,#1041,.F.);
#1247 = ORIENTED_EDGE('',*,*,#1233,.F.);
#1248 = ORIENTED_EDGE('',*,*,#1146,.T.);
#1249 = ORIENTED_EDGE('',*,*,#1250,.T.);
#1250 = EDGE_CURVE('',#1147,#1034,#1251,.T.);
#1251 = LINE('',#1252,#1253);
#1252 = CARTESIAN_POINT('',(9.762997436523,7.859998397827,0.653736126047
    ));
#1253 = VECTOR('',#1254,1.);
#1254 = DIRECTION('',(0.,1.,0.));
#1255 = PLANE('',#1256);
#1256 = AXIS2_PLACEMENT_3D('',#1257,#1258,#1259);
#1257 = CARTESIAN_POINT('',(9.59200382216,7.859998397827,0.653736126047)
  );
#1258 = DIRECTION('',(0.,0.,1.));
#1259 = DIRECTION('',(1.,0.,0.));
#1260 = ADVANCED_FACE('',(#1261),#1272,.T.);
#1261 = FACE_BOUND('',#1262,.T.);
#1262 = EDGE_LOOP('',(#1263,#1264,#1265,#1266));
#1263 = ORIENTED_EDGE('',*,*,#1154,.F.);
#1264 = ORIENTED_EDGE('',*,*,#1250,.T.);
#1265 = ORIENTED_EDGE('',*,*,#1033,.T.);
#1266 = ORIENTED_EDGE('',*,*,#1267,.F.);
#1267 = EDGE_CURVE('',#1155,#1026,#1268,.T.);
#1268 = LINE('',#1269,#1270);
#1269 = CARTESIAN_POINT('',(9.762997436523,7.859998397827,0.853736126047
    ));
#1270 = VECTOR('',#1271,1.);
#1271 = DIRECTION('',(0.,1.,0.));
#1272 = PLANE('',#1273);
#1273 = AXIS2_PLACEMENT_3D('',#1274,#1275,#1276);
#1274 = CARTESIAN_POINT('',(9.762997436523,7.859998397827,0.653736126047
    ));
#1275 = DIRECTION('',(1.,0.,0.));
#1276 = DIRECTION('',(0.,0.,1.));
#1277 = ADVANCED_FACE('',(#1278),#1289,.F.);
#1278 = FACE_BOUND('',#1279,.F.);
#1279 = EDGE_LOOP('',(#1280,#1281,#1282,#1283));
#1280 = ORIENTED_EDGE('',*,*,#1179,.F.);
#1281 = ORIENTED_EDGE('',*,*,#1074,.T.);
#1282 = ORIENTED_EDGE('',*,*,#1008,.T.);
#1283 = ORIENTED_EDGE('',*,*,#1284,.F.);
#1284 = EDGE_CURVE('',#1171,#1009,#1285,.T.);
#1285 = LINE('',#1286,#1287);
#1286 = CARTESIAN_POINT('',(9.562803780394,7.859998397827,0.80560418907)
  );
#1287 = VECTOR('',#1288,1.);
#1288 = DIRECTION('',(0.,1.,0.));
#1289 = PLANE('',#1290);
#1290 = AXIS2_PLACEMENT_3D('',#1291,#1292,#1293);
#1291 = CARTESIAN_POINT('',(9.13700382216,7.859998397827,0.103736126047)
  );
#1292 = DIRECTION('',(0.854968071813,0.,-0.518680630234));
#1293 = DIRECTION('',(0.518680630234,0.,0.854968071813));
#1294 = ADVANCED_FACE('',(#1295),#1306,.T.);
#1295 = FACE_BOUND('',#1296,.T.);
#1296 = EDGE_LOOP('',(#1297,#1298,#1299,#1300));
#1297 = ORIENTED_EDGE('',*,*,#1162,.T.);
#1298 = ORIENTED_EDGE('',*,*,#1267,.T.);
#1299 = ORIENTED_EDGE('',*,*,#1025,.F.);
#1300 = ORIENTED_EDGE('',*,*,#1301,.F.);
#1301 = EDGE_CURVE('',#1163,#1017,#1302,.T.);
#1302 = LINE('',#1303,#1304);
#1303 = CARTESIAN_POINT('',(9.648300587576,7.859998397827,0.853736126047
    ));
#1304 = VECTOR('',#1305,1.);
#1305 = DIRECTION('',(0.,1.,0.));
#1306 = PLANE('',#1307);
#1307 = AXIS2_PLACEMENT_3D('',#1308,#1309,#1310);
#1308 = CARTESIAN_POINT('',(9.59200382216,7.859998397827,0.853736126047)
  );
#1309 = DIRECTION('',(0.,0.,1.));
#1310 = DIRECTION('',(1.,0.,0.));
#1311 = ADVANCED_FACE('',(#1312),#1318,.T.);
#1312 = FACE_BOUND('',#1313,.T.);
#1313 = EDGE_LOOP('',(#1314,#1315,#1316,#1317));
#1314 = ORIENTED_EDGE('',*,*,#1170,.T.);
#1315 = ORIENTED_EDGE('',*,*,#1301,.T.);
#1316 = ORIENTED_EDGE('',*,*,#1016,.F.);
#1317 = ORIENTED_EDGE('',*,*,#1284,.F.);
#1318 = CYLINDRICAL_SURFACE('',#1319,0.1);
#1319 = AXIS2_PLACEMENT_3D('',#1320,#1321,#1322);
#1320 = CARTESIAN_POINT('',(9.648300587576,7.859998397827,0.753736126047
    ));
#1321 = DIRECTION('',(0.,1.,0.));
#1322 = DIRECTION('',(-0.854968071813,0.,0.518680630234));
#1323 = MANIFOLD_SOLID_BREP('',#1324);
#1324 = CLOSED_SHELL('',(#1325,#1365,#1455,#1480,#1504,#1579,#1596,#1613
    ,#1630,#1647,#1664,#1681,#1698));
#1325 = ADVANCED_FACE('',(#1326),#1360,.T.);
#1326 = FACE_BOUND('',#1327,.T.);
#1327 = EDGE_LOOP('',(#1328,#1338,#1346,#1354));
#1328 = ORIENTED_EDGE('',*,*,#1329,.F.);
#1329 = EDGE_CURVE('',#1330,#1332,#1334,.T.);
#1330 = VERTEX_POINT('',#1331);
#1331 = CARTESIAN_POINT('',(14.23688773277,8.259998397827,0.2));
#1332 = VERTEX_POINT('',#1333);
#1333 = CARTESIAN_POINT('',(14.687997436523,8.259998397827,0.2));
#1334 = LINE('',#1335,#1336);
#1335 = CARTESIAN_POINT('',(14.067997436523,8.259998397827,0.2));
#1336 = VECTOR('',#1337,1.);
#1337 = DIRECTION('',(1.,0.,0.));
#1338 = ORIENTED_EDGE('',*,*,#1339,.F.);
#1339 = EDGE_CURVE('',#1340,#1330,#1342,.T.);
#1340 = VERTEX_POINT('',#1341);
#1341 = CARTESIAN_POINT('',(14.23688773277,7.859998397827,0.2));
#1342 = LINE('',#1343,#1344);
#1343 = CARTESIAN_POINT('',(14.23688773277,7.859998397827,0.2));
#1344 = VECTOR('',#1345,1.);
#1345 = DIRECTION('',(0.,1.,0.));
#1346 = ORIENTED_EDGE('',*,*,#1347,.T.);
#1347 = EDGE_CURVE('',#1340,#1348,#1350,.T.);
#1348 = VERTEX_POINT('',#1349);
#1349 = CARTESIAN_POINT('',(14.687997436523,7.859998397827,0.2));
#1350 = LINE('',#1351,#1352);
#1351 = CARTESIAN_POINT('',(14.067997436523,7.859998397827,0.2));
#1352 = VECTOR('',#1353,1.);
#1353 = DIRECTION('',(1.,0.,0.));
#1354 = ORIENTED_EDGE('',*,*,#1355,.T.);
#1355 = EDGE_CURVE('',#1348,#1332,#1356,.T.);
#1356 = LINE('',#1357,#1358);
#1357 = CARTESIAN_POINT('',(14.687997436523,7.859998397827,0.2));
#1358 = VECTOR('',#1359,1.);
#1359 = DIRECTION('',(0.,1.,0.));
#1360 = PLANE('',#1361);
#1361 = AXIS2_PLACEMENT_3D('',#1362,#1363,#1364);
#1362 = CARTESIAN_POINT('',(14.067997436523,7.859998397827,0.2));
#1363 = DIRECTION('',(0.,0.,1.));
#1364 = DIRECTION('',(1.,0.,0.));
#1365 = ADVANCED_FACE('',(#1366),#1450,.T.);
#1366 = FACE_BOUND('',#1367,.T.);
#1367 = EDGE_LOOP('',(#1368,#1378,#1387,#1395,#1403,#1411,#1419,#1428,
    #1436,#1443,#1444));
#1368 = ORIENTED_EDGE('',*,*,#1369,.F.);
#1369 = EDGE_CURVE('',#1370,#1372,#1374,.T.);
#1370 = VERTEX_POINT('',#1371);
#1371 = CARTESIAN_POINT('',(14.124294201939,8.259998397827,0.));
#1372 = VERTEX_POINT('',#1373);
#1373 = CARTESIAN_POINT('',(14.687997436523,8.259998397827,0.));
#1374 = LINE('',#1375,#1376);
#1375 = CARTESIAN_POINT('',(14.067997436523,8.259998397827,0.));
#1376 = VECTOR('',#1377,1.);
#1377 = DIRECTION('',(1.,0.,0.));
#1378 = ORIENTED_EDGE('',*,*,#1379,.T.);
#1379 = EDGE_CURVE('',#1370,#1380,#1382,.T.);
#1380 = VERTEX_POINT('',#1381);
#1381 = CARTESIAN_POINT('',(14.038797394757,8.259998397827,
    4.813193697665E-02));
#1382 = CIRCLE('',#1383,0.1);
#1383 = AXIS2_PLACEMENT_3D('',#1384,#1385,#1386);
#1384 = CARTESIAN_POINT('',(14.124294201939,8.259998397827,0.1));
#1385 = DIRECTION('',(0.,1.,0.));
#1386 = DIRECTION('',(0.,0.,1.));
#1387 = ORIENTED_EDGE('',*,*,#1388,.T.);
#1388 = EDGE_CURVE('',#1380,#1389,#1391,.T.);
#1389 = VERTEX_POINT('',#1390);
#1390 = CARTESIAN_POINT('',(13.671397520055,8.259998397827,
    0.653736126047));
#1391 = LINE('',#1392,#1393);
#1392 = CARTESIAN_POINT('',(14.067997436523,8.259998397827,0.));
#1393 = VECTOR('',#1394,1.);
#1394 = DIRECTION('',(-0.518680630234,0.,0.854968071813));
#1395 = ORIENTED_EDGE('',*,*,#1396,.F.);
#1396 = EDGE_CURVE('',#1397,#1389,#1399,.T.);
#1397 = VERTEX_POINT('',#1398);
#1398 = CARTESIAN_POINT('',(13.612997436523,8.259998397827,
    0.653736126047));
#1399 = LINE('',#1400,#1401);
#1400 = CARTESIAN_POINT('',(13.612997436523,8.259998397827,
    0.653736126047));
#1401 = VECTOR('',#1402,1.);
#1402 = DIRECTION('',(1.,0.,0.));
#1403 = ORIENTED_EDGE('',*,*,#1404,.T.);
#1404 = EDGE_CURVE('',#1397,#1405,#1407,.T.);
#1405 = VERTEX_POINT('',#1406);
#1406 = CARTESIAN_POINT('',(13.612997436523,8.259998397827,
    0.853736126047));
#1407 = LINE('',#1408,#1409);
#1408 = CARTESIAN_POINT('',(13.612997436523,8.259998397827,
    0.653736126047));
#1409 = VECTOR('',#1410,1.);
#1410 = DIRECTION('',(0.,0.,1.));
#1411 = ORIENTED_EDGE('',*,*,#1412,.T.);
#1412 = EDGE_CURVE('',#1405,#1413,#1415,.T.);
#1413 = VERTEX_POINT('',#1414);
#1414 = CARTESIAN_POINT('',(13.72769428547,8.259998397827,0.853736126047
    ));
#1415 = LINE('',#1416,#1417);
#1416 = CARTESIAN_POINT('',(13.612997436523,8.259998397827,
    0.853736126047));
#1417 = VECTOR('',#1418,1.);
#1418 = DIRECTION('',(1.,0.,0.));
#1419 = ORIENTED_EDGE('',*,*,#1420,.F.);
#1420 = EDGE_CURVE('',#1421,#1413,#1423,.T.);
#1421 = VERTEX_POINT('',#1422);
#1422 = CARTESIAN_POINT('',(13.813191092652,8.259998397827,0.80560418907
    ));
#1423 = CIRCLE('',#1424,0.1);
#1424 = AXIS2_PLACEMENT_3D('',#1425,#1426,#1427);
#1425 = CARTESIAN_POINT('',(13.72769428547,8.259998397827,0.753736126047
    ));
#1426 = DIRECTION('',(0.,-1.,0.));
#1427 = DIRECTION('',(0.,0.,1.));
#1428 = ORIENTED_EDGE('',*,*,#1429,.F.);
#1429 = EDGE_CURVE('',#1430,#1421,#1432,.T.);
#1430 = VERTEX_POINT('',#1431);
#1431 = CARTESIAN_POINT('',(14.151390925588,8.259998397827,
    0.248131936977));
#1432 = LINE('',#1433,#1434);
#1433 = CARTESIAN_POINT('',(14.238991050886,8.259998397827,
    0.103736126047));
#1434 = VECTOR('',#1435,1.);
#1435 = DIRECTION('',(-0.518680630234,0.,0.854968071813));
#1436 = ORIENTED_EDGE('',*,*,#1437,.F.);
#1437 = EDGE_CURVE('',#1330,#1430,#1438,.T.);
#1438 = CIRCLE('',#1439,0.1);
#1439 = AXIS2_PLACEMENT_3D('',#1440,#1441,#1442);
#1440 = CARTESIAN_POINT('',(14.23688773277,8.259998397827,0.3));
#1441 = DIRECTION('',(0.,1.,0.));
#1442 = DIRECTION('',(0.,0.,1.));
#1443 = ORIENTED_EDGE('',*,*,#1329,.T.);
#1444 = ORIENTED_EDGE('',*,*,#1445,.F.);
#1445 = EDGE_CURVE('',#1372,#1332,#1446,.T.);
#1446 = LINE('',#1447,#1448);
#1447 = CARTESIAN_POINT('',(14.687997436523,8.259998397827,0.));
#1448 = VECTOR('',#1449,1.);
#1449 = DIRECTION('',(0.,0.,1.));
#1450 = PLANE('',#1451);
#1451 = AXIS2_PLACEMENT_3D('',#1452,#1453,#1454);
#1452 = CARTESIAN_POINT('',(14.100209669663,8.259998397827,
    0.337541853091));
#1453 = DIRECTION('',(-9.203897445679E-30,1.,-7.85752994262E-30));
#1454 = DIRECTION('',(1.,9.203897445679E-30,0.));
#1455 = ADVANCED_FACE('',(#1456),#1475,.F.);
#1456 = FACE_BOUND('',#1457,.F.);
#1457 = EDGE_LOOP('',(#1458,#1467,#1473,#1474));
#1458 = ORIENTED_EDGE('',*,*,#1459,.T.);
#1459 = EDGE_CURVE('',#1340,#1460,#1462,.T.);
#1460 = VERTEX_POINT('',#1461);
#1461 = CARTESIAN_POINT('',(14.151390925588,7.859998397827,
    0.248131936977));
#1462 = CIRCLE('',#1463,0.1);
#1463 = AXIS2_PLACEMENT_3D('',#1464,#1465,#1466);
#1464 = CARTESIAN_POINT('',(14.23688773277,7.859998397827,0.3));
#1465 = DIRECTION('',(0.,1.,0.));
#1466 = DIRECTION('',(0.,0.,1.));
#1467 = ORIENTED_EDGE('',*,*,#1468,.T.);
#1468 = EDGE_CURVE('',#1460,#1430,#1469,.T.);
#1469 = LINE('',#1470,#1471);
#1470 = CARTESIAN_POINT('',(14.151390925588,7.859998397827,
    0.248131936977));
#1471 = VECTOR('',#1472,1.);
#1472 = DIRECTION('',(0.,1.,0.));
#1473 = ORIENTED_EDGE('',*,*,#1437,.F.);
#1474 = ORIENTED_EDGE('',*,*,#1339,.F.);
#1475 = CYLINDRICAL_SURFACE('',#1476,0.1);
#1476 = AXIS2_PLACEMENT_3D('',#1477,#1478,#1479);
#1477 = CARTESIAN_POINT('',(14.23688773277,7.859998397827,0.3));
#1478 = DIRECTION('',(0.,1.,0.));
#1479 = DIRECTION('',(0.,0.,-1.));
#1480 = ADVANCED_FACE('',(#1481),#1499,.T.);
#1481 = FACE_BOUND('',#1482,.T.);
#1482 = EDGE_LOOP('',(#1483,#1491,#1497,#1498));
#1483 = ORIENTED_EDGE('',*,*,#1484,.F.);
#1484 = EDGE_CURVE('',#1485,#1348,#1487,.T.);
#1485 = VERTEX_POINT('',#1486);
#1486 = CARTESIAN_POINT('',(14.687997436523,7.859998397827,0.));
#1487 = LINE('',#1488,#1489);
#1488 = CARTESIAN_POINT('',(14.687997436523,7.859998397827,0.));
#1489 = VECTOR('',#1490,1.);
#1490 = DIRECTION('',(0.,0.,1.));
#1491 = ORIENTED_EDGE('',*,*,#1492,.T.);
#1492 = EDGE_CURVE('',#1485,#1372,#1493,.T.);
#1493 = LINE('',#1494,#1495);
#1494 = CARTESIAN_POINT('',(14.687997436523,7.859998397827,0.));
#1495 = VECTOR('',#1496,1.);
#1496 = DIRECTION('',(0.,1.,0.));
#1497 = ORIENTED_EDGE('',*,*,#1445,.T.);
#1498 = ORIENTED_EDGE('',*,*,#1355,.F.);
#1499 = PLANE('',#1500);
#1500 = AXIS2_PLACEMENT_3D('',#1501,#1502,#1503);
#1501 = CARTESIAN_POINT('',(14.687997436523,7.859998397827,0.));
#1502 = DIRECTION('',(1.,0.,0.));
#1503 = DIRECTION('',(0.,0.,1.));
#1504 = ADVANCED_FACE('',(#1505),#1574,.T.);
#1505 = FACE_BOUND('',#1506,.T.);
#1506 = EDGE_LOOP('',(#1507,#1515,#1516,#1517,#1518,#1526,#1535,#1543,
    #1551,#1559,#1567));
#1507 = ORIENTED_EDGE('',*,*,#1508,.T.);
#1508 = EDGE_CURVE('',#1509,#1485,#1511,.T.);
#1509 = VERTEX_POINT('',#1510);
#1510 = CARTESIAN_POINT('',(14.124294201939,7.859998397827,0.));
#1511 = LINE('',#1512,#1513);
#1512 = CARTESIAN_POINT('',(14.067997436523,7.859998397827,0.));
#1513 = VECTOR('',#1514,1.);
#1514 = DIRECTION('',(1.,0.,0.));
#1515 = ORIENTED_EDGE('',*,*,#1484,.T.);
#1516 = ORIENTED_EDGE('',*,*,#1347,.F.);
#1517 = ORIENTED_EDGE('',*,*,#1459,.T.);
#1518 = ORIENTED_EDGE('',*,*,#1519,.T.);
#1519 = EDGE_CURVE('',#1460,#1520,#1522,.T.);
#1520 = VERTEX_POINT('',#1521);
#1521 = CARTESIAN_POINT('',(13.813191092652,7.859998397827,0.80560418907
    ));
#1522 = LINE('',#1523,#1524);
#1523 = CARTESIAN_POINT('',(14.238991050886,7.859998397827,
    0.103736126047));
#1524 = VECTOR('',#1525,1.);
#1525 = DIRECTION('',(-0.518680630234,0.,0.854968071813));
#1526 = ORIENTED_EDGE('',*,*,#1527,.T.);
#1527 = EDGE_CURVE('',#1520,#1528,#1530,.T.);
#1528 = VERTEX_POINT('',#1529);
#1529 = CARTESIAN_POINT('',(13.72769428547,7.859998397827,0.853736126047
    ));
#1530 = CIRCLE('',#1531,0.1);
#1531 = AXIS2_PLACEMENT_3D('',#1532,#1533,#1534);
#1532 = CARTESIAN_POINT('',(13.72769428547,7.859998397827,0.753736126047
    ));
#1533 = DIRECTION('',(0.,-1.,0.));
#1534 = DIRECTION('',(0.,0.,1.));
#1535 = ORIENTED_EDGE('',*,*,#1536,.F.);
#1536 = EDGE_CURVE('',#1537,#1528,#1539,.T.);
#1537 = VERTEX_POINT('',#1538);
#1538 = CARTESIAN_POINT('',(13.612997436523,7.859998397827,
    0.853736126047));
#1539 = LINE('',#1540,#1541);
#1540 = CARTESIAN_POINT('',(13.612997436523,7.859998397827,
    0.853736126047));
#1541 = VECTOR('',#1542,1.);
#1542 = DIRECTION('',(1.,0.,0.));
#1543 = ORIENTED_EDGE('',*,*,#1544,.F.);
#1544 = EDGE_CURVE('',#1545,#1537,#1547,.T.);
#1545 = VERTEX_POINT('',#1546);
#1546 = CARTESIAN_POINT('',(13.612997436523,7.859998397827,
    0.653736126047));
#1547 = LINE('',#1548,#1549);
#1548 = CARTESIAN_POINT('',(13.612997436523,7.859998397827,
    0.653736126047));
#1549 = VECTOR('',#1550,1.);
#1550 = DIRECTION('',(0.,0.,1.));
#1551 = ORIENTED_EDGE('',*,*,#1552,.T.);
#1552 = EDGE_CURVE('',#1545,#1553,#1555,.T.);
#1553 = VERTEX_POINT('',#1554);
#1554 = CARTESIAN_POINT('',(13.671397520055,7.859998397827,
    0.653736126047));
#1555 = LINE('',#1556,#1557);
#1556 = CARTESIAN_POINT('',(13.612997436523,7.859998397827,
    0.653736126047));
#1557 = VECTOR('',#1558,1.);
#1558 = DIRECTION('',(1.,0.,0.));
#1559 = ORIENTED_EDGE('',*,*,#1560,.F.);
#1560 = EDGE_CURVE('',#1561,#1553,#1563,.T.);
#1561 = VERTEX_POINT('',#1562);
#1562 = CARTESIAN_POINT('',(14.038797394757,7.859998397827,
    4.813193697665E-02));
#1563 = LINE('',#1564,#1565);
#1564 = CARTESIAN_POINT('',(14.067997436523,7.859998397827,0.));
#1565 = VECTOR('',#1566,1.);
#1566 = DIRECTION('',(-0.518680630234,0.,0.854968071813));
#1567 = ORIENTED_EDGE('',*,*,#1568,.F.);
#1568 = EDGE_CURVE('',#1509,#1561,#1569,.T.);
#1569 = CIRCLE('',#1570,0.1);
#1570 = AXIS2_PLACEMENT_3D('',#1571,#1572,#1573);
#1571 = CARTESIAN_POINT('',(14.124294201939,7.859998397827,0.1));
#1572 = DIRECTION('',(0.,1.,0.));
#1573 = DIRECTION('',(0.,0.,1.));
#1574 = PLANE('',#1575);
#1575 = AXIS2_PLACEMENT_3D('',#1576,#1577,#1578);
#1576 = CARTESIAN_POINT('',(14.100209669663,7.859998397827,
    0.337541853091));
#1577 = DIRECTION('',(2.190042115679E-30,-1.,1.766105396248E-30));
#1578 = DIRECTION('',(-1.,-2.190042115679E-30,0.));
#1579 = ADVANCED_FACE('',(#1580),#1591,.F.);
#1580 = FACE_BOUND('',#1581,.F.);
#1581 = EDGE_LOOP('',(#1582,#1583,#1584,#1585));
#1582 = ORIENTED_EDGE('',*,*,#1508,.T.);
#1583 = ORIENTED_EDGE('',*,*,#1492,.T.);
#1584 = ORIENTED_EDGE('',*,*,#1369,.F.);
#1585 = ORIENTED_EDGE('',*,*,#1586,.F.);
#1586 = EDGE_CURVE('',#1509,#1370,#1587,.T.);
#1587 = LINE('',#1588,#1589);
#1588 = CARTESIAN_POINT('',(14.124294201939,7.859998397827,0.));
#1589 = VECTOR('',#1590,1.);
#1590 = DIRECTION('',(0.,1.,0.));
#1591 = PLANE('',#1592);
#1592 = AXIS2_PLACEMENT_3D('',#1593,#1594,#1595);
#1593 = CARTESIAN_POINT('',(14.067997436523,7.859998397827,0.));
#1594 = DIRECTION('',(0.,0.,1.));
#1595 = DIRECTION('',(1.,0.,0.));
#1596 = ADVANCED_FACE('',(#1597),#1608,.T.);
#1597 = FACE_BOUND('',#1598,.T.);
#1598 = EDGE_LOOP('',(#1599,#1600,#1606,#1607));
#1599 = ORIENTED_EDGE('',*,*,#1568,.T.);
#1600 = ORIENTED_EDGE('',*,*,#1601,.T.);
#1601 = EDGE_CURVE('',#1561,#1380,#1602,.T.);
#1602 = LINE('',#1603,#1604);
#1603 = CARTESIAN_POINT('',(14.038797394757,7.859998397827,
    4.813193697665E-02));
#1604 = VECTOR('',#1605,1.);
#1605 = DIRECTION('',(0.,1.,0.));
#1606 = ORIENTED_EDGE('',*,*,#1379,.F.);
#1607 = ORIENTED_EDGE('',*,*,#1586,.F.);
#1608 = CYLINDRICAL_SURFACE('',#1609,0.1);
#1609 = AXIS2_PLACEMENT_3D('',#1610,#1611,#1612);
#1610 = CARTESIAN_POINT('',(14.124294201939,7.859998397827,0.1));
#1611 = DIRECTION('',(0.,1.,0.));
#1612 = DIRECTION('',(0.,0.,-1.));
#1613 = ADVANCED_FACE('',(#1614),#1625,.F.);
#1614 = FACE_BOUND('',#1615,.F.);
#1615 = EDGE_LOOP('',(#1616,#1617,#1618,#1619));
#1616 = ORIENTED_EDGE('',*,*,#1560,.F.);
#1617 = ORIENTED_EDGE('',*,*,#1601,.T.);
#1618 = ORIENTED_EDGE('',*,*,#1388,.T.);
#1619 = ORIENTED_EDGE('',*,*,#1620,.F.);
#1620 = EDGE_CURVE('',#1553,#1389,#1621,.T.);
#1621 = LINE('',#1622,#1623);
#1622 = CARTESIAN_POINT('',(13.671397520055,7.859998397827,
    0.653736126047));
#1623 = VECTOR('',#1624,1.);
#1624 = DIRECTION('',(0.,1.,0.));
#1625 = PLANE('',#1626);
#1626 = AXIS2_PLACEMENT_3D('',#1627,#1628,#1629);
#1627 = CARTESIAN_POINT('',(14.067997436523,7.859998397827,0.));
#1628 = DIRECTION('',(0.854968071813,0.,0.518680630234));
#1629 = DIRECTION('',(-0.518680630234,0.,0.854968071813));
#1630 = ADVANCED_FACE('',(#1631),#1642,.F.);
#1631 = FACE_BOUND('',#1632,.F.);
#1632 = EDGE_LOOP('',(#1633,#1634,#1640,#1641));
#1633 = ORIENTED_EDGE('',*,*,#1396,.F.);
#1634 = ORIENTED_EDGE('',*,*,#1635,.F.);
#1635 = EDGE_CURVE('',#1545,#1397,#1636,.T.);
#1636 = LINE('',#1637,#1638);
#1637 = CARTESIAN_POINT('',(13.612997436523,7.859998397827,
    0.653736126047));
#1638 = VECTOR('',#1639,1.);
#1639 = DIRECTION('',(0.,1.,0.));
#1640 = ORIENTED_EDGE('',*,*,#1552,.T.);
#1641 = ORIENTED_EDGE('',*,*,#1620,.T.);
#1642 = PLANE('',#1643);
#1643 = AXIS2_PLACEMENT_3D('',#1644,#1645,#1646);
#1644 = CARTESIAN_POINT('',(13.612997436523,7.859998397827,
    0.653736126047));
#1645 = DIRECTION('',(0.,0.,1.));
#1646 = DIRECTION('',(1.,0.,0.));
#1647 = ADVANCED_FACE('',(#1648),#1659,.F.);
#1648 = FACE_BOUND('',#1649,.T.);
#1649 = EDGE_LOOP('',(#1650,#1651,#1657,#1658));
#1650 = ORIENTED_EDGE('',*,*,#1544,.T.);
#1651 = ORIENTED_EDGE('',*,*,#1652,.T.);
#1652 = EDGE_CURVE('',#1537,#1405,#1653,.T.);
#1653 = LINE('',#1654,#1655);
#1654 = CARTESIAN_POINT('',(13.612997436523,7.859998397827,
    0.853736126047));
#1655 = VECTOR('',#1656,1.);
#1656 = DIRECTION('',(0.,1.,0.));
#1657 = ORIENTED_EDGE('',*,*,#1404,.F.);
#1658 = ORIENTED_EDGE('',*,*,#1635,.F.);
#1659 = PLANE('',#1660);
#1660 = AXIS2_PLACEMENT_3D('',#1661,#1662,#1663);
#1661 = CARTESIAN_POINT('',(13.612997436523,7.859998397827,
    0.653736126047));
#1662 = DIRECTION('',(1.,0.,0.));
#1663 = DIRECTION('',(0.,0.,1.));
#1664 = ADVANCED_FACE('',(#1665),#1676,.T.);
#1665 = FACE_BOUND('',#1666,.T.);
#1666 = EDGE_LOOP('',(#1667,#1668,#1669,#1670));
#1667 = ORIENTED_EDGE('',*,*,#1519,.F.);
#1668 = ORIENTED_EDGE('',*,*,#1468,.T.);
#1669 = ORIENTED_EDGE('',*,*,#1429,.T.);
#1670 = ORIENTED_EDGE('',*,*,#1671,.F.);
#1671 = EDGE_CURVE('',#1520,#1421,#1672,.T.);
#1672 = LINE('',#1673,#1674);
#1673 = CARTESIAN_POINT('',(13.813191092652,7.859998397827,0.80560418907
    ));
#1674 = VECTOR('',#1675,1.);
#1675 = DIRECTION('',(0.,1.,0.));
#1676 = PLANE('',#1677);
#1677 = AXIS2_PLACEMENT_3D('',#1678,#1679,#1680);
#1678 = CARTESIAN_POINT('',(14.238991050886,7.859998397827,
    0.103736126047));
#1679 = DIRECTION('',(0.854968071813,0.,0.518680630234));
#1680 = DIRECTION('',(-0.518680630234,0.,0.854968071813));
#1681 = ADVANCED_FACE('',(#1682),#1693,.T.);
#1682 = FACE_BOUND('',#1683,.T.);
#1683 = EDGE_LOOP('',(#1684,#1685,#1686,#1687));
#1684 = ORIENTED_EDGE('',*,*,#1412,.F.);
#1685 = ORIENTED_EDGE('',*,*,#1652,.F.);
#1686 = ORIENTED_EDGE('',*,*,#1536,.T.);
#1687 = ORIENTED_EDGE('',*,*,#1688,.T.);
#1688 = EDGE_CURVE('',#1528,#1413,#1689,.T.);
#1689 = LINE('',#1690,#1691);
#1690 = CARTESIAN_POINT('',(13.72769428547,7.859998397827,0.853736126047
    ));
#1691 = VECTOR('',#1692,1.);
#1692 = DIRECTION('',(0.,1.,0.));
#1693 = PLANE('',#1694);
#1694 = AXIS2_PLACEMENT_3D('',#1695,#1696,#1697);
#1695 = CARTESIAN_POINT('',(13.612997436523,7.859998397827,
    0.853736126047));
#1696 = DIRECTION('',(0.,0.,1.));
#1697 = DIRECTION('',(1.,0.,0.));
#1698 = ADVANCED_FACE('',(#1699),#1705,.T.);
#1699 = FACE_BOUND('',#1700,.T.);
#1700 = EDGE_LOOP('',(#1701,#1702,#1703,#1704));
#1701 = ORIENTED_EDGE('',*,*,#1671,.T.);
#1702 = ORIENTED_EDGE('',*,*,#1420,.T.);
#1703 = ORIENTED_EDGE('',*,*,#1688,.F.);
#1704 = ORIENTED_EDGE('',*,*,#1527,.F.);
#1705 = CYLINDRICAL_SURFACE('',#1706,0.1);
#1706 = AXIS2_PLACEMENT_3D('',#1707,#1708,#1709);
#1707 = CARTESIAN_POINT('',(13.72769428547,7.859998397827,0.753736126047
    ));
#1708 = DIRECTION('',(0.,1.,0.));
#1709 = DIRECTION('',(0.854968071813,0.,0.518680630234));
#1710 = MANIFOLD_SOLID_BREP('',#1711);
#1711 = CLOSED_SHELL('',(#1712,#1752,#1842,#1867,#1891,#1966,#1983,#2000
    ,#2017,#2034,#2051,#2068,#2085));
#1712 = ADVANCED_FACE('',(#1713),#1747,.T.);
#1713 = FACE_BOUND('',#1714,.T.);
#1714 = EDGE_LOOP('',(#1715,#1725,#1733,#1741));
#1715 = ORIENTED_EDGE('',*,*,#1716,.F.);
#1716 = EDGE_CURVE('',#1717,#1719,#1721,.T.);
#1717 = VERTEX_POINT('',#1718);
#1718 = CARTESIAN_POINT('',(8.687997436523,6.989998397827,0.2));
#1719 = VERTEX_POINT('',#1720);
#1720 = CARTESIAN_POINT('',(9.139107140276,6.989998397827,0.2));
#1721 = LINE('',#1722,#1723);
#1722 = CARTESIAN_POINT('',(8.687997436523,6.989998397827,0.2));
#1723 = VECTOR('',#1724,1.);
#1724 = DIRECTION('',(1.,0.,0.));
#1725 = ORIENTED_EDGE('',*,*,#1726,.F.);
#1726 = EDGE_CURVE('',#1727,#1717,#1729,.T.);
#1727 = VERTEX_POINT('',#1728);
#1728 = CARTESIAN_POINT('',(8.687997436523,6.589998397827,0.2));
#1729 = LINE('',#1730,#1731);
#1730 = CARTESIAN_POINT('',(8.687997436523,6.589998397827,0.2));
#1731 = VECTOR('',#1732,1.);
#1732 = DIRECTION('',(0.,1.,0.));
#1733 = ORIENTED_EDGE('',*,*,#1734,.T.);
#1734 = EDGE_CURVE('',#1727,#1735,#1737,.T.);
#1735 = VERTEX_POINT('',#1736);
#1736 = CARTESIAN_POINT('',(9.139107140276,6.589998397827,0.2));
#1737 = LINE('',#1738,#1739);
#1738 = CARTESIAN_POINT('',(8.687997436523,6.589998397827,0.2));
#1739 = VECTOR('',#1740,1.);
#1740 = DIRECTION('',(1.,0.,0.));
#1741 = ORIENTED_EDGE('',*,*,#1742,.T.);
#1742 = EDGE_CURVE('',#1735,#1719,#1743,.T.);
#1743 = LINE('',#1744,#1745);
#1744 = CARTESIAN_POINT('',(9.139107140276,6.589998397827,0.2));
#1745 = VECTOR('',#1746,1.);
#1746 = DIRECTION('',(0.,1.,0.));
#1747 = PLANE('',#1748);
#1748 = AXIS2_PLACEMENT_3D('',#1749,#1750,#1751);
#1749 = CARTESIAN_POINT('',(8.687997436523,6.589998397827,0.2));
#1750 = DIRECTION('',(0.,0.,1.));
#1751 = DIRECTION('',(1.,0.,0.));
#1752 = ADVANCED_FACE('',(#1753),#1837,.T.);
#1753 = FACE_BOUND('',#1754,.T.);
#1754 = EDGE_LOOP('',(#1755,#1765,#1771,#1772,#1781,#1789,#1798,#1806,
    #1814,#1822,#1830));
#1755 = ORIENTED_EDGE('',*,*,#1756,.F.);
#1756 = EDGE_CURVE('',#1757,#1759,#1761,.T.);
#1757 = VERTEX_POINT('',#1758);
#1758 = CARTESIAN_POINT('',(8.687997436523,6.989998397827,0.));
#1759 = VERTEX_POINT('',#1760);
#1760 = CARTESIAN_POINT('',(9.251700671107,6.989998397827,0.));
#1761 = LINE('',#1762,#1763);
#1762 = CARTESIAN_POINT('',(8.687997436523,6.989998397827,0.));
#1763 = VECTOR('',#1764,1.);
#1764 = DIRECTION('',(1.,0.,0.));
#1765 = ORIENTED_EDGE('',*,*,#1766,.T.);
#1766 = EDGE_CURVE('',#1757,#1717,#1767,.T.);
#1767 = LINE('',#1768,#1769);
#1768 = CARTESIAN_POINT('',(8.687997436523,6.989998397827,0.));
#1769 = VECTOR('',#1770,1.);
#1770 = DIRECTION('',(0.,0.,1.));
#1771 = ORIENTED_EDGE('',*,*,#1716,.T.);
#1772 = ORIENTED_EDGE('',*,*,#1773,.T.);
#1773 = EDGE_CURVE('',#1719,#1774,#1776,.T.);
#1774 = VERTEX_POINT('',#1775);
#1775 = CARTESIAN_POINT('',(9.224603947458,6.989998397827,0.248131936977
    ));
#1776 = CIRCLE('',#1777,0.1);
#1777 = AXIS2_PLACEMENT_3D('',#1778,#1779,#1780);
#1778 = CARTESIAN_POINT('',(9.139107140276,6.989998397827,0.3));
#1779 = DIRECTION('',(0.,-1.,0.));
#1780 = DIRECTION('',(0.,0.,1.));
#1781 = ORIENTED_EDGE('',*,*,#1782,.T.);
#1782 = EDGE_CURVE('',#1774,#1783,#1785,.T.);
#1783 = VERTEX_POINT('',#1784);
#1784 = CARTESIAN_POINT('',(9.562803780394,6.989998397827,0.80560418907)
  );
#1785 = LINE('',#1786,#1787);
#1786 = CARTESIAN_POINT('',(9.13700382216,6.989998397827,0.103736126047)
  );
#1787 = VECTOR('',#1788,1.);
#1788 = DIRECTION('',(0.518680630234,0.,0.854968071813));
#1789 = ORIENTED_EDGE('',*,*,#1790,.T.);
#1790 = EDGE_CURVE('',#1783,#1791,#1793,.T.);
#1791 = VERTEX_POINT('',#1792);
#1792 = CARTESIAN_POINT('',(9.648300587576,6.989998397827,0.853736126047
    ));
#1793 = CIRCLE('',#1794,0.1);
#1794 = AXIS2_PLACEMENT_3D('',#1795,#1796,#1797);
#1795 = CARTESIAN_POINT('',(9.648300587576,6.989998397827,0.753736126047
    ));
#1796 = DIRECTION('',(0.,1.,0.));
#1797 = DIRECTION('',(0.,0.,1.));
#1798 = ORIENTED_EDGE('',*,*,#1799,.T.);
#1799 = EDGE_CURVE('',#1791,#1800,#1802,.T.);
#1800 = VERTEX_POINT('',#1801);
#1801 = CARTESIAN_POINT('',(9.762997436523,6.989998397827,0.853736126047
    ));
#1802 = LINE('',#1803,#1804);
#1803 = CARTESIAN_POINT('',(9.59200382216,6.989998397827,0.853736126047)
  );
#1804 = VECTOR('',#1805,1.);
#1805 = DIRECTION('',(1.,0.,0.));
#1806 = ORIENTED_EDGE('',*,*,#1807,.F.);
#1807 = EDGE_CURVE('',#1808,#1800,#1810,.T.);
#1808 = VERTEX_POINT('',#1809);
#1809 = CARTESIAN_POINT('',(9.762997436523,6.989998397827,0.653736126047
    ));
#1810 = LINE('',#1811,#1812);
#1811 = CARTESIAN_POINT('',(9.762997436523,6.989998397827,0.653736126047
    ));
#1812 = VECTOR('',#1813,1.);
#1813 = DIRECTION('',(0.,0.,1.));
#1814 = ORIENTED_EDGE('',*,*,#1815,.F.);
#1815 = EDGE_CURVE('',#1816,#1808,#1818,.T.);
#1816 = VERTEX_POINT('',#1817);
#1817 = CARTESIAN_POINT('',(9.704597352991,6.989998397827,0.653736126047
    ));
#1818 = LINE('',#1819,#1820);
#1819 = CARTESIAN_POINT('',(9.59200382216,6.989998397827,0.653736126047)
  );
#1820 = VECTOR('',#1821,1.);
#1821 = DIRECTION('',(1.,0.,0.));
#1822 = ORIENTED_EDGE('',*,*,#1823,.F.);
#1823 = EDGE_CURVE('',#1824,#1816,#1826,.T.);
#1824 = VERTEX_POINT('',#1825);
#1825 = CARTESIAN_POINT('',(9.337197478289,6.989998397827,
    4.813193697665E-02));
#1826 = LINE('',#1827,#1828);
#1827 = CARTESIAN_POINT('',(9.307997436523,6.989998397827,0.));
#1828 = VECTOR('',#1829,1.);
#1829 = DIRECTION('',(0.518680630234,0.,0.854968071813));
#1830 = ORIENTED_EDGE('',*,*,#1831,.F.);
#1831 = EDGE_CURVE('',#1759,#1824,#1832,.T.);
#1832 = CIRCLE('',#1833,0.1);
#1833 = AXIS2_PLACEMENT_3D('',#1834,#1835,#1836);
#1834 = CARTESIAN_POINT('',(9.251700671107,6.989998397827,0.1));
#1835 = DIRECTION('',(0.,-1.,0.));
#1836 = DIRECTION('',(0.,0.,1.));
#1837 = PLANE('',#1838);
#1838 = AXIS2_PLACEMENT_3D('',#1839,#1840,#1841);
#1839 = CARTESIAN_POINT('',(9.275785203383,6.989998397827,0.337541853091
    ));
#1840 = DIRECTION('',(0.,1.,0.));
#1841 = DIRECTION('',(0.,0.,1.));
#1842 = ADVANCED_FACE('',(#1843),#1862,.F.);
#1843 = FACE_BOUND('',#1844,.F.);
#1844 = EDGE_LOOP('',(#1845,#1846,#1847,#1855));
#1845 = ORIENTED_EDGE('',*,*,#1742,.T.);
#1846 = ORIENTED_EDGE('',*,*,#1773,.T.);
#1847 = ORIENTED_EDGE('',*,*,#1848,.F.);
#1848 = EDGE_CURVE('',#1849,#1774,#1851,.T.);
#1849 = VERTEX_POINT('',#1850);
#1850 = CARTESIAN_POINT('',(9.224603947458,6.589998397827,0.248131936977
    ));
#1851 = LINE('',#1852,#1853);
#1852 = CARTESIAN_POINT('',(9.224603947458,6.589998397827,0.248131936977
    ));
#1853 = VECTOR('',#1854,1.);
#1854 = DIRECTION('',(0.,1.,0.));
#1855 = ORIENTED_EDGE('',*,*,#1856,.F.);
#1856 = EDGE_CURVE('',#1735,#1849,#1857,.T.);
#1857 = CIRCLE('',#1858,0.1);
#1858 = AXIS2_PLACEMENT_3D('',#1859,#1860,#1861);
#1859 = CARTESIAN_POINT('',(9.139107140276,6.589998397827,0.3));
#1860 = DIRECTION('',(0.,-1.,0.));
#1861 = DIRECTION('',(0.,0.,1.));
#1862 = CYLINDRICAL_SURFACE('',#1863,0.1);
#1863 = AXIS2_PLACEMENT_3D('',#1864,#1865,#1866);
#1864 = CARTESIAN_POINT('',(9.139107140276,6.589998397827,0.3));
#1865 = DIRECTION('',(0.,1.,0.));
#1866 = DIRECTION('',(0.,0.,-1.));
#1867 = ADVANCED_FACE('',(#1868),#1886,.F.);
#1868 = FACE_BOUND('',#1869,.F.);
#1869 = EDGE_LOOP('',(#1870,#1878,#1884,#1885));
#1870 = ORIENTED_EDGE('',*,*,#1871,.F.);
#1871 = EDGE_CURVE('',#1872,#1727,#1874,.T.);
#1872 = VERTEX_POINT('',#1873);
#1873 = CARTESIAN_POINT('',(8.687997436523,6.589998397827,0.));
#1874 = LINE('',#1875,#1876);
#1875 = CARTESIAN_POINT('',(8.687997436523,6.589998397827,0.));
#1876 = VECTOR('',#1877,1.);
#1877 = DIRECTION('',(0.,0.,1.));
#1878 = ORIENTED_EDGE('',*,*,#1879,.T.);
#1879 = EDGE_CURVE('',#1872,#1757,#1880,.T.);
#1880 = LINE('',#1881,#1882);
#1881 = CARTESIAN_POINT('',(8.687997436523,6.589998397827,0.));
#1882 = VECTOR('',#1883,1.);
#1883 = DIRECTION('',(0.,1.,0.));
#1884 = ORIENTED_EDGE('',*,*,#1766,.T.);
#1885 = ORIENTED_EDGE('',*,*,#1726,.F.);
#1886 = PLANE('',#1887);
#1887 = AXIS2_PLACEMENT_3D('',#1888,#1889,#1890);
#1888 = CARTESIAN_POINT('',(8.687997436523,6.589998397827,0.));
#1889 = DIRECTION('',(1.,0.,0.));
#1890 = DIRECTION('',(0.,0.,1.));
#1891 = ADVANCED_FACE('',(#1892),#1961,.T.);
#1892 = FACE_BOUND('',#1893,.T.);
#1893 = EDGE_LOOP('',(#1894,#1902,#1911,#1919,#1927,#1935,#1943,#1952,
    #1958,#1959,#1960));
#1894 = ORIENTED_EDGE('',*,*,#1895,.T.);
#1895 = EDGE_CURVE('',#1872,#1896,#1898,.T.);
#1896 = VERTEX_POINT('',#1897);
#1897 = CARTESIAN_POINT('',(9.251700671107,6.589998397827,0.));
#1898 = LINE('',#1899,#1900);
#1899 = CARTESIAN_POINT('',(8.687997436523,6.589998397827,0.));
#1900 = VECTOR('',#1901,1.);
#1901 = DIRECTION('',(1.,0.,0.));
#1902 = ORIENTED_EDGE('',*,*,#1903,.T.);
#1903 = EDGE_CURVE('',#1896,#1904,#1906,.T.);
#1904 = VERTEX_POINT('',#1905);
#1905 = CARTESIAN_POINT('',(9.337197478289,6.589998397827,
    4.813193697665E-02));
#1906 = CIRCLE('',#1907,0.1);
#1907 = AXIS2_PLACEMENT_3D('',#1908,#1909,#1910);
#1908 = CARTESIAN_POINT('',(9.251700671107,6.589998397827,0.1));
#1909 = DIRECTION('',(0.,-1.,0.));
#1910 = DIRECTION('',(0.,0.,1.));
#1911 = ORIENTED_EDGE('',*,*,#1912,.T.);
#1912 = EDGE_CURVE('',#1904,#1913,#1915,.T.);
#1913 = VERTEX_POINT('',#1914);
#1914 = CARTESIAN_POINT('',(9.704597352991,6.589998397827,0.653736126047
    ));
#1915 = LINE('',#1916,#1917);
#1916 = CARTESIAN_POINT('',(9.307997436523,6.589998397827,0.));
#1917 = VECTOR('',#1918,1.);
#1918 = DIRECTION('',(0.518680630234,0.,0.854968071813));
#1919 = ORIENTED_EDGE('',*,*,#1920,.T.);
#1920 = EDGE_CURVE('',#1913,#1921,#1923,.T.);
#1921 = VERTEX_POINT('',#1922);
#1922 = CARTESIAN_POINT('',(9.762997436523,6.589998397827,0.653736126047
    ));
#1923 = LINE('',#1924,#1925);
#1924 = CARTESIAN_POINT('',(9.59200382216,6.589998397827,0.653736126047)
  );
#1925 = VECTOR('',#1926,1.);
#1926 = DIRECTION('',(1.,0.,0.));
#1927 = ORIENTED_EDGE('',*,*,#1928,.T.);
#1928 = EDGE_CURVE('',#1921,#1929,#1931,.T.);
#1929 = VERTEX_POINT('',#1930);
#1930 = CARTESIAN_POINT('',(9.762997436523,6.589998397827,0.853736126047
    ));
#1931 = LINE('',#1932,#1933);
#1932 = CARTESIAN_POINT('',(9.762997436523,6.589998397827,0.653736126047
    ));
#1933 = VECTOR('',#1934,1.);
#1934 = DIRECTION('',(0.,0.,1.));
#1935 = ORIENTED_EDGE('',*,*,#1936,.F.);
#1936 = EDGE_CURVE('',#1937,#1929,#1939,.T.);
#1937 = VERTEX_POINT('',#1938);
#1938 = CARTESIAN_POINT('',(9.648300587576,6.589998397827,0.853736126047
    ));
#1939 = LINE('',#1940,#1941);
#1940 = CARTESIAN_POINT('',(9.59200382216,6.589998397827,0.853736126047)
  );
#1941 = VECTOR('',#1942,1.);
#1942 = DIRECTION('',(1.,0.,0.));
#1943 = ORIENTED_EDGE('',*,*,#1944,.F.);
#1944 = EDGE_CURVE('',#1945,#1937,#1947,.T.);
#1945 = VERTEX_POINT('',#1946);
#1946 = CARTESIAN_POINT('',(9.562803780394,6.589998397827,0.80560418907)
  );
#1947 = CIRCLE('',#1948,0.1);
#1948 = AXIS2_PLACEMENT_3D('',#1949,#1950,#1951);
#1949 = CARTESIAN_POINT('',(9.648300587576,6.589998397827,0.753736126047
    ));
#1950 = DIRECTION('',(0.,1.,0.));
#1951 = DIRECTION('',(0.,0.,1.));
#1952 = ORIENTED_EDGE('',*,*,#1953,.F.);
#1953 = EDGE_CURVE('',#1849,#1945,#1954,.T.);
#1954 = LINE('',#1955,#1956);
#1955 = CARTESIAN_POINT('',(9.13700382216,6.589998397827,0.103736126047)
  );
#1956 = VECTOR('',#1957,1.);
#1957 = DIRECTION('',(0.518680630234,0.,0.854968071813));
#1958 = ORIENTED_EDGE('',*,*,#1856,.F.);
#1959 = ORIENTED_EDGE('',*,*,#1734,.F.);
#1960 = ORIENTED_EDGE('',*,*,#1871,.F.);
#1961 = PLANE('',#1962);
#1962 = AXIS2_PLACEMENT_3D('',#1963,#1964,#1965);
#1963 = CARTESIAN_POINT('',(9.275785203383,6.589998397827,0.337541853091
    ));
#1964 = DIRECTION('',(-1.586812807788E-29,-1.,1.426150837979E-29));
#1965 = DIRECTION('',(-1.,1.586812807788E-29,0.));
#1966 = ADVANCED_FACE('',(#1967),#1978,.F.);
#1967 = FACE_BOUND('',#1968,.F.);
#1968 = EDGE_LOOP('',(#1969,#1970,#1971,#1972));
#1969 = ORIENTED_EDGE('',*,*,#1756,.F.);
#1970 = ORIENTED_EDGE('',*,*,#1879,.F.);
#1971 = ORIENTED_EDGE('',*,*,#1895,.T.);
#1972 = ORIENTED_EDGE('',*,*,#1973,.T.);
#1973 = EDGE_CURVE('',#1896,#1759,#1974,.T.);
#1974 = LINE('',#1975,#1976);
#1975 = CARTESIAN_POINT('',(9.251700671107,6.589998397827,0.));
#1976 = VECTOR('',#1977,1.);
#1977 = DIRECTION('',(0.,1.,0.));
#1978 = PLANE('',#1979);
#1979 = AXIS2_PLACEMENT_3D('',#1980,#1981,#1982);
#1980 = CARTESIAN_POINT('',(8.687997436523,6.589998397827,0.));
#1981 = DIRECTION('',(0.,0.,1.));
#1982 = DIRECTION('',(1.,0.,0.));
#1983 = ADVANCED_FACE('',(#1984),#1995,.T.);
#1984 = FACE_BOUND('',#1985,.T.);
#1985 = EDGE_LOOP('',(#1986,#1987,#1988,#1994));
#1986 = ORIENTED_EDGE('',*,*,#1973,.T.);
#1987 = ORIENTED_EDGE('',*,*,#1831,.T.);
#1988 = ORIENTED_EDGE('',*,*,#1989,.F.);
#1989 = EDGE_CURVE('',#1904,#1824,#1990,.T.);
#1990 = LINE('',#1991,#1992);
#1991 = CARTESIAN_POINT('',(9.337197478289,6.589998397827,
    4.813193697665E-02));
#1992 = VECTOR('',#1993,1.);
#1993 = DIRECTION('',(0.,1.,0.));
#1994 = ORIENTED_EDGE('',*,*,#1903,.F.);
#1995 = CYLINDRICAL_SURFACE('',#1996,0.1);
#1996 = AXIS2_PLACEMENT_3D('',#1997,#1998,#1999);
#1997 = CARTESIAN_POINT('',(9.251700671107,6.589998397827,0.1));
#1998 = DIRECTION('',(0.,1.,0.));
#1999 = DIRECTION('',(0.,0.,-1.));
#2000 = ADVANCED_FACE('',(#2001),#2012,.T.);
#2001 = FACE_BOUND('',#2002,.T.);
#2002 = EDGE_LOOP('',(#2003,#2004,#2005,#2006));
#2003 = ORIENTED_EDGE('',*,*,#1912,.F.);
#2004 = ORIENTED_EDGE('',*,*,#1989,.T.);
#2005 = ORIENTED_EDGE('',*,*,#1823,.T.);
#2006 = ORIENTED_EDGE('',*,*,#2007,.F.);
#2007 = EDGE_CURVE('',#1913,#1816,#2008,.T.);
#2008 = LINE('',#2009,#2010);
#2009 = CARTESIAN_POINT('',(9.704597352991,6.589998397827,0.653736126047
    ));
#2010 = VECTOR('',#2011,1.);
#2011 = DIRECTION('',(0.,1.,0.));
#2012 = PLANE('',#2013);
#2013 = AXIS2_PLACEMENT_3D('',#2014,#2015,#2016);
#2014 = CARTESIAN_POINT('',(9.307997436523,6.589998397827,0.));
#2015 = DIRECTION('',(0.854968071813,0.,-0.518680630234));
#2016 = DIRECTION('',(0.518680630234,0.,0.854968071813));
#2017 = ADVANCED_FACE('',(#2018),#2029,.F.);
#2018 = FACE_BOUND('',#2019,.F.);
#2019 = EDGE_LOOP('',(#2020,#2021,#2022,#2023));
#2020 = ORIENTED_EDGE('',*,*,#1815,.F.);
#2021 = ORIENTED_EDGE('',*,*,#2007,.F.);
#2022 = ORIENTED_EDGE('',*,*,#1920,.T.);
#2023 = ORIENTED_EDGE('',*,*,#2024,.T.);
#2024 = EDGE_CURVE('',#1921,#1808,#2025,.T.);
#2025 = LINE('',#2026,#2027);
#2026 = CARTESIAN_POINT('',(9.762997436523,6.589998397827,0.653736126047
    ));
#2027 = VECTOR('',#2028,1.);
#2028 = DIRECTION('',(0.,1.,0.));
#2029 = PLANE('',#2030);
#2030 = AXIS2_PLACEMENT_3D('',#2031,#2032,#2033);
#2031 = CARTESIAN_POINT('',(9.59200382216,6.589998397827,0.653736126047)
  );
#2032 = DIRECTION('',(0.,0.,1.));
#2033 = DIRECTION('',(1.,0.,0.));
#2034 = ADVANCED_FACE('',(#2035),#2046,.T.);
#2035 = FACE_BOUND('',#2036,.T.);
#2036 = EDGE_LOOP('',(#2037,#2038,#2039,#2040));
#2037 = ORIENTED_EDGE('',*,*,#1928,.F.);
#2038 = ORIENTED_EDGE('',*,*,#2024,.T.);
#2039 = ORIENTED_EDGE('',*,*,#1807,.T.);
#2040 = ORIENTED_EDGE('',*,*,#2041,.F.);
#2041 = EDGE_CURVE('',#1929,#1800,#2042,.T.);
#2042 = LINE('',#2043,#2044);
#2043 = CARTESIAN_POINT('',(9.762997436523,6.589998397827,0.853736126047
    ));
#2044 = VECTOR('',#2045,1.);
#2045 = DIRECTION('',(0.,1.,0.));
#2046 = PLANE('',#2047);
#2047 = AXIS2_PLACEMENT_3D('',#2048,#2049,#2050);
#2048 = CARTESIAN_POINT('',(9.762997436523,6.589998397827,0.653736126047
    ));
#2049 = DIRECTION('',(1.,0.,0.));
#2050 = DIRECTION('',(0.,0.,1.));
#2051 = ADVANCED_FACE('',(#2052),#2063,.F.);
#2052 = FACE_BOUND('',#2053,.F.);
#2053 = EDGE_LOOP('',(#2054,#2055,#2056,#2057));
#2054 = ORIENTED_EDGE('',*,*,#1953,.F.);
#2055 = ORIENTED_EDGE('',*,*,#1848,.T.);
#2056 = ORIENTED_EDGE('',*,*,#1782,.T.);
#2057 = ORIENTED_EDGE('',*,*,#2058,.F.);
#2058 = EDGE_CURVE('',#1945,#1783,#2059,.T.);
#2059 = LINE('',#2060,#2061);
#2060 = CARTESIAN_POINT('',(9.562803780394,6.589998397827,0.80560418907)
  );
#2061 = VECTOR('',#2062,1.);
#2062 = DIRECTION('',(0.,1.,0.));
#2063 = PLANE('',#2064);
#2064 = AXIS2_PLACEMENT_3D('',#2065,#2066,#2067);
#2065 = CARTESIAN_POINT('',(9.13700382216,6.589998397827,0.103736126047)
  );
#2066 = DIRECTION('',(0.854968071813,0.,-0.518680630234));
#2067 = DIRECTION('',(0.518680630234,0.,0.854968071813));
#2068 = ADVANCED_FACE('',(#2069),#2080,.T.);
#2069 = FACE_BOUND('',#2070,.T.);
#2070 = EDGE_LOOP('',(#2071,#2072,#2073,#2074));
#2071 = ORIENTED_EDGE('',*,*,#1936,.T.);
#2072 = ORIENTED_EDGE('',*,*,#2041,.T.);
#2073 = ORIENTED_EDGE('',*,*,#1799,.F.);
#2074 = ORIENTED_EDGE('',*,*,#2075,.F.);
#2075 = EDGE_CURVE('',#1937,#1791,#2076,.T.);
#2076 = LINE('',#2077,#2078);
#2077 = CARTESIAN_POINT('',(9.648300587576,6.589998397827,0.853736126047
    ));
#2078 = VECTOR('',#2079,1.);
#2079 = DIRECTION('',(0.,1.,0.));
#2080 = PLANE('',#2081);
#2081 = AXIS2_PLACEMENT_3D('',#2082,#2083,#2084);
#2082 = CARTESIAN_POINT('',(9.59200382216,6.589998397827,0.853736126047)
  );
#2083 = DIRECTION('',(0.,0.,1.));
#2084 = DIRECTION('',(1.,0.,0.));
#2085 = ADVANCED_FACE('',(#2086),#2092,.T.);
#2086 = FACE_BOUND('',#2087,.T.);
#2087 = EDGE_LOOP('',(#2088,#2089,#2090,#2091));
#2088 = ORIENTED_EDGE('',*,*,#1944,.T.);
#2089 = ORIENTED_EDGE('',*,*,#2075,.T.);
#2090 = ORIENTED_EDGE('',*,*,#1790,.F.);
#2091 = ORIENTED_EDGE('',*,*,#2058,.F.);
#2092 = CYLINDRICAL_SURFACE('',#2093,0.1);
#2093 = AXIS2_PLACEMENT_3D('',#2094,#2095,#2096);
#2094 = CARTESIAN_POINT('',(9.648300587576,6.589998397827,0.753736126047
    ));
#2095 = DIRECTION('',(0.,1.,0.));
#2096 = DIRECTION('',(-0.854968071813,0.,0.518680630234));
#2097 = MANIFOLD_SOLID_BREP('',#2098);
#2098 = CLOSED_SHELL('',(#2099,#2139,#2229,#2254,#2278,#2353,#2370,#2387
    ,#2404,#2421,#2438,#2455,#2472));
#2099 = ADVANCED_FACE('',(#2100),#2134,.T.);
#2100 = FACE_BOUND('',#2101,.T.);
#2101 = EDGE_LOOP('',(#2102,#2112,#2120,#2128));
#2102 = ORIENTED_EDGE('',*,*,#2103,.F.);
#2103 = EDGE_CURVE('',#2104,#2106,#2108,.T.);
#2104 = VERTEX_POINT('',#2105);
#2105 = CARTESIAN_POINT('',(14.23688773277,6.989998397827,0.2));
#2106 = VERTEX_POINT('',#2107);
#2107 = CARTESIAN_POINT('',(14.687997436523,6.989998397827,0.2));
#2108 = LINE('',#2109,#2110);
#2109 = CARTESIAN_POINT('',(14.067997436523,6.989998397827,0.2));
#2110 = VECTOR('',#2111,1.);
#2111 = DIRECTION('',(1.,0.,0.));
#2112 = ORIENTED_EDGE('',*,*,#2113,.F.);
#2113 = EDGE_CURVE('',#2114,#2104,#2116,.T.);
#2114 = VERTEX_POINT('',#2115);
#2115 = CARTESIAN_POINT('',(14.23688773277,6.589998397827,0.2));
#2116 = LINE('',#2117,#2118);
#2117 = CARTESIAN_POINT('',(14.23688773277,6.589998397827,0.2));
#2118 = VECTOR('',#2119,1.);
#2119 = DIRECTION('',(0.,1.,0.));
#2120 = ORIENTED_EDGE('',*,*,#2121,.T.);
#2121 = EDGE_CURVE('',#2114,#2122,#2124,.T.);
#2122 = VERTEX_POINT('',#2123);
#2123 = CARTESIAN_POINT('',(14.687997436523,6.589998397827,0.2));
#2124 = LINE('',#2125,#2126);
#2125 = CARTESIAN_POINT('',(14.067997436523,6.589998397827,0.2));
#2126 = VECTOR('',#2127,1.);
#2127 = DIRECTION('',(1.,0.,0.));
#2128 = ORIENTED_EDGE('',*,*,#2129,.T.);
#2129 = EDGE_CURVE('',#2122,#2106,#2130,.T.);
#2130 = LINE('',#2131,#2132);
#2131 = CARTESIAN_POINT('',(14.687997436523,6.589998397827,0.2));
#2132 = VECTOR('',#2133,1.);
#2133 = DIRECTION('',(0.,1.,0.));
#2134 = PLANE('',#2135);
#2135 = AXIS2_PLACEMENT_3D('',#2136,#2137,#2138);
#2136 = CARTESIAN_POINT('',(14.067997436523,6.589998397827,0.2));
#2137 = DIRECTION('',(0.,0.,1.));
#2138 = DIRECTION('',(1.,0.,0.));
#2139 = ADVANCED_FACE('',(#2140),#2224,.T.);
#2140 = FACE_BOUND('',#2141,.T.);
#2141 = EDGE_LOOP('',(#2142,#2152,#2161,#2169,#2177,#2185,#2193,#2202,
    #2210,#2217,#2218));
#2142 = ORIENTED_EDGE('',*,*,#2143,.F.);
#2143 = EDGE_CURVE('',#2144,#2146,#2148,.T.);
#2144 = VERTEX_POINT('',#2145);
#2145 = CARTESIAN_POINT('',(14.124294201939,6.989998397827,0.));
#2146 = VERTEX_POINT('',#2147);
#2147 = CARTESIAN_POINT('',(14.687997436523,6.989998397827,0.));
#2148 = LINE('',#2149,#2150);
#2149 = CARTESIAN_POINT('',(14.067997436523,6.989998397827,0.));
#2150 = VECTOR('',#2151,1.);
#2151 = DIRECTION('',(1.,0.,0.));
#2152 = ORIENTED_EDGE('',*,*,#2153,.T.);
#2153 = EDGE_CURVE('',#2144,#2154,#2156,.T.);
#2154 = VERTEX_POINT('',#2155);
#2155 = CARTESIAN_POINT('',(14.038797394757,6.989998397827,
    4.813193697665E-02));
#2156 = CIRCLE('',#2157,0.1);
#2157 = AXIS2_PLACEMENT_3D('',#2158,#2159,#2160);
#2158 = CARTESIAN_POINT('',(14.124294201939,6.989998397827,0.1));
#2159 = DIRECTION('',(0.,1.,0.));
#2160 = DIRECTION('',(0.,0.,1.));
#2161 = ORIENTED_EDGE('',*,*,#2162,.T.);
#2162 = EDGE_CURVE('',#2154,#2163,#2165,.T.);
#2163 = VERTEX_POINT('',#2164);
#2164 = CARTESIAN_POINT('',(13.671397520055,6.989998397827,
    0.653736126047));
#2165 = LINE('',#2166,#2167);
#2166 = CARTESIAN_POINT('',(14.067997436523,6.989998397827,0.));
#2167 = VECTOR('',#2168,1.);
#2168 = DIRECTION('',(-0.518680630234,0.,0.854968071813));
#2169 = ORIENTED_EDGE('',*,*,#2170,.F.);
#2170 = EDGE_CURVE('',#2171,#2163,#2173,.T.);
#2171 = VERTEX_POINT('',#2172);
#2172 = CARTESIAN_POINT('',(13.612997436523,6.989998397827,
    0.653736126047));
#2173 = LINE('',#2174,#2175);
#2174 = CARTESIAN_POINT('',(13.612997436523,6.989998397827,
    0.653736126047));
#2175 = VECTOR('',#2176,1.);
#2176 = DIRECTION('',(1.,0.,0.));
#2177 = ORIENTED_EDGE('',*,*,#2178,.T.);
#2178 = EDGE_CURVE('',#2171,#2179,#2181,.T.);
#2179 = VERTEX_POINT('',#2180);
#2180 = CARTESIAN_POINT('',(13.612997436523,6.989998397827,
    0.853736126047));
#2181 = LINE('',#2182,#2183);
#2182 = CARTESIAN_POINT('',(13.612997436523,6.989998397827,
    0.653736126047));
#2183 = VECTOR('',#2184,1.);
#2184 = DIRECTION('',(0.,0.,1.));
#2185 = ORIENTED_EDGE('',*,*,#2186,.T.);
#2186 = EDGE_CURVE('',#2179,#2187,#2189,.T.);
#2187 = VERTEX_POINT('',#2188);
#2188 = CARTESIAN_POINT('',(13.72769428547,6.989998397827,0.853736126047
    ));
#2189 = LINE('',#2190,#2191);
#2190 = CARTESIAN_POINT('',(13.612997436523,6.989998397827,
    0.853736126047));
#2191 = VECTOR('',#2192,1.);
#2192 = DIRECTION('',(1.,0.,0.));
#2193 = ORIENTED_EDGE('',*,*,#2194,.F.);
#2194 = EDGE_CURVE('',#2195,#2187,#2197,.T.);
#2195 = VERTEX_POINT('',#2196);
#2196 = CARTESIAN_POINT('',(13.813191092652,6.989998397827,0.80560418907
    ));
#2197 = CIRCLE('',#2198,0.1);
#2198 = AXIS2_PLACEMENT_3D('',#2199,#2200,#2201);
#2199 = CARTESIAN_POINT('',(13.72769428547,6.989998397827,0.753736126047
    ));
#2200 = DIRECTION('',(0.,-1.,0.));
#2201 = DIRECTION('',(0.,0.,1.));
#2202 = ORIENTED_EDGE('',*,*,#2203,.F.);
#2203 = EDGE_CURVE('',#2204,#2195,#2206,.T.);
#2204 = VERTEX_POINT('',#2205);
#2205 = CARTESIAN_POINT('',(14.151390925588,6.989998397827,
    0.248131936977));
#2206 = LINE('',#2207,#2208);
#2207 = CARTESIAN_POINT('',(14.238991050886,6.989998397827,
    0.103736126047));
#2208 = VECTOR('',#2209,1.);
#2209 = DIRECTION('',(-0.518680630234,0.,0.854968071813));
#2210 = ORIENTED_EDGE('',*,*,#2211,.F.);
#2211 = EDGE_CURVE('',#2104,#2204,#2212,.T.);
#2212 = CIRCLE('',#2213,0.1);
#2213 = AXIS2_PLACEMENT_3D('',#2214,#2215,#2216);
#2214 = CARTESIAN_POINT('',(14.23688773277,6.989998397827,0.3));
#2215 = DIRECTION('',(0.,1.,0.));
#2216 = DIRECTION('',(0.,0.,1.));
#2217 = ORIENTED_EDGE('',*,*,#2103,.T.);
#2218 = ORIENTED_EDGE('',*,*,#2219,.F.);
#2219 = EDGE_CURVE('',#2146,#2106,#2220,.T.);
#2220 = LINE('',#2221,#2222);
#2221 = CARTESIAN_POINT('',(14.687997436523,6.989998397827,0.));
#2222 = VECTOR('',#2223,1.);
#2223 = DIRECTION('',(0.,0.,1.));
#2224 = PLANE('',#2225);
#2225 = AXIS2_PLACEMENT_3D('',#2226,#2227,#2228);
#2226 = CARTESIAN_POINT('',(14.100209669663,6.989998397827,
    0.337541853091));
#2227 = DIRECTION('',(-9.203897445679E-30,1.,-7.85752994262E-30));
#2228 = DIRECTION('',(1.,9.203897445679E-30,0.));
#2229 = ADVANCED_FACE('',(#2230),#2249,.F.);
#2230 = FACE_BOUND('',#2231,.F.);
#2231 = EDGE_LOOP('',(#2232,#2241,#2247,#2248));
#2232 = ORIENTED_EDGE('',*,*,#2233,.T.);
#2233 = EDGE_CURVE('',#2114,#2234,#2236,.T.);
#2234 = VERTEX_POINT('',#2235);
#2235 = CARTESIAN_POINT('',(14.151390925588,6.589998397827,
    0.248131936977));
#2236 = CIRCLE('',#2237,0.1);
#2237 = AXIS2_PLACEMENT_3D('',#2238,#2239,#2240);
#2238 = CARTESIAN_POINT('',(14.23688773277,6.589998397827,0.3));
#2239 = DIRECTION('',(0.,1.,0.));
#2240 = DIRECTION('',(0.,0.,1.));
#2241 = ORIENTED_EDGE('',*,*,#2242,.T.);
#2242 = EDGE_CURVE('',#2234,#2204,#2243,.T.);
#2243 = LINE('',#2244,#2245);
#2244 = CARTESIAN_POINT('',(14.151390925588,6.589998397827,
    0.248131936977));
#2245 = VECTOR('',#2246,1.);
#2246 = DIRECTION('',(0.,1.,0.));
#2247 = ORIENTED_EDGE('',*,*,#2211,.F.);
#2248 = ORIENTED_EDGE('',*,*,#2113,.F.);
#2249 = CYLINDRICAL_SURFACE('',#2250,0.1);
#2250 = AXIS2_PLACEMENT_3D('',#2251,#2252,#2253);
#2251 = CARTESIAN_POINT('',(14.23688773277,6.589998397827,0.3));
#2252 = DIRECTION('',(0.,1.,0.));
#2253 = DIRECTION('',(0.,0.,-1.));
#2254 = ADVANCED_FACE('',(#2255),#2273,.T.);
#2255 = FACE_BOUND('',#2256,.T.);
#2256 = EDGE_LOOP('',(#2257,#2265,#2271,#2272));
#2257 = ORIENTED_EDGE('',*,*,#2258,.F.);
#2258 = EDGE_CURVE('',#2259,#2122,#2261,.T.);
#2259 = VERTEX_POINT('',#2260);
#2260 = CARTESIAN_POINT('',(14.687997436523,6.589998397827,0.));
#2261 = LINE('',#2262,#2263);
#2262 = CARTESIAN_POINT('',(14.687997436523,6.589998397827,0.));
#2263 = VECTOR('',#2264,1.);
#2264 = DIRECTION('',(0.,0.,1.));
#2265 = ORIENTED_EDGE('',*,*,#2266,.T.);
#2266 = EDGE_CURVE('',#2259,#2146,#2267,.T.);
#2267 = LINE('',#2268,#2269);
#2268 = CARTESIAN_POINT('',(14.687997436523,6.589998397827,0.));
#2269 = VECTOR('',#2270,1.);
#2270 = DIRECTION('',(0.,1.,0.));
#2271 = ORIENTED_EDGE('',*,*,#2219,.T.);
#2272 = ORIENTED_EDGE('',*,*,#2129,.F.);
#2273 = PLANE('',#2274);
#2274 = AXIS2_PLACEMENT_3D('',#2275,#2276,#2277);
#2275 = CARTESIAN_POINT('',(14.687997436523,6.589998397827,0.));
#2276 = DIRECTION('',(1.,0.,0.));
#2277 = DIRECTION('',(0.,0.,1.));
#2278 = ADVANCED_FACE('',(#2279),#2348,.T.);
#2279 = FACE_BOUND('',#2280,.T.);
#2280 = EDGE_LOOP('',(#2281,#2289,#2290,#2291,#2292,#2300,#2309,#2317,
    #2325,#2333,#2341));
#2281 = ORIENTED_EDGE('',*,*,#2282,.T.);
#2282 = EDGE_CURVE('',#2283,#2259,#2285,.T.);
#2283 = VERTEX_POINT('',#2284);
#2284 = CARTESIAN_POINT('',(14.124294201939,6.589998397827,0.));
#2285 = LINE('',#2286,#2287);
#2286 = CARTESIAN_POINT('',(14.067997436523,6.589998397827,0.));
#2287 = VECTOR('',#2288,1.);
#2288 = DIRECTION('',(1.,0.,0.));
#2289 = ORIENTED_EDGE('',*,*,#2258,.T.);
#2290 = ORIENTED_EDGE('',*,*,#2121,.F.);
#2291 = ORIENTED_EDGE('',*,*,#2233,.T.);
#2292 = ORIENTED_EDGE('',*,*,#2293,.T.);
#2293 = EDGE_CURVE('',#2234,#2294,#2296,.T.);
#2294 = VERTEX_POINT('',#2295);
#2295 = CARTESIAN_POINT('',(13.813191092652,6.589998397827,0.80560418907
    ));
#2296 = LINE('',#2297,#2298);
#2297 = CARTESIAN_POINT('',(14.238991050886,6.589998397827,
    0.103736126047));
#2298 = VECTOR('',#2299,1.);
#2299 = DIRECTION('',(-0.518680630234,0.,0.854968071813));
#2300 = ORIENTED_EDGE('',*,*,#2301,.T.);
#2301 = EDGE_CURVE('',#2294,#2302,#2304,.T.);
#2302 = VERTEX_POINT('',#2303);
#2303 = CARTESIAN_POINT('',(13.72769428547,6.589998397827,0.853736126047
    ));
#2304 = CIRCLE('',#2305,0.1);
#2305 = AXIS2_PLACEMENT_3D('',#2306,#2307,#2308);
#2306 = CARTESIAN_POINT('',(13.72769428547,6.589998397827,0.753736126047
    ));
#2307 = DIRECTION('',(0.,-1.,0.));
#2308 = DIRECTION('',(0.,0.,1.));
#2309 = ORIENTED_EDGE('',*,*,#2310,.F.);
#2310 = EDGE_CURVE('',#2311,#2302,#2313,.T.);
#2311 = VERTEX_POINT('',#2312);
#2312 = CARTESIAN_POINT('',(13.612997436523,6.589998397827,
    0.853736126047));
#2313 = LINE('',#2314,#2315);
#2314 = CARTESIAN_POINT('',(13.612997436523,6.589998397827,
    0.853736126047));
#2315 = VECTOR('',#2316,1.);
#2316 = DIRECTION('',(1.,0.,0.));
#2317 = ORIENTED_EDGE('',*,*,#2318,.F.);
#2318 = EDGE_CURVE('',#2319,#2311,#2321,.T.);
#2319 = VERTEX_POINT('',#2320);
#2320 = CARTESIAN_POINT('',(13.612997436523,6.589998397827,
    0.653736126047));
#2321 = LINE('',#2322,#2323);
#2322 = CARTESIAN_POINT('',(13.612997436523,6.589998397827,
    0.653736126047));
#2323 = VECTOR('',#2324,1.);
#2324 = DIRECTION('',(0.,0.,1.));
#2325 = ORIENTED_EDGE('',*,*,#2326,.T.);
#2326 = EDGE_CURVE('',#2319,#2327,#2329,.T.);
#2327 = VERTEX_POINT('',#2328);
#2328 = CARTESIAN_POINT('',(13.671397520055,6.589998397827,
    0.653736126047));
#2329 = LINE('',#2330,#2331);
#2330 = CARTESIAN_POINT('',(13.612997436523,6.589998397827,
    0.653736126047));
#2331 = VECTOR('',#2332,1.);
#2332 = DIRECTION('',(1.,0.,0.));
#2333 = ORIENTED_EDGE('',*,*,#2334,.F.);
#2334 = EDGE_CURVE('',#2335,#2327,#2337,.T.);
#2335 = VERTEX_POINT('',#2336);
#2336 = CARTESIAN_POINT('',(14.038797394757,6.589998397827,
    4.813193697665E-02));
#2337 = LINE('',#2338,#2339);
#2338 = CARTESIAN_POINT('',(14.067997436523,6.589998397827,0.));
#2339 = VECTOR('',#2340,1.);
#2340 = DIRECTION('',(-0.518680630234,0.,0.854968071813));
#2341 = ORIENTED_EDGE('',*,*,#2342,.F.);
#2342 = EDGE_CURVE('',#2283,#2335,#2343,.T.);
#2343 = CIRCLE('',#2344,0.1);
#2344 = AXIS2_PLACEMENT_3D('',#2345,#2346,#2347);
#2345 = CARTESIAN_POINT('',(14.124294201939,6.589998397827,0.1));
#2346 = DIRECTION('',(0.,1.,0.));
#2347 = DIRECTION('',(0.,0.,1.));
#2348 = PLANE('',#2349);
#2349 = AXIS2_PLACEMENT_3D('',#2350,#2351,#2352);
#2350 = CARTESIAN_POINT('',(14.100209669663,6.589998397827,
    0.337541853091));
#2351 = DIRECTION('',(2.190042115679E-30,-1.,1.766105396248E-30));
#2352 = DIRECTION('',(-1.,-2.190042115679E-30,0.));
#2353 = ADVANCED_FACE('',(#2354),#2365,.F.);
#2354 = FACE_BOUND('',#2355,.F.);
#2355 = EDGE_LOOP('',(#2356,#2357,#2358,#2359));
#2356 = ORIENTED_EDGE('',*,*,#2282,.T.);
#2357 = ORIENTED_EDGE('',*,*,#2266,.T.);
#2358 = ORIENTED_EDGE('',*,*,#2143,.F.);
#2359 = ORIENTED_EDGE('',*,*,#2360,.F.);
#2360 = EDGE_CURVE('',#2283,#2144,#2361,.T.);
#2361 = LINE('',#2362,#2363);
#2362 = CARTESIAN_POINT('',(14.124294201939,6.589998397827,0.));
#2363 = VECTOR('',#2364,1.);
#2364 = DIRECTION('',(0.,1.,0.));
#2365 = PLANE('',#2366);
#2366 = AXIS2_PLACEMENT_3D('',#2367,#2368,#2369);
#2367 = CARTESIAN_POINT('',(14.067997436523,6.589998397827,0.));
#2368 = DIRECTION('',(0.,0.,1.));
#2369 = DIRECTION('',(1.,0.,0.));
#2370 = ADVANCED_FACE('',(#2371),#2382,.T.);
#2371 = FACE_BOUND('',#2372,.T.);
#2372 = EDGE_LOOP('',(#2373,#2374,#2380,#2381));
#2373 = ORIENTED_EDGE('',*,*,#2342,.T.);
#2374 = ORIENTED_EDGE('',*,*,#2375,.T.);
#2375 = EDGE_CURVE('',#2335,#2154,#2376,.T.);
#2376 = LINE('',#2377,#2378);
#2377 = CARTESIAN_POINT('',(14.038797394757,6.589998397827,
    4.813193697665E-02));
#2378 = VECTOR('',#2379,1.);
#2379 = DIRECTION('',(0.,1.,0.));
#2380 = ORIENTED_EDGE('',*,*,#2153,.F.);
#2381 = ORIENTED_EDGE('',*,*,#2360,.F.);
#2382 = CYLINDRICAL_SURFACE('',#2383,0.1);
#2383 = AXIS2_PLACEMENT_3D('',#2384,#2385,#2386);
#2384 = CARTESIAN_POINT('',(14.124294201939,6.589998397827,0.1));
#2385 = DIRECTION('',(0.,1.,0.));
#2386 = DIRECTION('',(0.,0.,-1.));
#2387 = ADVANCED_FACE('',(#2388),#2399,.F.);
#2388 = FACE_BOUND('',#2389,.F.);
#2389 = EDGE_LOOP('',(#2390,#2391,#2392,#2393));
#2390 = ORIENTED_EDGE('',*,*,#2334,.F.);
#2391 = ORIENTED_EDGE('',*,*,#2375,.T.);
#2392 = ORIENTED_EDGE('',*,*,#2162,.T.);
#2393 = ORIENTED_EDGE('',*,*,#2394,.F.);
#2394 = EDGE_CURVE('',#2327,#2163,#2395,.T.);
#2395 = LINE('',#2396,#2397);
#2396 = CARTESIAN_POINT('',(13.671397520055,6.589998397827,
    0.653736126047));
#2397 = VECTOR('',#2398,1.);
#2398 = DIRECTION('',(0.,1.,0.));
#2399 = PLANE('',#2400);
#2400 = AXIS2_PLACEMENT_3D('',#2401,#2402,#2403);
#2401 = CARTESIAN_POINT('',(14.067997436523,6.589998397827,0.));
#2402 = DIRECTION('',(0.854968071813,0.,0.518680630234));
#2403 = DIRECTION('',(-0.518680630234,0.,0.854968071813));
#2404 = ADVANCED_FACE('',(#2405),#2416,.F.);
#2405 = FACE_BOUND('',#2406,.F.);
#2406 = EDGE_LOOP('',(#2407,#2408,#2414,#2415));
#2407 = ORIENTED_EDGE('',*,*,#2170,.F.);
#2408 = ORIENTED_EDGE('',*,*,#2409,.F.);
#2409 = EDGE_CURVE('',#2319,#2171,#2410,.T.);
#2410 = LINE('',#2411,#2412);
#2411 = CARTESIAN_POINT('',(13.612997436523,6.589998397827,
    0.653736126047));
#2412 = VECTOR('',#2413,1.);
#2413 = DIRECTION('',(0.,1.,0.));
#2414 = ORIENTED_EDGE('',*,*,#2326,.T.);
#2415 = ORIENTED_EDGE('',*,*,#2394,.T.);
#2416 = PLANE('',#2417);
#2417 = AXIS2_PLACEMENT_3D('',#2418,#2419,#2420);
#2418 = CARTESIAN_POINT('',(13.612997436523,6.589998397827,
    0.653736126047));
#2419 = DIRECTION('',(0.,0.,1.));
#2420 = DIRECTION('',(1.,0.,0.));
#2421 = ADVANCED_FACE('',(#2422),#2433,.F.);
#2422 = FACE_BOUND('',#2423,.T.);
#2423 = EDGE_LOOP('',(#2424,#2425,#2431,#2432));
#2424 = ORIENTED_EDGE('',*,*,#2318,.T.);
#2425 = ORIENTED_EDGE('',*,*,#2426,.T.);
#2426 = EDGE_CURVE('',#2311,#2179,#2427,.T.);
#2427 = LINE('',#2428,#2429);
#2428 = CARTESIAN_POINT('',(13.612997436523,6.589998397827,
    0.853736126047));
#2429 = VECTOR('',#2430,1.);
#2430 = DIRECTION('',(0.,1.,0.));
#2431 = ORIENTED_EDGE('',*,*,#2178,.F.);
#2432 = ORIENTED_EDGE('',*,*,#2409,.F.);
#2433 = PLANE('',#2434);
#2434 = AXIS2_PLACEMENT_3D('',#2435,#2436,#2437);
#2435 = CARTESIAN_POINT('',(13.612997436523,6.589998397827,
    0.653736126047));
#2436 = DIRECTION('',(1.,0.,0.));
#2437 = DIRECTION('',(0.,0.,1.));
#2438 = ADVANCED_FACE('',(#2439),#2450,.T.);
#2439 = FACE_BOUND('',#2440,.T.);
#2440 = EDGE_LOOP('',(#2441,#2442,#2443,#2444));
#2441 = ORIENTED_EDGE('',*,*,#2293,.F.);
#2442 = ORIENTED_EDGE('',*,*,#2242,.T.);
#2443 = ORIENTED_EDGE('',*,*,#2203,.T.);
#2444 = ORIENTED_EDGE('',*,*,#2445,.F.);
#2445 = EDGE_CURVE('',#2294,#2195,#2446,.T.);
#2446 = LINE('',#2447,#2448);
#2447 = CARTESIAN_POINT('',(13.813191092652,6.589998397827,0.80560418907
    ));
#2448 = VECTOR('',#2449,1.);
#2449 = DIRECTION('',(0.,1.,0.));
#2450 = PLANE('',#2451);
#2451 = AXIS2_PLACEMENT_3D('',#2452,#2453,#2454);
#2452 = CARTESIAN_POINT('',(14.238991050886,6.589998397827,
    0.103736126047));
#2453 = DIRECTION('',(0.854968071813,0.,0.518680630234));
#2454 = DIRECTION('',(-0.518680630234,0.,0.854968071813));
#2455 = ADVANCED_FACE('',(#2456),#2467,.T.);
#2456 = FACE_BOUND('',#2457,.T.);
#2457 = EDGE_LOOP('',(#2458,#2459,#2460,#2461));
#2458 = ORIENTED_EDGE('',*,*,#2186,.F.);
#2459 = ORIENTED_EDGE('',*,*,#2426,.F.);
#2460 = ORIENTED_EDGE('',*,*,#2310,.T.);
#2461 = ORIENTED_EDGE('',*,*,#2462,.T.);
#2462 = EDGE_CURVE('',#2302,#2187,#2463,.T.);
#2463 = LINE('',#2464,#2465);
#2464 = CARTESIAN_POINT('',(13.72769428547,6.589998397827,0.853736126047
    ));
#2465 = VECTOR('',#2466,1.);
#2466 = DIRECTION('',(0.,1.,0.));
#2467 = PLANE('',#2468);
#2468 = AXIS2_PLACEMENT_3D('',#2469,#2470,#2471);
#2469 = CARTESIAN_POINT('',(13.612997436523,6.589998397827,
    0.853736126047));
#2470 = DIRECTION('',(0.,0.,1.));
#2471 = DIRECTION('',(1.,0.,0.));
#2472 = ADVANCED_FACE('',(#2473),#2479,.T.);
#2473 = FACE_BOUND('',#2474,.T.);
#2474 = EDGE_LOOP('',(#2475,#2476,#2477,#2478));
#2475 = ORIENTED_EDGE('',*,*,#2445,.T.);
#2476 = ORIENTED_EDGE('',*,*,#2194,.T.);
#2477 = ORIENTED_EDGE('',*,*,#2462,.F.);
#2478 = ORIENTED_EDGE('',*,*,#2301,.F.);
#2479 = CYLINDRICAL_SURFACE('',#2480,0.1);
#2480 = AXIS2_PLACEMENT_3D('',#2481,#2482,#2483);
#2481 = CARTESIAN_POINT('',(13.72769428547,6.589998397827,0.753736126047
    ));
#2482 = DIRECTION('',(0.,1.,0.));
#2483 = DIRECTION('',(0.854968071813,0.,0.518680630234));
#2484 = MANIFOLD_SOLID_BREP('',#2485);
#2485 = CLOSED_SHELL('',(#2486,#2526,#2616,#2641,#2665,#2740,#2757,#2774
    ,#2791,#2808,#2825,#2842,#2859));
#2486 = ADVANCED_FACE('',(#2487),#2521,.T.);
#2487 = FACE_BOUND('',#2488,.T.);
#2488 = EDGE_LOOP('',(#2489,#2499,#2507,#2515));
#2489 = ORIENTED_EDGE('',*,*,#2490,.F.);
#2490 = EDGE_CURVE('',#2491,#2493,#2495,.T.);
#2491 = VERTEX_POINT('',#2492);
#2492 = CARTESIAN_POINT('',(8.687997436523,5.719998397827,0.2));
#2493 = VERTEX_POINT('',#2494);
#2494 = CARTESIAN_POINT('',(9.139107140276,5.719998397827,0.2));
#2495 = LINE('',#2496,#2497);
#2496 = CARTESIAN_POINT('',(8.687997436523,5.719998397827,0.2));
#2497 = VECTOR('',#2498,1.);
#2498 = DIRECTION('',(1.,0.,0.));
#2499 = ORIENTED_EDGE('',*,*,#2500,.F.);
#2500 = EDGE_CURVE('',#2501,#2491,#2503,.T.);
#2501 = VERTEX_POINT('',#2502);
#2502 = CARTESIAN_POINT('',(8.687997436523,5.319998397827,0.2));
#2503 = LINE('',#2504,#2505);
#2504 = CARTESIAN_POINT('',(8.687997436523,5.319998397827,0.2));
#2505 = VECTOR('',#2506,1.);
#2506 = DIRECTION('',(0.,1.,0.));
#2507 = ORIENTED_EDGE('',*,*,#2508,.T.);
#2508 = EDGE_CURVE('',#2501,#2509,#2511,.T.);
#2509 = VERTEX_POINT('',#2510);
#2510 = CARTESIAN_POINT('',(9.139107140276,5.319998397827,0.2));
#2511 = LINE('',#2512,#2513);
#2512 = CARTESIAN_POINT('',(8.687997436523,5.319998397827,0.2));
#2513 = VECTOR('',#2514,1.);
#2514 = DIRECTION('',(1.,0.,0.));
#2515 = ORIENTED_EDGE('',*,*,#2516,.T.);
#2516 = EDGE_CURVE('',#2509,#2493,#2517,.T.);
#2517 = LINE('',#2518,#2519);
#2518 = CARTESIAN_POINT('',(9.139107140276,5.319998397827,0.2));
#2519 = VECTOR('',#2520,1.);
#2520 = DIRECTION('',(0.,1.,0.));
#2521 = PLANE('',#2522);
#2522 = AXIS2_PLACEMENT_3D('',#2523,#2524,#2525);
#2523 = CARTESIAN_POINT('',(8.687997436523,5.319998397827,0.2));
#2524 = DIRECTION('',(0.,0.,1.));
#2525 = DIRECTION('',(1.,0.,0.));
#2526 = ADVANCED_FACE('',(#2527),#2611,.T.);
#2527 = FACE_BOUND('',#2528,.T.);
#2528 = EDGE_LOOP('',(#2529,#2539,#2545,#2546,#2555,#2563,#2572,#2580,
    #2588,#2596,#2604));
#2529 = ORIENTED_EDGE('',*,*,#2530,.F.);
#2530 = EDGE_CURVE('',#2531,#2533,#2535,.T.);
#2531 = VERTEX_POINT('',#2532);
#2532 = CARTESIAN_POINT('',(8.687997436523,5.719998397827,0.));
#2533 = VERTEX_POINT('',#2534);
#2534 = CARTESIAN_POINT('',(9.251700671107,5.719998397827,0.));
#2535 = LINE('',#2536,#2537);
#2536 = CARTESIAN_POINT('',(8.687997436523,5.719998397827,0.));
#2537 = VECTOR('',#2538,1.);
#2538 = DIRECTION('',(1.,0.,0.));
#2539 = ORIENTED_EDGE('',*,*,#2540,.T.);
#2540 = EDGE_CURVE('',#2531,#2491,#2541,.T.);
#2541 = LINE('',#2542,#2543);
#2542 = CARTESIAN_POINT('',(8.687997436523,5.719998397827,0.));
#2543 = VECTOR('',#2544,1.);
#2544 = DIRECTION('',(0.,0.,1.));
#2545 = ORIENTED_EDGE('',*,*,#2490,.T.);
#2546 = ORIENTED_EDGE('',*,*,#2547,.T.);
#2547 = EDGE_CURVE('',#2493,#2548,#2550,.T.);
#2548 = VERTEX_POINT('',#2549);
#2549 = CARTESIAN_POINT('',(9.224603947458,5.719998397827,0.248131936977
    ));
#2550 = CIRCLE('',#2551,0.1);
#2551 = AXIS2_PLACEMENT_3D('',#2552,#2553,#2554);
#2552 = CARTESIAN_POINT('',(9.139107140276,5.719998397827,0.3));
#2553 = DIRECTION('',(0.,-1.,0.));
#2554 = DIRECTION('',(0.,0.,1.));
#2555 = ORIENTED_EDGE('',*,*,#2556,.T.);
#2556 = EDGE_CURVE('',#2548,#2557,#2559,.T.);
#2557 = VERTEX_POINT('',#2558);
#2558 = CARTESIAN_POINT('',(9.562803780394,5.719998397827,0.80560418907)
  );
#2559 = LINE('',#2560,#2561);
#2560 = CARTESIAN_POINT('',(9.13700382216,5.719998397827,0.103736126047)
  );
#2561 = VECTOR('',#2562,1.);
#2562 = DIRECTION('',(0.518680630234,0.,0.854968071813));
#2563 = ORIENTED_EDGE('',*,*,#2564,.T.);
#2564 = EDGE_CURVE('',#2557,#2565,#2567,.T.);
#2565 = VERTEX_POINT('',#2566);
#2566 = CARTESIAN_POINT('',(9.648300587576,5.719998397827,0.853736126047
    ));
#2567 = CIRCLE('',#2568,0.1);
#2568 = AXIS2_PLACEMENT_3D('',#2569,#2570,#2571);
#2569 = CARTESIAN_POINT('',(9.648300587576,5.719998397827,0.753736126047
    ));
#2570 = DIRECTION('',(0.,1.,0.));
#2571 = DIRECTION('',(0.,0.,1.));
#2572 = ORIENTED_EDGE('',*,*,#2573,.T.);
#2573 = EDGE_CURVE('',#2565,#2574,#2576,.T.);
#2574 = VERTEX_POINT('',#2575);
#2575 = CARTESIAN_POINT('',(9.762997436523,5.719998397827,0.853736126047
    ));
#2576 = LINE('',#2577,#2578);
#2577 = CARTESIAN_POINT('',(9.59200382216,5.719998397827,0.853736126047)
  );
#2578 = VECTOR('',#2579,1.);
#2579 = DIRECTION('',(1.,0.,0.));
#2580 = ORIENTED_EDGE('',*,*,#2581,.F.);
#2581 = EDGE_CURVE('',#2582,#2574,#2584,.T.);
#2582 = VERTEX_POINT('',#2583);
#2583 = CARTESIAN_POINT('',(9.762997436523,5.719998397827,0.653736126047
    ));
#2584 = LINE('',#2585,#2586);
#2585 = CARTESIAN_POINT('',(9.762997436523,5.719998397827,0.653736126047
    ));
#2586 = VECTOR('',#2587,1.);
#2587 = DIRECTION('',(0.,0.,1.));
#2588 = ORIENTED_EDGE('',*,*,#2589,.F.);
#2589 = EDGE_CURVE('',#2590,#2582,#2592,.T.);
#2590 = VERTEX_POINT('',#2591);
#2591 = CARTESIAN_POINT('',(9.704597352991,5.719998397827,0.653736126047
    ));
#2592 = LINE('',#2593,#2594);
#2593 = CARTESIAN_POINT('',(9.59200382216,5.719998397827,0.653736126047)
  );
#2594 = VECTOR('',#2595,1.);
#2595 = DIRECTION('',(1.,0.,0.));
#2596 = ORIENTED_EDGE('',*,*,#2597,.F.);
#2597 = EDGE_CURVE('',#2598,#2590,#2600,.T.);
#2598 = VERTEX_POINT('',#2599);
#2599 = CARTESIAN_POINT('',(9.337197478289,5.719998397827,
    4.813193697665E-02));
#2600 = LINE('',#2601,#2602);
#2601 = CARTESIAN_POINT('',(9.307997436523,5.719998397827,0.));
#2602 = VECTOR('',#2603,1.);
#2603 = DIRECTION('',(0.518680630234,0.,0.854968071813));
#2604 = ORIENTED_EDGE('',*,*,#2605,.F.);
#2605 = EDGE_CURVE('',#2533,#2598,#2606,.T.);
#2606 = CIRCLE('',#2607,0.1);
#2607 = AXIS2_PLACEMENT_3D('',#2608,#2609,#2610);
#2608 = CARTESIAN_POINT('',(9.251700671107,5.719998397827,0.1));
#2609 = DIRECTION('',(0.,-1.,0.));
#2610 = DIRECTION('',(0.,0.,1.));
#2611 = PLANE('',#2612);
#2612 = AXIS2_PLACEMENT_3D('',#2613,#2614,#2615);
#2613 = CARTESIAN_POINT('',(9.275785203383,5.719998397827,0.337541853091
    ));
#2614 = DIRECTION('',(0.,1.,0.));
#2615 = DIRECTION('',(0.,0.,1.));
#2616 = ADVANCED_FACE('',(#2617),#2636,.F.);
#2617 = FACE_BOUND('',#2618,.F.);
#2618 = EDGE_LOOP('',(#2619,#2620,#2621,#2629));
#2619 = ORIENTED_EDGE('',*,*,#2516,.T.);
#2620 = ORIENTED_EDGE('',*,*,#2547,.T.);
#2621 = ORIENTED_EDGE('',*,*,#2622,.F.);
#2622 = EDGE_CURVE('',#2623,#2548,#2625,.T.);
#2623 = VERTEX_POINT('',#2624);
#2624 = CARTESIAN_POINT('',(9.224603947458,5.319998397827,0.248131936977
    ));
#2625 = LINE('',#2626,#2627);
#2626 = CARTESIAN_POINT('',(9.224603947458,5.319998397827,0.248131936977
    ));
#2627 = VECTOR('',#2628,1.);
#2628 = DIRECTION('',(0.,1.,0.));
#2629 = ORIENTED_EDGE('',*,*,#2630,.F.);
#2630 = EDGE_CURVE('',#2509,#2623,#2631,.T.);
#2631 = CIRCLE('',#2632,0.1);
#2632 = AXIS2_PLACEMENT_3D('',#2633,#2634,#2635);
#2633 = CARTESIAN_POINT('',(9.139107140276,5.319998397827,0.3));
#2634 = DIRECTION('',(0.,-1.,0.));
#2635 = DIRECTION('',(0.,0.,1.));
#2636 = CYLINDRICAL_SURFACE('',#2637,0.1);
#2637 = AXIS2_PLACEMENT_3D('',#2638,#2639,#2640);
#2638 = CARTESIAN_POINT('',(9.139107140276,5.319998397827,0.3));
#2639 = DIRECTION('',(0.,1.,0.));
#2640 = DIRECTION('',(0.,0.,-1.));
#2641 = ADVANCED_FACE('',(#2642),#2660,.F.);
#2642 = FACE_BOUND('',#2643,.F.);
#2643 = EDGE_LOOP('',(#2644,#2652,#2658,#2659));
#2644 = ORIENTED_EDGE('',*,*,#2645,.F.);
#2645 = EDGE_CURVE('',#2646,#2501,#2648,.T.);
#2646 = VERTEX_POINT('',#2647);
#2647 = CARTESIAN_POINT('',(8.687997436523,5.319998397827,0.));
#2648 = LINE('',#2649,#2650);
#2649 = CARTESIAN_POINT('',(8.687997436523,5.319998397827,0.));
#2650 = VECTOR('',#2651,1.);
#2651 = DIRECTION('',(0.,0.,1.));
#2652 = ORIENTED_EDGE('',*,*,#2653,.T.);
#2653 = EDGE_CURVE('',#2646,#2531,#2654,.T.);
#2654 = LINE('',#2655,#2656);
#2655 = CARTESIAN_POINT('',(8.687997436523,5.319998397827,0.));
#2656 = VECTOR('',#2657,1.);
#2657 = DIRECTION('',(0.,1.,0.));
#2658 = ORIENTED_EDGE('',*,*,#2540,.T.);
#2659 = ORIENTED_EDGE('',*,*,#2500,.F.);
#2660 = PLANE('',#2661);
#2661 = AXIS2_PLACEMENT_3D('',#2662,#2663,#2664);
#2662 = CARTESIAN_POINT('',(8.687997436523,5.319998397827,0.));
#2663 = DIRECTION('',(1.,0.,0.));
#2664 = DIRECTION('',(0.,0.,1.));
#2665 = ADVANCED_FACE('',(#2666),#2735,.T.);
#2666 = FACE_BOUND('',#2667,.T.);
#2667 = EDGE_LOOP('',(#2668,#2676,#2685,#2693,#2701,#2709,#2717,#2726,
    #2732,#2733,#2734));
#2668 = ORIENTED_EDGE('',*,*,#2669,.T.);
#2669 = EDGE_CURVE('',#2646,#2670,#2672,.T.);
#2670 = VERTEX_POINT('',#2671);
#2671 = CARTESIAN_POINT('',(9.251700671107,5.319998397827,0.));
#2672 = LINE('',#2673,#2674);
#2673 = CARTESIAN_POINT('',(8.687997436523,5.319998397827,0.));
#2674 = VECTOR('',#2675,1.);
#2675 = DIRECTION('',(1.,0.,0.));
#2676 = ORIENTED_EDGE('',*,*,#2677,.T.);
#2677 = EDGE_CURVE('',#2670,#2678,#2680,.T.);
#2678 = VERTEX_POINT('',#2679);
#2679 = CARTESIAN_POINT('',(9.337197478289,5.319998397827,
    4.813193697665E-02));
#2680 = CIRCLE('',#2681,0.1);
#2681 = AXIS2_PLACEMENT_3D('',#2682,#2683,#2684);
#2682 = CARTESIAN_POINT('',(9.251700671107,5.319998397827,0.1));
#2683 = DIRECTION('',(0.,-1.,0.));
#2684 = DIRECTION('',(0.,0.,1.));
#2685 = ORIENTED_EDGE('',*,*,#2686,.T.);
#2686 = EDGE_CURVE('',#2678,#2687,#2689,.T.);
#2687 = VERTEX_POINT('',#2688);
#2688 = CARTESIAN_POINT('',(9.704597352991,5.319998397827,0.653736126047
    ));
#2689 = LINE('',#2690,#2691);
#2690 = CARTESIAN_POINT('',(9.307997436523,5.319998397827,0.));
#2691 = VECTOR('',#2692,1.);
#2692 = DIRECTION('',(0.518680630234,0.,0.854968071813));
#2693 = ORIENTED_EDGE('',*,*,#2694,.T.);
#2694 = EDGE_CURVE('',#2687,#2695,#2697,.T.);
#2695 = VERTEX_POINT('',#2696);
#2696 = CARTESIAN_POINT('',(9.762997436523,5.319998397827,0.653736126047
    ));
#2697 = LINE('',#2698,#2699);
#2698 = CARTESIAN_POINT('',(9.59200382216,5.319998397827,0.653736126047)
  );
#2699 = VECTOR('',#2700,1.);
#2700 = DIRECTION('',(1.,0.,0.));
#2701 = ORIENTED_EDGE('',*,*,#2702,.T.);
#2702 = EDGE_CURVE('',#2695,#2703,#2705,.T.);
#2703 = VERTEX_POINT('',#2704);
#2704 = CARTESIAN_POINT('',(9.762997436523,5.319998397827,0.853736126047
    ));
#2705 = LINE('',#2706,#2707);
#2706 = CARTESIAN_POINT('',(9.762997436523,5.319998397827,0.653736126047
    ));
#2707 = VECTOR('',#2708,1.);
#2708 = DIRECTION('',(0.,0.,1.));
#2709 = ORIENTED_EDGE('',*,*,#2710,.F.);
#2710 = EDGE_CURVE('',#2711,#2703,#2713,.T.);
#2711 = VERTEX_POINT('',#2712);
#2712 = CARTESIAN_POINT('',(9.648300587576,5.319998397827,0.853736126047
    ));
#2713 = LINE('',#2714,#2715);
#2714 = CARTESIAN_POINT('',(9.59200382216,5.319998397827,0.853736126047)
  );
#2715 = VECTOR('',#2716,1.);
#2716 = DIRECTION('',(1.,0.,0.));
#2717 = ORIENTED_EDGE('',*,*,#2718,.F.);
#2718 = EDGE_CURVE('',#2719,#2711,#2721,.T.);
#2719 = VERTEX_POINT('',#2720);
#2720 = CARTESIAN_POINT('',(9.562803780394,5.319998397827,0.80560418907)
  );
#2721 = CIRCLE('',#2722,0.1);
#2722 = AXIS2_PLACEMENT_3D('',#2723,#2724,#2725);
#2723 = CARTESIAN_POINT('',(9.648300587576,5.319998397827,0.753736126047
    ));
#2724 = DIRECTION('',(0.,1.,0.));
#2725 = DIRECTION('',(0.,0.,1.));
#2726 = ORIENTED_EDGE('',*,*,#2727,.F.);
#2727 = EDGE_CURVE('',#2623,#2719,#2728,.T.);
#2728 = LINE('',#2729,#2730);
#2729 = CARTESIAN_POINT('',(9.13700382216,5.319998397827,0.103736126047)
  );
#2730 = VECTOR('',#2731,1.);
#2731 = DIRECTION('',(0.518680630234,0.,0.854968071813));
#2732 = ORIENTED_EDGE('',*,*,#2630,.F.);
#2733 = ORIENTED_EDGE('',*,*,#2508,.F.);
#2734 = ORIENTED_EDGE('',*,*,#2645,.F.);
#2735 = PLANE('',#2736);
#2736 = AXIS2_PLACEMENT_3D('',#2737,#2738,#2739);
#2737 = CARTESIAN_POINT('',(9.275785203383,5.319998397827,0.337541853091
    ));
#2738 = DIRECTION('',(-1.586812807788E-29,-1.,1.426150837979E-29));
#2739 = DIRECTION('',(-1.,1.586812807788E-29,0.));
#2740 = ADVANCED_FACE('',(#2741),#2752,.F.);
#2741 = FACE_BOUND('',#2742,.F.);
#2742 = EDGE_LOOP('',(#2743,#2744,#2745,#2746));
#2743 = ORIENTED_EDGE('',*,*,#2530,.F.);
#2744 = ORIENTED_EDGE('',*,*,#2653,.F.);
#2745 = ORIENTED_EDGE('',*,*,#2669,.T.);
#2746 = ORIENTED_EDGE('',*,*,#2747,.T.);
#2747 = EDGE_CURVE('',#2670,#2533,#2748,.T.);
#2748 = LINE('',#2749,#2750);
#2749 = CARTESIAN_POINT('',(9.251700671107,5.319998397827,0.));
#2750 = VECTOR('',#2751,1.);
#2751 = DIRECTION('',(0.,1.,0.));
#2752 = PLANE('',#2753);
#2753 = AXIS2_PLACEMENT_3D('',#2754,#2755,#2756);
#2754 = CARTESIAN_POINT('',(8.687997436523,5.319998397827,0.));
#2755 = DIRECTION('',(0.,0.,1.));
#2756 = DIRECTION('',(1.,0.,0.));
#2757 = ADVANCED_FACE('',(#2758),#2769,.T.);
#2758 = FACE_BOUND('',#2759,.T.);
#2759 = EDGE_LOOP('',(#2760,#2761,#2762,#2768));
#2760 = ORIENTED_EDGE('',*,*,#2747,.T.);
#2761 = ORIENTED_EDGE('',*,*,#2605,.T.);
#2762 = ORIENTED_EDGE('',*,*,#2763,.F.);
#2763 = EDGE_CURVE('',#2678,#2598,#2764,.T.);
#2764 = LINE('',#2765,#2766);
#2765 = CARTESIAN_POINT('',(9.337197478289,5.319998397827,
    4.813193697665E-02));
#2766 = VECTOR('',#2767,1.);
#2767 = DIRECTION('',(0.,1.,0.));
#2768 = ORIENTED_EDGE('',*,*,#2677,.F.);
#2769 = CYLINDRICAL_SURFACE('',#2770,0.1);
#2770 = AXIS2_PLACEMENT_3D('',#2771,#2772,#2773);
#2771 = CARTESIAN_POINT('',(9.251700671107,5.319998397827,0.1));
#2772 = DIRECTION('',(0.,1.,0.));
#2773 = DIRECTION('',(0.,0.,-1.));
#2774 = ADVANCED_FACE('',(#2775),#2786,.T.);
#2775 = FACE_BOUND('',#2776,.T.);
#2776 = EDGE_LOOP('',(#2777,#2778,#2779,#2780));
#2777 = ORIENTED_EDGE('',*,*,#2686,.F.);
#2778 = ORIENTED_EDGE('',*,*,#2763,.T.);
#2779 = ORIENTED_EDGE('',*,*,#2597,.T.);
#2780 = ORIENTED_EDGE('',*,*,#2781,.F.);
#2781 = EDGE_CURVE('',#2687,#2590,#2782,.T.);
#2782 = LINE('',#2783,#2784);
#2783 = CARTESIAN_POINT('',(9.704597352991,5.319998397827,0.653736126047
    ));
#2784 = VECTOR('',#2785,1.);
#2785 = DIRECTION('',(0.,1.,0.));
#2786 = PLANE('',#2787);
#2787 = AXIS2_PLACEMENT_3D('',#2788,#2789,#2790);
#2788 = CARTESIAN_POINT('',(9.307997436523,5.319998397827,0.));
#2789 = DIRECTION('',(0.854968071813,0.,-0.518680630234));
#2790 = DIRECTION('',(0.518680630234,0.,0.854968071813));
#2791 = ADVANCED_FACE('',(#2792),#2803,.F.);
#2792 = FACE_BOUND('',#2793,.F.);
#2793 = EDGE_LOOP('',(#2794,#2795,#2796,#2797));
#2794 = ORIENTED_EDGE('',*,*,#2589,.F.);
#2795 = ORIENTED_EDGE('',*,*,#2781,.F.);
#2796 = ORIENTED_EDGE('',*,*,#2694,.T.);
#2797 = ORIENTED_EDGE('',*,*,#2798,.T.);
#2798 = EDGE_CURVE('',#2695,#2582,#2799,.T.);
#2799 = LINE('',#2800,#2801);
#2800 = CARTESIAN_POINT('',(9.762997436523,5.319998397827,0.653736126047
    ));
#2801 = VECTOR('',#2802,1.);
#2802 = DIRECTION('',(0.,1.,0.));
#2803 = PLANE('',#2804);
#2804 = AXIS2_PLACEMENT_3D('',#2805,#2806,#2807);
#2805 = CARTESIAN_POINT('',(9.59200382216,5.319998397827,0.653736126047)
  );
#2806 = DIRECTION('',(0.,0.,1.));
#2807 = DIRECTION('',(1.,0.,0.));
#2808 = ADVANCED_FACE('',(#2809),#2820,.T.);
#2809 = FACE_BOUND('',#2810,.T.);
#2810 = EDGE_LOOP('',(#2811,#2812,#2813,#2814));
#2811 = ORIENTED_EDGE('',*,*,#2702,.F.);
#2812 = ORIENTED_EDGE('',*,*,#2798,.T.);
#2813 = ORIENTED_EDGE('',*,*,#2581,.T.);
#2814 = ORIENTED_EDGE('',*,*,#2815,.F.);
#2815 = EDGE_CURVE('',#2703,#2574,#2816,.T.);
#2816 = LINE('',#2817,#2818);
#2817 = CARTESIAN_POINT('',(9.762997436523,5.319998397827,0.853736126047
    ));
#2818 = VECTOR('',#2819,1.);
#2819 = DIRECTION('',(0.,1.,0.));
#2820 = PLANE('',#2821);
#2821 = AXIS2_PLACEMENT_3D('',#2822,#2823,#2824);
#2822 = CARTESIAN_POINT('',(9.762997436523,5.319998397827,0.653736126047
    ));
#2823 = DIRECTION('',(1.,0.,0.));
#2824 = DIRECTION('',(0.,0.,1.));
#2825 = ADVANCED_FACE('',(#2826),#2837,.F.);
#2826 = FACE_BOUND('',#2827,.F.);
#2827 = EDGE_LOOP('',(#2828,#2829,#2830,#2831));
#2828 = ORIENTED_EDGE('',*,*,#2727,.F.);
#2829 = ORIENTED_EDGE('',*,*,#2622,.T.);
#2830 = ORIENTED_EDGE('',*,*,#2556,.T.);
#2831 = ORIENTED_EDGE('',*,*,#2832,.F.);
#2832 = EDGE_CURVE('',#2719,#2557,#2833,.T.);
#2833 = LINE('',#2834,#2835);
#2834 = CARTESIAN_POINT('',(9.562803780394,5.319998397827,0.80560418907)
  );
#2835 = VECTOR('',#2836,1.);
#2836 = DIRECTION('',(0.,1.,0.));
#2837 = PLANE('',#2838);
#2838 = AXIS2_PLACEMENT_3D('',#2839,#2840,#2841);
#2839 = CARTESIAN_POINT('',(9.13700382216,5.319998397827,0.103736126047)
  );
#2840 = DIRECTION('',(0.854968071813,0.,-0.518680630234));
#2841 = DIRECTION('',(0.518680630234,0.,0.854968071813));
#2842 = ADVANCED_FACE('',(#2843),#2854,.T.);
#2843 = FACE_BOUND('',#2844,.T.);
#2844 = EDGE_LOOP('',(#2845,#2846,#2847,#2848));
#2845 = ORIENTED_EDGE('',*,*,#2710,.T.);
#2846 = ORIENTED_EDGE('',*,*,#2815,.T.);
#2847 = ORIENTED_EDGE('',*,*,#2573,.F.);
#2848 = ORIENTED_EDGE('',*,*,#2849,.F.);
#2849 = EDGE_CURVE('',#2711,#2565,#2850,.T.);
#2850 = LINE('',#2851,#2852);
#2851 = CARTESIAN_POINT('',(9.648300587576,5.319998397827,0.853736126047
    ));
#2852 = VECTOR('',#2853,1.);
#2853 = DIRECTION('',(0.,1.,0.));
#2854 = PLANE('',#2855);
#2855 = AXIS2_PLACEMENT_3D('',#2856,#2857,#2858);
#2856 = CARTESIAN_POINT('',(9.59200382216,5.319998397827,0.853736126047)
  );
#2857 = DIRECTION('',(0.,0.,1.));
#2858 = DIRECTION('',(1.,0.,0.));
#2859 = ADVANCED_FACE('',(#2860),#2866,.T.);
#2860 = FACE_BOUND('',#2861,.T.);
#2861 = EDGE_LOOP('',(#2862,#2863,#2864,#2865));
#2862 = ORIENTED_EDGE('',*,*,#2718,.T.);
#2863 = ORIENTED_EDGE('',*,*,#2849,.T.);
#2864 = ORIENTED_EDGE('',*,*,#2564,.F.);
#2865 = ORIENTED_EDGE('',*,*,#2832,.F.);
#2866 = CYLINDRICAL_SURFACE('',#2867,0.1);
#2867 = AXIS2_PLACEMENT_3D('',#2868,#2869,#2870);
#2868 = CARTESIAN_POINT('',(9.648300587576,5.319998397827,0.753736126047
    ));
#2869 = DIRECTION('',(0.,1.,0.));
#2870 = DIRECTION('',(-0.854968071813,0.,0.518680630234));
#2871 = MANIFOLD_SOLID_BREP('',#2872);
#2872 = CLOSED_SHELL('',(#2873,#2913,#3003,#3028,#3052,#3127,#3144,#3161
    ,#3178,#3195,#3212,#3229,#3246));
#2873 = ADVANCED_FACE('',(#2874),#2908,.T.);
#2874 = FACE_BOUND('',#2875,.T.);
#2875 = EDGE_LOOP('',(#2876,#2886,#2894,#2902));
#2876 = ORIENTED_EDGE('',*,*,#2877,.F.);
#2877 = EDGE_CURVE('',#2878,#2880,#2882,.T.);
#2878 = VERTEX_POINT('',#2879);
#2879 = CARTESIAN_POINT('',(14.23688773277,5.719998397827,0.2));
#2880 = VERTEX_POINT('',#2881);
#2881 = CARTESIAN_POINT('',(14.687997436523,5.719998397827,0.2));
#2882 = LINE('',#2883,#2884);
#2883 = CARTESIAN_POINT('',(14.067997436523,5.719998397827,0.2));
#2884 = VECTOR('',#2885,1.);
#2885 = DIRECTION('',(1.,0.,0.));
#2886 = ORIENTED_EDGE('',*,*,#2887,.F.);
#2887 = EDGE_CURVE('',#2888,#2878,#2890,.T.);
#2888 = VERTEX_POINT('',#2889);
#2889 = CARTESIAN_POINT('',(14.23688773277,5.319998397827,0.2));
#2890 = LINE('',#2891,#2892);
#2891 = CARTESIAN_POINT('',(14.23688773277,5.319998397827,0.2));
#2892 = VECTOR('',#2893,1.);
#2893 = DIRECTION('',(0.,1.,0.));
#2894 = ORIENTED_EDGE('',*,*,#2895,.T.);
#2895 = EDGE_CURVE('',#2888,#2896,#2898,.T.);
#2896 = VERTEX_POINT('',#2897);
#2897 = CARTESIAN_POINT('',(14.687997436523,5.319998397827,0.2));
#2898 = LINE('',#2899,#2900);
#2899 = CARTESIAN_POINT('',(14.067997436523,5.319998397827,0.2));
#2900 = VECTOR('',#2901,1.);
#2901 = DIRECTION('',(1.,0.,0.));
#2902 = ORIENTED_EDGE('',*,*,#2903,.T.);
#2903 = EDGE_CURVE('',#2896,#2880,#2904,.T.);
#2904 = LINE('',#2905,#2906);
#2905 = CARTESIAN_POINT('',(14.687997436523,5.319998397827,0.2));
#2906 = VECTOR('',#2907,1.);
#2907 = DIRECTION('',(0.,1.,0.));
#2908 = PLANE('',#2909);
#2909 = AXIS2_PLACEMENT_3D('',#2910,#2911,#2912);
#2910 = CARTESIAN_POINT('',(14.067997436523,5.319998397827,0.2));
#2911 = DIRECTION('',(0.,0.,1.));
#2912 = DIRECTION('',(1.,0.,0.));
#2913 = ADVANCED_FACE('',(#2914),#2998,.T.);
#2914 = FACE_BOUND('',#2915,.T.);
#2915 = EDGE_LOOP('',(#2916,#2926,#2935,#2943,#2951,#2959,#2967,#2976,
    #2984,#2991,#2992));
#2916 = ORIENTED_EDGE('',*,*,#2917,.F.);
#2917 = EDGE_CURVE('',#2918,#2920,#2922,.T.);
#2918 = VERTEX_POINT('',#2919);
#2919 = CARTESIAN_POINT('',(14.124294201939,5.719998397827,0.));
#2920 = VERTEX_POINT('',#2921);
#2921 = CARTESIAN_POINT('',(14.687997436523,5.719998397827,0.));
#2922 = LINE('',#2923,#2924);
#2923 = CARTESIAN_POINT('',(14.067997436523,5.719998397827,0.));
#2924 = VECTOR('',#2925,1.);
#2925 = DIRECTION('',(1.,0.,0.));
#2926 = ORIENTED_EDGE('',*,*,#2927,.T.);
#2927 = EDGE_CURVE('',#2918,#2928,#2930,.T.);
#2928 = VERTEX_POINT('',#2929);
#2929 = CARTESIAN_POINT('',(14.038797394757,5.719998397827,
    4.813193697665E-02));
#2930 = CIRCLE('',#2931,0.1);
#2931 = AXIS2_PLACEMENT_3D('',#2932,#2933,#2934);
#2932 = CARTESIAN_POINT('',(14.124294201939,5.719998397827,0.1));
#2933 = DIRECTION('',(0.,1.,0.));
#2934 = DIRECTION('',(0.,0.,1.));
#2935 = ORIENTED_EDGE('',*,*,#2936,.T.);
#2936 = EDGE_CURVE('',#2928,#2937,#2939,.T.);
#2937 = VERTEX_POINT('',#2938);
#2938 = CARTESIAN_POINT('',(13.671397520055,5.719998397827,
    0.653736126047));
#2939 = LINE('',#2940,#2941);
#2940 = CARTESIAN_POINT('',(14.067997436523,5.719998397827,0.));
#2941 = VECTOR('',#2942,1.);
#2942 = DIRECTION('',(-0.518680630234,0.,0.854968071813));
#2943 = ORIENTED_EDGE('',*,*,#2944,.F.);
#2944 = EDGE_CURVE('',#2945,#2937,#2947,.T.);
#2945 = VERTEX_POINT('',#2946);
#2946 = CARTESIAN_POINT('',(13.612997436523,5.719998397827,
    0.653736126047));
#2947 = LINE('',#2948,#2949);
#2948 = CARTESIAN_POINT('',(13.612997436523,5.719998397827,
    0.653736126047));
#2949 = VECTOR('',#2950,1.);
#2950 = DIRECTION('',(1.,0.,0.));
#2951 = ORIENTED_EDGE('',*,*,#2952,.T.);
#2952 = EDGE_CURVE('',#2945,#2953,#2955,.T.);
#2953 = VERTEX_POINT('',#2954);
#2954 = CARTESIAN_POINT('',(13.612997436523,5.719998397827,
    0.853736126047));
#2955 = LINE('',#2956,#2957);
#2956 = CARTESIAN_POINT('',(13.612997436523,5.719998397827,
    0.653736126047));
#2957 = VECTOR('',#2958,1.);
#2958 = DIRECTION('',(0.,0.,1.));
#2959 = ORIENTED_EDGE('',*,*,#2960,.T.);
#2960 = EDGE_CURVE('',#2953,#2961,#2963,.T.);
#2961 = VERTEX_POINT('',#2962);
#2962 = CARTESIAN_POINT('',(13.72769428547,5.719998397827,0.853736126047
    ));
#2963 = LINE('',#2964,#2965);
#2964 = CARTESIAN_POINT('',(13.612997436523,5.719998397827,
    0.853736126047));
#2965 = VECTOR('',#2966,1.);
#2966 = DIRECTION('',(1.,0.,0.));
#2967 = ORIENTED_EDGE('',*,*,#2968,.F.);
#2968 = EDGE_CURVE('',#2969,#2961,#2971,.T.);
#2969 = VERTEX_POINT('',#2970);
#2970 = CARTESIAN_POINT('',(13.813191092652,5.719998397827,0.80560418907
    ));
#2971 = CIRCLE('',#2972,0.1);
#2972 = AXIS2_PLACEMENT_3D('',#2973,#2974,#2975);
#2973 = CARTESIAN_POINT('',(13.72769428547,5.719998397827,0.753736126047
    ));
#2974 = DIRECTION('',(0.,-1.,0.));
#2975 = DIRECTION('',(0.,0.,1.));
#2976 = ORIENTED_EDGE('',*,*,#2977,.F.);
#2977 = EDGE_CURVE('',#2978,#2969,#2980,.T.);
#2978 = VERTEX_POINT('',#2979);
#2979 = CARTESIAN_POINT('',(14.151390925588,5.719998397827,
    0.248131936977));
#2980 = LINE('',#2981,#2982);
#2981 = CARTESIAN_POINT('',(14.238991050886,5.719998397827,
    0.103736126047));
#2982 = VECTOR('',#2983,1.);
#2983 = DIRECTION('',(-0.518680630234,0.,0.854968071813));
#2984 = ORIENTED_EDGE('',*,*,#2985,.F.);
#2985 = EDGE_CURVE('',#2878,#2978,#2986,.T.);
#2986 = CIRCLE('',#2987,0.1);
#2987 = AXIS2_PLACEMENT_3D('',#2988,#2989,#2990);
#2988 = CARTESIAN_POINT('',(14.23688773277,5.719998397827,0.3));
#2989 = DIRECTION('',(0.,1.,0.));
#2990 = DIRECTION('',(0.,0.,1.));
#2991 = ORIENTED_EDGE('',*,*,#2877,.T.);
#2992 = ORIENTED_EDGE('',*,*,#2993,.F.);
#2993 = EDGE_CURVE('',#2920,#2880,#2994,.T.);
#2994 = LINE('',#2995,#2996);
#2995 = CARTESIAN_POINT('',(14.687997436523,5.719998397827,0.));
#2996 = VECTOR('',#2997,1.);
#2997 = DIRECTION('',(0.,0.,1.));
#2998 = PLANE('',#2999);
#2999 = AXIS2_PLACEMENT_3D('',#3000,#3001,#3002);
#3000 = CARTESIAN_POINT('',(14.100209669663,5.719998397827,
    0.337541853091));
#3001 = DIRECTION('',(-9.203897445679E-30,1.,-7.85752994262E-30));
#3002 = DIRECTION('',(1.,9.203897445679E-30,0.));
#3003 = ADVANCED_FACE('',(#3004),#3023,.F.);
#3004 = FACE_BOUND('',#3005,.F.);
#3005 = EDGE_LOOP('',(#3006,#3015,#3021,#3022));
#3006 = ORIENTED_EDGE('',*,*,#3007,.T.);
#3007 = EDGE_CURVE('',#2888,#3008,#3010,.T.);
#3008 = VERTEX_POINT('',#3009);
#3009 = CARTESIAN_POINT('',(14.151390925588,5.319998397827,
    0.248131936977));
#3010 = CIRCLE('',#3011,0.1);
#3011 = AXIS2_PLACEMENT_3D('',#3012,#3013,#3014);
#3012 = CARTESIAN_POINT('',(14.23688773277,5.319998397827,0.3));
#3013 = DIRECTION('',(0.,1.,0.));
#3014 = DIRECTION('',(0.,0.,1.));
#3015 = ORIENTED_EDGE('',*,*,#3016,.T.);
#3016 = EDGE_CURVE('',#3008,#2978,#3017,.T.);
#3017 = LINE('',#3018,#3019);
#3018 = CARTESIAN_POINT('',(14.151390925588,5.319998397827,
    0.248131936977));
#3019 = VECTOR('',#3020,1.);
#3020 = DIRECTION('',(0.,1.,0.));
#3021 = ORIENTED_EDGE('',*,*,#2985,.F.);
#3022 = ORIENTED_EDGE('',*,*,#2887,.F.);
#3023 = CYLINDRICAL_SURFACE('',#3024,0.1);
#3024 = AXIS2_PLACEMENT_3D('',#3025,#3026,#3027);
#3025 = CARTESIAN_POINT('',(14.23688773277,5.319998397827,0.3));
#3026 = DIRECTION('',(0.,1.,0.));
#3027 = DIRECTION('',(0.,0.,-1.));
#3028 = ADVANCED_FACE('',(#3029),#3047,.T.);
#3029 = FACE_BOUND('',#3030,.T.);
#3030 = EDGE_LOOP('',(#3031,#3039,#3045,#3046));
#3031 = ORIENTED_EDGE('',*,*,#3032,.F.);
#3032 = EDGE_CURVE('',#3033,#2896,#3035,.T.);
#3033 = VERTEX_POINT('',#3034);
#3034 = CARTESIAN_POINT('',(14.687997436523,5.319998397827,0.));
#3035 = LINE('',#3036,#3037);
#3036 = CARTESIAN_POINT('',(14.687997436523,5.319998397827,0.));
#3037 = VECTOR('',#3038,1.);
#3038 = DIRECTION('',(0.,0.,1.));
#3039 = ORIENTED_EDGE('',*,*,#3040,.T.);
#3040 = EDGE_CURVE('',#3033,#2920,#3041,.T.);
#3041 = LINE('',#3042,#3043);
#3042 = CARTESIAN_POINT('',(14.687997436523,5.319998397827,0.));
#3043 = VECTOR('',#3044,1.);
#3044 = DIRECTION('',(0.,1.,0.));
#3045 = ORIENTED_EDGE('',*,*,#2993,.T.);
#3046 = ORIENTED_EDGE('',*,*,#2903,.F.);
#3047 = PLANE('',#3048);
#3048 = AXIS2_PLACEMENT_3D('',#3049,#3050,#3051);
#3049 = CARTESIAN_POINT('',(14.687997436523,5.319998397827,0.));
#3050 = DIRECTION('',(1.,0.,0.));
#3051 = DIRECTION('',(0.,0.,1.));
#3052 = ADVANCED_FACE('',(#3053),#3122,.T.);
#3053 = FACE_BOUND('',#3054,.T.);
#3054 = EDGE_LOOP('',(#3055,#3063,#3064,#3065,#3066,#3074,#3083,#3091,
    #3099,#3107,#3115));
#3055 = ORIENTED_EDGE('',*,*,#3056,.T.);
#3056 = EDGE_CURVE('',#3057,#3033,#3059,.T.);
#3057 = VERTEX_POINT('',#3058);
#3058 = CARTESIAN_POINT('',(14.124294201939,5.319998397827,0.));
#3059 = LINE('',#3060,#3061);
#3060 = CARTESIAN_POINT('',(14.067997436523,5.319998397827,0.));
#3061 = VECTOR('',#3062,1.);
#3062 = DIRECTION('',(1.,0.,0.));
#3063 = ORIENTED_EDGE('',*,*,#3032,.T.);
#3064 = ORIENTED_EDGE('',*,*,#2895,.F.);
#3065 = ORIENTED_EDGE('',*,*,#3007,.T.);
#3066 = ORIENTED_EDGE('',*,*,#3067,.T.);
#3067 = EDGE_CURVE('',#3008,#3068,#3070,.T.);
#3068 = VERTEX_POINT('',#3069);
#3069 = CARTESIAN_POINT('',(13.813191092652,5.319998397827,0.80560418907
    ));
#3070 = LINE('',#3071,#3072);
#3071 = CARTESIAN_POINT('',(14.238991050886,5.319998397827,
    0.103736126047));
#3072 = VECTOR('',#3073,1.);
#3073 = DIRECTION('',(-0.518680630234,0.,0.854968071813));
#3074 = ORIENTED_EDGE('',*,*,#3075,.T.);
#3075 = EDGE_CURVE('',#3068,#3076,#3078,.T.);
#3076 = VERTEX_POINT('',#3077);
#3077 = CARTESIAN_POINT('',(13.72769428547,5.319998397827,0.853736126047
    ));
#3078 = CIRCLE('',#3079,0.1);
#3079 = AXIS2_PLACEMENT_3D('',#3080,#3081,#3082);
#3080 = CARTESIAN_POINT('',(13.72769428547,5.319998397827,0.753736126047
    ));
#3081 = DIRECTION('',(0.,-1.,0.));
#3082 = DIRECTION('',(0.,0.,1.));
#3083 = ORIENTED_EDGE('',*,*,#3084,.F.);
#3084 = EDGE_CURVE('',#3085,#3076,#3087,.T.);
#3085 = VERTEX_POINT('',#3086);
#3086 = CARTESIAN_POINT('',(13.612997436523,5.319998397827,
    0.853736126047));
#3087 = LINE('',#3088,#3089);
#3088 = CARTESIAN_POINT('',(13.612997436523,5.319998397827,
    0.853736126047));
#3089 = VECTOR('',#3090,1.);
#3090 = DIRECTION('',(1.,0.,0.));
#3091 = ORIENTED_EDGE('',*,*,#3092,.F.);
#3092 = EDGE_CURVE('',#3093,#3085,#3095,.T.);
#3093 = VERTEX_POINT('',#3094);
#3094 = CARTESIAN_POINT('',(13.612997436523,5.319998397827,
    0.653736126047));
#3095 = LINE('',#3096,#3097);
#3096 = CARTESIAN_POINT('',(13.612997436523,5.319998397827,
    0.653736126047));
#3097 = VECTOR('',#3098,1.);
#3098 = DIRECTION('',(0.,0.,1.));
#3099 = ORIENTED_EDGE('',*,*,#3100,.T.);
#3100 = EDGE_CURVE('',#3093,#3101,#3103,.T.);
#3101 = VERTEX_POINT('',#3102);
#3102 = CARTESIAN_POINT('',(13.671397520055,5.319998397827,
    0.653736126047));
#3103 = LINE('',#3104,#3105);
#3104 = CARTESIAN_POINT('',(13.612997436523,5.319998397827,
    0.653736126047));
#3105 = VECTOR('',#3106,1.);
#3106 = DIRECTION('',(1.,0.,0.));
#3107 = ORIENTED_EDGE('',*,*,#3108,.F.);
#3108 = EDGE_CURVE('',#3109,#3101,#3111,.T.);
#3109 = VERTEX_POINT('',#3110);
#3110 = CARTESIAN_POINT('',(14.038797394757,5.319998397827,
    4.813193697665E-02));
#3111 = LINE('',#3112,#3113);
#3112 = CARTESIAN_POINT('',(14.067997436523,5.319998397827,0.));
#3113 = VECTOR('',#3114,1.);
#3114 = DIRECTION('',(-0.518680630234,0.,0.854968071813));
#3115 = ORIENTED_EDGE('',*,*,#3116,.F.);
#3116 = EDGE_CURVE('',#3057,#3109,#3117,.T.);
#3117 = CIRCLE('',#3118,0.1);
#3118 = AXIS2_PLACEMENT_3D('',#3119,#3120,#3121);
#3119 = CARTESIAN_POINT('',(14.124294201939,5.319998397827,0.1));
#3120 = DIRECTION('',(0.,1.,0.));
#3121 = DIRECTION('',(0.,0.,1.));
#3122 = PLANE('',#3123);
#3123 = AXIS2_PLACEMENT_3D('',#3124,#3125,#3126);
#3124 = CARTESIAN_POINT('',(14.100209669663,5.319998397827,
    0.337541853091));
#3125 = DIRECTION('',(2.190042115679E-30,-1.,1.766105396248E-30));
#3126 = DIRECTION('',(-1.,-2.190042115679E-30,0.));
#3127 = ADVANCED_FACE('',(#3128),#3139,.F.);
#3128 = FACE_BOUND('',#3129,.F.);
#3129 = EDGE_LOOP('',(#3130,#3131,#3132,#3133));
#3130 = ORIENTED_EDGE('',*,*,#3056,.T.);
#3131 = ORIENTED_EDGE('',*,*,#3040,.T.);
#3132 = ORIENTED_EDGE('',*,*,#2917,.F.);
#3133 = ORIENTED_EDGE('',*,*,#3134,.F.);
#3134 = EDGE_CURVE('',#3057,#2918,#3135,.T.);
#3135 = LINE('',#3136,#3137);
#3136 = CARTESIAN_POINT('',(14.124294201939,5.319998397827,0.));
#3137 = VECTOR('',#3138,1.);
#3138 = DIRECTION('',(0.,1.,0.));
#3139 = PLANE('',#3140);
#3140 = AXIS2_PLACEMENT_3D('',#3141,#3142,#3143);
#3141 = CARTESIAN_POINT('',(14.067997436523,5.319998397827,0.));
#3142 = DIRECTION('',(0.,0.,1.));
#3143 = DIRECTION('',(1.,0.,0.));
#3144 = ADVANCED_FACE('',(#3145),#3156,.T.);
#3145 = FACE_BOUND('',#3146,.T.);
#3146 = EDGE_LOOP('',(#3147,#3148,#3154,#3155));
#3147 = ORIENTED_EDGE('',*,*,#3116,.T.);
#3148 = ORIENTED_EDGE('',*,*,#3149,.T.);
#3149 = EDGE_CURVE('',#3109,#2928,#3150,.T.);
#3150 = LINE('',#3151,#3152);
#3151 = CARTESIAN_POINT('',(14.038797394757,5.319998397827,
    4.813193697665E-02));
#3152 = VECTOR('',#3153,1.);
#3153 = DIRECTION('',(0.,1.,0.));
#3154 = ORIENTED_EDGE('',*,*,#2927,.F.);
#3155 = ORIENTED_EDGE('',*,*,#3134,.F.);
#3156 = CYLINDRICAL_SURFACE('',#3157,0.1);
#3157 = AXIS2_PLACEMENT_3D('',#3158,#3159,#3160);
#3158 = CARTESIAN_POINT('',(14.124294201939,5.319998397827,0.1));
#3159 = DIRECTION('',(0.,1.,0.));
#3160 = DIRECTION('',(0.,0.,-1.));
#3161 = ADVANCED_FACE('',(#3162),#3173,.F.);
#3162 = FACE_BOUND('',#3163,.F.);
#3163 = EDGE_LOOP('',(#3164,#3165,#3166,#3167));
#3164 = ORIENTED_EDGE('',*,*,#3108,.F.);
#3165 = ORIENTED_EDGE('',*,*,#3149,.T.);
#3166 = ORIENTED_EDGE('',*,*,#2936,.T.);
#3167 = ORIENTED_EDGE('',*,*,#3168,.F.);
#3168 = EDGE_CURVE('',#3101,#2937,#3169,.T.);
#3169 = LINE('',#3170,#3171);
#3170 = CARTESIAN_POINT('',(13.671397520055,5.319998397827,
    0.653736126047));
#3171 = VECTOR('',#3172,1.);
#3172 = DIRECTION('',(0.,1.,0.));
#3173 = PLANE('',#3174);
#3174 = AXIS2_PLACEMENT_3D('',#3175,#3176,#3177);
#3175 = CARTESIAN_POINT('',(14.067997436523,5.319998397827,0.));
#3176 = DIRECTION('',(0.854968071813,0.,0.518680630234));
#3177 = DIRECTION('',(-0.518680630234,0.,0.854968071813));
#3178 = ADVANCED_FACE('',(#3179),#3190,.F.);
#3179 = FACE_BOUND('',#3180,.F.);
#3180 = EDGE_LOOP('',(#3181,#3182,#3188,#3189));
#3181 = ORIENTED_EDGE('',*,*,#2944,.F.);
#3182 = ORIENTED_EDGE('',*,*,#3183,.F.);
#3183 = EDGE_CURVE('',#3093,#2945,#3184,.T.);
#3184 = LINE('',#3185,#3186);
#3185 = CARTESIAN_POINT('',(13.612997436523,5.319998397827,
    0.653736126047));
#3186 = VECTOR('',#3187,1.);
#3187 = DIRECTION('',(0.,1.,0.));
#3188 = ORIENTED_EDGE('',*,*,#3100,.T.);
#3189 = ORIENTED_EDGE('',*,*,#3168,.T.);
#3190 = PLANE('',#3191);
#3191 = AXIS2_PLACEMENT_3D('',#3192,#3193,#3194);
#3192 = CARTESIAN_POINT('',(13.612997436523,5.319998397827,
    0.653736126047));
#3193 = DIRECTION('',(0.,0.,1.));
#3194 = DIRECTION('',(1.,0.,0.));
#3195 = ADVANCED_FACE('',(#3196),#3207,.F.);
#3196 = FACE_BOUND('',#3197,.T.);
#3197 = EDGE_LOOP('',(#3198,#3199,#3205,#3206));
#3198 = ORIENTED_EDGE('',*,*,#3092,.T.);
#3199 = ORIENTED_EDGE('',*,*,#3200,.T.);
#3200 = EDGE_CURVE('',#3085,#2953,#3201,.T.);
#3201 = LINE('',#3202,#3203);
#3202 = CARTESIAN_POINT('',(13.612997436523,5.319998397827,
    0.853736126047));
#3203 = VECTOR('',#3204,1.);
#3204 = DIRECTION('',(0.,1.,0.));
#3205 = ORIENTED_EDGE('',*,*,#2952,.F.);
#3206 = ORIENTED_EDGE('',*,*,#3183,.F.);
#3207 = PLANE('',#3208);
#3208 = AXIS2_PLACEMENT_3D('',#3209,#3210,#3211);
#3209 = CARTESIAN_POINT('',(13.612997436523,5.319998397827,
    0.653736126047));
#3210 = DIRECTION('',(1.,0.,0.));
#3211 = DIRECTION('',(0.,0.,1.));
#3212 = ADVANCED_FACE('',(#3213),#3224,.T.);
#3213 = FACE_BOUND('',#3214,.T.);
#3214 = EDGE_LOOP('',(#3215,#3216,#3217,#3218));
#3215 = ORIENTED_EDGE('',*,*,#3067,.F.);
#3216 = ORIENTED_EDGE('',*,*,#3016,.T.);
#3217 = ORIENTED_EDGE('',*,*,#2977,.T.);
#3218 = ORIENTED_EDGE('',*,*,#3219,.F.);
#3219 = EDGE_CURVE('',#3068,#2969,#3220,.T.);
#3220 = LINE('',#3221,#3222);
#3221 = CARTESIAN_POINT('',(13.813191092652,5.319998397827,0.80560418907
    ));
#3222 = VECTOR('',#3223,1.);
#3223 = DIRECTION('',(0.,1.,0.));
#3224 = PLANE('',#3225);
#3225 = AXIS2_PLACEMENT_3D('',#3226,#3227,#3228);
#3226 = CARTESIAN_POINT('',(14.238991050886,5.319998397827,
    0.103736126047));
#3227 = DIRECTION('',(0.854968071813,0.,0.518680630234));
#3228 = DIRECTION('',(-0.518680630234,0.,0.854968071813));
#3229 = ADVANCED_FACE('',(#3230),#3241,.T.);
#3230 = FACE_BOUND('',#3231,.T.);
#3231 = EDGE_LOOP('',(#3232,#3233,#3234,#3235));
#3232 = ORIENTED_EDGE('',*,*,#2960,.F.);
#3233 = ORIENTED_EDGE('',*,*,#3200,.F.);
#3234 = ORIENTED_EDGE('',*,*,#3084,.T.);
#3235 = ORIENTED_EDGE('',*,*,#3236,.T.);
#3236 = EDGE_CURVE('',#3076,#2961,#3237,.T.);
#3237 = LINE('',#3238,#3239);
#3238 = CARTESIAN_POINT('',(13.72769428547,5.319998397827,0.853736126047
    ));
#3239 = VECTOR('',#3240,1.);
#3240 = DIRECTION('',(0.,1.,0.));
#3241 = PLANE('',#3242);
#3242 = AXIS2_PLACEMENT_3D('',#3243,#3244,#3245);
#3243 = CARTESIAN_POINT('',(13.612997436523,5.319998397827,
    0.853736126047));
#3244 = DIRECTION('',(0.,0.,1.));
#3245 = DIRECTION('',(1.,0.,0.));
#3246 = ADVANCED_FACE('',(#3247),#3253,.T.);
#3247 = FACE_BOUND('',#3248,.T.);
#3248 = EDGE_LOOP('',(#3249,#3250,#3251,#3252));
#3249 = ORIENTED_EDGE('',*,*,#3219,.T.);
#3250 = ORIENTED_EDGE('',*,*,#2968,.T.);
#3251 = ORIENTED_EDGE('',*,*,#3236,.F.);
#3252 = ORIENTED_EDGE('',*,*,#3075,.F.);
#3253 = CYLINDRICAL_SURFACE('',#3254,0.1);
#3254 = AXIS2_PLACEMENT_3D('',#3255,#3256,#3257);
#3255 = CARTESIAN_POINT('',(13.72769428547,5.319998397827,0.753736126047
    ));
#3256 = DIRECTION('',(0.,1.,0.));
#3257 = DIRECTION('',(0.854968071813,0.,0.518680630234));
#3258 = MANIFOLD_SOLID_BREP('',#3259);
#3259 = CLOSED_SHELL('',(#3260,#3300,#3390,#3415,#3439,#3514,#3531,#3548
    ,#3565,#3582,#3599,#3616,#3633));
#3260 = ADVANCED_FACE('',(#3261),#3295,.T.);
#3261 = FACE_BOUND('',#3262,.T.);
#3262 = EDGE_LOOP('',(#3263,#3273,#3281,#3289));
#3263 = ORIENTED_EDGE('',*,*,#3264,.F.);
#3264 = EDGE_CURVE('',#3265,#3267,#3269,.T.);
#3265 = VERTEX_POINT('',#3266);
#3266 = CARTESIAN_POINT('',(8.687997436523,4.449998397827,0.2));
#3267 = VERTEX_POINT('',#3268);
#3268 = CARTESIAN_POINT('',(9.139107140276,4.449998397827,0.2));
#3269 = LINE('',#3270,#3271);
#3270 = CARTESIAN_POINT('',(8.687997436523,4.449998397827,0.2));
#3271 = VECTOR('',#3272,1.);
#3272 = DIRECTION('',(1.,0.,0.));
#3273 = ORIENTED_EDGE('',*,*,#3274,.F.);
#3274 = EDGE_CURVE('',#3275,#3265,#3277,.T.);
#3275 = VERTEX_POINT('',#3276);
#3276 = CARTESIAN_POINT('',(8.687997436523,4.049998397827,0.2));
#3277 = LINE('',#3278,#3279);
#3278 = CARTESIAN_POINT('',(8.687997436523,4.049998397827,0.2));
#3279 = VECTOR('',#3280,1.);
#3280 = DIRECTION('',(0.,1.,0.));
#3281 = ORIENTED_EDGE('',*,*,#3282,.T.);
#3282 = EDGE_CURVE('',#3275,#3283,#3285,.T.);
#3283 = VERTEX_POINT('',#3284);
#3284 = CARTESIAN_POINT('',(9.139107140276,4.049998397827,0.2));
#3285 = LINE('',#3286,#3287);
#3286 = CARTESIAN_POINT('',(8.687997436523,4.049998397827,0.2));
#3287 = VECTOR('',#3288,1.);
#3288 = DIRECTION('',(1.,0.,0.));
#3289 = ORIENTED_EDGE('',*,*,#3290,.T.);
#3290 = EDGE_CURVE('',#3283,#3267,#3291,.T.);
#3291 = LINE('',#3292,#3293);
#3292 = CARTESIAN_POINT('',(9.139107140276,4.049998397827,0.2));
#3293 = VECTOR('',#3294,1.);
#3294 = DIRECTION('',(0.,1.,0.));
#3295 = PLANE('',#3296);
#3296 = AXIS2_PLACEMENT_3D('',#3297,#3298,#3299);
#3297 = CARTESIAN_POINT('',(8.687997436523,4.049998397827,0.2));
#3298 = DIRECTION('',(0.,0.,1.));
#3299 = DIRECTION('',(1.,0.,0.));
#3300 = ADVANCED_FACE('',(#3301),#3385,.T.);
#3301 = FACE_BOUND('',#3302,.T.);
#3302 = EDGE_LOOP('',(#3303,#3313,#3319,#3320,#3329,#3337,#3346,#3354,
    #3362,#3370,#3378));
#3303 = ORIENTED_EDGE('',*,*,#3304,.F.);
#3304 = EDGE_CURVE('',#3305,#3307,#3309,.T.);
#3305 = VERTEX_POINT('',#3306);
#3306 = CARTESIAN_POINT('',(8.687997436523,4.449998397827,0.));
#3307 = VERTEX_POINT('',#3308);
#3308 = CARTESIAN_POINT('',(9.251700671107,4.449998397827,0.));
#3309 = LINE('',#3310,#3311);
#3310 = CARTESIAN_POINT('',(8.687997436523,4.449998397827,0.));
#3311 = VECTOR('',#3312,1.);
#3312 = DIRECTION('',(1.,0.,0.));
#3313 = ORIENTED_EDGE('',*,*,#3314,.T.);
#3314 = EDGE_CURVE('',#3305,#3265,#3315,.T.);
#3315 = LINE('',#3316,#3317);
#3316 = CARTESIAN_POINT('',(8.687997436523,4.449998397827,0.));
#3317 = VECTOR('',#3318,1.);
#3318 = DIRECTION('',(0.,0.,1.));
#3319 = ORIENTED_EDGE('',*,*,#3264,.T.);
#3320 = ORIENTED_EDGE('',*,*,#3321,.T.);
#3321 = EDGE_CURVE('',#3267,#3322,#3324,.T.);
#3322 = VERTEX_POINT('',#3323);
#3323 = CARTESIAN_POINT('',(9.224603947458,4.449998397827,0.248131936977
    ));
#3324 = CIRCLE('',#3325,0.1);
#3325 = AXIS2_PLACEMENT_3D('',#3326,#3327,#3328);
#3326 = CARTESIAN_POINT('',(9.139107140276,4.449998397827,0.3));
#3327 = DIRECTION('',(0.,-1.,0.));
#3328 = DIRECTION('',(0.,0.,1.));
#3329 = ORIENTED_EDGE('',*,*,#3330,.T.);
#3330 = EDGE_CURVE('',#3322,#3331,#3333,.T.);
#3331 = VERTEX_POINT('',#3332);
#3332 = CARTESIAN_POINT('',(9.562803780394,4.449998397827,0.80560418907)
  );
#3333 = LINE('',#3334,#3335);
#3334 = CARTESIAN_POINT('',(9.13700382216,4.449998397827,0.103736126047)
  );
#3335 = VECTOR('',#3336,1.);
#3336 = DIRECTION('',(0.518680630234,0.,0.854968071813));
#3337 = ORIENTED_EDGE('',*,*,#3338,.T.);
#3338 = EDGE_CURVE('',#3331,#3339,#3341,.T.);
#3339 = VERTEX_POINT('',#3340);
#3340 = CARTESIAN_POINT('',(9.648300587576,4.449998397827,0.853736126047
    ));
#3341 = CIRCLE('',#3342,0.1);
#3342 = AXIS2_PLACEMENT_3D('',#3343,#3344,#3345);
#3343 = CARTESIAN_POINT('',(9.648300587576,4.449998397827,0.753736126047
    ));
#3344 = DIRECTION('',(0.,1.,0.));
#3345 = DIRECTION('',(0.,0.,1.));
#3346 = ORIENTED_EDGE('',*,*,#3347,.T.);
#3347 = EDGE_CURVE('',#3339,#3348,#3350,.T.);
#3348 = VERTEX_POINT('',#3349);
#3349 = CARTESIAN_POINT('',(9.762997436523,4.449998397827,0.853736126047
    ));
#3350 = LINE('',#3351,#3352);
#3351 = CARTESIAN_POINT('',(9.59200382216,4.449998397827,0.853736126047)
  );
#3352 = VECTOR('',#3353,1.);
#3353 = DIRECTION('',(1.,0.,0.));
#3354 = ORIENTED_EDGE('',*,*,#3355,.F.);
#3355 = EDGE_CURVE('',#3356,#3348,#3358,.T.);
#3356 = VERTEX_POINT('',#3357);
#3357 = CARTESIAN_POINT('',(9.762997436523,4.449998397827,0.653736126047
    ));
#3358 = LINE('',#3359,#3360);
#3359 = CARTESIAN_POINT('',(9.762997436523,4.449998397827,0.653736126047
    ));
#3360 = VECTOR('',#3361,1.);
#3361 = DIRECTION('',(0.,0.,1.));
#3362 = ORIENTED_EDGE('',*,*,#3363,.F.);
#3363 = EDGE_CURVE('',#3364,#3356,#3366,.T.);
#3364 = VERTEX_POINT('',#3365);
#3365 = CARTESIAN_POINT('',(9.704597352991,4.449998397827,0.653736126047
    ));
#3366 = LINE('',#3367,#3368);
#3367 = CARTESIAN_POINT('',(9.59200382216,4.449998397827,0.653736126047)
  );
#3368 = VECTOR('',#3369,1.);
#3369 = DIRECTION('',(1.,0.,0.));
#3370 = ORIENTED_EDGE('',*,*,#3371,.F.);
#3371 = EDGE_CURVE('',#3372,#3364,#3374,.T.);
#3372 = VERTEX_POINT('',#3373);
#3373 = CARTESIAN_POINT('',(9.337197478289,4.449998397827,
    4.813193697665E-02));
#3374 = LINE('',#3375,#3376);
#3375 = CARTESIAN_POINT('',(9.307997436523,4.449998397827,0.));
#3376 = VECTOR('',#3377,1.);
#3377 = DIRECTION('',(0.518680630234,0.,0.854968071813));
#3378 = ORIENTED_EDGE('',*,*,#3379,.F.);
#3379 = EDGE_CURVE('',#3307,#3372,#3380,.T.);
#3380 = CIRCLE('',#3381,0.1);
#3381 = AXIS2_PLACEMENT_3D('',#3382,#3383,#3384);
#3382 = CARTESIAN_POINT('',(9.251700671107,4.449998397827,0.1));
#3383 = DIRECTION('',(0.,-1.,0.));
#3384 = DIRECTION('',(0.,0.,1.));
#3385 = PLANE('',#3386);
#3386 = AXIS2_PLACEMENT_3D('',#3387,#3388,#3389);
#3387 = CARTESIAN_POINT('',(9.275785203383,4.449998397827,0.337541853091
    ));
#3388 = DIRECTION('',(0.,1.,0.));
#3389 = DIRECTION('',(0.,0.,1.));
#3390 = ADVANCED_FACE('',(#3391),#3410,.F.);
#3391 = FACE_BOUND('',#3392,.F.);
#3392 = EDGE_LOOP('',(#3393,#3394,#3395,#3403));
#3393 = ORIENTED_EDGE('',*,*,#3290,.T.);
#3394 = ORIENTED_EDGE('',*,*,#3321,.T.);
#3395 = ORIENTED_EDGE('',*,*,#3396,.F.);
#3396 = EDGE_CURVE('',#3397,#3322,#3399,.T.);
#3397 = VERTEX_POINT('',#3398);
#3398 = CARTESIAN_POINT('',(9.224603947458,4.049998397827,0.248131936977
    ));
#3399 = LINE('',#3400,#3401);
#3400 = CARTESIAN_POINT('',(9.224603947458,4.049998397827,0.248131936977
    ));
#3401 = VECTOR('',#3402,1.);
#3402 = DIRECTION('',(0.,1.,0.));
#3403 = ORIENTED_EDGE('',*,*,#3404,.F.);
#3404 = EDGE_CURVE('',#3283,#3397,#3405,.T.);
#3405 = CIRCLE('',#3406,0.1);
#3406 = AXIS2_PLACEMENT_3D('',#3407,#3408,#3409);
#3407 = CARTESIAN_POINT('',(9.139107140276,4.049998397827,0.3));
#3408 = DIRECTION('',(0.,-1.,0.));
#3409 = DIRECTION('',(0.,0.,1.));
#3410 = CYLINDRICAL_SURFACE('',#3411,0.1);
#3411 = AXIS2_PLACEMENT_3D('',#3412,#3413,#3414);
#3412 = CARTESIAN_POINT('',(9.139107140276,4.049998397827,0.3));
#3413 = DIRECTION('',(0.,1.,0.));
#3414 = DIRECTION('',(0.,0.,-1.));
#3415 = ADVANCED_FACE('',(#3416),#3434,.F.);
#3416 = FACE_BOUND('',#3417,.F.);
#3417 = EDGE_LOOP('',(#3418,#3426,#3432,#3433));
#3418 = ORIENTED_EDGE('',*,*,#3419,.F.);
#3419 = EDGE_CURVE('',#3420,#3275,#3422,.T.);
#3420 = VERTEX_POINT('',#3421);
#3421 = CARTESIAN_POINT('',(8.687997436523,4.049998397827,0.));
#3422 = LINE('',#3423,#3424);
#3423 = CARTESIAN_POINT('',(8.687997436523,4.049998397827,0.));
#3424 = VECTOR('',#3425,1.);
#3425 = DIRECTION('',(0.,0.,1.));
#3426 = ORIENTED_EDGE('',*,*,#3427,.T.);
#3427 = EDGE_CURVE('',#3420,#3305,#3428,.T.);
#3428 = LINE('',#3429,#3430);
#3429 = CARTESIAN_POINT('',(8.687997436523,4.049998397827,0.));
#3430 = VECTOR('',#3431,1.);
#3431 = DIRECTION('',(0.,1.,0.));
#3432 = ORIENTED_EDGE('',*,*,#3314,.T.);
#3433 = ORIENTED_EDGE('',*,*,#3274,.F.);
#3434 = PLANE('',#3435);
#3435 = AXIS2_PLACEMENT_3D('',#3436,#3437,#3438);
#3436 = CARTESIAN_POINT('',(8.687997436523,4.049998397827,0.));
#3437 = DIRECTION('',(1.,0.,0.));
#3438 = DIRECTION('',(0.,0.,1.));
#3439 = ADVANCED_FACE('',(#3440),#3509,.T.);
#3440 = FACE_BOUND('',#3441,.T.);
#3441 = EDGE_LOOP('',(#3442,#3450,#3459,#3467,#3475,#3483,#3491,#3500,
    #3506,#3507,#3508));
#3442 = ORIENTED_EDGE('',*,*,#3443,.T.);
#3443 = EDGE_CURVE('',#3420,#3444,#3446,.T.);
#3444 = VERTEX_POINT('',#3445);
#3445 = CARTESIAN_POINT('',(9.251700671107,4.049998397827,0.));
#3446 = LINE('',#3447,#3448);
#3447 = CARTESIAN_POINT('',(8.687997436523,4.049998397827,0.));
#3448 = VECTOR('',#3449,1.);
#3449 = DIRECTION('',(1.,0.,0.));
#3450 = ORIENTED_EDGE('',*,*,#3451,.T.);
#3451 = EDGE_CURVE('',#3444,#3452,#3454,.T.);
#3452 = VERTEX_POINT('',#3453);
#3453 = CARTESIAN_POINT('',(9.337197478289,4.049998397827,
    4.813193697665E-02));
#3454 = CIRCLE('',#3455,0.1);
#3455 = AXIS2_PLACEMENT_3D('',#3456,#3457,#3458);
#3456 = CARTESIAN_POINT('',(9.251700671107,4.049998397827,0.1));
#3457 = DIRECTION('',(0.,-1.,0.));
#3458 = DIRECTION('',(0.,0.,1.));
#3459 = ORIENTED_EDGE('',*,*,#3460,.T.);
#3460 = EDGE_CURVE('',#3452,#3461,#3463,.T.);
#3461 = VERTEX_POINT('',#3462);
#3462 = CARTESIAN_POINT('',(9.704597352991,4.049998397827,0.653736126047
    ));
#3463 = LINE('',#3464,#3465);
#3464 = CARTESIAN_POINT('',(9.307997436523,4.049998397827,0.));
#3465 = VECTOR('',#3466,1.);
#3466 = DIRECTION('',(0.518680630234,0.,0.854968071813));
#3467 = ORIENTED_EDGE('',*,*,#3468,.T.);
#3468 = EDGE_CURVE('',#3461,#3469,#3471,.T.);
#3469 = VERTEX_POINT('',#3470);
#3470 = CARTESIAN_POINT('',(9.762997436523,4.049998397827,0.653736126047
    ));
#3471 = LINE('',#3472,#3473);
#3472 = CARTESIAN_POINT('',(9.59200382216,4.049998397827,0.653736126047)
  );
#3473 = VECTOR('',#3474,1.);
#3474 = DIRECTION('',(1.,0.,0.));
#3475 = ORIENTED_EDGE('',*,*,#3476,.T.);
#3476 = EDGE_CURVE('',#3469,#3477,#3479,.T.);
#3477 = VERTEX_POINT('',#3478);
#3478 = CARTESIAN_POINT('',(9.762997436523,4.049998397827,0.853736126047
    ));
#3479 = LINE('',#3480,#3481);
#3480 = CARTESIAN_POINT('',(9.762997436523,4.049998397827,0.653736126047
    ));
#3481 = VECTOR('',#3482,1.);
#3482 = DIRECTION('',(0.,0.,1.));
#3483 = ORIENTED_EDGE('',*,*,#3484,.F.);
#3484 = EDGE_CURVE('',#3485,#3477,#3487,.T.);
#3485 = VERTEX_POINT('',#3486);
#3486 = CARTESIAN_POINT('',(9.648300587576,4.049998397827,0.853736126047
    ));
#3487 = LINE('',#3488,#3489);
#3488 = CARTESIAN_POINT('',(9.59200382216,4.049998397827,0.853736126047)
  );
#3489 = VECTOR('',#3490,1.);
#3490 = DIRECTION('',(1.,0.,0.));
#3491 = ORIENTED_EDGE('',*,*,#3492,.F.);
#3492 = EDGE_CURVE('',#3493,#3485,#3495,.T.);
#3493 = VERTEX_POINT('',#3494);
#3494 = CARTESIAN_POINT('',(9.562803780394,4.049998397827,0.80560418907)
  );
#3495 = CIRCLE('',#3496,0.1);
#3496 = AXIS2_PLACEMENT_3D('',#3497,#3498,#3499);
#3497 = CARTESIAN_POINT('',(9.648300587576,4.049998397827,0.753736126047
    ));
#3498 = DIRECTION('',(0.,1.,0.));
#3499 = DIRECTION('',(0.,0.,1.));
#3500 = ORIENTED_EDGE('',*,*,#3501,.F.);
#3501 = EDGE_CURVE('',#3397,#3493,#3502,.T.);
#3502 = LINE('',#3503,#3504);
#3503 = CARTESIAN_POINT('',(9.13700382216,4.049998397827,0.103736126047)
  );
#3504 = VECTOR('',#3505,1.);
#3505 = DIRECTION('',(0.518680630234,0.,0.854968071813));
#3506 = ORIENTED_EDGE('',*,*,#3404,.F.);
#3507 = ORIENTED_EDGE('',*,*,#3282,.F.);
#3508 = ORIENTED_EDGE('',*,*,#3419,.F.);
#3509 = PLANE('',#3510);
#3510 = AXIS2_PLACEMENT_3D('',#3511,#3512,#3513);
#3511 = CARTESIAN_POINT('',(9.275785203383,4.049998397827,0.337541853091
    ));
#3512 = DIRECTION('',(-1.586812807788E-29,-1.,1.426150837979E-29));
#3513 = DIRECTION('',(-1.,1.586812807788E-29,0.));
#3514 = ADVANCED_FACE('',(#3515),#3526,.F.);
#3515 = FACE_BOUND('',#3516,.F.);
#3516 = EDGE_LOOP('',(#3517,#3518,#3519,#3520));
#3517 = ORIENTED_EDGE('',*,*,#3304,.F.);
#3518 = ORIENTED_EDGE('',*,*,#3427,.F.);
#3519 = ORIENTED_EDGE('',*,*,#3443,.T.);
#3520 = ORIENTED_EDGE('',*,*,#3521,.T.);
#3521 = EDGE_CURVE('',#3444,#3307,#3522,.T.);
#3522 = LINE('',#3523,#3524);
#3523 = CARTESIAN_POINT('',(9.251700671107,4.049998397827,0.));
#3524 = VECTOR('',#3525,1.);
#3525 = DIRECTION('',(0.,1.,0.));
#3526 = PLANE('',#3527);
#3527 = AXIS2_PLACEMENT_3D('',#3528,#3529,#3530);
#3528 = CARTESIAN_POINT('',(8.687997436523,4.049998397827,0.));
#3529 = DIRECTION('',(0.,0.,1.));
#3530 = DIRECTION('',(1.,0.,0.));
#3531 = ADVANCED_FACE('',(#3532),#3543,.T.);
#3532 = FACE_BOUND('',#3533,.T.);
#3533 = EDGE_LOOP('',(#3534,#3535,#3536,#3542));
#3534 = ORIENTED_EDGE('',*,*,#3521,.T.);
#3535 = ORIENTED_EDGE('',*,*,#3379,.T.);
#3536 = ORIENTED_EDGE('',*,*,#3537,.F.);
#3537 = EDGE_CURVE('',#3452,#3372,#3538,.T.);
#3538 = LINE('',#3539,#3540);
#3539 = CARTESIAN_POINT('',(9.337197478289,4.049998397827,
    4.813193697665E-02));
#3540 = VECTOR('',#3541,1.);
#3541 = DIRECTION('',(0.,1.,0.));
#3542 = ORIENTED_EDGE('',*,*,#3451,.F.);
#3543 = CYLINDRICAL_SURFACE('',#3544,0.1);
#3544 = AXIS2_PLACEMENT_3D('',#3545,#3546,#3547);
#3545 = CARTESIAN_POINT('',(9.251700671107,4.049998397827,0.1));
#3546 = DIRECTION('',(0.,1.,0.));
#3547 = DIRECTION('',(0.,0.,-1.));
#3548 = ADVANCED_FACE('',(#3549),#3560,.T.);
#3549 = FACE_BOUND('',#3550,.T.);
#3550 = EDGE_LOOP('',(#3551,#3552,#3553,#3554));
#3551 = ORIENTED_EDGE('',*,*,#3460,.F.);
#3552 = ORIENTED_EDGE('',*,*,#3537,.T.);
#3553 = ORIENTED_EDGE('',*,*,#3371,.T.);
#3554 = ORIENTED_EDGE('',*,*,#3555,.F.);
#3555 = EDGE_CURVE('',#3461,#3364,#3556,.T.);
#3556 = LINE('',#3557,#3558);
#3557 = CARTESIAN_POINT('',(9.704597352991,4.049998397827,0.653736126047
    ));
#3558 = VECTOR('',#3559,1.);
#3559 = DIRECTION('',(0.,1.,0.));
#3560 = PLANE('',#3561);
#3561 = AXIS2_PLACEMENT_3D('',#3562,#3563,#3564);
#3562 = CARTESIAN_POINT('',(9.307997436523,4.049998397827,0.));
#3563 = DIRECTION('',(0.854968071813,0.,-0.518680630234));
#3564 = DIRECTION('',(0.518680630234,0.,0.854968071813));
#3565 = ADVANCED_FACE('',(#3566),#3577,.F.);
#3566 = FACE_BOUND('',#3567,.F.);
#3567 = EDGE_LOOP('',(#3568,#3569,#3570,#3571));
#3568 = ORIENTED_EDGE('',*,*,#3363,.F.);
#3569 = ORIENTED_EDGE('',*,*,#3555,.F.);
#3570 = ORIENTED_EDGE('',*,*,#3468,.T.);
#3571 = ORIENTED_EDGE('',*,*,#3572,.T.);
#3572 = EDGE_CURVE('',#3469,#3356,#3573,.T.);
#3573 = LINE('',#3574,#3575);
#3574 = CARTESIAN_POINT('',(9.762997436523,4.049998397827,0.653736126047
    ));
#3575 = VECTOR('',#3576,1.);
#3576 = DIRECTION('',(0.,1.,0.));
#3577 = PLANE('',#3578);
#3578 = AXIS2_PLACEMENT_3D('',#3579,#3580,#3581);
#3579 = CARTESIAN_POINT('',(9.59200382216,4.049998397827,0.653736126047)
  );
#3580 = DIRECTION('',(0.,0.,1.));
#3581 = DIRECTION('',(1.,0.,0.));
#3582 = ADVANCED_FACE('',(#3583),#3594,.T.);
#3583 = FACE_BOUND('',#3584,.T.);
#3584 = EDGE_LOOP('',(#3585,#3586,#3587,#3588));
#3585 = ORIENTED_EDGE('',*,*,#3476,.F.);
#3586 = ORIENTED_EDGE('',*,*,#3572,.T.);
#3587 = ORIENTED_EDGE('',*,*,#3355,.T.);
#3588 = ORIENTED_EDGE('',*,*,#3589,.F.);
#3589 = EDGE_CURVE('',#3477,#3348,#3590,.T.);
#3590 = LINE('',#3591,#3592);
#3591 = CARTESIAN_POINT('',(9.762997436523,4.049998397827,0.853736126047
    ));
#3592 = VECTOR('',#3593,1.);
#3593 = DIRECTION('',(0.,1.,0.));
#3594 = PLANE('',#3595);
#3595 = AXIS2_PLACEMENT_3D('',#3596,#3597,#3598);
#3596 = CARTESIAN_POINT('',(9.762997436523,4.049998397827,0.653736126047
    ));
#3597 = DIRECTION('',(1.,0.,0.));
#3598 = DIRECTION('',(0.,0.,1.));
#3599 = ADVANCED_FACE('',(#3600),#3611,.F.);
#3600 = FACE_BOUND('',#3601,.F.);
#3601 = EDGE_LOOP('',(#3602,#3603,#3604,#3605));
#3602 = ORIENTED_EDGE('',*,*,#3501,.F.);
#3603 = ORIENTED_EDGE('',*,*,#3396,.T.);
#3604 = ORIENTED_EDGE('',*,*,#3330,.T.);
#3605 = ORIENTED_EDGE('',*,*,#3606,.F.);
#3606 = EDGE_CURVE('',#3493,#3331,#3607,.T.);
#3607 = LINE('',#3608,#3609);
#3608 = CARTESIAN_POINT('',(9.562803780394,4.049998397827,0.80560418907)
  );
#3609 = VECTOR('',#3610,1.);
#3610 = DIRECTION('',(0.,1.,0.));
#3611 = PLANE('',#3612);
#3612 = AXIS2_PLACEMENT_3D('',#3613,#3614,#3615);
#3613 = CARTESIAN_POINT('',(9.13700382216,4.049998397827,0.103736126047)
  );
#3614 = DIRECTION('',(0.854968071813,0.,-0.518680630234));
#3615 = DIRECTION('',(0.518680630234,0.,0.854968071813));
#3616 = ADVANCED_FACE('',(#3617),#3628,.T.);
#3617 = FACE_BOUND('',#3618,.T.);
#3618 = EDGE_LOOP('',(#3619,#3620,#3621,#3622));
#3619 = ORIENTED_EDGE('',*,*,#3484,.T.);
#3620 = ORIENTED_EDGE('',*,*,#3589,.T.);
#3621 = ORIENTED_EDGE('',*,*,#3347,.F.);
#3622 = ORIENTED_EDGE('',*,*,#3623,.F.);
#3623 = EDGE_CURVE('',#3485,#3339,#3624,.T.);
#3624 = LINE('',#3625,#3626);
#3625 = CARTESIAN_POINT('',(9.648300587576,4.049998397827,0.853736126047
    ));
#3626 = VECTOR('',#3627,1.);
#3627 = DIRECTION('',(0.,1.,0.));
#3628 = PLANE('',#3629);
#3629 = AXIS2_PLACEMENT_3D('',#3630,#3631,#3632);
#3630 = CARTESIAN_POINT('',(9.59200382216,4.049998397827,0.853736126047)
  );
#3631 = DIRECTION('',(0.,0.,1.));
#3632 = DIRECTION('',(1.,0.,0.));
#3633 = ADVANCED_FACE('',(#3634),#3640,.T.);
#3634 = FACE_BOUND('',#3635,.T.);
#3635 = EDGE_LOOP('',(#3636,#3637,#3638,#3639));
#3636 = ORIENTED_EDGE('',*,*,#3492,.T.);
#3637 = ORIENTED_EDGE('',*,*,#3623,.T.);
#3638 = ORIENTED_EDGE('',*,*,#3338,.F.);
#3639 = ORIENTED_EDGE('',*,*,#3606,.F.);
#3640 = CYLINDRICAL_SURFACE('',#3641,0.1);
#3641 = AXIS2_PLACEMENT_3D('',#3642,#3643,#3644);
#3642 = CARTESIAN_POINT('',(9.648300587576,4.049998397827,0.753736126047
    ));
#3643 = DIRECTION('',(0.,1.,0.));
#3644 = DIRECTION('',(-0.854968071813,0.,0.518680630234));
#3645 = MANIFOLD_SOLID_BREP('',#3646);
#3646 = CLOSED_SHELL('',(#3647,#3687,#3777,#3802,#3826,#3901,#3918,#3935
    ,#3952,#3969,#3986,#4003,#4020));
#3647 = ADVANCED_FACE('',(#3648),#3682,.T.);
#3648 = FACE_BOUND('',#3649,.T.);
#3649 = EDGE_LOOP('',(#3650,#3660,#3668,#3676));
#3650 = ORIENTED_EDGE('',*,*,#3651,.F.);
#3651 = EDGE_CURVE('',#3652,#3654,#3656,.T.);
#3652 = VERTEX_POINT('',#3653);
#3653 = CARTESIAN_POINT('',(14.23688773277,4.449998397827,0.2));
#3654 = VERTEX_POINT('',#3655);
#3655 = CARTESIAN_POINT('',(14.687997436523,4.449998397827,0.2));
#3656 = LINE('',#3657,#3658);
#3657 = CARTESIAN_POINT('',(14.067997436523,4.449998397827,0.2));
#3658 = VECTOR('',#3659,1.);
#3659 = DIRECTION('',(1.,0.,0.));
#3660 = ORIENTED_EDGE('',*,*,#3661,.F.);
#3661 = EDGE_CURVE('',#3662,#3652,#3664,.T.);
#3662 = VERTEX_POINT('',#3663);
#3663 = CARTESIAN_POINT('',(14.23688773277,4.049998397827,0.2));
#3664 = LINE('',#3665,#3666);
#3665 = CARTESIAN_POINT('',(14.23688773277,4.049998397827,0.2));
#3666 = VECTOR('',#3667,1.);
#3667 = DIRECTION('',(0.,1.,0.));
#3668 = ORIENTED_EDGE('',*,*,#3669,.T.);
#3669 = EDGE_CURVE('',#3662,#3670,#3672,.T.);
#3670 = VERTEX_POINT('',#3671);
#3671 = CARTESIAN_POINT('',(14.687997436523,4.049998397827,0.2));
#3672 = LINE('',#3673,#3674);
#3673 = CARTESIAN_POINT('',(14.067997436523,4.049998397827,0.2));
#3674 = VECTOR('',#3675,1.);
#3675 = DIRECTION('',(1.,0.,0.));
#3676 = ORIENTED_EDGE('',*,*,#3677,.T.);
#3677 = EDGE_CURVE('',#3670,#3654,#3678,.T.);
#3678 = LINE('',#3679,#3680);
#3679 = CARTESIAN_POINT('',(14.687997436523,4.049998397827,0.2));
#3680 = VECTOR('',#3681,1.);
#3681 = DIRECTION('',(0.,1.,0.));
#3682 = PLANE('',#3683);
#3683 = AXIS2_PLACEMENT_3D('',#3684,#3685,#3686);
#3684 = CARTESIAN_POINT('',(14.067997436523,4.049998397827,0.2));
#3685 = DIRECTION('',(0.,0.,1.));
#3686 = DIRECTION('',(1.,0.,0.));
#3687 = ADVANCED_FACE('',(#3688),#3772,.T.);
#3688 = FACE_BOUND('',#3689,.T.);
#3689 = EDGE_LOOP('',(#3690,#3700,#3709,#3717,#3725,#3733,#3741,#3750,
    #3758,#3765,#3766));
#3690 = ORIENTED_EDGE('',*,*,#3691,.F.);
#3691 = EDGE_CURVE('',#3692,#3694,#3696,.T.);
#3692 = VERTEX_POINT('',#3693);
#3693 = CARTESIAN_POINT('',(14.124294201939,4.449998397827,0.));
#3694 = VERTEX_POINT('',#3695);
#3695 = CARTESIAN_POINT('',(14.687997436523,4.449998397827,0.));
#3696 = LINE('',#3697,#3698);
#3697 = CARTESIAN_POINT('',(14.067997436523,4.449998397827,0.));
#3698 = VECTOR('',#3699,1.);
#3699 = DIRECTION('',(1.,0.,0.));
#3700 = ORIENTED_EDGE('',*,*,#3701,.T.);
#3701 = EDGE_CURVE('',#3692,#3702,#3704,.T.);
#3702 = VERTEX_POINT('',#3703);
#3703 = CARTESIAN_POINT('',(14.038797394757,4.449998397827,
    4.813193697665E-02));
#3704 = CIRCLE('',#3705,0.1);
#3705 = AXIS2_PLACEMENT_3D('',#3706,#3707,#3708);
#3706 = CARTESIAN_POINT('',(14.124294201939,4.449998397827,0.1));
#3707 = DIRECTION('',(0.,1.,0.));
#3708 = DIRECTION('',(0.,0.,1.));
#3709 = ORIENTED_EDGE('',*,*,#3710,.T.);
#3710 = EDGE_CURVE('',#3702,#3711,#3713,.T.);
#3711 = VERTEX_POINT('',#3712);
#3712 = CARTESIAN_POINT('',(13.671397520055,4.449998397827,
    0.653736126047));
#3713 = LINE('',#3714,#3715);
#3714 = CARTESIAN_POINT('',(14.067997436523,4.449998397827,0.));
#3715 = VECTOR('',#3716,1.);
#3716 = DIRECTION('',(-0.518680630234,0.,0.854968071813));
#3717 = ORIENTED_EDGE('',*,*,#3718,.F.);
#3718 = EDGE_CURVE('',#3719,#3711,#3721,.T.);
#3719 = VERTEX_POINT('',#3720);
#3720 = CARTESIAN_POINT('',(13.612997436523,4.449998397827,
    0.653736126047));
#3721 = LINE('',#3722,#3723);
#3722 = CARTESIAN_POINT('',(13.612997436523,4.449998397827,
    0.653736126047));
#3723 = VECTOR('',#3724,1.);
#3724 = DIRECTION('',(1.,0.,0.));
#3725 = ORIENTED_EDGE('',*,*,#3726,.T.);
#3726 = EDGE_CURVE('',#3719,#3727,#3729,.T.);
#3727 = VERTEX_POINT('',#3728);
#3728 = CARTESIAN_POINT('',(13.612997436523,4.449998397827,
    0.853736126047));
#3729 = LINE('',#3730,#3731);
#3730 = CARTESIAN_POINT('',(13.612997436523,4.449998397827,
    0.653736126047));
#3731 = VECTOR('',#3732,1.);
#3732 = DIRECTION('',(0.,0.,1.));
#3733 = ORIENTED_EDGE('',*,*,#3734,.T.);
#3734 = EDGE_CURVE('',#3727,#3735,#3737,.T.);
#3735 = VERTEX_POINT('',#3736);
#3736 = CARTESIAN_POINT('',(13.72769428547,4.449998397827,0.853736126047
    ));
#3737 = LINE('',#3738,#3739);
#3738 = CARTESIAN_POINT('',(13.612997436523,4.449998397827,
    0.853736126047));
#3739 = VECTOR('',#3740,1.);
#3740 = DIRECTION('',(1.,0.,0.));
#3741 = ORIENTED_EDGE('',*,*,#3742,.F.);
#3742 = EDGE_CURVE('',#3743,#3735,#3745,.T.);
#3743 = VERTEX_POINT('',#3744);
#3744 = CARTESIAN_POINT('',(13.813191092652,4.449998397827,0.80560418907
    ));
#3745 = CIRCLE('',#3746,0.1);
#3746 = AXIS2_PLACEMENT_3D('',#3747,#3748,#3749);
#3747 = CARTESIAN_POINT('',(13.72769428547,4.449998397827,0.753736126047
    ));
#3748 = DIRECTION('',(0.,-1.,0.));
#3749 = DIRECTION('',(0.,0.,1.));
#3750 = ORIENTED_EDGE('',*,*,#3751,.F.);
#3751 = EDGE_CURVE('',#3752,#3743,#3754,.T.);
#3752 = VERTEX_POINT('',#3753);
#3753 = CARTESIAN_POINT('',(14.151390925588,4.449998397827,
    0.248131936977));
#3754 = LINE('',#3755,#3756);
#3755 = CARTESIAN_POINT('',(14.238991050886,4.449998397827,
    0.103736126047));
#3756 = VECTOR('',#3757,1.);
#3757 = DIRECTION('',(-0.518680630234,0.,0.854968071813));
#3758 = ORIENTED_EDGE('',*,*,#3759,.F.);
#3759 = EDGE_CURVE('',#3652,#3752,#3760,.T.);
#3760 = CIRCLE('',#3761,0.1);
#3761 = AXIS2_PLACEMENT_3D('',#3762,#3763,#3764);
#3762 = CARTESIAN_POINT('',(14.23688773277,4.449998397827,0.3));
#3763 = DIRECTION('',(0.,1.,0.));
#3764 = DIRECTION('',(0.,0.,1.));
#3765 = ORIENTED_EDGE('',*,*,#3651,.T.);
#3766 = ORIENTED_EDGE('',*,*,#3767,.F.);
#3767 = EDGE_CURVE('',#3694,#3654,#3768,.T.);
#3768 = LINE('',#3769,#3770);
#3769 = CARTESIAN_POINT('',(14.687997436523,4.449998397827,0.));
#3770 = VECTOR('',#3771,1.);
#3771 = DIRECTION('',(0.,0.,1.));
#3772 = PLANE('',#3773);
#3773 = AXIS2_PLACEMENT_3D('',#3774,#3775,#3776);
#3774 = CARTESIAN_POINT('',(14.100209669663,4.449998397827,
    0.337541853091));
#3775 = DIRECTION('',(-9.203897445679E-30,1.,-7.85752994262E-30));
#3776 = DIRECTION('',(1.,9.203897445679E-30,0.));
#3777 = ADVANCED_FACE('',(#3778),#3797,.F.);
#3778 = FACE_BOUND('',#3779,.F.);
#3779 = EDGE_LOOP('',(#3780,#3789,#3795,#3796));
#3780 = ORIENTED_EDGE('',*,*,#3781,.T.);
#3781 = EDGE_CURVE('',#3662,#3782,#3784,.T.);
#3782 = VERTEX_POINT('',#3783);
#3783 = CARTESIAN_POINT('',(14.151390925588,4.049998397827,
    0.248131936977));
#3784 = CIRCLE('',#3785,0.1);
#3785 = AXIS2_PLACEMENT_3D('',#3786,#3787,#3788);
#3786 = CARTESIAN_POINT('',(14.23688773277,4.049998397827,0.3));
#3787 = DIRECTION('',(0.,1.,0.));
#3788 = DIRECTION('',(0.,0.,1.));
#3789 = ORIENTED_EDGE('',*,*,#3790,.T.);
#3790 = EDGE_CURVE('',#3782,#3752,#3791,.T.);
#3791 = LINE('',#3792,#3793);
#3792 = CARTESIAN_POINT('',(14.151390925588,4.049998397827,
    0.248131936977));
#3793 = VECTOR('',#3794,1.);
#3794 = DIRECTION('',(0.,1.,0.));
#3795 = ORIENTED_EDGE('',*,*,#3759,.F.);
#3796 = ORIENTED_EDGE('',*,*,#3661,.F.);
#3797 = CYLINDRICAL_SURFACE('',#3798,0.1);
#3798 = AXIS2_PLACEMENT_3D('',#3799,#3800,#3801);
#3799 = CARTESIAN_POINT('',(14.23688773277,4.049998397827,0.3));
#3800 = DIRECTION('',(0.,1.,0.));
#3801 = DIRECTION('',(0.,0.,-1.));
#3802 = ADVANCED_FACE('',(#3803),#3821,.T.);
#3803 = FACE_BOUND('',#3804,.T.);
#3804 = EDGE_LOOP('',(#3805,#3813,#3819,#3820));
#3805 = ORIENTED_EDGE('',*,*,#3806,.F.);
#3806 = EDGE_CURVE('',#3807,#3670,#3809,.T.);
#3807 = VERTEX_POINT('',#3808);
#3808 = CARTESIAN_POINT('',(14.687997436523,4.049998397827,0.));
#3809 = LINE('',#3810,#3811);
#3810 = CARTESIAN_POINT('',(14.687997436523,4.049998397827,0.));
#3811 = VECTOR('',#3812,1.);
#3812 = DIRECTION('',(0.,0.,1.));
#3813 = ORIENTED_EDGE('',*,*,#3814,.T.);
#3814 = EDGE_CURVE('',#3807,#3694,#3815,.T.);
#3815 = LINE('',#3816,#3817);
#3816 = CARTESIAN_POINT('',(14.687997436523,4.049998397827,0.));
#3817 = VECTOR('',#3818,1.);
#3818 = DIRECTION('',(0.,1.,0.));
#3819 = ORIENTED_EDGE('',*,*,#3767,.T.);
#3820 = ORIENTED_EDGE('',*,*,#3677,.F.);
#3821 = PLANE('',#3822);
#3822 = AXIS2_PLACEMENT_3D('',#3823,#3824,#3825);
#3823 = CARTESIAN_POINT('',(14.687997436523,4.049998397827,0.));
#3824 = DIRECTION('',(1.,0.,0.));
#3825 = DIRECTION('',(0.,0.,1.));
#3826 = ADVANCED_FACE('',(#3827),#3896,.T.);
#3827 = FACE_BOUND('',#3828,.T.);
#3828 = EDGE_LOOP('',(#3829,#3837,#3838,#3839,#3840,#3848,#3857,#3865,
    #3873,#3881,#3889));
#3829 = ORIENTED_EDGE('',*,*,#3830,.T.);
#3830 = EDGE_CURVE('',#3831,#3807,#3833,.T.);
#3831 = VERTEX_POINT('',#3832);
#3832 = CARTESIAN_POINT('',(14.124294201939,4.049998397827,0.));
#3833 = LINE('',#3834,#3835);
#3834 = CARTESIAN_POINT('',(14.067997436523,4.049998397827,0.));
#3835 = VECTOR('',#3836,1.);
#3836 = DIRECTION('',(1.,0.,0.));
#3837 = ORIENTED_EDGE('',*,*,#3806,.T.);
#3838 = ORIENTED_EDGE('',*,*,#3669,.F.);
#3839 = ORIENTED_EDGE('',*,*,#3781,.T.);
#3840 = ORIENTED_EDGE('',*,*,#3841,.T.);
#3841 = EDGE_CURVE('',#3782,#3842,#3844,.T.);
#3842 = VERTEX_POINT('',#3843);
#3843 = CARTESIAN_POINT('',(13.813191092652,4.049998397827,0.80560418907
    ));
#3844 = LINE('',#3845,#3846);
#3845 = CARTESIAN_POINT('',(14.238991050886,4.049998397827,
    0.103736126047));
#3846 = VECTOR('',#3847,1.);
#3847 = DIRECTION('',(-0.518680630234,0.,0.854968071813));
#3848 = ORIENTED_EDGE('',*,*,#3849,.T.);
#3849 = EDGE_CURVE('',#3842,#3850,#3852,.T.);
#3850 = VERTEX_POINT('',#3851);
#3851 = CARTESIAN_POINT('',(13.72769428547,4.049998397827,0.853736126047
    ));
#3852 = CIRCLE('',#3853,0.1);
#3853 = AXIS2_PLACEMENT_3D('',#3854,#3855,#3856);
#3854 = CARTESIAN_POINT('',(13.72769428547,4.049998397827,0.753736126047
    ));
#3855 = DIRECTION('',(0.,-1.,0.));
#3856 = DIRECTION('',(0.,0.,1.));
#3857 = ORIENTED_EDGE('',*,*,#3858,.F.);
#3858 = EDGE_CURVE('',#3859,#3850,#3861,.T.);
#3859 = VERTEX_POINT('',#3860);
#3860 = CARTESIAN_POINT('',(13.612997436523,4.049998397827,
    0.853736126047));
#3861 = LINE('',#3862,#3863);
#3862 = CARTESIAN_POINT('',(13.612997436523,4.049998397827,
    0.853736126047));
#3863 = VECTOR('',#3864,1.);
#3864 = DIRECTION('',(1.,0.,0.));
#3865 = ORIENTED_EDGE('',*,*,#3866,.F.);
#3866 = EDGE_CURVE('',#3867,#3859,#3869,.T.);
#3867 = VERTEX_POINT('',#3868);
#3868 = CARTESIAN_POINT('',(13.612997436523,4.049998397827,
    0.653736126047));
#3869 = LINE('',#3870,#3871);
#3870 = CARTESIAN_POINT('',(13.612997436523,4.049998397827,
    0.653736126047));
#3871 = VECTOR('',#3872,1.);
#3872 = DIRECTION('',(0.,0.,1.));
#3873 = ORIENTED_EDGE('',*,*,#3874,.T.);
#3874 = EDGE_CURVE('',#3867,#3875,#3877,.T.);
#3875 = VERTEX_POINT('',#3876);
#3876 = CARTESIAN_POINT('',(13.671397520055,4.049998397827,
    0.653736126047));
#3877 = LINE('',#3878,#3879);
#3878 = CARTESIAN_POINT('',(13.612997436523,4.049998397827,
    0.653736126047));
#3879 = VECTOR('',#3880,1.);
#3880 = DIRECTION('',(1.,0.,0.));
#3881 = ORIENTED_EDGE('',*,*,#3882,.F.);
#3882 = EDGE_CURVE('',#3883,#3875,#3885,.T.);
#3883 = VERTEX_POINT('',#3884);
#3884 = CARTESIAN_POINT('',(14.038797394757,4.049998397827,
    4.813193697665E-02));
#3885 = LINE('',#3886,#3887);
#3886 = CARTESIAN_POINT('',(14.067997436523,4.049998397827,0.));
#3887 = VECTOR('',#3888,1.);
#3888 = DIRECTION('',(-0.518680630234,0.,0.854968071813));
#3889 = ORIENTED_EDGE('',*,*,#3890,.F.);
#3890 = EDGE_CURVE('',#3831,#3883,#3891,.T.);
#3891 = CIRCLE('',#3892,0.1);
#3892 = AXIS2_PLACEMENT_3D('',#3893,#3894,#3895);
#3893 = CARTESIAN_POINT('',(14.124294201939,4.049998397827,0.1));
#3894 = DIRECTION('',(0.,1.,0.));
#3895 = DIRECTION('',(0.,0.,1.));
#3896 = PLANE('',#3897);
#3897 = AXIS2_PLACEMENT_3D('',#3898,#3899,#3900);
#3898 = CARTESIAN_POINT('',(14.100209669663,4.049998397827,
    0.337541853091));
#3899 = DIRECTION('',(2.190042115679E-30,-1.,1.766105396248E-30));
#3900 = DIRECTION('',(-1.,-2.190042115679E-30,0.));
#3901 = ADVANCED_FACE('',(#3902),#3913,.F.);
#3902 = FACE_BOUND('',#3903,.F.);
#3903 = EDGE_LOOP('',(#3904,#3905,#3906,#3907));
#3904 = ORIENTED_EDGE('',*,*,#3830,.T.);
#3905 = ORIENTED_EDGE('',*,*,#3814,.T.);
#3906 = ORIENTED_EDGE('',*,*,#3691,.F.);
#3907 = ORIENTED_EDGE('',*,*,#3908,.F.);
#3908 = EDGE_CURVE('',#3831,#3692,#3909,.T.);
#3909 = LINE('',#3910,#3911);
#3910 = CARTESIAN_POINT('',(14.124294201939,4.049998397827,0.));
#3911 = VECTOR('',#3912,1.);
#3912 = DIRECTION('',(0.,1.,0.));
#3913 = PLANE('',#3914);
#3914 = AXIS2_PLACEMENT_3D('',#3915,#3916,#3917);
#3915 = CARTESIAN_POINT('',(14.067997436523,4.049998397827,0.));
#3916 = DIRECTION('',(0.,0.,1.));
#3917 = DIRECTION('',(1.,0.,0.));
#3918 = ADVANCED_FACE('',(#3919),#3930,.T.);
#3919 = FACE_BOUND('',#3920,.T.);
#3920 = EDGE_LOOP('',(#3921,#3922,#3928,#3929));
#3921 = ORIENTED_EDGE('',*,*,#3890,.T.);
#3922 = ORIENTED_EDGE('',*,*,#3923,.T.);
#3923 = EDGE_CURVE('',#3883,#3702,#3924,.T.);
#3924 = LINE('',#3925,#3926);
#3925 = CARTESIAN_POINT('',(14.038797394757,4.049998397827,
    4.813193697665E-02));
#3926 = VECTOR('',#3927,1.);
#3927 = DIRECTION('',(0.,1.,0.));
#3928 = ORIENTED_EDGE('',*,*,#3701,.F.);
#3929 = ORIENTED_EDGE('',*,*,#3908,.F.);
#3930 = CYLINDRICAL_SURFACE('',#3931,0.1);
#3931 = AXIS2_PLACEMENT_3D('',#3932,#3933,#3934);
#3932 = CARTESIAN_POINT('',(14.124294201939,4.049998397827,0.1));
#3933 = DIRECTION('',(0.,1.,0.));
#3934 = DIRECTION('',(0.,0.,-1.));
#3935 = ADVANCED_FACE('',(#3936),#3947,.F.);
#3936 = FACE_BOUND('',#3937,.F.);
#3937 = EDGE_LOOP('',(#3938,#3939,#3940,#3941));
#3938 = ORIENTED_EDGE('',*,*,#3882,.F.);
#3939 = ORIENTED_EDGE('',*,*,#3923,.T.);
#3940 = ORIENTED_EDGE('',*,*,#3710,.T.);
#3941 = ORIENTED_EDGE('',*,*,#3942,.F.);
#3942 = EDGE_CURVE('',#3875,#3711,#3943,.T.);
#3943 = LINE('',#3944,#3945);
#3944 = CARTESIAN_POINT('',(13.671397520055,4.049998397827,
    0.653736126047));
#3945 = VECTOR('',#3946,1.);
#3946 = DIRECTION('',(0.,1.,0.));
#3947 = PLANE('',#3948);
#3948 = AXIS2_PLACEMENT_3D('',#3949,#3950,#3951);
#3949 = CARTESIAN_POINT('',(14.067997436523,4.049998397827,0.));
#3950 = DIRECTION('',(0.854968071813,0.,0.518680630234));
#3951 = DIRECTION('',(-0.518680630234,0.,0.854968071813));
#3952 = ADVANCED_FACE('',(#3953),#3964,.F.);
#3953 = FACE_BOUND('',#3954,.F.);
#3954 = EDGE_LOOP('',(#3955,#3956,#3962,#3963));
#3955 = ORIENTED_EDGE('',*,*,#3718,.F.);
#3956 = ORIENTED_EDGE('',*,*,#3957,.F.);
#3957 = EDGE_CURVE('',#3867,#3719,#3958,.T.);
#3958 = LINE('',#3959,#3960);
#3959 = CARTESIAN_POINT('',(13.612997436523,4.049998397827,
    0.653736126047));
#3960 = VECTOR('',#3961,1.);
#3961 = DIRECTION('',(0.,1.,0.));
#3962 = ORIENTED_EDGE('',*,*,#3874,.T.);
#3963 = ORIENTED_EDGE('',*,*,#3942,.T.);
#3964 = PLANE('',#3965);
#3965 = AXIS2_PLACEMENT_3D('',#3966,#3967,#3968);
#3966 = CARTESIAN_POINT('',(13.612997436523,4.049998397827,
    0.653736126047));
#3967 = DIRECTION('',(0.,0.,1.));
#3968 = DIRECTION('',(1.,0.,0.));
#3969 = ADVANCED_FACE('',(#3970),#3981,.F.);
#3970 = FACE_BOUND('',#3971,.T.);
#3971 = EDGE_LOOP('',(#3972,#3973,#3979,#3980));
#3972 = ORIENTED_EDGE('',*,*,#3866,.T.);
#3973 = ORIENTED_EDGE('',*,*,#3974,.T.);
#3974 = EDGE_CURVE('',#3859,#3727,#3975,.T.);
#3975 = LINE('',#3976,#3977);
#3976 = CARTESIAN_POINT('',(13.612997436523,4.049998397827,
    0.853736126047));
#3977 = VECTOR('',#3978,1.);
#3978 = DIRECTION('',(0.,1.,0.));
#3979 = ORIENTED_EDGE('',*,*,#3726,.F.);
#3980 = ORIENTED_EDGE('',*,*,#3957,.F.);
#3981 = PLANE('',#3982);
#3982 = AXIS2_PLACEMENT_3D('',#3983,#3984,#3985);
#3983 = CARTESIAN_POINT('',(13.612997436523,4.049998397827,
    0.653736126047));
#3984 = DIRECTION('',(1.,0.,0.));
#3985 = DIRECTION('',(0.,0.,1.));
#3986 = ADVANCED_FACE('',(#3987),#3998,.T.);
#3987 = FACE_BOUND('',#3988,.T.);
#3988 = EDGE_LOOP('',(#3989,#3990,#3991,#3992));
#3989 = ORIENTED_EDGE('',*,*,#3841,.F.);
#3990 = ORIENTED_EDGE('',*,*,#3790,.T.);
#3991 = ORIENTED_EDGE('',*,*,#3751,.T.);
#3992 = ORIENTED_EDGE('',*,*,#3993,.F.);
#3993 = EDGE_CURVE('',#3842,#3743,#3994,.T.);
#3994 = LINE('',#3995,#3996);
#3995 = CARTESIAN_POINT('',(13.813191092652,4.049998397827,0.80560418907
    ));
#3996 = VECTOR('',#3997,1.);
#3997 = DIRECTION('',(0.,1.,0.));
#3998 = PLANE('',#3999);
#3999 = AXIS2_PLACEMENT_3D('',#4000,#4001,#4002);
#4000 = CARTESIAN_POINT('',(14.238991050886,4.049998397827,
    0.103736126047));
#4001 = DIRECTION('',(0.854968071813,0.,0.518680630234));
#4002 = DIRECTION('',(-0.518680630234,0.,0.854968071813));
#4003 = ADVANCED_FACE('',(#4004),#4015,.T.);
#4004 = FACE_BOUND('',#4005,.T.);
#4005 = EDGE_LOOP('',(#4006,#4007,#4008,#4009));
#4006 = ORIENTED_EDGE('',*,*,#3734,.F.);
#4007 = ORIENTED_EDGE('',*,*,#3974,.F.);
#4008 = ORIENTED_EDGE('',*,*,#3858,.T.);
#4009 = ORIENTED_EDGE('',*,*,#4010,.T.);
#4010 = EDGE_CURVE('',#3850,#3735,#4011,.T.);
#4011 = LINE('',#4012,#4013);
#4012 = CARTESIAN_POINT('',(13.72769428547,4.049998397827,0.853736126047
    ));
#4013 = VECTOR('',#4014,1.);
#4014 = DIRECTION('',(0.,1.,0.));
#4015 = PLANE('',#4016);
#4016 = AXIS2_PLACEMENT_3D('',#4017,#4018,#4019);
#4017 = CARTESIAN_POINT('',(13.612997436523,4.049998397827,
    0.853736126047));
#4018 = DIRECTION('',(0.,0.,1.));
#4019 = DIRECTION('',(1.,0.,0.));
#4020 = ADVANCED_FACE('',(#4021),#4027,.T.);
#4021 = FACE_BOUND('',#4022,.T.);
#4022 = EDGE_LOOP('',(#4023,#4024,#4025,#4026));
#4023 = ORIENTED_EDGE('',*,*,#3993,.T.);
#4024 = ORIENTED_EDGE('',*,*,#3742,.T.);
#4025 = ORIENTED_EDGE('',*,*,#4010,.F.);
#4026 = ORIENTED_EDGE('',*,*,#3849,.F.);
#4027 = CYLINDRICAL_SURFACE('',#4028,0.1);
#4028 = AXIS2_PLACEMENT_3D('',#4029,#4030,#4031);
#4029 = CARTESIAN_POINT('',(13.72769428547,4.049998397827,0.753736126047
    ));
#4030 = DIRECTION('',(0.,1.,0.));
#4031 = DIRECTION('',(0.854968071813,0.,0.518680630234));
#4032 = ( GEOMETRIC_REPRESENTATION_CONTEXT(3) 
GLOBAL_UNCERTAINTY_ASSIGNED_CONTEXT((#4036)) 
GLOBAL_UNIT_ASSIGNED_CONTEXT((#4033,#4034,#4035)) REPRESENTATION_CONTEXT
('Context #1','3D Context with UNIT and UNCERTAINTY') );
#4033 = ( LENGTH_UNIT() NAMED_UNIT(*) SI_UNIT(.MILLI.,.METRE.) );
#4034 = ( NAMED_UNIT(*) PLANE_ANGLE_UNIT() SI_UNIT($,.RADIAN.) );
#4035 = ( NAMED_UNIT(*) SI_UNIT($,.STERADIAN.) SOLID_ANGLE_UNIT() );
#4036 = UNCERTAINTY_MEASURE_WITH_UNIT(LENGTH_MEASURE(1.E-07),#4033,
  'distance_accuracy_value','confusion accuracy');
#4037 = PRODUCT_RELATED_PRODUCT_CATEGORY('part',$,(#932));
#4038 = SHAPE_DEFINITION_REPRESENTATION(#4039,#4045);
#4039 = PRODUCT_DEFINITION_SHAPE('','',#4040);
#4040 = PRODUCT_DEFINITION('design','',#4041,#4044);
#4041 = PRODUCT_DEFINITION_FORMATION('','',#4042);
#4042 = PRODUCT('Open CASCADE STEP translator 7.5 82',
  'Open CASCADE STEP translator 7.5 82','',(#4043));
#4043 = PRODUCT_CONTEXT('',#2,'mechanical');
#4044 = PRODUCT_DEFINITION_CONTEXT('part definition',#2,'design');
#4045 = ADVANCED_BREP_SHAPE_REPRESENTATION('',(#11,#4046),#4196);
#4046 = MANIFOLD_SOLID_BREP('',#4047);
#4047 = CLOSED_SHELL('',(#4048,#4088,#4128,#4150,#4172,#4184));
#4048 = ADVANCED_FACE('',(#4049),#4083,.F.);
#4049 = FACE_BOUND('',#4050,.F.);
#4050 = EDGE_LOOP('',(#4051,#4061,#4069,#4077));
#4051 = ORIENTED_EDGE('',*,*,#4052,.F.);
#4052 = EDGE_CURVE('',#4053,#4055,#4057,.T.);
#4053 = VERTEX_POINT('',#4054);
#4054 = CARTESIAN_POINT('',(10.482997436523,4.629998397827,0.));
#4055 = VERTEX_POINT('',#4056);
#4056 = CARTESIAN_POINT('',(10.482997436523,4.629998397827,6.5E-02));
#4057 = LINE('',#4058,#4059);
#4058 = CARTESIAN_POINT('',(10.482997436523,4.629998397827,0.));
#4059 = VECTOR('',#4060,1.);
#4060 = DIRECTION('',(0.,0.,1.));
#4061 = ORIENTED_EDGE('',*,*,#4062,.T.);
#4062 = EDGE_CURVE('',#4053,#4063,#4065,.T.);
#4063 = VERTEX_POINT('',#4064);
#4064 = CARTESIAN_POINT('',(10.482997436523,7.679998397827,0.));
#4065 = LINE('',#4066,#4067);
#4066 = CARTESIAN_POINT('',(10.482997436523,4.629998397827,0.));
#4067 = VECTOR('',#4068,1.);
#4068 = DIRECTION('',(0.,1.,0.));
#4069 = ORIENTED_EDGE('',*,*,#4070,.T.);
#4070 = EDGE_CURVE('',#4063,#4071,#4073,.T.);
#4071 = VERTEX_POINT('',#4072);
#4072 = CARTESIAN_POINT('',(10.482997436523,7.679998397827,6.5E-02));
#4073 = LINE('',#4074,#4075);
#4074 = CARTESIAN_POINT('',(10.482997436523,7.679998397827,0.));
#4075 = VECTOR('',#4076,1.);
#4076 = DIRECTION('',(0.,0.,1.));
#4077 = ORIENTED_EDGE('',*,*,#4078,.F.);
#4078 = EDGE_CURVE('',#4055,#4071,#4079,.T.);
#4079 = LINE('',#4080,#4081);
#4080 = CARTESIAN_POINT('',(10.482997436523,4.629998397827,6.5E-02));
#4081 = VECTOR('',#4082,1.);
#4082 = DIRECTION('',(0.,1.,0.));
#4083 = PLANE('',#4084);
#4084 = AXIS2_PLACEMENT_3D('',#4085,#4086,#4087);
#4085 = CARTESIAN_POINT('',(10.482997436523,4.629998397827,0.));
#4086 = DIRECTION('',(1.,0.,0.));
#4087 = DIRECTION('',(0.,0.,1.));
#4088 = ADVANCED_FACE('',(#4089),#4123,.T.);
#4089 = FACE_BOUND('',#4090,.T.);
#4090 = EDGE_LOOP('',(#4091,#4101,#4109,#4117));
#4091 = ORIENTED_EDGE('',*,*,#4092,.F.);
#4092 = EDGE_CURVE('',#4093,#4095,#4097,.T.);
#4093 = VERTEX_POINT('',#4094);
#4094 = CARTESIAN_POINT('',(12.892997436523,4.629998397827,0.));
#4095 = VERTEX_POINT('',#4096);
#4096 = CARTESIAN_POINT('',(12.892997436523,4.629998397827,6.5E-02));
#4097 = LINE('',#4098,#4099);
#4098 = CARTESIAN_POINT('',(12.892997436523,4.629998397827,0.));
#4099 = VECTOR('',#4100,1.);
#4100 = DIRECTION('',(0.,0.,1.));
#4101 = ORIENTED_EDGE('',*,*,#4102,.T.);
#4102 = EDGE_CURVE('',#4093,#4103,#4105,.T.);
#4103 = VERTEX_POINT('',#4104);
#4104 = CARTESIAN_POINT('',(12.892997436523,7.679998397827,0.));
#4105 = LINE('',#4106,#4107);
#4106 = CARTESIAN_POINT('',(12.892997436523,4.629998397827,0.));
#4107 = VECTOR('',#4108,1.);
#4108 = DIRECTION('',(0.,1.,0.));
#4109 = ORIENTED_EDGE('',*,*,#4110,.T.);
#4110 = EDGE_CURVE('',#4103,#4111,#4113,.T.);
#4111 = VERTEX_POINT('',#4112);
#4112 = CARTESIAN_POINT('',(12.892997436523,7.679998397827,6.5E-02));
#4113 = LINE('',#4114,#4115);
#4114 = CARTESIAN_POINT('',(12.892997436523,7.679998397827,0.));
#4115 = VECTOR('',#4116,1.);
#4116 = DIRECTION('',(0.,0.,1.));
#4117 = ORIENTED_EDGE('',*,*,#4118,.F.);
#4118 = EDGE_CURVE('',#4095,#4111,#4119,.T.);
#4119 = LINE('',#4120,#4121);
#4120 = CARTESIAN_POINT('',(12.892997436523,4.629998397827,6.5E-02));
#4121 = VECTOR('',#4122,1.);
#4122 = DIRECTION('',(0.,1.,0.));
#4123 = PLANE('',#4124);
#4124 = AXIS2_PLACEMENT_3D('',#4125,#4126,#4127);
#4125 = CARTESIAN_POINT('',(12.892997436523,4.629998397827,0.));
#4126 = DIRECTION('',(1.,0.,0.));
#4127 = DIRECTION('',(0.,0.,1.));
#4128 = ADVANCED_FACE('',(#4129),#4145,.F.);
#4129 = FACE_BOUND('',#4130,.F.);
#4130 = EDGE_LOOP('',(#4131,#4137,#4138,#4144));
#4131 = ORIENTED_EDGE('',*,*,#4132,.F.);
#4132 = EDGE_CURVE('',#4053,#4093,#4133,.T.);
#4133 = LINE('',#4134,#4135);
#4134 = CARTESIAN_POINT('',(10.482997436523,4.629998397827,0.));
#4135 = VECTOR('',#4136,1.);
#4136 = DIRECTION('',(1.,0.,0.));
#4137 = ORIENTED_EDGE('',*,*,#4052,.T.);
#4138 = ORIENTED_EDGE('',*,*,#4139,.T.);
#4139 = EDGE_CURVE('',#4055,#4095,#4140,.T.);
#4140 = LINE('',#4141,#4142);
#4141 = CARTESIAN_POINT('',(10.482997436523,4.629998397827,6.5E-02));
#4142 = VECTOR('',#4143,1.);
#4143 = DIRECTION('',(1.,0.,0.));
#4144 = ORIENTED_EDGE('',*,*,#4092,.F.);
#4145 = PLANE('',#4146);
#4146 = AXIS2_PLACEMENT_3D('',#4147,#4148,#4149);
#4147 = CARTESIAN_POINT('',(10.482997436523,4.629998397827,0.));
#4148 = DIRECTION('',(0.,1.,0.));
#4149 = DIRECTION('',(0.,0.,1.));
#4150 = ADVANCED_FACE('',(#4151),#4167,.T.);
#4151 = FACE_BOUND('',#4152,.T.);
#4152 = EDGE_LOOP('',(#4153,#4159,#4160,#4166));
#4153 = ORIENTED_EDGE('',*,*,#4154,.F.);
#4154 = EDGE_CURVE('',#4063,#4103,#4155,.T.);
#4155 = LINE('',#4156,#4157);
#4156 = CARTESIAN_POINT('',(10.482997436523,7.679998397827,0.));
#4157 = VECTOR('',#4158,1.);
#4158 = DIRECTION('',(1.,0.,0.));
#4159 = ORIENTED_EDGE('',*,*,#4070,.T.);
#4160 = ORIENTED_EDGE('',*,*,#4161,.T.);
#4161 = EDGE_CURVE('',#4071,#4111,#4162,.T.);
#4162 = LINE('',#4163,#4164);
#4163 = CARTESIAN_POINT('',(10.482997436523,7.679998397827,6.5E-02));
#4164 = VECTOR('',#4165,1.);
#4165 = DIRECTION('',(1.,0.,0.));
#4166 = ORIENTED_EDGE('',*,*,#4110,.F.);
#4167 = PLANE('',#4168);
#4168 = AXIS2_PLACEMENT_3D('',#4169,#4170,#4171);
#4169 = CARTESIAN_POINT('',(10.482997436523,7.679998397827,0.));
#4170 = DIRECTION('',(0.,1.,0.));
#4171 = DIRECTION('',(0.,0.,1.));
#4172 = ADVANCED_FACE('',(#4173),#4179,.F.);
#4173 = FACE_BOUND('',#4174,.F.);
#4174 = EDGE_LOOP('',(#4175,#4176,#4177,#4178));
#4175 = ORIENTED_EDGE('',*,*,#4062,.F.);
#4176 = ORIENTED_EDGE('',*,*,#4132,.T.);
#4177 = ORIENTED_EDGE('',*,*,#4102,.T.);
#4178 = ORIENTED_EDGE('',*,*,#4154,.F.);
#4179 = PLANE('',#4180);
#4180 = AXIS2_PLACEMENT_3D('',#4181,#4182,#4183);
#4181 = CARTESIAN_POINT('',(10.482997436523,4.629998397827,0.));
#4182 = DIRECTION('',(0.,0.,1.));
#4183 = DIRECTION('',(1.,0.,0.));
#4184 = ADVANCED_FACE('',(#4185),#4191,.T.);
#4185 = FACE_BOUND('',#4186,.T.);
#4186 = EDGE_LOOP('',(#4187,#4188,#4189,#4190));
#4187 = ORIENTED_EDGE('',*,*,#4078,.F.);
#4188 = ORIENTED_EDGE('',*,*,#4139,.T.);
#4189 = ORIENTED_EDGE('',*,*,#4118,.T.);
#4190 = ORIENTED_EDGE('',*,*,#4161,.F.);
#4191 = PLANE('',#4192);
#4192 = AXIS2_PLACEMENT_3D('',#4193,#4194,#4195);
#4193 = CARTESIAN_POINT('',(10.482997436523,4.629998397827,6.5E-02));
#4194 = DIRECTION('',(0.,0.,1.));
#4195 = DIRECTION('',(1.,0.,0.));
#4196 = ( GEOMETRIC_REPRESENTATION_CONTEXT(3) 
GLOBAL_UNCERTAINTY_ASSIGNED_CONTEXT((#4200)) 
GLOBAL_UNIT_ASSIGNED_CONTEXT((#4197,#4198,#4199)) REPRESENTATION_CONTEXT
('Context #1','3D Context with UNIT and UNCERTAINTY') );
#4197 = ( LENGTH_UNIT() NAMED_UNIT(*) SI_UNIT(.MILLI.,.METRE.) );
#4198 = ( NAMED_UNIT(*) PLANE_ANGLE_UNIT() SI_UNIT($,.RADIAN.) );
#4199 = ( NAMED_UNIT(*) SI_UNIT($,.STERADIAN.) SOLID_ANGLE_UNIT() );
#4200 = UNCERTAINTY_MEASURE_WITH_UNIT(LENGTH_MEASURE(1.E-07),#4197,
  'distance_accuracy_value','confusion accuracy');
#4201 = PRODUCT_RELATED_PRODUCT_CATEGORY('part',$,(#4042));
#4202 = SHAPE_DEFINITION_REPRESENTATION(#4203,#4209);
#4203 = PRODUCT_DEFINITION_SHAPE('','',#4204);
#4204 = PRODUCT_DEFINITION('design','',#4205,#4208);
#4205 = PRODUCT_DEFINITION_FORMATION('','',#4206);
#4206 = PRODUCT('Open CASCADE STEP translator 7.5 83',
  'Open CASCADE STEP translator 7.5 83','',(#4207));
#4207 = PRODUCT_CONTEXT('',#2,'mechanical');
#4208 = PRODUCT_DEFINITION_CONTEXT('part definition',#2,'design');
#4209 = SHAPE_REPRESENTATION('',(#11,#4210,#4664,#5118),#5408);
#4210 = MANIFOLD_SOLID_BREP('',#4211);
#4211 = CLOSED_SHELL('',(#4212,#4288,#4320,#4352,#4369,#4394,#4426,#4458
    ,#4475,#4500,#4517,#4542,#4559,#4584,#4601,#4618,#4635,#4652));
#4212 = ADVANCED_FACE('',(#4213),#4283,.F.);
#4213 = FACE_BOUND('',#4214,.T.);
#4214 = EDGE_LOOP('',(#4215,#4226,#4234,#4243,#4251,#4260,#4268,#4277));
#4215 = ORIENTED_EDGE('',*,*,#4216,.T.);
#4216 = EDGE_CURVE('',#4217,#4219,#4221,.T.);
#4217 = VERTEX_POINT('',#4218);
#4218 = CARTESIAN_POINT('',(8.799997711182,12.085082379976,
    0.799998984673));
#4219 = VERTEX_POINT('',#4220);
#4220 = CARTESIAN_POINT('',(8.799997711182,12.050082381506,
    0.764998983144));
#4221 = CIRCLE('',#4222,3.5E-02);
#4222 = AXIS2_PLACEMENT_3D('',#4223,#4224,#4225);
#4223 = CARTESIAN_POINT('',(8.799997711182,12.085082381506,
    0.764998984673));
#4224 = DIRECTION('',(1.,-5.924000592638E-24,1.355252715607E-16));
#4225 = DIRECTION('',(1.355252715607E-16,4.371140912996E-08,-1.));
#4226 = ORIENTED_EDGE('',*,*,#4227,.F.);
#4227 = EDGE_CURVE('',#4228,#4219,#4230,.T.);
#4228 = VERTEX_POINT('',#4229);
#4229 = CARTESIAN_POINT('',(8.799997711182,12.050082413416,
    3.499898314356E-02));
#4230 = LINE('',#4231,#4232);
#4231 = CARTESIAN_POINT('',(8.799997711182,12.050082397461,
    0.399998983144));
#4232 = VECTOR('',#4233,1.);
#4233 = DIRECTION('',(-1.355252715607E-16,-4.371140912996E-08,1.));
#4234 = ORIENTED_EDGE('',*,*,#4235,.T.);
#4235 = EDGE_CURVE('',#4228,#4236,#4238,.T.);
#4236 = VERTEX_POINT('',#4237);
#4237 = CARTESIAN_POINT('',(8.799997711182,12.085082414946,
    -1.015326542897E-06));
#4238 = CIRCLE('',#4239,3.5E-02);
#4239 = AXIS2_PLACEMENT_3D('',#4240,#4241,#4242);
#4240 = CARTESIAN_POINT('',(8.799997711182,12.085082413416,
    3.499898467346E-02));
#4241 = DIRECTION('',(1.,-5.924000592638E-24,1.355252715607E-16));
#4242 = DIRECTION('',(1.355252715607E-16,4.371140912996E-08,-1.));
#4243 = ORIENTED_EDGE('',*,*,#4244,.F.);
#4244 = EDGE_CURVE('',#4245,#4236,#4247,.T.);
#4245 = VERTEX_POINT('',#4246);
#4246 = CARTESIAN_POINT('',(8.799997711182,12.915082414946,
    -9.790460733239E-07));
#4247 = LINE('',#4248,#4249);
#4248 = CARTESIAN_POINT('',(8.799997711182,12.050082414946,
    -1.016856442215E-06));
#4249 = VECTOR('',#4250,1.);
#4250 = DIRECTION('',(0.,-1.,-4.371140912996E-08));
#4251 = ORIENTED_EDGE('',*,*,#4252,.T.);
#4252 = EDGE_CURVE('',#4245,#4253,#4255,.T.);
#4253 = VERTEX_POINT('',#4254);
#4254 = CARTESIAN_POINT('',(8.799997711182,12.950082413416,
    3.499902248383E-02));
#4255 = CIRCLE('',#4256,3.5E-02);
#4256 = AXIS2_PLACEMENT_3D('',#4257,#4258,#4259);
#4257 = CARTESIAN_POINT('',(8.799997711182,12.915082413416,
    3.499902095393E-02));
#4258 = DIRECTION('',(1.,-5.924000592638E-24,1.355252715607E-16));
#4259 = DIRECTION('',(1.355252715607E-16,4.371140912996E-08,-1.));
#4260 = ORIENTED_EDGE('',*,*,#4261,.T.);
#4261 = EDGE_CURVE('',#4253,#4262,#4264,.T.);
#4262 = VERTEX_POINT('',#4263);
#4263 = CARTESIAN_POINT('',(8.799997711182,12.950082381506,
    0.764999022484));
#4264 = LINE('',#4265,#4266);
#4265 = CARTESIAN_POINT('',(8.799997711182,12.950082397461,
    0.399999022484));
#4266 = VECTOR('',#4267,1.);
#4267 = DIRECTION('',(-1.355252715607E-16,-4.371140912996E-08,1.));
#4268 = ORIENTED_EDGE('',*,*,#4269,.T.);
#4269 = EDGE_CURVE('',#4262,#4270,#4272,.T.);
#4270 = VERTEX_POINT('',#4271);
#4271 = CARTESIAN_POINT('',(8.799997711182,12.915082379976,
    0.799999020954));
#4272 = CIRCLE('',#4273,3.5E-02);
#4273 = AXIS2_PLACEMENT_3D('',#4274,#4275,#4276);
#4274 = CARTESIAN_POINT('',(8.799997711182,12.915082381506,
    0.764999020954));
#4275 = DIRECTION('',(1.,-5.924000592638E-24,1.355252715607E-16));
#4276 = DIRECTION('',(1.355252715607E-16,4.371140912996E-08,-1.));
#4277 = ORIENTED_EDGE('',*,*,#4278,.F.);
#4278 = EDGE_CURVE('',#4217,#4270,#4279,.T.);
#4279 = LINE('',#4280,#4281);
#4280 = CARTESIAN_POINT('',(8.799997711182,12.050082379976,
    0.799998983144));
#4281 = VECTOR('',#4282,1.);
#4282 = DIRECTION('',(0.,1.,4.371140912996E-08));
#4283 = PLANE('',#4284);
#4284 = AXIS2_PLACEMENT_3D('',#4285,#4286,#4287);
#4285 = CARTESIAN_POINT('',(8.799997711182,12.960082379976,
    0.799999022921));
#4286 = DIRECTION('',(-1.,5.924000592638E-24,-1.355252715607E-16));
#4287 = DIRECTION('',(1.355252715607E-16,4.371140912996E-08,-1.));
#4288 = ADVANCED_FACE('',(#4289),#4315,.T.);
#4289 = FACE_BOUND('',#4290,.T.);
#4290 = EDGE_LOOP('',(#4291,#4292,#4300,#4309));
#4291 = ORIENTED_EDGE('',*,*,#4216,.F.);
#4292 = ORIENTED_EDGE('',*,*,#4293,.F.);
#4293 = EDGE_CURVE('',#4294,#4217,#4296,.T.);
#4294 = VERTEX_POINT('',#4295);
#4295 = CARTESIAN_POINT('',(8.484997711182,12.085082379976,
    0.799998984673));
#4296 = LINE('',#4297,#4298);
#4297 = CARTESIAN_POINT('',(8.449997711182,12.085082379976,
    0.799998984673));
#4298 = VECTOR('',#4299,1.);
#4299 = DIRECTION('',(1.,0.,0.));
#4300 = ORIENTED_EDGE('',*,*,#4301,.F.);
#4301 = EDGE_CURVE('',#4302,#4294,#4304,.T.);
#4302 = VERTEX_POINT('',#4303);
#4303 = CARTESIAN_POINT('',(8.484997711182,12.050082381506,
    0.764998983144));
#4304 = CIRCLE('',#4305,3.5E-02);
#4305 = AXIS2_PLACEMENT_3D('',#4306,#4307,#4308);
#4306 = CARTESIAN_POINT('',(8.484997711182,12.085082381506,
    0.764998984673));
#4307 = DIRECTION('',(-1.,-0.,0.));
#4308 = DIRECTION('',(0.,-1.,-4.371140912996E-08));
#4309 = ORIENTED_EDGE('',*,*,#4310,.F.);
#4310 = EDGE_CURVE('',#4219,#4302,#4311,.T.);
#4311 = LINE('',#4312,#4313);
#4312 = CARTESIAN_POINT('',(9.249997711182,12.050082381506,
    0.764998983144));
#4313 = VECTOR('',#4314,1.);
#4314 = DIRECTION('',(-1.,-0.,0.));
#4315 = CYLINDRICAL_SURFACE('',#4316,3.5E-02);
#4316 = AXIS2_PLACEMENT_3D('',#4317,#4318,#4319);
#4317 = CARTESIAN_POINT('',(9.249997711182,12.085082381506,
    0.764998984673));
#4318 = DIRECTION('',(-1.,-0.,0.));
#4319 = DIRECTION('',(0.,-1.,-4.371140912996E-08));
#4320 = ADVANCED_FACE('',(#4321),#4347,.T.);
#4321 = FACE_BOUND('',#4322,.T.);
#4322 = EDGE_LOOP('',(#4323,#4324,#4332,#4341));
#4323 = ORIENTED_EDGE('',*,*,#4235,.F.);
#4324 = ORIENTED_EDGE('',*,*,#4325,.F.);
#4325 = EDGE_CURVE('',#4326,#4228,#4328,.T.);
#4326 = VERTEX_POINT('',#4327);
#4327 = CARTESIAN_POINT('',(8.484997711182,12.050082413416,
    3.499898314356E-02));
#4328 = LINE('',#4329,#4330);
#4329 = CARTESIAN_POINT('',(9.249997711182,12.050082413416,
    3.499898314356E-02));
#4330 = VECTOR('',#4331,1.);
#4331 = DIRECTION('',(1.,0.,0.));
#4332 = ORIENTED_EDGE('',*,*,#4333,.F.);
#4333 = EDGE_CURVE('',#4334,#4326,#4336,.T.);
#4334 = VERTEX_POINT('',#4335);
#4335 = CARTESIAN_POINT('',(8.484997711182,12.085082414946,
    -1.015326542897E-06));
#4336 = CIRCLE('',#4337,3.5E-02);
#4337 = AXIS2_PLACEMENT_3D('',#4338,#4339,#4340);
#4338 = CARTESIAN_POINT('',(8.484997711182,12.085082413416,
    3.499898467346E-02));
#4339 = DIRECTION('',(-1.,-0.,0.));
#4340 = DIRECTION('',(0.,-1.,-4.371140912996E-08));
#4341 = ORIENTED_EDGE('',*,*,#4342,.F.);
#4342 = EDGE_CURVE('',#4236,#4334,#4343,.T.);
#4343 = LINE('',#4344,#4345);
#4344 = CARTESIAN_POINT('',(8.449997711182,12.085082414946,
    -1.015326542897E-06));
#4345 = VECTOR('',#4346,1.);
#4346 = DIRECTION('',(-1.,0.,0.));
#4347 = CYLINDRICAL_SURFACE('',#4348,3.5E-02);
#4348 = AXIS2_PLACEMENT_3D('',#4349,#4350,#4351);
#4349 = CARTESIAN_POINT('',(9.249997711182,12.085082413416,
    3.499898467346E-02));
#4350 = DIRECTION('',(1.,0.,0.));
#4351 = DIRECTION('',(0.,1.,4.371140912996E-08));
#4352 = ADVANCED_FACE('',(#4353),#4364,.F.);
#4353 = FACE_BOUND('',#4354,.T.);
#4354 = EDGE_LOOP('',(#4355,#4356,#4357,#4358));
#4355 = ORIENTED_EDGE('',*,*,#4325,.T.);
#4356 = ORIENTED_EDGE('',*,*,#4227,.T.);
#4357 = ORIENTED_EDGE('',*,*,#4310,.T.);
#4358 = ORIENTED_EDGE('',*,*,#4359,.T.);
#4359 = EDGE_CURVE('',#4302,#4326,#4360,.T.);
#4360 = LINE('',#4361,#4362);
#4361 = CARTESIAN_POINT('',(8.484997711182,12.050082397461,
    0.399998983144));
#4362 = VECTOR('',#4363,1.);
#4363 = DIRECTION('',(0.,4.371140912996E-08,-1.));
#4364 = PLANE('',#4365);
#4365 = AXIS2_PLACEMENT_3D('',#4366,#4367,#4368);
#4366 = CARTESIAN_POINT('',(9.249997711182,12.050082397461,
    0.399998983144));
#4367 = DIRECTION('',(0.,1.,4.371140912996E-08));
#4368 = DIRECTION('',(-1.,0.,0.));
#4369 = ADVANCED_FACE('',(#4370),#4389,.T.);
#4370 = FACE_BOUND('',#4371,.T.);
#4371 = EDGE_LOOP('',(#4372,#4373,#4382));
#4372 = ORIENTED_EDGE('',*,*,#4333,.T.);
#4373 = ORIENTED_EDGE('',*,*,#4374,.T.);
#4374 = EDGE_CURVE('',#4326,#4375,#4377,.T.);
#4375 = VERTEX_POINT('',#4376);
#4376 = CARTESIAN_POINT('',(8.449997711182,12.085082413416,
    3.499898467346E-02));
#4377 = CIRCLE('',#4378,3.5E-02);
#4378 = AXIS2_PLACEMENT_3D('',#4379,#4380,#4381);
#4379 = CARTESIAN_POINT('',(8.484997711182,12.085082413416,
    3.499898467346E-02));
#4380 = DIRECTION('',(0.,4.371140912996E-08,-1.));
#4381 = DIRECTION('',(0.,1.,4.371140912996E-08));
#4382 = ORIENTED_EDGE('',*,*,#4383,.F.);
#4383 = EDGE_CURVE('',#4334,#4375,#4384,.T.);
#4384 = CIRCLE('',#4385,3.5E-02);
#4385 = AXIS2_PLACEMENT_3D('',#4386,#4387,#4388);
#4386 = CARTESIAN_POINT('',(8.484997711182,12.085082413416,
    3.499898467346E-02));
#4387 = DIRECTION('',(-0.,1.,4.371140912996E-08));
#4388 = DIRECTION('',(1.,0.,0.));
#4389 = SPHERICAL_SURFACE('',#4390,3.5E-02);
#4390 = AXIS2_PLACEMENT_3D('',#4391,#4392,#4393);
#4391 = CARTESIAN_POINT('',(8.484997711182,12.085082413416,
    3.499898467346E-02));
#4392 = DIRECTION('',(0.,-4.371140912996E-08,1.));
#4393 = DIRECTION('',(1.,0.,0.));
#4394 = ADVANCED_FACE('',(#4395),#4421,.T.);
#4395 = FACE_BOUND('',#4396,.T.);
#4396 = EDGE_LOOP('',(#4397,#4398,#4406,#4415));
#4397 = ORIENTED_EDGE('',*,*,#4269,.F.);
#4398 = ORIENTED_EDGE('',*,*,#4399,.F.);
#4399 = EDGE_CURVE('',#4400,#4262,#4402,.T.);
#4400 = VERTEX_POINT('',#4401);
#4401 = CARTESIAN_POINT('',(8.484997711182,12.950082381506,
    0.764999022484));
#4402 = LINE('',#4403,#4404);
#4403 = CARTESIAN_POINT('',(10.049997711182,12.950082381506,
    0.764999022484));
#4404 = VECTOR('',#4405,1.);
#4405 = DIRECTION('',(1.,0.,0.));
#4406 = ORIENTED_EDGE('',*,*,#4407,.F.);
#4407 = EDGE_CURVE('',#4408,#4400,#4410,.T.);
#4408 = VERTEX_POINT('',#4409);
#4409 = CARTESIAN_POINT('',(8.484997711182,12.915082379976,
    0.799999020954));
#4410 = CIRCLE('',#4411,3.5E-02);
#4411 = AXIS2_PLACEMENT_3D('',#4412,#4413,#4414);
#4412 = CARTESIAN_POINT('',(8.484997711182,12.915082381506,
    0.764999020954));
#4413 = DIRECTION('',(-1.,-0.,0.));
#4414 = DIRECTION('',(0.,-1.,-4.371140912996E-08));
#4415 = ORIENTED_EDGE('',*,*,#4416,.F.);
#4416 = EDGE_CURVE('',#4270,#4408,#4417,.T.);
#4417 = LINE('',#4418,#4419);
#4418 = CARTESIAN_POINT('',(8.449997711182,12.915082379976,
    0.799999020954));
#4419 = VECTOR('',#4420,1.);
#4420 = DIRECTION('',(-1.,-0.,0.));
#4421 = CYLINDRICAL_SURFACE('',#4422,3.5E-02);
#4422 = AXIS2_PLACEMENT_3D('',#4423,#4424,#4425);
#4423 = CARTESIAN_POINT('',(8.449997711182,12.915082381506,
    0.764999020954));
#4424 = DIRECTION('',(1.,0.,0.));
#4425 = DIRECTION('',(0.,1.,4.371140912996E-08));
#4426 = ADVANCED_FACE('',(#4427),#4453,.T.);
#4427 = FACE_BOUND('',#4428,.T.);
#4428 = EDGE_LOOP('',(#4429,#4430,#4438,#4447));
#4429 = ORIENTED_EDGE('',*,*,#4252,.F.);
#4430 = ORIENTED_EDGE('',*,*,#4431,.F.);
#4431 = EDGE_CURVE('',#4432,#4245,#4434,.T.);
#4432 = VERTEX_POINT('',#4433);
#4433 = CARTESIAN_POINT('',(8.484997711182,12.915082414946,
    -9.790460733239E-07));
#4434 = LINE('',#4435,#4436);
#4435 = CARTESIAN_POINT('',(10.049997711182,12.915082414946,
    -9.790460733239E-07));
#4436 = VECTOR('',#4437,1.);
#4437 = DIRECTION('',(1.,0.,0.));
#4438 = ORIENTED_EDGE('',*,*,#4439,.F.);
#4439 = EDGE_CURVE('',#4440,#4432,#4442,.T.);
#4440 = VERTEX_POINT('',#4441);
#4441 = CARTESIAN_POINT('',(8.484997711182,12.950082413416,
    3.499902248383E-02));
#4442 = CIRCLE('',#4443,3.5E-02);
#4443 = AXIS2_PLACEMENT_3D('',#4444,#4445,#4446);
#4444 = CARTESIAN_POINT('',(8.484997711182,12.915082413416,
    3.499902095393E-02));
#4445 = DIRECTION('',(-1.,-0.,0.));
#4446 = DIRECTION('',(0.,-1.,-4.371140912996E-08));
#4447 = ORIENTED_EDGE('',*,*,#4448,.F.);
#4448 = EDGE_CURVE('',#4253,#4440,#4449,.T.);
#4449 = LINE('',#4450,#4451);
#4450 = CARTESIAN_POINT('',(8.449997711182,12.950082413416,
    3.499902248383E-02));
#4451 = VECTOR('',#4452,1.);
#4452 = DIRECTION('',(-1.,0.,0.));
#4453 = CYLINDRICAL_SURFACE('',#4454,3.5E-02);
#4454 = AXIS2_PLACEMENT_3D('',#4455,#4456,#4457);
#4455 = CARTESIAN_POINT('',(8.449997711182,12.915082413416,
    3.499902095393E-02));
#4456 = DIRECTION('',(-1.,-0.,0.));
#4457 = DIRECTION('',(0.,-1.,-4.371140912996E-08));
#4458 = ADVANCED_FACE('',(#4459),#4470,.F.);
#4459 = FACE_BOUND('',#4460,.T.);
#4460 = EDGE_LOOP('',(#4461,#4462,#4463,#4464));
#4461 = ORIENTED_EDGE('',*,*,#4431,.T.);
#4462 = ORIENTED_EDGE('',*,*,#4244,.T.);
#4463 = ORIENTED_EDGE('',*,*,#4342,.T.);
#4464 = ORIENTED_EDGE('',*,*,#4465,.T.);
#4465 = EDGE_CURVE('',#4334,#4432,#4466,.T.);
#4466 = LINE('',#4467,#4468);
#4467 = CARTESIAN_POINT('',(8.484997711182,12.050082414946,
    -1.016856442215E-06));
#4468 = VECTOR('',#4469,1.);
#4469 = DIRECTION('',(0.,1.,4.371140912996E-08));
#4470 = PLANE('',#4471);
#4471 = AXIS2_PLACEMENT_3D('',#4472,#4473,#4474);
#4472 = CARTESIAN_POINT('',(8.449997711182,12.050082414946,
    -1.016856442215E-06));
#4473 = DIRECTION('',(0.,-4.371140912996E-08,1.));
#4474 = DIRECTION('',(0.,-1.,-4.371140912996E-08));
#4475 = ADVANCED_FACE('',(#4476),#4495,.T.);
#4476 = FACE_BOUND('',#4477,.T.);
#4477 = EDGE_LOOP('',(#4478,#4479,#4488));
#4478 = ORIENTED_EDGE('',*,*,#4439,.T.);
#4479 = ORIENTED_EDGE('',*,*,#4480,.T.);
#4480 = EDGE_CURVE('',#4432,#4481,#4483,.T.);
#4481 = VERTEX_POINT('',#4482);
#4482 = CARTESIAN_POINT('',(8.449997711182,12.915082413416,
    3.499902095393E-02));
#4483 = CIRCLE('',#4484,3.5E-02);
#4484 = AXIS2_PLACEMENT_3D('',#4485,#4486,#4487);
#4485 = CARTESIAN_POINT('',(8.484997711182,12.915082413416,
    3.499902095393E-02));
#4486 = DIRECTION('',(0.,1.,4.371140912996E-08));
#4487 = DIRECTION('',(-1.,-0.,0.));
#4488 = ORIENTED_EDGE('',*,*,#4489,.F.);
#4489 = EDGE_CURVE('',#4440,#4481,#4490,.T.);
#4490 = CIRCLE('',#4491,3.5E-02);
#4491 = AXIS2_PLACEMENT_3D('',#4492,#4493,#4494);
#4492 = CARTESIAN_POINT('',(8.484997711182,12.915082413416,
    3.499902095393E-02));
#4493 = DIRECTION('',(0.,-4.371140912996E-08,1.));
#4494 = DIRECTION('',(0.,1.,4.371140912996E-08));
#4495 = SPHERICAL_SURFACE('',#4496,3.5E-02);
#4496 = AXIS2_PLACEMENT_3D('',#4497,#4498,#4499);
#4497 = CARTESIAN_POINT('',(8.484997711182,12.915082413416,
    3.499902095393E-02));
#4498 = DIRECTION('',(0.,-4.371140912996E-08,1.));
#4499 = DIRECTION('',(1.,0.,0.));
#4500 = ADVANCED_FACE('',(#4501),#4512,.T.);
#4501 = FACE_BOUND('',#4502,.T.);
#4502 = EDGE_LOOP('',(#4503,#4504,#4505,#4511));
#4503 = ORIENTED_EDGE('',*,*,#4261,.F.);
#4504 = ORIENTED_EDGE('',*,*,#4448,.T.);
#4505 = ORIENTED_EDGE('',*,*,#4506,.T.);
#4506 = EDGE_CURVE('',#4440,#4400,#4507,.T.);
#4507 = LINE('',#4508,#4509);
#4508 = CARTESIAN_POINT('',(8.484997711182,12.950082379976,
    0.799999022484));
#4509 = VECTOR('',#4510,1.);
#4510 = DIRECTION('',(0.,-4.371140912996E-08,1.));
#4511 = ORIENTED_EDGE('',*,*,#4399,.T.);
#4512 = PLANE('',#4513);
#4513 = AXIS2_PLACEMENT_3D('',#4514,#4515,#4516);
#4514 = CARTESIAN_POINT('',(9.249997711182,12.950082397461,
    0.399999022484));
#4515 = DIRECTION('',(0.,1.,4.371140912996E-08));
#4516 = DIRECTION('',(-1.,0.,0.));
#4517 = ADVANCED_FACE('',(#4518),#4537,.T.);
#4518 = FACE_BOUND('',#4519,.T.);
#4519 = EDGE_LOOP('',(#4520,#4529,#4530));
#4520 = ORIENTED_EDGE('',*,*,#4521,.T.);
#4521 = EDGE_CURVE('',#4522,#4408,#4524,.T.);
#4522 = VERTEX_POINT('',#4523);
#4523 = CARTESIAN_POINT('',(8.449997711182,12.915082381506,
    0.764999020954));
#4524 = CIRCLE('',#4525,3.5E-02);
#4525 = AXIS2_PLACEMENT_3D('',#4526,#4527,#4528);
#4526 = CARTESIAN_POINT('',(8.484997711182,12.915082381506,
    0.764999020954));
#4527 = DIRECTION('',(0.,1.,4.371140912996E-08));
#4528 = DIRECTION('',(-1.,-0.,0.));
#4529 = ORIENTED_EDGE('',*,*,#4407,.T.);
#4530 = ORIENTED_EDGE('',*,*,#4531,.F.);
#4531 = EDGE_CURVE('',#4522,#4400,#4532,.T.);
#4532 = CIRCLE('',#4533,3.5E-02);
#4533 = AXIS2_PLACEMENT_3D('',#4534,#4535,#4536);
#4534 = CARTESIAN_POINT('',(8.484997711182,12.915082381506,
    0.764999020954));
#4535 = DIRECTION('',(-0.,4.371140912996E-08,-1.));
#4536 = DIRECTION('',(0.,-1.,-4.371140912996E-08));
#4537 = SPHERICAL_SURFACE('',#4538,3.5E-02);
#4538 = AXIS2_PLACEMENT_3D('',#4539,#4540,#4541);
#4539 = CARTESIAN_POINT('',(8.484997711182,12.915082381506,
    0.764999020954));
#4540 = DIRECTION('',(0.,-4.371140912996E-08,1.));
#4541 = DIRECTION('',(1.,0.,0.));
#4542 = ADVANCED_FACE('',(#4543),#4554,.F.);
#4543 = FACE_BOUND('',#4544,.T.);
#4544 = EDGE_LOOP('',(#4545,#4546,#4547,#4548));
#4545 = ORIENTED_EDGE('',*,*,#4293,.T.);
#4546 = ORIENTED_EDGE('',*,*,#4278,.T.);
#4547 = ORIENTED_EDGE('',*,*,#4416,.T.);
#4548 = ORIENTED_EDGE('',*,*,#4549,.T.);
#4549 = EDGE_CURVE('',#4408,#4294,#4550,.T.);
#4550 = LINE('',#4551,#4552);
#4551 = CARTESIAN_POINT('',(8.484997711182,12.050082379976,
    0.799998983144));
#4552 = VECTOR('',#4553,1.);
#4553 = DIRECTION('',(0.,-1.,-4.371140912996E-08));
#4554 = PLANE('',#4555);
#4555 = AXIS2_PLACEMENT_3D('',#4556,#4557,#4558);
#4556 = CARTESIAN_POINT('',(8.449997711182,12.050082379976,
    0.799998983144));
#4557 = DIRECTION('',(0.,4.371140912996E-08,-1.));
#4558 = DIRECTION('',(0.,1.,4.371140912996E-08));
#4559 = ADVANCED_FACE('',(#4560),#4579,.T.);
#4560 = FACE_BOUND('',#4561,.T.);
#4561 = EDGE_LOOP('',(#4562,#4571,#4572));
#4562 = ORIENTED_EDGE('',*,*,#4563,.T.);
#4563 = EDGE_CURVE('',#4564,#4302,#4566,.T.);
#4564 = VERTEX_POINT('',#4565);
#4565 = CARTESIAN_POINT('',(8.449997711182,12.085082381506,
    0.764998984673));
#4566 = CIRCLE('',#4567,3.5E-02);
#4567 = AXIS2_PLACEMENT_3D('',#4568,#4569,#4570);
#4568 = CARTESIAN_POINT('',(8.484997711182,12.085082381506,
    0.764998984673));
#4569 = DIRECTION('',(0.,-4.371140912996E-08,1.));
#4570 = DIRECTION('',(0.,-1.,-4.371140912996E-08));
#4571 = ORIENTED_EDGE('',*,*,#4301,.T.);
#4572 = ORIENTED_EDGE('',*,*,#4573,.F.);
#4573 = EDGE_CURVE('',#4564,#4294,#4574,.T.);
#4574 = CIRCLE('',#4575,3.5E-02);
#4575 = AXIS2_PLACEMENT_3D('',#4576,#4577,#4578);
#4576 = CARTESIAN_POINT('',(8.484997711182,12.085082381506,
    0.764998984673));
#4577 = DIRECTION('',(-0.,1.,4.371140912996E-08));
#4578 = DIRECTION('',(1.,0.,0.));
#4579 = SPHERICAL_SURFACE('',#4580,3.5E-02);
#4580 = AXIS2_PLACEMENT_3D('',#4581,#4582,#4583);
#4581 = CARTESIAN_POINT('',(8.484997711182,12.085082381506,
    0.764998984673));
#4582 = DIRECTION('',(0.,-4.371140912996E-08,1.));
#4583 = DIRECTION('',(1.,0.,0.));
#4584 = ADVANCED_FACE('',(#4585),#4596,.T.);
#4585 = FACE_BOUND('',#4586,.T.);
#4586 = EDGE_LOOP('',(#4587,#4588,#4589,#4590));
#4587 = ORIENTED_EDGE('',*,*,#4531,.T.);
#4588 = ORIENTED_EDGE('',*,*,#4506,.F.);
#4589 = ORIENTED_EDGE('',*,*,#4489,.T.);
#4590 = ORIENTED_EDGE('',*,*,#4591,.F.);
#4591 = EDGE_CURVE('',#4522,#4481,#4592,.T.);
#4592 = LINE('',#4593,#4594);
#4593 = CARTESIAN_POINT('',(8.449997711182,12.915082414946,
    -9.790460733239E-07));
#4594 = VECTOR('',#4595,1.);
#4595 = DIRECTION('',(0.,4.371140912996E-08,-1.));
#4596 = CYLINDRICAL_SURFACE('',#4597,3.5E-02);
#4597 = AXIS2_PLACEMENT_3D('',#4598,#4599,#4600);
#4598 = CARTESIAN_POINT('',(8.484997711182,12.915082414946,
    -9.790460733239E-07));
#4599 = DIRECTION('',(0.,-4.371140912996E-08,1.));
#4600 = DIRECTION('',(0.,-1.,-4.371140912996E-08));
#4601 = ADVANCED_FACE('',(#4602),#4613,.T.);
#4602 = FACE_BOUND('',#4603,.T.);
#4603 = EDGE_LOOP('',(#4604,#4605,#4606,#4607));
#4604 = ORIENTED_EDGE('',*,*,#4374,.F.);
#4605 = ORIENTED_EDGE('',*,*,#4359,.F.);
#4606 = ORIENTED_EDGE('',*,*,#4563,.F.);
#4607 = ORIENTED_EDGE('',*,*,#4608,.F.);
#4608 = EDGE_CURVE('',#4375,#4564,#4609,.T.);
#4609 = LINE('',#4610,#4611);
#4610 = CARTESIAN_POINT('',(8.449997711182,12.085082414946,
    -1.015326542897E-06));
#4611 = VECTOR('',#4612,1.);
#4612 = DIRECTION('',(0.,-4.371140912996E-08,1.));
#4613 = CYLINDRICAL_SURFACE('',#4614,3.5E-02);
#4614 = AXIS2_PLACEMENT_3D('',#4615,#4616,#4617);
#4615 = CARTESIAN_POINT('',(8.484997711182,12.085082397461,
    0.399998984673));
#4616 = DIRECTION('',(0.,4.371140912996E-08,-1.));
#4617 = DIRECTION('',(0.,1.,4.371140912996E-08));
#4618 = ADVANCED_FACE('',(#4619),#4630,.T.);
#4619 = FACE_BOUND('',#4620,.T.);
#4620 = EDGE_LOOP('',(#4621,#4622,#4628,#4629));
#4621 = ORIENTED_EDGE('',*,*,#4383,.T.);
#4622 = ORIENTED_EDGE('',*,*,#4623,.F.);
#4623 = EDGE_CURVE('',#4481,#4375,#4624,.T.);
#4624 = LINE('',#4625,#4626);
#4625 = CARTESIAN_POINT('',(8.449997711182,12.050082413416,
    3.499898314356E-02));
#4626 = VECTOR('',#4627,1.);
#4627 = DIRECTION('',(0.,-1.,-4.371140912996E-08));
#4628 = ORIENTED_EDGE('',*,*,#4480,.F.);
#4629 = ORIENTED_EDGE('',*,*,#4465,.F.);
#4630 = CYLINDRICAL_SURFACE('',#4631,3.5E-02);
#4631 = AXIS2_PLACEMENT_3D('',#4632,#4633,#4634);
#4632 = CARTESIAN_POINT('',(8.484997711182,12.050082413416,
    3.499898314356E-02));
#4633 = DIRECTION('',(0.,1.,4.371140912996E-08));
#4634 = DIRECTION('',(-1.,-0.,0.));
#4635 = ADVANCED_FACE('',(#4636),#4647,.T.);
#4636 = FACE_BOUND('',#4637,.T.);
#4637 = EDGE_LOOP('',(#4638,#4639,#4640,#4641));
#4638 = ORIENTED_EDGE('',*,*,#4573,.T.);
#4639 = ORIENTED_EDGE('',*,*,#4549,.F.);
#4640 = ORIENTED_EDGE('',*,*,#4521,.F.);
#4641 = ORIENTED_EDGE('',*,*,#4642,.F.);
#4642 = EDGE_CURVE('',#4564,#4522,#4643,.T.);
#4643 = LINE('',#4644,#4645);
#4644 = CARTESIAN_POINT('',(8.449997711182,12.050082381506,
    0.764998983144));
#4645 = VECTOR('',#4646,1.);
#4646 = DIRECTION('',(0.,1.,4.371140912996E-08));
#4647 = CYLINDRICAL_SURFACE('',#4648,3.5E-02);
#4648 = AXIS2_PLACEMENT_3D('',#4649,#4650,#4651);
#4649 = CARTESIAN_POINT('',(8.484997711182,12.050082381506,
    0.764998983144));
#4650 = DIRECTION('',(0.,1.,4.371140912996E-08));
#4651 = DIRECTION('',(-1.,-0.,0.));
#4652 = ADVANCED_FACE('',(#4653),#4659,.F.);
#4653 = FACE_BOUND('',#4654,.T.);
#4654 = EDGE_LOOP('',(#4655,#4656,#4657,#4658));
#4655 = ORIENTED_EDGE('',*,*,#4642,.T.);
#4656 = ORIENTED_EDGE('',*,*,#4591,.T.);
#4657 = ORIENTED_EDGE('',*,*,#4623,.T.);
#4658 = ORIENTED_EDGE('',*,*,#4608,.T.);
#4659 = PLANE('',#4660);
#4660 = AXIS2_PLACEMENT_3D('',#4661,#4662,#4663);
#4661 = CARTESIAN_POINT('',(8.449997711182,12.050082414946,
    -1.016856442215E-06));
#4662 = DIRECTION('',(1.,0.,0.));
#4663 = DIRECTION('',(0.,1.,4.371140912996E-08));
#4664 = MANIFOLD_SOLID_BREP('',#4665);
#4665 = CLOSED_SHELL('',(#4666,#4706,#4746,#4786,#4826,#4850,#4874,#4898
    ,#4922,#4962,#4986,#5003,#5020,#5038,#5056,#5080,#5091,#5102));
#4666 = ADVANCED_FACE('',(#4667),#4701,.F.);
#4667 = FACE_BOUND('',#4668,.T.);
#4668 = EDGE_LOOP('',(#4669,#4679,#4687,#4695));
#4669 = ORIENTED_EDGE('',*,*,#4670,.F.);
#4670 = EDGE_CURVE('',#4671,#4673,#4675,.T.);
#4671 = VERTEX_POINT('',#4672);
#4672 = CARTESIAN_POINT('',(9.699997711182,12.085082379976,
    0.799998984673));
#4673 = VERTEX_POINT('',#4674);
#4674 = CARTESIAN_POINT('',(9.699997711182,12.915082379976,
    0.799999020954));
#4675 = LINE('',#4676,#4677);
#4676 = CARTESIAN_POINT('',(9.699997711182,12.050082379976,
    0.799998983144));
#4677 = VECTOR('',#4678,1.);
#4678 = DIRECTION('',(0.,1.,4.371140912996E-08));
#4679 = ORIENTED_EDGE('',*,*,#4680,.T.);
#4680 = EDGE_CURVE('',#4671,#4681,#4683,.T.);
#4681 = VERTEX_POINT('',#4682);
#4682 = CARTESIAN_POINT('',(10.014997711182,12.085082379976,
    0.799998984673));
#4683 = LINE('',#4684,#4685);
#4684 = CARTESIAN_POINT('',(8.449997711182,12.085082379976,
    0.799998984673));
#4685 = VECTOR('',#4686,1.);
#4686 = DIRECTION('',(1.,0.,0.));
#4687 = ORIENTED_EDGE('',*,*,#4688,.T.);
#4688 = EDGE_CURVE('',#4681,#4689,#4691,.T.);
#4689 = VERTEX_POINT('',#4690);
#4690 = CARTESIAN_POINT('',(10.014997711182,12.915082379976,
    0.799999020954));
#4691 = LINE('',#4692,#4693);
#4692 = CARTESIAN_POINT('',(10.014997711182,12.050082379976,
    0.799998983144));
#4693 = VECTOR('',#4694,1.);
#4694 = DIRECTION('',(0.,1.,4.371140912996E-08));
#4695 = ORIENTED_EDGE('',*,*,#4696,.T.);
#4696 = EDGE_CURVE('',#4689,#4673,#4697,.T.);
#4697 = LINE('',#4698,#4699);
#4698 = CARTESIAN_POINT('',(8.449997711182,12.915082379976,
    0.799999020954));
#4699 = VECTOR('',#4700,1.);
#4700 = DIRECTION('',(-1.,-0.,0.));
#4701 = PLANE('',#4702);
#4702 = AXIS2_PLACEMENT_3D('',#4703,#4704,#4705);
#4703 = CARTESIAN_POINT('',(8.449997711182,12.050082379976,
    0.799998983144));
#4704 = DIRECTION('',(0.,4.371140912996E-08,-1.));
#4705 = DIRECTION('',(0.,1.,4.371140912996E-08));
#4706 = ADVANCED_FACE('',(#4707),#4741,.F.);
#4707 = FACE_BOUND('',#4708,.T.);
#4708 = EDGE_LOOP('',(#4709,#4719,#4727,#4735));
#4709 = ORIENTED_EDGE('',*,*,#4710,.F.);
#4710 = EDGE_CURVE('',#4711,#4713,#4715,.T.);
#4711 = VERTEX_POINT('',#4712);
#4712 = CARTESIAN_POINT('',(9.699997711182,12.915082414946,
    -9.790460733239E-07));
#4713 = VERTEX_POINT('',#4714);
#4714 = CARTESIAN_POINT('',(9.699997711182,12.085082414946,
    -1.015326542897E-06));
#4715 = LINE('',#4716,#4717);
#4716 = CARTESIAN_POINT('',(9.699997711182,12.050082414946,
    -1.016856442215E-06));
#4717 = VECTOR('',#4718,1.);
#4718 = DIRECTION('',(0.,-1.,-4.371140912996E-08));
#4719 = ORIENTED_EDGE('',*,*,#4720,.T.);
#4720 = EDGE_CURVE('',#4711,#4721,#4723,.T.);
#4721 = VERTEX_POINT('',#4722);
#4722 = CARTESIAN_POINT('',(10.014997711182,12.915082414946,
    -9.790460733239E-07));
#4723 = LINE('',#4724,#4725);
#4724 = CARTESIAN_POINT('',(10.049997711182,12.915082414946,
    -9.790460733239E-07));
#4725 = VECTOR('',#4726,1.);
#4726 = DIRECTION('',(1.,0.,0.));
#4727 = ORIENTED_EDGE('',*,*,#4728,.T.);
#4728 = EDGE_CURVE('',#4721,#4729,#4731,.T.);
#4729 = VERTEX_POINT('',#4730);
#4730 = CARTESIAN_POINT('',(10.014997711182,12.085082414946,
    -1.015326542897E-06));
#4731 = LINE('',#4732,#4733);
#4732 = CARTESIAN_POINT('',(10.014997711182,12.050082414946,
    -1.016856442215E-06));
#4733 = VECTOR('',#4734,1.);
#4734 = DIRECTION('',(0.,-1.,-4.371140912996E-08));
#4735 = ORIENTED_EDGE('',*,*,#4736,.T.);
#4736 = EDGE_CURVE('',#4729,#4713,#4737,.T.);
#4737 = LINE('',#4738,#4739);
#4738 = CARTESIAN_POINT('',(8.449997711182,12.085082414946,
    -1.015326542897E-06));
#4739 = VECTOR('',#4740,1.);
#4740 = DIRECTION('',(-1.,0.,0.));
#4741 = PLANE('',#4742);
#4742 = AXIS2_PLACEMENT_3D('',#4743,#4744,#4745);
#4743 = CARTESIAN_POINT('',(8.449997711182,12.050082414946,
    -1.016856442215E-06));
#4744 = DIRECTION('',(0.,-4.371140912996E-08,1.));
#4745 = DIRECTION('',(0.,-1.,-4.371140912996E-08));
#4746 = ADVANCED_FACE('',(#4747),#4781,.F.);
#4747 = FACE_BOUND('',#4748,.T.);
#4748 = EDGE_LOOP('',(#4749,#4759,#4767,#4775));
#4749 = ORIENTED_EDGE('',*,*,#4750,.F.);
#4750 = EDGE_CURVE('',#4751,#4753,#4755,.T.);
#4751 = VERTEX_POINT('',#4752);
#4752 = CARTESIAN_POINT('',(9.699997711182,12.050082413416,
    3.499898314356E-02));
#4753 = VERTEX_POINT('',#4754);
#4754 = CARTESIAN_POINT('',(9.699997711182,12.050082381506,
    0.764998983144));
#4755 = LINE('',#4756,#4757);
#4756 = CARTESIAN_POINT('',(9.699997711182,12.050082397461,
    0.399998983144));
#4757 = VECTOR('',#4758,1.);
#4758 = DIRECTION('',(2.710505431214E-16,-4.371140912996E-08,1.));
#4759 = ORIENTED_EDGE('',*,*,#4760,.T.);
#4760 = EDGE_CURVE('',#4751,#4761,#4763,.T.);
#4761 = VERTEX_POINT('',#4762);
#4762 = CARTESIAN_POINT('',(10.014997711182,12.050082413416,
    3.499898314356E-02));
#4763 = LINE('',#4764,#4765);
#4764 = CARTESIAN_POINT('',(9.249997711182,12.050082413416,
    3.499898314356E-02));
#4765 = VECTOR('',#4766,1.);
#4766 = DIRECTION('',(1.,0.,0.));
#4767 = ORIENTED_EDGE('',*,*,#4768,.T.);
#4768 = EDGE_CURVE('',#4761,#4769,#4771,.T.);
#4769 = VERTEX_POINT('',#4770);
#4770 = CARTESIAN_POINT('',(10.014997711182,12.050082381506,
    0.764998983144));
#4771 = LINE('',#4772,#4773);
#4772 = CARTESIAN_POINT('',(10.014997711182,12.050082397461,
    0.399998983144));
#4773 = VECTOR('',#4774,1.);
#4774 = DIRECTION('',(0.,-4.371140912996E-08,1.));
#4775 = ORIENTED_EDGE('',*,*,#4776,.T.);
#4776 = EDGE_CURVE('',#4769,#4753,#4777,.T.);
#4777 = LINE('',#4778,#4779);
#4778 = CARTESIAN_POINT('',(9.249997711182,12.050082381506,
    0.764998983144));
#4779 = VECTOR('',#4780,1.);
#4780 = DIRECTION('',(-1.,-0.,0.));
#4781 = PLANE('',#4782);
#4782 = AXIS2_PLACEMENT_3D('',#4783,#4784,#4785);
#4783 = CARTESIAN_POINT('',(9.249997711182,12.050082397461,
    0.399998983144));
#4784 = DIRECTION('',(0.,1.,4.371140912996E-08));
#4785 = DIRECTION('',(-1.,0.,0.));
#4786 = ADVANCED_FACE('',(#4787),#4821,.T.);
#4787 = FACE_BOUND('',#4788,.T.);
#4788 = EDGE_LOOP('',(#4789,#4799,#4807,#4815));
#4789 = ORIENTED_EDGE('',*,*,#4790,.T.);
#4790 = EDGE_CURVE('',#4791,#4793,#4795,.T.);
#4791 = VERTEX_POINT('',#4792);
#4792 = CARTESIAN_POINT('',(10.014997711182,12.950082413416,
    3.499902248383E-02));
#4793 = VERTEX_POINT('',#4794);
#4794 = CARTESIAN_POINT('',(9.699997711182,12.950082413416,
    3.499902248383E-02));
#4795 = LINE('',#4796,#4797);
#4796 = CARTESIAN_POINT('',(8.449997711182,12.950082413416,
    3.499902248383E-02));
#4797 = VECTOR('',#4798,1.);
#4798 = DIRECTION('',(-1.,0.,0.));
#4799 = ORIENTED_EDGE('',*,*,#4800,.T.);
#4800 = EDGE_CURVE('',#4793,#4801,#4803,.T.);
#4801 = VERTEX_POINT('',#4802);
#4802 = CARTESIAN_POINT('',(9.699997711182,12.950082381506,
    0.764999022484));
#4803 = LINE('',#4804,#4805);
#4804 = CARTESIAN_POINT('',(9.699997711182,12.950082397461,
    0.399999022484));
#4805 = VECTOR('',#4806,1.);
#4806 = DIRECTION('',(2.710505431214E-16,-4.371140912996E-08,1.));
#4807 = ORIENTED_EDGE('',*,*,#4808,.T.);
#4808 = EDGE_CURVE('',#4801,#4809,#4811,.T.);
#4809 = VERTEX_POINT('',#4810);
#4810 = CARTESIAN_POINT('',(10.014997711182,12.950082381506,
    0.764999022484));
#4811 = LINE('',#4812,#4813);
#4812 = CARTESIAN_POINT('',(10.049997711182,12.950082381506,
    0.764999022484));
#4813 = VECTOR('',#4814,1.);
#4814 = DIRECTION('',(1.,0.,0.));
#4815 = ORIENTED_EDGE('',*,*,#4816,.T.);
#4816 = EDGE_CURVE('',#4809,#4791,#4817,.T.);
#4817 = LINE('',#4818,#4819);
#4818 = CARTESIAN_POINT('',(10.014997711182,12.950082414946,
    -9.775161740055E-07));
#4819 = VECTOR('',#4820,1.);
#4820 = DIRECTION('',(0.,4.371140912996E-08,-1.));
#4821 = PLANE('',#4822);
#4822 = AXIS2_PLACEMENT_3D('',#4823,#4824,#4825);
#4823 = CARTESIAN_POINT('',(9.249997711182,12.950082397461,
    0.399999022484));
#4824 = DIRECTION('',(0.,1.,4.371140912996E-08));
#4825 = DIRECTION('',(-1.,0.,0.));
#4826 = ADVANCED_FACE('',(#4827),#4845,.T.);
#4827 = FACE_BOUND('',#4828,.T.);
#4828 = EDGE_LOOP('',(#4829,#4830,#4837,#4838));
#4829 = ORIENTED_EDGE('',*,*,#4680,.F.);
#4830 = ORIENTED_EDGE('',*,*,#4831,.T.);
#4831 = EDGE_CURVE('',#4671,#4753,#4832,.T.);
#4832 = CIRCLE('',#4833,3.5E-02);
#4833 = AXIS2_PLACEMENT_3D('',#4834,#4835,#4836);
#4834 = CARTESIAN_POINT('',(9.699997711182,12.085082381506,
    0.764998984673));
#4835 = DIRECTION('',(1.,1.184800118528E-23,-2.710505431214E-16));
#4836 = DIRECTION('',(-2.710505431214E-16,4.371140912996E-08,-1.));
#4837 = ORIENTED_EDGE('',*,*,#4776,.F.);
#4838 = ORIENTED_EDGE('',*,*,#4839,.T.);
#4839 = EDGE_CURVE('',#4769,#4681,#4840,.T.);
#4840 = CIRCLE('',#4841,3.5E-02);
#4841 = AXIS2_PLACEMENT_3D('',#4842,#4843,#4844);
#4842 = CARTESIAN_POINT('',(10.014997711182,12.085082381506,
    0.764998984673));
#4843 = DIRECTION('',(-1.,-3.097720492816E-15,-1.354057278317E-22));
#4844 = DIRECTION('',(-3.097720492816E-15,1.,4.371140912996E-08));
#4845 = CYLINDRICAL_SURFACE('',#4846,3.5E-02);
#4846 = AXIS2_PLACEMENT_3D('',#4847,#4848,#4849);
#4847 = CARTESIAN_POINT('',(9.249997711182,12.085082381506,
    0.764998984673));
#4848 = DIRECTION('',(-1.,-0.,0.));
#4849 = DIRECTION('',(0.,-1.,-4.371140912996E-08));
#4850 = ADVANCED_FACE('',(#4851),#4869,.T.);
#4851 = FACE_BOUND('',#4852,.T.);
#4852 = EDGE_LOOP('',(#4853,#4854,#4861,#4862));
#4853 = ORIENTED_EDGE('',*,*,#4760,.F.);
#4854 = ORIENTED_EDGE('',*,*,#4855,.T.);
#4855 = EDGE_CURVE('',#4751,#4713,#4856,.T.);
#4856 = CIRCLE('',#4857,3.5E-02);
#4857 = AXIS2_PLACEMENT_3D('',#4858,#4859,#4860);
#4858 = CARTESIAN_POINT('',(9.699997711182,12.085082413416,
    3.499898467346E-02));
#4859 = DIRECTION('',(1.,1.184800118528E-23,-2.710505431214E-16));
#4860 = DIRECTION('',(-2.710505431214E-16,4.371140912996E-08,-1.));
#4861 = ORIENTED_EDGE('',*,*,#4736,.F.);
#4862 = ORIENTED_EDGE('',*,*,#4863,.T.);
#4863 = EDGE_CURVE('',#4729,#4761,#4864,.T.);
#4864 = CIRCLE('',#4865,3.5E-02);
#4865 = AXIS2_PLACEMENT_3D('',#4866,#4867,#4868);
#4866 = CARTESIAN_POINT('',(10.014997711182,12.085082413416,
    3.499898467346E-02));
#4867 = DIRECTION('',(-1.,0.,0.));
#4868 = DIRECTION('',(0.,1.,4.371140912996E-08));
#4869 = CYLINDRICAL_SURFACE('',#4870,3.5E-02);
#4870 = AXIS2_PLACEMENT_3D('',#4871,#4872,#4873);
#4871 = CARTESIAN_POINT('',(9.249997711182,12.085082413416,
    3.499898467346E-02));
#4872 = DIRECTION('',(1.,0.,0.));
#4873 = DIRECTION('',(0.,1.,4.371140912996E-08));
#4874 = ADVANCED_FACE('',(#4875),#4893,.T.);
#4875 = FACE_BOUND('',#4876,.T.);
#4876 = EDGE_LOOP('',(#4877,#4878,#4885,#4886));
#4877 = ORIENTED_EDGE('',*,*,#4808,.F.);
#4878 = ORIENTED_EDGE('',*,*,#4879,.T.);
#4879 = EDGE_CURVE('',#4801,#4673,#4880,.T.);
#4880 = CIRCLE('',#4881,3.5E-02);
#4881 = AXIS2_PLACEMENT_3D('',#4882,#4883,#4884);
#4882 = CARTESIAN_POINT('',(9.699997711182,12.915082381506,
    0.764999020954));
#4883 = DIRECTION('',(1.,1.184800118528E-23,-2.710505431214E-16));
#4884 = DIRECTION('',(-2.710505431214E-16,4.371140912996E-08,-1.));
#4885 = ORIENTED_EDGE('',*,*,#4696,.F.);
#4886 = ORIENTED_EDGE('',*,*,#4887,.T.);
#4887 = EDGE_CURVE('',#4689,#4809,#4888,.T.);
#4888 = CIRCLE('',#4889,3.5E-02);
#4889 = AXIS2_PLACEMENT_3D('',#4890,#4891,#4892);
#4890 = CARTESIAN_POINT('',(10.014997711182,12.915082381506,
    0.764999020954));
#4891 = DIRECTION('',(-1.,1.354057278317E-22,-3.097720492816E-15));
#4892 = DIRECTION('',(-3.097720492816E-15,-4.371140816192E-08,1.));
#4893 = CYLINDRICAL_SURFACE('',#4894,3.5E-02);
#4894 = AXIS2_PLACEMENT_3D('',#4895,#4896,#4897);
#4895 = CARTESIAN_POINT('',(8.449997711182,12.915082381506,
    0.764999020954));
#4896 = DIRECTION('',(1.,0.,0.));
#4897 = DIRECTION('',(0.,1.,4.371140912996E-08));
#4898 = ADVANCED_FACE('',(#4899),#4917,.T.);
#4899 = FACE_BOUND('',#4900,.T.);
#4900 = EDGE_LOOP('',(#4901,#4902,#4909,#4910));
#4901 = ORIENTED_EDGE('',*,*,#4720,.F.);
#4902 = ORIENTED_EDGE('',*,*,#4903,.T.);
#4903 = EDGE_CURVE('',#4711,#4793,#4904,.T.);
#4904 = CIRCLE('',#4905,3.5E-02);
#4905 = AXIS2_PLACEMENT_3D('',#4906,#4907,#4908);
#4906 = CARTESIAN_POINT('',(9.699997711182,12.915082413416,
    3.499902095393E-02));
#4907 = DIRECTION('',(1.,1.184800118528E-23,-2.710505431214E-16));
#4908 = DIRECTION('',(-2.710505431214E-16,4.371140912996E-08,-1.));
#4909 = ORIENTED_EDGE('',*,*,#4790,.F.);
#4910 = ORIENTED_EDGE('',*,*,#4911,.T.);
#4911 = EDGE_CURVE('',#4791,#4721,#4912,.T.);
#4912 = CIRCLE('',#4913,3.5E-02);
#4913 = AXIS2_PLACEMENT_3D('',#4914,#4915,#4916);
#4914 = CARTESIAN_POINT('',(10.014997711182,12.915082413416,
    3.499902095393E-02));
#4915 = DIRECTION('',(-1.,0.,0.));
#4916 = DIRECTION('',(0.,1.,4.371140912996E-08));
#4917 = CYLINDRICAL_SURFACE('',#4918,3.5E-02);
#4918 = AXIS2_PLACEMENT_3D('',#4919,#4920,#4921);
#4919 = CARTESIAN_POINT('',(8.449997711182,12.915082413416,
    3.499902095393E-02));
#4920 = DIRECTION('',(-1.,-0.,0.));
#4921 = DIRECTION('',(0.,-1.,-4.371140912996E-08));
#4922 = ADVANCED_FACE('',(#4923),#4957,.F.);
#4923 = FACE_BOUND('',#4924,.T.);
#4924 = EDGE_LOOP('',(#4925,#4935,#4943,#4951));
#4925 = ORIENTED_EDGE('',*,*,#4926,.T.);
#4926 = EDGE_CURVE('',#4927,#4929,#4931,.T.);
#4927 = VERTEX_POINT('',#4928);
#4928 = CARTESIAN_POINT('',(10.049997711182,12.085082381506,
    0.764998984673));
#4929 = VERTEX_POINT('',#4930);
#4930 = CARTESIAN_POINT('',(10.049997711182,12.085082413416,
    3.499898467346E-02));
#4931 = LINE('',#4932,#4933);
#4932 = CARTESIAN_POINT('',(10.049997711182,12.085082414946,
    -1.015326542897E-06));
#4933 = VECTOR('',#4934,1.);
#4934 = DIRECTION('',(-0.,4.371140912996E-08,-1.));
#4935 = ORIENTED_EDGE('',*,*,#4936,.T.);
#4936 = EDGE_CURVE('',#4929,#4937,#4939,.T.);
#4937 = VERTEX_POINT('',#4938);
#4938 = CARTESIAN_POINT('',(10.049997711182,12.915082413416,
    3.499902095393E-02));
#4939 = LINE('',#4940,#4941);
#4940 = CARTESIAN_POINT('',(10.049997711182,12.050082413416,
    3.499898314356E-02));
#4941 = VECTOR('',#4942,1.);
#4942 = DIRECTION('',(0.,1.,4.371140912996E-08));
#4943 = ORIENTED_EDGE('',*,*,#4944,.T.);
#4944 = EDGE_CURVE('',#4937,#4945,#4947,.T.);
#4945 = VERTEX_POINT('',#4946);
#4946 = CARTESIAN_POINT('',(10.049997711182,12.915082381506,
    0.764999020954));
#4947 = LINE('',#4948,#4949);
#4948 = CARTESIAN_POINT('',(10.049997711182,12.915082379976,
    0.799999020954));
#4949 = VECTOR('',#4950,1.);
#4950 = DIRECTION('',(0.,-4.371140912996E-08,1.));
#4951 = ORIENTED_EDGE('',*,*,#4952,.T.);
#4952 = EDGE_CURVE('',#4945,#4927,#4953,.T.);
#4953 = LINE('',#4954,#4955);
#4954 = CARTESIAN_POINT('',(10.049997711182,12.050082381506,
    0.764998983144));
#4955 = VECTOR('',#4956,1.);
#4956 = DIRECTION('',(0.,-1.,-4.371140912996E-08));
#4957 = PLANE('',#4958);
#4958 = AXIS2_PLACEMENT_3D('',#4959,#4960,#4961);
#4959 = CARTESIAN_POINT('',(10.049997711182,12.050082414946,
    -1.016856442215E-06));
#4960 = DIRECTION('',(-1.,-0.,0.));
#4961 = DIRECTION('',(0.,-1.,-4.371140912996E-08));
#4962 = ADVANCED_FACE('',(#4963),#4981,.T.);
#4963 = FACE_BOUND('',#4964,.T.);
#4964 = EDGE_LOOP('',(#4965,#4972,#4973,#4980));
#4965 = ORIENTED_EDGE('',*,*,#4966,.F.);
#4966 = EDGE_CURVE('',#4769,#4927,#4967,.T.);
#4967 = CIRCLE('',#4968,3.5E-02);
#4968 = AXIS2_PLACEMENT_3D('',#4969,#4970,#4971);
#4969 = CARTESIAN_POINT('',(10.014997711182,12.085082381506,
    0.764998984673));
#4970 = DIRECTION('',(0.,-4.371140912996E-08,1.));
#4971 = DIRECTION('',(0.,-1.,-4.371140912996E-08));
#4972 = ORIENTED_EDGE('',*,*,#4768,.F.);
#4973 = ORIENTED_EDGE('',*,*,#4974,.F.);
#4974 = EDGE_CURVE('',#4929,#4761,#4975,.T.);
#4975 = CIRCLE('',#4976,3.5E-02);
#4976 = AXIS2_PLACEMENT_3D('',#4977,#4978,#4979);
#4977 = CARTESIAN_POINT('',(10.014997711182,12.085082413416,
    3.499898467346E-02));
#4978 = DIRECTION('',(0.,4.371140912996E-08,-1.));
#4979 = DIRECTION('',(0.,1.,4.371140912996E-08));
#4980 = ORIENTED_EDGE('',*,*,#4926,.F.);
#4981 = CYLINDRICAL_SURFACE('',#4982,3.5E-02);
#4982 = AXIS2_PLACEMENT_3D('',#4983,#4984,#4985);
#4983 = CARTESIAN_POINT('',(10.014997711182,12.085082397461,
    0.399998984673));
#4984 = DIRECTION('',(0.,-4.371140912996E-08,1.));
#4985 = DIRECTION('',(0.,-1.,-4.371140912996E-08));
#4986 = ADVANCED_FACE('',(#4987),#4998,.T.);
#4987 = FACE_BOUND('',#4988,.T.);
#4988 = EDGE_LOOP('',(#4989,#4990,#4991));
#4989 = ORIENTED_EDGE('',*,*,#4839,.F.);
#4990 = ORIENTED_EDGE('',*,*,#4966,.T.);
#4991 = ORIENTED_EDGE('',*,*,#4992,.F.);
#4992 = EDGE_CURVE('',#4681,#4927,#4993,.T.);
#4993 = CIRCLE('',#4994,3.5E-02);
#4994 = AXIS2_PLACEMENT_3D('',#4995,#4996,#4997);
#4995 = CARTESIAN_POINT('',(10.014997711182,12.085082381506,
    0.764998984673));
#4996 = DIRECTION('',(0.,1.,4.371140912996E-08));
#4997 = DIRECTION('',(1.,6.770286391587E-23,-1.548860246408E-15));
#4998 = SPHERICAL_SURFACE('',#4999,3.5E-02);
#4999 = AXIS2_PLACEMENT_3D('',#5000,#5001,#5002);
#5000 = CARTESIAN_POINT('',(10.014997711182,12.085082381506,
    0.764998984673));
#5001 = DIRECTION('',(0.,-4.371140912996E-08,1.));
#5002 = DIRECTION('',(1.,0.,0.));
#5003 = ADVANCED_FACE('',(#5004),#5015,.T.);
#5004 = FACE_BOUND('',#5005,.T.);
#5005 = EDGE_LOOP('',(#5006,#5013,#5014));
#5006 = ORIENTED_EDGE('',*,*,#5007,.F.);
#5007 = EDGE_CURVE('',#4929,#4729,#5008,.T.);
#5008 = CIRCLE('',#5009,3.5E-02);
#5009 = AXIS2_PLACEMENT_3D('',#5010,#5011,#5012);
#5010 = CARTESIAN_POINT('',(10.014997711182,12.085082413416,
    3.499898467346E-02));
#5011 = DIRECTION('',(-0.,1.,4.371140912996E-08));
#5012 = DIRECTION('',(1.,0.,0.));
#5013 = ORIENTED_EDGE('',*,*,#4974,.T.);
#5014 = ORIENTED_EDGE('',*,*,#4863,.F.);
#5015 = SPHERICAL_SURFACE('',#5016,3.5E-02);
#5016 = AXIS2_PLACEMENT_3D('',#5017,#5018,#5019);
#5017 = CARTESIAN_POINT('',(10.014997711182,12.085082413416,
    3.499898467346E-02));
#5018 = DIRECTION('',(0.,-4.371140912996E-08,1.));
#5019 = DIRECTION('',(1.,0.,0.));
#5020 = ADVANCED_FACE('',(#5021),#5033,.T.);
#5021 = FACE_BOUND('',#5022,.T.);
#5022 = EDGE_LOOP('',(#5023,#5024,#5025,#5032));
#5023 = ORIENTED_EDGE('',*,*,#4992,.T.);
#5024 = ORIENTED_EDGE('',*,*,#4952,.F.);
#5025 = ORIENTED_EDGE('',*,*,#5026,.F.);
#5026 = EDGE_CURVE('',#4689,#4945,#5027,.T.);
#5027 = CIRCLE('',#5028,3.5E-02);
#5028 = AXIS2_PLACEMENT_3D('',#5029,#5030,#5031);
#5029 = CARTESIAN_POINT('',(10.014997711182,12.915082381506,
    0.764999020954));
#5030 = DIRECTION('',(0.,1.,4.371140912996E-08));
#5031 = DIRECTION('',(-1.,-0.,0.));
#5032 = ORIENTED_EDGE('',*,*,#4688,.F.);
#5033 = CYLINDRICAL_SURFACE('',#5034,3.5E-02);
#5034 = AXIS2_PLACEMENT_3D('',#5035,#5036,#5037);
#5035 = CARTESIAN_POINT('',(10.014997711182,12.050082381506,
    0.764998983144));
#5036 = DIRECTION('',(0.,1.,4.371140912996E-08));
#5037 = DIRECTION('',(-1.,-0.,0.));
#5038 = ADVANCED_FACE('',(#5039),#5051,.T.);
#5039 = FACE_BOUND('',#5040,.T.);
#5040 = EDGE_LOOP('',(#5041,#5042,#5043,#5050));
#5041 = ORIENTED_EDGE('',*,*,#5007,.T.);
#5042 = ORIENTED_EDGE('',*,*,#4728,.F.);
#5043 = ORIENTED_EDGE('',*,*,#5044,.F.);
#5044 = EDGE_CURVE('',#4937,#4721,#5045,.T.);
#5045 = CIRCLE('',#5046,3.5E-02);
#5046 = AXIS2_PLACEMENT_3D('',#5047,#5048,#5049);
#5047 = CARTESIAN_POINT('',(10.014997711182,12.915082413416,
    3.499902095393E-02));
#5048 = DIRECTION('',(0.,1.,4.371140912996E-08));
#5049 = DIRECTION('',(-1.,-0.,0.));
#5050 = ORIENTED_EDGE('',*,*,#4936,.F.);
#5051 = CYLINDRICAL_SURFACE('',#5052,3.5E-02);
#5052 = AXIS2_PLACEMENT_3D('',#5053,#5054,#5055);
#5053 = CARTESIAN_POINT('',(10.014997711182,12.050082413416,
    3.499898314356E-02));
#5054 = DIRECTION('',(0.,1.,4.371140912996E-08));
#5055 = DIRECTION('',(-1.,-0.,0.));
#5056 = ADVANCED_FACE('',(#5057),#5075,.T.);
#5057 = FACE_BOUND('',#5058,.T.);
#5058 = EDGE_LOOP('',(#5059,#5066,#5067,#5074));
#5059 = ORIENTED_EDGE('',*,*,#5060,.F.);
#5060 = EDGE_CURVE('',#4945,#4809,#5061,.T.);
#5061 = CIRCLE('',#5062,3.5E-02);
#5062 = AXIS2_PLACEMENT_3D('',#5063,#5064,#5065);
#5063 = CARTESIAN_POINT('',(10.014997711182,12.915082381506,
    0.764999020954));
#5064 = DIRECTION('',(0.,-4.371140912996E-08,1.));
#5065 = DIRECTION('',(0.,-1.,-4.371140912996E-08));
#5066 = ORIENTED_EDGE('',*,*,#4944,.F.);
#5067 = ORIENTED_EDGE('',*,*,#5068,.F.);
#5068 = EDGE_CURVE('',#4791,#4937,#5069,.T.);
#5069 = CIRCLE('',#5070,3.5E-02);
#5070 = AXIS2_PLACEMENT_3D('',#5071,#5072,#5073);
#5071 = CARTESIAN_POINT('',(10.014997711182,12.915082413416,
    3.499902095393E-02));
#5072 = DIRECTION('',(0.,4.371140912996E-08,-1.));
#5073 = DIRECTION('',(0.,1.,4.371140912996E-08));
#5074 = ORIENTED_EDGE('',*,*,#4816,.F.);
#5075 = CYLINDRICAL_SURFACE('',#5076,3.5E-02);
#5076 = AXIS2_PLACEMENT_3D('',#5077,#5078,#5079);
#5077 = CARTESIAN_POINT('',(10.014997711182,12.915082414946,
    -9.790460733239E-07));
#5078 = DIRECTION('',(0.,4.371140912996E-08,-1.));
#5079 = DIRECTION('',(0.,1.,4.371140912996E-08));
#5080 = ADVANCED_FACE('',(#5081),#5086,.T.);
#5081 = FACE_BOUND('',#5082,.T.);
#5082 = EDGE_LOOP('',(#5083,#5084,#5085));
#5083 = ORIENTED_EDGE('',*,*,#5026,.T.);
#5084 = ORIENTED_EDGE('',*,*,#5060,.T.);
#5085 = ORIENTED_EDGE('',*,*,#4887,.F.);
#5086 = SPHERICAL_SURFACE('',#5087,3.5E-02);
#5087 = AXIS2_PLACEMENT_3D('',#5088,#5089,#5090);
#5088 = CARTESIAN_POINT('',(10.014997711182,12.915082381506,
    0.764999020954));
#5089 = DIRECTION('',(0.,-4.371140912996E-08,1.));
#5090 = DIRECTION('',(1.,0.,0.));
#5091 = ADVANCED_FACE('',(#5092),#5097,.T.);
#5092 = FACE_BOUND('',#5093,.T.);
#5093 = EDGE_LOOP('',(#5094,#5095,#5096));
#5094 = ORIENTED_EDGE('',*,*,#5068,.T.);
#5095 = ORIENTED_EDGE('',*,*,#5044,.T.);
#5096 = ORIENTED_EDGE('',*,*,#4911,.F.);
#5097 = SPHERICAL_SURFACE('',#5098,3.5E-02);
#5098 = AXIS2_PLACEMENT_3D('',#5099,#5100,#5101);
#5099 = CARTESIAN_POINT('',(10.014997711182,12.915082413416,
    3.499902095393E-02));
#5100 = DIRECTION('',(0.,-4.371140912996E-08,1.));
#5101 = DIRECTION('',(1.,0.,0.));
#5102 = ADVANCED_FACE('',(#5103),#5113,.T.);
#5103 = FACE_BOUND('',#5104,.T.);
#5104 = EDGE_LOOP('',(#5105,#5106,#5107,#5108,#5109,#5110,#5111,#5112));
#5105 = ORIENTED_EDGE('',*,*,#4831,.F.);
#5106 = ORIENTED_EDGE('',*,*,#4670,.T.);
#5107 = ORIENTED_EDGE('',*,*,#4879,.F.);
#5108 = ORIENTED_EDGE('',*,*,#4800,.F.);
#5109 = ORIENTED_EDGE('',*,*,#4903,.F.);
#5110 = ORIENTED_EDGE('',*,*,#4710,.T.);
#5111 = ORIENTED_EDGE('',*,*,#4855,.F.);
#5112 = ORIENTED_EDGE('',*,*,#4750,.T.);
#5113 = PLANE('',#5114);
#5114 = AXIS2_PLACEMENT_3D('',#5115,#5116,#5117);
#5115 = CARTESIAN_POINT('',(9.699997711182,12.960082379976,
    0.799999022921));
#5116 = DIRECTION('',(-1.,-1.184800118528E-23,2.710505431214E-16));
#5117 = DIRECTION('',(-2.710505431214E-16,4.371140912996E-08,-1.));
#5118 = MANIFOLD_SOLID_BREP('',#5119);
#5119 = CLOSED_SHELL('',(#5120,#5196,#5228,#5252,#5277,#5301,#5326,#5350
    ,#5375,#5392));
#5120 = ADVANCED_FACE('',(#5121),#5191,.T.);
#5121 = FACE_BOUND('',#5122,.T.);
#5122 = EDGE_LOOP('',(#5123,#5133,#5142,#5150,#5159,#5167,#5176,#5184));
#5123 = ORIENTED_EDGE('',*,*,#5124,.T.);
#5124 = EDGE_CURVE('',#5125,#5127,#5129,.T.);
#5125 = VERTEX_POINT('',#5126);
#5126 = CARTESIAN_POINT('',(8.799997711182,12.070082413416,
    3.499898401779E-02));
#5127 = VERTEX_POINT('',#5128);
#5128 = CARTESIAN_POINT('',(8.799997711182,12.070082381506,
    0.764998984018));
#5129 = LINE('',#5130,#5131);
#5130 = CARTESIAN_POINT('',(8.799997711182,12.070082397461,
    0.399998984018));
#5131 = VECTOR('',#5132,1.);
#5132 = DIRECTION('',(-1.508577482946E-16,-4.371140912996E-08,1.));
#5133 = ORIENTED_EDGE('',*,*,#5134,.T.);
#5134 = EDGE_CURVE('',#5127,#5135,#5137,.T.);
#5135 = VERTEX_POINT('',#5136);
#5136 = CARTESIAN_POINT('',(8.799997711182,12.085082380851,
    0.779998984673));
#5137 = CIRCLE('',#5138,1.5E-02);
#5138 = AXIS2_PLACEMENT_3D('',#5139,#5140,#5141);
#5139 = CARTESIAN_POINT('',(8.799997711182,12.085082381506,
    0.764998984673));
#5140 = DIRECTION('',(-1.,6.594204756129E-24,-1.508577482946E-16));
#5141 = DIRECTION('',(1.508577482946E-16,4.371140912996E-08,-1.));
#5142 = ORIENTED_EDGE('',*,*,#5143,.T.);
#5143 = EDGE_CURVE('',#5135,#5144,#5146,.T.);
#5144 = VERTEX_POINT('',#5145);
#5145 = CARTESIAN_POINT('',(8.799997711182,12.915082380851,
    0.779999020954));
#5146 = LINE('',#5147,#5148);
#5147 = CARTESIAN_POINT('',(8.799997711182,12.950082380851,
    0.779999022484));
#5148 = VECTOR('',#5149,1.);
#5149 = DIRECTION('',(0.,1.,4.371140912996E-08));
#5150 = ORIENTED_EDGE('',*,*,#5151,.T.);
#5151 = EDGE_CURVE('',#5144,#5152,#5154,.T.);
#5152 = VERTEX_POINT('',#5153);
#5153 = CARTESIAN_POINT('',(8.799997711182,12.930082381506,0.76499902161
    ));
#5154 = CIRCLE('',#5155,1.5E-02);
#5155 = AXIS2_PLACEMENT_3D('',#5156,#5157,#5158);
#5156 = CARTESIAN_POINT('',(8.799997711182,12.915082381506,
    0.764999020954));
#5157 = DIRECTION('',(-1.,6.594204756129E-24,-1.508577482946E-16));
#5158 = DIRECTION('',(1.508577482946E-16,4.371140912996E-08,-1.));
#5159 = ORIENTED_EDGE('',*,*,#5160,.T.);
#5160 = EDGE_CURVE('',#5152,#5161,#5163,.T.);
#5161 = VERTEX_POINT('',#5162);
#5162 = CARTESIAN_POINT('',(8.799997711182,12.930082413416,
    3.49990216096E-02));
#5163 = LINE('',#5164,#5165);
#5164 = CARTESIAN_POINT('',(8.799997711182,12.930082397461,0.39999902161
    ));
#5165 = VECTOR('',#5166,1.);
#5166 = DIRECTION('',(1.508577482946E-16,4.371140912996E-08,-1.));
#5167 = ORIENTED_EDGE('',*,*,#5168,.T.);
#5168 = EDGE_CURVE('',#5161,#5169,#5171,.T.);
#5169 = VERTEX_POINT('',#5170);
#5170 = CARTESIAN_POINT('',(8.799997711182,12.915082414071,
    1.999902095393E-02));
#5171 = CIRCLE('',#5172,1.5E-02);
#5172 = AXIS2_PLACEMENT_3D('',#5173,#5174,#5175);
#5173 = CARTESIAN_POINT('',(8.799997711182,12.915082413416,
    3.499902095393E-02));
#5174 = DIRECTION('',(-1.,6.594204756129E-24,-1.508577482946E-16));
#5175 = DIRECTION('',(1.508577482946E-16,4.371140912996E-08,-1.));
#5176 = ORIENTED_EDGE('',*,*,#5177,.T.);
#5177 = EDGE_CURVE('',#5169,#5178,#5180,.T.);
#5178 = VERTEX_POINT('',#5179);
#5179 = CARTESIAN_POINT('',(8.799997711182,12.085082414071,
    1.999898467346E-02));
#5180 = LINE('',#5181,#5182);
#5181 = CARTESIAN_POINT('',(8.799997711182,12.950082414071,
    1.999902248383E-02));
#5182 = VECTOR('',#5183,1.);
#5183 = DIRECTION('',(0.,-1.,-4.371140912996E-08));
#5184 = ORIENTED_EDGE('',*,*,#5185,.T.);
#5185 = EDGE_CURVE('',#5178,#5125,#5186,.T.);
#5186 = CIRCLE('',#5187,1.5E-02);
#5187 = AXIS2_PLACEMENT_3D('',#5188,#5189,#5190);
#5188 = CARTESIAN_POINT('',(8.799997711182,12.085082413416,
    3.499898467346E-02));
#5189 = DIRECTION('',(-1.,6.594204756129E-24,-1.508577482946E-16));
#5190 = DIRECTION('',(1.508577482946E-16,4.371140912996E-08,-1.));
#5191 = PLANE('',#5192);
#5192 = AXIS2_PLACEMENT_3D('',#5193,#5194,#5195);
#5193 = CARTESIAN_POINT('',(8.799997711182,12.960082379976,
    0.799999022921));
#5194 = DIRECTION('',(-1.,5.924000592638E-24,-1.355252715607E-16));
#5195 = DIRECTION('',(1.355252715607E-16,4.371140912996E-08,-1.));
#5196 = ADVANCED_FACE('',(#5197),#5223,.T.);
#5197 = FACE_BOUND('',#5198,.T.);
#5198 = EDGE_LOOP('',(#5199,#5207,#5208,#5216));
#5199 = ORIENTED_EDGE('',*,*,#5200,.T.);
#5200 = EDGE_CURVE('',#5201,#5135,#5203,.T.);
#5201 = VERTEX_POINT('',#5202);
#5202 = CARTESIAN_POINT('',(9.699997711182,12.085082380851,
    0.779998984673));
#5203 = LINE('',#5204,#5205);
#5204 = CARTESIAN_POINT('',(10.904157169061,12.085082380851,
    0.779998984673));
#5205 = VECTOR('',#5206,1.);
#5206 = DIRECTION('',(-1.,5.924000592638E-24,-1.355252715607E-16));
#5207 = ORIENTED_EDGE('',*,*,#5134,.F.);
#5208 = ORIENTED_EDGE('',*,*,#5209,.F.);
#5209 = EDGE_CURVE('',#5210,#5127,#5212,.T.);
#5210 = VERTEX_POINT('',#5211);
#5211 = CARTESIAN_POINT('',(9.699997711182,12.070082381506,
    0.764998984018));
#5212 = LINE('',#5213,#5214);
#5213 = CARTESIAN_POINT('',(10.904157169061,12.070082381506,
    0.764998984018));
#5214 = VECTOR('',#5215,1.);
#5215 = DIRECTION('',(-1.,5.924000592638E-24,-1.355252715607E-16));
#5216 = ORIENTED_EDGE('',*,*,#5217,.F.);
#5217 = EDGE_CURVE('',#5201,#5210,#5218,.T.);
#5218 = CIRCLE('',#5219,1.5E-02);
#5219 = AXIS2_PLACEMENT_3D('',#5220,#5221,#5222);
#5220 = CARTESIAN_POINT('',(9.699997711182,12.085082381506,
    0.764998984673));
#5221 = DIRECTION('',(1.,1.184800118528E-23,-2.710505431214E-16));
#5222 = DIRECTION('',(-2.710505431214E-16,4.371140912996E-08,-1.));
#5223 = CYLINDRICAL_SURFACE('',#5224,1.5E-02);
#5224 = AXIS2_PLACEMENT_3D('',#5225,#5226,#5227);
#5225 = CARTESIAN_POINT('',(10.904157169061,12.085082381506,
    0.764998984673));
#5226 = DIRECTION('',(-1.,5.924000592638E-24,-1.355252715607E-16));
#5227 = DIRECTION('',(1.355252715607E-16,4.371140912996E-08,-1.));
#5228 = ADVANCED_FACE('',(#5229),#5247,.T.);
#5229 = FACE_BOUND('',#5230,.T.);
#5230 = EDGE_LOOP('',(#5231,#5239,#5240,#5241));
#5231 = ORIENTED_EDGE('',*,*,#5232,.T.);
#5232 = EDGE_CURVE('',#5233,#5144,#5235,.T.);
#5233 = VERTEX_POINT('',#5234);
#5234 = CARTESIAN_POINT('',(9.699997711182,12.915082380851,
    0.779999020954));
#5235 = LINE('',#5236,#5237);
#5236 = CARTESIAN_POINT('',(10.904157169061,12.915082380851,
    0.779999020954));
#5237 = VECTOR('',#5238,1.);
#5238 = DIRECTION('',(-1.,5.924000592638E-24,-1.355252715607E-16));
#5239 = ORIENTED_EDGE('',*,*,#5143,.F.);
#5240 = ORIENTED_EDGE('',*,*,#5200,.F.);
#5241 = ORIENTED_EDGE('',*,*,#5242,.F.);
#5242 = EDGE_CURVE('',#5233,#5201,#5243,.T.);
#5243 = LINE('',#5244,#5245);
#5244 = CARTESIAN_POINT('',(9.699997711182,12.950082380851,
    0.779999022484));
#5245 = VECTOR('',#5246,1.);
#5246 = DIRECTION('',(0.,-1.,-4.371140912996E-08));
#5247 = PLANE('',#5248);
#5248 = AXIS2_PLACEMENT_3D('',#5249,#5250,#5251);
#5249 = CARTESIAN_POINT('',(10.904157169061,12.950082380851,
    0.779999022484));
#5250 = DIRECTION('',(-1.355252715607E-16,-4.371140912996E-08,1.));
#5251 = DIRECTION('',(-1.,5.924000592638E-24,-1.355252715607E-16));
#5252 = ADVANCED_FACE('',(#5253),#5272,.T.);
#5253 = FACE_BOUND('',#5254,.T.);
#5254 = EDGE_LOOP('',(#5255,#5263,#5264,#5265));
#5255 = ORIENTED_EDGE('',*,*,#5256,.T.);
#5256 = EDGE_CURVE('',#5257,#5152,#5259,.T.);
#5257 = VERTEX_POINT('',#5258);
#5258 = CARTESIAN_POINT('',(9.699997711182,12.930082381506,0.76499902161
    ));
#5259 = LINE('',#5260,#5261);
#5260 = CARTESIAN_POINT('',(10.904157169061,12.930082381506,
    0.76499902161));
#5261 = VECTOR('',#5262,1.);
#5262 = DIRECTION('',(-1.,5.924000592638E-24,-1.355252715607E-16));
#5263 = ORIENTED_EDGE('',*,*,#5151,.F.);
#5264 = ORIENTED_EDGE('',*,*,#5232,.F.);
#5265 = ORIENTED_EDGE('',*,*,#5266,.F.);
#5266 = EDGE_CURVE('',#5257,#5233,#5267,.T.);
#5267 = CIRCLE('',#5268,1.5E-02);
#5268 = AXIS2_PLACEMENT_3D('',#5269,#5270,#5271);
#5269 = CARTESIAN_POINT('',(9.699997711182,12.915082381506,
    0.764999020954));
#5270 = DIRECTION('',(1.,1.184800118528E-23,-2.710505431214E-16));
#5271 = DIRECTION('',(-2.710505431214E-16,4.371140912996E-08,-1.));
#5272 = CYLINDRICAL_SURFACE('',#5273,1.5E-02);
#5273 = AXIS2_PLACEMENT_3D('',#5274,#5275,#5276);
#5274 = CARTESIAN_POINT('',(10.904157169061,12.915082381506,
    0.764999020954));
#5275 = DIRECTION('',(-1.,5.924000592638E-24,-1.355252715607E-16));
#5276 = DIRECTION('',(1.355252715607E-16,4.371140912996E-08,-1.));
#5277 = ADVANCED_FACE('',(#5278),#5296,.T.);
#5278 = FACE_BOUND('',#5279,.T.);
#5279 = EDGE_LOOP('',(#5280,#5288,#5289,#5290));
#5280 = ORIENTED_EDGE('',*,*,#5281,.T.);
#5281 = EDGE_CURVE('',#5282,#5161,#5284,.T.);
#5282 = VERTEX_POINT('',#5283);
#5283 = CARTESIAN_POINT('',(9.699997711182,12.930082413416,
    3.49990216096E-02));
#5284 = LINE('',#5285,#5286);
#5285 = CARTESIAN_POINT('',(10.904157169061,12.930082413416,
    3.49990216096E-02));
#5286 = VECTOR('',#5287,1.);
#5287 = DIRECTION('',(-1.,5.924000592638E-24,-1.355252715607E-16));
#5288 = ORIENTED_EDGE('',*,*,#5160,.F.);
#5289 = ORIENTED_EDGE('',*,*,#5256,.F.);
#5290 = ORIENTED_EDGE('',*,*,#5291,.F.);
#5291 = EDGE_CURVE('',#5282,#5257,#5292,.T.);
#5292 = LINE('',#5293,#5294);
#5293 = CARTESIAN_POINT('',(9.699997711182,12.930082397461,0.39999902161
    ));
#5294 = VECTOR('',#5295,1.);
#5295 = DIRECTION('',(2.710505431214E-16,-4.371140912996E-08,1.));
#5296 = PLANE('',#5297);
#5297 = AXIS2_PLACEMENT_3D('',#5298,#5299,#5300);
#5298 = CARTESIAN_POINT('',(10.904157169061,12.930082397461,
    0.39999902161));
#5299 = DIRECTION('',(0.,1.,4.371140912996E-08));
#5300 = DIRECTION('',(-1.,0.,0.));
#5301 = ADVANCED_FACE('',(#5302),#5321,.T.);
#5302 = FACE_BOUND('',#5303,.T.);
#5303 = EDGE_LOOP('',(#5304,#5312,#5313,#5314));
#5304 = ORIENTED_EDGE('',*,*,#5305,.T.);
#5305 = EDGE_CURVE('',#5306,#5169,#5308,.T.);
#5306 = VERTEX_POINT('',#5307);
#5307 = CARTESIAN_POINT('',(9.699997711182,12.915082414071,
    1.999902095393E-02));
#5308 = LINE('',#5309,#5310);
#5309 = CARTESIAN_POINT('',(10.904157169061,12.915082414071,
    1.999902095393E-02));
#5310 = VECTOR('',#5311,1.);
#5311 = DIRECTION('',(-1.,5.924000592638E-24,-1.355252715607E-16));
#5312 = ORIENTED_EDGE('',*,*,#5168,.F.);
#5313 = ORIENTED_EDGE('',*,*,#5281,.F.);
#5314 = ORIENTED_EDGE('',*,*,#5315,.F.);
#5315 = EDGE_CURVE('',#5306,#5282,#5316,.T.);
#5316 = CIRCLE('',#5317,1.5E-02);
#5317 = AXIS2_PLACEMENT_3D('',#5318,#5319,#5320);
#5318 = CARTESIAN_POINT('',(9.699997711182,12.915082413416,
    3.499902095393E-02));
#5319 = DIRECTION('',(1.,1.184800118528E-23,-2.710505431214E-16));
#5320 = DIRECTION('',(-2.710505431214E-16,4.371140912996E-08,-1.));
#5321 = CYLINDRICAL_SURFACE('',#5322,1.5E-02);
#5322 = AXIS2_PLACEMENT_3D('',#5323,#5324,#5325);
#5323 = CARTESIAN_POINT('',(10.904157169061,12.915082413416,
    3.499902095393E-02));
#5324 = DIRECTION('',(-1.,5.924000592638E-24,-1.355252715607E-16));
#5325 = DIRECTION('',(1.355252715607E-16,4.371140912996E-08,-1.));
#5326 = ADVANCED_FACE('',(#5327),#5345,.T.);
#5327 = FACE_BOUND('',#5328,.T.);
#5328 = EDGE_LOOP('',(#5329,#5337,#5338,#5339));
#5329 = ORIENTED_EDGE('',*,*,#5330,.T.);
#5330 = EDGE_CURVE('',#5331,#5178,#5333,.T.);
#5331 = VERTEX_POINT('',#5332);
#5332 = CARTESIAN_POINT('',(9.699997711182,12.085082414071,
    1.999898467346E-02));
#5333 = LINE('',#5334,#5335);
#5334 = CARTESIAN_POINT('',(10.904157169061,12.085082414071,
    1.999898467346E-02));
#5335 = VECTOR('',#5336,1.);
#5336 = DIRECTION('',(-1.,5.924000592638E-24,-1.355252715607E-16));
#5337 = ORIENTED_EDGE('',*,*,#5177,.F.);
#5338 = ORIENTED_EDGE('',*,*,#5305,.F.);
#5339 = ORIENTED_EDGE('',*,*,#5340,.F.);
#5340 = EDGE_CURVE('',#5331,#5306,#5341,.T.);
#5341 = LINE('',#5342,#5343);
#5342 = CARTESIAN_POINT('',(9.699997711182,12.950082414071,
    1.999902248383E-02));
#5343 = VECTOR('',#5344,1.);
#5344 = DIRECTION('',(0.,1.,4.371140912996E-08));
#5345 = PLANE('',#5346);
#5346 = AXIS2_PLACEMENT_3D('',#5347,#5348,#5349);
#5347 = CARTESIAN_POINT('',(10.904157169061,12.950082414071,
    1.999902248383E-02));
#5348 = DIRECTION('',(1.355252715607E-16,4.371140912996E-08,-1.));
#5349 = DIRECTION('',(1.,-5.924000592638E-24,1.355252715607E-16));
#5350 = ADVANCED_FACE('',(#5351),#5370,.T.);
#5351 = FACE_BOUND('',#5352,.T.);
#5352 = EDGE_LOOP('',(#5353,#5361,#5362,#5363));
#5353 = ORIENTED_EDGE('',*,*,#5354,.T.);
#5354 = EDGE_CURVE('',#5355,#5125,#5357,.T.);
#5355 = VERTEX_POINT('',#5356);
#5356 = CARTESIAN_POINT('',(9.699997711182,12.070082413416,
    3.499898401779E-02));
#5357 = LINE('',#5358,#5359);
#5358 = CARTESIAN_POINT('',(10.904157169061,12.070082413416,
    3.499898401779E-02));
#5359 = VECTOR('',#5360,1.);
#5360 = DIRECTION('',(-1.,5.924000592638E-24,-1.355252715607E-16));
#5361 = ORIENTED_EDGE('',*,*,#5185,.F.);
#5362 = ORIENTED_EDGE('',*,*,#5330,.F.);
#5363 = ORIENTED_EDGE('',*,*,#5364,.F.);
#5364 = EDGE_CURVE('',#5355,#5331,#5365,.T.);
#5365 = CIRCLE('',#5366,1.5E-02);
#5366 = AXIS2_PLACEMENT_3D('',#5367,#5368,#5369);
#5367 = CARTESIAN_POINT('',(9.699997711182,12.085082413416,
    3.499898467346E-02));
#5368 = DIRECTION('',(1.,1.184800118528E-23,-2.710505431214E-16));
#5369 = DIRECTION('',(-2.710505431214E-16,4.371140912996E-08,-1.));
#5370 = CYLINDRICAL_SURFACE('',#5371,1.5E-02);
#5371 = AXIS2_PLACEMENT_3D('',#5372,#5373,#5374);
#5372 = CARTESIAN_POINT('',(10.904157169061,12.085082413416,
    3.499898467346E-02));
#5373 = DIRECTION('',(-1.,5.924000592638E-24,-1.355252715607E-16));
#5374 = DIRECTION('',(1.355252715607E-16,4.371140912996E-08,-1.));
#5375 = ADVANCED_FACE('',(#5376),#5387,.T.);
#5376 = FACE_BOUND('',#5377,.T.);
#5377 = EDGE_LOOP('',(#5378,#5379,#5380,#5381));
#5378 = ORIENTED_EDGE('',*,*,#5209,.T.);
#5379 = ORIENTED_EDGE('',*,*,#5124,.F.);
#5380 = ORIENTED_EDGE('',*,*,#5354,.F.);
#5381 = ORIENTED_EDGE('',*,*,#5382,.F.);
#5382 = EDGE_CURVE('',#5210,#5355,#5383,.T.);
#5383 = LINE('',#5384,#5385);
#5384 = CARTESIAN_POINT('',(9.699997711182,12.070082397461,
    0.399998984018));
#5385 = VECTOR('',#5386,1.);
#5386 = DIRECTION('',(-2.710505431214E-16,4.371140912996E-08,-1.));
#5387 = PLANE('',#5388);
#5388 = AXIS2_PLACEMENT_3D('',#5389,#5390,#5391);
#5389 = CARTESIAN_POINT('',(10.904157169061,12.070082397461,
    0.399998984018));
#5390 = DIRECTION('',(0.,-1.,-4.371140912996E-08));
#5391 = DIRECTION('',(1.,0.,0.));
#5392 = ADVANCED_FACE('',(#5393),#5403,.F.);
#5393 = FACE_BOUND('',#5394,.T.);
#5394 = EDGE_LOOP('',(#5395,#5396,#5397,#5398,#5399,#5400,#5401,#5402));
#5395 = ORIENTED_EDGE('',*,*,#5217,.T.);
#5396 = ORIENTED_EDGE('',*,*,#5382,.T.);
#5397 = ORIENTED_EDGE('',*,*,#5364,.T.);
#5398 = ORIENTED_EDGE('',*,*,#5340,.T.);
#5399 = ORIENTED_EDGE('',*,*,#5315,.T.);
#5400 = ORIENTED_EDGE('',*,*,#5291,.T.);
#5401 = ORIENTED_EDGE('',*,*,#5266,.T.);
#5402 = ORIENTED_EDGE('',*,*,#5242,.T.);
#5403 = PLANE('',#5404);
#5404 = AXIS2_PLACEMENT_3D('',#5405,#5406,#5407);
#5405 = CARTESIAN_POINT('',(9.699997711182,12.960082379976,
    0.799999022921));
#5406 = DIRECTION('',(-1.,-1.184800118528E-23,2.710505431214E-16));
#5407 = DIRECTION('',(-2.710505431214E-16,4.371140912996E-08,-1.));
#5408 = ( GEOMETRIC_REPRESENTATION_CONTEXT(3) 
GLOBAL_UNCERTAINTY_ASSIGNED_CONTEXT((#5412)) 
GLOBAL_UNIT_ASSIGNED_CONTEXT((#5409,#5410,#5411)) REPRESENTATION_CONTEXT
('Context #1','3D Context with UNIT and UNCERTAINTY') );
#5409 = ( LENGTH_UNIT() NAMED_UNIT(*) SI_UNIT(.MILLI.,.METRE.) );
#5410 = ( NAMED_UNIT(*) PLANE_ANGLE_UNIT() SI_UNIT($,.RADIAN.) );
#5411 = ( NAMED_UNIT(*) SI_UNIT($,.STERADIAN.) SOLID_ANGLE_UNIT() );
#5412 = UNCERTAINTY_MEASURE_WITH_UNIT(LENGTH_MEASURE(1.E-07),#5409,
  'distance_accuracy_value','confusion accuracy');
#5413 = PRODUCT_RELATED_PRODUCT_CATEGORY('part',$,(#4206));
#5414 = SHAPE_DEFINITION_REPRESENTATION(#5415,#5421);
#5415 = PRODUCT_DEFINITION_SHAPE('','',#5416);
#5416 = PRODUCT_DEFINITION('design','',#5417,#5420);
#5417 = PRODUCT_DEFINITION_FORMATION('','',#5418);
#5418 = PRODUCT('Open CASCADE STEP translator 7.5 84',
  'Open CASCADE STEP translator 7.5 84','',(#5419));
#5419 = PRODUCT_CONTEXT('',#2,'mechanical');
#5420 = PRODUCT_DEFINITION_CONTEXT('part definition',#2,'design');
#5421 = SHAPE_REPRESENTATION('',(#11,#5422,#5456,#5488,#5609,#5682,#5715
    ,#5784),#5864);
#5422 = GEOMETRIC_CURVE_SET('',(#5423));
#5423 = TRIMMED_CURVE('',#5424,(#5454,PARAMETER_VALUE(0.)),(#5455,
    PARAMETER_VALUE(0.31826833853)),.T.,.PARAMETER.);
#5424 = B_SPLINE_CURVE_WITH_KNOTS('',3,(#5425,#5426,#5427,#5428,#5429,
    #5430,#5431,#5432,#5433,#5434,#5435,#5436,#5437,#5438,#5439,#5440,
    #5441,#5442,#5443,#5444,#5445,#5446,#5447,#5448,#5449,#5450,#5451,
    #5452,#5453),.UNSPECIFIED.,.T.,.F.,(1,3,3,2,3,3,3,3,2,3,3,3,1),(
    -3.537244066694E-02,0.,4.470829135394E-02,6.672301295553E-02,
    8.850617094135E-02,0.123702028395,0.159032880757,0.203793702184,
    0.225802858543,0.247615799142,0.282895897863,0.31826833853,
    0.362976629884),.UNSPECIFIED.);
#5425 = CARTESIAN_POINT('',(2.00522047647,9.054891346472,-1.479234960338
    ));
#5426 = CARTESIAN_POINT('',(1.99025587689,9.054891347126,-1.479234960338
    ));
#5427 = CARTESIAN_POINT('',(1.97634416135,9.054891200031,-1.475241086308
    ));
#5428 = CARTESIAN_POINT('',(1.964967498496,9.054890823843,
    -1.465055540191));
#5429 = CARTESIAN_POINT('',(1.959502847527,9.054890641459,
    -1.460117432199));
#5430 = CARTESIAN_POINT('',(1.955284174663,9.054890425817,
    -1.454281489217));
#5431 = CARTESIAN_POINT('',(1.949755439963,9.054889922916,
    -1.440676535861));
#5432 = CARTESIAN_POINT('',(1.948640967883,9.054889656943,
    -1.433483342413));
#5433 = CARTESIAN_POINT('',(1.948640967883,9.054889388189,
    -1.426216253504));
#5434 = CARTESIAN_POINT('',(1.948640967883,9.054888952822,
    -1.414443944276));
#5435 = CARTESIAN_POINT('',(1.951921962942,9.054888551075,
    -1.403584609839));
#5436 = CARTESIAN_POINT('',(1.960497902616,9.0548882361,-1.395077862999)
  );
#5437 = CARTESIAN_POINT('',(1.969097865455,9.054887920244,
    -1.386547286818));
#5438 = CARTESIAN_POINT('',(1.98004868642,9.054887800287,-1.383316592991
    ));
#5439 = CARTESIAN_POINT('',(1.991848881399,9.054887799771,
    -1.383316592991));
#5440 = CARTESIAN_POINT('',(2.006872598444,9.054887799114,
    -1.383316592991));
#5441 = CARTESIAN_POINT('',(2.020713750006,9.054887950675,
    -1.387431140774));
#5442 = CARTESIAN_POINT('',(2.032101859374,9.054888327903,
    -1.397644824933));
#5443 = CARTESIAN_POINT('',(2.037585160333,9.054888509336,
    -1.402557247181));
#5444 = CARTESIAN_POINT('',(2.041860823729,9.054888723787,
    -1.408361036587));
#5445 = CARTESIAN_POINT('',(2.047494082861,9.054889225573,
    -1.421935950318));
#5446 = CARTESIAN_POINT('',(2.048640967883,9.054889491203,
    -1.429119941705));
#5447 = CARTESIAN_POINT('',(2.048640967883,9.054889760403,
    -1.436399076309));
#5448 = CARTESIAN_POINT('',(2.048640967883,9.054890196669,
    -1.448195686861));
#5449 = CARTESIAN_POINT('',(2.045342343213,9.054890599137,
    -1.459074502409));
#5450 = CARTESIAN_POINT('',(2.036677749392,9.054890912693,
    -1.467542786711));
#5451 = CARTESIAN_POINT('',(2.028009889606,9.054891226367,
    -1.476014262984));
#5452 = CARTESIAN_POINT('',(2.017037058813,9.054891345955,
    -1.479234958802));
#5453 = CARTESIAN_POINT('',(2.00522047647,9.054891346472,-1.479234960338
    ));
#5454 = CARTESIAN_POINT('',(2.00522047647,9.054891346472,-1.479234960338
    ));
#5455 = CARTESIAN_POINT('',(2.00522047647,9.054891346472,-1.479234960338
    ));
#5456 = GEOMETRIC_CURVE_SET('',(#5457));
#5457 = TRIMMED_CURVE('',#5458,(#5486,PARAMETER_VALUE(0.)),(#5487,
    PARAMETER_VALUE(0.184293669154)),.T.,.PARAMETER.);
#5458 = B_SPLINE_CURVE_WITH_KNOTS('',3,(#5459,#5460,#5461,#5462,#5463,
    #5464,#5465,#5466,#5467,#5468,#5469,#5470,#5471,#5472,#5473,#5474,
    #5475,#5476,#5477,#5478,#5479,#5480,#5481,#5482,#5483,#5484,#5485),
  .UNSPECIFIED.,.T.,.F.,(1,3,2,2,3,3,3,2,2,3,3,3,1),(-3.14099661387E-02,
    0.,1.304886097445E-02,2.025828922406E-02,2.769406501094E-02,
    6.072473168337E-02,9.222869233026E-02,0.105277881822,0.11249710164,
    0.119899670197,0.152883703015,0.184293669154,0.197342530128),
  .UNSPECIFIED.);
#5459 = CARTESIAN_POINT('',(2.013405000604,9.05489023916,-1.449302987549
    ));
#5460 = CARTESIAN_POINT('',(2.017583025494,9.054890238977,
    -1.449302987549));
#5461 = CARTESIAN_POINT('',(2.022464099439,9.054890225261,
    -1.448937883714));
#5462 = CARTESIAN_POINT('',(2.028630708106,9.05489014083,-1.446662155602
    ));
#5463 = CARTESIAN_POINT('',(2.030732277127,9.05489009592,-1.44545027887)
  );
#5464 = CARTESIAN_POINT('',(2.033746599892,9.054889955955,
    -1.441669184847));
#5465 = CARTESIAN_POINT('',(2.034355253598,9.054889871696,-1.4393915648)
  );
#5466 = CARTESIAN_POINT('',(2.034355253598,9.054889781861,
    -1.436962435245));
#5467 = CARTESIAN_POINT('',(2.034355253598,9.054889378127,
    -1.426045489867));
#5468 = CARTESIAN_POINT('',(2.021515911554,9.054889174199,
    -1.420516102654));
#5469 = CARTESIAN_POINT('',(2.013819547746,9.054889077154,
    -1.417882927956));
#5470 = CARTESIAN_POINT('',(2.00386740356,9.054888951543,-1.414474655843
    ));
#5471 = CARTESIAN_POINT('',(1.993599487568,9.054888881491,
    -1.412568293672));
#5472 = CARTESIAN_POINT('',(1.983058491054,9.054888881951,
    -1.412568293672));
#5473 = CARTESIAN_POINT('',(1.978881598139,9.054888882134,
    -1.412568293672));
#5474 = CARTESIAN_POINT('',(1.973997937429,9.054888896174,
    -1.412942156153));
#5475 = CARTESIAN_POINT('',(1.967847941335,9.054888982943,
    -1.415281132272));
#5476 = CARTESIAN_POINT('',(1.965776305598,9.054889028886,
    -1.416520982226));
#5477 = CARTESIAN_POINT('',(1.962831494058,9.054889170471,-1.42034594355
    ));
#5478 = CARTESIAN_POINT('',(1.96224641006,9.054889254992,-1.422630696484
    ));
#5479 = CARTESIAN_POINT('',(1.96224641006,9.054889344354,-1.425047038736
    ));
#5480 = CARTESIAN_POINT('',(1.96224641006,9.054889749321,-1.435997314649
    ));
#5481 = CARTESIAN_POINT('',(1.974953466851,9.054889951976,
    -1.441492113156));
#5482 = CARTESIAN_POINT('',(1.982707720395,9.054890049065,
    -1.444126546026));
#5483 = CARTESIAN_POINT('',(1.992655599295,9.05489017305,-1.447490859627
    ));
#5484 = CARTESIAN_POINT('',(2.00288979459,9.054890239619,-1.449302986685
    ));
#5485 = CARTESIAN_POINT('',(2.013405000604,9.05489023916,-1.449302987549
    ));
#5486 = CARTESIAN_POINT('',(2.013405000604,9.05489023916,-1.449302987549
    ));
#5487 = CARTESIAN_POINT('',(2.013405000604,9.05489023916,-1.449302987549
    ));
#5488 = GEOMETRIC_CURVE_SET('',(#5489));
#5489 = TRIMMED_CURVE('',#5490,(#5607,PARAMETER_VALUE(0.)),(#5608,
    PARAMETER_VALUE(0.847235390514)),.T.,.PARAMETER.);
#5490 = B_SPLINE_CURVE_WITH_KNOTS('',3,(#5491,#5492,#5493,#5494,#5495,
    #5496,#5497,#5498,#5499,#5500,#5501,#5502,#5503,#5504,#5505,#5506,
    #5507,#5508,#5509,#5510,#5511,#5512,#5513,#5514,#5515,#5516,#5517,
    #5518,#5519,#5520,#5521,#5522,#5523,#5524,#5525,#5526,#5527,#5528,
    #5529,#5530,#5531,#5532,#5533,#5534,#5535,#5536,#5537,#5538,#5539,
    #5540,#5541,#5542,#5543,#5544,#5545,#5546,#5547,#5548,#5549,#5550,
    #5551,#5552,#5553,#5554,#5555,#5556,#5557,#5558,#5559,#5560,#5561,
    #5562,#5563,#5564,#5565,#5566,#5567,#5568,#5569,#5570,#5571,#5572,
    #5573,#5574,#5575,#5576,#5577,#5578,#5579,#5580,#5581,#5582,#5583,
    #5584,#5585,#5586,#5587,#5588,#5589,#5590,#5591,#5592,#5593,#5594,
    #5595,#5596,#5597,#5598,#5599,#5600,#5601,#5602,#5603,#5604,#5605,
    #5606),.UNSPECIFIED.,.F.,.F.,(4,2,3,3,2,3,3,3,3,2,2,2,3,3,3,3,3,2,3,
    3,3,3,3,3,3,3,3,3,3,2,3,3,3,3,3,3,2,3,3,3,3,4),(0.,
    1.329394864436E-02,2.524060842793E-02,5.047445305007E-02,
    5.765865067512E-02,6.639918944981E-02,7.291026894665E-02,
    0.105647926489,0.157415074586,0.164854135216,0.1687180913,
    0.172670505273,0.175059343163,0.188476596301,0.194719156025,
    0.24139919536,0.306816674124,0.314195289402,0.321717614795,
    0.334834114372,0.420255938134,0.456299741029,0.476676883317,
    0.521457919145,0.536615438381,0.543087894855,0.589290457665,
    0.635865137573,0.646943603833,0.659351910363,0.663875646382,
    0.672293209146,0.678884518512,0.716822944439,0.756512608187,
    0.76716311751,0.772167568611,0.77717760829,0.782977338311,
    0.793013415928,0.800009956409,0.847235390514),.UNSPECIFIED.);
#5491 = CARTESIAN_POINT('',(1.961566137951,9.054879322831,
    -1.154064892312));
#5492 = CARTESIAN_POINT('',(1.957258948005,9.054879282318,
    -1.152964343654));
#5493 = CARTESIAN_POINT('',(1.954118703444,9.054879188943,
    -1.150435765626));
#5494 = CARTESIAN_POINT('',(1.950488136598,9.054878906265,-1.1427879024)
  );
#5495 = CARTESIAN_POINT('',(1.950001512101,9.05487874609,-1.138456195748
    ));
#5496 = CARTESIAN_POINT('',(1.950001512101,9.054878600435,
    -1.134517701192));
#5497 = CARTESIAN_POINT('',(1.950001512101,9.054878289366,
    -1.126106419688));
#5498 = CARTESIAN_POINT('',(1.950001512101,9.054877978298,
    -1.117695138185));
#5499 = CARTESIAN_POINT('',(1.950001512101,9.054877667229,
    -1.109283856681));
#5500 = CARTESIAN_POINT('',(1.950001512101,9.05487758076,-1.106945742758
    ));
#5501 = CARTESIAN_POINT('',(1.950200231211,9.054877479832,
    -1.104216908874));
#5502 = CARTESIAN_POINT('',(1.951961957623,9.054877296956,
    -1.099274032096));
#5503 = CARTESIAN_POINT('',(1.953744492215,9.054877230337,
    -1.097474764692));
#5504 = CARTESIAN_POINT('',(1.956814862603,9.054877230203,
    -1.097474764692));
#5505 = CARTESIAN_POINT('',(1.958812358133,9.054877230116,
    -1.097474764692));
#5506 = CARTESIAN_POINT('',(1.961243128546,9.054877258772,
    -1.098252509072));
#5507 = CARTESIAN_POINT('',(1.963075493963,9.05487728457,-1.098952232462
    ));
#5508 = CARTESIAN_POINT('',(1.973194543745,9.054877435207,
    -1.103037404793));
#5509 = CARTESIAN_POINT('',(1.983313593526,9.054877585843,
    -1.107122577124));
#5510 = CARTESIAN_POINT('',(1.993432643308,9.05487773648,-1.111207749455
    ));
#5511 = CARTESIAN_POINT('',(1.981630630674,9.054877271441,
    -1.098619174033));
#5512 = CARTESIAN_POINT('',(1.96982861804,9.054876806402,-1.086030598612
    ));
#5513 = CARTESIAN_POINT('',(1.958026605406,9.054876341363,-1.07344202319
    ));
#5514 = CARTESIAN_POINT('',(1.955887152344,9.054876299073,-1.07229597424
    ));
#5515 = CARTESIAN_POINT('',(1.953652785644,9.054876246323,
    -1.070866983818));
#5516 = CARTESIAN_POINT('',(1.950999700934,9.054876150461,
    -1.068271730151));
#5517 = CARTESIAN_POINT('',(1.950177234483,9.054876113209,
    -1.067263469203));
#5518 = CARTESIAN_POINT('',(1.94897922511,9.054876028814,-1.064980012503
    ));
#5519 = CARTESIAN_POINT('',(1.948640967883,9.054875983348,-1.06375021314
    ));
#5520 = CARTESIAN_POINT('',(1.948640967883,9.054875905473,
    -1.061644493475));
#5521 = CARTESIAN_POINT('',(1.948720607887,9.054875875872,
    -1.060844180538));
#5522 = CARTESIAN_POINT('',(1.948853556161,9.054875846858,
    -1.060059798705));
#5523 = CARTESIAN_POINT('',(1.949470198278,9.054875668798,
    -1.055245800818));
#5524 = CARTESIAN_POINT('',(1.952158733605,9.054875576657,
    -1.052757495164));
#5525 = CARTESIAN_POINT('',(1.957059339122,9.054875576443,
    -1.052757495164));
#5526 = CARTESIAN_POINT('',(1.959128766373,9.054875576353,
    -1.052757495164));
#5527 = CARTESIAN_POINT('',(1.961184179891,9.054875595354,
    -1.053273707527));
#5528 = CARTESIAN_POINT('',(1.963096752791,9.054875622958,
    -1.054022385037));
#5529 = CARTESIAN_POINT('',(1.97796707792,9.054875791732,-1.058603589763
    ));
#5530 = CARTESIAN_POINT('',(1.99283740305,9.054875960505,-1.063184794488
    ));
#5531 = CARTESIAN_POINT('',(2.00770772818,9.054876129279,-1.067765999214
    ));
#5532 = CARTESIAN_POINT('',(1.990956027932,9.054875613747,
    -1.053806250161));
#5533 = CARTESIAN_POINT('',(1.974204327684,9.054875098215,
    -1.039846501108));
#5534 = CARTESIAN_POINT('',(1.957452627436,9.054874582683,
    -1.025886752055));
#5535 = CARTESIAN_POINT('',(1.955293662191,9.054874539837,
    -1.024725655641));
#5536 = CARTESIAN_POINT('',(1.953339016674,9.05487448299,-1.023186189494
    ));
#5537 = CARTESIAN_POINT('',(1.950584373366,9.054874328271,
    -1.018999352043));
#5538 = CARTESIAN_POINT('',(1.9500015121,9.054874240533,-1.01662622441)
  );
#5539 = CARTESIAN_POINT('',(1.9500015121,9.054874147853,-1.014120167341)
  );
#5540 = CARTESIAN_POINT('',(1.9500015121,9.05487398616,-1.009748000835)
  );
#5541 = CARTESIAN_POINT('',(1.9500015121,9.054873824467,-1.005375834329)
  );
#5542 = CARTESIAN_POINT('',(1.9500015121,9.054873662774,-1.001003667823)
  );
#5543 = CARTESIAN_POINT('',(1.977212396454,9.054873971737,-1.00939015082
    ));
#5544 = CARTESIAN_POINT('',(2.004423280808,9.054874280699,
    -1.017776633818));
#5545 = CARTESIAN_POINT('',(2.031634165162,9.054874589661,
    -1.026163116816));
#5546 = CARTESIAN_POINT('',(2.031634165162,9.054874145333,
    -1.014148515904));
#5547 = CARTESIAN_POINT('',(2.031634165162,9.054873701005,
    -1.002133914993));
#5548 = CARTESIAN_POINT('',(2.031634165162,9.054873256677,
    -0.990119314081));
#5549 = CARTESIAN_POINT('',(2.037529856772,9.054873381161,
    -0.993492332982));
#5550 = CARTESIAN_POINT('',(2.043425548382,9.054873505646,
    -0.996865351882));
#5551 = CARTESIAN_POINT('',(2.049321239992,9.05487363013,-1.000238370783
    ));
#5552 = CARTESIAN_POINT('',(2.049321239992,9.054874182166,-1.01516538266
    ));
#5553 = CARTESIAN_POINT('',(2.049321239992,9.054874734202,
    -1.030092394537));
#5554 = CARTESIAN_POINT('',(2.049321239992,9.054875286238,
    -1.045019406414));
#5555 = CARTESIAN_POINT('',(2.049321239992,9.054875440037,
    -1.049178139548));
#5556 = CARTESIAN_POINT('',(2.048348137401,9.054875630631,-1.05433062766
    ));
#5557 = CARTESIAN_POINT('',(2.0425929248,9.054875630883,-1.05433062766)
  );
#5558 = CARTESIAN_POINT('',(2.040526780739,9.054875630973,-1.05433062766
    ));
#5559 = CARTESIAN_POINT('',(2.038248721612,9.054875607427,
    -1.053691252414));
#5560 = CARTESIAN_POINT('',(2.036332303821,9.054875581626,-1.05299134227
    ));
#5561 = CARTESIAN_POINT('',(2.021614330163,9.054875414549,
    -1.048456194877));
#5562 = CARTESIAN_POINT('',(2.006896356506,9.054875247472,
    -1.043921047485));
#5563 = CARTESIAN_POINT('',(1.992178382849,9.054875080395,
    -1.039385900093));
#5564 = CARTESIAN_POINT('',(2.00381032832,9.05487546014,-1.049667930761)
  );
#5565 = CARTESIAN_POINT('',(2.015442273792,9.054875839885,
    -1.059949961428));
#5566 = CARTESIAN_POINT('',(2.027074219264,9.054876219631,
    -1.070231992096));
#5567 = CARTESIAN_POINT('',(2.029289740023,9.054876289076,
    -1.072112423806));
#5568 = CARTESIAN_POINT('',(2.03321161135,9.054876416096,-1.075551669852
    ));
#5569 = CARTESIAN_POINT('',(2.034833577222,9.054876507429,
    -1.078023227916));
#5570 = CARTESIAN_POINT('',(2.03707109806,9.054876635217,-1.081481228391
    ));
#5571 = CARTESIAN_POINT('',(2.037756614141,9.054876791134,
    -1.085698027541));
#5572 = CARTESIAN_POINT('',(2.037756614141,9.05487699704,-1.091265717715
    ));
#5573 = CARTESIAN_POINT('',(2.037121038065,9.054877050977,
    -1.092723411085));
#5574 = CARTESIAN_POINT('',(2.036289786165,9.054877097794,
    -1.093988368836));
#5575 = CARTESIAN_POINT('',(2.034708223619,9.054877189815,
    -1.096474730243));
#5576 = CARTESIAN_POINT('',(2.032381738309,9.054877230831,
    -1.097581058831));
#5577 = CARTESIAN_POINT('',(2.029487065077,9.054877230957,
    -1.097581058831));
#5578 = CARTESIAN_POINT('',(2.027329863832,9.054877231052,
    -1.097581058831));
#5579 = CARTESIAN_POINT('',(2.02512863921,9.054877205672,-1.096892194267
    ));
#5580 = CARTESIAN_POINT('',(2.023183916061,9.054877173841,
    -1.096029185163));
#5581 = CARTESIAN_POINT('',(2.01109845585,9.054877036655,-1.092305402524
    ));
#5582 = CARTESIAN_POINT('',(1.999012995639,9.054876899469,
    -1.088581619885));
#5583 = CARTESIAN_POINT('',(1.986927535428,9.054876762283,
    -1.084857837246));
#5584 = CARTESIAN_POINT('',(1.995639980199,9.054877130101,
    -1.094813902681));
#5585 = CARTESIAN_POINT('',(2.004352424969,9.054877497919,
    -1.104769968117));
#5586 = CARTESIAN_POINT('',(2.013064869739,9.054877865737,
    -1.114726033552));
#5587 = CARTESIAN_POINT('',(2.014629533601,9.054877923118,
    -1.116279483747));
#5588 = CARTESIAN_POINT('',(2.019027115276,9.054878085057,
    -1.120663481473));
#5589 = CARTESIAN_POINT('',(2.02022898052,9.054878154741,-1.122549167994
    ));
#5590 = CARTESIAN_POINT('',(2.021059211304,9.054878207602,-1.12397951199
    ));
#5591 = CARTESIAN_POINT('',(2.021524770648,9.054878269475,
    -1.125653081136));
#5592 = CARTESIAN_POINT('',(2.022049091453,9.054878389179,-1.12889051095
    ));
#5593 = CARTESIAN_POINT('',(2.022129658762,9.054878452191,-1.13059443503
    ));
#5594 = CARTESIAN_POINT('',(2.022110355638,9.054878512768,
    -1.132232418726));
#5595 = CARTESIAN_POINT('',(2.022110355638,9.054878584045,
    -1.134159730573));
#5596 = CARTESIAN_POINT('',(2.021297338314,9.054878651414,
    -1.135980421749));
#5597 = CARTESIAN_POINT('',(2.020260868762,9.054878709396,-1.13754704263
    ));
#5598 = CARTESIAN_POINT('',(2.018350180418,9.054878818169,
    -1.140485996146));
#5599 = CARTESIAN_POINT('',(2.015588410526,9.054878868017,
    -1.141830623767));
#5600 = CARTESIAN_POINT('',(2.012129491697,9.054878868169,
    -1.141830623767));
#5601 = CARTESIAN_POINT('',(2.009826380783,9.054878868269,
    -1.141830623767));
#5602 = CARTESIAN_POINT('',(2.007492024625,9.054878846157,
    -1.141229938183));
#5603 = CARTESIAN_POINT('',(2.00535865885,9.054878816183,-1.14041694286)
  );
#5604 = CARTESIAN_POINT('',(1.990761151884,9.054878598916,
    -1.134524794388));
#5605 = CARTESIAN_POINT('',(1.976163644917,9.054878381649,
    -1.128632645916));
#5606 = CARTESIAN_POINT('',(1.961566137951,9.054878164381,
    -1.122740497444));
#5607 = CARTESIAN_POINT('',(1.961566137951,9.054879322831,
    -1.154064892312));
#5608 = CARTESIAN_POINT('',(1.961566137951,9.054878164381,
    -1.122740497444));
#5609 = GEOMETRIC_CURVE_SET('',(#5610));
#5610 = TRIMMED_CURVE('',#5611,(#5680,PARAMETER_VALUE(0.)),(#5681,
    PARAMETER_VALUE(0.50615979573)),.T.,.PARAMETER.);
#5611 = B_SPLINE_CURVE_WITH_KNOTS('',3,(#5612,#5613,#5614,#5615,#5616,
    #5617,#5618,#5619,#5620,#5621,#5622,#5623,#5624,#5625,#5626,#5627,
    #5628,#5629,#5630,#5631,#5632,#5633,#5634,#5635,#5636,#5637,#5638,
    #5639,#5640,#5641,#5642,#5643,#5644,#5645,#5646,#5647,#5648,#5649,
    #5650,#5651,#5652,#5653,#5654,#5655,#5656,#5657,#5658,#5659,#5660,
    #5661,#5662,#5663,#5664,#5665,#5666,#5667,#5668,#5669,#5670,#5671,
    #5672,#5673,#5674,#5675,#5676,#5677,#5678,#5679),.UNSPECIFIED.,.F.,
  .F.,(4,3,3,3,3,3,3,2,3,3,3,3,3,3,2,3,3,3,3,3,3,3,3,4),(0.,
    2.168601726425E-02,3.989392300703E-02,6.956397031769E-02,
    9.512732667633E-02,0.124736236521,0.16140715394,0.168743935874,
    0.177339962845,0.185107044577,0.219178561666,0.230262506057,
    0.241066220785,0.255448258851,0.262473806192,0.269487715195,
    0.284530641017,0.299455779135,0.3143792582,0.34358485205,
    0.372103133571,0.426459774189,0.452108155479,0.50615979573),
  .UNSPECIFIED.);
#5612 = CARTESIAN_POINT('',(1.998300831829,9.054897963342,
    -1.658146524963));
#5613 = CARTESIAN_POINT('',(1.991498110741,9.054897873228,
    -1.655701797829));
#5614 = CARTESIAN_POINT('',(1.984695389653,9.054897783113,
    -1.653257070695));
#5615 = CARTESIAN_POINT('',(1.977892668564,9.054897692999,
    -1.650812343561));
#5616 = CARTESIAN_POINT('',(1.977892668564,9.054897468542,-1.64474304165
    ));
#5617 = CARTESIAN_POINT('',(1.977892668564,9.054897244085,-1.63867373974
    ));
#5618 = CARTESIAN_POINT('',(1.977892668564,9.054897019628,-1.63260443783
    ));
#5619 = CARTESIAN_POINT('',(1.96859561641,9.054896895293,-1.62923142239)
  );
#5620 = CARTESIAN_POINT('',(1.959298564256,9.054896770957,
    -1.625858406949));
#5621 = CARTESIAN_POINT('',(1.950001512101,9.054896646621,
    -1.622485391509));
#5622 = CARTESIAN_POINT('',(1.950001512101,9.05489633149,-1.613964272728
    ));
#5623 = CARTESIAN_POINT('',(1.950001512101,9.05489601636,-1.605443153948
    ));
#5624 = CARTESIAN_POINT('',(1.950001512101,9.054895701229,
    -1.596922035168));
#5625 = CARTESIAN_POINT('',(1.959298564256,9.054895823337,
    -1.600234820723));
#5626 = CARTESIAN_POINT('',(1.96859561641,9.054895945445,-1.603547606278
    ));
#5627 = CARTESIAN_POINT('',(1.977892668564,9.054896067553,
    -1.606860391833));
#5628 = CARTESIAN_POINT('',(1.977892668564,9.054895615494,
    -1.594636752702));
#5629 = CARTESIAN_POINT('',(1.977892668564,9.054895163436,
    -1.582413113571));
#5630 = CARTESIAN_POINT('',(1.977892668564,9.054894711377,
    -1.570189474439));
#5631 = CARTESIAN_POINT('',(1.977892668564,9.054894622701,
    -1.567791684608));
#5632 = CARTESIAN_POINT('',(1.978202640786,9.05489451916,-1.564992309751
    ));
#5633 = CARTESIAN_POINT('',(1.980988597478,9.0548943489,-1.560391782578)
  );
#5634 = CARTESIAN_POINT('',(1.983420175177,9.054894316075,
    -1.559507069181));
#5635 = CARTESIAN_POINT('',(1.986172857423,9.054894315955,
    -1.559507069181));
#5636 = CARTESIAN_POINT('',(1.988823811788,9.054894315839,
    -1.559507069181));
#5637 = CARTESIAN_POINT('',(1.991110951547,9.054894353417,
    -1.560525884114));
#5638 = CARTESIAN_POINT('',(1.993092502064,9.054894416284,
    -1.562228157617));
#5639 = CARTESIAN_POINT('',(2.001418748257,9.054894701569,
    -1.569952080735));
#5640 = CARTESIAN_POINT('',(2.009744994449,9.054894986854,
    -1.577676003854));
#5641 = CARTESIAN_POINT('',(2.018071240641,9.054895272139,
    -1.585399926973));
#5642 = CARTESIAN_POINT('',(2.019173860794,9.054895139693,
    -1.581819911047));
#5643 = CARTESIAN_POINT('',(2.021164710628,9.054895029489,
    -1.578842345364));
#5644 = CARTESIAN_POINT('',(2.024124603621,9.054894943837,
    -1.576529816023));
#5645 = CARTESIAN_POINT('',(2.027011498217,9.054894860297,
    -1.574274319465));
#5646 = CARTESIAN_POINT('',(2.03028009012,9.054894817188,-1.573112511358
    ));
#5647 = CARTESIAN_POINT('',(2.03395134625,9.054894817027,-1.573112511358
    ));
#5648 = CARTESIAN_POINT('',(2.038913487995,9.05489481681,-1.573112511358
    ));
#5649 = CARTESIAN_POINT('',(2.042939325747,9.054894890716,
    -1.575115673379));
#5650 = CARTESIAN_POINT('',(2.046132467726,9.054895029159,
    -1.578862941232));
#5651 = CARTESIAN_POINT('',(2.047639695237,9.054895095726,
    -1.580664685708));
#5652 = CARTESIAN_POINT('',(2.048816103943,9.054895169623,-1.58266424794
    ));
#5653 = CARTESIAN_POINT('',(2.050372396606,9.054895333663,
    -1.587101722327));
#5654 = CARTESIAN_POINT('',(2.050705493805,9.05489541871,-1.589401767222
    ));
#5655 = CARTESIAN_POINT('',(2.05068178421,9.054895505391,-1.591745593644
    ));
#5656 = CARTESIAN_POINT('',(2.05068178421,9.054895694664,-1.596863521649
    ));
#5657 = CARTESIAN_POINT('',(2.049020147775,9.05489586029,-1.601340088679
    ));
#5658 = CARTESIAN_POINT('',(2.045462825031,9.054895998167,
    -1.605064046836));
#5659 = CARTESIAN_POINT('',(2.041923392418,9.054896135349,
    -1.608769276837));
#5660 = CARTESIAN_POINT('',(2.037559906831,9.054896200562,
    -1.610527477344));
#5661 = CARTESIAN_POINT('',(2.032463249066,9.054896200785,
    -1.610527477344));
#5662 = CARTESIAN_POINT('',(2.027441430081,9.054896201005,
    -1.610527477344));
#5663 = CARTESIAN_POINT('',(2.023142836293,9.05489609777,-1.607730924011
    ));
#5664 = CARTESIAN_POINT('',(2.019718779034,9.05489597492,-1.604405028365
    ));
#5665 = CARTESIAN_POINT('',(2.012579463299,9.054895730465,
    -1.597786550451));
#5666 = CARTESIAN_POINT('',(2.005440147564,9.05489548601,-1.591168072536
    ));
#5667 = CARTESIAN_POINT('',(1.998300831829,9.054895241556,
    -1.584549594622));
#5668 = CARTESIAN_POINT('',(1.998300831829,9.054895593113,
    -1.594055688456));
#5669 = CARTESIAN_POINT('',(1.998300831829,9.054895944671,-1.60356178229
    ));
#5670 = CARTESIAN_POINT('',(1.998300831829,9.054896296228,
    -1.613067876124));
#5671 = CARTESIAN_POINT('',(2.01530763455,9.054896526625,-1.61931787461)
  );
#5672 = CARTESIAN_POINT('',(2.032314437272,9.054896757021,
    -1.625567873096));
#5673 = CARTESIAN_POINT('',(2.049321239993,9.054896987417,
    -1.631817871582));
#5674 = CARTESIAN_POINT('',(2.049321239993,9.054897303596,
    -1.640367332006));
#5675 = CARTESIAN_POINT('',(2.049321239993,9.054897619775,-1.64891679243
    ));
#5676 = CARTESIAN_POINT('',(2.049321239993,9.054897935954,
    -1.657466252855));
#5677 = CARTESIAN_POINT('',(2.032314437272,9.054897716696,
    -1.651517417635));
#5678 = CARTESIAN_POINT('',(2.01530763455,9.054897497437,-1.645568582416
    ));
#5679 = CARTESIAN_POINT('',(1.998300831829,9.054897278179,
    -1.639619747197));
#5680 = CARTESIAN_POINT('',(1.998300831829,9.054897963342,
    -1.658146524963));
#5681 = CARTESIAN_POINT('',(1.998300831829,9.054897278179,
    -1.639619747197));
#5682 = GEOMETRIC_CURVE_SET('',(#5683));
#5683 = TRIMMED_CURVE('',#5684,(#5713,PARAMETER_VALUE(0.260951673912)),(
    #5714,PARAMETER_VALUE(0.548681825766)),.T.,.PARAMETER.);
#5684 = B_SPLINE_CURVE_WITH_KNOTS('',3,(#5685,#5686,#5687,#5688,#5689,
    #5690,#5691,#5692,#5693,#5694,#5695,#5696,#5697,#5698,#5699,#5700,
    #5701,#5702,#5703,#5704,#5705,#5706,#5707,#5708,#5709,#5710,#5711,
    #5712),.UNSPECIFIED.,.T.,.F.,(1,3,3,3,3,3,3,3,3,3,3,1),(
    0.234867486652,0.260951673912,0.270273910029,0.280094292351,
    0.287730151855,0.371760159092,0.397674275729,0.483096099172,
    0.502813371308,0.522597638507,0.548681825766,0.558004061884),
  .UNSPECIFIED.);
#5685 = CARTESIAN_POINT('',(2.049321239992,9.054893391781,
    -1.534592107088));
#5686 = CARTESIAN_POINT('',(2.049321239992,9.054893506221,
    -1.537686553389));
#5687 = CARTESIAN_POINT('',(2.048525002067,9.054893614843,
    -1.540622754761));
#5688 = CARTESIAN_POINT('',(2.046323797176,9.054893700098,
    -1.542925443016));
#5689 = CARTESIAN_POINT('',(2.044007954616,9.054893791233,
    -1.545386986636));
#5690 = CARTESIAN_POINT('',(2.041005450499,9.054893826514,
    -1.546337432974));
#5691 = CARTESIAN_POINT('',(2.037714106867,9.054893826658,
    -1.546337432974));
#5692 = CARTESIAN_POINT('',(2.035190044106,9.054893826768,
    -1.546337432974));
#5693 = CARTESIAN_POINT('',(2.032656693204,9.054893804298,
    -1.545726846421));
#5694 = CARTESIAN_POINT('',(2.030305509187,9.054893772341,
    -1.544859965204));
#5695 = CARTESIAN_POINT('',(2.003537510158,9.05489346847,-1.536611664586
    ));
#5696 = CARTESIAN_POINT('',(1.97676951113,9.054893164599,-1.528363363969
    ));
#5697 = CARTESIAN_POINT('',(1.950001512101,9.054892860727,
    -1.520115063352));
#5698 = CARTESIAN_POINT('',(1.950001512101,9.054892541272,
    -1.511477024479));
#5699 = CARTESIAN_POINT('',(1.950001512101,9.054892221818,
    -1.502838985606));
#5700 = CARTESIAN_POINT('',(1.950001512101,9.054891902363,
    -1.494200946733));
#5701 = CARTESIAN_POINT('',(1.977212396455,9.054892211325,-1.50258742973
    ));
#5702 = CARTESIAN_POINT('',(2.004423280809,9.054892520287,
    -1.510973912728));
#5703 = CARTESIAN_POINT('',(2.031634165163,9.05489282925,-1.519360395726
    ));
#5704 = CARTESIAN_POINT('',(2.031634165162,9.054892586186,
    -1.512787971685));
#5705 = CARTESIAN_POINT('',(2.031634165162,9.054892343122,
    -1.506215547644));
#5706 = CARTESIAN_POINT('',(2.031634165162,9.054892100059,
    -1.499643123603));
#5707 = CARTESIAN_POINT('',(2.037529856772,9.054892209081,
    -1.502598055684));
#5708 = CARTESIAN_POINT('',(2.043425548382,9.054892318104,
    -1.505552987765));
#5709 = CARTESIAN_POINT('',(2.049321239992,9.054892427127,
    -1.508507919846));
#5710 = CARTESIAN_POINT('',(2.049321239992,9.054892748678,
    -1.517202648927));
#5711 = CARTESIAN_POINT('',(2.049321239992,9.054893070229,
    -1.525897378007));
#5712 = CARTESIAN_POINT('',(2.049321239992,9.054893391781,
    -1.534592107088));
#5713 = CARTESIAN_POINT('',(2.049321239992,9.054893391781,
    -1.534592107088));
#5714 = CARTESIAN_POINT('',(2.049321239992,9.054893391781,
    -1.534592107088));
#5715 = GEOMETRIC_CURVE_SET('',(#5716));
#5716 = TRIMMED_CURVE('',#5717,(#5782,PARAMETER_VALUE(0.349232921989)),(
    #5783,PARAMETER_VALUE(0.865960781423)),.T.,.PARAMETER.);
#5717 = B_SPLINE_CURVE_WITH_KNOTS('',3,(#5718,#5719,#5720,#5721,#5722,
    #5723,#5724,#5725,#5726,#5727,#5728,#5729,#5730,#5731,#5732,#5733,
    #5734,#5735,#5736,#5737,#5738,#5739,#5740,#5741,#5742,#5743,#5744,
    #5745,#5746,#5747,#5748,#5749,#5750,#5751,#5752,#5753,#5754,#5755,
    #5756,#5757,#5758,#5759,#5760,#5761,#5762,#5763,#5764,#5765,#5766,
    #5767,#5768,#5769,#5770,#5771,#5772,#5773,#5774,#5775,#5776,#5777,
    #5778,#5779,#5780,#5781),.UNSPECIFIED.,.T.,.F.,(1,3,3,3,2,3,3,3,3,3,
    3,3,3,3,3,3,3,3,3,3,2,2,3,3,1),(0.348286914532,0.349232921989,
    0.352271850657,0.366575399011,0.373669510358,0.380744300788,
    0.394997572301,0.409294513993,0.431364393616,0.456708247843,
    0.484164582904,0.516727859434,0.55975614273,0.602239911891,
    0.650486084582,0.672222880922,0.745692268727,0.766348359138,
    0.805266985392,0.844543313455,0.854433534078,0.859806418608,
    0.865014773966,0.865960781423,0.868999710091),.UNSPECIFIED.);
#5718 = CARTESIAN_POINT('',(2.035035525706,9.054885646083,
    -1.325132074048));
#5719 = CARTESIAN_POINT('',(2.033731671696,9.054885652828,
    -1.325373000509));
#5720 = CARTESIAN_POINT('',(2.032728980953,9.054885652883,-1.32549346374
    ));
#5721 = CARTESIAN_POINT('',(2.032027453476,9.054885652913,-1.32549346374
    ));
#5722 = CARTESIAN_POINT('',(2.027080239824,9.054885659796,-1.32549346374
    ));
#5723 = CARTESIAN_POINT('',(2.023126952597,9.054885581949,
    -1.323383814459));
#5724 = CARTESIAN_POINT('',(2.019995143795,9.054885443904,
    -1.319647379522));
#5725 = CARTESIAN_POINT('',(2.018455593863,9.054885377223,
    -1.317842513621));
#5726 = CARTESIAN_POINT('',(2.017256811543,9.054885302945,-1.31583260883
    ));
#5727 = CARTESIAN_POINT('',(2.015659435555,9.054885137756,
    -1.311364017311));
#5728 = CARTESIAN_POINT('',(2.01530763455,9.054885051953,-1.309043505398
    ));
#5729 = CARTESIAN_POINT('',(2.01530763455,9.054884964534,-1.306679691798
    ));
#5730 = CARTESIAN_POINT('',(2.01530763455,9.054884785295,-1.301833098805
    ));
#5731 = CARTESIAN_POINT('',(2.016850814491,9.05488462687,-1.297551111416
    ));
#5732 = CARTESIAN_POINT('',(2.020005773209,9.054884490256,
    -1.293860815869));
#5733 = CARTESIAN_POINT('',(2.023166973009,9.054884352756,
    -1.290146567463));
#5734 = CARTESIAN_POINT('',(2.027140744598,9.054884276101,
    -1.288078497754));
#5735 = CARTESIAN_POINT('',(2.032080600546,9.054884275885,
    -1.288078497754));
#5736 = CARTESIAN_POINT('',(2.039909610156,9.054884275543,
    -1.288078497754));
#5737 = CARTESIAN_POINT('',(2.045166174286,9.054884411644,
    -1.291764875704));
#5738 = CARTESIAN_POINT('',(2.047875670844,9.054884682834,
    -1.299101033876));
#5739 = CARTESIAN_POINT('',(2.050377433784,9.054884927695,-1.30572504056
    ));
#5740 = CARTESIAN_POINT('',(2.05068178421,9.05488534754,-1.317077982796)
  );
#5741 = CARTESIAN_POINT('',(2.05068178421,9.054885602945,-1.323984118108
    ));
#5742 = CARTESIAN_POINT('',(2.05068178421,9.054885894592,-1.331870216826
    ));
#5743 = CARTESIAN_POINT('',(2.050275118617,9.054886321049,
    -1.343401104006));
#5744 = CARTESIAN_POINT('',(2.047652453152,9.054886601931,
    -1.350993043598));
#5745 = CARTESIAN_POINT('',(2.04394268274,9.054887003698,-1.361852416816
    ));
#5746 = CARTESIAN_POINT('',(2.036520093206,9.054887219183,
    -1.367670334488));
#5747 = CARTESIAN_POINT('',(2.024863332315,9.054887219692,
    -1.367670334488));
#5748 = CARTESIAN_POINT('',(2.010170180915,9.054887220335,
    -1.367670334488));
#5749 = CARTESIAN_POINT('',(1.998578544845,9.054886896997,-1.35891359142
    ));
#5750 = CARTESIAN_POINT('',(1.98969114152,9.054886506584,-1.34834636106)
  );
#5751 = CARTESIAN_POINT('',(1.980489923788,9.054886103181,-1.33742748951
    ));
#5752 = CARTESIAN_POINT('',(1.974094219612,9.054885645638,
    -1.325047995673));
#5753 = CARTESIAN_POINT('',(1.970409675366,9.05488513592,-1.311260896524
    ));
#5754 = CARTESIAN_POINT('',(1.970409675366,9.054885730672,
    -1.327342954076));
#5755 = CARTESIAN_POINT('',(1.970409675366,9.054886325424,
    -1.343425011629));
#5756 = CARTESIAN_POINT('',(1.970409675366,9.054886920176,
    -1.359507069182));
#5757 = CARTESIAN_POINT('',(1.963606954278,9.054886828227,
    -1.357012738116));
#5758 = CARTESIAN_POINT('',(1.956804233189,9.054886736278,-1.35451840705
    ));
#5759 = CARTESIAN_POINT('',(1.950001512101,9.05488664433,-1.352024075985
    ));
#5760 = CARTESIAN_POINT('',(1.950001512101,9.05488573864,-1.327534280066
    ));
#5761 = CARTESIAN_POINT('',(1.950001512101,9.05488483295,-1.303044484148
    ));
#5762 = CARTESIAN_POINT('',(1.950001512101,9.05488392726,-1.27855468823)
  );
#5763 = CARTESIAN_POINT('',(1.95657747582,9.054884002447,-1.280595504556
    ));
#5764 = CARTESIAN_POINT('',(1.963153439539,9.054884077633,
    -1.282636320883));
#5765 = CARTESIAN_POINT('',(1.969729403257,9.05488415282,-1.284677137209
    ));
#5766 = CARTESIAN_POINT('',(1.974540628035,9.054884591544,
    -1.296545880867));
#5767 = CARTESIAN_POINT('',(1.982220904938,9.054884996988,
    -1.307518153227));
#5768 = CARTESIAN_POINT('',(1.990552113665,9.054885352028,-1.31712824995
    ));
#5769 = CARTESIAN_POINT('',(1.997362831216,9.054885641821,
    -1.324972288673));
#5770 = CARTESIAN_POINT('',(2.009284049195,9.054886088261,-1.33705808959
    ));
#5771 = CARTESIAN_POINT('',(2.021196246804,9.05488608774,-1.33705808959)
  );
#5772 = CARTESIAN_POINT('',(2.024341281521,9.054886087603,-1.33705808959
    ));
#5773 = CARTESIAN_POINT('',(2.0280044674,9.05488607186,-1.336636737831)
  );
#5774 = CARTESIAN_POINT('',(2.032249683352,9.054885972257,
    -1.333948504963));
#5775 = CARTESIAN_POINT('',(2.033371215603,9.054885925298,
    -1.332680050651));
#5776 = CARTESIAN_POINT('',(2.03478788175,9.054885807729,-1.329502663522
    ));
#5777 = CARTESIAN_POINT('',(2.035035525706,9.054885743819,-1.32777483914
    ));
#5778 = CARTESIAN_POINT('',(2.035035525706,9.054885681069,
    -1.326078081504));
#5779 = CARTESIAN_POINT('',(2.035035525706,9.054885669407,
    -1.325762745685));
#5780 = CARTESIAN_POINT('',(2.035035525706,9.054885657745,
    -1.325447409867));
#5781 = CARTESIAN_POINT('',(2.035035525706,9.054885646083,
    -1.325132074048));
#5782 = CARTESIAN_POINT('',(2.035035525706,9.054885646083,
    -1.325132074048));
#5783 = CARTESIAN_POINT('',(2.035035525706,9.054885646083,
    -1.325132074048));
#5784 = GEOMETRIC_CURVE_SET('',(#5785));
#5785 = TRIMMED_CURVE('',#5786,(#5862,PARAMETER_VALUE(0.653541379218)),(
    #5863,PARAMETER_VALUE(1.355183449628)),.T.,.PARAMETER.);
#5786 = B_SPLINE_CURVE_WITH_KNOTS('',3,(#5787,#5788,#5789,#5790,#5791,
    #5792,#5793,#5794,#5795,#5796,#5797,#5798,#5799,#5800,#5801,#5802,
    #5803,#5804,#5805,#5806,#5807,#5808,#5809,#5810,#5811,#5812,#5813,
    #5814,#5815,#5816,#5817,#5818,#5819,#5820,#5821,#5822,#5823,#5824,
    #5825,#5826,#5827,#5828,#5829,#5830,#5831,#5832,#5833,#5834,#5835,
    #5836,#5837,#5838,#5839,#5840,#5841,#5842,#5843,#5844,#5845,#5846,
    #5847,#5848,#5849,#5850,#5851,#5852,#5853,#5854,#5855,#5856,#5857,
    #5858,#5859,#5860,#5861),.UNSPECIFIED.,.T.,.F.,(1,3,3,3,3,3,3,3,3,3,
    3,3,3,3,3,3,3,3,3,3,3,3,2,3,3,3,3,1),(0.570941459816,0.653541379218,
    0.678910516737,0.701642070411,0.725498233621,0.748751967835,
    0.76706361274,0.802934162618,0.837696186208,0.874494656594,
    0.951512756298,0.976619058239,1.041339138877,1.044963717115,
    1.066357323185,1.088418249661,1.096524791285,1.103553781332,
    1.104987164352,1.115092969938,1.129741633801,1.145819089814,
    1.15865600333,1.169103937709,1.251810151249,1.272583530227,
    1.355183449628,1.380552587147),.UNSPECIFIED.);
#5787 = CARTESIAN_POINT('',(2.049321239992,9.054882826971,-1.24892033903
    ));
#5788 = CARTESIAN_POINT('',(2.049321239992,9.054883105442,
    -1.256450178303));
#5789 = CARTESIAN_POINT('',(2.048635645026,9.054883475969,
    -1.266468398358));
#5790 = CARTESIAN_POINT('',(2.04494199413,9.054883730101,-1.273335729051
    ));
#5791 = CARTESIAN_POINT('',(2.041136416748,9.054883992477,
    -1.280425881447));
#5792 = CARTESIAN_POINT('',(2.034853312887,9.054884099657,
    -1.283316592992));
#5793 = CARTESIAN_POINT('',(2.027084848678,9.054884099997,
    -1.283316592992));
#5794 = CARTESIAN_POINT('',(2.018959133521,9.054884100352,
    -1.283316592992));
#5795 = CARTESIAN_POINT('',(2.012544439699,9.05488391592,-1.27832198265)
  );
#5796 = CARTESIAN_POINT('',(2.007675839938,9.054883700282,-1.27248538632
    ));
#5797 = CARTESIAN_POINT('',(2.003141080308,9.054883499627,
    -1.267054327535));
#5798 = CARTESIAN_POINT('',(1.998789210523,9.054883201855,
    -1.258997449613));
#5799 = CARTESIAN_POINT('',(1.995675408118,9.054882969257,
    -1.252704348094));
#5800 = CARTESIAN_POINT('',(1.990627319421,9.054883077729,-1.25563143982
    ));
#5801 = CARTESIAN_POINT('',(1.984642148973,9.054883171004,
    -1.258146524965));
#5802 = CARTESIAN_POINT('',(1.978657975983,9.054883171266,
    -1.258146524965));
#5803 = CARTESIAN_POINT('',(1.965874605773,9.054883171824,
    -1.258146524965));
#5804 = CARTESIAN_POINT('',(1.959168427402,9.054882797712,
    -1.248022631591));
#5805 = CARTESIAN_POINT('',(1.955369293455,9.054882418328,
    -1.237759620527));
#5806 = CARTESIAN_POINT('',(1.951394909037,9.054882019468,
    -1.226969780117));
#5807 = CARTESIAN_POINT('',(1.950001512101,9.054881584491,
    -1.215206366775));
#5808 = CARTESIAN_POINT('',(1.950001512101,9.054881162233,
    -1.203788532741));
#5809 = CARTESIAN_POINT('',(1.950001512101,9.054880708601,
    -1.191522375954));
#5810 = CARTESIAN_POINT('',(1.950001512101,9.05488025497,-1.179256219167
    ));
#5811 = CARTESIAN_POINT('',(1.950001512101,9.054879801339,-1.16699006238
    ));
#5812 = CARTESIAN_POINT('',(1.974264550649,9.054880110561,
    -1.175380085056));
#5813 = CARTESIAN_POINT('',(1.998527589198,9.054880419783,
    -1.183770107731));
#5814 = CARTESIAN_POINT('',(2.022790627747,9.054880729005,
    -1.192160130407));
#5815 = CARTESIAN_POINT('',(2.022790627747,9.054881038502,
    -1.200528897715));
#5816 = CARTESIAN_POINT('',(2.022790627747,9.054881347999,
    -1.208897665023));
#5817 = CARTESIAN_POINT('',(2.022790627747,9.054881657495,
    -1.217266432331));
#5818 = CARTESIAN_POINT('',(2.002382464482,9.054881399731,
    -1.210272381793));
#5819 = CARTESIAN_POINT('',(1.981974301216,9.054881141967,
    -1.203278331254));
#5820 = CARTESIAN_POINT('',(1.961566137951,9.054880884202,
    -1.196284280716));
#5821 = CARTESIAN_POINT('',(1.961566137951,9.054880928884,
    -1.197492473461));
#5822 = CARTESIAN_POINT('',(1.961566137951,9.054880973566,
    -1.198700666206));
#5823 = CARTESIAN_POINT('',(1.961566137951,9.054881018248,
    -1.199908858952));
#5824 = CARTESIAN_POINT('',(1.961566137951,9.054881273376,
    -1.206807508166));
#5825 = CARTESIAN_POINT('',(1.962209304194,9.054881551216,
    -1.214321047871));
#5826 = CARTESIAN_POINT('',(1.964361632284,9.054881795667,
    -1.220933517842));
#5827 = CARTESIAN_POINT('',(1.966482505132,9.054882029122,
    -1.227248648315));
#5828 = CARTESIAN_POINT('',(1.970394697224,9.054882265937,
    -1.233656729046));
#5829 = CARTESIAN_POINT('',(1.978285956877,9.054882265592,
    -1.233656729046));
#5830 = CARTESIAN_POINT('',(1.980841698033,9.05488226548,-1.233656729046
    ));
#5831 = CARTESIAN_POINT('',(1.983600217573,9.054882213188,
    -1.232246023156));
#5832 = CARTESIAN_POINT('',(1.98567328535,9.054882164637,-1.230935640611
    ));
#5833 = CARTESIAN_POINT('',(1.987104963289,9.054882131107,
    -1.230030679469));
#5834 = CARTESIAN_POINT('',(1.99010891114,9.054882063811,-1.228214552176
    ));
#5835 = CARTESIAN_POINT('',(1.99193391671,9.054882063731,-1.228214552176
    ));
#5836 = CARTESIAN_POINT('',(1.992592926531,9.054882066251,
    -1.228214552176));
#5837 = CARTESIAN_POINT('',(1.99306415696,9.054882066235,-1.228260612969
    ));
#5838 = CARTESIAN_POINT('',(1.993347607997,9.05488206623,-1.228352734556
    ));
#5839 = CARTESIAN_POINT('',(1.996102823188,9.05488211352,-1.229565783367
    ));
#5840 = CARTESIAN_POINT('',(1.998230952821,9.054882253388,
    -1.233350309084));
#5841 = CARTESIAN_POINT('',(1.999438168735,9.054882344859,-1.23582509834
    ));
#5842 = CARTESIAN_POINT('',(2.001384580866,9.054882490022,
    -1.239752592036));
#5843 = CARTESIAN_POINT('',(2.004176533779,9.054882679375,
    -1.244876006396));
#5844 = CARTESIAN_POINT('',(2.007144369244,9.054882800905,
    -1.248165661024));
#5845 = CARTESIAN_POINT('',(2.010743031921,9.054882949718,-1.25219381387
    ));
#5846 = CARTESIAN_POINT('',(2.015191019584,9.054883043878,-1.25474516442
    ));
#5847 = CARTESIAN_POINT('',(2.020739192387,9.054883043636,-1.25474516442
    ));
#5848 = CARTESIAN_POINT('',(2.025051016716,9.054883043447,-1.25474516442
    ));
#5849 = CARTESIAN_POINT('',(2.028099888848,9.054882971139,
    -1.252793556457));
#5850 = CARTESIAN_POINT('',(2.031284616262,9.054882706086,
    -1.245630308923));
#5851 = CARTESIAN_POINT('',(2.031634165162,9.054882556394,
    -1.241583046965));
#5852 = CARTESIAN_POINT('',(2.031634165162,9.054882428753,
    -1.238131650013));
#5853 = CARTESIAN_POINT('',(2.031634165162,9.054881409197,
    -1.210562912185));
#5854 = CARTESIAN_POINT('',(2.031634165162,9.05488038964,-1.182994174358
    ));
#5855 = CARTESIAN_POINT('',(2.031634165162,9.054879370084,-1.15542543653
    ));
#5856 = CARTESIAN_POINT('',(2.037529856772,9.054879504134,
    -1.159057097581));
#5857 = CARTESIAN_POINT('',(2.043425548382,9.054879638183,
    -1.162688758633));
#5858 = CARTESIAN_POINT('',(2.049321239992,9.054879772233,
    -1.166320419685));
#5859 = CARTESIAN_POINT('',(2.049321239992,9.054880790479,
    -1.193853726133));
#5860 = CARTESIAN_POINT('',(2.049321239992,9.054881808725,
    -1.221387032582));
#5861 = CARTESIAN_POINT('',(2.049321239992,9.054882826971,-1.24892033903
    ));
#5862 = CARTESIAN_POINT('',(2.049321239992,9.054882826971,-1.24892033903
    ));
#5863 = CARTESIAN_POINT('',(2.049321239992,9.054882826971,-1.24892033903
    ));
#5864 = ( GEOMETRIC_REPRESENTATION_CONTEXT(3) 
GLOBAL_UNCERTAINTY_ASSIGNED_CONTEXT((#5868)) 
GLOBAL_UNIT_ASSIGNED_CONTEXT((#5865,#5866,#5867)) REPRESENTATION_CONTEXT
('Context #1','3D Context with UNIT and UNCERTAINTY') );
#5865 = ( LENGTH_UNIT() NAMED_UNIT(*) SI_UNIT(.MILLI.,.METRE.) );
#5866 = ( NAMED_UNIT(*) PLANE_ANGLE_UNIT() SI_UNIT($,.RADIAN.) );
#5867 = ( NAMED_UNIT(*) SI_UNIT($,.STERADIAN.) SOLID_ANGLE_UNIT() );
#5868 = UNCERTAINTY_MEASURE_WITH_UNIT(LENGTH_MEASURE(1.E-07),#5865,
  'distance_accuracy_value','confusion accuracy');
#5869 = PRODUCT_RELATED_PRODUCT_CATEGORY('part',$,(#5418));
#5870 = SHAPE_DEFINITION_REPRESENTATION(#5871,#5877);
#5871 = PRODUCT_DEFINITION_SHAPE('','',#5872);
#5872 = PRODUCT_DEFINITION('design','',#5873,#5876);
#5873 = PRODUCT_DEFINITION_FORMATION('','',#5874);
#5874 = PRODUCT('Open CASCADE STEP translator 7.5 85',
  'Open CASCADE STEP translator 7.5 85','',(#5875));
#5875 = PRODUCT_CONTEXT('',#2,'mechanical');
#5876 = PRODUCT_DEFINITION_CONTEXT('part definition',#2,'design');
#5877 = SHAPE_REPRESENTATION('',(#11,#5878,#6192,#6506,#6820),#7134);
#5878 = MANIFOLD_SOLID_BREP('',#5879);
#5879 = CLOSED_SHELL('',(#5880,#5916,#5944,#5966,#5988,#6004,#6040,#6068
    ,#6096,#6116,#6128,#6148,#6164,#6180));
#5880 = ADVANCED_FACE('',(#5881),#5911,.T.);
#5881 = FACE_BOUND('',#5882,.T.);
#5882 = EDGE_LOOP('',(#5883,#5892,#5899,#5906));
#5883 = ORIENTED_EDGE('',*,*,#5884,.T.);
#5884 = EDGE_CURVE('',#5885,#5887,#5889,.T.);
#5885 = VERTEX_POINT('',#5886);
#5886 = CARTESIAN_POINT('',(2.125001420316,6.955087910584,2.788519958132
    ));
#5887 = VERTEX_POINT('',#5888);
#5888 = CARTESIAN_POINT('',(1.875001420316,6.955087921512,2.788519958132
    ));
#5889 = B_SPLINE_CURVE_WITH_KNOTS('',1,(#5890,#5891),.UNSPECIFIED.,.F.,
  .F.,(2,2),(-1.,-0.75),.PIECEWISE_BEZIER_KNOTS.);
#5890 = CARTESIAN_POINT('',(2.125001420316,6.955087910584,2.788519958132
    ));
#5891 = CARTESIAN_POINT('',(1.875001420316,6.955087921512,2.788519958132
    ));
#5892 = ORIENTED_EDGE('',*,*,#5893,.T.);
#5893 = EDGE_CURVE('',#5887,#5894,#5896,.T.);
#5894 = VERTEX_POINT('',#5895);
#5895 = CARTESIAN_POINT('',(1.875001409388,6.705087921512,2.788519936277
    ));
#5896 = B_SPLINE_CURVE_WITH_KNOTS('',1,(#5897,#5898),.UNSPECIFIED.,.F.,
  .F.,(2,2),(-0.75,-0.5),.PIECEWISE_BEZIER_KNOTS.);
#5897 = CARTESIAN_POINT('',(1.875001420316,6.955087921512,2.788519958132
    ));
#5898 = CARTESIAN_POINT('',(1.875001409388,6.705087921512,2.788519936277
    ));
#5899 = ORIENTED_EDGE('',*,*,#5900,.T.);
#5900 = EDGE_CURVE('',#5894,#5901,#5903,.T.);
#5901 = VERTEX_POINT('',#5902);
#5902 = CARTESIAN_POINT('',(2.125001409388,6.705087910584,2.788519936277
    ));
#5903 = B_SPLINE_CURVE_WITH_KNOTS('',1,(#5904,#5905),.UNSPECIFIED.,.F.,
  .F.,(2,2),(-0.5,-0.25),.PIECEWISE_BEZIER_KNOTS.);
#5904 = CARTESIAN_POINT('',(1.875001409388,6.705087921512,2.788519936277
    ));
#5905 = CARTESIAN_POINT('',(2.125001409388,6.705087910584,2.788519936277
    ));
#5906 = ORIENTED_EDGE('',*,*,#5907,.T.);
#5907 = EDGE_CURVE('',#5901,#5885,#5908,.T.);
#5908 = B_SPLINE_CURVE_WITH_KNOTS('',1,(#5909,#5910),.UNSPECIFIED.,.F.,
  .F.,(2,2),(-0.25,0.),.PIECEWISE_BEZIER_KNOTS.);
#5909 = CARTESIAN_POINT('',(2.125001409388,6.705087910584,2.788519936277
    ));
#5910 = CARTESIAN_POINT('',(2.125001420316,6.955087910584,2.788519958132
    ));
#5911 = PLANE('',#5912);
#5912 = AXIS2_PLACEMENT_3D('',#5913,#5914,#5915);
#5913 = CARTESIAN_POINT('',(2.135001420753,6.965087910147,2.788519959006
    ));
#5914 = DIRECTION('',(1.678841393868E-22,-8.742273394091E-08,1.));
#5915 = DIRECTION('',(4.371138828674E-08,1.,8.742273394091E-08));
#5916 = ADVANCED_FACE('',(#5917),#5939,.T.);
#5917 = FACE_BOUND('',#5918,.T.);
#5918 = EDGE_LOOP('',(#5919,#5928,#5933,#5934));
#5919 = ORIENTED_EDGE('',*,*,#5920,.T.);
#5920 = EDGE_CURVE('',#5921,#5923,#5925,.T.);
#5921 = VERTEX_POINT('',#5922);
#5922 = CARTESIAN_POINT('',(2.315001401068,6.514746075358,2.448520091498
    ));
#5923 = VERTEX_POINT('',#5924);
#5924 = CARTESIAN_POINT('',(2.315001428606,7.144746075488,2.448516634549
    ));
#5925 = B_SPLINE_CURVE_WITH_KNOTS('',1,(#5926,#5927),.UNSPECIFIED.,.F.,
  .F.,(2,2),(-0.63,1.110223024625E-16),.PIECEWISE_BEZIER_KNOTS.);
#5926 = CARTESIAN_POINT('',(2.315001401068,6.514746075358,2.448520091498
    ));
#5927 = CARTESIAN_POINT('',(2.315001428606,7.144746075488,2.448516634549
    ));
#5928 = ORIENTED_EDGE('',*,*,#5929,.T.);
#5929 = EDGE_CURVE('',#5923,#5885,#5930,.T.);
#5930 = B_SPLINE_CURVE_WITH_KNOTS('',1,(#5931,#5932),.UNSPECIFIED.,.F.,
  .F.,(2,2),(1.746717895362,2.179926960913),.PIECEWISE_BEZIER_KNOTS.);
#5931 = CARTESIAN_POINT('',(2.315001428606,7.144746075488,2.448516634549
    ));
#5932 = CARTESIAN_POINT('',(2.125001420316,6.955087910584,2.788519958132
    ));
#5933 = ORIENTED_EDGE('',*,*,#5907,.F.);
#5934 = ORIENTED_EDGE('',*,*,#5935,.T.);
#5935 = EDGE_CURVE('',#5901,#5921,#5936,.T.);
#5936 = B_SPLINE_CURVE_WITH_KNOTS('',1,(#5937,#5938),.UNSPECIFIED.,.F.,
  .F.,(2,2),(2.429926960913,2.863435790725),.PIECEWISE_BEZIER_KNOTS.);
#5937 = CARTESIAN_POINT('',(2.125001409388,6.705087910584,2.788519936277
    ));
#5938 = CARTESIAN_POINT('',(2.315001401068,6.514746075358,2.448520091498
    ));
#5939 = PLANE('',#5940);
#5940 = AXIS2_PLACEMENT_3D('',#5941,#5942,#5943);
#5941 = CARTESIAN_POINT('',(2.120123213588,7.15474605339,2.797249409358)
  );
#5942 = DIRECTION('',(0.872943377133,-8.080426009901E-08,0.487821545568)
  );
#5943 = DIRECTION('',(-0.487821545568,-5.49917396116E-08,0.872943377133)
  );
#5944 = ADVANCED_FACE('',(#5945),#5961,.T.);
#5945 = FACE_BOUND('',#5946,.T.);
#5946 = EDGE_LOOP('',(#5947,#5948,#5949,#5956));
#5947 = ORIENTED_EDGE('',*,*,#5884,.F.);
#5948 = ORIENTED_EDGE('',*,*,#5929,.F.);
#5949 = ORIENTED_EDGE('',*,*,#5950,.T.);
#5950 = EDGE_CURVE('',#5923,#5951,#5953,.T.);
#5951 = VERTEX_POINT('',#5952);
#5952 = CARTESIAN_POINT('',(1.685001428606,7.144746103026,2.448516634549
    ));
#5953 = B_SPLINE_CURVE_WITH_KNOTS('',1,(#5954,#5955),.UNSPECIFIED.,.F.,
  .F.,(2,2),(-11.15568452945,-10.52568452945),.PIECEWISE_BEZIER_KNOTS.);
#5954 = CARTESIAN_POINT('',(2.315001428606,7.144746075488,2.448516634549
    ));
#5955 = CARTESIAN_POINT('',(1.685001428606,7.144746103026,2.448516634549
    ));
#5956 = ORIENTED_EDGE('',*,*,#5957,.T.);
#5957 = EDGE_CURVE('',#5951,#5887,#5958,.T.);
#5958 = B_SPLINE_CURVE_WITH_KNOTS('',1,(#5959,#5960),.UNSPECIFIED.,.F.,
  .F.,(2,2),(-0.43320906555,0.),.PIECEWISE_BEZIER_KNOTS.);
#5959 = CARTESIAN_POINT('',(1.685001428606,7.144746103026,2.448516634549
    ));
#5960 = CARTESIAN_POINT('',(1.875001420316,6.955087921512,2.788519958132
    ));
#5961 = PLANE('',#5962);
#5962 = AXIS2_PLACEMENT_3D('',#5963,#5964,#5965);
#5963 = CARTESIAN_POINT('',(2.325001420103,6.950216378339,2.797253128162
    ));
#5964 = DIRECTION('',(3.81739004743E-08,0.873317002935,0.487152350281));
#5965 = DIRECTION('',(-2.129410220067E-08,-0.487152350281,0.873317002935
    ));
#5966 = ADVANCED_FACE('',(#5967),#5983,.T.);
#5967 = FACE_BOUND('',#5968,.T.);
#5968 = EDGE_LOOP('',(#5969,#5970,#5971,#5978));
#5969 = ORIENTED_EDGE('',*,*,#5893,.F.);
#5970 = ORIENTED_EDGE('',*,*,#5957,.F.);
#5971 = ORIENTED_EDGE('',*,*,#5972,.T.);
#5972 = EDGE_CURVE('',#5951,#5973,#5975,.T.);
#5973 = VERTEX_POINT('',#5974);
#5974 = CARTESIAN_POINT('',(1.685001401068,6.514746102896,2.448520091498
    ));
#5975 = B_SPLINE_CURVE_WITH_KNOTS('',1,(#5976,#5977),.UNSPECIFIED.,.F.,
  .F.,(2,2),(-1.89,-1.26),.PIECEWISE_BEZIER_KNOTS.);
#5976 = CARTESIAN_POINT('',(1.685001428606,7.144746103026,2.448516634549
    ));
#5977 = CARTESIAN_POINT('',(1.685001401068,6.514746102896,2.448520091498
    ));
#5978 = ORIENTED_EDGE('',*,*,#5979,.T.);
#5979 = EDGE_CURVE('',#5973,#5894,#5980,.T.);
#5980 = B_SPLINE_CURVE_WITH_KNOTS('',1,(#5981,#5982),.UNSPECIFIED.,.F.,
  .F.,(2,2),(1.81320906555,2.246717895362),.PIECEWISE_BEZIER_KNOTS.);
#5981 = CARTESIAN_POINT('',(1.685001401068,6.514746102896,2.448520091498
    ));
#5982 = CARTESIAN_POINT('',(1.875001409388,6.705087921512,2.788519936277
    ));
#5983 = PLANE('',#5984);
#5984 = AXIS2_PLACEMENT_3D('',#5985,#5986,#5987);
#5985 = CARTESIAN_POINT('',(1.680123213588,7.154746103873,2.439790713677
    ));
#5986 = DIRECTION('',(-0.872943377133,-4.489126254413E-09,0.487821545568
    ));
#5987 = DIRECTION('',(-0.487821545568,9.76384535975E-08,-0.872943377133)
  );
#5988 = ADVANCED_FACE('',(#5989),#5999,.T.);
#5989 = FACE_BOUND('',#5990,.T.);
#5990 = EDGE_LOOP('',(#5991,#5992,#5993,#5998));
#5991 = ORIENTED_EDGE('',*,*,#5900,.F.);
#5992 = ORIENTED_EDGE('',*,*,#5979,.F.);
#5993 = ORIENTED_EDGE('',*,*,#5994,.T.);
#5994 = EDGE_CURVE('',#5973,#5921,#5995,.T.);
#5995 = B_SPLINE_CURVE_WITH_KNOTS('',1,(#5996,#5997),.UNSPECIFIED.,.F.,
  .F.,(2,2),(-9.895684529456,-9.265684529456),.PIECEWISE_BEZIER_KNOTS.);
#5996 = CARTESIAN_POINT('',(1.685001401068,6.514746102896,2.448520091498
    ));
#5997 = CARTESIAN_POINT('',(2.315001401068,6.514746075358,2.448520091498
    ));
#5998 = ORIENTED_EDGE('',*,*,#5935,.F.);
#5999 = PLANE('',#6000);
#6000 = AXIS2_PLACEMENT_3D('',#6001,#6002,#6003);
#6001 = CARTESIAN_POINT('',(2.325001409602,6.70997280066,2.797245631867)
  );
#6002 = DIRECTION('',(-3.814122493623E-08,-0.872569559053,0.488489881794
    ));
#6003 = DIRECTION('',(-2.135257423164E-08,-0.488489881794,
    -0.872569559053));
#6004 = ADVANCED_FACE('',(#6005),#6035,.T.);
#6005 = FACE_BOUND('',#6006,.T.);
#6006 = EDGE_LOOP('',(#6007,#6016,#6023,#6030));
#6007 = ORIENTED_EDGE('',*,*,#6008,.T.);
#6008 = EDGE_CURVE('',#6009,#6011,#6013,.T.);
#6009 = VERTEX_POINT('',#6010);
#6010 = CARTESIAN_POINT('',(1.875001420305,6.954850480521,
    -9.907164217504));
#6011 = VERTEX_POINT('',#6012);
#6012 = CARTESIAN_POINT('',(1.685001428626,7.145191393374,
    -9.567164372742));
#6013 = B_SPLINE_CURVE_WITH_KNOTS('',1,(#6014,#6015),.UNSPECIFIED.,.F.,
  .F.,(2,2),(-0.920226725174,-0.486717895362),.PIECEWISE_BEZIER_KNOTS.);
#6014 = CARTESIAN_POINT('',(1.875001420305,6.954850480521,
    -9.907164217504));
#6015 = CARTESIAN_POINT('',(1.685001428626,7.145191393374,
    -9.567164372742));
#6016 = ORIENTED_EDGE('',*,*,#6017,.T.);
#6017 = EDGE_CURVE('',#6011,#6018,#6020,.T.);
#6018 = VERTEX_POINT('',#6019);
#6019 = CARTESIAN_POINT('',(2.315001428626,7.145191365836,
    -9.567164372742));
#6020 = B_SPLINE_CURVE_WITH_KNOTS('',1,(#6021,#6022),.UNSPECIFIED.,.F.,
  .F.,(2,2),(-0.63,-6.245004513517E-17),.PIECEWISE_BEZIER_KNOTS.);
#6021 = CARTESIAN_POINT('',(1.685001428626,7.145191393374,
    -9.567164372742));
#6022 = CARTESIAN_POINT('',(2.315001428626,7.145191365836,
    -9.567164372742));
#6023 = ORIENTED_EDGE('',*,*,#6024,.T.);
#6024 = EDGE_CURVE('',#6018,#6025,#6027,.T.);
#6025 = VERTEX_POINT('',#6026);
#6026 = CARTESIAN_POINT('',(2.125001420305,6.954850469593,
    -9.907164217504));
#6027 = B_SPLINE_CURVE_WITH_KNOTS('',1,(#6028,#6029),.UNSPECIFIED.,.F.,
  .F.,(2,2),(-2.863435790725,-2.429926960913),.PIECEWISE_BEZIER_KNOTS.);
#6028 = CARTESIAN_POINT('',(2.315001428626,7.145191365836,
    -9.567164372742));
#6029 = CARTESIAN_POINT('',(2.125001420305,6.954850469593,
    -9.907164217504));
#6030 = ORIENTED_EDGE('',*,*,#6031,.T.);
#6031 = EDGE_CURVE('',#6025,#6009,#6032,.T.);
#6032 = B_SPLINE_CURVE_WITH_KNOTS('',1,(#6033,#6034),.UNSPECIFIED.,.F.,
  .F.,(2,2),(0.25,0.5),.PIECEWISE_BEZIER_KNOTS.);
#6033 = CARTESIAN_POINT('',(2.125001420305,6.954850469593,
    -9.907164217504));
#6034 = CARTESIAN_POINT('',(1.875001420305,6.954850480521,
    -9.907164217504));
#6035 = PLANE('',#6036);
#6036 = AXIS2_PLACEMENT_3D('',#6037,#6038,#6039);
#6037 = CARTESIAN_POINT('',(2.325001420092,6.949965562033,
    -9.915889913094));
#6038 = DIRECTION('',(3.814122493623E-08,0.872569559053,-0.488489881794)
  );
#6039 = DIRECTION('',(2.135257423164E-08,0.488489881794,0.872569559053)
  );
#6040 = ADVANCED_FACE('',(#6041),#6063,.T.);
#6041 = FACE_BOUND('',#6042,.T.);
#6042 = EDGE_LOOP('',(#6043,#6052,#6057,#6058));
#6043 = ORIENTED_EDGE('',*,*,#6044,.T.);
#6044 = EDGE_CURVE('',#6045,#6047,#6049,.T.);
#6045 = VERTEX_POINT('',#6046);
#6046 = CARTESIAN_POINT('',(1.875001409378,6.704850480521,
    -9.907164239359));
#6047 = VERTEX_POINT('',#6048);
#6048 = CARTESIAN_POINT('',(1.685001401087,6.515191393374,
    -9.567164427827));
#6049 = B_SPLINE_CURVE_WITH_KNOTS('',1,(#6050,#6051),.UNSPECIFIED.,.F.,
  .F.,(2,2),(3.20320906555,3.636418131101),.PIECEWISE_BEZIER_KNOTS.);
#6050 = CARTESIAN_POINT('',(1.875001409378,6.704850480521,
    -9.907164239359));
#6051 = CARTESIAN_POINT('',(1.685001401087,6.515191393374,
    -9.567164427827));
#6052 = ORIENTED_EDGE('',*,*,#6053,.T.);
#6053 = EDGE_CURVE('',#6047,#6011,#6054,.T.);
#6054 = B_SPLINE_CURVE_WITH_KNOTS('',1,(#6055,#6056),.UNSPECIFIED.,.F.,
  .F.,(2,2),(-11.78568452945,-11.15568452945),.PIECEWISE_BEZIER_KNOTS.);
#6055 = CARTESIAN_POINT('',(1.685001401087,6.515191393374,
    -9.567164427827));
#6056 = CARTESIAN_POINT('',(1.685001428626,7.145191393374,
    -9.567164372742));
#6057 = ORIENTED_EDGE('',*,*,#6008,.F.);
#6058 = ORIENTED_EDGE('',*,*,#6059,.T.);
#6059 = EDGE_CURVE('',#6009,#6045,#6060,.T.);
#6060 = B_SPLINE_CURVE_WITH_KNOTS('',1,(#6061,#6062),.UNSPECIFIED.,.F.,
  .F.,(2,2),(0.5,0.75),.PIECEWISE_BEZIER_KNOTS.);
#6061 = CARTESIAN_POINT('',(1.875001420305,6.954850480521,
    -9.907164217504));
#6062 = CARTESIAN_POINT('',(1.875001409378,6.704850480521,
    -9.907164239359));
#6063 = PLANE('',#6064);
#6064 = AXIS2_PLACEMENT_3D('',#6065,#6066,#6067);
#6065 = CARTESIAN_POINT('',(1.879879644518,7.155192337716,-9.91589363376
    ));
#6066 = DIRECTION('',(-0.872943377133,8.080426050805E-08,-0.487821545568
    ));
#6067 = DIRECTION('',(0.487821545568,5.49917396116E-08,-0.872943377133)
  );
#6068 = ADVANCED_FACE('',(#6069),#6091,.T.);
#6069 = FACE_BOUND('',#6070,.T.);
#6070 = EDGE_LOOP('',(#6071,#6072,#6079,#6086));
#6071 = ORIENTED_EDGE('',*,*,#6044,.F.);
#6072 = ORIENTED_EDGE('',*,*,#6073,.T.);
#6073 = EDGE_CURVE('',#6045,#6074,#6076,.T.);
#6074 = VERTEX_POINT('',#6075);
#6075 = CARTESIAN_POINT('',(2.125001409378,6.704850469593,
    -9.907164239359));
#6076 = B_SPLINE_CURVE_WITH_KNOTS('',1,(#6077,#6078),.UNSPECIFIED.,.F.,
  .F.,(2,2),(0.75,1.),.PIECEWISE_BEZIER_KNOTS.);
#6077 = CARTESIAN_POINT('',(1.875001409378,6.704850480521,
    -9.907164239359));
#6078 = CARTESIAN_POINT('',(2.125001409378,6.704850469593,
    -9.907164239359));
#6079 = ORIENTED_EDGE('',*,*,#6080,.T.);
#6080 = EDGE_CURVE('',#6074,#6081,#6083,.T.);
#6081 = VERTEX_POINT('',#6082);
#6082 = CARTESIAN_POINT('',(2.315001401087,6.515191365836,
    -9.567164427827));
#6083 = B_SPLINE_CURVE_WITH_KNOTS('',1,(#6084,#6085),.UNSPECIFIED.,.F.,
  .F.,(2,2),(-2.179926960913,-1.746717895362),.PIECEWISE_BEZIER_KNOTS.);
#6084 = CARTESIAN_POINT('',(2.125001409378,6.704850469593,
    -9.907164239359));
#6085 = CARTESIAN_POINT('',(2.315001401087,6.515191365836,
    -9.567164427827));
#6086 = ORIENTED_EDGE('',*,*,#6087,.T.);
#6087 = EDGE_CURVE('',#6081,#6047,#6088,.T.);
#6088 = B_SPLINE_CURVE_WITH_KNOTS('',1,(#6089,#6090),.UNSPECIFIED.,.F.,
  .F.,(2,2),(-19.79136905891,-19.16136905891),.PIECEWISE_BEZIER_KNOTS.);
#6089 = CARTESIAN_POINT('',(2.315001401087,6.515191365836,
    -9.567164427827));
#6090 = CARTESIAN_POINT('',(1.685001401087,6.515191393374,
    -9.567164427827));
#6091 = PLANE('',#6092);
#6092 = AXIS2_PLACEMENT_3D('',#6093,#6094,#6095);
#6093 = CARTESIAN_POINT('',(2.325001409591,6.709721984354,
    -9.915897409389));
#6094 = DIRECTION('',(-3.81739004743E-08,-0.873317002935,-0.487152350281
    ));
#6095 = DIRECTION('',(2.129410220067E-08,0.487152350281,-0.873317002935)
  );
#6096 = ADVANCED_FACE('',(#6097),#6111,.T.);
#6097 = FACE_BOUND('',#6098,.T.);
#6098 = EDGE_LOOP('',(#6099,#6104,#6105,#6110));
#6099 = ORIENTED_EDGE('',*,*,#6100,.T.);
#6100 = EDGE_CURVE('',#6018,#6081,#6101,.T.);
#6101 = B_SPLINE_CURVE_WITH_KNOTS('',1,(#6102,#6103),.UNSPECIFIED.,.F.,
  .F.,(2,2),(9.265684529456,9.895684529456),.PIECEWISE_BEZIER_KNOTS.);
#6102 = CARTESIAN_POINT('',(2.315001428626,7.145191365836,
    -9.567164372742));
#6103 = CARTESIAN_POINT('',(2.315001401087,6.515191365836,
    -9.567164427827));
#6104 = ORIENTED_EDGE('',*,*,#6080,.F.);
#6105 = ORIENTED_EDGE('',*,*,#6106,.T.);
#6106 = EDGE_CURVE('',#6074,#6025,#6107,.T.);
#6107 = B_SPLINE_CURVE_WITH_KNOTS('',1,(#6108,#6109),.UNSPECIFIED.,.F.,
  .F.,(2,2),(1.,1.25),.PIECEWISE_BEZIER_KNOTS.);
#6108 = CARTESIAN_POINT('',(2.125001409378,6.704850469593,
    -9.907164239359));
#6109 = CARTESIAN_POINT('',(2.125001420305,6.954850469593,
    -9.907164217504));
#6110 = ORIENTED_EDGE('',*,*,#6024,.F.);
#6111 = PLANE('',#6112);
#6112 = AXIS2_PLACEMENT_3D('',#6113,#6114,#6115);
#6113 = CARTESIAN_POINT('',(2.319879644518,7.155192287233,-9.55843493808
    ));
#6114 = DIRECTION('',(0.872943377133,4.4891266998E-09,-0.487821545568));
#6115 = DIRECTION('',(0.487821545568,-9.76384535975E-08,0.872943377133)
  );
#6116 = ADVANCED_FACE('',(#6117),#6123,.T.);
#6117 = FACE_BOUND('',#6118,.T.);
#6118 = EDGE_LOOP('',(#6119,#6120,#6121,#6122));
#6119 = ORIENTED_EDGE('',*,*,#6106,.F.);
#6120 = ORIENTED_EDGE('',*,*,#6073,.F.);
#6121 = ORIENTED_EDGE('',*,*,#6059,.F.);
#6122 = ORIENTED_EDGE('',*,*,#6031,.F.);
#6123 = PLANE('',#6124);
#6124 = AXIS2_PLACEMENT_3D('',#6125,#6126,#6127);
#6125 = CARTESIAN_POINT('',(1.865001420743,6.964850480958,
    -9.907164216629));
#6126 = DIRECTION('',(-1.678841393868E-22,8.742273394091E-08,-1.));
#6127 = DIRECTION('',(-4.371138828674E-08,-1.,-8.742273394091E-08));
#6128 = ADVANCED_FACE('',(#6129),#6143,.T.);
#6129 = FACE_BOUND('',#6130,.T.);
#6130 = EDGE_LOOP('',(#6131,#6132,#6137,#6138));
#6131 = ORIENTED_EDGE('',*,*,#6017,.F.);
#6132 = ORIENTED_EDGE('',*,*,#6133,.T.);
#6133 = EDGE_CURVE('',#6011,#5951,#6134,.T.);
#6134 = B_SPLINE_CURVE_WITH_KNOTS('',1,(#6135,#6136),.UNSPECIFIED.,.F.,
  .F.,(2,2),(1.298402239652,10.525684529456),.PIECEWISE_BEZIER_KNOTS.);
#6135 = CARTESIAN_POINT('',(1.685001428626,7.145191393374,
    -9.567164372742));
#6136 = CARTESIAN_POINT('',(1.685001428606,7.144746103026,2.448516634549
    ));
#6137 = ORIENTED_EDGE('',*,*,#5950,.F.);
#6138 = ORIENTED_EDGE('',*,*,#6139,.T.);
#6139 = EDGE_CURVE('',#5923,#6018,#6140,.T.);
#6140 = B_SPLINE_CURVE_WITH_KNOTS('',1,(#6141,#6142),.UNSPECIFIED.,.F.,
  .F.,(2,2),(11.155684529456,20.382966819261),.PIECEWISE_BEZIER_KNOTS.);
#6141 = CARTESIAN_POINT('',(2.315001428606,7.144746075488,2.448516634549
    ));
#6142 = CARTESIAN_POINT('',(2.315001428626,7.145191365836,
    -9.567164372742));
#6143 = PLANE('',#6144);
#6144 = AXIS2_PLACEMENT_3D('',#6145,#6146,#6147);
#6145 = CARTESIAN_POINT('',(2.325001428626,7.145196754575,
    -9.737828241968));
#6146 = DIRECTION('',(4.371138847902E-08,0.999999999316,
    3.698233790134E-05));
#6147 = DIRECTION('',(-1.612727962523E-12,-3.698233790134E-05,
    0.999999999316));
#6148 = ADVANCED_FACE('',(#6149),#6159,.T.);
#6149 = FACE_BOUND('',#6150,.T.);
#6150 = EDGE_LOOP('',(#6151,#6152,#6157,#6158));
#6151 = ORIENTED_EDGE('',*,*,#6053,.F.);
#6152 = ORIENTED_EDGE('',*,*,#6153,.T.);
#6153 = EDGE_CURVE('',#6047,#5973,#6154,.T.);
#6154 = B_SPLINE_CURVE_WITH_KNOTS('',1,(#6155,#6156),.UNSPECIFIED.,.F.,
  .F.,(2,2),(-19.12297221328,-9.895684529456),.PIECEWISE_BEZIER_KNOTS.);
#6155 = CARTESIAN_POINT('',(1.685001401087,6.515191393374,
    -9.567164427827));
#6156 = CARTESIAN_POINT('',(1.685001401068,6.514746102896,2.448520091498
    ));
#6157 = ORIENTED_EDGE('',*,*,#5972,.F.);
#6158 = ORIENTED_EDGE('',*,*,#6133,.F.);
#6159 = B_SPLINE_SURFACE_WITH_KNOTS('',1,1,(
    (#6160,#6161)
    ,(#6162,#6163
    )),.UNSPECIFIED.,.F.,.F.,.F.,(2,2),(2,2),(-0.640341856645,1.E-02),(
    -9.358341368381,9.26568452315E-02),.PIECEWISE_BEZIER_KNOTS.);
#6160 = CARTESIAN_POINT('',(1.685001429063,7.155193363988,
    -9.737828352549));
#6161 = CARTESIAN_POINT('',(1.685001429058,7.155086916199,2.56916985328)
  );
#6162 = CARTESIAN_POINT('',(1.685001400635,6.504851507075,
    -9.737821158556));
#6163 = CARTESIAN_POINT('',(1.685001400631,6.504745059286,2.569177047272
    ));
#6164 = ADVANCED_FACE('',(#6165),#6175,.T.);
#6165 = FACE_BOUND('',#6166,.T.);
#6166 = EDGE_LOOP('',(#6167,#6172,#6173,#6174));
#6167 = ORIENTED_EDGE('',*,*,#6168,.T.);
#6168 = EDGE_CURVE('',#6081,#5921,#6169,.T.);
#6169 = B_SPLINE_CURVE_WITH_KNOTS('',1,(#6170,#6171),.UNSPECIFIED.,.F.,
  .F.,(2,2),(3.839684562444E-02,9.265684529456),
  .PIECEWISE_BEZIER_KNOTS.);
#6170 = CARTESIAN_POINT('',(2.315001401087,6.515191365836,
    -9.567164427827));
#6171 = CARTESIAN_POINT('',(2.315001401068,6.514746075358,2.448520091498
    ));
#6172 = ORIENTED_EDGE('',*,*,#5994,.F.);
#6173 = ORIENTED_EDGE('',*,*,#6153,.F.);
#6174 = ORIENTED_EDGE('',*,*,#6087,.F.);
#6175 = PLANE('',#6176);
#6176 = AXIS2_PLACEMENT_3D('',#6177,#6178,#6179);
#6177 = CARTESIAN_POINT('',(2.325001401068,6.514741612749,2.569176936691
    ));
#6178 = DIRECTION('',(-4.371138825702E-08,-0.999999999316,
    -3.698233790104E-05));
#6179 = DIRECTION('',(1.61272796251E-12,3.698233790104E-05,
    -0.999999999316));
#6180 = ADVANCED_FACE('',(#6181),#6187,.T.);
#6181 = FACE_BOUND('',#6182,.T.);
#6182 = EDGE_LOOP('',(#6183,#6184,#6185,#6186));
#6183 = ORIENTED_EDGE('',*,*,#6139,.F.);
#6184 = ORIENTED_EDGE('',*,*,#5920,.F.);
#6185 = ORIENTED_EDGE('',*,*,#6168,.F.);
#6186 = ORIENTED_EDGE('',*,*,#6100,.F.);
#6187 = B_SPLINE_SURFACE_WITH_KNOTS('',1,1,(
    (#6188,#6189)
    ,(#6190,#6191
    )),.UNSPECIFIED.,.F.,.F.,.F.,(2,2),(2,2),(-9.358341368381,
    9.26568452315E-02),(-0.640341856645,1.E-02),
  .PIECEWISE_BEZIER_KNOTS.);
#6188 = CARTESIAN_POINT('',(2.315001429063,7.15519333645,-9.737828352549
    ));
#6189 = CARTESIAN_POINT('',(2.315001400635,6.504851479537,
    -9.737821158556));
#6190 = CARTESIAN_POINT('',(2.315001429058,7.155086888661,2.569169853279
    ));
#6191 = CARTESIAN_POINT('',(2.315001400631,6.504745031748,2.569177047272
    ));
#6192 = MANIFOLD_SOLID_BREP('',#6193);
#6193 = CLOSED_SHELL('',(#6194,#6230,#6258,#6280,#6302,#6318,#6354,#6382
    ,#6410,#6430,#6442,#6462,#6478,#6494));
#6194 = ADVANCED_FACE('',(#6195),#6225,.T.);
#6195 = FACE_BOUND('',#6196,.T.);
#6196 = EDGE_LOOP('',(#6197,#6206,#6213,#6220));
#6197 = ORIENTED_EDGE('',*,*,#6198,.T.);
#6198 = EDGE_CURVE('',#6199,#6201,#6203,.T.);
#6199 = VERTEX_POINT('',#6200);
#6200 = CARTESIAN_POINT('',(2.125001198262,1.875087910584,2.788519514025
    ));
#6201 = VERTEX_POINT('',#6202);
#6202 = CARTESIAN_POINT('',(1.875001198262,1.875087921512,2.788519514025
    ));
#6203 = B_SPLINE_CURVE_WITH_KNOTS('',1,(#6204,#6205),.UNSPECIFIED.,.F.,
  .F.,(2,2),(-1.,-0.75),.PIECEWISE_BEZIER_KNOTS.);
#6204 = CARTESIAN_POINT('',(2.125001198262,1.875087910584,2.788519514025
    ));
#6205 = CARTESIAN_POINT('',(1.875001198262,1.875087921512,2.788519514025
    ));
#6206 = ORIENTED_EDGE('',*,*,#6207,.T.);
#6207 = EDGE_CURVE('',#6201,#6208,#6210,.T.);
#6208 = VERTEX_POINT('',#6209);
#6209 = CARTESIAN_POINT('',(1.875001187334,1.625087921512,2.788519492169
    ));
#6210 = B_SPLINE_CURVE_WITH_KNOTS('',1,(#6211,#6212),.UNSPECIFIED.,.F.,
  .F.,(2,2),(-0.75,-0.5),.PIECEWISE_BEZIER_KNOTS.);
#6211 = CARTESIAN_POINT('',(1.875001198262,1.875087921512,2.788519514025
    ));
#6212 = CARTESIAN_POINT('',(1.875001187334,1.625087921512,2.788519492169
    ));
#6213 = ORIENTED_EDGE('',*,*,#6214,.T.);
#6214 = EDGE_CURVE('',#6208,#6215,#6217,.T.);
#6215 = VERTEX_POINT('',#6216);
#6216 = CARTESIAN_POINT('',(2.125001187334,1.625087910584,2.788519492169
    ));
#6217 = B_SPLINE_CURVE_WITH_KNOTS('',1,(#6218,#6219),.UNSPECIFIED.,.F.,
  .F.,(2,2),(-0.5,-0.25),.PIECEWISE_BEZIER_KNOTS.);
#6218 = CARTESIAN_POINT('',(1.875001187334,1.625087921512,2.788519492169
    ));
#6219 = CARTESIAN_POINT('',(2.125001187334,1.625087910584,2.788519492169
    ));
#6220 = ORIENTED_EDGE('',*,*,#6221,.T.);
#6221 = EDGE_CURVE('',#6215,#6199,#6222,.T.);
#6222 = B_SPLINE_CURVE_WITH_KNOTS('',1,(#6223,#6224),.UNSPECIFIED.,.F.,
  .F.,(2,2),(-0.25,0.),.PIECEWISE_BEZIER_KNOTS.);
#6223 = CARTESIAN_POINT('',(2.125001187334,1.625087910584,2.788519492169
    ));
#6224 = CARTESIAN_POINT('',(2.125001198262,1.875087910584,2.788519514025
    ));
#6225 = PLANE('',#6226);
#6226 = AXIS2_PLACEMENT_3D('',#6227,#6228,#6229);
#6227 = CARTESIAN_POINT('',(2.135001198699,1.885087910147,2.788519514899
    ));
#6228 = DIRECTION('',(1.678841393868E-22,-8.742273394091E-08,1.));
#6229 = DIRECTION('',(4.371138828674E-08,1.,8.742273394091E-08));
#6230 = ADVANCED_FACE('',(#6231),#6253,.T.);
#6231 = FACE_BOUND('',#6232,.T.);
#6232 = EDGE_LOOP('',(#6233,#6242,#6247,#6248));
#6233 = ORIENTED_EDGE('',*,*,#6234,.T.);
#6234 = EDGE_CURVE('',#6235,#6237,#6239,.T.);
#6235 = VERTEX_POINT('',#6236);
#6236 = CARTESIAN_POINT('',(2.315001179014,1.434746075358,2.448519647391
    ));
#6237 = VERTEX_POINT('',#6238);
#6238 = CARTESIAN_POINT('',(2.315001206552,2.064746075488,2.448516190442
    ));
#6239 = B_SPLINE_CURVE_WITH_KNOTS('',1,(#6240,#6241),.UNSPECIFIED.,.F.,
  .F.,(2,2),(-0.63,1.110223024625E-16),.PIECEWISE_BEZIER_KNOTS.);
#6240 = CARTESIAN_POINT('',(2.315001179014,1.434746075358,2.448519647391
    ));
#6241 = CARTESIAN_POINT('',(2.315001206552,2.064746075488,2.448516190442
    ));
#6242 = ORIENTED_EDGE('',*,*,#6243,.T.);
#6243 = EDGE_CURVE('',#6237,#6199,#6244,.T.);
#6244 = B_SPLINE_CURVE_WITH_KNOTS('',1,(#6245,#6246),.UNSPECIFIED.,.F.,
  .F.,(2,2),(1.746717895362,2.179926960913),.PIECEWISE_BEZIER_KNOTS.);
#6245 = CARTESIAN_POINT('',(2.315001206552,2.064746075488,2.448516190442
    ));
#6246 = CARTESIAN_POINT('',(2.125001198262,1.875087910584,2.788519514025
    ));
#6247 = ORIENTED_EDGE('',*,*,#6221,.F.);
#6248 = ORIENTED_EDGE('',*,*,#6249,.T.);
#6249 = EDGE_CURVE('',#6215,#6235,#6250,.T.);
#6250 = B_SPLINE_CURVE_WITH_KNOTS('',1,(#6251,#6252),.UNSPECIFIED.,.F.,
  .F.,(2,2),(2.429926960913,2.863435790725),.PIECEWISE_BEZIER_KNOTS.);
#6251 = CARTESIAN_POINT('',(2.125001187334,1.625087910584,2.788519492169
    ));
#6252 = CARTESIAN_POINT('',(2.315001179014,1.434746075358,2.448519647391
    ));
#6253 = PLANE('',#6254);
#6254 = AXIS2_PLACEMENT_3D('',#6255,#6256,#6257);
#6255 = CARTESIAN_POINT('',(2.120122991534,2.07474605339,2.797248965251)
  );
#6256 = DIRECTION('',(0.872943377133,-8.080426009901E-08,0.487821545568)
  );
#6257 = DIRECTION('',(-0.487821545568,-5.49917396116E-08,0.872943377133)
  );
#6258 = ADVANCED_FACE('',(#6259),#6275,.T.);
#6259 = FACE_BOUND('',#6260,.T.);
#6260 = EDGE_LOOP('',(#6261,#6262,#6263,#6270));
#6261 = ORIENTED_EDGE('',*,*,#6198,.F.);
#6262 = ORIENTED_EDGE('',*,*,#6243,.F.);
#6263 = ORIENTED_EDGE('',*,*,#6264,.T.);
#6264 = EDGE_CURVE('',#6237,#6265,#6267,.T.);
#6265 = VERTEX_POINT('',#6266);
#6266 = CARTESIAN_POINT('',(1.685001206552,2.064746103026,2.448516190442
    ));
#6267 = B_SPLINE_CURVE_WITH_KNOTS('',1,(#6268,#6269),.UNSPECIFIED.,.F.,
  .F.,(2,2),(-11.15568452945,-10.52568452945),.PIECEWISE_BEZIER_KNOTS.);
#6268 = CARTESIAN_POINT('',(2.315001206552,2.064746075488,2.448516190442
    ));
#6269 = CARTESIAN_POINT('',(1.685001206552,2.064746103026,2.448516190442
    ));
#6270 = ORIENTED_EDGE('',*,*,#6271,.T.);
#6271 = EDGE_CURVE('',#6265,#6201,#6272,.T.);
#6272 = B_SPLINE_CURVE_WITH_KNOTS('',1,(#6273,#6274),.UNSPECIFIED.,.F.,
  .F.,(2,2),(-0.43320906555,0.),.PIECEWISE_BEZIER_KNOTS.);
#6273 = CARTESIAN_POINT('',(1.685001206552,2.064746103026,2.448516190442
    ));
#6274 = CARTESIAN_POINT('',(1.875001198262,1.875087921512,2.788519514025
    ));
#6275 = PLANE('',#6276);
#6276 = AXIS2_PLACEMENT_3D('',#6277,#6278,#6279);
#6277 = CARTESIAN_POINT('',(2.325001198049,1.870216378339,2.797252684054
    ));
#6278 = DIRECTION('',(3.81739004743E-08,0.873317002935,0.487152350281));
#6279 = DIRECTION('',(-2.129410220067E-08,-0.487152350281,0.873317002935
    ));
#6280 = ADVANCED_FACE('',(#6281),#6297,.T.);
#6281 = FACE_BOUND('',#6282,.T.);
#6282 = EDGE_LOOP('',(#6283,#6284,#6285,#6292));
#6283 = ORIENTED_EDGE('',*,*,#6207,.F.);
#6284 = ORIENTED_EDGE('',*,*,#6271,.F.);
#6285 = ORIENTED_EDGE('',*,*,#6286,.T.);
#6286 = EDGE_CURVE('',#6265,#6287,#6289,.T.);
#6287 = VERTEX_POINT('',#6288);
#6288 = CARTESIAN_POINT('',(1.685001179014,1.434746102896,2.448519647391
    ));
#6289 = B_SPLINE_CURVE_WITH_KNOTS('',1,(#6290,#6291),.UNSPECIFIED.,.F.,
  .F.,(2,2),(-1.89,-1.26),.PIECEWISE_BEZIER_KNOTS.);
#6290 = CARTESIAN_POINT('',(1.685001206552,2.064746103026,2.448516190442
    ));
#6291 = CARTESIAN_POINT('',(1.685001179014,1.434746102896,2.448519647391
    ));
#6292 = ORIENTED_EDGE('',*,*,#6293,.T.);
#6293 = EDGE_CURVE('',#6287,#6208,#6294,.T.);
#6294 = B_SPLINE_CURVE_WITH_KNOTS('',1,(#6295,#6296),.UNSPECIFIED.,.F.,
  .F.,(2,2),(1.81320906555,2.246717895362),.PIECEWISE_BEZIER_KNOTS.);
#6295 = CARTESIAN_POINT('',(1.685001179014,1.434746102896,2.448519647391
    ));
#6296 = CARTESIAN_POINT('',(1.875001187334,1.625087921512,2.788519492169
    ));
#6297 = PLANE('',#6298);
#6298 = AXIS2_PLACEMENT_3D('',#6299,#6300,#6301);
#6299 = CARTESIAN_POINT('',(1.680122991534,2.074746103873,2.43979026957)
  );
#6300 = DIRECTION('',(-0.872943377133,-4.489126254413E-09,0.487821545568
    ));
#6301 = DIRECTION('',(-0.487821545568,9.76384535975E-08,-0.872943377133)
  );
#6302 = ADVANCED_FACE('',(#6303),#6313,.T.);
#6303 = FACE_BOUND('',#6304,.T.);
#6304 = EDGE_LOOP('',(#6305,#6306,#6307,#6312));
#6305 = ORIENTED_EDGE('',*,*,#6214,.F.);
#6306 = ORIENTED_EDGE('',*,*,#6293,.F.);
#6307 = ORIENTED_EDGE('',*,*,#6308,.T.);
#6308 = EDGE_CURVE('',#6287,#6235,#6309,.T.);
#6309 = B_SPLINE_CURVE_WITH_KNOTS('',1,(#6310,#6311),.UNSPECIFIED.,.F.,
  .F.,(2,2),(-9.895684529456,-9.265684529456),.PIECEWISE_BEZIER_KNOTS.);
#6310 = CARTESIAN_POINT('',(1.685001179014,1.434746102896,2.448519647391
    ));
#6311 = CARTESIAN_POINT('',(2.315001179014,1.434746075358,2.448519647391
    ));
#6312 = ORIENTED_EDGE('',*,*,#6249,.F.);
#6313 = PLANE('',#6314);
#6314 = AXIS2_PLACEMENT_3D('',#6315,#6316,#6317);
#6315 = CARTESIAN_POINT('',(2.325001187548,1.62997280066,2.79724518776)
  );
#6316 = DIRECTION('',(-3.814122571123E-08,-0.872569559053,0.488489881794
    ));
#6317 = DIRECTION('',(-2.135257423164E-08,-0.488489881794,
    -0.872569559053));
#6318 = ADVANCED_FACE('',(#6319),#6349,.T.);
#6319 = FACE_BOUND('',#6320,.T.);
#6320 = EDGE_LOOP('',(#6321,#6330,#6337,#6344));
#6321 = ORIENTED_EDGE('',*,*,#6322,.T.);
#6322 = EDGE_CURVE('',#6323,#6325,#6327,.T.);
#6323 = VERTEX_POINT('',#6324);
#6324 = CARTESIAN_POINT('',(1.875001198252,1.874850480521,
    -9.907164661611));
#6325 = VERTEX_POINT('',#6326);
#6326 = CARTESIAN_POINT('',(1.685001206572,2.065191393374,-9.56716481685
    ));
#6327 = B_SPLINE_CURVE_WITH_KNOTS('',1,(#6328,#6329),.UNSPECIFIED.,.F.,
  .F.,(2,2),(-0.920226725174,-0.486717895362),.PIECEWISE_BEZIER_KNOTS.);
#6328 = CARTESIAN_POINT('',(1.875001198252,1.874850480521,
    -9.907164661611));
#6329 = CARTESIAN_POINT('',(1.685001206572,2.065191393374,-9.56716481685
    ));
#6330 = ORIENTED_EDGE('',*,*,#6331,.T.);
#6331 = EDGE_CURVE('',#6325,#6332,#6334,.T.);
#6332 = VERTEX_POINT('',#6333);
#6333 = CARTESIAN_POINT('',(2.315001206572,2.065191365836,-9.56716481685
    ));
#6334 = B_SPLINE_CURVE_WITH_KNOTS('',1,(#6335,#6336),.UNSPECIFIED.,.F.,
  .F.,(2,2),(-0.63,-6.245004513517E-17),.PIECEWISE_BEZIER_KNOTS.);
#6335 = CARTESIAN_POINT('',(1.685001206572,2.065191393374,-9.56716481685
    ));
#6336 = CARTESIAN_POINT('',(2.315001206572,2.065191365836,-9.56716481685
    ));
#6337 = ORIENTED_EDGE('',*,*,#6338,.T.);
#6338 = EDGE_CURVE('',#6332,#6339,#6341,.T.);
#6339 = VERTEX_POINT('',#6340);
#6340 = CARTESIAN_POINT('',(2.125001198252,1.874850469593,
    -9.907164661611));
#6341 = B_SPLINE_CURVE_WITH_KNOTS('',1,(#6342,#6343),.UNSPECIFIED.,.F.,
  .F.,(2,2),(-2.863435790725,-2.429926960913),.PIECEWISE_BEZIER_KNOTS.);
#6342 = CARTESIAN_POINT('',(2.315001206572,2.065191365836,-9.56716481685
    ));
#6343 = CARTESIAN_POINT('',(2.125001198252,1.874850469593,
    -9.907164661611));
#6344 = ORIENTED_EDGE('',*,*,#6345,.T.);
#6345 = EDGE_CURVE('',#6339,#6323,#6346,.T.);
#6346 = B_SPLINE_CURVE_WITH_KNOTS('',1,(#6347,#6348),.UNSPECIFIED.,.F.,
  .F.,(2,2),(0.25,0.5),.PIECEWISE_BEZIER_KNOTS.);
#6347 = CARTESIAN_POINT('',(2.125001198252,1.874850469593,
    -9.907164661611));
#6348 = CARTESIAN_POINT('',(1.875001198252,1.874850480521,
    -9.907164661611));
#6349 = PLANE('',#6350);
#6350 = AXIS2_PLACEMENT_3D('',#6351,#6352,#6353);
#6351 = CARTESIAN_POINT('',(2.325001198038,1.869965562033,
    -9.915890357202));
#6352 = DIRECTION('',(3.814122493623E-08,0.872569559053,-0.488489881794)
  );
#6353 = DIRECTION('',(2.135257423164E-08,0.488489881794,0.872569559053)
  );
#6354 = ADVANCED_FACE('',(#6355),#6377,.T.);
#6355 = FACE_BOUND('',#6356,.T.);
#6356 = EDGE_LOOP('',(#6357,#6366,#6371,#6372));
#6357 = ORIENTED_EDGE('',*,*,#6358,.T.);
#6358 = EDGE_CURVE('',#6359,#6361,#6363,.T.);
#6359 = VERTEX_POINT('',#6360);
#6360 = CARTESIAN_POINT('',(1.875001187324,1.624850480521,
    -9.907164683467));
#6361 = VERTEX_POINT('',#6362);
#6362 = CARTESIAN_POINT('',(1.685001179034,1.435191393374,
    -9.567164871934));
#6363 = B_SPLINE_CURVE_WITH_KNOTS('',1,(#6364,#6365),.UNSPECIFIED.,.F.,
  .F.,(2,2),(3.20320906555,3.636418131101),.PIECEWISE_BEZIER_KNOTS.);
#6364 = CARTESIAN_POINT('',(1.875001187324,1.624850480521,
    -9.907164683467));
#6365 = CARTESIAN_POINT('',(1.685001179034,1.435191393374,
    -9.567164871934));
#6366 = ORIENTED_EDGE('',*,*,#6367,.T.);
#6367 = EDGE_CURVE('',#6361,#6325,#6368,.T.);
#6368 = B_SPLINE_CURVE_WITH_KNOTS('',1,(#6369,#6370),.UNSPECIFIED.,.F.,
  .F.,(2,2),(-11.78568452945,-11.15568452945),.PIECEWISE_BEZIER_KNOTS.);
#6369 = CARTESIAN_POINT('',(1.685001179034,1.435191393374,
    -9.567164871934));
#6370 = CARTESIAN_POINT('',(1.685001206572,2.065191393374,-9.56716481685
    ));
#6371 = ORIENTED_EDGE('',*,*,#6322,.F.);
#6372 = ORIENTED_EDGE('',*,*,#6373,.T.);
#6373 = EDGE_CURVE('',#6323,#6359,#6374,.T.);
#6374 = B_SPLINE_CURVE_WITH_KNOTS('',1,(#6375,#6376),.UNSPECIFIED.,.F.,
  .F.,(2,2),(0.5,0.75),.PIECEWISE_BEZIER_KNOTS.);
#6375 = CARTESIAN_POINT('',(1.875001198252,1.874850480521,
    -9.907164661611));
#6376 = CARTESIAN_POINT('',(1.875001187324,1.624850480521,
    -9.907164683467));
#6377 = PLANE('',#6378);
#6378 = AXIS2_PLACEMENT_3D('',#6379,#6380,#6381);
#6379 = CARTESIAN_POINT('',(1.879879422465,2.075192337716,
    -9.915894077868));
#6380 = DIRECTION('',(-0.872943377133,8.080426050805E-08,-0.487821545568
    ));
#6381 = DIRECTION('',(0.487821545568,5.49917396116E-08,-0.872943377133)
  );
#6382 = ADVANCED_FACE('',(#6383),#6405,.T.);
#6383 = FACE_BOUND('',#6384,.T.);
#6384 = EDGE_LOOP('',(#6385,#6386,#6393,#6400));
#6385 = ORIENTED_EDGE('',*,*,#6358,.F.);
#6386 = ORIENTED_EDGE('',*,*,#6387,.T.);
#6387 = EDGE_CURVE('',#6359,#6388,#6390,.T.);
#6388 = VERTEX_POINT('',#6389);
#6389 = CARTESIAN_POINT('',(2.125001187324,1.624850469593,
    -9.907164683467));
#6390 = B_SPLINE_CURVE_WITH_KNOTS('',1,(#6391,#6392),.UNSPECIFIED.,.F.,
  .F.,(2,2),(0.75,1.),.PIECEWISE_BEZIER_KNOTS.);
#6391 = CARTESIAN_POINT('',(1.875001187324,1.624850480521,
    -9.907164683467));
#6392 = CARTESIAN_POINT('',(2.125001187324,1.624850469593,
    -9.907164683467));
#6393 = ORIENTED_EDGE('',*,*,#6394,.T.);
#6394 = EDGE_CURVE('',#6388,#6395,#6397,.T.);
#6395 = VERTEX_POINT('',#6396);
#6396 = CARTESIAN_POINT('',(2.315001179034,1.435191365836,
    -9.567164871934));
#6397 = B_SPLINE_CURVE_WITH_KNOTS('',1,(#6398,#6399),.UNSPECIFIED.,.F.,
  .F.,(2,2),(-2.179926960913,-1.746717895362),.PIECEWISE_BEZIER_KNOTS.);
#6398 = CARTESIAN_POINT('',(2.125001187324,1.624850469593,
    -9.907164683467));
#6399 = CARTESIAN_POINT('',(2.315001179034,1.435191365836,
    -9.567164871934));
#6400 = ORIENTED_EDGE('',*,*,#6401,.T.);
#6401 = EDGE_CURVE('',#6395,#6361,#6402,.T.);
#6402 = B_SPLINE_CURVE_WITH_KNOTS('',1,(#6403,#6404),.UNSPECIFIED.,.F.,
  .F.,(2,2),(-19.79136905891,-19.16136905891),.PIECEWISE_BEZIER_KNOTS.);
#6403 = CARTESIAN_POINT('',(2.315001179034,1.435191365836,
    -9.567164871934));
#6404 = CARTESIAN_POINT('',(1.685001179034,1.435191393374,
    -9.567164871934));
#6405 = PLANE('',#6406);
#6406 = AXIS2_PLACEMENT_3D('',#6407,#6408,#6409);
#6407 = CARTESIAN_POINT('',(2.325001187537,1.629721984354,
    -9.915897853496));
#6408 = DIRECTION('',(-3.81739004743E-08,-0.873317002935,-0.487152350281
    ));
#6409 = DIRECTION('',(2.129410220067E-08,0.487152350281,-0.873317002935)
  );
#6410 = ADVANCED_FACE('',(#6411),#6425,.T.);
#6411 = FACE_BOUND('',#6412,.T.);
#6412 = EDGE_LOOP('',(#6413,#6418,#6419,#6424));
#6413 = ORIENTED_EDGE('',*,*,#6414,.T.);
#6414 = EDGE_CURVE('',#6332,#6395,#6415,.T.);
#6415 = B_SPLINE_CURVE_WITH_KNOTS('',1,(#6416,#6417),.UNSPECIFIED.,.F.,
  .F.,(2,2),(9.265684529456,9.895684529456),.PIECEWISE_BEZIER_KNOTS.);
#6416 = CARTESIAN_POINT('',(2.315001206572,2.065191365836,-9.56716481685
    ));
#6417 = CARTESIAN_POINT('',(2.315001179034,1.435191365836,
    -9.567164871934));
#6418 = ORIENTED_EDGE('',*,*,#6394,.F.);
#6419 = ORIENTED_EDGE('',*,*,#6420,.T.);
#6420 = EDGE_CURVE('',#6388,#6339,#6421,.T.);
#6421 = B_SPLINE_CURVE_WITH_KNOTS('',1,(#6422,#6423),.UNSPECIFIED.,.F.,
  .F.,(2,2),(1.,1.25),.PIECEWISE_BEZIER_KNOTS.);
#6422 = CARTESIAN_POINT('',(2.125001187324,1.624850469593,
    -9.907164683467));
#6423 = CARTESIAN_POINT('',(2.125001198252,1.874850469593,
    -9.907164661611));
#6424 = ORIENTED_EDGE('',*,*,#6338,.F.);
#6425 = PLANE('',#6426);
#6426 = AXIS2_PLACEMENT_3D('',#6427,#6428,#6429);
#6427 = CARTESIAN_POINT('',(2.319879422465,2.075192287233,
    -9.558435382187));
#6428 = DIRECTION('',(0.872943377133,4.4891266998E-09,-0.487821545568));
#6429 = DIRECTION('',(0.487821545568,-9.76384535975E-08,0.872943377133)
  );
#6430 = ADVANCED_FACE('',(#6431),#6437,.T.);
#6431 = FACE_BOUND('',#6432,.T.);
#6432 = EDGE_LOOP('',(#6433,#6434,#6435,#6436));
#6433 = ORIENTED_EDGE('',*,*,#6420,.F.);
#6434 = ORIENTED_EDGE('',*,*,#6387,.F.);
#6435 = ORIENTED_EDGE('',*,*,#6373,.F.);
#6436 = ORIENTED_EDGE('',*,*,#6345,.F.);
#6437 = PLANE('',#6438);
#6438 = AXIS2_PLACEMENT_3D('',#6439,#6440,#6441);
#6439 = CARTESIAN_POINT('',(1.865001198689,1.884850480958,
    -9.907164660737));
#6440 = DIRECTION('',(-1.678841393868E-22,8.742273394091E-08,-1.));
#6441 = DIRECTION('',(-4.371138828674E-08,-1.,-8.742273394091E-08));
#6442 = ADVANCED_FACE('',(#6443),#6457,.T.);
#6443 = FACE_BOUND('',#6444,.T.);
#6444 = EDGE_LOOP('',(#6445,#6446,#6451,#6452));
#6445 = ORIENTED_EDGE('',*,*,#6331,.F.);
#6446 = ORIENTED_EDGE('',*,*,#6447,.T.);
#6447 = EDGE_CURVE('',#6325,#6265,#6448,.T.);
#6448 = B_SPLINE_CURVE_WITH_KNOTS('',1,(#6449,#6450),.UNSPECIFIED.,.F.,
  .F.,(2,2),(1.298402239652,10.525684529456),.PIECEWISE_BEZIER_KNOTS.);
#6449 = CARTESIAN_POINT('',(1.685001206572,2.065191393374,-9.56716481685
    ));
#6450 = CARTESIAN_POINT('',(1.685001206552,2.064746103026,2.448516190442
    ));
#6451 = ORIENTED_EDGE('',*,*,#6264,.F.);
#6452 = ORIENTED_EDGE('',*,*,#6453,.T.);
#6453 = EDGE_CURVE('',#6237,#6332,#6454,.T.);
#6454 = B_SPLINE_CURVE_WITH_KNOTS('',1,(#6455,#6456),.UNSPECIFIED.,.F.,
  .F.,(2,2),(11.155684529456,20.382966819261),.PIECEWISE_BEZIER_KNOTS.);
#6455 = CARTESIAN_POINT('',(2.315001206552,2.064746075488,2.448516190442
    ));
#6456 = CARTESIAN_POINT('',(2.315001206572,2.065191365836,-9.56716481685
    ));
#6457 = PLANE('',#6458);
#6458 = AXIS2_PLACEMENT_3D('',#6459,#6460,#6461);
#6459 = CARTESIAN_POINT('',(2.325001206572,2.065196754575,
    -9.737828686075));
#6460 = DIRECTION('',(4.371138914515E-08,0.999999999316,
    3.698233790134E-05));
#6461 = DIRECTION('',(-1.612727962523E-12,-3.698233790134E-05,
    0.999999999316));
#6462 = ADVANCED_FACE('',(#6463),#6473,.T.);
#6463 = FACE_BOUND('',#6464,.T.);
#6464 = EDGE_LOOP('',(#6465,#6466,#6471,#6472));
#6465 = ORIENTED_EDGE('',*,*,#6367,.F.);
#6466 = ORIENTED_EDGE('',*,*,#6467,.T.);
#6467 = EDGE_CURVE('',#6361,#6287,#6468,.T.);
#6468 = B_SPLINE_CURVE_WITH_KNOTS('',1,(#6469,#6470),.UNSPECIFIED.,.F.,
  .F.,(2,2),(-19.12297221328,-9.895684529456),.PIECEWISE_BEZIER_KNOTS.);
#6469 = CARTESIAN_POINT('',(1.685001179034,1.435191393374,
    -9.567164871934));
#6470 = CARTESIAN_POINT('',(1.685001179014,1.434746102896,2.448519647391
    ));
#6471 = ORIENTED_EDGE('',*,*,#6286,.F.);
#6472 = ORIENTED_EDGE('',*,*,#6447,.F.);
#6473 = B_SPLINE_SURFACE_WITH_KNOTS('',1,1,(
    (#6474,#6475)
    ,(#6476,#6477
    )),.UNSPECIFIED.,.F.,.F.,.F.,(2,2),(2,2),(-0.640341856645,1.E-02),(
    -9.358341368381,9.26568452315E-02),.PIECEWISE_BEZIER_KNOTS.);
#6474 = CARTESIAN_POINT('',(1.685001207009,2.075193363988,
    -9.737828796656));
#6475 = CARTESIAN_POINT('',(1.685001207004,2.075086916199,2.569169409172
    ));
#6476 = CARTESIAN_POINT('',(1.685001178582,1.424851507075,
    -9.737821602664));
#6477 = CARTESIAN_POINT('',(1.685001178577,1.424745059286,2.569176603164
    ));
#6478 = ADVANCED_FACE('',(#6479),#6489,.T.);
#6479 = FACE_BOUND('',#6480,.T.);
#6480 = EDGE_LOOP('',(#6481,#6486,#6487,#6488));
#6481 = ORIENTED_EDGE('',*,*,#6482,.T.);
#6482 = EDGE_CURVE('',#6395,#6235,#6483,.T.);
#6483 = B_SPLINE_CURVE_WITH_KNOTS('',1,(#6484,#6485),.UNSPECIFIED.,.F.,
  .F.,(2,2),(3.839684562444E-02,9.265684529456),
  .PIECEWISE_BEZIER_KNOTS.);
#6484 = CARTESIAN_POINT('',(2.315001179034,1.435191365836,
    -9.567164871934));
#6485 = CARTESIAN_POINT('',(2.315001179014,1.434746075358,2.448519647391
    ));
#6486 = ORIENTED_EDGE('',*,*,#6308,.F.);
#6487 = ORIENTED_EDGE('',*,*,#6467,.F.);
#6488 = ORIENTED_EDGE('',*,*,#6401,.F.);
#6489 = PLANE('',#6490);
#6490 = AXIS2_PLACEMENT_3D('',#6491,#6492,#6493);
#6491 = CARTESIAN_POINT('',(2.325001179014,1.434741612749,2.569176492584
    ));
#6492 = DIRECTION('',(-4.371138736884E-08,-0.999999999316,
    -3.698233790109E-05));
#6493 = DIRECTION('',(1.612727962512E-12,3.698233790109E-05,
    -0.999999999316));
#6494 = ADVANCED_FACE('',(#6495),#6501,.T.);
#6495 = FACE_BOUND('',#6496,.T.);
#6496 = EDGE_LOOP('',(#6497,#6498,#6499,#6500));
#6497 = ORIENTED_EDGE('',*,*,#6453,.F.);
#6498 = ORIENTED_EDGE('',*,*,#6234,.F.);
#6499 = ORIENTED_EDGE('',*,*,#6482,.F.);
#6500 = ORIENTED_EDGE('',*,*,#6414,.F.);
#6501 = B_SPLINE_SURFACE_WITH_KNOTS('',1,1,(
    (#6502,#6503)
    ,(#6504,#6505
    )),.UNSPECIFIED.,.F.,.F.,.F.,(2,2),(2,2),(-9.358341368381,
    9.26568452315E-02),(-0.640341856645,1.E-02),
  .PIECEWISE_BEZIER_KNOTS.);
#6502 = CARTESIAN_POINT('',(2.315001207009,2.07519333645,-9.737828796656
    ));
#6503 = CARTESIAN_POINT('',(2.315001178582,1.424851479537,
    -9.737821602664));
#6504 = CARTESIAN_POINT('',(2.315001207004,2.075086888661,2.569169409172
    ));
#6505 = CARTESIAN_POINT('',(2.315001178577,1.424745031748,2.569176603164
    ));
#6506 = MANIFOLD_SOLID_BREP('',#6507);
#6507 = CLOSED_SHELL('',(#6508,#6544,#6572,#6594,#6616,#6632,#6668,#6696
    ,#6724,#6744,#6756,#6776,#6792,#6808));
#6508 = ADVANCED_FACE('',(#6509),#6539,.T.);
#6509 = FACE_BOUND('',#6510,.T.);
#6510 = EDGE_LOOP('',(#6511,#6520,#6527,#6534));
#6511 = ORIENTED_EDGE('',*,*,#6512,.T.);
#6512 = EDGE_CURVE('',#6513,#6515,#6517,.T.);
#6513 = VERTEX_POINT('',#6514);
#6514 = CARTESIAN_POINT('',(2.125001309289,4.415087910584,2.788519736078
    ));
#6515 = VERTEX_POINT('',#6516);
#6516 = CARTESIAN_POINT('',(1.875001309289,4.415087921512,2.788519736078
    ));
#6517 = B_SPLINE_CURVE_WITH_KNOTS('',1,(#6518,#6519),.UNSPECIFIED.,.F.,
  .F.,(2,2),(-1.,-0.75),.PIECEWISE_BEZIER_KNOTS.);
#6518 = CARTESIAN_POINT('',(2.125001309289,4.415087910584,2.788519736078
    ));
#6519 = CARTESIAN_POINT('',(1.875001309289,4.415087921512,2.788519736078
    ));
#6520 = ORIENTED_EDGE('',*,*,#6521,.T.);
#6521 = EDGE_CURVE('',#6515,#6522,#6524,.T.);
#6522 = VERTEX_POINT('',#6523);
#6523 = CARTESIAN_POINT('',(1.875001298361,4.165087921512,2.788519714223
    ));
#6524 = B_SPLINE_CURVE_WITH_KNOTS('',1,(#6525,#6526),.UNSPECIFIED.,.F.,
  .F.,(2,2),(-0.75,-0.5),.PIECEWISE_BEZIER_KNOTS.);
#6525 = CARTESIAN_POINT('',(1.875001309289,4.415087921512,2.788519736078
    ));
#6526 = CARTESIAN_POINT('',(1.875001298361,4.165087921512,2.788519714223
    ));
#6527 = ORIENTED_EDGE('',*,*,#6528,.T.);
#6528 = EDGE_CURVE('',#6522,#6529,#6531,.T.);
#6529 = VERTEX_POINT('',#6530);
#6530 = CARTESIAN_POINT('',(2.125001298361,4.165087910584,2.788519714223
    ));
#6531 = B_SPLINE_CURVE_WITH_KNOTS('',1,(#6532,#6533),.UNSPECIFIED.,.F.,
  .F.,(2,2),(-0.5,-0.25),.PIECEWISE_BEZIER_KNOTS.);
#6532 = CARTESIAN_POINT('',(1.875001298361,4.165087921512,2.788519714223
    ));
#6533 = CARTESIAN_POINT('',(2.125001298361,4.165087910584,2.788519714223
    ));
#6534 = ORIENTED_EDGE('',*,*,#6535,.T.);
#6535 = EDGE_CURVE('',#6529,#6513,#6536,.T.);
#6536 = B_SPLINE_CURVE_WITH_KNOTS('',1,(#6537,#6538),.UNSPECIFIED.,.F.,
  .F.,(2,2),(-0.25,0.),.PIECEWISE_BEZIER_KNOTS.);
#6537 = CARTESIAN_POINT('',(2.125001298361,4.165087910584,2.788519714223
    ));
#6538 = CARTESIAN_POINT('',(2.125001309289,4.415087910584,2.788519736078
    ));
#6539 = PLANE('',#6540);
#6540 = AXIS2_PLACEMENT_3D('',#6541,#6542,#6543);
#6541 = CARTESIAN_POINT('',(2.135001309726,4.425087910147,2.788519736953
    ));
#6542 = DIRECTION('',(1.678841393868E-22,-8.742273394091E-08,1.));
#6543 = DIRECTION('',(4.371138828674E-08,1.,8.742273394091E-08));
#6544 = ADVANCED_FACE('',(#6545),#6567,.T.);
#6545 = FACE_BOUND('',#6546,.T.);
#6546 = EDGE_LOOP('',(#6547,#6556,#6561,#6562));
#6547 = ORIENTED_EDGE('',*,*,#6548,.T.);
#6548 = EDGE_CURVE('',#6549,#6551,#6553,.T.);
#6549 = VERTEX_POINT('',#6550);
#6550 = CARTESIAN_POINT('',(2.315001290041,3.974746075358,2.448519869444
    ));
#6551 = VERTEX_POINT('',#6552);
#6552 = CARTESIAN_POINT('',(2.315001317579,4.604746075488,2.448516412496
    ));
#6553 = B_SPLINE_CURVE_WITH_KNOTS('',1,(#6554,#6555),.UNSPECIFIED.,.F.,
  .F.,(2,2),(-0.63,1.110223024625E-16),.PIECEWISE_BEZIER_KNOTS.);
#6554 = CARTESIAN_POINT('',(2.315001290041,3.974746075358,2.448519869444
    ));
#6555 = CARTESIAN_POINT('',(2.315001317579,4.604746075488,2.448516412496
    ));
#6556 = ORIENTED_EDGE('',*,*,#6557,.T.);
#6557 = EDGE_CURVE('',#6551,#6513,#6558,.T.);
#6558 = B_SPLINE_CURVE_WITH_KNOTS('',1,(#6559,#6560),.UNSPECIFIED.,.F.,
  .F.,(2,2),(1.746717895362,2.179926960913),.PIECEWISE_BEZIER_KNOTS.);
#6559 = CARTESIAN_POINT('',(2.315001317579,4.604746075488,2.448516412496
    ));
#6560 = CARTESIAN_POINT('',(2.125001309289,4.415087910584,2.788519736078
    ));
#6561 = ORIENTED_EDGE('',*,*,#6535,.F.);
#6562 = ORIENTED_EDGE('',*,*,#6563,.T.);
#6563 = EDGE_CURVE('',#6529,#6549,#6564,.T.);
#6564 = B_SPLINE_CURVE_WITH_KNOTS('',1,(#6565,#6566),.UNSPECIFIED.,.F.,
  .F.,(2,2),(2.429926960913,2.863435790725),.PIECEWISE_BEZIER_KNOTS.);
#6565 = CARTESIAN_POINT('',(2.125001298361,4.165087910584,2.788519714223
    ));
#6566 = CARTESIAN_POINT('',(2.315001290041,3.974746075358,2.448519869444
    ));
#6567 = PLANE('',#6568);
#6568 = AXIS2_PLACEMENT_3D('',#6569,#6570,#6571);
#6569 = CARTESIAN_POINT('',(2.120123102561,4.61474605339,2.797249187304)
  );
#6570 = DIRECTION('',(0.872943377133,-8.080426009901E-08,0.487821545568)
  );
#6571 = DIRECTION('',(-0.487821545568,-5.49917396116E-08,0.872943377133)
  );
#6572 = ADVANCED_FACE('',(#6573),#6589,.T.);
#6573 = FACE_BOUND('',#6574,.T.);
#6574 = EDGE_LOOP('',(#6575,#6576,#6577,#6584));
#6575 = ORIENTED_EDGE('',*,*,#6512,.F.);
#6576 = ORIENTED_EDGE('',*,*,#6557,.F.);
#6577 = ORIENTED_EDGE('',*,*,#6578,.T.);
#6578 = EDGE_CURVE('',#6551,#6579,#6581,.T.);
#6579 = VERTEX_POINT('',#6580);
#6580 = CARTESIAN_POINT('',(1.685001317579,4.604746103026,2.448516412496
    ));
#6581 = B_SPLINE_CURVE_WITH_KNOTS('',1,(#6582,#6583),.UNSPECIFIED.,.F.,
  .F.,(2,2),(-11.15568452945,-10.52568452945),.PIECEWISE_BEZIER_KNOTS.);
#6582 = CARTESIAN_POINT('',(2.315001317579,4.604746075488,2.448516412496
    ));
#6583 = CARTESIAN_POINT('',(1.685001317579,4.604746103026,2.448516412496
    ));
#6584 = ORIENTED_EDGE('',*,*,#6585,.T.);
#6585 = EDGE_CURVE('',#6579,#6515,#6586,.T.);
#6586 = B_SPLINE_CURVE_WITH_KNOTS('',1,(#6587,#6588),.UNSPECIFIED.,.F.,
  .F.,(2,2),(-0.43320906555,0.),.PIECEWISE_BEZIER_KNOTS.);
#6587 = CARTESIAN_POINT('',(1.685001317579,4.604746103026,2.448516412496
    ));
#6588 = CARTESIAN_POINT('',(1.875001309289,4.415087921512,2.788519736078
    ));
#6589 = PLANE('',#6590);
#6590 = AXIS2_PLACEMENT_3D('',#6591,#6592,#6593);
#6591 = CARTESIAN_POINT('',(2.325001309076,4.410216378339,2.797252906108
    ));
#6592 = DIRECTION('',(3.81739004743E-08,0.873317002935,0.487152350281));
#6593 = DIRECTION('',(-2.129410220067E-08,-0.487152350281,0.873317002935
    ));
#6594 = ADVANCED_FACE('',(#6595),#6611,.T.);
#6595 = FACE_BOUND('',#6596,.T.);
#6596 = EDGE_LOOP('',(#6597,#6598,#6599,#6606));
#6597 = ORIENTED_EDGE('',*,*,#6521,.F.);
#6598 = ORIENTED_EDGE('',*,*,#6585,.F.);
#6599 = ORIENTED_EDGE('',*,*,#6600,.T.);
#6600 = EDGE_CURVE('',#6579,#6601,#6603,.T.);
#6601 = VERTEX_POINT('',#6602);
#6602 = CARTESIAN_POINT('',(1.685001290041,3.974746102896,2.448519869444
    ));
#6603 = B_SPLINE_CURVE_WITH_KNOTS('',1,(#6604,#6605),.UNSPECIFIED.,.F.,
  .F.,(2,2),(-1.89,-1.26),.PIECEWISE_BEZIER_KNOTS.);
#6604 = CARTESIAN_POINT('',(1.685001317579,4.604746103026,2.448516412496
    ));
#6605 = CARTESIAN_POINT('',(1.685001290041,3.974746102896,2.448519869444
    ));
#6606 = ORIENTED_EDGE('',*,*,#6607,.T.);
#6607 = EDGE_CURVE('',#6601,#6522,#6608,.T.);
#6608 = B_SPLINE_CURVE_WITH_KNOTS('',1,(#6609,#6610),.UNSPECIFIED.,.F.,
  .F.,(2,2),(1.81320906555,2.246717895362),.PIECEWISE_BEZIER_KNOTS.);
#6609 = CARTESIAN_POINT('',(1.685001290041,3.974746102896,2.448519869444
    ));
#6610 = CARTESIAN_POINT('',(1.875001298361,4.165087921512,2.788519714223
    ));
#6611 = PLANE('',#6612);
#6612 = AXIS2_PLACEMENT_3D('',#6613,#6614,#6615);
#6613 = CARTESIAN_POINT('',(1.680123102561,4.614746103873,2.439790491624
    ));
#6614 = DIRECTION('',(-0.872943377133,-4.489126254413E-09,0.487821545568
    ));
#6615 = DIRECTION('',(-0.487821545568,9.76384535975E-08,-0.872943377133)
  );
#6616 = ADVANCED_FACE('',(#6617),#6627,.T.);
#6617 = FACE_BOUND('',#6618,.T.);
#6618 = EDGE_LOOP('',(#6619,#6620,#6621,#6626));
#6619 = ORIENTED_EDGE('',*,*,#6528,.F.);
#6620 = ORIENTED_EDGE('',*,*,#6607,.F.);
#6621 = ORIENTED_EDGE('',*,*,#6622,.T.);
#6622 = EDGE_CURVE('',#6601,#6549,#6623,.T.);
#6623 = B_SPLINE_CURVE_WITH_KNOTS('',1,(#6624,#6625),.UNSPECIFIED.,.F.,
  .F.,(2,2),(-9.895684529456,-9.265684529456),.PIECEWISE_BEZIER_KNOTS.);
#6624 = CARTESIAN_POINT('',(1.685001290041,3.974746102896,2.448519869444
    ));
#6625 = CARTESIAN_POINT('',(2.315001290041,3.974746075358,2.448519869444
    ));
#6626 = ORIENTED_EDGE('',*,*,#6563,.F.);
#6627 = PLANE('',#6628);
#6628 = AXIS2_PLACEMENT_3D('',#6629,#6630,#6631);
#6629 = CARTESIAN_POINT('',(2.325001298575,4.16997280066,2.797245409813)
  );
#6630 = DIRECTION('',(-3.814122493623E-08,-0.872569559053,0.488489881794
    ));
#6631 = DIRECTION('',(-2.135257423164E-08,-0.488489881794,
    -0.872569559053));
#6632 = ADVANCED_FACE('',(#6633),#6663,.T.);
#6633 = FACE_BOUND('',#6634,.T.);
#6634 = EDGE_LOOP('',(#6635,#6644,#6651,#6658));
#6635 = ORIENTED_EDGE('',*,*,#6636,.T.);
#6636 = EDGE_CURVE('',#6637,#6639,#6641,.T.);
#6637 = VERTEX_POINT('',#6638);
#6638 = CARTESIAN_POINT('',(1.875001309279,4.414850480521,
    -9.907164439557));
#6639 = VERTEX_POINT('',#6640);
#6640 = CARTESIAN_POINT('',(1.685001317599,4.605191393374,
    -9.567164594796));
#6641 = B_SPLINE_CURVE_WITH_KNOTS('',1,(#6642,#6643),.UNSPECIFIED.,.F.,
  .F.,(2,2),(-0.920226725174,-0.486717895362),.PIECEWISE_BEZIER_KNOTS.);
#6642 = CARTESIAN_POINT('',(1.875001309279,4.414850480521,
    -9.907164439557));
#6643 = CARTESIAN_POINT('',(1.685001317599,4.605191393374,
    -9.567164594796));
#6644 = ORIENTED_EDGE('',*,*,#6645,.T.);
#6645 = EDGE_CURVE('',#6639,#6646,#6648,.T.);
#6646 = VERTEX_POINT('',#6647);
#6647 = CARTESIAN_POINT('',(2.315001317599,4.605191365836,
    -9.567164594796));
#6648 = B_SPLINE_CURVE_WITH_KNOTS('',1,(#6649,#6650),.UNSPECIFIED.,.F.,
  .F.,(2,2),(-0.63,-6.245004513517E-17),.PIECEWISE_BEZIER_KNOTS.);
#6649 = CARTESIAN_POINT('',(1.685001317599,4.605191393374,
    -9.567164594796));
#6650 = CARTESIAN_POINT('',(2.315001317599,4.605191365836,
    -9.567164594796));
#6651 = ORIENTED_EDGE('',*,*,#6652,.T.);
#6652 = EDGE_CURVE('',#6646,#6653,#6655,.T.);
#6653 = VERTEX_POINT('',#6654);
#6654 = CARTESIAN_POINT('',(2.125001309279,4.414850469593,
    -9.907164439557));
#6655 = B_SPLINE_CURVE_WITH_KNOTS('',1,(#6656,#6657),.UNSPECIFIED.,.F.,
  .F.,(2,2),(-2.863435790725,-2.429926960913),.PIECEWISE_BEZIER_KNOTS.);
#6656 = CARTESIAN_POINT('',(2.315001317599,4.605191365836,
    -9.567164594796));
#6657 = CARTESIAN_POINT('',(2.125001309279,4.414850469593,
    -9.907164439557));
#6658 = ORIENTED_EDGE('',*,*,#6659,.T.);
#6659 = EDGE_CURVE('',#6653,#6637,#6660,.T.);
#6660 = B_SPLINE_CURVE_WITH_KNOTS('',1,(#6661,#6662),.UNSPECIFIED.,.F.,
  .F.,(2,2),(0.25,0.5),.PIECEWISE_BEZIER_KNOTS.);
#6661 = CARTESIAN_POINT('',(2.125001309279,4.414850469593,
    -9.907164439557));
#6662 = CARTESIAN_POINT('',(1.875001309279,4.414850480521,
    -9.907164439557));
#6663 = PLANE('',#6664);
#6664 = AXIS2_PLACEMENT_3D('',#6665,#6666,#6667);
#6665 = CARTESIAN_POINT('',(2.325001309065,4.409965562033,
    -9.915890135148));
#6666 = DIRECTION('',(3.814122454874E-08,0.872569559053,-0.488489881794)
  );
#6667 = DIRECTION('',(2.135257423164E-08,0.488489881794,0.872569559053)
  );
#6668 = ADVANCED_FACE('',(#6669),#6691,.T.);
#6669 = FACE_BOUND('',#6670,.T.);
#6670 = EDGE_LOOP('',(#6671,#6680,#6685,#6686));
#6671 = ORIENTED_EDGE('',*,*,#6672,.T.);
#6672 = EDGE_CURVE('',#6673,#6675,#6677,.T.);
#6673 = VERTEX_POINT('',#6674);
#6674 = CARTESIAN_POINT('',(1.875001298351,4.164850480521,
    -9.907164461413));
#6675 = VERTEX_POINT('',#6676);
#6676 = CARTESIAN_POINT('',(1.68500129006,3.975191393374,-9.567164649881
    ));
#6677 = B_SPLINE_CURVE_WITH_KNOTS('',1,(#6678,#6679),.UNSPECIFIED.,.F.,
  .F.,(2,2),(3.20320906555,3.636418131101),.PIECEWISE_BEZIER_KNOTS.);
#6678 = CARTESIAN_POINT('',(1.875001298351,4.164850480521,
    -9.907164461413));
#6679 = CARTESIAN_POINT('',(1.68500129006,3.975191393374,-9.567164649881
    ));
#6680 = ORIENTED_EDGE('',*,*,#6681,.T.);
#6681 = EDGE_CURVE('',#6675,#6639,#6682,.T.);
#6682 = B_SPLINE_CURVE_WITH_KNOTS('',1,(#6683,#6684),.UNSPECIFIED.,.F.,
  .F.,(2,2),(-11.78568452945,-11.15568452945),.PIECEWISE_BEZIER_KNOTS.);
#6683 = CARTESIAN_POINT('',(1.68500129006,3.975191393374,-9.567164649881
    ));
#6684 = CARTESIAN_POINT('',(1.685001317599,4.605191393374,
    -9.567164594796));
#6685 = ORIENTED_EDGE('',*,*,#6636,.F.);
#6686 = ORIENTED_EDGE('',*,*,#6687,.T.);
#6687 = EDGE_CURVE('',#6637,#6673,#6688,.T.);
#6688 = B_SPLINE_CURVE_WITH_KNOTS('',1,(#6689,#6690),.UNSPECIFIED.,.F.,
  .F.,(2,2),(0.5,0.75),.PIECEWISE_BEZIER_KNOTS.);
#6689 = CARTESIAN_POINT('',(1.875001309279,4.414850480521,
    -9.907164439557));
#6690 = CARTESIAN_POINT('',(1.875001298351,4.164850480521,
    -9.907164461413));
#6691 = PLANE('',#6692);
#6692 = AXIS2_PLACEMENT_3D('',#6693,#6694,#6695);
#6693 = CARTESIAN_POINT('',(1.879879533491,4.615192337716,
    -9.915893855814));
#6694 = DIRECTION('',(-0.872943377133,8.080426050805E-08,-0.487821545568
    ));
#6695 = DIRECTION('',(0.487821545568,5.49917396116E-08,-0.872943377133)
  );
#6696 = ADVANCED_FACE('',(#6697),#6719,.T.);
#6697 = FACE_BOUND('',#6698,.T.);
#6698 = EDGE_LOOP('',(#6699,#6700,#6707,#6714));
#6699 = ORIENTED_EDGE('',*,*,#6672,.F.);
#6700 = ORIENTED_EDGE('',*,*,#6701,.T.);
#6701 = EDGE_CURVE('',#6673,#6702,#6704,.T.);
#6702 = VERTEX_POINT('',#6703);
#6703 = CARTESIAN_POINT('',(2.125001298351,4.164850469593,
    -9.907164461413));
#6704 = B_SPLINE_CURVE_WITH_KNOTS('',1,(#6705,#6706),.UNSPECIFIED.,.F.,
  .F.,(2,2),(0.75,1.),.PIECEWISE_BEZIER_KNOTS.);
#6705 = CARTESIAN_POINT('',(1.875001298351,4.164850480521,
    -9.907164461413));
#6706 = CARTESIAN_POINT('',(2.125001298351,4.164850469593,
    -9.907164461413));
#6707 = ORIENTED_EDGE('',*,*,#6708,.T.);
#6708 = EDGE_CURVE('',#6702,#6709,#6711,.T.);
#6709 = VERTEX_POINT('',#6710);
#6710 = CARTESIAN_POINT('',(2.31500129006,3.975191365836,-9.567164649881
    ));
#6711 = B_SPLINE_CURVE_WITH_KNOTS('',1,(#6712,#6713),.UNSPECIFIED.,.F.,
  .F.,(2,2),(-2.179926960913,-1.746717895362),.PIECEWISE_BEZIER_KNOTS.);
#6712 = CARTESIAN_POINT('',(2.125001298351,4.164850469593,
    -9.907164461413));
#6713 = CARTESIAN_POINT('',(2.31500129006,3.975191365836,-9.567164649881
    ));
#6714 = ORIENTED_EDGE('',*,*,#6715,.T.);
#6715 = EDGE_CURVE('',#6709,#6675,#6716,.T.);
#6716 = B_SPLINE_CURVE_WITH_KNOTS('',1,(#6717,#6718),.UNSPECIFIED.,.F.,
  .F.,(2,2),(-19.79136905891,-19.16136905891),.PIECEWISE_BEZIER_KNOTS.);
#6717 = CARTESIAN_POINT('',(2.31500129006,3.975191365836,-9.567164649881
    ));
#6718 = CARTESIAN_POINT('',(1.68500129006,3.975191393374,-9.567164649881
    ));
#6719 = PLANE('',#6720);
#6720 = AXIS2_PLACEMENT_3D('',#6721,#6722,#6723);
#6721 = CARTESIAN_POINT('',(2.325001298564,4.169721984354,
    -9.915897631442));
#6722 = DIRECTION('',(-3.81739004743E-08,-0.873317002935,-0.487152350281
    ));
#6723 = DIRECTION('',(2.129410220067E-08,0.487152350281,-0.873317002935)
  );
#6724 = ADVANCED_FACE('',(#6725),#6739,.T.);
#6725 = FACE_BOUND('',#6726,.T.);
#6726 = EDGE_LOOP('',(#6727,#6732,#6733,#6738));
#6727 = ORIENTED_EDGE('',*,*,#6728,.T.);
#6728 = EDGE_CURVE('',#6646,#6709,#6729,.T.);
#6729 = B_SPLINE_CURVE_WITH_KNOTS('',1,(#6730,#6731),.UNSPECIFIED.,.F.,
  .F.,(2,2),(9.265684529456,9.895684529456),.PIECEWISE_BEZIER_KNOTS.);
#6730 = CARTESIAN_POINT('',(2.315001317599,4.605191365836,
    -9.567164594796));
#6731 = CARTESIAN_POINT('',(2.31500129006,3.975191365836,-9.567164649881
    ));
#6732 = ORIENTED_EDGE('',*,*,#6708,.F.);
#6733 = ORIENTED_EDGE('',*,*,#6734,.T.);
#6734 = EDGE_CURVE('',#6702,#6653,#6735,.T.);
#6735 = B_SPLINE_CURVE_WITH_KNOTS('',1,(#6736,#6737),.UNSPECIFIED.,.F.,
  .F.,(2,2),(1.,1.25),.PIECEWISE_BEZIER_KNOTS.);
#6736 = CARTESIAN_POINT('',(2.125001298351,4.164850469593,
    -9.907164461413));
#6737 = CARTESIAN_POINT('',(2.125001309279,4.414850469593,
    -9.907164439557));
#6738 = ORIENTED_EDGE('',*,*,#6652,.F.);
#6739 = PLANE('',#6740);
#6740 = AXIS2_PLACEMENT_3D('',#6741,#6742,#6743);
#6741 = CARTESIAN_POINT('',(2.319879533491,4.615192287233,
    -9.558435160133));
#6742 = DIRECTION('',(0.872943377133,4.4891266998E-09,-0.487821545568));
#6743 = DIRECTION('',(0.487821545568,-9.76384535975E-08,0.872943377133)
  );
#6744 = ADVANCED_FACE('',(#6745),#6751,.T.);
#6745 = FACE_BOUND('',#6746,.T.);
#6746 = EDGE_LOOP('',(#6747,#6748,#6749,#6750));
#6747 = ORIENTED_EDGE('',*,*,#6734,.F.);
#6748 = ORIENTED_EDGE('',*,*,#6701,.F.);
#6749 = ORIENTED_EDGE('',*,*,#6687,.F.);
#6750 = ORIENTED_EDGE('',*,*,#6659,.F.);
#6751 = PLANE('',#6752);
#6752 = AXIS2_PLACEMENT_3D('',#6753,#6754,#6755);
#6753 = CARTESIAN_POINT('',(1.865001309716,4.424850480958,
    -9.907164438683));
#6754 = DIRECTION('',(-1.678841393868E-22,8.742273394091E-08,-1.));
#6755 = DIRECTION('',(-4.371138828674E-08,-1.,-8.742273394091E-08));
#6756 = ADVANCED_FACE('',(#6757),#6771,.T.);
#6757 = FACE_BOUND('',#6758,.T.);
#6758 = EDGE_LOOP('',(#6759,#6760,#6765,#6766));
#6759 = ORIENTED_EDGE('',*,*,#6645,.F.);
#6760 = ORIENTED_EDGE('',*,*,#6761,.T.);
#6761 = EDGE_CURVE('',#6639,#6579,#6762,.T.);
#6762 = B_SPLINE_CURVE_WITH_KNOTS('',1,(#6763,#6764),.UNSPECIFIED.,.F.,
  .F.,(2,2),(1.298402239652,10.525684529456),.PIECEWISE_BEZIER_KNOTS.);
#6763 = CARTESIAN_POINT('',(1.685001317599,4.605191393374,
    -9.567164594796));
#6764 = CARTESIAN_POINT('',(1.685001317579,4.604746103026,2.448516412496
    ));
#6765 = ORIENTED_EDGE('',*,*,#6578,.F.);
#6766 = ORIENTED_EDGE('',*,*,#6767,.T.);
#6767 = EDGE_CURVE('',#6551,#6646,#6768,.T.);
#6768 = B_SPLINE_CURVE_WITH_KNOTS('',1,(#6769,#6770),.UNSPECIFIED.,.F.,
  .F.,(2,2),(11.155684529456,20.382966819261),.PIECEWISE_BEZIER_KNOTS.);
#6769 = CARTESIAN_POINT('',(2.315001317579,4.604746075488,2.448516412496
    ));
#6770 = CARTESIAN_POINT('',(2.315001317599,4.605191365836,
    -9.567164594796));
#6771 = PLANE('',#6772);
#6772 = AXIS2_PLACEMENT_3D('',#6773,#6774,#6775);
#6773 = CARTESIAN_POINT('',(2.325001317599,4.605196754575,
    -9.737828464022));
#6774 = DIRECTION('',(4.371138825697E-08,0.999999999316,
    3.698233790134E-05));
#6775 = DIRECTION('',(-1.612727962523E-12,-3.698233790134E-05,
    0.999999999316));
#6776 = ADVANCED_FACE('',(#6777),#6787,.T.);
#6777 = FACE_BOUND('',#6778,.T.);
#6778 = EDGE_LOOP('',(#6779,#6780,#6785,#6786));
#6779 = ORIENTED_EDGE('',*,*,#6681,.F.);
#6780 = ORIENTED_EDGE('',*,*,#6781,.T.);
#6781 = EDGE_CURVE('',#6675,#6601,#6782,.T.);
#6782 = B_SPLINE_CURVE_WITH_KNOTS('',1,(#6783,#6784),.UNSPECIFIED.,.F.,
  .F.,(2,2),(-19.12297221328,-9.895684529456),.PIECEWISE_BEZIER_KNOTS.);
#6783 = CARTESIAN_POINT('',(1.68500129006,3.975191393374,-9.567164649881
    ));
#6784 = CARTESIAN_POINT('',(1.685001290041,3.974746102896,2.448519869444
    ));
#6785 = ORIENTED_EDGE('',*,*,#6600,.F.);
#6786 = ORIENTED_EDGE('',*,*,#6761,.F.);
#6787 = B_SPLINE_SURFACE_WITH_KNOTS('',1,1,(
    (#6788,#6789)
    ,(#6790,#6791
    )),.UNSPECIFIED.,.F.,.F.,.F.,(2,2),(2,2),(-0.640341856645,1.E-02),(
    -9.358341368381,9.26568452315E-02),.PIECEWISE_BEZIER_KNOTS.);
#6788 = CARTESIAN_POINT('',(1.685001318036,4.615193363988,
    -9.737828574602));
#6789 = CARTESIAN_POINT('',(1.685001318031,4.615086916199,2.569169631226
    ));
#6790 = CARTESIAN_POINT('',(1.685001289608,3.964851507075,-9.73782138061
    ));
#6791 = CARTESIAN_POINT('',(1.685001289604,3.964745059286,2.569176825218
    ));
#6792 = ADVANCED_FACE('',(#6793),#6803,.T.);
#6793 = FACE_BOUND('',#6794,.T.);
#6794 = EDGE_LOOP('',(#6795,#6800,#6801,#6802));
#6795 = ORIENTED_EDGE('',*,*,#6796,.T.);
#6796 = EDGE_CURVE('',#6709,#6549,#6797,.T.);
#6797 = B_SPLINE_CURVE_WITH_KNOTS('',1,(#6798,#6799),.UNSPECIFIED.,.F.,
  .F.,(2,2),(3.839684562444E-02,9.265684529456),
  .PIECEWISE_BEZIER_KNOTS.);
#6798 = CARTESIAN_POINT('',(2.31500129006,3.975191365836,-9.567164649881
    ));
#6799 = CARTESIAN_POINT('',(2.315001290041,3.974746075358,2.448519869444
    ));
#6800 = ORIENTED_EDGE('',*,*,#6622,.F.);
#6801 = ORIENTED_EDGE('',*,*,#6781,.F.);
#6802 = ORIENTED_EDGE('',*,*,#6715,.F.);
#6803 = PLANE('',#6804);
#6804 = AXIS2_PLACEMENT_3D('',#6805,#6806,#6807);
#6805 = CARTESIAN_POINT('',(2.325001290041,3.974741612749,2.569176714637
    ));
#6806 = DIRECTION('',(-4.37113891452E-08,-0.999999999316,
    -3.698233790109E-05));
#6807 = DIRECTION('',(1.612727962512E-12,3.698233790109E-05,
    -0.999999999316));
#6808 = ADVANCED_FACE('',(#6809),#6815,.T.);
#6809 = FACE_BOUND('',#6810,.T.);
#6810 = EDGE_LOOP('',(#6811,#6812,#6813,#6814));
#6811 = ORIENTED_EDGE('',*,*,#6767,.F.);
#6812 = ORIENTED_EDGE('',*,*,#6548,.F.);
#6813 = ORIENTED_EDGE('',*,*,#6796,.F.);
#6814 = ORIENTED_EDGE('',*,*,#6728,.F.);
#6815 = B_SPLINE_SURFACE_WITH_KNOTS('',1,1,(
    (#6816,#6817)
    ,(#6818,#6819
    )),.UNSPECIFIED.,.F.,.F.,.F.,(2,2),(2,2),(-9.358341368381,
    9.26568452315E-02),(-0.640341856645,1.E-02),
  .PIECEWISE_BEZIER_KNOTS.);
#6816 = CARTESIAN_POINT('',(2.315001318036,4.61519333645,-9.737828574602
    ));
#6817 = CARTESIAN_POINT('',(2.315001289608,3.964851479537,-9.73782138061
    ));
#6818 = CARTESIAN_POINT('',(2.315001318031,4.615086888661,2.569169631226
    ));
#6819 = CARTESIAN_POINT('',(2.315001289604,3.964745031748,2.569176825218
    ));
#6820 = MANIFOLD_SOLID_BREP('',#6821);
#6821 = CLOSED_SHELL('',(#6822,#6858,#6886,#6914,#6934,#6970,#6990,#7006
    ,#7022,#7034,#7062,#7084,#7106,#7122));
#6822 = ADVANCED_FACE('',(#6823),#6853,.T.);
#6823 = FACE_BOUND('',#6824,.T.);
#6824 = EDGE_LOOP('',(#6825,#6834,#6841,#6848));
#6825 = ORIENTED_EDGE('',*,*,#6826,.T.);
#6826 = EDGE_CURVE('',#6827,#6829,#6831,.T.);
#6827 = VERTEX_POINT('',#6828);
#6828 = CARTESIAN_POINT('',(2.315001539652,9.685191365836,
    -9.567164150688));
#6829 = VERTEX_POINT('',#6830);
#6830 = CARTESIAN_POINT('',(2.315001539633,9.684746075488,2.448516856603
    ));
#6831 = B_SPLINE_CURVE_WITH_KNOTS('',1,(#6832,#6833),.UNSPECIFIED.,.F.,
  .F.,(2,2),(-20.38296681926,-11.15568452945),.PIECEWISE_BEZIER_KNOTS.);
#6832 = CARTESIAN_POINT('',(2.315001539652,9.685191365836,
    -9.567164150688));
#6833 = CARTESIAN_POINT('',(2.315001539633,9.684746075488,2.448516856603
    ));
#6834 = ORIENTED_EDGE('',*,*,#6835,.T.);
#6835 = EDGE_CURVE('',#6829,#6836,#6838,.T.);
#6836 = VERTEX_POINT('',#6837);
#6837 = CARTESIAN_POINT('',(2.315001512095,9.054746075358,2.448520313552
    ));
#6838 = B_SPLINE_CURVE_WITH_KNOTS('',1,(#6839,#6840),.UNSPECIFIED.,.F.,
  .F.,(2,2),(-1.110223024625E-16,0.63),.PIECEWISE_BEZIER_KNOTS.);
#6839 = CARTESIAN_POINT('',(2.315001539633,9.684746075488,2.448516856603
    ));
#6840 = CARTESIAN_POINT('',(2.315001512095,9.054746075358,2.448520313552
    ));
#6841 = ORIENTED_EDGE('',*,*,#6842,.T.);
#6842 = EDGE_CURVE('',#6836,#6843,#6845,.T.);
#6843 = VERTEX_POINT('',#6844);
#6844 = CARTESIAN_POINT('',(2.315001512114,9.055191365836,
    -9.567164205773));
#6845 = B_SPLINE_CURVE_WITH_KNOTS('',1,(#6846,#6847),.UNSPECIFIED.,.F.,
  .F.,(2,2),(-9.265684529456,-3.839684562444E-02),
  .PIECEWISE_BEZIER_KNOTS.);
#6846 = CARTESIAN_POINT('',(2.315001512095,9.054746075358,2.448520313552
    ));
#6847 = CARTESIAN_POINT('',(2.315001512114,9.055191365836,
    -9.567164205773));
#6848 = ORIENTED_EDGE('',*,*,#6849,.T.);
#6849 = EDGE_CURVE('',#6843,#6827,#6850,.T.);
#6850 = B_SPLINE_CURVE_WITH_KNOTS('',1,(#6851,#6852),.UNSPECIFIED.,.F.,
  .F.,(2,2),(-9.895684529456,-9.265684529456),.PIECEWISE_BEZIER_KNOTS.);
#6851 = CARTESIAN_POINT('',(2.315001512114,9.055191365836,
    -9.567164205773));
#6852 = CARTESIAN_POINT('',(2.315001539652,9.685191365836,
    -9.567164150688));
#6853 = B_SPLINE_SURFACE_WITH_KNOTS('',1,1,(
    (#6854,#6855)
    ,(#6856,#6857
    )),.UNSPECIFIED.,.F.,.F.,.F.,(2,2),(2,2),(-9.358341368381,
    9.26568452315E-02),(-0.640341856645,1.E-02),
  .PIECEWISE_BEZIER_KNOTS.);
#6854 = CARTESIAN_POINT('',(2.31500154009,9.69519333645,-9.737828130495)
  );
#6855 = CARTESIAN_POINT('',(2.315001511662,9.044851479537,
    -9.737820936503));
#6856 = CARTESIAN_POINT('',(2.315001540085,9.695086888661,2.569170075333
    ));
#6857 = CARTESIAN_POINT('',(2.315001511658,9.044745031748,2.569177269326
    ));
#6858 = ADVANCED_FACE('',(#6859),#6881,.T.);
#6859 = FACE_BOUND('',#6860,.T.);
#6860 = EDGE_LOOP('',(#6861,#6862,#6869,#6876));
#6861 = ORIENTED_EDGE('',*,*,#6842,.F.);
#6862 = ORIENTED_EDGE('',*,*,#6863,.T.);
#6863 = EDGE_CURVE('',#6836,#6864,#6866,.T.);
#6864 = VERTEX_POINT('',#6865);
#6865 = CARTESIAN_POINT('',(1.685001512095,9.054746102896,2.448520313552
    ));
#6866 = B_SPLINE_CURVE_WITH_KNOTS('',1,(#6867,#6868),.UNSPECIFIED.,.F.,
  .F.,(2,2),(9.265684529456,9.895684529456),.PIECEWISE_BEZIER_KNOTS.);
#6867 = CARTESIAN_POINT('',(2.315001512095,9.054746075358,2.448520313552
    ));
#6868 = CARTESIAN_POINT('',(1.685001512095,9.054746102896,2.448520313552
    ));
#6869 = ORIENTED_EDGE('',*,*,#6870,.T.);
#6870 = EDGE_CURVE('',#6864,#6871,#6873,.T.);
#6871 = VERTEX_POINT('',#6872);
#6872 = CARTESIAN_POINT('',(1.685001512114,9.055191393374,
    -9.567164205773));
#6873 = B_SPLINE_CURVE_WITH_KNOTS('',1,(#6874,#6875),.UNSPECIFIED.,.F.,
  .F.,(2,2),(9.895684529456,19.122972213288),.PIECEWISE_BEZIER_KNOTS.);
#6874 = CARTESIAN_POINT('',(1.685001512095,9.054746102896,2.448520313552
    ));
#6875 = CARTESIAN_POINT('',(1.685001512114,9.055191393374,
    -9.567164205773));
#6876 = ORIENTED_EDGE('',*,*,#6877,.T.);
#6877 = EDGE_CURVE('',#6871,#6843,#6878,.T.);
#6878 = B_SPLINE_CURVE_WITH_KNOTS('',1,(#6879,#6880),.UNSPECIFIED.,.F.,
  .F.,(2,2),(19.161369058912,19.791369058913),.PIECEWISE_BEZIER_KNOTS.);
#6879 = CARTESIAN_POINT('',(1.685001512114,9.055191393374,
    -9.567164205773));
#6880 = CARTESIAN_POINT('',(2.315001512114,9.055191365836,
    -9.567164205773));
#6881 = PLANE('',#6882);
#6882 = AXIS2_PLACEMENT_3D('',#6883,#6884,#6885);
#6883 = CARTESIAN_POINT('',(2.325001512095,9.054741612749,2.569177158745
    ));
#6884 = DIRECTION('',(-4.371138828478E-08,-0.999999999316,
    -3.698233790106E-05));
#6885 = DIRECTION('',(1.612727962511E-12,3.698233790106E-05,
    -0.999999999316));
#6886 = ADVANCED_FACE('',(#6887),#6909,.T.);
#6887 = FACE_BOUND('',#6888,.T.);
#6888 = EDGE_LOOP('',(#6889,#6896,#6897,#6904));
#6889 = ORIENTED_EDGE('',*,*,#6890,.T.);
#6890 = EDGE_CURVE('',#6891,#6871,#6893,.T.);
#6891 = VERTEX_POINT('',#6892);
#6892 = CARTESIAN_POINT('',(1.685001539652,9.685191393374,
    -9.567164150688));
#6893 = B_SPLINE_CURVE_WITH_KNOTS('',1,(#6894,#6895),.UNSPECIFIED.,.F.,
  .F.,(2,2),(11.155684529456,11.785684529456),.PIECEWISE_BEZIER_KNOTS.);
#6894 = CARTESIAN_POINT('',(1.685001539652,9.685191393374,
    -9.567164150688));
#6895 = CARTESIAN_POINT('',(1.685001512114,9.055191393374,
    -9.567164205773));
#6896 = ORIENTED_EDGE('',*,*,#6870,.F.);
#6897 = ORIENTED_EDGE('',*,*,#6898,.T.);
#6898 = EDGE_CURVE('',#6864,#6899,#6901,.T.);
#6899 = VERTEX_POINT('',#6900);
#6900 = CARTESIAN_POINT('',(1.685001539633,9.684746103026,2.448516856603
    ));
#6901 = B_SPLINE_CURVE_WITH_KNOTS('',1,(#6902,#6903),.UNSPECIFIED.,.F.,
  .F.,(2,2),(1.26,1.89),.PIECEWISE_BEZIER_KNOTS.);
#6902 = CARTESIAN_POINT('',(1.685001512095,9.054746102896,2.448520313552
    ));
#6903 = CARTESIAN_POINT('',(1.685001539633,9.684746103026,2.448516856603
    ));
#6904 = ORIENTED_EDGE('',*,*,#6905,.T.);
#6905 = EDGE_CURVE('',#6899,#6891,#6906,.T.);
#6906 = B_SPLINE_CURVE_WITH_KNOTS('',1,(#6907,#6908),.UNSPECIFIED.,.F.,
  .F.,(2,2),(-10.52568452945,-1.298402239652),.PIECEWISE_BEZIER_KNOTS.);
#6907 = CARTESIAN_POINT('',(1.685001539633,9.684746103026,2.448516856603
    ));
#6908 = CARTESIAN_POINT('',(1.685001539652,9.685191393374,
    -9.567164150688));
#6909 = B_SPLINE_SURFACE_WITH_KNOTS('',1,1,(
    (#6910,#6911)
    ,(#6912,#6913
    )),.UNSPECIFIED.,.F.,.F.,.F.,(2,2),(2,2),(-0.640341856645,1.E-02),(
    -9.358341368381,9.26568452315E-02),.PIECEWISE_BEZIER_KNOTS.);
#6910 = CARTESIAN_POINT('',(1.68500154009,9.695193363988,-9.737828130495
    ));
#6911 = CARTESIAN_POINT('',(1.685001540085,9.695086916199,2.569170075333
    ));
#6912 = CARTESIAN_POINT('',(1.685001511662,9.044851507075,
    -9.737820936503));
#6913 = CARTESIAN_POINT('',(1.685001511658,9.044745059286,2.569177269326
    ));
#6914 = ADVANCED_FACE('',(#6915),#6929,.T.);
#6915 = FACE_BOUND('',#6916,.T.);
#6916 = EDGE_LOOP('',(#6917,#6922,#6923,#6928));
#6917 = ORIENTED_EDGE('',*,*,#6918,.T.);
#6918 = EDGE_CURVE('',#6827,#6891,#6919,.T.);
#6919 = B_SPLINE_CURVE_WITH_KNOTS('',1,(#6920,#6921),.UNSPECIFIED.,.F.,
  .F.,(2,2),(6.245004513517E-17,0.63),.PIECEWISE_BEZIER_KNOTS.);
#6920 = CARTESIAN_POINT('',(2.315001539652,9.685191365836,
    -9.567164150688));
#6921 = CARTESIAN_POINT('',(1.685001539652,9.685191393374,
    -9.567164150688));
#6922 = ORIENTED_EDGE('',*,*,#6905,.F.);
#6923 = ORIENTED_EDGE('',*,*,#6924,.T.);
#6924 = EDGE_CURVE('',#6899,#6829,#6925,.T.);
#6925 = B_SPLINE_CURVE_WITH_KNOTS('',1,(#6926,#6927),.UNSPECIFIED.,.F.,
  .F.,(2,2),(10.525684529456,11.155684529456),.PIECEWISE_BEZIER_KNOTS.);
#6926 = CARTESIAN_POINT('',(1.685001539633,9.684746103026,2.448516856603
    ));
#6927 = CARTESIAN_POINT('',(2.315001539633,9.684746075488,2.448516856603
    ));
#6928 = ORIENTED_EDGE('',*,*,#6826,.F.);
#6929 = PLANE('',#6930);
#6930 = AXIS2_PLACEMENT_3D('',#6931,#6932,#6933);
#6931 = CARTESIAN_POINT('',(2.325001539653,9.685196754575,
    -9.737828019914));
#6932 = DIRECTION('',(4.371138825697E-08,0.999999999316,
    3.698233790134E-05));
#6933 = DIRECTION('',(-1.612727962523E-12,-3.698233790134E-05,
    0.999999999316));
#6934 = ADVANCED_FACE('',(#6935),#6965,.T.);
#6935 = FACE_BOUND('',#6936,.T.);
#6936 = EDGE_LOOP('',(#6937,#6946,#6953,#6960));
#6937 = ORIENTED_EDGE('',*,*,#6938,.T.);
#6938 = EDGE_CURVE('',#6939,#6941,#6943,.T.);
#6939 = VERTEX_POINT('',#6940);
#6940 = CARTESIAN_POINT('',(2.125001531332,9.494850469593,-9.90716399545
    ));
#6941 = VERTEX_POINT('',#6942);
#6942 = CARTESIAN_POINT('',(2.125001520405,9.244850469593,
    -9.907164017305));
#6943 = B_SPLINE_CURVE_WITH_KNOTS('',1,(#6944,#6945),.UNSPECIFIED.,.F.,
  .F.,(2,2),(-1.25,-1.),.PIECEWISE_BEZIER_KNOTS.);
#6944 = CARTESIAN_POINT('',(2.125001531332,9.494850469593,-9.90716399545
    ));
#6945 = CARTESIAN_POINT('',(2.125001520405,9.244850469593,
    -9.907164017305));
#6946 = ORIENTED_EDGE('',*,*,#6947,.T.);
#6947 = EDGE_CURVE('',#6941,#6948,#6950,.T.);
#6948 = VERTEX_POINT('',#6949);
#6949 = CARTESIAN_POINT('',(1.875001520405,9.244850480521,
    -9.907164017305));
#6950 = B_SPLINE_CURVE_WITH_KNOTS('',1,(#6951,#6952),.UNSPECIFIED.,.F.,
  .F.,(2,2),(-1.,-0.75),.PIECEWISE_BEZIER_KNOTS.);
#6951 = CARTESIAN_POINT('',(2.125001520405,9.244850469593,
    -9.907164017305));
#6952 = CARTESIAN_POINT('',(1.875001520405,9.244850480521,
    -9.907164017305));
#6953 = ORIENTED_EDGE('',*,*,#6954,.T.);
#6954 = EDGE_CURVE('',#6948,#6955,#6957,.T.);
#6955 = VERTEX_POINT('',#6956);
#6956 = CARTESIAN_POINT('',(1.875001531332,9.494850480521,-9.90716399545
    ));
#6957 = B_SPLINE_CURVE_WITH_KNOTS('',1,(#6958,#6959),.UNSPECIFIED.,.F.,
  .F.,(2,2),(-0.75,-0.5),.PIECEWISE_BEZIER_KNOTS.);
#6958 = CARTESIAN_POINT('',(1.875001520405,9.244850480521,
    -9.907164017305));
#6959 = CARTESIAN_POINT('',(1.875001531332,9.494850480521,-9.90716399545
    ));
#6960 = ORIENTED_EDGE('',*,*,#6961,.T.);
#6961 = EDGE_CURVE('',#6955,#6939,#6962,.T.);
#6962 = B_SPLINE_CURVE_WITH_KNOTS('',1,(#6963,#6964),.UNSPECIFIED.,.F.,
  .F.,(2,2),(-0.5,-0.25),.PIECEWISE_BEZIER_KNOTS.);
#6963 = CARTESIAN_POINT('',(1.875001531332,9.494850480521,-9.90716399545
    ));
#6964 = CARTESIAN_POINT('',(2.125001531332,9.494850469593,-9.90716399545
    ));
#6965 = PLANE('',#6966);
#6966 = AXIS2_PLACEMENT_3D('',#6967,#6968,#6969);
#6967 = CARTESIAN_POINT('',(1.86500153177,9.504850480958,-9.907163994576
    ));
#6968 = DIRECTION('',(-1.678841393868E-22,8.742273394091E-08,-1.));
#6969 = DIRECTION('',(-4.371138828674E-08,-1.,-8.742273394091E-08));
#6970 = ADVANCED_FACE('',(#6971),#6985,.T.);
#6971 = FACE_BOUND('',#6972,.T.);
#6972 = EDGE_LOOP('',(#6973,#6974,#6979,#6980));
#6973 = ORIENTED_EDGE('',*,*,#6849,.F.);
#6974 = ORIENTED_EDGE('',*,*,#6975,.T.);
#6975 = EDGE_CURVE('',#6843,#6941,#6976,.T.);
#6976 = B_SPLINE_CURVE_WITH_KNOTS('',1,(#6977,#6978),.UNSPECIFIED.,.F.,
  .F.,(2,2),(1.746717895362,2.179926960913),.PIECEWISE_BEZIER_KNOTS.);
#6977 = CARTESIAN_POINT('',(2.315001512114,9.055191365836,
    -9.567164205773));
#6978 = CARTESIAN_POINT('',(2.125001520405,9.244850469593,
    -9.907164017305));
#6979 = ORIENTED_EDGE('',*,*,#6938,.F.);
#6980 = ORIENTED_EDGE('',*,*,#6981,.T.);
#6981 = EDGE_CURVE('',#6939,#6827,#6982,.T.);
#6982 = B_SPLINE_CURVE_WITH_KNOTS('',1,(#6983,#6984),.UNSPECIFIED.,.F.,
  .F.,(2,2),(2.429926960913,2.863435790725),.PIECEWISE_BEZIER_KNOTS.);
#6983 = CARTESIAN_POINT('',(2.125001531332,9.494850469593,-9.90716399545
    ));
#6984 = CARTESIAN_POINT('',(2.315001539652,9.685191365836,
    -9.567164150688));
#6985 = PLANE('',#6986);
#6986 = AXIS2_PLACEMENT_3D('',#6987,#6988,#6989);
#6987 = CARTESIAN_POINT('',(2.319879755545,9.695192287233,
    -9.558434716026));
#6988 = DIRECTION('',(0.872943377133,4.4891266998E-09,-0.487821545568));
#6989 = DIRECTION('',(0.487821545568,-9.76384535975E-08,0.872943377133)
  );
#6990 = ADVANCED_FACE('',(#6991),#7001,.T.);
#6991 = FACE_BOUND('',#6992,.T.);
#6992 = EDGE_LOOP('',(#6993,#6998,#6999,#7000));
#6993 = ORIENTED_EDGE('',*,*,#6994,.T.);
#6994 = EDGE_CURVE('',#6871,#6948,#6995,.T.);
#6995 = B_SPLINE_CURVE_WITH_KNOTS('',1,(#6996,#6997),.UNSPECIFIED.,.F.,
  .F.,(2,2),(-3.636418131101,-3.20320906555),.PIECEWISE_BEZIER_KNOTS.);
#6996 = CARTESIAN_POINT('',(1.685001512114,9.055191393374,
    -9.567164205773));
#6997 = CARTESIAN_POINT('',(1.875001520405,9.244850480521,
    -9.907164017305));
#6998 = ORIENTED_EDGE('',*,*,#6947,.F.);
#6999 = ORIENTED_EDGE('',*,*,#6975,.F.);
#7000 = ORIENTED_EDGE('',*,*,#6877,.F.);
#7001 = PLANE('',#7002);
#7002 = AXIS2_PLACEMENT_3D('',#7003,#7004,#7005);
#7003 = CARTESIAN_POINT('',(2.325001520617,9.249721984354,
    -9.915897187335));
#7004 = DIRECTION('',(-3.817390057125E-08,-0.873317002935,
    -0.487152350281));
#7005 = DIRECTION('',(2.129410220067E-08,0.487152350281,-0.873317002935)
  );
#7006 = ADVANCED_FACE('',(#7007),#7017,.T.);
#7007 = FACE_BOUND('',#7008,.T.);
#7008 = EDGE_LOOP('',(#7009,#7010,#7011,#7016));
#7009 = ORIENTED_EDGE('',*,*,#6994,.F.);
#7010 = ORIENTED_EDGE('',*,*,#6890,.F.);
#7011 = ORIENTED_EDGE('',*,*,#7012,.T.);
#7012 = EDGE_CURVE('',#6891,#6955,#7013,.T.);
#7013 = B_SPLINE_CURVE_WITH_KNOTS('',1,(#7014,#7015),.UNSPECIFIED.,.F.,
  .F.,(2,2),(0.486717895362,0.920226725174),.PIECEWISE_BEZIER_KNOTS.);
#7014 = CARTESIAN_POINT('',(1.685001539652,9.685191393374,
    -9.567164150688));
#7015 = CARTESIAN_POINT('',(1.875001531332,9.494850480521,-9.90716399545
    ));
#7016 = ORIENTED_EDGE('',*,*,#6954,.F.);
#7017 = PLANE('',#7018);
#7018 = AXIS2_PLACEMENT_3D('',#7019,#7020,#7021);
#7019 = CARTESIAN_POINT('',(1.879879755545,9.695192337716,
    -9.915893411707));
#7020 = DIRECTION('',(-0.872943377133,8.080426050805E-08,-0.487821545568
    ));
#7021 = DIRECTION('',(0.487821545568,5.49917396116E-08,-0.872943377133)
  );
#7022 = ADVANCED_FACE('',(#7023),#7029,.T.);
#7023 = FACE_BOUND('',#7024,.T.);
#7024 = EDGE_LOOP('',(#7025,#7026,#7027,#7028));
#7025 = ORIENTED_EDGE('',*,*,#7012,.F.);
#7026 = ORIENTED_EDGE('',*,*,#6918,.F.);
#7027 = ORIENTED_EDGE('',*,*,#6981,.F.);
#7028 = ORIENTED_EDGE('',*,*,#6961,.F.);
#7029 = PLANE('',#7030);
#7030 = AXIS2_PLACEMENT_3D('',#7031,#7032,#7033);
#7031 = CARTESIAN_POINT('',(2.325001531119,9.489965562033,-9.91588969104
    ));
#7032 = DIRECTION('',(3.814122505733E-08,0.872569559053,-0.488489881794)
  );
#7033 = DIRECTION('',(2.135257423164E-08,0.488489881794,0.872569559053)
  );
#7034 = ADVANCED_FACE('',(#7035),#7057,.T.);
#7035 = FACE_BOUND('',#7036,.T.);
#7036 = EDGE_LOOP('',(#7037,#7046,#7051,#7052));
#7037 = ORIENTED_EDGE('',*,*,#7038,.T.);
#7038 = EDGE_CURVE('',#7039,#7041,#7043,.T.);
#7039 = VERTEX_POINT('',#7040);
#7040 = CARTESIAN_POINT('',(2.125001520415,9.245087910584,2.78852015833)
  );
#7041 = VERTEX_POINT('',#7042);
#7042 = CARTESIAN_POINT('',(1.875001520415,9.245087921512,2.78852015833)
  );
#7043 = B_SPLINE_CURVE_WITH_KNOTS('',1,(#7044,#7045),.UNSPECIFIED.,.F.,
  .F.,(2,2),(0.25,0.5),.PIECEWISE_BEZIER_KNOTS.);
#7044 = CARTESIAN_POINT('',(2.125001520415,9.245087910584,2.78852015833)
  );
#7045 = CARTESIAN_POINT('',(1.875001520415,9.245087921512,2.78852015833)
  );
#7046 = ORIENTED_EDGE('',*,*,#7047,.T.);
#7047 = EDGE_CURVE('',#7041,#6864,#7048,.T.);
#7048 = B_SPLINE_CURVE_WITH_KNOTS('',1,(#7049,#7050),.UNSPECIFIED.,.F.,
  .F.,(2,2),(-2.246717895362,-1.81320906555),.PIECEWISE_BEZIER_KNOTS.);
#7049 = CARTESIAN_POINT('',(1.875001520415,9.245087921512,2.78852015833)
  );
#7050 = CARTESIAN_POINT('',(1.685001512095,9.054746102896,2.448520313552
    ));
#7051 = ORIENTED_EDGE('',*,*,#6863,.F.);
#7052 = ORIENTED_EDGE('',*,*,#7053,.T.);
#7053 = EDGE_CURVE('',#6836,#7039,#7054,.T.);
#7054 = B_SPLINE_CURVE_WITH_KNOTS('',1,(#7055,#7056),.UNSPECIFIED.,.F.,
  .F.,(2,2),(-2.863435790725,-2.429926960913),.PIECEWISE_BEZIER_KNOTS.);
#7055 = CARTESIAN_POINT('',(2.315001512095,9.054746075358,2.448520313552
    ));
#7056 = CARTESIAN_POINT('',(2.125001520415,9.245087910584,2.78852015833)
  );
#7057 = PLANE('',#7058);
#7058 = AXIS2_PLACEMENT_3D('',#7059,#7060,#7061);
#7059 = CARTESIAN_POINT('',(2.325001520629,9.24997280066,2.797245853921)
  );
#7060 = DIRECTION('',(-3.814122500889E-08,-0.872569559053,0.488489881794
    ));
#7061 = DIRECTION('',(-2.135257423164E-08,-0.488489881794,
    -0.872569559053));
#7062 = ADVANCED_FACE('',(#7063),#7079,.T.);
#7063 = FACE_BOUND('',#7064,.T.);
#7064 = EDGE_LOOP('',(#7065,#7072,#7077,#7078));
#7065 = ORIENTED_EDGE('',*,*,#7066,.T.);
#7066 = EDGE_CURVE('',#7041,#7067,#7069,.T.);
#7067 = VERTEX_POINT('',#7068);
#7068 = CARTESIAN_POINT('',(1.875001531343,9.495087921512,2.788520180186
    ));
#7069 = B_SPLINE_CURVE_WITH_KNOTS('',1,(#7070,#7071),.UNSPECIFIED.,.F.,
  .F.,(2,2),(0.5,0.75),.PIECEWISE_BEZIER_KNOTS.);
#7070 = CARTESIAN_POINT('',(1.875001520415,9.245087921512,2.78852015833)
  );
#7071 = CARTESIAN_POINT('',(1.875001531343,9.495087921512,2.788520180186
    ));
#7072 = ORIENTED_EDGE('',*,*,#7073,.T.);
#7073 = EDGE_CURVE('',#7067,#6899,#7074,.T.);
#7074 = B_SPLINE_CURVE_WITH_KNOTS('',1,(#7075,#7076),.UNSPECIFIED.,.F.,
  .F.,(2,2),(0.,0.43320906555),.PIECEWISE_BEZIER_KNOTS.);
#7075 = CARTESIAN_POINT('',(1.875001531343,9.495087921512,2.788520180186
    ));
#7076 = CARTESIAN_POINT('',(1.685001539633,9.684746103026,2.448516856603
    ));
#7077 = ORIENTED_EDGE('',*,*,#6898,.F.);
#7078 = ORIENTED_EDGE('',*,*,#7047,.F.);
#7079 = PLANE('',#7080);
#7080 = AXIS2_PLACEMENT_3D('',#7081,#7082,#7083);
#7081 = CARTESIAN_POINT('',(1.680123324614,9.694746103873,2.439790935731
    ));
#7082 = DIRECTION('',(-0.872943377133,-4.489126254413E-09,0.487821545568
    ));
#7083 = DIRECTION('',(-0.487821545568,9.76384535975E-08,-0.872943377133)
  );
#7084 = ADVANCED_FACE('',(#7085),#7101,.T.);
#7085 = FACE_BOUND('',#7086,.T.);
#7086 = EDGE_LOOP('',(#7087,#7094,#7099,#7100));
#7087 = ORIENTED_EDGE('',*,*,#7088,.T.);
#7088 = EDGE_CURVE('',#7067,#7089,#7091,.T.);
#7089 = VERTEX_POINT('',#7090);
#7090 = CARTESIAN_POINT('',(2.125001531343,9.495087910584,2.788520180186
    ));
#7091 = B_SPLINE_CURVE_WITH_KNOTS('',1,(#7092,#7093),.UNSPECIFIED.,.F.,
  .F.,(2,2),(0.75,1.),.PIECEWISE_BEZIER_KNOTS.);
#7092 = CARTESIAN_POINT('',(1.875001531343,9.495087921512,2.788520180186
    ));
#7093 = CARTESIAN_POINT('',(2.125001531343,9.495087910584,2.788520180186
    ));
#7094 = ORIENTED_EDGE('',*,*,#7095,.T.);
#7095 = EDGE_CURVE('',#7089,#6829,#7096,.T.);
#7096 = B_SPLINE_CURVE_WITH_KNOTS('',1,(#7097,#7098),.UNSPECIFIED.,.F.,
  .F.,(2,2),(-2.179926960913,-1.746717895362),.PIECEWISE_BEZIER_KNOTS.);
#7097 = CARTESIAN_POINT('',(2.125001531343,9.495087910584,2.788520180186
    ));
#7098 = CARTESIAN_POINT('',(2.315001539633,9.684746075488,2.448516856603
    ));
#7099 = ORIENTED_EDGE('',*,*,#6924,.F.);
#7100 = ORIENTED_EDGE('',*,*,#7073,.F.);
#7101 = PLANE('',#7102);
#7102 = AXIS2_PLACEMENT_3D('',#7103,#7104,#7105);
#7103 = CARTESIAN_POINT('',(2.32500153113,9.490216378339,2.797253350215)
  );
#7104 = DIRECTION('',(3.817390042582E-08,0.873317002935,0.487152350281)
  );
#7105 = DIRECTION('',(-2.129410220067E-08,-0.487152350281,0.873317002935
    ));
#7106 = ADVANCED_FACE('',(#7107),#7117,.T.);
#7107 = FACE_BOUND('',#7108,.T.);
#7108 = EDGE_LOOP('',(#7109,#7110,#7111,#7116));
#7109 = ORIENTED_EDGE('',*,*,#6835,.F.);
#7110 = ORIENTED_EDGE('',*,*,#7095,.F.);
#7111 = ORIENTED_EDGE('',*,*,#7112,.T.);
#7112 = EDGE_CURVE('',#7089,#7039,#7113,.T.);
#7113 = B_SPLINE_CURVE_WITH_KNOTS('',1,(#7114,#7115),.UNSPECIFIED.,.F.,
  .F.,(2,2),(0.,0.25),.PIECEWISE_BEZIER_KNOTS.);
#7114 = CARTESIAN_POINT('',(2.125001531343,9.495087910584,2.788520180186
    ));
#7115 = CARTESIAN_POINT('',(2.125001520415,9.245087910584,2.78852015833)
  );
#7116 = ORIENTED_EDGE('',*,*,#7053,.F.);
#7117 = PLANE('',#7118);
#7118 = AXIS2_PLACEMENT_3D('',#7119,#7120,#7121);
#7119 = CARTESIAN_POINT('',(2.120123324614,9.69474605339,2.797249631412)
  );
#7120 = DIRECTION('',(0.872943377133,-8.080426009901E-08,0.487821545568)
  );
#7121 = DIRECTION('',(-0.487821545568,-5.49917396116E-08,0.872943377133)
  );
#7122 = ADVANCED_FACE('',(#7123),#7129,.T.);
#7123 = FACE_BOUND('',#7124,.T.);
#7124 = EDGE_LOOP('',(#7125,#7126,#7127,#7128));
#7125 = ORIENTED_EDGE('',*,*,#7088,.F.);
#7126 = ORIENTED_EDGE('',*,*,#7066,.F.);
#7127 = ORIENTED_EDGE('',*,*,#7038,.F.);
#7128 = ORIENTED_EDGE('',*,*,#7112,.F.);
#7129 = PLANE('',#7130);
#7130 = AXIS2_PLACEMENT_3D('',#7131,#7132,#7133);
#7131 = CARTESIAN_POINT('',(2.13500153178,9.505087910147,2.78852018106)
  );
#7132 = DIRECTION('',(1.678841393868E-22,-8.742273394091E-08,1.));
#7133 = DIRECTION('',(4.371138828674E-08,1.,8.742273394091E-08));
#7134 = ( GEOMETRIC_REPRESENTATION_CONTEXT(3) 
GLOBAL_UNCERTAINTY_ASSIGNED_CONTEXT((#7138)) 
GLOBAL_UNIT_ASSIGNED_CONTEXT((#7135,#7136,#7137)) REPRESENTATION_CONTEXT
('Context #1','3D Context with UNIT and UNCERTAINTY') );
#7135 = ( LENGTH_UNIT() NAMED_UNIT(*) SI_UNIT(.MILLI.,.METRE.) );
#7136 = ( NAMED_UNIT(*) PLANE_ANGLE_UNIT() SI_UNIT($,.RADIAN.) );
#7137 = ( NAMED_UNIT(*) SI_UNIT($,.STERADIAN.) SOLID_ANGLE_UNIT() );
#7138 = UNCERTAINTY_MEASURE_WITH_UNIT(LENGTH_MEASURE(2.E-06),#7135,
  'distance_accuracy_value','confusion accuracy');
#7139 = PRODUCT_RELATED_PRODUCT_CATEGORY('part',$,(#5874));
#7140 = SHAPE_DEFINITION_REPRESENTATION(#7141,#7147);
#7141 = PRODUCT_DEFINITION_SHAPE('','',#7142);
#7142 = PRODUCT_DEFINITION('design','',#7143,#7146);
#7143 = PRODUCT_DEFINITION_FORMATION('','',#7144);
#7144 = PRODUCT('Open CASCADE STEP translator 7.5 86',
  'Open CASCADE STEP translator 7.5 86','',(#7145));
#7145 = PRODUCT_CONTEXT('',#2,'mechanical');
#7146 = PRODUCT_DEFINITION_CONTEXT('part definition',#2,'design');
#7147 = SHAPE_REPRESENTATION('',(#11,#7148,#7850,#8564,#9266),#9980);
#7148 = SHELL_BASED_SURFACE_MODEL('',(#7149));
#7149 = OPEN_SHELL('',(#7150,#7186,#7214,#7242,#7262,#7304,#7346,#7394,
    #7456,#7478,#7500,#7522,#7544,#7590,#7615,#7648,#7690,#7724,#7749,
    #7791,#7818,#7834));
#7150 = ADVANCED_FACE('',(#7151),#7181,.T.);
#7151 = FACE_BOUND('',#7152,.T.);
#7152 = EDGE_LOOP('',(#7153,#7162,#7169,#7176));
#7153 = ORIENTED_EDGE('',*,*,#7154,.T.);
#7154 = EDGE_CURVE('',#7155,#7157,#7159,.T.);
#7155 = VERTEX_POINT('',#7156);
#7156 = CARTESIAN_POINT('',(1.685001428621,7.145088235797,
    -0.711479853396));
#7157 = VERTEX_POINT('',#7158);
#7158 = CARTESIAN_POINT('',(1.685001428621,7.145088454354,
    -3.211479853396));
#7159 = B_SPLINE_CURVE_WITH_KNOTS('',1,(#7160,#7161),.UNSPECIFIED.,.F.,
  .F.,(2,2),(-6.10568452315,-3.60568452315),.PIECEWISE_BEZIER_KNOTS.);
#7160 = CARTESIAN_POINT('',(1.685001428621,7.145088235797,
    -0.711479853396));
#7161 = CARTESIAN_POINT('',(1.685001428621,7.145088454354,
    -3.211479853396));
#7162 = ORIENTED_EDGE('',*,*,#7163,.T.);
#7163 = EDGE_CURVE('',#7157,#7164,#7166,.T.);
#7164 = VERTEX_POINT('',#7165);
#7165 = CARTESIAN_POINT('',(2.315001428621,7.145088426815,
    -3.211479853396));
#7166 = B_SPLINE_CURVE_WITH_KNOTS('',1,(#7167,#7168),.UNSPECIFIED.,.F.,
  .F.,(2,2),(-0.63,0.),.PIECEWISE_BEZIER_KNOTS.);
#7167 = CARTESIAN_POINT('',(1.685001428621,7.145088454354,
    -3.211479853396));
#7168 = CARTESIAN_POINT('',(2.315001428621,7.145088426815,
    -3.211479853396));
#7169 = ORIENTED_EDGE('',*,*,#7170,.T.);
#7170 = EDGE_CURVE('',#7164,#7171,#7173,.T.);
#7171 = VERTEX_POINT('',#7172);
#7172 = CARTESIAN_POINT('',(2.315001428621,7.145088208259,
    -0.711479853396));
#7173 = B_SPLINE_CURVE_WITH_KNOTS('',1,(#7174,#7175),.UNSPECIFIED.,.F.,
  .F.,(2,2),(3.60568452315,6.10568452315),.PIECEWISE_BEZIER_KNOTS.);
#7174 = CARTESIAN_POINT('',(2.315001428621,7.145088426815,
    -3.211479853396));
#7175 = CARTESIAN_POINT('',(2.315001428621,7.145088208259,
    -0.711479853396));
#7176 = ORIENTED_EDGE('',*,*,#7177,.T.);
#7177 = EDGE_CURVE('',#7171,#7155,#7178,.T.);
#7178 = B_SPLINE_CURVE_WITH_KNOTS('',1,(#7179,#7180),.UNSPECIFIED.,.F.,
  .F.,(2,2),(0.,0.63),.PIECEWISE_BEZIER_KNOTS.);
#7179 = CARTESIAN_POINT('',(2.315001428621,7.145088208259,
    -0.711479853396));
#7180 = CARTESIAN_POINT('',(1.685001428621,7.145088235797,
    -0.711479853396));
#7181 = PLANE('',#7182);
#7182 = AXIS2_PLACEMENT_3D('',#7183,#7184,#7185);
#7183 = CARTESIAN_POINT('',(2.315001428621,7.145088742034,
    -6.817164376546));
#7184 = DIRECTION('',(-4.371138828674E-08,-1.,-8.742273394091E-08));
#7185 = DIRECTION('',(-1.678841393868E-22,8.742273394091E-08,-1.));
#7186 = ADVANCED_FACE('',(#7187),#7209,.T.);
#7187 = FACE_BOUND('',#7188,.T.);
#7188 = EDGE_LOOP('',(#7189,#7196,#7197,#7204));
#7189 = ORIENTED_EDGE('',*,*,#7190,.T.);
#7190 = EDGE_CURVE('',#7191,#7157,#7193,.T.);
#7191 = VERTEX_POINT('',#7192);
#7192 = CARTESIAN_POINT('',(1.685001401083,6.515088454354,
    -3.211479908472));
#7193 = B_SPLINE_CURVE_WITH_KNOTS('',1,(#7194,#7195),.UNSPECIFIED.,.F.,
  .F.,(2,2),(-0.629658143355,3.418566446804E-04),
  .PIECEWISE_BEZIER_KNOTS.);
#7194 = CARTESIAN_POINT('',(1.685001401083,6.515088454354,
    -3.211479908472));
#7195 = CARTESIAN_POINT('',(1.685001428621,7.145088454354,
    -3.211479853396));
#7196 = ORIENTED_EDGE('',*,*,#7154,.F.);
#7197 = ORIENTED_EDGE('',*,*,#7198,.T.);
#7198 = EDGE_CURVE('',#7155,#7199,#7201,.T.);
#7199 = VERTEX_POINT('',#7200);
#7200 = CARTESIAN_POINT('',(1.685001401083,6.515088235797,
    -0.711479908472));
#7201 = B_SPLINE_CURVE_WITH_KNOTS('',1,(#7202,#7203),.UNSPECIFIED.,.F.,
  .F.,(2,2),(-3.418566446806E-04,0.629658143355),
  .PIECEWISE_BEZIER_KNOTS.);
#7202 = CARTESIAN_POINT('',(1.685001428621,7.145088235797,
    -0.711479853396));
#7203 = CARTESIAN_POINT('',(1.685001401083,6.515088235797,
    -0.711479908472));
#7204 = ORIENTED_EDGE('',*,*,#7205,.T.);
#7205 = EDGE_CURVE('',#7199,#7191,#7206,.T.);
#7206 = B_SPLINE_CURVE_WITH_KNOTS('',1,(#7207,#7208),.UNSPECIFIED.,.F.,
  .F.,(2,2),(-6.10568452315,-3.60568452315),.PIECEWISE_BEZIER_KNOTS.);
#7207 = CARTESIAN_POINT('',(1.685001401083,6.515088235797,
    -0.711479908472));
#7208 = CARTESIAN_POINT('',(1.685001401083,6.515088454354,
    -3.211479908472));
#7209 = PLANE('',#7210);
#7210 = AXIS2_PLACEMENT_3D('',#7211,#7212,#7213);
#7211 = CARTESIAN_POINT('',(1.685001428621,7.145088769572,
    -6.817164376546));
#7212 = DIRECTION('',(1.,-4.371138828674E-08,-3.821369236263E-15));
#7213 = DIRECTION('',(1.678841393868E-22,-8.742273394091E-08,1.));
#7214 = ADVANCED_FACE('',(#7215),#7237,.T.);
#7215 = FACE_BOUND('',#7216,.T.);
#7216 = EDGE_LOOP('',(#7217,#7224,#7225,#7232));
#7217 = ORIENTED_EDGE('',*,*,#7218,.T.);
#7218 = EDGE_CURVE('',#7219,#7191,#7221,.T.);
#7219 = VERTEX_POINT('',#7220);
#7220 = CARTESIAN_POINT('',(2.315001401083,6.515088426815,
    -3.211479908472));
#7221 = B_SPLINE_CURVE_WITH_KNOTS('',1,(#7222,#7223),.UNSPECIFIED.,.F.,
  .F.,(2,2),(0.,0.63),.PIECEWISE_BEZIER_KNOTS.);
#7222 = CARTESIAN_POINT('',(2.315001401083,6.515088426815,
    -3.211479908472));
#7223 = CARTESIAN_POINT('',(1.685001401083,6.515088454354,
    -3.211479908472));
#7224 = ORIENTED_EDGE('',*,*,#7205,.F.);
#7225 = ORIENTED_EDGE('',*,*,#7226,.T.);
#7226 = EDGE_CURVE('',#7199,#7227,#7229,.T.);
#7227 = VERTEX_POINT('',#7228);
#7228 = CARTESIAN_POINT('',(2.315001401083,6.515088208259,
    -0.711479908472));
#7229 = B_SPLINE_CURVE_WITH_KNOTS('',1,(#7230,#7231),.UNSPECIFIED.,.F.,
  .F.,(2,2),(-0.63,0.),.PIECEWISE_BEZIER_KNOTS.);
#7230 = CARTESIAN_POINT('',(1.685001401083,6.515088235797,
    -0.711479908472));
#7231 = CARTESIAN_POINT('',(2.315001401083,6.515088208259,
    -0.711479908472));
#7232 = ORIENTED_EDGE('',*,*,#7233,.T.);
#7233 = EDGE_CURVE('',#7227,#7219,#7234,.T.);
#7234 = B_SPLINE_CURVE_WITH_KNOTS('',1,(#7235,#7236),.UNSPECIFIED.,.F.,
  .F.,(2,2),(-6.10568452315,-3.60568452315),.PIECEWISE_BEZIER_KNOTS.);
#7235 = CARTESIAN_POINT('',(2.315001401083,6.515088208259,
    -0.711479908472));
#7236 = CARTESIAN_POINT('',(2.315001401083,6.515088426815,
    -3.211479908472));
#7237 = PLANE('',#7238);
#7238 = AXIS2_PLACEMENT_3D('',#7239,#7240,#7241);
#7239 = CARTESIAN_POINT('',(1.685001401083,6.515088769572,
    -6.817164431622));
#7240 = DIRECTION('',(4.371138828674E-08,1.,8.742273394091E-08));
#7241 = DIRECTION('',(1.678841393868E-22,-8.742273394091E-08,1.));
#7242 = ADVANCED_FACE('',(#7243),#7257,.T.);
#7243 = FACE_BOUND('',#7244,.T.);
#7244 = EDGE_LOOP('',(#7245,#7246,#7251,#7252));
#7245 = ORIENTED_EDGE('',*,*,#7170,.F.);
#7246 = ORIENTED_EDGE('',*,*,#7247,.T.);
#7247 = EDGE_CURVE('',#7164,#7219,#7248,.T.);
#7248 = B_SPLINE_CURVE_WITH_KNOTS('',1,(#7249,#7250),.UNSPECIFIED.,.F.,
  .F.,(2,2),(-3.418566446804E-04,0.629658143355),
  .PIECEWISE_BEZIER_KNOTS.);
#7249 = CARTESIAN_POINT('',(2.315001428621,7.145088426815,
    -3.211479853396));
#7250 = CARTESIAN_POINT('',(2.315001401083,6.515088426815,
    -3.211479908472));
#7251 = ORIENTED_EDGE('',*,*,#7233,.F.);
#7252 = ORIENTED_EDGE('',*,*,#7253,.T.);
#7253 = EDGE_CURVE('',#7227,#7171,#7254,.T.);
#7254 = B_SPLINE_CURVE_WITH_KNOTS('',1,(#7255,#7256),.UNSPECIFIED.,.F.,
  .F.,(2,2),(-0.629658143355,3.418566446806E-04),
  .PIECEWISE_BEZIER_KNOTS.);
#7255 = CARTESIAN_POINT('',(2.315001401083,6.515088208259,
    -0.711479908472));
#7256 = CARTESIAN_POINT('',(2.315001428621,7.145088208259,
    -0.711479853396));
#7257 = PLANE('',#7258);
#7258 = AXIS2_PLACEMENT_3D('',#7259,#7260,#7261);
#7259 = CARTESIAN_POINT('',(2.315001401083,6.515088742034,
    -6.817164431622));
#7260 = DIRECTION('',(-1.,4.371138828674E-08,3.821369236263E-15));
#7261 = DIRECTION('',(-1.678841393868E-22,8.742273394091E-08,-1.));
#7262 = ADVANCED_FACE('',(#7263,#7293),#7299,.T.);
#7263 = FACE_BOUND('',#7264,.T.);
#7264 = EDGE_LOOP('',(#7265,#7274,#7281,#7288));
#7265 = ORIENTED_EDGE('',*,*,#7266,.T.);
#7266 = EDGE_CURVE('',#7267,#7269,#7271,.T.);
#7267 = VERTEX_POINT('',#7268);
#7268 = CARTESIAN_POINT('',(1.23000146206,7.910088255685,-0.711479958379
    ));
#7269 = VERTEX_POINT('',#7270);
#7270 = CARTESIAN_POINT('',(1.230001367644,5.750088255685,
    -0.711480147212));
#7271 = B_SPLINE_CURVE_WITH_KNOTS('',1,(#7272,#7273),.UNSPECIFIED.,.F.,
  .F.,(2,2),(-2.16,0.),.PIECEWISE_BEZIER_KNOTS.);
#7272 = CARTESIAN_POINT('',(1.23000146206,7.910088255685,-0.711479958379
    ));
#7273 = CARTESIAN_POINT('',(1.230001367644,5.750088255685,
    -0.711480147212));
#7274 = ORIENTED_EDGE('',*,*,#7275,.T.);
#7275 = EDGE_CURVE('',#7269,#7276,#7278,.T.);
#7276 = VERTEX_POINT('',#7277);
#7277 = CARTESIAN_POINT('',(2.770001367644,5.75008818837,-0.711480147212
    ));
#7278 = B_SPLINE_CURVE_WITH_KNOTS('',1,(#7279,#7280),.UNSPECIFIED.,.F.,
  .F.,(2,2),(6.912819600653,8.452819600653),.PIECEWISE_BEZIER_KNOTS.);
#7279 = CARTESIAN_POINT('',(1.230001367644,5.750088255685,
    -0.711480147212));
#7280 = CARTESIAN_POINT('',(2.770001367644,5.75008818837,-0.711480147212
    ));
#7281 = ORIENTED_EDGE('',*,*,#7282,.T.);
#7282 = EDGE_CURVE('',#7276,#7283,#7285,.T.);
#7283 = VERTEX_POINT('',#7284);
#7284 = CARTESIAN_POINT('',(2.77000146206,7.91008818837,-0.711479958379)
  );
#7285 = B_SPLINE_CURVE_WITH_KNOTS('',1,(#7286,#7287),.UNSPECIFIED.,.F.,
  .F.,(2,2),(2.407350647363,4.567350647363),.PIECEWISE_BEZIER_KNOTS.);
#7286 = CARTESIAN_POINT('',(2.770001367644,5.75008818837,-0.711480147212
    ));
#7287 = CARTESIAN_POINT('',(2.77000146206,7.91008818837,-0.711479958379)
  );
#7288 = ORIENTED_EDGE('',*,*,#7289,.T.);
#7289 = EDGE_CURVE('',#7283,#7267,#7290,.T.);
#7290 = B_SPLINE_CURVE_WITH_KNOTS('',1,(#7291,#7292),.UNSPECIFIED.,.F.,
  .F.,(2,2),(-1.54,0.),.PIECEWISE_BEZIER_KNOTS.);
#7291 = CARTESIAN_POINT('',(2.77000146206,7.91008818837,-0.711479958379)
  );
#7292 = CARTESIAN_POINT('',(1.23000146206,7.910088255685,-0.711479958379
    ));
#7293 = FACE_BOUND('',#7294,.T.);
#7294 = EDGE_LOOP('',(#7295,#7296,#7297,#7298));
#7295 = ORIENTED_EDGE('',*,*,#7177,.F.);
#7296 = ORIENTED_EDGE('',*,*,#7253,.F.);
#7297 = ORIENTED_EDGE('',*,*,#7226,.F.);
#7298 = ORIENTED_EDGE('',*,*,#7198,.F.);
#7299 = PLANE('',#7300);
#7300 = AXIS2_PLACEMENT_3D('',#7301,#7302,#7303);
#7301 = CARTESIAN_POINT('',(2.785401463004,7.931688187697,
    -0.711479784629));
#7302 = DIRECTION('',(1.678841393868E-22,-8.742273394091E-08,1.));
#7303 = DIRECTION('',(4.371138828674E-08,1.,8.742273394091E-08));
#7304 = ADVANCED_FACE('',(#7305,#7335),#7341,.T.);
#7305 = FACE_BOUND('',#7306,.T.);
#7306 = EDGE_LOOP('',(#7307,#7316,#7323,#7330));
#7307 = ORIENTED_EDGE('',*,*,#7308,.T.);
#7308 = EDGE_CURVE('',#7309,#7311,#7313,.T.);
#7309 = VERTEX_POINT('',#7310);
#7310 = CARTESIAN_POINT('',(0.902740091338,7.7546112164,-3.211479971971)
  );
#7311 = VERTEX_POINT('',#7312);
#7312 = CARTESIAN_POINT('',(3.09726281919,7.754611120474,-3.211479971971
    ));
#7313 = B_SPLINE_CURVE_WITH_KNOTS('',1,(#7314,#7315),.UNSPECIFIED.,.F.,
  .F.,(2,2),(-7.953075196071,-5.758552468218),.PIECEWISE_BEZIER_KNOTS.);
#7314 = CARTESIAN_POINT('',(0.902740091338,7.7546112164,-3.211479971971)
  );
#7315 = CARTESIAN_POINT('',(3.09726281919,7.754611120474,-3.211479971971
    ));
#7316 = ORIENTED_EDGE('',*,*,#7317,.T.);
#7317 = EDGE_CURVE('',#7311,#7318,#7320,.T.);
#7318 = VERTEX_POINT('',#7319);
#7319 = CARTESIAN_POINT('',(3.097262738366,5.905565664769,-3.21148013362
    ));
#7320 = B_SPLINE_CURVE_WITH_KNOTS('',1,(#7321,#7322),.UNSPECIFIED.,.F.,
  .F.,(2,2),(-2.849045455705,-1.),.PIECEWISE_BEZIER_KNOTS.);
#7321 = CARTESIAN_POINT('',(3.09726281919,7.754611120474,-3.211479971971
    ));
#7322 = CARTESIAN_POINT('',(3.097262738366,5.905565664769,-3.21148013362
    ));
#7323 = ORIENTED_EDGE('',*,*,#7324,.T.);
#7324 = EDGE_CURVE('',#7318,#7325,#7327,.T.);
#7325 = VERTEX_POINT('',#7326);
#7326 = CARTESIAN_POINT('',(0.902740010514,5.905565760695,-3.21148013362
    ));
#7327 = B_SPLINE_CURVE_WITH_KNOTS('',1,(#7328,#7329),.UNSPECIFIED.,.F.,
  .F.,(2,2),(5.758552468218,7.953075196071),.PIECEWISE_BEZIER_KNOTS.);
#7328 = CARTESIAN_POINT('',(3.097262738366,5.905565664769,-3.21148013362
    ));
#7329 = CARTESIAN_POINT('',(0.902740010514,5.905565760695,-3.21148013362
    ));
#7330 = ORIENTED_EDGE('',*,*,#7331,.T.);
#7331 = EDGE_CURVE('',#7325,#7309,#7332,.T.);
#7332 = B_SPLINE_CURVE_WITH_KNOTS('',1,(#7333,#7334),.UNSPECIFIED.,.F.,
  .F.,(2,2),(1.,2.849045455705),.PIECEWISE_BEZIER_KNOTS.);
#7333 = CARTESIAN_POINT('',(0.902740010514,5.905565760695,-3.21148013362
    ));
#7334 = CARTESIAN_POINT('',(0.902740091338,7.7546112164,-3.211479971971)
  );
#7335 = FACE_BOUND('',#7336,.T.);
#7336 = EDGE_LOOP('',(#7337,#7338,#7339,#7340));
#7337 = ORIENTED_EDGE('',*,*,#7190,.F.);
#7338 = ORIENTED_EDGE('',*,*,#7218,.F.);
#7339 = ORIENTED_EDGE('',*,*,#7247,.F.);
#7340 = ORIENTED_EDGE('',*,*,#7163,.F.);
#7341 = PLANE('',#7342);
#7342 = AXIS2_PLACEMENT_3D('',#7343,#7344,#7345);
#7343 = CARTESIAN_POINT('',(3.295401456072,7.77310156637,-3.211479798493
    ));
#7344 = DIRECTION('',(-1.678841393868E-22,8.742273394091E-08,-1.));
#7345 = DIRECTION('',(-4.371138828674E-08,-1.,-8.742273394091E-08));
#7346 = ADVANCED_FACE('',(#7347),#7389,.T.);
#7347 = FACE_BOUND('',#7348,.T.);
#7348 = EDGE_LOOP('',(#7349,#7362,#7369,#7376,#7383));
#7349 = ORIENTED_EDGE('',*,*,#7350,.T.);
#7350 = EDGE_CURVE('',#7351,#7353,#7355,.T.);
#7351 = VERTEX_POINT('',#7352);
#7352 = CARTESIAN_POINT('',(0.73000137444,5.905565753144,-3.038741497546
    ));
#7353 = VERTEX_POINT('',#7354);
#7354 = CARTESIAN_POINT('',(0.780595347361,5.854971786478,-3.16088616291
    ));
#7355 = B_SPLINE_CURVE_WITH_KNOTS('',3,(#7356,#7357,#7358,#7359,#7360,
    #7361),.UNSPECIFIED.,.F.,.F.,(4,2,4),(0.,8.595855935325E-02,
    0.149436059475),.UNSPECIFIED.);
#7356 = CARTESIAN_POINT('',(0.73000137444,5.905565753144,-3.038741497546
    ));
#7357 = CARTESIAN_POINT('',(0.73000137444,5.905565755656,-3.067472043084
    ));
#7358 = CARTESIAN_POINT('',(0.737137854473,5.89842927734,-3.094254534343
    ));
#7359 = CARTESIAN_POINT('',(0.757548666709,5.878018466817,
    -3.134250246645));
#7360 = CARTESIAN_POINT('',(0.768501104709,5.86706602913,-3.148789552987
    ));
#7361 = CARTESIAN_POINT('',(0.780595347361,5.854971786478,-3.16088616291
    ));
#7362 = ORIENTED_EDGE('',*,*,#7363,.T.);
#7363 = EDGE_CURVE('',#7353,#7364,#7366,.T.);
#7364 = VERTEX_POINT('',#7365);
#7365 = CARTESIAN_POINT('',(1.075478631486,5.560088450794,
    -2.866002891675));
#7366 = B_SPLINE_CURVE_WITH_KNOTS('',1,(#7367,#7368),.UNSPECIFIED.,.F.,
  .F.,(2,2),(8.213445167632,8.724198020364),.PIECEWISE_BEZIER_KNOTS.);
#7367 = CARTESIAN_POINT('',(0.780595347361,5.854971786478,-3.16088616291
    ));
#7368 = CARTESIAN_POINT('',(1.075478631486,5.560088450794,
    -2.866002891675));
#7369 = ORIENTED_EDGE('',*,*,#7370,.T.);
#7370 = EDGE_CURVE('',#7364,#7371,#7373,.T.);
#7371 = VERTEX_POINT('',#7372);
#7372 = CARTESIAN_POINT('',(1.075478631486,5.56008827905,-0.901480163822
    ));
#7373 = B_SPLINE_CURVE_WITH_KNOTS('',1,(#7374,#7375),.UNSPECIFIED.,.F.,
  .F.,(2,2),(7.281659094967,9.24618182282),.PIECEWISE_BEZIER_KNOTS.);
#7374 = CARTESIAN_POINT('',(1.075478631486,5.560088450794,
    -2.866002891675));
#7375 = CARTESIAN_POINT('',(1.075478631486,5.56008827905,-0.901480163822
    ));
#7376 = ORIENTED_EDGE('',*,*,#7377,.T.);
#7377 = EDGE_CURVE('',#7371,#7378,#7380,.T.);
#7378 = VERTEX_POINT('',#7379);
#7379 = CARTESIAN_POINT('',(0.73000137444,5.905565536096,-0.556002861472
    ));
#7380 = B_SPLINE_CURVE_WITH_KNOTS('',1,(#7381,#7382),.UNSPECIFIED.,.F.,
  .F.,(2,2),(5.189805544457,5.788189732677),.PIECEWISE_BEZIER_KNOTS.);
#7381 = CARTESIAN_POINT('',(1.075478631486,5.56008827905,-0.901480163822
    ));
#7382 = CARTESIAN_POINT('',(0.73000137444,5.905565536096,-0.556002861472
    ));
#7383 = ORIENTED_EDGE('',*,*,#7384,.T.);
#7384 = EDGE_CURVE('',#7378,#7351,#7385,.T.);
#7385 = B_SPLINE_CURVE_WITH_KNOTS('',1,(#7386,#7387,#7388),
  .UNSPECIFIED.,.F.,.F.,(2,1,2),(11.250666299226,11.406143571374,
    13.7334049353),.UNSPECIFIED.);
#7386 = CARTESIAN_POINT('',(0.73000137444,5.905565536096,-0.556002861472
    ));
#7387 = CARTESIAN_POINT('',(0.73000137444,5.905565549689,-0.71148013362)
  );
#7388 = CARTESIAN_POINT('',(0.73000137444,5.905565753144,-3.038741497546
    ));
#7389 = PLANE('',#7390);
#7390 = AXIS2_PLACEMENT_3D('',#7391,#7392,#7393);
#7391 = CARTESIAN_POINT('',(0.722930306937,5.912636838688,
    -3.238034905723));
#7392 = DIRECTION('',(-0.707106812095,-0.707106750278,
    -6.181720506186E-08));
#7393 = DIRECTION('',(0.707106750278,-0.707106812095,-6.18172107016E-08)
  );
#7394 = ADVANCED_FACE('',(#7395),#7451,.T.);
#7395 = FACE_BOUND('',#7396,.T.);
#7396 = EDGE_LOOP('',(#7397,#7406,#7411,#7412,#7419,#7426,#7431,#7432,
    #7439,#7446));
#7397 = ORIENTED_EDGE('',*,*,#7398,.T.);
#7398 = EDGE_CURVE('',#7399,#7401,#7403,.T.);
#7399 = VERTEX_POINT('',#7400);
#7400 = CARTESIAN_POINT('',(3.270001380695,6.048666784174,
    -0.412901477347));
#7401 = VERTEX_POINT('',#7402);
#7402 = CARTESIAN_POINT('',(2.770001380695,6.04866680603,-0.412901477347
    ));
#7403 = B_SPLINE_CURVE_WITH_KNOTS('',1,(#7404,#7405),.UNSPECIFIED.,.F.,
  .F.,(2,2),(2.062842712475,2.562842712475),.PIECEWISE_BEZIER_KNOTS.);
#7404 = CARTESIAN_POINT('',(3.270001380695,6.048666784174,
    -0.412901477347));
#7405 = CARTESIAN_POINT('',(2.770001380695,6.04866680603,-0.412901477347
    ));
#7406 = ORIENTED_EDGE('',*,*,#7407,.T.);
#7407 = EDGE_CURVE('',#7401,#7276,#7408,.T.);
#7408 = B_SPLINE_CURVE_WITH_KNOTS('',1,(#7409,#7410),.UNSPECIFIED.,.F.,
  .F.,(2,2),(-8.875073568098,-8.452819600653),.PIECEWISE_BEZIER_KNOTS.);
#7409 = CARTESIAN_POINT('',(2.770001380695,6.04866680603,-0.412901477347
    ));
#7410 = CARTESIAN_POINT('',(2.770001367644,5.75008818837,-0.711480147212
    ));
#7411 = ORIENTED_EDGE('',*,*,#7275,.F.);
#7412 = ORIENTED_EDGE('',*,*,#7413,.T.);
#7413 = EDGE_CURVE('',#7269,#7414,#7416,.T.);
#7414 = VERTEX_POINT('',#7415);
#7415 = CARTESIAN_POINT('',(1.230001380695,6.048666873346,
    -0.412901477347));
#7416 = B_SPLINE_CURVE_WITH_KNOTS('',1,(#7417,#7418),.UNSPECIFIED.,.F.,
  .F.,(2,2),(-6.912819600653,-6.490565633209),.PIECEWISE_BEZIER_KNOTS.);
#7417 = CARTESIAN_POINT('',(1.230001367644,5.750088255685,
    -0.711480147212));
#7418 = CARTESIAN_POINT('',(1.230001380695,6.048666873346,
    -0.412901477347));
#7419 = ORIENTED_EDGE('',*,*,#7420,.T.);
#7420 = EDGE_CURVE('',#7414,#7421,#7423,.T.);
#7421 = VERTEX_POINT('',#7422);
#7422 = CARTESIAN_POINT('',(0.730001380695,6.048666895201,
    -0.412901477347));
#7423 = B_SPLINE_CURVE_WITH_KNOTS('',1,(#7424,#7425),.UNSPECIFIED.,.F.,
  .F.,(2,2),(-2.062842712475,-1.562842712475),.PIECEWISE_BEZIER_KNOTS.);
#7424 = CARTESIAN_POINT('',(1.230001380695,6.048666873346,
    -0.412901477347));
#7425 = CARTESIAN_POINT('',(0.730001380695,6.048666895201,
    -0.412901477347));
#7426 = ORIENTED_EDGE('',*,*,#7427,.T.);
#7427 = EDGE_CURVE('',#7421,#7378,#7428,.T.);
#7428 = B_SPLINE_CURVE_WITH_KNOTS('',1,(#7429,#7430),.UNSPECIFIED.,.F.,
  .F.,(2,2),(-5.990565633209,-5.788189732677),.PIECEWISE_BEZIER_KNOTS.);
#7429 = CARTESIAN_POINT('',(0.730001380695,6.048666895201,
    -0.412901477347));
#7430 = CARTESIAN_POINT('',(0.73000137444,5.905565536096,-0.556002861472
    ));
#7431 = ORIENTED_EDGE('',*,*,#7377,.F.);
#7432 = ORIENTED_EDGE('',*,*,#7433,.T.);
#7433 = EDGE_CURVE('',#7371,#7434,#7436,.T.);
#7434 = VERTEX_POINT('',#7435);
#7435 = CARTESIAN_POINT('',(2.924524087191,5.560088198226,
    -0.901480163823));
#7436 = B_SPLINE_CURVE_WITH_KNOTS('',1,(#7437,#7438),.UNSPECIFIED.,.F.,
  .F.,(2,2),(1.619045455705,3.46809091141),.PIECEWISE_BEZIER_KNOTS.);
#7437 = CARTESIAN_POINT('',(1.075478631486,5.56008827905,-0.901480163822
    ));
#7438 = CARTESIAN_POINT('',(2.924524087191,5.560088198226,
    -0.901480163823));
#7439 = ORIENTED_EDGE('',*,*,#7440,.T.);
#7440 = EDGE_CURVE('',#7434,#7441,#7443,.T.);
#7441 = VERTEX_POINT('',#7442);
#7442 = CARTESIAN_POINT('',(3.27000137444,5.905565425069,-0.556002861472
    ));
#7443 = B_SPLINE_CURVE_WITH_KNOTS('',1,(#7444,#7445),.UNSPECIFIED.,.F.,
  .F.,(2,2),(5.62676837644,6.225152564659),.PIECEWISE_BEZIER_KNOTS.);
#7444 = CARTESIAN_POINT('',(2.924524087191,5.560088198226,
    -0.901480163823));
#7445 = CARTESIAN_POINT('',(3.27000137444,5.905565425069,-0.556002861472
    ));
#7446 = ORIENTED_EDGE('',*,*,#7447,.T.);
#7447 = EDGE_CURVE('',#7441,#7399,#7448,.T.);
#7448 = B_SPLINE_CURVE_WITH_KNOTS('',1,(#7449,#7450),.UNSPECIFIED.,.F.,
  .F.,(2,2),(-2.742375900532,-2.54),.PIECEWISE_BEZIER_KNOTS.);
#7449 = CARTESIAN_POINT('',(3.27000137444,5.905565425069,-0.556002861472
    ));
#7450 = CARTESIAN_POINT('',(3.270001380695,6.048666784174,
    -0.412901477347));
#7451 = PLANE('',#7452);
#7452 = AXIS2_PLACEMENT_3D('',#7453,#7454,#7455);
#7453 = CARTESIAN_POINT('',(3.295401359029,5.553017114821,
    -0.908551232253));
#7454 = DIRECTION('',(-3.090861902909E-08,-0.707106843004,0.707106719369
    ));
#7455 = DIRECTION('',(-3.090861907263E-08,-0.707106719369,
    -0.707106843004));
#7456 = ADVANCED_FACE('',(#7457),#7473,.T.);
#7457 = FACE_BOUND('',#7458,.T.);
#7458 = EDGE_LOOP('',(#7459,#7460,#7467,#7472));
#7459 = ORIENTED_EDGE('',*,*,#7266,.F.);
#7460 = ORIENTED_EDGE('',*,*,#7461,.T.);
#7461 = EDGE_CURVE('',#7267,#7462,#7464,.T.);
#7462 = VERTEX_POINT('',#7463);
#7463 = CARTESIAN_POINT('',(1.230001449009,7.61150958582,-0.412901340719
    ));
#7464 = B_SPLINE_CURVE_WITH_KNOTS('',1,(#7465,#7466),.UNSPECIFIED.,.F.,
  .F.,(2,2),(0.,0.422253967444),.PIECEWISE_BEZIER_KNOTS.);
#7465 = CARTESIAN_POINT('',(1.23000146206,7.910088255685,-0.711479958379
    ));
#7466 = CARTESIAN_POINT('',(1.230001449009,7.61150958582,-0.412901340719
    ));
#7467 = ORIENTED_EDGE('',*,*,#7468,.T.);
#7468 = EDGE_CURVE('',#7462,#7414,#7469,.T.);
#7469 = B_SPLINE_CURVE_WITH_KNOTS('',1,(#7470,#7471),.UNSPECIFIED.,.F.,
  .F.,(2,2),(-3.625685424949,-2.062842712475),.PIECEWISE_BEZIER_KNOTS.);
#7470 = CARTESIAN_POINT('',(1.230001449009,7.61150958582,-0.412901340719
    ));
#7471 = CARTESIAN_POINT('',(1.230001380695,6.048666873346,
    -0.412901477347));
#7472 = ORIENTED_EDGE('',*,*,#7413,.F.);
#7473 = PLANE('',#7474);
#7474 = AXIS2_PLACEMENT_3D('',#7475,#7476,#7477);
#7475 = CARTESIAN_POINT('',(1.230001463004,7.931688228709,
    -0.402901312728));
#7476 = DIRECTION('',(1.,-4.371138828674E-08,-3.821369236263E-15));
#7477 = DIRECTION('',(1.678841393868E-22,-8.742273394091E-08,1.));
#7478 = ADVANCED_FACE('',(#7479),#7495,.T.);
#7479 = FACE_BOUND('',#7480,.T.);
#7480 = EDGE_LOOP('',(#7481,#7482,#7483,#7490));
#7481 = ORIENTED_EDGE('',*,*,#7282,.F.);
#7482 = ORIENTED_EDGE('',*,*,#7407,.F.);
#7483 = ORIENTED_EDGE('',*,*,#7484,.T.);
#7484 = EDGE_CURVE('',#7401,#7485,#7487,.T.);
#7485 = VERTEX_POINT('',#7486);
#7486 = CARTESIAN_POINT('',(2.770001449009,7.611509518505,
    -0.412901340719));
#7487 = B_SPLINE_CURVE_WITH_KNOTS('',1,(#7488,#7489),.UNSPECIFIED.,.F.,
  .F.,(2,2),(2.562842712475,4.125685424949),.PIECEWISE_BEZIER_KNOTS.);
#7488 = CARTESIAN_POINT('',(2.770001380695,6.04866680603,-0.412901477347
    ));
#7489 = CARTESIAN_POINT('',(2.770001449009,7.611509518505,
    -0.412901340719));
#7490 = ORIENTED_EDGE('',*,*,#7491,.T.);
#7491 = EDGE_CURVE('',#7485,#7283,#7492,.T.);
#7492 = B_SPLINE_CURVE_WITH_KNOTS('',1,(#7493,#7494),.UNSPECIFIED.,.F.,
  .F.,(2,2),(-1.962253967444,-1.54),.PIECEWISE_BEZIER_KNOTS.);
#7493 = CARTESIAN_POINT('',(2.770001449009,7.611509518505,
    -0.412901340719));
#7494 = CARTESIAN_POINT('',(2.77000146206,7.91008818837,-0.711479958379)
  );
#7495 = PLANE('',#7496);
#7496 = AXIS2_PLACEMENT_3D('',#7497,#7498,#7499);
#7497 = CARTESIAN_POINT('',(2.770001463004,7.931688161393,
    -0.402901312728));
#7498 = DIRECTION('',(-1.,4.371138828674E-08,3.821369236263E-15));
#7499 = DIRECTION('',(-1.678841393868E-22,8.742273394091E-08,-1.));
#7500 = ADVANCED_FACE('',(#7501),#7517,.T.);
#7501 = FACE_BOUND('',#7502,.T.);
#7502 = EDGE_LOOP('',(#7503,#7504,#7505,#7512));
#7503 = ORIENTED_EDGE('',*,*,#7484,.F.);
#7504 = ORIENTED_EDGE('',*,*,#7398,.F.);
#7505 = ORIENTED_EDGE('',*,*,#7506,.T.);
#7506 = EDGE_CURVE('',#7399,#7507,#7509,.T.);
#7507 = VERTEX_POINT('',#7508);
#7508 = CARTESIAN_POINT('',(3.270001449009,7.611509496649,
    -0.412901340719));
#7509 = B_SPLINE_CURVE_WITH_KNOTS('',1,(#7510,#7511),.UNSPECIFIED.,.F.,
  .F.,(2,2),(-1.920695885155,-0.35785317268),.PIECEWISE_BEZIER_KNOTS.);
#7510 = CARTESIAN_POINT('',(3.270001380695,6.048666784174,
    -0.412901477347));
#7511 = CARTESIAN_POINT('',(3.270001449009,7.611509496649,
    -0.412901340719));
#7512 = ORIENTED_EDGE('',*,*,#7513,.T.);
#7513 = EDGE_CURVE('',#7507,#7485,#7514,.T.);
#7514 = B_SPLINE_CURVE_WITH_KNOTS('',1,(#7515,#7516),.UNSPECIFIED.,.F.,
  .F.,(2,2),(-2.462253967444,-1.962253967444),.PIECEWISE_BEZIER_KNOTS.);
#7515 = CARTESIAN_POINT('',(3.270001449009,7.611509496649,
    -0.412901340719));
#7516 = CARTESIAN_POINT('',(2.770001449009,7.611509518505,
    -0.412901340719));
#7517 = PLANE('',#7518);
#7518 = AXIS2_PLACEMENT_3D('',#7519,#7520,#7521);
#7519 = CARTESIAN_POINT('',(3.280001449692,7.627137923337,
    -0.412901339353));
#7520 = DIRECTION('',(1.678841393868E-22,-8.742273394091E-08,1.));
#7521 = DIRECTION('',(4.371138828674E-08,1.,8.742273394091E-08));
#7522 = ADVANCED_FACE('',(#7523),#7539,.T.);
#7523 = FACE_BOUND('',#7524,.T.);
#7524 = EDGE_LOOP('',(#7525,#7532,#7537,#7538));
#7525 = ORIENTED_EDGE('',*,*,#7526,.T.);
#7526 = EDGE_CURVE('',#7462,#7527,#7529,.T.);
#7527 = VERTEX_POINT('',#7528);
#7528 = CARTESIAN_POINT('',(0.730001449009,7.611509607676,
    -0.412901340719));
#7529 = B_SPLINE_CURVE_WITH_KNOTS('',1,(#7530,#7531),.UNSPECIFIED.,.F.,
  .F.,(2,2),(-6.412819600653,-5.912819600653),.PIECEWISE_BEZIER_KNOTS.);
#7530 = CARTESIAN_POINT('',(1.230001449009,7.61150958582,-0.412901340719
    ));
#7531 = CARTESIAN_POINT('',(0.730001449009,7.611509607676,
    -0.412901340719));
#7532 = ORIENTED_EDGE('',*,*,#7533,.T.);
#7533 = EDGE_CURVE('',#7527,#7421,#7534,.T.);
#7534 = B_SPLINE_CURVE_WITH_KNOTS('',1,(#7535,#7536),.UNSPECIFIED.,.F.,
  .F.,(2,2),(9.485447686219,11.048290398694),.PIECEWISE_BEZIER_KNOTS.);
#7535 = CARTESIAN_POINT('',(0.730001449009,7.611509607676,
    -0.412901340719));
#7536 = CARTESIAN_POINT('',(0.730001380695,6.048666895201,
    -0.412901477347));
#7537 = ORIENTED_EDGE('',*,*,#7420,.F.);
#7538 = ORIENTED_EDGE('',*,*,#7468,.F.);
#7539 = PLANE('',#7540);
#7540 = AXIS2_PLACEMENT_3D('',#7541,#7542,#7543);
#7541 = CARTESIAN_POINT('',(0.720001449692,7.627138035238,
    -0.412901339353));
#7542 = DIRECTION('',(1.678841393868E-22,-8.742273394091E-08,1.));
#7543 = DIRECTION('',(4.371138828674E-08,1.,8.742273394091E-08));
#7544 = ADVANCED_FACE('',(#7545),#7585,.T.);
#7545 = FACE_BOUND('',#7546,.T.);
#7546 = EDGE_LOOP('',(#7547,#7548,#7549,#7550,#7551,#7558,#7565,#7572,
    #7579,#7584));
#7547 = ORIENTED_EDGE('',*,*,#7461,.F.);
#7548 = ORIENTED_EDGE('',*,*,#7289,.F.);
#7549 = ORIENTED_EDGE('',*,*,#7491,.F.);
#7550 = ORIENTED_EDGE('',*,*,#7513,.F.);
#7551 = ORIENTED_EDGE('',*,*,#7552,.T.);
#7552 = EDGE_CURVE('',#7507,#7553,#7555,.T.);
#7553 = VERTEX_POINT('',#7554);
#7554 = CARTESIAN_POINT('',(3.270001455264,7.754610880774,
    -0.556002699824));
#7555 = B_SPLINE_CURVE_WITH_KNOTS('',1,(#7556,#7557),.UNSPECIFIED.,.F.,
  .F.,(2,2),(2.462253967444,2.664629867977),.PIECEWISE_BEZIER_KNOTS.);
#7556 = CARTESIAN_POINT('',(3.270001449009,7.611509496649,
    -0.412901340719));
#7557 = CARTESIAN_POINT('',(3.270001455264,7.754610880774,
    -0.556002699824));
#7558 = ORIENTED_EDGE('',*,*,#7559,.T.);
#7559 = EDGE_CURVE('',#7553,#7560,#7562,.T.);
#7560 = VERTEX_POINT('',#7561);
#7561 = CARTESIAN_POINT('',(2.924524198218,8.100088198226,
    -0.901479941769));
#7562 = B_SPLINE_CURVE_WITH_KNOTS('',1,(#7563,#7564),.UNSPECIFIED.,.F.,
  .F.,(2,2),(-0.40838418822,0.19),.PIECEWISE_BEZIER_KNOTS.);
#7563 = CARTESIAN_POINT('',(3.270001455264,7.754610880774,
    -0.556002699824));
#7564 = CARTESIAN_POINT('',(2.924524198218,8.100088198226,
    -0.901479941769));
#7565 = ORIENTED_EDGE('',*,*,#7566,.T.);
#7566 = EDGE_CURVE('',#7560,#7567,#7569,.T.);
#7567 = VERTEX_POINT('',#7568);
#7568 = CARTESIAN_POINT('',(1.075478742513,8.10008827905,-0.901479941769
    ));
#7569 = B_SPLINE_CURVE_WITH_KNOTS('',1,(#7570,#7571),.UNSPECIFIED.,.F.,
  .F.,(2,2),(-3.46809091141,-1.619045455705),.PIECEWISE_BEZIER_KNOTS.);
#7570 = CARTESIAN_POINT('',(2.924524198218,8.100088198226,
    -0.901479941769));
#7571 = CARTESIAN_POINT('',(1.075478742513,8.10008827905,-0.901479941769
    ));
#7572 = ORIENTED_EDGE('',*,*,#7573,.T.);
#7573 = EDGE_CURVE('',#7567,#7574,#7576,.T.);
#7574 = VERTEX_POINT('',#7575);
#7575 = CARTESIAN_POINT('',(0.730001455264,7.754610991801,
    -0.556002699824));
#7576 = B_SPLINE_CURVE_WITH_KNOTS('',1,(#7577,#7578),.UNSPECIFIED.,.F.,
  .F.,(2,2),(1.964522727852,2.562906916072),.PIECEWISE_BEZIER_KNOTS.);
#7577 = CARTESIAN_POINT('',(1.075478742513,8.10008827905,-0.901479941769
    ));
#7578 = CARTESIAN_POINT('',(0.730001455264,7.754610991801,
    -0.556002699824));
#7579 = ORIENTED_EDGE('',*,*,#7580,.T.);
#7580 = EDGE_CURVE('',#7574,#7527,#7581,.T.);
#7581 = B_SPLINE_CURVE_WITH_KNOTS('',1,(#7582,#7583),.UNSPECIFIED.,.F.,
  .F.,(2,2),(5.710443700121,5.912819600653),.PIECEWISE_BEZIER_KNOTS.);
#7582 = CARTESIAN_POINT('',(0.730001455264,7.754610991801,
    -0.556002699824));
#7583 = CARTESIAN_POINT('',(0.730001449009,7.611509607676,
    -0.412901340719));
#7584 = ORIENTED_EDGE('',*,*,#7526,.F.);
#7585 = PLANE('',#7586);
#7586 = AXIS2_PLACEMENT_3D('',#7587,#7588,#7589);
#7587 = CARTESIAN_POINT('',(3.295401470675,8.107159250444,
    -0.908551008962));
#7588 = DIRECTION('',(3.090861922611E-08,0.707106719369,0.707106843004)
  );
#7589 = DIRECTION('',(-3.090861907263E-08,-0.707106843004,0.707106719369
    ));
#7590 = ADVANCED_FACE('',(#7591),#7610,.T.);
#7591 = FACE_BOUND('',#7592,.T.);
#7592 = EDGE_LOOP('',(#7593,#7600,#7601,#7602,#7603,#7604));
#7593 = ORIENTED_EDGE('',*,*,#7594,.T.);
#7594 = EDGE_CURVE('',#7595,#7351,#7597,.T.);
#7595 = VERTEX_POINT('',#7596);
#7596 = CARTESIAN_POINT('',(0.730001455264,7.754611208849,
    -3.038741335897));
#7597 = B_SPLINE_CURVE_WITH_KNOTS('',1,(#7598,#7599),.UNSPECIFIED.,.F.,
  .F.,(2,2),(-2.849045455705,-1.),.PIECEWISE_BEZIER_KNOTS.);
#7598 = CARTESIAN_POINT('',(0.730001455264,7.754611208849,
    -3.038741335897));
#7599 = CARTESIAN_POINT('',(0.73000137444,5.905565753144,-3.038741497546
    ));
#7600 = ORIENTED_EDGE('',*,*,#7384,.F.);
#7601 = ORIENTED_EDGE('',*,*,#7427,.F.);
#7602 = ORIENTED_EDGE('',*,*,#7533,.F.);
#7603 = ORIENTED_EDGE('',*,*,#7580,.F.);
#7604 = ORIENTED_EDGE('',*,*,#7605,.T.);
#7605 = EDGE_CURVE('',#7574,#7595,#7606,.T.);
#7606 = B_SPLINE_CURVE_WITH_KNOTS('',1,(#7607,#7608,#7609),
  .UNSPECIFIED.,.F.,.F.,(2,1,2),(2.562906916072,2.71838418822,
    5.045645552146),.UNSPECIFIED.);
#7607 = CARTESIAN_POINT('',(0.730001455264,7.754610991801,
    -0.556002699824));
#7608 = CARTESIAN_POINT('',(0.730001455264,7.754611005394,
    -0.711479971971));
#7609 = CARTESIAN_POINT('',(0.730001455264,7.754611208849,
    -3.038741335897));
#7610 = PLANE('',#7611);
#7611 = AXIS2_PLACEMENT_3D('',#7612,#7613,#7614);
#7612 = CARTESIAN_POINT('',(0.730001456072,7.773101431401,
    -0.384915540155));
#7613 = DIRECTION('',(-1.,4.371138828674E-08,3.821369236263E-15));
#7614 = DIRECTION('',(-1.678841393868E-22,8.742273394091E-08,-1.));
#7615 = ADVANCED_FACE('',(#7616),#7643,.T.);
#7616 = FACE_BOUND('',#7617,.T.);
#7617 = EDGE_LOOP('',(#7618,#7619,#7620,#7627,#7634));
#7618 = ORIENTED_EDGE('',*,*,#7605,.F.);
#7619 = ORIENTED_EDGE('',*,*,#7573,.F.);
#7620 = ORIENTED_EDGE('',*,*,#7621,.T.);
#7621 = EDGE_CURVE('',#7567,#7622,#7624,.T.);
#7622 = VERTEX_POINT('',#7623);
#7623 = CARTESIAN_POINT('',(1.075478742513,8.100088450794,
    -2.866002669621));
#7624 = B_SPLINE_CURVE_WITH_KNOTS('',1,(#7625,#7626),.UNSPECIFIED.,.F.,
  .F.,(2,2),(-9.24618182282,-7.281659094967),.PIECEWISE_BEZIER_KNOTS.);
#7625 = CARTESIAN_POINT('',(1.075478742513,8.10008827905,-0.901479941769
    ));
#7626 = CARTESIAN_POINT('',(1.075478742513,8.100088450794,
    -2.866002669621));
#7627 = ORIENTED_EDGE('',*,*,#7628,.T.);
#7628 = EDGE_CURVE('',#7622,#7629,#7631,.T.);
#7629 = VERTEX_POINT('',#7630);
#7630 = CARTESIAN_POINT('',(0.780595432609,7.805205192449,
    -3.160885992415));
#7631 = B_SPLINE_CURVE_WITH_KNOTS('',1,(#7632,#7633),.UNSPECIFIED.,.F.,
  .F.,(2,2),(-3.13838418822,-2.627631335487),.PIECEWISE_BEZIER_KNOTS.);
#7632 = CARTESIAN_POINT('',(1.075478742513,8.100088450794,
    -2.866002669621));
#7633 = CARTESIAN_POINT('',(0.780595432609,7.805205192449,
    -3.160885992415));
#7634 = ORIENTED_EDGE('',*,*,#7635,.T.);
#7635 = EDGE_CURVE('',#7629,#7595,#7636,.T.);
#7636 = B_SPLINE_CURVE_WITH_KNOTS('',3,(#7637,#7638,#7639,#7640,#7641,
    #7642),.UNSPECIFIED.,.F.,.F.,(4,2,4),(-0.149436059475,
    -8.595855064777E-02,0.),.UNSPECIFIED.);
#7637 = CARTESIAN_POINT('',(0.780595432609,7.805205192449,
    -3.160885992415));
#7638 = CARTESIAN_POINT('',(0.768501188899,7.793110948739,
    -3.148789384607));
#7639 = CARTESIAN_POINT('',(0.757548749941,7.782158509467,-3.13425008018
    ));
#7640 = CARTESIAN_POINT('',(0.737137938721,7.761747696535,
    -3.094254376931));
#7641 = CARTESIAN_POINT('',(0.730001458667,7.754611214764,
    -3.067471894207));
#7642 = CARTESIAN_POINT('',(0.730001455264,7.754611208849,
    -3.038741335897));
#7643 = PLANE('',#7644);
#7644 = AXIS2_PLACEMENT_3D('',#7645,#7646,#7647);
#7645 = CARTESIAN_POINT('',(1.082549810634,8.107159314029,
    -0.529447896282));
#7646 = DIRECTION('',(-0.707106750278,0.707106812095,6.181720563805E-08)
  );
#7647 = DIRECTION('',(0.707106812095,0.707106750278,6.181720529737E-08)
  );
#7648 = ADVANCED_FACE('',(#7649),#7685,.T.);
#7649 = FACE_BOUND('',#7650,.T.);
#7650 = EDGE_LOOP('',(#7651,#7666,#7672,#7673,#7680));
#7651 = ORIENTED_EDGE('',*,*,#7652,.T.);
#7652 = EDGE_CURVE('',#7653,#7655,#7657,.T.);
#7653 = VERTEX_POINT('',#7654);
#7654 = CARTESIAN_POINT('',(3.219407397095,5.854971679874,-3.16088616291
    ));
#7655 = VERTEX_POINT('',#7656);
#7656 = CARTESIAN_POINT('',(3.27000137444,5.905565642117,-3.038741497546
    ));
#7657 = B_SPLINE_CURVE_WITH_KNOTS('',3,(#7658,#7659,#7660,#7661,#7662,
    #7663,#7664,#7665),.UNSPECIFIED.,.F.,.F.,(4,2,2,4),(0.184202012118,
    0.247585477026,0.290135351222,0.332827726053),.UNSPECIFIED.);
#7658 = CARTESIAN_POINT('',(3.219407397095,5.854971679874,-3.16088616291
    ));
#7659 = CARTESIAN_POINT('',(3.231500545179,5.867064825843,
    -3.148790848509));
#7660 = CARTESIAN_POINT('',(3.242453052569,5.878017331004,
    -3.134252259468));
#7661 = CARTESIAN_POINT('',(3.256945204181,5.892509478867,
    -3.105854375583));
#7662 = CARTESIAN_POINT('',(3.261690274408,5.897254547698,
    -3.093421332193));
#7663 = CARTESIAN_POINT('',(3.268264479859,5.903828750245,
    -3.066776519121));
#7664 = CARTESIAN_POINT('',(3.27000137444,5.905565643354,-3.052886572076
    ));
#7665 = CARTESIAN_POINT('',(3.27000137444,5.905565642117,-3.038741497546
    ));
#7666 = ORIENTED_EDGE('',*,*,#7667,.T.);
#7667 = EDGE_CURVE('',#7655,#7441,#7668,.T.);
#7668 = B_SPLINE_CURVE_WITH_KNOTS('',1,(#7669,#7670,#7671),
  .UNSPECIFIED.,.F.,.F.,(2,1,2),(-4.605810421761,-2.278549057834,
    -2.123071785687),.UNSPECIFIED.);
#7669 = CARTESIAN_POINT('',(3.27000137444,5.905565642117,-3.038741497546
    ));
#7670 = CARTESIAN_POINT('',(3.27000137444,5.905565438662,-0.71148013362)
  );
#7671 = CARTESIAN_POINT('',(3.27000137444,5.905565425069,-0.556002861472
    ));
#7672 = ORIENTED_EDGE('',*,*,#7440,.F.);
#7673 = ORIENTED_EDGE('',*,*,#7674,.T.);
#7674 = EDGE_CURVE('',#7434,#7675,#7677,.T.);
#7675 = VERTEX_POINT('',#7676);
#7676 = CARTESIAN_POINT('',(2.924524087191,5.56008836997,-2.866002891675
    ));
#7677 = B_SPLINE_CURVE_WITH_KNOTS('',1,(#7678,#7679),.UNSPECIFIED.,.F.,
  .F.,(2,2),(-5.62676837644,-3.662245648587),.PIECEWISE_BEZIER_KNOTS.);
#7678 = CARTESIAN_POINT('',(2.924524087191,5.560088198226,
    -0.901480163823));
#7679 = CARTESIAN_POINT('',(2.924524087191,5.56008836997,-2.866002891675
    ));
#7680 = ORIENTED_EDGE('',*,*,#7681,.T.);
#7681 = EDGE_CURVE('',#7675,#7653,#7682,.T.);
#7682 = B_SPLINE_CURVE_WITH_KNOTS('',1,(#7683,#7684),.UNSPECIFIED.,.F.,
  .F.,(2,2),(4.987429643925,5.498182496657),.PIECEWISE_BEZIER_KNOTS.);
#7683 = CARTESIAN_POINT('',(2.924524087191,5.56008836997,-2.866002891675
    ));
#7684 = CARTESIAN_POINT('',(3.219407397095,5.854971679874,-3.16088616291
    ));
#7685 = PLANE('',#7686);
#7686 = AXIS2_PLACEMENT_3D('',#7687,#7688,#7689);
#7687 = CARTESIAN_POINT('',(3.277072442561,5.912636727043,
    -3.238034905723));
#7688 = DIRECTION('',(0.707106750278,-0.707106812095,-6.181721028945E-08
    ));
#7689 = DIRECTION('',(-0.707106812095,-0.707106750278,
    -6.181720529737E-08));
#7690 = ADVANCED_FACE('',(#7691),#7719,.T.);
#7691 = FACE_BOUND('',#7692,.T.);
#7692 = EDGE_LOOP('',(#7693,#7694,#7703,#7704,#7709,#7710));
#7693 = ORIENTED_EDGE('',*,*,#7324,.F.);
#7694 = ORIENTED_EDGE('',*,*,#7695,.T.);
#7695 = EDGE_CURVE('',#7318,#7653,#7696,.T.);
#7696 = B_SPLINE_CURVE_WITH_KNOTS('',3,(#7697,#7698,#7699,#7700,#7701,
    #7702),.UNSPECIFIED.,.F.,.F.,(4,2,4),(0.,8.595868405518E-02,
    0.149436291399),.UNSPECIFIED.);
#7697 = CARTESIAN_POINT('',(3.097262738366,5.905565664769,-3.21148013362
    ));
#7698 = CARTESIAN_POINT('',(3.125993296675,5.90556566011,-3.211480130217
    ));
#7699 = CARTESIAN_POINT('',(3.152775779712,5.898429178574,
    -3.204343651099));
#7700 = CARTESIAN_POINT('',(3.192771483853,5.878018364713,
    -3.183932842555));
#7701 = CARTESIAN_POINT('',(3.207310788759,5.867065924641,
    -3.172980405034));
#7702 = CARTESIAN_POINT('',(3.219407397095,5.854971679874,-3.16088616291
    ));
#7703 = ORIENTED_EDGE('',*,*,#7681,.F.);
#7704 = ORIENTED_EDGE('',*,*,#7705,.T.);
#7705 = EDGE_CURVE('',#7675,#7364,#7706,.T.);
#7706 = B_SPLINE_CURVE_WITH_KNOTS('',1,(#7707,#7708),.UNSPECIFIED.,.F.,
  .F.,(2,2),(-4.987429643925,-3.13838418822),.PIECEWISE_BEZIER_KNOTS.);
#7707 = CARTESIAN_POINT('',(2.924524087191,5.56008836997,-2.866002891675
    ));
#7708 = CARTESIAN_POINT('',(1.075478631486,5.560088450794,
    -2.866002891675));
#7709 = ORIENTED_EDGE('',*,*,#7363,.F.);
#7710 = ORIENTED_EDGE('',*,*,#7711,.T.);
#7711 = EDGE_CURVE('',#7353,#7325,#7712,.T.);
#7712 = B_SPLINE_CURVE_WITH_KNOTS('',3,(#7713,#7714,#7715,#7716,#7717,
    #7718),.UNSPECIFIED.,.F.,.F.,(4,2,4),(-0.149486407896,
    -8.60357124907E-02,0.),.UNSPECIFIED.);
#7713 = CARTESIAN_POINT('',(0.780595347361,5.854971786478,-3.16088616291
    ));
#7714 = CARTESIAN_POINT('',(0.792690661234,5.867064934562,
    -3.172979309408));
#7715 = CARTESIAN_POINT('',(0.807229249795,5.878017441795,
    -3.183931815361));
#7716 = CARTESIAN_POINT('',(0.847260080639,5.898446177284,
    -3.204360549029));
#7717 = CARTESIAN_POINT('',(0.874047194751,5.905565761949,-3.21148013362
    ));
#7718 = CARTESIAN_POINT('',(0.902740010514,5.905565760695,-3.21148013362
    ));
#7719 = PLANE('',#7720);
#7720 = AXIS2_PLACEMENT_3D('',#7721,#7722,#7723);
#7721 = CARTESIAN_POINT('',(0.704601374749,5.912636837786,
    -3.218551200814));
#7722 = DIRECTION('',(-3.090861911188E-08,-0.707106719369,
    -0.707106843004));
#7723 = DIRECTION('',(-3.090861907263E-08,-0.707106843004,0.707106719369
    ));
#7724 = ADVANCED_FACE('',(#7725),#7744,.T.);
#7725 = FACE_BOUND('',#7726,.T.);
#7726 = EDGE_LOOP('',(#7727,#7735,#7736,#7737,#7738,#7739));
#7727 = ORIENTED_EDGE('',*,*,#7728,.T.);
#7728 = EDGE_CURVE('',#7729,#7553,#7731,.T.);
#7729 = VERTEX_POINT('',#7730);
#7730 = CARTESIAN_POINT('',(3.270001455264,7.754611097822,
    -3.038741335898));
#7731 = B_SPLINE_CURVE_WITH_KNOTS('',1,(#7732,#7733,#7734),
  .UNSPECIFIED.,.F.,.F.,(2,1,2),(-2.891122824294,-0.563861460367,
    -0.40838418822),.UNSPECIFIED.);
#7732 = CARTESIAN_POINT('',(3.270001455264,7.754611097822,
    -3.038741335898));
#7733 = CARTESIAN_POINT('',(3.270001455264,7.754610894367,
    -0.711479971971));
#7734 = CARTESIAN_POINT('',(3.270001455264,7.754610880774,
    -0.556002699824));
#7735 = ORIENTED_EDGE('',*,*,#7552,.F.);
#7736 = ORIENTED_EDGE('',*,*,#7506,.F.);
#7737 = ORIENTED_EDGE('',*,*,#7447,.F.);
#7738 = ORIENTED_EDGE('',*,*,#7667,.F.);
#7739 = ORIENTED_EDGE('',*,*,#7740,.T.);
#7740 = EDGE_CURVE('',#7655,#7729,#7741,.T.);
#7741 = B_SPLINE_CURVE_WITH_KNOTS('',1,(#7742,#7743),.UNSPECIFIED.,.F.,
  .F.,(2,2),(1.,2.849045455705),.PIECEWISE_BEZIER_KNOTS.);
#7742 = CARTESIAN_POINT('',(3.27000137444,5.905565642117,-3.038741497546
    ));
#7743 = CARTESIAN_POINT('',(3.270001455264,7.754611097822,
    -3.038741335898));
#7744 = PLANE('',#7745);
#7745 = AXIS2_PLACEMENT_3D('',#7746,#7747,#7748);
#7746 = CARTESIAN_POINT('',(3.270001456072,7.773101320375,
    -0.384915540155));
#7747 = DIRECTION('',(1.,-4.371138828674E-08,-3.821369236263E-15));
#7748 = DIRECTION('',(1.678841393868E-22,-8.742273394091E-08,1.));
#7749 = ADVANCED_FACE('',(#7750),#7786,.T.);
#7750 = FACE_BOUND('',#7751,.T.);
#7751 = EDGE_LOOP('',(#7752,#7761,#7762,#7769,#7776,#7785));
#7752 = ORIENTED_EDGE('',*,*,#7753,.T.);
#7753 = EDGE_CURVE('',#7309,#7629,#7754,.T.);
#7754 = B_SPLINE_CURVE_WITH_KNOTS('',3,(#7755,#7756,#7757,#7758,#7759,
    #7760),.UNSPECIFIED.,.F.,.F.,(4,2,4),(0.,8.603571249071E-02,
    0.149486407896),.UNSPECIFIED.);
#7755 = CARTESIAN_POINT('',(0.902740091338,7.7546112164,-3.211479971971)
  );
#7756 = CARTESIAN_POINT('',(0.874047275576,7.754611217654,
    -3.211479971971));
#7757 = CARTESIAN_POINT('',(0.847260162086,7.761730803416,
    -3.204360386135));
#7758 = CARTESIAN_POINT('',(0.807229333028,7.782159538833,
    -3.183931648896));
#7759 = CARTESIAN_POINT('',(0.792690745424,7.793112045422,
    -3.172979141028));
#7760 = CARTESIAN_POINT('',(0.780595432609,7.805205192449,
    -3.160885992415));
#7761 = ORIENTED_EDGE('',*,*,#7628,.F.);
#7762 = ORIENTED_EDGE('',*,*,#7763,.T.);
#7763 = EDGE_CURVE('',#7622,#7764,#7766,.T.);
#7764 = VERTEX_POINT('',#7765);
#7765 = CARTESIAN_POINT('',(2.924524198218,8.10008836997,-2.866002669621
    ));
#7766 = B_SPLINE_CURVE_WITH_KNOTS('',1,(#7767,#7768),.UNSPECIFIED.,.F.,
  .F.,(2,2),(3.13838418822,4.987429643925),.PIECEWISE_BEZIER_KNOTS.);
#7767 = CARTESIAN_POINT('',(1.075478742513,8.100088450794,
    -2.866002669621));
#7768 = CARTESIAN_POINT('',(2.924524198218,8.10008836997,-2.866002669621
    ));
#7769 = ORIENTED_EDGE('',*,*,#7770,.T.);
#7770 = EDGE_CURVE('',#7764,#7771,#7773,.T.);
#7771 = VERTEX_POINT('',#7772);
#7772 = CARTESIAN_POINT('',(3.219407482343,7.805205085845,
    -3.160885992415));
#7773 = B_SPLINE_CURVE_WITH_KNOTS('',1,(#7774,#7775),.UNSPECIFIED.,.F.,
  .F.,(2,2),(-3.662245648587,-3.151492795855),.PIECEWISE_BEZIER_KNOTS.);
#7774 = CARTESIAN_POINT('',(2.924524198218,8.10008836997,-2.866002669621
    ));
#7775 = CARTESIAN_POINT('',(3.219407482343,7.805205085845,
    -3.160885992415));
#7776 = ORIENTED_EDGE('',*,*,#7777,.T.);
#7777 = EDGE_CURVE('',#7771,#7311,#7778,.T.);
#7778 = B_SPLINE_CURVE_WITH_KNOTS('',3,(#7779,#7780,#7781,#7782,#7783,
    #7784),.UNSPECIFIED.,.F.,.F.,(4,2,4),(-0.149436291399,
    -8.595868405518E-02,0.),.UNSPECIFIED.);
#7779 = CARTESIAN_POINT('',(3.219407482343,7.805205085845,
    -3.160885992415));
#7780 = CARTESIAN_POINT('',(3.207310872949,7.79311084425,-3.172980236653
    ));
#7781 = CARTESIAN_POINT('',(3.192771567086,7.782158407364,-3.18393267609
    ));
#7782 = CARTESIAN_POINT('',(3.15277586116,7.761747600568,-3.204343488203
    ));
#7783 = CARTESIAN_POINT('',(3.1259933775,7.754611122621,-3.211479968568)
  );
#7784 = CARTESIAN_POINT('',(3.09726281919,7.754611120474,-3.211479971971
    ));
#7785 = ORIENTED_EDGE('',*,*,#7308,.F.);
#7786 = PLANE('',#7787);
#7787 = AXIS2_PLACEMENT_3D('',#7788,#7789,#7790);
#7788 = CARTESIAN_POINT('',(3.295401470675,8.107159420952,
    -2.858931601191));
#7789 = DIRECTION('',(3.090861907263E-08,0.707106843004,-0.707106719369)
  );
#7790 = DIRECTION('',(-3.090861907263E-08,-0.707106719369,
    -0.707106843004));
#7791 = ADVANCED_FACE('',(#7792),#7813,.T.);
#7792 = FACE_BOUND('',#7793,.T.);
#7793 = EDGE_LOOP('',(#7794,#7795,#7800,#7801,#7802));
#7794 = ORIENTED_EDGE('',*,*,#7770,.F.);
#7795 = ORIENTED_EDGE('',*,*,#7796,.T.);
#7796 = EDGE_CURVE('',#7764,#7560,#7797,.T.);
#7797 = B_SPLINE_CURVE_WITH_KNOTS('',1,(#7798,#7799),.UNSPECIFIED.,.F.,
  .F.,(2,2),(3.662245648587,5.62676837644),.PIECEWISE_BEZIER_KNOTS.);
#7798 = CARTESIAN_POINT('',(2.924524198218,8.10008836997,-2.866002669621
    ));
#7799 = CARTESIAN_POINT('',(2.924524198218,8.100088198226,
    -0.901479941769));
#7800 = ORIENTED_EDGE('',*,*,#7559,.F.);
#7801 = ORIENTED_EDGE('',*,*,#7728,.F.);
#7802 = ORIENTED_EDGE('',*,*,#7803,.T.);
#7803 = EDGE_CURVE('',#7729,#7771,#7804,.T.);
#7804 = B_SPLINE_CURVE_WITH_KNOTS('',3,(#7805,#7806,#7807,#7808,#7809,
    #7810,#7811,#7812),.UNSPECIFIED.,.F.,.F.,(4,2,2,4),(-0.332827726053,
    -0.290135351222,-0.247585477026,-0.184202012118),.UNSPECIFIED.);
#7805 = CARTESIAN_POINT('',(3.270001455264,7.754611097822,
    -3.038741335898));
#7806 = CARTESIAN_POINT('',(3.270001455264,7.754611099059,
    -3.052886410427));
#7807 = CARTESIAN_POINT('',(3.268264560835,7.756347994748,
    -3.066776357168));
#7808 = CARTESIAN_POINT('',(3.261690355959,7.762922202528,
    -3.093421169091));
#7809 = CARTESIAN_POINT('',(3.256945286147,7.767667273948,
    -3.105854211651));
#7810 = CARTESIAN_POINT('',(3.242453135802,7.782159428043,
    -3.134252093003));
#7811 = CARTESIAN_POINT('',(3.23150062937,7.793111936703,-3.148790680128
    ));
#7812 = CARTESIAN_POINT('',(3.219407482343,7.805205085845,
    -3.160885992415));
#7813 = PLANE('',#7814);
#7814 = AXIS2_PLACEMENT_3D('',#7815,#7816,#7817);
#7815 = CARTESIAN_POINT('',(3.277072522767,7.747540047124,
    -3.238034745311));
#7816 = DIRECTION('',(0.707106812095,0.707106750278,6.181720292261E-08)
  );
#7817 = DIRECTION('',(0.707106750278,-0.707106812095,-6.18172107016E-08)
  );
#7818 = ADVANCED_FACE('',(#7819),#7827,.T.);
#7819 = FACE_BOUND('',#7820,.T.);
#7820 = EDGE_LOOP('',(#7821,#7822,#7823,#7824,#7825,#7826));
#7821 = ORIENTED_EDGE('',*,*,#7652,.F.);
#7822 = ORIENTED_EDGE('',*,*,#7695,.F.);
#7823 = ORIENTED_EDGE('',*,*,#7317,.F.);
#7824 = ORIENTED_EDGE('',*,*,#7777,.F.);
#7825 = ORIENTED_EDGE('',*,*,#7803,.F.);
#7826 = ORIENTED_EDGE('',*,*,#7740,.F.);
#7827 = ( BOUNDED_SURFACE() B_SPLINE_SURFACE(1,2,(
    (#7828,#7829,#7830)
    ,(#7831,#7832,#7833
)),.UNSPECIFIED.,.F.,.F.,.F.) B_SPLINE_SURFACE_WITH_KNOTS((2,2),(3,3),(
    0.,3.69),(0.,0.27133721504),.PIECEWISE_BEZIER_KNOTS.) 
GEOMETRIC_REPRESENTATION_ITEM() RATIONAL_B_SPLINE_SURFACE((
    (1.,0.707106781187,1.)
,(1.,0.707106781187,1.))) REPRESENTATION_ITEM('') SURFACE() );
#7828 = CARTESIAN_POINT('',(3.097262694655,4.905565664769,
    -3.211480221043));
#7829 = CARTESIAN_POINT('',(3.270001330728,4.905565657219,
    -3.211480221043));
#7830 = CARTESIAN_POINT('',(3.270001330728,4.905565642117,
    -3.038741584969));
#7831 = CARTESIAN_POINT('',(3.09726285595,8.595565664769,-3.211479898453
    ));
#7832 = CARTESIAN_POINT('',(3.270001492023,8.595565657218,
    -3.211479898453));
#7833 = CARTESIAN_POINT('',(3.270001492023,8.595565642117,
    -3.038741262379));
#7834 = ADVANCED_FACE('',(#7835),#7843,.T.);
#7835 = FACE_BOUND('',#7836,.T.);
#7836 = EDGE_LOOP('',(#7837,#7838,#7839,#7840,#7841,#7842));
#7837 = ORIENTED_EDGE('',*,*,#7753,.F.);
#7838 = ORIENTED_EDGE('',*,*,#7331,.F.);
#7839 = ORIENTED_EDGE('',*,*,#7711,.F.);
#7840 = ORIENTED_EDGE('',*,*,#7350,.F.);
#7841 = ORIENTED_EDGE('',*,*,#7594,.F.);
#7842 = ORIENTED_EDGE('',*,*,#7635,.F.);
#7843 = ( BOUNDED_SURFACE() B_SPLINE_SURFACE(2,1,(
    (#7844,#7845)
    ,(#7846,#7847)
    ,(#7848,#7849
)),.UNSPECIFIED.,.F.,.F.,.F.) B_SPLINE_SURFACE_WITH_KNOTS((3,3),(2,2),(
    0.,0.27133721504),(0.,3.69),.PIECEWISE_BEZIER_KNOTS.) 
GEOMETRIC_REPRESENTATION_ITEM() RATIONAL_B_SPLINE_SURFACE((
    (1.,1.)
    ,(0.707106781187,0.707106781187)
,(1.,1.))) REPRESENTATION_ITEM('') SURFACE() );
#7844 = CARTESIAN_POINT('',(0.902739966802,4.905565760695,
    -3.211480221043));
#7845 = CARTESIAN_POINT('',(0.902740128097,8.595565760695,
    -3.211479898453));
#7846 = CARTESIAN_POINT('',(0.730001330728,4.905565768245,
    -3.211480221043));
#7847 = CARTESIAN_POINT('',(0.730001492023,8.595565768245,
    -3.211479898453));
#7848 = CARTESIAN_POINT('',(0.730001330728,4.905565753144,
    -3.038741584969));
#7849 = CARTESIAN_POINT('',(0.730001492023,8.595565753144,
    -3.038741262379));
#7850 = SHELL_BASED_SURFACE_MODEL('',(#7851));
#7851 = OPEN_SHELL('',(#7852,#7920,#7992,#8028,#8056,#8093,#8127,#8150,
    #8180,#8217,#8239,#8289,#8311,#8333,#8355,#8377,#8403,#8416,#8458,
    #8500,#8520,#8536,#8552));
#7852 = ADVANCED_FACE('',(#7853),#7913,.T.);
#7853 = FACE_BOUND('',#7854,.T.);
#7854 = EDGE_LOOP('',(#7855,#7868,#7875,#7886,#7897,#7904));
#7855 = ORIENTED_EDGE('',*,*,#7856,.T.);
#7856 = EDGE_CURVE('',#7857,#7859,#7861,.T.);
#7857 = VERTEX_POINT('',#7858);
#7858 = CARTESIAN_POINT('',(0.780595210555,2.725205192449,
    -3.160886436523));
#7859 = VERTEX_POINT('',#7860);
#7860 = CARTESIAN_POINT('',(0.902739869284,2.6746112164,-3.211480416079)
  );
#7861 = B_SPLINE_CURVE_WITH_KNOTS('',3,(#7862,#7863,#7864,#7865,#7866,
    #7867),.UNSPECIFIED.,.F.,.F.,(4,2,4),(-0.149486407896,
    -8.603571249071E-02,0.),.UNSPECIFIED.);
#7862 = CARTESIAN_POINT('',(0.780595210555,2.725205192449,
    -3.160886436523));
#7863 = CARTESIAN_POINT('',(0.79269052337,2.713112045422,-3.172979585135
    ));
#7864 = CARTESIAN_POINT('',(0.807229110974,2.702159538833,
    -3.183932093004));
#7865 = CARTESIAN_POINT('',(0.847259940032,2.681730803416,
    -3.204360830243));
#7866 = CARTESIAN_POINT('',(0.874047053522,2.674611217654,
    -3.211480416079));
#7867 = CARTESIAN_POINT('',(0.902739869284,2.6746112164,-3.211480416079)
  );
#7868 = ORIENTED_EDGE('',*,*,#7869,.T.);
#7869 = EDGE_CURVE('',#7859,#7870,#7872,.T.);
#7870 = VERTEX_POINT('',#7871);
#7871 = CARTESIAN_POINT('',(0.90273978846,0.825565760695,-3.211480577727
    ));
#7872 = B_SPLINE_CURVE_WITH_KNOTS('',1,(#7873,#7874),.UNSPECIFIED.,.F.,
  .F.,(2,2),(-2.849045455705,-1.),.PIECEWISE_BEZIER_KNOTS.);
#7873 = CARTESIAN_POINT('',(0.902739869284,2.6746112164,-3.211480416079)
  );
#7874 = CARTESIAN_POINT('',(0.90273978846,0.825565760695,-3.211480577727
    ));
#7875 = ORIENTED_EDGE('',*,*,#7876,.T.);
#7876 = EDGE_CURVE('',#7870,#7877,#7879,.T.);
#7877 = VERTEX_POINT('',#7878);
#7878 = CARTESIAN_POINT('',(0.780595125308,0.774971786478,
    -3.160886607017));
#7879 = B_SPLINE_CURVE_WITH_KNOTS('',3,(#7880,#7881,#7882,#7883,#7884,
    #7885),.UNSPECIFIED.,.F.,.F.,(4,2,4),(0.,8.60357124907E-02,
    0.149486407896),.UNSPECIFIED.);
#7880 = CARTESIAN_POINT('',(0.90273978846,0.825565760695,-3.211480577727
    ));
#7881 = CARTESIAN_POINT('',(0.874046972698,0.825565761949,
    -3.211480577727));
#7882 = CARTESIAN_POINT('',(0.847259858585,0.818446177284,
    -3.204360993136));
#7883 = CARTESIAN_POINT('',(0.807229027742,0.798017441795,
    -3.183932259469));
#7884 = CARTESIAN_POINT('',(0.79269043918,0.787064934562,-3.172979753516
    ));
#7885 = CARTESIAN_POINT('',(0.780595125308,0.774971786478,
    -3.160886607017));
#7886 = ORIENTED_EDGE('',*,*,#7887,.T.);
#7887 = EDGE_CURVE('',#7877,#7888,#7890,.T.);
#7888 = VERTEX_POINT('',#7889);
#7889 = CARTESIAN_POINT('',(0.730001152386,0.825565753144,
    -3.038741941654));
#7890 = B_SPLINE_CURVE_WITH_KNOTS('',3,(#7891,#7892,#7893,#7894,#7895,
    #7896),.UNSPECIFIED.,.F.,.F.,(4,2,4),(-0.149436059475,
    -8.595855935325E-02,0.),.UNSPECIFIED.);
#7891 = CARTESIAN_POINT('',(0.780595125308,0.774971786478,
    -3.160886607017));
#7892 = CARTESIAN_POINT('',(0.768500882655,0.78706602913,-3.148789997095
    ));
#7893 = CARTESIAN_POINT('',(0.757548444655,0.798018466817,
    -3.134250690753));
#7894 = CARTESIAN_POINT('',(0.737137632419,0.81842927734,-3.09425497845)
  );
#7895 = CARTESIAN_POINT('',(0.730001152386,0.825565755656,
    -3.067472487192));
#7896 = CARTESIAN_POINT('',(0.730001152386,0.825565753144,
    -3.038741941654));
#7897 = ORIENTED_EDGE('',*,*,#7898,.T.);
#7898 = EDGE_CURVE('',#7888,#7899,#7901,.T.);
#7899 = VERTEX_POINT('',#7900);
#7900 = CARTESIAN_POINT('',(0.73000123321,2.674611208849,-3.038741780005
    ));
#7901 = B_SPLINE_CURVE_WITH_KNOTS('',1,(#7902,#7903),.UNSPECIFIED.,.F.,
  .F.,(2,2),(1.,2.849045455705),.PIECEWISE_BEZIER_KNOTS.);
#7902 = CARTESIAN_POINT('',(0.730001152386,0.825565753144,
    -3.038741941654));
#7903 = CARTESIAN_POINT('',(0.73000123321,2.674611208849,-3.038741780005
    ));
#7904 = ORIENTED_EDGE('',*,*,#7905,.T.);
#7905 = EDGE_CURVE('',#7899,#7857,#7906,.T.);
#7906 = B_SPLINE_CURVE_WITH_KNOTS('',3,(#7907,#7908,#7909,#7910,#7911,
    #7912),.UNSPECIFIED.,.F.,.F.,(4,2,4),(0.,8.595855064777E-02,
    0.149436059475),.UNSPECIFIED.);
#7907 = CARTESIAN_POINT('',(0.73000123321,2.674611208849,-3.038741780005
    ));
#7908 = CARTESIAN_POINT('',(0.730001236613,2.674611214764,
    -3.067472338314));
#7909 = CARTESIAN_POINT('',(0.737137716667,2.681747696535,
    -3.094254821039));
#7910 = CARTESIAN_POINT('',(0.757548527887,2.702158509467,
    -3.134250524288));
#7911 = CARTESIAN_POINT('',(0.768500966845,2.713110948739,
    -3.148789828715));
#7912 = CARTESIAN_POINT('',(0.780595210555,2.725205192449,
    -3.160886436523));
#7913 = ( BOUNDED_SURFACE() B_SPLINE_SURFACE(2,1,(
    (#7914,#7915)
    ,(#7916,#7917)
    ,(#7918,#7919
)),.UNSPECIFIED.,.F.,.F.,.F.) B_SPLINE_SURFACE_WITH_KNOTS((3,3),(2,2),(
    0.,0.27133721504),(0.,3.69),.PIECEWISE_BEZIER_KNOTS.) 
GEOMETRIC_REPRESENTATION_ITEM() RATIONAL_B_SPLINE_SURFACE((
    (1.,1.)
    ,(0.707106781187,0.707106781187)
,(1.,1.))) REPRESENTATION_ITEM('') SURFACE() );
#7914 = CARTESIAN_POINT('',(0.902739744748,-0.174434239305,
    -3.21148066515));
#7915 = CARTESIAN_POINT('',(0.902739906043,3.515565760695,-3.21148034256
    ));
#7916 = CARTESIAN_POINT('',(0.730001108675,-0.174434231755,
    -3.21148066515));
#7917 = CARTESIAN_POINT('',(0.73000126997,3.515565768245,-3.21148034256)
  );
#7918 = CARTESIAN_POINT('',(0.730001108675,-0.174434246856,
    -3.038742029076));
#7919 = CARTESIAN_POINT('',(0.73000126997,3.515565753144,-3.038741706486
    ));
#7920 = ADVANCED_FACE('',(#7921),#7985,.T.);
#7921 = FACE_BOUND('',#7922,.T.);
#7922 = EDGE_LOOP('',(#7923,#7938,#7949,#7956,#7967,#7980));
#7923 = ORIENTED_EDGE('',*,*,#7924,.T.);
#7924 = EDGE_CURVE('',#7925,#7927,#7929,.T.);
#7925 = VERTEX_POINT('',#7926);
#7926 = CARTESIAN_POINT('',(3.270001152386,0.825565642117,
    -3.038741941654));
#7927 = VERTEX_POINT('',#7928);
#7928 = CARTESIAN_POINT('',(3.219407175041,0.774971679874,
    -3.160886607017));
#7929 = B_SPLINE_CURVE_WITH_KNOTS('',3,(#7930,#7931,#7932,#7933,#7934,
    #7935,#7936,#7937),.UNSPECIFIED.,.F.,.F.,(4,2,2,4),(-0.332827726053,
    -0.290135351222,-0.247585477026,-0.184202012118),.UNSPECIFIED.);
#7930 = CARTESIAN_POINT('',(3.270001152386,0.825565642117,
    -3.038741941654));
#7931 = CARTESIAN_POINT('',(3.270001152386,0.825565643354,
    -3.052887016183));
#7932 = CARTESIAN_POINT('',(3.268264257805,0.823828750245,
    -3.066776963228));
#7933 = CARTESIAN_POINT('',(3.261690052354,0.817254547698,
    -3.093421776301));
#7934 = CARTESIAN_POINT('',(3.256944982128,0.812509478867,-3.10585481969
    ));
#7935 = CARTESIAN_POINT('',(3.242452830515,0.798017331004,
    -3.134252703576));
#7936 = CARTESIAN_POINT('',(3.231500323125,0.787064825843,
    -3.148791292616));
#7937 = CARTESIAN_POINT('',(3.219407175041,0.774971679874,
    -3.160886607017));
#7938 = ORIENTED_EDGE('',*,*,#7939,.T.);
#7939 = EDGE_CURVE('',#7927,#7940,#7942,.T.);
#7940 = VERTEX_POINT('',#7941);
#7941 = CARTESIAN_POINT('',(3.097262516312,0.825565664769,
    -3.211480577727));
#7942 = B_SPLINE_CURVE_WITH_KNOTS('',3,(#7943,#7944,#7945,#7946,#7947,
    #7948),.UNSPECIFIED.,.F.,.F.,(4,2,4),(-0.149436291399,
    -8.595868405518E-02,0.),.UNSPECIFIED.);
#7943 = CARTESIAN_POINT('',(3.219407175041,0.774971679874,
    -3.160886607017));
#7944 = CARTESIAN_POINT('',(3.207310566705,0.787065924641,
    -3.172980849141));
#7945 = CARTESIAN_POINT('',(3.192771261799,0.798018364713,
    -3.183933286663));
#7946 = CARTESIAN_POINT('',(3.152775557658,0.818429178574,
    -3.204344095207));
#7947 = CARTESIAN_POINT('',(3.125993074621,0.82556566011,-3.211480574324
    ));
#7948 = CARTESIAN_POINT('',(3.097262516312,0.825565664769,
    -3.211480577727));
#7949 = ORIENTED_EDGE('',*,*,#7950,.T.);
#7950 = EDGE_CURVE('',#7940,#7951,#7953,.T.);
#7951 = VERTEX_POINT('',#7952);
#7952 = CARTESIAN_POINT('',(3.097262597137,2.674611120474,
    -3.211480416079));
#7953 = B_SPLINE_CURVE_WITH_KNOTS('',1,(#7954,#7955),.UNSPECIFIED.,.F.,
  .F.,(2,2),(1.,2.849045455705),.PIECEWISE_BEZIER_KNOTS.);
#7954 = CARTESIAN_POINT('',(3.097262516312,0.825565664769,
    -3.211480577727));
#7955 = CARTESIAN_POINT('',(3.097262597137,2.674611120474,
    -3.211480416079));
#7956 = ORIENTED_EDGE('',*,*,#7957,.T.);
#7957 = EDGE_CURVE('',#7951,#7958,#7960,.T.);
#7958 = VERTEX_POINT('',#7959);
#7959 = CARTESIAN_POINT('',(3.219407260289,2.725205085845,
    -3.160886436523));
#7960 = B_SPLINE_CURVE_WITH_KNOTS('',3,(#7961,#7962,#7963,#7964,#7965,
    #7966),.UNSPECIFIED.,.F.,.F.,(4,2,4),(0.,8.595868405518E-02,
    0.149436291399),.UNSPECIFIED.);
#7961 = CARTESIAN_POINT('',(3.097262597137,2.674611120474,
    -3.211480416079));
#7962 = CARTESIAN_POINT('',(3.125993155446,2.674611122621,
    -3.211480412676));
#7963 = CARTESIAN_POINT('',(3.152775639106,2.681747600568,-3.20434393231
    ));
#7964 = CARTESIAN_POINT('',(3.192771345032,2.702158407364,
    -3.183933120198));
#7965 = CARTESIAN_POINT('',(3.207310650895,2.71311084425,-3.172980680761
    ));
#7966 = CARTESIAN_POINT('',(3.219407260289,2.725205085845,
    -3.160886436523));
#7967 = ORIENTED_EDGE('',*,*,#7968,.T.);
#7968 = EDGE_CURVE('',#7958,#7969,#7971,.T.);
#7969 = VERTEX_POINT('',#7970);
#7970 = CARTESIAN_POINT('',(3.27000123321,2.674611097822,-3.038741780005
    ));
#7971 = B_SPLINE_CURVE_WITH_KNOTS('',3,(#7972,#7973,#7974,#7975,#7976,
    #7977,#7978,#7979),.UNSPECIFIED.,.F.,.F.,(4,2,2,4),(0.184202012118,
    0.247585477026,0.290135351222,0.332827726053),.UNSPECIFIED.);
#7972 = CARTESIAN_POINT('',(3.219407260289,2.725205085845,
    -3.160886436523));
#7973 = CARTESIAN_POINT('',(3.231500407316,2.713111936703,
    -3.148791124236));
#7974 = CARTESIAN_POINT('',(3.242452913748,2.702159428043,
    -3.134252537111));
#7975 = CARTESIAN_POINT('',(3.256945064093,2.687667273948,
    -3.105854655759));
#7976 = CARTESIAN_POINT('',(3.261690133905,2.682922202528,
    -3.093421613199));
#7977 = CARTESIAN_POINT('',(3.268264338781,2.676347994748,
    -3.066776801276));
#7978 = CARTESIAN_POINT('',(3.27000123321,2.674611099059,-3.052886854535
    ));
#7979 = CARTESIAN_POINT('',(3.27000123321,2.674611097822,-3.038741780005
    ));
#7980 = ORIENTED_EDGE('',*,*,#7981,.T.);
#7981 = EDGE_CURVE('',#7969,#7925,#7982,.T.);
#7982 = B_SPLINE_CURVE_WITH_KNOTS('',1,(#7983,#7984),.UNSPECIFIED.,.F.,
  .F.,(2,2),(-2.849045455705,-1.),.PIECEWISE_BEZIER_KNOTS.);
#7983 = CARTESIAN_POINT('',(3.27000123321,2.674611097822,-3.038741780005
    ));
#7984 = CARTESIAN_POINT('',(3.270001152386,0.825565642117,
    -3.038741941654));
#7985 = ( BOUNDED_SURFACE() B_SPLINE_SURFACE(1,2,(
    (#7986,#7987,#7988)
    ,(#7989,#7990,#7991
)),.UNSPECIFIED.,.F.,.F.,.F.) B_SPLINE_SURFACE_WITH_KNOTS((2,2),(3,3),(
    0.,3.69),(0.,0.27133721504),.PIECEWISE_BEZIER_KNOTS.) 
GEOMETRIC_REPRESENTATION_ITEM() RATIONAL_B_SPLINE_SURFACE((
    (1.,0.707106781187,1.)
,(1.,0.707106781187,1.))) REPRESENTATION_ITEM('') SURFACE() );
#7986 = CARTESIAN_POINT('',(3.097262472601,-0.174434335231,
    -3.21148066515));
#7987 = CARTESIAN_POINT('',(3.270001108675,-0.174434342781,
    -3.21148066515));
#7988 = CARTESIAN_POINT('',(3.270001108675,-0.174434357883,
    -3.038742029076));
#7989 = CARTESIAN_POINT('',(3.097262633896,3.515565664769,-3.21148034256
    ));
#7990 = CARTESIAN_POINT('',(3.27000126997,3.515565657219,-3.21148034256)
  );
#7991 = CARTESIAN_POINT('',(3.27000126997,3.515565642117,-3.038741706487
    ));
#7992 = ADVANCED_FACE('',(#7993),#8023,.T.);
#7993 = FACE_BOUND('',#7994,.T.);
#7994 = EDGE_LOOP('',(#7995,#8002,#8009,#8016,#8022));
#7995 = ORIENTED_EDGE('',*,*,#7996,.T.);
#7996 = EDGE_CURVE('',#7958,#7997,#7999,.T.);
#7997 = VERTEX_POINT('',#7998);
#7998 = CARTESIAN_POINT('',(2.924523976164,3.02008836997,-2.866003113729
    ));
#7999 = B_SPLINE_CURVE_WITH_KNOTS('',1,(#8000,#8001),.UNSPECIFIED.,.F.,
  .F.,(2,2),(3.151492795855,3.662245648587),.PIECEWISE_BEZIER_KNOTS.);
#8000 = CARTESIAN_POINT('',(3.219407260289,2.725205085845,
    -3.160886436523));
#8001 = CARTESIAN_POINT('',(2.924523976164,3.02008836997,-2.866003113729
    ));
#8002 = ORIENTED_EDGE('',*,*,#8003,.T.);
#8003 = EDGE_CURVE('',#7997,#8004,#8006,.T.);
#8004 = VERTEX_POINT('',#8005);
#8005 = CARTESIAN_POINT('',(2.924523976164,3.020088198226,
    -0.901480385876));
#8006 = B_SPLINE_CURVE_WITH_KNOTS('',1,(#8007,#8008),.UNSPECIFIED.,.F.,
  .F.,(2,2),(3.662245648587,5.62676837644),.PIECEWISE_BEZIER_KNOTS.);
#8007 = CARTESIAN_POINT('',(2.924523976164,3.02008836997,-2.866003113729
    ));
#8008 = CARTESIAN_POINT('',(2.924523976164,3.020088198226,
    -0.901480385876));
#8009 = ORIENTED_EDGE('',*,*,#8010,.T.);
#8010 = EDGE_CURVE('',#8004,#8011,#8013,.T.);
#8011 = VERTEX_POINT('',#8012);
#8012 = CARTESIAN_POINT('',(3.27000123321,2.674610880774,-0.556003143931
    ));
#8013 = B_SPLINE_CURVE_WITH_KNOTS('',1,(#8014,#8015),.UNSPECIFIED.,.F.,
  .F.,(2,2),(-0.19,0.40838418822),.PIECEWISE_BEZIER_KNOTS.);
#8014 = CARTESIAN_POINT('',(2.924523976164,3.020088198226,
    -0.901480385876));
#8015 = CARTESIAN_POINT('',(3.27000123321,2.674610880774,-0.556003143931
    ));
#8016 = ORIENTED_EDGE('',*,*,#8017,.T.);
#8017 = EDGE_CURVE('',#8011,#7969,#8018,.T.);
#8018 = B_SPLINE_CURVE_WITH_KNOTS('',1,(#8019,#8020,#8021),
  .UNSPECIFIED.,.F.,.F.,(2,1,2),(0.40838418822,0.563861460367,
    2.891122824294),.UNSPECIFIED.);
#8019 = CARTESIAN_POINT('',(3.27000123321,2.674610880774,-0.556003143931
    ));
#8020 = CARTESIAN_POINT('',(3.27000123321,2.674610894367,-0.711480416079
    ));
#8021 = CARTESIAN_POINT('',(3.27000123321,2.674611097822,-3.038741780005
    ));
#8022 = ORIENTED_EDGE('',*,*,#7968,.F.);
#8023 = PLANE('',#8024);
#8024 = AXIS2_PLACEMENT_3D('',#8025,#8026,#8027);
#8025 = CARTESIAN_POINT('',(3.277072300713,2.667540047124,
    -3.238035189418));
#8026 = DIRECTION('',(0.707106812095,0.707106750278,6.181720323662E-08)
  );
#8027 = DIRECTION('',(0.707106750278,-0.707106812095,-6.18172107016E-08)
  );
#8028 = ADVANCED_FACE('',(#8029),#8051,.T.);
#8029 = FACE_BOUND('',#8030,.T.);
#8030 = EDGE_LOOP('',(#8031,#8032,#8039,#8044,#8045,#8046));
#8031 = ORIENTED_EDGE('',*,*,#7856,.F.);
#8032 = ORIENTED_EDGE('',*,*,#8033,.T.);
#8033 = EDGE_CURVE('',#7857,#8034,#8036,.T.);
#8034 = VERTEX_POINT('',#8035);
#8035 = CARTESIAN_POINT('',(1.075478520459,3.020088450794,
    -2.866003113729));
#8036 = B_SPLINE_CURVE_WITH_KNOTS('',1,(#8037,#8038),.UNSPECIFIED.,.F.,
  .F.,(2,2),(2.627631335487,3.13838418822),.PIECEWISE_BEZIER_KNOTS.);
#8037 = CARTESIAN_POINT('',(0.780595210555,2.725205192449,
    -3.160886436523));
#8038 = CARTESIAN_POINT('',(1.075478520459,3.020088450794,
    -2.866003113729));
#8039 = ORIENTED_EDGE('',*,*,#8040,.T.);
#8040 = EDGE_CURVE('',#8034,#7997,#8041,.T.);
#8041 = B_SPLINE_CURVE_WITH_KNOTS('',1,(#8042,#8043),.UNSPECIFIED.,.F.,
  .F.,(2,2),(3.13838418822,4.987429643925),.PIECEWISE_BEZIER_KNOTS.);
#8042 = CARTESIAN_POINT('',(1.075478520459,3.020088450794,
    -2.866003113729));
#8043 = CARTESIAN_POINT('',(2.924523976164,3.02008836997,-2.866003113729
    ));
#8044 = ORIENTED_EDGE('',*,*,#7996,.F.);
#8045 = ORIENTED_EDGE('',*,*,#7957,.F.);
#8046 = ORIENTED_EDGE('',*,*,#8047,.T.);
#8047 = EDGE_CURVE('',#7951,#7859,#8048,.T.);
#8048 = B_SPLINE_CURVE_WITH_KNOTS('',1,(#8049,#8050),.UNSPECIFIED.,.F.,
  .F.,(2,2),(5.758552468218,7.953075196071),.PIECEWISE_BEZIER_KNOTS.);
#8049 = CARTESIAN_POINT('',(3.097262597137,2.674611120474,
    -3.211480416079));
#8050 = CARTESIAN_POINT('',(0.902739869284,2.6746112164,-3.211480416079)
  );
#8051 = PLANE('',#8052);
#8052 = AXIS2_PLACEMENT_3D('',#8053,#8054,#8055);
#8053 = CARTESIAN_POINT('',(3.295401248621,3.027159420952,
    -2.858932045299));
#8054 = DIRECTION('',(3.090861899413E-08,0.707106843004,-0.707106719369)
  );
#8055 = DIRECTION('',(-3.090861907263E-08,-0.707106719369,
    -0.707106843004));
#8056 = ADVANCED_FACE('',(#8057),#8088,.T.);
#8057 = FACE_BOUND('',#8058,.T.);
#8058 = EDGE_LOOP('',(#8059,#8060,#8067,#8074,#8081,#8087));
#8059 = ORIENTED_EDGE('',*,*,#8017,.F.);
#8060 = ORIENTED_EDGE('',*,*,#8061,.T.);
#8061 = EDGE_CURVE('',#8011,#8062,#8064,.T.);
#8062 = VERTEX_POINT('',#8063);
#8063 = CARTESIAN_POINT('',(3.270001226955,2.531509496649,
    -0.412901784826));
#8064 = B_SPLINE_CURVE_WITH_KNOTS('',1,(#8065,#8066),.UNSPECIFIED.,.F.,
  .F.,(2,2),(-2.664629867977,-2.462253967444),.PIECEWISE_BEZIER_KNOTS.);
#8065 = CARTESIAN_POINT('',(3.27000123321,2.674610880774,-0.556003143931
    ));
#8066 = CARTESIAN_POINT('',(3.270001226955,2.531509496649,
    -0.412901784826));
#8067 = ORIENTED_EDGE('',*,*,#8068,.T.);
#8068 = EDGE_CURVE('',#8062,#8069,#8071,.T.);
#8069 = VERTEX_POINT('',#8070);
#8070 = CARTESIAN_POINT('',(3.270001158641,0.968666784174,
    -0.412901921454));
#8071 = B_SPLINE_CURVE_WITH_KNOTS('',1,(#8072,#8073),.UNSPECIFIED.,.F.,
  .F.,(2,2),(0.35785317268,1.920695885155),.PIECEWISE_BEZIER_KNOTS.);
#8072 = CARTESIAN_POINT('',(3.270001226955,2.531509496649,
    -0.412901784826));
#8073 = CARTESIAN_POINT('',(3.270001158641,0.968666784174,
    -0.412901921454));
#8074 = ORIENTED_EDGE('',*,*,#8075,.T.);
#8075 = EDGE_CURVE('',#8069,#8076,#8078,.T.);
#8076 = VERTEX_POINT('',#8077);
#8077 = CARTESIAN_POINT('',(3.270001152386,0.825565425069,-0.55600330558
    ));
#8078 = B_SPLINE_CURVE_WITH_KNOTS('',1,(#8079,#8080),.UNSPECIFIED.,.F.,
  .F.,(2,2),(2.54,2.742375900532),.PIECEWISE_BEZIER_KNOTS.);
#8079 = CARTESIAN_POINT('',(3.270001158641,0.968666784174,
    -0.412901921454));
#8080 = CARTESIAN_POINT('',(3.270001152386,0.825565425069,-0.55600330558
    ));
#8081 = ORIENTED_EDGE('',*,*,#8082,.T.);
#8082 = EDGE_CURVE('',#8076,#7925,#8083,.T.);
#8083 = B_SPLINE_CURVE_WITH_KNOTS('',1,(#8084,#8085,#8086),
  .UNSPECIFIED.,.F.,.F.,(2,1,2),(2.123071785687,2.278549057834,
    4.605810421761),.UNSPECIFIED.);
#8084 = CARTESIAN_POINT('',(3.270001152386,0.825565425069,-0.55600330558
    ));
#8085 = CARTESIAN_POINT('',(3.270001152386,0.825565438662,
    -0.711480577727));
#8086 = CARTESIAN_POINT('',(3.270001152386,0.825565642117,
    -3.038741941654));
#8087 = ORIENTED_EDGE('',*,*,#7981,.F.);
#8088 = PLANE('',#8089);
#8089 = AXIS2_PLACEMENT_3D('',#8090,#8091,#8092);
#8090 = CARTESIAN_POINT('',(3.270001234019,2.693101320375,
    -0.384915984262));
#8091 = DIRECTION('',(1.,-4.371138828674E-08,-3.821369236263E-15));
#8092 = DIRECTION('',(1.678841393868E-22,-8.742273394091E-08,1.));
#8093 = ADVANCED_FACE('',(#8094),#8122,.T.);
#8094 = FACE_BOUND('',#8095,.T.);
#8095 = EDGE_LOOP('',(#8096,#8101,#8102,#8109,#8116,#8121));
#8096 = ORIENTED_EDGE('',*,*,#8097,.T.);
#8097 = EDGE_CURVE('',#7870,#7940,#8098,.T.);
#8098 = B_SPLINE_CURVE_WITH_KNOTS('',1,(#8099,#8100),.UNSPECIFIED.,.F.,
  .F.,(2,2),(-7.953075196071,-5.758552468218),.PIECEWISE_BEZIER_KNOTS.);
#8099 = CARTESIAN_POINT('',(0.90273978846,0.825565760695,-3.211480577727
    ));
#8100 = CARTESIAN_POINT('',(3.097262516312,0.825565664769,
    -3.211480577727));
#8101 = ORIENTED_EDGE('',*,*,#7939,.F.);
#8102 = ORIENTED_EDGE('',*,*,#8103,.T.);
#8103 = EDGE_CURVE('',#7927,#8104,#8106,.T.);
#8104 = VERTEX_POINT('',#8105);
#8105 = CARTESIAN_POINT('',(2.924523865137,0.48008836997,-2.866003335782
    ));
#8106 = B_SPLINE_CURVE_WITH_KNOTS('',1,(#8107,#8108),.UNSPECIFIED.,.F.,
  .F.,(2,2),(-5.498182496657,-4.987429643925),.PIECEWISE_BEZIER_KNOTS.);
#8107 = CARTESIAN_POINT('',(3.219407175041,0.774971679874,
    -3.160886607017));
#8108 = CARTESIAN_POINT('',(2.924523865137,0.48008836997,-2.866003335782
    ));
#8109 = ORIENTED_EDGE('',*,*,#8110,.T.);
#8110 = EDGE_CURVE('',#8104,#8111,#8113,.T.);
#8111 = VERTEX_POINT('',#8112);
#8112 = CARTESIAN_POINT('',(1.075478409432,0.480088450794,
    -2.866003335782));
#8113 = B_SPLINE_CURVE_WITH_KNOTS('',1,(#8114,#8115),.UNSPECIFIED.,.F.,
  .F.,(2,2),(-4.987429643925,-3.13838418822),.PIECEWISE_BEZIER_KNOTS.);
#8114 = CARTESIAN_POINT('',(2.924523865137,0.48008836997,-2.866003335782
    ));
#8115 = CARTESIAN_POINT('',(1.075478409432,0.480088450794,
    -2.866003335782));
#8116 = ORIENTED_EDGE('',*,*,#8117,.T.);
#8117 = EDGE_CURVE('',#8111,#7877,#8118,.T.);
#8118 = B_SPLINE_CURVE_WITH_KNOTS('',1,(#8119,#8120),.UNSPECIFIED.,.F.,
  .F.,(2,2),(-8.724198020364,-8.213445167632),.PIECEWISE_BEZIER_KNOTS.);
#8119 = CARTESIAN_POINT('',(1.075478409432,0.480088450794,
    -2.866003335782));
#8120 = CARTESIAN_POINT('',(0.780595125308,0.774971786478,
    -3.160886607017));
#8121 = ORIENTED_EDGE('',*,*,#7876,.F.);
#8122 = PLANE('',#8123);
#8123 = AXIS2_PLACEMENT_3D('',#8124,#8125,#8126);
#8124 = CARTESIAN_POINT('',(0.704601152695,0.832636837786,
    -3.218551644921));
#8125 = DIRECTION('',(-3.090861895487E-08,-0.707106719369,
    -0.707106843004));
#8126 = DIRECTION('',(-3.090861907263E-08,-0.707106843004,0.707106719369
    ));
#8127 = ADVANCED_FACE('',(#8128),#8145,.T.);
#8128 = FACE_BOUND('',#8129,.T.);
#8129 = EDGE_LOOP('',(#8130,#8131,#8132,#8139,#8144));
#8130 = ORIENTED_EDGE('',*,*,#7924,.F.);
#8131 = ORIENTED_EDGE('',*,*,#8082,.F.);
#8132 = ORIENTED_EDGE('',*,*,#8133,.T.);
#8133 = EDGE_CURVE('',#8076,#8134,#8136,.T.);
#8134 = VERTEX_POINT('',#8135);
#8135 = CARTESIAN_POINT('',(2.924523865137,0.480088198226,-0.90148060793
    ));
#8136 = B_SPLINE_CURVE_WITH_KNOTS('',1,(#8137,#8138),.UNSPECIFIED.,.F.,
  .F.,(2,2),(-6.225152564659,-5.62676837644),.PIECEWISE_BEZIER_KNOTS.);
#8137 = CARTESIAN_POINT('',(3.270001152386,0.825565425069,-0.55600330558
    ));
#8138 = CARTESIAN_POINT('',(2.924523865137,0.480088198226,-0.90148060793
    ));
#8139 = ORIENTED_EDGE('',*,*,#8140,.T.);
#8140 = EDGE_CURVE('',#8134,#8104,#8141,.T.);
#8141 = B_SPLINE_CURVE_WITH_KNOTS('',1,(#8142,#8143),.UNSPECIFIED.,.F.,
  .F.,(2,2),(-5.62676837644,-3.662245648587),.PIECEWISE_BEZIER_KNOTS.);
#8142 = CARTESIAN_POINT('',(2.924523865137,0.480088198226,-0.90148060793
    ));
#8143 = CARTESIAN_POINT('',(2.924523865137,0.48008836997,-2.866003335782
    ));
#8144 = ORIENTED_EDGE('',*,*,#8103,.F.);
#8145 = PLANE('',#8146);
#8146 = AXIS2_PLACEMENT_3D('',#8147,#8148,#8149);
#8147 = CARTESIAN_POINT('',(3.277072220507,0.832636727043,
    -3.238035349831));
#8148 = DIRECTION('',(0.707106750278,-0.707106812095,-6.181721005394E-08
    ));
#8149 = DIRECTION('',(-0.707106812095,-0.707106750278,
    -6.181720529737E-08));
#8150 = ADVANCED_FACE('',(#8151),#8175,.T.);
#8151 = FACE_BOUND('',#8152,.T.);
#8152 = EDGE_LOOP('',(#8153,#8161,#8168,#8173,#8174));
#8153 = ORIENTED_EDGE('',*,*,#8154,.T.);
#8154 = EDGE_CURVE('',#7899,#8155,#8157,.T.);
#8155 = VERTEX_POINT('',#8156);
#8156 = CARTESIAN_POINT('',(0.73000123321,2.674610991801,-0.556003143931
    ));
#8157 = B_SPLINE_CURVE_WITH_KNOTS('',1,(#8158,#8159,#8160),
  .UNSPECIFIED.,.F.,.F.,(2,1,2),(-5.045645552146,-2.71838418822,
    -2.562906916072),.UNSPECIFIED.);
#8158 = CARTESIAN_POINT('',(0.73000123321,2.674611208849,-3.038741780005
    ));
#8159 = CARTESIAN_POINT('',(0.73000123321,2.674611005394,-0.711480416079
    ));
#8160 = CARTESIAN_POINT('',(0.73000123321,2.674610991801,-0.556003143931
    ));
#8161 = ORIENTED_EDGE('',*,*,#8162,.T.);
#8162 = EDGE_CURVE('',#8155,#8163,#8165,.T.);
#8163 = VERTEX_POINT('',#8164);
#8164 = CARTESIAN_POINT('',(1.075478520459,3.02008827905,-0.901480385876
    ));
#8165 = B_SPLINE_CURVE_WITH_KNOTS('',1,(#8166,#8167),.UNSPECIFIED.,.F.,
  .F.,(2,2),(-2.562906916072,-1.964522727852),.PIECEWISE_BEZIER_KNOTS.);
#8166 = CARTESIAN_POINT('',(0.73000123321,2.674610991801,-0.556003143931
    ));
#8167 = CARTESIAN_POINT('',(1.075478520459,3.02008827905,-0.901480385876
    ));
#8168 = ORIENTED_EDGE('',*,*,#8169,.T.);
#8169 = EDGE_CURVE('',#8163,#8034,#8170,.T.);
#8170 = B_SPLINE_CURVE_WITH_KNOTS('',1,(#8171,#8172),.UNSPECIFIED.,.F.,
  .F.,(2,2),(-9.24618182282,-7.281659094967),.PIECEWISE_BEZIER_KNOTS.);
#8171 = CARTESIAN_POINT('',(1.075478520459,3.02008827905,-0.901480385876
    ));
#8172 = CARTESIAN_POINT('',(1.075478520459,3.020088450794,
    -2.866003113729));
#8173 = ORIENTED_EDGE('',*,*,#8033,.F.);
#8174 = ORIENTED_EDGE('',*,*,#7905,.F.);
#8175 = PLANE('',#8176);
#8176 = AXIS2_PLACEMENT_3D('',#8177,#8178,#8179);
#8177 = CARTESIAN_POINT('',(1.08254958858,3.027159314029,-0.529448340389
    ));
#8178 = DIRECTION('',(-0.707106750278,0.707106812095,6.181720567731E-08)
  );
#8179 = DIRECTION('',(0.707106812095,0.707106750278,6.181720529737E-08)
  );
#8180 = ADVANCED_FACE('',(#8181),#8212,.T.);
#8181 = FACE_BOUND('',#8182,.T.);
#8182 = EDGE_LOOP('',(#8183,#8184,#8192,#8199,#8206,#8211));
#8183 = ORIENTED_EDGE('',*,*,#7898,.F.);
#8184 = ORIENTED_EDGE('',*,*,#8185,.T.);
#8185 = EDGE_CURVE('',#7888,#8186,#8188,.T.);
#8186 = VERTEX_POINT('',#8187);
#8187 = CARTESIAN_POINT('',(0.730001152386,0.825565536096,-0.55600330558
    ));
#8188 = B_SPLINE_CURVE_WITH_KNOTS('',1,(#8189,#8190,#8191),
  .UNSPECIFIED.,.F.,.F.,(2,1,2),(-13.7334049353,-11.40614357137,
    -11.25066629922),.UNSPECIFIED.);
#8189 = CARTESIAN_POINT('',(0.730001152386,0.825565753144,
    -3.038741941654));
#8190 = CARTESIAN_POINT('',(0.730001152386,0.825565549689,
    -0.711480577727));
#8191 = CARTESIAN_POINT('',(0.730001152386,0.825565536096,-0.55600330558
    ));
#8192 = ORIENTED_EDGE('',*,*,#8193,.T.);
#8193 = EDGE_CURVE('',#8186,#8194,#8196,.T.);
#8194 = VERTEX_POINT('',#8195);
#8195 = CARTESIAN_POINT('',(0.730001158641,0.968666895201,
    -0.412901921454));
#8196 = B_SPLINE_CURVE_WITH_KNOTS('',1,(#8197,#8198),.UNSPECIFIED.,.F.,
  .F.,(2,2),(5.788189732677,5.990565633209),.PIECEWISE_BEZIER_KNOTS.);
#8197 = CARTESIAN_POINT('',(0.730001152386,0.825565536096,-0.55600330558
    ));
#8198 = CARTESIAN_POINT('',(0.730001158641,0.968666895201,
    -0.412901921454));
#8199 = ORIENTED_EDGE('',*,*,#8200,.T.);
#8200 = EDGE_CURVE('',#8194,#8201,#8203,.T.);
#8201 = VERTEX_POINT('',#8202);
#8202 = CARTESIAN_POINT('',(0.730001226955,2.531509607676,
    -0.412901784826));
#8203 = B_SPLINE_CURVE_WITH_KNOTS('',1,(#8204,#8205),.UNSPECIFIED.,.F.,
  .F.,(2,2),(-11.04829039869,-9.485447686219),.PIECEWISE_BEZIER_KNOTS.);
#8204 = CARTESIAN_POINT('',(0.730001158641,0.968666895201,
    -0.412901921454));
#8205 = CARTESIAN_POINT('',(0.730001226955,2.531509607676,
    -0.412901784826));
#8206 = ORIENTED_EDGE('',*,*,#8207,.T.);
#8207 = EDGE_CURVE('',#8201,#8155,#8208,.T.);
#8208 = B_SPLINE_CURVE_WITH_KNOTS('',1,(#8209,#8210),.UNSPECIFIED.,.F.,
  .F.,(2,2),(-5.912819600653,-5.710443700121),.PIECEWISE_BEZIER_KNOTS.);
#8209 = CARTESIAN_POINT('',(0.730001226955,2.531509607676,
    -0.412901784826));
#8210 = CARTESIAN_POINT('',(0.73000123321,2.674610991801,-0.556003143931
    ));
#8211 = ORIENTED_EDGE('',*,*,#8154,.F.);
#8212 = PLANE('',#8213);
#8213 = AXIS2_PLACEMENT_3D('',#8214,#8215,#8216);
#8214 = CARTESIAN_POINT('',(0.730001234019,2.693101431401,
    -0.384915984262));
#8215 = DIRECTION('',(-1.,4.371138828674E-08,3.821369236263E-15));
#8216 = DIRECTION('',(-1.678841393868E-22,8.742273394091E-08,-1.));
#8217 = ADVANCED_FACE('',(#8218),#8234,.T.);
#8218 = FACE_BOUND('',#8219,.T.);
#8219 = EDGE_LOOP('',(#8220,#8227,#8228,#8229));
#8220 = ORIENTED_EDGE('',*,*,#8221,.T.);
#8221 = EDGE_CURVE('',#8222,#8111,#8224,.T.);
#8222 = VERTEX_POINT('',#8223);
#8223 = CARTESIAN_POINT('',(1.075478409432,0.48008827905,-0.90148060793)
  );
#8224 = B_SPLINE_CURVE_WITH_KNOTS('',1,(#8225,#8226),.UNSPECIFIED.,.F.,
  .F.,(2,2),(-9.24618182282,-7.281659094967),.PIECEWISE_BEZIER_KNOTS.);
#8225 = CARTESIAN_POINT('',(1.075478409432,0.48008827905,-0.90148060793)
  );
#8226 = CARTESIAN_POINT('',(1.075478409432,0.480088450794,
    -2.866003335782));
#8227 = ORIENTED_EDGE('',*,*,#8110,.F.);
#8228 = ORIENTED_EDGE('',*,*,#8140,.F.);
#8229 = ORIENTED_EDGE('',*,*,#8230,.T.);
#8230 = EDGE_CURVE('',#8134,#8222,#8231,.T.);
#8231 = B_SPLINE_CURVE_WITH_KNOTS('',1,(#8232,#8233),.UNSPECIFIED.,.F.,
  .F.,(2,2),(-3.46809091141,-1.619045455705),.PIECEWISE_BEZIER_KNOTS.);
#8232 = CARTESIAN_POINT('',(2.924523865137,0.480088198226,-0.90148060793
    ));
#8233 = CARTESIAN_POINT('',(1.075478409432,0.48008827905,-0.90148060793)
  );
#8234 = PLANE('',#8235);
#8235 = AXIS2_PLACEMENT_3D('',#8236,#8237,#8238);
#8236 = CARTESIAN_POINT('',(2.943014319694,0.480088370879,
    -2.885648563061));
#8237 = DIRECTION('',(-4.371138828674E-08,-1.,-8.742273394091E-08));
#8238 = DIRECTION('',(-1.678841393868E-22,8.742273394091E-08,-1.));
#8239 = ADVANCED_FACE('',(#8240),#8284,.T.);
#8240 = FACE_BOUND('',#8241,.T.);
#8241 = EDGE_LOOP('',(#8242,#8251,#8258,#8265,#8270,#8271,#8272,#8277,
    #8278,#8279));
#8242 = ORIENTED_EDGE('',*,*,#8243,.T.);
#8243 = EDGE_CURVE('',#8244,#8246,#8248,.T.);
#8244 = VERTEX_POINT('',#8245);
#8245 = CARTESIAN_POINT('',(1.230001226955,2.53150958582,-0.412901784826
    ));
#8246 = VERTEX_POINT('',#8247);
#8247 = CARTESIAN_POINT('',(1.230001240006,2.830088255685,
    -0.711480402487));
#8248 = B_SPLINE_CURVE_WITH_KNOTS('',1,(#8249,#8250),.UNSPECIFIED.,.F.,
  .F.,(2,2),(-0.422253967444,0.),.PIECEWISE_BEZIER_KNOTS.);
#8249 = CARTESIAN_POINT('',(1.230001226955,2.53150958582,-0.412901784826
    ));
#8250 = CARTESIAN_POINT('',(1.230001240006,2.830088255685,
    -0.711480402487));
#8251 = ORIENTED_EDGE('',*,*,#8252,.T.);
#8252 = EDGE_CURVE('',#8246,#8253,#8255,.T.);
#8253 = VERTEX_POINT('',#8254);
#8254 = CARTESIAN_POINT('',(2.770001240006,2.83008818837,-0.711480402487
    ));
#8255 = B_SPLINE_CURVE_WITH_KNOTS('',1,(#8256,#8257),.UNSPECIFIED.,.F.,
  .F.,(2,2),(0.,1.54),.PIECEWISE_BEZIER_KNOTS.);
#8256 = CARTESIAN_POINT('',(1.230001240006,2.830088255685,
    -0.711480402487));
#8257 = CARTESIAN_POINT('',(2.770001240006,2.83008818837,-0.711480402487
    ));
#8258 = ORIENTED_EDGE('',*,*,#8259,.T.);
#8259 = EDGE_CURVE('',#8253,#8260,#8262,.T.);
#8260 = VERTEX_POINT('',#8261);
#8261 = CARTESIAN_POINT('',(2.770001226955,2.531509518505,
    -0.412901784826));
#8262 = B_SPLINE_CURVE_WITH_KNOTS('',1,(#8263,#8264),.UNSPECIFIED.,.F.,
  .F.,(2,2),(1.54,1.962253967444),.PIECEWISE_BEZIER_KNOTS.);
#8263 = CARTESIAN_POINT('',(2.770001240006,2.83008818837,-0.711480402487
    ));
#8264 = CARTESIAN_POINT('',(2.770001226955,2.531509518505,
    -0.412901784826));
#8265 = ORIENTED_EDGE('',*,*,#8266,.T.);
#8266 = EDGE_CURVE('',#8260,#8062,#8267,.T.);
#8267 = B_SPLINE_CURVE_WITH_KNOTS('',1,(#8268,#8269),.UNSPECIFIED.,.F.,
  .F.,(2,2),(1.962253967444,2.462253967444),.PIECEWISE_BEZIER_KNOTS.);
#8268 = CARTESIAN_POINT('',(2.770001226955,2.531509518505,
    -0.412901784826));
#8269 = CARTESIAN_POINT('',(3.270001226955,2.531509496649,
    -0.412901784826));
#8270 = ORIENTED_EDGE('',*,*,#8061,.F.);
#8271 = ORIENTED_EDGE('',*,*,#8010,.F.);
#8272 = ORIENTED_EDGE('',*,*,#8273,.T.);
#8273 = EDGE_CURVE('',#8004,#8163,#8274,.T.);
#8274 = B_SPLINE_CURVE_WITH_KNOTS('',1,(#8275,#8276),.UNSPECIFIED.,.F.,
  .F.,(2,2),(-3.46809091141,-1.619045455705),.PIECEWISE_BEZIER_KNOTS.);
#8275 = CARTESIAN_POINT('',(2.924523976164,3.020088198226,
    -0.901480385876));
#8276 = CARTESIAN_POINT('',(1.075478520459,3.02008827905,-0.901480385876
    ));
#8277 = ORIENTED_EDGE('',*,*,#8162,.F.);
#8278 = ORIENTED_EDGE('',*,*,#8207,.F.);
#8279 = ORIENTED_EDGE('',*,*,#8280,.T.);
#8280 = EDGE_CURVE('',#8201,#8244,#8281,.T.);
#8281 = B_SPLINE_CURVE_WITH_KNOTS('',1,(#8282,#8283),.UNSPECIFIED.,.F.,
  .F.,(2,2),(5.912819600653,6.412819600653),.PIECEWISE_BEZIER_KNOTS.);
#8282 = CARTESIAN_POINT('',(0.730001226955,2.531509607676,
    -0.412901784826));
#8283 = CARTESIAN_POINT('',(1.230001226955,2.53150958582,-0.412901784826
    ));
#8284 = PLANE('',#8285);
#8285 = AXIS2_PLACEMENT_3D('',#8286,#8287,#8288);
#8286 = CARTESIAN_POINT('',(3.295401248621,3.027159250444,-0.90855145307
    ));
#8287 = DIRECTION('',(3.09086189906E-08,0.707106719369,0.707106843004));
#8288 = DIRECTION('',(-3.090861907263E-08,-0.707106843004,0.707106719369
    ));
#8289 = ADVANCED_FACE('',(#8290),#8306,.T.);
#8290 = FACE_BOUND('',#8291,.T.);
#8291 = EDGE_LOOP('',(#8292,#8293,#8294,#8301));
#8292 = ORIENTED_EDGE('',*,*,#8280,.F.);
#8293 = ORIENTED_EDGE('',*,*,#8200,.F.);
#8294 = ORIENTED_EDGE('',*,*,#8295,.T.);
#8295 = EDGE_CURVE('',#8194,#8296,#8298,.T.);
#8296 = VERTEX_POINT('',#8297);
#8297 = CARTESIAN_POINT('',(1.230001158641,0.968666873346,
    -0.412901921454));
#8298 = B_SPLINE_CURVE_WITH_KNOTS('',1,(#8299,#8300),.UNSPECIFIED.,.F.,
  .F.,(2,2),(1.562842712475,2.062842712475),.PIECEWISE_BEZIER_KNOTS.);
#8299 = CARTESIAN_POINT('',(0.730001158641,0.968666895201,
    -0.412901921454));
#8300 = CARTESIAN_POINT('',(1.230001158641,0.968666873346,
    -0.412901921454));
#8301 = ORIENTED_EDGE('',*,*,#8302,.T.);
#8302 = EDGE_CURVE('',#8296,#8244,#8303,.T.);
#8303 = B_SPLINE_CURVE_WITH_KNOTS('',1,(#8304,#8305),.UNSPECIFIED.,.F.,
  .F.,(2,2),(2.062842712475,3.625685424949),.PIECEWISE_BEZIER_KNOTS.);
#8304 = CARTESIAN_POINT('',(1.230001158641,0.968666873346,
    -0.412901921454));
#8305 = CARTESIAN_POINT('',(1.230001226955,2.53150958582,-0.412901784826
    ));
#8306 = PLANE('',#8307);
#8307 = AXIS2_PLACEMENT_3D('',#8308,#8309,#8310);
#8308 = CARTESIAN_POINT('',(0.720001227638,2.547138035238,-0.41290178346
    ));
#8309 = DIRECTION('',(1.678841393868E-22,-8.742273394091E-08,1.));
#8310 = DIRECTION('',(4.371138828674E-08,1.,8.742273394091E-08));
#8311 = ADVANCED_FACE('',(#8312),#8328,.T.);
#8312 = FACE_BOUND('',#8313,.T.);
#8313 = EDGE_LOOP('',(#8314,#8321,#8326,#8327));
#8314 = ORIENTED_EDGE('',*,*,#8315,.T.);
#8315 = EDGE_CURVE('',#8260,#8316,#8318,.T.);
#8316 = VERTEX_POINT('',#8317);
#8317 = CARTESIAN_POINT('',(2.770001158641,0.96866680603,-0.412901921454
    ));
#8318 = B_SPLINE_CURVE_WITH_KNOTS('',1,(#8319,#8320),.UNSPECIFIED.,.F.,
  .F.,(2,2),(-4.125685424949,-2.562842712475),.PIECEWISE_BEZIER_KNOTS.);
#8319 = CARTESIAN_POINT('',(2.770001226955,2.531509518505,
    -0.412901784826));
#8320 = CARTESIAN_POINT('',(2.770001158641,0.96866680603,-0.412901921454
    ));
#8321 = ORIENTED_EDGE('',*,*,#8322,.T.);
#8322 = EDGE_CURVE('',#8316,#8069,#8323,.T.);
#8323 = B_SPLINE_CURVE_WITH_KNOTS('',1,(#8324,#8325),.UNSPECIFIED.,.F.,
  .F.,(2,2),(-2.562842712475,-2.062842712475),.PIECEWISE_BEZIER_KNOTS.);
#8324 = CARTESIAN_POINT('',(2.770001158641,0.96866680603,-0.412901921454
    ));
#8325 = CARTESIAN_POINT('',(3.270001158641,0.968666784174,
    -0.412901921454));
#8326 = ORIENTED_EDGE('',*,*,#8068,.F.);
#8327 = ORIENTED_EDGE('',*,*,#8266,.F.);
#8328 = PLANE('',#8329);
#8329 = AXIS2_PLACEMENT_3D('',#8330,#8331,#8332);
#8330 = CARTESIAN_POINT('',(3.280001227638,2.547137923337,-0.41290178346
    ));
#8331 = DIRECTION('',(1.678841393868E-22,-8.742273394091E-08,1.));
#8332 = DIRECTION('',(4.371138828674E-08,1.,8.742273394091E-08));
#8333 = ADVANCED_FACE('',(#8334),#8350,.T.);
#8334 = FACE_BOUND('',#8335,.T.);
#8335 = EDGE_LOOP('',(#8336,#8343,#8348,#8349));
#8336 = ORIENTED_EDGE('',*,*,#8337,.T.);
#8337 = EDGE_CURVE('',#8253,#8338,#8340,.T.);
#8338 = VERTEX_POINT('',#8339);
#8339 = CARTESIAN_POINT('',(2.77000114559,0.67008818837,-0.71148059132)
  );
#8340 = B_SPLINE_CURVE_WITH_KNOTS('',1,(#8341,#8342),.UNSPECIFIED.,.F.,
  .F.,(2,2),(-4.567350647363,-2.407350647363),.PIECEWISE_BEZIER_KNOTS.);
#8341 = CARTESIAN_POINT('',(2.770001240006,2.83008818837,-0.711480402487
    ));
#8342 = CARTESIAN_POINT('',(2.77000114559,0.67008818837,-0.71148059132)
  );
#8343 = ORIENTED_EDGE('',*,*,#8344,.T.);
#8344 = EDGE_CURVE('',#8338,#8316,#8345,.T.);
#8345 = B_SPLINE_CURVE_WITH_KNOTS('',1,(#8346,#8347),.UNSPECIFIED.,.F.,
  .F.,(2,2),(8.452819600653,8.875073568098),.PIECEWISE_BEZIER_KNOTS.);
#8346 = CARTESIAN_POINT('',(2.77000114559,0.67008818837,-0.71148059132)
  );
#8347 = CARTESIAN_POINT('',(2.770001158641,0.96866680603,-0.412901921454
    ));
#8348 = ORIENTED_EDGE('',*,*,#8315,.F.);
#8349 = ORIENTED_EDGE('',*,*,#8259,.F.);
#8350 = PLANE('',#8351);
#8351 = AXIS2_PLACEMENT_3D('',#8352,#8353,#8354);
#8352 = CARTESIAN_POINT('',(2.770001240951,2.851688161393,
    -0.402901756836));
#8353 = DIRECTION('',(-1.,4.371138828674E-08,3.821369236263E-15));
#8354 = DIRECTION('',(-1.678841393868E-22,8.742273394091E-08,-1.));
#8355 = ADVANCED_FACE('',(#8356),#8372,.T.);
#8356 = FACE_BOUND('',#8357,.T.);
#8357 = EDGE_LOOP('',(#8358,#8365,#8366,#8367));
#8358 = ORIENTED_EDGE('',*,*,#8359,.T.);
#8359 = EDGE_CURVE('',#8360,#8246,#8362,.T.);
#8360 = VERTEX_POINT('',#8361);
#8361 = CARTESIAN_POINT('',(1.23000114559,0.670088255685,-0.71148059132)
  );
#8362 = B_SPLINE_CURVE_WITH_KNOTS('',1,(#8363,#8364),.UNSPECIFIED.,.F.,
  .F.,(2,2),(0.,2.16),.PIECEWISE_BEZIER_KNOTS.);
#8363 = CARTESIAN_POINT('',(1.23000114559,0.670088255685,-0.71148059132)
  );
#8364 = CARTESIAN_POINT('',(1.230001240006,2.830088255685,
    -0.711480402487));
#8365 = ORIENTED_EDGE('',*,*,#8243,.F.);
#8366 = ORIENTED_EDGE('',*,*,#8302,.F.);
#8367 = ORIENTED_EDGE('',*,*,#8368,.T.);
#8368 = EDGE_CURVE('',#8296,#8360,#8369,.T.);
#8369 = B_SPLINE_CURVE_WITH_KNOTS('',1,(#8370,#8371),.UNSPECIFIED.,.F.,
  .F.,(2,2),(6.490565633209,6.912819600653),.PIECEWISE_BEZIER_KNOTS.);
#8370 = CARTESIAN_POINT('',(1.230001158641,0.968666873346,
    -0.412901921454));
#8371 = CARTESIAN_POINT('',(1.23000114559,0.670088255685,-0.71148059132)
  );
#8372 = PLANE('',#8373);
#8373 = AXIS2_PLACEMENT_3D('',#8374,#8375,#8376);
#8374 = CARTESIAN_POINT('',(1.230001240951,2.851688228709,
    -0.402901756836));
#8375 = DIRECTION('',(1.,-4.371138828674E-08,-3.821369236263E-15));
#8376 = DIRECTION('',(1.678841393868E-22,-8.742273394091E-08,1.));
#8377 = ADVANCED_FACE('',(#8378),#8398,.T.);
#8378 = FACE_BOUND('',#8379,.T.);
#8379 = EDGE_LOOP('',(#8380,#8381,#8382,#8387,#8388,#8389,#8390,#8395,
    #8396,#8397));
#8380 = ORIENTED_EDGE('',*,*,#8322,.F.);
#8381 = ORIENTED_EDGE('',*,*,#8344,.F.);
#8382 = ORIENTED_EDGE('',*,*,#8383,.T.);
#8383 = EDGE_CURVE('',#8338,#8360,#8384,.T.);
#8384 = B_SPLINE_CURVE_WITH_KNOTS('',1,(#8385,#8386),.UNSPECIFIED.,.F.,
  .F.,(2,2),(-8.452819600653,-6.912819600653),.PIECEWISE_BEZIER_KNOTS.);
#8385 = CARTESIAN_POINT('',(2.77000114559,0.67008818837,-0.71148059132)
  );
#8386 = CARTESIAN_POINT('',(1.23000114559,0.670088255685,-0.71148059132)
  );
#8387 = ORIENTED_EDGE('',*,*,#8368,.F.);
#8388 = ORIENTED_EDGE('',*,*,#8295,.F.);
#8389 = ORIENTED_EDGE('',*,*,#8193,.F.);
#8390 = ORIENTED_EDGE('',*,*,#8391,.T.);
#8391 = EDGE_CURVE('',#8186,#8222,#8392,.T.);
#8392 = B_SPLINE_CURVE_WITH_KNOTS('',1,(#8393,#8394),.UNSPECIFIED.,.F.,
  .F.,(2,2),(-5.788189732677,-5.189805544457),.PIECEWISE_BEZIER_KNOTS.);
#8393 = CARTESIAN_POINT('',(0.730001152386,0.825565536096,-0.55600330558
    ));
#8394 = CARTESIAN_POINT('',(1.075478409432,0.48008827905,-0.90148060793)
  );
#8395 = ORIENTED_EDGE('',*,*,#8230,.F.);
#8396 = ORIENTED_EDGE('',*,*,#8133,.F.);
#8397 = ORIENTED_EDGE('',*,*,#8075,.F.);
#8398 = PLANE('',#8399);
#8399 = AXIS2_PLACEMENT_3D('',#8400,#8401,#8402);
#8400 = CARTESIAN_POINT('',(3.295401136976,0.473017114821,-0.90855167636
    ));
#8401 = DIRECTION('',(-3.090861902909E-08,-0.707106843004,0.707106719369
    ));
#8402 = DIRECTION('',(-3.090861907263E-08,-0.707106719369,
    -0.707106843004));
#8403 = ADVANCED_FACE('',(#8404),#8411,.T.);
#8404 = FACE_BOUND('',#8405,.T.);
#8405 = EDGE_LOOP('',(#8406,#8407,#8408,#8409,#8410));
#8406 = ORIENTED_EDGE('',*,*,#7887,.F.);
#8407 = ORIENTED_EDGE('',*,*,#8117,.F.);
#8408 = ORIENTED_EDGE('',*,*,#8221,.F.);
#8409 = ORIENTED_EDGE('',*,*,#8391,.F.);
#8410 = ORIENTED_EDGE('',*,*,#8185,.F.);
#8411 = PLANE('',#8412);
#8412 = AXIS2_PLACEMENT_3D('',#8413,#8414,#8415);
#8413 = CARTESIAN_POINT('',(0.722930084883,0.832636838688,
    -3.238035349831));
#8414 = DIRECTION('',(-0.707106812095,-0.707106750278,
    -6.181720490485E-08));
#8415 = DIRECTION('',(0.707106750278,-0.707106812095,-6.18172107016E-08)
  );
#8416 = ADVANCED_FACE('',(#8417,#8423),#8453,.T.);
#8417 = FACE_BOUND('',#8418,.T.);
#8418 = EDGE_LOOP('',(#8419,#8420,#8421,#8422));
#8419 = ORIENTED_EDGE('',*,*,#8047,.F.);
#8420 = ORIENTED_EDGE('',*,*,#7950,.F.);
#8421 = ORIENTED_EDGE('',*,*,#8097,.F.);
#8422 = ORIENTED_EDGE('',*,*,#7869,.F.);
#8423 = FACE_BOUND('',#8424,.T.);
#8424 = EDGE_LOOP('',(#8425,#8434,#8441,#8448));
#8425 = ORIENTED_EDGE('',*,*,#8426,.T.);
#8426 = EDGE_CURVE('',#8427,#8429,#8431,.T.);
#8427 = VERTEX_POINT('',#8428);
#8428 = CARTESIAN_POINT('',(1.685001206567,2.065088454354,
    -3.211480297503));
#8429 = VERTEX_POINT('',#8430);
#8430 = CARTESIAN_POINT('',(1.685001179029,1.435088454354,-3.21148035258
    ));
#8431 = B_SPLINE_CURVE_WITH_KNOTS('',1,(#8432,#8433),.UNSPECIFIED.,.F.,
  .F.,(2,2),(-3.418566446804E-04,0.629658143355),
  .PIECEWISE_BEZIER_KNOTS.);
#8432 = CARTESIAN_POINT('',(1.685001206567,2.065088454354,
    -3.211480297503));
#8433 = CARTESIAN_POINT('',(1.685001179029,1.435088454354,-3.21148035258
    ));
#8434 = ORIENTED_EDGE('',*,*,#8435,.T.);
#8435 = EDGE_CURVE('',#8429,#8436,#8438,.T.);
#8436 = VERTEX_POINT('',#8437);
#8437 = CARTESIAN_POINT('',(2.315001179029,1.435088426815,-3.21148035258
    ));
#8438 = B_SPLINE_CURVE_WITH_KNOTS('',1,(#8439,#8440),.UNSPECIFIED.,.F.,
  .F.,(2,2),(-0.63,0.),.PIECEWISE_BEZIER_KNOTS.);
#8439 = CARTESIAN_POINT('',(1.685001179029,1.435088454354,-3.21148035258
    ));
#8440 = CARTESIAN_POINT('',(2.315001179029,1.435088426815,-3.21148035258
    ));
#8441 = ORIENTED_EDGE('',*,*,#8442,.T.);
#8442 = EDGE_CURVE('',#8436,#8443,#8445,.T.);
#8443 = VERTEX_POINT('',#8444);
#8444 = CARTESIAN_POINT('',(2.315001206567,2.065088426815,
    -3.211480297503));
#8445 = B_SPLINE_CURVE_WITH_KNOTS('',1,(#8446,#8447),.UNSPECIFIED.,.F.,
  .F.,(2,2),(-0.629658143355,3.418566446804E-04),
  .PIECEWISE_BEZIER_KNOTS.);
#8446 = CARTESIAN_POINT('',(2.315001179029,1.435088426815,-3.21148035258
    ));
#8447 = CARTESIAN_POINT('',(2.315001206567,2.065088426815,
    -3.211480297503));
#8448 = ORIENTED_EDGE('',*,*,#8449,.T.);
#8449 = EDGE_CURVE('',#8443,#8427,#8450,.T.);
#8450 = B_SPLINE_CURVE_WITH_KNOTS('',1,(#8451,#8452),.UNSPECIFIED.,.F.,
  .F.,(2,2),(0.,0.63),.PIECEWISE_BEZIER_KNOTS.);
#8451 = CARTESIAN_POINT('',(2.315001206567,2.065088426815,
    -3.211480297503));
#8452 = CARTESIAN_POINT('',(1.685001206567,2.065088454354,
    -3.211480297503));
#8453 = PLANE('',#8454);
#8454 = AXIS2_PLACEMENT_3D('',#8455,#8456,#8457);
#8455 = CARTESIAN_POINT('',(3.295401234019,2.69310156637,-3.211480242601
    ));
#8456 = DIRECTION('',(-1.678841393868E-22,8.742273394091E-08,-1.));
#8457 = DIRECTION('',(-4.371138828674E-08,-1.,-8.742273394091E-08));
#8458 = ADVANCED_FACE('',(#8459,#8465),#8495,.T.);
#8459 = FACE_BOUND('',#8460,.T.);
#8460 = EDGE_LOOP('',(#8461,#8462,#8463,#8464));
#8461 = ORIENTED_EDGE('',*,*,#8359,.F.);
#8462 = ORIENTED_EDGE('',*,*,#8383,.F.);
#8463 = ORIENTED_EDGE('',*,*,#8337,.F.);
#8464 = ORIENTED_EDGE('',*,*,#8252,.F.);
#8465 = FACE_BOUND('',#8466,.T.);
#8466 = EDGE_LOOP('',(#8467,#8476,#8483,#8490));
#8467 = ORIENTED_EDGE('',*,*,#8468,.T.);
#8468 = EDGE_CURVE('',#8469,#8471,#8473,.T.);
#8469 = VERTEX_POINT('',#8470);
#8470 = CARTESIAN_POINT('',(1.685001206567,2.065088235797,
    -0.711480297503));
#8471 = VERTEX_POINT('',#8472);
#8472 = CARTESIAN_POINT('',(2.315001206567,2.065088208259,
    -0.711480297503));
#8473 = B_SPLINE_CURVE_WITH_KNOTS('',1,(#8474,#8475),.UNSPECIFIED.,.F.,
  .F.,(2,2),(-0.63,0.),.PIECEWISE_BEZIER_KNOTS.);
#8474 = CARTESIAN_POINT('',(1.685001206567,2.065088235797,
    -0.711480297503));
#8475 = CARTESIAN_POINT('',(2.315001206567,2.065088208259,
    -0.711480297503));
#8476 = ORIENTED_EDGE('',*,*,#8477,.T.);
#8477 = EDGE_CURVE('',#8471,#8478,#8480,.T.);
#8478 = VERTEX_POINT('',#8479);
#8479 = CARTESIAN_POINT('',(2.315001179029,1.435088208259,-0.71148035258
    ));
#8480 = B_SPLINE_CURVE_WITH_KNOTS('',1,(#8481,#8482),.UNSPECIFIED.,.F.,
  .F.,(2,2),(-3.418566446806E-04,0.629658143355),
  .PIECEWISE_BEZIER_KNOTS.);
#8481 = CARTESIAN_POINT('',(2.315001206567,2.065088208259,
    -0.711480297503));
#8482 = CARTESIAN_POINT('',(2.315001179029,1.435088208259,-0.71148035258
    ));
#8483 = ORIENTED_EDGE('',*,*,#8484,.T.);
#8484 = EDGE_CURVE('',#8478,#8485,#8487,.T.);
#8485 = VERTEX_POINT('',#8486);
#8486 = CARTESIAN_POINT('',(1.685001179029,1.435088235797,-0.71148035258
    ));
#8487 = B_SPLINE_CURVE_WITH_KNOTS('',1,(#8488,#8489),.UNSPECIFIED.,.F.,
  .F.,(2,2),(0.,0.63),.PIECEWISE_BEZIER_KNOTS.);
#8488 = CARTESIAN_POINT('',(2.315001179029,1.435088208259,-0.71148035258
    ));
#8489 = CARTESIAN_POINT('',(1.685001179029,1.435088235797,-0.71148035258
    ));
#8490 = ORIENTED_EDGE('',*,*,#8491,.T.);
#8491 = EDGE_CURVE('',#8485,#8469,#8492,.T.);
#8492 = B_SPLINE_CURVE_WITH_KNOTS('',1,(#8493,#8494),.UNSPECIFIED.,.F.,
  .F.,(2,2),(-0.629658143355,3.418566446806E-04),
  .PIECEWISE_BEZIER_KNOTS.);
#8493 = CARTESIAN_POINT('',(1.685001179029,1.435088235797,-0.71148035258
    ));
#8494 = CARTESIAN_POINT('',(1.685001206567,2.065088235797,
    -0.711480297503));
#8495 = PLANE('',#8496);
#8496 = AXIS2_PLACEMENT_3D('',#8497,#8498,#8499);
#8497 = CARTESIAN_POINT('',(2.785401240951,2.851688187697,
    -0.711480228736));
#8498 = DIRECTION('',(1.678841393868E-22,-8.742273394091E-08,1.));
#8499 = DIRECTION('',(4.371138828674E-08,1.,8.742273394091E-08));
#8500 = ADVANCED_FACE('',(#8501),#8515,.T.);
#8501 = FACE_BOUND('',#8502,.T.);
#8502 = EDGE_LOOP('',(#8503,#8508,#8509,#8514));
#8503 = ORIENTED_EDGE('',*,*,#8504,.T.);
#8504 = EDGE_CURVE('',#8471,#8443,#8505,.T.);
#8505 = B_SPLINE_CURVE_WITH_KNOTS('',1,(#8506,#8507),.UNSPECIFIED.,.F.,
  .F.,(2,2),(-6.10568452315,-3.60568452315),.PIECEWISE_BEZIER_KNOTS.);
#8506 = CARTESIAN_POINT('',(2.315001206567,2.065088208259,
    -0.711480297503));
#8507 = CARTESIAN_POINT('',(2.315001206567,2.065088426815,
    -3.211480297503));
#8508 = ORIENTED_EDGE('',*,*,#8442,.F.);
#8509 = ORIENTED_EDGE('',*,*,#8510,.T.);
#8510 = EDGE_CURVE('',#8436,#8478,#8511,.T.);
#8511 = B_SPLINE_CURVE_WITH_KNOTS('',1,(#8512,#8513),.UNSPECIFIED.,.F.,
  .F.,(2,2),(3.60568452315,6.10568452315),.PIECEWISE_BEZIER_KNOTS.);
#8512 = CARTESIAN_POINT('',(2.315001179029,1.435088426815,-3.21148035258
    ));
#8513 = CARTESIAN_POINT('',(2.315001179029,1.435088208259,-0.71148035258
    ));
#8514 = ORIENTED_EDGE('',*,*,#8477,.F.);
#8515 = PLANE('',#8516);
#8516 = AXIS2_PLACEMENT_3D('',#8517,#8518,#8519);
#8517 = CARTESIAN_POINT('',(2.315001179029,1.435088742034,
    -6.817164875729));
#8518 = DIRECTION('',(-1.,4.371138828674E-08,3.821369236263E-15));
#8519 = DIRECTION('',(-1.678841393868E-22,8.742273394091E-08,-1.));
#8520 = ADVANCED_FACE('',(#8521),#8531,.T.);
#8521 = FACE_BOUND('',#8522,.T.);
#8522 = EDGE_LOOP('',(#8523,#8524,#8529,#8530));
#8523 = ORIENTED_EDGE('',*,*,#8435,.F.);
#8524 = ORIENTED_EDGE('',*,*,#8525,.T.);
#8525 = EDGE_CURVE('',#8429,#8485,#8526,.T.);
#8526 = B_SPLINE_CURVE_WITH_KNOTS('',1,(#8527,#8528),.UNSPECIFIED.,.F.,
  .F.,(2,2),(3.60568452315,6.10568452315),.PIECEWISE_BEZIER_KNOTS.);
#8527 = CARTESIAN_POINT('',(1.685001179029,1.435088454354,-3.21148035258
    ));
#8528 = CARTESIAN_POINT('',(1.685001179029,1.435088235797,-0.71148035258
    ));
#8529 = ORIENTED_EDGE('',*,*,#8484,.F.);
#8530 = ORIENTED_EDGE('',*,*,#8510,.F.);
#8531 = PLANE('',#8532);
#8532 = AXIS2_PLACEMENT_3D('',#8533,#8534,#8535);
#8533 = CARTESIAN_POINT('',(1.685001179029,1.435088769572,
    -6.817164875729));
#8534 = DIRECTION('',(4.371138828674E-08,1.,8.742273394091E-08));
#8535 = DIRECTION('',(1.678841393868E-22,-8.742273394091E-08,1.));
#8536 = ADVANCED_FACE('',(#8537),#8547,.T.);
#8537 = FACE_BOUND('',#8538,.T.);
#8538 = EDGE_LOOP('',(#8539,#8540,#8545,#8546));
#8539 = ORIENTED_EDGE('',*,*,#8426,.F.);
#8540 = ORIENTED_EDGE('',*,*,#8541,.T.);
#8541 = EDGE_CURVE('',#8427,#8469,#8542,.T.);
#8542 = B_SPLINE_CURVE_WITH_KNOTS('',1,(#8543,#8544),.UNSPECIFIED.,.F.,
  .F.,(2,2),(3.60568452315,6.10568452315),.PIECEWISE_BEZIER_KNOTS.);
#8543 = CARTESIAN_POINT('',(1.685001206567,2.065088454354,
    -3.211480297503));
#8544 = CARTESIAN_POINT('',(1.685001206567,2.065088235797,
    -0.711480297503));
#8545 = ORIENTED_EDGE('',*,*,#8491,.F.);
#8546 = ORIENTED_EDGE('',*,*,#8525,.F.);
#8547 = PLANE('',#8548);
#8548 = AXIS2_PLACEMENT_3D('',#8549,#8550,#8551);
#8549 = CARTESIAN_POINT('',(1.685001206567,2.065088769572,
    -6.817164820653));
#8550 = DIRECTION('',(1.,-4.371138828674E-08,-3.821369236263E-15));
#8551 = DIRECTION('',(1.678841393868E-22,-8.742273394091E-08,1.));
#8552 = ADVANCED_FACE('',(#8553),#8559,.T.);
#8553 = FACE_BOUND('',#8554,.T.);
#8554 = EDGE_LOOP('',(#8555,#8556,#8557,#8558));
#8555 = ORIENTED_EDGE('',*,*,#8541,.F.);
#8556 = ORIENTED_EDGE('',*,*,#8449,.F.);
#8557 = ORIENTED_EDGE('',*,*,#8504,.F.);
#8558 = ORIENTED_EDGE('',*,*,#8468,.F.);
#8559 = PLANE('',#8560);
#8560 = AXIS2_PLACEMENT_3D('',#8561,#8562,#8563);
#8561 = CARTESIAN_POINT('',(2.315001206567,2.065088742034,
    -6.817164820653));
#8562 = DIRECTION('',(-4.371138828674E-08,-1.,-8.742273394091E-08));
#8563 = DIRECTION('',(-1.678841393868E-22,8.742273394091E-08,-1.));
#8564 = SHELL_BASED_SURFACE_MODEL('',(#8565));
#8565 = OPEN_SHELL('',(#8566,#8602,#8630,#8658,#8678,#8720,#8762,#8810,
    #8872,#8894,#8916,#8938,#8960,#9006,#9031,#9064,#9106,#9140,#9165,
    #9207,#9234,#9250));
#8566 = ADVANCED_FACE('',(#8567),#8597,.T.);
#8567 = FACE_BOUND('',#8568,.T.);
#8568 = EDGE_LOOP('',(#8569,#8578,#8585,#8592));
#8569 = ORIENTED_EDGE('',*,*,#8570,.T.);
#8570 = EDGE_CURVE('',#8571,#8573,#8575,.T.);
#8571 = VERTEX_POINT('',#8572);
#8572 = CARTESIAN_POINT('',(1.685001317594,4.605088235797,
    -0.711480075449));
#8573 = VERTEX_POINT('',#8574);
#8574 = CARTESIAN_POINT('',(1.685001317594,4.605088454354,
    -3.211480075449));
#8575 = B_SPLINE_CURVE_WITH_KNOTS('',1,(#8576,#8577),.UNSPECIFIED.,.F.,
  .F.,(2,2),(-6.10568452315,-3.60568452315),.PIECEWISE_BEZIER_KNOTS.);
#8576 = CARTESIAN_POINT('',(1.685001317594,4.605088235797,
    -0.711480075449));
#8577 = CARTESIAN_POINT('',(1.685001317594,4.605088454354,
    -3.211480075449));
#8578 = ORIENTED_EDGE('',*,*,#8579,.T.);
#8579 = EDGE_CURVE('',#8573,#8580,#8582,.T.);
#8580 = VERTEX_POINT('',#8581);
#8581 = CARTESIAN_POINT('',(2.315001317594,4.605088426815,
    -3.211480075449));
#8582 = B_SPLINE_CURVE_WITH_KNOTS('',1,(#8583,#8584),.UNSPECIFIED.,.F.,
  .F.,(2,2),(-0.63,0.),.PIECEWISE_BEZIER_KNOTS.);
#8583 = CARTESIAN_POINT('',(1.685001317594,4.605088454354,
    -3.211480075449));
#8584 = CARTESIAN_POINT('',(2.315001317594,4.605088426815,
    -3.211480075449));
#8585 = ORIENTED_EDGE('',*,*,#8586,.T.);
#8586 = EDGE_CURVE('',#8580,#8587,#8589,.T.);
#8587 = VERTEX_POINT('',#8588);
#8588 = CARTESIAN_POINT('',(2.315001317594,4.605088208259,
    -0.711480075449));
#8589 = B_SPLINE_CURVE_WITH_KNOTS('',1,(#8590,#8591),.UNSPECIFIED.,.F.,
  .F.,(2,2),(3.60568452315,6.10568452315),.PIECEWISE_BEZIER_KNOTS.);
#8590 = CARTESIAN_POINT('',(2.315001317594,4.605088426815,
    -3.211480075449));
#8591 = CARTESIAN_POINT('',(2.315001317594,4.605088208259,
    -0.711480075449));
#8592 = ORIENTED_EDGE('',*,*,#8593,.T.);
#8593 = EDGE_CURVE('',#8587,#8571,#8594,.T.);
#8594 = B_SPLINE_CURVE_WITH_KNOTS('',1,(#8595,#8596),.UNSPECIFIED.,.F.,
  .F.,(2,2),(0.,0.63),.PIECEWISE_BEZIER_KNOTS.);
#8595 = CARTESIAN_POINT('',(2.315001317594,4.605088208259,
    -0.711480075449));
#8596 = CARTESIAN_POINT('',(1.685001317594,4.605088235797,
    -0.711480075449));
#8597 = PLANE('',#8598);
#8598 = AXIS2_PLACEMENT_3D('',#8599,#8600,#8601);
#8599 = CARTESIAN_POINT('',(2.315001317594,4.605088742034,
    -6.817164598599));
#8600 = DIRECTION('',(-4.371138828674E-08,-1.,-8.742273394091E-08));
#8601 = DIRECTION('',(-1.678841393868E-22,8.742273394091E-08,-1.));
#8602 = ADVANCED_FACE('',(#8603),#8625,.T.);
#8603 = FACE_BOUND('',#8604,.T.);
#8604 = EDGE_LOOP('',(#8605,#8612,#8613,#8620));
#8605 = ORIENTED_EDGE('',*,*,#8606,.T.);
#8606 = EDGE_CURVE('',#8607,#8573,#8609,.T.);
#8607 = VERTEX_POINT('',#8608);
#8608 = CARTESIAN_POINT('',(1.685001290056,3.975088454354,
    -3.211480130526));
#8609 = B_SPLINE_CURVE_WITH_KNOTS('',1,(#8610,#8611),.UNSPECIFIED.,.F.,
  .F.,(2,2),(-0.629658143355,3.418566446804E-04),
  .PIECEWISE_BEZIER_KNOTS.);
#8610 = CARTESIAN_POINT('',(1.685001290056,3.975088454354,
    -3.211480130526));
#8611 = CARTESIAN_POINT('',(1.685001317594,4.605088454354,
    -3.211480075449));
#8612 = ORIENTED_EDGE('',*,*,#8570,.F.);
#8613 = ORIENTED_EDGE('',*,*,#8614,.T.);
#8614 = EDGE_CURVE('',#8571,#8615,#8617,.T.);
#8615 = VERTEX_POINT('',#8616);
#8616 = CARTESIAN_POINT('',(1.685001290056,3.975088235797,
    -0.711480130526));
#8617 = B_SPLINE_CURVE_WITH_KNOTS('',1,(#8618,#8619),.UNSPECIFIED.,.F.,
  .F.,(2,2),(-3.418566446806E-04,0.629658143355),
  .PIECEWISE_BEZIER_KNOTS.);
#8618 = CARTESIAN_POINT('',(1.685001317594,4.605088235797,
    -0.711480075449));
#8619 = CARTESIAN_POINT('',(1.685001290056,3.975088235797,
    -0.711480130526));
#8620 = ORIENTED_EDGE('',*,*,#8621,.T.);
#8621 = EDGE_CURVE('',#8615,#8607,#8622,.T.);
#8622 = B_SPLINE_CURVE_WITH_KNOTS('',1,(#8623,#8624),.UNSPECIFIED.,.F.,
  .F.,(2,2),(-6.10568452315,-3.60568452315),.PIECEWISE_BEZIER_KNOTS.);
#8623 = CARTESIAN_POINT('',(1.685001290056,3.975088235797,
    -0.711480130526));
#8624 = CARTESIAN_POINT('',(1.685001290056,3.975088454354,
    -3.211480130526));
#8625 = PLANE('',#8626);
#8626 = AXIS2_PLACEMENT_3D('',#8627,#8628,#8629);
#8627 = CARTESIAN_POINT('',(1.685001317594,4.605088769572,
    -6.817164598599));
#8628 = DIRECTION('',(1.,-4.371138828674E-08,-3.821369236263E-15));
#8629 = DIRECTION('',(1.678841393868E-22,-8.742273394091E-08,1.));
#8630 = ADVANCED_FACE('',(#8631),#8653,.T.);
#8631 = FACE_BOUND('',#8632,.T.);
#8632 = EDGE_LOOP('',(#8633,#8640,#8641,#8648));
#8633 = ORIENTED_EDGE('',*,*,#8634,.T.);
#8634 = EDGE_CURVE('',#8635,#8607,#8637,.T.);
#8635 = VERTEX_POINT('',#8636);
#8636 = CARTESIAN_POINT('',(2.315001290056,3.975088426815,
    -3.211480130526));
#8637 = B_SPLINE_CURVE_WITH_KNOTS('',1,(#8638,#8639),.UNSPECIFIED.,.F.,
  .F.,(2,2),(0.,0.63),.PIECEWISE_BEZIER_KNOTS.);
#8638 = CARTESIAN_POINT('',(2.315001290056,3.975088426815,
    -3.211480130526));
#8639 = CARTESIAN_POINT('',(1.685001290056,3.975088454354,
    -3.211480130526));
#8640 = ORIENTED_EDGE('',*,*,#8621,.F.);
#8641 = ORIENTED_EDGE('',*,*,#8642,.T.);
#8642 = EDGE_CURVE('',#8615,#8643,#8645,.T.);
#8643 = VERTEX_POINT('',#8644);
#8644 = CARTESIAN_POINT('',(2.315001290056,3.975088208259,
    -0.711480130526));
#8645 = B_SPLINE_CURVE_WITH_KNOTS('',1,(#8646,#8647),.UNSPECIFIED.,.F.,
  .F.,(2,2),(-0.63,0.),.PIECEWISE_BEZIER_KNOTS.);
#8646 = CARTESIAN_POINT('',(1.685001290056,3.975088235797,
    -0.711480130526));
#8647 = CARTESIAN_POINT('',(2.315001290056,3.975088208259,
    -0.711480130526));
#8648 = ORIENTED_EDGE('',*,*,#8649,.T.);
#8649 = EDGE_CURVE('',#8643,#8635,#8650,.T.);
#8650 = B_SPLINE_CURVE_WITH_KNOTS('',1,(#8651,#8652),.UNSPECIFIED.,.F.,
  .F.,(2,2),(-6.10568452315,-3.60568452315),.PIECEWISE_BEZIER_KNOTS.);
#8651 = CARTESIAN_POINT('',(2.315001290056,3.975088208259,
    -0.711480130526));
#8652 = CARTESIAN_POINT('',(2.315001290056,3.975088426815,
    -3.211480130526));
#8653 = PLANE('',#8654);
#8654 = AXIS2_PLACEMENT_3D('',#8655,#8656,#8657);
#8655 = CARTESIAN_POINT('',(1.685001290056,3.975088769572,
    -6.817164653676));
#8656 = DIRECTION('',(4.371138828674E-08,1.,8.742273394091E-08));
#8657 = DIRECTION('',(1.678841393868E-22,-8.742273394091E-08,1.));
#8658 = ADVANCED_FACE('',(#8659),#8673,.T.);
#8659 = FACE_BOUND('',#8660,.T.);
#8660 = EDGE_LOOP('',(#8661,#8662,#8667,#8668));
#8661 = ORIENTED_EDGE('',*,*,#8586,.F.);
#8662 = ORIENTED_EDGE('',*,*,#8663,.T.);
#8663 = EDGE_CURVE('',#8580,#8635,#8664,.T.);
#8664 = B_SPLINE_CURVE_WITH_KNOTS('',1,(#8665,#8666),.UNSPECIFIED.,.F.,
  .F.,(2,2),(-3.418566446804E-04,0.629658143355),
  .PIECEWISE_BEZIER_KNOTS.);
#8665 = CARTESIAN_POINT('',(2.315001317594,4.605088426815,
    -3.211480075449));
#8666 = CARTESIAN_POINT('',(2.315001290056,3.975088426815,
    -3.211480130526));
#8667 = ORIENTED_EDGE('',*,*,#8649,.F.);
#8668 = ORIENTED_EDGE('',*,*,#8669,.T.);
#8669 = EDGE_CURVE('',#8643,#8587,#8670,.T.);
#8670 = B_SPLINE_CURVE_WITH_KNOTS('',1,(#8671,#8672),.UNSPECIFIED.,.F.,
  .F.,(2,2),(-0.629658143355,3.418566446806E-04),
  .PIECEWISE_BEZIER_KNOTS.);
#8671 = CARTESIAN_POINT('',(2.315001290056,3.975088208259,
    -0.711480130526));
#8672 = CARTESIAN_POINT('',(2.315001317594,4.605088208259,
    -0.711480075449));
#8673 = PLANE('',#8674);
#8674 = AXIS2_PLACEMENT_3D('',#8675,#8676,#8677);
#8675 = CARTESIAN_POINT('',(2.315001290056,3.975088742034,
    -6.817164653676));
#8676 = DIRECTION('',(-1.,4.371138828674E-08,3.821369236263E-15));
#8677 = DIRECTION('',(-1.678841393868E-22,8.742273394091E-08,-1.));
#8678 = ADVANCED_FACE('',(#8679,#8709),#8715,.T.);
#8679 = FACE_BOUND('',#8680,.T.);
#8680 = EDGE_LOOP('',(#8681,#8690,#8697,#8704));
#8681 = ORIENTED_EDGE('',*,*,#8682,.T.);
#8682 = EDGE_CURVE('',#8683,#8685,#8687,.T.);
#8683 = VERTEX_POINT('',#8684);
#8684 = CARTESIAN_POINT('',(1.230001351033,5.370088255685,
    -0.711480180433));
#8685 = VERTEX_POINT('',#8686);
#8686 = CARTESIAN_POINT('',(1.230001256617,3.210088255685,
    -0.711480369266));
#8687 = B_SPLINE_CURVE_WITH_KNOTS('',1,(#8688,#8689),.UNSPECIFIED.,.F.,
  .F.,(2,2),(-2.16,0.),.PIECEWISE_BEZIER_KNOTS.);
#8688 = CARTESIAN_POINT('',(1.230001351033,5.370088255685,
    -0.711480180433));
#8689 = CARTESIAN_POINT('',(1.230001256617,3.210088255685,
    -0.711480369266));
#8690 = ORIENTED_EDGE('',*,*,#8691,.T.);
#8691 = EDGE_CURVE('',#8685,#8692,#8694,.T.);
#8692 = VERTEX_POINT('',#8693);
#8693 = CARTESIAN_POINT('',(2.770001256617,3.21008818837,-0.711480369266
    ));
#8694 = B_SPLINE_CURVE_WITH_KNOTS('',1,(#8695,#8696),.UNSPECIFIED.,.F.,
  .F.,(2,2),(6.912819600653,8.452819600653),.PIECEWISE_BEZIER_KNOTS.);
#8695 = CARTESIAN_POINT('',(1.230001256617,3.210088255685,
    -0.711480369266));
#8696 = CARTESIAN_POINT('',(2.770001256617,3.21008818837,-0.711480369266
    ));
#8697 = ORIENTED_EDGE('',*,*,#8698,.T.);
#8698 = EDGE_CURVE('',#8692,#8699,#8701,.T.);
#8699 = VERTEX_POINT('',#8700);
#8700 = CARTESIAN_POINT('',(2.770001351033,5.37008818837,-0.711480180433
    ));
#8701 = B_SPLINE_CURVE_WITH_KNOTS('',1,(#8702,#8703),.UNSPECIFIED.,.F.,
  .F.,(2,2),(2.407350647363,4.567350647363),.PIECEWISE_BEZIER_KNOTS.);
#8702 = CARTESIAN_POINT('',(2.770001256617,3.21008818837,-0.711480369266
    ));
#8703 = CARTESIAN_POINT('',(2.770001351033,5.37008818837,-0.711480180433
    ));
#8704 = ORIENTED_EDGE('',*,*,#8705,.T.);
#8705 = EDGE_CURVE('',#8699,#8683,#8706,.T.);
#8706 = B_SPLINE_CURVE_WITH_KNOTS('',1,(#8707,#8708),.UNSPECIFIED.,.F.,
  .F.,(2,2),(-1.54,0.),.PIECEWISE_BEZIER_KNOTS.);
#8707 = CARTESIAN_POINT('',(2.770001351033,5.37008818837,-0.711480180433
    ));
#8708 = CARTESIAN_POINT('',(1.230001351033,5.370088255685,
    -0.711480180433));
#8709 = FACE_BOUND('',#8710,.T.);
#8710 = EDGE_LOOP('',(#8711,#8712,#8713,#8714));
#8711 = ORIENTED_EDGE('',*,*,#8593,.F.);
#8712 = ORIENTED_EDGE('',*,*,#8669,.F.);
#8713 = ORIENTED_EDGE('',*,*,#8642,.F.);
#8714 = ORIENTED_EDGE('',*,*,#8614,.F.);
#8715 = PLANE('',#8716);
#8716 = AXIS2_PLACEMENT_3D('',#8717,#8718,#8719);
#8717 = CARTESIAN_POINT('',(2.785401351978,5.391688187697,
    -0.711480006683));
#8718 = DIRECTION('',(1.678841393868E-22,-8.742273394091E-08,1.));
#8719 = DIRECTION('',(4.371138828674E-08,1.,8.742273394091E-08));
#8720 = ADVANCED_FACE('',(#8721,#8751),#8757,.T.);
#8721 = FACE_BOUND('',#8722,.T.);
#8722 = EDGE_LOOP('',(#8723,#8732,#8739,#8746));
#8723 = ORIENTED_EDGE('',*,*,#8724,.T.);
#8724 = EDGE_CURVE('',#8725,#8727,#8729,.T.);
#8725 = VERTEX_POINT('',#8726);
#8726 = CARTESIAN_POINT('',(0.902739980311,5.2146112164,-3.211480194025)
  );
#8727 = VERTEX_POINT('',#8728);
#8728 = CARTESIAN_POINT('',(3.097262708163,5.214611120474,
    -3.211480194025));
#8729 = B_SPLINE_CURVE_WITH_KNOTS('',1,(#8730,#8731),.UNSPECIFIED.,.F.,
  .F.,(2,2),(-7.953075196071,-5.758552468218),.PIECEWISE_BEZIER_KNOTS.);
#8730 = CARTESIAN_POINT('',(0.902739980311,5.2146112164,-3.211480194025)
  );
#8731 = CARTESIAN_POINT('',(3.097262708163,5.214611120474,
    -3.211480194025));
#8732 = ORIENTED_EDGE('',*,*,#8733,.T.);
#8733 = EDGE_CURVE('',#8727,#8734,#8736,.T.);
#8734 = VERTEX_POINT('',#8735);
#8735 = CARTESIAN_POINT('',(3.097262627339,3.365565664769,
    -3.211480355674));
#8736 = B_SPLINE_CURVE_WITH_KNOTS('',1,(#8737,#8738),.UNSPECIFIED.,.F.,
  .F.,(2,2),(-2.849045455705,-1.),.PIECEWISE_BEZIER_KNOTS.);
#8737 = CARTESIAN_POINT('',(3.097262708163,5.214611120474,
    -3.211480194025));
#8738 = CARTESIAN_POINT('',(3.097262627339,3.365565664769,
    -3.211480355674));
#8739 = ORIENTED_EDGE('',*,*,#8740,.T.);
#8740 = EDGE_CURVE('',#8734,#8741,#8743,.T.);
#8741 = VERTEX_POINT('',#8742);
#8742 = CARTESIAN_POINT('',(0.902739899487,3.365565760695,
    -3.211480355674));
#8743 = B_SPLINE_CURVE_WITH_KNOTS('',1,(#8744,#8745),.UNSPECIFIED.,.F.,
  .F.,(2,2),(5.758552468218,7.953075196071),.PIECEWISE_BEZIER_KNOTS.);
#8744 = CARTESIAN_POINT('',(3.097262627339,3.365565664769,
    -3.211480355674));
#8745 = CARTESIAN_POINT('',(0.902739899487,3.365565760695,
    -3.211480355674));
#8746 = ORIENTED_EDGE('',*,*,#8747,.T.);
#8747 = EDGE_CURVE('',#8741,#8725,#8748,.T.);
#8748 = B_SPLINE_CURVE_WITH_KNOTS('',1,(#8749,#8750),.UNSPECIFIED.,.F.,
  .F.,(2,2),(1.,2.849045455705),.PIECEWISE_BEZIER_KNOTS.);
#8749 = CARTESIAN_POINT('',(0.902739899487,3.365565760695,
    -3.211480355674));
#8750 = CARTESIAN_POINT('',(0.902739980311,5.2146112164,-3.211480194025)
  );
#8751 = FACE_BOUND('',#8752,.T.);
#8752 = EDGE_LOOP('',(#8753,#8754,#8755,#8756));
#8753 = ORIENTED_EDGE('',*,*,#8606,.F.);
#8754 = ORIENTED_EDGE('',*,*,#8634,.F.);
#8755 = ORIENTED_EDGE('',*,*,#8663,.F.);
#8756 = ORIENTED_EDGE('',*,*,#8579,.F.);
#8757 = PLANE('',#8758);
#8758 = AXIS2_PLACEMENT_3D('',#8759,#8760,#8761);
#8759 = CARTESIAN_POINT('',(3.295401345045,5.23310156637,-3.211480020547
    ));
#8760 = DIRECTION('',(-1.678841393868E-22,8.742273394091E-08,-1.));
#8761 = DIRECTION('',(-4.371138828674E-08,-1.,-8.742273394091E-08));
#8762 = ADVANCED_FACE('',(#8763),#8805,.T.);
#8763 = FACE_BOUND('',#8764,.T.);
#8764 = EDGE_LOOP('',(#8765,#8778,#8785,#8792,#8799));
#8765 = ORIENTED_EDGE('',*,*,#8766,.T.);
#8766 = EDGE_CURVE('',#8767,#8769,#8771,.T.);
#8767 = VERTEX_POINT('',#8768);
#8768 = CARTESIAN_POINT('',(0.730001263413,3.365565753144,-3.0387417196)
  );
#8769 = VERTEX_POINT('',#8770);
#8770 = CARTESIAN_POINT('',(0.780595236334,3.314971786478,
    -3.160886384964));
#8771 = B_SPLINE_CURVE_WITH_KNOTS('',3,(#8772,#8773,#8774,#8775,#8776,
    #8777),.UNSPECIFIED.,.F.,.F.,(4,2,4),(0.,8.595855935325E-02,
    0.149436059475),.UNSPECIFIED.);
#8772 = CARTESIAN_POINT('',(0.730001263413,3.365565753144,-3.0387417196)
  );
#8773 = CARTESIAN_POINT('',(0.730001263413,3.365565755656,
    -3.067472265138));
#8774 = CARTESIAN_POINT('',(0.737137743446,3.35842927734,-3.094254756396
    ));
#8775 = CARTESIAN_POINT('',(0.757548555682,3.338018466817,
    -3.134250468699));
#8776 = CARTESIAN_POINT('',(0.768500993682,3.32706602913,-3.148789775041
    ));
#8777 = CARTESIAN_POINT('',(0.780595236334,3.314971786478,
    -3.160886384964));
#8778 = ORIENTED_EDGE('',*,*,#8779,.T.);
#8779 = EDGE_CURVE('',#8769,#8780,#8782,.T.);
#8780 = VERTEX_POINT('',#8781);
#8781 = CARTESIAN_POINT('',(1.075478520459,3.020088450794,
    -2.866003113729));
#8782 = B_SPLINE_CURVE_WITH_KNOTS('',1,(#8783,#8784),.UNSPECIFIED.,.F.,
  .F.,(2,2),(8.213445167632,8.724198020364),.PIECEWISE_BEZIER_KNOTS.);
#8783 = CARTESIAN_POINT('',(0.780595236334,3.314971786478,
    -3.160886384964));
#8784 = CARTESIAN_POINT('',(1.075478520459,3.020088450794,
    -2.866003113729));
#8785 = ORIENTED_EDGE('',*,*,#8786,.T.);
#8786 = EDGE_CURVE('',#8780,#8787,#8789,.T.);
#8787 = VERTEX_POINT('',#8788);
#8788 = CARTESIAN_POINT('',(1.075478520459,3.02008827905,-0.901480385876
    ));
#8789 = B_SPLINE_CURVE_WITH_KNOTS('',1,(#8790,#8791),.UNSPECIFIED.,.F.,
  .F.,(2,2),(7.281659094967,9.24618182282),.PIECEWISE_BEZIER_KNOTS.);
#8790 = CARTESIAN_POINT('',(1.075478520459,3.020088450794,
    -2.866003113729));
#8791 = CARTESIAN_POINT('',(1.075478520459,3.02008827905,-0.901480385876
    ));
#8792 = ORIENTED_EDGE('',*,*,#8793,.T.);
#8793 = EDGE_CURVE('',#8787,#8794,#8796,.T.);
#8794 = VERTEX_POINT('',#8795);
#8795 = CARTESIAN_POINT('',(0.730001263413,3.365565536096,
    -0.556003083526));
#8796 = B_SPLINE_CURVE_WITH_KNOTS('',1,(#8797,#8798),.UNSPECIFIED.,.F.,
  .F.,(2,2),(5.189805544457,5.788189732677),.PIECEWISE_BEZIER_KNOTS.);
#8797 = CARTESIAN_POINT('',(1.075478520459,3.02008827905,-0.901480385876
    ));
#8798 = CARTESIAN_POINT('',(0.730001263413,3.365565536096,
    -0.556003083526));
#8799 = ORIENTED_EDGE('',*,*,#8800,.T.);
#8800 = EDGE_CURVE('',#8794,#8767,#8801,.T.);
#8801 = B_SPLINE_CURVE_WITH_KNOTS('',1,(#8802,#8803,#8804),
  .UNSPECIFIED.,.F.,.F.,(2,1,2),(11.250666299226,11.406143571374,
    13.7334049353),.UNSPECIFIED.);
#8802 = CARTESIAN_POINT('',(0.730001263413,3.365565536096,
    -0.556003083526));
#8803 = CARTESIAN_POINT('',(0.730001263413,3.365565549689,
    -0.711480355674));
#8804 = CARTESIAN_POINT('',(0.730001263413,3.365565753144,-3.0387417196)
  );
#8805 = PLANE('',#8806);
#8806 = AXIS2_PLACEMENT_3D('',#8807,#8808,#8809);
#8807 = CARTESIAN_POINT('',(0.72293019591,3.372636838688,-3.238035127777
    ));
#8808 = DIRECTION('',(-0.707106812095,-0.707106750278,
    -6.181720521886E-08));
#8809 = DIRECTION('',(0.707106750278,-0.707106812095,-6.18172107016E-08)
  );
#8810 = ADVANCED_FACE('',(#8811),#8867,.T.);
#8811 = FACE_BOUND('',#8812,.T.);
#8812 = EDGE_LOOP('',(#8813,#8822,#8827,#8828,#8835,#8842,#8847,#8848,
    #8855,#8862));
#8813 = ORIENTED_EDGE('',*,*,#8814,.T.);
#8814 = EDGE_CURVE('',#8815,#8817,#8819,.T.);
#8815 = VERTEX_POINT('',#8816);
#8816 = CARTESIAN_POINT('',(3.270001269668,3.508666784174,
    -0.412901699401));
#8817 = VERTEX_POINT('',#8818);
#8818 = CARTESIAN_POINT('',(2.770001269668,3.50866680603,-0.412901699401
    ));
#8819 = B_SPLINE_CURVE_WITH_KNOTS('',1,(#8820,#8821),.UNSPECIFIED.,.F.,
  .F.,(2,2),(2.062842712475,2.562842712475),.PIECEWISE_BEZIER_KNOTS.);
#8820 = CARTESIAN_POINT('',(3.270001269668,3.508666784174,
    -0.412901699401));
#8821 = CARTESIAN_POINT('',(2.770001269668,3.50866680603,-0.412901699401
    ));
#8822 = ORIENTED_EDGE('',*,*,#8823,.T.);
#8823 = EDGE_CURVE('',#8817,#8692,#8824,.T.);
#8824 = B_SPLINE_CURVE_WITH_KNOTS('',1,(#8825,#8826),.UNSPECIFIED.,.F.,
  .F.,(2,2),(-8.875073568098,-8.452819600653),.PIECEWISE_BEZIER_KNOTS.);
#8825 = CARTESIAN_POINT('',(2.770001269668,3.50866680603,-0.412901699401
    ));
#8826 = CARTESIAN_POINT('',(2.770001256617,3.21008818837,-0.711480369266
    ));
#8827 = ORIENTED_EDGE('',*,*,#8691,.F.);
#8828 = ORIENTED_EDGE('',*,*,#8829,.T.);
#8829 = EDGE_CURVE('',#8685,#8830,#8832,.T.);
#8830 = VERTEX_POINT('',#8831);
#8831 = CARTESIAN_POINT('',(1.230001269668,3.508666873346,
    -0.412901699401));
#8832 = B_SPLINE_CURVE_WITH_KNOTS('',1,(#8833,#8834),.UNSPECIFIED.,.F.,
  .F.,(2,2),(-6.912819600653,-6.490565633209),.PIECEWISE_BEZIER_KNOTS.);
#8833 = CARTESIAN_POINT('',(1.230001256617,3.210088255685,
    -0.711480369266));
#8834 = CARTESIAN_POINT('',(1.230001269668,3.508666873346,
    -0.412901699401));
#8835 = ORIENTED_EDGE('',*,*,#8836,.T.);
#8836 = EDGE_CURVE('',#8830,#8837,#8839,.T.);
#8837 = VERTEX_POINT('',#8838);
#8838 = CARTESIAN_POINT('',(0.730001269668,3.508666895201,
    -0.412901699401));
#8839 = B_SPLINE_CURVE_WITH_KNOTS('',1,(#8840,#8841),.UNSPECIFIED.,.F.,
  .F.,(2,2),(-2.062842712475,-1.562842712475),.PIECEWISE_BEZIER_KNOTS.);
#8840 = CARTESIAN_POINT('',(1.230001269668,3.508666873346,
    -0.412901699401));
#8841 = CARTESIAN_POINT('',(0.730001269668,3.508666895201,
    -0.412901699401));
#8842 = ORIENTED_EDGE('',*,*,#8843,.T.);
#8843 = EDGE_CURVE('',#8837,#8794,#8844,.T.);
#8844 = B_SPLINE_CURVE_WITH_KNOTS('',1,(#8845,#8846),.UNSPECIFIED.,.F.,
  .F.,(2,2),(-5.990565633209,-5.788189732677),.PIECEWISE_BEZIER_KNOTS.);
#8845 = CARTESIAN_POINT('',(0.730001269668,3.508666895201,
    -0.412901699401));
#8846 = CARTESIAN_POINT('',(0.730001263413,3.365565536096,
    -0.556003083526));
#8847 = ORIENTED_EDGE('',*,*,#8793,.F.);
#8848 = ORIENTED_EDGE('',*,*,#8849,.T.);
#8849 = EDGE_CURVE('',#8787,#8850,#8852,.T.);
#8850 = VERTEX_POINT('',#8851);
#8851 = CARTESIAN_POINT('',(2.924523976164,3.020088198226,
    -0.901480385876));
#8852 = B_SPLINE_CURVE_WITH_KNOTS('',1,(#8853,#8854),.UNSPECIFIED.,.F.,
  .F.,(2,2),(1.619045455705,3.46809091141),.PIECEWISE_BEZIER_KNOTS.);
#8853 = CARTESIAN_POINT('',(1.075478520459,3.02008827905,-0.901480385876
    ));
#8854 = CARTESIAN_POINT('',(2.924523976164,3.020088198226,
    -0.901480385876));
#8855 = ORIENTED_EDGE('',*,*,#8856,.T.);
#8856 = EDGE_CURVE('',#8850,#8857,#8859,.T.);
#8857 = VERTEX_POINT('',#8858);
#8858 = CARTESIAN_POINT('',(3.270001263413,3.365565425069,
    -0.556003083526));
#8859 = B_SPLINE_CURVE_WITH_KNOTS('',1,(#8860,#8861),.UNSPECIFIED.,.F.,
  .F.,(2,2),(5.62676837644,6.225152564659),.PIECEWISE_BEZIER_KNOTS.);
#8860 = CARTESIAN_POINT('',(2.924523976164,3.020088198226,
    -0.901480385876));
#8861 = CARTESIAN_POINT('',(3.270001263413,3.365565425069,
    -0.556003083526));
#8862 = ORIENTED_EDGE('',*,*,#8863,.T.);
#8863 = EDGE_CURVE('',#8857,#8815,#8864,.T.);
#8864 = B_SPLINE_CURVE_WITH_KNOTS('',1,(#8865,#8866),.UNSPECIFIED.,.F.,
  .F.,(2,2),(-2.742375900532,-2.54),.PIECEWISE_BEZIER_KNOTS.);
#8865 = CARTESIAN_POINT('',(3.270001263413,3.365565425069,
    -0.556003083526));
#8866 = CARTESIAN_POINT('',(3.270001269668,3.508666784174,
    -0.412901699401));
#8867 = PLANE('',#8868);
#8868 = AXIS2_PLACEMENT_3D('',#8869,#8870,#8871);
#8869 = CARTESIAN_POINT('',(3.295401248003,3.013017114821,
    -0.908551454306));
#8870 = DIRECTION('',(-3.090861902909E-08,-0.707106843004,0.707106719369
    ));
#8871 = DIRECTION('',(-3.090861907263E-08,-0.707106719369,
    -0.707106843004));
#8872 = ADVANCED_FACE('',(#8873),#8889,.T.);
#8873 = FACE_BOUND('',#8874,.T.);
#8874 = EDGE_LOOP('',(#8875,#8876,#8883,#8888));
#8875 = ORIENTED_EDGE('',*,*,#8682,.F.);
#8876 = ORIENTED_EDGE('',*,*,#8877,.T.);
#8877 = EDGE_CURVE('',#8683,#8878,#8880,.T.);
#8878 = VERTEX_POINT('',#8879);
#8879 = CARTESIAN_POINT('',(1.230001337982,5.07150958582,-0.412901562773
    ));
#8880 = B_SPLINE_CURVE_WITH_KNOTS('',1,(#8881,#8882),.UNSPECIFIED.,.F.,
  .F.,(2,2),(0.,0.422253967444),.PIECEWISE_BEZIER_KNOTS.);
#8881 = CARTESIAN_POINT('',(1.230001351033,5.370088255685,
    -0.711480180433));
#8882 = CARTESIAN_POINT('',(1.230001337982,5.07150958582,-0.412901562773
    ));
#8883 = ORIENTED_EDGE('',*,*,#8884,.T.);
#8884 = EDGE_CURVE('',#8878,#8830,#8885,.T.);
#8885 = B_SPLINE_CURVE_WITH_KNOTS('',1,(#8886,#8887),.UNSPECIFIED.,.F.,
  .F.,(2,2),(-3.625685424949,-2.062842712475),.PIECEWISE_BEZIER_KNOTS.);
#8886 = CARTESIAN_POINT('',(1.230001337982,5.07150958582,-0.412901562773
    ));
#8887 = CARTESIAN_POINT('',(1.230001269668,3.508666873346,
    -0.412901699401));
#8888 = ORIENTED_EDGE('',*,*,#8829,.F.);
#8889 = PLANE('',#8890);
#8890 = AXIS2_PLACEMENT_3D('',#8891,#8892,#8893);
#8891 = CARTESIAN_POINT('',(1.230001351978,5.391688228709,
    -0.402901534782));
#8892 = DIRECTION('',(1.,-4.371138828674E-08,-3.821369236263E-15));
#8893 = DIRECTION('',(1.678841393868E-22,-8.742273394091E-08,1.));
#8894 = ADVANCED_FACE('',(#8895),#8911,.T.);
#8895 = FACE_BOUND('',#8896,.T.);
#8896 = EDGE_LOOP('',(#8897,#8898,#8899,#8906));
#8897 = ORIENTED_EDGE('',*,*,#8698,.F.);
#8898 = ORIENTED_EDGE('',*,*,#8823,.F.);
#8899 = ORIENTED_EDGE('',*,*,#8900,.T.);
#8900 = EDGE_CURVE('',#8817,#8901,#8903,.T.);
#8901 = VERTEX_POINT('',#8902);
#8902 = CARTESIAN_POINT('',(2.770001337982,5.071509518505,
    -0.412901562773));
#8903 = B_SPLINE_CURVE_WITH_KNOTS('',1,(#8904,#8905),.UNSPECIFIED.,.F.,
  .F.,(2,2),(2.562842712475,4.125685424949),.PIECEWISE_BEZIER_KNOTS.);
#8904 = CARTESIAN_POINT('',(2.770001269668,3.50866680603,-0.412901699401
    ));
#8905 = CARTESIAN_POINT('',(2.770001337982,5.071509518505,
    -0.412901562773));
#8906 = ORIENTED_EDGE('',*,*,#8907,.T.);
#8907 = EDGE_CURVE('',#8901,#8699,#8908,.T.);
#8908 = B_SPLINE_CURVE_WITH_KNOTS('',1,(#8909,#8910),.UNSPECIFIED.,.F.,
  .F.,(2,2),(-1.962253967444,-1.54),.PIECEWISE_BEZIER_KNOTS.);
#8909 = CARTESIAN_POINT('',(2.770001337982,5.071509518505,
    -0.412901562773));
#8910 = CARTESIAN_POINT('',(2.770001351033,5.37008818837,-0.711480180433
    ));
#8911 = PLANE('',#8912);
#8912 = AXIS2_PLACEMENT_3D('',#8913,#8914,#8915);
#8913 = CARTESIAN_POINT('',(2.770001351978,5.391688161393,
    -0.402901534782));
#8914 = DIRECTION('',(-1.,4.371138828674E-08,3.821369236263E-15));
#8915 = DIRECTION('',(-1.678841393868E-22,8.742273394091E-08,-1.));
#8916 = ADVANCED_FACE('',(#8917),#8933,.T.);
#8917 = FACE_BOUND('',#8918,.T.);
#8918 = EDGE_LOOP('',(#8919,#8920,#8921,#8928));
#8919 = ORIENTED_EDGE('',*,*,#8900,.F.);
#8920 = ORIENTED_EDGE('',*,*,#8814,.F.);
#8921 = ORIENTED_EDGE('',*,*,#8922,.T.);
#8922 = EDGE_CURVE('',#8815,#8923,#8925,.T.);
#8923 = VERTEX_POINT('',#8924);
#8924 = CARTESIAN_POINT('',(3.270001337982,5.071509496649,
    -0.412901562773));
#8925 = B_SPLINE_CURVE_WITH_KNOTS('',1,(#8926,#8927),.UNSPECIFIED.,.F.,
  .F.,(2,2),(-1.920695885155,-0.35785317268),.PIECEWISE_BEZIER_KNOTS.);
#8926 = CARTESIAN_POINT('',(3.270001269668,3.508666784174,
    -0.412901699401));
#8927 = CARTESIAN_POINT('',(3.270001337982,5.071509496649,
    -0.412901562773));
#8928 = ORIENTED_EDGE('',*,*,#8929,.T.);
#8929 = EDGE_CURVE('',#8923,#8901,#8930,.T.);
#8930 = B_SPLINE_CURVE_WITH_KNOTS('',1,(#8931,#8932),.UNSPECIFIED.,.F.,
  .F.,(2,2),(-2.462253967444,-1.962253967444),.PIECEWISE_BEZIER_KNOTS.);
#8931 = CARTESIAN_POINT('',(3.270001337982,5.071509496649,
    -0.412901562773));
#8932 = CARTESIAN_POINT('',(2.770001337982,5.071509518505,
    -0.412901562773));
#8933 = PLANE('',#8934);
#8934 = AXIS2_PLACEMENT_3D('',#8935,#8936,#8937);
#8935 = CARTESIAN_POINT('',(3.280001338665,5.087137923337,
    -0.412901561406));
#8936 = DIRECTION('',(1.678841393868E-22,-8.742273394091E-08,1.));
#8937 = DIRECTION('',(4.371138828674E-08,1.,8.742273394091E-08));
#8938 = ADVANCED_FACE('',(#8939),#8955,.T.);
#8939 = FACE_BOUND('',#8940,.T.);
#8940 = EDGE_LOOP('',(#8941,#8948,#8953,#8954));
#8941 = ORIENTED_EDGE('',*,*,#8942,.T.);
#8942 = EDGE_CURVE('',#8878,#8943,#8945,.T.);
#8943 = VERTEX_POINT('',#8944);
#8944 = CARTESIAN_POINT('',(0.730001337982,5.071509607676,
    -0.412901562773));
#8945 = B_SPLINE_CURVE_WITH_KNOTS('',1,(#8946,#8947),.UNSPECIFIED.,.F.,
  .F.,(2,2),(-6.412819600653,-5.912819600653),.PIECEWISE_BEZIER_KNOTS.);
#8946 = CARTESIAN_POINT('',(1.230001337982,5.07150958582,-0.412901562773
    ));
#8947 = CARTESIAN_POINT('',(0.730001337982,5.071509607676,
    -0.412901562773));
#8948 = ORIENTED_EDGE('',*,*,#8949,.T.);
#8949 = EDGE_CURVE('',#8943,#8837,#8950,.T.);
#8950 = B_SPLINE_CURVE_WITH_KNOTS('',1,(#8951,#8952),.UNSPECIFIED.,.F.,
  .F.,(2,2),(9.485447686219,11.048290398694),.PIECEWISE_BEZIER_KNOTS.);
#8951 = CARTESIAN_POINT('',(0.730001337982,5.071509607676,
    -0.412901562773));
#8952 = CARTESIAN_POINT('',(0.730001269668,3.508666895201,
    -0.412901699401));
#8953 = ORIENTED_EDGE('',*,*,#8836,.F.);
#8954 = ORIENTED_EDGE('',*,*,#8884,.F.);
#8955 = PLANE('',#8956);
#8956 = AXIS2_PLACEMENT_3D('',#8957,#8958,#8959);
#8957 = CARTESIAN_POINT('',(0.720001338665,5.087138035238,
    -0.412901561406));
#8958 = DIRECTION('',(1.678841393868E-22,-8.742273394091E-08,1.));
#8959 = DIRECTION('',(4.371138828674E-08,1.,8.742273394091E-08));
#8960 = ADVANCED_FACE('',(#8961),#9001,.T.);
#8961 = FACE_BOUND('',#8962,.T.);
#8962 = EDGE_LOOP('',(#8963,#8964,#8965,#8966,#8967,#8974,#8981,#8988,
    #8995,#9000));
#8963 = ORIENTED_EDGE('',*,*,#8877,.F.);
#8964 = ORIENTED_EDGE('',*,*,#8705,.F.);
#8965 = ORIENTED_EDGE('',*,*,#8907,.F.);
#8966 = ORIENTED_EDGE('',*,*,#8929,.F.);
#8967 = ORIENTED_EDGE('',*,*,#8968,.T.);
#8968 = EDGE_CURVE('',#8923,#8969,#8971,.T.);
#8969 = VERTEX_POINT('',#8970);
#8970 = CARTESIAN_POINT('',(3.270001344237,5.214610880774,
    -0.556002921878));
#8971 = B_SPLINE_CURVE_WITH_KNOTS('',1,(#8972,#8973),.UNSPECIFIED.,.F.,
  .F.,(2,2),(2.462253967444,2.664629867977),.PIECEWISE_BEZIER_KNOTS.);
#8972 = CARTESIAN_POINT('',(3.270001337982,5.071509496649,
    -0.412901562773));
#8973 = CARTESIAN_POINT('',(3.270001344237,5.214610880774,
    -0.556002921878));
#8974 = ORIENTED_EDGE('',*,*,#8975,.T.);
#8975 = EDGE_CURVE('',#8969,#8976,#8978,.T.);
#8976 = VERTEX_POINT('',#8977);
#8977 = CARTESIAN_POINT('',(2.924524087191,5.560088198226,
    -0.901480163823));
#8978 = B_SPLINE_CURVE_WITH_KNOTS('',1,(#8979,#8980),.UNSPECIFIED.,.F.,
  .F.,(2,2),(-0.40838418822,0.19),.PIECEWISE_BEZIER_KNOTS.);
#8979 = CARTESIAN_POINT('',(3.270001344237,5.214610880774,
    -0.556002921878));
#8980 = CARTESIAN_POINT('',(2.924524087191,5.560088198226,
    -0.901480163823));
#8981 = ORIENTED_EDGE('',*,*,#8982,.T.);
#8982 = EDGE_CURVE('',#8976,#8983,#8985,.T.);
#8983 = VERTEX_POINT('',#8984);
#8984 = CARTESIAN_POINT('',(1.075478631486,5.56008827905,-0.901480163822
    ));
#8985 = B_SPLINE_CURVE_WITH_KNOTS('',1,(#8986,#8987),.UNSPECIFIED.,.F.,
  .F.,(2,2),(-3.46809091141,-1.619045455705),.PIECEWISE_BEZIER_KNOTS.);
#8986 = CARTESIAN_POINT('',(2.924524087191,5.560088198226,
    -0.901480163823));
#8987 = CARTESIAN_POINT('',(1.075478631486,5.56008827905,-0.901480163822
    ));
#8988 = ORIENTED_EDGE('',*,*,#8989,.T.);
#8989 = EDGE_CURVE('',#8983,#8990,#8992,.T.);
#8990 = VERTEX_POINT('',#8991);
#8991 = CARTESIAN_POINT('',(0.730001344237,5.214610991801,
    -0.556002921878));
#8992 = B_SPLINE_CURVE_WITH_KNOTS('',1,(#8993,#8994),.UNSPECIFIED.,.F.,
  .F.,(2,2),(1.964522727852,2.562906916072),.PIECEWISE_BEZIER_KNOTS.);
#8993 = CARTESIAN_POINT('',(1.075478631486,5.56008827905,-0.901480163822
    ));
#8994 = CARTESIAN_POINT('',(0.730001344237,5.214610991801,
    -0.556002921878));
#8995 = ORIENTED_EDGE('',*,*,#8996,.T.);
#8996 = EDGE_CURVE('',#8990,#8943,#8997,.T.);
#8997 = B_SPLINE_CURVE_WITH_KNOTS('',1,(#8998,#8999),.UNSPECIFIED.,.F.,
  .F.,(2,2),(5.710443700121,5.912819600653),.PIECEWISE_BEZIER_KNOTS.);
#8998 = CARTESIAN_POINT('',(0.730001344237,5.214610991801,
    -0.556002921878));
#8999 = CARTESIAN_POINT('',(0.730001337982,5.071509607676,
    -0.412901562773));
#9000 = ORIENTED_EDGE('',*,*,#8942,.F.);
#9001 = PLANE('',#9002);
#9002 = AXIS2_PLACEMENT_3D('',#9003,#9004,#9005);
#9003 = CARTESIAN_POINT('',(3.295401359648,5.567159250444,
    -0.908551231016));
#9004 = DIRECTION('',(3.090861922611E-08,0.707106719369,0.707106843004)
  );
#9005 = DIRECTION('',(-3.090861907263E-08,-0.707106843004,0.707106719369
    ));
#9006 = ADVANCED_FACE('',(#9007),#9026,.T.);
#9007 = FACE_BOUND('',#9008,.T.);
#9008 = EDGE_LOOP('',(#9009,#9016,#9017,#9018,#9019,#9020));
#9009 = ORIENTED_EDGE('',*,*,#9010,.T.);
#9010 = EDGE_CURVE('',#9011,#8767,#9013,.T.);
#9011 = VERTEX_POINT('',#9012);
#9012 = CARTESIAN_POINT('',(0.730001344237,5.214611208849,
    -3.038741557951));
#9013 = B_SPLINE_CURVE_WITH_KNOTS('',1,(#9014,#9015),.UNSPECIFIED.,.F.,
  .F.,(2,2),(-2.849045455705,-1.),.PIECEWISE_BEZIER_KNOTS.);
#9014 = CARTESIAN_POINT('',(0.730001344237,5.214611208849,
    -3.038741557951));
#9015 = CARTESIAN_POINT('',(0.730001263413,3.365565753144,-3.0387417196)
  );
#9016 = ORIENTED_EDGE('',*,*,#8800,.F.);
#9017 = ORIENTED_EDGE('',*,*,#8843,.F.);
#9018 = ORIENTED_EDGE('',*,*,#8949,.F.);
#9019 = ORIENTED_EDGE('',*,*,#8996,.F.);
#9020 = ORIENTED_EDGE('',*,*,#9021,.T.);
#9021 = EDGE_CURVE('',#8990,#9011,#9022,.T.);
#9022 = B_SPLINE_CURVE_WITH_KNOTS('',1,(#9023,#9024,#9025),
  .UNSPECIFIED.,.F.,.F.,(2,1,2),(2.562906916072,2.71838418822,
    5.045645552146),.UNSPECIFIED.);
#9023 = CARTESIAN_POINT('',(0.730001344237,5.214610991801,
    -0.556002921878));
#9024 = CARTESIAN_POINT('',(0.730001344237,5.214611005394,
    -0.711480194025));
#9025 = CARTESIAN_POINT('',(0.730001344237,5.214611208849,
    -3.038741557951));
#9026 = PLANE('',#9027);
#9027 = AXIS2_PLACEMENT_3D('',#9028,#9029,#9030);
#9028 = CARTESIAN_POINT('',(0.730001345045,5.233101431401,
    -0.384915762208));
#9029 = DIRECTION('',(-1.,4.371138828674E-08,3.821369236263E-15));
#9030 = DIRECTION('',(-1.678841393868E-22,8.742273394091E-08,-1.));
#9031 = ADVANCED_FACE('',(#9032),#9059,.T.);
#9032 = FACE_BOUND('',#9033,.T.);
#9033 = EDGE_LOOP('',(#9034,#9035,#9036,#9043,#9050));
#9034 = ORIENTED_EDGE('',*,*,#9021,.F.);
#9035 = ORIENTED_EDGE('',*,*,#8989,.F.);
#9036 = ORIENTED_EDGE('',*,*,#9037,.T.);
#9037 = EDGE_CURVE('',#8983,#9038,#9040,.T.);
#9038 = VERTEX_POINT('',#9039);
#9039 = CARTESIAN_POINT('',(1.075478631486,5.560088450794,
    -2.866002891675));
#9040 = B_SPLINE_CURVE_WITH_KNOTS('',1,(#9041,#9042),.UNSPECIFIED.,.F.,
  .F.,(2,2),(-9.24618182282,-7.281659094967),.PIECEWISE_BEZIER_KNOTS.);
#9041 = CARTESIAN_POINT('',(1.075478631486,5.56008827905,-0.901480163822
    ));
#9042 = CARTESIAN_POINT('',(1.075478631486,5.560088450794,
    -2.866002891675));
#9043 = ORIENTED_EDGE('',*,*,#9044,.T.);
#9044 = EDGE_CURVE('',#9038,#9045,#9047,.T.);
#9045 = VERTEX_POINT('',#9046);
#9046 = CARTESIAN_POINT('',(0.780595321582,5.265205192449,
    -3.160886214469));
#9047 = B_SPLINE_CURVE_WITH_KNOTS('',1,(#9048,#9049),.UNSPECIFIED.,.F.,
  .F.,(2,2),(-3.13838418822,-2.627631335487),.PIECEWISE_BEZIER_KNOTS.);
#9048 = CARTESIAN_POINT('',(1.075478631486,5.560088450794,
    -2.866002891675));
#9049 = CARTESIAN_POINT('',(0.780595321582,5.265205192449,
    -3.160886214469));
#9050 = ORIENTED_EDGE('',*,*,#9051,.T.);
#9051 = EDGE_CURVE('',#9045,#9011,#9052,.T.);
#9052 = B_SPLINE_CURVE_WITH_KNOTS('',3,(#9053,#9054,#9055,#9056,#9057,
    #9058),.UNSPECIFIED.,.F.,.F.,(4,2,4),(-0.149436059475,
    -8.595855064777E-02,0.),.UNSPECIFIED.);
#9053 = CARTESIAN_POINT('',(0.780595321582,5.265205192449,
    -3.160886214469));
#9054 = CARTESIAN_POINT('',(0.768501077872,5.253110948739,
    -3.148789606661));
#9055 = CARTESIAN_POINT('',(0.757548638914,5.242158509467,
    -3.134250302234));
#9056 = CARTESIAN_POINT('',(0.737137827694,5.221747696535,
    -3.094254598985));
#9057 = CARTESIAN_POINT('',(0.73000134764,5.214611214764,-3.06747211626)
  );
#9058 = CARTESIAN_POINT('',(0.730001344237,5.214611208849,
    -3.038741557951));
#9059 = PLANE('',#9060);
#9060 = AXIS2_PLACEMENT_3D('',#9061,#9062,#9063);
#9061 = CARTESIAN_POINT('',(1.082549699607,5.567159314029,
    -0.529448118335));
#9062 = DIRECTION('',(-0.707106750278,0.707106812095,6.181720575581E-08)
  );
#9063 = DIRECTION('',(0.707106812095,0.707106750278,6.181720529737E-08)
  );
#9064 = ADVANCED_FACE('',(#9065),#9101,.T.);
#9065 = FACE_BOUND('',#9066,.T.);
#9066 = EDGE_LOOP('',(#9067,#9082,#9088,#9089,#9096));
#9067 = ORIENTED_EDGE('',*,*,#9068,.T.);
#9068 = EDGE_CURVE('',#9069,#9071,#9073,.T.);
#9069 = VERTEX_POINT('',#9070);
#9070 = CARTESIAN_POINT('',(3.219407286068,3.314971679874,
    -3.160886384964));
#9071 = VERTEX_POINT('',#9072);
#9072 = CARTESIAN_POINT('',(3.270001263413,3.365565642117,-3.0387417196)
  );
#9073 = B_SPLINE_CURVE_WITH_KNOTS('',3,(#9074,#9075,#9076,#9077,#9078,
    #9079,#9080,#9081),.UNSPECIFIED.,.F.,.F.,(4,2,2,4),(0.184202012118,
    0.247585477026,0.290135351222,0.332827726053),.UNSPECIFIED.);
#9074 = CARTESIAN_POINT('',(3.219407286068,3.314971679874,
    -3.160886384964));
#9075 = CARTESIAN_POINT('',(3.231500434152,3.327064825843,
    -3.148791070562));
#9076 = CARTESIAN_POINT('',(3.242452941542,3.338017331004,
    -3.134252481522));
#9077 = CARTESIAN_POINT('',(3.256945093154,3.352509478867,
    -3.105854597636));
#9078 = CARTESIAN_POINT('',(3.261690163381,3.357254547698,
    -3.093421554247));
#9079 = CARTESIAN_POINT('',(3.268264368832,3.363828750245,
    -3.066776741174));
#9080 = CARTESIAN_POINT('',(3.270001263413,3.365565643354,-3.05288679413
    ));
#9081 = CARTESIAN_POINT('',(3.270001263413,3.365565642117,-3.0387417196)
  );
#9082 = ORIENTED_EDGE('',*,*,#9083,.T.);
#9083 = EDGE_CURVE('',#9071,#8857,#9084,.T.);
#9084 = B_SPLINE_CURVE_WITH_KNOTS('',1,(#9085,#9086,#9087),
  .UNSPECIFIED.,.F.,.F.,(2,1,2),(-4.605810421761,-2.278549057834,
    -2.123071785687),.UNSPECIFIED.);
#9085 = CARTESIAN_POINT('',(3.270001263413,3.365565642117,-3.0387417196)
  );
#9086 = CARTESIAN_POINT('',(3.270001263413,3.365565438662,
    -0.711480355674));
#9087 = CARTESIAN_POINT('',(3.270001263413,3.365565425069,
    -0.556003083526));
#9088 = ORIENTED_EDGE('',*,*,#8856,.F.);
#9089 = ORIENTED_EDGE('',*,*,#9090,.T.);
#9090 = EDGE_CURVE('',#8850,#9091,#9093,.T.);
#9091 = VERTEX_POINT('',#9092);
#9092 = CARTESIAN_POINT('',(2.924523976164,3.02008836997,-2.866003113729
    ));
#9093 = B_SPLINE_CURVE_WITH_KNOTS('',1,(#9094,#9095),.UNSPECIFIED.,.F.,
  .F.,(2,2),(-5.62676837644,-3.662245648587),.PIECEWISE_BEZIER_KNOTS.);
#9094 = CARTESIAN_POINT('',(2.924523976164,3.020088198226,
    -0.901480385876));
#9095 = CARTESIAN_POINT('',(2.924523976164,3.02008836997,-2.866003113729
    ));
#9096 = ORIENTED_EDGE('',*,*,#9097,.T.);
#9097 = EDGE_CURVE('',#9091,#9069,#9098,.T.);
#9098 = B_SPLINE_CURVE_WITH_KNOTS('',1,(#9099,#9100),.UNSPECIFIED.,.F.,
  .F.,(2,2),(4.987429643925,5.498182496657),.PIECEWISE_BEZIER_KNOTS.);
#9099 = CARTESIAN_POINT('',(2.924523976164,3.02008836997,-2.866003113729
    ));
#9100 = CARTESIAN_POINT('',(3.219407286068,3.314971679874,
    -3.160886384964));
#9101 = PLANE('',#9102);
#9102 = AXIS2_PLACEMENT_3D('',#9103,#9104,#9105);
#9103 = CARTESIAN_POINT('',(3.277072331534,3.372636727043,
    -3.238035127777));
#9104 = DIRECTION('',(0.707106750278,-0.707106812095,-6.181721021095E-08
    ));
#9105 = DIRECTION('',(-0.707106812095,-0.707106750278,
    -6.181720529737E-08));
#9106 = ADVANCED_FACE('',(#9107),#9135,.T.);
#9107 = FACE_BOUND('',#9108,.T.);
#9108 = EDGE_LOOP('',(#9109,#9110,#9119,#9120,#9125,#9126));
#9109 = ORIENTED_EDGE('',*,*,#8740,.F.);
#9110 = ORIENTED_EDGE('',*,*,#9111,.T.);
#9111 = EDGE_CURVE('',#8734,#9069,#9112,.T.);
#9112 = B_SPLINE_CURVE_WITH_KNOTS('',3,(#9113,#9114,#9115,#9116,#9117,
    #9118),.UNSPECIFIED.,.F.,.F.,(4,2,4),(0.,8.595868405518E-02,
    0.149436291399),.UNSPECIFIED.);
#9113 = CARTESIAN_POINT('',(3.097262627339,3.365565664769,
    -3.211480355674));
#9114 = CARTESIAN_POINT('',(3.125993185648,3.36556566011,-3.211480352271
    ));
#9115 = CARTESIAN_POINT('',(3.152775668685,3.358429178574,
    -3.204343873153));
#9116 = CARTESIAN_POINT('',(3.192771372826,3.338018364713,
    -3.183933064609));
#9117 = CARTESIAN_POINT('',(3.207310677732,3.327065924641,
    -3.172980627087));
#9118 = CARTESIAN_POINT('',(3.219407286068,3.314971679874,
    -3.160886384964));
#9119 = ORIENTED_EDGE('',*,*,#9097,.F.);
#9120 = ORIENTED_EDGE('',*,*,#9121,.T.);
#9121 = EDGE_CURVE('',#9091,#8780,#9122,.T.);
#9122 = B_SPLINE_CURVE_WITH_KNOTS('',1,(#9123,#9124),.UNSPECIFIED.,.F.,
  .F.,(2,2),(-4.987429643925,-3.13838418822),.PIECEWISE_BEZIER_KNOTS.);
#9123 = CARTESIAN_POINT('',(2.924523976164,3.02008836997,-2.866003113729
    ));
#9124 = CARTESIAN_POINT('',(1.075478520459,3.020088450794,
    -2.866003113729));
#9125 = ORIENTED_EDGE('',*,*,#8779,.F.);
#9126 = ORIENTED_EDGE('',*,*,#9127,.T.);
#9127 = EDGE_CURVE('',#8769,#8741,#9128,.T.);
#9128 = B_SPLINE_CURVE_WITH_KNOTS('',3,(#9129,#9130,#9131,#9132,#9133,
    #9134),.UNSPECIFIED.,.F.,.F.,(4,2,4),(-0.149486407896,
    -8.60357124907E-02,0.),.UNSPECIFIED.);
#9129 = CARTESIAN_POINT('',(0.780595236334,3.314971786478,
    -3.160886384964));
#9130 = CARTESIAN_POINT('',(0.792690550207,3.327064934562,
    -3.172979531462));
#9131 = CARTESIAN_POINT('',(0.807229138768,3.338017441795,
    -3.183932037415));
#9132 = CARTESIAN_POINT('',(0.847259969612,3.358446177284,
    -3.204360771083));
#9133 = CARTESIAN_POINT('',(0.874047083724,3.365565761949,
    -3.211480355674));
#9134 = CARTESIAN_POINT('',(0.902739899487,3.365565760695,
    -3.211480355674));
#9135 = PLANE('',#9136);
#9136 = AXIS2_PLACEMENT_3D('',#9137,#9138,#9139);
#9137 = CARTESIAN_POINT('',(0.704601263722,3.372636837786,
    -3.218551422867));
#9138 = DIRECTION('',(-3.090861926889E-08,-0.707106719369,
    -0.707106843004));
#9139 = DIRECTION('',(-3.090861907263E-08,-0.707106843004,0.707106719369
    ));
#9140 = ADVANCED_FACE('',(#9141),#9160,.T.);
#9141 = FACE_BOUND('',#9142,.T.);
#9142 = EDGE_LOOP('',(#9143,#9151,#9152,#9153,#9154,#9155));
#9143 = ORIENTED_EDGE('',*,*,#9144,.T.);
#9144 = EDGE_CURVE('',#9145,#8969,#9147,.T.);
#9145 = VERTEX_POINT('',#9146);
#9146 = CARTESIAN_POINT('',(3.270001344237,5.214611097822,
    -3.038741557951));
#9147 = B_SPLINE_CURVE_WITH_KNOTS('',1,(#9148,#9149,#9150),
  .UNSPECIFIED.,.F.,.F.,(2,1,2),(-2.891122824294,-0.563861460367,
    -0.40838418822),.UNSPECIFIED.);
#9148 = CARTESIAN_POINT('',(3.270001344237,5.214611097822,
    -3.038741557951));
#9149 = CARTESIAN_POINT('',(3.270001344237,5.214610894367,
    -0.711480194025));
#9150 = CARTESIAN_POINT('',(3.270001344237,5.214610880774,
    -0.556002921878));
#9151 = ORIENTED_EDGE('',*,*,#8968,.F.);
#9152 = ORIENTED_EDGE('',*,*,#8922,.F.);
#9153 = ORIENTED_EDGE('',*,*,#8863,.F.);
#9154 = ORIENTED_EDGE('',*,*,#9083,.F.);
#9155 = ORIENTED_EDGE('',*,*,#9156,.T.);
#9156 = EDGE_CURVE('',#9071,#9145,#9157,.T.);
#9157 = B_SPLINE_CURVE_WITH_KNOTS('',1,(#9158,#9159),.UNSPECIFIED.,.F.,
  .F.,(2,2),(1.,2.849045455705),.PIECEWISE_BEZIER_KNOTS.);
#9158 = CARTESIAN_POINT('',(3.270001263413,3.365565642117,-3.0387417196)
  );
#9159 = CARTESIAN_POINT('',(3.270001344237,5.214611097822,
    -3.038741557951));
#9160 = PLANE('',#9161);
#9161 = AXIS2_PLACEMENT_3D('',#9162,#9163,#9164);
#9162 = CARTESIAN_POINT('',(3.270001345045,5.233101320375,
    -0.384915762208));
#9163 = DIRECTION('',(1.,-4.371138828674E-08,-3.821369236263E-15));
#9164 = DIRECTION('',(1.678841393868E-22,-8.742273394091E-08,1.));
#9165 = ADVANCED_FACE('',(#9166),#9202,.T.);
#9166 = FACE_BOUND('',#9167,.T.);
#9167 = EDGE_LOOP('',(#9168,#9177,#9178,#9185,#9192,#9201));
#9168 = ORIENTED_EDGE('',*,*,#9169,.T.);
#9169 = EDGE_CURVE('',#8725,#9045,#9170,.T.);
#9170 = B_SPLINE_CURVE_WITH_KNOTS('',3,(#9171,#9172,#9173,#9174,#9175,
    #9176),.UNSPECIFIED.,.F.,.F.,(4,2,4),(0.,8.603571249071E-02,
    0.149486407896),.UNSPECIFIED.);
#9171 = CARTESIAN_POINT('',(0.902739980311,5.2146112164,-3.211480194025)
  );
#9172 = CARTESIAN_POINT('',(0.874047164549,5.214611217654,
    -3.211480194025));
#9173 = CARTESIAN_POINT('',(0.847260051059,5.221730803416,
    -3.204360608189));
#9174 = CARTESIAN_POINT('',(0.807229222001,5.242159538833,-3.18393187095
    ));
#9175 = CARTESIAN_POINT('',(0.792690634397,5.253112045422,
    -3.172979363082));
#9176 = CARTESIAN_POINT('',(0.780595321582,5.265205192449,
    -3.160886214469));
#9177 = ORIENTED_EDGE('',*,*,#9044,.F.);
#9178 = ORIENTED_EDGE('',*,*,#9179,.T.);
#9179 = EDGE_CURVE('',#9038,#9180,#9182,.T.);
#9180 = VERTEX_POINT('',#9181);
#9181 = CARTESIAN_POINT('',(2.924524087191,5.56008836997,-2.866002891675
    ));
#9182 = B_SPLINE_CURVE_WITH_KNOTS('',1,(#9183,#9184),.UNSPECIFIED.,.F.,
  .F.,(2,2),(3.13838418822,4.987429643925),.PIECEWISE_BEZIER_KNOTS.);
#9183 = CARTESIAN_POINT('',(1.075478631486,5.560088450794,
    -2.866002891675));
#9184 = CARTESIAN_POINT('',(2.924524087191,5.56008836997,-2.866002891675
    ));
#9185 = ORIENTED_EDGE('',*,*,#9186,.T.);
#9186 = EDGE_CURVE('',#9180,#9187,#9189,.T.);
#9187 = VERTEX_POINT('',#9188);
#9188 = CARTESIAN_POINT('',(3.219407371316,5.265205085845,
    -3.160886214469));
#9189 = B_SPLINE_CURVE_WITH_KNOTS('',1,(#9190,#9191),.UNSPECIFIED.,.F.,
  .F.,(2,2),(-3.662245648587,-3.151492795855),.PIECEWISE_BEZIER_KNOTS.);
#9190 = CARTESIAN_POINT('',(2.924524087191,5.56008836997,-2.866002891675
    ));
#9191 = CARTESIAN_POINT('',(3.219407371316,5.265205085845,
    -3.160886214469));
#9192 = ORIENTED_EDGE('',*,*,#9193,.T.);
#9193 = EDGE_CURVE('',#9187,#8727,#9194,.T.);
#9194 = B_SPLINE_CURVE_WITH_KNOTS('',3,(#9195,#9196,#9197,#9198,#9199,
    #9200),.UNSPECIFIED.,.F.,.F.,(4,2,4),(-0.149436291399,
    -8.595868405518E-02,0.),.UNSPECIFIED.);
#9195 = CARTESIAN_POINT('',(3.219407371316,5.265205085845,
    -3.160886214469));
#9196 = CARTESIAN_POINT('',(3.207310761922,5.25311084425,-3.172980458707
    ));
#9197 = CARTESIAN_POINT('',(3.192771456059,5.242158407364,
    -3.183932898144));
#9198 = CARTESIAN_POINT('',(3.152775750133,5.221747600568,
    -3.204343710257));
#9199 = CARTESIAN_POINT('',(3.125993266473,5.214611122621,
    -3.211480190622));
#9200 = CARTESIAN_POINT('',(3.097262708163,5.214611120474,
    -3.211480194025));
#9201 = ORIENTED_EDGE('',*,*,#8724,.F.);
#9202 = PLANE('',#9203);
#9203 = AXIS2_PLACEMENT_3D('',#9204,#9205,#9206);
#9204 = CARTESIAN_POINT('',(3.295401359648,5.567159420952,
    -2.858931823245));
#9205 = DIRECTION('',(3.090861915113E-08,0.707106843004,-0.707106719369)
  );
#9206 = DIRECTION('',(-3.090861907263E-08,-0.707106719369,
    -0.707106843004));
#9207 = ADVANCED_FACE('',(#9208),#9229,.T.);
#9208 = FACE_BOUND('',#9209,.T.);
#9209 = EDGE_LOOP('',(#9210,#9211,#9216,#9217,#9218));
#9210 = ORIENTED_EDGE('',*,*,#9186,.F.);
#9211 = ORIENTED_EDGE('',*,*,#9212,.T.);
#9212 = EDGE_CURVE('',#9180,#8976,#9213,.T.);
#9213 = B_SPLINE_CURVE_WITH_KNOTS('',1,(#9214,#9215),.UNSPECIFIED.,.F.,
  .F.,(2,2),(3.662245648587,5.62676837644),.PIECEWISE_BEZIER_KNOTS.);
#9214 = CARTESIAN_POINT('',(2.924524087191,5.56008836997,-2.866002891675
    ));
#9215 = CARTESIAN_POINT('',(2.924524087191,5.560088198226,
    -0.901480163823));
#9216 = ORIENTED_EDGE('',*,*,#8975,.F.);
#9217 = ORIENTED_EDGE('',*,*,#9144,.F.);
#9218 = ORIENTED_EDGE('',*,*,#9219,.T.);
#9219 = EDGE_CURVE('',#9145,#9187,#9220,.T.);
#9220 = B_SPLINE_CURVE_WITH_KNOTS('',3,(#9221,#9222,#9223,#9224,#9225,
    #9226,#9227,#9228),.UNSPECIFIED.,.F.,.F.,(4,2,2,4),(-0.332827726053,
    -0.290135351222,-0.247585477026,-0.184202012118),.UNSPECIFIED.);
#9221 = CARTESIAN_POINT('',(3.270001344237,5.214611097822,
    -3.038741557951));
#9222 = CARTESIAN_POINT('',(3.270001344237,5.214611099059,
    -3.052886632481));
#9223 = CARTESIAN_POINT('',(3.268264449808,5.216347994748,
    -3.066776579222));
#9224 = CARTESIAN_POINT('',(3.261690244932,5.222922202528,
    -3.093421391145));
#9225 = CARTESIAN_POINT('',(3.25694517512,5.227667273948,-3.105854433705
    ));
#9226 = CARTESIAN_POINT('',(3.242453024775,5.242159428043,
    -3.134252315057));
#9227 = CARTESIAN_POINT('',(3.231500518343,5.253111936703,
    -3.148790902182));
#9228 = CARTESIAN_POINT('',(3.219407371316,5.265205085845,
    -3.160886214469));
#9229 = PLANE('',#9230);
#9230 = AXIS2_PLACEMENT_3D('',#9231,#9232,#9233);
#9231 = CARTESIAN_POINT('',(3.27707241174,5.207540047124,-3.238034967365
    ));
#9232 = DIRECTION('',(0.707106812095,0.707106750278,6.181720307961E-08)
  );
#9233 = DIRECTION('',(0.707106750278,-0.707106812095,-6.18172107016E-08)
  );
#9234 = ADVANCED_FACE('',(#9235),#9243,.T.);
#9235 = FACE_BOUND('',#9236,.T.);
#9236 = EDGE_LOOP('',(#9237,#9238,#9239,#9240,#9241,#9242));
#9237 = ORIENTED_EDGE('',*,*,#9068,.F.);
#9238 = ORIENTED_EDGE('',*,*,#9111,.F.);
#9239 = ORIENTED_EDGE('',*,*,#8733,.F.);
#9240 = ORIENTED_EDGE('',*,*,#9193,.F.);
#9241 = ORIENTED_EDGE('',*,*,#9219,.F.);
#9242 = ORIENTED_EDGE('',*,*,#9156,.F.);
#9243 = ( BOUNDED_SURFACE() B_SPLINE_SURFACE(1,2,(
    (#9244,#9245,#9246)
    ,(#9247,#9248,#9249
)),.UNSPECIFIED.,.F.,.F.,.F.) B_SPLINE_SURFACE_WITH_KNOTS((2,2),(3,3),(
    0.,3.69),(0.,0.27133721504),.PIECEWISE_BEZIER_KNOTS.) 
GEOMETRIC_REPRESENTATION_ITEM() RATIONAL_B_SPLINE_SURFACE((
    (1.,0.707106781187,1.)
,(1.,0.707106781187,1.))) REPRESENTATION_ITEM('') SURFACE() );
#9244 = CARTESIAN_POINT('',(3.097262583628,2.365565664769,
    -3.211480443096));
#9245 = CARTESIAN_POINT('',(3.270001219701,2.365565657219,
    -3.211480443096));
#9246 = CARTESIAN_POINT('',(3.270001219701,2.365565642117,
    -3.038741807023));
#9247 = CARTESIAN_POINT('',(3.097262744923,6.055565664769,
    -3.211480120507));
#9248 = CARTESIAN_POINT('',(3.270001380997,6.055565657219,
    -3.211480120507));
#9249 = CARTESIAN_POINT('',(3.270001380997,6.055565642117,
    -3.038741484433));
#9250 = ADVANCED_FACE('',(#9251),#9259,.T.);
#9251 = FACE_BOUND('',#9252,.T.);
#9252 = EDGE_LOOP('',(#9253,#9254,#9255,#9256,#9257,#9258));
#9253 = ORIENTED_EDGE('',*,*,#9169,.F.);
#9254 = ORIENTED_EDGE('',*,*,#8747,.F.);
#9255 = ORIENTED_EDGE('',*,*,#9127,.F.);
#9256 = ORIENTED_EDGE('',*,*,#8766,.F.);
#9257 = ORIENTED_EDGE('',*,*,#9010,.F.);
#9258 = ORIENTED_EDGE('',*,*,#9051,.F.);
#9259 = ( BOUNDED_SURFACE() B_SPLINE_SURFACE(2,1,(
    (#9260,#9261)
    ,(#9262,#9263)
    ,(#9264,#9265
)),.UNSPECIFIED.,.F.,.F.,.F.) B_SPLINE_SURFACE_WITH_KNOTS((3,3),(2,2),(
    0.,0.27133721504),(0.,3.69),.PIECEWISE_BEZIER_KNOTS.) 
GEOMETRIC_REPRESENTATION_ITEM() RATIONAL_B_SPLINE_SURFACE((
    (1.,1.)
    ,(0.707106781187,0.707106781187)
,(1.,1.))) REPRESENTATION_ITEM('') SURFACE() );
#9260 = CARTESIAN_POINT('',(0.902739855775,2.365565760695,
    -3.211480443096));
#9261 = CARTESIAN_POINT('',(0.90274001707,6.055565760695,-3.211480120506
    ));
#9262 = CARTESIAN_POINT('',(0.730001219702,2.365565768245,
    -3.211480443096));
#9263 = CARTESIAN_POINT('',(0.730001380997,6.055565768245,
    -3.211480120506));
#9264 = CARTESIAN_POINT('',(0.730001219702,2.365565753144,
    -3.038741807023));
#9265 = CARTESIAN_POINT('',(0.730001380997,6.055565753144,
    -3.038741484433));
#9266 = SHELL_BASED_SURFACE_MODEL('',(#9267));
#9267 = OPEN_SHELL('',(#9268,#9336,#9408,#9444,#9472,#9509,#9543,#9566,
    #9588,#9612,#9649,#9695,#9717,#9739,#9761,#9783,#9815,#9832,#9874,
    #9916,#9936,#9952,#9968));
#9268 = ADVANCED_FACE('',(#9269),#9329,.T.);
#9269 = FACE_BOUND('',#9270,.T.);
#9270 = EDGE_LOOP('',(#9271,#9284,#9291,#9302,#9313,#9320));
#9271 = ORIENTED_EDGE('',*,*,#9272,.T.);
#9272 = EDGE_CURVE('',#9273,#9275,#9277,.T.);
#9273 = VERTEX_POINT('',#9274);
#9274 = CARTESIAN_POINT('',(0.780595543636,10.345205192449,
    -3.160885770361));
#9275 = VERTEX_POINT('',#9276);
#9276 = CARTESIAN_POINT('',(0.902740202365,10.2946112164,-3.211479749918
    ));
#9277 = B_SPLINE_CURVE_WITH_KNOTS('',3,(#9278,#9279,#9280,#9281,#9282,
    #9283),.UNSPECIFIED.,.F.,.F.,(4,2,4),(-0.149486407896,
    -8.603571249071E-02,0.),.UNSPECIFIED.);
#9278 = CARTESIAN_POINT('',(0.780595543636,10.345205192449,
    -3.160885770361));
#9279 = CARTESIAN_POINT('',(0.792690856451,10.333112045422,
    -3.172978918974));
#9280 = CARTESIAN_POINT('',(0.807229444055,10.322159538833,
    -3.183931426842));
#9281 = CARTESIAN_POINT('',(0.847260273112,10.301730803416,
    -3.204360164082));
#9282 = CARTESIAN_POINT('',(0.874047386603,10.294611217654,
    -3.211479749917));
#9283 = CARTESIAN_POINT('',(0.902740202365,10.2946112164,-3.211479749918
    ));
#9284 = ORIENTED_EDGE('',*,*,#9285,.T.);
#9285 = EDGE_CURVE('',#9275,#9286,#9288,.T.);
#9286 = VERTEX_POINT('',#9287);
#9287 = CARTESIAN_POINT('',(0.90274012154,8.445565760695,-3.211479911566
    ));
#9288 = B_SPLINE_CURVE_WITH_KNOTS('',1,(#9289,#9290),.UNSPECIFIED.,.F.,
  .F.,(2,2),(-2.849045455705,-1.),.PIECEWISE_BEZIER_KNOTS.);
#9289 = CARTESIAN_POINT('',(0.902740202365,10.2946112164,-3.211479749918
    ));
#9290 = CARTESIAN_POINT('',(0.90274012154,8.445565760695,-3.211479911566
    ));
#9291 = ORIENTED_EDGE('',*,*,#9292,.T.);
#9292 = EDGE_CURVE('',#9286,#9293,#9295,.T.);
#9293 = VERTEX_POINT('',#9294);
#9294 = CARTESIAN_POINT('',(0.780595458388,8.394971786478,
    -3.160885940856));
#9295 = B_SPLINE_CURVE_WITH_KNOTS('',3,(#9296,#9297,#9298,#9299,#9300,
    #9301),.UNSPECIFIED.,.F.,.F.,(4,2,4),(0.,8.60357124907E-02,
    0.149486407896),.UNSPECIFIED.);
#9296 = CARTESIAN_POINT('',(0.90274012154,8.445565760695,-3.211479911566
    ));
#9297 = CARTESIAN_POINT('',(0.874047305778,8.445565761949,
    -3.211479911566));
#9298 = CARTESIAN_POINT('',(0.847260191666,8.438446177284,
    -3.204360326975));
#9299 = CARTESIAN_POINT('',(0.807229360822,8.418017441795,
    -3.183931593308));
#9300 = CARTESIAN_POINT('',(0.792690772261,8.407064934562,
    -3.172979087354));
#9301 = CARTESIAN_POINT('',(0.780595458388,8.394971786478,
    -3.160885940856));
#9302 = ORIENTED_EDGE('',*,*,#9303,.T.);
#9303 = EDGE_CURVE('',#9293,#9304,#9306,.T.);
#9304 = VERTEX_POINT('',#9305);
#9305 = CARTESIAN_POINT('',(0.730001485467,8.445565753144,
    -3.038741275492));
#9306 = B_SPLINE_CURVE_WITH_KNOTS('',3,(#9307,#9308,#9309,#9310,#9311,
    #9312),.UNSPECIFIED.,.F.,.F.,(4,2,4),(-0.149436059475,
    -8.595855935325E-02,0.),.UNSPECIFIED.);
#9307 = CARTESIAN_POINT('',(0.780595458388,8.394971786478,
    -3.160885940856));
#9308 = CARTESIAN_POINT('',(0.768501215736,8.40706602913,-3.148789330933
    ));
#9309 = CARTESIAN_POINT('',(0.757548777735,8.418018466817,
    -3.134250024592));
#9310 = CARTESIAN_POINT('',(0.7371379655,8.43842927734,-3.094254312289)
  );
#9311 = CARTESIAN_POINT('',(0.730001485467,8.445565755656,
    -3.067471821031));
#9312 = CARTESIAN_POINT('',(0.730001485467,8.445565753144,
    -3.038741275492));
#9313 = ORIENTED_EDGE('',*,*,#9314,.T.);
#9314 = EDGE_CURVE('',#9304,#9315,#9317,.T.);
#9315 = VERTEX_POINT('',#9316);
#9316 = CARTESIAN_POINT('',(0.730001566291,10.294611208849,
    -3.038741113844));
#9317 = B_SPLINE_CURVE_WITH_KNOTS('',1,(#9318,#9319),.UNSPECIFIED.,.F.,
  .F.,(2,2),(1.,2.849045455705),.PIECEWISE_BEZIER_KNOTS.);
#9318 = CARTESIAN_POINT('',(0.730001485467,8.445565753144,
    -3.038741275492));
#9319 = CARTESIAN_POINT('',(0.730001566291,10.294611208849,
    -3.038741113844));
#9320 = ORIENTED_EDGE('',*,*,#9321,.T.);
#9321 = EDGE_CURVE('',#9315,#9273,#9322,.T.);
#9322 = B_SPLINE_CURVE_WITH_KNOTS('',3,(#9323,#9324,#9325,#9326,#9327,
    #9328),.UNSPECIFIED.,.F.,.F.,(4,2,4),(0.,8.595855064777E-02,
    0.149436059475),.UNSPECIFIED.);
#9323 = CARTESIAN_POINT('',(0.730001566291,10.294611208849,
    -3.038741113844));
#9324 = CARTESIAN_POINT('',(0.730001569694,10.294611214764,
    -3.067471672153));
#9325 = CARTESIAN_POINT('',(0.737138049748,10.301747696535,
    -3.094254154878));
#9326 = CARTESIAN_POINT('',(0.757548860968,10.322158509467,
    -3.134249858127));
#9327 = CARTESIAN_POINT('',(0.768501299926,10.333110948739,
    -3.148789162553));
#9328 = CARTESIAN_POINT('',(0.780595543636,10.345205192449,
    -3.160885770361));
#9329 = ( BOUNDED_SURFACE() B_SPLINE_SURFACE(2,1,(
    (#9330,#9331)
    ,(#9332,#9333)
    ,(#9334,#9335
)),.UNSPECIFIED.,.F.,.F.,.F.) B_SPLINE_SURFACE_WITH_KNOTS((3,3),(2,2),(
    0.,0.27133721504),(0.,3.69),.PIECEWISE_BEZIER_KNOTS.) 
GEOMETRIC_REPRESENTATION_ITEM() RATIONAL_B_SPLINE_SURFACE((
    (1.,1.)
    ,(0.707106781187,0.707106781187)
,(1.,1.))) REPRESENTATION_ITEM('') SURFACE() );
#9330 = CARTESIAN_POINT('',(0.902740077829,7.445565760695,
    -3.211479998989));
#9331 = CARTESIAN_POINT('',(0.902740239124,11.135565760695,
    -3.211479676399));
#9332 = CARTESIAN_POINT('',(0.730001441755,7.445565768245,
    -3.211479998989));
#9333 = CARTESIAN_POINT('',(0.73000160305,11.135565768245,
    -3.211479676399));
#9334 = CARTESIAN_POINT('',(0.730001441755,7.445565753144,
    -3.038741362915));
#9335 = CARTESIAN_POINT('',(0.73000160305,11.135565753144,
    -3.038741040325));
#9336 = ADVANCED_FACE('',(#9337),#9401,.T.);
#9337 = FACE_BOUND('',#9338,.T.);
#9338 = EDGE_LOOP('',(#9339,#9354,#9365,#9372,#9383,#9396));
#9339 = ORIENTED_EDGE('',*,*,#9340,.T.);
#9340 = EDGE_CURVE('',#9341,#9343,#9345,.T.);
#9341 = VERTEX_POINT('',#9342);
#9342 = CARTESIAN_POINT('',(3.270001485467,8.445565642117,
    -3.038741275492));
#9343 = VERTEX_POINT('',#9344);
#9344 = CARTESIAN_POINT('',(3.219407508122,8.394971679874,
    -3.160885940856));
#9345 = B_SPLINE_CURVE_WITH_KNOTS('',3,(#9346,#9347,#9348,#9349,#9350,
    #9351,#9352,#9353),.UNSPECIFIED.,.F.,.F.,(4,2,2,4),(-0.332827726053,
    -0.290135351222,-0.247585477026,-0.184202012118),.UNSPECIFIED.);
#9346 = CARTESIAN_POINT('',(3.270001485467,8.445565642117,
    -3.038741275492));
#9347 = CARTESIAN_POINT('',(3.270001485467,8.445565643354,
    -3.052886350022));
#9348 = CARTESIAN_POINT('',(3.268264590886,8.443828750245,
    -3.066776297067));
#9349 = CARTESIAN_POINT('',(3.261690385435,8.437254547698,
    -3.093421110139));
#9350 = CARTESIAN_POINT('',(3.256945315208,8.432509478867,
    -3.105854153529));
#9351 = CARTESIAN_POINT('',(3.242453163596,8.418017331004,
    -3.134252037415));
#9352 = CARTESIAN_POINT('',(3.231500656206,8.407064825843,
    -3.148790626455));
#9353 = CARTESIAN_POINT('',(3.219407508122,8.394971679874,
    -3.160885940856));
#9354 = ORIENTED_EDGE('',*,*,#9355,.T.);
#9355 = EDGE_CURVE('',#9343,#9356,#9358,.T.);
#9356 = VERTEX_POINT('',#9357);
#9357 = CARTESIAN_POINT('',(3.097262849393,8.445565664769,
    -3.211479911566));
#9358 = B_SPLINE_CURVE_WITH_KNOTS('',3,(#9359,#9360,#9361,#9362,#9363,
    #9364),.UNSPECIFIED.,.F.,.F.,(4,2,4),(-0.149436291399,
    -8.595868405518E-02,0.),.UNSPECIFIED.);
#9359 = CARTESIAN_POINT('',(3.219407508122,8.394971679874,
    -3.160885940856));
#9360 = CARTESIAN_POINT('',(3.207310899785,8.407065924641,-3.17298018298
    ));
#9361 = CARTESIAN_POINT('',(3.19277159488,8.418018364713,-3.183932620502
    ));
#9362 = CARTESIAN_POINT('',(3.152775890739,8.438429178574,
    -3.204343429045));
#9363 = CARTESIAN_POINT('',(3.125993407702,8.44556566011,-3.211479908163
    ));
#9364 = CARTESIAN_POINT('',(3.097262849393,8.445565664769,
    -3.211479911566));
#9365 = ORIENTED_EDGE('',*,*,#9366,.T.);
#9366 = EDGE_CURVE('',#9356,#9367,#9369,.T.);
#9367 = VERTEX_POINT('',#9368);
#9368 = CARTESIAN_POINT('',(3.097262930217,10.294611120474,
    -3.211479749918));
#9369 = B_SPLINE_CURVE_WITH_KNOTS('',1,(#9370,#9371),.UNSPECIFIED.,.F.,
  .F.,(2,2),(1.,2.849045455705),.PIECEWISE_BEZIER_KNOTS.);
#9370 = CARTESIAN_POINT('',(3.097262849393,8.445565664769,
    -3.211479911566));
#9371 = CARTESIAN_POINT('',(3.097262930217,10.294611120474,
    -3.211479749918));
#9372 = ORIENTED_EDGE('',*,*,#9373,.T.);
#9373 = EDGE_CURVE('',#9367,#9374,#9376,.T.);
#9374 = VERTEX_POINT('',#9375);
#9375 = CARTESIAN_POINT('',(3.21940759337,10.345205085845,
    -3.160885770361));
#9376 = B_SPLINE_CURVE_WITH_KNOTS('',3,(#9377,#9378,#9379,#9380,#9381,
    #9382),.UNSPECIFIED.,.F.,.F.,(4,2,4),(0.,8.595868405518E-02,
    0.149436291399),.UNSPECIFIED.);
#9377 = CARTESIAN_POINT('',(3.097262930217,10.294611120474,
    -3.211479749918));
#9378 = CARTESIAN_POINT('',(3.125993488526,10.294611122621,
    -3.211479746515));
#9379 = CARTESIAN_POINT('',(3.152775972187,10.301747600568,
    -3.204343266149));
#9380 = CARTESIAN_POINT('',(3.192771678113,10.322158407364,
    -3.183932454036));
#9381 = CARTESIAN_POINT('',(3.207310983976,10.33311084425,-3.1729800146)
  );
#9382 = CARTESIAN_POINT('',(3.21940759337,10.345205085845,
    -3.160885770361));
#9383 = ORIENTED_EDGE('',*,*,#9384,.T.);
#9384 = EDGE_CURVE('',#9374,#9385,#9387,.T.);
#9385 = VERTEX_POINT('',#9386);
#9386 = CARTESIAN_POINT('',(3.270001566291,10.294611097822,
    -3.038741113844));
#9387 = B_SPLINE_CURVE_WITH_KNOTS('',3,(#9388,#9389,#9390,#9391,#9392,
    #9393,#9394,#9395),.UNSPECIFIED.,.F.,.F.,(4,2,2,4),(0.184202012118,
    0.247585477026,0.290135351222,0.332827726053),.UNSPECIFIED.);
#9388 = CARTESIAN_POINT('',(3.21940759337,10.345205085845,
    -3.160885770361));
#9389 = CARTESIAN_POINT('',(3.231500740396,10.333111936703,
    -3.148790458075));
#9390 = CARTESIAN_POINT('',(3.242453246828,10.322159428043,
    -3.134251870949));
#9391 = CARTESIAN_POINT('',(3.256945397174,10.307667273948,
    -3.105853989597));
#9392 = CARTESIAN_POINT('',(3.261690466986,10.302922202528,
    -3.093420947038));
#9393 = CARTESIAN_POINT('',(3.268264671862,10.296347994748,
    -3.066776135115));
#9394 = CARTESIAN_POINT('',(3.270001566291,10.294611099059,
    -3.052886188373));
#9395 = CARTESIAN_POINT('',(3.270001566291,10.294611097822,
    -3.038741113844));
#9396 = ORIENTED_EDGE('',*,*,#9397,.T.);
#9397 = EDGE_CURVE('',#9385,#9341,#9398,.T.);
#9398 = B_SPLINE_CURVE_WITH_KNOTS('',1,(#9399,#9400),.UNSPECIFIED.,.F.,
  .F.,(2,2),(-2.849045455705,-1.),.PIECEWISE_BEZIER_KNOTS.);
#9399 = CARTESIAN_POINT('',(3.270001566291,10.294611097822,
    -3.038741113844));
#9400 = CARTESIAN_POINT('',(3.270001485467,8.445565642117,
    -3.038741275492));
#9401 = ( BOUNDED_SURFACE() B_SPLINE_SURFACE(1,2,(
    (#9402,#9403,#9404)
    ,(#9405,#9406,#9407
)),.UNSPECIFIED.,.F.,.F.,.F.) B_SPLINE_SURFACE_WITH_KNOTS((2,2),(3,3),(
    0.,3.69),(0.,0.27133721504),.PIECEWISE_BEZIER_KNOTS.) 
GEOMETRIC_REPRESENTATION_ITEM() RATIONAL_B_SPLINE_SURFACE((
    (1.,0.707106781187,1.)
,(1.,0.707106781187,1.))) REPRESENTATION_ITEM('') SURFACE() );
#9402 = CARTESIAN_POINT('',(3.097262805682,7.445565664769,
    -3.211479998989));
#9403 = CARTESIAN_POINT('',(3.270001441755,7.445565657219,
    -3.211479998989));
#9404 = CARTESIAN_POINT('',(3.270001441755,7.445565642117,
    -3.038741362915));
#9405 = CARTESIAN_POINT('',(3.097262966977,11.135565664769,
    -3.211479676399));
#9406 = CARTESIAN_POINT('',(3.27000160305,11.135565657218,
    -3.211479676399));
#9407 = CARTESIAN_POINT('',(3.27000160305,11.135565642117,
    -3.038741040325));
#9408 = ADVANCED_FACE('',(#9409),#9439,.T.);
#9409 = FACE_BOUND('',#9410,.T.);
#9410 = EDGE_LOOP('',(#9411,#9418,#9425,#9432,#9438));
#9411 = ORIENTED_EDGE('',*,*,#9412,.T.);
#9412 = EDGE_CURVE('',#9374,#9413,#9415,.T.);
#9413 = VERTEX_POINT('',#9414);
#9414 = CARTESIAN_POINT('',(2.924524309245,10.64008836997,
    -2.866002447567));
#9415 = B_SPLINE_CURVE_WITH_KNOTS('',1,(#9416,#9417),.UNSPECIFIED.,.F.,
  .F.,(2,2),(3.151492795855,3.662245648587),.PIECEWISE_BEZIER_KNOTS.);
#9416 = CARTESIAN_POINT('',(3.21940759337,10.345205085845,
    -3.160885770361));
#9417 = CARTESIAN_POINT('',(2.924524309245,10.64008836997,
    -2.866002447567));
#9418 = ORIENTED_EDGE('',*,*,#9419,.T.);
#9419 = EDGE_CURVE('',#9413,#9420,#9422,.T.);
#9420 = VERTEX_POINT('',#9421);
#9421 = CARTESIAN_POINT('',(2.924524309245,10.640088198226,
    -0.901479719715));
#9422 = B_SPLINE_CURVE_WITH_KNOTS('',1,(#9423,#9424),.UNSPECIFIED.,.F.,
  .F.,(2,2),(3.662245648587,5.62676837644),.PIECEWISE_BEZIER_KNOTS.);
#9423 = CARTESIAN_POINT('',(2.924524309245,10.64008836997,
    -2.866002447567));
#9424 = CARTESIAN_POINT('',(2.924524309245,10.640088198226,
    -0.901479719715));
#9425 = ORIENTED_EDGE('',*,*,#9426,.T.);
#9426 = EDGE_CURVE('',#9420,#9427,#9429,.T.);
#9427 = VERTEX_POINT('',#9428);
#9428 = CARTESIAN_POINT('',(3.270001566291,10.294610880774,
    -0.55600247777));
#9429 = B_SPLINE_CURVE_WITH_KNOTS('',1,(#9430,#9431),.UNSPECIFIED.,.F.,
  .F.,(2,2),(-0.19,0.40838418822),.PIECEWISE_BEZIER_KNOTS.);
#9430 = CARTESIAN_POINT('',(2.924524309245,10.640088198226,
    -0.901479719715));
#9431 = CARTESIAN_POINT('',(3.270001566291,10.294610880774,
    -0.55600247777));
#9432 = ORIENTED_EDGE('',*,*,#9433,.T.);
#9433 = EDGE_CURVE('',#9427,#9385,#9434,.T.);
#9434 = B_SPLINE_CURVE_WITH_KNOTS('',1,(#9435,#9436,#9437),
  .UNSPECIFIED.,.F.,.F.,(2,1,2),(0.40838418822,0.563861460367,
    2.891122824294),.UNSPECIFIED.);
#9435 = CARTESIAN_POINT('',(3.270001566291,10.294610880774,
    -0.55600247777));
#9436 = CARTESIAN_POINT('',(3.270001566291,10.294610894367,
    -0.711479749918));
#9437 = CARTESIAN_POINT('',(3.270001566291,10.294611097822,
    -3.038741113844));
#9438 = ORIENTED_EDGE('',*,*,#9384,.F.);
#9439 = PLANE('',#9440);
#9440 = AXIS2_PLACEMENT_3D('',#9441,#9442,#9443);
#9441 = CARTESIAN_POINT('',(3.277072633794,10.287540047124,
    -3.238034523257));
#9442 = DIRECTION('',(0.707106812095,0.707106750278,6.181720298148E-08)
  );
#9443 = DIRECTION('',(0.707106750278,-0.707106812095,-6.18172107016E-08)
  );
#9444 = ADVANCED_FACE('',(#9445),#9467,.T.);
#9445 = FACE_BOUND('',#9446,.T.);
#9446 = EDGE_LOOP('',(#9447,#9448,#9455,#9460,#9461,#9462));
#9447 = ORIENTED_EDGE('',*,*,#9272,.F.);
#9448 = ORIENTED_EDGE('',*,*,#9449,.T.);
#9449 = EDGE_CURVE('',#9273,#9450,#9452,.T.);
#9450 = VERTEX_POINT('',#9451);
#9451 = CARTESIAN_POINT('',(1.07547885354,10.640088450794,
    -2.866002447567));
#9452 = B_SPLINE_CURVE_WITH_KNOTS('',1,(#9453,#9454),.UNSPECIFIED.,.F.,
  .F.,(2,2),(2.627631335487,3.13838418822),.PIECEWISE_BEZIER_KNOTS.);
#9453 = CARTESIAN_POINT('',(0.780595543636,10.345205192449,
    -3.160885770361));
#9454 = CARTESIAN_POINT('',(1.07547885354,10.640088450794,
    -2.866002447567));
#9455 = ORIENTED_EDGE('',*,*,#9456,.T.);
#9456 = EDGE_CURVE('',#9450,#9413,#9457,.T.);
#9457 = B_SPLINE_CURVE_WITH_KNOTS('',1,(#9458,#9459),.UNSPECIFIED.,.F.,
  .F.,(2,2),(3.13838418822,4.987429643925),.PIECEWISE_BEZIER_KNOTS.);
#9458 = CARTESIAN_POINT('',(1.07547885354,10.640088450794,
    -2.866002447567));
#9459 = CARTESIAN_POINT('',(2.924524309245,10.64008836997,
    -2.866002447567));
#9460 = ORIENTED_EDGE('',*,*,#9412,.F.);
#9461 = ORIENTED_EDGE('',*,*,#9373,.F.);
#9462 = ORIENTED_EDGE('',*,*,#9463,.T.);
#9463 = EDGE_CURVE('',#9367,#9275,#9464,.T.);
#9464 = B_SPLINE_CURVE_WITH_KNOTS('',1,(#9465,#9466),.UNSPECIFIED.,.F.,
  .F.,(2,2),(5.758552468218,7.953075196071),.PIECEWISE_BEZIER_KNOTS.);
#9465 = CARTESIAN_POINT('',(3.097262930217,10.294611120474,
    -3.211479749918));
#9466 = CARTESIAN_POINT('',(0.902740202365,10.2946112164,-3.211479749918
    ));
#9467 = PLANE('',#9468);
#9468 = AXIS2_PLACEMENT_3D('',#9469,#9470,#9471);
#9469 = CARTESIAN_POINT('',(3.295401581701,10.647159420952,
    -2.858931379137));
#9470 = DIRECTION('',(3.090861907263E-08,0.707106843004,-0.707106719369)
  );
#9471 = DIRECTION('',(-3.090861907263E-08,-0.707106719369,
    -0.707106843004));
#9472 = ADVANCED_FACE('',(#9473),#9504,.T.);
#9473 = FACE_BOUND('',#9474,.T.);
#9474 = EDGE_LOOP('',(#9475,#9476,#9483,#9490,#9497,#9503));
#9475 = ORIENTED_EDGE('',*,*,#9433,.F.);
#9476 = ORIENTED_EDGE('',*,*,#9477,.T.);
#9477 = EDGE_CURVE('',#9427,#9478,#9480,.T.);
#9478 = VERTEX_POINT('',#9479);
#9479 = CARTESIAN_POINT('',(3.270001560036,10.151509496649,
    -0.412901118665));
#9480 = B_SPLINE_CURVE_WITH_KNOTS('',1,(#9481,#9482),.UNSPECIFIED.,.F.,
  .F.,(2,2),(-2.664629867977,-2.462253967444),.PIECEWISE_BEZIER_KNOTS.);
#9481 = CARTESIAN_POINT('',(3.270001566291,10.294610880774,
    -0.55600247777));
#9482 = CARTESIAN_POINT('',(3.270001560036,10.151509496649,
    -0.412901118665));
#9483 = ORIENTED_EDGE('',*,*,#9484,.T.);
#9484 = EDGE_CURVE('',#9478,#9485,#9487,.T.);
#9485 = VERTEX_POINT('',#9486);
#9486 = CARTESIAN_POINT('',(3.270001491722,8.588666784174,
    -0.412901255293));
#9487 = B_SPLINE_CURVE_WITH_KNOTS('',1,(#9488,#9489),.UNSPECIFIED.,.F.,
  .F.,(2,2),(0.35785317268,1.920695885155),.PIECEWISE_BEZIER_KNOTS.);
#9488 = CARTESIAN_POINT('',(3.270001560036,10.151509496649,
    -0.412901118665));
#9489 = CARTESIAN_POINT('',(3.270001491722,8.588666784174,
    -0.412901255293));
#9490 = ORIENTED_EDGE('',*,*,#9491,.T.);
#9491 = EDGE_CURVE('',#9485,#9492,#9494,.T.);
#9492 = VERTEX_POINT('',#9493);
#9493 = CARTESIAN_POINT('',(3.270001485467,8.445565425069,
    -0.556002639419));
#9494 = B_SPLINE_CURVE_WITH_KNOTS('',1,(#9495,#9496),.UNSPECIFIED.,.F.,
  .F.,(2,2),(2.54,2.742375900532),.PIECEWISE_BEZIER_KNOTS.);
#9495 = CARTESIAN_POINT('',(3.270001491722,8.588666784174,
    -0.412901255293));
#9496 = CARTESIAN_POINT('',(3.270001485467,8.445565425069,
    -0.556002639419));
#9497 = ORIENTED_EDGE('',*,*,#9498,.T.);
#9498 = EDGE_CURVE('',#9492,#9341,#9499,.T.);
#9499 = B_SPLINE_CURVE_WITH_KNOTS('',1,(#9500,#9501,#9502),
  .UNSPECIFIED.,.F.,.F.,(2,1,2),(2.123071785687,2.278549057834,
    4.605810421761),.UNSPECIFIED.);
#9500 = CARTESIAN_POINT('',(3.270001485467,8.445565425069,
    -0.556002639419));
#9501 = CARTESIAN_POINT('',(3.270001485467,8.445565438662,
    -0.711479911566));
#9502 = CARTESIAN_POINT('',(3.270001485467,8.445565642117,
    -3.038741275492));
#9503 = ORIENTED_EDGE('',*,*,#9397,.F.);
#9504 = PLANE('',#9505);
#9505 = AXIS2_PLACEMENT_3D('',#9506,#9507,#9508);
#9506 = CARTESIAN_POINT('',(3.270001567099,10.313101320375,
    -0.384915318101));
#9507 = DIRECTION('',(1.,-4.371138828674E-08,-3.821369236263E-15));
#9508 = DIRECTION('',(1.678841393868E-22,-8.742273394091E-08,1.));
#9509 = ADVANCED_FACE('',(#9510),#9538,.T.);
#9510 = FACE_BOUND('',#9511,.T.);
#9511 = EDGE_LOOP('',(#9512,#9517,#9518,#9525,#9532,#9537));
#9512 = ORIENTED_EDGE('',*,*,#9513,.T.);
#9513 = EDGE_CURVE('',#9286,#9356,#9514,.T.);
#9514 = B_SPLINE_CURVE_WITH_KNOTS('',1,(#9515,#9516),.UNSPECIFIED.,.F.,
  .F.,(2,2),(-7.953075196071,-5.758552468218),.PIECEWISE_BEZIER_KNOTS.);
#9515 = CARTESIAN_POINT('',(0.90274012154,8.445565760695,-3.211479911566
    ));
#9516 = CARTESIAN_POINT('',(3.097262849393,8.445565664769,
    -3.211479911566));
#9517 = ORIENTED_EDGE('',*,*,#9355,.F.);
#9518 = ORIENTED_EDGE('',*,*,#9519,.T.);
#9519 = EDGE_CURVE('',#9343,#9520,#9522,.T.);
#9520 = VERTEX_POINT('',#9521);
#9521 = CARTESIAN_POINT('',(2.924524198218,8.10008836997,-2.866002669621
    ));
#9522 = B_SPLINE_CURVE_WITH_KNOTS('',1,(#9523,#9524),.UNSPECIFIED.,.F.,
  .F.,(2,2),(-5.498182496657,-4.987429643925),.PIECEWISE_BEZIER_KNOTS.);
#9523 = CARTESIAN_POINT('',(3.219407508122,8.394971679874,
    -3.160885940856));
#9524 = CARTESIAN_POINT('',(2.924524198218,8.10008836997,-2.866002669621
    ));
#9525 = ORIENTED_EDGE('',*,*,#9526,.T.);
#9526 = EDGE_CURVE('',#9520,#9527,#9529,.T.);
#9527 = VERTEX_POINT('',#9528);
#9528 = CARTESIAN_POINT('',(1.075478742513,8.100088450794,
    -2.866002669621));
#9529 = B_SPLINE_CURVE_WITH_KNOTS('',1,(#9530,#9531),.UNSPECIFIED.,.F.,
  .F.,(2,2),(-4.987429643925,-3.13838418822),.PIECEWISE_BEZIER_KNOTS.);
#9530 = CARTESIAN_POINT('',(2.924524198218,8.10008836997,-2.866002669621
    ));
#9531 = CARTESIAN_POINT('',(1.075478742513,8.100088450794,
    -2.866002669621));
#9532 = ORIENTED_EDGE('',*,*,#9533,.T.);
#9533 = EDGE_CURVE('',#9527,#9293,#9534,.T.);
#9534 = B_SPLINE_CURVE_WITH_KNOTS('',1,(#9535,#9536),.UNSPECIFIED.,.F.,
  .F.,(2,2),(-8.724198020364,-8.213445167632),.PIECEWISE_BEZIER_KNOTS.);
#9535 = CARTESIAN_POINT('',(1.075478742513,8.100088450794,
    -2.866002669621));
#9536 = CARTESIAN_POINT('',(0.780595458388,8.394971786478,
    -3.160885940856));
#9537 = ORIENTED_EDGE('',*,*,#9292,.F.);
#9538 = PLANE('',#9539);
#9539 = AXIS2_PLACEMENT_3D('',#9540,#9541,#9542);
#9540 = CARTESIAN_POINT('',(0.704601485776,8.452636837786,-3.21855097876
    ));
#9541 = DIRECTION('',(-3.090861913151E-08,-0.707106719369,
    -0.707106843004));
#9542 = DIRECTION('',(-3.090861907263E-08,-0.707106843004,0.707106719369
    ));
#9543 = ADVANCED_FACE('',(#9544),#9561,.T.);
#9544 = FACE_BOUND('',#9545,.T.);
#9545 = EDGE_LOOP('',(#9546,#9547,#9548,#9555,#9560));
#9546 = ORIENTED_EDGE('',*,*,#9340,.F.);
#9547 = ORIENTED_EDGE('',*,*,#9498,.F.);
#9548 = ORIENTED_EDGE('',*,*,#9549,.T.);
#9549 = EDGE_CURVE('',#9492,#9550,#9552,.T.);
#9550 = VERTEX_POINT('',#9551);
#9551 = CARTESIAN_POINT('',(2.924524198218,8.100088198226,
    -0.901479941769));
#9552 = B_SPLINE_CURVE_WITH_KNOTS('',1,(#9553,#9554),.UNSPECIFIED.,.F.,
  .F.,(2,2),(-6.225152564659,-5.62676837644),.PIECEWISE_BEZIER_KNOTS.);
#9553 = CARTESIAN_POINT('',(3.270001485467,8.445565425069,
    -0.556002639419));
#9554 = CARTESIAN_POINT('',(2.924524198218,8.100088198226,
    -0.901479941769));
#9555 = ORIENTED_EDGE('',*,*,#9556,.T.);
#9556 = EDGE_CURVE('',#9550,#9520,#9557,.T.);
#9557 = B_SPLINE_CURVE_WITH_KNOTS('',1,(#9558,#9559),.UNSPECIFIED.,.F.,
  .F.,(2,2),(-5.62676837644,-3.662245648587),.PIECEWISE_BEZIER_KNOTS.);
#9558 = CARTESIAN_POINT('',(2.924524198218,8.100088198226,
    -0.901479941769));
#9559 = CARTESIAN_POINT('',(2.924524198218,8.10008836997,-2.866002669621
    ));
#9560 = ORIENTED_EDGE('',*,*,#9519,.F.);
#9561 = PLANE('',#9562);
#9562 = AXIS2_PLACEMENT_3D('',#9563,#9564,#9565);
#9563 = CARTESIAN_POINT('',(3.277072553588,8.452636727043,
    -3.238034683669));
#9564 = DIRECTION('',(0.707106750278,-0.707106812095,-6.181721015207E-08
    ));
#9565 = DIRECTION('',(-0.707106812095,-0.707106750278,
    -6.181720529737E-08));
#9566 = ADVANCED_FACE('',(#9567),#9583,.T.);
#9567 = FACE_BOUND('',#9568,.T.);
#9568 = EDGE_LOOP('',(#9569,#9576,#9577,#9578));
#9569 = ORIENTED_EDGE('',*,*,#9570,.T.);
#9570 = EDGE_CURVE('',#9571,#9420,#9573,.T.);
#9571 = VERTEX_POINT('',#9572);
#9572 = CARTESIAN_POINT('',(1.07547885354,10.64008827905,-0.901479719715
    ));
#9573 = B_SPLINE_CURVE_WITH_KNOTS('',1,(#9574,#9575),.UNSPECIFIED.,.F.,
  .F.,(2,2),(1.619045455705,3.46809091141),.PIECEWISE_BEZIER_KNOTS.);
#9574 = CARTESIAN_POINT('',(1.07547885354,10.64008827905,-0.901479719715
    ));
#9575 = CARTESIAN_POINT('',(2.924524309245,10.640088198226,
    -0.901479719715));
#9576 = ORIENTED_EDGE('',*,*,#9419,.F.);
#9577 = ORIENTED_EDGE('',*,*,#9456,.F.);
#9578 = ORIENTED_EDGE('',*,*,#9579,.T.);
#9579 = EDGE_CURVE('',#9450,#9571,#9580,.T.);
#9580 = B_SPLINE_CURVE_WITH_KNOTS('',1,(#9581,#9582),.UNSPECIFIED.,.F.,
  .F.,(2,2),(7.281659094967,9.24618182282),.PIECEWISE_BEZIER_KNOTS.);
#9581 = CARTESIAN_POINT('',(1.07547885354,10.640088450794,
    -2.866002447567));
#9582 = CARTESIAN_POINT('',(1.07547885354,10.64008827905,-0.901479719715
    ));
#9583 = PLANE('',#9584);
#9584 = AXIS2_PLACEMENT_3D('',#9585,#9586,#9587);
#9585 = CARTESIAN_POINT('',(2.943014763802,10.640088370879,
    -2.885647674846));
#9586 = DIRECTION('',(4.371138828674E-08,1.,8.742273394091E-08));
#9587 = DIRECTION('',(1.678841393868E-22,-8.742273394091E-08,1.));
#9588 = ADVANCED_FACE('',(#9589),#9607,.T.);
#9589 = FACE_BOUND('',#9590,.T.);
#9590 = EDGE_LOOP('',(#9591,#9599,#9604,#9605,#9606));
#9591 = ORIENTED_EDGE('',*,*,#9592,.T.);
#9592 = EDGE_CURVE('',#9315,#9593,#9595,.T.);
#9593 = VERTEX_POINT('',#9594);
#9594 = CARTESIAN_POINT('',(0.730001566291,10.294610991801,
    -0.55600247777));
#9595 = B_SPLINE_CURVE_WITH_KNOTS('',1,(#9596,#9597,#9598),
  .UNSPECIFIED.,.F.,.F.,(2,1,2),(-5.045645552146,-2.71838418822,
    -2.562906916072),.UNSPECIFIED.);
#9596 = CARTESIAN_POINT('',(0.730001566291,10.294611208849,
    -3.038741113844));
#9597 = CARTESIAN_POINT('',(0.730001566291,10.294611005394,
    -0.711479749918));
#9598 = CARTESIAN_POINT('',(0.730001566291,10.294610991801,
    -0.55600247777));
#9599 = ORIENTED_EDGE('',*,*,#9600,.T.);
#9600 = EDGE_CURVE('',#9593,#9571,#9601,.T.);
#9601 = B_SPLINE_CURVE_WITH_KNOTS('',1,(#9602,#9603),.UNSPECIFIED.,.F.,
  .F.,(2,2),(-2.562906916072,-1.964522727852),.PIECEWISE_BEZIER_KNOTS.);
#9602 = CARTESIAN_POINT('',(0.730001566291,10.294610991801,
    -0.55600247777));
#9603 = CARTESIAN_POINT('',(1.07547885354,10.64008827905,-0.901479719715
    ));
#9604 = ORIENTED_EDGE('',*,*,#9579,.F.);
#9605 = ORIENTED_EDGE('',*,*,#9449,.F.);
#9606 = ORIENTED_EDGE('',*,*,#9321,.F.);
#9607 = PLANE('',#9608);
#9608 = AXIS2_PLACEMENT_3D('',#9609,#9610,#9611);
#9609 = CARTESIAN_POINT('',(1.082549921661,10.647159314029,
    -0.529447674228));
#9610 = DIRECTION('',(-0.707106750278,0.707106812095,6.181720569693E-08)
  );
#9611 = DIRECTION('',(0.707106812095,0.707106750278,6.181720529737E-08)
  );
#9612 = ADVANCED_FACE('',(#9613),#9644,.T.);
#9613 = FACE_BOUND('',#9614,.T.);
#9614 = EDGE_LOOP('',(#9615,#9616,#9624,#9631,#9638,#9643));
#9615 = ORIENTED_EDGE('',*,*,#9314,.F.);
#9616 = ORIENTED_EDGE('',*,*,#9617,.T.);
#9617 = EDGE_CURVE('',#9304,#9618,#9620,.T.);
#9618 = VERTEX_POINT('',#9619);
#9619 = CARTESIAN_POINT('',(0.730001485467,8.445565536096,
    -0.556002639419));
#9620 = B_SPLINE_CURVE_WITH_KNOTS('',1,(#9621,#9622,#9623),
  .UNSPECIFIED.,.F.,.F.,(2,1,2),(-13.7334049353,-11.40614357137,
    -11.25066629922),.UNSPECIFIED.);
#9621 = CARTESIAN_POINT('',(0.730001485467,8.445565753144,
    -3.038741275492));
#9622 = CARTESIAN_POINT('',(0.730001485467,8.445565549689,
    -0.711479911566));
#9623 = CARTESIAN_POINT('',(0.730001485467,8.445565536096,
    -0.556002639419));
#9624 = ORIENTED_EDGE('',*,*,#9625,.T.);
#9625 = EDGE_CURVE('',#9618,#9626,#9628,.T.);
#9626 = VERTEX_POINT('',#9627);
#9627 = CARTESIAN_POINT('',(0.730001491722,8.588666895201,
    -0.412901255293));
#9628 = B_SPLINE_CURVE_WITH_KNOTS('',1,(#9629,#9630),.UNSPECIFIED.,.F.,
  .F.,(2,2),(5.788189732677,5.990565633209),.PIECEWISE_BEZIER_KNOTS.);
#9629 = CARTESIAN_POINT('',(0.730001485467,8.445565536096,
    -0.556002639419));
#9630 = CARTESIAN_POINT('',(0.730001491722,8.588666895201,
    -0.412901255293));
#9631 = ORIENTED_EDGE('',*,*,#9632,.T.);
#9632 = EDGE_CURVE('',#9626,#9633,#9635,.T.);
#9633 = VERTEX_POINT('',#9634);
#9634 = CARTESIAN_POINT('',(0.730001560036,10.151509607676,
    -0.412901118665));
#9635 = B_SPLINE_CURVE_WITH_KNOTS('',1,(#9636,#9637),.UNSPECIFIED.,.F.,
  .F.,(2,2),(-11.04829039869,-9.485447686219),.PIECEWISE_BEZIER_KNOTS.);
#9636 = CARTESIAN_POINT('',(0.730001491722,8.588666895201,
    -0.412901255293));
#9637 = CARTESIAN_POINT('',(0.730001560036,10.151509607676,
    -0.412901118665));
#9638 = ORIENTED_EDGE('',*,*,#9639,.T.);
#9639 = EDGE_CURVE('',#9633,#9593,#9640,.T.);
#9640 = B_SPLINE_CURVE_WITH_KNOTS('',1,(#9641,#9642),.UNSPECIFIED.,.F.,
  .F.,(2,2),(-5.912819600653,-5.710443700121),.PIECEWISE_BEZIER_KNOTS.);
#9641 = CARTESIAN_POINT('',(0.730001560036,10.151509607676,
    -0.412901118665));
#9642 = CARTESIAN_POINT('',(0.730001566291,10.294610991801,
    -0.55600247777));
#9643 = ORIENTED_EDGE('',*,*,#9592,.F.);
#9644 = PLANE('',#9645);
#9645 = AXIS2_PLACEMENT_3D('',#9646,#9647,#9648);
#9646 = CARTESIAN_POINT('',(0.730001567099,10.313101431401,
    -0.384915318101));
#9647 = DIRECTION('',(-1.,4.371138828674E-08,3.821369236263E-15));
#9648 = DIRECTION('',(-1.678841393868E-22,8.742273394091E-08,-1.));
#9649 = ADVANCED_FACE('',(#9650),#9690,.T.);
#9650 = FACE_BOUND('',#9651,.T.);
#9651 = EDGE_LOOP('',(#9652,#9661,#9668,#9675,#9680,#9681,#9682,#9683,
    #9684,#9685));
#9652 = ORIENTED_EDGE('',*,*,#9653,.T.);
#9653 = EDGE_CURVE('',#9654,#9656,#9658,.T.);
#9654 = VERTEX_POINT('',#9655);
#9655 = CARTESIAN_POINT('',(1.230001560036,10.15150958582,
    -0.412901118665));
#9656 = VERTEX_POINT('',#9657);
#9657 = CARTESIAN_POINT('',(1.230001573087,10.450088255685,
    -0.711479736325));
#9658 = B_SPLINE_CURVE_WITH_KNOTS('',1,(#9659,#9660),.UNSPECIFIED.,.F.,
  .F.,(2,2),(-0.422253967444,0.),.PIECEWISE_BEZIER_KNOTS.);
#9659 = CARTESIAN_POINT('',(1.230001560036,10.15150958582,
    -0.412901118665));
#9660 = CARTESIAN_POINT('',(1.230001573087,10.450088255685,
    -0.711479736325));
#9661 = ORIENTED_EDGE('',*,*,#9662,.T.);
#9662 = EDGE_CURVE('',#9656,#9663,#9665,.T.);
#9663 = VERTEX_POINT('',#9664);
#9664 = CARTESIAN_POINT('',(2.770001573087,10.45008818837,
    -0.711479736325));
#9665 = B_SPLINE_CURVE_WITH_KNOTS('',1,(#9666,#9667),.UNSPECIFIED.,.F.,
  .F.,(2,2),(0.,1.54),.PIECEWISE_BEZIER_KNOTS.);
#9666 = CARTESIAN_POINT('',(1.230001573087,10.450088255685,
    -0.711479736325));
#9667 = CARTESIAN_POINT('',(2.770001573087,10.45008818837,
    -0.711479736325));
#9668 = ORIENTED_EDGE('',*,*,#9669,.T.);
#9669 = EDGE_CURVE('',#9663,#9670,#9672,.T.);
#9670 = VERTEX_POINT('',#9671);
#9671 = CARTESIAN_POINT('',(2.770001560036,10.151509518505,
    -0.412901118665));
#9672 = B_SPLINE_CURVE_WITH_KNOTS('',1,(#9673,#9674),.UNSPECIFIED.,.F.,
  .F.,(2,2),(1.54,1.962253967444),.PIECEWISE_BEZIER_KNOTS.);
#9673 = CARTESIAN_POINT('',(2.770001573087,10.45008818837,
    -0.711479736325));
#9674 = CARTESIAN_POINT('',(2.770001560036,10.151509518505,
    -0.412901118665));
#9675 = ORIENTED_EDGE('',*,*,#9676,.T.);
#9676 = EDGE_CURVE('',#9670,#9478,#9677,.T.);
#9677 = B_SPLINE_CURVE_WITH_KNOTS('',1,(#9678,#9679),.UNSPECIFIED.,.F.,
  .F.,(2,2),(1.962253967444,2.462253967444),.PIECEWISE_BEZIER_KNOTS.);
#9678 = CARTESIAN_POINT('',(2.770001560036,10.151509518505,
    -0.412901118665));
#9679 = CARTESIAN_POINT('',(3.270001560036,10.151509496649,
    -0.412901118665));
#9680 = ORIENTED_EDGE('',*,*,#9477,.F.);
#9681 = ORIENTED_EDGE('',*,*,#9426,.F.);
#9682 = ORIENTED_EDGE('',*,*,#9570,.F.);
#9683 = ORIENTED_EDGE('',*,*,#9600,.F.);
#9684 = ORIENTED_EDGE('',*,*,#9639,.F.);
#9685 = ORIENTED_EDGE('',*,*,#9686,.T.);
#9686 = EDGE_CURVE('',#9633,#9654,#9687,.T.);
#9687 = B_SPLINE_CURVE_WITH_KNOTS('',1,(#9688,#9689),.UNSPECIFIED.,.F.,
  .F.,(2,2),(5.912819600653,6.412819600653),.PIECEWISE_BEZIER_KNOTS.);
#9688 = CARTESIAN_POINT('',(0.730001560036,10.151509607676,
    -0.412901118665));
#9689 = CARTESIAN_POINT('',(1.230001560036,10.15150958582,
    -0.412901118665));
#9690 = PLANE('',#9691);
#9691 = AXIS2_PLACEMENT_3D('',#9692,#9693,#9694);
#9692 = CARTESIAN_POINT('',(3.295401581701,10.647159250444,
    -0.908550786909));
#9693 = DIRECTION('',(3.090861918686E-08,0.707106719369,0.707106843004)
  );
#9694 = DIRECTION('',(-3.090861907263E-08,-0.707106843004,0.707106719369
    ));
#9695 = ADVANCED_FACE('',(#9696),#9712,.T.);
#9696 = FACE_BOUND('',#9697,.T.);
#9697 = EDGE_LOOP('',(#9698,#9699,#9700,#9707));
#9698 = ORIENTED_EDGE('',*,*,#9686,.F.);
#9699 = ORIENTED_EDGE('',*,*,#9632,.F.);
#9700 = ORIENTED_EDGE('',*,*,#9701,.T.);
#9701 = EDGE_CURVE('',#9626,#9702,#9704,.T.);
#9702 = VERTEX_POINT('',#9703);
#9703 = CARTESIAN_POINT('',(1.230001491722,8.588666873345,
    -0.412901255293));
#9704 = B_SPLINE_CURVE_WITH_KNOTS('',1,(#9705,#9706),.UNSPECIFIED.,.F.,
  .F.,(2,2),(1.562842712475,2.062842712475),.PIECEWISE_BEZIER_KNOTS.);
#9705 = CARTESIAN_POINT('',(0.730001491722,8.588666895201,
    -0.412901255293));
#9706 = CARTESIAN_POINT('',(1.230001491722,8.588666873345,
    -0.412901255293));
#9707 = ORIENTED_EDGE('',*,*,#9708,.T.);
#9708 = EDGE_CURVE('',#9702,#9654,#9709,.T.);
#9709 = B_SPLINE_CURVE_WITH_KNOTS('',1,(#9710,#9711),.UNSPECIFIED.,.F.,
  .F.,(2,2),(2.062842712475,3.625685424949),.PIECEWISE_BEZIER_KNOTS.);
#9710 = CARTESIAN_POINT('',(1.230001491722,8.588666873345,
    -0.412901255293));
#9711 = CARTESIAN_POINT('',(1.230001560036,10.15150958582,
    -0.412901118665));
#9712 = PLANE('',#9713);
#9713 = AXIS2_PLACEMENT_3D('',#9714,#9715,#9716);
#9714 = CARTESIAN_POINT('',(0.720001560719,10.167138035238,
    -0.412901117299));
#9715 = DIRECTION('',(1.678841393868E-22,-8.742273394091E-08,1.));
#9716 = DIRECTION('',(4.371138828674E-08,1.,8.742273394091E-08));
#9717 = ADVANCED_FACE('',(#9718),#9734,.T.);
#9718 = FACE_BOUND('',#9719,.T.);
#9719 = EDGE_LOOP('',(#9720,#9727,#9732,#9733));
#9720 = ORIENTED_EDGE('',*,*,#9721,.T.);
#9721 = EDGE_CURVE('',#9670,#9722,#9724,.T.);
#9722 = VERTEX_POINT('',#9723);
#9723 = CARTESIAN_POINT('',(2.770001491722,8.58866680603,-0.412901255293
    ));
#9724 = B_SPLINE_CURVE_WITH_KNOTS('',1,(#9725,#9726),.UNSPECIFIED.,.F.,
  .F.,(2,2),(-4.125685424949,-2.562842712475),.PIECEWISE_BEZIER_KNOTS.);
#9725 = CARTESIAN_POINT('',(2.770001560036,10.151509518505,
    -0.412901118665));
#9726 = CARTESIAN_POINT('',(2.770001491722,8.58866680603,-0.412901255293
    ));
#9727 = ORIENTED_EDGE('',*,*,#9728,.T.);
#9728 = EDGE_CURVE('',#9722,#9485,#9729,.T.);
#9729 = B_SPLINE_CURVE_WITH_KNOTS('',1,(#9730,#9731),.UNSPECIFIED.,.F.,
  .F.,(2,2),(-2.562842712475,-2.062842712475),.PIECEWISE_BEZIER_KNOTS.);
#9730 = CARTESIAN_POINT('',(2.770001491722,8.58866680603,-0.412901255293
    ));
#9731 = CARTESIAN_POINT('',(3.270001491722,8.588666784174,
    -0.412901255293));
#9732 = ORIENTED_EDGE('',*,*,#9484,.F.);
#9733 = ORIENTED_EDGE('',*,*,#9676,.F.);
#9734 = PLANE('',#9735);
#9735 = AXIS2_PLACEMENT_3D('',#9736,#9737,#9738);
#9736 = CARTESIAN_POINT('',(3.280001560719,10.167137923337,
    -0.412901117299));
#9737 = DIRECTION('',(1.678841393868E-22,-8.742273394091E-08,1.));
#9738 = DIRECTION('',(4.371138828674E-08,1.,8.742273394091E-08));
#9739 = ADVANCED_FACE('',(#9740),#9756,.T.);
#9740 = FACE_BOUND('',#9741,.T.);
#9741 = EDGE_LOOP('',(#9742,#9749,#9754,#9755));
#9742 = ORIENTED_EDGE('',*,*,#9743,.T.);
#9743 = EDGE_CURVE('',#9663,#9744,#9746,.T.);
#9744 = VERTEX_POINT('',#9745);
#9745 = CARTESIAN_POINT('',(2.770001478671,8.29008818837,-0.711479925158
    ));
#9746 = B_SPLINE_CURVE_WITH_KNOTS('',1,(#9747,#9748),.UNSPECIFIED.,.F.,
  .F.,(2,2),(-4.567350647363,-2.407350647363),.PIECEWISE_BEZIER_KNOTS.);
#9747 = CARTESIAN_POINT('',(2.770001573087,10.45008818837,
    -0.711479736325));
#9748 = CARTESIAN_POINT('',(2.770001478671,8.29008818837,-0.711479925158
    ));
#9749 = ORIENTED_EDGE('',*,*,#9750,.T.);
#9750 = EDGE_CURVE('',#9744,#9722,#9751,.T.);
#9751 = B_SPLINE_CURVE_WITH_KNOTS('',1,(#9752,#9753),.UNSPECIFIED.,.F.,
  .F.,(2,2),(8.452819600653,8.875073568098),.PIECEWISE_BEZIER_KNOTS.);
#9752 = CARTESIAN_POINT('',(2.770001478671,8.29008818837,-0.711479925158
    ));
#9753 = CARTESIAN_POINT('',(2.770001491722,8.58866680603,-0.412901255293
    ));
#9754 = ORIENTED_EDGE('',*,*,#9721,.F.);
#9755 = ORIENTED_EDGE('',*,*,#9669,.F.);
#9756 = PLANE('',#9757);
#9757 = AXIS2_PLACEMENT_3D('',#9758,#9759,#9760);
#9758 = CARTESIAN_POINT('',(2.770001574031,10.471688161393,
    -0.402901090674));
#9759 = DIRECTION('',(-1.,4.371138828674E-08,3.821369236263E-15));
#9760 = DIRECTION('',(-1.678841393868E-22,8.742273394091E-08,-1.));
#9761 = ADVANCED_FACE('',(#9762),#9778,.T.);
#9762 = FACE_BOUND('',#9763,.T.);
#9763 = EDGE_LOOP('',(#9764,#9771,#9772,#9773));
#9764 = ORIENTED_EDGE('',*,*,#9765,.T.);
#9765 = EDGE_CURVE('',#9766,#9656,#9768,.T.);
#9766 = VERTEX_POINT('',#9767);
#9767 = CARTESIAN_POINT('',(1.230001478671,8.290088255685,
    -0.711479925158));
#9768 = B_SPLINE_CURVE_WITH_KNOTS('',1,(#9769,#9770),.UNSPECIFIED.,.F.,
  .F.,(2,2),(0.,2.16),.PIECEWISE_BEZIER_KNOTS.);
#9769 = CARTESIAN_POINT('',(1.230001478671,8.290088255685,
    -0.711479925158));
#9770 = CARTESIAN_POINT('',(1.230001573087,10.450088255685,
    -0.711479736325));
#9771 = ORIENTED_EDGE('',*,*,#9653,.F.);
#9772 = ORIENTED_EDGE('',*,*,#9708,.F.);
#9773 = ORIENTED_EDGE('',*,*,#9774,.T.);
#9774 = EDGE_CURVE('',#9702,#9766,#9775,.T.);
#9775 = B_SPLINE_CURVE_WITH_KNOTS('',1,(#9776,#9777),.UNSPECIFIED.,.F.,
  .F.,(2,2),(6.490565633209,6.912819600653),.PIECEWISE_BEZIER_KNOTS.);
#9776 = CARTESIAN_POINT('',(1.230001491722,8.588666873345,
    -0.412901255293));
#9777 = CARTESIAN_POINT('',(1.230001478671,8.290088255685,
    -0.711479925158));
#9778 = PLANE('',#9779);
#9779 = AXIS2_PLACEMENT_3D('',#9780,#9781,#9782);
#9780 = CARTESIAN_POINT('',(1.230001574031,10.471688228709,
    -0.402901090674));
#9781 = DIRECTION('',(1.,-4.371138828674E-08,-3.821369236263E-15));
#9782 = DIRECTION('',(1.678841393868E-22,-8.742273394091E-08,1.));
#9783 = ADVANCED_FACE('',(#9784),#9810,.T.);
#9784 = FACE_BOUND('',#9785,.T.);
#9785 = EDGE_LOOP('',(#9786,#9787,#9788,#9793,#9794,#9795,#9796,#9803,
    #9808,#9809));
#9786 = ORIENTED_EDGE('',*,*,#9728,.F.);
#9787 = ORIENTED_EDGE('',*,*,#9750,.F.);
#9788 = ORIENTED_EDGE('',*,*,#9789,.T.);
#9789 = EDGE_CURVE('',#9744,#9766,#9790,.T.);
#9790 = B_SPLINE_CURVE_WITH_KNOTS('',1,(#9791,#9792),.UNSPECIFIED.,.F.,
  .F.,(2,2),(-8.452819600653,-6.912819600653),.PIECEWISE_BEZIER_KNOTS.);
#9791 = CARTESIAN_POINT('',(2.770001478671,8.29008818837,-0.711479925158
    ));
#9792 = CARTESIAN_POINT('',(1.230001478671,8.290088255685,
    -0.711479925158));
#9793 = ORIENTED_EDGE('',*,*,#9774,.F.);
#9794 = ORIENTED_EDGE('',*,*,#9701,.F.);
#9795 = ORIENTED_EDGE('',*,*,#9625,.F.);
#9796 = ORIENTED_EDGE('',*,*,#9797,.T.);
#9797 = EDGE_CURVE('',#9618,#9798,#9800,.T.);
#9798 = VERTEX_POINT('',#9799);
#9799 = CARTESIAN_POINT('',(1.075478742513,8.10008827905,-0.901479941769
    ));
#9800 = B_SPLINE_CURVE_WITH_KNOTS('',1,(#9801,#9802),.UNSPECIFIED.,.F.,
  .F.,(2,2),(-5.788189732677,-5.189805544457),.PIECEWISE_BEZIER_KNOTS.);
#9801 = CARTESIAN_POINT('',(0.730001485467,8.445565536096,
    -0.556002639419));
#9802 = CARTESIAN_POINT('',(1.075478742513,8.10008827905,-0.901479941769
    ));
#9803 = ORIENTED_EDGE('',*,*,#9804,.T.);
#9804 = EDGE_CURVE('',#9798,#9550,#9805,.T.);
#9805 = B_SPLINE_CURVE_WITH_KNOTS('',1,(#9806,#9807),.UNSPECIFIED.,.F.,
  .F.,(2,2),(1.619045455705,3.46809091141),.PIECEWISE_BEZIER_KNOTS.);
#9806 = CARTESIAN_POINT('',(1.075478742513,8.10008827905,-0.901479941769
    ));
#9807 = CARTESIAN_POINT('',(2.924524198218,8.100088198226,
    -0.901479941769));
#9808 = ORIENTED_EDGE('',*,*,#9549,.F.);
#9809 = ORIENTED_EDGE('',*,*,#9491,.F.);
#9810 = PLANE('',#9811);
#9811 = AXIS2_PLACEMENT_3D('',#9812,#9813,#9814);
#9812 = CARTESIAN_POINT('',(3.295401470056,8.09301711482,-0.908551010199
    ));
#9813 = DIRECTION('',(-3.090861897021E-08,-0.707106843004,0.707106719369
    ));
#9814 = DIRECTION('',(-3.090861907263E-08,-0.707106719369,
    -0.707106843004));
#9815 = ADVANCED_FACE('',(#9816),#9827,.T.);
#9816 = FACE_BOUND('',#9817,.T.);
#9817 = EDGE_LOOP('',(#9818,#9819,#9820,#9825,#9826));
#9818 = ORIENTED_EDGE('',*,*,#9303,.F.);
#9819 = ORIENTED_EDGE('',*,*,#9533,.F.);
#9820 = ORIENTED_EDGE('',*,*,#9821,.T.);
#9821 = EDGE_CURVE('',#9527,#9798,#9822,.T.);
#9822 = B_SPLINE_CURVE_WITH_KNOTS('',1,(#9823,#9824),.UNSPECIFIED.,.F.,
  .F.,(2,2),(7.281659094967,9.24618182282),.PIECEWISE_BEZIER_KNOTS.);
#9823 = CARTESIAN_POINT('',(1.075478742513,8.100088450794,
    -2.866002669621));
#9824 = CARTESIAN_POINT('',(1.075478742513,8.10008827905,-0.901479941769
    ));
#9825 = ORIENTED_EDGE('',*,*,#9797,.F.);
#9826 = ORIENTED_EDGE('',*,*,#9617,.F.);
#9827 = PLANE('',#9828);
#9828 = AXIS2_PLACEMENT_3D('',#9829,#9830,#9831);
#9829 = CARTESIAN_POINT('',(0.722930417964,8.452636838688,
    -3.238034683669));
#9830 = DIRECTION('',(-0.707106812095,-0.707106750278,
    -6.181720504223E-08));
#9831 = DIRECTION('',(0.707106750278,-0.707106812095,-6.18172107016E-08)
  );
#9832 = ADVANCED_FACE('',(#9833,#9839),#9869,.T.);
#9833 = FACE_BOUND('',#9834,.T.);
#9834 = EDGE_LOOP('',(#9835,#9836,#9837,#9838));
#9835 = ORIENTED_EDGE('',*,*,#9463,.F.);
#9836 = ORIENTED_EDGE('',*,*,#9366,.F.);
#9837 = ORIENTED_EDGE('',*,*,#9513,.F.);
#9838 = ORIENTED_EDGE('',*,*,#9285,.F.);
#9839 = FACE_BOUND('',#9840,.T.);
#9840 = EDGE_LOOP('',(#9841,#9850,#9857,#9864));
#9841 = ORIENTED_EDGE('',*,*,#9842,.T.);
#9842 = EDGE_CURVE('',#9843,#9845,#9847,.T.);
#9843 = VERTEX_POINT('',#9844);
#9844 = CARTESIAN_POINT('',(1.685001539648,9.685088454354,
    -3.211479631342));
#9845 = VERTEX_POINT('',#9846);
#9846 = CARTESIAN_POINT('',(1.68500151211,9.055088454354,-3.211479686418
    ));
#9847 = B_SPLINE_CURVE_WITH_KNOTS('',1,(#9848,#9849),.UNSPECIFIED.,.F.,
  .F.,(2,2),(-3.418566446804E-04,0.629658143355),
  .PIECEWISE_BEZIER_KNOTS.);
#9848 = CARTESIAN_POINT('',(1.685001539648,9.685088454354,
    -3.211479631342));
#9849 = CARTESIAN_POINT('',(1.68500151211,9.055088454354,-3.211479686418
    ));
#9850 = ORIENTED_EDGE('',*,*,#9851,.T.);
#9851 = EDGE_CURVE('',#9845,#9852,#9854,.T.);
#9852 = VERTEX_POINT('',#9853);
#9853 = CARTESIAN_POINT('',(2.31500151211,9.055088426815,-3.211479686418
    ));
#9854 = B_SPLINE_CURVE_WITH_KNOTS('',1,(#9855,#9856),.UNSPECIFIED.,.F.,
  .F.,(2,2),(-0.63,0.),.PIECEWISE_BEZIER_KNOTS.);
#9855 = CARTESIAN_POINT('',(1.68500151211,9.055088454354,-3.211479686418
    ));
#9856 = CARTESIAN_POINT('',(2.31500151211,9.055088426815,-3.211479686418
    ));
#9857 = ORIENTED_EDGE('',*,*,#9858,.T.);
#9858 = EDGE_CURVE('',#9852,#9859,#9861,.T.);
#9859 = VERTEX_POINT('',#9860);
#9860 = CARTESIAN_POINT('',(2.315001539648,9.685088426815,
    -3.211479631342));
#9861 = B_SPLINE_CURVE_WITH_KNOTS('',1,(#9862,#9863),.UNSPECIFIED.,.F.,
  .F.,(2,2),(-0.629658143355,3.418566446804E-04),
  .PIECEWISE_BEZIER_KNOTS.);
#9862 = CARTESIAN_POINT('',(2.31500151211,9.055088426815,-3.211479686418
    ));
#9863 = CARTESIAN_POINT('',(2.315001539648,9.685088426815,
    -3.211479631342));
#9864 = ORIENTED_EDGE('',*,*,#9865,.T.);
#9865 = EDGE_CURVE('',#9859,#9843,#9866,.T.);
#9866 = B_SPLINE_CURVE_WITH_KNOTS('',1,(#9867,#9868),.UNSPECIFIED.,.F.,
  .F.,(2,2),(0.,0.63),.PIECEWISE_BEZIER_KNOTS.);
#9867 = CARTESIAN_POINT('',(2.315001539648,9.685088426815,
    -3.211479631342));
#9868 = CARTESIAN_POINT('',(1.685001539648,9.685088454354,
    -3.211479631342));
#9869 = PLANE('',#9870);
#9870 = AXIS2_PLACEMENT_3D('',#9871,#9872,#9873);
#9871 = CARTESIAN_POINT('',(3.295401567099,10.31310156637,
    -3.211479576439));
#9872 = DIRECTION('',(-1.678841393868E-22,8.742273394091E-08,-1.));
#9873 = DIRECTION('',(-4.371138828674E-08,-1.,-8.742273394091E-08));
#9874 = ADVANCED_FACE('',(#9875,#9881),#9911,.T.);
#9875 = FACE_BOUND('',#9876,.T.);
#9876 = EDGE_LOOP('',(#9877,#9878,#9879,#9880));
#9877 = ORIENTED_EDGE('',*,*,#9765,.F.);
#9878 = ORIENTED_EDGE('',*,*,#9789,.F.);
#9879 = ORIENTED_EDGE('',*,*,#9743,.F.);
#9880 = ORIENTED_EDGE('',*,*,#9662,.F.);
#9881 = FACE_BOUND('',#9882,.T.);
#9882 = EDGE_LOOP('',(#9883,#9892,#9899,#9906));
#9883 = ORIENTED_EDGE('',*,*,#9884,.T.);
#9884 = EDGE_CURVE('',#9885,#9887,#9889,.T.);
#9885 = VERTEX_POINT('',#9886);
#9886 = CARTESIAN_POINT('',(1.685001539648,9.685088235797,
    -0.711479631342));
#9887 = VERTEX_POINT('',#9888);
#9888 = CARTESIAN_POINT('',(2.315001539648,9.685088208259,
    -0.711479631342));
#9889 = B_SPLINE_CURVE_WITH_KNOTS('',1,(#9890,#9891),.UNSPECIFIED.,.F.,
  .F.,(2,2),(-0.63,0.),.PIECEWISE_BEZIER_KNOTS.);
#9890 = CARTESIAN_POINT('',(1.685001539648,9.685088235797,
    -0.711479631342));
#9891 = CARTESIAN_POINT('',(2.315001539648,9.685088208259,
    -0.711479631342));
#9892 = ORIENTED_EDGE('',*,*,#9893,.T.);
#9893 = EDGE_CURVE('',#9887,#9894,#9896,.T.);
#9894 = VERTEX_POINT('',#9895);
#9895 = CARTESIAN_POINT('',(2.31500151211,9.055088208259,-0.711479686418
    ));
#9896 = B_SPLINE_CURVE_WITH_KNOTS('',1,(#9897,#9898),.UNSPECIFIED.,.F.,
  .F.,(2,2),(-3.418566446806E-04,0.629658143355),
  .PIECEWISE_BEZIER_KNOTS.);
#9897 = CARTESIAN_POINT('',(2.315001539648,9.685088208259,
    -0.711479631342));
#9898 = CARTESIAN_POINT('',(2.31500151211,9.055088208259,-0.711479686418
    ));
#9899 = ORIENTED_EDGE('',*,*,#9900,.T.);
#9900 = EDGE_CURVE('',#9894,#9901,#9903,.T.);
#9901 = VERTEX_POINT('',#9902);
#9902 = CARTESIAN_POINT('',(1.68500151211,9.055088235797,-0.711479686418
    ));
#9903 = B_SPLINE_CURVE_WITH_KNOTS('',1,(#9904,#9905),.UNSPECIFIED.,.F.,
  .F.,(2,2),(0.,0.63),.PIECEWISE_BEZIER_KNOTS.);
#9904 = CARTESIAN_POINT('',(2.31500151211,9.055088208259,-0.711479686418
    ));
#9905 = CARTESIAN_POINT('',(1.68500151211,9.055088235797,-0.711479686418
    ));
#9906 = ORIENTED_EDGE('',*,*,#9907,.T.);
#9907 = EDGE_CURVE('',#9901,#9885,#9908,.T.);
#9908 = B_SPLINE_CURVE_WITH_KNOTS('',1,(#9909,#9910),.UNSPECIFIED.,.F.,
  .F.,(2,2),(-0.629658143355,3.418566446806E-04),
  .PIECEWISE_BEZIER_KNOTS.);
#9909 = CARTESIAN_POINT('',(1.68500151211,9.055088235797,-0.711479686418
    ));
#9910 = CARTESIAN_POINT('',(1.685001539648,9.685088235797,
    -0.711479631342));
#9911 = PLANE('',#9912);
#9912 = AXIS2_PLACEMENT_3D('',#9913,#9914,#9915);
#9913 = CARTESIAN_POINT('',(2.785401574031,10.471688187697,
    -0.711479562575));
#9914 = DIRECTION('',(1.678841393868E-22,-8.742273394091E-08,1.));
#9915 = DIRECTION('',(4.371138828674E-08,1.,8.742273394091E-08));
#9916 = ADVANCED_FACE('',(#9917),#9931,.T.);
#9917 = FACE_BOUND('',#9918,.T.);
#9918 = EDGE_LOOP('',(#9919,#9924,#9925,#9930));
#9919 = ORIENTED_EDGE('',*,*,#9920,.T.);
#9920 = EDGE_CURVE('',#9887,#9859,#9921,.T.);
#9921 = B_SPLINE_CURVE_WITH_KNOTS('',1,(#9922,#9923),.UNSPECIFIED.,.F.,
  .F.,(2,2),(-6.10568452315,-3.60568452315),.PIECEWISE_BEZIER_KNOTS.);
#9922 = CARTESIAN_POINT('',(2.315001539648,9.685088208259,
    -0.711479631342));
#9923 = CARTESIAN_POINT('',(2.315001539648,9.685088426815,
    -3.211479631342));
#9924 = ORIENTED_EDGE('',*,*,#9858,.F.);
#9925 = ORIENTED_EDGE('',*,*,#9926,.T.);
#9926 = EDGE_CURVE('',#9852,#9894,#9927,.T.);
#9927 = B_SPLINE_CURVE_WITH_KNOTS('',1,(#9928,#9929),.UNSPECIFIED.,.F.,
  .F.,(2,2),(3.60568452315,6.10568452315),.PIECEWISE_BEZIER_KNOTS.);
#9928 = CARTESIAN_POINT('',(2.31500151211,9.055088426815,-3.211479686418
    ));
#9929 = CARTESIAN_POINT('',(2.31500151211,9.055088208259,-0.711479686418
    ));
#9930 = ORIENTED_EDGE('',*,*,#9893,.F.);
#9931 = PLANE('',#9932);
#9932 = AXIS2_PLACEMENT_3D('',#9933,#9934,#9935);
#9933 = CARTESIAN_POINT('',(2.31500151211,9.055088742034,-6.817164209568
    ));
#9934 = DIRECTION('',(-1.,4.371138828674E-08,3.821369236263E-15));
#9935 = DIRECTION('',(-1.678841393868E-22,8.742273394091E-08,-1.));
#9936 = ADVANCED_FACE('',(#9937),#9947,.T.);
#9937 = FACE_BOUND('',#9938,.T.);
#9938 = EDGE_LOOP('',(#9939,#9940,#9945,#9946));
#9939 = ORIENTED_EDGE('',*,*,#9851,.F.);
#9940 = ORIENTED_EDGE('',*,*,#9941,.T.);
#9941 = EDGE_CURVE('',#9845,#9901,#9942,.T.);
#9942 = B_SPLINE_CURVE_WITH_KNOTS('',1,(#9943,#9944),.UNSPECIFIED.,.F.,
  .F.,(2,2),(3.60568452315,6.10568452315),.PIECEWISE_BEZIER_KNOTS.);
#9943 = CARTESIAN_POINT('',(1.68500151211,9.055088454354,-3.211479686418
    ));
#9944 = CARTESIAN_POINT('',(1.68500151211,9.055088235797,-0.711479686418
    ));
#9945 = ORIENTED_EDGE('',*,*,#9900,.F.);
#9946 = ORIENTED_EDGE('',*,*,#9926,.F.);
#9947 = PLANE('',#9948);
#9948 = AXIS2_PLACEMENT_3D('',#9949,#9950,#9951);
#9949 = CARTESIAN_POINT('',(1.68500151211,9.055088769572,-6.817164209568
    ));
#9950 = DIRECTION('',(4.371138828674E-08,1.,8.742273394091E-08));
#9951 = DIRECTION('',(1.678841393868E-22,-8.742273394091E-08,1.));
#9952 = ADVANCED_FACE('',(#9953),#9963,.T.);
#9953 = FACE_BOUND('',#9954,.T.);
#9954 = EDGE_LOOP('',(#9955,#9956,#9961,#9962));
#9955 = ORIENTED_EDGE('',*,*,#9842,.F.);
#9956 = ORIENTED_EDGE('',*,*,#9957,.T.);
#9957 = EDGE_CURVE('',#9843,#9885,#9958,.T.);
#9958 = B_SPLINE_CURVE_WITH_KNOTS('',1,(#9959,#9960),.UNSPECIFIED.,.F.,
  .F.,(2,2),(3.60568452315,6.10568452315),.PIECEWISE_BEZIER_KNOTS.);
#9959 = CARTESIAN_POINT('',(1.685001539648,9.685088454354,
    -3.211479631342));
#9960 = CARTESIAN_POINT('',(1.685001539648,9.685088235797,
    -0.711479631342));
#9961 = ORIENTED_EDGE('',*,*,#9907,.F.);
#9962 = ORIENTED_EDGE('',*,*,#9941,.F.);
#9963 = PLANE('',#9964);
#9964 = AXIS2_PLACEMENT_3D('',#9965,#9966,#9967);
#9965 = CARTESIAN_POINT('',(1.685001539648,9.685088769572,
    -6.817164154492));
#9966 = DIRECTION('',(1.,-4.371138828674E-08,-3.821369236263E-15));
#9967 = DIRECTION('',(1.678841393868E-22,-8.742273394091E-08,1.));
#9968 = ADVANCED_FACE('',(#9969),#9975,.T.);
#9969 = FACE_BOUND('',#9970,.T.);
#9970 = EDGE_LOOP('',(#9971,#9972,#9973,#9974));
#9971 = ORIENTED_EDGE('',*,*,#9957,.F.);
#9972 = ORIENTED_EDGE('',*,*,#9865,.F.);
#9973 = ORIENTED_EDGE('',*,*,#9920,.F.);
#9974 = ORIENTED_EDGE('',*,*,#9884,.F.);
#9975 = PLANE('',#9976);
#9976 = AXIS2_PLACEMENT_3D('',#9977,#9978,#9979);
#9977 = CARTESIAN_POINT('',(2.315001539648,9.685088742034,
    -6.817164154492));
#9978 = DIRECTION('',(-4.371138828674E-08,-1.,-8.742273394091E-08));
#9979 = DIRECTION('',(-1.678841393868E-22,8.742273394091E-08,-1.));
#9980 = ( GEOMETRIC_REPRESENTATION_CONTEXT(3) 
GLOBAL_UNCERTAINTY_ASSIGNED_CONTEXT((#9984)) 
GLOBAL_UNIT_ASSIGNED_CONTEXT((#9981,#9982,#9983)) REPRESENTATION_CONTEXT
('Context #1','3D Context with UNIT and UNCERTAINTY') );
#9981 = ( LENGTH_UNIT() NAMED_UNIT(*) SI_UNIT(.MILLI.,.METRE.) );
#9982 = ( NAMED_UNIT(*) PLANE_ANGLE_UNIT() SI_UNIT($,.RADIAN.) );
#9983 = ( NAMED_UNIT(*) SI_UNIT($,.STERADIAN.) SOLID_ANGLE_UNIT() );
#9984 = UNCERTAINTY_MEASURE_WITH_UNIT(LENGTH_MEASURE(2.E-03),#9981,
  'distance_accuracy_value','confusion accuracy');
#9985 = PRODUCT_RELATED_PRODUCT_CATEGORY('part',$,(#7144));
#9986 = SHAPE_DEFINITION_REPRESENTATION(#9987,#9993);
#9987 = PRODUCT_DEFINITION_SHAPE('','',#9988);
#9988 = PRODUCT_DEFINITION('design','',#9989,#9992);
#9989 = PRODUCT_DEFINITION_FORMATION('','',#9990);
#9990 = PRODUCT('Open CASCADE STEP translator 7.5 87',
  'Open CASCADE STEP translator 7.5 87','',(#9991));
#9991 = PRODUCT_CONTEXT('',#2,'mechanical');
#9992 = PRODUCT_DEFINITION_CONTEXT('part definition',#2,'design');
#9993 = SHAPE_REPRESENTATION('',(#11,#9994,#10583,#11211,#12677),#12959
  );
#9994 = MANIFOLD_SOLID_BREP('',#9995);
#9995 = CLOSED_SHELL('',(#9996,#10038,#10078,#10109,#10140,#10173,#10227
    ,#10260,#10305,#10320,#10335,#10402,#10433,#10457,#10481,#10505,
    #10523,#10548,#10565));
#9996 = ADVANCED_FACE('',(#9997),#10033,.T.);
#9997 = FACE_BOUND('',#9998,.T.);
#9998 = EDGE_LOOP('',(#9999,#10009,#10018,#10026));
#9999 = ORIENTED_EDGE('',*,*,#10000,.T.);
#10000 = EDGE_CURVE('',#10001,#10003,#10005,.T.);
#10001 = VERTEX_POINT('',#10002);
#10002 = CARTESIAN_POINT('',(11.2499977326,12.255001449821,
    0.260000010709));
#10003 = VERTEX_POINT('',#10004);
#10004 = CARTESIAN_POINT('',(11.2499977326,12.25500143933,
    2.00000107093E-02));
#10005 = LINE('',#10006,#10007);
#10006 = CARTESIAN_POINT('',(11.2499977326,12.255001473768,
    0.807836665197));
#10007 = VECTOR('',#10008,1.);
#10008 = DIRECTION('',(3.82137275408E-15,-4.371140912996E-08,-1.));
#10009 = ORIENTED_EDGE('',*,*,#10010,.T.);
#10010 = EDGE_CURVE('',#10003,#10011,#10013,.T.);
#10011 = VERTEX_POINT('',#10012);
#10012 = CARTESIAN_POINT('',(11.249997689763,12.74500143933,
    1.99999892907E-02));
#10013 = CIRCLE('',#10014,0.245);
#10014 = AXIS2_PLACEMENT_3D('',#10015,#10016,#10017);
#10015 = CARTESIAN_POINT('',(11.249997711182,12.50000143933,2.E-02));
#10016 = DIRECTION('',(-3.82137275408E-15,4.371140912996E-08,1.));
#10017 = DIRECTION('',(8.742277657348E-08,-1.,4.371140912996E-08));
#10018 = ORIENTED_EDGE('',*,*,#10019,.F.);
#10019 = EDGE_CURVE('',#10020,#10011,#10022,.T.);
#10020 = VERTEX_POINT('',#10021);
#10021 = CARTESIAN_POINT('',(11.249997689763,12.745001449821,
    0.259999989291));
#10022 = LINE('',#10023,#10024);
#10023 = CARTESIAN_POINT('',(11.249997689763,12.745001473768,
    0.807836643778));
#10024 = VECTOR('',#10025,1.);
#10025 = DIRECTION('',(3.82137275408E-15,-4.371140912996E-08,-1.));
#10026 = ORIENTED_EDGE('',*,*,#10027,.T.);
#10027 = EDGE_CURVE('',#10020,#10001,#10028,.T.);
#10028 = CIRCLE('',#10029,0.245);
#10029 = AXIS2_PLACEMENT_3D('',#10030,#10031,#10032);
#10030 = CARTESIAN_POINT('',(11.249997711182,12.500001449821,0.26));
#10031 = DIRECTION('',(3.82137275408E-15,-4.371140912996E-08,-1.));
#10032 = DIRECTION('',(-8.742277657348E-08,1.,-4.371140912996E-08));
#10033 = CYLINDRICAL_SURFACE('',#10034,0.245);
#10034 = AXIS2_PLACEMENT_3D('',#10035,#10036,#10037);
#10035 = CARTESIAN_POINT('',(11.249997711182,12.500001473768,
    0.807836654487));
#10036 = DIRECTION('',(3.82137275408E-15,-4.371140912996E-08,-1.));
#10037 = DIRECTION('',(8.742277657348E-08,-1.,4.371140912996E-08));
#10038 = ADVANCED_FACE('',(#10039),#10073,.T.);
#10039 = FACE_BOUND('',#10040,.T.);
#10040 = EDGE_LOOP('',(#10041,#10051,#10059,#10067));
#10041 = ORIENTED_EDGE('',*,*,#10042,.F.);
#10042 = EDGE_CURVE('',#10043,#10045,#10047,.T.);
#10043 = VERTEX_POINT('',#10044);
#10044 = CARTESIAN_POINT('',(11.249997654357,13.150001449821,
    0.259999971588));
#10045 = VERTEX_POINT('',#10046);
#10046 = CARTESIAN_POINT('',(11.549997654357,13.150001476048,
    0.259999971588));
#10047 = LINE('',#10048,#10049);
#10048 = CARTESIAN_POINT('',(11.549997654357,13.150001476048,
    0.259999971588));
#10049 = VECTOR('',#10050,1.);
#10050 = DIRECTION('',(1.,8.742277657348E-08,-9.466853158302E-31));
#10051 = ORIENTED_EDGE('',*,*,#10052,.T.);
#10052 = EDGE_CURVE('',#10043,#10053,#10055,.T.);
#10053 = VERTEX_POINT('',#10054);
#10054 = CARTESIAN_POINT('',(11.249997654357,13.150001450695,
    0.279999971588));
#10055 = LINE('',#10056,#10057);
#10056 = CARTESIAN_POINT('',(11.249997654357,13.150001391503,
    -1.074166434825));
#10057 = VECTOR('',#10058,1.);
#10058 = DIRECTION('',(-3.82137275408E-15,4.371140912996E-08,1.));
#10059 = ORIENTED_EDGE('',*,*,#10060,.F.);
#10060 = EDGE_CURVE('',#10061,#10053,#10063,.T.);
#10061 = VERTEX_POINT('',#10062);
#10062 = CARTESIAN_POINT('',(11.549997654357,13.150001476922,
    0.279999971588));
#10063 = LINE('',#10064,#10065);
#10064 = CARTESIAN_POINT('',(11.549997654357,13.150001476922,
    0.279999971588));
#10065 = VECTOR('',#10066,1.);
#10066 = DIRECTION('',(-1.,-8.742277657348E-08,9.466853158302E-31));
#10067 = ORIENTED_EDGE('',*,*,#10068,.F.);
#10068 = EDGE_CURVE('',#10045,#10061,#10069,.T.);
#10069 = LINE('',#10070,#10071);
#10070 = CARTESIAN_POINT('',(11.549997654357,13.15000141773,
    -1.074166434825));
#10071 = VECTOR('',#10072,1.);
#10072 = DIRECTION('',(-3.82137275408E-15,4.371140912996E-08,1.));
#10073 = PLANE('',#10074);
#10074 = AXIS2_PLACEMENT_3D('',#10075,#10076,#10077);
#10075 = CARTESIAN_POINT('',(11.549997654357,13.15000141773,
    -1.074166434825));
#10076 = DIRECTION('',(-8.742277657348E-08,1.,-4.371140912996E-08));
#10077 = DIRECTION('',(-1.,-8.742277657348E-08,9.466853158302E-31));
#10078 = ADVANCED_FACE('',(#10079),#10104,.T.);
#10079 = FACE_BOUND('',#10080,.T.);
#10080 = EDGE_LOOP('',(#10081,#10089,#10090,#10098));
#10081 = ORIENTED_EDGE('',*,*,#10082,.F.);
#10082 = EDGE_CURVE('',#10045,#10083,#10085,.T.);
#10083 = VERTEX_POINT('',#10084);
#10084 = CARTESIAN_POINT('',(11.549997737408,12.200001476048,
    0.260000013113));
#10085 = LINE('',#10086,#10087);
#10086 = CARTESIAN_POINT('',(11.549997737408,12.200001476048,
    0.260000013113));
#10087 = VECTOR('',#10088,1.);
#10088 = DIRECTION('',(8.742277634522E-08,-1.,4.371140912996E-08));
#10089 = ORIENTED_EDGE('',*,*,#10068,.T.);
#10090 = ORIENTED_EDGE('',*,*,#10091,.F.);
#10091 = EDGE_CURVE('',#10092,#10061,#10094,.T.);
#10092 = VERTEX_POINT('',#10093);
#10093 = CARTESIAN_POINT('',(11.549997737408,12.200001476922,
    0.280000013113));
#10094 = LINE('',#10095,#10096);
#10095 = CARTESIAN_POINT('',(11.549997737408,12.200001476922,
    0.280000013113));
#10096 = VECTOR('',#10097,1.);
#10097 = DIRECTION('',(-8.742277634522E-08,1.,-4.371140912996E-08));
#10098 = ORIENTED_EDGE('',*,*,#10099,.F.);
#10099 = EDGE_CURVE('',#10083,#10092,#10100,.T.);
#10100 = LINE('',#10101,#10102);
#10101 = CARTESIAN_POINT('',(11.549997737408,12.20000141773,
    -1.074166393299));
#10102 = VECTOR('',#10103,1.);
#10103 = DIRECTION('',(-3.82137275408E-15,4.371140912996E-08,1.));
#10104 = PLANE('',#10105);
#10105 = AXIS2_PLACEMENT_3D('',#10106,#10107,#10108);
#10106 = CARTESIAN_POINT('',(11.549997737408,12.20000141773,
    -1.074166393299));
#10107 = DIRECTION('',(1.,8.742277634522E-08,9.977263209337E-24));
#10108 = DIRECTION('',(-8.742277634522E-08,1.,-4.371140912996E-08));
#10109 = ADVANCED_FACE('',(#10110),#10135,.T.);
#10110 = FACE_BOUND('',#10111,.T.);
#10111 = EDGE_LOOP('',(#10112,#10120,#10121,#10129));
#10112 = ORIENTED_EDGE('',*,*,#10113,.F.);
#10113 = EDGE_CURVE('',#10083,#10114,#10116,.T.);
#10114 = VERTEX_POINT('',#10115);
#10115 = CARTESIAN_POINT('',(11.474997737408,12.200001469491,
    0.260000013113));
#10116 = LINE('',#10117,#10118);
#10117 = CARTESIAN_POINT('',(11.549997737408,12.200001476048,
    0.260000013113));
#10118 = VECTOR('',#10119,1.);
#10119 = DIRECTION('',(-1.,-8.742277657348E-08,9.466853158302E-31));
#10120 = ORIENTED_EDGE('',*,*,#10099,.T.);
#10121 = ORIENTED_EDGE('',*,*,#10122,.F.);
#10122 = EDGE_CURVE('',#10123,#10092,#10125,.T.);
#10123 = VERTEX_POINT('',#10124);
#10124 = CARTESIAN_POINT('',(11.474997737408,12.200001470365,
    0.280000013113));
#10125 = LINE('',#10126,#10127);
#10126 = CARTESIAN_POINT('',(11.549997737408,12.200001476922,
    0.280000013113));
#10127 = VECTOR('',#10128,1.);
#10128 = DIRECTION('',(1.,8.742277657348E-08,-9.466853158302E-31));
#10129 = ORIENTED_EDGE('',*,*,#10130,.F.);
#10130 = EDGE_CURVE('',#10114,#10123,#10131,.T.);
#10131 = LINE('',#10132,#10133);
#10132 = CARTESIAN_POINT('',(11.474997737408,12.200001411173,
    -1.074166393299));
#10133 = VECTOR('',#10134,1.);
#10134 = DIRECTION('',(-3.82137275408E-15,4.371140912996E-08,1.));
#10135 = PLANE('',#10136);
#10136 = AXIS2_PLACEMENT_3D('',#10137,#10138,#10139);
#10137 = CARTESIAN_POINT('',(11.549997737408,12.20000141773,
    -1.074166393299));
#10138 = DIRECTION('',(8.742277657348E-08,-1.,4.371140912996E-08));
#10139 = DIRECTION('',(1.,8.742277657348E-08,-9.466853158302E-31));
#10140 = ADVANCED_FACE('',(#10141),#10168,.T.);
#10141 = FACE_BOUND('',#10142,.T.);
#10142 = EDGE_LOOP('',(#10143,#10152,#10153,#10162));
#10143 = ORIENTED_EDGE('',*,*,#10144,.F.);
#10144 = EDGE_CURVE('',#10114,#10145,#10147,.T.);
#10145 = VERTEX_POINT('',#10146);
#10146 = CARTESIAN_POINT('',(11.249997743965,12.125001449821,
    0.260000016392));
#10147 = CIRCLE('',#10148,0.375);
#10148 = AXIS2_PLACEMENT_3D('',#10149,#10150,#10151);
#10149 = CARTESIAN_POINT('',(11.249997711182,12.500001449821,0.26));
#10150 = DIRECTION('',(3.82137275408E-15,-4.371140912996E-08,-1.));
#10151 = DIRECTION('',(-8.74227783082E-08,1.,-4.371140912996E-08));
#10152 = ORIENTED_EDGE('',*,*,#10130,.T.);
#10153 = ORIENTED_EDGE('',*,*,#10154,.F.);
#10154 = EDGE_CURVE('',#10155,#10123,#10157,.T.);
#10155 = VERTEX_POINT('',#10156);
#10156 = CARTESIAN_POINT('',(11.249997743965,12.125001450695,
    0.280000016392));
#10157 = CIRCLE('',#10158,0.375);
#10158 = AXIS2_PLACEMENT_3D('',#10159,#10160,#10161);
#10159 = CARTESIAN_POINT('',(11.249997711182,12.500001450695,0.28));
#10160 = DIRECTION('',(-3.82137275408E-15,4.371140912996E-08,1.));
#10161 = DIRECTION('',(-8.742277657348E-08,1.,-4.371140912996E-08));
#10162 = ORIENTED_EDGE('',*,*,#10163,.F.);
#10163 = EDGE_CURVE('',#10145,#10155,#10164,.T.);
#10164 = LINE('',#10165,#10166);
#10165 = CARTESIAN_POINT('',(11.249997743965,12.125001391503,
    -1.074166390021));
#10166 = VECTOR('',#10167,1.);
#10167 = DIRECTION('',(-3.82137275408E-15,4.371140912996E-08,1.));
#10168 = CYLINDRICAL_SURFACE('',#10169,0.375);
#10169 = AXIS2_PLACEMENT_3D('',#10170,#10171,#10172);
#10170 = CARTESIAN_POINT('',(11.249997711182,12.500001391503,
    -1.074166406413));
#10171 = DIRECTION('',(-3.82137275408E-15,4.371140912996E-08,1.));
#10172 = DIRECTION('',(-8.742277657348E-08,1.,-4.371140912996E-08));
#10173 = ADVANCED_FACE('',(#10174),#10222,.T.);
#10174 = FACE_BOUND('',#10175,.T.);
#10175 = EDGE_LOOP('',(#10176,#10184,#10185,#10191,#10192,#10200,#10208,
    #10216));
#10176 = ORIENTED_EDGE('',*,*,#10177,.F.);
#10177 = EDGE_CURVE('',#10003,#10178,#10180,.T.);
#10178 = VERTEX_POINT('',#10179);
#10179 = CARTESIAN_POINT('',(11.249997739594,12.17500143933,
    2.000001420621E-02));
#10180 = LINE('',#10181,#10182);
#10181 = CARTESIAN_POINT('',(11.249997730852,12.27500143933,
    2.000000983507E-02));
#10182 = VECTOR('',#10183,1.);
#10183 = DIRECTION('',(8.742277657348E-08,-1.,4.371140912996E-08));
#10184 = ORIENTED_EDGE('',*,*,#10000,.F.);
#10185 = ORIENTED_EDGE('',*,*,#10186,.F.);
#10186 = EDGE_CURVE('',#10145,#10001,#10187,.T.);
#10187 = LINE('',#10188,#10189);
#10188 = CARTESIAN_POINT('',(11.249997730852,12.275001449821,
    0.260000009835));
#10189 = VECTOR('',#10190,1.);
#10190 = DIRECTION('',(-8.742277512787E-08,1.,-4.371140912996E-08));
#10191 = ORIENTED_EDGE('',*,*,#10163,.T.);
#10192 = ORIENTED_EDGE('',*,*,#10193,.F.);
#10193 = EDGE_CURVE('',#10194,#10155,#10196,.T.);
#10194 = VERTEX_POINT('',#10195);
#10195 = CARTESIAN_POINT('',(11.249997730852,12.275001450695,
    0.280000009835));
#10196 = LINE('',#10197,#10198);
#10197 = CARTESIAN_POINT('',(11.249997730852,12.275001450695,
    0.280000009835));
#10198 = VECTOR('',#10199,1.);
#10199 = DIRECTION('',(8.742277512787E-08,-1.,4.371140912996E-08));
#10200 = ORIENTED_EDGE('',*,*,#10201,.F.);
#10201 = EDGE_CURVE('',#10202,#10194,#10204,.T.);
#10202 = VERTEX_POINT('',#10203);
#10203 = CARTESIAN_POINT('',(11.249997730852,12.275001438456,
    9.835067054241E-09));
#10204 = LINE('',#10205,#10206);
#10205 = CARTESIAN_POINT('',(11.249997730852,12.275001391503,
    -1.074166396578));
#10206 = VECTOR('',#10207,1.);
#10207 = DIRECTION('',(-3.82137275408E-15,4.371140912996E-08,1.));
#10208 = ORIENTED_EDGE('',*,*,#10209,.F.);
#10209 = EDGE_CURVE('',#10210,#10202,#10212,.T.);
#10210 = VERTEX_POINT('',#10211);
#10211 = CARTESIAN_POINT('',(11.249997739594,12.175001438456,
    1.420620796724E-08));
#10212 = LINE('',#10213,#10214);
#10213 = CARTESIAN_POINT('',(11.249997730852,12.275001438456,
    9.835067054241E-09));
#10214 = VECTOR('',#10215,1.);
#10215 = DIRECTION('',(-8.742277657348E-08,1.,-4.371140912996E-08));
#10216 = ORIENTED_EDGE('',*,*,#10217,.F.);
#10217 = EDGE_CURVE('',#10178,#10210,#10218,.T.);
#10218 = LINE('',#10219,#10220);
#10219 = CARTESIAN_POINT('',(11.249997739594,12.175001492147,
    1.228304611566));
#10220 = VECTOR('',#10221,1.);
#10221 = DIRECTION('',(3.82137275408E-15,-4.371140912996E-08,-1.));
#10222 = PLANE('',#10223);
#10223 = AXIS2_PLACEMENT_3D('',#10224,#10225,#10226);
#10224 = CARTESIAN_POINT('',(11.249997730852,12.275001391503,
    -1.074166396578));
#10225 = DIRECTION('',(-1.,-8.742277512787E-08,-6.318933870812E-23));
#10226 = DIRECTION('',(8.742277512787E-08,-1.,4.371140912996E-08));
#10227 = ADVANCED_FACE('',(#10228),#10255,.F.);
#10228 = FACE_BOUND('',#10229,.F.);
#10229 = EDGE_LOOP('',(#10230,#10239,#10247,#10254));
#10230 = ORIENTED_EDGE('',*,*,#10231,.T.);
#10231 = EDGE_CURVE('',#10202,#10232,#10234,.T.);
#10232 = VERTEX_POINT('',#10233);
#10233 = CARTESIAN_POINT('',(11.249997691512,12.725001438456,
    -9.835067054241E-09));
#10234 = CIRCLE('',#10235,0.225);
#10235 = AXIS2_PLACEMENT_3D('',#10236,#10237,#10238);
#10236 = CARTESIAN_POINT('',(11.249997711182,12.500001438456,
    9.466853158302E-31));
#10237 = DIRECTION('',(-3.82137275408E-15,4.371140912996E-08,1.));
#10238 = DIRECTION('',(8.742277657348E-08,-1.,4.371140912996E-08));
#10239 = ORIENTED_EDGE('',*,*,#10240,.T.);
#10240 = EDGE_CURVE('',#10232,#10241,#10243,.T.);
#10241 = VERTEX_POINT('',#10242);
#10242 = CARTESIAN_POINT('',(11.249997691512,12.725001450695,
    0.279999990165));
#10243 = LINE('',#10244,#10245);
#10244 = CARTESIAN_POINT('',(11.249997691512,12.725001391503,
    -1.074166416248));
#10245 = VECTOR('',#10246,1.);
#10246 = DIRECTION('',(-3.82137275408E-15,4.371140912996E-08,1.));
#10247 = ORIENTED_EDGE('',*,*,#10248,.T.);
#10248 = EDGE_CURVE('',#10241,#10194,#10249,.T.);
#10249 = CIRCLE('',#10250,0.225);
#10250 = AXIS2_PLACEMENT_3D('',#10251,#10252,#10253);
#10251 = CARTESIAN_POINT('',(11.249997711182,12.500001450695,0.28));
#10252 = DIRECTION('',(3.82137275408E-15,-4.371140912996E-08,-1.));
#10253 = DIRECTION('',(-8.742277657348E-08,1.,-4.371140912996E-08));
#10254 = ORIENTED_EDGE('',*,*,#10201,.F.);
#10255 = CYLINDRICAL_SURFACE('',#10256,0.225);
#10256 = AXIS2_PLACEMENT_3D('',#10257,#10258,#10259);
#10257 = CARTESIAN_POINT('',(11.249997711182,12.500001391503,
    -1.074166406413));
#10258 = DIRECTION('',(-3.82137275408E-15,4.371140912996E-08,1.));
#10259 = DIRECTION('',(-8.742277657348E-08,1.,-4.371140912996E-08));
#10260 = ADVANCED_FACE('',(#10261),#10300,.T.);
#10261 = FACE_BOUND('',#10262,.T.);
#10262 = EDGE_LOOP('',(#10263,#10264,#10270,#10271,#10277,#10278,#10286,
    #10294));
#10263 = ORIENTED_EDGE('',*,*,#10240,.T.);
#10264 = ORIENTED_EDGE('',*,*,#10265,.F.);
#10265 = EDGE_CURVE('',#10053,#10241,#10266,.T.);
#10266 = LINE('',#10267,#10268);
#10267 = CARTESIAN_POINT('',(11.249997654357,13.150001450695,
    0.279999971588));
#10268 = VECTOR('',#10269,1.);
#10269 = DIRECTION('',(8.742277555305E-08,-1.,4.371140912996E-08));
#10270 = ORIENTED_EDGE('',*,*,#10052,.F.);
#10271 = ORIENTED_EDGE('',*,*,#10272,.F.);
#10272 = EDGE_CURVE('',#10020,#10043,#10273,.T.);
#10273 = LINE('',#10274,#10275);
#10274 = CARTESIAN_POINT('',(11.249997654357,13.150001449821,
    0.259999971588));
#10275 = VECTOR('',#10276,1.);
#10276 = DIRECTION('',(-8.742277555305E-08,1.,-4.371140912996E-08));
#10277 = ORIENTED_EDGE('',*,*,#10019,.T.);
#10278 = ORIENTED_EDGE('',*,*,#10279,.F.);
#10279 = EDGE_CURVE('',#10280,#10011,#10282,.T.);
#10280 = VERTEX_POINT('',#10281);
#10281 = CARTESIAN_POINT('',(11.249997682769,12.82500143933,
    1.999998579379E-02));
#10282 = LINE('',#10283,#10284);
#10283 = CARTESIAN_POINT('',(11.249997691512,12.72500143933,
    1.999999016493E-02));
#10284 = VECTOR('',#10285,1.);
#10285 = DIRECTION('',(8.742277874188E-08,-1.,4.371140912996E-08));
#10286 = ORIENTED_EDGE('',*,*,#10287,.T.);
#10287 = EDGE_CURVE('',#10280,#10288,#10290,.T.);
#10288 = VERTEX_POINT('',#10289);
#10289 = CARTESIAN_POINT('',(11.249997682769,12.825001438456,
    -1.420620796724E-08));
#10290 = LINE('',#10291,#10292);
#10291 = CARTESIAN_POINT('',(11.249997682769,12.825001492147,
    1.228304583153));
#10292 = VECTOR('',#10293,1.);
#10293 = DIRECTION('',(3.82137275408E-15,-4.371140912996E-08,-1.));
#10294 = ORIENTED_EDGE('',*,*,#10295,.F.);
#10295 = EDGE_CURVE('',#10232,#10288,#10296,.T.);
#10296 = LINE('',#10297,#10298);
#10297 = CARTESIAN_POINT('',(11.249997691512,12.725001438456,
    -9.835067054241E-09));
#10298 = VECTOR('',#10299,1.);
#10299 = DIRECTION('',(-8.742277657348E-08,1.,-4.371140912996E-08));
#10300 = PLANE('',#10301);
#10301 = AXIS2_PLACEMENT_3D('',#10302,#10303,#10304);
#10302 = CARTESIAN_POINT('',(11.249997654357,13.150001391503,
    -1.074166434825));
#10303 = DIRECTION('',(-1.,-8.742277555305E-08,-4.460423880965E-23));
#10304 = DIRECTION('',(8.742277555305E-08,-1.,4.371140912996E-08));
#10305 = ADVANCED_FACE('',(#10306),#10315,.T.);
#10306 = FACE_BOUND('',#10307,.T.);
#10307 = EDGE_LOOP('',(#10308,#10309,#10310,#10311,#10312,#10313,#10314)
  );
#10308 = ORIENTED_EDGE('',*,*,#10060,.T.);
#10309 = ORIENTED_EDGE('',*,*,#10265,.T.);
#10310 = ORIENTED_EDGE('',*,*,#10248,.T.);
#10311 = ORIENTED_EDGE('',*,*,#10193,.T.);
#10312 = ORIENTED_EDGE('',*,*,#10154,.T.);
#10313 = ORIENTED_EDGE('',*,*,#10122,.T.);
#10314 = ORIENTED_EDGE('',*,*,#10091,.T.);
#10315 = PLANE('',#10316);
#10316 = AXIS2_PLACEMENT_3D('',#10317,#10318,#10319);
#10317 = CARTESIAN_POINT('',(11.249997711182,12.500001450695,0.28));
#10318 = DIRECTION('',(-3.82137275408E-15,4.371140912996E-08,1.));
#10319 = DIRECTION('',(-8.742277657348E-08,1.,-4.371140912996E-08));
#10320 = ADVANCED_FACE('',(#10321),#10330,.F.);
#10321 = FACE_BOUND('',#10322,.T.);
#10322 = EDGE_LOOP('',(#10323,#10324,#10325,#10326,#10327,#10328,#10329)
  );
#10323 = ORIENTED_EDGE('',*,*,#10027,.F.);
#10324 = ORIENTED_EDGE('',*,*,#10272,.T.);
#10325 = ORIENTED_EDGE('',*,*,#10042,.T.);
#10326 = ORIENTED_EDGE('',*,*,#10082,.T.);
#10327 = ORIENTED_EDGE('',*,*,#10113,.T.);
#10328 = ORIENTED_EDGE('',*,*,#10144,.T.);
#10329 = ORIENTED_EDGE('',*,*,#10186,.T.);
#10330 = PLANE('',#10331);
#10331 = AXIS2_PLACEMENT_3D('',#10332,#10333,#10334);
#10332 = CARTESIAN_POINT('',(13.249997711182,12.500001624667,0.26));
#10333 = DIRECTION('',(-3.82137275408E-15,4.371140912996E-08,1.));
#10334 = DIRECTION('',(-8.742277657348E-08,1.,-4.371140912996E-08));
#10335 = ADVANCED_FACE('',(#10336),#10397,.T.);
#10336 = FACE_BOUND('',#10337,.T.);
#10337 = EDGE_LOOP('',(#10338,#10339,#10340,#10349,#10357,#10365,#10373,
    #10381,#10389,#10396));
#10338 = ORIENTED_EDGE('',*,*,#10231,.T.);
#10339 = ORIENTED_EDGE('',*,*,#10295,.T.);
#10340 = ORIENTED_EDGE('',*,*,#10341,.T.);
#10341 = EDGE_CURVE('',#10288,#10342,#10344,.T.);
#10342 = VERTEX_POINT('',#10343);
#10343 = CARTESIAN_POINT('',(11.349997684148,12.80923436912,
    -1.351700676656E-08));
#10344 = CIRCLE('',#10345,0.325);
#10345 = AXIS2_PLACEMENT_3D('',#10346,#10347,#10348);
#10346 = CARTESIAN_POINT('',(11.249997711182,12.500001438456,
    9.466853158302E-31));
#10347 = DIRECTION('',(3.82137275408E-15,-4.371140912996E-08,-1.));
#10348 = DIRECTION('',(8.742277657348E-08,-1.,4.371140912996E-08));
#10349 = ORIENTED_EDGE('',*,*,#10350,.T.);
#10350 = EDGE_CURVE('',#10342,#10351,#10353,.T.);
#10351 = VERTEX_POINT('',#10352);
#10352 = CARTESIAN_POINT('',(11.349997663099,13.050001447198,
    -2.404127502148E-08));
#10353 = LINE('',#10354,#10355);
#10354 = CARTESIAN_POINT('',(11.349997684148,12.80923436912,
    -1.351700676656E-08));
#10355 = VECTOR('',#10356,1.);
#10356 = DIRECTION('',(-8.742277612316E-08,1.,-4.371140912996E-08));
#10357 = ORIENTED_EDGE('',*,*,#10358,.T.);
#10358 = EDGE_CURVE('',#10351,#10359,#10361,.T.);
#10359 = VERTEX_POINT('',#10360);
#10360 = CARTESIAN_POINT('',(11.749997663099,13.050001482168,
    -2.404127502148E-08));
#10361 = LINE('',#10362,#10363);
#10362 = CARTESIAN_POINT('',(11.349997663099,13.050001447198,
    -2.404127502148E-08));
#10363 = VECTOR('',#10364,1.);
#10364 = DIRECTION('',(1.,8.742277657348E-08,-9.466853158302E-31));
#10365 = ORIENTED_EDGE('',*,*,#10366,.T.);
#10366 = EDGE_CURVE('',#10359,#10367,#10369,.T.);
#10367 = VERTEX_POINT('',#10368);
#10368 = CARTESIAN_POINT('',(11.749997759264,11.950001482168,
    2.404127502148E-08));
#10369 = LINE('',#10370,#10371);
#10370 = CARTESIAN_POINT('',(11.749997663099,13.050001482168,
    -2.404127502148E-08));
#10371 = VECTOR('',#10372,1.);
#10372 = DIRECTION('',(8.742277637635E-08,-1.,4.371140912996E-08));
#10373 = ORIENTED_EDGE('',*,*,#10374,.T.);
#10374 = EDGE_CURVE('',#10367,#10375,#10377,.T.);
#10375 = VERTEX_POINT('',#10376);
#10376 = CARTESIAN_POINT('',(11.349997759264,11.950001447198,
    2.404127502148E-08));
#10377 = LINE('',#10378,#10379);
#10378 = CARTESIAN_POINT('',(11.749997759264,11.950001482168,
    2.404127502148E-08));
#10379 = VECTOR('',#10380,1.);
#10380 = DIRECTION('',(-1.,-8.742277684453E-08,1.184800213196E-23));
#10381 = ORIENTED_EDGE('',*,*,#10382,.T.);
#10382 = EDGE_CURVE('',#10375,#10383,#10385,.T.);
#10383 = VERTEX_POINT('',#10384);
#10384 = CARTESIAN_POINT('',(11.349997738216,12.190768525277,
    1.351700676656E-08));
#10385 = LINE('',#10386,#10387);
#10386 = CARTESIAN_POINT('',(11.349997759264,11.950001447198,
    2.404127502148E-08));
#10387 = VECTOR('',#10388,1.);
#10388 = DIRECTION('',(-8.742277657348E-08,1.,-4.371140912996E-08));
#10389 = ORIENTED_EDGE('',*,*,#10390,.T.);
#10390 = EDGE_CURVE('',#10383,#10210,#10391,.T.);
#10391 = CIRCLE('',#10392,0.325);
#10392 = AXIS2_PLACEMENT_3D('',#10393,#10394,#10395);
#10393 = CARTESIAN_POINT('',(11.249997711182,12.500001438456,
    9.466853158302E-31));
#10394 = DIRECTION('',(3.82137275408E-15,-4.371140912996E-08,-1.));
#10395 = DIRECTION('',(8.742277657348E-08,-1.,4.371140912996E-08));
#10396 = ORIENTED_EDGE('',*,*,#10209,.T.);
#10397 = PLANE('',#10398);
#10398 = AXIS2_PLACEMENT_3D('',#10399,#10400,#10401);
#10399 = CARTESIAN_POINT('',(11.249997711182,12.500001438456,
    9.466853158302E-31));
#10400 = DIRECTION('',(3.82137275408E-15,-4.371140912996E-08,-1.));
#10401 = DIRECTION('',(8.742277657348E-08,-1.,4.371140912996E-08));
#10402 = ADVANCED_FACE('',(#10403),#10428,.T.);
#10403 = FACE_BOUND('',#10404,.T.);
#10404 = EDGE_LOOP('',(#10405,#10415,#10421,#10422));
#10405 = ORIENTED_EDGE('',*,*,#10406,.F.);
#10406 = EDGE_CURVE('',#10407,#10409,#10411,.T.);
#10407 = VERTEX_POINT('',#10408);
#10408 = CARTESIAN_POINT('',(11.349997759264,11.950001448073,
    2.000002404128E-02));
#10409 = VERTEX_POINT('',#10410);
#10410 = CARTESIAN_POINT('',(11.749997759264,11.950001483042,
    2.000002404128E-02));
#10411 = LINE('',#10412,#10413);
#10412 = CARTESIAN_POINT('',(11.749997759264,11.950001483042,
    2.000002404128E-02));
#10413 = VECTOR('',#10414,1.);
#10414 = DIRECTION('',(1.,8.742277684453E-08,-1.184800213196E-23));
#10415 = ORIENTED_EDGE('',*,*,#10416,.T.);
#10416 = EDGE_CURVE('',#10407,#10375,#10417,.T.);
#10417 = LINE('',#10418,#10419);
#10418 = CARTESIAN_POINT('',(11.349997759264,11.950001500889,
    1.228304621401));
#10419 = VECTOR('',#10420,1.);
#10420 = DIRECTION('',(3.82137275408E-15,-4.371140912996E-08,-1.));
#10421 = ORIENTED_EDGE('',*,*,#10374,.F.);
#10422 = ORIENTED_EDGE('',*,*,#10423,.F.);
#10423 = EDGE_CURVE('',#10409,#10367,#10424,.T.);
#10424 = LINE('',#10425,#10426);
#10425 = CARTESIAN_POINT('',(11.749997759264,11.950001535858,
    1.228304621401));
#10426 = VECTOR('',#10427,1.);
#10427 = DIRECTION('',(3.82137275408E-15,-4.371140912996E-08,-1.));
#10428 = PLANE('',#10429);
#10429 = AXIS2_PLACEMENT_3D('',#10430,#10431,#10432);
#10430 = CARTESIAN_POINT('',(11.749997759264,11.950001535858,
    1.228304621401));
#10431 = DIRECTION('',(8.742277684453E-08,-1.,4.371140912996E-08));
#10432 = DIRECTION('',(1.,8.742277684453E-08,-1.184800213196E-23));
#10433 = ADVANCED_FACE('',(#10434),#10452,.T.);
#10434 = FACE_BOUND('',#10435,.T.);
#10435 = EDGE_LOOP('',(#10436,#10444,#10445,#10446));
#10436 = ORIENTED_EDGE('',*,*,#10437,.F.);
#10437 = EDGE_CURVE('',#10409,#10438,#10440,.T.);
#10438 = VERTEX_POINT('',#10439);
#10439 = CARTESIAN_POINT('',(11.749997663099,13.050001483042,
    1.999997595873E-02));
#10440 = LINE('',#10441,#10442);
#10441 = CARTESIAN_POINT('',(11.749997663099,13.050001483042,
    1.999997595873E-02));
#10442 = VECTOR('',#10443,1.);
#10443 = DIRECTION('',(-8.742277637635E-08,1.,-4.371140912996E-08));
#10444 = ORIENTED_EDGE('',*,*,#10423,.T.);
#10445 = ORIENTED_EDGE('',*,*,#10366,.F.);
#10446 = ORIENTED_EDGE('',*,*,#10447,.F.);
#10447 = EDGE_CURVE('',#10438,#10359,#10448,.T.);
#10448 = LINE('',#10449,#10450);
#10449 = CARTESIAN_POINT('',(11.749997663099,13.050001535858,
    1.228304573318));
#10450 = VECTOR('',#10451,1.);
#10451 = DIRECTION('',(3.82137275408E-15,-4.371140912996E-08,-1.));
#10452 = PLANE('',#10453);
#10453 = AXIS2_PLACEMENT_3D('',#10454,#10455,#10456);
#10454 = CARTESIAN_POINT('',(11.749997663099,13.050001535858,
    1.228304573318));
#10455 = DIRECTION('',(1.,8.742277637635E-08,8.616727188062E-24));
#10456 = DIRECTION('',(-8.742277637635E-08,1.,-4.371140912996E-08));
#10457 = ADVANCED_FACE('',(#10458),#10476,.T.);
#10458 = FACE_BOUND('',#10459,.T.);
#10459 = EDGE_LOOP('',(#10460,#10468,#10469,#10470));
#10460 = ORIENTED_EDGE('',*,*,#10461,.F.);
#10461 = EDGE_CURVE('',#10438,#10462,#10464,.T.);
#10462 = VERTEX_POINT('',#10463);
#10463 = CARTESIAN_POINT('',(11.349997663099,13.050001448073,
    1.999997595873E-02));
#10464 = LINE('',#10465,#10466);
#10465 = CARTESIAN_POINT('',(11.349997663099,13.050001448073,
    1.999997595873E-02));
#10466 = VECTOR('',#10467,1.);
#10467 = DIRECTION('',(-1.,-8.742277657348E-08,9.466853158302E-31));
#10468 = ORIENTED_EDGE('',*,*,#10447,.T.);
#10469 = ORIENTED_EDGE('',*,*,#10358,.F.);
#10470 = ORIENTED_EDGE('',*,*,#10471,.F.);
#10471 = EDGE_CURVE('',#10462,#10351,#10472,.T.);
#10472 = LINE('',#10473,#10474);
#10473 = CARTESIAN_POINT('',(11.349997663099,13.050001500889,
    1.228304573318));
#10474 = VECTOR('',#10475,1.);
#10475 = DIRECTION('',(3.82137275408E-15,-4.371140912996E-08,-1.));
#10476 = PLANE('',#10477);
#10477 = AXIS2_PLACEMENT_3D('',#10478,#10479,#10480);
#10478 = CARTESIAN_POINT('',(11.349997663099,13.050001500889,
    1.228304573318));
#10479 = DIRECTION('',(-8.742277657348E-08,1.,-4.371140912996E-08));
#10480 = DIRECTION('',(-1.,-8.742277657348E-08,9.466853158302E-31));
#10481 = ADVANCED_FACE('',(#10482),#10500,.T.);
#10482 = FACE_BOUND('',#10483,.T.);
#10483 = EDGE_LOOP('',(#10484,#10492,#10493,#10494));
#10484 = ORIENTED_EDGE('',*,*,#10485,.F.);
#10485 = EDGE_CURVE('',#10462,#10486,#10488,.T.);
#10486 = VERTEX_POINT('',#10487);
#10487 = CARTESIAN_POINT('',(11.349997684148,12.809234369994,
    1.999998648299E-02));
#10488 = LINE('',#10489,#10490);
#10489 = CARTESIAN_POINT('',(11.349997684148,12.809234369994,
    1.999998648299E-02));
#10490 = VECTOR('',#10491,1.);
#10491 = DIRECTION('',(8.742277612316E-08,-1.,4.371140912996E-08));
#10492 = ORIENTED_EDGE('',*,*,#10471,.T.);
#10493 = ORIENTED_EDGE('',*,*,#10350,.F.);
#10494 = ORIENTED_EDGE('',*,*,#10495,.F.);
#10495 = EDGE_CURVE('',#10486,#10342,#10496,.T.);
#10496 = LINE('',#10497,#10498);
#10497 = CARTESIAN_POINT('',(11.349997684148,12.809234422811,
    1.228304583842));
#10498 = VECTOR('',#10499,1.);
#10499 = DIRECTION('',(3.82137275408E-15,-4.371140912996E-08,-1.));
#10500 = PLANE('',#10501);
#10501 = AXIS2_PLACEMENT_3D('',#10502,#10503,#10504);
#10502 = CARTESIAN_POINT('',(11.349997684148,12.809234422811,
    1.228304583842));
#10503 = DIRECTION('',(-1.,-8.742277612316E-08,-1.968375528747E-23));
#10504 = DIRECTION('',(8.742277612316E-08,-1.,4.371140912996E-08));
#10505 = ADVANCED_FACE('',(#10506),#10518,.T.);
#10506 = FACE_BOUND('',#10507,.T.);
#10507 = EDGE_LOOP('',(#10508,#10515,#10516,#10517));
#10508 = ORIENTED_EDGE('',*,*,#10509,.F.);
#10509 = EDGE_CURVE('',#10486,#10280,#10510,.T.);
#10510 = CIRCLE('',#10511,0.325);
#10511 = AXIS2_PLACEMENT_3D('',#10512,#10513,#10514);
#10512 = CARTESIAN_POINT('',(11.249997711182,12.50000143933,2.E-02));
#10513 = DIRECTION('',(-3.82137275408E-15,4.371140912996E-08,1.));
#10514 = DIRECTION('',(8.742277657348E-08,-1.,4.371140912996E-08));
#10515 = ORIENTED_EDGE('',*,*,#10495,.T.);
#10516 = ORIENTED_EDGE('',*,*,#10341,.F.);
#10517 = ORIENTED_EDGE('',*,*,#10287,.F.);
#10518 = CYLINDRICAL_SURFACE('',#10519,0.325);
#10519 = AXIS2_PLACEMENT_3D('',#10520,#10521,#10522);
#10520 = CARTESIAN_POINT('',(11.249997711182,12.500001492147,
    1.228304597359));
#10521 = DIRECTION('',(3.82137275408E-15,-4.371140912996E-08,-1.));
#10522 = DIRECTION('',(8.742277657348E-08,-1.,4.371140912996E-08));
#10523 = ADVANCED_FACE('',(#10524),#10543,.T.);
#10524 = FACE_BOUND('',#10525,.T.);
#10525 = EDGE_LOOP('',(#10526,#10535,#10536,#10537));
#10526 = ORIENTED_EDGE('',*,*,#10527,.F.);
#10527 = EDGE_CURVE('',#10178,#10528,#10530,.T.);
#10528 = VERTEX_POINT('',#10529);
#10529 = CARTESIAN_POINT('',(11.349997738216,12.190768526151,
    2.000001351701E-02));
#10530 = CIRCLE('',#10531,0.325);
#10531 = AXIS2_PLACEMENT_3D('',#10532,#10533,#10534);
#10532 = CARTESIAN_POINT('',(11.249997711182,12.50000143933,2.E-02));
#10533 = DIRECTION('',(-3.82137275408E-15,4.371140912996E-08,1.));
#10534 = DIRECTION('',(8.742277657348E-08,-1.,4.371140912996E-08));
#10535 = ORIENTED_EDGE('',*,*,#10217,.T.);
#10536 = ORIENTED_EDGE('',*,*,#10390,.F.);
#10537 = ORIENTED_EDGE('',*,*,#10538,.F.);
#10538 = EDGE_CURVE('',#10528,#10383,#10539,.T.);
#10539 = LINE('',#10540,#10541);
#10540 = CARTESIAN_POINT('',(11.349997738216,12.190768578968,
    1.228304610876));
#10541 = VECTOR('',#10542,1.);
#10542 = DIRECTION('',(3.82137275408E-15,-4.371140912996E-08,-1.));
#10543 = CYLINDRICAL_SURFACE('',#10544,0.325);
#10544 = AXIS2_PLACEMENT_3D('',#10545,#10546,#10547);
#10545 = CARTESIAN_POINT('',(11.249997711182,12.500001492147,
    1.228304597359));
#10546 = DIRECTION('',(3.82137275408E-15,-4.371140912996E-08,-1.));
#10547 = DIRECTION('',(8.742277657348E-08,-1.,4.371140912996E-08));
#10548 = ADVANCED_FACE('',(#10549),#10560,.T.);
#10549 = FACE_BOUND('',#10550,.T.);
#10550 = EDGE_LOOP('',(#10551,#10557,#10558,#10559));
#10551 = ORIENTED_EDGE('',*,*,#10552,.F.);
#10552 = EDGE_CURVE('',#10528,#10407,#10553,.T.);
#10553 = LINE('',#10554,#10555);
#10554 = CARTESIAN_POINT('',(11.349997759264,11.950001448073,
    2.000002404128E-02));
#10555 = VECTOR('',#10556,1.);
#10556 = DIRECTION('',(8.742277657348E-08,-1.,4.371140912996E-08));
#10557 = ORIENTED_EDGE('',*,*,#10538,.T.);
#10558 = ORIENTED_EDGE('',*,*,#10382,.F.);
#10559 = ORIENTED_EDGE('',*,*,#10416,.F.);
#10560 = PLANE('',#10561);
#10561 = AXIS2_PLACEMENT_3D('',#10562,#10563,#10564);
#10562 = CARTESIAN_POINT('',(11.349997759264,11.950001500889,
    1.228304621401));
#10563 = DIRECTION('',(-1.,-8.742277657348E-08,9.466853158302E-31));
#10564 = DIRECTION('',(8.742277657348E-08,-1.,4.371140912996E-08));
#10565 = ADVANCED_FACE('',(#10566),#10578,.F.);
#10566 = FACE_BOUND('',#10567,.T.);
#10567 = EDGE_LOOP('',(#10568,#10569,#10570,#10571,#10572,#10573,#10574,
    #10575,#10576,#10577));
#10568 = ORIENTED_EDGE('',*,*,#10010,.F.);
#10569 = ORIENTED_EDGE('',*,*,#10177,.T.);
#10570 = ORIENTED_EDGE('',*,*,#10527,.T.);
#10571 = ORIENTED_EDGE('',*,*,#10552,.T.);
#10572 = ORIENTED_EDGE('',*,*,#10406,.T.);
#10573 = ORIENTED_EDGE('',*,*,#10437,.T.);
#10574 = ORIENTED_EDGE('',*,*,#10461,.T.);
#10575 = ORIENTED_EDGE('',*,*,#10485,.T.);
#10576 = ORIENTED_EDGE('',*,*,#10509,.T.);
#10577 = ORIENTED_EDGE('',*,*,#10279,.T.);
#10578 = PLANE('',#10579);
#10579 = AXIS2_PLACEMENT_3D('',#10580,#10581,#10582);
#10580 = CARTESIAN_POINT('',(11.249997711182,12.50000143933,2.E-02));
#10581 = DIRECTION('',(3.82137275408E-15,-4.371140912996E-08,-1.));
#10582 = DIRECTION('',(8.742277657348E-08,-1.,4.371140912996E-08));
#10583 = MANIFOLD_SOLID_BREP('',#10584);
#10584 = CLOSED_SHELL('',(#10585,#10627,#10669,#10709,#10740,#10794,
    #10827,#10881,#10903,#10927,#10945,#10963,#11030,#11055,#11079,
    #11103,#11127,#11151,#11175,#11193));
#10585 = ADVANCED_FACE('',(#10586),#10622,.F.);
#10586 = FACE_BOUND('',#10587,.F.);
#10587 = EDGE_LOOP('',(#10588,#10598,#10607,#10615));
#10588 = ORIENTED_EDGE('',*,*,#10589,.T.);
#10589 = EDGE_CURVE('',#10590,#10592,#10594,.T.);
#10590 = VERTEX_POINT('',#10591);
#10591 = CARTESIAN_POINT('',(13.149997659602,13.090001615924,
    0.25999997421));
#10592 = VERTEX_POINT('',#10593);
#10593 = CARTESIAN_POINT('',(13.149997659602,13.090001616799,
    0.27999997421));
#10594 = LINE('',#10595,#10596);
#10595 = CARTESIAN_POINT('',(13.149997659602,13.090001557606,
    -1.074166432202));
#10596 = VECTOR('',#10597,1.);
#10597 = DIRECTION('',(-3.82137275408E-15,4.371140912996E-08,1.));
#10598 = ORIENTED_EDGE('',*,*,#10599,.F.);
#10599 = EDGE_CURVE('',#10600,#10592,#10602,.T.);
#10600 = VERTEX_POINT('',#10601);
#10601 = CARTESIAN_POINT('',(13.149997666596,13.010001616799,
    0.279999977707));
#10602 = CIRCLE('',#10603,4.E-02);
#10603 = AXIS2_PLACEMENT_3D('',#10604,#10605,#10606);
#10604 = CARTESIAN_POINT('',(13.149997663099,13.050001616799,
    0.279999975959));
#10605 = DIRECTION('',(-3.82137275408E-15,4.371140912996E-08,1.));
#10606 = DIRECTION('',(-8.742277657348E-08,1.,-4.371140912996E-08));
#10607 = ORIENTED_EDGE('',*,*,#10608,.F.);
#10608 = EDGE_CURVE('',#10609,#10600,#10611,.T.);
#10609 = VERTEX_POINT('',#10610);
#10610 = CARTESIAN_POINT('',(13.149997666596,13.010001615924,
    0.259999977707));
#10611 = LINE('',#10612,#10613);
#10612 = CARTESIAN_POINT('',(13.149997666596,13.010001557606,
    -1.074166428705));
#10613 = VECTOR('',#10614,1.);
#10614 = DIRECTION('',(-3.82137275408E-15,4.371140912996E-08,1.));
#10615 = ORIENTED_EDGE('',*,*,#10616,.F.);
#10616 = EDGE_CURVE('',#10590,#10609,#10617,.T.);
#10617 = CIRCLE('',#10618,4.E-02);
#10618 = AXIS2_PLACEMENT_3D('',#10619,#10620,#10621);
#10619 = CARTESIAN_POINT('',(13.149997663099,13.050001615924,
    0.259999975959));
#10620 = DIRECTION('',(3.82137275408E-15,-4.371140912996E-08,-1.));
#10621 = DIRECTION('',(-8.742277657348E-08,1.,-4.371140912996E-08));
#10622 = CYLINDRICAL_SURFACE('',#10623,4.E-02);
#10623 = AXIS2_PLACEMENT_3D('',#10624,#10625,#10626);
#10624 = CARTESIAN_POINT('',(13.149997663099,13.050001557606,
    -1.074166430454));
#10625 = DIRECTION('',(-3.82137275408E-15,4.371140912996E-08,1.));
#10626 = DIRECTION('',(-8.742277657348E-08,1.,-4.371140912996E-08));
#10627 = ADVANCED_FACE('',(#10628),#10664,.T.);
#10628 = FACE_BOUND('',#10629,.T.);
#10629 = EDGE_LOOP('',(#10630,#10640,#10649,#10657));
#10630 = ORIENTED_EDGE('',*,*,#10631,.T.);
#10631 = EDGE_CURVE('',#10632,#10634,#10636,.T.);
#10632 = VERTEX_POINT('',#10633);
#10633 = CARTESIAN_POINT('',(13.249997689763,12.745001624667,
    0.259999989291));
#10634 = VERTEX_POINT('',#10635);
#10635 = CARTESIAN_POINT('',(13.249997689763,12.745001614176,
    1.99999892907E-02));
#10636 = LINE('',#10637,#10638);
#10637 = CARTESIAN_POINT('',(13.249997689763,12.745001648613,
    0.807836643778));
#10638 = VECTOR('',#10639,1.);
#10639 = DIRECTION('',(3.82137275408E-15,-4.371140912996E-08,-1.));
#10640 = ORIENTED_EDGE('',*,*,#10641,.T.);
#10641 = EDGE_CURVE('',#10634,#10642,#10644,.T.);
#10642 = VERTEX_POINT('',#10643);
#10643 = CARTESIAN_POINT('',(13.2499977326,12.255001614176,
    2.00000107093E-02));
#10644 = CIRCLE('',#10645,0.245);
#10645 = AXIS2_PLACEMENT_3D('',#10646,#10647,#10648);
#10646 = CARTESIAN_POINT('',(13.249997711182,12.500001614176,2.E-02));
#10647 = DIRECTION('',(-3.82137275408E-15,4.371140912996E-08,1.));
#10648 = DIRECTION('',(8.742277657348E-08,-1.,4.371140912996E-08));
#10649 = ORIENTED_EDGE('',*,*,#10650,.F.);
#10650 = EDGE_CURVE('',#10651,#10642,#10653,.T.);
#10651 = VERTEX_POINT('',#10652);
#10652 = CARTESIAN_POINT('',(13.2499977326,12.255001624667,
    0.260000010709));
#10653 = LINE('',#10654,#10655);
#10654 = CARTESIAN_POINT('',(13.2499977326,12.255001648613,
    0.807836665197));
#10655 = VECTOR('',#10656,1.);
#10656 = DIRECTION('',(3.82137275408E-15,-4.371140912996E-08,-1.));
#10657 = ORIENTED_EDGE('',*,*,#10658,.T.);
#10658 = EDGE_CURVE('',#10651,#10632,#10659,.T.);
#10659 = CIRCLE('',#10660,0.245);
#10660 = AXIS2_PLACEMENT_3D('',#10661,#10662,#10663);
#10661 = CARTESIAN_POINT('',(13.249997711182,12.500001624667,0.26));
#10662 = DIRECTION('',(3.82137275408E-15,-4.371140912996E-08,-1.));
#10663 = DIRECTION('',(-8.742277657348E-08,1.,-4.371140912996E-08));
#10664 = CYLINDRICAL_SURFACE('',#10665,0.245);
#10665 = AXIS2_PLACEMENT_3D('',#10666,#10667,#10668);
#10666 = CARTESIAN_POINT('',(13.249997711182,12.500001648613,
    0.807836654487));
#10667 = DIRECTION('',(3.82137275408E-15,-4.371140912996E-08,-1.));
#10668 = DIRECTION('',(8.742277657348E-08,-1.,4.371140912996E-08));
#10669 = ADVANCED_FACE('',(#10670),#10704,.T.);
#10670 = FACE_BOUND('',#10671,.T.);
#10671 = EDGE_LOOP('',(#10672,#10682,#10690,#10698));
#10672 = ORIENTED_EDGE('',*,*,#10673,.F.);
#10673 = EDGE_CURVE('',#10674,#10676,#10678,.T.);
#10674 = VERTEX_POINT('',#10675);
#10675 = CARTESIAN_POINT('',(12.949997768006,11.85000159844,
    0.260000028412));
#10676 = VERTEX_POINT('',#10677);
#10677 = CARTESIAN_POINT('',(12.949997654357,13.15000159844,
    0.259999971588));
#10678 = LINE('',#10679,#10680);
#10679 = CARTESIAN_POINT('',(12.949997654357,13.15000159844,
    0.259999971588));
#10680 = VECTOR('',#10681,1.);
#10681 = DIRECTION('',(-8.742277657348E-08,1.,-4.371140912996E-08));
#10682 = ORIENTED_EDGE('',*,*,#10683,.T.);
#10683 = EDGE_CURVE('',#10674,#10684,#10686,.T.);
#10684 = VERTEX_POINT('',#10685);
#10685 = CARTESIAN_POINT('',(12.949997768006,11.850001599314,
    0.280000028412));
#10686 = LINE('',#10687,#10688);
#10687 = CARTESIAN_POINT('',(12.949997768006,11.850001540122,
    -1.074166378));
#10688 = VECTOR('',#10689,1.);
#10689 = DIRECTION('',(-3.82137275408E-15,4.371140912996E-08,1.));
#10690 = ORIENTED_EDGE('',*,*,#10691,.F.);
#10691 = EDGE_CURVE('',#10692,#10684,#10694,.T.);
#10692 = VERTEX_POINT('',#10693);
#10693 = CARTESIAN_POINT('',(12.949997654357,13.150001599314,
    0.279999971588));
#10694 = LINE('',#10695,#10696);
#10695 = CARTESIAN_POINT('',(12.949997654357,13.150001599314,
    0.279999971588));
#10696 = VECTOR('',#10697,1.);
#10697 = DIRECTION('',(8.742277657348E-08,-1.,4.371140912996E-08));
#10698 = ORIENTED_EDGE('',*,*,#10699,.F.);
#10699 = EDGE_CURVE('',#10676,#10692,#10700,.T.);
#10700 = LINE('',#10701,#10702);
#10701 = CARTESIAN_POINT('',(12.949997654357,13.150001540122,
    -1.074166434825));
#10702 = VECTOR('',#10703,1.);
#10703 = DIRECTION('',(-3.82137275408E-15,4.371140912996E-08,1.));
#10704 = PLANE('',#10705);
#10705 = AXIS2_PLACEMENT_3D('',#10706,#10707,#10708);
#10706 = CARTESIAN_POINT('',(12.949997654357,13.150001540122,
    -1.074166434825));
#10707 = DIRECTION('',(-1.,-8.742277657348E-08,9.466853158302E-31));
#10708 = DIRECTION('',(8.742277657348E-08,-1.,4.371140912996E-08));
#10709 = ADVANCED_FACE('',(#10710),#10735,.T.);
#10710 = FACE_BOUND('',#10711,.T.);
#10711 = EDGE_LOOP('',(#10712,#10720,#10728,#10734));
#10712 = ORIENTED_EDGE('',*,*,#10713,.F.);
#10713 = EDGE_CURVE('',#10714,#10674,#10716,.T.);
#10714 = VERTEX_POINT('',#10715);
#10715 = CARTESIAN_POINT('',(13.249997768006,11.850001624667,
    0.260000028412));
#10716 = LINE('',#10717,#10718);
#10717 = CARTESIAN_POINT('',(12.949997768006,11.85000159844,
    0.260000028412));
#10718 = VECTOR('',#10719,1.);
#10719 = DIRECTION('',(-1.,-8.742277657348E-08,9.466853158302E-31));
#10720 = ORIENTED_EDGE('',*,*,#10721,.T.);
#10721 = EDGE_CURVE('',#10714,#10722,#10724,.T.);
#10722 = VERTEX_POINT('',#10723);
#10723 = CARTESIAN_POINT('',(13.249997768006,11.850001625541,
    0.280000028412));
#10724 = LINE('',#10725,#10726);
#10725 = CARTESIAN_POINT('',(13.249997768006,11.850001566348,
    -1.074166378));
#10726 = VECTOR('',#10727,1.);
#10727 = DIRECTION('',(-3.82137275408E-15,4.371140912996E-08,1.));
#10728 = ORIENTED_EDGE('',*,*,#10729,.F.);
#10729 = EDGE_CURVE('',#10684,#10722,#10730,.T.);
#10730 = LINE('',#10731,#10732);
#10731 = CARTESIAN_POINT('',(12.949997768006,11.850001599314,
    0.280000028412));
#10732 = VECTOR('',#10733,1.);
#10733 = DIRECTION('',(1.,8.742277657348E-08,-9.466853158302E-31));
#10734 = ORIENTED_EDGE('',*,*,#10683,.F.);
#10735 = PLANE('',#10736);
#10736 = AXIS2_PLACEMENT_3D('',#10737,#10738,#10739);
#10737 = CARTESIAN_POINT('',(12.949997768006,11.850001540122,
    -1.074166378));
#10738 = DIRECTION('',(8.742277657348E-08,-1.,4.371140912996E-08));
#10739 = DIRECTION('',(1.,8.742277657348E-08,-9.466853158302E-31));
#10740 = ADVANCED_FACE('',(#10741),#10789,.T.);
#10741 = FACE_BOUND('',#10742,.T.);
#10742 = EDGE_LOOP('',(#10743,#10753,#10759,#10760,#10766,#10767,#10775,
    #10783));
#10743 = ORIENTED_EDGE('',*,*,#10744,.T.);
#10744 = EDGE_CURVE('',#10745,#10747,#10749,.T.);
#10745 = VERTEX_POINT('',#10746);
#10746 = CARTESIAN_POINT('',(13.249997730852,12.275001613302,
    9.835067054241E-09));
#10747 = VERTEX_POINT('',#10748);
#10748 = CARTESIAN_POINT('',(13.249997730852,12.275001625541,
    0.280000009835));
#10749 = LINE('',#10750,#10751);
#10750 = CARTESIAN_POINT('',(13.249997730852,12.275001566348,
    -1.074166396578));
#10751 = VECTOR('',#10752,1.);
#10752 = DIRECTION('',(-3.82137275408E-15,4.371140912996E-08,1.));
#10753 = ORIENTED_EDGE('',*,*,#10754,.F.);
#10754 = EDGE_CURVE('',#10722,#10747,#10755,.T.);
#10755 = LINE('',#10756,#10757);
#10756 = CARTESIAN_POINT('',(13.249997768006,11.850001625541,
    0.280000028412));
#10757 = VECTOR('',#10758,1.);
#10758 = DIRECTION('',(-8.742277657348E-08,1.,-4.371140912996E-08));
#10759 = ORIENTED_EDGE('',*,*,#10721,.F.);
#10760 = ORIENTED_EDGE('',*,*,#10761,.F.);
#10761 = EDGE_CURVE('',#10651,#10714,#10762,.T.);
#10762 = LINE('',#10763,#10764);
#10763 = CARTESIAN_POINT('',(13.249997768006,11.850001624667,
    0.260000028412));
#10764 = VECTOR('',#10765,1.);
#10765 = DIRECTION('',(8.742277657348E-08,-1.,4.371140912996E-08));
#10766 = ORIENTED_EDGE('',*,*,#10650,.T.);
#10767 = ORIENTED_EDGE('',*,*,#10768,.F.);
#10768 = EDGE_CURVE('',#10769,#10642,#10771,.T.);
#10769 = VERTEX_POINT('',#10770);
#10770 = CARTESIAN_POINT('',(13.249997739594,12.175001614176,
    2.000001420621E-02));
#10771 = LINE('',#10772,#10773);
#10772 = CARTESIAN_POINT('',(13.249997730852,12.275001614176,
    2.000000983507E-02));
#10773 = VECTOR('',#10774,1.);
#10774 = DIRECTION('',(-8.742277657348E-08,1.,-4.371140912996E-08));
#10775 = ORIENTED_EDGE('',*,*,#10776,.T.);
#10776 = EDGE_CURVE('',#10769,#10777,#10779,.T.);
#10777 = VERTEX_POINT('',#10778);
#10778 = CARTESIAN_POINT('',(13.249997739594,12.175001613302,
    1.420620796724E-08));
#10779 = LINE('',#10780,#10781);
#10780 = CARTESIAN_POINT('',(13.249997739594,12.175001666993,
    1.228304611566));
#10781 = VECTOR('',#10782,1.);
#10782 = DIRECTION('',(3.82137275408E-15,-4.371140912996E-08,-1.));
#10783 = ORIENTED_EDGE('',*,*,#10784,.F.);
#10784 = EDGE_CURVE('',#10745,#10777,#10785,.T.);
#10785 = LINE('',#10786,#10787);
#10786 = CARTESIAN_POINT('',(13.249997730852,12.275001613302,
    9.835067054241E-09));
#10787 = VECTOR('',#10788,1.);
#10788 = DIRECTION('',(8.742277657348E-08,-1.,4.371140912996E-08));
#10789 = PLANE('',#10790);
#10790 = AXIS2_PLACEMENT_3D('',#10791,#10792,#10793);
#10791 = CARTESIAN_POINT('',(13.249997768006,11.850001566348,
    -1.074166378));
#10792 = DIRECTION('',(1.,8.742277657348E-08,-9.466853158302E-31));
#10793 = DIRECTION('',(-8.742277657348E-08,1.,-4.371140912996E-08));
#10794 = ADVANCED_FACE('',(#10795),#10822,.F.);
#10795 = FACE_BOUND('',#10796,.F.);
#10796 = EDGE_LOOP('',(#10797,#10806,#10807,#10816));
#10797 = ORIENTED_EDGE('',*,*,#10798,.T.);
#10798 = EDGE_CURVE('',#10799,#10745,#10801,.T.);
#10799 = VERTEX_POINT('',#10800);
#10800 = CARTESIAN_POINT('',(13.249997691512,12.725001613302,
    -9.835067054241E-09));
#10801 = CIRCLE('',#10802,0.225);
#10802 = AXIS2_PLACEMENT_3D('',#10803,#10804,#10805);
#10803 = CARTESIAN_POINT('',(13.249997711182,12.500001613302,
    -9.466853158302E-31));
#10804 = DIRECTION('',(-3.82137275408E-15,4.371140912996E-08,1.));
#10805 = DIRECTION('',(8.742277657348E-08,-1.,4.371140912996E-08));
#10806 = ORIENTED_EDGE('',*,*,#10744,.T.);
#10807 = ORIENTED_EDGE('',*,*,#10808,.T.);
#10808 = EDGE_CURVE('',#10747,#10809,#10811,.T.);
#10809 = VERTEX_POINT('',#10810);
#10810 = CARTESIAN_POINT('',(13.249997691512,12.725001625541,
    0.279999990165));
#10811 = CIRCLE('',#10812,0.225);
#10812 = AXIS2_PLACEMENT_3D('',#10813,#10814,#10815);
#10813 = CARTESIAN_POINT('',(13.249997711182,12.500001625541,0.28));
#10814 = DIRECTION('',(3.82137275408E-15,-4.371140912996E-08,-1.));
#10815 = DIRECTION('',(-8.742277657348E-08,1.,-4.371140912996E-08));
#10816 = ORIENTED_EDGE('',*,*,#10817,.F.);
#10817 = EDGE_CURVE('',#10799,#10809,#10818,.T.);
#10818 = LINE('',#10819,#10820);
#10819 = CARTESIAN_POINT('',(13.249997691512,12.725001566348,
    -1.074166416248));
#10820 = VECTOR('',#10821,1.);
#10821 = DIRECTION('',(-3.82137275408E-15,4.371140912996E-08,1.));
#10822 = CYLINDRICAL_SURFACE('',#10823,0.225);
#10823 = AXIS2_PLACEMENT_3D('',#10824,#10825,#10826);
#10824 = CARTESIAN_POINT('',(13.249997711182,12.500001566348,
    -1.074166406413));
#10825 = DIRECTION('',(-3.82137275408E-15,4.371140912996E-08,1.));
#10826 = DIRECTION('',(-8.742277657348E-08,1.,-4.371140912996E-08));
#10827 = ADVANCED_FACE('',(#10828),#10876,.T.);
#10828 = FACE_BOUND('',#10829,.T.);
#10829 = EDGE_LOOP('',(#10830,#10838,#10839,#10847,#10855,#10861,#10862,
    #10870));
#10830 = ORIENTED_EDGE('',*,*,#10831,.F.);
#10831 = EDGE_CURVE('',#10634,#10832,#10834,.T.);
#10832 = VERTEX_POINT('',#10833);
#10833 = CARTESIAN_POINT('',(13.249997682769,12.825001614176,
    1.999998579379E-02));
#10834 = LINE('',#10835,#10836);
#10835 = CARTESIAN_POINT('',(13.249997691512,12.725001614176,
    1.999999016493E-02));
#10836 = VECTOR('',#10837,1.);
#10837 = DIRECTION('',(-8.742277440507E-08,1.,-4.371140912996E-08));
#10838 = ORIENTED_EDGE('',*,*,#10631,.F.);
#10839 = ORIENTED_EDGE('',*,*,#10840,.F.);
#10840 = EDGE_CURVE('',#10841,#10632,#10843,.T.);
#10841 = VERTEX_POINT('',#10842);
#10842 = CARTESIAN_POINT('',(13.249997654357,13.150001624667,
    0.259999971588));
#10843 = LINE('',#10844,#10845);
#10844 = CARTESIAN_POINT('',(13.249997691512,12.725001624667,
    0.259999990165));
#10845 = VECTOR('',#10846,1.);
#10846 = DIRECTION('',(8.742277657348E-08,-1.,4.371140912996E-08));
#10847 = ORIENTED_EDGE('',*,*,#10848,.T.);
#10848 = EDGE_CURVE('',#10841,#10849,#10851,.T.);
#10849 = VERTEX_POINT('',#10850);
#10850 = CARTESIAN_POINT('',(13.249997654357,13.150001625541,
    0.279999971588));
#10851 = LINE('',#10852,#10853);
#10852 = CARTESIAN_POINT('',(13.249997654357,13.150001566348,
    -1.074166434825));
#10853 = VECTOR('',#10854,1.);
#10854 = DIRECTION('',(-3.82137275408E-15,4.371140912996E-08,1.));
#10855 = ORIENTED_EDGE('',*,*,#10856,.F.);
#10856 = EDGE_CURVE('',#10809,#10849,#10857,.T.);
#10857 = LINE('',#10858,#10859);
#10858 = CARTESIAN_POINT('',(13.249997691512,12.725001625541,
    0.279999990165));
#10859 = VECTOR('',#10860,1.);
#10860 = DIRECTION('',(-8.742277657348E-08,1.,-4.371140912996E-08));
#10861 = ORIENTED_EDGE('',*,*,#10817,.F.);
#10862 = ORIENTED_EDGE('',*,*,#10863,.F.);
#10863 = EDGE_CURVE('',#10864,#10799,#10866,.T.);
#10864 = VERTEX_POINT('',#10865);
#10865 = CARTESIAN_POINT('',(13.249997682769,12.825001613302,
    -1.420620796724E-08));
#10866 = LINE('',#10867,#10868);
#10867 = CARTESIAN_POINT('',(13.249997691512,12.725001613302,
    -9.835067054241E-09));
#10868 = VECTOR('',#10869,1.);
#10869 = DIRECTION('',(8.742277657348E-08,-1.,4.371140912996E-08));
#10870 = ORIENTED_EDGE('',*,*,#10871,.F.);
#10871 = EDGE_CURVE('',#10832,#10864,#10872,.T.);
#10872 = LINE('',#10873,#10874);
#10873 = CARTESIAN_POINT('',(13.249997682769,12.825001666993,
    1.228304583153));
#10874 = VECTOR('',#10875,1.);
#10875 = DIRECTION('',(3.82137275408E-15,-4.371140912996E-08,-1.));
#10876 = PLANE('',#10877);
#10877 = AXIS2_PLACEMENT_3D('',#10878,#10879,#10880);
#10878 = CARTESIAN_POINT('',(13.249997691512,12.725001566348,
    -1.074166416248));
#10879 = DIRECTION('',(1.,8.742277657348E-08,-9.466853158302E-31));
#10880 = DIRECTION('',(-8.742277657348E-08,1.,-4.371140912996E-08));
#10881 = ADVANCED_FACE('',(#10882),#10898,.T.);
#10882 = FACE_BOUND('',#10883,.T.);
#10883 = EDGE_LOOP('',(#10884,#10890,#10891,#10897));
#10884 = ORIENTED_EDGE('',*,*,#10885,.F.);
#10885 = EDGE_CURVE('',#10676,#10841,#10886,.T.);
#10886 = LINE('',#10887,#10888);
#10887 = CARTESIAN_POINT('',(13.249997654357,13.150001624667,
    0.259999971588));
#10888 = VECTOR('',#10889,1.);
#10889 = DIRECTION('',(1.,8.742277657348E-08,-9.466853158302E-31));
#10890 = ORIENTED_EDGE('',*,*,#10699,.T.);
#10891 = ORIENTED_EDGE('',*,*,#10892,.F.);
#10892 = EDGE_CURVE('',#10849,#10692,#10893,.T.);
#10893 = LINE('',#10894,#10895);
#10894 = CARTESIAN_POINT('',(13.249997654357,13.150001625541,
    0.279999971588));
#10895 = VECTOR('',#10896,1.);
#10896 = DIRECTION('',(-1.,-8.742277657348E-08,9.466853158302E-31));
#10897 = ORIENTED_EDGE('',*,*,#10848,.F.);
#10898 = PLANE('',#10899);
#10899 = AXIS2_PLACEMENT_3D('',#10900,#10901,#10902);
#10900 = CARTESIAN_POINT('',(13.249997654357,13.150001566348,
    -1.074166434825));
#10901 = DIRECTION('',(-8.742277657348E-08,1.,-4.371140912996E-08));
#10902 = DIRECTION('',(-1.,-8.742277657348E-08,9.466853158302E-31));
#10903 = ADVANCED_FACE('',(#10904,#10914),#10922,.T.);
#10904 = FACE_BOUND('',#10905,.T.);
#10905 = EDGE_LOOP('',(#10906,#10913));
#10906 = ORIENTED_EDGE('',*,*,#10907,.F.);
#10907 = EDGE_CURVE('',#10592,#10600,#10908,.T.);
#10908 = CIRCLE('',#10909,4.E-02);
#10909 = AXIS2_PLACEMENT_3D('',#10910,#10911,#10912);
#10910 = CARTESIAN_POINT('',(13.149997663099,13.050001616799,
    0.279999975959));
#10911 = DIRECTION('',(-3.82137275408E-15,4.371140912996E-08,1.));
#10912 = DIRECTION('',(-8.742277657348E-08,1.,-4.371140912996E-08));
#10913 = ORIENTED_EDGE('',*,*,#10599,.F.);
#10914 = FACE_BOUND('',#10915,.T.);
#10915 = EDGE_LOOP('',(#10916,#10917,#10918,#10919,#10920,#10921));
#10916 = ORIENTED_EDGE('',*,*,#10892,.T.);
#10917 = ORIENTED_EDGE('',*,*,#10691,.T.);
#10918 = ORIENTED_EDGE('',*,*,#10729,.T.);
#10919 = ORIENTED_EDGE('',*,*,#10754,.T.);
#10920 = ORIENTED_EDGE('',*,*,#10808,.T.);
#10921 = ORIENTED_EDGE('',*,*,#10856,.T.);
#10922 = PLANE('',#10923);
#10923 = AXIS2_PLACEMENT_3D('',#10924,#10925,#10926);
#10924 = CARTESIAN_POINT('',(13.249997711182,12.500001625541,0.28));
#10925 = DIRECTION('',(-3.82137275408E-15,4.371140912996E-08,1.));
#10926 = DIRECTION('',(-8.742277657348E-08,1.,-4.371140912996E-08));
#10927 = ADVANCED_FACE('',(#10928),#10940,.F.);
#10928 = FACE_BOUND('',#10929,.F.);
#10929 = EDGE_LOOP('',(#10930,#10931,#10932,#10939));
#10930 = ORIENTED_EDGE('',*,*,#10907,.F.);
#10931 = ORIENTED_EDGE('',*,*,#10589,.F.);
#10932 = ORIENTED_EDGE('',*,*,#10933,.F.);
#10933 = EDGE_CURVE('',#10609,#10590,#10934,.T.);
#10934 = CIRCLE('',#10935,4.E-02);
#10935 = AXIS2_PLACEMENT_3D('',#10936,#10937,#10938);
#10936 = CARTESIAN_POINT('',(13.149997663099,13.050001615924,
    0.259999975959));
#10937 = DIRECTION('',(3.82137275408E-15,-4.371140912996E-08,-1.));
#10938 = DIRECTION('',(-8.742277657348E-08,1.,-4.371140912996E-08));
#10939 = ORIENTED_EDGE('',*,*,#10608,.T.);
#10940 = CYLINDRICAL_SURFACE('',#10941,4.E-02);
#10941 = AXIS2_PLACEMENT_3D('',#10942,#10943,#10944);
#10942 = CARTESIAN_POINT('',(13.149997663099,13.050001557606,
    -1.074166430454));
#10943 = DIRECTION('',(-3.82137275408E-15,4.371140912996E-08,1.));
#10944 = DIRECTION('',(-8.742277657348E-08,1.,-4.371140912996E-08));
#10945 = ADVANCED_FACE('',(#10946,#10954),#10958,.F.);
#10946 = FACE_BOUND('',#10947,.T.);
#10947 = EDGE_LOOP('',(#10948,#10949,#10950,#10951,#10952,#10953));
#10948 = ORIENTED_EDGE('',*,*,#10658,.F.);
#10949 = ORIENTED_EDGE('',*,*,#10761,.T.);
#10950 = ORIENTED_EDGE('',*,*,#10713,.T.);
#10951 = ORIENTED_EDGE('',*,*,#10673,.T.);
#10952 = ORIENTED_EDGE('',*,*,#10885,.T.);
#10953 = ORIENTED_EDGE('',*,*,#10840,.T.);
#10954 = FACE_BOUND('',#10955,.T.);
#10955 = EDGE_LOOP('',(#10956,#10957));
#10956 = ORIENTED_EDGE('',*,*,#10616,.F.);
#10957 = ORIENTED_EDGE('',*,*,#10933,.F.);
#10958 = PLANE('',#10959);
#10959 = AXIS2_PLACEMENT_3D('',#10960,#10961,#10962);
#10960 = CARTESIAN_POINT('',(13.249997711182,12.500001624667,0.26));
#10961 = DIRECTION('',(-3.82137275408E-15,4.371140912996E-08,1.));
#10962 = DIRECTION('',(-8.742277657348E-08,1.,-4.371140912996E-08));
#10963 = ADVANCED_FACE('',(#10964),#11025,.T.);
#10964 = FACE_BOUND('',#10965,.T.);
#10965 = EDGE_LOOP('',(#10966,#10967,#10968,#10977,#10985,#10993,#11001,
    #11009,#11017,#11024));
#10966 = ORIENTED_EDGE('',*,*,#10798,.T.);
#10967 = ORIENTED_EDGE('',*,*,#10784,.T.);
#10968 = ORIENTED_EDGE('',*,*,#10969,.T.);
#10969 = EDGE_CURVE('',#10777,#10970,#10972,.T.);
#10970 = VERTEX_POINT('',#10971);
#10971 = CARTESIAN_POINT('',(13.149997738216,12.190768682638,
    1.351700676656E-08));
#10972 = CIRCLE('',#10973,0.325);
#10973 = AXIS2_PLACEMENT_3D('',#10974,#10975,#10976);
#10974 = CARTESIAN_POINT('',(13.249997711182,12.500001613302,
    -9.466853158302E-31));
#10975 = DIRECTION('',(3.82137275408E-15,-4.371140912996E-08,-1.));
#10976 = DIRECTION('',(-8.742277657348E-08,1.,-4.371140912996E-08));
#10977 = ORIENTED_EDGE('',*,*,#10978,.T.);
#10978 = EDGE_CURVE('',#10970,#10979,#10981,.T.);
#10979 = VERTEX_POINT('',#10980);
#10980 = CARTESIAN_POINT('',(13.149997759264,11.950001604559,
    2.404127502148E-08));
#10981 = LINE('',#10982,#10983);
#10982 = CARTESIAN_POINT('',(13.149997759264,11.950001604559,
    2.404127502148E-08));
#10983 = VECTOR('',#10984,1.);
#10984 = DIRECTION('',(8.742277657348E-08,-1.,4.371140912996E-08));
#10985 = ORIENTED_EDGE('',*,*,#10986,.T.);
#10986 = EDGE_CURVE('',#10979,#10987,#10989,.T.);
#10987 = VERTEX_POINT('',#10988);
#10988 = CARTESIAN_POINT('',(12.749997759264,11.95000156959,
    2.404127502148E-08));
#10989 = LINE('',#10990,#10991);
#10990 = CARTESIAN_POINT('',(12.749997759264,11.95000156959,
    2.404127502148E-08));
#10991 = VECTOR('',#10992,1.);
#10992 = DIRECTION('',(-1.,-8.742277630242E-08,-1.184800023859E-23));
#10993 = ORIENTED_EDGE('',*,*,#10994,.T.);
#10994 = EDGE_CURVE('',#10987,#10995,#10997,.T.);
#10995 = VERTEX_POINT('',#10996);
#10996 = CARTESIAN_POINT('',(12.749997663099,13.05000156959,
    -2.404127502148E-08));
#10997 = LINE('',#10998,#10999);
#10998 = CARTESIAN_POINT('',(12.749997663099,13.05000156959,
    -2.404127502148E-08));
#10999 = VECTOR('',#11000,1.);
#11000 = DIRECTION('',(-8.74227767706E-08,1.,-4.371140912996E-08));
#11001 = ORIENTED_EDGE('',*,*,#11002,.T.);
#11002 = EDGE_CURVE('',#10995,#11003,#11005,.T.);
#11003 = VERTEX_POINT('',#11004);
#11004 = CARTESIAN_POINT('',(13.149997663099,13.050001604559,
    -2.404127502148E-08));
#11005 = LINE('',#11006,#11007);
#11006 = CARTESIAN_POINT('',(13.149997663099,13.050001604559,
    -2.404127502148E-08));
#11007 = VECTOR('',#11008,1.);
#11008 = DIRECTION('',(1.,8.742277657348E-08,-9.466853158302E-31));
#11009 = ORIENTED_EDGE('',*,*,#11010,.T.);
#11010 = EDGE_CURVE('',#11003,#11011,#11013,.T.);
#11011 = VERTEX_POINT('',#11012);
#11012 = CARTESIAN_POINT('',(13.149997684148,12.809234526481,
    -1.351700676656E-08));
#11013 = LINE('',#11014,#11015);
#11014 = CARTESIAN_POINT('',(13.149997684148,12.809234526481,
    -1.351700676656E-08));
#11015 = VECTOR('',#11016,1.);
#11016 = DIRECTION('',(8.742277702379E-08,-1.,4.371140912996E-08));
#11017 = ORIENTED_EDGE('',*,*,#11018,.T.);
#11018 = EDGE_CURVE('',#11011,#10864,#11019,.T.);
#11019 = CIRCLE('',#11020,0.325);
#11020 = AXIS2_PLACEMENT_3D('',#11021,#11022,#11023);
#11021 = CARTESIAN_POINT('',(13.249997711182,12.500001613302,
    -9.466853158302E-31));
#11022 = DIRECTION('',(3.82137275408E-15,-4.371140912996E-08,-1.));
#11023 = DIRECTION('',(-8.742277657348E-08,1.,-4.371140912996E-08));
#11024 = ORIENTED_EDGE('',*,*,#10863,.T.);
#11025 = PLANE('',#11026);
#11026 = AXIS2_PLACEMENT_3D('',#11027,#11028,#11029);
#11027 = CARTESIAN_POINT('',(13.249997711182,12.500001613302,
    -9.466853158302E-31));
#11028 = DIRECTION('',(3.82137275408E-15,-4.371140912996E-08,-1.));
#11029 = DIRECTION('',(8.742277657348E-08,-1.,4.371140912996E-08));
#11030 = ADVANCED_FACE('',(#11031),#11050,.T.);
#11031 = FACE_BOUND('',#11032,.T.);
#11032 = EDGE_LOOP('',(#11033,#11042,#11043,#11044));
#11033 = ORIENTED_EDGE('',*,*,#11034,.F.);
#11034 = EDGE_CURVE('',#10832,#11035,#11037,.T.);
#11035 = VERTEX_POINT('',#11036);
#11036 = CARTESIAN_POINT('',(13.149997684148,12.809234527355,
    1.999998648299E-02));
#11037 = CIRCLE('',#11038,0.325);
#11038 = AXIS2_PLACEMENT_3D('',#11039,#11040,#11041);
#11039 = CARTESIAN_POINT('',(13.249997711182,12.500001614176,2.E-02));
#11040 = DIRECTION('',(-3.82137275408E-15,4.371140912996E-08,1.));
#11041 = DIRECTION('',(8.742277123586E-08,-1.,4.371140912996E-08));
#11042 = ORIENTED_EDGE('',*,*,#10871,.T.);
#11043 = ORIENTED_EDGE('',*,*,#11018,.F.);
#11044 = ORIENTED_EDGE('',*,*,#11045,.F.);
#11045 = EDGE_CURVE('',#11035,#11011,#11046,.T.);
#11046 = LINE('',#11047,#11048);
#11047 = CARTESIAN_POINT('',(13.149997684148,12.809234580172,
    1.228304583842));
#11048 = VECTOR('',#11049,1.);
#11049 = DIRECTION('',(3.82137275408E-15,-4.371140912996E-08,-1.));
#11050 = CYLINDRICAL_SURFACE('',#11051,0.325);
#11051 = AXIS2_PLACEMENT_3D('',#11052,#11053,#11054);
#11052 = CARTESIAN_POINT('',(13.249997711182,12.500001666993,
    1.228304597359));
#11053 = DIRECTION('',(3.82137275408E-15,-4.371140912996E-08,-1.));
#11054 = DIRECTION('',(8.742277657348E-08,-1.,4.371140912996E-08));
#11055 = ADVANCED_FACE('',(#11056),#11074,.T.);
#11056 = FACE_BOUND('',#11057,.T.);
#11057 = EDGE_LOOP('',(#11058,#11066,#11067,#11068));
#11058 = ORIENTED_EDGE('',*,*,#11059,.F.);
#11059 = EDGE_CURVE('',#11035,#11060,#11062,.T.);
#11060 = VERTEX_POINT('',#11061);
#11061 = CARTESIAN_POINT('',(13.149997663099,13.050001605434,
    1.999997595873E-02));
#11062 = LINE('',#11063,#11064);
#11063 = CARTESIAN_POINT('',(13.149997684148,12.809234527355,
    1.999998648299E-02));
#11064 = VECTOR('',#11065,1.);
#11065 = DIRECTION('',(-8.742277702379E-08,1.,-4.371140912996E-08));
#11066 = ORIENTED_EDGE('',*,*,#11045,.T.);
#11067 = ORIENTED_EDGE('',*,*,#11010,.F.);
#11068 = ORIENTED_EDGE('',*,*,#11069,.F.);
#11069 = EDGE_CURVE('',#11060,#11003,#11070,.T.);
#11070 = LINE('',#11071,#11072);
#11071 = CARTESIAN_POINT('',(13.149997663099,13.05000165825,
    1.228304573318));
#11072 = VECTOR('',#11073,1.);
#11073 = DIRECTION('',(3.82137275408E-15,-4.371140912996E-08,-1.));
#11074 = PLANE('',#11075);
#11075 = AXIS2_PLACEMENT_3D('',#11076,#11077,#11078);
#11076 = CARTESIAN_POINT('',(13.149997684148,12.809234580172,
    1.228304583842));
#11077 = DIRECTION('',(1.,8.742277702379E-08,-1.968375718084E-23));
#11078 = DIRECTION('',(-8.742277702379E-08,1.,-4.371140912996E-08));
#11079 = ADVANCED_FACE('',(#11080),#11098,.T.);
#11080 = FACE_BOUND('',#11081,.T.);
#11081 = EDGE_LOOP('',(#11082,#11090,#11091,#11092));
#11082 = ORIENTED_EDGE('',*,*,#11083,.F.);
#11083 = EDGE_CURVE('',#11060,#11084,#11086,.T.);
#11084 = VERTEX_POINT('',#11085);
#11085 = CARTESIAN_POINT('',(12.749997663099,13.050001570465,
    1.999997595873E-02));
#11086 = LINE('',#11087,#11088);
#11087 = CARTESIAN_POINT('',(13.149997663099,13.050001605434,
    1.999997595873E-02));
#11088 = VECTOR('',#11089,1.);
#11089 = DIRECTION('',(-1.,-8.742277657348E-08,9.466853158302E-31));
#11090 = ORIENTED_EDGE('',*,*,#11069,.T.);
#11091 = ORIENTED_EDGE('',*,*,#11002,.F.);
#11092 = ORIENTED_EDGE('',*,*,#11093,.F.);
#11093 = EDGE_CURVE('',#11084,#10995,#11094,.T.);
#11094 = LINE('',#11095,#11096);
#11095 = CARTESIAN_POINT('',(12.749997663099,13.050001623281,
    1.228304573318));
#11096 = VECTOR('',#11097,1.);
#11097 = DIRECTION('',(3.82137275408E-15,-4.371140912996E-08,-1.));
#11098 = PLANE('',#11099);
#11099 = AXIS2_PLACEMENT_3D('',#11100,#11101,#11102);
#11100 = CARTESIAN_POINT('',(13.149997663099,13.05000165825,
    1.228304573318));
#11101 = DIRECTION('',(-8.742277657348E-08,1.,-4.371140912996E-08));
#11102 = DIRECTION('',(-1.,-8.742277657348E-08,9.466853158302E-31));
#11103 = ADVANCED_FACE('',(#11104),#11122,.T.);
#11104 = FACE_BOUND('',#11105,.T.);
#11105 = EDGE_LOOP('',(#11106,#11114,#11115,#11116));
#11106 = ORIENTED_EDGE('',*,*,#11107,.F.);
#11107 = EDGE_CURVE('',#11084,#11108,#11110,.T.);
#11108 = VERTEX_POINT('',#11109);
#11109 = CARTESIAN_POINT('',(12.749997759264,11.950001570465,
    2.000002404128E-02));
#11110 = LINE('',#11111,#11112);
#11111 = CARTESIAN_POINT('',(12.749997663099,13.050001570465,
    1.999997595873E-02));
#11112 = VECTOR('',#11113,1.);
#11113 = DIRECTION('',(8.74227767706E-08,-1.,4.371140912996E-08));
#11114 = ORIENTED_EDGE('',*,*,#11093,.T.);
#11115 = ORIENTED_EDGE('',*,*,#10994,.F.);
#11116 = ORIENTED_EDGE('',*,*,#11117,.F.);
#11117 = EDGE_CURVE('',#11108,#10987,#11118,.T.);
#11118 = LINE('',#11119,#11120);
#11119 = CARTESIAN_POINT('',(12.749997759264,11.950001623281,
    1.228304621401));
#11120 = VECTOR('',#11121,1.);
#11121 = DIRECTION('',(3.82137275408E-15,-4.371140912996E-08,-1.));
#11122 = PLANE('',#11123);
#11123 = AXIS2_PLACEMENT_3D('',#11124,#11125,#11126);
#11124 = CARTESIAN_POINT('',(12.749997663099,13.050001623281,
    1.228304573318));
#11125 = DIRECTION('',(-1.,-8.74227767706E-08,8.616729081432E-24));
#11126 = DIRECTION('',(8.74227767706E-08,-1.,4.371140912996E-08));
#11127 = ADVANCED_FACE('',(#11128),#11146,.T.);
#11128 = FACE_BOUND('',#11129,.T.);
#11129 = EDGE_LOOP('',(#11130,#11138,#11139,#11140));
#11130 = ORIENTED_EDGE('',*,*,#11131,.F.);
#11131 = EDGE_CURVE('',#11108,#11132,#11134,.T.);
#11132 = VERTEX_POINT('',#11133);
#11133 = CARTESIAN_POINT('',(13.149997759264,11.950001605434,
    2.000002404128E-02));
#11134 = LINE('',#11135,#11136);
#11135 = CARTESIAN_POINT('',(12.749997759264,11.950001570465,
    2.000002404128E-02));
#11136 = VECTOR('',#11137,1.);
#11137 = DIRECTION('',(1.,8.742277630242E-08,1.184800023859E-23));
#11138 = ORIENTED_EDGE('',*,*,#11117,.T.);
#11139 = ORIENTED_EDGE('',*,*,#10986,.F.);
#11140 = ORIENTED_EDGE('',*,*,#11141,.F.);
#11141 = EDGE_CURVE('',#11132,#10979,#11142,.T.);
#11142 = LINE('',#11143,#11144);
#11143 = CARTESIAN_POINT('',(13.149997759264,11.95000165825,
    1.228304621401));
#11144 = VECTOR('',#11145,1.);
#11145 = DIRECTION('',(3.82137275408E-15,-4.371140912996E-08,-1.));
#11146 = PLANE('',#11147);
#11147 = AXIS2_PLACEMENT_3D('',#11148,#11149,#11150);
#11148 = CARTESIAN_POINT('',(12.749997759264,11.950001623281,
    1.228304621401));
#11149 = DIRECTION('',(8.742277630242E-08,-1.,4.371140912996E-08));
#11150 = DIRECTION('',(1.,8.742277630242E-08,1.184800023859E-23));
#11151 = ADVANCED_FACE('',(#11152),#11170,.T.);
#11152 = FACE_BOUND('',#11153,.T.);
#11153 = EDGE_LOOP('',(#11154,#11162,#11163,#11164));
#11154 = ORIENTED_EDGE('',*,*,#11155,.F.);
#11155 = EDGE_CURVE('',#11132,#11156,#11158,.T.);
#11156 = VERTEX_POINT('',#11157);
#11157 = CARTESIAN_POINT('',(13.149997738216,12.190768683512,
    2.000001351701E-02));
#11158 = LINE('',#11159,#11160);
#11159 = CARTESIAN_POINT('',(13.149997759264,11.950001605434,
    2.000002404128E-02));
#11160 = VECTOR('',#11161,1.);
#11161 = DIRECTION('',(-8.742277657348E-08,1.,-4.371140912996E-08));
#11162 = ORIENTED_EDGE('',*,*,#11141,.T.);
#11163 = ORIENTED_EDGE('',*,*,#10978,.F.);
#11164 = ORIENTED_EDGE('',*,*,#11165,.F.);
#11165 = EDGE_CURVE('',#11156,#10970,#11166,.T.);
#11166 = LINE('',#11167,#11168);
#11167 = CARTESIAN_POINT('',(13.149997738216,12.190768736329,
    1.228304610876));
#11168 = VECTOR('',#11169,1.);
#11169 = DIRECTION('',(3.82137275408E-15,-4.371140912996E-08,-1.));
#11170 = PLANE('',#11171);
#11171 = AXIS2_PLACEMENT_3D('',#11172,#11173,#11174);
#11172 = CARTESIAN_POINT('',(13.149997759264,11.95000165825,
    1.228304621401));
#11173 = DIRECTION('',(1.,8.742277657348E-08,-9.466853158302E-31));
#11174 = DIRECTION('',(-8.742277657348E-08,1.,-4.371140912996E-08));
#11175 = ADVANCED_FACE('',(#11176),#11188,.T.);
#11176 = FACE_BOUND('',#11177,.T.);
#11177 = EDGE_LOOP('',(#11178,#11185,#11186,#11187));
#11178 = ORIENTED_EDGE('',*,*,#11179,.F.);
#11179 = EDGE_CURVE('',#11156,#10769,#11180,.T.);
#11180 = CIRCLE('',#11181,0.325);
#11181 = AXIS2_PLACEMENT_3D('',#11182,#11183,#11184);
#11182 = CARTESIAN_POINT('',(13.249997711182,12.500001614176,2.E-02));
#11183 = DIRECTION('',(-3.82137275408E-15,4.371140912996E-08,1.));
#11184 = DIRECTION('',(8.742274454781E-08,-1.,4.371140912996E-08));
#11185 = ORIENTED_EDGE('',*,*,#11165,.T.);
#11186 = ORIENTED_EDGE('',*,*,#10969,.F.);
#11187 = ORIENTED_EDGE('',*,*,#10776,.F.);
#11188 = CYLINDRICAL_SURFACE('',#11189,0.325);
#11189 = AXIS2_PLACEMENT_3D('',#11190,#11191,#11192);
#11190 = CARTESIAN_POINT('',(13.249997711182,12.500001666993,
    1.228304597359));
#11191 = DIRECTION('',(3.82137275408E-15,-4.371140912996E-08,-1.));
#11192 = DIRECTION('',(8.742277657348E-08,-1.,4.371140912996E-08));
#11193 = ADVANCED_FACE('',(#11194),#11206,.F.);
#11194 = FACE_BOUND('',#11195,.T.);
#11195 = EDGE_LOOP('',(#11196,#11197,#11198,#11199,#11200,#11201,#11202,
    #11203,#11204,#11205));
#11196 = ORIENTED_EDGE('',*,*,#10641,.F.);
#11197 = ORIENTED_EDGE('',*,*,#10831,.T.);
#11198 = ORIENTED_EDGE('',*,*,#11034,.T.);
#11199 = ORIENTED_EDGE('',*,*,#11059,.T.);
#11200 = ORIENTED_EDGE('',*,*,#11083,.T.);
#11201 = ORIENTED_EDGE('',*,*,#11107,.T.);
#11202 = ORIENTED_EDGE('',*,*,#11131,.T.);
#11203 = ORIENTED_EDGE('',*,*,#11155,.T.);
#11204 = ORIENTED_EDGE('',*,*,#11179,.T.);
#11205 = ORIENTED_EDGE('',*,*,#10768,.T.);
#11206 = PLANE('',#11207);
#11207 = AXIS2_PLACEMENT_3D('',#11208,#11209,#11210);
#11208 = CARTESIAN_POINT('',(11.249997711182,12.50000143933,2.E-02));
#11209 = DIRECTION('',(3.82137275408E-15,-4.371140912996E-08,-1.));
#11210 = DIRECTION('',(8.742277657348E-08,-1.,4.371140912996E-08));
#11211 = MANIFOLD_SOLID_BREP('',#11212);
#11212 = CLOSED_SHELL('',(#11213,#11255,#11297,#11353,#11409,#11456,
    #11505,#11559,#11614,#11684,#11876,#11898,#11915,#11933,#11957,
    #11981,#11999,#12014,#12031,#12061,#12079,#12089,#12107,#12174,
    #12196,#12213,#12230,#12247,#12259,#12276,#12288,#12355,#12372,
    #12389,#12406,#12423,#12440,#12457,#12469,#12500,#12524,#12548,
    #12572,#12596,#12620,#12644,#12661));
#11213 = ADVANCED_FACE('',(#11214),#11250,.T.);
#11214 = FACE_BOUND('',#11215,.T.);
#11215 = EDGE_LOOP('',(#11216,#11227,#11235,#11244));
#11216 = ORIENTED_EDGE('',*,*,#11217,.T.);
#11217 = EDGE_CURVE('',#11218,#11220,#11222,.T.);
#11218 = VERTEX_POINT('',#11219);
#11219 = CARTESIAN_POINT('',(13.149997659602,13.090001615924,
    0.25999997421));
#11220 = VERTEX_POINT('',#11221);
#11221 = CARTESIAN_POINT('',(13.149997666596,13.010001615924,
    0.259999977707));
#11222 = CIRCLE('',#11223,4.E-02);
#11223 = AXIS2_PLACEMENT_3D('',#11224,#11225,#11226);
#11224 = CARTESIAN_POINT('',(13.149997663099,13.050001615924,
    0.259999975959));
#11225 = DIRECTION('',(-3.82137275408E-15,4.371140912996E-08,1.));
#11226 = DIRECTION('',(-8.742277657348E-08,1.,-4.371140912996E-08));
#11227 = ORIENTED_EDGE('',*,*,#11228,.T.);
#11228 = EDGE_CURVE('',#11220,#11229,#11231,.T.);
#11229 = VERTEX_POINT('',#11230);
#11230 = CARTESIAN_POINT('',(13.149997666596,13.010001616799,
    0.279999977707));
#11231 = LINE('',#11232,#11233);
#11232 = CARTESIAN_POINT('',(13.149997666596,13.010001615924,
    0.259999977707));
#11233 = VECTOR('',#11234,1.);
#11234 = DIRECTION('',(-3.82137275408E-15,4.371140912996E-08,1.));
#11235 = ORIENTED_EDGE('',*,*,#11236,.F.);
#11236 = EDGE_CURVE('',#11237,#11229,#11239,.T.);
#11237 = VERTEX_POINT('',#11238);
#11238 = CARTESIAN_POINT('',(13.149997659602,13.090001616799,
    0.27999997421));
#11239 = CIRCLE('',#11240,4.E-02);
#11240 = AXIS2_PLACEMENT_3D('',#11241,#11242,#11243);
#11241 = CARTESIAN_POINT('',(13.149997663099,13.050001616799,
    0.279999975959));
#11242 = DIRECTION('',(-3.82137275408E-15,4.371140912996E-08,1.));
#11243 = DIRECTION('',(-8.742277657348E-08,1.,-4.371140912996E-08));
#11244 = ORIENTED_EDGE('',*,*,#11245,.F.);
#11245 = EDGE_CURVE('',#11218,#11237,#11246,.T.);
#11246 = LINE('',#11247,#11248);
#11247 = CARTESIAN_POINT('',(13.149997659602,13.090001615924,
    0.25999997421));
#11248 = VECTOR('',#11249,1.);
#11249 = DIRECTION('',(-3.82137275408E-15,4.371140912996E-08,1.));
#11250 = CYLINDRICAL_SURFACE('',#11251,4.E-02);
#11251 = AXIS2_PLACEMENT_3D('',#11252,#11253,#11254);
#11252 = CARTESIAN_POINT('',(13.149997663099,13.050001615924,
    0.259999975959));
#11253 = DIRECTION('',(-3.82137275408E-15,4.371140912996E-08,1.));
#11254 = DIRECTION('',(-8.742277657348E-08,1.,-4.371140912996E-08));
#11255 = ADVANCED_FACE('',(#11256),#11292,.F.);
#11256 = FACE_BOUND('',#11257,.F.);
#11257 = EDGE_LOOP('',(#11258,#11268,#11277,#11285));
#11258 = ORIENTED_EDGE('',*,*,#11259,.F.);
#11259 = EDGE_CURVE('',#11260,#11262,#11264,.T.);
#11260 = VERTEX_POINT('',#11261);
#11261 = CARTESIAN_POINT('',(11.249997689763,12.745001449821,
    0.259999989291));
#11262 = VERTEX_POINT('',#11263);
#11263 = CARTESIAN_POINT('',(11.249997689763,12.74500143933,
    1.99999892907E-02));
#11264 = LINE('',#11265,#11266);
#11265 = CARTESIAN_POINT('',(11.249997689763,12.745001473425,
    0.799999989291));
#11266 = VECTOR('',#11267,1.);
#11267 = DIRECTION('',(3.82137275408E-15,-4.371140912996E-08,-1.));
#11268 = ORIENTED_EDGE('',*,*,#11269,.F.);
#11269 = EDGE_CURVE('',#11270,#11260,#11272,.T.);
#11270 = VERTEX_POINT('',#11271);
#11271 = CARTESIAN_POINT('',(11.2499977326,12.255001449821,
    0.260000010709));
#11272 = CIRCLE('',#11273,0.245);
#11273 = AXIS2_PLACEMENT_3D('',#11274,#11275,#11276);
#11274 = CARTESIAN_POINT('',(11.249997711182,12.500001449821,0.26));
#11275 = DIRECTION('',(-3.82137275408E-15,4.371140912996E-08,1.));
#11276 = DIRECTION('',(-8.742277657348E-08,1.,-4.371140912996E-08));
#11277 = ORIENTED_EDGE('',*,*,#11278,.T.);
#11278 = EDGE_CURVE('',#11270,#11279,#11281,.T.);
#11279 = VERTEX_POINT('',#11280);
#11280 = CARTESIAN_POINT('',(11.2499977326,12.25500143933,
    2.00000107093E-02));
#11281 = LINE('',#11282,#11283);
#11282 = CARTESIAN_POINT('',(11.2499977326,12.255001473425,
    0.800000010709));
#11283 = VECTOR('',#11284,1.);
#11284 = DIRECTION('',(3.82137275408E-15,-4.371140912996E-08,-1.));
#11285 = ORIENTED_EDGE('',*,*,#11286,.T.);
#11286 = EDGE_CURVE('',#11279,#11262,#11287,.T.);
#11287 = CIRCLE('',#11288,0.245);
#11288 = AXIS2_PLACEMENT_3D('',#11289,#11290,#11291);
#11289 = CARTESIAN_POINT('',(11.249997711182,12.50000143933,2.E-02));
#11290 = DIRECTION('',(-3.82137275408E-15,4.371140912996E-08,1.));
#11291 = DIRECTION('',(8.742277657348E-08,-1.,4.371140912996E-08));
#11292 = CYLINDRICAL_SURFACE('',#11293,0.245);
#11293 = AXIS2_PLACEMENT_3D('',#11294,#11295,#11296);
#11294 = CARTESIAN_POINT('',(11.249997711182,12.500001473425,0.8));
#11295 = DIRECTION('',(3.82137275408E-15,-4.371140912996E-08,-1.));
#11296 = DIRECTION('',(8.742277657348E-08,-1.,4.371140912996E-08));
#11297 = ADVANCED_FACE('',(#11298),#11348,.F.);
#11298 = FACE_BOUND('',#11299,.T.);
#11299 = EDGE_LOOP('',(#11300,#11310,#11318,#11326,#11334,#11342));
#11300 = ORIENTED_EDGE('',*,*,#11301,.T.);
#11301 = EDGE_CURVE('',#11302,#11304,#11306,.T.);
#11302 = VERTEX_POINT('',#11303);
#11303 = CARTESIAN_POINT('',(13.249997768006,11.850001613302,
    2.841241593448E-08));
#11304 = VERTEX_POINT('',#11305);
#11305 = CARTESIAN_POINT('',(13.249997739594,12.175001613302,
    1.420620796724E-08));
#11306 = LINE('',#11307,#11308);
#11307 = CARTESIAN_POINT('',(13.249997768006,11.850001613302,
    2.841241593448E-08));
#11308 = VECTOR('',#11309,1.);
#11309 = DIRECTION('',(-8.742277657348E-08,1.,-4.371140912996E-08));
#11310 = ORIENTED_EDGE('',*,*,#11311,.F.);
#11311 = EDGE_CURVE('',#11312,#11304,#11314,.T.);
#11312 = VERTEX_POINT('',#11313);
#11313 = CARTESIAN_POINT('',(13.249997739594,12.175001614176,
    2.000001420621E-02));
#11314 = LINE('',#11315,#11316);
#11315 = CARTESIAN_POINT('',(13.249997739594,12.175001614176,
    2.000001420621E-02));
#11316 = VECTOR('',#11317,1.);
#11317 = DIRECTION('',(3.82137275408E-15,-4.371140912996E-08,-1.));
#11318 = ORIENTED_EDGE('',*,*,#11319,.F.);
#11319 = EDGE_CURVE('',#11320,#11312,#11322,.T.);
#11320 = VERTEX_POINT('',#11321);
#11321 = CARTESIAN_POINT('',(13.2499977326,12.255001614176,
    2.00000107093E-02));
#11322 = LINE('',#11323,#11324);
#11323 = CARTESIAN_POINT('',(13.249997730852,12.275001614176,
    2.000000983507E-02));
#11324 = VECTOR('',#11325,1.);
#11325 = DIRECTION('',(8.742277657348E-08,-1.,4.371140912996E-08));
#11326 = ORIENTED_EDGE('',*,*,#11327,.F.);
#11327 = EDGE_CURVE('',#11328,#11320,#11330,.T.);
#11328 = VERTEX_POINT('',#11329);
#11329 = CARTESIAN_POINT('',(13.2499977326,12.255001624667,
    0.260000010709));
#11330 = LINE('',#11331,#11332);
#11331 = CARTESIAN_POINT('',(13.2499977326,12.255001648271,
    0.800000010709));
#11332 = VECTOR('',#11333,1.);
#11333 = DIRECTION('',(3.82137275408E-15,-4.371140912996E-08,-1.));
#11334 = ORIENTED_EDGE('',*,*,#11335,.F.);
#11335 = EDGE_CURVE('',#11336,#11328,#11338,.T.);
#11336 = VERTEX_POINT('',#11337);
#11337 = CARTESIAN_POINT('',(13.249997768006,11.850001624667,
    0.260000028412));
#11338 = LINE('',#11339,#11340);
#11339 = CARTESIAN_POINT('',(13.249997768006,11.850001624667,
    0.260000028412));
#11340 = VECTOR('',#11341,1.);
#11341 = DIRECTION('',(-8.742277657348E-08,1.,-4.371140912996E-08));
#11342 = ORIENTED_EDGE('',*,*,#11343,.T.);
#11343 = EDGE_CURVE('',#11336,#11302,#11344,.T.);
#11344 = LINE('',#11345,#11346);
#11345 = CARTESIAN_POINT('',(13.249997768006,11.850001625541,
    0.280000028412));
#11346 = VECTOR('',#11347,1.);
#11347 = DIRECTION('',(3.82137275408E-15,-4.371140912996E-08,-1.));
#11348 = PLANE('',#11349);
#11349 = AXIS2_PLACEMENT_3D('',#11350,#11351,#11352);
#11350 = CARTESIAN_POINT('',(13.249997768006,11.850001625541,
    0.280000028412));
#11351 = DIRECTION('',(-1.,-8.742277657348E-08,9.466853158302E-31));
#11352 = DIRECTION('',(8.742277657348E-08,-1.,4.371140912996E-08));
#11353 = ADVANCED_FACE('',(#11354),#11404,.F.);
#11354 = FACE_BOUND('',#11355,.T.);
#11355 = EDGE_LOOP('',(#11356,#11366,#11374,#11382,#11390,#11398));
#11356 = ORIENTED_EDGE('',*,*,#11357,.F.);
#11357 = EDGE_CURVE('',#11358,#11360,#11362,.T.);
#11358 = VERTEX_POINT('',#11359);
#11359 = CARTESIAN_POINT('',(13.249997682769,12.825001614176,
    1.999998579379E-02));
#11360 = VERTEX_POINT('',#11361);
#11361 = CARTESIAN_POINT('',(13.249997689763,12.745001614176,
    1.999998929071E-02));
#11362 = LINE('',#11363,#11364);
#11363 = CARTESIAN_POINT('',(13.249997691512,12.725001614176,
    1.999999016493E-02));
#11364 = VECTOR('',#11365,1.);
#11365 = DIRECTION('',(8.742277440507E-08,-1.,4.371140912996E-08));
#11366 = ORIENTED_EDGE('',*,*,#11367,.T.);
#11367 = EDGE_CURVE('',#11358,#11368,#11370,.T.);
#11368 = VERTEX_POINT('',#11369);
#11369 = CARTESIAN_POINT('',(13.249997682769,12.825001613302,
    -1.420620796724E-08));
#11370 = LINE('',#11371,#11372);
#11371 = CARTESIAN_POINT('',(13.249997682769,12.825001614176,
    1.999998579379E-02));
#11372 = VECTOR('',#11373,1.);
#11373 = DIRECTION('',(3.82137275408E-15,-4.371140912996E-08,-1.));
#11374 = ORIENTED_EDGE('',*,*,#11375,.T.);
#11375 = EDGE_CURVE('',#11368,#11376,#11378,.T.);
#11376 = VERTEX_POINT('',#11377);
#11377 = CARTESIAN_POINT('',(13.249997654357,13.150001613302,
    -2.841241593448E-08));
#11378 = LINE('',#11379,#11380);
#11379 = CARTESIAN_POINT('',(13.249997691512,12.725001613302,
    -9.835067054241E-09));
#11380 = VECTOR('',#11381,1.);
#11381 = DIRECTION('',(-8.742277657348E-08,1.,-4.371140912996E-08));
#11382 = ORIENTED_EDGE('',*,*,#11383,.F.);
#11383 = EDGE_CURVE('',#11384,#11376,#11386,.T.);
#11384 = VERTEX_POINT('',#11385);
#11385 = CARTESIAN_POINT('',(13.249997654357,13.150001624667,
    0.259999971588));
#11386 = LINE('',#11387,#11388);
#11387 = CARTESIAN_POINT('',(13.249997654357,13.150001625541,
    0.279999971588));
#11388 = VECTOR('',#11389,1.);
#11389 = DIRECTION('',(3.82137275408E-15,-4.371140912996E-08,-1.));
#11390 = ORIENTED_EDGE('',*,*,#11391,.F.);
#11391 = EDGE_CURVE('',#11392,#11384,#11394,.T.);
#11392 = VERTEX_POINT('',#11393);
#11393 = CARTESIAN_POINT('',(13.249997689763,12.745001624667,
    0.259999989291));
#11394 = LINE('',#11395,#11396);
#11395 = CARTESIAN_POINT('',(13.249997691512,12.725001624667,
    0.259999990165));
#11396 = VECTOR('',#11397,1.);
#11397 = DIRECTION('',(-8.742277657348E-08,1.,-4.371140912996E-08));
#11398 = ORIENTED_EDGE('',*,*,#11399,.T.);
#11399 = EDGE_CURVE('',#11392,#11360,#11400,.T.);
#11400 = LINE('',#11401,#11402);
#11401 = CARTESIAN_POINT('',(13.249997689763,12.745001648271,
    0.799999989291));
#11402 = VECTOR('',#11403,1.);
#11403 = DIRECTION('',(3.82137275408E-15,-4.371140912996E-08,-1.));
#11404 = PLANE('',#11405);
#11405 = AXIS2_PLACEMENT_3D('',#11406,#11407,#11408);
#11406 = CARTESIAN_POINT('',(13.249997691512,12.725001625541,
    0.279999990165));
#11407 = DIRECTION('',(-1.,-8.742277657348E-08,9.466853158302E-31));
#11408 = DIRECTION('',(8.742277657348E-08,-1.,4.371140912996E-08));
#11409 = ADVANCED_FACE('',(#11410),#11451,.F.);
#11410 = FACE_BOUND('',#11411,.T.);
#11411 = EDGE_LOOP('',(#11412,#11422,#11430,#11436,#11437,#11445));
#11412 = ORIENTED_EDGE('',*,*,#11413,.T.);
#11413 = EDGE_CURVE('',#11414,#11416,#11418,.T.);
#11414 = VERTEX_POINT('',#11415);
#11415 = CARTESIAN_POINT('',(11.249997654357,13.150001438456,
    -2.841241593448E-08));
#11416 = VERTEX_POINT('',#11417);
#11417 = CARTESIAN_POINT('',(11.249997682769,12.825001438456,
    -1.420620796724E-08));
#11418 = LINE('',#11419,#11420);
#11419 = CARTESIAN_POINT('',(11.249997691512,12.725001438456,
    -9.835067054241E-09));
#11420 = VECTOR('',#11421,1.);
#11421 = DIRECTION('',(8.742277555305E-08,-1.,4.371140912996E-08));
#11422 = ORIENTED_EDGE('',*,*,#11423,.F.);
#11423 = EDGE_CURVE('',#11424,#11416,#11426,.T.);
#11424 = VERTEX_POINT('',#11425);
#11425 = CARTESIAN_POINT('',(11.249997682769,12.82500143933,
    1.999998579379E-02));
#11426 = LINE('',#11427,#11428);
#11427 = CARTESIAN_POINT('',(11.249997682769,12.82500143933,
    1.999998579379E-02));
#11428 = VECTOR('',#11429,1.);
#11429 = DIRECTION('',(3.82137275408E-15,-4.371140912996E-08,-1.));
#11430 = ORIENTED_EDGE('',*,*,#11431,.F.);
#11431 = EDGE_CURVE('',#11262,#11424,#11432,.T.);
#11432 = LINE('',#11433,#11434);
#11433 = CARTESIAN_POINT('',(11.249997691512,12.72500143933,
    1.999999016493E-02));
#11434 = VECTOR('',#11435,1.);
#11435 = DIRECTION('',(-8.742277874188E-08,1.,-4.371140912996E-08));
#11436 = ORIENTED_EDGE('',*,*,#11259,.F.);
#11437 = ORIENTED_EDGE('',*,*,#11438,.F.);
#11438 = EDGE_CURVE('',#11439,#11260,#11441,.T.);
#11439 = VERTEX_POINT('',#11440);
#11440 = CARTESIAN_POINT('',(11.249997654357,13.150001449821,
    0.259999971588));
#11441 = LINE('',#11442,#11443);
#11442 = CARTESIAN_POINT('',(11.249997654357,13.150001449821,
    0.259999971588));
#11443 = VECTOR('',#11444,1.);
#11444 = DIRECTION('',(8.742277555305E-08,-1.,4.371140912996E-08));
#11445 = ORIENTED_EDGE('',*,*,#11446,.T.);
#11446 = EDGE_CURVE('',#11439,#11414,#11447,.T.);
#11447 = LINE('',#11448,#11449);
#11448 = CARTESIAN_POINT('',(11.249997654357,13.150001450695,
    0.279999971588));
#11449 = VECTOR('',#11450,1.);
#11450 = DIRECTION('',(3.82137275408E-15,-4.371140912996E-08,-1.));
#11451 = PLANE('',#11452);
#11452 = AXIS2_PLACEMENT_3D('',#11453,#11454,#11455);
#11453 = CARTESIAN_POINT('',(11.249997691512,12.725001450695,
    0.279999990165));
#11454 = DIRECTION('',(1.,8.742277555305E-08,4.460423880965E-23));
#11455 = DIRECTION('',(-8.742277555305E-08,1.,-4.371140912996E-08));
#11456 = ADVANCED_FACE('',(#11457),#11500,.T.);
#11457 = FACE_BOUND('',#11458,.T.);
#11458 = EDGE_LOOP('',(#11459,#11469,#11478,#11486,#11494));
#11459 = ORIENTED_EDGE('',*,*,#11460,.F.);
#11460 = EDGE_CURVE('',#11461,#11463,#11465,.T.);
#11461 = VERTEX_POINT('',#11462);
#11462 = CARTESIAN_POINT('',(11.474997737408,12.200001470365,
    0.280000013113));
#11463 = VERTEX_POINT('',#11464);
#11464 = CARTESIAN_POINT('',(11.549997737408,12.200001476922,
    0.280000013113));
#11465 = LINE('',#11466,#11467);
#11466 = CARTESIAN_POINT('',(11.549997737408,12.200001476922,
    0.280000013113));
#11467 = VECTOR('',#11468,1.);
#11468 = DIRECTION('',(1.,8.742277657348E-08,-9.466853158302E-31));
#11469 = ORIENTED_EDGE('',*,*,#11470,.F.);
#11470 = EDGE_CURVE('',#11471,#11461,#11473,.T.);
#11471 = VERTEX_POINT('',#11472);
#11472 = CARTESIAN_POINT('',(11.249997743965,12.125001450695,
    0.280000016392));
#11473 = CIRCLE('',#11474,0.375);
#11474 = AXIS2_PLACEMENT_3D('',#11475,#11476,#11477);
#11475 = CARTESIAN_POINT('',(11.249997711182,12.500001450695,0.28));
#11476 = DIRECTION('',(-3.82137275408E-15,4.371140912996E-08,1.));
#11477 = DIRECTION('',(-8.742277657348E-08,1.,-4.371140912996E-08));
#11478 = ORIENTED_EDGE('',*,*,#11479,.T.);
#11479 = EDGE_CURVE('',#11471,#11480,#11482,.T.);
#11480 = VERTEX_POINT('',#11481);
#11481 = CARTESIAN_POINT('',(11.249997768006,11.850001450695,
    0.280000028412));
#11482 = LINE('',#11483,#11484);
#11483 = CARTESIAN_POINT('',(11.249997768006,11.850001450695,
    0.280000028412));
#11484 = VECTOR('',#11485,1.);
#11485 = DIRECTION('',(8.74227775939E-08,-1.,4.371140912996E-08));
#11486 = ORIENTED_EDGE('',*,*,#11487,.T.);
#11487 = EDGE_CURVE('',#11480,#11488,#11490,.T.);
#11488 = VERTEX_POINT('',#11489);
#11489 = CARTESIAN_POINT('',(11.549997768006,11.850001476922,
    0.280000028412));
#11490 = LINE('',#11491,#11492);
#11491 = CARTESIAN_POINT('',(13.249997768006,11.850001625541,
    0.280000028412));
#11492 = VECTOR('',#11493,1.);
#11493 = DIRECTION('',(1.,8.742277657348E-08,-9.466853158302E-31));
#11494 = ORIENTED_EDGE('',*,*,#11495,.T.);
#11495 = EDGE_CURVE('',#11488,#11463,#11496,.T.);
#11496 = LINE('',#11497,#11498);
#11497 = CARTESIAN_POINT('',(11.549997898568,10.356549100715,
    0.280000093693));
#11498 = VECTOR('',#11499,1.);
#11499 = DIRECTION('',(-8.742277657348E-08,1.,-4.371140912996E-08));
#11500 = PLANE('',#11501);
#11501 = AXIS2_PLACEMENT_3D('',#11502,#11503,#11504);
#11502 = CARTESIAN_POINT('',(11.249997711182,12.500001450695,0.28));
#11503 = DIRECTION('',(-3.82137275408E-15,4.371140912996E-08,1.));
#11504 = DIRECTION('',(-8.742277657348E-08,1.,-4.371140912996E-08));
#11505 = ADVANCED_FACE('',(#11506),#11554,.F.);
#11506 = FACE_BOUND('',#11507,.T.);
#11507 = EDGE_LOOP('',(#11508,#11516,#11524,#11532,#11538,#11539,#11547,
    #11553));
#11508 = ORIENTED_EDGE('',*,*,#11509,.F.);
#11509 = EDGE_CURVE('',#11510,#11279,#11512,.T.);
#11510 = VERTEX_POINT('',#11511);
#11511 = CARTESIAN_POINT('',(11.249997739594,12.17500143933,
    2.000001420621E-02));
#11512 = LINE('',#11513,#11514);
#11513 = CARTESIAN_POINT('',(11.249997730852,12.27500143933,
    2.000000983507E-02));
#11514 = VECTOR('',#11515,1.);
#11515 = DIRECTION('',(-8.742277657348E-08,1.,-4.371140912996E-08));
#11516 = ORIENTED_EDGE('',*,*,#11517,.T.);
#11517 = EDGE_CURVE('',#11510,#11518,#11520,.T.);
#11518 = VERTEX_POINT('',#11519);
#11519 = CARTESIAN_POINT('',(11.249997739594,12.175001438456,
    1.420620796724E-08));
#11520 = LINE('',#11521,#11522);
#11521 = CARTESIAN_POINT('',(11.249997739594,12.17500143933,
    2.000001420621E-02));
#11522 = VECTOR('',#11523,1.);
#11523 = DIRECTION('',(3.82137275408E-15,-4.371140912996E-08,-1.));
#11524 = ORIENTED_EDGE('',*,*,#11525,.T.);
#11525 = EDGE_CURVE('',#11518,#11526,#11528,.T.);
#11526 = VERTEX_POINT('',#11527);
#11527 = CARTESIAN_POINT('',(11.249997768006,11.850001438456,
    2.841241593448E-08));
#11528 = LINE('',#11529,#11530);
#11529 = CARTESIAN_POINT('',(11.249997768006,11.850001438456,
    2.841241593448E-08));
#11530 = VECTOR('',#11531,1.);
#11531 = DIRECTION('',(8.74227775939E-08,-1.,4.371140912996E-08));
#11532 = ORIENTED_EDGE('',*,*,#11533,.F.);
#11533 = EDGE_CURVE('',#11480,#11526,#11534,.T.);
#11534 = LINE('',#11535,#11536);
#11535 = CARTESIAN_POINT('',(11.249997768006,11.850001450695,
    0.280000028412));
#11536 = VECTOR('',#11537,1.);
#11537 = DIRECTION('',(3.82137275408E-15,-4.371140912996E-08,-1.));
#11538 = ORIENTED_EDGE('',*,*,#11479,.F.);
#11539 = ORIENTED_EDGE('',*,*,#11540,.F.);
#11540 = EDGE_CURVE('',#11541,#11471,#11543,.T.);
#11541 = VERTEX_POINT('',#11542);
#11542 = CARTESIAN_POINT('',(11.249997743965,12.125001449821,
    0.260000016392));
#11543 = LINE('',#11544,#11545);
#11544 = CARTESIAN_POINT('',(11.249997743965,12.125001449821,
    0.260000016392));
#11545 = VECTOR('',#11546,1.);
#11546 = DIRECTION('',(-3.82137275408E-15,4.371140912996E-08,1.));
#11547 = ORIENTED_EDGE('',*,*,#11548,.F.);
#11548 = EDGE_CURVE('',#11270,#11541,#11549,.T.);
#11549 = LINE('',#11550,#11551);
#11550 = CARTESIAN_POINT('',(11.249997730852,12.275001449821,
    0.260000009835));
#11551 = VECTOR('',#11552,1.);
#11552 = DIRECTION('',(8.742277512787E-08,-1.,4.371140912996E-08));
#11553 = ORIENTED_EDGE('',*,*,#11278,.T.);
#11554 = PLANE('',#11555);
#11555 = AXIS2_PLACEMENT_3D('',#11556,#11557,#11558);
#11556 = CARTESIAN_POINT('',(11.249997768006,11.850001450695,
    0.280000028412));
#11557 = DIRECTION('',(1.,8.74227775939E-08,-4.460424070302E-23));
#11558 = DIRECTION('',(-8.74227775939E-08,1.,-4.371140912996E-08));
#11559 = ADVANCED_FACE('',(#11560),#11609,.F.);
#11560 = FACE_BOUND('',#11561,.T.);
#11561 = EDGE_LOOP('',(#11562,#11570,#11578,#11586,#11594,#11600,#11601,
    #11602,#11608));
#11562 = ORIENTED_EDGE('',*,*,#11563,.F.);
#11563 = EDGE_CURVE('',#11564,#11336,#11566,.T.);
#11564 = VERTEX_POINT('',#11565);
#11565 = CARTESIAN_POINT('',(12.949997768006,11.85000159844,
    0.260000028412));
#11566 = LINE('',#11567,#11568);
#11567 = CARTESIAN_POINT('',(12.949997768006,11.85000159844,
    0.260000028412));
#11568 = VECTOR('',#11569,1.);
#11569 = DIRECTION('',(1.,8.742277657348E-08,-9.466853158302E-31));
#11570 = ORIENTED_EDGE('',*,*,#11571,.T.);
#11571 = EDGE_CURVE('',#11564,#11572,#11574,.T.);
#11572 = VERTEX_POINT('',#11573);
#11573 = CARTESIAN_POINT('',(12.949997768006,11.850001599314,
    0.280000028412));
#11574 = LINE('',#11575,#11576);
#11575 = CARTESIAN_POINT('',(12.949997768006,11.85000159844,
    0.260000028412));
#11576 = VECTOR('',#11577,1.);
#11577 = DIRECTION('',(-3.82137275408E-15,4.371140912996E-08,1.));
#11578 = ORIENTED_EDGE('',*,*,#11579,.T.);
#11579 = EDGE_CURVE('',#11572,#11580,#11582,.T.);
#11580 = VERTEX_POINT('',#11581);
#11581 = CARTESIAN_POINT('',(12.922745722779,11.850001619662,
    0.800000028412));
#11582 = LINE('',#11583,#11584);
#11583 = CARTESIAN_POINT('',(12.922745722779,11.850001619662,
    0.800000028412));
#11584 = VECTOR('',#11585,1.);
#11585 = DIRECTION('',(-5.233595624295E-02,3.907614955353E-08,
    0.998629534755));
#11586 = ORIENTED_EDGE('',*,*,#11587,.T.);
#11587 = EDGE_CURVE('',#11580,#11588,#11590,.T.);
#11588 = VERTEX_POINT('',#11589);
#11589 = CARTESIAN_POINT('',(11.577249813234,11.850001502035,
    0.800000028412));
#11590 = LINE('',#11591,#11592);
#11591 = CARTESIAN_POINT('',(11.577249813234,11.850001502035,
    0.800000028412));
#11592 = VECTOR('',#11593,1.);
#11593 = DIRECTION('',(-1.,-8.742277657348E-08,9.466853158302E-31));
#11594 = ORIENTED_EDGE('',*,*,#11595,.T.);
#11595 = EDGE_CURVE('',#11588,#11488,#11596,.T.);
#11596 = LINE('',#11597,#11598);
#11597 = CARTESIAN_POINT('',(11.577249813234,11.850001502035,
    0.800000028412));
#11598 = VECTOR('',#11599,1.);
#11599 = DIRECTION('',(-5.233595624294E-02,-4.822685877231E-08,
    -0.998629534755));
#11600 = ORIENTED_EDGE('',*,*,#11487,.F.);
#11601 = ORIENTED_EDGE('',*,*,#11533,.T.);
#11602 = ORIENTED_EDGE('',*,*,#11603,.T.);
#11603 = EDGE_CURVE('',#11526,#11302,#11604,.T.);
#11604 = LINE('',#11605,#11606);
#11605 = CARTESIAN_POINT('',(13.249997768006,11.850001613302,
    2.841241593448E-08));
#11606 = VECTOR('',#11607,1.);
#11607 = DIRECTION('',(1.,8.742277657348E-08,-9.466853158302E-31));
#11608 = ORIENTED_EDGE('',*,*,#11343,.F.);
#11609 = PLANE('',#11610);
#11610 = AXIS2_PLACEMENT_3D('',#11611,#11612,#11613);
#11611 = CARTESIAN_POINT('',(13.249997768006,11.850001625541,
    0.280000028412));
#11612 = DIRECTION('',(-8.742277657348E-08,1.,-4.371140912996E-08));
#11613 = DIRECTION('',(-1.,-8.742277657348E-08,9.466853158302E-31));
#11614 = ADVANCED_FACE('',(#11615),#11679,.F.);
#11615 = FACE_BOUND('',#11616,.T.);
#11616 = EDGE_LOOP('',(#11617,#11625,#11633,#11641,#11649,#11657,#11665,
    #11671,#11672,#11678));
#11617 = ORIENTED_EDGE('',*,*,#11618,.F.);
#11618 = EDGE_CURVE('',#11619,#11439,#11621,.T.);
#11619 = VERTEX_POINT('',#11620);
#11620 = CARTESIAN_POINT('',(11.549997654357,13.150001476048,
    0.259999971588));
#11621 = LINE('',#11622,#11623);
#11622 = CARTESIAN_POINT('',(11.549997654357,13.150001476048,
    0.259999971588));
#11623 = VECTOR('',#11624,1.);
#11624 = DIRECTION('',(-1.,-8.742277657348E-08,9.466853158302E-31));
#11625 = ORIENTED_EDGE('',*,*,#11626,.T.);
#11626 = EDGE_CURVE('',#11619,#11627,#11629,.T.);
#11627 = VERTEX_POINT('',#11628);
#11628 = CARTESIAN_POINT('',(11.549997654357,13.150001476922,
    0.279999971588));
#11629 = LINE('',#11630,#11631);
#11630 = CARTESIAN_POINT('',(11.549997654357,13.150001476048,
    0.259999971588));
#11631 = VECTOR('',#11632,1.);
#11632 = DIRECTION('',(-3.82137275408E-15,4.371140912996E-08,1.));
#11633 = ORIENTED_EDGE('',*,*,#11634,.T.);
#11634 = EDGE_CURVE('',#11627,#11635,#11637,.T.);
#11635 = VERTEX_POINT('',#11636);
#11636 = CARTESIAN_POINT('',(11.577249699584,13.150001502035,
    0.799999971588));
#11637 = LINE('',#11638,#11639);
#11638 = CARTESIAN_POINT('',(11.577249699584,13.150001502035,
    0.799999971588));
#11639 = VECTOR('',#11640,1.);
#11640 = DIRECTION('',(5.233595624294E-02,4.822685877231E-08,
    0.998629534755));
#11641 = ORIENTED_EDGE('',*,*,#11642,.T.);
#11642 = EDGE_CURVE('',#11635,#11643,#11645,.T.);
#11643 = VERTEX_POINT('',#11644);
#11644 = CARTESIAN_POINT('',(12.92274560913,13.150001619662,
    0.799999971588));
#11645 = LINE('',#11646,#11647);
#11646 = CARTESIAN_POINT('',(11.577249699584,13.150001502035,
    0.799999971588));
#11647 = VECTOR('',#11648,1.);
#11648 = DIRECTION('',(1.,8.742277657348E-08,-9.466853158302E-31));
#11649 = ORIENTED_EDGE('',*,*,#11650,.T.);
#11650 = EDGE_CURVE('',#11643,#11651,#11653,.T.);
#11651 = VERTEX_POINT('',#11652);
#11652 = CARTESIAN_POINT('',(12.949997654357,13.150001599314,
    0.279999971588));
#11653 = LINE('',#11654,#11655);
#11654 = CARTESIAN_POINT('',(12.92274560913,13.150001619662,
    0.799999971588));
#11655 = VECTOR('',#11656,1.);
#11656 = DIRECTION('',(5.233595624295E-02,-3.907614955353E-08,
    -0.998629534755));
#11657 = ORIENTED_EDGE('',*,*,#11658,.F.);
#11658 = EDGE_CURVE('',#11659,#11651,#11661,.T.);
#11659 = VERTEX_POINT('',#11660);
#11660 = CARTESIAN_POINT('',(12.949997654357,13.15000159844,
    0.259999971588));
#11661 = LINE('',#11662,#11663);
#11662 = CARTESIAN_POINT('',(12.949997654357,13.15000159844,
    0.259999971588));
#11663 = VECTOR('',#11664,1.);
#11664 = DIRECTION('',(-3.82137275408E-15,4.371140912996E-08,1.));
#11665 = ORIENTED_EDGE('',*,*,#11666,.F.);
#11666 = EDGE_CURVE('',#11384,#11659,#11667,.T.);
#11667 = LINE('',#11668,#11669);
#11668 = CARTESIAN_POINT('',(13.249997654357,13.150001624667,
    0.259999971588));
#11669 = VECTOR('',#11670,1.);
#11670 = DIRECTION('',(-1.,-8.742277657348E-08,9.466853158302E-31));
#11671 = ORIENTED_EDGE('',*,*,#11383,.T.);
#11672 = ORIENTED_EDGE('',*,*,#11673,.T.);
#11673 = EDGE_CURVE('',#11376,#11414,#11674,.T.);
#11674 = LINE('',#11675,#11676);
#11675 = CARTESIAN_POINT('',(13.249997654357,13.150001613302,
    -2.841241593448E-08));
#11676 = VECTOR('',#11677,1.);
#11677 = DIRECTION('',(-1.,-8.742277657348E-08,9.466853158302E-31));
#11678 = ORIENTED_EDGE('',*,*,#11446,.F.);
#11679 = PLANE('',#11680);
#11680 = AXIS2_PLACEMENT_3D('',#11681,#11682,#11683);
#11681 = CARTESIAN_POINT('',(13.249997654357,13.150001625541,
    0.279999971588));
#11682 = DIRECTION('',(8.742277657348E-08,-1.,4.371140912996E-08));
#11683 = DIRECTION('',(1.,8.742277657348E-08,-9.466853158302E-31));
#11684 = ADVANCED_FACE('',(#11685,#11751),#11871,.F.);
#11685 = FACE_BOUND('',#11686,.T.);
#11686 = EDGE_LOOP('',(#11687,#11697,#11705,#11713,#11721,#11729,#11737,
    #11745));
#11687 = ORIENTED_EDGE('',*,*,#11688,.F.);
#11688 = EDGE_CURVE('',#11689,#11691,#11693,.T.);
#11689 = VERTEX_POINT('',#11690);
#11690 = CARTESIAN_POINT('',(12.149997767832,11.852001517137,
    2.832499311622E-08));
#11691 = VERTEX_POINT('',#11692);
#11692 = CARTESIAN_POINT('',(12.149997654532,13.148001517137,
    -2.832499311622E-08));
#11693 = LINE('',#11694,#11695);
#11694 = CARTESIAN_POINT('',(12.149997654532,13.148001517137,
    -2.832499311622E-08));
#11695 = VECTOR('',#11696,1.);
#11696 = DIRECTION('',(-8.74227763225E-08,1.,-4.371140912996E-08));
#11697 = ORIENTED_EDGE('',*,*,#11698,.F.);
#11698 = EDGE_CURVE('',#11699,#11689,#11701,.T.);
#11699 = VERTEX_POINT('',#11700);
#11700 = CARTESIAN_POINT('',(12.349997767832,11.852001534621,
    2.832499311622E-08));
#11701 = LINE('',#11702,#11703);
#11702 = CARTESIAN_POINT('',(12.149997767832,11.852001517137,
    2.832499311622E-08));
#11703 = VECTOR('',#11704,1.);
#11704 = DIRECTION('',(-1.,-8.742277657348E-08,9.466853158302E-31));
#11705 = ORIENTED_EDGE('',*,*,#11706,.F.);
#11706 = EDGE_CURVE('',#11707,#11699,#11709,.T.);
#11707 = VERTEX_POINT('',#11708);
#11708 = CARTESIAN_POINT('',(12.349997724295,12.350001534621,
    6.556711369494E-09));
#11709 = LINE('',#11710,#11711);
#11710 = CARTESIAN_POINT('',(12.349997767832,11.852001534621,
    2.832499311622E-08));
#11711 = VECTOR('',#11712,1.);
#11712 = DIRECTION('',(8.742277641019E-08,-1.,4.371140912996E-08));
#11713 = ORIENTED_EDGE('',*,*,#11714,.F.);
#11714 = EDGE_CURVE('',#11715,#11707,#11717,.T.);
#11715 = VERTEX_POINT('',#11716);
#11716 = CARTESIAN_POINT('',(12.499997724295,12.350001547735,
    6.556711369494E-09));
#11717 = LINE('',#11718,#11719);
#11718 = CARTESIAN_POINT('',(12.349997724295,12.350001534621,
    6.556711369494E-09));
#11719 = VECTOR('',#11720,1.);
#11720 = DIRECTION('',(-1.,-8.742277657348E-08,9.466853158302E-31));
#11721 = ORIENTED_EDGE('',*,*,#11722,.F.);
#11722 = EDGE_CURVE('',#11723,#11715,#11725,.T.);
#11723 = VERTEX_POINT('',#11724);
#11724 = CARTESIAN_POINT('',(12.499997698068,12.650001547735,
    -6.556711369494E-09));
#11725 = LINE('',#11726,#11727);
#11726 = CARTESIAN_POINT('',(12.499997724295,12.350001547735,
    6.556711369494E-09));
#11727 = VECTOR('',#11728,1.);
#11728 = DIRECTION('',(8.742277657348E-08,-1.,4.371140912996E-08));
#11729 = ORIENTED_EDGE('',*,*,#11730,.F.);
#11730 = EDGE_CURVE('',#11731,#11723,#11733,.T.);
#11731 = VERTEX_POINT('',#11732);
#11732 = CARTESIAN_POINT('',(12.349997698068,12.650001534621,
    -6.556711369494E-09));
#11733 = LINE('',#11734,#11735);
#11734 = CARTESIAN_POINT('',(12.349997698068,12.650001534621,
    -6.556711369494E-09));
#11735 = VECTOR('',#11736,1.);
#11736 = DIRECTION('',(1.,8.742277657348E-08,-9.466853158302E-31));
#11737 = ORIENTED_EDGE('',*,*,#11738,.F.);
#11738 = EDGE_CURVE('',#11739,#11731,#11741,.T.);
#11739 = VERTEX_POINT('',#11740);
#11740 = CARTESIAN_POINT('',(12.349997654532,13.148001534621,
    -2.832499311622E-08));
#11741 = LINE('',#11742,#11743);
#11742 = CARTESIAN_POINT('',(12.349997654532,13.148001534621,
    -2.832499311622E-08));
#11743 = VECTOR('',#11744,1.);
#11744 = DIRECTION('',(8.742277673676E-08,-1.,4.371140912996E-08));
#11745 = ORIENTED_EDGE('',*,*,#11746,.F.);
#11746 = EDGE_CURVE('',#11691,#11739,#11747,.T.);
#11747 = LINE('',#11748,#11749);
#11748 = CARTESIAN_POINT('',(12.149997654532,13.148001517137,
    -2.832499311622E-08));
#11749 = VECTOR('',#11750,1.);
#11750 = DIRECTION('',(1.,8.742277657348E-08,-9.466853158302E-31));
#11751 = FACE_BOUND('',#11752,.T.);
#11752 = EDGE_LOOP('',(#11753,#11763,#11770,#11771,#11772,#11773,#11782,
    #11790,#11798,#11806,#11814,#11822,#11829,#11830,#11831,#11832,
    #11841,#11849,#11857,#11865));
#11753 = ORIENTED_EDGE('',*,*,#11754,.F.);
#11754 = EDGE_CURVE('',#11755,#11757,#11759,.T.);
#11755 = VERTEX_POINT('',#11756);
#11756 = CARTESIAN_POINT('',(11.349997684148,12.80923436912,
    -1.351700676656E-08));
#11757 = VERTEX_POINT('',#11758);
#11758 = CARTESIAN_POINT('',(11.349997663099,13.050001447198,
    -2.404127502148E-08));
#11759 = LINE('',#11760,#11761);
#11760 = CARTESIAN_POINT('',(11.349997684148,12.80923436912,
    -1.351700676656E-08));
#11761 = VECTOR('',#11762,1.);
#11762 = DIRECTION('',(-8.742277612316E-08,1.,-4.371140912996E-08));
#11763 = ORIENTED_EDGE('',*,*,#11764,.F.);
#11764 = EDGE_CURVE('',#11416,#11755,#11765,.T.);
#11765 = CIRCLE('',#11766,0.325);
#11766 = AXIS2_PLACEMENT_3D('',#11767,#11768,#11769);
#11767 = CARTESIAN_POINT('',(11.249997711182,12.500001438456,
    9.466853158302E-31));
#11768 = DIRECTION('',(3.82137275408E-15,-4.371140912996E-08,-1.));
#11769 = DIRECTION('',(8.742277657348E-08,-1.,4.371140912996E-08));
#11770 = ORIENTED_EDGE('',*,*,#11413,.F.);
#11771 = ORIENTED_EDGE('',*,*,#11673,.F.);
#11772 = ORIENTED_EDGE('',*,*,#11375,.F.);
#11773 = ORIENTED_EDGE('',*,*,#11774,.F.);
#11774 = EDGE_CURVE('',#11775,#11368,#11777,.T.);
#11775 = VERTEX_POINT('',#11776);
#11776 = CARTESIAN_POINT('',(13.149997684148,12.809234526481,
    -1.351700676656E-08));
#11777 = CIRCLE('',#11778,0.325);
#11778 = AXIS2_PLACEMENT_3D('',#11779,#11780,#11781);
#11779 = CARTESIAN_POINT('',(13.249997711182,12.500001613302,
    -9.466853158302E-31));
#11780 = DIRECTION('',(3.82137275408E-15,-4.371140912996E-08,-1.));
#11781 = DIRECTION('',(-8.742277657348E-08,1.,-4.371140912996E-08));
#11782 = ORIENTED_EDGE('',*,*,#11783,.F.);
#11783 = EDGE_CURVE('',#11784,#11775,#11786,.T.);
#11784 = VERTEX_POINT('',#11785);
#11785 = CARTESIAN_POINT('',(13.149997663099,13.050001604559,
    -2.404127502148E-08));
#11786 = LINE('',#11787,#11788);
#11787 = CARTESIAN_POINT('',(13.149997684148,12.809234526481,
    -1.351700676656E-08));
#11788 = VECTOR('',#11789,1.);
#11789 = DIRECTION('',(8.742277702379E-08,-1.,4.371140912996E-08));
#11790 = ORIENTED_EDGE('',*,*,#11791,.F.);
#11791 = EDGE_CURVE('',#11792,#11784,#11794,.T.);
#11792 = VERTEX_POINT('',#11793);
#11793 = CARTESIAN_POINT('',(12.749997663099,13.05000156959,
    -2.404127502148E-08));
#11794 = LINE('',#11795,#11796);
#11795 = CARTESIAN_POINT('',(13.149997663099,13.050001604559,
    -2.404127502148E-08));
#11796 = VECTOR('',#11797,1.);
#11797 = DIRECTION('',(1.,8.742277657348E-08,-9.466853158302E-31));
#11798 = ORIENTED_EDGE('',*,*,#11799,.F.);
#11799 = EDGE_CURVE('',#11800,#11792,#11802,.T.);
#11800 = VERTEX_POINT('',#11801);
#11801 = CARTESIAN_POINT('',(12.749997759264,11.95000156959,
    2.404127502148E-08));
#11802 = LINE('',#11803,#11804);
#11803 = CARTESIAN_POINT('',(12.749997663099,13.05000156959,
    -2.404127502148E-08));
#11804 = VECTOR('',#11805,1.);
#11805 = DIRECTION('',(-8.74227767706E-08,1.,-4.371140912996E-08));
#11806 = ORIENTED_EDGE('',*,*,#11807,.F.);
#11807 = EDGE_CURVE('',#11808,#11800,#11810,.T.);
#11808 = VERTEX_POINT('',#11809);
#11809 = CARTESIAN_POINT('',(13.149997759264,11.950001604559,
    2.404127502148E-08));
#11810 = LINE('',#11811,#11812);
#11811 = CARTESIAN_POINT('',(12.749997759264,11.95000156959,
    2.404127502148E-08));
#11812 = VECTOR('',#11813,1.);
#11813 = DIRECTION('',(-1.,-8.742277630242E-08,-1.184800023859E-23));
#11814 = ORIENTED_EDGE('',*,*,#11815,.F.);
#11815 = EDGE_CURVE('',#11816,#11808,#11818,.T.);
#11816 = VERTEX_POINT('',#11817);
#11817 = CARTESIAN_POINT('',(13.149997738216,12.190768682638,
    1.351700676656E-08));
#11818 = LINE('',#11819,#11820);
#11819 = CARTESIAN_POINT('',(13.149997759264,11.950001604559,
    2.404127502148E-08));
#11820 = VECTOR('',#11821,1.);
#11821 = DIRECTION('',(8.742277657348E-08,-1.,4.371140912996E-08));
#11822 = ORIENTED_EDGE('',*,*,#11823,.F.);
#11823 = EDGE_CURVE('',#11304,#11816,#11824,.T.);
#11824 = CIRCLE('',#11825,0.325);
#11825 = AXIS2_PLACEMENT_3D('',#11826,#11827,#11828);
#11826 = CARTESIAN_POINT('',(13.249997711182,12.500001613302,
    -9.466853158302E-31));
#11827 = DIRECTION('',(3.82137275408E-15,-4.371140912996E-08,-1.));
#11828 = DIRECTION('',(-8.742277657348E-08,1.,-4.371140912996E-08));
#11829 = ORIENTED_EDGE('',*,*,#11301,.F.);
#11830 = ORIENTED_EDGE('',*,*,#11603,.F.);
#11831 = ORIENTED_EDGE('',*,*,#11525,.F.);
#11832 = ORIENTED_EDGE('',*,*,#11833,.F.);
#11833 = EDGE_CURVE('',#11834,#11518,#11836,.T.);
#11834 = VERTEX_POINT('',#11835);
#11835 = CARTESIAN_POINT('',(11.349997738216,12.190768525277,
    1.351700676656E-08));
#11836 = CIRCLE('',#11837,0.325);
#11837 = AXIS2_PLACEMENT_3D('',#11838,#11839,#11840);
#11838 = CARTESIAN_POINT('',(11.249997711182,12.500001438456,
    9.466853158302E-31));
#11839 = DIRECTION('',(3.82137275408E-15,-4.371140912996E-08,-1.));
#11840 = DIRECTION('',(8.742277657348E-08,-1.,4.371140912996E-08));
#11841 = ORIENTED_EDGE('',*,*,#11842,.F.);
#11842 = EDGE_CURVE('',#11843,#11834,#11845,.T.);
#11843 = VERTEX_POINT('',#11844);
#11844 = CARTESIAN_POINT('',(11.349997759264,11.950001447198,
    2.404127502148E-08));
#11845 = LINE('',#11846,#11847);
#11846 = CARTESIAN_POINT('',(11.349997759264,11.950001447198,
    2.404127502148E-08));
#11847 = VECTOR('',#11848,1.);
#11848 = DIRECTION('',(-8.742277657348E-08,1.,-4.371140912996E-08));
#11849 = ORIENTED_EDGE('',*,*,#11850,.F.);
#11850 = EDGE_CURVE('',#11851,#11843,#11853,.T.);
#11851 = VERTEX_POINT('',#11852);
#11852 = CARTESIAN_POINT('',(11.749997759264,11.950001482168,
    2.404127502148E-08));
#11853 = LINE('',#11854,#11855);
#11854 = CARTESIAN_POINT('',(11.749997759264,11.950001482168,
    2.404127502148E-08));
#11855 = VECTOR('',#11856,1.);
#11856 = DIRECTION('',(-1.,-8.742277684453E-08,1.184800213196E-23));
#11857 = ORIENTED_EDGE('',*,*,#11858,.F.);
#11858 = EDGE_CURVE('',#11859,#11851,#11861,.T.);
#11859 = VERTEX_POINT('',#11860);
#11860 = CARTESIAN_POINT('',(11.749997663099,13.050001482168,
    -2.404127502148E-08));
#11861 = LINE('',#11862,#11863);
#11862 = CARTESIAN_POINT('',(11.749997663099,13.050001482168,
    -2.404127502148E-08));
#11863 = VECTOR('',#11864,1.);
#11864 = DIRECTION('',(8.742277637635E-08,-1.,4.371140912996E-08));
#11865 = ORIENTED_EDGE('',*,*,#11866,.F.);
#11866 = EDGE_CURVE('',#11757,#11859,#11867,.T.);
#11867 = LINE('',#11868,#11869);
#11868 = CARTESIAN_POINT('',(11.349997663099,13.050001447198,
    -2.404127502148E-08));
#11869 = VECTOR('',#11870,1.);
#11870 = DIRECTION('',(1.,8.742277657348E-08,-9.466853158302E-31));
#11871 = PLANE('',#11872);
#11872 = AXIS2_PLACEMENT_3D('',#11873,#11874,#11875);
#11873 = CARTESIAN_POINT('',(11.249997711182,12.500001438456,
    9.466853158302E-31));
#11874 = DIRECTION('',(-3.82137275408E-15,4.371140912996E-08,1.));
#11875 = DIRECTION('',(-8.742277657348E-08,1.,-4.371140912996E-08));
#11876 = ADVANCED_FACE('',(#11877),#11893,.T.);
#11877 = FACE_BOUND('',#11878,.T.);
#11878 = EDGE_LOOP('',(#11879,#11880,#11886,#11887));
#11879 = ORIENTED_EDGE('',*,*,#11579,.F.);
#11880 = ORIENTED_EDGE('',*,*,#11881,.T.);
#11881 = EDGE_CURVE('',#11572,#11651,#11882,.T.);
#11882 = LINE('',#11883,#11884);
#11883 = CARTESIAN_POINT('',(12.949997898568,10.356549223106,
    0.280000093693));
#11884 = VECTOR('',#11885,1.);
#11885 = DIRECTION('',(-8.742277657348E-08,1.,-4.371140912996E-08));
#11886 = ORIENTED_EDGE('',*,*,#11650,.F.);
#11887 = ORIENTED_EDGE('',*,*,#11888,.F.);
#11888 = EDGE_CURVE('',#11580,#11643,#11889,.T.);
#11889 = LINE('',#11890,#11891);
#11890 = CARTESIAN_POINT('',(12.922745853341,10.356549243454,
    0.800000093693));
#11891 = VECTOR('',#11892,1.);
#11892 = DIRECTION('',(-8.742277657348E-08,1.,-4.371140912996E-08));
#11893 = PLANE('',#11894);
#11894 = AXIS2_PLACEMENT_3D('',#11895,#11896,#11897);
#11895 = CARTESIAN_POINT('',(12.922745853341,10.356549243454,
    0.800000093693));
#11896 = DIRECTION('',(0.998629534755,8.959064509207E-08,
    5.233595624294E-02));
#11897 = DIRECTION('',(5.233595624295E-02,-3.907614955353E-08,
    -0.998629534755));
#11898 = ADVANCED_FACE('',(#11899),#11910,.T.);
#11899 = FACE_BOUND('',#11900,.T.);
#11900 = EDGE_LOOP('',(#11901,#11902,#11903,#11904));
#11901 = ORIENTED_EDGE('',*,*,#11587,.F.);
#11902 = ORIENTED_EDGE('',*,*,#11888,.T.);
#11903 = ORIENTED_EDGE('',*,*,#11642,.F.);
#11904 = ORIENTED_EDGE('',*,*,#11905,.F.);
#11905 = EDGE_CURVE('',#11588,#11635,#11906,.T.);
#11906 = LINE('',#11907,#11908);
#11907 = CARTESIAN_POINT('',(11.577249943795,10.356549125827,
    0.800000093693));
#11908 = VECTOR('',#11909,1.);
#11909 = DIRECTION('',(-8.742277657348E-08,1.,-4.371140912996E-08));
#11910 = PLANE('',#11911);
#11911 = AXIS2_PLACEMENT_3D('',#11912,#11913,#11914);
#11912 = CARTESIAN_POINT('',(11.577249943795,10.356549125827,
    0.800000093693));
#11913 = DIRECTION('',(-3.82137275408E-15,4.371140912996E-08,1.));
#11914 = DIRECTION('',(-8.742277657348E-08,1.,-4.371140912996E-08));
#11915 = ADVANCED_FACE('',(#11916),#11928,.T.);
#11916 = FACE_BOUND('',#11917,.T.);
#11917 = EDGE_LOOP('',(#11918,#11919,#11920,#11921,#11927));
#11918 = ORIENTED_EDGE('',*,*,#11595,.F.);
#11919 = ORIENTED_EDGE('',*,*,#11905,.T.);
#11920 = ORIENTED_EDGE('',*,*,#11634,.F.);
#11921 = ORIENTED_EDGE('',*,*,#11922,.F.);
#11922 = EDGE_CURVE('',#11463,#11627,#11923,.T.);
#11923 = LINE('',#11924,#11925);
#11924 = CARTESIAN_POINT('',(11.549997737408,12.200001476922,
    0.280000013113));
#11925 = VECTOR('',#11926,1.);
#11926 = DIRECTION('',(-8.742277634522E-08,1.,-4.371140912996E-08));
#11927 = ORIENTED_EDGE('',*,*,#11495,.F.);
#11928 = PLANE('',#11929);
#11929 = AXIS2_PLACEMENT_3D('',#11930,#11931,#11932);
#11930 = CARTESIAN_POINT('',(11.577249943795,10.356549125827,
    0.800000093693));
#11931 = DIRECTION('',(-0.998629534755,-8.501528830098E-08,
    5.233595624294E-02));
#11932 = DIRECTION('',(5.233595624294E-02,4.822685877231E-08,
    0.998629534755));
#11933 = ADVANCED_FACE('',(#11934),#11952,.F.);
#11934 = FACE_BOUND('',#11935,.T.);
#11935 = EDGE_LOOP('',(#11936,#11937,#11938,#11946));
#11936 = ORIENTED_EDGE('',*,*,#11922,.T.);
#11937 = ORIENTED_EDGE('',*,*,#11626,.F.);
#11938 = ORIENTED_EDGE('',*,*,#11939,.F.);
#11939 = EDGE_CURVE('',#11940,#11619,#11942,.T.);
#11940 = VERTEX_POINT('',#11941);
#11941 = CARTESIAN_POINT('',(11.549997737408,12.200001476048,
    0.260000013113));
#11942 = LINE('',#11943,#11944);
#11943 = CARTESIAN_POINT('',(11.549997737408,12.200001476048,
    0.260000013113));
#11944 = VECTOR('',#11945,1.);
#11945 = DIRECTION('',(-8.742277634522E-08,1.,-4.371140912996E-08));
#11946 = ORIENTED_EDGE('',*,*,#11947,.T.);
#11947 = EDGE_CURVE('',#11940,#11463,#11948,.T.);
#11948 = LINE('',#11949,#11950);
#11949 = CARTESIAN_POINT('',(11.549997737408,12.200001476048,
    0.260000013113));
#11950 = VECTOR('',#11951,1.);
#11951 = DIRECTION('',(-3.82137275408E-15,4.371140912996E-08,1.));
#11952 = PLANE('',#11953);
#11953 = AXIS2_PLACEMENT_3D('',#11954,#11955,#11956);
#11954 = CARTESIAN_POINT('',(11.549997737408,12.200001476048,
    0.260000013113));
#11955 = DIRECTION('',(1.,8.742277634522E-08,9.977263209337E-24));
#11956 = DIRECTION('',(-8.742277634522E-08,1.,-4.371140912996E-08));
#11957 = ADVANCED_FACE('',(#11958),#11976,.F.);
#11958 = FACE_BOUND('',#11959,.T.);
#11959 = EDGE_LOOP('',(#11960,#11961,#11962,#11970));
#11960 = ORIENTED_EDGE('',*,*,#11460,.T.);
#11961 = ORIENTED_EDGE('',*,*,#11947,.F.);
#11962 = ORIENTED_EDGE('',*,*,#11963,.F.);
#11963 = EDGE_CURVE('',#11964,#11940,#11966,.T.);
#11964 = VERTEX_POINT('',#11965);
#11965 = CARTESIAN_POINT('',(11.474997737408,12.200001469491,
    0.260000013113));
#11966 = LINE('',#11967,#11968);
#11967 = CARTESIAN_POINT('',(11.549997737408,12.200001476048,
    0.260000013113));
#11968 = VECTOR('',#11969,1.);
#11969 = DIRECTION('',(1.,8.742277657348E-08,-9.466853158302E-31));
#11970 = ORIENTED_EDGE('',*,*,#11971,.T.);
#11971 = EDGE_CURVE('',#11964,#11461,#11972,.T.);
#11972 = LINE('',#11973,#11974);
#11973 = CARTESIAN_POINT('',(11.474997737408,12.200001469491,
    0.260000013113));
#11974 = VECTOR('',#11975,1.);
#11975 = DIRECTION('',(-3.82137275408E-15,4.371140912996E-08,1.));
#11976 = PLANE('',#11977);
#11977 = AXIS2_PLACEMENT_3D('',#11978,#11979,#11980);
#11978 = CARTESIAN_POINT('',(11.549997737408,12.200001476048,
    0.260000013113));
#11979 = DIRECTION('',(8.742277657348E-08,-1.,4.371140912996E-08));
#11980 = DIRECTION('',(1.,8.742277657348E-08,-9.466853158302E-31));
#11981 = ADVANCED_FACE('',(#11982),#11994,.F.);
#11982 = FACE_BOUND('',#11983,.F.);
#11983 = EDGE_LOOP('',(#11984,#11985,#11992,#11993));
#11984 = ORIENTED_EDGE('',*,*,#11540,.F.);
#11985 = ORIENTED_EDGE('',*,*,#11986,.T.);
#11986 = EDGE_CURVE('',#11541,#11964,#11987,.T.);
#11987 = CIRCLE('',#11988,0.375);
#11988 = AXIS2_PLACEMENT_3D('',#11989,#11990,#11991);
#11989 = CARTESIAN_POINT('',(11.249997711182,12.500001449821,0.26));
#11990 = DIRECTION('',(-3.82137275408E-15,4.371140912996E-08,1.));
#11991 = DIRECTION('',(-8.742277657348E-08,1.,-4.371140912996E-08));
#11992 = ORIENTED_EDGE('',*,*,#11971,.T.);
#11993 = ORIENTED_EDGE('',*,*,#11470,.F.);
#11994 = CYLINDRICAL_SURFACE('',#11995,0.375);
#11995 = AXIS2_PLACEMENT_3D('',#11996,#11997,#11998);
#11996 = CARTESIAN_POINT('',(11.249997711182,12.500001449821,0.26));
#11997 = DIRECTION('',(-3.82137275408E-15,4.371140912996E-08,1.));
#11998 = DIRECTION('',(-8.742277657348E-08,1.,-4.371140912996E-08));
#11999 = ADVANCED_FACE('',(#12000),#12009,.T.);
#12000 = FACE_BOUND('',#12001,.T.);
#12001 = EDGE_LOOP('',(#12002,#12003,#12004,#12005,#12006,#12007,#12008)
  );
#12002 = ORIENTED_EDGE('',*,*,#11269,.F.);
#12003 = ORIENTED_EDGE('',*,*,#11548,.T.);
#12004 = ORIENTED_EDGE('',*,*,#11986,.T.);
#12005 = ORIENTED_EDGE('',*,*,#11963,.T.);
#12006 = ORIENTED_EDGE('',*,*,#11939,.T.);
#12007 = ORIENTED_EDGE('',*,*,#11618,.T.);
#12008 = ORIENTED_EDGE('',*,*,#11438,.T.);
#12009 = PLANE('',#12010);
#12010 = AXIS2_PLACEMENT_3D('',#12011,#12012,#12013);
#12011 = CARTESIAN_POINT('',(11.249997711182,12.500001449821,0.26));
#12012 = DIRECTION('',(-3.82137275408E-15,4.371140912996E-08,1.));
#12013 = DIRECTION('',(-8.742277657348E-08,1.,-4.371140912996E-08));
#12014 = ADVANCED_FACE('',(#12015),#12026,.F.);
#12015 = FACE_BOUND('',#12016,.T.);
#12016 = EDGE_LOOP('',(#12017,#12018,#12019,#12025));
#12017 = ORIENTED_EDGE('',*,*,#11881,.F.);
#12018 = ORIENTED_EDGE('',*,*,#11571,.F.);
#12019 = ORIENTED_EDGE('',*,*,#12020,.F.);
#12020 = EDGE_CURVE('',#11659,#11564,#12021,.T.);
#12021 = LINE('',#12022,#12023);
#12022 = CARTESIAN_POINT('',(12.949997654357,13.15000159844,
    0.259999971588));
#12023 = VECTOR('',#12024,1.);
#12024 = DIRECTION('',(8.742277657348E-08,-1.,4.371140912996E-08));
#12025 = ORIENTED_EDGE('',*,*,#11658,.T.);
#12026 = PLANE('',#12027);
#12027 = AXIS2_PLACEMENT_3D('',#12028,#12029,#12030);
#12028 = CARTESIAN_POINT('',(12.949997654357,13.15000159844,
    0.259999971588));
#12029 = DIRECTION('',(-1.,-8.742277657348E-08,9.466853158302E-31));
#12030 = DIRECTION('',(8.742277657348E-08,-1.,4.371140912996E-08));
#12031 = ADVANCED_FACE('',(#12032,#12046),#12056,.T.);
#12032 = FACE_BOUND('',#12033,.T.);
#12033 = EDGE_LOOP('',(#12034,#12041,#12042,#12043,#12044,#12045));
#12034 = ORIENTED_EDGE('',*,*,#12035,.F.);
#12035 = EDGE_CURVE('',#11392,#11328,#12036,.T.);
#12036 = CIRCLE('',#12037,0.245);
#12037 = AXIS2_PLACEMENT_3D('',#12038,#12039,#12040);
#12038 = CARTESIAN_POINT('',(13.249997711182,12.500001624667,0.26));
#12039 = DIRECTION('',(-3.82137275408E-15,4.371140912996E-08,1.));
#12040 = DIRECTION('',(-8.742277657348E-08,1.,-4.371140912996E-08));
#12041 = ORIENTED_EDGE('',*,*,#11391,.T.);
#12042 = ORIENTED_EDGE('',*,*,#11666,.T.);
#12043 = ORIENTED_EDGE('',*,*,#12020,.T.);
#12044 = ORIENTED_EDGE('',*,*,#11563,.T.);
#12045 = ORIENTED_EDGE('',*,*,#11335,.T.);
#12046 = FACE_BOUND('',#12047,.T.);
#12047 = EDGE_LOOP('',(#12048,#12049));
#12048 = ORIENTED_EDGE('',*,*,#11217,.F.);
#12049 = ORIENTED_EDGE('',*,*,#12050,.F.);
#12050 = EDGE_CURVE('',#11220,#11218,#12051,.T.);
#12051 = CIRCLE('',#12052,4.E-02);
#12052 = AXIS2_PLACEMENT_3D('',#12053,#12054,#12055);
#12053 = CARTESIAN_POINT('',(13.149997663099,13.050001615924,
    0.259999975959));
#12054 = DIRECTION('',(-3.82137275408E-15,4.371140912996E-08,1.));
#12055 = DIRECTION('',(-8.742277657348E-08,1.,-4.371140912996E-08));
#12056 = PLANE('',#12057);
#12057 = AXIS2_PLACEMENT_3D('',#12058,#12059,#12060);
#12058 = CARTESIAN_POINT('',(13.249997711182,12.500001624667,0.26));
#12059 = DIRECTION('',(-3.82137275408E-15,4.371140912996E-08,1.));
#12060 = DIRECTION('',(-8.742277657348E-08,1.,-4.371140912996E-08));
#12061 = ADVANCED_FACE('',(#12062),#12074,.T.);
#12062 = FACE_BOUND('',#12063,.T.);
#12063 = EDGE_LOOP('',(#12064,#12065,#12066,#12067));
#12064 = ORIENTED_EDGE('',*,*,#11228,.F.);
#12065 = ORIENTED_EDGE('',*,*,#12050,.T.);
#12066 = ORIENTED_EDGE('',*,*,#11245,.T.);
#12067 = ORIENTED_EDGE('',*,*,#12068,.F.);
#12068 = EDGE_CURVE('',#11229,#11237,#12069,.T.);
#12069 = CIRCLE('',#12070,4.E-02);
#12070 = AXIS2_PLACEMENT_3D('',#12071,#12072,#12073);
#12071 = CARTESIAN_POINT('',(13.149997663099,13.050001616799,
    0.279999975959));
#12072 = DIRECTION('',(-3.82137275408E-15,4.371140912996E-08,1.));
#12073 = DIRECTION('',(-8.742277657348E-08,1.,-4.371140912996E-08));
#12074 = CYLINDRICAL_SURFACE('',#12075,4.E-02);
#12075 = AXIS2_PLACEMENT_3D('',#12076,#12077,#12078);
#12076 = CARTESIAN_POINT('',(13.149997663099,13.050001615924,
    0.259999975959));
#12077 = DIRECTION('',(-3.82137275408E-15,4.371140912996E-08,1.));
#12078 = DIRECTION('',(-8.742277657348E-08,1.,-4.371140912996E-08));
#12079 = ADVANCED_FACE('',(#12080),#12084,.T.);
#12080 = FACE_BOUND('',#12081,.T.);
#12081 = EDGE_LOOP('',(#12082,#12083));
#12082 = ORIENTED_EDGE('',*,*,#11236,.T.);
#12083 = ORIENTED_EDGE('',*,*,#12068,.T.);
#12084 = PLANE('',#12085);
#12085 = AXIS2_PLACEMENT_3D('',#12086,#12087,#12088);
#12086 = CARTESIAN_POINT('',(11.249997711182,12.500001450695,0.28));
#12087 = DIRECTION('',(-3.82137275408E-15,4.371140912996E-08,1.));
#12088 = DIRECTION('',(-8.742277657348E-08,1.,-4.371140912996E-08));
#12089 = ADVANCED_FACE('',(#12090),#12102,.F.);
#12090 = FACE_BOUND('',#12091,.F.);
#12091 = EDGE_LOOP('',(#12092,#12093,#12094,#12101));
#12092 = ORIENTED_EDGE('',*,*,#12035,.F.);
#12093 = ORIENTED_EDGE('',*,*,#11399,.T.);
#12094 = ORIENTED_EDGE('',*,*,#12095,.F.);
#12095 = EDGE_CURVE('',#11320,#11360,#12096,.T.);
#12096 = CIRCLE('',#12097,0.245);
#12097 = AXIS2_PLACEMENT_3D('',#12098,#12099,#12100);
#12098 = CARTESIAN_POINT('',(13.249997711182,12.500001614176,2.E-02));
#12099 = DIRECTION('',(3.82137275408E-15,-4.371140912996E-08,-1.));
#12100 = DIRECTION('',(-8.742277657348E-08,1.,-4.371140912996E-08));
#12101 = ORIENTED_EDGE('',*,*,#11327,.F.);
#12102 = CYLINDRICAL_SURFACE('',#12103,0.245);
#12103 = AXIS2_PLACEMENT_3D('',#12104,#12105,#12106);
#12104 = CARTESIAN_POINT('',(13.249997711182,12.500001648271,0.8));
#12105 = DIRECTION('',(3.82137275408E-15,-4.371140912996E-08,-1.));
#12106 = DIRECTION('',(8.742277657348E-08,-1.,4.371140912996E-08));
#12107 = ADVANCED_FACE('',(#12108),#12169,.T.);
#12108 = FACE_BOUND('',#12109,.T.);
#12109 = EDGE_LOOP('',(#12110,#12111,#12112,#12121,#12129,#12137,#12145,
    #12153,#12161,#12168));
#12110 = ORIENTED_EDGE('',*,*,#11286,.T.);
#12111 = ORIENTED_EDGE('',*,*,#11431,.T.);
#12112 = ORIENTED_EDGE('',*,*,#12113,.T.);
#12113 = EDGE_CURVE('',#11424,#12114,#12116,.T.);
#12114 = VERTEX_POINT('',#12115);
#12115 = CARTESIAN_POINT('',(11.349997684148,12.809234369994,
    1.999998648299E-02));
#12116 = CIRCLE('',#12117,0.325);
#12117 = AXIS2_PLACEMENT_3D('',#12118,#12119,#12120);
#12118 = CARTESIAN_POINT('',(11.249997711182,12.50000143933,2.E-02));
#12119 = DIRECTION('',(3.82137275408E-15,-4.371140912996E-08,-1.));
#12120 = DIRECTION('',(8.742277657348E-08,-1.,4.371140912996E-08));
#12121 = ORIENTED_EDGE('',*,*,#12122,.T.);
#12122 = EDGE_CURVE('',#12114,#12123,#12125,.T.);
#12123 = VERTEX_POINT('',#12124);
#12124 = CARTESIAN_POINT('',(11.349997663099,13.050001448073,
    1.999997595872E-02));
#12125 = LINE('',#12126,#12127);
#12126 = CARTESIAN_POINT('',(11.349997684148,12.809234369994,
    1.999998648299E-02));
#12127 = VECTOR('',#12128,1.);
#12128 = DIRECTION('',(-8.742277612316E-08,1.,-4.371140912996E-08));
#12129 = ORIENTED_EDGE('',*,*,#12130,.T.);
#12130 = EDGE_CURVE('',#12123,#12131,#12133,.T.);
#12131 = VERTEX_POINT('',#12132);
#12132 = CARTESIAN_POINT('',(11.749997663099,13.050001483042,
    1.999997595872E-02));
#12133 = LINE('',#12134,#12135);
#12134 = CARTESIAN_POINT('',(11.349997663099,13.050001448073,
    1.999997595872E-02));
#12135 = VECTOR('',#12136,1.);
#12136 = DIRECTION('',(1.,8.742277657348E-08,-9.466853158302E-31));
#12137 = ORIENTED_EDGE('',*,*,#12138,.T.);
#12138 = EDGE_CURVE('',#12131,#12139,#12141,.T.);
#12139 = VERTEX_POINT('',#12140);
#12140 = CARTESIAN_POINT('',(11.749997759264,11.950001483042,
    2.000002404128E-02));
#12141 = LINE('',#12142,#12143);
#12142 = CARTESIAN_POINT('',(11.749997663099,13.050001483042,
    1.999997595872E-02));
#12143 = VECTOR('',#12144,1.);
#12144 = DIRECTION('',(8.742277637635E-08,-1.,4.371140912996E-08));
#12145 = ORIENTED_EDGE('',*,*,#12146,.T.);
#12146 = EDGE_CURVE('',#12139,#12147,#12149,.T.);
#12147 = VERTEX_POINT('',#12148);
#12148 = CARTESIAN_POINT('',(11.349997759264,11.950001448073,
    2.000002404128E-02));
#12149 = LINE('',#12150,#12151);
#12150 = CARTESIAN_POINT('',(11.749997759264,11.950001483042,
    2.000002404128E-02));
#12151 = VECTOR('',#12152,1.);
#12152 = DIRECTION('',(-1.,-8.742277684453E-08,1.184800213196E-23));
#12153 = ORIENTED_EDGE('',*,*,#12154,.T.);
#12154 = EDGE_CURVE('',#12147,#12155,#12157,.T.);
#12155 = VERTEX_POINT('',#12156);
#12156 = CARTESIAN_POINT('',(11.349997738216,12.190768526151,
    2.000001351701E-02));
#12157 = LINE('',#12158,#12159);
#12158 = CARTESIAN_POINT('',(11.349997759264,11.950001448073,
    2.000002404128E-02));
#12159 = VECTOR('',#12160,1.);
#12160 = DIRECTION('',(-8.742277657348E-08,1.,-4.371140912996E-08));
#12161 = ORIENTED_EDGE('',*,*,#12162,.T.);
#12162 = EDGE_CURVE('',#12155,#11510,#12163,.T.);
#12163 = CIRCLE('',#12164,0.325);
#12164 = AXIS2_PLACEMENT_3D('',#12165,#12166,#12167);
#12165 = CARTESIAN_POINT('',(11.249997711182,12.50000143933,2.E-02));
#12166 = DIRECTION('',(3.82137275408E-15,-4.371140912996E-08,-1.));
#12167 = DIRECTION('',(8.742277657348E-08,-1.,4.371140912996E-08));
#12168 = ORIENTED_EDGE('',*,*,#11509,.T.);
#12169 = PLANE('',#12170);
#12170 = AXIS2_PLACEMENT_3D('',#12171,#12172,#12173);
#12171 = CARTESIAN_POINT('',(11.249997711182,12.50000143933,2.E-02));
#12172 = DIRECTION('',(3.82137275408E-15,-4.371140912996E-08,-1.));
#12173 = DIRECTION('',(8.742277657348E-08,-1.,4.371140912996E-08));
#12174 = ADVANCED_FACE('',(#12175),#12191,.F.);
#12175 = FACE_BOUND('',#12176,.T.);
#12176 = EDGE_LOOP('',(#12177,#12178,#12184,#12185));
#12177 = ORIENTED_EDGE('',*,*,#11850,.T.);
#12178 = ORIENTED_EDGE('',*,*,#12179,.F.);
#12179 = EDGE_CURVE('',#12147,#11843,#12180,.T.);
#12180 = LINE('',#12181,#12182);
#12181 = CARTESIAN_POINT('',(11.349997759264,11.950001448073,
    2.000002404128E-02));
#12182 = VECTOR('',#12183,1.);
#12183 = DIRECTION('',(3.82137275408E-15,-4.371140912996E-08,-1.));
#12184 = ORIENTED_EDGE('',*,*,#12146,.F.);
#12185 = ORIENTED_EDGE('',*,*,#12186,.T.);
#12186 = EDGE_CURVE('',#12139,#11851,#12187,.T.);
#12187 = LINE('',#12188,#12189);
#12188 = CARTESIAN_POINT('',(11.749997759264,11.950001483042,
    2.000002404128E-02));
#12189 = VECTOR('',#12190,1.);
#12190 = DIRECTION('',(3.82137275408E-15,-4.371140912996E-08,-1.));
#12191 = PLANE('',#12192);
#12192 = AXIS2_PLACEMENT_3D('',#12193,#12194,#12195);
#12193 = CARTESIAN_POINT('',(11.749997759264,11.950001483042,
    2.000002404128E-02));
#12194 = DIRECTION('',(8.742277684453E-08,-1.,4.371140912996E-08));
#12195 = DIRECTION('',(1.,8.742277684453E-08,-1.184800213196E-23));
#12196 = ADVANCED_FACE('',(#12197),#12208,.F.);
#12197 = FACE_BOUND('',#12198,.T.);
#12198 = EDGE_LOOP('',(#12199,#12200,#12201,#12202));
#12199 = ORIENTED_EDGE('',*,*,#11858,.T.);
#12200 = ORIENTED_EDGE('',*,*,#12186,.F.);
#12201 = ORIENTED_EDGE('',*,*,#12138,.F.);
#12202 = ORIENTED_EDGE('',*,*,#12203,.T.);
#12203 = EDGE_CURVE('',#12131,#11859,#12204,.T.);
#12204 = LINE('',#12205,#12206);
#12205 = CARTESIAN_POINT('',(11.749997663099,13.050001483042,
    1.999997595872E-02));
#12206 = VECTOR('',#12207,1.);
#12207 = DIRECTION('',(3.82137275408E-15,-4.371140912996E-08,-1.));
#12208 = PLANE('',#12209);
#12209 = AXIS2_PLACEMENT_3D('',#12210,#12211,#12212);
#12210 = CARTESIAN_POINT('',(11.749997663099,13.050001483042,
    1.999997595872E-02));
#12211 = DIRECTION('',(1.,8.742277637635E-08,8.616727188062E-24));
#12212 = DIRECTION('',(-8.742277637635E-08,1.,-4.371140912996E-08));
#12213 = ADVANCED_FACE('',(#12214),#12225,.F.);
#12214 = FACE_BOUND('',#12215,.T.);
#12215 = EDGE_LOOP('',(#12216,#12217,#12218,#12219));
#12216 = ORIENTED_EDGE('',*,*,#11866,.T.);
#12217 = ORIENTED_EDGE('',*,*,#12203,.F.);
#12218 = ORIENTED_EDGE('',*,*,#12130,.F.);
#12219 = ORIENTED_EDGE('',*,*,#12220,.T.);
#12220 = EDGE_CURVE('',#12123,#11757,#12221,.T.);
#12221 = LINE('',#12222,#12223);
#12222 = CARTESIAN_POINT('',(11.349997663099,13.050001448073,
    1.999997595872E-02));
#12223 = VECTOR('',#12224,1.);
#12224 = DIRECTION('',(3.82137275408E-15,-4.371140912996E-08,-1.));
#12225 = PLANE('',#12226);
#12226 = AXIS2_PLACEMENT_3D('',#12227,#12228,#12229);
#12227 = CARTESIAN_POINT('',(11.349997663099,13.050001448073,
    1.999997595872E-02));
#12228 = DIRECTION('',(-8.742277657348E-08,1.,-4.371140912996E-08));
#12229 = DIRECTION('',(-1.,-8.742277657348E-08,9.466853158302E-31));
#12230 = ADVANCED_FACE('',(#12231),#12242,.F.);
#12231 = FACE_BOUND('',#12232,.T.);
#12232 = EDGE_LOOP('',(#12233,#12234,#12235,#12236));
#12233 = ORIENTED_EDGE('',*,*,#11754,.T.);
#12234 = ORIENTED_EDGE('',*,*,#12220,.F.);
#12235 = ORIENTED_EDGE('',*,*,#12122,.F.);
#12236 = ORIENTED_EDGE('',*,*,#12237,.T.);
#12237 = EDGE_CURVE('',#12114,#11755,#12238,.T.);
#12238 = LINE('',#12239,#12240);
#12239 = CARTESIAN_POINT('',(11.349997684148,12.809234369994,
    1.999998648299E-02));
#12240 = VECTOR('',#12241,1.);
#12241 = DIRECTION('',(3.82137275408E-15,-4.371140912996E-08,-1.));
#12242 = PLANE('',#12243);
#12243 = AXIS2_PLACEMENT_3D('',#12244,#12245,#12246);
#12244 = CARTESIAN_POINT('',(11.349997684148,12.809234369994,
    1.999998648299E-02));
#12245 = DIRECTION('',(-1.,-8.742277612316E-08,-1.968375528747E-23));
#12246 = DIRECTION('',(8.742277612316E-08,-1.,4.371140912996E-08));
#12247 = ADVANCED_FACE('',(#12248),#12254,.F.);
#12248 = FACE_BOUND('',#12249,.F.);
#12249 = EDGE_LOOP('',(#12250,#12251,#12252,#12253));
#12250 = ORIENTED_EDGE('',*,*,#11423,.F.);
#12251 = ORIENTED_EDGE('',*,*,#12113,.T.);
#12252 = ORIENTED_EDGE('',*,*,#12237,.T.);
#12253 = ORIENTED_EDGE('',*,*,#11764,.F.);
#12254 = CYLINDRICAL_SURFACE('',#12255,0.325);
#12255 = AXIS2_PLACEMENT_3D('',#12256,#12257,#12258);
#12256 = CARTESIAN_POINT('',(11.249997711182,12.50000143933,2.E-02));
#12257 = DIRECTION('',(3.82137275408E-15,-4.371140912996E-08,-1.));
#12258 = DIRECTION('',(8.742277657348E-08,-1.,4.371140912996E-08));
#12259 = ADVANCED_FACE('',(#12260),#12271,.F.);
#12260 = FACE_BOUND('',#12261,.F.);
#12261 = EDGE_LOOP('',(#12262,#12268,#12269,#12270));
#12262 = ORIENTED_EDGE('',*,*,#12263,.F.);
#12263 = EDGE_CURVE('',#12155,#11834,#12264,.T.);
#12264 = LINE('',#12265,#12266);
#12265 = CARTESIAN_POINT('',(11.349997738216,12.190768526151,
    2.000001351701E-02));
#12266 = VECTOR('',#12267,1.);
#12267 = DIRECTION('',(3.82137275408E-15,-4.371140912996E-08,-1.));
#12268 = ORIENTED_EDGE('',*,*,#12162,.T.);
#12269 = ORIENTED_EDGE('',*,*,#11517,.T.);
#12270 = ORIENTED_EDGE('',*,*,#11833,.F.);
#12271 = CYLINDRICAL_SURFACE('',#12272,0.325);
#12272 = AXIS2_PLACEMENT_3D('',#12273,#12274,#12275);
#12273 = CARTESIAN_POINT('',(11.249997711182,12.50000143933,2.E-02));
#12274 = DIRECTION('',(3.82137275408E-15,-4.371140912996E-08,-1.));
#12275 = DIRECTION('',(8.742277657348E-08,-1.,4.371140912996E-08));
#12276 = ADVANCED_FACE('',(#12277),#12283,.F.);
#12277 = FACE_BOUND('',#12278,.T.);
#12278 = EDGE_LOOP('',(#12279,#12280,#12281,#12282));
#12279 = ORIENTED_EDGE('',*,*,#11842,.T.);
#12280 = ORIENTED_EDGE('',*,*,#12263,.F.);
#12281 = ORIENTED_EDGE('',*,*,#12154,.F.);
#12282 = ORIENTED_EDGE('',*,*,#12179,.T.);
#12283 = PLANE('',#12284);
#12284 = AXIS2_PLACEMENT_3D('',#12285,#12286,#12287);
#12285 = CARTESIAN_POINT('',(11.349997759264,11.950001448073,
    2.000002404128E-02));
#12286 = DIRECTION('',(-1.,-8.742277657348E-08,9.466853158302E-31));
#12287 = DIRECTION('',(8.742277657348E-08,-1.,4.371140912996E-08));
#12288 = ADVANCED_FACE('',(#12289),#12350,.F.);
#12289 = FACE_BOUND('',#12290,.T.);
#12290 = EDGE_LOOP('',(#12291,#12292,#12301,#12309,#12317,#12325,#12333,
    #12341,#12348,#12349));
#12291 = ORIENTED_EDGE('',*,*,#11319,.T.);
#12292 = ORIENTED_EDGE('',*,*,#12293,.T.);
#12293 = EDGE_CURVE('',#11312,#12294,#12296,.T.);
#12294 = VERTEX_POINT('',#12295);
#12295 = CARTESIAN_POINT('',(13.149997738216,12.190768683512,
    2.000001351701E-02));
#12296 = CIRCLE('',#12297,0.325);
#12297 = AXIS2_PLACEMENT_3D('',#12298,#12299,#12300);
#12298 = CARTESIAN_POINT('',(13.249997711182,12.500001614176,2.E-02));
#12299 = DIRECTION('',(3.82137275408E-15,-4.371140912996E-08,-1.));
#12300 = DIRECTION('',(-8.742277657348E-08,1.,-4.371140912996E-08));
#12301 = ORIENTED_EDGE('',*,*,#12302,.T.);
#12302 = EDGE_CURVE('',#12294,#12303,#12305,.T.);
#12303 = VERTEX_POINT('',#12304);
#12304 = CARTESIAN_POINT('',(13.149997759264,11.950001605434,
    2.000002404128E-02));
#12305 = LINE('',#12306,#12307);
#12306 = CARTESIAN_POINT('',(13.149997759264,11.950001605434,
    2.000002404128E-02));
#12307 = VECTOR('',#12308,1.);
#12308 = DIRECTION('',(8.742277657348E-08,-1.,4.371140912996E-08));
#12309 = ORIENTED_EDGE('',*,*,#12310,.T.);
#12310 = EDGE_CURVE('',#12303,#12311,#12313,.T.);
#12311 = VERTEX_POINT('',#12312);
#12312 = CARTESIAN_POINT('',(12.749997759264,11.950001570465,
    2.000002404128E-02));
#12313 = LINE('',#12314,#12315);
#12314 = CARTESIAN_POINT('',(12.749997759264,11.950001570465,
    2.000002404128E-02));
#12315 = VECTOR('',#12316,1.);
#12316 = DIRECTION('',(-1.,-8.742277630242E-08,-1.184800023859E-23));
#12317 = ORIENTED_EDGE('',*,*,#12318,.T.);
#12318 = EDGE_CURVE('',#12311,#12319,#12321,.T.);
#12319 = VERTEX_POINT('',#12320);
#12320 = CARTESIAN_POINT('',(12.749997663099,13.050001570465,
    1.999997595872E-02));
#12321 = LINE('',#12322,#12323);
#12322 = CARTESIAN_POINT('',(12.749997663099,13.050001570465,
    1.999997595872E-02));
#12323 = VECTOR('',#12324,1.);
#12324 = DIRECTION('',(-8.74227767706E-08,1.,-4.371140912996E-08));
#12325 = ORIENTED_EDGE('',*,*,#12326,.T.);
#12326 = EDGE_CURVE('',#12319,#12327,#12329,.T.);
#12327 = VERTEX_POINT('',#12328);
#12328 = CARTESIAN_POINT('',(13.149997663099,13.050001605434,
    1.999997595872E-02));
#12329 = LINE('',#12330,#12331);
#12330 = CARTESIAN_POINT('',(13.149997663099,13.050001605434,
    1.999997595872E-02));
#12331 = VECTOR('',#12332,1.);
#12332 = DIRECTION('',(1.,8.742277657348E-08,-9.466853158302E-31));
#12333 = ORIENTED_EDGE('',*,*,#12334,.T.);
#12334 = EDGE_CURVE('',#12327,#12335,#12337,.T.);
#12335 = VERTEX_POINT('',#12336);
#12336 = CARTESIAN_POINT('',(13.149997684148,12.809234527355,
    1.999998648299E-02));
#12337 = LINE('',#12338,#12339);
#12338 = CARTESIAN_POINT('',(13.149997684148,12.809234527355,
    1.999998648299E-02));
#12339 = VECTOR('',#12340,1.);
#12340 = DIRECTION('',(8.742277702379E-08,-1.,4.371140912996E-08));
#12341 = ORIENTED_EDGE('',*,*,#12342,.T.);
#12342 = EDGE_CURVE('',#12335,#11358,#12343,.T.);
#12343 = CIRCLE('',#12344,0.325);
#12344 = AXIS2_PLACEMENT_3D('',#12345,#12346,#12347);
#12345 = CARTESIAN_POINT('',(13.249997711182,12.500001614176,2.E-02));
#12346 = DIRECTION('',(3.82137275408E-15,-4.371140912996E-08,-1.));
#12347 = DIRECTION('',(-8.742277657348E-08,1.,-4.371140912996E-08));
#12348 = ORIENTED_EDGE('',*,*,#11357,.T.);
#12349 = ORIENTED_EDGE('',*,*,#12095,.F.);
#12350 = PLANE('',#12351);
#12351 = AXIS2_PLACEMENT_3D('',#12352,#12353,#12354);
#12352 = CARTESIAN_POINT('',(13.249997711182,12.500001614176,2.E-02));
#12353 = DIRECTION('',(-3.82137275408E-15,4.371140912996E-08,1.));
#12354 = DIRECTION('',(-8.742277657348E-08,1.,-4.371140912996E-08));
#12355 = ADVANCED_FACE('',(#12356),#12367,.F.);
#12356 = FACE_BOUND('',#12357,.F.);
#12357 = EDGE_LOOP('',(#12358,#12364,#12365,#12366));
#12358 = ORIENTED_EDGE('',*,*,#12359,.F.);
#12359 = EDGE_CURVE('',#12335,#11775,#12360,.T.);
#12360 = LINE('',#12361,#12362);
#12361 = CARTESIAN_POINT('',(13.149997684148,12.809234527355,
    1.999998648299E-02));
#12362 = VECTOR('',#12363,1.);
#12363 = DIRECTION('',(3.82137275408E-15,-4.371140912996E-08,-1.));
#12364 = ORIENTED_EDGE('',*,*,#12342,.T.);
#12365 = ORIENTED_EDGE('',*,*,#11367,.T.);
#12366 = ORIENTED_EDGE('',*,*,#11774,.F.);
#12367 = CYLINDRICAL_SURFACE('',#12368,0.325);
#12368 = AXIS2_PLACEMENT_3D('',#12369,#12370,#12371);
#12369 = CARTESIAN_POINT('',(13.249997711182,12.500001614176,2.E-02));
#12370 = DIRECTION('',(3.82137275408E-15,-4.371140912996E-08,-1.));
#12371 = DIRECTION('',(8.742277657348E-08,-1.,4.371140912996E-08));
#12372 = ADVANCED_FACE('',(#12373),#12384,.F.);
#12373 = FACE_BOUND('',#12374,.T.);
#12374 = EDGE_LOOP('',(#12375,#12376,#12377,#12378));
#12375 = ORIENTED_EDGE('',*,*,#11783,.T.);
#12376 = ORIENTED_EDGE('',*,*,#12359,.F.);
#12377 = ORIENTED_EDGE('',*,*,#12334,.F.);
#12378 = ORIENTED_EDGE('',*,*,#12379,.T.);
#12379 = EDGE_CURVE('',#12327,#11784,#12380,.T.);
#12380 = LINE('',#12381,#12382);
#12381 = CARTESIAN_POINT('',(13.149997663099,13.050001605434,
    1.999997595872E-02));
#12382 = VECTOR('',#12383,1.);
#12383 = DIRECTION('',(3.82137275408E-15,-4.371140912996E-08,-1.));
#12384 = PLANE('',#12385);
#12385 = AXIS2_PLACEMENT_3D('',#12386,#12387,#12388);
#12386 = CARTESIAN_POINT('',(13.149997684148,12.809234527355,
    1.999998648299E-02));
#12387 = DIRECTION('',(1.,8.742277702379E-08,-1.968375718084E-23));
#12388 = DIRECTION('',(-8.742277702379E-08,1.,-4.371140912996E-08));
#12389 = ADVANCED_FACE('',(#12390),#12401,.F.);
#12390 = FACE_BOUND('',#12391,.T.);
#12391 = EDGE_LOOP('',(#12392,#12393,#12394,#12395));
#12392 = ORIENTED_EDGE('',*,*,#11791,.T.);
#12393 = ORIENTED_EDGE('',*,*,#12379,.F.);
#12394 = ORIENTED_EDGE('',*,*,#12326,.F.);
#12395 = ORIENTED_EDGE('',*,*,#12396,.T.);
#12396 = EDGE_CURVE('',#12319,#11792,#12397,.T.);
#12397 = LINE('',#12398,#12399);
#12398 = CARTESIAN_POINT('',(12.749997663099,13.050001570465,
    1.999997595872E-02));
#12399 = VECTOR('',#12400,1.);
#12400 = DIRECTION('',(3.82137275408E-15,-4.371140912996E-08,-1.));
#12401 = PLANE('',#12402);
#12402 = AXIS2_PLACEMENT_3D('',#12403,#12404,#12405);
#12403 = CARTESIAN_POINT('',(13.149997663099,13.050001605434,
    1.999997595872E-02));
#12404 = DIRECTION('',(-8.742277657348E-08,1.,-4.371140912996E-08));
#12405 = DIRECTION('',(-1.,-8.742277657348E-08,9.466853158302E-31));
#12406 = ADVANCED_FACE('',(#12407),#12418,.F.);
#12407 = FACE_BOUND('',#12408,.T.);
#12408 = EDGE_LOOP('',(#12409,#12410,#12411,#12412));
#12409 = ORIENTED_EDGE('',*,*,#11799,.T.);
#12410 = ORIENTED_EDGE('',*,*,#12396,.F.);
#12411 = ORIENTED_EDGE('',*,*,#12318,.F.);
#12412 = ORIENTED_EDGE('',*,*,#12413,.T.);
#12413 = EDGE_CURVE('',#12311,#11800,#12414,.T.);
#12414 = LINE('',#12415,#12416);
#12415 = CARTESIAN_POINT('',(12.749997759264,11.950001570465,
    2.000002404128E-02));
#12416 = VECTOR('',#12417,1.);
#12417 = DIRECTION('',(3.82137275408E-15,-4.371140912996E-08,-1.));
#12418 = PLANE('',#12419);
#12419 = AXIS2_PLACEMENT_3D('',#12420,#12421,#12422);
#12420 = CARTESIAN_POINT('',(12.749997663099,13.050001570465,
    1.999997595872E-02));
#12421 = DIRECTION('',(-1.,-8.74227767706E-08,8.616729081432E-24));
#12422 = DIRECTION('',(8.74227767706E-08,-1.,4.371140912996E-08));
#12423 = ADVANCED_FACE('',(#12424),#12435,.F.);
#12424 = FACE_BOUND('',#12425,.T.);
#12425 = EDGE_LOOP('',(#12426,#12427,#12428,#12429));
#12426 = ORIENTED_EDGE('',*,*,#11807,.T.);
#12427 = ORIENTED_EDGE('',*,*,#12413,.F.);
#12428 = ORIENTED_EDGE('',*,*,#12310,.F.);
#12429 = ORIENTED_EDGE('',*,*,#12430,.T.);
#12430 = EDGE_CURVE('',#12303,#11808,#12431,.T.);
#12431 = LINE('',#12432,#12433);
#12432 = CARTESIAN_POINT('',(13.149997759264,11.950001605434,
    2.000002404128E-02));
#12433 = VECTOR('',#12434,1.);
#12434 = DIRECTION('',(3.82137275408E-15,-4.371140912996E-08,-1.));
#12435 = PLANE('',#12436);
#12436 = AXIS2_PLACEMENT_3D('',#12437,#12438,#12439);
#12437 = CARTESIAN_POINT('',(12.749997759264,11.950001570465,
    2.000002404128E-02));
#12438 = DIRECTION('',(8.742277630242E-08,-1.,4.371140912996E-08));
#12439 = DIRECTION('',(1.,8.742277630242E-08,1.184800023859E-23));
#12440 = ADVANCED_FACE('',(#12441),#12452,.F.);
#12441 = FACE_BOUND('',#12442,.T.);
#12442 = EDGE_LOOP('',(#12443,#12444,#12445,#12446));
#12443 = ORIENTED_EDGE('',*,*,#11815,.T.);
#12444 = ORIENTED_EDGE('',*,*,#12430,.F.);
#12445 = ORIENTED_EDGE('',*,*,#12302,.F.);
#12446 = ORIENTED_EDGE('',*,*,#12447,.T.);
#12447 = EDGE_CURVE('',#12294,#11816,#12448,.T.);
#12448 = LINE('',#12449,#12450);
#12449 = CARTESIAN_POINT('',(13.149997738216,12.190768683512,
    2.000001351701E-02));
#12450 = VECTOR('',#12451,1.);
#12451 = DIRECTION('',(3.82137275408E-15,-4.371140912996E-08,-1.));
#12452 = PLANE('',#12453);
#12453 = AXIS2_PLACEMENT_3D('',#12454,#12455,#12456);
#12454 = CARTESIAN_POINT('',(13.149997759264,11.950001605434,
    2.000002404128E-02));
#12455 = DIRECTION('',(1.,8.742277657348E-08,-9.466853158302E-31));
#12456 = DIRECTION('',(-8.742277657348E-08,1.,-4.371140912996E-08));
#12457 = ADVANCED_FACE('',(#12458),#12464,.F.);
#12458 = FACE_BOUND('',#12459,.F.);
#12459 = EDGE_LOOP('',(#12460,#12461,#12462,#12463));
#12460 = ORIENTED_EDGE('',*,*,#11311,.F.);
#12461 = ORIENTED_EDGE('',*,*,#12293,.T.);
#12462 = ORIENTED_EDGE('',*,*,#12447,.T.);
#12463 = ORIENTED_EDGE('',*,*,#11823,.F.);
#12464 = CYLINDRICAL_SURFACE('',#12465,0.325);
#12465 = AXIS2_PLACEMENT_3D('',#12466,#12467,#12468);
#12466 = CARTESIAN_POINT('',(13.249997711182,12.500001614176,2.E-02));
#12467 = DIRECTION('',(3.82137275408E-15,-4.371140912996E-08,-1.));
#12468 = DIRECTION('',(8.742277657348E-08,-1.,4.371140912996E-08));
#12469 = ADVANCED_FACE('',(#12470),#12495,.F.);
#12470 = FACE_BOUND('',#12471,.T.);
#12471 = EDGE_LOOP('',(#12472,#12473,#12481,#12489));
#12472 = ORIENTED_EDGE('',*,*,#11698,.T.);
#12473 = ORIENTED_EDGE('',*,*,#12474,.F.);
#12474 = EDGE_CURVE('',#12475,#11689,#12477,.T.);
#12475 = VERTEX_POINT('',#12476);
#12476 = CARTESIAN_POINT('',(12.149997767832,11.852001521508,
    0.100000028325));
#12477 = LINE('',#12478,#12479);
#12478 = CARTESIAN_POINT('',(12.149997767832,11.852001521508,
    0.100000028325));
#12479 = VECTOR('',#12480,1.);
#12480 = DIRECTION('',(3.82137275408E-15,-4.371140912996E-08,-1.));
#12481 = ORIENTED_EDGE('',*,*,#12482,.F.);
#12482 = EDGE_CURVE('',#12483,#12475,#12485,.T.);
#12483 = VERTEX_POINT('',#12484);
#12484 = CARTESIAN_POINT('',(12.349997767832,11.852001538992,
    0.100000028325));
#12485 = LINE('',#12486,#12487);
#12486 = CARTESIAN_POINT('',(12.149997767832,11.852001521508,
    0.100000028325));
#12487 = VECTOR('',#12488,1.);
#12488 = DIRECTION('',(-1.,-8.742277657348E-08,9.466853158302E-31));
#12489 = ORIENTED_EDGE('',*,*,#12490,.T.);
#12490 = EDGE_CURVE('',#12483,#11699,#12491,.T.);
#12491 = LINE('',#12492,#12493);
#12492 = CARTESIAN_POINT('',(12.349997767832,11.852001538992,
    0.100000028325));
#12493 = VECTOR('',#12494,1.);
#12494 = DIRECTION('',(3.82137275408E-15,-4.371140912996E-08,-1.));
#12495 = PLANE('',#12496);
#12496 = AXIS2_PLACEMENT_3D('',#12497,#12498,#12499);
#12497 = CARTESIAN_POINT('',(12.149997767832,11.852001521508,
    0.100000028325));
#12498 = DIRECTION('',(8.742277657348E-08,-1.,4.371140912996E-08));
#12499 = DIRECTION('',(1.,8.742277657348E-08,-9.466853158302E-31));
#12500 = ADVANCED_FACE('',(#12501),#12519,.F.);
#12501 = FACE_BOUND('',#12502,.T.);
#12502 = EDGE_LOOP('',(#12503,#12504,#12505,#12513));
#12503 = ORIENTED_EDGE('',*,*,#11706,.T.);
#12504 = ORIENTED_EDGE('',*,*,#12490,.F.);
#12505 = ORIENTED_EDGE('',*,*,#12506,.F.);
#12506 = EDGE_CURVE('',#12507,#12483,#12509,.T.);
#12507 = VERTEX_POINT('',#12508);
#12508 = CARTESIAN_POINT('',(12.349997724295,12.350001538992,
    0.100000006557));
#12509 = LINE('',#12510,#12511);
#12510 = CARTESIAN_POINT('',(12.349997767832,11.852001538992,
    0.100000028325));
#12511 = VECTOR('',#12512,1.);
#12512 = DIRECTION('',(8.742277641019E-08,-1.,4.371140912996E-08));
#12513 = ORIENTED_EDGE('',*,*,#12514,.T.);
#12514 = EDGE_CURVE('',#12507,#11707,#12515,.T.);
#12515 = LINE('',#12516,#12517);
#12516 = CARTESIAN_POINT('',(12.349997724295,12.350001538992,
    0.100000006557));
#12517 = VECTOR('',#12518,1.);
#12518 = DIRECTION('',(3.82137275408E-15,-4.371140912996E-08,-1.));
#12519 = PLANE('',#12520);
#12520 = AXIS2_PLACEMENT_3D('',#12521,#12522,#12523);
#12521 = CARTESIAN_POINT('',(12.349997767832,11.852001538992,
    0.100000028325));
#12522 = DIRECTION('',(1.,8.742277641019E-08,7.137349164927E-24));
#12523 = DIRECTION('',(-8.742277641019E-08,1.,-4.371140912996E-08));
#12524 = ADVANCED_FACE('',(#12525),#12543,.F.);
#12525 = FACE_BOUND('',#12526,.T.);
#12526 = EDGE_LOOP('',(#12527,#12528,#12529,#12537));
#12527 = ORIENTED_EDGE('',*,*,#11714,.T.);
#12528 = ORIENTED_EDGE('',*,*,#12514,.F.);
#12529 = ORIENTED_EDGE('',*,*,#12530,.F.);
#12530 = EDGE_CURVE('',#12531,#12507,#12533,.T.);
#12531 = VERTEX_POINT('',#12532);
#12532 = CARTESIAN_POINT('',(12.499997724295,12.350001552106,
    0.100000006557));
#12533 = LINE('',#12534,#12535);
#12534 = CARTESIAN_POINT('',(12.349997724295,12.350001538992,
    0.100000006557));
#12535 = VECTOR('',#12536,1.);
#12536 = DIRECTION('',(-1.,-8.742277657348E-08,9.466853158302E-31));
#12537 = ORIENTED_EDGE('',*,*,#12538,.T.);
#12538 = EDGE_CURVE('',#12531,#11715,#12539,.T.);
#12539 = LINE('',#12540,#12541);
#12540 = CARTESIAN_POINT('',(12.499997724295,12.350001552106,
    0.100000006557));
#12541 = VECTOR('',#12542,1.);
#12542 = DIRECTION('',(3.82137275408E-15,-4.371140912996E-08,-1.));
#12543 = PLANE('',#12544);
#12544 = AXIS2_PLACEMENT_3D('',#12545,#12546,#12547);
#12545 = CARTESIAN_POINT('',(12.349997724295,12.350001538992,
    0.100000006557));
#12546 = DIRECTION('',(8.742277657348E-08,-1.,4.371140912996E-08));
#12547 = DIRECTION('',(1.,8.742277657348E-08,-9.466853158302E-31));
#12548 = ADVANCED_FACE('',(#12549),#12567,.F.);
#12549 = FACE_BOUND('',#12550,.T.);
#12550 = EDGE_LOOP('',(#12551,#12552,#12553,#12561));
#12551 = ORIENTED_EDGE('',*,*,#11722,.T.);
#12552 = ORIENTED_EDGE('',*,*,#12538,.F.);
#12553 = ORIENTED_EDGE('',*,*,#12554,.F.);
#12554 = EDGE_CURVE('',#12555,#12531,#12557,.T.);
#12555 = VERTEX_POINT('',#12556);
#12556 = CARTESIAN_POINT('',(12.499997698068,12.650001552106,
    9.999999344329E-02));
#12557 = LINE('',#12558,#12559);
#12558 = CARTESIAN_POINT('',(12.499997724295,12.350001552106,
    0.100000006557));
#12559 = VECTOR('',#12560,1.);
#12560 = DIRECTION('',(8.742277657348E-08,-1.,4.371140912996E-08));
#12561 = ORIENTED_EDGE('',*,*,#12562,.T.);
#12562 = EDGE_CURVE('',#12555,#11723,#12563,.T.);
#12563 = LINE('',#12564,#12565);
#12564 = CARTESIAN_POINT('',(12.499997698068,12.650001552106,
    9.999999344329E-02));
#12565 = VECTOR('',#12566,1.);
#12566 = DIRECTION('',(3.82137275408E-15,-4.371140912996E-08,-1.));
#12567 = PLANE('',#12568);
#12568 = AXIS2_PLACEMENT_3D('',#12569,#12570,#12571);
#12569 = CARTESIAN_POINT('',(12.499997724295,12.350001552106,
    0.100000006557));
#12570 = DIRECTION('',(1.,8.742277657348E-08,-9.466853158302E-31));
#12571 = DIRECTION('',(-8.742277657348E-08,1.,-4.371140912996E-08));
#12572 = ADVANCED_FACE('',(#12573),#12591,.F.);
#12573 = FACE_BOUND('',#12574,.T.);
#12574 = EDGE_LOOP('',(#12575,#12576,#12577,#12585));
#12575 = ORIENTED_EDGE('',*,*,#11730,.T.);
#12576 = ORIENTED_EDGE('',*,*,#12562,.F.);
#12577 = ORIENTED_EDGE('',*,*,#12578,.F.);
#12578 = EDGE_CURVE('',#12579,#12555,#12581,.T.);
#12579 = VERTEX_POINT('',#12580);
#12580 = CARTESIAN_POINT('',(12.349997698068,12.650001538992,
    9.999999344329E-02));
#12581 = LINE('',#12582,#12583);
#12582 = CARTESIAN_POINT('',(12.349997698068,12.650001538992,
    9.999999344329E-02));
#12583 = VECTOR('',#12584,1.);
#12584 = DIRECTION('',(1.,8.742277657348E-08,-9.466853158302E-31));
#12585 = ORIENTED_EDGE('',*,*,#12586,.T.);
#12586 = EDGE_CURVE('',#12579,#11731,#12587,.T.);
#12587 = LINE('',#12588,#12589);
#12588 = CARTESIAN_POINT('',(12.349997698068,12.650001538992,
    9.999999344329E-02));
#12589 = VECTOR('',#12590,1.);
#12590 = DIRECTION('',(3.82137275408E-15,-4.371140912996E-08,-1.));
#12591 = PLANE('',#12592);
#12592 = AXIS2_PLACEMENT_3D('',#12593,#12594,#12595);
#12593 = CARTESIAN_POINT('',(12.349997698068,12.650001538992,
    9.999999344329E-02));
#12594 = DIRECTION('',(-8.742277657348E-08,1.,-4.371140912996E-08));
#12595 = DIRECTION('',(-1.,-8.742277657348E-08,9.466853158302E-31));
#12596 = ADVANCED_FACE('',(#12597),#12615,.F.);
#12597 = FACE_BOUND('',#12598,.T.);
#12598 = EDGE_LOOP('',(#12599,#12600,#12601,#12609));
#12599 = ORIENTED_EDGE('',*,*,#11738,.T.);
#12600 = ORIENTED_EDGE('',*,*,#12586,.F.);
#12601 = ORIENTED_EDGE('',*,*,#12602,.F.);
#12602 = EDGE_CURVE('',#12603,#12579,#12605,.T.);
#12603 = VERTEX_POINT('',#12604);
#12604 = CARTESIAN_POINT('',(12.349997654532,13.148001538992,
    9.999997167501E-02));
#12605 = LINE('',#12606,#12607);
#12606 = CARTESIAN_POINT('',(12.349997654532,13.148001538992,
    9.999997167501E-02));
#12607 = VECTOR('',#12608,1.);
#12608 = DIRECTION('',(8.742277673676E-08,-1.,4.371140912996E-08));
#12609 = ORIENTED_EDGE('',*,*,#12610,.T.);
#12610 = EDGE_CURVE('',#12603,#11739,#12611,.T.);
#12611 = LINE('',#12612,#12613);
#12612 = CARTESIAN_POINT('',(12.349997654532,13.148001538992,
    9.999997167501E-02));
#12613 = VECTOR('',#12614,1.);
#12614 = DIRECTION('',(3.82137275408E-15,-4.371140912996E-08,-1.));
#12615 = PLANE('',#12616);
#12616 = AXIS2_PLACEMENT_3D('',#12617,#12618,#12619);
#12617 = CARTESIAN_POINT('',(12.349997654532,13.148001538992,
    9.999997167501E-02));
#12618 = DIRECTION('',(1.,8.742277673676E-08,-7.137351058298E-24));
#12619 = DIRECTION('',(-8.742277673676E-08,1.,-4.371140912996E-08));
#12620 = ADVANCED_FACE('',(#12621),#12639,.F.);
#12621 = FACE_BOUND('',#12622,.T.);
#12622 = EDGE_LOOP('',(#12623,#12624,#12625,#12633));
#12623 = ORIENTED_EDGE('',*,*,#11746,.T.);
#12624 = ORIENTED_EDGE('',*,*,#12610,.F.);
#12625 = ORIENTED_EDGE('',*,*,#12626,.F.);
#12626 = EDGE_CURVE('',#12627,#12603,#12629,.T.);
#12627 = VERTEX_POINT('',#12628);
#12628 = CARTESIAN_POINT('',(12.149997654532,13.148001521508,
    9.999997167501E-02));
#12629 = LINE('',#12630,#12631);
#12630 = CARTESIAN_POINT('',(12.149997654532,13.148001521508,
    9.999997167501E-02));
#12631 = VECTOR('',#12632,1.);
#12632 = DIRECTION('',(1.,8.742277657348E-08,-9.466853158302E-31));
#12633 = ORIENTED_EDGE('',*,*,#12634,.T.);
#12634 = EDGE_CURVE('',#12627,#11691,#12635,.T.);
#12635 = LINE('',#12636,#12637);
#12636 = CARTESIAN_POINT('',(12.149997654532,13.148001521508,
    9.999997167501E-02));
#12637 = VECTOR('',#12638,1.);
#12638 = DIRECTION('',(3.82137275408E-15,-4.371140912996E-08,-1.));
#12639 = PLANE('',#12640);
#12640 = AXIS2_PLACEMENT_3D('',#12641,#12642,#12643);
#12641 = CARTESIAN_POINT('',(12.149997654532,13.148001521508,
    9.999997167501E-02));
#12642 = DIRECTION('',(-8.742277657348E-08,1.,-4.371140912996E-08));
#12643 = DIRECTION('',(-1.,-8.742277657348E-08,9.466853158302E-31));
#12644 = ADVANCED_FACE('',(#12645),#12656,.F.);
#12645 = FACE_BOUND('',#12646,.T.);
#12646 = EDGE_LOOP('',(#12647,#12648,#12649,#12655));
#12647 = ORIENTED_EDGE('',*,*,#11688,.T.);
#12648 = ORIENTED_EDGE('',*,*,#12634,.F.);
#12649 = ORIENTED_EDGE('',*,*,#12650,.F.);
#12650 = EDGE_CURVE('',#12475,#12627,#12651,.T.);
#12651 = LINE('',#12652,#12653);
#12652 = CARTESIAN_POINT('',(12.149997654532,13.148001521508,
    9.999997167501E-02));
#12653 = VECTOR('',#12654,1.);
#12654 = DIRECTION('',(-8.74227763225E-08,1.,-4.371140912996E-08));
#12655 = ORIENTED_EDGE('',*,*,#12474,.T.);
#12656 = PLANE('',#12657);
#12657 = AXIS2_PLACEMENT_3D('',#12658,#12659,#12660);
#12658 = CARTESIAN_POINT('',(12.149997654532,13.148001521508,
    9.999997167501E-02));
#12659 = DIRECTION('',(-1.,-8.74227763225E-08,-1.097037052116E-23));
#12660 = DIRECTION('',(8.74227763225E-08,-1.,4.371140912996E-08));
#12661 = ADVANCED_FACE('',(#12662),#12672,.F.);
#12662 = FACE_BOUND('',#12663,.T.);
#12663 = EDGE_LOOP('',(#12664,#12665,#12666,#12667,#12668,#12669,#12670,
    #12671));
#12664 = ORIENTED_EDGE('',*,*,#12482,.T.);
#12665 = ORIENTED_EDGE('',*,*,#12650,.T.);
#12666 = ORIENTED_EDGE('',*,*,#12626,.T.);
#12667 = ORIENTED_EDGE('',*,*,#12602,.T.);
#12668 = ORIENTED_EDGE('',*,*,#12578,.T.);
#12669 = ORIENTED_EDGE('',*,*,#12554,.T.);
#12670 = ORIENTED_EDGE('',*,*,#12530,.T.);
#12671 = ORIENTED_EDGE('',*,*,#12506,.T.);
#12672 = PLANE('',#12673);
#12673 = AXIS2_PLACEMENT_3D('',#12674,#12675,#12676);
#12674 = CARTESIAN_POINT('',(12.249997711182,12.50000153025,1.E-01));
#12675 = DIRECTION('',(-3.82137275408E-15,4.371140912996E-08,1.));
#12676 = DIRECTION('',(-8.742277657348E-08,1.,-4.371140912996E-08));
#12677 = MANIFOLD_SOLID_BREP('',#12678);
#12678 = CLOSED_SHELL('',(#12679,#12751,#12823,#12845,#12862,#12879,
    #12896,#12913,#12930,#12947));
#12679 = ADVANCED_FACE('',(#12680),#12746,.T.);
#12680 = FACE_BOUND('',#12681,.T.);
#12681 = EDGE_LOOP('',(#12682,#12692,#12700,#12708,#12716,#12724,#12732,
    #12740));
#12682 = ORIENTED_EDGE('',*,*,#12683,.F.);
#12683 = EDGE_CURVE('',#12684,#12686,#12688,.T.);
#12684 = VERTEX_POINT('',#12685);
#12685 = CARTESIAN_POINT('',(12.349997767832,11.852001538992,
    0.100000028325));
#12686 = VERTEX_POINT('',#12687);
#12687 = CARTESIAN_POINT('',(12.149997767832,11.852001521508,
    0.100000028325));
#12688 = LINE('',#12689,#12690);
#12689 = CARTESIAN_POINT('',(12.149997767832,11.852001521508,
    0.100000028325));
#12690 = VECTOR('',#12691,1.);
#12691 = DIRECTION('',(-1.,-8.742277657348E-08,9.466853158302E-31));
#12692 = ORIENTED_EDGE('',*,*,#12693,.F.);
#12693 = EDGE_CURVE('',#12694,#12684,#12696,.T.);
#12694 = VERTEX_POINT('',#12695);
#12695 = CARTESIAN_POINT('',(12.349997724295,12.350001538992,
    0.100000006557));
#12696 = LINE('',#12697,#12698);
#12697 = CARTESIAN_POINT('',(12.349997767832,11.852001538992,
    0.100000028325));
#12698 = VECTOR('',#12699,1.);
#12699 = DIRECTION('',(8.742277641019E-08,-1.,4.371140912996E-08));
#12700 = ORIENTED_EDGE('',*,*,#12701,.F.);
#12701 = EDGE_CURVE('',#12702,#12694,#12704,.T.);
#12702 = VERTEX_POINT('',#12703);
#12703 = CARTESIAN_POINT('',(12.499997724295,12.350001552106,
    0.100000006557));
#12704 = LINE('',#12705,#12706);
#12705 = CARTESIAN_POINT('',(12.349997724295,12.350001538992,
    0.100000006557));
#12706 = VECTOR('',#12707,1.);
#12707 = DIRECTION('',(-1.,-8.742277657348E-08,9.466853158302E-31));
#12708 = ORIENTED_EDGE('',*,*,#12709,.F.);
#12709 = EDGE_CURVE('',#12710,#12702,#12712,.T.);
#12710 = VERTEX_POINT('',#12711);
#12711 = CARTESIAN_POINT('',(12.499997698068,12.650001552106,
    9.999999344329E-02));
#12712 = LINE('',#12713,#12714);
#12713 = CARTESIAN_POINT('',(12.499997724295,12.350001552106,
    0.100000006557));
#12714 = VECTOR('',#12715,1.);
#12715 = DIRECTION('',(8.742277657348E-08,-1.,4.371140912996E-08));
#12716 = ORIENTED_EDGE('',*,*,#12717,.F.);
#12717 = EDGE_CURVE('',#12718,#12710,#12720,.T.);
#12718 = VERTEX_POINT('',#12719);
#12719 = CARTESIAN_POINT('',(12.349997698068,12.650001538992,
    9.999999344329E-02));
#12720 = LINE('',#12721,#12722);
#12721 = CARTESIAN_POINT('',(12.349997698068,12.650001538992,
    9.999999344329E-02));
#12722 = VECTOR('',#12723,1.);
#12723 = DIRECTION('',(1.,8.742277657348E-08,-9.466853158302E-31));
#12724 = ORIENTED_EDGE('',*,*,#12725,.F.);
#12725 = EDGE_CURVE('',#12726,#12718,#12728,.T.);
#12726 = VERTEX_POINT('',#12727);
#12727 = CARTESIAN_POINT('',(12.349997654532,13.148001538992,
    9.999997167501E-02));
#12728 = LINE('',#12729,#12730);
#12729 = CARTESIAN_POINT('',(12.349997654532,13.148001538992,
    9.999997167501E-02));
#12730 = VECTOR('',#12731,1.);
#12731 = DIRECTION('',(8.742277673676E-08,-1.,4.371140912996E-08));
#12732 = ORIENTED_EDGE('',*,*,#12733,.F.);
#12733 = EDGE_CURVE('',#12734,#12726,#12736,.T.);
#12734 = VERTEX_POINT('',#12735);
#12735 = CARTESIAN_POINT('',(12.149997654532,13.148001521508,
    9.999997167501E-02));
#12736 = LINE('',#12737,#12738);
#12737 = CARTESIAN_POINT('',(12.149997654532,13.148001521508,
    9.999997167501E-02));
#12738 = VECTOR('',#12739,1.);
#12739 = DIRECTION('',(1.,8.742277657348E-08,-9.466853158302E-31));
#12740 = ORIENTED_EDGE('',*,*,#12741,.F.);
#12741 = EDGE_CURVE('',#12686,#12734,#12742,.T.);
#12742 = LINE('',#12743,#12744);
#12743 = CARTESIAN_POINT('',(12.149997654532,13.148001521508,
    9.999997167501E-02));
#12744 = VECTOR('',#12745,1.);
#12745 = DIRECTION('',(-8.74227763225E-08,1.,-4.371140912996E-08));
#12746 = PLANE('',#12747);
#12747 = AXIS2_PLACEMENT_3D('',#12748,#12749,#12750);
#12748 = CARTESIAN_POINT('',(12.249997711182,12.50000153025,1.E-01));
#12749 = DIRECTION('',(-3.82137275408E-15,4.371140912996E-08,1.));
#12750 = DIRECTION('',(-8.742277657348E-08,1.,-4.371140912996E-08));
#12751 = ADVANCED_FACE('',(#12752),#12818,.F.);
#12752 = FACE_BOUND('',#12753,.T.);
#12753 = EDGE_LOOP('',(#12754,#12764,#12772,#12780,#12788,#12796,#12804,
    #12812));
#12754 = ORIENTED_EDGE('',*,*,#12755,.T.);
#12755 = EDGE_CURVE('',#12756,#12758,#12760,.T.);
#12756 = VERTEX_POINT('',#12757);
#12757 = CARTESIAN_POINT('',(12.349997767832,11.852001534621,
    2.832499311622E-08));
#12758 = VERTEX_POINT('',#12759);
#12759 = CARTESIAN_POINT('',(12.149997767832,11.852001517137,
    2.832499311622E-08));
#12760 = LINE('',#12761,#12762);
#12761 = CARTESIAN_POINT('',(12.149997767832,11.852001517137,
    2.832499311622E-08));
#12762 = VECTOR('',#12763,1.);
#12763 = DIRECTION('',(-1.,-8.742277657348E-08,9.466853158302E-31));
#12764 = ORIENTED_EDGE('',*,*,#12765,.T.);
#12765 = EDGE_CURVE('',#12758,#12766,#12768,.T.);
#12766 = VERTEX_POINT('',#12767);
#12767 = CARTESIAN_POINT('',(12.149997654532,13.148001517137,
    -2.832499311622E-08));
#12768 = LINE('',#12769,#12770);
#12769 = CARTESIAN_POINT('',(12.149997654532,13.148001517137,
    -2.832499311622E-08));
#12770 = VECTOR('',#12771,1.);
#12771 = DIRECTION('',(-8.74227763225E-08,1.,-4.371140912996E-08));
#12772 = ORIENTED_EDGE('',*,*,#12773,.T.);
#12773 = EDGE_CURVE('',#12766,#12774,#12776,.T.);
#12774 = VERTEX_POINT('',#12775);
#12775 = CARTESIAN_POINT('',(12.349997654532,13.148001534621,
    -2.832499311622E-08));
#12776 = LINE('',#12777,#12778);
#12777 = CARTESIAN_POINT('',(12.149997654532,13.148001517137,
    -2.832499311622E-08));
#12778 = VECTOR('',#12779,1.);
#12779 = DIRECTION('',(1.,8.742277657348E-08,-9.466853158302E-31));
#12780 = ORIENTED_EDGE('',*,*,#12781,.T.);
#12781 = EDGE_CURVE('',#12774,#12782,#12784,.T.);
#12782 = VERTEX_POINT('',#12783);
#12783 = CARTESIAN_POINT('',(12.349997698068,12.650001534621,
    -6.556711369494E-09));
#12784 = LINE('',#12785,#12786);
#12785 = CARTESIAN_POINT('',(12.349997654532,13.148001534621,
    -2.832499311622E-08));
#12786 = VECTOR('',#12787,1.);
#12787 = DIRECTION('',(8.742277673676E-08,-1.,4.371140912996E-08));
#12788 = ORIENTED_EDGE('',*,*,#12789,.T.);
#12789 = EDGE_CURVE('',#12782,#12790,#12792,.T.);
#12790 = VERTEX_POINT('',#12791);
#12791 = CARTESIAN_POINT('',(12.499997698068,12.650001547735,
    -6.556711369494E-09));
#12792 = LINE('',#12793,#12794);
#12793 = CARTESIAN_POINT('',(12.349997698068,12.650001534621,
    -6.556711369494E-09));
#12794 = VECTOR('',#12795,1.);
#12795 = DIRECTION('',(1.,8.742277657348E-08,-9.466853158302E-31));
#12796 = ORIENTED_EDGE('',*,*,#12797,.T.);
#12797 = EDGE_CURVE('',#12790,#12798,#12800,.T.);
#12798 = VERTEX_POINT('',#12799);
#12799 = CARTESIAN_POINT('',(12.499997724295,12.350001547735,
    6.556711369494E-09));
#12800 = LINE('',#12801,#12802);
#12801 = CARTESIAN_POINT('',(12.499997724295,12.350001547735,
    6.556711369494E-09));
#12802 = VECTOR('',#12803,1.);
#12803 = DIRECTION('',(8.742277657348E-08,-1.,4.371140912996E-08));
#12804 = ORIENTED_EDGE('',*,*,#12805,.T.);
#12805 = EDGE_CURVE('',#12798,#12806,#12808,.T.);
#12806 = VERTEX_POINT('',#12807);
#12807 = CARTESIAN_POINT('',(12.349997724295,12.350001534621,
    6.556711369494E-09));
#12808 = LINE('',#12809,#12810);
#12809 = CARTESIAN_POINT('',(12.349997724295,12.350001534621,
    6.556711369494E-09));
#12810 = VECTOR('',#12811,1.);
#12811 = DIRECTION('',(-1.,-8.742277657348E-08,9.466853158302E-31));
#12812 = ORIENTED_EDGE('',*,*,#12813,.T.);
#12813 = EDGE_CURVE('',#12806,#12756,#12814,.T.);
#12814 = LINE('',#12815,#12816);
#12815 = CARTESIAN_POINT('',(12.349997767832,11.852001534621,
    2.832499311622E-08));
#12816 = VECTOR('',#12817,1.);
#12817 = DIRECTION('',(8.742277641019E-08,-1.,4.371140912996E-08));
#12818 = PLANE('',#12819);
#12819 = AXIS2_PLACEMENT_3D('',#12820,#12821,#12822);
#12820 = CARTESIAN_POINT('',(12.249997711182,12.500001525879,0.));
#12821 = DIRECTION('',(-3.82137275408E-15,4.371140912996E-08,1.));
#12822 = DIRECTION('',(-8.742277657348E-08,1.,-4.371140912996E-08));
#12823 = ADVANCED_FACE('',(#12824),#12840,.T.);
#12824 = FACE_BOUND('',#12825,.T.);
#12825 = EDGE_LOOP('',(#12826,#12832,#12833,#12839));
#12826 = ORIENTED_EDGE('',*,*,#12827,.F.);
#12827 = EDGE_CURVE('',#12686,#12758,#12828,.T.);
#12828 = LINE('',#12829,#12830);
#12829 = CARTESIAN_POINT('',(12.149997767832,11.852001580187,
    1.442429169844));
#12830 = VECTOR('',#12831,1.);
#12831 = DIRECTION('',(3.82137275408E-15,-4.371140912996E-08,-1.));
#12832 = ORIENTED_EDGE('',*,*,#12741,.T.);
#12833 = ORIENTED_EDGE('',*,*,#12834,.T.);
#12834 = EDGE_CURVE('',#12734,#12766,#12835,.T.);
#12835 = LINE('',#12836,#12837);
#12836 = CARTESIAN_POINT('',(12.149997654532,13.148001580187,
    1.442429113194));
#12837 = VECTOR('',#12838,1.);
#12838 = DIRECTION('',(3.82137275408E-15,-4.371140912996E-08,-1.));
#12839 = ORIENTED_EDGE('',*,*,#12765,.F.);
#12840 = PLANE('',#12841);
#12841 = AXIS2_PLACEMENT_3D('',#12842,#12843,#12844);
#12842 = CARTESIAN_POINT('',(12.149997654532,13.148001580187,
    1.442429113194));
#12843 = DIRECTION('',(-1.,-8.74227763225E-08,-1.097037052116E-23));
#12844 = DIRECTION('',(8.74227763225E-08,-1.,4.371140912996E-08));
#12845 = ADVANCED_FACE('',(#12846),#12857,.T.);
#12846 = FACE_BOUND('',#12847,.T.);
#12847 = EDGE_LOOP('',(#12848,#12849,#12850,#12856));
#12848 = ORIENTED_EDGE('',*,*,#12834,.F.);
#12849 = ORIENTED_EDGE('',*,*,#12733,.T.);
#12850 = ORIENTED_EDGE('',*,*,#12851,.T.);
#12851 = EDGE_CURVE('',#12726,#12774,#12852,.T.);
#12852 = LINE('',#12853,#12854);
#12853 = CARTESIAN_POINT('',(12.349997654532,13.148001597672,
    1.442429113194));
#12854 = VECTOR('',#12855,1.);
#12855 = DIRECTION('',(3.82137275408E-15,-4.371140912996E-08,-1.));
#12856 = ORIENTED_EDGE('',*,*,#12773,.F.);
#12857 = PLANE('',#12858);
#12858 = AXIS2_PLACEMENT_3D('',#12859,#12860,#12861);
#12859 = CARTESIAN_POINT('',(12.149997654532,13.148001580187,
    1.442429113194));
#12860 = DIRECTION('',(-8.742277657348E-08,1.,-4.371140912996E-08));
#12861 = DIRECTION('',(-1.,-8.742277657348E-08,9.466853158302E-31));
#12862 = ADVANCED_FACE('',(#12863),#12874,.T.);
#12863 = FACE_BOUND('',#12864,.T.);
#12864 = EDGE_LOOP('',(#12865,#12866,#12867,#12873));
#12865 = ORIENTED_EDGE('',*,*,#12851,.F.);
#12866 = ORIENTED_EDGE('',*,*,#12725,.T.);
#12867 = ORIENTED_EDGE('',*,*,#12868,.T.);
#12868 = EDGE_CURVE('',#12718,#12782,#12869,.T.);
#12869 = LINE('',#12870,#12871);
#12870 = CARTESIAN_POINT('',(12.349997698068,12.650001597672,
    1.442429134962));
#12871 = VECTOR('',#12872,1.);
#12872 = DIRECTION('',(3.82137275408E-15,-4.371140912996E-08,-1.));
#12873 = ORIENTED_EDGE('',*,*,#12781,.F.);
#12874 = PLANE('',#12875);
#12875 = AXIS2_PLACEMENT_3D('',#12876,#12877,#12878);
#12876 = CARTESIAN_POINT('',(12.349997654532,13.148001597672,
    1.442429113194));
#12877 = DIRECTION('',(1.,8.742277673676E-08,-7.137351058298E-24));
#12878 = DIRECTION('',(-8.742277673676E-08,1.,-4.371140912996E-08));
#12879 = ADVANCED_FACE('',(#12880),#12891,.T.);
#12880 = FACE_BOUND('',#12881,.T.);
#12881 = EDGE_LOOP('',(#12882,#12883,#12884,#12890));
#12882 = ORIENTED_EDGE('',*,*,#12868,.F.);
#12883 = ORIENTED_EDGE('',*,*,#12717,.T.);
#12884 = ORIENTED_EDGE('',*,*,#12885,.T.);
#12885 = EDGE_CURVE('',#12710,#12790,#12886,.T.);
#12886 = LINE('',#12887,#12888);
#12887 = CARTESIAN_POINT('',(12.499997698068,12.650001610785,
    1.442429134962));
#12888 = VECTOR('',#12889,1.);
#12889 = DIRECTION('',(3.82137275408E-15,-4.371140912996E-08,-1.));
#12890 = ORIENTED_EDGE('',*,*,#12789,.F.);
#12891 = PLANE('',#12892);
#12892 = AXIS2_PLACEMENT_3D('',#12893,#12894,#12895);
#12893 = CARTESIAN_POINT('',(12.349997698068,12.650001597672,
    1.442429134962));
#12894 = DIRECTION('',(-8.742277657348E-08,1.,-4.371140912996E-08));
#12895 = DIRECTION('',(-1.,-8.742277657348E-08,9.466853158302E-31));
#12896 = ADVANCED_FACE('',(#12897),#12908,.T.);
#12897 = FACE_BOUND('',#12898,.T.);
#12898 = EDGE_LOOP('',(#12899,#12900,#12901,#12907));
#12899 = ORIENTED_EDGE('',*,*,#12885,.F.);
#12900 = ORIENTED_EDGE('',*,*,#12709,.T.);
#12901 = ORIENTED_EDGE('',*,*,#12902,.T.);
#12902 = EDGE_CURVE('',#12702,#12798,#12903,.T.);
#12903 = LINE('',#12904,#12905);
#12904 = CARTESIAN_POINT('',(12.499997724295,12.350001610785,
    1.442429148076));
#12905 = VECTOR('',#12906,1.);
#12906 = DIRECTION('',(3.82137275408E-15,-4.371140912996E-08,-1.));
#12907 = ORIENTED_EDGE('',*,*,#12797,.F.);
#12908 = PLANE('',#12909);
#12909 = AXIS2_PLACEMENT_3D('',#12910,#12911,#12912);
#12910 = CARTESIAN_POINT('',(12.499997724295,12.350001610785,
    1.442429148076));
#12911 = DIRECTION('',(1.,8.742277657348E-08,-9.466853158302E-31));
#12912 = DIRECTION('',(-8.742277657348E-08,1.,-4.371140912996E-08));
#12913 = ADVANCED_FACE('',(#12914),#12925,.T.);
#12914 = FACE_BOUND('',#12915,.T.);
#12915 = EDGE_LOOP('',(#12916,#12917,#12918,#12924));
#12916 = ORIENTED_EDGE('',*,*,#12902,.F.);
#12917 = ORIENTED_EDGE('',*,*,#12701,.T.);
#12918 = ORIENTED_EDGE('',*,*,#12919,.T.);
#12919 = EDGE_CURVE('',#12694,#12806,#12920,.T.);
#12920 = LINE('',#12921,#12922);
#12921 = CARTESIAN_POINT('',(12.349997724295,12.350001597672,
    1.442429148076));
#12922 = VECTOR('',#12923,1.);
#12923 = DIRECTION('',(3.82137275408E-15,-4.371140912996E-08,-1.));
#12924 = ORIENTED_EDGE('',*,*,#12805,.F.);
#12925 = PLANE('',#12926);
#12926 = AXIS2_PLACEMENT_3D('',#12927,#12928,#12929);
#12927 = CARTESIAN_POINT('',(12.349997724295,12.350001597672,
    1.442429148076));
#12928 = DIRECTION('',(8.742277657348E-08,-1.,4.371140912996E-08));
#12929 = DIRECTION('',(1.,8.742277657348E-08,-9.466853158302E-31));
#12930 = ADVANCED_FACE('',(#12931),#12942,.T.);
#12931 = FACE_BOUND('',#12932,.T.);
#12932 = EDGE_LOOP('',(#12933,#12934,#12935,#12941));
#12933 = ORIENTED_EDGE('',*,*,#12919,.F.);
#12934 = ORIENTED_EDGE('',*,*,#12693,.T.);
#12935 = ORIENTED_EDGE('',*,*,#12936,.T.);
#12936 = EDGE_CURVE('',#12684,#12756,#12937,.T.);
#12937 = LINE('',#12938,#12939);
#12938 = CARTESIAN_POINT('',(12.349997767832,11.852001597672,
    1.442429169844));
#12939 = VECTOR('',#12940,1.);
#12940 = DIRECTION('',(3.82137275408E-15,-4.371140912996E-08,-1.));
#12941 = ORIENTED_EDGE('',*,*,#12813,.F.);
#12942 = PLANE('',#12943);
#12943 = AXIS2_PLACEMENT_3D('',#12944,#12945,#12946);
#12944 = CARTESIAN_POINT('',(12.349997767832,11.852001597672,
    1.442429169844));
#12945 = DIRECTION('',(1.,8.742277641019E-08,7.137349164927E-24));
#12946 = DIRECTION('',(-8.742277641019E-08,1.,-4.371140912996E-08));
#12947 = ADVANCED_FACE('',(#12948),#12954,.T.);
#12948 = FACE_BOUND('',#12949,.T.);
#12949 = EDGE_LOOP('',(#12950,#12951,#12952,#12953));
#12950 = ORIENTED_EDGE('',*,*,#12936,.F.);
#12951 = ORIENTED_EDGE('',*,*,#12683,.T.);
#12952 = ORIENTED_EDGE('',*,*,#12827,.T.);
#12953 = ORIENTED_EDGE('',*,*,#12755,.F.);
#12954 = PLANE('',#12955);
#12955 = AXIS2_PLACEMENT_3D('',#12956,#12957,#12958);
#12956 = CARTESIAN_POINT('',(12.149997767832,11.852001580187,
    1.442429169844));
#12957 = DIRECTION('',(8.742277657348E-08,-1.,4.371140912996E-08));
#12958 = DIRECTION('',(1.,8.742277657348E-08,-9.466853158302E-31));
#12959 = ( GEOMETRIC_REPRESENTATION_CONTEXT(3) 
GLOBAL_UNCERTAINTY_ASSIGNED_CONTEXT((#12963)) 
GLOBAL_UNIT_ASSIGNED_CONTEXT((#12960,#12961,#12962)) 
REPRESENTATION_CONTEXT('Context #1',
  '3D Context with UNIT and UNCERTAINTY') );
#12960 = ( LENGTH_UNIT() NAMED_UNIT(*) SI_UNIT(.MILLI.,.METRE.) );
#12961 = ( NAMED_UNIT(*) PLANE_ANGLE_UNIT() SI_UNIT($,.RADIAN.) );
#12962 = ( NAMED_UNIT(*) SI_UNIT($,.STERADIAN.) SOLID_ANGLE_UNIT() );
#12963 = UNCERTAINTY_MEASURE_WITH_UNIT(LENGTH_MEASURE(1.E-07),#12960,
  'distance_accuracy_value','confusion accuracy');
#12964 = PRODUCT_RELATED_PRODUCT_CATEGORY('part',$,(#9990));
#12965 = SHAPE_DEFINITION_REPRESENTATION(#12966,#12972);
#12966 = PRODUCT_DEFINITION_SHAPE('','',#12967);
#12967 = PRODUCT_DEFINITION('design','',#12968,#12971);
#12968 = PRODUCT_DEFINITION_FORMATION('','',#12969);
#12969 = PRODUCT('Open CASCADE STEP translator 7.5 88',
  'Open CASCADE STEP translator 7.5 88','',(#12970));
#12970 = PRODUCT_CONTEXT('',#2,'mechanical');
#12971 = PRODUCT_DEFINITION_CONTEXT('part definition',#2,'design');
#12972 = SHAPE_REPRESENTATION('',(#11,#12973,#13427,#13881),#14171);
#12973 = MANIFOLD_SOLID_BREP('',#12974);
#12974 = CLOSED_SHELL('',(#12975,#13051,#13083,#13115,#13132,#13157,
    #13189,#13221,#13238,#13263,#13280,#13305,#13322,#13347,#13364,
    #13381,#13398,#13415));
#12975 = ADVANCED_FACE('',(#12976),#13046,.F.);
#12976 = FACE_BOUND('',#12977,.T.);
#12977 = EDGE_LOOP('',(#12978,#12989,#12997,#13006,#13014,#13023,#13031,
    #13040));
#12978 = ORIENTED_EDGE('',*,*,#12979,.T.);
#12979 = EDGE_CURVE('',#12980,#12982,#12984,.T.);
#12980 = VERTEX_POINT('',#12981);
#12981 = CARTESIAN_POINT('',(13.549997711182,2.084998456637,
    0.799998984673));
#12982 = VERTEX_POINT('',#12983);
#12983 = CARTESIAN_POINT('',(13.549997711182,2.049998458166,
    0.764998983144));
#12984 = CIRCLE('',#12985,3.5E-02);
#12985 = AXIS2_PLACEMENT_3D('',#12986,#12987,#12988);
#12986 = CARTESIAN_POINT('',(13.549997711182,2.084998458166,
    0.764998984673));
#12987 = DIRECTION('',(1.,-5.924000592638E-24,1.355252715607E-16));
#12988 = DIRECTION('',(1.355252715607E-16,4.371140912996E-08,-1.));
#12989 = ORIENTED_EDGE('',*,*,#12990,.F.);
#12990 = EDGE_CURVE('',#12991,#12982,#12993,.T.);
#12991 = VERTEX_POINT('',#12992);
#12992 = CARTESIAN_POINT('',(13.549997711182,2.049998490076,
    3.499898314356E-02));
#12993 = LINE('',#12994,#12995);
#12994 = CARTESIAN_POINT('',(13.549997711182,2.049998474121,
    0.399998983144));
#12995 = VECTOR('',#12996,1.);
#12996 = DIRECTION('',(-1.355252715607E-16,-4.371140912996E-08,1.));
#12997 = ORIENTED_EDGE('',*,*,#12998,.T.);
#12998 = EDGE_CURVE('',#12991,#12999,#13001,.T.);
#12999 = VERTEX_POINT('',#13000);
#13000 = CARTESIAN_POINT('',(13.549997711182,2.084998491606,
    -1.015326542897E-06));
#13001 = CIRCLE('',#13002,3.5E-02);
#13002 = AXIS2_PLACEMENT_3D('',#13003,#13004,#13005);
#13003 = CARTESIAN_POINT('',(13.549997711182,2.084998490076,
    3.499898467346E-02));
#13004 = DIRECTION('',(1.,-5.924000592638E-24,1.355252715607E-16));
#13005 = DIRECTION('',(1.355252715607E-16,4.371140912996E-08,-1.));
#13006 = ORIENTED_EDGE('',*,*,#13007,.F.);
#13007 = EDGE_CURVE('',#13008,#12999,#13010,.T.);
#13008 = VERTEX_POINT('',#13009);
#13009 = CARTESIAN_POINT('',(13.549997711182,2.914998491606,
    -9.790460733239E-07));
#13010 = LINE('',#13011,#13012);
#13011 = CARTESIAN_POINT('',(13.549997711182,2.049998491606,
    -1.016856442215E-06));
#13012 = VECTOR('',#13013,1.);
#13013 = DIRECTION('',(0.,-1.,-4.371140912996E-08));
#13014 = ORIENTED_EDGE('',*,*,#13015,.T.);
#13015 = EDGE_CURVE('',#13008,#13016,#13018,.T.);
#13016 = VERTEX_POINT('',#13017);
#13017 = CARTESIAN_POINT('',(13.549997711182,2.949998490076,
    3.499902248383E-02));
#13018 = CIRCLE('',#13019,3.5E-02);
#13019 = AXIS2_PLACEMENT_3D('',#13020,#13021,#13022);
#13020 = CARTESIAN_POINT('',(13.549997711182,2.914998490076,
    3.499902095393E-02));
#13021 = DIRECTION('',(1.,-5.924000592638E-24,1.355252715607E-16));
#13022 = DIRECTION('',(1.355252715607E-16,4.371140912996E-08,-1.));
#13023 = ORIENTED_EDGE('',*,*,#13024,.T.);
#13024 = EDGE_CURVE('',#13016,#13025,#13027,.T.);
#13025 = VERTEX_POINT('',#13026);
#13026 = CARTESIAN_POINT('',(13.549997711182,2.949998458166,
    0.764999022484));
#13027 = LINE('',#13028,#13029);
#13028 = CARTESIAN_POINT('',(13.549997711182,2.949998474121,
    0.399999022484));
#13029 = VECTOR('',#13030,1.);
#13030 = DIRECTION('',(-1.355252715607E-16,-4.371140912996E-08,1.));
#13031 = ORIENTED_EDGE('',*,*,#13032,.T.);
#13032 = EDGE_CURVE('',#13025,#13033,#13035,.T.);
#13033 = VERTEX_POINT('',#13034);
#13034 = CARTESIAN_POINT('',(13.549997711182,2.914998456637,
    0.799999020954));
#13035 = CIRCLE('',#13036,3.5E-02);
#13036 = AXIS2_PLACEMENT_3D('',#13037,#13038,#13039);
#13037 = CARTESIAN_POINT('',(13.549997711182,2.914998458166,
    0.764999020954));
#13038 = DIRECTION('',(1.,-5.924000592638E-24,1.355252715607E-16));
#13039 = DIRECTION('',(1.355252715607E-16,4.371140912996E-08,-1.));
#13040 = ORIENTED_EDGE('',*,*,#13041,.F.);
#13041 = EDGE_CURVE('',#12980,#13033,#13042,.T.);
#13042 = LINE('',#13043,#13044);
#13043 = CARTESIAN_POINT('',(13.549997711182,2.049998456637,
    0.799998983144));
#13044 = VECTOR('',#13045,1.);
#13045 = DIRECTION('',(0.,1.,4.371140912996E-08));
#13046 = PLANE('',#13047);
#13047 = AXIS2_PLACEMENT_3D('',#13048,#13049,#13050);
#13048 = CARTESIAN_POINT('',(13.549997711182,2.959998456637,
    0.799999022921));
#13049 = DIRECTION('',(-1.,5.924000592638E-24,-1.355252715607E-16));
#13050 = DIRECTION('',(1.355252715607E-16,4.371140912996E-08,-1.));
#13051 = ADVANCED_FACE('',(#13052),#13078,.T.);
#13052 = FACE_BOUND('',#13053,.T.);
#13053 = EDGE_LOOP('',(#13054,#13055,#13063,#13072));
#13054 = ORIENTED_EDGE('',*,*,#12979,.F.);
#13055 = ORIENTED_EDGE('',*,*,#13056,.F.);
#13056 = EDGE_CURVE('',#13057,#12980,#13059,.T.);
#13057 = VERTEX_POINT('',#13058);
#13058 = CARTESIAN_POINT('',(13.234997711182,2.084998456637,
    0.799998984673));
#13059 = LINE('',#13060,#13061);
#13060 = CARTESIAN_POINT('',(13.199997711182,2.084998456637,
    0.799998984673));
#13061 = VECTOR('',#13062,1.);
#13062 = DIRECTION('',(1.,0.,0.));
#13063 = ORIENTED_EDGE('',*,*,#13064,.F.);
#13064 = EDGE_CURVE('',#13065,#13057,#13067,.T.);
#13065 = VERTEX_POINT('',#13066);
#13066 = CARTESIAN_POINT('',(13.234997711182,2.049998458166,
    0.764998983144));
#13067 = CIRCLE('',#13068,3.5E-02);
#13068 = AXIS2_PLACEMENT_3D('',#13069,#13070,#13071);
#13069 = CARTESIAN_POINT('',(13.234997711182,2.084998458166,
    0.764998984673));
#13070 = DIRECTION('',(-1.,-0.,0.));
#13071 = DIRECTION('',(0.,-1.,-4.371140912996E-08));
#13072 = ORIENTED_EDGE('',*,*,#13073,.F.);
#13073 = EDGE_CURVE('',#12982,#13065,#13074,.T.);
#13074 = LINE('',#13075,#13076);
#13075 = CARTESIAN_POINT('',(13.999997711182,2.049998458166,
    0.764998983144));
#13076 = VECTOR('',#13077,1.);
#13077 = DIRECTION('',(-1.,-0.,0.));
#13078 = CYLINDRICAL_SURFACE('',#13079,3.5E-02);
#13079 = AXIS2_PLACEMENT_3D('',#13080,#13081,#13082);
#13080 = CARTESIAN_POINT('',(13.999997711182,2.084998458166,
    0.764998984673));
#13081 = DIRECTION('',(-1.,-0.,0.));
#13082 = DIRECTION('',(0.,-1.,-4.371140912996E-08));
#13083 = ADVANCED_FACE('',(#13084),#13110,.T.);
#13084 = FACE_BOUND('',#13085,.T.);
#13085 = EDGE_LOOP('',(#13086,#13087,#13095,#13104));
#13086 = ORIENTED_EDGE('',*,*,#12998,.F.);
#13087 = ORIENTED_EDGE('',*,*,#13088,.F.);
#13088 = EDGE_CURVE('',#13089,#12991,#13091,.T.);
#13089 = VERTEX_POINT('',#13090);
#13090 = CARTESIAN_POINT('',(13.234997711182,2.049998490076,
    3.499898314356E-02));
#13091 = LINE('',#13092,#13093);
#13092 = CARTESIAN_POINT('',(13.999997711182,2.049998490076,
    3.499898314356E-02));
#13093 = VECTOR('',#13094,1.);
#13094 = DIRECTION('',(1.,0.,0.));
#13095 = ORIENTED_EDGE('',*,*,#13096,.F.);
#13096 = EDGE_CURVE('',#13097,#13089,#13099,.T.);
#13097 = VERTEX_POINT('',#13098);
#13098 = CARTESIAN_POINT('',(13.234997711182,2.084998491606,
    -1.015326542897E-06));
#13099 = CIRCLE('',#13100,3.5E-02);
#13100 = AXIS2_PLACEMENT_3D('',#13101,#13102,#13103);
#13101 = CARTESIAN_POINT('',(13.234997711182,2.084998490076,
    3.499898467346E-02));
#13102 = DIRECTION('',(-1.,-0.,0.));
#13103 = DIRECTION('',(0.,-1.,-4.371140912996E-08));
#13104 = ORIENTED_EDGE('',*,*,#13105,.F.);
#13105 = EDGE_CURVE('',#12999,#13097,#13106,.T.);
#13106 = LINE('',#13107,#13108);
#13107 = CARTESIAN_POINT('',(13.199997711182,2.084998491606,
    -1.015326542897E-06));
#13108 = VECTOR('',#13109,1.);
#13109 = DIRECTION('',(-1.,0.,0.));
#13110 = CYLINDRICAL_SURFACE('',#13111,3.5E-02);
#13111 = AXIS2_PLACEMENT_3D('',#13112,#13113,#13114);
#13112 = CARTESIAN_POINT('',(13.999997711182,2.084998490076,
    3.499898467346E-02));
#13113 = DIRECTION('',(1.,0.,0.));
#13114 = DIRECTION('',(0.,1.,4.371140912996E-08));
#13115 = ADVANCED_FACE('',(#13116),#13127,.F.);
#13116 = FACE_BOUND('',#13117,.T.);
#13117 = EDGE_LOOP('',(#13118,#13119,#13120,#13121));
#13118 = ORIENTED_EDGE('',*,*,#13088,.T.);
#13119 = ORIENTED_EDGE('',*,*,#12990,.T.);
#13120 = ORIENTED_EDGE('',*,*,#13073,.T.);
#13121 = ORIENTED_EDGE('',*,*,#13122,.T.);
#13122 = EDGE_CURVE('',#13065,#13089,#13123,.T.);
#13123 = LINE('',#13124,#13125);
#13124 = CARTESIAN_POINT('',(13.234997711182,2.049998474121,
    0.399998983144));
#13125 = VECTOR('',#13126,1.);
#13126 = DIRECTION('',(0.,4.371140912996E-08,-1.));
#13127 = PLANE('',#13128);
#13128 = AXIS2_PLACEMENT_3D('',#13129,#13130,#13131);
#13129 = CARTESIAN_POINT('',(13.999997711182,2.049998474121,
    0.399998983144));
#13130 = DIRECTION('',(0.,1.,4.371140912996E-08));
#13131 = DIRECTION('',(-1.,0.,0.));
#13132 = ADVANCED_FACE('',(#13133),#13152,.T.);
#13133 = FACE_BOUND('',#13134,.T.);
#13134 = EDGE_LOOP('',(#13135,#13136,#13145));
#13135 = ORIENTED_EDGE('',*,*,#13096,.T.);
#13136 = ORIENTED_EDGE('',*,*,#13137,.T.);
#13137 = EDGE_CURVE('',#13089,#13138,#13140,.T.);
#13138 = VERTEX_POINT('',#13139);
#13139 = CARTESIAN_POINT('',(13.199997711182,2.084998490076,
    3.499898467346E-02));
#13140 = CIRCLE('',#13141,3.5E-02);
#13141 = AXIS2_PLACEMENT_3D('',#13142,#13143,#13144);
#13142 = CARTESIAN_POINT('',(13.234997711182,2.084998490076,
    3.499898467346E-02));
#13143 = DIRECTION('',(0.,4.371140912996E-08,-1.));
#13144 = DIRECTION('',(0.,1.,4.371140912996E-08));
#13145 = ORIENTED_EDGE('',*,*,#13146,.F.);
#13146 = EDGE_CURVE('',#13097,#13138,#13147,.T.);
#13147 = CIRCLE('',#13148,3.5E-02);
#13148 = AXIS2_PLACEMENT_3D('',#13149,#13150,#13151);
#13149 = CARTESIAN_POINT('',(13.234997711182,2.084998490076,
    3.499898467346E-02));
#13150 = DIRECTION('',(-0.,1.,4.371140912996E-08));
#13151 = DIRECTION('',(1.,0.,0.));
#13152 = SPHERICAL_SURFACE('',#13153,3.5E-02);
#13153 = AXIS2_PLACEMENT_3D('',#13154,#13155,#13156);
#13154 = CARTESIAN_POINT('',(13.234997711182,2.084998490076,
    3.499898467346E-02));
#13155 = DIRECTION('',(0.,-4.371140912996E-08,1.));
#13156 = DIRECTION('',(1.,0.,0.));
#13157 = ADVANCED_FACE('',(#13158),#13184,.T.);
#13158 = FACE_BOUND('',#13159,.T.);
#13159 = EDGE_LOOP('',(#13160,#13161,#13169,#13178));
#13160 = ORIENTED_EDGE('',*,*,#13032,.F.);
#13161 = ORIENTED_EDGE('',*,*,#13162,.F.);
#13162 = EDGE_CURVE('',#13163,#13025,#13165,.T.);
#13163 = VERTEX_POINT('',#13164);
#13164 = CARTESIAN_POINT('',(13.234997711182,2.949998458166,
    0.764999022484));
#13165 = LINE('',#13166,#13167);
#13166 = CARTESIAN_POINT('',(14.799997711182,2.949998458166,
    0.764999022484));
#13167 = VECTOR('',#13168,1.);
#13168 = DIRECTION('',(1.,0.,0.));
#13169 = ORIENTED_EDGE('',*,*,#13170,.F.);
#13170 = EDGE_CURVE('',#13171,#13163,#13173,.T.);
#13171 = VERTEX_POINT('',#13172);
#13172 = CARTESIAN_POINT('',(13.234997711182,2.914998456637,
    0.799999020954));
#13173 = CIRCLE('',#13174,3.5E-02);
#13174 = AXIS2_PLACEMENT_3D('',#13175,#13176,#13177);
#13175 = CARTESIAN_POINT('',(13.234997711182,2.914998458166,
    0.764999020954));
#13176 = DIRECTION('',(-1.,-0.,0.));
#13177 = DIRECTION('',(0.,-1.,-4.371140912996E-08));
#13178 = ORIENTED_EDGE('',*,*,#13179,.F.);
#13179 = EDGE_CURVE('',#13033,#13171,#13180,.T.);
#13180 = LINE('',#13181,#13182);
#13181 = CARTESIAN_POINT('',(13.199997711182,2.914998456637,
    0.799999020954));
#13182 = VECTOR('',#13183,1.);
#13183 = DIRECTION('',(-1.,-0.,0.));
#13184 = CYLINDRICAL_SURFACE('',#13185,3.5E-02);
#13185 = AXIS2_PLACEMENT_3D('',#13186,#13187,#13188);
#13186 = CARTESIAN_POINT('',(13.199997711182,2.914998458166,
    0.764999020954));
#13187 = DIRECTION('',(1.,0.,0.));
#13188 = DIRECTION('',(0.,1.,4.371140912996E-08));
#13189 = ADVANCED_FACE('',(#13190),#13216,.T.);
#13190 = FACE_BOUND('',#13191,.T.);
#13191 = EDGE_LOOP('',(#13192,#13193,#13201,#13210));
#13192 = ORIENTED_EDGE('',*,*,#13015,.F.);
#13193 = ORIENTED_EDGE('',*,*,#13194,.F.);
#13194 = EDGE_CURVE('',#13195,#13008,#13197,.T.);
#13195 = VERTEX_POINT('',#13196);
#13196 = CARTESIAN_POINT('',(13.234997711182,2.914998491606,
    -9.790460733239E-07));
#13197 = LINE('',#13198,#13199);
#13198 = CARTESIAN_POINT('',(14.799997711182,2.914998491606,
    -9.790460733239E-07));
#13199 = VECTOR('',#13200,1.);
#13200 = DIRECTION('',(1.,0.,0.));
#13201 = ORIENTED_EDGE('',*,*,#13202,.F.);
#13202 = EDGE_CURVE('',#13203,#13195,#13205,.T.);
#13203 = VERTEX_POINT('',#13204);
#13204 = CARTESIAN_POINT('',(13.234997711182,2.949998490076,
    3.499902248383E-02));
#13205 = CIRCLE('',#13206,3.5E-02);
#13206 = AXIS2_PLACEMENT_3D('',#13207,#13208,#13209);
#13207 = CARTESIAN_POINT('',(13.234997711182,2.914998490076,
    3.499902095393E-02));
#13208 = DIRECTION('',(-1.,-0.,0.));
#13209 = DIRECTION('',(0.,-1.,-4.371140912996E-08));
#13210 = ORIENTED_EDGE('',*,*,#13211,.F.);
#13211 = EDGE_CURVE('',#13016,#13203,#13212,.T.);
#13212 = LINE('',#13213,#13214);
#13213 = CARTESIAN_POINT('',(13.199997711182,2.949998490076,
    3.499902248383E-02));
#13214 = VECTOR('',#13215,1.);
#13215 = DIRECTION('',(-1.,0.,0.));
#13216 = CYLINDRICAL_SURFACE('',#13217,3.5E-02);
#13217 = AXIS2_PLACEMENT_3D('',#13218,#13219,#13220);
#13218 = CARTESIAN_POINT('',(13.199997711182,2.914998490076,
    3.499902095393E-02));
#13219 = DIRECTION('',(-1.,-0.,0.));
#13220 = DIRECTION('',(0.,-1.,-4.371140912996E-08));
#13221 = ADVANCED_FACE('',(#13222),#13233,.F.);
#13222 = FACE_BOUND('',#13223,.T.);
#13223 = EDGE_LOOP('',(#13224,#13225,#13226,#13227));
#13224 = ORIENTED_EDGE('',*,*,#13194,.T.);
#13225 = ORIENTED_EDGE('',*,*,#13007,.T.);
#13226 = ORIENTED_EDGE('',*,*,#13105,.T.);
#13227 = ORIENTED_EDGE('',*,*,#13228,.T.);
#13228 = EDGE_CURVE('',#13097,#13195,#13229,.T.);
#13229 = LINE('',#13230,#13231);
#13230 = CARTESIAN_POINT('',(13.234997711182,2.049998491606,
    -1.016856442215E-06));
#13231 = VECTOR('',#13232,1.);
#13232 = DIRECTION('',(0.,1.,4.371140912996E-08));
#13233 = PLANE('',#13234);
#13234 = AXIS2_PLACEMENT_3D('',#13235,#13236,#13237);
#13235 = CARTESIAN_POINT('',(13.199997711182,2.049998491606,
    -1.016856442215E-06));
#13236 = DIRECTION('',(0.,-4.371140912996E-08,1.));
#13237 = DIRECTION('',(0.,-1.,-4.371140912996E-08));
#13238 = ADVANCED_FACE('',(#13239),#13258,.T.);
#13239 = FACE_BOUND('',#13240,.T.);
#13240 = EDGE_LOOP('',(#13241,#13242,#13251));
#13241 = ORIENTED_EDGE('',*,*,#13202,.T.);
#13242 = ORIENTED_EDGE('',*,*,#13243,.T.);
#13243 = EDGE_CURVE('',#13195,#13244,#13246,.T.);
#13244 = VERTEX_POINT('',#13245);
#13245 = CARTESIAN_POINT('',(13.199997711182,2.914998490076,
    3.499902095393E-02));
#13246 = CIRCLE('',#13247,3.5E-02);
#13247 = AXIS2_PLACEMENT_3D('',#13248,#13249,#13250);
#13248 = CARTESIAN_POINT('',(13.234997711182,2.914998490076,
    3.499902095393E-02));
#13249 = DIRECTION('',(0.,1.,4.371140912996E-08));
#13250 = DIRECTION('',(-1.,-0.,0.));
#13251 = ORIENTED_EDGE('',*,*,#13252,.F.);
#13252 = EDGE_CURVE('',#13203,#13244,#13253,.T.);
#13253 = CIRCLE('',#13254,3.5E-02);
#13254 = AXIS2_PLACEMENT_3D('',#13255,#13256,#13257);
#13255 = CARTESIAN_POINT('',(13.234997711182,2.914998490076,
    3.499902095393E-02));
#13256 = DIRECTION('',(0.,-4.371140912996E-08,1.));
#13257 = DIRECTION('',(0.,1.,4.371140912996E-08));
#13258 = SPHERICAL_SURFACE('',#13259,3.5E-02);
#13259 = AXIS2_PLACEMENT_3D('',#13260,#13261,#13262);
#13260 = CARTESIAN_POINT('',(13.234997711182,2.914998490076,
    3.499902095393E-02));
#13261 = DIRECTION('',(0.,-4.371140912996E-08,1.));
#13262 = DIRECTION('',(1.,0.,0.));
#13263 = ADVANCED_FACE('',(#13264),#13275,.T.);
#13264 = FACE_BOUND('',#13265,.T.);
#13265 = EDGE_LOOP('',(#13266,#13267,#13268,#13274));
#13266 = ORIENTED_EDGE('',*,*,#13024,.F.);
#13267 = ORIENTED_EDGE('',*,*,#13211,.T.);
#13268 = ORIENTED_EDGE('',*,*,#13269,.T.);
#13269 = EDGE_CURVE('',#13203,#13163,#13270,.T.);
#13270 = LINE('',#13271,#13272);
#13271 = CARTESIAN_POINT('',(13.234997711182,2.949998456637,
    0.799999022484));
#13272 = VECTOR('',#13273,1.);
#13273 = DIRECTION('',(0.,-4.371140912996E-08,1.));
#13274 = ORIENTED_EDGE('',*,*,#13162,.T.);
#13275 = PLANE('',#13276);
#13276 = AXIS2_PLACEMENT_3D('',#13277,#13278,#13279);
#13277 = CARTESIAN_POINT('',(13.999997711182,2.949998474121,
    0.399999022484));
#13278 = DIRECTION('',(0.,1.,4.371140912996E-08));
#13279 = DIRECTION('',(-1.,0.,0.));
#13280 = ADVANCED_FACE('',(#13281),#13300,.T.);
#13281 = FACE_BOUND('',#13282,.T.);
#13282 = EDGE_LOOP('',(#13283,#13292,#13293));
#13283 = ORIENTED_EDGE('',*,*,#13284,.T.);
#13284 = EDGE_CURVE('',#13285,#13171,#13287,.T.);
#13285 = VERTEX_POINT('',#13286);
#13286 = CARTESIAN_POINT('',(13.199997711182,2.914998458166,
    0.764999020954));
#13287 = CIRCLE('',#13288,3.5E-02);
#13288 = AXIS2_PLACEMENT_3D('',#13289,#13290,#13291);
#13289 = CARTESIAN_POINT('',(13.234997711182,2.914998458166,
    0.764999020954));
#13290 = DIRECTION('',(0.,1.,4.371140912996E-08));
#13291 = DIRECTION('',(-1.,-0.,0.));
#13292 = ORIENTED_EDGE('',*,*,#13170,.T.);
#13293 = ORIENTED_EDGE('',*,*,#13294,.F.);
#13294 = EDGE_CURVE('',#13285,#13163,#13295,.T.);
#13295 = CIRCLE('',#13296,3.5E-02);
#13296 = AXIS2_PLACEMENT_3D('',#13297,#13298,#13299);
#13297 = CARTESIAN_POINT('',(13.234997711182,2.914998458166,
    0.764999020954));
#13298 = DIRECTION('',(-0.,4.371140912996E-08,-1.));
#13299 = DIRECTION('',(0.,-1.,-4.371140912996E-08));
#13300 = SPHERICAL_SURFACE('',#13301,3.5E-02);
#13301 = AXIS2_PLACEMENT_3D('',#13302,#13303,#13304);
#13302 = CARTESIAN_POINT('',(13.234997711182,2.914998458166,
    0.764999020954));
#13303 = DIRECTION('',(0.,-4.371140912996E-08,1.));
#13304 = DIRECTION('',(1.,0.,0.));
#13305 = ADVANCED_FACE('',(#13306),#13317,.F.);
#13306 = FACE_BOUND('',#13307,.T.);
#13307 = EDGE_LOOP('',(#13308,#13309,#13310,#13311));
#13308 = ORIENTED_EDGE('',*,*,#13056,.T.);
#13309 = ORIENTED_EDGE('',*,*,#13041,.T.);
#13310 = ORIENTED_EDGE('',*,*,#13179,.T.);
#13311 = ORIENTED_EDGE('',*,*,#13312,.T.);
#13312 = EDGE_CURVE('',#13171,#13057,#13313,.T.);
#13313 = LINE('',#13314,#13315);
#13314 = CARTESIAN_POINT('',(13.234997711182,2.049998456637,
    0.799998983144));
#13315 = VECTOR('',#13316,1.);
#13316 = DIRECTION('',(0.,-1.,-4.371140912996E-08));
#13317 = PLANE('',#13318);
#13318 = AXIS2_PLACEMENT_3D('',#13319,#13320,#13321);
#13319 = CARTESIAN_POINT('',(13.199997711182,2.049998456637,
    0.799998983144));
#13320 = DIRECTION('',(0.,4.371140912996E-08,-1.));
#13321 = DIRECTION('',(0.,1.,4.371140912996E-08));
#13322 = ADVANCED_FACE('',(#13323),#13342,.T.);
#13323 = FACE_BOUND('',#13324,.T.);
#13324 = EDGE_LOOP('',(#13325,#13334,#13335));
#13325 = ORIENTED_EDGE('',*,*,#13326,.T.);
#13326 = EDGE_CURVE('',#13327,#13065,#13329,.T.);
#13327 = VERTEX_POINT('',#13328);
#13328 = CARTESIAN_POINT('',(13.199997711182,2.084998458166,
    0.764998984673));
#13329 = CIRCLE('',#13330,3.5E-02);
#13330 = AXIS2_PLACEMENT_3D('',#13331,#13332,#13333);
#13331 = CARTESIAN_POINT('',(13.234997711182,2.084998458166,
    0.764998984673));
#13332 = DIRECTION('',(0.,-4.371140912996E-08,1.));
#13333 = DIRECTION('',(0.,-1.,-4.371140912996E-08));
#13334 = ORIENTED_EDGE('',*,*,#13064,.T.);
#13335 = ORIENTED_EDGE('',*,*,#13336,.F.);
#13336 = EDGE_CURVE('',#13327,#13057,#13337,.T.);
#13337 = CIRCLE('',#13338,3.5E-02);
#13338 = AXIS2_PLACEMENT_3D('',#13339,#13340,#13341);
#13339 = CARTESIAN_POINT('',(13.234997711182,2.084998458166,
    0.764998984673));
#13340 = DIRECTION('',(-0.,1.,4.371140912996E-08));
#13341 = DIRECTION('',(1.,0.,0.));
#13342 = SPHERICAL_SURFACE('',#13343,3.5E-02);
#13343 = AXIS2_PLACEMENT_3D('',#13344,#13345,#13346);
#13344 = CARTESIAN_POINT('',(13.234997711182,2.084998458166,
    0.764998984673));
#13345 = DIRECTION('',(0.,-4.371140912996E-08,1.));
#13346 = DIRECTION('',(1.,0.,0.));
#13347 = ADVANCED_FACE('',(#13348),#13359,.T.);
#13348 = FACE_BOUND('',#13349,.T.);
#13349 = EDGE_LOOP('',(#13350,#13351,#13352,#13353));
#13350 = ORIENTED_EDGE('',*,*,#13294,.T.);
#13351 = ORIENTED_EDGE('',*,*,#13269,.F.);
#13352 = ORIENTED_EDGE('',*,*,#13252,.T.);
#13353 = ORIENTED_EDGE('',*,*,#13354,.F.);
#13354 = EDGE_CURVE('',#13285,#13244,#13355,.T.);
#13355 = LINE('',#13356,#13357);
#13356 = CARTESIAN_POINT('',(13.199997711182,2.914998491606,
    -9.790460733239E-07));
#13357 = VECTOR('',#13358,1.);
#13358 = DIRECTION('',(0.,4.371140912996E-08,-1.));
#13359 = CYLINDRICAL_SURFACE('',#13360,3.5E-02);
#13360 = AXIS2_PLACEMENT_3D('',#13361,#13362,#13363);
#13361 = CARTESIAN_POINT('',(13.234997711182,2.914998491606,
    -9.790460733239E-07));
#13362 = DIRECTION('',(0.,-4.371140912996E-08,1.));
#13363 = DIRECTION('',(0.,-1.,-4.371140912996E-08));
#13364 = ADVANCED_FACE('',(#13365),#13376,.T.);
#13365 = FACE_BOUND('',#13366,.T.);
#13366 = EDGE_LOOP('',(#13367,#13368,#13369,#13370));
#13367 = ORIENTED_EDGE('',*,*,#13137,.F.);
#13368 = ORIENTED_EDGE('',*,*,#13122,.F.);
#13369 = ORIENTED_EDGE('',*,*,#13326,.F.);
#13370 = ORIENTED_EDGE('',*,*,#13371,.F.);
#13371 = EDGE_CURVE('',#13138,#13327,#13372,.T.);
#13372 = LINE('',#13373,#13374);
#13373 = CARTESIAN_POINT('',(13.199997711182,2.084998491606,
    -1.015326542897E-06));
#13374 = VECTOR('',#13375,1.);
#13375 = DIRECTION('',(0.,-4.371140912996E-08,1.));
#13376 = CYLINDRICAL_SURFACE('',#13377,3.5E-02);
#13377 = AXIS2_PLACEMENT_3D('',#13378,#13379,#13380);
#13378 = CARTESIAN_POINT('',(13.234997711182,2.084998474121,
    0.399998984673));
#13379 = DIRECTION('',(0.,4.371140912996E-08,-1.));
#13380 = DIRECTION('',(0.,1.,4.371140912996E-08));
#13381 = ADVANCED_FACE('',(#13382),#13393,.T.);
#13382 = FACE_BOUND('',#13383,.T.);
#13383 = EDGE_LOOP('',(#13384,#13385,#13391,#13392));
#13384 = ORIENTED_EDGE('',*,*,#13146,.T.);
#13385 = ORIENTED_EDGE('',*,*,#13386,.F.);
#13386 = EDGE_CURVE('',#13244,#13138,#13387,.T.);
#13387 = LINE('',#13388,#13389);
#13388 = CARTESIAN_POINT('',(13.199997711182,2.049998490076,
    3.499898314356E-02));
#13389 = VECTOR('',#13390,1.);
#13390 = DIRECTION('',(0.,-1.,-4.371140912996E-08));
#13391 = ORIENTED_EDGE('',*,*,#13243,.F.);
#13392 = ORIENTED_EDGE('',*,*,#13228,.F.);
#13393 = CYLINDRICAL_SURFACE('',#13394,3.5E-02);
#13394 = AXIS2_PLACEMENT_3D('',#13395,#13396,#13397);
#13395 = CARTESIAN_POINT('',(13.234997711182,2.049998490076,
    3.499898314356E-02));
#13396 = DIRECTION('',(0.,1.,4.371140912996E-08));
#13397 = DIRECTION('',(-1.,-0.,0.));
#13398 = ADVANCED_FACE('',(#13399),#13410,.T.);
#13399 = FACE_BOUND('',#13400,.T.);
#13400 = EDGE_LOOP('',(#13401,#13402,#13403,#13404));
#13401 = ORIENTED_EDGE('',*,*,#13336,.T.);
#13402 = ORIENTED_EDGE('',*,*,#13312,.F.);
#13403 = ORIENTED_EDGE('',*,*,#13284,.F.);
#13404 = ORIENTED_EDGE('',*,*,#13405,.F.);
#13405 = EDGE_CURVE('',#13327,#13285,#13406,.T.);
#13406 = LINE('',#13407,#13408);
#13407 = CARTESIAN_POINT('',(13.199997711182,2.049998458166,
    0.764998983144));
#13408 = VECTOR('',#13409,1.);
#13409 = DIRECTION('',(0.,1.,4.371140912996E-08));
#13410 = CYLINDRICAL_SURFACE('',#13411,3.5E-02);
#13411 = AXIS2_PLACEMENT_3D('',#13412,#13413,#13414);
#13412 = CARTESIAN_POINT('',(13.234997711182,2.049998458166,
    0.764998983144));
#13413 = DIRECTION('',(0.,1.,4.371140912996E-08));
#13414 = DIRECTION('',(-1.,-0.,0.));
#13415 = ADVANCED_FACE('',(#13416),#13422,.F.);
#13416 = FACE_BOUND('',#13417,.T.);
#13417 = EDGE_LOOP('',(#13418,#13419,#13420,#13421));
#13418 = ORIENTED_EDGE('',*,*,#13405,.T.);
#13419 = ORIENTED_EDGE('',*,*,#13354,.T.);
#13420 = ORIENTED_EDGE('',*,*,#13386,.T.);
#13421 = ORIENTED_EDGE('',*,*,#13371,.T.);
#13422 = PLANE('',#13423);
#13423 = AXIS2_PLACEMENT_3D('',#13424,#13425,#13426);
#13424 = CARTESIAN_POINT('',(13.199997711182,2.049998491606,
    -1.016856442215E-06));
#13425 = DIRECTION('',(1.,0.,0.));
#13426 = DIRECTION('',(0.,1.,4.371140912996E-08));
#13427 = MANIFOLD_SOLID_BREP('',#13428);
#13428 = CLOSED_SHELL('',(#13429,#13469,#13509,#13549,#13589,#13613,
    #13637,#13661,#13685,#13725,#13749,#13766,#13783,#13801,#13819,
    #13843,#13854,#13865));
#13429 = ADVANCED_FACE('',(#13430),#13464,.F.);
#13430 = FACE_BOUND('',#13431,.T.);
#13431 = EDGE_LOOP('',(#13432,#13442,#13450,#13458));
#13432 = ORIENTED_EDGE('',*,*,#13433,.F.);
#13433 = EDGE_CURVE('',#13434,#13436,#13438,.T.);
#13434 = VERTEX_POINT('',#13435);
#13435 = CARTESIAN_POINT('',(14.449997711182,2.084998456637,
    0.799998984673));
#13436 = VERTEX_POINT('',#13437);
#13437 = CARTESIAN_POINT('',(14.449997711182,2.914998456637,
    0.799999020954));
#13438 = LINE('',#13439,#13440);
#13439 = CARTESIAN_POINT('',(14.449997711182,2.049998456637,
    0.799998983144));
#13440 = VECTOR('',#13441,1.);
#13441 = DIRECTION('',(0.,1.,4.371140912996E-08));
#13442 = ORIENTED_EDGE('',*,*,#13443,.T.);
#13443 = EDGE_CURVE('',#13434,#13444,#13446,.T.);
#13444 = VERTEX_POINT('',#13445);
#13445 = CARTESIAN_POINT('',(14.764997711182,2.084998456637,
    0.799998984673));
#13446 = LINE('',#13447,#13448);
#13447 = CARTESIAN_POINT('',(13.199997711182,2.084998456637,
    0.799998984673));
#13448 = VECTOR('',#13449,1.);
#13449 = DIRECTION('',(1.,0.,0.));
#13450 = ORIENTED_EDGE('',*,*,#13451,.T.);
#13451 = EDGE_CURVE('',#13444,#13452,#13454,.T.);
#13452 = VERTEX_POINT('',#13453);
#13453 = CARTESIAN_POINT('',(14.764997711182,2.914998456637,
    0.799999020954));
#13454 = LINE('',#13455,#13456);
#13455 = CARTESIAN_POINT('',(14.764997711182,2.049998456637,
    0.799998983144));
#13456 = VECTOR('',#13457,1.);
#13457 = DIRECTION('',(0.,1.,4.371140912996E-08));
#13458 = ORIENTED_EDGE('',*,*,#13459,.T.);
#13459 = EDGE_CURVE('',#13452,#13436,#13460,.T.);
#13460 = LINE('',#13461,#13462);
#13461 = CARTESIAN_POINT('',(13.199997711182,2.914998456637,
    0.799999020954));
#13462 = VECTOR('',#13463,1.);
#13463 = DIRECTION('',(-1.,-0.,0.));
#13464 = PLANE('',#13465);
#13465 = AXIS2_PLACEMENT_3D('',#13466,#13467,#13468);
#13466 = CARTESIAN_POINT('',(13.199997711182,2.049998456637,
    0.799998983144));
#13467 = DIRECTION('',(0.,4.371140912996E-08,-1.));
#13468 = DIRECTION('',(0.,1.,4.371140912996E-08));
#13469 = ADVANCED_FACE('',(#13470),#13504,.F.);
#13470 = FACE_BOUND('',#13471,.T.);
#13471 = EDGE_LOOP('',(#13472,#13482,#13490,#13498));
#13472 = ORIENTED_EDGE('',*,*,#13473,.F.);
#13473 = EDGE_CURVE('',#13474,#13476,#13478,.T.);
#13474 = VERTEX_POINT('',#13475);
#13475 = CARTESIAN_POINT('',(14.449997711182,2.914998491606,
    -9.790460733239E-07));
#13476 = VERTEX_POINT('',#13477);
#13477 = CARTESIAN_POINT('',(14.449997711182,2.084998491606,
    -1.015326542897E-06));
#13478 = LINE('',#13479,#13480);
#13479 = CARTESIAN_POINT('',(14.449997711182,2.049998491606,
    -1.016856442215E-06));
#13480 = VECTOR('',#13481,1.);
#13481 = DIRECTION('',(0.,-1.,-4.371140912996E-08));
#13482 = ORIENTED_EDGE('',*,*,#13483,.T.);
#13483 = EDGE_CURVE('',#13474,#13484,#13486,.T.);
#13484 = VERTEX_POINT('',#13485);
#13485 = CARTESIAN_POINT('',(14.764997711182,2.914998491606,
    -9.790460733239E-07));
#13486 = LINE('',#13487,#13488);
#13487 = CARTESIAN_POINT('',(14.799997711182,2.914998491606,
    -9.790460733239E-07));
#13488 = VECTOR('',#13489,1.);
#13489 = DIRECTION('',(1.,0.,0.));
#13490 = ORIENTED_EDGE('',*,*,#13491,.T.);
#13491 = EDGE_CURVE('',#13484,#13492,#13494,.T.);
#13492 = VERTEX_POINT('',#13493);
#13493 = CARTESIAN_POINT('',(14.764997711182,2.084998491606,
    -1.015326542897E-06));
#13494 = LINE('',#13495,#13496);
#13495 = CARTESIAN_POINT('',(14.764997711182,2.049998491606,
    -1.016856442215E-06));
#13496 = VECTOR('',#13497,1.);
#13497 = DIRECTION('',(0.,-1.,-4.371140912996E-08));
#13498 = ORIENTED_EDGE('',*,*,#13499,.T.);
#13499 = EDGE_CURVE('',#13492,#13476,#13500,.T.);
#13500 = LINE('',#13501,#13502);
#13501 = CARTESIAN_POINT('',(13.199997711182,2.084998491606,
    -1.015326542897E-06));
#13502 = VECTOR('',#13503,1.);
#13503 = DIRECTION('',(-1.,0.,0.));
#13504 = PLANE('',#13505);
#13505 = AXIS2_PLACEMENT_3D('',#13506,#13507,#13508);
#13506 = CARTESIAN_POINT('',(13.199997711182,2.049998491606,
    -1.016856442215E-06));
#13507 = DIRECTION('',(0.,-4.371140912996E-08,1.));
#13508 = DIRECTION('',(0.,-1.,-4.371140912996E-08));
#13509 = ADVANCED_FACE('',(#13510),#13544,.F.);
#13510 = FACE_BOUND('',#13511,.T.);
#13511 = EDGE_LOOP('',(#13512,#13522,#13530,#13538));
#13512 = ORIENTED_EDGE('',*,*,#13513,.F.);
#13513 = EDGE_CURVE('',#13514,#13516,#13518,.T.);
#13514 = VERTEX_POINT('',#13515);
#13515 = CARTESIAN_POINT('',(14.449997711182,2.049998490076,
    3.499898314356E-02));
#13516 = VERTEX_POINT('',#13517);
#13517 = CARTESIAN_POINT('',(14.449997711182,2.049998458166,
    0.764998983144));
#13518 = LINE('',#13519,#13520);
#13519 = CARTESIAN_POINT('',(14.449997711182,2.049998474121,
    0.399998983144));
#13520 = VECTOR('',#13521,1.);
#13521 = DIRECTION('',(2.710505431214E-16,-4.371140912996E-08,1.));
#13522 = ORIENTED_EDGE('',*,*,#13523,.T.);
#13523 = EDGE_CURVE('',#13514,#13524,#13526,.T.);
#13524 = VERTEX_POINT('',#13525);
#13525 = CARTESIAN_POINT('',(14.764997711182,2.049998490076,
    3.499898314356E-02));
#13526 = LINE('',#13527,#13528);
#13527 = CARTESIAN_POINT('',(13.999997711182,2.049998490076,
    3.499898314356E-02));
#13528 = VECTOR('',#13529,1.);
#13529 = DIRECTION('',(1.,0.,0.));
#13530 = ORIENTED_EDGE('',*,*,#13531,.T.);
#13531 = EDGE_CURVE('',#13524,#13532,#13534,.T.);
#13532 = VERTEX_POINT('',#13533);
#13533 = CARTESIAN_POINT('',(14.764997711182,2.049998458166,
    0.764998983144));
#13534 = LINE('',#13535,#13536);
#13535 = CARTESIAN_POINT('',(14.764997711182,2.049998474121,
    0.399998983144));
#13536 = VECTOR('',#13537,1.);
#13537 = DIRECTION('',(0.,-4.371140912996E-08,1.));
#13538 = ORIENTED_EDGE('',*,*,#13539,.T.);
#13539 = EDGE_CURVE('',#13532,#13516,#13540,.T.);
#13540 = LINE('',#13541,#13542);
#13541 = CARTESIAN_POINT('',(13.999997711182,2.049998458166,
    0.764998983144));
#13542 = VECTOR('',#13543,1.);
#13543 = DIRECTION('',(-1.,-0.,0.));
#13544 = PLANE('',#13545);
#13545 = AXIS2_PLACEMENT_3D('',#13546,#13547,#13548);
#13546 = CARTESIAN_POINT('',(13.999997711182,2.049998474121,
    0.399998983144));
#13547 = DIRECTION('',(0.,1.,4.371140912996E-08));
#13548 = DIRECTION('',(-1.,0.,0.));
#13549 = ADVANCED_FACE('',(#13550),#13584,.T.);
#13550 = FACE_BOUND('',#13551,.T.);
#13551 = EDGE_LOOP('',(#13552,#13562,#13570,#13578));
#13552 = ORIENTED_EDGE('',*,*,#13553,.T.);
#13553 = EDGE_CURVE('',#13554,#13556,#13558,.T.);
#13554 = VERTEX_POINT('',#13555);
#13555 = CARTESIAN_POINT('',(14.764997711182,2.949998490076,
    3.499902248383E-02));
#13556 = VERTEX_POINT('',#13557);
#13557 = CARTESIAN_POINT('',(14.449997711182,2.949998490076,
    3.499902248383E-02));
#13558 = LINE('',#13559,#13560);
#13559 = CARTESIAN_POINT('',(13.199997711182,2.949998490076,
    3.499902248383E-02));
#13560 = VECTOR('',#13561,1.);
#13561 = DIRECTION('',(-1.,0.,0.));
#13562 = ORIENTED_EDGE('',*,*,#13563,.T.);
#13563 = EDGE_CURVE('',#13556,#13564,#13566,.T.);
#13564 = VERTEX_POINT('',#13565);
#13565 = CARTESIAN_POINT('',(14.449997711182,2.949998458166,
    0.764999022484));
#13566 = LINE('',#13567,#13568);
#13567 = CARTESIAN_POINT('',(14.449997711182,2.949998474121,
    0.399999022484));
#13568 = VECTOR('',#13569,1.);
#13569 = DIRECTION('',(2.710505431214E-16,-4.371140912996E-08,1.));
#13570 = ORIENTED_EDGE('',*,*,#13571,.T.);
#13571 = EDGE_CURVE('',#13564,#13572,#13574,.T.);
#13572 = VERTEX_POINT('',#13573);
#13573 = CARTESIAN_POINT('',(14.764997711182,2.949998458166,
    0.764999022484));
#13574 = LINE('',#13575,#13576);
#13575 = CARTESIAN_POINT('',(14.799997711182,2.949998458166,
    0.764999022484));
#13576 = VECTOR('',#13577,1.);
#13577 = DIRECTION('',(1.,0.,0.));
#13578 = ORIENTED_EDGE('',*,*,#13579,.T.);
#13579 = EDGE_CURVE('',#13572,#13554,#13580,.T.);
#13580 = LINE('',#13581,#13582);
#13581 = CARTESIAN_POINT('',(14.764997711182,2.949998491606,
    -9.775161740055E-07));
#13582 = VECTOR('',#13583,1.);
#13583 = DIRECTION('',(0.,4.371140912996E-08,-1.));
#13584 = PLANE('',#13585);
#13585 = AXIS2_PLACEMENT_3D('',#13586,#13587,#13588);
#13586 = CARTESIAN_POINT('',(13.999997711182,2.949998474121,
    0.399999022484));
#13587 = DIRECTION('',(0.,1.,4.371140912996E-08));
#13588 = DIRECTION('',(-1.,0.,0.));
#13589 = ADVANCED_FACE('',(#13590),#13608,.T.);
#13590 = FACE_BOUND('',#13591,.T.);
#13591 = EDGE_LOOP('',(#13592,#13593,#13600,#13601));
#13592 = ORIENTED_EDGE('',*,*,#13443,.F.);
#13593 = ORIENTED_EDGE('',*,*,#13594,.T.);
#13594 = EDGE_CURVE('',#13434,#13516,#13595,.T.);
#13595 = CIRCLE('',#13596,3.5E-02);
#13596 = AXIS2_PLACEMENT_3D('',#13597,#13598,#13599);
#13597 = CARTESIAN_POINT('',(14.449997711182,2.084998458166,
    0.764998984673));
#13598 = DIRECTION('',(1.,1.184800118528E-23,-2.710505431214E-16));
#13599 = DIRECTION('',(-2.710505431214E-16,4.371140912996E-08,-1.));
#13600 = ORIENTED_EDGE('',*,*,#13539,.F.);
#13601 = ORIENTED_EDGE('',*,*,#13602,.T.);
#13602 = EDGE_CURVE('',#13532,#13444,#13603,.T.);
#13603 = CIRCLE('',#13604,3.5E-02);
#13604 = AXIS2_PLACEMENT_3D('',#13605,#13606,#13607);
#13605 = CARTESIAN_POINT('',(14.764997711182,2.084998458166,
    0.764998984673));
#13606 = DIRECTION('',(-1.,-3.097720492816E-15,-1.354057278317E-22));
#13607 = DIRECTION('',(-3.097720492816E-15,1.,4.371140912996E-08));
#13608 = CYLINDRICAL_SURFACE('',#13609,3.5E-02);
#13609 = AXIS2_PLACEMENT_3D('',#13610,#13611,#13612);
#13610 = CARTESIAN_POINT('',(13.999997711182,2.084998458166,
    0.764998984673));
#13611 = DIRECTION('',(-1.,-0.,0.));
#13612 = DIRECTION('',(0.,-1.,-4.371140912996E-08));
#13613 = ADVANCED_FACE('',(#13614),#13632,.T.);
#13614 = FACE_BOUND('',#13615,.T.);
#13615 = EDGE_LOOP('',(#13616,#13617,#13624,#13625));
#13616 = ORIENTED_EDGE('',*,*,#13523,.F.);
#13617 = ORIENTED_EDGE('',*,*,#13618,.T.);
#13618 = EDGE_CURVE('',#13514,#13476,#13619,.T.);
#13619 = CIRCLE('',#13620,3.5E-02);
#13620 = AXIS2_PLACEMENT_3D('',#13621,#13622,#13623);
#13621 = CARTESIAN_POINT('',(14.449997711182,2.084998490076,
    3.499898467346E-02));
#13622 = DIRECTION('',(1.,1.184800118528E-23,-2.710505431214E-16));
#13623 = DIRECTION('',(-2.710505431214E-16,4.371140912996E-08,-1.));
#13624 = ORIENTED_EDGE('',*,*,#13499,.F.);
#13625 = ORIENTED_EDGE('',*,*,#13626,.T.);
#13626 = EDGE_CURVE('',#13492,#13524,#13627,.T.);
#13627 = CIRCLE('',#13628,3.5E-02);
#13628 = AXIS2_PLACEMENT_3D('',#13629,#13630,#13631);
#13629 = CARTESIAN_POINT('',(14.764997711182,2.084998490076,
    3.499898467346E-02));
#13630 = DIRECTION('',(-1.,0.,0.));
#13631 = DIRECTION('',(0.,1.,4.371140912996E-08));
#13632 = CYLINDRICAL_SURFACE('',#13633,3.5E-02);
#13633 = AXIS2_PLACEMENT_3D('',#13634,#13635,#13636);
#13634 = CARTESIAN_POINT('',(13.999997711182,2.084998490076,
    3.499898467346E-02));
#13635 = DIRECTION('',(1.,0.,0.));
#13636 = DIRECTION('',(0.,1.,4.371140912996E-08));
#13637 = ADVANCED_FACE('',(#13638),#13656,.T.);
#13638 = FACE_BOUND('',#13639,.T.);
#13639 = EDGE_LOOP('',(#13640,#13641,#13648,#13649));
#13640 = ORIENTED_EDGE('',*,*,#13571,.F.);
#13641 = ORIENTED_EDGE('',*,*,#13642,.T.);
#13642 = EDGE_CURVE('',#13564,#13436,#13643,.T.);
#13643 = CIRCLE('',#13644,3.5E-02);
#13644 = AXIS2_PLACEMENT_3D('',#13645,#13646,#13647);
#13645 = CARTESIAN_POINT('',(14.449997711182,2.914998458166,
    0.764999020954));
#13646 = DIRECTION('',(1.,1.184800118528E-23,-2.710505431214E-16));
#13647 = DIRECTION('',(-2.710505431214E-16,4.371140912996E-08,-1.));
#13648 = ORIENTED_EDGE('',*,*,#13459,.F.);
#13649 = ORIENTED_EDGE('',*,*,#13650,.T.);
#13650 = EDGE_CURVE('',#13452,#13572,#13651,.T.);
#13651 = CIRCLE('',#13652,3.5E-02);
#13652 = AXIS2_PLACEMENT_3D('',#13653,#13654,#13655);
#13653 = CARTESIAN_POINT('',(14.764997711182,2.914998458166,
    0.764999020954));
#13654 = DIRECTION('',(-1.,1.354057278317E-22,-3.097720492816E-15));
#13655 = DIRECTION('',(-3.097720492816E-15,-4.371140816192E-08,1.));
#13656 = CYLINDRICAL_SURFACE('',#13657,3.5E-02);
#13657 = AXIS2_PLACEMENT_3D('',#13658,#13659,#13660);
#13658 = CARTESIAN_POINT('',(13.199997711182,2.914998458166,
    0.764999020954));
#13659 = DIRECTION('',(1.,0.,0.));
#13660 = DIRECTION('',(0.,1.,4.371140912996E-08));
#13661 = ADVANCED_FACE('',(#13662),#13680,.T.);
#13662 = FACE_BOUND('',#13663,.T.);
#13663 = EDGE_LOOP('',(#13664,#13665,#13672,#13673));
#13664 = ORIENTED_EDGE('',*,*,#13483,.F.);
#13665 = ORIENTED_EDGE('',*,*,#13666,.T.);
#13666 = EDGE_CURVE('',#13474,#13556,#13667,.T.);
#13667 = CIRCLE('',#13668,3.5E-02);
#13668 = AXIS2_PLACEMENT_3D('',#13669,#13670,#13671);
#13669 = CARTESIAN_POINT('',(14.449997711182,2.914998490076,
    3.499902095393E-02));
#13670 = DIRECTION('',(1.,1.184800118528E-23,-2.710505431214E-16));
#13671 = DIRECTION('',(-2.710505431214E-16,4.371140912996E-08,-1.));
#13672 = ORIENTED_EDGE('',*,*,#13553,.F.);
#13673 = ORIENTED_EDGE('',*,*,#13674,.T.);
#13674 = EDGE_CURVE('',#13554,#13484,#13675,.T.);
#13675 = CIRCLE('',#13676,3.5E-02);
#13676 = AXIS2_PLACEMENT_3D('',#13677,#13678,#13679);
#13677 = CARTESIAN_POINT('',(14.764997711182,2.914998490076,
    3.499902095393E-02));
#13678 = DIRECTION('',(-1.,0.,0.));
#13679 = DIRECTION('',(0.,1.,4.371140912996E-08));
#13680 = CYLINDRICAL_SURFACE('',#13681,3.5E-02);
#13681 = AXIS2_PLACEMENT_3D('',#13682,#13683,#13684);
#13682 = CARTESIAN_POINT('',(13.199997711182,2.914998490076,
    3.499902095393E-02));
#13683 = DIRECTION('',(-1.,-0.,0.));
#13684 = DIRECTION('',(0.,-1.,-4.371140912996E-08));
#13685 = ADVANCED_FACE('',(#13686),#13720,.F.);
#13686 = FACE_BOUND('',#13687,.T.);
#13687 = EDGE_LOOP('',(#13688,#13698,#13706,#13714));
#13688 = ORIENTED_EDGE('',*,*,#13689,.T.);
#13689 = EDGE_CURVE('',#13690,#13692,#13694,.T.);
#13690 = VERTEX_POINT('',#13691);
#13691 = CARTESIAN_POINT('',(14.799997711182,2.084998458166,
    0.764998984673));
#13692 = VERTEX_POINT('',#13693);
#13693 = CARTESIAN_POINT('',(14.799997711182,2.084998490076,
    3.499898467346E-02));
#13694 = LINE('',#13695,#13696);
#13695 = CARTESIAN_POINT('',(14.799997711182,2.084998491606,
    -1.015326542897E-06));
#13696 = VECTOR('',#13697,1.);
#13697 = DIRECTION('',(-0.,4.371140912996E-08,-1.));
#13698 = ORIENTED_EDGE('',*,*,#13699,.T.);
#13699 = EDGE_CURVE('',#13692,#13700,#13702,.T.);
#13700 = VERTEX_POINT('',#13701);
#13701 = CARTESIAN_POINT('',(14.799997711182,2.914998490076,
    3.499902095393E-02));
#13702 = LINE('',#13703,#13704);
#13703 = CARTESIAN_POINT('',(14.799997711182,2.049998490076,
    3.499898314356E-02));
#13704 = VECTOR('',#13705,1.);
#13705 = DIRECTION('',(0.,1.,4.371140912996E-08));
#13706 = ORIENTED_EDGE('',*,*,#13707,.T.);
#13707 = EDGE_CURVE('',#13700,#13708,#13710,.T.);
#13708 = VERTEX_POINT('',#13709);
#13709 = CARTESIAN_POINT('',(14.799997711182,2.914998458166,
    0.764999020954));
#13710 = LINE('',#13711,#13712);
#13711 = CARTESIAN_POINT('',(14.799997711182,2.914998456637,
    0.799999020954));
#13712 = VECTOR('',#13713,1.);
#13713 = DIRECTION('',(0.,-4.371140912996E-08,1.));
#13714 = ORIENTED_EDGE('',*,*,#13715,.T.);
#13715 = EDGE_CURVE('',#13708,#13690,#13716,.T.);
#13716 = LINE('',#13717,#13718);
#13717 = CARTESIAN_POINT('',(14.799997711182,2.049998458166,
    0.764998983144));
#13718 = VECTOR('',#13719,1.);
#13719 = DIRECTION('',(0.,-1.,-4.371140912996E-08));
#13720 = PLANE('',#13721);
#13721 = AXIS2_PLACEMENT_3D('',#13722,#13723,#13724);
#13722 = CARTESIAN_POINT('',(14.799997711182,2.049998491606,
    -1.016856442215E-06));
#13723 = DIRECTION('',(-1.,-0.,0.));
#13724 = DIRECTION('',(0.,-1.,-4.371140912996E-08));
#13725 = ADVANCED_FACE('',(#13726),#13744,.T.);
#13726 = FACE_BOUND('',#13727,.T.);
#13727 = EDGE_LOOP('',(#13728,#13735,#13736,#13743));
#13728 = ORIENTED_EDGE('',*,*,#13729,.F.);
#13729 = EDGE_CURVE('',#13532,#13690,#13730,.T.);
#13730 = CIRCLE('',#13731,3.5E-02);
#13731 = AXIS2_PLACEMENT_3D('',#13732,#13733,#13734);
#13732 = CARTESIAN_POINT('',(14.764997711182,2.084998458166,
    0.764998984673));
#13733 = DIRECTION('',(0.,-4.371140912996E-08,1.));
#13734 = DIRECTION('',(0.,-1.,-4.371140912996E-08));
#13735 = ORIENTED_EDGE('',*,*,#13531,.F.);
#13736 = ORIENTED_EDGE('',*,*,#13737,.F.);
#13737 = EDGE_CURVE('',#13692,#13524,#13738,.T.);
#13738 = CIRCLE('',#13739,3.5E-02);
#13739 = AXIS2_PLACEMENT_3D('',#13740,#13741,#13742);
#13740 = CARTESIAN_POINT('',(14.764997711182,2.084998490076,
    3.499898467346E-02));
#13741 = DIRECTION('',(0.,4.371140912996E-08,-1.));
#13742 = DIRECTION('',(0.,1.,4.371140912996E-08));
#13743 = ORIENTED_EDGE('',*,*,#13689,.F.);
#13744 = CYLINDRICAL_SURFACE('',#13745,3.5E-02);
#13745 = AXIS2_PLACEMENT_3D('',#13746,#13747,#13748);
#13746 = CARTESIAN_POINT('',(14.764997711182,2.084998474121,
    0.399998984673));
#13747 = DIRECTION('',(0.,-4.371140912996E-08,1.));
#13748 = DIRECTION('',(0.,-1.,-4.371140912996E-08));
#13749 = ADVANCED_FACE('',(#13750),#13761,.T.);
#13750 = FACE_BOUND('',#13751,.T.);
#13751 = EDGE_LOOP('',(#13752,#13753,#13754));
#13752 = ORIENTED_EDGE('',*,*,#13602,.F.);
#13753 = ORIENTED_EDGE('',*,*,#13729,.T.);
#13754 = ORIENTED_EDGE('',*,*,#13755,.F.);
#13755 = EDGE_CURVE('',#13444,#13690,#13756,.T.);
#13756 = CIRCLE('',#13757,3.5E-02);
#13757 = AXIS2_PLACEMENT_3D('',#13758,#13759,#13760);
#13758 = CARTESIAN_POINT('',(14.764997711182,2.084998458166,
    0.764998984673));
#13759 = DIRECTION('',(0.,1.,4.371140912996E-08));
#13760 = DIRECTION('',(1.,6.770286391587E-23,-1.548860246408E-15));
#13761 = SPHERICAL_SURFACE('',#13762,3.5E-02);
#13762 = AXIS2_PLACEMENT_3D('',#13763,#13764,#13765);
#13763 = CARTESIAN_POINT('',(14.764997711182,2.084998458166,
    0.764998984673));
#13764 = DIRECTION('',(0.,-4.371140912996E-08,1.));
#13765 = DIRECTION('',(1.,0.,0.));
#13766 = ADVANCED_FACE('',(#13767),#13778,.T.);
#13767 = FACE_BOUND('',#13768,.T.);
#13768 = EDGE_LOOP('',(#13769,#13776,#13777));
#13769 = ORIENTED_EDGE('',*,*,#13770,.F.);
#13770 = EDGE_CURVE('',#13692,#13492,#13771,.T.);
#13771 = CIRCLE('',#13772,3.5E-02);
#13772 = AXIS2_PLACEMENT_3D('',#13773,#13774,#13775);
#13773 = CARTESIAN_POINT('',(14.764997711182,2.084998490076,
    3.499898467346E-02));
#13774 = DIRECTION('',(-0.,1.,4.371140912996E-08));
#13775 = DIRECTION('',(1.,0.,0.));
#13776 = ORIENTED_EDGE('',*,*,#13737,.T.);
#13777 = ORIENTED_EDGE('',*,*,#13626,.F.);
#13778 = SPHERICAL_SURFACE('',#13779,3.5E-02);
#13779 = AXIS2_PLACEMENT_3D('',#13780,#13781,#13782);
#13780 = CARTESIAN_POINT('',(14.764997711182,2.084998490076,
    3.499898467346E-02));
#13781 = DIRECTION('',(0.,-4.371140912996E-08,1.));
#13782 = DIRECTION('',(1.,0.,0.));
#13783 = ADVANCED_FACE('',(#13784),#13796,.T.);
#13784 = FACE_BOUND('',#13785,.T.);
#13785 = EDGE_LOOP('',(#13786,#13787,#13788,#13795));
#13786 = ORIENTED_EDGE('',*,*,#13755,.T.);
#13787 = ORIENTED_EDGE('',*,*,#13715,.F.);
#13788 = ORIENTED_EDGE('',*,*,#13789,.F.);
#13789 = EDGE_CURVE('',#13452,#13708,#13790,.T.);
#13790 = CIRCLE('',#13791,3.5E-02);
#13791 = AXIS2_PLACEMENT_3D('',#13792,#13793,#13794);
#13792 = CARTESIAN_POINT('',(14.764997711182,2.914998458166,
    0.764999020954));
#13793 = DIRECTION('',(0.,1.,4.371140912996E-08));
#13794 = DIRECTION('',(-1.,-0.,0.));
#13795 = ORIENTED_EDGE('',*,*,#13451,.F.);
#13796 = CYLINDRICAL_SURFACE('',#13797,3.5E-02);
#13797 = AXIS2_PLACEMENT_3D('',#13798,#13799,#13800);
#13798 = CARTESIAN_POINT('',(14.764997711182,2.049998458166,
    0.764998983144));
#13799 = DIRECTION('',(0.,1.,4.371140912996E-08));
#13800 = DIRECTION('',(-1.,-0.,0.));
#13801 = ADVANCED_FACE('',(#13802),#13814,.T.);
#13802 = FACE_BOUND('',#13803,.T.);
#13803 = EDGE_LOOP('',(#13804,#13805,#13806,#13813));
#13804 = ORIENTED_EDGE('',*,*,#13770,.T.);
#13805 = ORIENTED_EDGE('',*,*,#13491,.F.);
#13806 = ORIENTED_EDGE('',*,*,#13807,.F.);
#13807 = EDGE_CURVE('',#13700,#13484,#13808,.T.);
#13808 = CIRCLE('',#13809,3.5E-02);
#13809 = AXIS2_PLACEMENT_3D('',#13810,#13811,#13812);
#13810 = CARTESIAN_POINT('',(14.764997711182,2.914998490076,
    3.499902095393E-02));
#13811 = DIRECTION('',(0.,1.,4.371140912996E-08));
#13812 = DIRECTION('',(-1.,-0.,0.));
#13813 = ORIENTED_EDGE('',*,*,#13699,.F.);
#13814 = CYLINDRICAL_SURFACE('',#13815,3.5E-02);
#13815 = AXIS2_PLACEMENT_3D('',#13816,#13817,#13818);
#13816 = CARTESIAN_POINT('',(14.764997711182,2.049998490076,
    3.499898314356E-02));
#13817 = DIRECTION('',(0.,1.,4.371140912996E-08));
#13818 = DIRECTION('',(-1.,-0.,0.));
#13819 = ADVANCED_FACE('',(#13820),#13838,.T.);
#13820 = FACE_BOUND('',#13821,.T.);
#13821 = EDGE_LOOP('',(#13822,#13829,#13830,#13837));
#13822 = ORIENTED_EDGE('',*,*,#13823,.F.);
#13823 = EDGE_CURVE('',#13708,#13572,#13824,.T.);
#13824 = CIRCLE('',#13825,3.5E-02);
#13825 = AXIS2_PLACEMENT_3D('',#13826,#13827,#13828);
#13826 = CARTESIAN_POINT('',(14.764997711182,2.914998458166,
    0.764999020954));
#13827 = DIRECTION('',(0.,-4.371140912996E-08,1.));
#13828 = DIRECTION('',(0.,-1.,-4.371140912996E-08));
#13829 = ORIENTED_EDGE('',*,*,#13707,.F.);
#13830 = ORIENTED_EDGE('',*,*,#13831,.F.);
#13831 = EDGE_CURVE('',#13554,#13700,#13832,.T.);
#13832 = CIRCLE('',#13833,3.5E-02);
#13833 = AXIS2_PLACEMENT_3D('',#13834,#13835,#13836);
#13834 = CARTESIAN_POINT('',(14.764997711182,2.914998490076,
    3.499902095393E-02));
#13835 = DIRECTION('',(0.,4.371140912996E-08,-1.));
#13836 = DIRECTION('',(0.,1.,4.371140912996E-08));
#13837 = ORIENTED_EDGE('',*,*,#13579,.F.);
#13838 = CYLINDRICAL_SURFACE('',#13839,3.5E-02);
#13839 = AXIS2_PLACEMENT_3D('',#13840,#13841,#13842);
#13840 = CARTESIAN_POINT('',(14.764997711182,2.914998491606,
    -9.790460733239E-07));
#13841 = DIRECTION('',(0.,4.371140912996E-08,-1.));
#13842 = DIRECTION('',(0.,1.,4.371140912996E-08));
#13843 = ADVANCED_FACE('',(#13844),#13849,.T.);
#13844 = FACE_BOUND('',#13845,.T.);
#13845 = EDGE_LOOP('',(#13846,#13847,#13848));
#13846 = ORIENTED_EDGE('',*,*,#13789,.T.);
#13847 = ORIENTED_EDGE('',*,*,#13823,.T.);
#13848 = ORIENTED_EDGE('',*,*,#13650,.F.);
#13849 = SPHERICAL_SURFACE('',#13850,3.5E-02);
#13850 = AXIS2_PLACEMENT_3D('',#13851,#13852,#13853);
#13851 = CARTESIAN_POINT('',(14.764997711182,2.914998458166,
    0.764999020954));
#13852 = DIRECTION('',(0.,-4.371140912996E-08,1.));
#13853 = DIRECTION('',(1.,0.,0.));
#13854 = ADVANCED_FACE('',(#13855),#13860,.T.);
#13855 = FACE_BOUND('',#13856,.T.);
#13856 = EDGE_LOOP('',(#13857,#13858,#13859));
#13857 = ORIENTED_EDGE('',*,*,#13831,.T.);
#13858 = ORIENTED_EDGE('',*,*,#13807,.T.);
#13859 = ORIENTED_EDGE('',*,*,#13674,.F.);
#13860 = SPHERICAL_SURFACE('',#13861,3.5E-02);
#13861 = AXIS2_PLACEMENT_3D('',#13862,#13863,#13864);
#13862 = CARTESIAN_POINT('',(14.764997711182,2.914998490076,
    3.499902095393E-02));
#13863 = DIRECTION('',(0.,-4.371140912996E-08,1.));
#13864 = DIRECTION('',(1.,0.,0.));
#13865 = ADVANCED_FACE('',(#13866),#13876,.T.);
#13866 = FACE_BOUND('',#13867,.T.);
#13867 = EDGE_LOOP('',(#13868,#13869,#13870,#13871,#13872,#13873,#13874,
    #13875));
#13868 = ORIENTED_EDGE('',*,*,#13594,.F.);
#13869 = ORIENTED_EDGE('',*,*,#13433,.T.);
#13870 = ORIENTED_EDGE('',*,*,#13642,.F.);
#13871 = ORIENTED_EDGE('',*,*,#13563,.F.);
#13872 = ORIENTED_EDGE('',*,*,#13666,.F.);
#13873 = ORIENTED_EDGE('',*,*,#13473,.T.);
#13874 = ORIENTED_EDGE('',*,*,#13618,.F.);
#13875 = ORIENTED_EDGE('',*,*,#13513,.T.);
#13876 = PLANE('',#13877);
#13877 = AXIS2_PLACEMENT_3D('',#13878,#13879,#13880);
#13878 = CARTESIAN_POINT('',(14.449997711182,2.959998456637,
    0.799999022921));
#13879 = DIRECTION('',(-1.,-1.184800118528E-23,2.710505431214E-16));
#13880 = DIRECTION('',(-2.710505431214E-16,4.371140912996E-08,-1.));
#13881 = MANIFOLD_SOLID_BREP('',#13882);
#13882 = CLOSED_SHELL('',(#13883,#13959,#13991,#14015,#14040,#14064,
    #14089,#14113,#14138,#14155));
#13883 = ADVANCED_FACE('',(#13884),#13954,.T.);
#13884 = FACE_BOUND('',#13885,.T.);
#13885 = EDGE_LOOP('',(#13886,#13896,#13905,#13913,#13922,#13930,#13939,
    #13947));
#13886 = ORIENTED_EDGE('',*,*,#13887,.T.);
#13887 = EDGE_CURVE('',#13888,#13890,#13892,.T.);
#13888 = VERTEX_POINT('',#13889);
#13889 = CARTESIAN_POINT('',(13.549997711182,2.069998490076,
    3.499898401779E-02));
#13890 = VERTEX_POINT('',#13891);
#13891 = CARTESIAN_POINT('',(13.549997711182,2.069998458166,
    0.764998984018));
#13892 = LINE('',#13893,#13894);
#13893 = CARTESIAN_POINT('',(13.549997711182,2.069998474121,
    0.399998984018));
#13894 = VECTOR('',#13895,1.);
#13895 = DIRECTION('',(-1.508577482946E-16,-4.371140912996E-08,1.));
#13896 = ORIENTED_EDGE('',*,*,#13897,.T.);
#13897 = EDGE_CURVE('',#13890,#13898,#13900,.T.);
#13898 = VERTEX_POINT('',#13899);
#13899 = CARTESIAN_POINT('',(13.549997711182,2.084998457511,
    0.779998984673));
#13900 = CIRCLE('',#13901,1.5E-02);
#13901 = AXIS2_PLACEMENT_3D('',#13902,#13903,#13904);
#13902 = CARTESIAN_POINT('',(13.549997711182,2.084998458166,
    0.764998984673));
#13903 = DIRECTION('',(-1.,6.594204756129E-24,-1.508577482946E-16));
#13904 = DIRECTION('',(1.508577482946E-16,4.371140912996E-08,-1.));
#13905 = ORIENTED_EDGE('',*,*,#13906,.T.);
#13906 = EDGE_CURVE('',#13898,#13907,#13909,.T.);
#13907 = VERTEX_POINT('',#13908);
#13908 = CARTESIAN_POINT('',(13.549997711182,2.914998457511,
    0.779999020954));
#13909 = LINE('',#13910,#13911);
#13910 = CARTESIAN_POINT('',(13.549997711182,2.949998457511,
    0.779999022484));
#13911 = VECTOR('',#13912,1.);
#13912 = DIRECTION('',(0.,1.,4.371140912996E-08));
#13913 = ORIENTED_EDGE('',*,*,#13914,.T.);
#13914 = EDGE_CURVE('',#13907,#13915,#13917,.T.);
#13915 = VERTEX_POINT('',#13916);
#13916 = CARTESIAN_POINT('',(13.549997711182,2.929998458166,
    0.76499902161));
#13917 = CIRCLE('',#13918,1.5E-02);
#13918 = AXIS2_PLACEMENT_3D('',#13919,#13920,#13921);
#13919 = CARTESIAN_POINT('',(13.549997711182,2.914998458166,
    0.764999020954));
#13920 = DIRECTION('',(-1.,6.594204756129E-24,-1.508577482946E-16));
#13921 = DIRECTION('',(1.508577482946E-16,4.371140912996E-08,-1.));
#13922 = ORIENTED_EDGE('',*,*,#13923,.T.);
#13923 = EDGE_CURVE('',#13915,#13924,#13926,.T.);
#13924 = VERTEX_POINT('',#13925);
#13925 = CARTESIAN_POINT('',(13.549997711182,2.929998490076,
    3.49990216096E-02));
#13926 = LINE('',#13927,#13928);
#13927 = CARTESIAN_POINT('',(13.549997711182,2.929998474121,
    0.39999902161));
#13928 = VECTOR('',#13929,1.);
#13929 = DIRECTION('',(1.508577482946E-16,4.371140912996E-08,-1.));
#13930 = ORIENTED_EDGE('',*,*,#13931,.T.);
#13931 = EDGE_CURVE('',#13924,#13932,#13934,.T.);
#13932 = VERTEX_POINT('',#13933);
#13933 = CARTESIAN_POINT('',(13.549997711182,2.914998490731,
    1.999902095393E-02));
#13934 = CIRCLE('',#13935,1.5E-02);
#13935 = AXIS2_PLACEMENT_3D('',#13936,#13937,#13938);
#13936 = CARTESIAN_POINT('',(13.549997711182,2.914998490076,
    3.499902095393E-02));
#13937 = DIRECTION('',(-1.,6.594204756129E-24,-1.508577482946E-16));
#13938 = DIRECTION('',(1.508577482946E-16,4.371140912996E-08,-1.));
#13939 = ORIENTED_EDGE('',*,*,#13940,.T.);
#13940 = EDGE_CURVE('',#13932,#13941,#13943,.T.);
#13941 = VERTEX_POINT('',#13942);
#13942 = CARTESIAN_POINT('',(13.549997711182,2.084998490731,
    1.999898467346E-02));
#13943 = LINE('',#13944,#13945);
#13944 = CARTESIAN_POINT('',(13.549997711182,2.949998490731,
    1.999902248383E-02));
#13945 = VECTOR('',#13946,1.);
#13946 = DIRECTION('',(0.,-1.,-4.371140912996E-08));
#13947 = ORIENTED_EDGE('',*,*,#13948,.T.);
#13948 = EDGE_CURVE('',#13941,#13888,#13949,.T.);
#13949 = CIRCLE('',#13950,1.5E-02);
#13950 = AXIS2_PLACEMENT_3D('',#13951,#13952,#13953);
#13951 = CARTESIAN_POINT('',(13.549997711182,2.084998490076,
    3.499898467346E-02));
#13952 = DIRECTION('',(-1.,6.594204756129E-24,-1.508577482946E-16));
#13953 = DIRECTION('',(1.508577482946E-16,4.371140912996E-08,-1.));
#13954 = PLANE('',#13955);
#13955 = AXIS2_PLACEMENT_3D('',#13956,#13957,#13958);
#13956 = CARTESIAN_POINT('',(13.549997711182,2.959998456637,
    0.799999022921));
#13957 = DIRECTION('',(-1.,5.924000592638E-24,-1.355252715607E-16));
#13958 = DIRECTION('',(1.355252715607E-16,4.371140912996E-08,-1.));
#13959 = ADVANCED_FACE('',(#13960),#13986,.T.);
#13960 = FACE_BOUND('',#13961,.T.);
#13961 = EDGE_LOOP('',(#13962,#13970,#13971,#13979));
#13962 = ORIENTED_EDGE('',*,*,#13963,.T.);
#13963 = EDGE_CURVE('',#13964,#13898,#13966,.T.);
#13964 = VERTEX_POINT('',#13965);
#13965 = CARTESIAN_POINT('',(14.449997711182,2.084998457511,
    0.779998984673));
#13966 = LINE('',#13967,#13968);
#13967 = CARTESIAN_POINT('',(15.654157169061,2.084998457511,
    0.779998984673));
#13968 = VECTOR('',#13969,1.);
#13969 = DIRECTION('',(-1.,5.924000592638E-24,-1.355252715607E-16));
#13970 = ORIENTED_EDGE('',*,*,#13897,.F.);
#13971 = ORIENTED_EDGE('',*,*,#13972,.F.);
#13972 = EDGE_CURVE('',#13973,#13890,#13975,.T.);
#13973 = VERTEX_POINT('',#13974);
#13974 = CARTESIAN_POINT('',(14.449997711182,2.069998458166,
    0.764998984018));
#13975 = LINE('',#13976,#13977);
#13976 = CARTESIAN_POINT('',(15.654157169061,2.069998458166,
    0.764998984018));
#13977 = VECTOR('',#13978,1.);
#13978 = DIRECTION('',(-1.,5.924000592638E-24,-1.355252715607E-16));
#13979 = ORIENTED_EDGE('',*,*,#13980,.F.);
#13980 = EDGE_CURVE('',#13964,#13973,#13981,.T.);
#13981 = CIRCLE('',#13982,1.5E-02);
#13982 = AXIS2_PLACEMENT_3D('',#13983,#13984,#13985);
#13983 = CARTESIAN_POINT('',(14.449997711182,2.084998458166,
    0.764998984673));
#13984 = DIRECTION('',(1.,1.184800118528E-23,-2.710505431214E-16));
#13985 = DIRECTION('',(-2.710505431214E-16,4.371140912996E-08,-1.));
#13986 = CYLINDRICAL_SURFACE('',#13987,1.5E-02);
#13987 = AXIS2_PLACEMENT_3D('',#13988,#13989,#13990);
#13988 = CARTESIAN_POINT('',(15.654157169061,2.084998458166,
    0.764998984673));
#13989 = DIRECTION('',(-1.,5.924000592638E-24,-1.355252715607E-16));
#13990 = DIRECTION('',(1.355252715607E-16,4.371140912996E-08,-1.));
#13991 = ADVANCED_FACE('',(#13992),#14010,.T.);
#13992 = FACE_BOUND('',#13993,.T.);
#13993 = EDGE_LOOP('',(#13994,#14002,#14003,#14004));
#13994 = ORIENTED_EDGE('',*,*,#13995,.T.);
#13995 = EDGE_CURVE('',#13996,#13907,#13998,.T.);
#13996 = VERTEX_POINT('',#13997);
#13997 = CARTESIAN_POINT('',(14.449997711182,2.914998457511,
    0.779999020954));
#13998 = LINE('',#13999,#14000);
#13999 = CARTESIAN_POINT('',(15.654157169061,2.914998457511,
    0.779999020954));
#14000 = VECTOR('',#14001,1.);
#14001 = DIRECTION('',(-1.,5.924000592638E-24,-1.355252715607E-16));
#14002 = ORIENTED_EDGE('',*,*,#13906,.F.);
#14003 = ORIENTED_EDGE('',*,*,#13963,.F.);
#14004 = ORIENTED_EDGE('',*,*,#14005,.F.);
#14005 = EDGE_CURVE('',#13996,#13964,#14006,.T.);
#14006 = LINE('',#14007,#14008);
#14007 = CARTESIAN_POINT('',(14.449997711182,2.949998457511,
    0.779999022484));
#14008 = VECTOR('',#14009,1.);
#14009 = DIRECTION('',(0.,-1.,-4.371140912996E-08));
#14010 = PLANE('',#14011);
#14011 = AXIS2_PLACEMENT_3D('',#14012,#14013,#14014);
#14012 = CARTESIAN_POINT('',(15.654157169061,2.949998457511,
    0.779999022484));
#14013 = DIRECTION('',(-1.355252715607E-16,-4.371140912996E-08,1.));
#14014 = DIRECTION('',(-1.,5.924000592638E-24,-1.355252715607E-16));
#14015 = ADVANCED_FACE('',(#14016),#14035,.T.);
#14016 = FACE_BOUND('',#14017,.T.);
#14017 = EDGE_LOOP('',(#14018,#14026,#14027,#14028));
#14018 = ORIENTED_EDGE('',*,*,#14019,.T.);
#14019 = EDGE_CURVE('',#14020,#13915,#14022,.T.);
#14020 = VERTEX_POINT('',#14021);
#14021 = CARTESIAN_POINT('',(14.449997711182,2.929998458166,
    0.76499902161));
#14022 = LINE('',#14023,#14024);
#14023 = CARTESIAN_POINT('',(15.654157169061,2.929998458166,
    0.76499902161));
#14024 = VECTOR('',#14025,1.);
#14025 = DIRECTION('',(-1.,5.924000592638E-24,-1.355252715607E-16));
#14026 = ORIENTED_EDGE('',*,*,#13914,.F.);
#14027 = ORIENTED_EDGE('',*,*,#13995,.F.);
#14028 = ORIENTED_EDGE('',*,*,#14029,.F.);
#14029 = EDGE_CURVE('',#14020,#13996,#14030,.T.);
#14030 = CIRCLE('',#14031,1.5E-02);
#14031 = AXIS2_PLACEMENT_3D('',#14032,#14033,#14034);
#14032 = CARTESIAN_POINT('',(14.449997711182,2.914998458166,
    0.764999020954));
#14033 = DIRECTION('',(1.,1.184800118528E-23,-2.710505431214E-16));
#14034 = DIRECTION('',(-2.710505431214E-16,4.371140912996E-08,-1.));
#14035 = CYLINDRICAL_SURFACE('',#14036,1.5E-02);
#14036 = AXIS2_PLACEMENT_3D('',#14037,#14038,#14039);
#14037 = CARTESIAN_POINT('',(15.654157169061,2.914998458166,
    0.764999020954));
#14038 = DIRECTION('',(-1.,5.924000592638E-24,-1.355252715607E-16));
#14039 = DIRECTION('',(1.355252715607E-16,4.371140912996E-08,-1.));
#14040 = ADVANCED_FACE('',(#14041),#14059,.T.);
#14041 = FACE_BOUND('',#14042,.T.);
#14042 = EDGE_LOOP('',(#14043,#14051,#14052,#14053));
#14043 = ORIENTED_EDGE('',*,*,#14044,.T.);
#14044 = EDGE_CURVE('',#14045,#13924,#14047,.T.);
#14045 = VERTEX_POINT('',#14046);
#14046 = CARTESIAN_POINT('',(14.449997711182,2.929998490076,
    3.49990216096E-02));
#14047 = LINE('',#14048,#14049);
#14048 = CARTESIAN_POINT('',(15.654157169061,2.929998490076,
    3.49990216096E-02));
#14049 = VECTOR('',#14050,1.);
#14050 = DIRECTION('',(-1.,5.924000592638E-24,-1.355252715607E-16));
#14051 = ORIENTED_EDGE('',*,*,#13923,.F.);
#14052 = ORIENTED_EDGE('',*,*,#14019,.F.);
#14053 = ORIENTED_EDGE('',*,*,#14054,.F.);
#14054 = EDGE_CURVE('',#14045,#14020,#14055,.T.);
#14055 = LINE('',#14056,#14057);
#14056 = CARTESIAN_POINT('',(14.449997711182,2.929998474121,
    0.39999902161));
#14057 = VECTOR('',#14058,1.);
#14058 = DIRECTION('',(2.710505431214E-16,-4.371140912996E-08,1.));
#14059 = PLANE('',#14060);
#14060 = AXIS2_PLACEMENT_3D('',#14061,#14062,#14063);
#14061 = CARTESIAN_POINT('',(15.654157169061,2.929998474121,
    0.39999902161));
#14062 = DIRECTION('',(0.,1.,4.371140912996E-08));
#14063 = DIRECTION('',(-1.,0.,0.));
#14064 = ADVANCED_FACE('',(#14065),#14084,.T.);
#14065 = FACE_BOUND('',#14066,.T.);
#14066 = EDGE_LOOP('',(#14067,#14075,#14076,#14077));
#14067 = ORIENTED_EDGE('',*,*,#14068,.T.);
#14068 = EDGE_CURVE('',#14069,#13932,#14071,.T.);
#14069 = VERTEX_POINT('',#14070);
#14070 = CARTESIAN_POINT('',(14.449997711182,2.914998490731,
    1.999902095393E-02));
#14071 = LINE('',#14072,#14073);
#14072 = CARTESIAN_POINT('',(15.654157169061,2.914998490731,
    1.999902095393E-02));
#14073 = VECTOR('',#14074,1.);
#14074 = DIRECTION('',(-1.,5.924000592638E-24,-1.355252715607E-16));
#14075 = ORIENTED_EDGE('',*,*,#13931,.F.);
#14076 = ORIENTED_EDGE('',*,*,#14044,.F.);
#14077 = ORIENTED_EDGE('',*,*,#14078,.F.);
#14078 = EDGE_CURVE('',#14069,#14045,#14079,.T.);
#14079 = CIRCLE('',#14080,1.5E-02);
#14080 = AXIS2_PLACEMENT_3D('',#14081,#14082,#14083);
#14081 = CARTESIAN_POINT('',(14.449997711182,2.914998490076,
    3.499902095393E-02));
#14082 = DIRECTION('',(1.,1.184800118528E-23,-2.710505431214E-16));
#14083 = DIRECTION('',(-2.710505431214E-16,4.371140912996E-08,-1.));
#14084 = CYLINDRICAL_SURFACE('',#14085,1.5E-02);
#14085 = AXIS2_PLACEMENT_3D('',#14086,#14087,#14088);
#14086 = CARTESIAN_POINT('',(15.654157169061,2.914998490076,
    3.499902095393E-02));
#14087 = DIRECTION('',(-1.,5.924000592638E-24,-1.355252715607E-16));
#14088 = DIRECTION('',(1.355252715607E-16,4.371140912996E-08,-1.));
#14089 = ADVANCED_FACE('',(#14090),#14108,.T.);
#14090 = FACE_BOUND('',#14091,.T.);
#14091 = EDGE_LOOP('',(#14092,#14100,#14101,#14102));
#14092 = ORIENTED_EDGE('',*,*,#14093,.T.);
#14093 = EDGE_CURVE('',#14094,#13941,#14096,.T.);
#14094 = VERTEX_POINT('',#14095);
#14095 = CARTESIAN_POINT('',(14.449997711182,2.084998490731,
    1.999898467346E-02));
#14096 = LINE('',#14097,#14098);
#14097 = CARTESIAN_POINT('',(15.654157169061,2.084998490731,
    1.999898467346E-02));
#14098 = VECTOR('',#14099,1.);
#14099 = DIRECTION('',(-1.,5.924000592638E-24,-1.355252715607E-16));
#14100 = ORIENTED_EDGE('',*,*,#13940,.F.);
#14101 = ORIENTED_EDGE('',*,*,#14068,.F.);
#14102 = ORIENTED_EDGE('',*,*,#14103,.F.);
#14103 = EDGE_CURVE('',#14094,#14069,#14104,.T.);
#14104 = LINE('',#14105,#14106);
#14105 = CARTESIAN_POINT('',(14.449997711182,2.949998490731,
    1.999902248383E-02));
#14106 = VECTOR('',#14107,1.);
#14107 = DIRECTION('',(0.,1.,4.371140912996E-08));
#14108 = PLANE('',#14109);
#14109 = AXIS2_PLACEMENT_3D('',#14110,#14111,#14112);
#14110 = CARTESIAN_POINT('',(15.654157169061,2.949998490731,
    1.999902248383E-02));
#14111 = DIRECTION('',(1.355252715607E-16,4.371140912996E-08,-1.));
#14112 = DIRECTION('',(1.,-5.924000592638E-24,1.355252715607E-16));
#14113 = ADVANCED_FACE('',(#14114),#14133,.T.);
#14114 = FACE_BOUND('',#14115,.T.);
#14115 = EDGE_LOOP('',(#14116,#14124,#14125,#14126));
#14116 = ORIENTED_EDGE('',*,*,#14117,.T.);
#14117 = EDGE_CURVE('',#14118,#13888,#14120,.T.);
#14118 = VERTEX_POINT('',#14119);
#14119 = CARTESIAN_POINT('',(14.449997711182,2.069998490076,
    3.499898401779E-02));
#14120 = LINE('',#14121,#14122);
#14121 = CARTESIAN_POINT('',(15.654157169061,2.069998490076,
    3.499898401779E-02));
#14122 = VECTOR('',#14123,1.);
#14123 = DIRECTION('',(-1.,5.924000592638E-24,-1.355252715607E-16));
#14124 = ORIENTED_EDGE('',*,*,#13948,.F.);
#14125 = ORIENTED_EDGE('',*,*,#14093,.F.);
#14126 = ORIENTED_EDGE('',*,*,#14127,.F.);
#14127 = EDGE_CURVE('',#14118,#14094,#14128,.T.);
#14128 = CIRCLE('',#14129,1.5E-02);
#14129 = AXIS2_PLACEMENT_3D('',#14130,#14131,#14132);
#14130 = CARTESIAN_POINT('',(14.449997711182,2.084998490076,
    3.499898467346E-02));
#14131 = DIRECTION('',(1.,1.184800118528E-23,-2.710505431214E-16));
#14132 = DIRECTION('',(-2.710505431214E-16,4.371140912996E-08,-1.));
#14133 = CYLINDRICAL_SURFACE('',#14134,1.5E-02);
#14134 = AXIS2_PLACEMENT_3D('',#14135,#14136,#14137);
#14135 = CARTESIAN_POINT('',(15.654157169061,2.084998490076,
    3.499898467346E-02));
#14136 = DIRECTION('',(-1.,5.924000592638E-24,-1.355252715607E-16));
#14137 = DIRECTION('',(1.355252715607E-16,4.371140912996E-08,-1.));
#14138 = ADVANCED_FACE('',(#14139),#14150,.T.);
#14139 = FACE_BOUND('',#14140,.T.);
#14140 = EDGE_LOOP('',(#14141,#14142,#14143,#14144));
#14141 = ORIENTED_EDGE('',*,*,#13972,.T.);
#14142 = ORIENTED_EDGE('',*,*,#13887,.F.);
#14143 = ORIENTED_EDGE('',*,*,#14117,.F.);
#14144 = ORIENTED_EDGE('',*,*,#14145,.F.);
#14145 = EDGE_CURVE('',#13973,#14118,#14146,.T.);
#14146 = LINE('',#14147,#14148);
#14147 = CARTESIAN_POINT('',(14.449997711182,2.069998474121,
    0.399998984018));
#14148 = VECTOR('',#14149,1.);
#14149 = DIRECTION('',(-2.710505431214E-16,4.371140912996E-08,-1.));
#14150 = PLANE('',#14151);
#14151 = AXIS2_PLACEMENT_3D('',#14152,#14153,#14154);
#14152 = CARTESIAN_POINT('',(15.654157169061,2.069998474121,
    0.399998984018));
#14153 = DIRECTION('',(0.,-1.,-4.371140912996E-08));
#14154 = DIRECTION('',(1.,0.,0.));
#14155 = ADVANCED_FACE('',(#14156),#14166,.F.);
#14156 = FACE_BOUND('',#14157,.T.);
#14157 = EDGE_LOOP('',(#14158,#14159,#14160,#14161,#14162,#14163,#14164,
    #14165));
#14158 = ORIENTED_EDGE('',*,*,#13980,.T.);
#14159 = ORIENTED_EDGE('',*,*,#14145,.T.);
#14160 = ORIENTED_EDGE('',*,*,#14127,.T.);
#14161 = ORIENTED_EDGE('',*,*,#14103,.T.);
#14162 = ORIENTED_EDGE('',*,*,#14078,.T.);
#14163 = ORIENTED_EDGE('',*,*,#14054,.T.);
#14164 = ORIENTED_EDGE('',*,*,#14029,.T.);
#14165 = ORIENTED_EDGE('',*,*,#14005,.T.);
#14166 = PLANE('',#14167);
#14167 = AXIS2_PLACEMENT_3D('',#14168,#14169,#14170);
#14168 = CARTESIAN_POINT('',(14.449997711182,2.959998456637,
    0.799999022921));
#14169 = DIRECTION('',(-1.,-1.184800118528E-23,2.710505431214E-16));
#14170 = DIRECTION('',(-2.710505431214E-16,4.371140912996E-08,-1.));
#14171 = ( GEOMETRIC_REPRESENTATION_CONTEXT(3) 
GLOBAL_UNCERTAINTY_ASSIGNED_CONTEXT((#14175)) 
GLOBAL_UNIT_ASSIGNED_CONTEXT((#14172,#14173,#14174)) 
REPRESENTATION_CONTEXT('Context #1',
  '3D Context with UNIT and UNCERTAINTY') );
#14172 = ( LENGTH_UNIT() NAMED_UNIT(*) SI_UNIT(.MILLI.,.METRE.) );
#14173 = ( NAMED_UNIT(*) PLANE_ANGLE_UNIT() SI_UNIT($,.RADIAN.) );
#14174 = ( NAMED_UNIT(*) SI_UNIT($,.STERADIAN.) SOLID_ANGLE_UNIT() );
#14175 = UNCERTAINTY_MEASURE_WITH_UNIT(LENGTH_MEASURE(1.E-07),#14172,
  'distance_accuracy_value','confusion accuracy');
#14176 = PRODUCT_RELATED_PRODUCT_CATEGORY('part',$,(#12969));
#14177 = SHAPE_DEFINITION_REPRESENTATION(#14178,#14184);
#14178 = PRODUCT_DEFINITION_SHAPE('','',#14179);
#14179 = PRODUCT_DEFINITION('design','',#14180,#14183);
#14180 = PRODUCT_DEFINITION_FORMATION('','',#14181);
#14181 = PRODUCT('Open CASCADE STEP translator 7.5 89',
  'Open CASCADE STEP translator 7.5 89','',(#14182));
#14182 = PRODUCT_CONTEXT('',#2,'mechanical');
#14183 = PRODUCT_DEFINITION_CONTEXT('part definition',#2,'design');
#14184 = SHAPE_REPRESENTATION('',(#11,#14185,#14639,#15093),#15383);
#14185 = MANIFOLD_SOLID_BREP('',#14186);
#14186 = CLOSED_SHELL('',(#14187,#14263,#14295,#14327,#14344,#14369,
    #14401,#14433,#14450,#14475,#14492,#14517,#14534,#14559,#14576,
    #14593,#14610,#14627));
#14187 = ADVANCED_FACE('',(#14188),#14258,.F.);
#14188 = FACE_BOUND('',#14189,.T.);
#14189 = EDGE_LOOP('',(#14190,#14201,#14209,#14218,#14226,#14235,#14243,
    #14252));
#14190 = ORIENTED_EDGE('',*,*,#14191,.T.);
#14191 = EDGE_CURVE('',#14192,#14194,#14196,.T.);
#14192 = VERTEX_POINT('',#14193);
#14193 = CARTESIAN_POINT('',(9.699997635561,2.915000819764,
    0.799998984673));
#14194 = VERTEX_POINT('',#14195);
#14195 = CARTESIAN_POINT('',(9.699997632501,2.950000818234,
    0.764998983144));
#14196 = CIRCLE('',#14197,3.5E-02);
#14197 = AXIS2_PLACEMENT_3D('',#14198,#14199,#14200);
#14198 = CARTESIAN_POINT('',(9.699997635561,2.915000818234,
    0.764998984673));
#14199 = DIRECTION('',(-1.,-8.742277657348E-08,1.355252715607E-16));
#14200 = DIRECTION('',(3.68584748252E-15,-4.371140912996E-08,-1.));
#14201 = ORIENTED_EDGE('',*,*,#14202,.F.);
#14202 = EDGE_CURVE('',#14203,#14194,#14205,.T.);
#14203 = VERTEX_POINT('',#14204);
#14204 = CARTESIAN_POINT('',(9.699997632501,2.950000786325,
    3.499898314356E-02));
#14205 = LINE('',#14206,#14207);
#14206 = CARTESIAN_POINT('',(9.699997632501,2.95000080228,0.399998983144
    ));
#14207 = VECTOR('',#14208,1.);
#14208 = DIRECTION('',(-3.68584748252E-15,4.371140912996E-08,1.));
#14209 = ORIENTED_EDGE('',*,*,#14210,.T.);
#14210 = EDGE_CURVE('',#14203,#14211,#14213,.T.);
#14211 = VERTEX_POINT('',#14212);
#14212 = CARTESIAN_POINT('',(9.699997635561,2.915000784795,
    -1.015326542897E-06));
#14213 = CIRCLE('',#14214,3.5E-02);
#14214 = AXIS2_PLACEMENT_3D('',#14215,#14216,#14217);
#14215 = CARTESIAN_POINT('',(9.699997635561,2.915000786325,
    3.499898467346E-02));
#14216 = DIRECTION('',(-1.,-8.742277657348E-08,1.355252715607E-16));
#14217 = DIRECTION('',(3.68584748252E-15,-4.371140912996E-08,-1.));
#14218 = ORIENTED_EDGE('',*,*,#14219,.F.);
#14219 = EDGE_CURVE('',#14220,#14211,#14222,.T.);
#14220 = VERTEX_POINT('',#14221);
#14221 = CARTESIAN_POINT('',(9.699997708122,2.085000784795,
    -9.790460733239E-07));
#14222 = LINE('',#14223,#14224);
#14223 = CARTESIAN_POINT('',(9.699997632501,2.950000784795,
    -1.016856442215E-06));
#14224 = VECTOR('',#14225,1.);
#14225 = DIRECTION('',(-8.742277657348E-08,1.,-4.371140912996E-08));
#14226 = ORIENTED_EDGE('',*,*,#14227,.T.);
#14227 = EDGE_CURVE('',#14220,#14228,#14230,.T.);
#14228 = VERTEX_POINT('',#14229);
#14229 = CARTESIAN_POINT('',(9.699997711182,2.050000786325,
    3.499902248383E-02));
#14230 = CIRCLE('',#14231,3.5E-02);
#14231 = AXIS2_PLACEMENT_3D('',#14232,#14233,#14234);
#14232 = CARTESIAN_POINT('',(9.699997708122,2.085000786325,
    3.499902095393E-02));
#14233 = DIRECTION('',(-1.,-8.742277657348E-08,1.355252715607E-16));
#14234 = DIRECTION('',(3.68584748252E-15,-4.371140912996E-08,-1.));
#14235 = ORIENTED_EDGE('',*,*,#14236,.T.);
#14236 = EDGE_CURVE('',#14228,#14237,#14239,.T.);
#14237 = VERTEX_POINT('',#14238);
#14238 = CARTESIAN_POINT('',(9.699997711182,2.050000818234,
    0.764999022484));
#14239 = LINE('',#14240,#14241);
#14240 = CARTESIAN_POINT('',(9.699997711182,2.05000080228,0.399999022484
    ));
#14241 = VECTOR('',#14242,1.);
#14242 = DIRECTION('',(-3.68584748252E-15,4.371140912996E-08,1.));
#14243 = ORIENTED_EDGE('',*,*,#14244,.T.);
#14244 = EDGE_CURVE('',#14237,#14245,#14247,.T.);
#14245 = VERTEX_POINT('',#14246);
#14246 = CARTESIAN_POINT('',(9.699997708122,2.085000819764,
    0.799999020954));
#14247 = CIRCLE('',#14248,3.5E-02);
#14248 = AXIS2_PLACEMENT_3D('',#14249,#14250,#14251);
#14249 = CARTESIAN_POINT('',(9.699997708122,2.085000818234,
    0.764999020954));
#14250 = DIRECTION('',(-1.,-8.742277657348E-08,1.355252715607E-16));
#14251 = DIRECTION('',(3.68584748252E-15,-4.371140912996E-08,-1.));
#14252 = ORIENTED_EDGE('',*,*,#14253,.F.);
#14253 = EDGE_CURVE('',#14192,#14245,#14254,.T.);
#14254 = LINE('',#14255,#14256);
#14255 = CARTESIAN_POINT('',(9.699997632501,2.950000819764,
    0.799998983144));
#14256 = VECTOR('',#14257,1.);
#14257 = DIRECTION('',(8.742277657348E-08,-1.,4.371140912996E-08));
#14258 = PLANE('',#14259);
#14259 = AXIS2_PLACEMENT_3D('',#14260,#14261,#14262);
#14260 = CARTESIAN_POINT('',(9.699997712056,2.040000819764,
    0.799999022921));
#14261 = DIRECTION('',(1.,8.742277657348E-08,-1.355252715607E-16));
#14262 = DIRECTION('',(3.68584748252E-15,-4.371140912996E-08,-1.));
#14263 = ADVANCED_FACE('',(#14264),#14290,.T.);
#14264 = FACE_BOUND('',#14265,.T.);
#14265 = EDGE_LOOP('',(#14266,#14267,#14275,#14284));
#14266 = ORIENTED_EDGE('',*,*,#14191,.F.);
#14267 = ORIENTED_EDGE('',*,*,#14268,.F.);
#14268 = EDGE_CURVE('',#14269,#14192,#14271,.T.);
#14269 = VERTEX_POINT('',#14270);
#14270 = CARTESIAN_POINT('',(10.014997635561,2.915000847302,
    0.799998984673));
#14271 = LINE('',#14272,#14273);
#14272 = CARTESIAN_POINT('',(10.049997635561,2.915000850362,
    0.799998984673));
#14273 = VECTOR('',#14274,1.);
#14274 = DIRECTION('',(-1.,-8.742277657348E-08,9.466853158302E-31));
#14275 = ORIENTED_EDGE('',*,*,#14276,.F.);
#14276 = EDGE_CURVE('',#14277,#14269,#14279,.T.);
#14277 = VERTEX_POINT('',#14278);
#14278 = CARTESIAN_POINT('',(10.014997632501,2.950000845773,
    0.764998983144));
#14279 = CIRCLE('',#14280,3.5E-02);
#14280 = AXIS2_PLACEMENT_3D('',#14281,#14282,#14283);
#14281 = CARTESIAN_POINT('',(10.014997635561,2.915000845773,
    0.764998984673));
#14282 = DIRECTION('',(1.,8.742277657348E-08,-7.88860905221E-31));
#14283 = DIRECTION('',(-8.742277657348E-08,1.,-4.371140912996E-08));
#14284 = ORIENTED_EDGE('',*,*,#14285,.F.);
#14285 = EDGE_CURVE('',#14194,#14277,#14286,.T.);
#14286 = LINE('',#14287,#14288);
#14287 = CARTESIAN_POINT('',(9.249997632501,2.950000778894,
    0.764998983144));
#14288 = VECTOR('',#14289,1.);
#14289 = DIRECTION('',(1.,8.742277657348E-08,-9.466853158302E-31));
#14290 = CYLINDRICAL_SURFACE('',#14291,3.5E-02);
#14291 = AXIS2_PLACEMENT_3D('',#14292,#14293,#14294);
#14292 = CARTESIAN_POINT('',(9.249997635561,2.915000778894,
    0.764998984673));
#14293 = DIRECTION('',(1.,8.742277657348E-08,-9.466853158302E-31));
#14294 = DIRECTION('',(-8.742277657348E-08,1.,-4.371140912996E-08));
#14295 = ADVANCED_FACE('',(#14296),#14322,.T.);
#14296 = FACE_BOUND('',#14297,.T.);
#14297 = EDGE_LOOP('',(#14298,#14299,#14307,#14316));
#14298 = ORIENTED_EDGE('',*,*,#14210,.F.);
#14299 = ORIENTED_EDGE('',*,*,#14300,.F.);
#14300 = EDGE_CURVE('',#14301,#14203,#14303,.T.);
#14301 = VERTEX_POINT('',#14302);
#14302 = CARTESIAN_POINT('',(10.014997632501,2.950000813863,
    3.499898314356E-02));
#14303 = LINE('',#14304,#14305);
#14304 = CARTESIAN_POINT('',(9.249997632501,2.950000746985,
    3.499898314356E-02));
#14305 = VECTOR('',#14306,1.);
#14306 = DIRECTION('',(-1.,-8.742277657348E-08,9.466853158302E-31));
#14307 = ORIENTED_EDGE('',*,*,#14308,.F.);
#14308 = EDGE_CURVE('',#14309,#14301,#14311,.T.);
#14309 = VERTEX_POINT('',#14310);
#14310 = CARTESIAN_POINT('',(10.014997635561,2.915000812333,
    -1.015326542897E-06));
#14311 = CIRCLE('',#14312,3.5E-02);
#14312 = AXIS2_PLACEMENT_3D('',#14313,#14314,#14315);
#14313 = CARTESIAN_POINT('',(10.014997635561,2.915000813863,
    3.499898467346E-02));
#14314 = DIRECTION('',(1.,8.742277657348E-08,-7.88860905221E-31));
#14315 = DIRECTION('',(-8.742277657348E-08,1.,-4.371140912996E-08));
#14316 = ORIENTED_EDGE('',*,*,#14317,.F.);
#14317 = EDGE_CURVE('',#14211,#14309,#14318,.T.);
#14318 = LINE('',#14319,#14320);
#14319 = CARTESIAN_POINT('',(10.049997635561,2.915000815393,
    -1.015326542897E-06));
#14320 = VECTOR('',#14321,1.);
#14321 = DIRECTION('',(1.,8.742277657348E-08,-9.466853158302E-31));
#14322 = CYLINDRICAL_SURFACE('',#14323,3.5E-02);
#14323 = AXIS2_PLACEMENT_3D('',#14324,#14325,#14326);
#14324 = CARTESIAN_POINT('',(9.249997635561,2.915000746985,
    3.499898467346E-02));
#14325 = DIRECTION('',(-1.,-8.742277657348E-08,9.466853158302E-31));
#14326 = DIRECTION('',(8.742277657348E-08,-1.,4.371140912996E-08));
#14327 = ADVANCED_FACE('',(#14328),#14339,.F.);
#14328 = FACE_BOUND('',#14329,.T.);
#14329 = EDGE_LOOP('',(#14330,#14331,#14332,#14333));
#14330 = ORIENTED_EDGE('',*,*,#14300,.T.);
#14331 = ORIENTED_EDGE('',*,*,#14202,.T.);
#14332 = ORIENTED_EDGE('',*,*,#14285,.T.);
#14333 = ORIENTED_EDGE('',*,*,#14334,.T.);
#14334 = EDGE_CURVE('',#14277,#14301,#14335,.T.);
#14335 = LINE('',#14336,#14337);
#14336 = CARTESIAN_POINT('',(10.014997632501,2.950000829818,
    0.399998983144));
#14337 = VECTOR('',#14338,1.);
#14338 = DIRECTION('',(3.82137275408E-15,-4.371140912996E-08,-1.));
#14339 = PLANE('',#14340);
#14340 = AXIS2_PLACEMENT_3D('',#14341,#14342,#14343);
#14341 = CARTESIAN_POINT('',(9.249997632501,2.950000762939,
    0.399998983144));
#14342 = DIRECTION('',(8.742277657348E-08,-1.,4.371140912996E-08));
#14343 = DIRECTION('',(1.,8.742277657348E-08,-9.466853158302E-31));
#14344 = ADVANCED_FACE('',(#14345),#14364,.T.);
#14345 = FACE_BOUND('',#14346,.T.);
#14346 = EDGE_LOOP('',(#14347,#14348,#14357));
#14347 = ORIENTED_EDGE('',*,*,#14308,.T.);
#14348 = ORIENTED_EDGE('',*,*,#14349,.T.);
#14349 = EDGE_CURVE('',#14301,#14350,#14352,.T.);
#14350 = VERTEX_POINT('',#14351);
#14351 = CARTESIAN_POINT('',(10.049997635561,2.915000816923,
    3.499898467346E-02));
#14352 = CIRCLE('',#14353,3.5E-02);
#14353 = AXIS2_PLACEMENT_3D('',#14354,#14355,#14356);
#14354 = CARTESIAN_POINT('',(10.014997635561,2.915000813863,
    3.499898467346E-02));
#14355 = DIRECTION('',(3.82137275408E-15,-4.371140912996E-08,-1.));
#14356 = DIRECTION('',(8.742277657348E-08,-1.,4.371140912996E-08));
#14357 = ORIENTED_EDGE('',*,*,#14358,.F.);
#14358 = EDGE_CURVE('',#14309,#14350,#14359,.T.);
#14359 = CIRCLE('',#14360,3.5E-02);
#14360 = AXIS2_PLACEMENT_3D('',#14361,#14362,#14363);
#14361 = CARTESIAN_POINT('',(10.014997635561,2.915000813863,
    3.499898467346E-02));
#14362 = DIRECTION('',(8.742277657348E-08,-1.,4.371140912996E-08));
#14363 = DIRECTION('',(-1.,-8.742277657348E-08,9.466853158302E-31));
#14364 = SPHERICAL_SURFACE('',#14365,3.5E-02);
#14365 = AXIS2_PLACEMENT_3D('',#14366,#14367,#14368);
#14366 = CARTESIAN_POINT('',(10.014997635561,2.915000813863,
    3.499898467346E-02));
#14367 = DIRECTION('',(-3.82137275408E-15,4.371140912996E-08,1.));
#14368 = DIRECTION('',(-1.,-8.742277657348E-08,9.466853158302E-31));
#14369 = ADVANCED_FACE('',(#14370),#14396,.T.);
#14370 = FACE_BOUND('',#14371,.T.);
#14371 = EDGE_LOOP('',(#14372,#14373,#14381,#14390));
#14372 = ORIENTED_EDGE('',*,*,#14244,.F.);
#14373 = ORIENTED_EDGE('',*,*,#14374,.F.);
#14374 = EDGE_CURVE('',#14375,#14237,#14377,.T.);
#14375 = VERTEX_POINT('',#14376);
#14376 = CARTESIAN_POINT('',(10.014997711182,2.050000845773,
    0.764999022484));
#14377 = LINE('',#14378,#14379);
#14378 = CARTESIAN_POINT('',(8.449997711182,2.050000708956,
    0.764999022484));
#14379 = VECTOR('',#14380,1.);
#14380 = DIRECTION('',(-1.,-8.742277657348E-08,9.466853158302E-31));
#14381 = ORIENTED_EDGE('',*,*,#14382,.F.);
#14382 = EDGE_CURVE('',#14383,#14375,#14385,.T.);
#14383 = VERTEX_POINT('',#14384);
#14384 = CARTESIAN_POINT('',(10.014997708122,2.085000847302,
    0.799999020954));
#14385 = CIRCLE('',#14386,3.5E-02);
#14386 = AXIS2_PLACEMENT_3D('',#14387,#14388,#14389);
#14387 = CARTESIAN_POINT('',(10.014997708122,2.085000845773,
    0.764999020954));
#14388 = DIRECTION('',(1.,8.742277657348E-08,-7.88860905221E-31));
#14389 = DIRECTION('',(-8.742277657348E-08,1.,-4.371140912996E-08));
#14390 = ORIENTED_EDGE('',*,*,#14391,.F.);
#14391 = EDGE_CURVE('',#14245,#14383,#14392,.T.);
#14392 = LINE('',#14393,#14394);
#14393 = CARTESIAN_POINT('',(10.049997708122,2.085000850362,
    0.799999020954));
#14394 = VECTOR('',#14395,1.);
#14395 = DIRECTION('',(1.,8.742277657348E-08,-9.466853158302E-31));
#14396 = CYLINDRICAL_SURFACE('',#14397,3.5E-02);
#14397 = AXIS2_PLACEMENT_3D('',#14398,#14399,#14400);
#14398 = CARTESIAN_POINT('',(10.049997708122,2.085000848832,
    0.764999020954));
#14399 = DIRECTION('',(-1.,-8.742277657348E-08,9.466853158302E-31));
#14400 = DIRECTION('',(8.742277657348E-08,-1.,4.371140912996E-08));
#14401 = ADVANCED_FACE('',(#14402),#14428,.T.);
#14402 = FACE_BOUND('',#14403,.T.);
#14403 = EDGE_LOOP('',(#14404,#14405,#14413,#14422));
#14404 = ORIENTED_EDGE('',*,*,#14227,.F.);
#14405 = ORIENTED_EDGE('',*,*,#14406,.F.);
#14406 = EDGE_CURVE('',#14407,#14220,#14409,.T.);
#14407 = VERTEX_POINT('',#14408);
#14408 = CARTESIAN_POINT('',(10.014997708122,2.085000812333,
    -9.790460733239E-07));
#14409 = LINE('',#14410,#14411);
#14410 = CARTESIAN_POINT('',(8.449997708122,2.085000675517,
    -9.790460733239E-07));
#14411 = VECTOR('',#14412,1.);
#14412 = DIRECTION('',(-1.,-8.742277657348E-08,9.466853158302E-31));
#14413 = ORIENTED_EDGE('',*,*,#14414,.F.);
#14414 = EDGE_CURVE('',#14415,#14407,#14417,.T.);
#14415 = VERTEX_POINT('',#14416);
#14416 = CARTESIAN_POINT('',(10.014997711182,2.050000813863,
    3.499902248383E-02));
#14417 = CIRCLE('',#14418,3.5E-02);
#14418 = AXIS2_PLACEMENT_3D('',#14419,#14420,#14421);
#14419 = CARTESIAN_POINT('',(10.014997708122,2.085000813863,
    3.499902095393E-02));
#14420 = DIRECTION('',(1.,8.742277657348E-08,-7.88860905221E-31));
#14421 = DIRECTION('',(-8.742277657348E-08,1.,-4.371140912996E-08));
#14422 = ORIENTED_EDGE('',*,*,#14423,.F.);
#14423 = EDGE_CURVE('',#14228,#14415,#14424,.T.);
#14424 = LINE('',#14425,#14426);
#14425 = CARTESIAN_POINT('',(10.049997711182,2.050000816923,
    3.499902248383E-02));
#14426 = VECTOR('',#14427,1.);
#14427 = DIRECTION('',(1.,8.742277657348E-08,-9.466853158302E-31));
#14428 = CYLINDRICAL_SURFACE('',#14429,3.5E-02);
#14429 = AXIS2_PLACEMENT_3D('',#14430,#14431,#14432);
#14430 = CARTESIAN_POINT('',(10.049997708122,2.085000816923,
    3.499902095393E-02));
#14431 = DIRECTION('',(1.,8.742277657348E-08,-9.466853158302E-31));
#14432 = DIRECTION('',(-8.742277657348E-08,1.,-4.371140912996E-08));
#14433 = ADVANCED_FACE('',(#14434),#14445,.F.);
#14434 = FACE_BOUND('',#14435,.T.);
#14435 = EDGE_LOOP('',(#14436,#14437,#14438,#14439));
#14436 = ORIENTED_EDGE('',*,*,#14406,.T.);
#14437 = ORIENTED_EDGE('',*,*,#14219,.T.);
#14438 = ORIENTED_EDGE('',*,*,#14317,.T.);
#14439 = ORIENTED_EDGE('',*,*,#14440,.T.);
#14440 = EDGE_CURVE('',#14309,#14407,#14441,.T.);
#14441 = LINE('',#14442,#14443);
#14442 = CARTESIAN_POINT('',(10.014997632501,2.950000812333,
    -1.016856442215E-06));
#14443 = VECTOR('',#14444,1.);
#14444 = DIRECTION('',(8.742277657348E-08,-1.,4.371140912996E-08));
#14445 = PLANE('',#14446);
#14446 = AXIS2_PLACEMENT_3D('',#14447,#14448,#14449);
#14447 = CARTESIAN_POINT('',(10.049997632501,2.950000815393,
    -1.016856442215E-06));
#14448 = DIRECTION('',(-3.82137275408E-15,4.371140912996E-08,1.));
#14449 = DIRECTION('',(-8.742277657348E-08,1.,-4.371140912996E-08));
#14450 = ADVANCED_FACE('',(#14451),#14470,.T.);
#14451 = FACE_BOUND('',#14452,.T.);
#14452 = EDGE_LOOP('',(#14453,#14454,#14463));
#14453 = ORIENTED_EDGE('',*,*,#14414,.T.);
#14454 = ORIENTED_EDGE('',*,*,#14455,.T.);
#14455 = EDGE_CURVE('',#14407,#14456,#14458,.T.);
#14456 = VERTEX_POINT('',#14457);
#14457 = CARTESIAN_POINT('',(10.049997708122,2.085000816923,
    3.499902095393E-02));
#14458 = CIRCLE('',#14459,3.5E-02);
#14459 = AXIS2_PLACEMENT_3D('',#14460,#14461,#14462);
#14460 = CARTESIAN_POINT('',(10.014997708122,2.085000813863,
    3.499902095393E-02));
#14461 = DIRECTION('',(8.742277657348E-08,-1.,4.371140912996E-08));
#14462 = DIRECTION('',(1.,8.742277657348E-08,-9.466853158302E-31));
#14463 = ORIENTED_EDGE('',*,*,#14464,.F.);
#14464 = EDGE_CURVE('',#14415,#14456,#14465,.T.);
#14465 = CIRCLE('',#14466,3.5E-02);
#14466 = AXIS2_PLACEMENT_3D('',#14467,#14468,#14469);
#14467 = CARTESIAN_POINT('',(10.014997708122,2.085000813863,
    3.499902095393E-02));
#14468 = DIRECTION('',(-3.82137275408E-15,4.371140912996E-08,1.));
#14469 = DIRECTION('',(8.742277657348E-08,-1.,4.371140912996E-08));
#14470 = SPHERICAL_SURFACE('',#14471,3.5E-02);
#14471 = AXIS2_PLACEMENT_3D('',#14472,#14473,#14474);
#14472 = CARTESIAN_POINT('',(10.014997708122,2.085000813863,
    3.499902095393E-02));
#14473 = DIRECTION('',(-3.82137275408E-15,4.371140912996E-08,1.));
#14474 = DIRECTION('',(-1.,-8.742277657348E-08,9.466853158302E-31));
#14475 = ADVANCED_FACE('',(#14476),#14487,.T.);
#14476 = FACE_BOUND('',#14477,.T.);
#14477 = EDGE_LOOP('',(#14478,#14479,#14480,#14486));
#14478 = ORIENTED_EDGE('',*,*,#14236,.F.);
#14479 = ORIENTED_EDGE('',*,*,#14423,.T.);
#14480 = ORIENTED_EDGE('',*,*,#14481,.T.);
#14481 = EDGE_CURVE('',#14415,#14375,#14482,.T.);
#14482 = LINE('',#14483,#14484);
#14483 = CARTESIAN_POINT('',(10.014997711182,2.050000847302,
    0.799999022484));
#14484 = VECTOR('',#14485,1.);
#14485 = DIRECTION('',(-3.82137275408E-15,4.371140912996E-08,1.));
#14486 = ORIENTED_EDGE('',*,*,#14374,.T.);
#14487 = PLANE('',#14488);
#14488 = AXIS2_PLACEMENT_3D('',#14489,#14490,#14491);
#14489 = CARTESIAN_POINT('',(9.249997711182,2.050000762939,
    0.399999022484));
#14490 = DIRECTION('',(8.742277657348E-08,-1.,4.371140912996E-08));
#14491 = DIRECTION('',(1.,8.742277657348E-08,-9.466853158302E-31));
#14492 = ADVANCED_FACE('',(#14493),#14512,.T.);
#14493 = FACE_BOUND('',#14494,.T.);
#14494 = EDGE_LOOP('',(#14495,#14504,#14505));
#14495 = ORIENTED_EDGE('',*,*,#14496,.T.);
#14496 = EDGE_CURVE('',#14497,#14383,#14499,.T.);
#14497 = VERTEX_POINT('',#14498);
#14498 = CARTESIAN_POINT('',(10.049997708122,2.085000848832,
    0.764999020954));
#14499 = CIRCLE('',#14500,3.5E-02);
#14500 = AXIS2_PLACEMENT_3D('',#14501,#14502,#14503);
#14501 = CARTESIAN_POINT('',(10.014997708122,2.085000845773,
    0.764999020954));
#14502 = DIRECTION('',(8.742277657348E-08,-1.,4.371140912996E-08));
#14503 = DIRECTION('',(1.,8.742277657348E-08,-9.466853158302E-31));
#14504 = ORIENTED_EDGE('',*,*,#14382,.T.);
#14505 = ORIENTED_EDGE('',*,*,#14506,.F.);
#14506 = EDGE_CURVE('',#14497,#14375,#14507,.T.);
#14507 = CIRCLE('',#14508,3.5E-02);
#14508 = AXIS2_PLACEMENT_3D('',#14509,#14510,#14511);
#14509 = CARTESIAN_POINT('',(10.014997708122,2.085000845773,
    0.764999020954));
#14510 = DIRECTION('',(3.82137275408E-15,-4.371140912996E-08,-1.));
#14511 = DIRECTION('',(-8.742277657348E-08,1.,-4.371140912996E-08));
#14512 = SPHERICAL_SURFACE('',#14513,3.5E-02);
#14513 = AXIS2_PLACEMENT_3D('',#14514,#14515,#14516);
#14514 = CARTESIAN_POINT('',(10.014997708122,2.085000845773,
    0.764999020954));
#14515 = DIRECTION('',(-3.82137275408E-15,4.371140912996E-08,1.));
#14516 = DIRECTION('',(-1.,-8.742277657348E-08,9.466853158302E-31));
#14517 = ADVANCED_FACE('',(#14518),#14529,.F.);
#14518 = FACE_BOUND('',#14519,.T.);
#14519 = EDGE_LOOP('',(#14520,#14521,#14522,#14523));
#14520 = ORIENTED_EDGE('',*,*,#14268,.T.);
#14521 = ORIENTED_EDGE('',*,*,#14253,.T.);
#14522 = ORIENTED_EDGE('',*,*,#14391,.T.);
#14523 = ORIENTED_EDGE('',*,*,#14524,.T.);
#14524 = EDGE_CURVE('',#14383,#14269,#14525,.T.);
#14525 = LINE('',#14526,#14527);
#14526 = CARTESIAN_POINT('',(10.014997632501,2.950000847302,
    0.799998983144));
#14527 = VECTOR('',#14528,1.);
#14528 = DIRECTION('',(-8.742277657348E-08,1.,-4.371140912996E-08));
#14529 = PLANE('',#14530);
#14530 = AXIS2_PLACEMENT_3D('',#14531,#14532,#14533);
#14531 = CARTESIAN_POINT('',(10.049997632501,2.950000850362,
    0.799998983144));
#14532 = DIRECTION('',(3.82137275408E-15,-4.371140912996E-08,-1.));
#14533 = DIRECTION('',(8.742277657348E-08,-1.,4.371140912996E-08));
#14534 = ADVANCED_FACE('',(#14535),#14554,.T.);
#14535 = FACE_BOUND('',#14536,.T.);
#14536 = EDGE_LOOP('',(#14537,#14546,#14547));
#14537 = ORIENTED_EDGE('',*,*,#14538,.T.);
#14538 = EDGE_CURVE('',#14539,#14277,#14541,.T.);
#14539 = VERTEX_POINT('',#14540);
#14540 = CARTESIAN_POINT('',(10.049997635561,2.915000848832,
    0.764998984673));
#14541 = CIRCLE('',#14542,3.5E-02);
#14542 = AXIS2_PLACEMENT_3D('',#14543,#14544,#14545);
#14543 = CARTESIAN_POINT('',(10.014997635561,2.915000845773,
    0.764998984673));
#14544 = DIRECTION('',(-3.82137275408E-15,4.371140912996E-08,1.));
#14545 = DIRECTION('',(-8.742277657348E-08,1.,-4.371140912996E-08));
#14546 = ORIENTED_EDGE('',*,*,#14276,.T.);
#14547 = ORIENTED_EDGE('',*,*,#14548,.F.);
#14548 = EDGE_CURVE('',#14539,#14269,#14549,.T.);
#14549 = CIRCLE('',#14550,3.5E-02);
#14550 = AXIS2_PLACEMENT_3D('',#14551,#14552,#14553);
#14551 = CARTESIAN_POINT('',(10.014997635561,2.915000845773,
    0.764998984673));
#14552 = DIRECTION('',(8.742277657348E-08,-1.,4.371140912996E-08));
#14553 = DIRECTION('',(-1.,-8.742277657348E-08,9.466853158302E-31));
#14554 = SPHERICAL_SURFACE('',#14555,3.5E-02);
#14555 = AXIS2_PLACEMENT_3D('',#14556,#14557,#14558);
#14556 = CARTESIAN_POINT('',(10.014997635561,2.915000845773,
    0.764998984673));
#14557 = DIRECTION('',(-3.82137275408E-15,4.371140912996E-08,1.));
#14558 = DIRECTION('',(-1.,-8.742277657348E-08,9.466853158302E-31));
#14559 = ADVANCED_FACE('',(#14560),#14571,.T.);
#14560 = FACE_BOUND('',#14561,.T.);
#14561 = EDGE_LOOP('',(#14562,#14563,#14564,#14565));
#14562 = ORIENTED_EDGE('',*,*,#14506,.T.);
#14563 = ORIENTED_EDGE('',*,*,#14481,.F.);
#14564 = ORIENTED_EDGE('',*,*,#14464,.T.);
#14565 = ORIENTED_EDGE('',*,*,#14566,.F.);
#14566 = EDGE_CURVE('',#14497,#14456,#14567,.T.);
#14567 = LINE('',#14568,#14569);
#14568 = CARTESIAN_POINT('',(10.049997708122,2.085000815393,
    -9.790460733239E-07));
#14569 = VECTOR('',#14570,1.);
#14570 = DIRECTION('',(3.82137275408E-15,-4.371140912996E-08,-1.));
#14571 = CYLINDRICAL_SURFACE('',#14572,3.5E-02);
#14572 = AXIS2_PLACEMENT_3D('',#14573,#14574,#14575);
#14573 = CARTESIAN_POINT('',(10.014997708122,2.085000812333,
    -9.790460733239E-07));
#14574 = DIRECTION('',(-3.82137275408E-15,4.371140912996E-08,1.));
#14575 = DIRECTION('',(-8.742277657348E-08,1.,-4.371140912996E-08));
#14576 = ADVANCED_FACE('',(#14577),#14588,.T.);
#14577 = FACE_BOUND('',#14578,.T.);
#14578 = EDGE_LOOP('',(#14579,#14580,#14581,#14582));
#14579 = ORIENTED_EDGE('',*,*,#14349,.F.);
#14580 = ORIENTED_EDGE('',*,*,#14334,.F.);
#14581 = ORIENTED_EDGE('',*,*,#14538,.F.);
#14582 = ORIENTED_EDGE('',*,*,#14583,.F.);
#14583 = EDGE_CURVE('',#14350,#14539,#14584,.T.);
#14584 = LINE('',#14585,#14586);
#14585 = CARTESIAN_POINT('',(10.049997635561,2.915000815393,
    -1.015326542897E-06));
#14586 = VECTOR('',#14587,1.);
#14587 = DIRECTION('',(-3.82137275408E-15,4.371140912996E-08,1.));
#14588 = CYLINDRICAL_SURFACE('',#14589,3.5E-02);
#14589 = AXIS2_PLACEMENT_3D('',#14590,#14591,#14592);
#14590 = CARTESIAN_POINT('',(10.014997635561,2.915000829818,
    0.399998984673));
#14591 = DIRECTION('',(3.82137275408E-15,-4.371140912996E-08,-1.));
#14592 = DIRECTION('',(8.742277657348E-08,-1.,4.371140912996E-08));
#14593 = ADVANCED_FACE('',(#14594),#14605,.T.);
#14594 = FACE_BOUND('',#14595,.T.);
#14595 = EDGE_LOOP('',(#14596,#14597,#14603,#14604));
#14596 = ORIENTED_EDGE('',*,*,#14358,.T.);
#14597 = ORIENTED_EDGE('',*,*,#14598,.F.);
#14598 = EDGE_CURVE('',#14456,#14350,#14599,.T.);
#14599 = LINE('',#14600,#14601);
#14600 = CARTESIAN_POINT('',(10.049997632501,2.950000816923,
    3.499898314356E-02));
#14601 = VECTOR('',#14602,1.);
#14602 = DIRECTION('',(-8.742277657348E-08,1.,-4.371140912996E-08));
#14603 = ORIENTED_EDGE('',*,*,#14455,.F.);
#14604 = ORIENTED_EDGE('',*,*,#14440,.F.);
#14605 = CYLINDRICAL_SURFACE('',#14606,3.5E-02);
#14606 = AXIS2_PLACEMENT_3D('',#14607,#14608,#14609);
#14607 = CARTESIAN_POINT('',(10.014997632501,2.950000813863,
    3.499898314356E-02));
#14608 = DIRECTION('',(8.742277657348E-08,-1.,4.371140912996E-08));
#14609 = DIRECTION('',(1.,8.742277657348E-08,-9.466853158302E-31));
#14610 = ADVANCED_FACE('',(#14611),#14622,.T.);
#14611 = FACE_BOUND('',#14612,.T.);
#14612 = EDGE_LOOP('',(#14613,#14614,#14615,#14616));
#14613 = ORIENTED_EDGE('',*,*,#14548,.T.);
#14614 = ORIENTED_EDGE('',*,*,#14524,.F.);
#14615 = ORIENTED_EDGE('',*,*,#14496,.F.);
#14616 = ORIENTED_EDGE('',*,*,#14617,.F.);
#14617 = EDGE_CURVE('',#14539,#14497,#14618,.T.);
#14618 = LINE('',#14619,#14620);
#14619 = CARTESIAN_POINT('',(10.049997632501,2.950000848832,
    0.764998983144));
#14620 = VECTOR('',#14621,1.);
#14621 = DIRECTION('',(8.742277657348E-08,-1.,4.371140912996E-08));
#14622 = CYLINDRICAL_SURFACE('',#14623,3.5E-02);
#14623 = AXIS2_PLACEMENT_3D('',#14624,#14625,#14626);
#14624 = CARTESIAN_POINT('',(10.014997632501,2.950000845773,
    0.764998983144));
#14625 = DIRECTION('',(8.742277657348E-08,-1.,4.371140912996E-08));
#14626 = DIRECTION('',(1.,8.742277657348E-08,-9.466853158302E-31));
#14627 = ADVANCED_FACE('',(#14628),#14634,.F.);
#14628 = FACE_BOUND('',#14629,.T.);
#14629 = EDGE_LOOP('',(#14630,#14631,#14632,#14633));
#14630 = ORIENTED_EDGE('',*,*,#14617,.T.);
#14631 = ORIENTED_EDGE('',*,*,#14566,.T.);
#14632 = ORIENTED_EDGE('',*,*,#14598,.T.);
#14633 = ORIENTED_EDGE('',*,*,#14583,.T.);
#14634 = PLANE('',#14635);
#14635 = AXIS2_PLACEMENT_3D('',#14636,#14637,#14638);
#14636 = CARTESIAN_POINT('',(10.049997632501,2.950000815393,
    -1.016856442215E-06));
#14637 = DIRECTION('',(-1.,-8.742277657348E-08,9.466853158302E-31));
#14638 = DIRECTION('',(8.742277657348E-08,-1.,4.371140912996E-08));
#14639 = MANIFOLD_SOLID_BREP('',#14640);
#14640 = CLOSED_SHELL('',(#14641,#14681,#14721,#14761,#14801,#14825,
    #14849,#14873,#14897,#14937,#14961,#14978,#14995,#15013,#15031,
    #15055,#15066,#15077));
#14641 = ADVANCED_FACE('',(#14642),#14676,.F.);
#14642 = FACE_BOUND('',#14643,.T.);
#14643 = EDGE_LOOP('',(#14644,#14654,#14662,#14670));
#14644 = ORIENTED_EDGE('',*,*,#14645,.F.);
#14645 = EDGE_CURVE('',#14646,#14648,#14650,.T.);
#14646 = VERTEX_POINT('',#14647);
#14647 = CARTESIAN_POINT('',(8.799997635561,2.915000741084,
    0.799998984673));
#14648 = VERTEX_POINT('',#14649);
#14649 = CARTESIAN_POINT('',(8.799997708122,2.085000741084,
    0.799999020954));
#14650 = LINE('',#14651,#14652);
#14651 = CARTESIAN_POINT('',(8.799997632501,2.950000741084,
    0.799998983144));
#14652 = VECTOR('',#14653,1.);
#14653 = DIRECTION('',(8.742277657348E-08,-1.,4.371140912996E-08));
#14654 = ORIENTED_EDGE('',*,*,#14655,.T.);
#14655 = EDGE_CURVE('',#14646,#14656,#14658,.T.);
#14656 = VERTEX_POINT('',#14657);
#14657 = CARTESIAN_POINT('',(8.484997635561,2.915000713546,
    0.799998984673));
#14658 = LINE('',#14659,#14660);
#14659 = CARTESIAN_POINT('',(10.049997635561,2.915000850362,
    0.799998984673));
#14660 = VECTOR('',#14661,1.);
#14661 = DIRECTION('',(-1.,-8.742277657348E-08,9.466853158302E-31));
#14662 = ORIENTED_EDGE('',*,*,#14663,.T.);
#14663 = EDGE_CURVE('',#14656,#14664,#14666,.T.);
#14664 = VERTEX_POINT('',#14665);
#14665 = CARTESIAN_POINT('',(8.484997708122,2.085000713546,
    0.799999020954));
#14666 = LINE('',#14667,#14668);
#14667 = CARTESIAN_POINT('',(8.484997632501,2.950000713546,
    0.799998983144));
#14668 = VECTOR('',#14669,1.);
#14669 = DIRECTION('',(8.742277657348E-08,-1.,4.371140912996E-08));
#14670 = ORIENTED_EDGE('',*,*,#14671,.T.);
#14671 = EDGE_CURVE('',#14664,#14648,#14672,.T.);
#14672 = LINE('',#14673,#14674);
#14673 = CARTESIAN_POINT('',(10.049997708122,2.085000850362,
    0.799999020954));
#14674 = VECTOR('',#14675,1.);
#14675 = DIRECTION('',(1.,8.742277657348E-08,-9.466853158302E-31));
#14676 = PLANE('',#14677);
#14677 = AXIS2_PLACEMENT_3D('',#14678,#14679,#14680);
#14678 = CARTESIAN_POINT('',(10.049997632501,2.950000850362,
    0.799998983144));
#14679 = DIRECTION('',(3.82137275408E-15,-4.371140912996E-08,-1.));
#14680 = DIRECTION('',(8.742277657348E-08,-1.,4.371140912996E-08));
#14681 = ADVANCED_FACE('',(#14682),#14716,.F.);
#14682 = FACE_BOUND('',#14683,.T.);
#14683 = EDGE_LOOP('',(#14684,#14694,#14702,#14710));
#14684 = ORIENTED_EDGE('',*,*,#14685,.F.);
#14685 = EDGE_CURVE('',#14686,#14688,#14690,.T.);
#14686 = VERTEX_POINT('',#14687);
#14687 = CARTESIAN_POINT('',(8.799997708122,2.085000706115,
    -9.790460733239E-07));
#14688 = VERTEX_POINT('',#14689);
#14689 = CARTESIAN_POINT('',(8.799997635561,2.915000706115,
    -1.015326542897E-06));
#14690 = LINE('',#14691,#14692);
#14691 = CARTESIAN_POINT('',(8.799997632501,2.950000706115,
    -1.016856442215E-06));
#14692 = VECTOR('',#14693,1.);
#14693 = DIRECTION('',(-8.742277657348E-08,1.,-4.371140912996E-08));
#14694 = ORIENTED_EDGE('',*,*,#14695,.T.);
#14695 = EDGE_CURVE('',#14686,#14696,#14698,.T.);
#14696 = VERTEX_POINT('',#14697);
#14697 = CARTESIAN_POINT('',(8.484997708122,2.085000678576,
    -9.790460733239E-07));
#14698 = LINE('',#14699,#14700);
#14699 = CARTESIAN_POINT('',(8.449997708122,2.085000675517,
    -9.790460733239E-07));
#14700 = VECTOR('',#14701,1.);
#14701 = DIRECTION('',(-1.,-8.742277657348E-08,9.466853158302E-31));
#14702 = ORIENTED_EDGE('',*,*,#14703,.T.);
#14703 = EDGE_CURVE('',#14696,#14704,#14706,.T.);
#14704 = VERTEX_POINT('',#14705);
#14705 = CARTESIAN_POINT('',(8.484997635561,2.915000678576,
    -1.015326542897E-06));
#14706 = LINE('',#14707,#14708);
#14707 = CARTESIAN_POINT('',(8.484997632501,2.950000678576,
    -1.016856442215E-06));
#14708 = VECTOR('',#14709,1.);
#14709 = DIRECTION('',(-8.742277657348E-08,1.,-4.371140912996E-08));
#14710 = ORIENTED_EDGE('',*,*,#14711,.T.);
#14711 = EDGE_CURVE('',#14704,#14688,#14712,.T.);
#14712 = LINE('',#14713,#14714);
#14713 = CARTESIAN_POINT('',(10.049997635561,2.915000815393,
    -1.015326542897E-06));
#14714 = VECTOR('',#14715,1.);
#14715 = DIRECTION('',(1.,8.742277657348E-08,-9.466853158302E-31));
#14716 = PLANE('',#14717);
#14717 = AXIS2_PLACEMENT_3D('',#14718,#14719,#14720);
#14718 = CARTESIAN_POINT('',(10.049997632501,2.950000815393,
    -1.016856442215E-06));
#14719 = DIRECTION('',(-3.82137275408E-15,4.371140912996E-08,1.));
#14720 = DIRECTION('',(-8.742277657348E-08,1.,-4.371140912996E-08));
#14721 = ADVANCED_FACE('',(#14722),#14756,.F.);
#14722 = FACE_BOUND('',#14723,.T.);
#14723 = EDGE_LOOP('',(#14724,#14734,#14742,#14750));
#14724 = ORIENTED_EDGE('',*,*,#14725,.F.);
#14725 = EDGE_CURVE('',#14726,#14728,#14730,.T.);
#14726 = VERTEX_POINT('',#14727);
#14727 = CARTESIAN_POINT('',(8.799997632501,2.950000707645,
    3.499898314356E-02));
#14728 = VERTEX_POINT('',#14729);
#14729 = CARTESIAN_POINT('',(8.799997632501,2.950000739554,
    0.764998983144));
#14730 = LINE('',#14731,#14732);
#14731 = CARTESIAN_POINT('',(8.799997632501,2.950000723599,
    0.399998983144));
#14732 = VECTOR('',#14733,1.);
#14733 = DIRECTION('',(-4.092423297202E-15,4.371140912996E-08,1.));
#14734 = ORIENTED_EDGE('',*,*,#14735,.T.);
#14735 = EDGE_CURVE('',#14726,#14736,#14738,.T.);
#14736 = VERTEX_POINT('',#14737);
#14737 = CARTESIAN_POINT('',(8.484997632501,2.950000680106,
    3.499898314356E-02));
#14738 = LINE('',#14739,#14740);
#14739 = CARTESIAN_POINT('',(9.249997632501,2.950000746985,
    3.499898314356E-02));
#14740 = VECTOR('',#14741,1.);
#14741 = DIRECTION('',(-1.,-8.742277657348E-08,9.466853158302E-31));
#14742 = ORIENTED_EDGE('',*,*,#14743,.T.);
#14743 = EDGE_CURVE('',#14736,#14744,#14746,.T.);
#14744 = VERTEX_POINT('',#14745);
#14745 = CARTESIAN_POINT('',(8.484997632501,2.950000712016,
    0.764998983144));
#14746 = LINE('',#14747,#14748);
#14747 = CARTESIAN_POINT('',(8.484997632501,2.950000696061,
    0.399998983144));
#14748 = VECTOR('',#14749,1.);
#14749 = DIRECTION('',(-3.82137275408E-15,4.371140912996E-08,1.));
#14750 = ORIENTED_EDGE('',*,*,#14751,.T.);
#14751 = EDGE_CURVE('',#14744,#14728,#14752,.T.);
#14752 = LINE('',#14753,#14754);
#14753 = CARTESIAN_POINT('',(9.249997632501,2.950000778894,
    0.764998983144));
#14754 = VECTOR('',#14755,1.);
#14755 = DIRECTION('',(1.,8.742277657348E-08,-9.466853158302E-31));
#14756 = PLANE('',#14757);
#14757 = AXIS2_PLACEMENT_3D('',#14758,#14759,#14760);
#14758 = CARTESIAN_POINT('',(9.249997632501,2.950000762939,
    0.399998983144));
#14759 = DIRECTION('',(8.742277657348E-08,-1.,4.371140912996E-08));
#14760 = DIRECTION('',(1.,8.742277657348E-08,-9.466853158302E-31));
#14761 = ADVANCED_FACE('',(#14762),#14796,.T.);
#14762 = FACE_BOUND('',#14763,.T.);
#14763 = EDGE_LOOP('',(#14764,#14774,#14782,#14790));
#14764 = ORIENTED_EDGE('',*,*,#14765,.T.);
#14765 = EDGE_CURVE('',#14766,#14768,#14770,.T.);
#14766 = VERTEX_POINT('',#14767);
#14767 = CARTESIAN_POINT('',(8.484997711182,2.050000680106,
    3.499902248383E-02));
#14768 = VERTEX_POINT('',#14769);
#14769 = CARTESIAN_POINT('',(8.799997711182,2.050000707645,
    3.499902248383E-02));
#14770 = LINE('',#14771,#14772);
#14771 = CARTESIAN_POINT('',(10.049997711182,2.050000816923,
    3.499902248383E-02));
#14772 = VECTOR('',#14773,1.);
#14773 = DIRECTION('',(1.,8.742277657348E-08,-9.466853158302E-31));
#14774 = ORIENTED_EDGE('',*,*,#14775,.T.);
#14775 = EDGE_CURVE('',#14768,#14776,#14778,.T.);
#14776 = VERTEX_POINT('',#14777);
#14777 = CARTESIAN_POINT('',(8.799997711182,2.050000739554,
    0.764999022484));
#14778 = LINE('',#14779,#14780);
#14779 = CARTESIAN_POINT('',(8.799997711182,2.050000723599,
    0.399999022484));
#14780 = VECTOR('',#14781,1.);
#14781 = DIRECTION('',(-4.092423297202E-15,4.371140912996E-08,1.));
#14782 = ORIENTED_EDGE('',*,*,#14783,.T.);
#14783 = EDGE_CURVE('',#14776,#14784,#14786,.T.);
#14784 = VERTEX_POINT('',#14785);
#14785 = CARTESIAN_POINT('',(8.484997711182,2.050000712016,
    0.764999022484));
#14786 = LINE('',#14787,#14788);
#14787 = CARTESIAN_POINT('',(8.449997711182,2.050000708956,
    0.764999022484));
#14788 = VECTOR('',#14789,1.);
#14789 = DIRECTION('',(-1.,-8.742277657348E-08,9.466853158302E-31));
#14790 = ORIENTED_EDGE('',*,*,#14791,.T.);
#14791 = EDGE_CURVE('',#14784,#14766,#14792,.T.);
#14792 = LINE('',#14793,#14794);
#14793 = CARTESIAN_POINT('',(8.484997711182,2.050000678576,
    -9.775161740055E-07));
#14794 = VECTOR('',#14795,1.);
#14795 = DIRECTION('',(3.82137275408E-15,-4.371140912996E-08,-1.));
#14796 = PLANE('',#14797);
#14797 = AXIS2_PLACEMENT_3D('',#14798,#14799,#14800);
#14798 = CARTESIAN_POINT('',(9.249997711182,2.050000762939,
    0.399999022484));
#14799 = DIRECTION('',(8.742277657348E-08,-1.,4.371140912996E-08));
#14800 = DIRECTION('',(1.,8.742277657348E-08,-9.466853158302E-31));
#14801 = ADVANCED_FACE('',(#14802),#14820,.T.);
#14802 = FACE_BOUND('',#14803,.T.);
#14803 = EDGE_LOOP('',(#14804,#14805,#14812,#14813));
#14804 = ORIENTED_EDGE('',*,*,#14655,.F.);
#14805 = ORIENTED_EDGE('',*,*,#14806,.T.);
#14806 = EDGE_CURVE('',#14646,#14728,#14807,.T.);
#14807 = CIRCLE('',#14808,3.5E-02);
#14808 = AXIS2_PLACEMENT_3D('',#14809,#14810,#14811);
#14809 = CARTESIAN_POINT('',(8.799997635561,2.915000739554,
    0.764998984673));
#14810 = DIRECTION('',(-1.,-8.742277657348E-08,-2.710505431214E-16));
#14811 = DIRECTION('',(4.092423297202E-15,-4.371140912996E-08,-1.));
#14812 = ORIENTED_EDGE('',*,*,#14751,.F.);
#14813 = ORIENTED_EDGE('',*,*,#14814,.T.);
#14814 = EDGE_CURVE('',#14744,#14656,#14815,.T.);
#14815 = CIRCLE('',#14816,3.5E-02);
#14816 = AXIS2_PLACEMENT_3D('',#14817,#14818,#14819);
#14817 = CARTESIAN_POINT('',(8.484997635561,2.915000712016,
    0.764998984673));
#14818 = DIRECTION('',(1.,8.74227796712E-08,-1.354057284942E-22));
#14819 = DIRECTION('',(8.74227796712E-08,-1.,4.371140912996E-08));
#14820 = CYLINDRICAL_SURFACE('',#14821,3.5E-02);
#14821 = AXIS2_PLACEMENT_3D('',#14822,#14823,#14824);
#14822 = CARTESIAN_POINT('',(9.249997635561,2.915000778894,
    0.764998984673));
#14823 = DIRECTION('',(1.,8.742277657348E-08,-9.466853158302E-31));
#14824 = DIRECTION('',(-8.742277657348E-08,1.,-4.371140912996E-08));
#14825 = ADVANCED_FACE('',(#14826),#14844,.T.);
#14826 = FACE_BOUND('',#14827,.T.);
#14827 = EDGE_LOOP('',(#14828,#14829,#14836,#14837));
#14828 = ORIENTED_EDGE('',*,*,#14735,.F.);
#14829 = ORIENTED_EDGE('',*,*,#14830,.T.);
#14830 = EDGE_CURVE('',#14726,#14688,#14831,.T.);
#14831 = CIRCLE('',#14832,3.5E-02);
#14832 = AXIS2_PLACEMENT_3D('',#14833,#14834,#14835);
#14833 = CARTESIAN_POINT('',(8.799997635561,2.915000707645,
    3.499898467346E-02));
#14834 = DIRECTION('',(-1.,-8.742277657348E-08,-2.710505431214E-16));
#14835 = DIRECTION('',(4.092423297202E-15,-4.371140912996E-08,-1.));
#14836 = ORIENTED_EDGE('',*,*,#14711,.F.);
#14837 = ORIENTED_EDGE('',*,*,#14838,.T.);
#14838 = EDGE_CURVE('',#14704,#14736,#14839,.T.);
#14839 = CIRCLE('',#14840,3.5E-02);
#14840 = AXIS2_PLACEMENT_3D('',#14841,#14842,#14843);
#14841 = CARTESIAN_POINT('',(8.484997635561,2.915000680106,
    3.499898467346E-02));
#14842 = DIRECTION('',(1.,8.742277657348E-08,-7.88860905221E-31));
#14843 = DIRECTION('',(8.742277657348E-08,-1.,4.371140912996E-08));
#14844 = CYLINDRICAL_SURFACE('',#14845,3.5E-02);
#14845 = AXIS2_PLACEMENT_3D('',#14846,#14847,#14848);
#14846 = CARTESIAN_POINT('',(9.249997635561,2.915000746985,
    3.499898467346E-02));
#14847 = DIRECTION('',(-1.,-8.742277657348E-08,9.466853158302E-31));
#14848 = DIRECTION('',(8.742277657348E-08,-1.,4.371140912996E-08));
#14849 = ADVANCED_FACE('',(#14850),#14868,.T.);
#14850 = FACE_BOUND('',#14851,.T.);
#14851 = EDGE_LOOP('',(#14852,#14853,#14860,#14861));
#14852 = ORIENTED_EDGE('',*,*,#14783,.F.);
#14853 = ORIENTED_EDGE('',*,*,#14854,.T.);
#14854 = EDGE_CURVE('',#14776,#14648,#14855,.T.);
#14855 = CIRCLE('',#14856,3.5E-02);
#14856 = AXIS2_PLACEMENT_3D('',#14857,#14858,#14859);
#14857 = CARTESIAN_POINT('',(8.799997708122,2.085000739554,
    0.764999020954));
#14858 = DIRECTION('',(-1.,-8.742277657348E-08,-2.710505431214E-16));
#14859 = DIRECTION('',(4.092423297202E-15,-4.371140912996E-08,-1.));
#14860 = ORIENTED_EDGE('',*,*,#14671,.F.);
#14861 = ORIENTED_EDGE('',*,*,#14862,.T.);
#14862 = EDGE_CURVE('',#14664,#14784,#14863,.T.);
#14863 = CIRCLE('',#14864,3.5E-02);
#14864 = AXIS2_PLACEMENT_3D('',#14865,#14866,#14867);
#14865 = CARTESIAN_POINT('',(8.484997708122,2.085000712016,
    0.764999020954));
#14866 = DIRECTION('',(1.,8.742277657348E-08,-3.097720492816E-15));
#14867 = DIRECTION('',(-7.236521766362E-16,4.371140816192E-08,1.));
#14868 = CYLINDRICAL_SURFACE('',#14869,3.5E-02);
#14869 = AXIS2_PLACEMENT_3D('',#14870,#14871,#14872);
#14870 = CARTESIAN_POINT('',(10.049997708122,2.085000848832,
    0.764999020954));
#14871 = DIRECTION('',(-1.,-8.742277657348E-08,9.466853158302E-31));
#14872 = DIRECTION('',(8.742277657348E-08,-1.,4.371140912996E-08));
#14873 = ADVANCED_FACE('',(#14874),#14892,.T.);
#14874 = FACE_BOUND('',#14875,.T.);
#14875 = EDGE_LOOP('',(#14876,#14877,#14884,#14885));
#14876 = ORIENTED_EDGE('',*,*,#14695,.F.);
#14877 = ORIENTED_EDGE('',*,*,#14878,.T.);
#14878 = EDGE_CURVE('',#14686,#14768,#14879,.T.);
#14879 = CIRCLE('',#14880,3.5E-02);
#14880 = AXIS2_PLACEMENT_3D('',#14881,#14882,#14883);
#14881 = CARTESIAN_POINT('',(8.799997708122,2.085000707645,
    3.499902095393E-02));
#14882 = DIRECTION('',(-1.,-8.742277657348E-08,-2.710505431214E-16));
#14883 = DIRECTION('',(4.092423297202E-15,-4.371140912996E-08,-1.));
#14884 = ORIENTED_EDGE('',*,*,#14765,.F.);
#14885 = ORIENTED_EDGE('',*,*,#14886,.T.);
#14886 = EDGE_CURVE('',#14766,#14696,#14887,.T.);
#14887 = CIRCLE('',#14888,3.5E-02);
#14888 = AXIS2_PLACEMENT_3D('',#14889,#14890,#14891);
#14889 = CARTESIAN_POINT('',(8.484997708122,2.085000680106,
    3.499902095393E-02));
#14890 = DIRECTION('',(1.,8.742277657348E-08,-7.88860905221E-31));
#14891 = DIRECTION('',(8.742277657348E-08,-1.,4.371140912996E-08));
#14892 = CYLINDRICAL_SURFACE('',#14893,3.5E-02);
#14893 = AXIS2_PLACEMENT_3D('',#14894,#14895,#14896);
#14894 = CARTESIAN_POINT('',(10.049997708122,2.085000816923,
    3.499902095393E-02));
#14895 = DIRECTION('',(1.,8.742277657348E-08,-9.466853158302E-31));
#14896 = DIRECTION('',(-8.742277657348E-08,1.,-4.371140912996E-08));
#14897 = ADVANCED_FACE('',(#14898),#14932,.F.);
#14898 = FACE_BOUND('',#14899,.T.);
#14899 = EDGE_LOOP('',(#14900,#14910,#14918,#14926));
#14900 = ORIENTED_EDGE('',*,*,#14901,.T.);
#14901 = EDGE_CURVE('',#14902,#14904,#14906,.T.);
#14902 = VERTEX_POINT('',#14903);
#14903 = CARTESIAN_POINT('',(8.449997635561,2.915000708956,
    0.764998984673));
#14904 = VERTEX_POINT('',#14905);
#14905 = CARTESIAN_POINT('',(8.449997635561,2.915000677047,
    3.499898467346E-02));
#14906 = LINE('',#14907,#14908);
#14907 = CARTESIAN_POINT('',(8.449997635561,2.915000675517,
    -1.015326542897E-06));
#14908 = VECTOR('',#14909,1.);
#14909 = DIRECTION('',(3.82137275408E-15,-4.371140912996E-08,-1.));
#14910 = ORIENTED_EDGE('',*,*,#14911,.T.);
#14911 = EDGE_CURVE('',#14904,#14912,#14914,.T.);
#14912 = VERTEX_POINT('',#14913);
#14913 = CARTESIAN_POINT('',(8.449997708122,2.085000677047,
    3.499902095393E-02));
#14914 = LINE('',#14915,#14916);
#14915 = CARTESIAN_POINT('',(8.449997632501,2.950000677047,
    3.499898314356E-02));
#14916 = VECTOR('',#14917,1.);
#14917 = DIRECTION('',(8.742277657348E-08,-1.,4.371140912996E-08));
#14918 = ORIENTED_EDGE('',*,*,#14919,.T.);
#14919 = EDGE_CURVE('',#14912,#14920,#14922,.T.);
#14920 = VERTEX_POINT('',#14921);
#14921 = CARTESIAN_POINT('',(8.449997708122,2.085000708956,
    0.764999020954));
#14922 = LINE('',#14923,#14924);
#14923 = CARTESIAN_POINT('',(8.449997708122,2.085000710486,
    0.799999020954));
#14924 = VECTOR('',#14925,1.);
#14925 = DIRECTION('',(-3.82137275408E-15,4.371140912996E-08,1.));
#14926 = ORIENTED_EDGE('',*,*,#14927,.T.);
#14927 = EDGE_CURVE('',#14920,#14902,#14928,.T.);
#14928 = LINE('',#14929,#14930);
#14929 = CARTESIAN_POINT('',(8.449997632501,2.950000708956,
    0.764998983144));
#14930 = VECTOR('',#14931,1.);
#14931 = DIRECTION('',(-8.742277657348E-08,1.,-4.371140912996E-08));
#14932 = PLANE('',#14933);
#14933 = AXIS2_PLACEMENT_3D('',#14934,#14935,#14936);
#14934 = CARTESIAN_POINT('',(8.449997632501,2.950000675517,
    -1.016856442215E-06));
#14935 = DIRECTION('',(1.,8.742277657348E-08,-9.466853158302E-31));
#14936 = DIRECTION('',(-8.742277657348E-08,1.,-4.371140912996E-08));
#14937 = ADVANCED_FACE('',(#14938),#14956,.T.);
#14938 = FACE_BOUND('',#14939,.T.);
#14939 = EDGE_LOOP('',(#14940,#14947,#14948,#14955));
#14940 = ORIENTED_EDGE('',*,*,#14941,.F.);
#14941 = EDGE_CURVE('',#14744,#14902,#14942,.T.);
#14942 = CIRCLE('',#14943,3.5E-02);
#14943 = AXIS2_PLACEMENT_3D('',#14944,#14945,#14946);
#14944 = CARTESIAN_POINT('',(8.484997635561,2.915000712016,
    0.764998984673));
#14945 = DIRECTION('',(-3.82137275408E-15,4.371140912996E-08,1.));
#14946 = DIRECTION('',(-8.742277657348E-08,1.,-4.371140912996E-08));
#14947 = ORIENTED_EDGE('',*,*,#14743,.F.);
#14948 = ORIENTED_EDGE('',*,*,#14949,.F.);
#14949 = EDGE_CURVE('',#14904,#14736,#14950,.T.);
#14950 = CIRCLE('',#14951,3.5E-02);
#14951 = AXIS2_PLACEMENT_3D('',#14952,#14953,#14954);
#14952 = CARTESIAN_POINT('',(8.484997635561,2.915000680106,
    3.499898467346E-02));
#14953 = DIRECTION('',(3.82137275408E-15,-4.371140912996E-08,-1.));
#14954 = DIRECTION('',(8.742277657348E-08,-1.,4.371140912996E-08));
#14955 = ORIENTED_EDGE('',*,*,#14901,.F.);
#14956 = CYLINDRICAL_SURFACE('',#14957,3.5E-02);
#14957 = AXIS2_PLACEMENT_3D('',#14958,#14959,#14960);
#14958 = CARTESIAN_POINT('',(8.484997635561,2.915000696061,
    0.399998984673));
#14959 = DIRECTION('',(-3.82137275408E-15,4.371140912996E-08,1.));
#14960 = DIRECTION('',(-8.742277657348E-08,1.,-4.371140912996E-08));
#14961 = ADVANCED_FACE('',(#14962),#14973,.T.);
#14962 = FACE_BOUND('',#14963,.T.);
#14963 = EDGE_LOOP('',(#14964,#14965,#14966));
#14964 = ORIENTED_EDGE('',*,*,#14814,.F.);
#14965 = ORIENTED_EDGE('',*,*,#14941,.T.);
#14966 = ORIENTED_EDGE('',*,*,#14967,.F.);
#14967 = EDGE_CURVE('',#14656,#14902,#14968,.T.);
#14968 = CIRCLE('',#14969,3.5E-02);
#14969 = AXIS2_PLACEMENT_3D('',#14970,#14971,#14972);
#14970 = CARTESIAN_POINT('',(8.484997635561,2.915000712016,
    0.764998984673));
#14971 = DIRECTION('',(8.742277657348E-08,-1.,4.371140912996E-08));
#14972 = DIRECTION('',(-1.,-8.742277657348E-08,-1.548860246408E-15));
#14973 = SPHERICAL_SURFACE('',#14974,3.5E-02);
#14974 = AXIS2_PLACEMENT_3D('',#14975,#14976,#14977);
#14975 = CARTESIAN_POINT('',(8.484997635561,2.915000712016,
    0.764998984673));
#14976 = DIRECTION('',(-3.82137275408E-15,4.371140912996E-08,1.));
#14977 = DIRECTION('',(-1.,-8.742277657348E-08,9.466853158302E-31));
#14978 = ADVANCED_FACE('',(#14979),#14990,.T.);
#14979 = FACE_BOUND('',#14980,.T.);
#14980 = EDGE_LOOP('',(#14981,#14988,#14989));
#14981 = ORIENTED_EDGE('',*,*,#14982,.F.);
#14982 = EDGE_CURVE('',#14904,#14704,#14983,.T.);
#14983 = CIRCLE('',#14984,3.5E-02);
#14984 = AXIS2_PLACEMENT_3D('',#14985,#14986,#14987);
#14985 = CARTESIAN_POINT('',(8.484997635561,2.915000680106,
    3.499898467346E-02));
#14986 = DIRECTION('',(8.742277657348E-08,-1.,4.371140912996E-08));
#14987 = DIRECTION('',(-1.,-8.742277657348E-08,9.466853158302E-31));
#14988 = ORIENTED_EDGE('',*,*,#14949,.T.);
#14989 = ORIENTED_EDGE('',*,*,#14838,.F.);
#14990 = SPHERICAL_SURFACE('',#14991,3.5E-02);
#14991 = AXIS2_PLACEMENT_3D('',#14992,#14993,#14994);
#14992 = CARTESIAN_POINT('',(8.484997635561,2.915000680106,
    3.499898467346E-02));
#14993 = DIRECTION('',(-3.82137275408E-15,4.371140912996E-08,1.));
#14994 = DIRECTION('',(-1.,-8.742277657348E-08,9.466853158302E-31));
#14995 = ADVANCED_FACE('',(#14996),#15008,.T.);
#14996 = FACE_BOUND('',#14997,.T.);
#14997 = EDGE_LOOP('',(#14998,#14999,#15000,#15007));
#14998 = ORIENTED_EDGE('',*,*,#14967,.T.);
#14999 = ORIENTED_EDGE('',*,*,#14927,.F.);
#15000 = ORIENTED_EDGE('',*,*,#15001,.F.);
#15001 = EDGE_CURVE('',#14664,#14920,#15002,.T.);
#15002 = CIRCLE('',#15003,3.5E-02);
#15003 = AXIS2_PLACEMENT_3D('',#15004,#15005,#15006);
#15004 = CARTESIAN_POINT('',(8.484997708122,2.085000712016,
    0.764999020954));
#15005 = DIRECTION('',(8.742277657348E-08,-1.,4.371140912996E-08));
#15006 = DIRECTION('',(1.,8.742277657348E-08,-9.466853158302E-31));
#15007 = ORIENTED_EDGE('',*,*,#14663,.F.);
#15008 = CYLINDRICAL_SURFACE('',#15009,3.5E-02);
#15009 = AXIS2_PLACEMENT_3D('',#15010,#15011,#15012);
#15010 = CARTESIAN_POINT('',(8.484997632501,2.950000712016,
    0.764998983144));
#15011 = DIRECTION('',(8.742277657348E-08,-1.,4.371140912996E-08));
#15012 = DIRECTION('',(1.,8.742277657348E-08,-9.466853158302E-31));
#15013 = ADVANCED_FACE('',(#15014),#15026,.T.);
#15014 = FACE_BOUND('',#15015,.T.);
#15015 = EDGE_LOOP('',(#15016,#15017,#15018,#15025));
#15016 = ORIENTED_EDGE('',*,*,#14982,.T.);
#15017 = ORIENTED_EDGE('',*,*,#14703,.F.);
#15018 = ORIENTED_EDGE('',*,*,#15019,.F.);
#15019 = EDGE_CURVE('',#14912,#14696,#15020,.T.);
#15020 = CIRCLE('',#15021,3.5E-02);
#15021 = AXIS2_PLACEMENT_3D('',#15022,#15023,#15024);
#15022 = CARTESIAN_POINT('',(8.484997708122,2.085000680106,
    3.499902095393E-02));
#15023 = DIRECTION('',(8.742277657348E-08,-1.,4.371140912996E-08));
#15024 = DIRECTION('',(1.,8.742277657348E-08,-9.466853158302E-31));
#15025 = ORIENTED_EDGE('',*,*,#14911,.F.);
#15026 = CYLINDRICAL_SURFACE('',#15027,3.5E-02);
#15027 = AXIS2_PLACEMENT_3D('',#15028,#15029,#15030);
#15028 = CARTESIAN_POINT('',(8.484997632501,2.950000680106,
    3.499898314356E-02));
#15029 = DIRECTION('',(8.742277657348E-08,-1.,4.371140912996E-08));
#15030 = DIRECTION('',(1.,8.742277657348E-08,-9.466853158302E-31));
#15031 = ADVANCED_FACE('',(#15032),#15050,.T.);
#15032 = FACE_BOUND('',#15033,.T.);
#15033 = EDGE_LOOP('',(#15034,#15041,#15042,#15049));
#15034 = ORIENTED_EDGE('',*,*,#15035,.F.);
#15035 = EDGE_CURVE('',#14920,#14784,#15036,.T.);
#15036 = CIRCLE('',#15037,3.5E-02);
#15037 = AXIS2_PLACEMENT_3D('',#15038,#15039,#15040);
#15038 = CARTESIAN_POINT('',(8.484997708122,2.085000712016,
    0.764999020954));
#15039 = DIRECTION('',(-3.82137275408E-15,4.371140912996E-08,1.));
#15040 = DIRECTION('',(-8.742277657348E-08,1.,-4.371140912996E-08));
#15041 = ORIENTED_EDGE('',*,*,#14919,.F.);
#15042 = ORIENTED_EDGE('',*,*,#15043,.F.);
#15043 = EDGE_CURVE('',#14766,#14912,#15044,.T.);
#15044 = CIRCLE('',#15045,3.5E-02);
#15045 = AXIS2_PLACEMENT_3D('',#15046,#15047,#15048);
#15046 = CARTESIAN_POINT('',(8.484997708122,2.085000680106,
    3.499902095393E-02));
#15047 = DIRECTION('',(3.82137275408E-15,-4.371140912996E-08,-1.));
#15048 = DIRECTION('',(8.742277657348E-08,-1.,4.371140912996E-08));
#15049 = ORIENTED_EDGE('',*,*,#14791,.F.);
#15050 = CYLINDRICAL_SURFACE('',#15051,3.5E-02);
#15051 = AXIS2_PLACEMENT_3D('',#15052,#15053,#15054);
#15052 = CARTESIAN_POINT('',(8.484997708122,2.085000678576,
    -9.790460733239E-07));
#15053 = DIRECTION('',(3.82137275408E-15,-4.371140912996E-08,-1.));
#15054 = DIRECTION('',(8.742277657348E-08,-1.,4.371140912996E-08));
#15055 = ADVANCED_FACE('',(#15056),#15061,.T.);
#15056 = FACE_BOUND('',#15057,.T.);
#15057 = EDGE_LOOP('',(#15058,#15059,#15060));
#15058 = ORIENTED_EDGE('',*,*,#15001,.T.);
#15059 = ORIENTED_EDGE('',*,*,#15035,.T.);
#15060 = ORIENTED_EDGE('',*,*,#14862,.F.);
#15061 = SPHERICAL_SURFACE('',#15062,3.5E-02);
#15062 = AXIS2_PLACEMENT_3D('',#15063,#15064,#15065);
#15063 = CARTESIAN_POINT('',(8.484997708122,2.085000712016,
    0.764999020954));
#15064 = DIRECTION('',(-3.82137275408E-15,4.371140912996E-08,1.));
#15065 = DIRECTION('',(-1.,-8.742277657348E-08,9.466853158302E-31));
#15066 = ADVANCED_FACE('',(#15067),#15072,.T.);
#15067 = FACE_BOUND('',#15068,.T.);
#15068 = EDGE_LOOP('',(#15069,#15070,#15071));
#15069 = ORIENTED_EDGE('',*,*,#15043,.T.);
#15070 = ORIENTED_EDGE('',*,*,#15019,.T.);
#15071 = ORIENTED_EDGE('',*,*,#14886,.F.);
#15072 = SPHERICAL_SURFACE('',#15073,3.5E-02);
#15073 = AXIS2_PLACEMENT_3D('',#15074,#15075,#15076);
#15074 = CARTESIAN_POINT('',(8.484997708122,2.085000680106,
    3.499902095393E-02));
#15075 = DIRECTION('',(-3.82137275408E-15,4.371140912996E-08,1.));
#15076 = DIRECTION('',(-1.,-8.742277657348E-08,9.466853158302E-31));
#15077 = ADVANCED_FACE('',(#15078),#15088,.T.);
#15078 = FACE_BOUND('',#15079,.T.);
#15079 = EDGE_LOOP('',(#15080,#15081,#15082,#15083,#15084,#15085,#15086,
    #15087));
#15080 = ORIENTED_EDGE('',*,*,#14806,.F.);
#15081 = ORIENTED_EDGE('',*,*,#14645,.T.);
#15082 = ORIENTED_EDGE('',*,*,#14854,.F.);
#15083 = ORIENTED_EDGE('',*,*,#14775,.F.);
#15084 = ORIENTED_EDGE('',*,*,#14878,.F.);
#15085 = ORIENTED_EDGE('',*,*,#14685,.T.);
#15086 = ORIENTED_EDGE('',*,*,#14830,.F.);
#15087 = ORIENTED_EDGE('',*,*,#14725,.T.);
#15088 = PLANE('',#15089);
#15089 = AXIS2_PLACEMENT_3D('',#15090,#15091,#15092);
#15090 = CARTESIAN_POINT('',(8.799997712056,2.040000741084,
    0.799999022921));
#15091 = DIRECTION('',(1.,8.742277657348E-08,2.710505431214E-16));
#15092 = DIRECTION('',(4.092423297202E-15,-4.371140912996E-08,-1.));
#15093 = MANIFOLD_SOLID_BREP('',#15094);
#15094 = CLOSED_SHELL('',(#15095,#15171,#15203,#15227,#15252,#15276,
    #15301,#15325,#15350,#15367));
#15095 = ADVANCED_FACE('',(#15096),#15166,.T.);
#15096 = FACE_BOUND('',#15097,.T.);
#15097 = EDGE_LOOP('',(#15098,#15108,#15117,#15125,#15134,#15142,#15151,
    #15159));
#15098 = ORIENTED_EDGE('',*,*,#15099,.T.);
#15099 = EDGE_CURVE('',#15100,#15102,#15104,.T.);
#15100 = VERTEX_POINT('',#15101);
#15101 = CARTESIAN_POINT('',(9.69999763425,2.930000786325,
    3.499898401779E-02));
#15102 = VERTEX_POINT('',#15103);
#15103 = CARTESIAN_POINT('',(9.69999763425,2.930000818234,0.764998984018
    ));
#15104 = LINE('',#15105,#15106);
#15105 = CARTESIAN_POINT('',(9.69999763425,2.93000080228,0.399998984018)
  );
#15106 = VECTOR('',#15107,1.);
#15107 = DIRECTION('',(-3.670515005786E-15,4.371140912996E-08,1.));
#15108 = ORIENTED_EDGE('',*,*,#15109,.T.);
#15109 = EDGE_CURVE('',#15102,#15110,#15112,.T.);
#15110 = VERTEX_POINT('',#15111);
#15111 = CARTESIAN_POINT('',(9.699997635561,2.91500081889,0.779998984673
    ));
#15112 = CIRCLE('',#15113,1.5E-02);
#15113 = AXIS2_PLACEMENT_3D('',#15114,#15115,#15116);
#15114 = CARTESIAN_POINT('',(9.699997635561,2.915000818234,
    0.764998984673));
#15115 = DIRECTION('',(1.,8.742277657348E-08,-1.508577482946E-16));
#15116 = DIRECTION('',(3.670515005786E-15,-4.371140912996E-08,-1.));
#15117 = ORIENTED_EDGE('',*,*,#15118,.T.);
#15118 = EDGE_CURVE('',#15110,#15119,#15121,.T.);
#15119 = VERTEX_POINT('',#15120);
#15120 = CARTESIAN_POINT('',(9.699997708122,2.08500081889,0.779999020954
    ));
#15121 = LINE('',#15122,#15123);
#15122 = CARTESIAN_POINT('',(9.699997711182,2.05000081889,0.779999022484
    ));
#15123 = VECTOR('',#15124,1.);
#15124 = DIRECTION('',(8.742277657348E-08,-1.,4.371140912996E-08));
#15125 = ORIENTED_EDGE('',*,*,#15126,.T.);
#15126 = EDGE_CURVE('',#15119,#15127,#15129,.T.);
#15127 = VERTEX_POINT('',#15128);
#15128 = CARTESIAN_POINT('',(9.699997709433,2.070000818234,0.76499902161
    ));
#15129 = CIRCLE('',#15130,1.5E-02);
#15130 = AXIS2_PLACEMENT_3D('',#15131,#15132,#15133);
#15131 = CARTESIAN_POINT('',(9.699997708122,2.085000818234,
    0.764999020954));
#15132 = DIRECTION('',(1.,8.742277657348E-08,-1.508577482946E-16));
#15133 = DIRECTION('',(3.670515005786E-15,-4.371140912996E-08,-1.));
#15134 = ORIENTED_EDGE('',*,*,#15135,.T.);
#15135 = EDGE_CURVE('',#15127,#15136,#15138,.T.);
#15136 = VERTEX_POINT('',#15137);
#15137 = CARTESIAN_POINT('',(9.699997709433,2.070000786325,
    3.49990216096E-02));
#15138 = LINE('',#15139,#15140);
#15139 = CARTESIAN_POINT('',(9.699997709433,2.07000080228,0.39999902161)
  );
#15140 = VECTOR('',#15141,1.);
#15141 = DIRECTION('',(3.670515005786E-15,-4.371140912996E-08,-1.));
#15142 = ORIENTED_EDGE('',*,*,#15143,.T.);
#15143 = EDGE_CURVE('',#15136,#15144,#15146,.T.);
#15144 = VERTEX_POINT('',#15145);
#15145 = CARTESIAN_POINT('',(9.699997708122,2.085000785669,
    1.999902095393E-02));
#15146 = CIRCLE('',#15147,1.5E-02);
#15147 = AXIS2_PLACEMENT_3D('',#15148,#15149,#15150);
#15148 = CARTESIAN_POINT('',(9.699997708122,2.085000786325,
    3.499902095393E-02));
#15149 = DIRECTION('',(1.,8.742277657348E-08,-1.508577482946E-16));
#15150 = DIRECTION('',(3.670515005786E-15,-4.371140912996E-08,-1.));
#15151 = ORIENTED_EDGE('',*,*,#15152,.T.);
#15152 = EDGE_CURVE('',#15144,#15153,#15155,.T.);
#15153 = VERTEX_POINT('',#15154);
#15154 = CARTESIAN_POINT('',(9.699997635561,2.915000785669,
    1.999898467346E-02));
#15155 = LINE('',#15156,#15157);
#15156 = CARTESIAN_POINT('',(9.699997711182,2.050000785669,
    1.999902248383E-02));
#15157 = VECTOR('',#15158,1.);
#15158 = DIRECTION('',(-8.742277657348E-08,1.,-4.371140912996E-08));
#15159 = ORIENTED_EDGE('',*,*,#15160,.T.);
#15160 = EDGE_CURVE('',#15153,#15100,#15161,.T.);
#15161 = CIRCLE('',#15162,1.5E-02);
#15162 = AXIS2_PLACEMENT_3D('',#15163,#15164,#15165);
#15163 = CARTESIAN_POINT('',(9.699997635561,2.915000786325,
    3.499898467346E-02));
#15164 = DIRECTION('',(1.,8.742277657348E-08,-1.508577482946E-16));
#15165 = DIRECTION('',(3.670515005786E-15,-4.371140912996E-08,-1.));
#15166 = PLANE('',#15167);
#15167 = AXIS2_PLACEMENT_3D('',#15168,#15169,#15170);
#15168 = CARTESIAN_POINT('',(9.699997712056,2.040000819764,
    0.799999022921));
#15169 = DIRECTION('',(1.,8.742277657348E-08,-1.355252715607E-16));
#15170 = DIRECTION('',(3.68584748252E-15,-4.371140912996E-08,-1.));
#15171 = ADVANCED_FACE('',(#15172),#15198,.T.);
#15172 = FACE_BOUND('',#15173,.T.);
#15173 = EDGE_LOOP('',(#15174,#15182,#15183,#15191));
#15174 = ORIENTED_EDGE('',*,*,#15175,.T.);
#15175 = EDGE_CURVE('',#15176,#15110,#15178,.T.);
#15176 = VERTEX_POINT('',#15177);
#15177 = CARTESIAN_POINT('',(8.799997635561,2.91500074021,0.779998984673
    ));
#15178 = LINE('',#15179,#15180);
#15179 = CARTESIAN_POINT('',(7.595838177682,2.915000634939,
    0.779998984673));
#15180 = VECTOR('',#15181,1.);
#15181 = DIRECTION('',(1.,8.742277657348E-08,-1.355252715607E-16));
#15182 = ORIENTED_EDGE('',*,*,#15109,.F.);
#15183 = ORIENTED_EDGE('',*,*,#15184,.F.);
#15184 = EDGE_CURVE('',#15185,#15102,#15187,.T.);
#15185 = VERTEX_POINT('',#15186);
#15186 = CARTESIAN_POINT('',(8.79999763425,2.930000739554,0.764998984018
    ));
#15187 = LINE('',#15188,#15189);
#15188 = CARTESIAN_POINT('',(7.59583817637,2.930000634283,0.764998984018
    ));
#15189 = VECTOR('',#15190,1.);
#15190 = DIRECTION('',(1.,8.742277657348E-08,-1.355252715607E-16));
#15191 = ORIENTED_EDGE('',*,*,#15192,.F.);
#15192 = EDGE_CURVE('',#15176,#15185,#15193,.T.);
#15193 = CIRCLE('',#15194,1.5E-02);
#15194 = AXIS2_PLACEMENT_3D('',#15195,#15196,#15197);
#15195 = CARTESIAN_POINT('',(8.799997635561,2.915000739554,
    0.764998984673));
#15196 = DIRECTION('',(-1.,-8.742277657348E-08,-2.710505431214E-16));
#15197 = DIRECTION('',(4.092423297202E-15,-4.371140912996E-08,-1.));
#15198 = CYLINDRICAL_SURFACE('',#15199,1.5E-02);
#15199 = AXIS2_PLACEMENT_3D('',#15200,#15201,#15202);
#15200 = CARTESIAN_POINT('',(7.595838177682,2.915000634283,
    0.764998984673));
#15201 = DIRECTION('',(1.,8.742277657348E-08,-1.355252715607E-16));
#15202 = DIRECTION('',(3.68584748252E-15,-4.371140912996E-08,-1.));
#15203 = ADVANCED_FACE('',(#15204),#15222,.T.);
#15204 = FACE_BOUND('',#15205,.T.);
#15205 = EDGE_LOOP('',(#15206,#15214,#15215,#15216));
#15206 = ORIENTED_EDGE('',*,*,#15207,.T.);
#15207 = EDGE_CURVE('',#15208,#15119,#15210,.T.);
#15208 = VERTEX_POINT('',#15209);
#15209 = CARTESIAN_POINT('',(8.799997708122,2.08500074021,0.779999020954
    ));
#15210 = LINE('',#15211,#15212);
#15211 = CARTESIAN_POINT('',(7.595838250243,2.085000634939,
    0.779999020954));
#15212 = VECTOR('',#15213,1.);
#15213 = DIRECTION('',(1.,8.742277657348E-08,-1.355252715607E-16));
#15214 = ORIENTED_EDGE('',*,*,#15118,.F.);
#15215 = ORIENTED_EDGE('',*,*,#15175,.F.);
#15216 = ORIENTED_EDGE('',*,*,#15217,.F.);
#15217 = EDGE_CURVE('',#15208,#15176,#15218,.T.);
#15218 = LINE('',#15219,#15220);
#15219 = CARTESIAN_POINT('',(8.799997711182,2.05000074021,0.779999022484
    ));
#15220 = VECTOR('',#15221,1.);
#15221 = DIRECTION('',(-8.742277657348E-08,1.,-4.371140912996E-08));
#15222 = PLANE('',#15223);
#15223 = AXIS2_PLACEMENT_3D('',#15224,#15225,#15226);
#15224 = CARTESIAN_POINT('',(7.595838253302,2.050000634939,
    0.779999022484));
#15225 = DIRECTION('',(-3.68584748252E-15,4.371140912996E-08,1.));
#15226 = DIRECTION('',(1.,8.742277657348E-08,-1.355252715607E-16));
#15227 = ADVANCED_FACE('',(#15228),#15247,.T.);
#15228 = FACE_BOUND('',#15229,.T.);
#15229 = EDGE_LOOP('',(#15230,#15238,#15239,#15240));
#15230 = ORIENTED_EDGE('',*,*,#15231,.T.);
#15231 = EDGE_CURVE('',#15232,#15127,#15234,.T.);
#15232 = VERTEX_POINT('',#15233);
#15233 = CARTESIAN_POINT('',(8.799997709433,2.070000739554,0.76499902161
    ));
#15234 = LINE('',#15235,#15236);
#15235 = CARTESIAN_POINT('',(7.595838251554,2.070000634283,0.76499902161
    ));
#15236 = VECTOR('',#15237,1.);
#15237 = DIRECTION('',(1.,8.742277657348E-08,-1.355252715607E-16));
#15238 = ORIENTED_EDGE('',*,*,#15126,.F.);
#15239 = ORIENTED_EDGE('',*,*,#15207,.F.);
#15240 = ORIENTED_EDGE('',*,*,#15241,.F.);
#15241 = EDGE_CURVE('',#15232,#15208,#15242,.T.);
#15242 = CIRCLE('',#15243,1.5E-02);
#15243 = AXIS2_PLACEMENT_3D('',#15244,#15245,#15246);
#15244 = CARTESIAN_POINT('',(8.799997708122,2.085000739554,
    0.764999020954));
#15245 = DIRECTION('',(-1.,-8.742277657348E-08,-2.710505431214E-16));
#15246 = DIRECTION('',(4.092423297202E-15,-4.371140912996E-08,-1.));
#15247 = CYLINDRICAL_SURFACE('',#15248,1.5E-02);
#15248 = AXIS2_PLACEMENT_3D('',#15249,#15250,#15251);
#15249 = CARTESIAN_POINT('',(7.595838250243,2.085000634283,
    0.764999020954));
#15250 = DIRECTION('',(1.,8.742277657348E-08,-1.355252715607E-16));
#15251 = DIRECTION('',(3.68584748252E-15,-4.371140912996E-08,-1.));
#15252 = ADVANCED_FACE('',(#15253),#15271,.T.);
#15253 = FACE_BOUND('',#15254,.T.);
#15254 = EDGE_LOOP('',(#15255,#15263,#15264,#15265));
#15255 = ORIENTED_EDGE('',*,*,#15256,.T.);
#15256 = EDGE_CURVE('',#15257,#15136,#15259,.T.);
#15257 = VERTEX_POINT('',#15258);
#15258 = CARTESIAN_POINT('',(8.799997709433,2.070000707645,
    3.49990216096E-02));
#15259 = LINE('',#15260,#15261);
#15260 = CARTESIAN_POINT('',(7.595838251554,2.070000602374,
    3.49990216096E-02));
#15261 = VECTOR('',#15262,1.);
#15262 = DIRECTION('',(1.,8.742277657348E-08,-1.355252715607E-16));
#15263 = ORIENTED_EDGE('',*,*,#15135,.F.);
#15264 = ORIENTED_EDGE('',*,*,#15231,.F.);
#15265 = ORIENTED_EDGE('',*,*,#15266,.F.);
#15266 = EDGE_CURVE('',#15257,#15232,#15267,.T.);
#15267 = LINE('',#15268,#15269);
#15268 = CARTESIAN_POINT('',(8.799997709433,2.070000723599,0.39999902161
    ));
#15269 = VECTOR('',#15270,1.);
#15270 = DIRECTION('',(-4.092423297202E-15,4.371140912996E-08,1.));
#15271 = PLANE('',#15272);
#15272 = AXIS2_PLACEMENT_3D('',#15273,#15274,#15275);
#15273 = CARTESIAN_POINT('',(7.595838251554,2.070000618328,0.39999902161
    ));
#15274 = DIRECTION('',(8.742277657348E-08,-1.,4.371140912996E-08));
#15275 = DIRECTION('',(1.,8.742277657348E-08,-9.466853158302E-31));
#15276 = ADVANCED_FACE('',(#15277),#15296,.T.);
#15277 = FACE_BOUND('',#15278,.T.);
#15278 = EDGE_LOOP('',(#15279,#15287,#15288,#15289));
#15279 = ORIENTED_EDGE('',*,*,#15280,.T.);
#15280 = EDGE_CURVE('',#15281,#15144,#15283,.T.);
#15281 = VERTEX_POINT('',#15282);
#15282 = CARTESIAN_POINT('',(8.799997708122,2.085000706989,
    1.999902095393E-02));
#15283 = LINE('',#15284,#15285);
#15284 = CARTESIAN_POINT('',(7.595838250243,2.085000601718,
    1.999902095393E-02));
#15285 = VECTOR('',#15286,1.);
#15286 = DIRECTION('',(1.,8.742277657348E-08,-1.355252715607E-16));
#15287 = ORIENTED_EDGE('',*,*,#15143,.F.);
#15288 = ORIENTED_EDGE('',*,*,#15256,.F.);
#15289 = ORIENTED_EDGE('',*,*,#15290,.F.);
#15290 = EDGE_CURVE('',#15281,#15257,#15291,.T.);
#15291 = CIRCLE('',#15292,1.5E-02);
#15292 = AXIS2_PLACEMENT_3D('',#15293,#15294,#15295);
#15293 = CARTESIAN_POINT('',(8.799997708122,2.085000707645,
    3.499902095393E-02));
#15294 = DIRECTION('',(-1.,-8.742277657348E-08,-2.710505431214E-16));
#15295 = DIRECTION('',(4.092423297202E-15,-4.371140912996E-08,-1.));
#15296 = CYLINDRICAL_SURFACE('',#15297,1.5E-02);
#15297 = AXIS2_PLACEMENT_3D('',#15298,#15299,#15300);
#15298 = CARTESIAN_POINT('',(7.595838250243,2.085000602374,
    3.499902095393E-02));
#15299 = DIRECTION('',(1.,8.742277657348E-08,-1.355252715607E-16));
#15300 = DIRECTION('',(3.68584748252E-15,-4.371140912996E-08,-1.));
#15301 = ADVANCED_FACE('',(#15302),#15320,.T.);
#15302 = FACE_BOUND('',#15303,.T.);
#15303 = EDGE_LOOP('',(#15304,#15312,#15313,#15314));
#15304 = ORIENTED_EDGE('',*,*,#15305,.T.);
#15305 = EDGE_CURVE('',#15306,#15153,#15308,.T.);
#15306 = VERTEX_POINT('',#15307);
#15307 = CARTESIAN_POINT('',(8.799997635561,2.915000706989,
    1.999898467346E-02));
#15308 = LINE('',#15309,#15310);
#15309 = CARTESIAN_POINT('',(7.595838177682,2.915000601718,
    1.999898467346E-02));
#15310 = VECTOR('',#15311,1.);
#15311 = DIRECTION('',(1.,8.742277657348E-08,-1.355252715607E-16));
#15312 = ORIENTED_EDGE('',*,*,#15152,.F.);
#15313 = ORIENTED_EDGE('',*,*,#15280,.F.);
#15314 = ORIENTED_EDGE('',*,*,#15315,.F.);
#15315 = EDGE_CURVE('',#15306,#15281,#15316,.T.);
#15316 = LINE('',#15317,#15318);
#15317 = CARTESIAN_POINT('',(8.799997711182,2.050000706989,
    1.999902248383E-02));
#15318 = VECTOR('',#15319,1.);
#15319 = DIRECTION('',(8.742277657348E-08,-1.,4.371140912996E-08));
#15320 = PLANE('',#15321);
#15321 = AXIS2_PLACEMENT_3D('',#15322,#15323,#15324);
#15322 = CARTESIAN_POINT('',(7.595838253302,2.050000601718,
    1.999902248383E-02));
#15323 = DIRECTION('',(3.68584748252E-15,-4.371140912996E-08,-1.));
#15324 = DIRECTION('',(-1.,-8.742277657348E-08,1.355252715607E-16));
#15325 = ADVANCED_FACE('',(#15326),#15345,.T.);
#15326 = FACE_BOUND('',#15327,.T.);
#15327 = EDGE_LOOP('',(#15328,#15336,#15337,#15338));
#15328 = ORIENTED_EDGE('',*,*,#15329,.T.);
#15329 = EDGE_CURVE('',#15330,#15100,#15332,.T.);
#15330 = VERTEX_POINT('',#15331);
#15331 = CARTESIAN_POINT('',(8.79999763425,2.930000707645,
    3.499898401779E-02));
#15332 = LINE('',#15333,#15334);
#15333 = CARTESIAN_POINT('',(7.59583817637,2.930000602374,
    3.499898401779E-02));
#15334 = VECTOR('',#15335,1.);
#15335 = DIRECTION('',(1.,8.742277657348E-08,-1.355252715607E-16));
#15336 = ORIENTED_EDGE('',*,*,#15160,.F.);
#15337 = ORIENTED_EDGE('',*,*,#15305,.F.);
#15338 = ORIENTED_EDGE('',*,*,#15339,.F.);
#15339 = EDGE_CURVE('',#15330,#15306,#15340,.T.);
#15340 = CIRCLE('',#15341,1.5E-02);
#15341 = AXIS2_PLACEMENT_3D('',#15342,#15343,#15344);
#15342 = CARTESIAN_POINT('',(8.799997635561,2.915000707645,
    3.499898467346E-02));
#15343 = DIRECTION('',(-1.,-8.742277657348E-08,-2.710505431214E-16));
#15344 = DIRECTION('',(4.092423297202E-15,-4.371140912996E-08,-1.));
#15345 = CYLINDRICAL_SURFACE('',#15346,1.5E-02);
#15346 = AXIS2_PLACEMENT_3D('',#15347,#15348,#15349);
#15347 = CARTESIAN_POINT('',(7.595838177682,2.915000602374,
    3.499898467346E-02));
#15348 = DIRECTION('',(1.,8.742277657348E-08,-1.355252715607E-16));
#15349 = DIRECTION('',(3.68584748252E-15,-4.371140912996E-08,-1.));
#15350 = ADVANCED_FACE('',(#15351),#15362,.T.);
#15351 = FACE_BOUND('',#15352,.T.);
#15352 = EDGE_LOOP('',(#15353,#15354,#15355,#15356));
#15353 = ORIENTED_EDGE('',*,*,#15184,.T.);
#15354 = ORIENTED_EDGE('',*,*,#15099,.F.);
#15355 = ORIENTED_EDGE('',*,*,#15329,.F.);
#15356 = ORIENTED_EDGE('',*,*,#15357,.F.);
#15357 = EDGE_CURVE('',#15185,#15330,#15358,.T.);
#15358 = LINE('',#15359,#15360);
#15359 = CARTESIAN_POINT('',(8.79999763425,2.930000723599,0.399998984018
    ));
#15360 = VECTOR('',#15361,1.);
#15361 = DIRECTION('',(4.092423297202E-15,-4.371140912996E-08,-1.));
#15362 = PLANE('',#15363);
#15363 = AXIS2_PLACEMENT_3D('',#15364,#15365,#15366);
#15364 = CARTESIAN_POINT('',(7.59583817637,2.930000618328,0.399998984018
    ));
#15365 = DIRECTION('',(-8.742277657348E-08,1.,-4.371140912996E-08));
#15366 = DIRECTION('',(-1.,-8.742277657348E-08,9.466853158302E-31));
#15367 = ADVANCED_FACE('',(#15368),#15378,.F.);
#15368 = FACE_BOUND('',#15369,.T.);
#15369 = EDGE_LOOP('',(#15370,#15371,#15372,#15373,#15374,#15375,#15376,
    #15377));
#15370 = ORIENTED_EDGE('',*,*,#15192,.T.);
#15371 = ORIENTED_EDGE('',*,*,#15357,.T.);
#15372 = ORIENTED_EDGE('',*,*,#15339,.T.);
#15373 = ORIENTED_EDGE('',*,*,#15315,.T.);
#15374 = ORIENTED_EDGE('',*,*,#15290,.T.);
#15375 = ORIENTED_EDGE('',*,*,#15266,.T.);
#15376 = ORIENTED_EDGE('',*,*,#15241,.T.);
#15377 = ORIENTED_EDGE('',*,*,#15217,.T.);
#15378 = PLANE('',#15379);
#15379 = AXIS2_PLACEMENT_3D('',#15380,#15381,#15382);
#15380 = CARTESIAN_POINT('',(8.799997712056,2.040000741084,
    0.799999022921));
#15381 = DIRECTION('',(1.,8.742277657348E-08,2.710505431214E-16));
#15382 = DIRECTION('',(4.092423297202E-15,-4.371140912996E-08,-1.));
#15383 = ( GEOMETRIC_REPRESENTATION_CONTEXT(3) 
GLOBAL_UNCERTAINTY_ASSIGNED_CONTEXT((#15387)) 
GLOBAL_UNIT_ASSIGNED_CONTEXT((#15384,#15385,#15386)) 
REPRESENTATION_CONTEXT('Context #1',
  '3D Context with UNIT and UNCERTAINTY') );
#15384 = ( LENGTH_UNIT() NAMED_UNIT(*) SI_UNIT(.MILLI.,.METRE.) );
#15385 = ( NAMED_UNIT(*) PLANE_ANGLE_UNIT() SI_UNIT($,.RADIAN.) );
#15386 = ( NAMED_UNIT(*) SI_UNIT($,.STERADIAN.) SOLID_ANGLE_UNIT() );
#15387 = UNCERTAINTY_MEASURE_WITH_UNIT(LENGTH_MEASURE(1.E-07),#15384,
  'distance_accuracy_value','confusion accuracy');
#15388 = PRODUCT_RELATED_PRODUCT_CATEGORY('part',$,(#14181));
#15389 = MECHANICAL_DESIGN_GEOMETRIC_PRESENTATION_REPRESENTATION('',(
    #15390,#15398,#15405,#15413,#15421,#15428,#15435,#15442,#15449,
    #15456,#15463),#15383);
#15390 = STYLED_ITEM('color',(#15391),#14185);
#15391 = PRESENTATION_STYLE_ASSIGNMENT((#15392));
#15392 = SURFACE_STYLE_USAGE(.BOTH.,#15393);
#15393 = SURFACE_SIDE_STYLE('',(#15394));
#15394 = SURFACE_STYLE_FILL_AREA(#15395);
#15395 = FILL_AREA_STYLE('',(#15396));
#15396 = FILL_AREA_STYLE_COLOUR('',#15397);
#15397 = COLOUR_RGB('',0.803921566584,0.803921566584,0.803921566584);
#15398 = STYLED_ITEM('color',(#15399),#14639);
#15399 = PRESENTATION_STYLE_ASSIGNMENT((#15400));
#15400 = SURFACE_STYLE_USAGE(.BOTH.,#15401);
#15401 = SURFACE_SIDE_STYLE('',(#15402));
#15402 = SURFACE_STYLE_FILL_AREA(#15403);
#15403 = FILL_AREA_STYLE('',(#15404));
#15404 = FILL_AREA_STYLE_COLOUR('',#15397);
#15405 = STYLED_ITEM('color',(#15406),#15093);
#15406 = PRESENTATION_STYLE_ASSIGNMENT((#15407));
#15407 = SURFACE_STYLE_USAGE(.BOTH.,#15408);
#15408 = SURFACE_SIDE_STYLE('',(#15409));
#15409 = SURFACE_STYLE_FILL_AREA(#15410);
#15410 = FILL_AREA_STYLE('',(#15411));
#15411 = FILL_AREA_STYLE_COLOUR('',#15412);
#15412 = COLOUR_RGB('',0.792156867455,0.819607826924,0.933333342953);
#15413 = OVER_RIDING_STYLED_ITEM('overriding color',(#15414),#15171,
  #15405);
#15414 = PRESENTATION_STYLE_ASSIGNMENT((#15415));
#15415 = SURFACE_STYLE_USAGE(.BOTH.,#15416);
#15416 = SURFACE_SIDE_STYLE('',(#15417));
#15417 = SURFACE_STYLE_FILL_AREA(#15418);
#15418 = FILL_AREA_STYLE('',(#15419));
#15419 = FILL_AREA_STYLE_COLOUR('',#15420);
#15420 = COLOUR_RGB('',0.427450973804,0.352941174961,0.254901961802);
#15421 = OVER_RIDING_STYLED_ITEM('overriding color',(#15422),#15203,
  #15405);
#15422 = PRESENTATION_STYLE_ASSIGNMENT((#15423));
#15423 = SURFACE_STYLE_USAGE(.BOTH.,#15424);
#15424 = SURFACE_SIDE_STYLE('',(#15425));
#15425 = SURFACE_STYLE_FILL_AREA(#15426);
#15426 = FILL_AREA_STYLE('',(#15427));
#15427 = FILL_AREA_STYLE_COLOUR('',#15420);
#15428 = OVER_RIDING_STYLED_ITEM('overriding color',(#15429),#15227,
  #15405);
#15429 = PRESENTATION_STYLE_ASSIGNMENT((#15430));
#15430 = SURFACE_STYLE_USAGE(.BOTH.,#15431);
#15431 = SURFACE_SIDE_STYLE('',(#15432));
#15432 = SURFACE_STYLE_FILL_AREA(#15433);
#15433 = FILL_AREA_STYLE('',(#15434));
#15434 = FILL_AREA_STYLE_COLOUR('',#15420);
#15435 = OVER_RIDING_STYLED_ITEM('overriding color',(#15436),#15252,
  #15405);
#15436 = PRESENTATION_STYLE_ASSIGNMENT((#15437));
#15437 = SURFACE_STYLE_USAGE(.BOTH.,#15438);
#15438 = SURFACE_SIDE_STYLE('',(#15439));
#15439 = SURFACE_STYLE_FILL_AREA(#15440);
#15440 = FILL_AREA_STYLE('',(#15441));
#15441 = FILL_AREA_STYLE_COLOUR('',#15420);
#15442 = OVER_RIDING_STYLED_ITEM('overriding color',(#15443),#15276,
  #15405);
#15443 = PRESENTATION_STYLE_ASSIGNMENT((#15444));
#15444 = SURFACE_STYLE_USAGE(.BOTH.,#15445);
#15445 = SURFACE_SIDE_STYLE('',(#15446));
#15446 = SURFACE_STYLE_FILL_AREA(#15447);
#15447 = FILL_AREA_STYLE('',(#15448));
#15448 = FILL_AREA_STYLE_COLOUR('',#15420);
#15449 = OVER_RIDING_STYLED_ITEM('overriding color',(#15450),#15301,
  #15405);
#15450 = PRESENTATION_STYLE_ASSIGNMENT((#15451));
#15451 = SURFACE_STYLE_USAGE(.BOTH.,#15452);
#15452 = SURFACE_SIDE_STYLE('',(#15453));
#15453 = SURFACE_STYLE_FILL_AREA(#15454);
#15454 = FILL_AREA_STYLE('',(#15455));
#15455 = FILL_AREA_STYLE_COLOUR('',#15420);
#15456 = OVER_RIDING_STYLED_ITEM('overriding color',(#15457),#15325,
  #15405);
#15457 = PRESENTATION_STYLE_ASSIGNMENT((#15458));
#15458 = SURFACE_STYLE_USAGE(.BOTH.,#15459);
#15459 = SURFACE_SIDE_STYLE('',(#15460));
#15460 = SURFACE_STYLE_FILL_AREA(#15461);
#15461 = FILL_AREA_STYLE('',(#15462));
#15462 = FILL_AREA_STYLE_COLOUR('',#15420);
#15463 = OVER_RIDING_STYLED_ITEM('overriding color',(#15464),#15350,
  #15405);
#15464 = PRESENTATION_STYLE_ASSIGNMENT((#15465));
#15465 = SURFACE_STYLE_USAGE(.BOTH.,#15466);
#15466 = SURFACE_SIDE_STYLE('',(#15467));
#15467 = SURFACE_STYLE_FILL_AREA(#15468);
#15468 = FILL_AREA_STYLE('',(#15469));
#15469 = FILL_AREA_STYLE_COLOUR('',#15420);
#15470 = MECHANICAL_DESIGN_GEOMETRIC_PRESENTATION_REPRESENTATION('',(
    #15471,#15479,#15486,#15493),#7134);
#15471 = STYLED_ITEM('color',(#15472),#5878);
#15472 = PRESENTATION_STYLE_ASSIGNMENT((#15473));
#15473 = SURFACE_STYLE_USAGE(.BOTH.,#15474);
#15474 = SURFACE_SIDE_STYLE('',(#15475));
#15475 = SURFACE_STYLE_FILL_AREA(#15476);
#15476 = FILL_AREA_STYLE('',(#15477));
#15477 = FILL_AREA_STYLE_COLOUR('',#15478);
#15478 = COLOUR_RGB('',1.,0.749019597622,0.);
#15479 = STYLED_ITEM('color',(#15480),#6192);
#15480 = PRESENTATION_STYLE_ASSIGNMENT((#15481));
#15481 = SURFACE_STYLE_USAGE(.BOTH.,#15482);
#15482 = SURFACE_SIDE_STYLE('',(#15483));
#15483 = SURFACE_STYLE_FILL_AREA(#15484);
#15484 = FILL_AREA_STYLE('',(#15485));
#15485 = FILL_AREA_STYLE_COLOUR('',#15478);
#15486 = STYLED_ITEM('color',(#15487),#6506);
#15487 = PRESENTATION_STYLE_ASSIGNMENT((#15488));
#15488 = SURFACE_STYLE_USAGE(.BOTH.,#15489);
#15489 = SURFACE_SIDE_STYLE('',(#15490));
#15490 = SURFACE_STYLE_FILL_AREA(#15491);
#15491 = FILL_AREA_STYLE('',(#15492));
#15492 = FILL_AREA_STYLE_COLOUR('',#15478);
#15493 = STYLED_ITEM('color',(#15494),#6820);
#15494 = PRESENTATION_STYLE_ASSIGNMENT((#15495));
#15495 = SURFACE_STYLE_USAGE(.BOTH.,#15496);
#15496 = SURFACE_SIDE_STYLE('',(#15497));
#15497 = SURFACE_STYLE_FILL_AREA(#15498);
#15498 = FILL_AREA_STYLE('',(#15499));
#15499 = FILL_AREA_STYLE_COLOUR('',#15478);
#15500 = MECHANICAL_DESIGN_GEOMETRIC_PRESENTATION_REPRESENTATION('',(
    #15501),#4196);
#15501 = STYLED_ITEM('color',(#15502),#4046);
#15502 = PRESENTATION_STYLE_ASSIGNMENT((#15503));
#15503 = SURFACE_STYLE_USAGE(.BOTH.,#15504);
#15504 = SURFACE_SIDE_STYLE('',(#15505));
#15505 = SURFACE_STYLE_FILL_AREA(#15506);
#15506 = FILL_AREA_STYLE('',(#15507));
#15507 = FILL_AREA_STYLE_COLOUR('',#15508);
#15508 = COLOUR_RGB('',0.734000028196,0.773000013638,0.796999989372);
#15509 = MECHANICAL_DESIGN_GEOMETRIC_PRESENTATION_REPRESENTATION('',(
    #15510,#15517,#15524,#15531,#15538,#15545,#15552,#15559,#15566,
    #15573,#15580),#14171);
#15510 = STYLED_ITEM('color',(#15511),#12973);
#15511 = PRESENTATION_STYLE_ASSIGNMENT((#15512));
#15512 = SURFACE_STYLE_USAGE(.BOTH.,#15513);
#15513 = SURFACE_SIDE_STYLE('',(#15514));
#15514 = SURFACE_STYLE_FILL_AREA(#15515);
#15515 = FILL_AREA_STYLE('',(#15516));
#15516 = FILL_AREA_STYLE_COLOUR('',#15397);
#15517 = STYLED_ITEM('color',(#15518),#13427);
#15518 = PRESENTATION_STYLE_ASSIGNMENT((#15519));
#15519 = SURFACE_STYLE_USAGE(.BOTH.,#15520);
#15520 = SURFACE_SIDE_STYLE('',(#15521));
#15521 = SURFACE_STYLE_FILL_AREA(#15522);
#15522 = FILL_AREA_STYLE('',(#15523));
#15523 = FILL_AREA_STYLE_COLOUR('',#15397);
#15524 = STYLED_ITEM('color',(#15525),#13881);
#15525 = PRESENTATION_STYLE_ASSIGNMENT((#15526));
#15526 = SURFACE_STYLE_USAGE(.BOTH.,#15527);
#15527 = SURFACE_SIDE_STYLE('',(#15528));
#15528 = SURFACE_STYLE_FILL_AREA(#15529);
#15529 = FILL_AREA_STYLE('',(#15530));
#15530 = FILL_AREA_STYLE_COLOUR('',#15412);
#15531 = OVER_RIDING_STYLED_ITEM('overriding color',(#15532),#13959,
  #15524);
#15532 = PRESENTATION_STYLE_ASSIGNMENT((#15533));
#15533 = SURFACE_STYLE_USAGE(.BOTH.,#15534);
#15534 = SURFACE_SIDE_STYLE('',(#15535));
#15535 = SURFACE_STYLE_FILL_AREA(#15536);
#15536 = FILL_AREA_STYLE('',(#15537));
#15537 = FILL_AREA_STYLE_COLOUR('',#15420);
#15538 = OVER_RIDING_STYLED_ITEM('overriding color',(#15539),#13991,
  #15524);
#15539 = PRESENTATION_STYLE_ASSIGNMENT((#15540));
#15540 = SURFACE_STYLE_USAGE(.BOTH.,#15541);
#15541 = SURFACE_SIDE_STYLE('',(#15542));
#15542 = SURFACE_STYLE_FILL_AREA(#15543);
#15543 = FILL_AREA_STYLE('',(#15544));
#15544 = FILL_AREA_STYLE_COLOUR('',#15420);
#15545 = OVER_RIDING_STYLED_ITEM('overriding color',(#15546),#14015,
  #15524);
#15546 = PRESENTATION_STYLE_ASSIGNMENT((#15547));
#15547 = SURFACE_STYLE_USAGE(.BOTH.,#15548);
#15548 = SURFACE_SIDE_STYLE('',(#15549));
#15549 = SURFACE_STYLE_FILL_AREA(#15550);
#15550 = FILL_AREA_STYLE('',(#15551));
#15551 = FILL_AREA_STYLE_COLOUR('',#15420);
#15552 = OVER_RIDING_STYLED_ITEM('overriding color',(#15553),#14040,
  #15524);
#15553 = PRESENTATION_STYLE_ASSIGNMENT((#15554));
#15554 = SURFACE_STYLE_USAGE(.BOTH.,#15555);
#15555 = SURFACE_SIDE_STYLE('',(#15556));
#15556 = SURFACE_STYLE_FILL_AREA(#15557);
#15557 = FILL_AREA_STYLE('',(#15558));
#15558 = FILL_AREA_STYLE_COLOUR('',#15420);
#15559 = OVER_RIDING_STYLED_ITEM('overriding color',(#15560),#14064,
  #15524);
#15560 = PRESENTATION_STYLE_ASSIGNMENT((#15561));
#15561 = SURFACE_STYLE_USAGE(.BOTH.,#15562);
#15562 = SURFACE_SIDE_STYLE('',(#15563));
#15563 = SURFACE_STYLE_FILL_AREA(#15564);
#15564 = FILL_AREA_STYLE('',(#15565));
#15565 = FILL_AREA_STYLE_COLOUR('',#15420);
#15566 = OVER_RIDING_STYLED_ITEM('overriding color',(#15567),#14089,
  #15524);
#15567 = PRESENTATION_STYLE_ASSIGNMENT((#15568));
#15568 = SURFACE_STYLE_USAGE(.BOTH.,#15569);
#15569 = SURFACE_SIDE_STYLE('',(#15570));
#15570 = SURFACE_STYLE_FILL_AREA(#15571);
#15571 = FILL_AREA_STYLE('',(#15572));
#15572 = FILL_AREA_STYLE_COLOUR('',#15420);
#15573 = OVER_RIDING_STYLED_ITEM('overriding color',(#15574),#14113,
  #15524);
#15574 = PRESENTATION_STYLE_ASSIGNMENT((#15575));
#15575 = SURFACE_STYLE_USAGE(.BOTH.,#15576);
#15576 = SURFACE_SIDE_STYLE('',(#15577));
#15577 = SURFACE_STYLE_FILL_AREA(#15578);
#15578 = FILL_AREA_STYLE('',(#15579));
#15579 = FILL_AREA_STYLE_COLOUR('',#15420);
#15580 = OVER_RIDING_STYLED_ITEM('overriding color',(#15581),#14138,
  #15524);
#15581 = PRESENTATION_STYLE_ASSIGNMENT((#15582));
#15582 = SURFACE_STYLE_USAGE(.BOTH.,#15583);
#15583 = SURFACE_SIDE_STYLE('',(#15584));
#15584 = SURFACE_STYLE_FILL_AREA(#15585);
#15585 = FILL_AREA_STYLE('',(#15586));
#15586 = FILL_AREA_STYLE_COLOUR('',#15420);
#15587 = MECHANICAL_DESIGN_GEOMETRIC_PRESENTATION_REPRESENTATION('',(
    #15588,#15595,#15602,#15609,#15616,#15623,#15630,#15637),#4032);
#15588 = STYLED_ITEM('color',(#15589),#936);
#15589 = PRESENTATION_STYLE_ASSIGNMENT((#15590));
#15590 = SURFACE_STYLE_USAGE(.BOTH.,#15591);
#15591 = SURFACE_SIDE_STYLE('',(#15592));
#15592 = SURFACE_STYLE_FILL_AREA(#15593);
#15593 = FILL_AREA_STYLE('',(#15594));
#15594 = FILL_AREA_STYLE_COLOUR('',#15508);
#15595 = STYLED_ITEM('color',(#15596),#1323);
#15596 = PRESENTATION_STYLE_ASSIGNMENT((#15597));
#15597 = SURFACE_STYLE_USAGE(.BOTH.,#15598);
#15598 = SURFACE_SIDE_STYLE('',(#15599));
#15599 = SURFACE_STYLE_FILL_AREA(#15600);
#15600 = FILL_AREA_STYLE('',(#15601));
#15601 = FILL_AREA_STYLE_COLOUR('',#15508);
#15602 = STYLED_ITEM('color',(#15603),#1710);
#15603 = PRESENTATION_STYLE_ASSIGNMENT((#15604));
#15604 = SURFACE_STYLE_USAGE(.BOTH.,#15605);
#15605 = SURFACE_SIDE_STYLE('',(#15606));
#15606 = SURFACE_STYLE_FILL_AREA(#15607);
#15607 = FILL_AREA_STYLE('',(#15608));
#15608 = FILL_AREA_STYLE_COLOUR('',#15508);
#15609 = STYLED_ITEM('color',(#15610),#2097);
#15610 = PRESENTATION_STYLE_ASSIGNMENT((#15611));
#15611 = SURFACE_STYLE_USAGE(.BOTH.,#15612);
#15612 = SURFACE_SIDE_STYLE('',(#15613));
#15613 = SURFACE_STYLE_FILL_AREA(#15614);
#15614 = FILL_AREA_STYLE('',(#15615));
#15615 = FILL_AREA_STYLE_COLOUR('',#15508);
#15616 = STYLED_ITEM('color',(#15617),#2484);
#15617 = PRESENTATION_STYLE_ASSIGNMENT((#15618));
#15618 = SURFACE_STYLE_USAGE(.BOTH.,#15619);
#15619 = SURFACE_SIDE_STYLE('',(#15620));
#15620 = SURFACE_STYLE_FILL_AREA(#15621);
#15621 = FILL_AREA_STYLE('',(#15622));
#15622 = FILL_AREA_STYLE_COLOUR('',#15508);
#15623 = STYLED_ITEM('color',(#15624),#2871);
#15624 = PRESENTATION_STYLE_ASSIGNMENT((#15625));
#15625 = SURFACE_STYLE_USAGE(.BOTH.,#15626);
#15626 = SURFACE_SIDE_STYLE('',(#15627));
#15627 = SURFACE_STYLE_FILL_AREA(#15628);
#15628 = FILL_AREA_STYLE('',(#15629));
#15629 = FILL_AREA_STYLE_COLOUR('',#15508);
#15630 = STYLED_ITEM('color',(#15631),#3258);
#15631 = PRESENTATION_STYLE_ASSIGNMENT((#15632));
#15632 = SURFACE_STYLE_USAGE(.BOTH.,#15633);
#15633 = SURFACE_SIDE_STYLE('',(#15634));
#15634 = SURFACE_STYLE_FILL_AREA(#15635);
#15635 = FILL_AREA_STYLE('',(#15636));
#15636 = FILL_AREA_STYLE_COLOUR('',#15508);
#15637 = STYLED_ITEM('color',(#15638),#3645);
#15638 = PRESENTATION_STYLE_ASSIGNMENT((#15639));
#15639 = SURFACE_STYLE_USAGE(.BOTH.,#15640);
#15640 = SURFACE_SIDE_STYLE('',(#15641));
#15641 = SURFACE_STYLE_FILL_AREA(#15642);
#15642 = FILL_AREA_STYLE('',(#15643));
#15643 = FILL_AREA_STYLE_COLOUR('',#15508);
#15644 = MECHANICAL_DESIGN_GEOMETRIC_PRESENTATION_REPRESENTATION('',(
    #15645),#321);
#15645 = STYLED_ITEM('color',(#15646),#15);
#15646 = PRESENTATION_STYLE_ASSIGNMENT((#15647));
#15647 = SURFACE_STYLE_USAGE(.BOTH.,#15648);
#15648 = SURFACE_SIDE_STYLE('',(#15649));
#15649 = SURFACE_STYLE_FILL_AREA(#15650);
#15650 = FILL_AREA_STYLE('',(#15651));
#15651 = FILL_AREA_STYLE_COLOUR('',#15652);
#15652 = COLOUR_RGB('',0.,0.501960785193,0.);
#15653 = MECHANICAL_DESIGN_GEOMETRIC_PRESENTATION_REPRESENTATION('',(
    #15654,#15662,#15669,#15677),#12959);
#15654 = STYLED_ITEM('color',(#15655),#9994);
#15655 = PRESENTATION_STYLE_ASSIGNMENT((#15656));
#15656 = SURFACE_STYLE_USAGE(.BOTH.,#15657);
#15657 = SURFACE_SIDE_STYLE('',(#15658));
#15658 = SURFACE_STYLE_FILL_AREA(#15659);
#15659 = FILL_AREA_STYLE('',(#15660));
#15660 = FILL_AREA_STYLE_COLOUR('',#15661);
#15661 = COLOUR_RGB('',1.,0.811764696686,0.501960785193);
#15662 = STYLED_ITEM('color',(#15663),#10583);
#15663 = PRESENTATION_STYLE_ASSIGNMENT((#15664));
#15664 = SURFACE_STYLE_USAGE(.BOTH.,#15665);
#15665 = SURFACE_SIDE_STYLE('',(#15666));
#15666 = SURFACE_STYLE_FILL_AREA(#15667);
#15667 = FILL_AREA_STYLE('',(#15668));
#15668 = FILL_AREA_STYLE_COLOUR('',#15661);
#15669 = STYLED_ITEM('color',(#15670),#11211);
#15670 = PRESENTATION_STYLE_ASSIGNMENT((#15671));
#15671 = SURFACE_STYLE_USAGE(.BOTH.,#15672);
#15672 = SURFACE_SIDE_STYLE('',(#15673));
#15673 = SURFACE_STYLE_FILL_AREA(#15674);
#15674 = FILL_AREA_STYLE('',(#15675));
#15675 = FILL_AREA_STYLE_COLOUR('',#15676);
#15676 = DRAUGHTING_PRE_DEFINED_COLOUR('white');
#15677 = STYLED_ITEM('color',(#15678),#12677);
#15678 = PRESENTATION_STYLE_ASSIGNMENT((#15679));
#15679 = SURFACE_STYLE_USAGE(.BOTH.,#15680);
#15680 = SURFACE_SIDE_STYLE('',(#15681));
#15681 = SURFACE_STYLE_FILL_AREA(#15682);
#15682 = FILL_AREA_STYLE('',(#15683));
#15683 = FILL_AREA_STYLE_COLOUR('',#15652);
#15684 = MECHANICAL_DESIGN_GEOMETRIC_PRESENTATION_REPRESENTATION('',(
    #15685),#922);
#15685 = STYLED_ITEM('color',(#15686),#335);
#15686 = PRESENTATION_STYLE_ASSIGNMENT((#15687));
#15687 = SURFACE_STYLE_USAGE(.BOTH.,#15688);
#15688 = SURFACE_SIDE_STYLE('',(#15689));
#15689 = SURFACE_STYLE_FILL_AREA(#15690);
#15690 = FILL_AREA_STYLE('',(#15691));
#15691 = FILL_AREA_STYLE_COLOUR('',#15692);
#15692 = COLOUR_RGB('',0.300000011149,0.300000011149,0.300000011149);
#15693 = MECHANICAL_DESIGN_GEOMETRIC_PRESENTATION_REPRESENTATION('',(
    #15694,#15701,#15708,#15715,#15722,#15729,#15736,#15743,#15750,
    #15757,#15764),#5408);
#15694 = STYLED_ITEM('color',(#15695),#4210);
#15695 = PRESENTATION_STYLE_ASSIGNMENT((#15696));
#15696 = SURFACE_STYLE_USAGE(.BOTH.,#15697);
#15697 = SURFACE_SIDE_STYLE('',(#15698));
#15698 = SURFACE_STYLE_FILL_AREA(#15699);
#15699 = FILL_AREA_STYLE('',(#15700));
#15700 = FILL_AREA_STYLE_COLOUR('',#15397);
#15701 = STYLED_ITEM('color',(#15702),#4664);
#15702 = PRESENTATION_STYLE_ASSIGNMENT((#15703));
#15703 = SURFACE_STYLE_USAGE(.BOTH.,#15704);
#15704 = SURFACE_SIDE_STYLE('',(#15705));
#15705 = SURFACE_STYLE_FILL_AREA(#15706);
#15706 = FILL_AREA_STYLE('',(#15707));
#15707 = FILL_AREA_STYLE_COLOUR('',#15397);
#15708 = STYLED_ITEM('color',(#15709),#5118);
#15709 = PRESENTATION_STYLE_ASSIGNMENT((#15710));
#15710 = SURFACE_STYLE_USAGE(.BOTH.,#15711);
#15711 = SURFACE_SIDE_STYLE('',(#15712));
#15712 = SURFACE_STYLE_FILL_AREA(#15713);
#15713 = FILL_AREA_STYLE('',(#15714));
#15714 = FILL_AREA_STYLE_COLOUR('',#15412);
#15715 = OVER_RIDING_STYLED_ITEM('overriding color',(#15716),#5196,
  #15708);
#15716 = PRESENTATION_STYLE_ASSIGNMENT((#15717));
#15717 = SURFACE_STYLE_USAGE(.BOTH.,#15718);
#15718 = SURFACE_SIDE_STYLE('',(#15719));
#15719 = SURFACE_STYLE_FILL_AREA(#15720);
#15720 = FILL_AREA_STYLE('',(#15721));
#15721 = FILL_AREA_STYLE_COLOUR('',#15420);
#15722 = OVER_RIDING_STYLED_ITEM('overriding color',(#15723),#5228,
  #15708);
#15723 = PRESENTATION_STYLE_ASSIGNMENT((#15724));
#15724 = SURFACE_STYLE_USAGE(.BOTH.,#15725);
#15725 = SURFACE_SIDE_STYLE('',(#15726));
#15726 = SURFACE_STYLE_FILL_AREA(#15727);
#15727 = FILL_AREA_STYLE('',(#15728));
#15728 = FILL_AREA_STYLE_COLOUR('',#15420);
#15729 = OVER_RIDING_STYLED_ITEM('overriding color',(#15730),#5252,
  #15708);
#15730 = PRESENTATION_STYLE_ASSIGNMENT((#15731));
#15731 = SURFACE_STYLE_USAGE(.BOTH.,#15732);
#15732 = SURFACE_SIDE_STYLE('',(#15733));
#15733 = SURFACE_STYLE_FILL_AREA(#15734);
#15734 = FILL_AREA_STYLE('',(#15735));
#15735 = FILL_AREA_STYLE_COLOUR('',#15420);
#15736 = OVER_RIDING_STYLED_ITEM('overriding color',(#15737),#5277,
  #15708);
#15737 = PRESENTATION_STYLE_ASSIGNMENT((#15738));
#15738 = SURFACE_STYLE_USAGE(.BOTH.,#15739);
#15739 = SURFACE_SIDE_STYLE('',(#15740));
#15740 = SURFACE_STYLE_FILL_AREA(#15741);
#15741 = FILL_AREA_STYLE('',(#15742));
#15742 = FILL_AREA_STYLE_COLOUR('',#15420);
#15743 = OVER_RIDING_STYLED_ITEM('overriding color',(#15744),#5301,
  #15708);
#15744 = PRESENTATION_STYLE_ASSIGNMENT((#15745));
#15745 = SURFACE_STYLE_USAGE(.BOTH.,#15746);
#15746 = SURFACE_SIDE_STYLE('',(#15747));
#15747 = SURFACE_STYLE_FILL_AREA(#15748);
#15748 = FILL_AREA_STYLE('',(#15749));
#15749 = FILL_AREA_STYLE_COLOUR('',#15420);
#15750 = OVER_RIDING_STYLED_ITEM('overriding color',(#15751),#5326,
  #15708);
#15751 = PRESENTATION_STYLE_ASSIGNMENT((#15752));
#15752 = SURFACE_STYLE_USAGE(.BOTH.,#15753);
#15753 = SURFACE_SIDE_STYLE('',(#15754));
#15754 = SURFACE_STYLE_FILL_AREA(#15755);
#15755 = FILL_AREA_STYLE('',(#15756));
#15756 = FILL_AREA_STYLE_COLOUR('',#15420);
#15757 = OVER_RIDING_STYLED_ITEM('overriding color',(#15758),#5350,
  #15708);
#15758 = PRESENTATION_STYLE_ASSIGNMENT((#15759));
#15759 = SURFACE_STYLE_USAGE(.BOTH.,#15760);
#15760 = SURFACE_SIDE_STYLE('',(#15761));
#15761 = SURFACE_STYLE_FILL_AREA(#15762);
#15762 = FILL_AREA_STYLE('',(#15763));
#15763 = FILL_AREA_STYLE_COLOUR('',#15420);
#15764 = OVER_RIDING_STYLED_ITEM('overriding color',(#15765),#5375,
  #15708);
#15765 = PRESENTATION_STYLE_ASSIGNMENT((#15766));
#15766 = SURFACE_STYLE_USAGE(.BOTH.,#15767);
#15767 = SURFACE_SIDE_STYLE('',(#15768));
#15768 = SURFACE_STYLE_FILL_AREA(#15769);
#15769 = FILL_AREA_STYLE('',(#15770));
#15770 = FILL_AREA_STYLE_COLOUR('',#15420);
#15771 = MECHANICAL_DESIGN_GEOMETRIC_PRESENTATION_REPRESENTATION('',(
    #15772,#15780,#15787,#15794),#9980);
#15772 = STYLED_ITEM('color',(#15773),#7148);
#15773 = PRESENTATION_STYLE_ASSIGNMENT((#15774));
#15774 = SURFACE_STYLE_USAGE(.BOTH.,#15775);
#15775 = SURFACE_SIDE_STYLE('',(#15776));
#15776 = SURFACE_STYLE_FILL_AREA(#15777);
#15777 = FILL_AREA_STYLE('',(#15778));
#15778 = FILL_AREA_STYLE_COLOUR('',#15779);
#15779 = COLOUR_RGB('',0.23137255388,0.23137255388,0.23137255388);
#15780 = STYLED_ITEM('color',(#15781),#7850);
#15781 = PRESENTATION_STYLE_ASSIGNMENT((#15782));
#15782 = SURFACE_STYLE_USAGE(.BOTH.,#15783);
#15783 = SURFACE_SIDE_STYLE('',(#15784));
#15784 = SURFACE_STYLE_FILL_AREA(#15785);
#15785 = FILL_AREA_STYLE('',(#15786));
#15786 = FILL_AREA_STYLE_COLOUR('',#15779);
#15787 = STYLED_ITEM('color',(#15788),#8564);
#15788 = PRESENTATION_STYLE_ASSIGNMENT((#15789));
#15789 = SURFACE_STYLE_USAGE(.BOTH.,#15790);
#15790 = SURFACE_SIDE_STYLE('',(#15791));
#15791 = SURFACE_STYLE_FILL_AREA(#15792);
#15792 = FILL_AREA_STYLE('',(#15793));
#15793 = FILL_AREA_STYLE_COLOUR('',#15779);
#15794 = STYLED_ITEM('color',(#15795),#9266);
#15795 = PRESENTATION_STYLE_ASSIGNMENT((#15796));
#15796 = SURFACE_STYLE_USAGE(.BOTH.,#15797);
#15797 = SURFACE_SIDE_STYLE('',(#15798));
#15798 = SURFACE_STYLE_FILL_AREA(#15799);
#15799 = FILL_AREA_STYLE('',(#15800));
#15800 = FILL_AREA_STYLE_COLOUR('',#15779);
#15801 = MECHANICAL_DESIGN_GEOMETRIC_PRESENTATION_REPRESENTATION('',(
    #15802,#15809,#15816,#15823,#15830,#15837,#15844),#5864);
#15802 = STYLED_ITEM('color',(#15803),#5422);
#15803 = PRESENTATION_STYLE_ASSIGNMENT((#15804));
#15804 = SURFACE_STYLE_USAGE(.BOTH.,#15805);
#15805 = SURFACE_SIDE_STYLE('',(#15806));
#15806 = SURFACE_STYLE_FILL_AREA(#15807);
#15807 = FILL_AREA_STYLE('',(#15808));
#15808 = FILL_AREA_STYLE_COLOUR('',#15676);
#15809 = STYLED_ITEM('color',(#15810),#5456);
#15810 = PRESENTATION_STYLE_ASSIGNMENT((#15811));
#15811 = SURFACE_STYLE_USAGE(.BOTH.,#15812);
#15812 = SURFACE_SIDE_STYLE('',(#15813));
#15813 = SURFACE_STYLE_FILL_AREA(#15814);
#15814 = FILL_AREA_STYLE('',(#15815));
#15815 = FILL_AREA_STYLE_COLOUR('',#15676);
#15816 = STYLED_ITEM('color',(#15817),#5488);
#15817 = PRESENTATION_STYLE_ASSIGNMENT((#15818));
#15818 = SURFACE_STYLE_USAGE(.BOTH.,#15819);
#15819 = SURFACE_SIDE_STYLE('',(#15820));
#15820 = SURFACE_STYLE_FILL_AREA(#15821);
#15821 = FILL_AREA_STYLE('',(#15822));
#15822 = FILL_AREA_STYLE_COLOUR('',#15676);
#15823 = STYLED_ITEM('color',(#15824),#5609);
#15824 = PRESENTATION_STYLE_ASSIGNMENT((#15825));
#15825 = SURFACE_STYLE_USAGE(.BOTH.,#15826);
#15826 = SURFACE_SIDE_STYLE('',(#15827));
#15827 = SURFACE_STYLE_FILL_AREA(#15828);
#15828 = FILL_AREA_STYLE('',(#15829));
#15829 = FILL_AREA_STYLE_COLOUR('',#15676);
#15830 = STYLED_ITEM('color',(#15831),#5682);
#15831 = PRESENTATION_STYLE_ASSIGNMENT((#15832));
#15832 = SURFACE_STYLE_USAGE(.BOTH.,#15833);
#15833 = SURFACE_SIDE_STYLE('',(#15834));
#15834 = SURFACE_STYLE_FILL_AREA(#15835);
#15835 = FILL_AREA_STYLE('',(#15836));
#15836 = FILL_AREA_STYLE_COLOUR('',#15676);
#15837 = STYLED_ITEM('color',(#15838),#5715);
#15838 = PRESENTATION_STYLE_ASSIGNMENT((#15839));
#15839 = SURFACE_STYLE_USAGE(.BOTH.,#15840);
#15840 = SURFACE_SIDE_STYLE('',(#15841));
#15841 = SURFACE_STYLE_FILL_AREA(#15842);
#15842 = FILL_AREA_STYLE('',(#15843));
#15843 = FILL_AREA_STYLE_COLOUR('',#15676);
#15844 = STYLED_ITEM('color',(#15845),#5784);
#15845 = PRESENTATION_STYLE_ASSIGNMENT((#15846));
#15846 = SURFACE_STYLE_USAGE(.BOTH.,#15847);
#15847 = SURFACE_SIDE_STYLE('',(#15848));
#15848 = SURFACE_STYLE_FILL_AREA(#15849);
#15849 = FILL_AREA_STYLE('',(#15850));
#15850 = FILL_AREA_STYLE_COLOUR('',#15676);
ENDSEC;
END-ISO-10303-21;
