ISO-10303-21;
HEADER;
FILE_DESCRIPTION (( 'STEP AP214' ),
    '1' );
FILE_NAME ('NRPN081PAEN-RC.STEP',
    '2024-11-20T14:54:38',
    ( '' ),
    ( '' ),
    'SwSTEP 2.0',
    'SolidWorks 2021',
    '' );
FILE_SCHEMA (( 'AUTOMOTIVE_DESIGN' ));
ENDSEC;

DATA;
#1 =( NAMED_UNIT ( * ) SI_UNIT ( $, .STERADIAN. ) SOLID_ANGLE_UNIT ( ) );
#2 = AXIS2_PLACEMENT_3D ( 'NONE', #1486, #4, #4641 ) ;
#3 = DIRECTION ( 'NONE',  ( 1.000000000000000000, 0.000000000000000000, -0.000000000000000000 ) ) ;
#4 = DIRECTION ( 'NONE',  ( -0.7071067811865484609, 0.000000000000000000, 0.7071067811865465735 ) ) ;
#5 = FACE_OUTER_BOUND ( 'NONE', #1378, .T. ) ;
#6 = CARTESIAN_POINT ( 'NONE',  ( 0.3999999999999993006, 0.000000000000000000, 1.000000000000001332 ) ) ;
#7 = PLANE ( 'NONE',  #134 ) ;
#8 = EDGE_CURVE ( 'NONE', #819, #4686, #3042, .T. ) ;
#9 = CARTESIAN_POINT ( 'NONE',  ( 6.750000000000000000, 2.000000000000000000, 0.2500000000000006106 ) ) ;
#10 =( LENGTH_UNIT ( ) NAMED_UNIT ( * ) SI_UNIT ( .MILLI., .METRE. ) );
#11 = DIRECTION ( 'NONE',  ( -0.7071067811865475727, 0.000000000000000000, -0.7071067811865475727 ) ) ;
#12 = PLANE ( 'NONE',  #391 ) ;
#13 = EDGE_CURVE ( 'NONE', #261, #1992, #4577, .T. ) ;
#14 = ORIENTED_EDGE ( 'NONE', *, *, #2615, .F. ) ;
#15 = EDGE_CURVE ( 'NONE', #4550, #704, #1541, .T. ) ;
#16 = LINE ( 'NONE', #420, #4354 ) ;
#17 = ORIENTED_EDGE ( 'NONE', *, *, #4241, .T. ) ;
#18 = ORIENTED_EDGE ( 'NONE', *, *, #1581, .F. ) ;
#19 = LINE ( 'NONE', #4117, #2816 ) ;
#20 = EDGE_LOOP ( 'NONE', ( #4819, #354, #18, #3353 ) ) ;
#21 = CARTESIAN_POINT ( 'NONE',  ( -5.599999999999999645, 0.000000000000000000, -0.9999999999999988898 ) ) ;
#22 = LINE ( 'NONE', #381, #2680 ) ;
#23 = ORIENTED_EDGE ( 'NONE', *, *, #2380, .F. ) ;
#24 = CARTESIAN_POINT ( 'NONE',  ( -2.750000000000000000, 2.000000000000000000, 0.2500000000000006106 ) ) ;
#25 =( REPRESENTATION_RELATIONSHIP ('NONE','NONE', #3532, #30 ) REPRESENTATION_RELATIONSHIP_WITH_TRANSFORMATION ( #1895 )SHAPE_REPRESENTATION_RELATIONSHIP( ) );
#26 = CARTESIAN_POINT ( 'NONE',  ( -4.000000000000000000, 0.000000000000000000, -0.5999999999999992006 ) ) ;
#27 = DIRECTION ( 'NONE',  ( 0.000000000000000000, 0.000000000000000000, -1.000000000000000000 ) ) ;
#28 = LINE ( 'NONE', #1515, #4054 ) ;
#29 = FACE_OUTER_BOUND ( 'NONE', #1105, .T. ) ;
#30 = SHAPE_REPRESENTATION ( 'Pin - Gold', ( #3547 ), #699 ) ;
#31 = DIRECTION ( 'NONE',  ( -0.000000000000000000, -0.000000000000000000, 1.000000000000000000 ) ) ;
#32 = PRESENTATION_STYLE_ASSIGNMENT (( #4184 ) ) ;
#33 = DIRECTION ( 'NONE',  ( 0.000000000000000000, 0.000000000000000000, -1.000000000000000000 ) ) ;
#34 = ORIENTED_EDGE ( 'NONE', *, *, #188, .F. ) ;
#35 = VECTOR ( 'NONE', #1040, 1000.000000000000000 ) ;
#36 = DIRECTION ( 'NONE',  ( 1.000000000000000000, -0.000000000000000000, 0.000000000000000000 ) ) ;
#37 = EDGE_LOOP ( 'NONE', ( #128, #55, #2980, #3328 ) ) ;
#38 = ORIENTED_EDGE ( 'NONE', *, *, #1727, .F. ) ;
#39 = FACE_OUTER_BOUND ( 'NONE', #3979, .T. ) ;
#40 = ORIENTED_EDGE ( 'NONE', *, *, #1166, .T. ) ;
#41 = EDGE_CURVE ( 'NONE', #663, #819, #4896, .T. ) ;
#42 = FACE_BOUND ( 'NONE', #3688, .T. ) ;
#43 = CARTESIAN_POINT ( 'NONE',  ( 0.000000000000000000, 0.000000000000000000, 0.5999999999999997558 ) ) ;
#44 = ORIENTED_EDGE ( 'NONE', *, *, #3094, .F. ) ;
#45 = SURFACE_STYLE_USAGE ( .BOTH. , #2015 ) ;
#46 = EDGE_CURVE ( 'NONE', #163, #4076, #4917, .T. ) ;
#47 = LINE ( 'NONE', #1556, #617 ) ;
#48 = DIRECTION ( 'NONE',  ( 0.000000000000000000, 0.000000000000000000, 1.000000000000000000 ) ) ;
#49 = DIRECTION ( 'NONE',  ( 1.000000000000000000, 0.000000000000000000, 0.000000000000000000 ) ) ;
#50 = FACE_OUTER_BOUND ( 'NONE', #3288, .T. ) ;
#51 = ADVANCED_FACE ( 'NONE', ( #4534 ), #2320, .T. ) ;
#52 = ORIENTED_EDGE ( 'NONE', *, *, #103, .T. ) ;
#53 = FILL_AREA_STYLE_COLOUR ( '', #4845 ) ;
#54 = CARTESIAN_POINT ( 'NONE',  ( -3.250000000000000444, 0.2999999999999999889, -0.2499999999999994171 ) ) ;
#55 = ORIENTED_EDGE ( 'NONE', *, *, #2599, .F. ) ;
#56 = VECTOR ( 'NONE', #3108, 1000.000000000000000 ) ;
#57 = AXIS2_PLACEMENT_3D ( 'NONE', #563, #1571, #1705 ) ;
#58 = CARTESIAN_POINT ( 'NONE',  ( 4.000000000000000000, 0.000000000000000000, -0.5999999999999992006 ) ) ;
#59 = EDGE_LOOP ( 'NONE', ( #3380, #3331, #778, #2532, #2306 ) ) ;
#60 = CONTEXT_DEPENDENT_SHAPE_REPRESENTATION ( #2544, #1837 ) ;
#61 = PLANE ( 'NONE',  #2505 ) ;
#62 = ORIENTED_EDGE ( 'NONE', *, *, #390, .F. ) ;
#63 = EDGE_CURVE ( 'NONE', #4899, #3724, #3750, .T. ) ;
#64 = VECTOR ( 'NONE', #3018, 1000.000000000000000 ) ;
#65 = EDGE_CURVE ( 'NONE', #4726, #4309, #1124, .T. ) ;
#66 = LINE ( 'NONE', #495, #772 ) ;
#67 = DIRECTION ( 'NONE',  ( 0.000000000000000000, 1.000000000000000000, 0.000000000000000000 ) ) ;
#68 = AXIS2_PLACEMENT_3D ( 'NONE', #872, #4729, #104 ) ;
#69 = ORIENTED_EDGE ( 'NONE', *, *, #3607, .T. ) ;
#70 = LINE ( 'NONE', #3106, #210 ) ;
#71 = ADVANCED_FACE ( 'NONE', ( #1171 ), #366, .T. ) ;
#72 = MECHANICAL_DESIGN_GEOMETRIC_PRESENTATION_REPRESENTATION (  '', ( #4673 ), #2040 ) ;
#73 = DIRECTION ( 'NONE',  ( -0.000000000000000000, -0.000000000000000000, 1.000000000000000000 ) ) ;
#74 = EDGE_CURVE ( 'NONE', #375, #1870, #2673, .T. ) ;
#75 = DIRECTION ( 'NONE',  ( 1.000000000000000000, -0.000000000000000000, 0.000000000000000000 ) ) ;
#76 = LINE ( 'NONE', #3864, #1273 ) ;
#77 = AXIS2_PLACEMENT_3D ( 'NONE', #4910, #4665, #3904 ) ;
#78 = FACE_OUTER_BOUND ( 'NONE', #2458, .T. ) ;
#79 = EDGE_CURVE ( 'NONE', #2850, #1510, #1977, .T. ) ;
#80 = LINE ( 'NONE', #1306, #2274 ) ;
#81 = CARTESIAN_POINT ( 'NONE',  ( 0.000000000000000000, 2.000000000000000000, -0.5999999999999992006 ) ) ;
#82 = DIRECTION ( 'NONE',  ( 0.000000000000000000, 0.000000000000000000, -1.000000000000000000 ) ) ;
#83 = DIRECTION ( 'NONE',  ( 7.228014483236698528E-16, -0.000000000000000000, 1.000000000000000000 ) ) ;
#84 = VERTEX_POINT ( 'NONE', #2341 ) ;
#85 = CARTESIAN_POINT ( 'NONE',  ( 6.750000000000000000, 0.2999999999999999889, -0.2499999999999994171 ) ) ;
#86 = ORIENTED_EDGE ( 'NONE', *, *, #1530, .T. ) ;
#87 = DIRECTION ( 'NONE',  ( 0.000000000000000000, -0.000000000000000000, -1.000000000000000000 ) ) ;
#88 = ORIENTED_EDGE ( 'NONE', *, *, #1726, .T. ) ;
#89 = CARTESIAN_POINT ( 'NONE',  ( 2.000000000000000000, 0.2999999999999999889, 0.5999999999999997558 ) ) ;
#90 = ADVANCED_FACE ( 'NONE', ( #2410 ), #4252, .T. ) ;
#91 = CARTESIAN_POINT ( 'NONE',  ( -5.599999999999999645, 0.000000000000000000, -0.9999999999999988898 ) ) ;
#92 = ORIENTED_EDGE ( 'NONE', *, *, #2695, .T. ) ;
#93 = EDGE_CURVE ( 'NONE', #2156, #1382, #3562, .T. ) ;
#94 = DIRECTION ( 'NONE',  ( -0.000000000000000000, 1.000000000000000000, 0.000000000000000000 ) ) ;
#95 = DIRECTION ( 'NONE',  ( -1.000000000000000000, 0.000000000000000000, 0.000000000000000000 ) ) ;
#96 = DIRECTION ( 'NONE',  ( -7.228014483236698528E-16, -0.000000000000000000, -1.000000000000000000 ) ) ;
#97 = EDGE_CURVE ( 'NONE', #4714, #1145, #80, .T. ) ;
#98 = FACE_OUTER_BOUND ( 'NONE', #4092, .T. ) ;
#99 = CARTESIAN_POINT ( 'NONE',  ( 2.750000000000000000, 2.000000000000000000, 0.2500000000000006106 ) ) ;
#100 = DIRECTION ( 'NONE',  ( 0.000000000000000000, 0.000000000000000000, -1.000000000000000000 ) ) ;
#101 = LINE ( 'NONE', #194, #718 ) ;
#102 = ORIENTED_EDGE ( 'NONE', *, *, #1624, .F. ) ;
#103 = EDGE_CURVE ( 'NONE', #2290, #797, #1215, .T. ) ;
#104 = DIRECTION ( 'NONE',  ( 1.000000000000000000, 0.000000000000000000, -0.000000000000000000 ) ) ;
#105 = ORIENTED_EDGE ( 'NONE', *, *, #2456, .T. ) ;
#106 = VERTEX_POINT ( 'NONE', #4348 ) ;
#107 = CARTESIAN_POINT ( 'NONE',  ( 4.000000000000000000, 0.2999999999999999889, -0.6000000000000004219 ) ) ;
#108 = LINE ( 'NONE', #3129, #2915 ) ;
#109 = ORIENTED_EDGE ( 'NONE', *, *, #4407, .F. ) ;
#110 =( NAMED_UNIT ( * ) PLANE_ANGLE_UNIT ( ) SI_UNIT ( $, .RADIAN. ) );
#111 = CARTESIAN_POINT ( 'NONE',  ( -5.600000000000000533, 0.000000000000000000, 1.000000000000001332 ) ) ;
#112 = CARTESIAN_POINT ( 'NONE',  ( -2.750000000000000000, 2.000000000000000000, -0.2499999999999994171 ) ) ;
#113 = PLANE ( 'NONE',  #2899 ) ;
#114 = VECTOR ( 'NONE', #585, 1000.000000000000000 ) ;
#115 = CARTESIAN_POINT ( 'NONE',  ( -6.000000000000000000, 0.000000000000000000, -0.5999999999999987566 ) ) ;
#116 = EDGE_CURVE ( 'NONE', #313, #3145, #3139, .T. ) ;
#117 = DIRECTION ( 'NONE',  ( 0.000000000000000000, 1.000000000000000000, 0.000000000000000000 ) ) ;
#118 = LINE ( 'NONE', #3914, #1243 ) ;
#119 = CARTESIAN_POINT ( 'NONE',  ( -6.000000000000000000, 0.000000000000000000, 0.6000000000000009770 ) ) ;
#120 = ORIENTED_EDGE ( 'NONE', *, *, #4346, .T. ) ;
#121 = EDGE_LOOP ( 'NONE', ( #1803, #1404, #2539, #991 ) ) ;
#122 = EDGE_CURVE ( 'NONE', #979, #3179, #3967, .T. ) ;
#123 = CARTESIAN_POINT ( 'NONE',  ( 8.000000000000000000, 0.000000000000000000, 0.000000000000000000 ) ) ;
#124 = ORIENTED_EDGE ( 'NONE', *, *, #2034, .F. ) ;
#125 = EDGE_CURVE ( 'NONE', #873, #277, #2000, .T. ) ;
#126 = COLOUR_RGB ( '',0.2509803921568627416, 0.2509803921568627416, 0.2509803921568627416 ) ;
#127 = EDGE_CURVE ( 'NONE', #261, #2890, #1606, .T. ) ;
#128 = ORIENTED_EDGE ( 'NONE', *, *, #4398, .F. ) ;
#129 = VECTOR ( 'NONE', #4471, 1000.000000000000000 ) ;
#130 = CARTESIAN_POINT ( 'NONE',  ( 8.673617379884035472E-16, 0.000000000000000000, -0.6000000000000004219 ) ) ;
#131 = CARTESIAN_POINT ( 'NONE',  ( -7.600000000000000533, 2.000000000000000000, 1.000000000000001332 ) ) ;
#132 = VERTEX_POINT ( 'NONE', #3184 ) ;
#133 = DIRECTION ( 'NONE',  ( 0.000000000000000000, 1.000000000000000000, 0.000000000000000000 ) ) ;
#134 = AXIS2_PLACEMENT_3D ( 'NONE', #4531, #1120, #2624 ) ;
#135 = VECTOR ( 'NONE', #3571, 1000.000000000000000 ) ;
#136 = DIRECTION ( 'NONE',  ( 0.000000000000000000, 0.000000000000000000, -1.000000000000000000 ) ) ;
#137 = LINE ( 'NONE', #3136, #1709 ) ;
#138 = FACE_OUTER_BOUND ( 'NONE', #4472, .T. ) ;
#139 = AXIS2_PLACEMENT_3D ( 'NONE', #3773, #1884, #3407 ) ;
#140 = DIRECTION ( 'NONE',  ( 1.000000000000000000, -0.000000000000000000, -0.000000000000000000 ) ) ;
#141 = MECHANICAL_DESIGN_GEOMETRIC_PRESENTATION_REPRESENTATION (  '', ( #934 ), #4849 ) ;
#142 = CARTESIAN_POINT ( 'NONE',  ( -1.599999999999999867, 0.000000000000000000, -0.9999999999999988898 ) ) ;
#143 = DIRECTION ( 'NONE',  ( 0.000000000000000000, 1.000000000000000000, 0.000000000000000000 ) ) ;
#144 = DIRECTION ( 'NONE',  ( 0.000000000000000000, -0.000000000000000000, 1.000000000000000000 ) ) ;
#145 = EDGE_CURVE ( 'NONE', #940, #1565, #4722, .T. ) ;
#146 = VERTEX_POINT ( 'NONE', #1283 ) ;
#147 = ORIENTED_EDGE ( 'NONE', *, *, #1945, .F. ) ;
#148 = VECTOR ( 'NONE', #1135, 1000.000000000000000 ) ;
#149 = LINE ( 'NONE', #3741, #385 ) ;
#150 = CARTESIAN_POINT ( 'NONE',  ( 5.250000000000000000, 0.2999999999999999889, 0.2500000000000006106 ) ) ;
#151 = EDGE_CURVE ( 'NONE', #2562, #3581, #1952, .T. ) ;
#152 = LINE ( 'NONE', #3833, #3155 ) ;
#153 = EDGE_LOOP ( 'NONE', ( #3077, #1733, #4062, #3789, #320 ) ) ;
#154 = VECTOR ( 'NONE', #769, 1000.000000000000000 ) ;
#155 = ORIENTED_EDGE ( 'NONE', *, *, #63, .T. ) ;
#156 = DIRECTION ( 'NONE',  ( -0.000000000000000000, 1.000000000000000000, 0.000000000000000000 ) ) ;
#157 = ORIENTED_EDGE ( 'NONE', *, *, #4540, .F. ) ;
#158 = CARTESIAN_POINT ( 'NONE',  ( 2.000000000000000000, 2.000000000000000000, 0.000000000000000000 ) ) ;
#159 = VECTOR ( 'NONE', #4912, 1000.000000000000000 ) ;
#160 = DIRECTION ( 'NONE',  ( -0.7071067811865474617, -0.000000000000000000, 0.7071067811865474617 ) ) ;
#161 = ORIENTED_EDGE ( 'NONE', *, *, #4556, .F. ) ;
#162 = CARTESIAN_POINT ( 'NONE',  ( -4.750000000000000000, 0.000000000000000000, 0.2500000000000006106 ) ) ;
#163 = VERTEX_POINT ( 'NONE', #1626 ) ;
#164 = FACE_BOUND ( 'NONE', #1070, .T. ) ;
#165 = VECTOR ( 'NONE', #3693, 1000.000000000000000 ) ;
#166 = CARTESIAN_POINT ( 'NONE',  ( -1.999999999999999112, 0.000000000000000000, 0.6000000000000005329 ) ) ;
#167 = FACE_OUTER_BOUND ( 'NONE', #848, .T. ) ;
#168 = DIRECTION ( 'NONE',  ( 0.7071067811865465735, 0.000000000000000000, 0.7071067811865484609 ) ) ;
#169 = DIRECTION ( 'NONE',  ( 0.000000000000000000, -0.000000000000000000, 1.000000000000000000 ) ) ;
#170 = EDGE_LOOP ( 'NONE', ( #3073, #1012, #214, #4905 ) ) ;
#171 = ORIENTED_EDGE ( 'NONE', *, *, #2512, .T. ) ;
#172 = CARTESIAN_POINT ( 'NONE',  ( 0.000000000000000000, 0.2999999999999999889, -0.6000000000000004219 ) ) ;
#173 = CARTESIAN_POINT ( 'NONE',  ( 2.750000000000000000, 0.000000000000000000, -0.2499999999999994171 ) ) ;
#174 = CARTESIAN_POINT ( 'NONE',  ( -6.399999999999998579, 2.000000000000000000, -0.9999999999999991118 ) ) ;
#175 = ORIENTED_EDGE ( 'NONE', *, *, #8, .T. ) ;
#176 = PRODUCT_DEFINITION_SHAPE ( 'NONE', 'NONE',  #3846 ) ;
#177 = ORIENTED_EDGE ( 'NONE', *, *, #3143, .F. ) ;
#178 = CARTESIAN_POINT ( 'NONE',  ( 6.000000000000000888, 2.000000000000000000, 0.6000000000000005329 ) ) ;
#179 = DIRECTION ( 'NONE',  ( 0.000000000000000000, 0.000000000000000000, 1.000000000000000000 ) ) ;
#180 = VERTEX_POINT ( 'NONE', #2718 ) ;
#181 = LINE ( 'NONE', #260, #4268 ) ;
#182 = EDGE_LOOP ( 'NONE', ( #2549, #2685, #3660, #4008 ) ) ;
#183 = ADVANCED_FACE ( 'NONE', ( #3474 ), #3912, .T. ) ;
#184 = PLANE ( 'NONE',  #2319 ) ;
#185 = ORIENTED_EDGE ( 'NONE', *, *, #1813, .T. ) ;
#186 = CARTESIAN_POINT ( 'NONE',  ( 2.000000000000000000, 2.000000000000000000, -0.5999999999999992006 ) ) ;
#187 = ORIENTED_EDGE ( 'NONE', *, *, #630, .T. ) ;
#188 = EDGE_CURVE ( 'NONE', #2842, #1475, #3095, .T. ) ;
#189 = DIRECTION ( 'NONE',  ( 0.7071067811865472397, 0.000000000000000000, -0.7071067811865479058 ) ) ;
#190 = ADVANCED_FACE ( 'NONE', ( #98, #1262 ), #3112, .F. ) ;
#191 = DIRECTION ( 'NONE',  ( -1.000000000000000000, 0.000000000000000000, -0.000000000000000000 ) ) ;
#192 = CARTESIAN_POINT ( 'NONE',  ( -2.750000000000000000, 0.2999999999999999889, 0.2500000000000006106 ) ) ;
#193 = CARTESIAN_POINT ( 'NONE',  ( -6.000000000000000000, 0.000000000000000000, -0.5999999999999992006 ) ) ;
#194 = CARTESIAN_POINT ( 'NONE',  ( 6.750000000000000000, 0.000000000000000000, 0.2500000000000006106 ) ) ;
#195 = ORIENTED_EDGE ( 'NONE', *, *, #1042, .T. ) ;
#196 = ORIENTED_EDGE ( 'NONE', *, *, #4647, .F. ) ;
#197 = LINE ( 'NONE', #4616, #3466 ) ;
#198 = FACE_OUTER_BOUND ( 'NONE', #3641, .T. ) ;
#199 = CARTESIAN_POINT ( 'NONE',  ( 0.3999999999999993006, 0.000000000000000000, 1.000000000000001332 ) ) ;
#200 = ORIENTED_EDGE ( 'NONE', *, *, #13, .T. ) ;
#201 = ORIENTED_EDGE ( 'NONE', *, *, #4346, .F. ) ;
#202 = DIRECTION ( 'NONE',  ( -0.000000000000000000, -1.000000000000000000, -0.000000000000000000 ) ) ;
#203 = ORIENTED_EDGE ( 'NONE', *, *, #2776, .F. ) ;
#204 = VERTEX_POINT ( 'NONE', #2764 ) ;
#205 = EDGE_CURVE ( 'NONE', #3027, #2651, #866, .T. ) ;
#206 = LINE ( 'NONE', #2800, #1633 ) ;
#207 = EDGE_CURVE ( 'NONE', #204, #1001, #3534, .T. ) ;
#208 = VECTOR ( 'NONE', #3016, 1000.000000000000000 ) ;
#209 = CARTESIAN_POINT ( 'NONE',  ( -8.000000000000000000, 2.000000000000000000, -0.5999999999999987566 ) ) ;
#210 = VECTOR ( 'NONE', #1190, 1000.000000000000000 ) ;
#211 = ORIENTED_EDGE ( 'NONE', *, *, #2380, .T. ) ;
#212 = ADVANCED_FACE ( 'NONE', ( #3936, #4865 ), #4778, .T. ) ;
#213 = DIRECTION ( 'NONE',  ( -0.7071067811865462405, -0.000000000000000000, -0.7071067811865489050 ) ) ;
#214 = ORIENTED_EDGE ( 'NONE', *, *, #981, .F. ) ;
#215 = VECTOR ( 'NONE', #4251, 1000.000000000000000 ) ;
#216 = ADVANCED_FACE ( 'NONE', ( #2173 ), #2545, .T. ) ;
#217 = CARTESIAN_POINT ( 'NONE',  ( -2.750000000000000000, 0.2999999999999999889, -0.2499999999999994171 ) ) ;
#218 = DIRECTION ( 'NONE',  ( 0.000000000000000000, 0.000000000000000000, -1.000000000000000000 ) ) ;
#219 = CARTESIAN_POINT ( 'NONE',  ( -2.750000000000000000, 0.000000000000000000, 0.2500000000000006106 ) ) ;
#220 = DIRECTION ( 'NONE',  ( 1.000000000000000000, 0.000000000000000000, 0.000000000000000000 ) ) ;
#221 = ORIENTED_EDGE ( 'NONE', *, *, #2120, .T. ) ;
#222 = VERTEX_POINT ( 'NONE', #3323 ) ;
#223 = VECTOR ( 'NONE', #782, 1000.000000000000000 ) ;
#224 = CARTESIAN_POINT ( 'NONE',  ( 4.000000000000000000, 0.000000000000000000, 0.000000000000000000 ) ) ;
#225 = VECTOR ( 'NONE', #996, 1000.000000000000000 ) ;
#226 = CARTESIAN_POINT ( 'NONE',  ( -4.399999999999998579, 0.000000000000000000, -0.9999999999999991118 ) ) ;
#227 = LINE ( 'NONE', #4488, #1333 ) ;
#228 =( NAMED_UNIT ( * ) SI_UNIT ( $, .STERADIAN. ) SOLID_ANGLE_UNIT ( ) );
#229 = ORIENTED_EDGE ( 'NONE', *, *, #116, .F. ) ;
#230 = VECTOR ( 'NONE', #2570, 1000.000000000000000 ) ;
#231 = CARTESIAN_POINT ( 'NONE',  ( 0.2500000000000000000, 2.000000000000000000, -0.2500000000000000000 ) ) ;
#232 = VERTEX_POINT ( 'NONE', #4069 ) ;
#233 =( NAMED_UNIT ( * ) SI_UNIT ( $, .STERADIAN. ) SOLID_ANGLE_UNIT ( ) );
#234 = ORIENTED_EDGE ( 'NONE', *, *, #2034, .T. ) ;
#235 = PLANE ( 'NONE',  #3931 ) ;
#236 = VECTOR ( 'NONE', #3566, 1000.000000000000000 ) ;
#237 = ADVANCED_FACE ( 'NONE', ( #3690 ), #292, .F. ) ;
#238 = CARTESIAN_POINT ( 'NONE',  ( 0.000000000000000000, 0.000000000000000000, 0.6000000000000009770 ) ) ;
#239 = VERTEX_POINT ( 'NONE', #1046 ) ;
#240 = DIRECTION ( 'NONE',  ( 0.000000000000000000, 1.000000000000000000, 0.000000000000000000 ) ) ;
#241 = ORIENTED_EDGE ( 'NONE', *, *, #3311, .T. ) ;
#242 = ADVANCED_FACE ( 'NONE', ( #1439 ), #4372, .F. ) ;
#243 = DIRECTION ( 'NONE',  ( 0.7071067811865479058, -0.000000000000000000, 0.7071067811865472397 ) ) ;
#244 = DIRECTION ( 'NONE',  ( -1.807003620809171920E-16, 0.000000000000000000, -1.000000000000000000 ) ) ;
#245 = PLANE ( 'NONE',  #2009 ) ;
#246 = CARTESIAN_POINT ( 'NONE',  ( -6.000000000000000000, 2.000000000000000000, 0.6000000000000009770 ) ) ;
#247 = ORIENTED_EDGE ( 'NONE', *, *, #3731, .T. ) ;
#248 = ORIENTED_EDGE ( 'NONE', *, *, #205, .T. ) ;
#249 = CARTESIAN_POINT ( 'NONE',  ( -6.000000000000000000, 2.000000000000000000, -0.5999999999999992006 ) ) ;
#250 = ADVANCED_FACE ( 'NONE', ( #2939 ), #986, .F. ) ;
#251 = LINE ( 'NONE', #2212, #3519 ) ;
#252 = DIRECTION ( 'NONE',  ( -0.7071067811865474617, -0.000000000000000000, 0.7071067811865474617 ) ) ;
#253 = DIRECTION ( 'NONE',  ( 0.7071067811865489050, 0.000000000000000000, -0.7071067811865461294 ) ) ;
#254 = ORIENTED_EDGE ( 'NONE', *, *, #3411, .F. ) ;
#255 = ADVANCED_FACE ( 'NONE', ( #4478 ), #2520, .T. ) ;
#256 = PLANE ( 'NONE',  #540 ) ;
#257 = ORIENTED_EDGE ( 'NONE', *, *, #65, .T. ) ;
#258 =( LENGTH_UNIT ( ) NAMED_UNIT ( * ) SI_UNIT ( .MILLI., .METRE. ) );
#259 = EDGE_LOOP ( 'NONE', ( #3194, #2422, #1128, #1340 ) ) ;
#260 = CARTESIAN_POINT ( 'NONE',  ( 6.000000000000000000, 2.000000000000000000, -0.5999999999999987566 ) ) ;
#261 = VERTEX_POINT ( 'NONE', #557 ) ;
#262 = LINE ( 'NONE', #1381, #820 ) ;
#263 = ORIENTED_EDGE ( 'NONE', *, *, #4540, .T. ) ;
#264 = LINE ( 'NONE', #3666, #3211 ) ;
#265 = EDGE_LOOP ( 'NONE', ( #2536, #3709, #2796, #1159 ) ) ;
#266 = DIRECTION ( 'NONE',  ( 0.000000000000000000, -0.000000000000000000, 1.000000000000000000 ) ) ;
#267 = CARTESIAN_POINT ( 'NONE',  ( 2.400000000000000355, 0.000000000000000000, -0.9999999999999988898 ) ) ;
#268 = CARTESIAN_POINT ( 'NONE',  ( 4.000000000000000000, 2.000000000000000000, -0.5999999999999987566 ) ) ;
#269 = CARTESIAN_POINT ( 'NONE',  ( -6.399999999999998579, 2.000000000000000000, -0.9999999999999991118 ) ) ;
#270 = ORIENTED_EDGE ( 'NONE', *, *, #4178, .T. ) ;
#271 = ORIENTED_EDGE ( 'NONE', *, *, #1530, .F. ) ;
#272 = DIRECTION ( 'NONE',  ( -0.7071067811865474617, 0.000000000000000000, 0.7071067811865474617 ) ) ;
#273 = ADVANCED_FACE ( 'NONE', ( #1699 ), #4047, .T. ) ;
#274 = DIRECTION ( 'NONE',  ( -1.000000000000000000, -0.000000000000000000, 1.807003620809171920E-16 ) ) ;
#275 = FACE_OUTER_BOUND ( 'NONE', #784, .T. ) ;
#276 = CARTESIAN_POINT ( 'NONE',  ( -6.000000000000000000, 0.000000000000000000, -0.5999999999999987566 ) ) ;
#277 = VERTEX_POINT ( 'NONE', #4453 ) ;
#278 = VECTOR ( 'NONE', #4136, 1000.000000000000000 ) ;
#279 = EDGE_CURVE ( 'NONE', #352, #917, #3591, .T. ) ;
#280 = EDGE_CURVE ( 'NONE', #4727, #2116, #3616, .T. ) ;
#281 = CARTESIAN_POINT ( 'NONE',  ( 0.7499999999999997780, 0.2999999999999999889, 0.2500000000000006106 ) ) ;
#282 = EDGE_LOOP ( 'NONE', ( #2502, #1893, #2102, #1734 ) ) ;
#283 = FILL_AREA_STYLE_COLOUR ( '', #1504 ) ;
#284 = VERTEX_POINT ( 'NONE', #217 ) ;
#285 = DIRECTION ( 'NONE',  ( -0.7071067811865474617, -0.000000000000000000, 0.7071067811865474617 ) ) ;
#286 = VERTEX_POINT ( 'NONE', #2490 ) ;
#287 = VECTOR ( 'NONE', #2412, 1000.000000000000000 ) ;
#288 = LINE ( 'NONE', #2831, #3836 ) ;
#289 = ORIENTED_EDGE ( 'NONE', *, *, #4887, .T. ) ;
#290 = CARTESIAN_POINT ( 'NONE',  ( -6.399999999999998579, 0.000000000000000000, -0.9999999999999991118 ) ) ;
#291 = VECTOR ( 'NONE', #3079, 1000.000000000000000 ) ;
#292 = PLANE ( 'NONE',  #2350 ) ;
#293 = CARTESIAN_POINT ( 'NONE',  ( -0.2500000000000000000, 5.599999999999999645, -0.2500000000000000000 ) ) ;
#294 = DIRECTION ( 'NONE',  ( 0.000000000000000000, -0.000000000000000000, 1.000000000000000000 ) ) ;
#295 = CARTESIAN_POINT ( 'NONE',  ( 1.250000000000000222, 2.000000000000000000, -0.2499999999999994171 ) ) ;
#296 = EDGE_LOOP ( 'NONE', ( #124, #728, #1935, #3292 ) ) ;
#297 = VERTEX_POINT ( 'NONE', #960 ) ;
#298 = DIRECTION ( 'NONE',  ( -7.228014483236698528E-16, 0.000000000000000000, -1.000000000000000000 ) ) ;
#299 = ORIENTED_EDGE ( 'NONE', *, *, #706, .F. ) ;
#300 = VECTOR ( 'NONE', #1623, 1000.000000000000000 ) ;
#301 = ADVANCED_FACE ( 'NONE', ( #2467 ), #3993, .T. ) ;
#302 = CARTESIAN_POINT ( 'NONE',  ( -1.600000000000000755, 0.000000000000000000, 1.000000000000001332 ) ) ;
#303 = VECTOR ( 'NONE', #3047, 1000.000000000000000 ) ;
#304 = CARTESIAN_POINT ( 'NONE',  ( 7.600000000000001421, 0.000000000000000000, -0.9999999999999991118 ) ) ;
#305 = FILL_AREA_STYLE_COLOUR ( '', #3552 ) ;
#306 = ORIENTED_EDGE ( 'NONE', *, *, #564, .F. ) ;
#307 = VECTOR ( 'NONE', #4080, 1000.000000000000000 ) ;
#308 = EDGE_CURVE ( 'NONE', #2286, #2241, #2098, .T. ) ;
#309 = CARTESIAN_POINT ( 'NONE',  ( -7.599999999999999645, 0.000000000000000000, -0.9999999999999988898 ) ) ;
#310 = VERTEX_POINT ( 'NONE', #3244 ) ;
#311 = VERTEX_POINT ( 'NONE', #1360 ) ;
#312 = CARTESIAN_POINT ( 'NONE',  ( 7.600000000000000533, 0.000000000000000000, 1.000000000000001110 ) ) ;
#313 = VERTEX_POINT ( 'NONE', #4399 ) ;
#314 = CARTESIAN_POINT ( 'NONE',  ( -6.399999999999999467, 0.000000000000000000, 1.000000000000001110 ) ) ;
#315 = VERTEX_POINT ( 'NONE', #604 ) ;
#316 = DIRECTION ( 'NONE',  ( 0.7071067811865472397, 0.000000000000000000, -0.7071067811865479058 ) ) ;
#317 = CARTESIAN_POINT ( 'NONE',  ( -5.600000000000000533, 0.000000000000000000, 1.000000000000001332 ) ) ;
#318 = DIRECTION ( 'NONE',  ( -0.000000000000000000, 1.000000000000000000, 0.000000000000000000 ) ) ;
#319 = DIRECTION ( 'NONE',  ( 0.000000000000000000, 0.000000000000000000, 1.000000000000000000 ) ) ;
#320 = ORIENTED_EDGE ( 'NONE', *, *, #125, .T. ) ;
#321 = DIRECTION ( 'NONE',  ( 0.000000000000000000, 1.000000000000000000, 0.000000000000000000 ) ) ;
#322 = LINE ( 'NONE', #4873, #1155 ) ;
#323 = CARTESIAN_POINT ( 'NONE',  ( -4.000000000000000000, 0.000000000000000000, -0.5999999999999987566 ) ) ;
#324 = PLANE ( 'NONE',  #3043 ) ;
#325 = PRESENTATION_STYLE_ASSIGNMENT (( #693 ) ) ;
#326 = ORIENTED_EDGE ( 'NONE', *, *, #4547, .T. ) ;
#327 = CARTESIAN_POINT ( 'NONE',  ( 2.000000000000000000, 0.000000000000000000, -0.6000000000000004219 ) ) ;
#328 = ORIENTED_EDGE ( 'NONE', *, *, #3221, .F. ) ;
#329 = ORIENTED_EDGE ( 'NONE', *, *, #641, .T. ) ;
#330 = FACE_OUTER_BOUND ( 'NONE', #2049, .T. ) ;
#331 = ORIENTED_EDGE ( 'NONE', *, *, #1971, .F. ) ;
#332 = LINE ( 'NONE', #314, #1343 ) ;
#333 = VERTEX_POINT ( 'NONE', #2127 ) ;
#334 = CARTESIAN_POINT ( 'NONE',  ( 6.399999999999999467, 0.000000000000000000, 1.000000000000001332 ) ) ;
#335 = EDGE_CURVE ( 'NONE', #284, #2464, #3645, .T. ) ;
#336 = LINE ( 'NONE', #1827, #4125 ) ;
#337 = ADVANCED_FACE ( 'NONE', ( #4527 ), #3765, .T. ) ;
#338 = EDGE_CURVE ( 'NONE', #1085, #4718, #3445, .T. ) ;
#339 = LINE ( 'NONE', #880, #4442 ) ;
#340 = PLANE ( 'NONE',  #1947 ) ;
#341 = CARTESIAN_POINT ( 'NONE',  ( 7.600000000000000533, 2.000000000000000000, 1.000000000000001110 ) ) ;
#342 = DIRECTION ( 'NONE',  ( -1.000000000000000000, 0.000000000000000000, 0.000000000000000000 ) ) ;
#343 = VECTOR ( 'NONE', #552, 1000.000000000000000 ) ;
#344 = VERTEX_POINT ( 'NONE', #3347 ) ;
#345 = DIRECTION ( 'NONE',  ( 0.000000000000000000, 1.000000000000000000, 0.000000000000000000 ) ) ;
#346 = ORIENTED_EDGE ( 'NONE', *, *, #1006, .T. ) ;
#347 = VECTOR ( 'NONE', #3970, 1000.000000000000000 ) ;
#348 = EDGE_CURVE ( 'NONE', #2122, #4907, #1141, .T. ) ;
#349 = CARTESIAN_POINT ( 'NONE',  ( 2.000000000000000000, 0.000000000000000000, -0.5999999999999987566 ) ) ;
#350 = ORIENTED_EDGE ( 'NONE', *, *, #3084, .F. ) ;
#351 = DIRECTION ( 'NONE',  ( 0.000000000000000000, 0.000000000000000000, 1.000000000000000000 ) ) ;
#352 = VERTEX_POINT ( 'NONE', #409 ) ;
#353 = DIRECTION ( 'NONE',  ( -1.000000000000000000, 0.000000000000000000, 0.000000000000000000 ) ) ;
#354 = ORIENTED_EDGE ( 'NONE', *, *, #4088, .F. ) ;
#355 = EDGE_CURVE ( 'NONE', #990, #2026, #47, .T. ) ;
#356 = DIRECTION ( 'NONE',  ( 1.000000000000000000, -0.000000000000000000, 0.000000000000000000 ) ) ;
#357 = ORIENTED_EDGE ( 'NONE', *, *, #4890, .T. ) ;
#358 = CARTESIAN_POINT ( 'NONE',  ( 4.000000000000000000, 0.2999999999999999889, -0.6000000000000004219 ) ) ;
#359 = DIRECTION ( 'NONE',  ( -0.000000000000000000, 1.000000000000000000, 0.000000000000000000 ) ) ;
#360 = AXIS2_PLACEMENT_3D ( 'NONE', #4775, #628, #1330 ) ;
#361 = CARTESIAN_POINT ( 'NONE',  ( 2.399999999999999467, 0.000000000000000000, 1.000000000000001332 ) ) ;
#362 = FACE_OUTER_BOUND ( 'NONE', #3742, .T. ) ;
#363 = DIRECTION ( 'NONE',  ( 0.7071067811865472397, 0.000000000000000000, -0.7071067811865479058 ) ) ;
#364 = PLANE ( 'NONE',  #3138 ) ;
#365 = VECTOR ( 'NONE', #2854, 1000.000000000000000 ) ;
#366 = PLANE ( 'NONE',  #490 ) ;
#367 = CARTESIAN_POINT ( 'NONE',  ( 1.734723475976807094E-15, 0.2999999999999999889, 0.5999999999999997558 ) ) ;
#368 = CARTESIAN_POINT ( 'NONE',  ( 6.000000000000000000, 0.000000000000000000, -0.5999999999999987566 ) ) ;
#369 = ORIENTED_EDGE ( 'NONE', *, *, #1637, .F. ) ;
#370 = AXIS2_PLACEMENT_3D ( 'NONE', #1698, #405, #2291 ) ;
#371 = VECTOR ( 'NONE', #1473, 1000.000000000000000 ) ;
#372 = LINE ( 'NONE', #58, #611 ) ;
#373 = ORIENTED_EDGE ( 'NONE', *, *, #2630, .F. ) ;
#374 = APPLICATION_PROTOCOL_DEFINITION ( 'draft international standard', 'automotive_design', 1998, #1039 ) ;
#375 = VERTEX_POINT ( 'NONE', #4205 ) ;
#376 = DIRECTION ( 'NONE',  ( 1.000000000000000000, -0.000000000000000000, -0.000000000000000000 ) ) ;
#377 = EDGE_LOOP ( 'NONE', ( #4391, #567, #2462, #1595 ) ) ;
#378 = VECTOR ( 'NONE', #3494, 1000.000000000000000 ) ;
#379 = VECTOR ( 'NONE', #496, 1000.000000000000000 ) ;
#380 = DIRECTION ( 'NONE',  ( 1.000000000000000000, 0.000000000000000000, 0.000000000000000000 ) ) ;
#381 = CARTESIAN_POINT ( 'NONE',  ( -1.600000000000000755, 0.000000000000000000, 1.000000000000001332 ) ) ;
#382 = ORIENTED_EDGE ( 'NONE', *, *, #2248, .T. ) ;
#383 = SURFACE_STYLE_USAGE ( .BOTH. , #1871 ) ;
#384 = AXIS2_PLACEMENT_3D ( 'NONE', #2192, #3385, #4518 ) ;
#385 = VECTOR ( 'NONE', #1434, 1000.000000000000000 ) ;
#386 = CARTESIAN_POINT ( 'NONE',  ( -0.2500000000000000000, -2.799999999999999822, 0.1771143550033493219 ) ) ;
#387 = DIRECTION ( 'NONE',  ( 0.000000000000000000, 0.2079116908177565115, -0.9781476007338062439 ) ) ;
#388 = DIRECTION ( 'NONE',  ( 0.000000000000000000, 1.000000000000000000, 0.000000000000000000 ) ) ;
#389 = DIRECTION ( 'NONE',  ( 0.000000000000000000, 1.000000000000000000, 0.000000000000000000 ) ) ;
#390 = EDGE_CURVE ( 'NONE', #4466, #3724, #3059, .T. ) ;
#391 = AXIS2_PLACEMENT_3D ( 'NONE', #1521, #4610, #4559 ) ;
#392 = ORIENTED_EDGE ( 'NONE', *, *, #1624, .T. ) ;
#393 = CARTESIAN_POINT ( 'NONE',  ( -0.1771143550033493219, -2.799999999999999822, -0.2500000000000000000 ) ) ;
#394 = DIRECTION ( 'NONE',  ( 1.000000000000000000, -0.000000000000000000, 0.000000000000000000 ) ) ;
#395 = CARTESIAN_POINT ( 'NONE',  ( -2.000000000000000000, 0.000000000000000000, -0.6000000000000004219 ) ) ;
#396 = VERTEX_POINT ( 'NONE', #4152 ) ;
#397 = ADVANCED_FACE ( 'NONE', ( #3720, #2295 ), #2643, .T. ) ;
#398 = VECTOR ( 'NONE', #3400, 1000.000000000000000 ) ;
#399 = CARTESIAN_POINT ( 'NONE',  ( 6.000000000000000000, 0.2999999999999999889, 0.5999999999999997558 ) ) ;
#400 = ORIENTED_EDGE ( 'NONE', *, *, #823, .F. ) ;
#401 = EDGE_CURVE ( 'NONE', #3449, #3130, #336, .T. ) ;
#402 = ORIENTED_EDGE ( 'NONE', *, *, #3459, .F. ) ;
#403 = DIRECTION ( 'NONE',  ( -0.7071067811865462405, -0.000000000000000000, -0.7071067811865489050 ) ) ;
#404 = ORIENTED_EDGE ( 'NONE', *, *, #4539, .F. ) ;
#405 = DIRECTION ( 'NONE',  ( -0.000000000000000000, 1.000000000000000000, 0.000000000000000000 ) ) ;
#406 = CARTESIAN_POINT ( 'NONE',  ( 7.250000000000000000, 0.000000000000000000, -0.2499999999999994171 ) ) ;
#407 = ORIENTED_EDGE ( 'NONE', *, *, #3037, .F. ) ;
#408 = CARTESIAN_POINT ( 'NONE',  ( 8.673617379884035472E-16, 0.000000000000000000, 0.5999999999999997558 ) ) ;
#409 = CARTESIAN_POINT ( 'NONE',  ( -8.000000000000000000, 0.000000000000000000, 0.5999999999999997558 ) ) ;
#410 = CARTESIAN_POINT ( 'NONE',  ( 2.000000000000000000, 0.000000000000000000, 0.6000000000000009770 ) ) ;
#411 = DIRECTION ( 'NONE',  ( 1.000000000000000000, 0.000000000000000000, -1.807003620809171920E-16 ) ) ;
#412 = LINE ( 'NONE', #1489, #850 ) ;
#413 = VECTOR ( 'NONE', #3215, 1000.000000000000000 ) ;
#414 = ORIENTED_EDGE ( 'NONE', *, *, #3642, .T. ) ;
#415 = FACE_OUTER_BOUND ( 'NONE', #1961, .T. ) ;
#416 = LINE ( 'NONE', #2675, #2014 ) ;
#417 = SURFACE_STYLE_USAGE ( .BOTH. , #3823 ) ;
#418 = EDGE_LOOP ( 'NONE', ( #299, #3217, #4404, #1267 ) ) ;
#419 = ADVANCED_FACE ( 'NONE', ( #4597 ), #4889, .T. ) ;
#420 = CARTESIAN_POINT ( 'NONE',  ( -6.000000000000000000, 0.000000000000000000, -0.5999999999999992006 ) ) ;
#421 = ORIENTED_EDGE ( 'NONE', *, *, #4747, .F. ) ;
#422 = CARTESIAN_POINT ( 'NONE',  ( 2.000000000000000888, 2.000000000000000000, 0.6000000000000005329 ) ) ;
#423 = VERTEX_POINT ( 'NONE', #3423 ) ;
#424 = ADVANCED_FACE ( 'NONE', ( #4094 ), #681, .F. ) ;
#425 = LINE ( 'NONE', #1227, #3624 ) ;
#426 = LINE ( 'NONE', #3085, #4132 ) ;
#427 = EDGE_LOOP ( 'NONE', ( #950, #2857, #3730, #493, #3102 ) ) ;
#428 = FILL_AREA_STYLE ('',( #3444 ) ) ;
#429 = EDGE_CURVE ( 'NONE', #4193, #508, #4502, .T. ) ;
#430 = CARTESIAN_POINT ( 'NONE',  ( -6.000000000000000000, 0.2999999999999999889, 0.5999999999999997558 ) ) ;
#431 = DIRECTION ( 'NONE',  ( -1.000000000000000000, 0.000000000000000000, -0.000000000000000000 ) ) ;
#432 = LINE ( 'NONE', #2992, #398 ) ;
#433 = CARTESIAN_POINT ( 'NONE',  ( 8.000000000000000000, 0.000000000000000000, -0.5999999999999992006 ) ) ;
#434 = ORIENTED_EDGE ( 'NONE', *, *, #4623, .F. ) ;
#435 = CARTESIAN_POINT ( 'NONE',  ( -2.000000000000000000, 0.2999999999999999889, 0.5999999999999997558 ) ) ;
#436 = LINE ( 'NONE', #2719, #3523 ) ;
#437 = DIRECTION ( 'NONE',  ( 0.000000000000000000, 0.000000000000000000, 1.000000000000000000 ) ) ;
#438 = ORIENTED_EDGE ( 'NONE', *, *, #2347, .F. ) ;
#439 = VECTOR ( 'NONE', #2962, 1000.000000000000000 ) ;
#440 = EDGE_CURVE ( 'NONE', #4076, #4085, #2593, .T. ) ;
#441 = AXIS2_PLACEMENT_3D ( 'NONE', #4631, #3939, #2002 ) ;
#442 = COLOUR_RGB ( '',0.2509803921568627416, 0.2509803921568627416, 0.2509803921568627416 ) ;
#443 = PLANE ( 'NONE',  #4028 ) ;
#444 = VERTEX_POINT ( 'NONE', #711 ) ;
#445 = DIRECTION ( 'NONE',  ( 0.000000000000000000, 1.000000000000000000, 0.000000000000000000 ) ) ;
#446 = ORIENTED_EDGE ( 'NONE', *, *, #4077, .F. ) ;
#447 = VECTOR ( 'NONE', #1157, 1000.000000000000000 ) ;
#448 = EDGE_CURVE ( 'NONE', #2957, #3950, #2247, .T. ) ;
#449 = FACE_OUTER_BOUND ( 'NONE', #2293, .T. ) ;
#450 = VECTOR ( 'NONE', #3921, 1000.000000000000000 ) ;
#451 = LINE ( 'NONE', #2990, #379 ) ;
#452 = ORIENTED_EDGE ( 'NONE', *, *, #1816, .F. ) ;
#453 = SURFACE_SIDE_STYLE ('',( #1943 ) ) ;
#454 = ADVANCED_FACE ( 'NONE', ( #2226, #1874 ), #3371, .F. ) ;
#455 = VECTOR ( 'NONE', #1809, 1000.000000000000000 ) ;
#456 = PLANE ( 'NONE',  #2949 ) ;
#457 = LINE ( 'NONE', #3559, #1400 ) ;
#458 = DIRECTION ( 'NONE',  ( -0.000000000000000000, -0.000000000000000000, 1.000000000000000000 ) ) ;
#459 = AXIS2_PLACEMENT_3D ( 'NONE', #749, #1864, #3314 ) ;
#460 = CARTESIAN_POINT ( 'NONE',  ( -0.2500000000000000000, -2.457099999999995177, 0.2500000000000000000 ) ) ;
#461 = CARTESIAN_POINT ( 'NONE',  ( 4.000000000000000000, 0.000000000000000000, -0.6000000000000004219 ) ) ;
#462 = CARTESIAN_POINT ( 'NONE',  ( -5.250000000000000000, 0.000000000000000000, 0.2500000000000006106 ) ) ;
#463 = CARTESIAN_POINT ( 'NONE',  ( 4.000000000000000000, 2.000000000000000000, -0.5999999999999992006 ) ) ;
#464 = CARTESIAN_POINT ( 'NONE',  ( 0.2500000000000000000, 2.000000000000000000, 0.2500000000000000000 ) ) ;
#465 = ORIENTED_EDGE ( 'NONE', *, *, #4151, .T. ) ;
#466 = DIRECTION ( 'NONE',  ( 1.000000000000000000, 0.000000000000000000, -7.228014483236698528E-16 ) ) ;
#467 = ORIENTED_EDGE ( 'NONE', *, *, #4925, .T. ) ;
#468 = ITEM_DEFINED_TRANSFORMATION ( 'NONE', 'NONE', #2522,  #3547 ) ;
#469 = CARTESIAN_POINT ( 'NONE',  ( -3.250000000000000444, 0.2999999999999999889, 0.2500000000000006106 ) ) ;
#470 = ORIENTED_EDGE ( 'NONE', *, *, #1685, .T. ) ;
#471 = VECTOR ( 'NONE', #1629, 1000.000000000000000 ) ;
#472 = EDGE_CURVE ( 'NONE', #3546, #2768, #1512, .T. ) ;
#473 = CARTESIAN_POINT ( 'NONE',  ( 0.1771143550033493219, -2.799999999999999822, 0.2500000000000000000 ) ) ;
#474 = VECTOR ( 'NONE', #487, 1000.000000000000000 ) ;
#475 = LINE ( 'NONE', #1875, #2996 ) ;
#476 = EDGE_LOOP ( 'NONE', ( #1838, #3499, #254, #2115, #289 ) ) ;
#477 = EDGE_CURVE ( 'NONE', #3973, #3195, #759, .T. ) ;
#478 = FACE_OUTER_BOUND ( 'NONE', #1784, .T. ) ;
#479 = EDGE_CURVE ( 'NONE', #2035, #1744, #4317, .T. ) ;
#480 = DIRECTION ( 'NONE',  ( 0.000000000000000000, 0.000000000000000000, 1.000000000000000000 ) ) ;
#481 = CARTESIAN_POINT ( 'NONE',  ( -0.2500000000000000000, 2.000000000000000000, 0.2500000000000000000 ) ) ;
#482 = EDGE_CURVE ( 'NONE', #4564, #979, #3837, .T. ) ;
#483 = EDGE_CURVE ( 'NONE', #3517, #3329, #1669, .T. ) ;
#484 = DIRECTION ( 'NONE',  ( -1.000000000000000000, 0.000000000000000000, 1.807003620809171920E-16 ) ) ;
#485 = LINE ( 'NONE', #3535, #378 ) ;
#486 = LINE ( 'NONE', #3495, #2066 ) ;
#487 = DIRECTION ( 'NONE',  ( -1.000000000000000000, -0.000000000000000000, 1.807003620809171920E-16 ) ) ;
#488 = ORIENTED_EDGE ( 'NONE', *, *, #2518, .T. ) ;
#489 = VERTEX_POINT ( 'NONE', #3107 ) ;
#490 = AXIS2_PLACEMENT_3D ( 'NONE', #3020, #4557, #2278 ) ;
#491 = CARTESIAN_POINT ( 'NONE',  ( -3.250000000000000444, 2.000000000000000000, 0.2500000000000006106 ) ) ;
#492 = ORIENTED_EDGE ( 'NONE', *, *, #4110, .F. ) ;
#493 = ORIENTED_EDGE ( 'NONE', *, *, #1660, .T. ) ;
#494 = UNCERTAINTY_MEASURE_WITH_UNIT (LENGTH_MEASURE( 1.000000000000000082E-05 ), #1277, 'distance_accuracy_value', 'NONE');
#495 = CARTESIAN_POINT ( 'NONE',  ( -2.000000000000000000, 0.000000000000000000, -0.5999999999999987566 ) ) ;
#496 = DIRECTION ( 'NONE',  ( -0.7071067811865462405, -0.000000000000000000, -0.7071067811865489050 ) ) ;
#497 = ORIENTED_EDGE ( 'NONE', *, *, #2310, .T. ) ;
#498 = PRESENTATION_STYLE_ASSIGNMENT (( #45 ) ) ;
#499 = VECTOR ( 'NONE', #1442, 1000.000000000000000 ) ;
#500 = EDGE_CURVE ( 'NONE', #2768, #2209, #2782, .T. ) ;
#501 = CARTESIAN_POINT ( 'NONE',  ( -0.3999999999999993006, 2.000000000000000000, 1.000000000000001110 ) ) ;
#502 = LINE ( 'NONE', #884, #1165 ) ;
#503 = CARTESIAN_POINT ( 'NONE',  ( 4.000000000000000000, 0.2999999999999999889, -0.6000000000000004219 ) ) ;
#504 = DIRECTION ( 'NONE',  ( 0.000000000000000000, 1.000000000000000000, 0.000000000000000000 ) ) ;
#505 = DIRECTION ( 'NONE',  ( 0.000000000000000000, 1.000000000000000000, 0.000000000000000000 ) ) ;
#506 = CARTESIAN_POINT ( 'NONE',  ( -2.000000000000000000, 0.000000000000000000, 0.6000000000000009770 ) ) ;
#507 = FACE_OUTER_BOUND ( 'NONE', #2575, .T. ) ;
#508 = VERTEX_POINT ( 'NONE', #4624 ) ;
#509 = VERTEX_POINT ( 'NONE', #2045 ) ;
#510 = APPLICATION_CONTEXT ( 'automotive_design' ) ;
#511 = PLANE ( 'NONE',  #68 ) ;
#512 = DIRECTION ( 'NONE',  ( 0.000000000000000000, 1.000000000000000000, 0.000000000000000000 ) ) ;
#513 = EDGE_LOOP ( 'NONE', ( #1765, #1562, #4166, #2534 ) ) ;
#514 = AXIS2_PLACEMENT_3D ( 'NONE', #2912, #4396, #1772 ) ;
#515 = ORIENTED_EDGE ( 'NONE', *, *, #3607, .F. ) ;
#516 = AXIS2_PLACEMENT_3D ( 'NONE', #2220, #3736, #1843 ) ;
#517 = FACE_OUTER_BOUND ( 'NONE', #913, .T. ) ;
#518 = DIRECTION ( 'NONE',  ( 1.000000000000000000, 0.000000000000000000, 0.000000000000000000 ) ) ;
#519 = ORIENTED_EDGE ( 'NONE', *, *, #4413, .T. ) ;
#520 = DIRECTION ( 'NONE',  ( 0.000000000000000000, 1.000000000000000000, 0.000000000000000000 ) ) ;
#521 = EDGE_LOOP ( 'NONE', ( #2865, #1062, #3784, #3484 ) ) ;
#522 = VECTOR ( 'NONE', #2157, 1000.000000000000000 ) ;
#523 = AXIS2_PLACEMENT_3D ( 'NONE', #3196, #4362, #951 ) ;
#524 = FACE_OUTER_BOUND ( 'NONE', #3455, .T. ) ;
#525 = FACE_OUTER_BOUND ( 'NONE', #856, .T. ) ;
#526 = AXIS2_PLACEMENT_3D ( 'NONE', #2738, #908, #4275 ) ;
#527 = VERTEX_POINT ( 'NONE', #2336 ) ;
#528 = CARTESIAN_POINT ( 'NONE',  ( -5.250000000000000000, 0.000000000000000000, 0.2500000000000006106 ) ) ;
#529 = COLOUR_RGB ( '',0.2509803921568627416, 0.2509803921568627416, 0.2509803921568627416 ) ;
#530 = AXIS2_PLACEMENT_3D ( 'NONE', #1066, #243, #2569 ) ;
#531 = CARTESIAN_POINT ( 'NONE',  ( -1.599999999999999867, 0.000000000000000000, -0.9999999999999988898 ) ) ;
#532 = STYLED_ITEM ( 'NONE', ( #4543 ), #2497 ) ;
#533 = VECTOR ( 'NONE', #83, 1000.000000000000000 ) ;
#534 = LINE ( 'NONE', #1236, #2993 ) ;
#535 = CARTESIAN_POINT ( 'NONE',  ( 4.000000000000000000, 2.000000000000000000, 0.6000000000000009770 ) ) ;
#536 = CARTESIAN_POINT ( 'NONE',  ( -7.250000000000000000, 2.000000000000000000, 0.2500000000000006106 ) ) ;
#537 = ORIENTED_EDGE ( 'NONE', *, *, #2158, .T. ) ;
#538 = ORIENTED_EDGE ( 'NONE', *, *, #3346, .T. ) ;
#539 = VECTOR ( 'NONE', #732, 1000.000000000000000 ) ;
#540 = AXIS2_PLACEMENT_3D ( 'NONE', #1764, #1104, #3285 ) ;
#541 = MECHANICAL_DESIGN_GEOMETRIC_PRESENTATION_REPRESENTATION (  '', ( #1031 ), #1261 ) ;
#542 = DIRECTION ( 'NONE',  ( 0.000000000000000000, 0.000000000000000000, 1.000000000000000000 ) ) ;
#543 = DIRECTION ( 'NONE',  ( 0.000000000000000000, 1.000000000000000000, 0.000000000000000000 ) ) ;
#544 = EDGE_LOOP ( 'NONE', ( #3068, #34, #4247, #382, #802 ) ) ;
#545 = ADVANCED_FACE ( 'NONE', ( #3178 ), #2382, .T. ) ;
#546 = ORIENTED_EDGE ( 'NONE', *, *, #1491, .F. ) ;
#547 = VECTOR ( 'NONE', #3378, 1000.000000000000000 ) ;
#548 = EDGE_CURVE ( 'NONE', #2842, #1614, #3557, .T. ) ;
#549 = FACE_OUTER_BOUND ( 'NONE', #978, .T. ) ;
#550 = ORIENTED_EDGE ( 'NONE', *, *, #15, .F. ) ;
#551 = DIRECTION ( 'NONE',  ( 0.000000000000000000, 0.000000000000000000, 1.000000000000000000 ) ) ;
#552 = DIRECTION ( 'NONE',  ( -0.000000000000000000, -0.000000000000000000, 1.000000000000000000 ) ) ;
#553 = VERTEX_POINT ( 'NONE', #1230 ) ;
#554 = LINE ( 'NONE', #3208, #3853 ) ;
#555 = ORIENTED_EDGE ( 'NONE', *, *, #4747, .T. ) ;
#556 = CARTESIAN_POINT ( 'NONE',  ( 5.600000000000000533, 0.000000000000000000, 1.000000000000001110 ) ) ;
#557 = CARTESIAN_POINT ( 'NONE',  ( 6.000000000000000000, 0.2999999999999999889, 0.5999999999999997558 ) ) ;
#558 = PLANE ( 'NONE',  #3791 ) ;
#559 = PLANE ( 'NONE',  #2656 ) ;
#560 = DIRECTION ( 'NONE',  ( 0.7071067811865472397, 0.000000000000000000, -0.7071067811865479058 ) ) ;
#561 = ORIENTED_EDGE ( 'NONE', *, *, #4514, .F. ) ;
#562 = ORIENTED_EDGE ( 'NONE', *, *, #4387, .T. ) ;
#563 = CARTESIAN_POINT ( 'NONE',  ( -6.000000000000000000, 0.000000000000000000, -0.5999999999999992006 ) ) ;
#564 = EDGE_CURVE ( 'NONE', #3179, #2290, #1946, .T. ) ;
#565 = CARTESIAN_POINT ( 'NONE',  ( -5.250000000000000000, 0.2999999999999999889, 0.2500000000000006106 ) ) ;
#566 = CARTESIAN_POINT ( 'NONE',  ( 0.000000000000000000, 0.000000000000000000, -0.5999999999999987566 ) ) ;
#567 = ORIENTED_EDGE ( 'NONE', *, *, #3704, .F. ) ;
#568 = ORIENTED_EDGE ( 'NONE', *, *, #1313, .F. ) ;
#569 = DIRECTION ( 'NONE',  ( 0.000000000000000000, 1.000000000000000000, 0.000000000000000000 ) ) ;
#570 = VERTEX_POINT ( 'NONE', #3528 ) ;
#571 = ORIENTED_EDGE ( 'NONE', *, *, #3903, .F. ) ;
#572 = DIRECTION ( 'NONE',  ( 0.000000000000000000, 0.000000000000000000, 1.000000000000000000 ) ) ;
#573 = ADVANCED_FACE ( 'NONE', ( #1621 ), #456, .F. ) ;
#574 = DIRECTION ( 'NONE',  ( 0.7071067811865465735, 0.000000000000000000, 0.7071067811865484609 ) ) ;
#575 = VERTEX_POINT ( 'NONE', #1972 ) ;
#576 = LINE ( 'NONE', #3611, #3614 ) ;
#577 = VERTEX_POINT ( 'NONE', #4717 ) ;
#578 = DIRECTION ( 'NONE',  ( -0.7071067811865474617, 0.000000000000000000, 0.7071067811865474617 ) ) ;
#579 = CARTESIAN_POINT ( 'NONE',  ( -6.000000000000000000, 0.000000000000000000, -0.5999999999999987566 ) ) ;
#580 = FACE_OUTER_BOUND ( 'NONE', #3674, .T. ) ;
#581 = CARTESIAN_POINT ( 'NONE',  ( 6.750000000000000000, 2.000000000000000000, 0.2500000000000006106 ) ) ;
#582 = ORIENTED_EDGE ( 'NONE', *, *, #79, .T. ) ;
#583 = VERTEX_POINT ( 'NONE', #3487 ) ;
#584 = CARTESIAN_POINT ( 'NONE',  ( -6.000000000000000000, 0.000000000000000000, -0.5999999999999987566 ) ) ;
#585 = DIRECTION ( 'NONE',  ( 1.000000000000000000, 0.000000000000000000, -1.807003620809171920E-16 ) ) ;
#586 = CARTESIAN_POINT ( 'NONE',  ( -0.1697754265983051902, 5.634526943545678179, 0.1697754265983051902 ) ) ;
#587 = CARTESIAN_POINT ( 'NONE',  ( 2.000000000000000000, 0.000000000000000000, -0.5999999999999987566 ) ) ;
#588 = ORIENTED_EDGE ( 'NONE', *, *, #1223, .T. ) ;
#589 = ADVANCED_FACE ( 'NONE', ( #3159 ), #903, .F. ) ;
#590 = AXIS2_PLACEMENT_3D ( 'NONE', #4551, #1114, #4526 ) ;
#591 = CARTESIAN_POINT ( 'NONE',  ( -0.3999999999999984679, 0.000000000000000000, -0.9999999999999991118 ) ) ;
#592 = ORIENTED_EDGE ( 'NONE', *, *, #4861, .T. ) ;
#593 = ORIENTED_EDGE ( 'NONE', *, *, #207, .F. ) ;
#594 = DIRECTION ( 'NONE',  ( 0.7071067811865465735, 0.000000000000000000, 0.7071067811865484609 ) ) ;
#595 = VECTOR ( 'NONE', #2585, 1000.000000000000000 ) ;
#596 = VECTOR ( 'NONE', #2343, 1000.000000000000000 ) ;
#597 = FACE_OUTER_BOUND ( 'NONE', #4859, .T. ) ;
#598 = AXIS2_PLACEMENT_3D ( 'NONE', #4627, #931, #4300 ) ;
#599 = ORIENTED_EDGE ( 'NONE', *, *, #2196, .F. ) ;
#600 = LINE ( 'NONE', #2542, #761 ) ;
#601 = ORIENTED_EDGE ( 'NONE', *, *, #3506, .F. ) ;
#602 = ADVANCED_FACE ( 'NONE', ( #524 ), #1257, .F. ) ;
#603 = VECTOR ( 'NONE', #36, 1000.000000000000000 ) ;
#604 = CARTESIAN_POINT ( 'NONE',  ( 2.000000000000000000, 0.2999999999999999889, 0.5999999999999997558 ) ) ;
#605 = ADVANCED_FACE ( 'NONE', ( #811 ), #1211, .F. ) ;
#606 = LINE ( 'NONE', #659, #2430 ) ;
#607 = LINE ( 'NONE', #268, #1061 ) ;
#608 = FACE_OUTER_BOUND ( 'NONE', #2335, .T. ) ;
#609 = ORIENTED_EDGE ( 'NONE', *, *, #2460, .T. ) ;
#610 = ORIENTED_EDGE ( 'NONE', *, *, #13, .F. ) ;
#611 = VECTOR ( 'NONE', #801, 1000.000000000000000 ) ;
#612 = CARTESIAN_POINT ( 'NONE',  ( 0.000000000000000000, 5.599999999999999645, 0.000000000000000000 ) ) ;
#613 =( GEOMETRIC_REPRESENTATION_CONTEXT ( 3 ) GLOBAL_UNCERTAINTY_ASSIGNED_CONTEXT ( ( #2028 ) ) GLOBAL_UNIT_ASSIGNED_CONTEXT ( ( #2321, #1911, #1563 ) ) REPRESENTATION_CONTEXT ( 'NONE', 'WORKASPACE' ) );
#614 = PLANE ( 'NONE',  #1392 ) ;
#615 = DIRECTION ( 'NONE',  ( -0.7071067811865475727, 0.000000000000000000, -0.7071067811865475727 ) ) ;
#616 = FACE_OUTER_BOUND ( 'NONE', #521, .T. ) ;
#617 = VECTOR ( 'NONE', #3745, 1000.000000000000000 ) ;
#618 = VERTEX_POINT ( 'NONE', #832 ) ;
#619 = VECTOR ( 'NONE', #3664, 1000.000000000000000 ) ;
#620 = STYLED_ITEM ( 'NONE', ( #3700 ), #1129 ) ;
#621 = CARTESIAN_POINT ( 'NONE',  ( -4.000000000000000000, 0.2999999999999999889, -0.6000000000000004219 ) ) ;
#622 = ORIENTED_EDGE ( 'NONE', *, *, #2162, .F. ) ;
#623 =( NAMED_UNIT ( * ) PLANE_ANGLE_UNIT ( ) SI_UNIT ( $, .RADIAN. ) );
#624 = EDGE_LOOP ( 'NONE', ( #2483, #3539, #2658, #407 ) ) ;
#625 = DIRECTION ( 'NONE',  ( 0.9781476007338062439, 0.2079116908177565115, -0.000000000000000000 ) ) ;
#626 = LINE ( 'NONE', #209, #2606 ) ;
#627 = ORIENTED_EDGE ( 'NONE', *, *, #2759, .F. ) ;
#628 = DIRECTION ( 'NONE',  ( 1.000000000000000000, 0.000000000000000000, 0.000000000000000000 ) ) ;
#629 = ORIENTED_EDGE ( 'NONE', *, *, #1398, .F. ) ;
#630 = EDGE_CURVE ( 'NONE', #4708, #4814, #1602, .T. ) ;
#631 = AXIS2_PLACEMENT_3D ( 'NONE', #4458, #4834, #1443 ) ;
#632 = EDGE_CURVE ( 'NONE', #3338, #4726, #4270, .T. ) ;
#633 = CARTESIAN_POINT ( 'NONE',  ( 7.600000000000001421, 0.000000000000000000, -0.9999999999999991118 ) ) ;
#634 = DIRECTION ( 'NONE',  ( -1.000000000000000000, 0.000000000000000000, 1.807003620809171920E-16 ) ) ;
#635 = LINE ( 'NONE', #2469, #4068 ) ;
#636 = CARTESIAN_POINT ( 'NONE',  ( -1.250000000000000222, 0.2999999999999999889, -0.2499999999999994171 ) ) ;
#637 = ORIENTED_EDGE ( 'NONE', *, *, #4890, .F. ) ;
#638 = EDGE_LOOP ( 'NONE', ( #1942, #2070, #306, #4638 ) ) ;
#639 = CARTESIAN_POINT ( 'NONE',  ( 2.750000000000000000, 2.000000000000000000, 0.2500000000000006106 ) ) ;
#640 = ADVANCED_FACE ( 'NONE', ( #478 ), #3509, .T. ) ;
#641 = EDGE_CURVE ( 'NONE', #1292, #3051, #4339, .T. ) ;
#642 = FACE_OUTER_BOUND ( 'NONE', #1453, .T. ) ;
#643 = DIRECTION ( 'NONE',  ( -0.7071067811865474617, 0.000000000000000000, 0.7071067811865474617 ) ) ;
#644 = PLANE ( 'NONE',  #4211 ) ;
#645 = EDGE_LOOP ( 'NONE', ( #1721, #3431, #44, #3168 ) ) ;
#646 = PLANE ( 'NONE',  #4200 ) ;
#647 = ORIENTED_EDGE ( 'NONE', *, *, #725, .F. ) ;
#648 = DIRECTION ( 'NONE',  ( 1.000000000000000000, 0.000000000000000000, 0.000000000000000000 ) ) ;
#649 = VERTEX_POINT ( 'NONE', #3637 ) ;
#650 = CARTESIAN_POINT ( 'NONE',  ( 0.7499999999999997780, 0.000000000000000000, 0.2500000000000006106 ) ) ;
#651 = EDGE_LOOP ( 'NONE', ( #2801, #2558, #38, #2945 ) ) ;
#652 = SHAPE_REPRESENTATION ( 'NRPN021PAEN-RC_N08', ( #3547 ), #2283 ) ;
#653 = CARTESIAN_POINT ( 'NONE',  ( 7.250000000000000000, 2.000000000000000000, 0.2500000000000006106 ) ) ;
#654 = ORIENTED_EDGE ( 'NONE', *, *, #4844, .T. ) ;
#655 = DIRECTION ( 'NONE',  ( -7.228014483236698528E-16, -0.000000000000000000, -1.000000000000000000 ) ) ;
#656 = AXIS2_PLACEMENT_3D ( 'NONE', #2692, #3088, #2404 ) ;
#657 = EDGE_CURVE ( 'NONE', #1616, #4221, #3238, .T. ) ;
#658 = DIRECTION ( 'NONE',  ( -0.000000000000000000, 1.000000000000000000, 0.000000000000000000 ) ) ;
#659 = CARTESIAN_POINT ( 'NONE',  ( -4.399999999999999467, 0.000000000000000000, 1.000000000000001110 ) ) ;
#660 = CARTESIAN_POINT ( 'NONE',  ( -6.000000000000000000, 0.2999999999999999889, -0.6000000000000004219 ) ) ;
#661 = LINE ( 'NONE', #2889, #2770 ) ;
#662 = ORIENTED_EDGE ( 'NONE', *, *, #308, .F. ) ;
#663 = VERTEX_POINT ( 'NONE', #1299 ) ;
#664 = DIRECTION ( 'NONE',  ( -0.000000000000000000, 1.000000000000000000, 0.000000000000000000 ) ) ;
#665 = EDGE_LOOP ( 'NONE', ( #161, #3735, #1444, #1551 ) ) ;
#666 = EDGE_CURVE ( 'NONE', #1744, #4517, #3687, .T. ) ;
#667 = CARTESIAN_POINT ( 'NONE',  ( 6.000000000000000000, 0.000000000000000000, 0.5999999999999997558 ) ) ;
#668 = DIRECTION ( 'NONE',  ( 1.000000000000000000, -0.000000000000000000, -0.000000000000000000 ) ) ;
#669 = DIRECTION ( 'NONE',  ( 0.000000000000000000, 1.000000000000000000, 0.000000000000000000 ) ) ;
#670 = VERTEX_POINT ( 'NONE', #4740 ) ;
#671 = FACE_OUTER_BOUND ( 'NONE', #37, .T. ) ;
#672 = ORIENTED_EDGE ( 'NONE', *, *, #1605, .T. ) ;
#673 = EDGE_LOOP ( 'NONE', ( #546, #2069, #775, #1555, #555 ) ) ;
#674 = CARTESIAN_POINT ( 'NONE',  ( 3.250000000000000444, 0.000000000000000000, 0.2500000000000006106 ) ) ;
#675 = VERTEX_POINT ( 'NONE', #1747 ) ;
#676 = CARTESIAN_POINT ( 'NONE',  ( -7.600000000000000533, 0.000000000000000000, 1.000000000000001332 ) ) ;
#677 = EDGE_LOOP ( 'NONE', ( #4411, #1241, #2877, #4495 ) ) ;
#678 = DIRECTION ( 'NONE',  ( 0.000000000000000000, 0.000000000000000000, -1.000000000000000000 ) ) ;
#679 = AXIS2_PLACEMENT_3D ( 'NONE', #3266, #1043, #4067 ) ;
#680 = AXIS2_PLACEMENT_3D ( 'NONE', #922, #625, #572 ) ;
#681 = PLANE ( 'NONE',  #861 ) ;
#682 = CARTESIAN_POINT ( 'NONE',  ( 8.000000000000000000, 2.000000000000000000, 0.6000000000000005329 ) ) ;
#683 = CARTESIAN_POINT ( 'NONE',  ( -0.2500000000000000000, 5.257099999999994999, -0.2500000000000000000 ) ) ;
#684 = LINE ( 'NONE', #3352, #3011 ) ;
#685 = ORIENTED_EDGE ( 'NONE', *, *, #4112, .T. ) ;
#686 = FACE_OUTER_BOUND ( 'NONE', #1910, .T. ) ;
#687 = ORIENTED_EDGE ( 'NONE', *, *, #1393, .T. ) ;
#688 = VECTOR ( 'NONE', #4895, 1000.000000000000000 ) ;
#689 = EDGE_CURVE ( 'NONE', #3517, #3051, #288, .T. ) ;
#690 = CARTESIAN_POINT ( 'NONE',  ( 6.000000000000000000, 2.000000000000000000, -0.5999999999999987566 ) ) ;
#691 = VECTOR ( 'NONE', #3478, 1000.000000000000000 ) ;
#692 = DIRECTION ( 'NONE',  ( 0.000000000000000000, 1.000000000000000000, 0.000000000000000000 ) ) ;
#693 = SURFACE_STYLE_USAGE ( .BOTH. , #4789 ) ;
#694 = ORIENTED_EDGE ( 'NONE', *, *, #4413, .F. ) ;
#695 = STYLED_ITEM ( 'NONE', ( #1146 ), #4454 ) ;
#696 = ADVANCED_FACE ( 'NONE', ( #1794, #597 ), #2540, .T. ) ;
#697 = LINE ( 'NONE', #349, #3788 ) ;
#698 = ORIENTED_EDGE ( 'NONE', *, *, #1973, .T. ) ;
#699 =( GEOMETRIC_REPRESENTATION_CONTEXT ( 3 ) GLOBAL_UNCERTAINTY_ASSIGNED_CONTEXT ( ( #3263 ) ) GLOBAL_UNIT_ASSIGNED_CONTEXT ( ( #3984, #3233, #4007 ) ) REPRESENTATION_CONTEXT ( 'NONE', 'WORKASPACE' ) );
#700 = CARTESIAN_POINT ( 'NONE',  ( -3.000000000000000888, 0.000000000000000000, 6.505213034913026604E-16 ) ) ;
#701 = VERTEX_POINT ( 'NONE', #3264 ) ;
#702 = CARTESIAN_POINT ( 'NONE',  ( 8.000000000000000000, 0.000000000000000000, -0.5999999999999992006 ) ) ;
#703 = COLOUR_RGB ( '',1.000000000000000000, 0.8117647058823529438, 0.5019607843137254832 ) ;
#704 = VERTEX_POINT ( 'NONE', #4065 ) ;
#705 = EDGE_CURVE ( 'NONE', #3201, #583, #2071, .T. ) ;
#706 = EDGE_CURVE ( 'NONE', #84, #2943, #4367, .T. ) ;
#707 = DIRECTION ( 'NONE',  ( -0.7071067811865462405, -0.000000000000000000, -0.7071067811865489050 ) ) ;
#708 = VERTEX_POINT ( 'NONE', #2856 ) ;
#709 = DIRECTION ( 'NONE',  ( 1.000000000000000000, 0.000000000000000000, -0.000000000000000000 ) ) ;
#710 = AXIS2_PLACEMENT_3D ( 'NONE', #4898, #1931, #2280 ) ;
#711 = CARTESIAN_POINT ( 'NONE',  ( 4.750000000000000000, 2.000000000000000000, -0.2499999999999994171 ) ) ;
#712 = FACE_OUTER_BOUND ( 'NONE', #1154, .T. ) ;
#713 = FACE_OUTER_BOUND ( 'NONE', #3697, .T. ) ;
#714 = CARTESIAN_POINT ( 'NONE',  ( 6.000000000000000000, 0.000000000000000000, -0.5999999999999987566 ) ) ;
#715 = CARTESIAN_POINT ( 'NONE',  ( -0.2500000000000000000, -2.457099999999995177, 0.2500000000000000000 ) ) ;
#716 = EDGE_CURVE ( 'NONE', #2560, #4679, #2461, .T. ) ;
#717 = ORIENTED_EDGE ( 'NONE', *, *, #4031, .T. ) ;
#718 = VECTOR ( 'NONE', #3940, 1000.000000000000000 ) ;
#719 = LINE ( 'NONE', #3625, #4596 ) ;
#720 = FACE_OUTER_BOUND ( 'NONE', #3683, .T. ) ;
#721 =( NAMED_UNIT ( * ) SI_UNIT ( $, .STERADIAN. ) SOLID_ANGLE_UNIT ( ) );
#722 = VERTEX_POINT ( 'NONE', #1770 ) ;
#723 = EDGE_CURVE ( 'NONE', #1136, #2156, #4797, .T. ) ;
#724 = EDGE_CURVE ( 'NONE', #3560, #3956, #262, .T. ) ;
#725 = EDGE_CURVE ( 'NONE', #3916, #3086, #4394, .T. ) ;
#726 = CARTESIAN_POINT ( 'NONE',  ( 4.000000000000000000, 0.000000000000000000, 0.5999999999999997558 ) ) ;
#727 = ORIENTED_EDGE ( 'NONE', *, *, #1888, .F. ) ;
#728 = ORIENTED_EDGE ( 'NONE', *, *, #1889, .T. ) ;
#729 = CARTESIAN_POINT ( 'NONE',  ( 2.000000000000000000, 0.000000000000000000, 0.6000000000000009770 ) ) ;
#730 = ORIENTED_EDGE ( 'NONE', *, *, #2211, .T. ) ;
#731 = EDGE_CURVE ( 'NONE', #3130, #4880, #2910, .T. ) ;
#732 = DIRECTION ( 'NONE',  ( 0.000000000000000000, 1.000000000000000000, 0.000000000000000000 ) ) ;
#733 = ORIENTED_EDGE ( 'NONE', *, *, #2096, .T. ) ;
#734 = SURFACE_STYLE_FILL_AREA ( #2567 ) ;
#735 = ADVANCED_FACE ( 'NONE', ( #4449 ), #184, .T. ) ;
#736 = DIRECTION ( 'NONE',  ( 0.000000000000000000, -0.2079116908177567058, -0.9781476007338062439 ) ) ;
#737 = LINE ( 'NONE', #1228, #1729 ) ;
#738 = CARTESIAN_POINT ( 'NONE',  ( 2.750000000000000000, 0.2999999999999999889, 0.2500000000000006106 ) ) ;
#739 = LINE ( 'NONE', #2252, #2932 ) ;
#740 = LINE ( 'NONE', #2253, #1873 ) ;
#741 = CARTESIAN_POINT ( 'NONE',  ( -2.000000000000000000, 2.000000000000000000, -0.5999999999999987566 ) ) ;
#742 = SURFACE_SIDE_STYLE ('',( #1172 ) ) ;
#743 = DIRECTION ( 'NONE',  ( -1.000000000000000000, 0.000000000000000000, 0.000000000000000000 ) ) ;
#744 = FACE_OUTER_BOUND ( 'NONE', #2134, .T. ) ;
#745 = ORIENTED_EDGE ( 'NONE', *, *, #3911, .T. ) ;
#746 = VECTOR ( 'NONE', #2524, 1000.000000000000000 ) ;
#747 = CARTESIAN_POINT ( 'NONE',  ( -7.250000000000000000, 0.000000000000000000, -0.2499999999999994171 ) ) ;
#748 = ORIENTED_EDGE ( 'NONE', *, *, #1457, .F. ) ;
#749 = CARTESIAN_POINT ( 'NONE',  ( 0.000000000000000000, 0.000000000000000000, 0.000000000000000000 ) ) ;
#750 = ORIENTED_EDGE ( 'NONE', *, *, #1334, .T. ) ;
#751 = DIRECTION ( 'NONE',  ( -1.000000000000000000, 0.000000000000000000, 0.000000000000000000 ) ) ;
#752 = EDGE_CURVE ( 'NONE', #132, #4705, #626, .T. ) ;
#753 = ORIENTED_EDGE ( 'NONE', *, *, #500, .T. ) ;
#754 = AXIS2_PLACEMENT_3D ( 'NONE', #2649, #11, #2700 ) ;
#755 = PRODUCT_RELATED_PRODUCT_CATEGORY ( 'part', '', ( #3628 ) ) ;
#756 = PLANE ( 'NONE',  #4119 ) ;
#757 = CARTESIAN_POINT ( 'NONE',  ( -0.2292819492104257451, -2.554570765554331047, -0.2292819492104257173 ) ) ;
#758 = ORIENTED_EDGE ( 'NONE', *, *, #3758, .T. ) ;
#759 = LINE ( 'NONE', #3792, #3827 ) ;
#760 = EDGE_CURVE ( 'NONE', #1703, #4460, #3989, .T. ) ;
#761 = VECTOR ( 'NONE', #213, 1000.000000000000000 ) ;
#762 = CARTESIAN_POINT ( 'NONE',  ( -3.250000000000000444, 0.000000000000000000, 0.2500000000000006106 ) ) ;
#763 = DIRECTION ( 'NONE',  ( 1.807003620809171920E-16, -0.000000000000000000, 1.000000000000000000 ) ) ;
#764 = DIRECTION ( 'NONE',  ( -0.000000000000000000, 0.000000000000000000, 1.000000000000000000 ) ) ;
#765 = PRESENTATION_LAYER_ASSIGNMENT (  '', '', ( #3220 ) ) ;
#766 = EDGE_CURVE ( 'NONE', #1887, #2768, #2092, .T. ) ;
#767 = CARTESIAN_POINT ( 'NONE',  ( 3.600000000000000977, 0.000000000000000000, 1.000000000000001110 ) ) ;
#768 = DIRECTION ( 'NONE',  ( -0.7071067811865474617, -0.000000000000000000, 0.7071067811865474617 ) ) ;
#769 = DIRECTION ( 'NONE',  ( 0.000000000000000000, 1.000000000000000000, 0.000000000000000000 ) ) ;
#770 = EDGE_LOOP ( 'NONE', ( #4168, #421, #1619, #1276 ) ) ;
#771 = VECTOR ( 'NONE', #2736, 1000.000000000000000 ) ;
#772 = VECTOR ( 'NONE', #4690, 1000.000000000000114 ) ;
#773 = LINE ( 'NONE', #4613, #303 ) ;
#774 = AXIS2_PLACEMENT_3D ( 'NONE', #886, #1587, #4648 ) ;
#775 = ORIENTED_EDGE ( 'NONE', *, *, #2552, .F. ) ;
#776 = ORIENTED_EDGE ( 'NONE', *, *, #401, .T. ) ;
#777 = LINE ( 'NONE', #1181, #291 ) ;
#778 = ORIENTED_EDGE ( 'NONE', *, *, #1632, .T. ) ;
#779 = VECTOR ( 'NONE', #4307, 1000.000000000000000 ) ;
#780 = AXIS2_PLACEMENT_3D ( 'NONE', #1385, #2151, #4426 ) ;
#781 = VECTOR ( 'NONE', #2174, 1000.000000000000000 ) ;
#782 = DIRECTION ( 'NONE',  ( 1.000000000000000000, -0.000000000000000000, -0.000000000000000000 ) ) ;
#783 = CARTESIAN_POINT ( 'NONE',  ( -7.599999999999999645, 0.000000000000000000, -0.9999999999999988898 ) ) ;
#784 = EDGE_LOOP ( 'NONE', ( #177, #2723, #2004, #1672 ) ) ;
#785 = PRESENTATION_STYLE_ASSIGNMENT (( #383 ) ) ;
#786 = ORIENTED_EDGE ( 'NONE', *, *, #1685, .F. ) ;
#787 = VECTOR ( 'NONE', #669, 1000.000000000000000 ) ;
#788 = DIRECTION ( 'NONE',  ( 0.7071067811865479058, -0.000000000000000000, 0.7071067811865472397 ) ) ;
#789 = LINE ( 'NONE', #4129, #4102 ) ;
#790 = CARTESIAN_POINT ( 'NONE',  ( 4.000000000000000000, 0.000000000000000000, -0.5999999999999987566 ) ) ;
#791 = EDGE_CURVE ( 'NONE', #2290, #4907, #1008, .T. ) ;
#792 = CARTESIAN_POINT ( 'NONE',  ( 6.000000000000000000, 0.2999999999999999889, -0.5999999999999992006 ) ) ;
#793 = ORIENTED_EDGE ( 'NONE', *, *, #2246, .T. ) ;
#794 = PLANE ( 'NONE',  #139 ) ;
#795 = PLANE ( 'NONE',  #4864 ) ;
#796 = FILL_AREA_STYLE ('',( #2720 ) ) ;
#797 = VERTEX_POINT ( 'NONE', #3010 ) ;
#798 = ADVANCED_FACE ( 'NONE', ( #4549 ), #4498, .F. ) ;
#799 = EDGE_CURVE ( 'NONE', #4499, #3338, #2956, .T. ) ;
#800 = VECTOR ( 'NONE', #3327, 1000.000000000000000 ) ;
#801 = DIRECTION ( 'NONE',  ( 0.000000000000000000, 1.000000000000000000, 0.000000000000000000 ) ) ;
#802 = ORIENTED_EDGE ( 'NONE', *, *, #2780, .T. ) ;
#803 = CONTEXT_DEPENDENT_SHAPE_REPRESENTATION ( #3205, #1718 ) ;
#804 = PLANE ( 'NONE',  #57 ) ;
#805 = ORIENTED_EDGE ( 'NONE', *, *, #1581, .T. ) ;
#806 = DIRECTION ( 'NONE',  ( 0.000000000000000000, 1.000000000000000000, 0.000000000000000000 ) ) ;
#807 = LINE ( 'NONE', #2478, #3081 ) ;
#808 = ORIENTED_EDGE ( 'NONE', *, *, #483, .T. ) ;
#809 =( LENGTH_UNIT ( ) NAMED_UNIT ( * ) SI_UNIT ( .MILLI., .METRE. ) );
#810 = CLOSED_SHELL ( 'NONE', ( #3982, #1095, #3283, #255, #882, #4850, #2097, #301, #2474, #4236, #696, #573, #2267, #3859, #237, #2150, #4198, #1440 ) ) ;
#811 = FACE_OUTER_BOUND ( 'NONE', #4060, .T. ) ;
#812 = CARTESIAN_POINT ( 'NONE',  ( 0.4000000000000001887, 0.000000000000000000, -0.9999999999999988898 ) ) ;
#813 = FACE_OUTER_BOUND ( 'NONE', #259, .T. ) ;
#814 = DIRECTION ( 'NONE',  ( -1.000000000000000000, 0.000000000000000000, 0.000000000000000000 ) ) ;
#815 = EDGE_CURVE ( 'NONE', #2156, #3950, #2640, .T. ) ;
#816 = CARTESIAN_POINT ( 'NONE',  ( -0.2500000000000000000, 2.000000000000000000, 0.2500000000000000000 ) ) ;
#817 = PLANE ( 'NONE',  #754 ) ;
#818 = DIRECTION ( 'NONE',  ( 0.000000000000000000, 1.000000000000000000, 0.000000000000000000 ) ) ;
#819 = VERTEX_POINT ( 'NONE', #2617 ) ;
#820 = VECTOR ( 'NONE', #4041, 1000.000000000000000 ) ;
#821 = LINE ( 'NONE', #1958, #691 ) ;
#822 = ORIENTED_EDGE ( 'NONE', *, *, #3311, .F. ) ;
#823 = EDGE_CURVE ( 'NONE', #1510, #311, #1158, .T. ) ;
#824 = SHAPE_DEFINITION_REPRESENTATION ( #3988, #652 ) ;
#825 = LINE ( 'NONE', #2706, #4109 ) ;
#826 = EDGE_LOOP ( 'NONE', ( #601, #2435, #3434, #109 ) ) ;
#827 = CARTESIAN_POINT ( 'NONE',  ( 4.000000000000000888, 0.000000000000000000, 0.5999999999999997558 ) ) ;
#828 = FACE_OUTER_BOUND ( 'NONE', #1714, .T. ) ;
#829 = ORIENTED_EDGE ( 'NONE', *, *, #348, .F. ) ;
#830 = LINE ( 'NONE', #3906, #1089 ) ;
#831 = UNCERTAINTY_MEASURE_WITH_UNIT (LENGTH_MEASURE( 1.000000000000000082E-05 ), #258, 'distance_accuracy_value', 'NONE');
#832 = CARTESIAN_POINT ( 'NONE',  ( -3.999999999999999112, 2.000000000000000000, 0.6000000000000005329 ) ) ;
#833 = CARTESIAN_POINT ( 'NONE',  ( 0.000000000000000000, 2.000000000000000000, -0.5999999999999987566 ) ) ;
#834 = PLANE ( 'NONE',  #2697 ) ;
#835 = DIRECTION ( 'NONE',  ( 0.000000000000000000, 1.000000000000000000, 0.000000000000000000 ) ) ;
#836 = VECTOR ( 'NONE', #2094, 1000.000000000000000 ) ;
#837 = CARTESIAN_POINT ( 'NONE',  ( -6.000000000000000000, 0.000000000000000000, 0.6000000000000009770 ) ) ;
#838 = DIRECTION ( 'NONE',  ( -1.807003620809171920E-16, 0.000000000000000000, -1.000000000000000000 ) ) ;
#839 = CARTESIAN_POINT ( 'NONE',  ( -7.250000000000000000, 0.2999999999999999889, -0.2499999999999994171 ) ) ;
#840 = CARTESIAN_POINT ( 'NONE',  ( 4.750000000000000000, 0.000000000000000000, -0.2499999999999994171 ) ) ;
#841 = VERTEX_POINT ( 'NONE', #4091 ) ;
#842 = VECTOR ( 'NONE', #2714, 1000.000000000000114 ) ;
#843 = VECTOR ( 'NONE', #2828, 1000.000000000000000 ) ;
#844 = DIRECTION ( 'NONE',  ( -7.228014483236698528E-16, -0.000000000000000000, -1.000000000000000000 ) ) ;
#845 = ORIENTED_EDGE ( 'NONE', *, *, #1467, .T. ) ;
#846 = PLANE ( 'NONE',  #2665 ) ;
#847 = AXIS2_PLACEMENT_3D ( 'NONE', #3815, #359, #1925 ) ;
#848 = EDGE_LOOP ( 'NONE', ( #1757, #2472, #998, #905 ) ) ;
#849 = EDGE_CURVE ( 'NONE', #917, #3006, #4171, .T. ) ;
#850 = VECTOR ( 'NONE', #342, 1000.000000000000000 ) ;
#851 = UNCERTAINTY_MEASURE_WITH_UNIT (LENGTH_MEASURE( 1.000000000000000082E-05 ), #2302, 'distance_accuracy_value', 'NONE');
#852 = EDGE_CURVE ( 'NONE', #1291, #3845, #3760, .T. ) ;
#853 = LINE ( 'NONE', #3881, #4435 ) ;
#854 = VECTOR ( 'NONE', #3898, 1000.000000000000000 ) ;
#855 = DIRECTION ( 'NONE',  ( -0.7071067811865462405, -0.000000000000000000, -0.7071067811865489050 ) ) ;
#856 = EDGE_LOOP ( 'NONE', ( #2707, #2109, #4821, #939 ) ) ;
#857 = FILL_AREA_STYLE ('',( #4293 ) ) ;
#858 = ADVANCED_FACE ( 'NONE', ( #4884 ), #3787, .F. ) ;
#859 = EDGE_CURVE ( 'NONE', #3006, #3706, #332, .T. ) ;
#860 = AXIS2_PLACEMENT_3D ( 'NONE', #142, #838, #1263 ) ;
#861 = AXIS2_PLACEMENT_3D ( 'NONE', #2202, #1462, #2989 ) ;
#862 = CARTESIAN_POINT ( 'NONE',  ( -1.599999999999999867, 2.000000000000000000, -0.9999999999999988898 ) ) ;
#863 = DIRECTION ( 'NONE',  ( 0.000000000000000000, 0.000000000000000000, -1.000000000000000000 ) ) ;
#864 = VECTOR ( 'NONE', #855, 1000.000000000000000 ) ;
#865 = CARTESIAN_POINT ( 'NONE',  ( 0.2500000000000000000, -2.799999999999999822, -0.1771143550033493219 ) ) ;
#866 = LINE ( 'NONE', #2020, #929 ) ;
#867 = LINE ( 'NONE', #99, #3147 ) ;
#868 = LINE ( 'NONE', #535, #4419 ) ;
#869 = PLANE ( 'NONE',  #3569 ) ;
#870 = ORIENTED_EDGE ( 'NONE', *, *, #145, .F. ) ;
#871 = EDGE_LOOP ( 'NONE', ( #2797, #326, #2626, #2081 ) ) ;
#872 = CARTESIAN_POINT ( 'NONE',  ( 0.000000000000000000, 0.2999999999999999889, 0.5999999999999997558 ) ) ;
#873 = VERTEX_POINT ( 'NONE', #4474 ) ;
#874 = ITEM_DEFINED_TRANSFORMATION ( 'NONE', 'NONE', #459,  #3547 ) ;
#875 = ORIENTED_EDGE ( 'NONE', *, *, #4548, .T. ) ;
#876 = EDGE_CURVE ( 'NONE', #1750, #3546, #22, .T. ) ;
#877 = EDGE_CURVE ( 'NONE', #1703, #261, #3420, .T. ) ;
#878 = VECTOR ( 'NONE', #1069, 1000.000000000000000 ) ;
#879 = CARTESIAN_POINT ( 'NONE',  ( -8.000000000000000000, 0.2999999999999999889, -0.6000000000000004219 ) ) ;
#880 = CARTESIAN_POINT ( 'NONE',  ( -4.000000000000000000, 2.000000000000000000, -0.5999999999999992006 ) ) ;
#881 = ORIENTED_EDGE ( 'NONE', *, *, #65, .F. ) ;
#882 = ADVANCED_FACE ( 'NONE', ( #2197 ), #1479, .T. ) ;
#883 = DIRECTION ( 'NONE',  ( 1.000000000000000000, 0.000000000000000000, -1.807003620809171920E-16 ) ) ;
#884 = CARTESIAN_POINT ( 'NONE',  ( -5.250000000000000000, 2.000000000000000000, 0.2500000000000006106 ) ) ;
#885 = FACE_OUTER_BOUND ( 'NONE', #2393, .T. ) ;
#886 = CARTESIAN_POINT ( 'NONE',  ( -3.600000000000000977, 0.000000000000000000, 1.000000000000001332 ) ) ;
#887 = DIRECTION ( 'NONE',  ( 1.000000000000000000, -0.000000000000000000, -0.000000000000000000 ) ) ;
#888 = CARTESIAN_POINT ( 'NONE',  ( -7.250000000000000000, 2.000000000000000000, 0.2500000000000006106 ) ) ;
#889 = DIRECTION ( 'NONE',  ( -0.000000000000000000, 1.000000000000000000, 0.000000000000000000 ) ) ;
#890 = ORIENTED_EDGE ( 'NONE', *, *, #2667, .F. ) ;
#891 = ORIENTED_EDGE ( 'NONE', *, *, #2181, .F. ) ;
#892 = VECTOR ( 'NONE', #3493, 1000.000000000000114 ) ;
#893 = DIRECTION ( 'NONE',  ( 1.000000000000000000, -0.000000000000000000, 0.000000000000000000 ) ) ;
#894 = DIRECTION ( 'NONE',  ( 0.7071067811865489050, 0.000000000000000000, -0.7071067811865461294 ) ) ;
#895 = VECTOR ( 'NONE', #73, 1000.000000000000000 ) ;
#896 = EDGE_LOOP ( 'NONE', ( #2191, #400, #4490, #4225 ) ) ;
#897 = VERTEX_POINT ( 'NONE', #3034 ) ;
#898 = AXIS2_PLACEMENT_3D ( 'NONE', #3469, #3133, #2016 ) ;
#899 = LINE ( 'NONE', #2087, #1327 ) ;
#900 = ORIENTED_EDGE ( 'NONE', *, *, #2451, .F. ) ;
#901 = FACE_OUTER_BOUND ( 'NONE', #2450, .T. ) ;
#902 = VECTOR ( 'NONE', #2802, 1000.000000000000000 ) ;
#903 = PLANE ( 'NONE',  #656 ) ;
#904 = LINE ( 'NONE', #4271, #1234 ) ;
#905 = ORIENTED_EDGE ( 'NONE', *, *, #3237, .T. ) ;
#906 = CARTESIAN_POINT ( 'NONE',  ( -5.250000000000000000, 2.000000000000000000, -0.2499999999999994171 ) ) ;
#907 = EDGE_CURVE ( 'NONE', #4470, #4580, #3343, .T. ) ;
#908 = DIRECTION ( 'NONE',  ( 0.000000000000000000, 1.000000000000000000, 0.000000000000000000 ) ) ;
#909 = FACE_OUTER_BOUND ( 'NONE', #1295, .T. ) ;
#910 = LINE ( 'NONE', #1237, #287 ) ;
#911 = CARTESIAN_POINT ( 'NONE',  ( 2.750000000000000000, 2.000000000000000000, -0.2499999999999994171 ) ) ;
#912 = ORIENTED_EDGE ( 'NONE', *, *, #4103, .T. ) ;
#913 = EDGE_LOOP ( 'NONE', ( #4704, #1204, #3443, #4546 ) ) ;
#914 = EDGE_CURVE ( 'NONE', #4085, #873, #2292, .T. ) ;
#915 = CARTESIAN_POINT ( 'NONE',  ( 2.000000000000000000, 0.000000000000000000, -0.5999999999999987566 ) ) ;
#916 = FACE_OUTER_BOUND ( 'NONE', #3336, .T. ) ;
#917 = VERTEX_POINT ( 'NONE', #4524 ) ;
#918 = VECTOR ( 'NONE', #3587, 1000.000000000000000 ) ;
#919 = ORIENTED_EDGE ( 'NONE', *, *, #355, .T. ) ;
#920 = DIRECTION ( 'NONE',  ( 1.000000000000000000, -0.000000000000000000, -0.000000000000000000 ) ) ;
#921 = ORIENTED_EDGE ( 'NONE', *, *, #4786, .F. ) ;
#922 = CARTESIAN_POINT ( 'NONE',  ( 0.1771143550033493219, 5.599999999999999645, 0.000000000000000000 ) ) ;
#923 = ORIENTED_EDGE ( 'NONE', *, *, #2061, .F. ) ;
#924 = VECTOR ( 'NONE', #445, 1000.000000000000000 ) ;
#925 = VECTOR ( 'NONE', #1681, 1000.000000000000114 ) ;
#926 = DIRECTION ( 'NONE',  ( 0.000000000000000000, 1.000000000000000000, 0.000000000000000000 ) ) ;
#927 = VERTEX_POINT ( 'NONE', #3813 ) ;
#928 = LINE ( 'NONE', #290, #918 ) ;
#929 = VECTOR ( 'NONE', #140, 1000.000000000000000 ) ;
#930 = ORIENTED_EDGE ( 'NONE', *, *, #3805, .F. ) ;
#931 = DIRECTION ( 'NONE',  ( 0.000000000000000000, 0.000000000000000000, 1.000000000000000000 ) ) ;
#932 = EDGE_CURVE ( 'NONE', #3521, #1133, #4122, .T. ) ;
#933 = DIRECTION ( 'NONE',  ( 0.000000000000000000, 1.000000000000000000, 0.000000000000000000 ) ) ;
#934 = STYLED_ITEM ( 'NONE', ( #4036 ), #2971 ) ;
#935 = EDGE_CURVE ( 'NONE', #3363, #4679, #2223, .T. ) ;
#936 = CARTESIAN_POINT ( 'NONE',  ( -4.000000000000000000, 0.000000000000000000, 0.6000000000000009770 ) ) ;
#937 = CARTESIAN_POINT ( 'NONE',  ( 1.250000000000000222, 0.2999999999999999889, -0.2499999999999994171 ) ) ;
#938 = DIRECTION ( 'NONE',  ( 0.000000000000000000, 0.000000000000000000, -1.000000000000000000 ) ) ;
#939 = ORIENTED_EDGE ( 'NONE', *, *, #2631, .T. ) ;
#940 = VERTEX_POINT ( 'NONE', #4858 ) ;
#941 = DIRECTION ( 'NONE',  ( 0.000000000000000000, 0.000000000000000000, -1.000000000000000000 ) ) ;
#942 = EDGE_CURVE ( 'NONE', #4332, #2286, #149, .T. ) ;
#943 = ADVANCED_FACE ( 'NONE', ( #1063 ), #2243, .F. ) ;
#944 = VECTOR ( 'NONE', #4875, 1000.000000000000000 ) ;
#945 = FACE_OUTER_BOUND ( 'NONE', #3657, .T. ) ;
#946 = VECTOR ( 'NONE', #4707, 1000.000000000000000 ) ;
#947 = CARTESIAN_POINT ( 'NONE',  ( -2.399999999999998579, 0.000000000000000000, -0.9999999999999991118 ) ) ;
#948 = ORIENTED_EDGE ( 'NONE', *, *, #3937, .F. ) ;
#949 = ADVANCED_FACE ( 'NONE', ( #2795 ), #2419, .T. ) ;
#950 = ORIENTED_EDGE ( 'NONE', *, *, #3636, .F. ) ;
#951 = DIRECTION ( 'NONE',  ( 0.000000000000000000, 0.000000000000000000, 1.000000000000000000 ) ) ;
#952 = EDGE_CURVE ( 'NONE', #3505, #3899, #426, .T. ) ;
#953 = ORIENTED_EDGE ( 'NONE', *, *, #1857, .F. ) ;
#954 = PLANE ( 'NONE',  #680 ) ;
#955 = CARTESIAN_POINT ( 'NONE',  ( 0.4000000000000001887, 2.000000000000000000, -0.9999999999999988898 ) ) ;
#956 = EDGE_LOOP ( 'NONE', ( #2484, #4744, #4848, #3761, #3125, #4883, #3695, #4045 ) ) ;
#957 = CARTESIAN_POINT ( 'NONE',  ( -0.3999999999999984679, 0.000000000000000000, -0.9999999999999991118 ) ) ;
#958 = ORIENTED_EDGE ( 'NONE', *, *, #1367, .F. ) ;
#959 = CARTESIAN_POINT ( 'NONE',  ( -5.600000000000000533, 2.000000000000000000, 1.000000000000001332 ) ) ;
#960 = CARTESIAN_POINT ( 'NONE',  ( 5.600000000000001421, 2.000000000000000000, -0.9999999999999991118 ) ) ;
#961 = PLANE ( 'NONE',  #4035 ) ;
#962 = FACE_OUTER_BOUND ( 'NONE', #638, .T. ) ;
#963 = DIRECTION ( 'NONE',  ( 0.7071067811865465735, 0.000000000000000000, 0.7071067811865484609 ) ) ;
#964 = EDGE_CURVE ( 'NONE', #180, #2653, #4619, .T. ) ;
#965 = ORIENTED_EDGE ( 'NONE', *, *, #122, .T. ) ;
#966 = EDGE_LOOP ( 'NONE', ( #1506, #2215, #3344, #2345 ) ) ;
#967 = CARTESIAN_POINT ( 'NONE',  ( -3.999999999999999112, 0.000000000000000000, 0.6000000000000005329 ) ) ;
#968 = PLANE ( 'NONE',  #4815 ) ;
#969 = CLOSED_SHELL ( 'NONE', ( #3203, #1037, #4039, #337, #183, #2356, #216, #1785, #1851, #4316, #3668, #1231, #4043, #2362, #2383, #454, #2752, #1002 ) ) ;
#970 = DIRECTION ( 'NONE',  ( 7.228014483236698528E-16, -0.000000000000000000, 1.000000000000000000 ) ) ;
#971 = EDGE_CURVE ( 'NONE', #4814, #1992, #4730, .T. ) ;
#972 = CARTESIAN_POINT ( 'NONE',  ( 2.399999999999999467, 0.000000000000000000, 1.000000000000001332 ) ) ;
#973 = ORIENTED_EDGE ( 'NONE', *, *, #3796, .T. ) ;
#974 = PRODUCT_DEFINITION_SHAPE ( 'NONE', 'NONE',  #4931 ) ;
#975 = VERTEX_POINT ( 'NONE', #587 ) ;
#976 = EDGE_CURVE ( 'NONE', #4661, #1887, #807, .T. ) ;
#977 = CARTESIAN_POINT ( 'NONE',  ( 0.2292819492104257451, -2.554570765554331047, -0.2292819492104257173 ) ) ;
#978 = EDGE_LOOP ( 'NONE', ( #1209, #3734, #40, #2507 ) ) ;
#979 = VERTEX_POINT ( 'NONE', #566 ) ;
#980 = CARTESIAN_POINT ( 'NONE',  ( -6.000000000000000000, 2.000000000000000000, -0.5999999999999987566 ) ) ;
#981 = EDGE_CURVE ( 'NONE', #4267, #2479, #4330, .T. ) ;
#982 = CARTESIAN_POINT ( 'NONE',  ( 6.000000000000000000, 0.000000000000000000, 0.6000000000000009770 ) ) ;
#983 = EDGE_LOOP ( 'NONE', ( #3834, #414, #4720, #2186 ) ) ;
#984 = PLANE ( 'NONE',  #360 ) ;
#985 = ORIENTED_EDGE ( 'NONE', *, *, #74, .T. ) ;
#986 = PLANE ( 'NONE',  #780 ) ;
#987 = CARTESIAN_POINT ( 'NONE',  ( -3.600000000000000977, 2.000000000000000000, 1.000000000000001332 ) ) ;
#988 = CARTESIAN_POINT ( 'NONE',  ( -4.000000000000000000, 0.000000000000000000, -0.5999999999999987566 ) ) ;
#989 = DIRECTION ( 'NONE',  ( 1.000000000000000000, 0.000000000000000000, -0.000000000000000000 ) ) ;
#990 = VERTEX_POINT ( 'NONE', #1941 ) ;
#991 = ORIENTED_EDGE ( 'NONE', *, *, #93, .F. ) ;
#992 = CARTESIAN_POINT ( 'NONE',  ( 8.000000000000000000, 0.2999999999999999889, -0.6000000000000004219 ) ) ;
#993 = VECTOR ( 'NONE', #4055, 1000.000000000000000 ) ;
#994 = UNCERTAINTY_MEASURE_WITH_UNIT (LENGTH_MEASURE( 1.000000000000000082E-05 ), #4667, 'distance_accuracy_value', 'NONE');
#995 = CARTESIAN_POINT ( 'NONE',  ( -5.250000000000000000, 2.000000000000000000, -0.2499999999999994171 ) ) ;
#996 = DIRECTION ( 'NONE',  ( 1.000000000000000000, -0.000000000000000000, 0.000000000000000000 ) ) ;
#997 = DIRECTION ( 'NONE',  ( 0.000000000000000000, 0.000000000000000000, 1.000000000000000000 ) ) ;
#998 = ORIENTED_EDGE ( 'NONE', *, *, #116, .T. ) ;
#999 = VECTOR ( 'NONE', #2619, 1000.000000000000000 ) ;
#1000 = CARTESIAN_POINT ( 'NONE',  ( 0.2500000000000000000, 5.257099999999994999, -0.2500000000000000000 ) ) ;
#1001 = VERTEX_POINT ( 'NONE', #3946 ) ;
#1002 = ADVANCED_FACE ( 'NONE', ( #916 ), #2847, .F. ) ;
#1003 = DIRECTION ( 'NONE',  ( -0.000000000000000000, 1.000000000000000000, 0.000000000000000000 ) ) ;
#1004 = ORIENTED_EDGE ( 'NONE', *, *, #1989, .F. ) ;
#1005 = LINE ( 'NONE', #2904, #843 ) ;
#1006 = EDGE_CURVE ( 'NONE', #3409, #261, #2821, .T. ) ;
#1007 = VECTOR ( 'NONE', #2263, 1000.000000000000000 ) ;
#1008 = LINE ( 'NONE', #238, #619 ) ;
#1009 = VECTOR ( 'NONE', #3503, 1000.000000000000000 ) ;
#1010 = VERTEX_POINT ( 'NONE', #1577 ) ;
#1011 = LINE ( 'NONE', #4743, #2498 ) ;
#1012 = ORIENTED_EDGE ( 'NONE', *, *, #4925, .F. ) ;
#1013 = EDGE_CURVE ( 'NONE', #2890, #2985, #1269, .T. ) ;
#1014 = ADVANCED_FACE ( 'NONE', ( #4308 ), #3442, .T. ) ;
#1015 = VECTOR ( 'NONE', #3754, 1000.000000000000114 ) ;
#1016 = AXIS2_PLACEMENT_3D ( 'NONE', #2367, #1674, #484 ) ;
#1017 = CARTESIAN_POINT ( 'NONE',  ( 0.000000000000000000, 0.000000000000000000, -0.5999999999999987566 ) ) ;
#1018 = DIRECTION ( 'NONE',  ( -0.7071067811865484609, 0.000000000000000000, 0.7071067811865465735 ) ) ;
#1019 = CARTESIAN_POINT ( 'NONE',  ( -0.2500000000000000000, 2.000000000000000000, -0.2500000000000000000 ) ) ;
#1020 = CARTESIAN_POINT ( 'NONE',  ( -4.000000000000000000, 0.000000000000000000, -0.5999999999999987566 ) ) ;
#1021 = EDGE_LOOP ( 'NONE', ( #622, #62, #4793, #1101 ) ) ;
#1022 = VERTEX_POINT ( 'NONE', #43 ) ;
#1023 = VECTOR ( 'NONE', #2411, 1000.000000000000000 ) ;
#1024 = CARTESIAN_POINT ( 'NONE',  ( 8.000000000000000000, 0.000000000000000000, -0.5999999999999992006 ) ) ;
#1025 = VECTOR ( 'NONE', #2710, 1000.000000000000000 ) ;
#1026 =( GEOMETRIC_REPRESENTATION_CONTEXT ( 3 ) GLOBAL_UNCERTAINTY_ASSIGNED_CONTEXT ( ( #2777 ) ) GLOBAL_UNIT_ASSIGNED_CONTEXT ( ( #4489, #3626, #228 ) ) REPRESENTATION_CONTEXT ( 'NONE', 'WORKASPACE' ) );
#1027 = CARTESIAN_POINT ( 'NONE',  ( 0.7499999999999997780, 0.2999999999999999889, -0.2499999999999994171 ) ) ;
#1028 = CARTESIAN_POINT ( 'NONE',  ( -0.2500000000000000000, 2.000000000000000000, 0.2500000000000000000 ) ) ;
#1029 = LINE ( 'NONE', #4137, #2431 ) ;
#1030 = ORIENTED_EDGE ( 'NONE', *, *, #2717, .T. ) ;
#1031 = STYLED_ITEM ( 'NONE', ( #325 ), #1122 ) ;
#1032 = CARTESIAN_POINT ( 'NONE',  ( 1.600000000000001643, 2.000000000000000000, -0.9999999999999991118 ) ) ;
#1033 = ORIENTED_EDGE ( 'NONE', *, *, #1374, .T. ) ;
#1034 = SURFACE_STYLE_USAGE ( .BOTH. , #2635 ) ;
#1035 = ORIENTED_EDGE ( 'NONE', *, *, #2248, .F. ) ;
#1036 = LINE ( 'NONE', #3928, #2734 ) ;
#1037 = ADVANCED_FACE ( 'NONE', ( #3170 ), #3978, .T. ) ;
#1038 = EDGE_LOOP ( 'NONE', ( #1665, #3308, #582, #2235, #3522 ) ) ;
#1039 = APPLICATION_CONTEXT ( 'automotive_design' ) ;
#1040 = DIRECTION ( 'NONE',  ( 0.000000000000000000, 1.000000000000000000, 0.000000000000000000 ) ) ;
#1041 = VERTEX_POINT ( 'NONE', #947 ) ;
#1042 = EDGE_CURVE ( 'NONE', #577, #1773, #3543, .T. ) ;
#1043 = DIRECTION ( 'NONE',  ( 1.000000000000000000, -0.000000000000000000, 0.000000000000000000 ) ) ;
#1044 = VECTOR ( 'NONE', #2297, 1000.000000000000000 ) ;
#1045 = VECTOR ( 'NONE', #220, 1000.000000000000000 ) ;
#1046 = CARTESIAN_POINT ( 'NONE',  ( 6.750000000000000000, 0.2999999999999999889, 0.2500000000000006106 ) ) ;
#1047 = CARTESIAN_POINT ( 'NONE',  ( -5.250000000000000000, 0.2999999999999999889, 0.2500000000000006106 ) ) ;
#1048 = CARTESIAN_POINT ( 'NONE',  ( -4.399999999999999467, 0.000000000000000000, 1.000000000000001110 ) ) ;
#1049 = DIRECTION ( 'NONE',  ( 0.000000000000000000, 1.000000000000000000, 0.000000000000000000 ) ) ;
#1050 = VERTEX_POINT ( 'NONE', #174 ) ;
#1051 = ORIENTED_EDGE ( 'NONE', *, *, #2332, .T. ) ;
#1052 = DIRECTION ( 'NONE',  ( 0.000000000000000000, -0.000000000000000000, 1.000000000000000000 ) ) ;
#1053 = FACE_OUTER_BOUND ( 'NONE', #1791, .T. ) ;
#1054 = DIRECTION ( 'NONE',  ( 0.000000000000000000, 1.000000000000000000, 0.000000000000000000 ) ) ;
#1055 = ORIENTED_EDGE ( 'NONE', *, *, #4491, .F. ) ;
#1056 = CARTESIAN_POINT ( 'NONE',  ( -0.7499999999999997780, 0.000000000000000000, 0.2500000000000006106 ) ) ;
#1057 = EDGE_LOOP ( 'NONE', ( #2415, #2093, #257, #730, #2155, #4450, #753, #1810 ) ) ;
#1058 = DIRECTION ( 'NONE',  ( 1.000000000000000000, 0.000000000000000000, 0.000000000000000000 ) ) ;
#1059 = ORIENTED_EDGE ( 'NONE', *, *, #482, .F. ) ;
#1060 = DIRECTION ( 'NONE',  ( 0.000000000000000000, 1.000000000000000000, 0.000000000000000000 ) ) ;
#1061 = VECTOR ( 'NONE', #4833, 1000.000000000000114 ) ;
#1062 = ORIENTED_EDGE ( 'NONE', *, *, #1878, .T. ) ;
#1063 = FACE_OUTER_BOUND ( 'NONE', #2629, .T. ) ;
#1064 = ORIENTED_EDGE ( 'NONE', *, *, #4031, .F. ) ;
#1065 = LINE ( 'NONE', #1160, #3381 ) ;
#1066 = CARTESIAN_POINT ( 'NONE',  ( 1.600000000000000755, 0.000000000000000000, 1.000000000000001110 ) ) ;
#1067 = CARTESIAN_POINT ( 'NONE',  ( -2.000000000000000000, 0.000000000000000000, -0.5999999999999987566 ) ) ;
#1068 = CARTESIAN_POINT ( 'NONE',  ( -0.2500000000000000000, -2.457099999999995177, 0.2500000000000000000 ) ) ;
#1069 = DIRECTION ( 'NONE',  ( 0.000000000000000000, 1.000000000000000000, 0.000000000000000000 ) ) ;
#1070 = EDGE_LOOP ( 'NONE', ( #3942, #1201, #4560, #1593 ) ) ;
#1071 = CARTESIAN_POINT ( 'NONE',  ( -0.3999999999999984679, 2.000000000000000000, -0.9999999999999991118 ) ) ;
#1072 = VERTEX_POINT ( 'NONE', #1290 ) ;
#1073 = VECTOR ( 'NONE', #3396, 1000.000000000000000 ) ;
#1074 = EDGE_CURVE ( 'NONE', #3027, #3384, #1188, .T. ) ;
#1075 = DIRECTION ( 'NONE',  ( 1.000000000000000000, -0.000000000000000000, -0.000000000000000000 ) ) ;
#1076 = CARTESIAN_POINT ( 'NONE',  ( -5.250000000000000000, 0.000000000000000000, -0.2499999999999994171 ) ) ;
#1077 = VERTEX_POINT ( 'NONE', #2312 ) ;
#1078 = EDGE_CURVE ( 'NONE', #1923, #670, #152, .T. ) ;
#1079 = EDGE_CURVE ( 'NONE', #4334, #4336, #1657, .T. ) ;
#1080 = CARTESIAN_POINT ( 'NONE',  ( 1.600000000000000755, 2.000000000000000000, 1.000000000000001110 ) ) ;
#1081 = ORIENTED_EDGE ( 'NONE', *, *, #4015, .F. ) ;
#1082 = ORIENTED_EDGE ( 'NONE', *, *, #3545, .T. ) ;
#1083 = EDGE_CURVE ( 'NONE', #2026, #1474, #4107, .T. ) ;
#1084 = DIRECTION ( 'NONE',  ( 0.000000000000000000, 0.000000000000000000, 1.000000000000000000 ) ) ;
#1085 = VERTEX_POINT ( 'NONE', #4465 ) ;
#1086 = DIRECTION ( 'NONE',  ( 1.000000000000000000, -0.000000000000000000, -0.000000000000000000 ) ) ;
#1087 = ORIENTED_EDGE ( 'NONE', *, *, #4455, .T. ) ;
#1088 = AXIS2_PLACEMENT_3D ( 'NONE', #2384, #3909, #4298 ) ;
#1089 = VECTOR ( 'NONE', #4594, 1000.000000000000000 ) ;
#1090 = CARTESIAN_POINT ( 'NONE',  ( -3.600000000000000089, 2.000000000000000000, -0.9999999999999988898 ) ) ;
#1091 = DIRECTION ( 'NONE',  ( 1.000000000000000000, 0.000000000000000000, -7.228014483236698528E-16 ) ) ;
#1092 = FACE_OUTER_BOUND ( 'NONE', #1769, .T. ) ;
#1093 = CARTESIAN_POINT ( 'NONE',  ( -5.999999999999999112, 0.000000000000000000, 0.6000000000000005329 ) ) ;
#1094 = LINE ( 'NONE', #4229, #2113 ) ;
#1095 = ADVANCED_FACE ( 'NONE', ( #4512 ), #3358, .T. ) ;
#1096 = VECTOR ( 'NONE', #4640, 1000.000000000000000 ) ;
#1097 = ORIENTED_EDGE ( 'NONE', *, *, #355, .F. ) ;
#1098 = VECTOR ( 'NONE', #2950, 1000.000000000000000 ) ;
#1099 = FACE_OUTER_BOUND ( 'NONE', #4732, .T. ) ;
#1100 = DIRECTION ( 'NONE',  ( 1.000000000000000000, -0.000000000000000000, 0.000000000000000000 ) ) ;
#1101 = ORIENTED_EDGE ( 'NONE', *, *, #4915, .T. ) ;
#1102 = EDGE_CURVE ( 'NONE', #2209, #4499, #2138, .T. ) ;
#1103 = EDGE_CURVE ( 'NONE', #1750, #1887, #2185, .T. ) ;
#1104 = DIRECTION ( 'NONE',  ( -0.7071067811865484609, 0.000000000000000000, 0.7071067811865465735 ) ) ;
#1105 = EDGE_LOOP ( 'NONE', ( #1598, #2742, #1497, #3151 ) ) ;
#1106 = VECTOR ( 'NONE', #4373, 1000.000000000000000 ) ;
#1107 = CARTESIAN_POINT ( 'NONE',  ( 4.999999999999999112, 0.000000000000000000, 6.505213034913026604E-16 ) ) ;
#1108 = ORIENTED_EDGE ( 'NONE', *, *, #2117, .F. ) ;
#1109 = AXIS2_PLACEMENT_3D ( 'NONE', #2257, #2650, #1589 ) ;
#1110 = DIRECTION ( 'NONE',  ( 0.000000000000000000, 0.000000000000000000, -1.000000000000000000 ) ) ;
#1111 = ORIENTED_EDGE ( 'NONE', *, *, #479, .T. ) ;
#1112 = DIRECTION ( 'NONE',  ( 0.000000000000000000, 0.000000000000000000, -1.000000000000000000 ) ) ;
#1113 = EDGE_LOOP ( 'NONE', ( #1349, #2171, #1929, #2689 ) ) ;
#1114 = DIRECTION ( 'NONE',  ( 0.7071067811865479058, -0.000000000000000000, 0.7071067811865472397 ) ) ;
#1115 = VECTOR ( 'NONE', #4358, 1000.000000000000000 ) ;
#1116 = CARTESIAN_POINT ( 'NONE',  ( 2.000000000000000000, 0.000000000000000000, 0.5999999999999997558 ) ) ;
#1117 = CARTESIAN_POINT ( 'NONE',  ( -2.000000000000000000, 0.000000000000000000, 0.5999999999999997558 ) ) ;
#1118 = DIRECTION ( 'NONE',  ( -0.000000000000000000, 1.000000000000000000, 0.000000000000000000 ) ) ;
#1119 = LINE ( 'NONE', #2623, #2065 ) ;
#1120 = DIRECTION ( 'NONE',  ( -0.000000000000000000, 0.000000000000000000, -1.000000000000000000 ) ) ;
#1121 = AXIS2_PLACEMENT_3D ( 'NONE', #3619, #2920, #319 ) ;
#1122 = MANIFOLD_SOLID_BREP ( 'LPattern1[2]', #969 ) ;
#1123 = ADVANCED_FACE ( 'NONE', ( #616 ), #644, .F. ) ;
#1124 = LINE ( 'NONE', #741, #2632 ) ;
#1125 = CARTESIAN_POINT ( 'NONE',  ( 2.750000000000000000, 0.2999999999999999889, 0.2500000000000006106 ) ) ;
#1126 = ORIENTED_EDGE ( 'NONE', *, *, #3284, .F. ) ;
#1127 = FACE_OUTER_BOUND ( 'NONE', #513, .T. ) ;
#1128 = ORIENTED_EDGE ( 'NONE', *, *, #3602, .T. ) ;
#1129 = MANIFOLD_SOLID_BREP ( 'Chamfer1', #3669 ) ;
#1130 =( NAMED_UNIT ( * ) PLANE_ANGLE_UNIT ( ) SI_UNIT ( $, .RADIAN. ) );
#1131 = ORIENTED_EDGE ( 'NONE', *, *, #666, .F. ) ;
#1132 = LINE ( 'NONE', #3708, #3778 ) ;
#1133 = VERTEX_POINT ( 'NONE', #2896 ) ;
#1134 = EDGE_CURVE ( 'NONE', #1389, #1077, #1029, .T. ) ;
#1135 = DIRECTION ( 'NONE',  ( 1.000000000000000000, -0.000000000000000000, -0.000000000000000000 ) ) ;
#1136 = VERTEX_POINT ( 'NONE', #276 ) ;
#1137 = CLOSED_SHELL ( 'NONE', ( #2607, #273, #3032, #3185, #2753, #3056, #1187, #4289, #90, #3590, #3852, #3907, #3467, #2021, #1601, #4501, #4010, #4605 ) ) ;
#1138 = CARTESIAN_POINT ( 'NONE',  ( -4.000000000000000000, 2.000000000000000000, -0.5999999999999987566 ) ) ;
#1139 = MANIFOLD_SOLID_BREP ( 'Chamfer2', #3582 ) ;
#1140 = EDGE_CURVE ( 'NONE', #1418, #873, #1174, .T. ) ;
#1141 = LINE ( 'NONE', #1485, #2829 ) ;
#1142 = LINE ( 'NONE', #2595, #1478 ) ;
#1143 = DIRECTION ( 'NONE',  ( 1.000000000000000000, 0.000000000000000000, -1.807003620809171920E-16 ) ) ;
#1144 = DIRECTION ( 'NONE',  ( -0.000000000000000000, 0.000000000000000000, 1.000000000000000000 ) ) ;
#1145 = VERTEX_POINT ( 'NONE', #3307 ) ;
#1146 = PRESENTATION_STYLE_ASSIGNMENT (( #2674 ) ) ;
#1147 = FACE_OUTER_BOUND ( 'NONE', #770, .T. ) ;
#1148 = LINE ( 'NONE', #395, #4533 ) ;
#1149 = ORIENTED_EDGE ( 'NONE', *, *, #4258, .T. ) ;
#1150 = DIRECTION ( 'NONE',  ( 1.000000000000000000, -0.000000000000000000, -0.000000000000000000 ) ) ;
#1151 = ORIENTED_EDGE ( 'NONE', *, *, #4338, .T. ) ;
#1152 = ORIENTED_EDGE ( 'NONE', *, *, #2057, .T. ) ;
#1153 = DIRECTION ( 'NONE',  ( 0.7071067811865479058, -0.000000000000000000, 0.7071067811865472397 ) ) ;
#1154 = EDGE_LOOP ( 'NONE', ( #1272, #4497, #1679, #4828, #3227 ) ) ;
#1155 = VECTOR ( 'NONE', #4487, 1000.000000000000000 ) ;
#1156 = ADVANCED_FACE ( 'NONE', ( #744 ), #2234, .T. ) ;
#1157 = DIRECTION ( 'NONE',  ( 0.000000000000000000, 0.000000000000000000, -1.000000000000000000 ) ) ;
#1158 = LINE ( 'NONE', #3715, #3404 ) ;
#1159 = ORIENTED_EDGE ( 'NONE', *, *, #3712, .T. ) ;
#1160 = CARTESIAN_POINT ( 'NONE',  ( 0.1697754265983051902, 5.634526943545678179, -0.1697754265983051902 ) ) ;
#1161 = MANIFOLD_SOLID_BREP ( 'LPattern1[1]', #4235 ) ;
#1162 = VECTOR ( 'NONE', #4457, 1000.000000000000000 ) ;
#1163 = DIRECTION ( 'NONE',  ( 0.000000000000000000, 0.000000000000000000, 1.000000000000000000 ) ) ;
#1164 = EDGE_CURVE ( 'NONE', #940, #3694, #3379, .T. ) ;
#1165 = VECTOR ( 'NONE', #2735, 1000.000000000000000 ) ;
#1166 = EDGE_CURVE ( 'NONE', #1740, #4267, #1496, .T. ) ;
#1167 = DIRECTION ( 'NONE',  ( 0.7071067811865465735, 0.000000000000000000, 0.7071067811865484609 ) ) ;
#1168 = DIRECTION ( 'NONE',  ( -1.000000000000000000, 0.000000000000000000, -0.000000000000000000 ) ) ;
#1169 = CARTESIAN_POINT ( 'NONE',  ( 10.00000000000000000, 0.000000000000000000, 0.000000000000000000 ) ) ;
#1170 = AXIS2_PLACEMENT_3D ( 'NONE', #1476, #1110, #2613 ) ;
#1171 = FACE_OUTER_BOUND ( 'NONE', #427, .T. ) ;
#1172 = SURFACE_STYLE_FILL_AREA ( #3751 ) ;
#1173 = CARTESIAN_POINT ( 'NONE',  ( -1.999999999999999112, 0.000000000000000000, -0.6000000000000004219 ) ) ;
#1174 = LINE ( 'NONE', #4161, #533 ) ;
#1175 = ORIENTED_EDGE ( 'NONE', *, *, #2455, .T. ) ;
#1176 = AXIS2_PLACEMENT_3D ( 'NONE', #612, #2867, #2135 ) ;
#1177 = VECTOR ( 'NONE', #4301, 1000.000000000000000 ) ;
#1178 = VECTOR ( 'NONE', #3498, 1000.000000000000000 ) ;
#1179 = DIRECTION ( 'NONE',  ( 0.000000000000000000, 0.000000000000000000, 1.000000000000000000 ) ) ;
#1180 = ORIENTED_EDGE ( 'NONE', *, *, #3704, .T. ) ;
#1181 = CARTESIAN_POINT ( 'NONE',  ( 1.250000000000000222, 0.2999999999999999889, 0.2500000000000006106 ) ) ;
#1182 = VERTEX_POINT ( 'NONE', #4233 ) ;
#1183 = VECTOR ( 'NONE', #1656, 1000.000000000000000 ) ;
#1184 = AXIS2_PLACEMENT_3D ( 'NONE', #4266, #3398, #3855 ) ;
#1185 = COLOUR_RGB ( '',0.2509803921568627416, 0.2509803921568627416, 0.2509803921568627416 ) ;
#1186 = LINE ( 'NONE', #1251, #2348 ) ;
#1187 = ADVANCED_FACE ( 'NONE', ( #3072 ), #3844, .T. ) ;
#1188 = LINE ( 'NONE', #2688, #2437 ) ;
#1189 = ORIENTED_EDGE ( 'NONE', *, *, #4204, .T. ) ;
#1190 = DIRECTION ( 'NONE',  ( 0.000000000000000000, 1.000000000000000000, 0.000000000000000000 ) ) ;
#1191 = AXIS2_PLACEMENT_3D ( 'NONE', #2936, #2565, #1823 ) ;
#1192 = LINE ( 'NONE', #3877, #2416 ) ;
#1193 = VECTOR ( 'NONE', #67, 1000.000000000000000 ) ;
#1194 = CARTESIAN_POINT ( 'NONE',  ( -0.2500000000000000000, -2.457099999999995177, -0.2500000000000000000 ) ) ;
#1195 = FACE_OUTER_BOUND ( 'NONE', #3684, .T. ) ;
#1196 = LINE ( 'NONE', #1927, #1202 ) ;
#1197 = PLANE ( 'NONE',  #3935 ) ;
#1198 = EDGE_LOOP ( 'NONE', ( #2922, #2515, #2803, #2164 ) ) ;
#1199 = LINE ( 'NONE', #3071, #547 ) ;
#1200 =( NAMED_UNIT ( * ) PLANE_ANGLE_UNIT ( ) SI_UNIT ( $, .RADIAN. ) );
#1201 = ORIENTED_EDGE ( 'NONE', *, *, #1964, .F. ) ;
#1202 = VECTOR ( 'NONE', #388, 1000.000000000000000 ) ;
#1203 = LINE ( 'NONE', #2703, #3391 ) ;
#1204 = ORIENTED_EDGE ( 'NONE', *, *, #725, .T. ) ;
#1205 = DIRECTION ( 'NONE',  ( -0.000000000000000000, -1.000000000000000000, -0.000000000000000000 ) ) ;
#1206 = ORIENTED_EDGE ( 'NONE', *, *, #2211, .F. ) ;
#1207 = DIRECTION ( 'NONE',  ( 0.000000000000000000, 1.000000000000000000, 0.000000000000000000 ) ) ;
#1208 = CARTESIAN_POINT ( 'NONE',  ( 0.000000000000000000, 2.000000000000000000, 0.6000000000000009770 ) ) ;
#1209 = ORIENTED_EDGE ( 'NONE', *, *, #2965, .F. ) ;
#1210 = SURFACE_STYLE_FILL_AREA ( #857 ) ;
#1211 = PLANE ( 'NONE',  #2871 ) ;
#1212 = DIRECTION ( 'NONE',  ( 0.000000000000000000, 1.000000000000000000, 0.000000000000000000 ) ) ;
#1213 = DIRECTION ( 'NONE',  ( 0.000000000000000000, -0.000000000000000000, 1.000000000000000000 ) ) ;
#1214 = CARTESIAN_POINT ( 'NONE',  ( 6.750000000000000000, 0.000000000000000000, 0.2500000000000006106 ) ) ;
#1215 = LINE ( 'NONE', #2809, #1177 ) ;
#1216 = CARTESIAN_POINT ( 'NONE',  ( 2.000000000000000000, 0.000000000000000000, 0.5999999999999997558 ) ) ;
#1217 = LINE ( 'NONE', #3141, #2587 ) ;
#1218 = ORIENTED_EDGE ( 'NONE', *, *, #93, .T. ) ;
#1219 = VECTOR ( 'NONE', #1647, 1000.000000000000000 ) ;
#1220 = ADVANCED_FACE ( 'NONE', ( #1886 ), #12, .T. ) ;
#1221 = CARTESIAN_POINT ( 'NONE',  ( -1.999999999999999112, 0.000000000000000000, 0.5999999999999997558 ) ) ;
#1222 = EDGE_LOOP ( 'NONE', ( #452, #3933, #912, #698 ) ) ;
#1223 = EDGE_CURVE ( 'NONE', #4538, #3780, #1148, .T. ) ;
#1224 = ADVANCED_FACE ( 'NONE', ( #3871 ), #2790, .F. ) ;
#1225 = DIRECTION ( 'NONE',  ( -0.9781476007338062439, -0.2079116908177567058, -0.000000000000000000 ) ) ;
#1226 = VERTEX_POINT ( 'NONE', #536 ) ;
#1227 = CARTESIAN_POINT ( 'NONE',  ( -4.750000000000000000, 0.000000000000000000, -0.2499999999999994171 ) ) ;
#1228 = CARTESIAN_POINT ( 'NONE',  ( 0.1771143550033493219, 5.599999999999999645, -0.2500000000000000000 ) ) ;
#1229 = ORIENTED_EDGE ( 'NONE', *, *, #4785, .T. ) ;
#1230 = CARTESIAN_POINT ( 'NONE',  ( -4.750000000000000000, 0.2999999999999999889, 0.2500000000000006106 ) ) ;
#1231 = ADVANCED_FACE ( 'NONE', ( #3895 ), #1238, .F. ) ;
#1232 = LINE ( 'NONE', #833, #842 ) ;
#1233 = PLANE ( 'NONE',  #4196 ) ;
#1234 = VECTOR ( 'NONE', #1622, 1000.000000000000000 ) ;
#1235 = CARTESIAN_POINT ( 'NONE',  ( 6.000000000000000000, 0.000000000000000000, -0.5999999999999987566 ) ) ;
#1236 = CARTESIAN_POINT ( 'NONE',  ( 2.750000000000000000, 0.000000000000000000, -0.2499999999999994171 ) ) ;
#1237 = CARTESIAN_POINT ( 'NONE',  ( -3.250000000000000444, 0.000000000000000000, -0.2499999999999994171 ) ) ;
#1238 = PLANE ( 'NONE',  #4863 ) ;
#1239 = ADVANCED_FACE ( 'NONE', ( #3216 ), #2056, .F. ) ;
#1240 = ORIENTED_EDGE ( 'NONE', *, *, #4204, .F. ) ;
#1241 = ORIENTED_EDGE ( 'NONE', *, *, #3122, .T. ) ;
#1242 = MECHANICAL_DESIGN_GEOMETRIC_PRESENTATION_REPRESENTATION (  '', ( #3220 ), #4741 ) ;
#1243 = VECTOR ( 'NONE', #1588, 1000.000000000000000 ) ;
#1244 = EDGE_CURVE ( 'NONE', #1405, #4666, #1609, .T. ) ;
#1245 = AXIS2_PLACEMENT_3D ( 'NONE', #1214, #2716, #2763 ) ;
#1246 = CARTESIAN_POINT ( 'NONE',  ( 4.000000000000000000, 0.2999999999999999889, -0.5999999999999992006 ) ) ;
#1247 = ORIENTED_EDGE ( 'NONE', *, *, #3937, .T. ) ;
#1248 = VERTEX_POINT ( 'NONE', #4651 ) ;
#1249 = AXIS2_PLACEMENT_3D ( 'NONE', #4285, #4656, #2007 ) ;
#1250 = UNCERTAINTY_MEASURE_WITH_UNIT (LENGTH_MEASURE( 1.000000000000000082E-05 ), #2294, 'distance_accuracy_value', 'NONE');
#1251 = CARTESIAN_POINT ( 'NONE',  ( -7.250000000000000000, 2.000000000000000000, 0.2500000000000006106 ) ) ;
#1252 = VECTOR ( 'NONE', #3821, 1000.000000000000114 ) ;
#1253 = DIRECTION ( 'NONE',  ( 0.7071067811865465735, 0.000000000000000000, 0.7071067811865484609 ) ) ;
#1254 = ORIENTED_EDGE ( 'NONE', *, *, #2972, .T. ) ;
#1255 = CARTESIAN_POINT ( 'NONE',  ( 3.250000000000000444, 0.2999999999999999889, 0.2500000000000006106 ) ) ;
#1256 = VECTOR ( 'NONE', #3428, 1000.000000000000000 ) ;
#1257 = PLANE ( 'NONE',  #4315 ) ;
#1258 = DIRECTION ( 'NONE',  ( -1.000000000000000000, 0.000000000000000000, 1.807003620809171920E-16 ) ) ;
#1259 = VECTOR ( 'NONE', #2426, 1000.000000000000000 ) ;
#1260 = PLANE ( 'NONE',  #1408 ) ;
#1261 =( GEOMETRIC_REPRESENTATION_CONTEXT ( 3 ) GLOBAL_UNCERTAINTY_ASSIGNED_CONTEXT ( ( #3082 ) ) GLOBAL_UNIT_ASSIGNED_CONTEXT ( ( #1449, #4057, #2557 ) ) REPRESENTATION_CONTEXT ( 'NONE', 'WORKASPACE' ) );
#1262 = FACE_BOUND ( 'NONE', #4383, .T. ) ;
#1263 = DIRECTION ( 'NONE',  ( -1.000000000000000000, 0.000000000000000000, 1.807003620809171920E-16 ) ) ;
#1264 = CARTESIAN_POINT ( 'NONE',  ( 6.750000000000000000, 0.2999999999999999889, 0.2500000000000006106 ) ) ;
#1265 = CARTESIAN_POINT ( 'NONE',  ( -2.750000000000000000, 0.000000000000000000, 0.2500000000000006106 ) ) ;
#1266 = ORIENTED_EDGE ( 'NONE', *, *, #4112, .F. ) ;
#1267 = ORIENTED_EDGE ( 'NONE', *, *, #1999, .T. ) ;
#1268 = LINE ( 'NONE', #2772, #779 ) ;
#1269 = LINE ( 'NONE', #4763, #4366 ) ;
#1270 = EDGE_LOOP ( 'NONE', ( #3171, #4005, #2141, #1534 ) ) ;
#1271 = EDGE_CURVE ( 'NONE', #344, #649, #4279, .T. ) ;
#1272 = ORIENTED_EDGE ( 'NONE', *, *, #2995, .F. ) ;
#1273 = VECTOR ( 'NONE', #458, 1000.000000000000000 ) ;
#1274 = CARTESIAN_POINT ( 'NONE',  ( -0.3999999999999984679, 0.000000000000000000, -0.9999999999999991118 ) ) ;
#1275 = DIRECTION ( 'NONE',  ( -0.000000000000000000, 0.000000000000000000, -1.000000000000000000 ) ) ;
#1276 = ORIENTED_EDGE ( 'NONE', *, *, #2907, .T. ) ;
#1277 =( LENGTH_UNIT ( ) NAMED_UNIT ( * ) SI_UNIT ( .MILLI., .METRE. ) );
#1278 = EDGE_CURVE ( 'NONE', #3941, #3851, #2812, .T. ) ;
#1279 = CARTESIAN_POINT ( 'NONE',  ( 0.2500000000000000000, 5.599999999999999645, 0.2500000000000000000 ) ) ;
#1280 = PLANE ( 'NONE',  #2580 ) ;
#1281 = ADVANCED_FACE ( 'NONE', ( #3496 ), #869, .F. ) ;
#1282 = CARTESIAN_POINT ( 'NONE',  ( -7.600000000000000533, 0.000000000000000000, 1.000000000000001332 ) ) ;
#1283 = CARTESIAN_POINT ( 'NONE',  ( 4.000000000000001776, 0.2999999999999999889, 0.5999999999999997558 ) ) ;
#1284 = LINE ( 'NONE', #192, #1023 ) ;
#1285 = DIRECTION ( 'NONE',  ( 0.000000000000000000, 1.000000000000000000, 0.000000000000000000 ) ) ;
#1286 = CARTESIAN_POINT ( 'NONE',  ( -8.000000000000000000, 0.2999999999999999889, -0.6000000000000004219 ) ) ;
#1287 = ORIENTED_EDGE ( 'NONE', *, *, #4855, .F. ) ;
#1288 = ORIENTED_EDGE ( 'NONE', *, *, #3879, .F. ) ;
#1289 = DIRECTION ( 'NONE',  ( 0.000000000000000000, -0.000000000000000000, 1.000000000000000000 ) ) ;
#1290 = CARTESIAN_POINT ( 'NONE',  ( 4.400000000000000355, 2.000000000000000000, -0.9999999999999988898 ) ) ;
#1291 = VERTEX_POINT ( 'NONE', #1339 ) ;
#1292 = VERTEX_POINT ( 'NONE', #2391 ) ;
#1293 = LINE ( 'NONE', #3954, #3943 ) ;
#1294 = SURFACE_STYLE_USAGE ( .BOTH. , #3633 ) ;
#1295 = EDGE_LOOP ( 'NONE', ( #881, #2414, #4042, #3458, #4164 ) ) ;
#1296 = DIRECTION ( 'NONE',  ( 1.000000000000000000, -0.000000000000000000, -0.000000000000000000 ) ) ;
#1297 = EDGE_CURVE ( 'NONE', #3006, #2927, #2079, .T. ) ;
#1298 = EDGE_CURVE ( 'NONE', #239, #704, #101, .T. ) ;
#1299 = CARTESIAN_POINT ( 'NONE',  ( -0.2500000000000000000, 2.000000000000000000, 0.2500000000000000000 ) ) ;
#1300 = ORIENTED_EDGE ( 'NONE', *, *, #3918, .F. ) ;
#1301 = DIRECTION ( 'NONE',  ( -0.000000000000000000, 1.000000000000000000, 0.000000000000000000 ) ) ;
#1302 = ORIENTED_EDGE ( 'NONE', *, *, #1244, .F. ) ;
#1303 = DIRECTION ( 'NONE',  ( -0.000000000000000000, 1.000000000000000000, 0.000000000000000000 ) ) ;
#1304 = EDGE_CURVE ( 'NONE', #4584, #3329, #1677, .T. ) ;
#1305 = ADVANCED_FACE ( 'NONE', ( #4351 ), #4725, .F. ) ;
#1306 = CARTESIAN_POINT ( 'NONE',  ( 7.600000000000001421, 2.000000000000000000, -0.9999999999999991118 ) ) ;
#1307 = CARTESIAN_POINT ( 'NONE',  ( 2.400000000000000355, 2.000000000000000000, -0.9999999999999988898 ) ) ;
#1308 = LINE ( 'NONE', #4278, #3296 ) ;
#1309 = DIRECTION ( 'NONE',  ( -0.000000000000000000, 0.000000000000000000, -1.000000000000000000 ) ) ;
#1310 = EDGE_LOOP ( 'NONE', ( #1055, #3675, #805, #2143, #2351 ) ) ;
#1311 = ORIENTED_EDGE ( 'NONE', *, *, #4710, .T. ) ;
#1312 = CARTESIAN_POINT ( 'NONE',  ( -0.2500000000000000000, -2.457099999999995177, 0.2500000000000000000 ) ) ;
#1313 = EDGE_CURVE ( 'NONE', #297, #1072, #3915, .T. ) ;
#1314 = PLANE ( 'NONE',  #2671 ) ;
#1315 = CARTESIAN_POINT ( 'NONE',  ( 8.000000000000000000, 0.000000000000000000, 0.6000000000000005329 ) ) ;
#1316 = ORIENTED_EDGE ( 'NONE', *, *, #1437, .T. ) ;
#1317 = VECTOR ( 'NONE', #3639, 1000.000000000000000 ) ;
#1318 = ORIENTED_EDGE ( 'NONE', *, *, #4772, .F. ) ;
#1319 = VECTOR ( 'NONE', #3165, 1000.000000000000000 ) ;
#1320 = AXIS2_PLACEMENT_3D ( 'NONE', #1312, #1225, #941 ) ;
#1321 = CARTESIAN_POINT ( 'NONE',  ( -1.250000000000000222, 2.000000000000000000, -0.2499999999999994171 ) ) ;
#1322 = ORIENTED_EDGE ( 'NONE', *, *, #4239, .T. ) ;
#1323 = DIRECTION ( 'NONE',  ( -1.000000000000000000, -0.000000000000000000, 1.807003620809171920E-16 ) ) ;
#1324 = VECTOR ( 'NONE', #3210, 1000.000000000000000 ) ;
#1325 = PRODUCT_DEFINITION_SHAPE ( 'NONE', 'NONE',  #4929 ) ;
#1326 = EDGE_CURVE ( 'NONE', #3501, #3505, #2003, .T. ) ;
#1327 = VECTOR ( 'NONE', #4290, 1000.000000000000000 ) ;
#1328 = DIRECTION ( 'NONE',  ( -1.000000000000000000, -0.000000000000000000, 1.807003620809171920E-16 ) ) ;
#1329 = ORIENTED_EDGE ( 'NONE', *, *, #4882, .F. ) ;
#1330 = DIRECTION ( 'NONE',  ( 0.000000000000000000, 0.000000000000000000, -1.000000000000000000 ) ) ;
#1331 = ORIENTED_EDGE ( 'NONE', *, *, #3583, .T. ) ;
#1332 = PLANE ( 'NONE',  #370 ) ;
#1333 = VECTOR ( 'NONE', #1835, 1000.000000000000000 ) ;
#1334 = EDGE_CURVE ( 'NONE', #4334, #2842, #3516, .T. ) ;
#1335 = CARTESIAN_POINT ( 'NONE',  ( -5.600000000000000533, 0.000000000000000000, 1.000000000000001332 ) ) ;
#1336 = VECTOR ( 'NONE', #3767, 1000.000000000000000 ) ;
#1337 = LINE ( 'NONE', #2739, #4439 ) ;
#1338 = CARTESIAN_POINT ( 'NONE',  ( 2.750000000000000000, 0.000000000000000000, 0.2500000000000006106 ) ) ;
#1339 = CARTESIAN_POINT ( 'NONE',  ( -0.1771143550033493219, -2.799999999999999822, -0.1771143550033493219 ) ) ;
#1340 = ORIENTED_EDGE ( 'NONE', *, *, #338, .T. ) ;
#1341 = VERTEX_POINT ( 'NONE', #3142 ) ;
#1342 = LINE ( 'NONE', #249, #2417 ) ;
#1343 = VECTOR ( 'NONE', #4906, 1000.000000000000000 ) ;
#1344 = ADVANCED_FACE ( 'NONE', ( #4678, #507 ), #2024, .T. ) ;
#1345 = CARTESIAN_POINT ( 'NONE',  ( -1.250000000000000222, 2.000000000000000000, 0.2500000000000006106 ) ) ;
#1346 = CARTESIAN_POINT ( 'NONE',  ( 0.000000000000000000, 0.000000000000000000, 0.6000000000000009770 ) ) ;
#1347 = DIRECTION ( 'NONE',  ( 1.807003620809171920E-16, -0.000000000000000000, 1.000000000000000000 ) ) ;
#1348 = EDGE_LOOP ( 'NONE', ( #120, #402, #2641, #2935 ) ) ;
#1349 = ORIENTED_EDGE ( 'NONE', *, *, #4239, .F. ) ;
#1350 = CARTESIAN_POINT ( 'NONE',  ( -8.000000000000000000, 0.2999999999999999889, 0.5999999999999997558 ) ) ;
#1351 = ORIENTED_EDGE ( 'NONE', *, *, #716, .T. ) ;
#1352 = LINE ( 'NONE', #3926, #1966 ) ;
#1353 = ORIENTED_EDGE ( 'NONE', *, *, #1751, .F. ) ;
#1354 = CARTESIAN_POINT ( 'NONE',  ( -3.600000000000000089, 0.000000000000000000, -0.9999999999999988898 ) ) ;
#1355 = CARTESIAN_POINT ( 'NONE',  ( 8.000000000000000000, 2.000000000000000000, 0.000000000000000000 ) ) ;
#1356 = EDGE_LOOP ( 'NONE', ( #3896, #662, #1913, #1229, #758 ) ) ;
#1357 = LINE ( 'NONE', #4013, #2019 ) ;
#1358 = EDGE_LOOP ( 'NONE', ( #1446, #4416, #4607, #654, #4806 ) ) ;
#1359 = PRODUCT_DEFINITION ( 'UNKNOWN', '', #2287, #1717 ) ;
#1360 = CARTESIAN_POINT ( 'NONE',  ( 8.000000000000000000, 0.000000000000000000, -0.6000000000000004219 ) ) ;
#1361 = LINE ( 'NONE', #2861, #3405 ) ;
#1362 = PLANE ( 'NONE',  #2781 ) ;
#1363 = CARTESIAN_POINT ( 'NONE',  ( -2.399999999999998579, 2.000000000000000000, -0.9999999999999991118 ) ) ;
#1364 = EDGE_LOOP ( 'NONE', ( #1678, #1004, #953, #2261 ) ) ;
#1365 = ORIENTED_EDGE ( 'NONE', *, *, #3397, .T. ) ;
#1366 = PLANE ( 'NONE',  #4856 ) ;
#1367 = EDGE_CURVE ( 'NONE', #3581, #2841, #1653, .T. ) ;
#1368 = DIRECTION ( 'NONE',  ( 0.7071067811865489050, 0.000000000000000000, -0.7071067811865461294 ) ) ;
#1369 = CARTESIAN_POINT ( 'NONE',  ( 6.000000000000000000, 0.000000000000000000, -0.5999999999999992006 ) ) ;
#1370 = DIRECTION ( 'NONE',  ( 0.000000000000000000, 0.000000000000000000, -1.000000000000000000 ) ) ;
#1371 = ORIENTED_EDGE ( 'NONE', *, *, #3798, .F. ) ;
#1372 = ADVANCED_FACE ( 'NONE', ( #2548 ), #4050, .F. ) ;
#1373 = EDGE_CURVE ( 'NONE', #3694, #3927, #2493, .T. ) ;
#1374 = EDGE_CURVE ( 'NONE', #3694, #3201, #684, .T. ) ;
#1375 = DIRECTION ( 'NONE',  ( -1.000000000000000000, -0.000000000000000000, -0.000000000000000000 ) ) ;
#1376 = ORIENTED_EDGE ( 'NONE', *, *, #4710, .F. ) ;
#1377 = PLANE ( 'NONE',  #4361 ) ;
#1378 = EDGE_LOOP ( 'NONE', ( #1371, #3963, #3046, #3604, #357 ) ) ;
#1379 = DIRECTION ( 'NONE',  ( 0.000000000000000000, -0.000000000000000000, 1.000000000000000000 ) ) ;
#1380 = VECTOR ( 'NONE', #1328, 1000.000000000000000 ) ;
#1381 = CARTESIAN_POINT ( 'NONE',  ( 4.750000000000000000, 0.000000000000000000, 0.2500000000000006106 ) ) ;
#1382 = VERTEX_POINT ( 'NONE', #4481 ) ;
#1383 = FACE_OUTER_BOUND ( 'NONE', #4869, .T. ) ;
#1384 = ORIENTED_EDGE ( 'NONE', *, *, #4241, .F. ) ;
#1385 = CARTESIAN_POINT ( 'NONE',  ( -5.250000000000000000, 0.000000000000000000, -0.2499999999999994171 ) ) ;
#1386 = CARTESIAN_POINT ( 'NONE',  ( -2.000000000000000000, 2.000000000000000000, 0.6000000000000009770 ) ) ;
#1387 = LINE ( 'NONE', #1776, #1162 ) ;
#1388 = CARTESIAN_POINT ( 'NONE',  ( 0.000000000000000000, 0.2999999999999999889, -0.6000000000000004219 ) ) ;
#1389 = VERTEX_POINT ( 'NONE', #636 ) ;
#1390 = ORIENTED_EDGE ( 'NONE', *, *, #3397, .F. ) ;
#1391 = DIRECTION ( 'NONE',  ( 0.000000000000000000, 0.000000000000000000, 1.000000000000000000 ) ) ;
#1392 = AXIS2_PLACEMENT_3D ( 'NONE', #226, #1368, #2868 ) ;
#1393 = EDGE_CURVE ( 'NONE', #1248, #2124, #2525, .T. ) ;
#1394 = DIRECTION ( 'NONE',  ( -0.7071067811865474617, -0.000000000000000000, 0.7071067811865474617 ) ) ;
#1395 = DIRECTION ( 'NONE',  ( -0.7071067811865475727, 0.000000000000000000, -0.7071067811865475727 ) ) ;
#1396 = ORIENTED_EDGE ( 'NONE', *, *, #724, .T. ) ;
#1397 = VECTOR ( 'NONE', #3870, 1000.000000000000000 ) ;
#1398 = EDGE_CURVE ( 'NONE', #286, #1050, #4022, .T. ) ;
#1399 = EDGE_CURVE ( 'NONE', #333, #1341, #1416, .T. ) ;
#1400 = VECTOR ( 'NONE', #3489, 1000.000000000000000 ) ;
#1401 = LINE ( 'NONE', #1862, #2277 ) ;
#1402 = ORIENTED_EDGE ( 'NONE', *, *, #2667, .T. ) ;
#1403 = DIRECTION ( 'NONE',  ( 0.000000000000000000, 0.000000000000000000, 1.000000000000000000 ) ) ;
#1404 = ORIENTED_EDGE ( 'NONE', *, *, #188, .T. ) ;
#1405 = VERTEX_POINT ( 'NONE', #1777 ) ;
#1406 = AXIS2_PLACEMENT_3D ( 'NONE', #702, #2240, #2979 ) ;
#1407 = CARTESIAN_POINT ( 'NONE',  ( 4.000000000000000000, 0.000000000000000000, 0.6000000000000009770 ) ) ;
#1408 = AXIS2_PLACEMENT_3D ( 'NONE', #4699, #835, #1673 ) ;
#1409 = EDGE_LOOP ( 'NONE', ( #4513, #1431, #748, #2903, #973 ) ) ;
#1410 = DIRECTION ( 'NONE',  ( -0.7071067811865462405, -0.000000000000000000, -0.7071067811865489050 ) ) ;
#1411 = VERTEX_POINT ( 'NONE', #3299 ) ;
#1412 = VECTOR ( 'NONE', #2482, 1000.000000000000000 ) ;
#1413 = DIRECTION ( 'NONE',  ( -0.000000000000000000, 1.000000000000000000, 0.000000000000000000 ) ) ;
#1414 = CARTESIAN_POINT ( 'NONE',  ( 6.000000000000000000, 2.000000000000000000, -0.5999999999999992006 ) ) ;
#1415 = CARTESIAN_POINT ( 'NONE',  ( 2.000000000000000000, 2.000000000000000000, -0.5999999999999992006 ) ) ;
#1416 = LINE ( 'NONE', #2101, #4696 ) ;
#1417 = ORIENTED_EDGE ( 'NONE', *, *, #1298, .F. ) ;
#1418 = VERTEX_POINT ( 'NONE', #4868 ) ;
#1419 = VECTOR ( 'NONE', #3223, 1000.000000000000000 ) ;
#1420 = LINE ( 'NONE', #1024, #4111 ) ;
#1421 = VECTOR ( 'NONE', #2837, 1000.000000000000000 ) ;
#1422 = COLOUR_RGB ( '',0.2509803921568627416, 0.2509803921568627416, 0.2509803921568627416 ) ;
#1423 = CARTESIAN_POINT ( 'NONE',  ( 5.600000000000000533, 0.000000000000000000, 1.000000000000001110 ) ) ;
#1424 = CARTESIAN_POINT ( 'NONE',  ( -6.000000000000000000, 0.000000000000000000, 0.5999999999999997558 ) ) ;
#1425 = EDGE_LOOP ( 'NONE', ( #1097, #745, #2799, #467 ) ) ;
#1426 = VECTOR ( 'NONE', #1901, 1000.000000000000114 ) ;
#1427 = PRODUCT_DEFINITION_FORMATION_WITH_SPECIFIED_SOURCE ( 'ANY', '', #3628, .NOT_KNOWN. ) ;
#1428 = CARTESIAN_POINT ( 'NONE',  ( -4.000000000000000000, 0.000000000000000000, -0.5999999999999992006 ) ) ;
#1429 = ORIENTED_EDGE ( 'NONE', *, *, #1881, .T. ) ;
#1430 = DIRECTION ( 'NONE',  ( 0.000000000000000000, 0.000000000000000000, 1.000000000000000000 ) ) ;
#1431 = ORIENTED_EDGE ( 'NONE', *, *, #3122, .F. ) ;
#1432 = CARTESIAN_POINT ( 'NONE',  ( -3.250000000000000444, 0.2999999999999999889, 0.2500000000000006106 ) ) ;
#1433 = EDGE_LOOP ( 'NONE', ( #568, #786, #3876, #2325 ) ) ;
#1434 = DIRECTION ( 'NONE',  ( 0.000000000000000000, 1.000000000000000000, 0.000000000000000000 ) ) ;
#1435 = ORIENTED_EDGE ( 'NONE', *, *, #2717, .F. ) ;
#1436 = LINE ( 'NONE', #4571, #1625 ) ;
#1437 = EDGE_CURVE ( 'NONE', #704, #2560, #4893, .T. ) ;
#1438 = VECTOR ( 'NONE', #411, 1000.000000000000000 ) ;
#1439 = FACE_OUTER_BOUND ( 'NONE', #4306, .T. ) ;
#1440 = ADVANCED_FACE ( 'NONE', ( #4072 ), #4781, .F. ) ;
#1441 = CARTESIAN_POINT ( 'NONE',  ( -8.000000000000000000, 0.000000000000000000, 0.6000000000000009770 ) ) ;
#1442 = DIRECTION ( 'NONE',  ( 0.000000000000000000, 1.000000000000000000, 0.000000000000000000 ) ) ;
#1443 = DIRECTION ( 'NONE',  ( 0.000000000000000000, 0.000000000000000000, 1.000000000000000000 ) ) ;
#1444 = ORIENTED_EDGE ( 'NONE', *, *, #3118, .T. ) ;
#1445 = CARTESIAN_POINT ( 'NONE',  ( 4.399999999999999467, 2.000000000000000000, 1.000000000000001332 ) ) ;
#1446 = ORIENTED_EDGE ( 'NONE', *, *, #976, .F. ) ;
#1447 = CARTESIAN_POINT ( 'NONE',  ( -6.000000000000000000, 2.000000000000000000, -0.5999999999999987566 ) ) ;
#1448 = LINE ( 'NONE', #4510, #3632 ) ;
#1449 =( LENGTH_UNIT ( ) NAMED_UNIT ( * ) SI_UNIT ( .MILLI., .METRE. ) );
#1450 = EDGE_LOOP ( 'NONE', ( #2042, #1969, #4657, #965, #3586 ) ) ;
#1451 = CLOSED_SHELL ( 'NONE', ( #3349, #51, #1832, #2691, #949, #2259, #4284, #4295, #4658, #3512, #212, #858, #2521, #2475, #4147, #3176, #4476, #589 ) ) ;
#1452 = CARTESIAN_POINT ( 'NONE',  ( -8.000000000000000000, 0.000000000000000000, -0.5999999999999987566 ) ) ;
#1453 = EDGE_LOOP ( 'NONE', ( #3157, #2582, #1331, #1861, #2064 ) ) ;
#1454 = VERTEX_POINT ( 'NONE', #2840 ) ;
#1455 = FACE_OUTER_BOUND ( 'NONE', #1704, .T. ) ;
#1456 = ORIENTED_EDGE ( 'NONE', *, *, #8, .F. ) ;
#1457 = EDGE_CURVE ( 'NONE', #3780, #3427, #661, .T. ) ;
#1458 = CARTESIAN_POINT ( 'NONE',  ( -1.999999999999999112, 0.000000000000000000, 0.6000000000000005329 ) ) ;
#1459 = EDGE_LOOP ( 'NONE', ( #4754, #4262, #519, #2834 ) ) ;
#1460 = LINE ( 'NONE', #3036, #3303 ) ;
#1461 = ADVANCED_FACE ( 'NONE', ( #4375 ), #3996, .T. ) ;
#1462 = DIRECTION ( 'NONE',  ( 0.000000000000000000, 0.000000000000000000, -1.000000000000000000 ) ) ;
#1463 = CARTESIAN_POINT ( 'NONE',  ( -3.250000000000000444, 0.2999999999999999889, 0.2500000000000006106 ) ) ;
#1464 = PLANE ( 'NONE',  #2974 ) ;
#1465 = CARTESIAN_POINT ( 'NONE',  ( 6.750000000000000000, 0.000000000000000000, -0.2499999999999994171 ) ) ;
#1466 = CARTESIAN_POINT ( 'NONE',  ( -7.250000000000000000, 0.000000000000000000, 0.2500000000000006106 ) ) ;
#1467 = EDGE_CURVE ( 'NONE', #3427, #1870, #3673, .T. ) ;
#1468 = ORIENTED_EDGE ( 'NONE', *, *, #2162, .T. ) ;
#1469 = CARTESIAN_POINT ( 'NONE',  ( 4.750000000000000000, 0.2999999999999999889, -0.2499999999999994171 ) ) ;
#1470 = CARTESIAN_POINT ( 'NONE',  ( 6.000000000000000000, 0.000000000000000000, -0.5999999999999987566 ) ) ;
#1471 = FILL_AREA_STYLE ('',( #4842 ) ) ;
#1472 = ORIENTED_EDGE ( 'NONE', *, *, #1971, .T. ) ;
#1473 = DIRECTION ( 'NONE',  ( -1.000000000000000000, 0.000000000000000000, 0.000000000000000000 ) ) ;
#1474 = VERTEX_POINT ( 'NONE', #295 ) ;
#1475 = VERTEX_POINT ( 'NONE', #246 ) ;
#1476 = CARTESIAN_POINT ( 'NONE',  ( -0.2500000000000000000, 5.599999999999999645, 0.2500000000000000000 ) ) ;
#1477 = ORIENTED_EDGE ( 'NONE', *, *, #1951, .F. ) ;
#1478 = VECTOR ( 'NONE', #2571, 1000.000000000000000 ) ;
#1479 = PLANE ( 'NONE',  #1811 ) ;
#1480 = EDGE_LOOP ( 'NONE', ( #3355, #1180, #808, #2178 ) ) ;
#1481 = CARTESIAN_POINT ( 'NONE',  ( 0.3999999999999993006, 2.000000000000000000, 1.000000000000001332 ) ) ;
#1482 = VECTOR ( 'NONE', #1296, 1000.000000000000000 ) ;
#1483 = EDGE_CURVE ( 'NONE', #4466, #2139, #2154, .T. ) ;
#1484 = PRODUCT_DEFINITION_SHAPE ( 'NONE', 'NONE',  #4935 ) ;
#1485 = CARTESIAN_POINT ( 'NONE',  ( 0.000000000000000000, 2.000000000000000000, -0.5999999999999987566 ) ) ;
#1486 = CARTESIAN_POINT ( 'NONE',  ( 0.000000000000000000, 0.000000000000000000, 0.6000000000000009770 ) ) ;
#1487 = CARTESIAN_POINT ( 'NONE',  ( 2.000000000000000000, 0.000000000000000000, 0.000000000000000000 ) ) ;
#1488 = CARTESIAN_POINT ( 'NONE',  ( -3.999999999999998224, 0.2999999999999999889, 0.5999999999999997558 ) ) ;
#1489 = CARTESIAN_POINT ( 'NONE',  ( -7.250000000000000000, 0.2999999999999999889, 0.2500000000000006106 ) ) ;
#1490 = VECTOR ( 'NONE', #403, 1000.000000000000000 ) ;
#1491 = EDGE_CURVE ( 'NONE', #841, #4193, #3247, .T. ) ;
#1492 = ORIENTED_EDGE ( 'NONE', *, *, #766, .F. ) ;
#1493 = VECTOR ( 'NONE', #2778, 1000.000000000000000 ) ;
#1494 = FACE_OUTER_BOUND ( 'NONE', #1021, .T. ) ;
#1495 = DIRECTION ( 'NONE',  ( 0.000000000000000000, 1.000000000000000000, 0.000000000000000000 ) ) ;
#1496 = LINE ( 'NONE', #3000, #154 ) ;
#1497 = ORIENTED_EDGE ( 'NONE', *, *, #2120, .F. ) ;
#1498 = VECTOR ( 'NONE', #2388, 1000.000000000000000 ) ;
#1499 = ADVANCED_FACE ( 'NONE', ( #608 ), #2863, .F. ) ;
#1500 = VECTOR ( 'NONE', #2232, 1000.000000000000000 ) ;
#1501 = CARTESIAN_POINT ( 'NONE',  ( -8.000000000000000000, 0.000000000000000000, -0.6000000000000004219 ) ) ;
#1502 = ORIENTED_EDGE ( 'NONE', *, *, #564, .T. ) ;
#1503 = EDGE_CURVE ( 'NONE', #708, #1248, #3648, .T. ) ;
#1504 = COLOUR_RGB ( '',1.000000000000000000, 0.8117647058823529438, 0.5019607843137254832 ) ;
#1505 = DIRECTION ( 'NONE',  ( 0.000000000000000000, 0.000000000000000000, 1.000000000000000000 ) ) ;
#1506 = ORIENTED_EDGE ( 'NONE', *, *, #942, .T. ) ;
#1507 = CARTESIAN_POINT ( 'NONE',  ( 0.4000000000000001887, 2.000000000000000000, -0.9999999999999988898 ) ) ;
#1508 = VERTEX_POINT ( 'NONE', #1020 ) ;
#1509 = DIRECTION ( 'NONE',  ( 1.807003620809171920E-16, -0.000000000000000000, 1.000000000000000000 ) ) ;
#1510 = VERTEX_POINT ( 'NONE', #4180 ) ;
#1511 = DIRECTION ( 'NONE',  ( 0.000000000000000000, 1.000000000000000000, 0.000000000000000000 ) ) ;
#1512 = LINE ( 'NONE', #3014, #3262 ) ;
#1513 = DIRECTION ( 'NONE',  ( 0.000000000000000000, 0.000000000000000000, -1.000000000000000000 ) ) ;
#1514 = LINE ( 'NONE', #738, #208 ) ;
#1515 = CARTESIAN_POINT ( 'NONE',  ( -8.000000000000000000, 0.000000000000000000, -0.5999999999999987566 ) ) ;
#1516 = LINE ( 'NONE', #4181, #4746 ) ;
#1517 = AXIS2_PLACEMENT_3D ( 'NONE', #1388, #4804, #3723 ) ;
#1518 = DIRECTION ( 'NONE',  ( 0.7071067811865472397, 0.000000000000000000, -0.7071067811865479058 ) ) ;
#1519 = LINE ( 'NONE', #3021, #1252 ) ;
#1520 = CARTESIAN_POINT ( 'NONE',  ( -1.250000000000000222, 0.2999999999999999889, 0.2500000000000006106 ) ) ;
#1521 = CARTESIAN_POINT ( 'NONE',  ( -0.3999999999999993006, 0.000000000000000000, 1.000000000000001110 ) ) ;
#1522 = ORIENTED_EDGE ( 'NONE', *, *, #1297, .F. ) ;
#1523 = ADVANCED_FACE ( 'NONE', ( #813 ), #4207, .T. ) ;
#1524 = ADVANCED_FACE ( 'NONE', ( #3063 ), #3447, .T. ) ;
#1525 = LINE ( 'NONE', #1501, #1719 ) ;
#1526 = VERTEX_POINT ( 'NONE', #3839 ) ;
#1527 = ORIENTED_EDGE ( 'NONE', *, *, #2702, .F. ) ;
#1528 = DIRECTION ( 'NONE',  ( 0.000000000000000000, 1.000000000000000000, 0.000000000000000000 ) ) ;
#1529 = ORIENTED_EDGE ( 'NONE', *, *, #279, .F. ) ;
#1530 = EDGE_CURVE ( 'NONE', #2653, #3973, #3425, .T. ) ;
#1531 = EDGE_CURVE ( 'NONE', #2805, #1870, #432, .T. ) ;
#1532 = LINE ( 'NONE', #4223, #2825 ) ;
#1533 = CARTESIAN_POINT ( 'NONE',  ( 6.000000000000000000, 0.000000000000000000, 0.6000000000000009770 ) ) ;
#1534 = ORIENTED_EDGE ( 'NONE', *, *, #1304, .T. ) ;
#1535 = DIRECTION ( 'NONE',  ( 0.000000000000000000, 0.000000000000000000, -1.000000000000000000 ) ) ;
#1536 = DIRECTION ( 'NONE',  ( 0.000000000000000000, -0.000000000000000000, 1.000000000000000000 ) ) ;
#1537 = DIRECTION ( 'NONE',  ( 0.000000000000000000, -0.000000000000000000, 1.000000000000000000 ) ) ;
#1538 = DIRECTION ( 'NONE',  ( -0.7071067811865475727, 0.000000000000000000, -0.7071067811865475727 ) ) ;
#1539 = PLANE ( 'NONE',  #598 ) ;
#1540 =( REPRESENTATION_RELATIONSHIP ('NONE','NONE', #3532, #30 ) REPRESENTATION_RELATIONSHIP_WITH_TRANSFORMATION ( #1917 )SHAPE_REPRESENTATION_RELATIONSHIP( ) );
#1541 = LINE ( 'NONE', #9, #3502 ) ;
#1542 = CARTESIAN_POINT ( 'NONE',  ( 2.000000000000000000, 0.2999999999999999889, 0.5999999999999997558 ) ) ;
#1543 = CARTESIAN_POINT ( 'NONE',  ( 2.000000000000000000, 2.000000000000000000, -0.5999999999999987566 ) ) ;
#1544 = PRESENTATION_STYLE_ASSIGNMENT (( #417 ) ) ;
#1545 = ORIENTED_EDGE ( 'NONE', *, *, #2485, .T. ) ;
#1546 = EDGE_CURVE ( 'NONE', #1389, #4134, #1196, .T. ) ;
#1547 = LINE ( 'NONE', #2305, #2592 ) ;
#1548 = ORIENTED_EDGE ( 'NONE', *, *, #3207, .F. ) ;
#1549 = ORIENTED_EDGE ( 'NONE', *, *, #2776, .T. ) ;
#1550 = DIRECTION ( 'NONE',  ( 0.000000000000000000, -0.000000000000000000, 1.000000000000000000 ) ) ;
#1551 = ORIENTED_EDGE ( 'NONE', *, *, #1271, .T. ) ;
#1552 = EDGE_CURVE ( 'NONE', #180, #232, #1877, .T. ) ;
#1553 = DIRECTION ( 'NONE',  ( -0.000000000000000000, 1.000000000000000000, 0.000000000000000000 ) ) ;
#1554 = DIRECTION ( 'NONE',  ( 0.7071067811865489050, 0.000000000000000000, -0.7071067811865461294 ) ) ;
#1555 = ORIENTED_EDGE ( 'NONE', *, *, #3143, .T. ) ;
#1556 = CARTESIAN_POINT ( 'NONE',  ( 1.250000000000000222, 0.000000000000000000, 0.2500000000000006106 ) ) ;
#1557 =( GEOMETRIC_REPRESENTATION_CONTEXT ( 3 ) GLOBAL_UNCERTAINTY_ASSIGNED_CONTEXT ( ( #1250 ) ) GLOBAL_UNIT_ASSIGNED_CONTEXT ( ( #2294, #3322, #1 ) ) REPRESENTATION_CONTEXT ( 'NONE', 'WORKASPACE' ) );
#1558 = PLANE ( 'NONE',  #1868 ) ;
#1559 = CARTESIAN_POINT ( 'NONE',  ( 0.000000000000000000, -2.799999999999999822, 0.000000000000000000 ) ) ;
#1560 = LINE ( 'NONE', #433, #4345 ) ;
#1561 = VECTOR ( 'NONE', #1323, 1000.000000000000000 ) ;
#1562 = ORIENTED_EDGE ( 'NONE', *, *, #3124, .T. ) ;
#1563 =( NAMED_UNIT ( * ) SI_UNIT ( $, .STERADIAN. ) SOLID_ANGLE_UNIT ( ) );
#1564 = PLANE ( 'NONE',  #2686 ) ;
#1565 = VERTEX_POINT ( 'NONE', #4130 ) ;
#1566 = AXIS2_PLACEMENT_3D ( 'NONE', #4131, #814, #3354 ) ;
#1567 = VECTOR ( 'NONE', #844, 1000.000000000000000 ) ;
#1568 = CARTESIAN_POINT ( 'NONE',  ( -2.000000000000000000, 0.000000000000000000, -0.5999999999999992006 ) ) ;
#1569 = ORIENTED_EDGE ( 'NONE', *, *, #548, .T. ) ;
#1570 = DIRECTION ( 'NONE',  ( 0.000000000000000000, 0.000000000000000000, 1.000000000000000000 ) ) ;
#1571 = DIRECTION ( 'NONE',  ( 1.000000000000000000, 0.000000000000000000, -7.228014483236698528E-16 ) ) ;
#1572 = ORIENTED_EDGE ( 'NONE', *, *, #4915, .F. ) ;
#1573 = VECTOR ( 'NONE', #4324, 1000.000000000000000 ) ;
#1574 = AXIS2_PLACEMENT_3D ( 'NONE', #2960, #788, #316 ) ;
#1575 =( GEOMETRIC_REPRESENTATION_CONTEXT ( 3 ) GLOBAL_UNCERTAINTY_ASSIGNED_CONTEXT ( ( #3959 ) ) GLOBAL_UNIT_ASSIGNED_CONTEXT ( ( #2535, #1130, #4165 ) ) REPRESENTATION_CONTEXT ( 'NONE', 'WORKASPACE' ) );
#1576 = DIRECTION ( 'NONE',  ( 0.000000000000000000, 1.000000000000000000, 0.000000000000000000 ) ) ;
#1577 = CARTESIAN_POINT ( 'NONE',  ( -4.000000000000000000, 0.000000000000000000, 0.5999999999999997558 ) ) ;
#1578 = VERTEX_POINT ( 'NONE', #1906 ) ;
#1579 = LINE ( 'NONE', #4009, #1561 ) ;
#1580 = CARTESIAN_POINT ( 'NONE',  ( 1.250000000000000222, 0.000000000000000000, 0.2500000000000006106 ) ) ;
#1581 = EDGE_CURVE ( 'NONE', #3521, #3941, #28, .T. ) ;
#1582 = CARTESIAN_POINT ( 'NONE',  ( -6.750000000000000000, 0.000000000000000000, 0.2500000000000006106 ) ) ;
#1583 = FACE_OUTER_BOUND ( 'NONE', #3267, .T. ) ;
#1584 = DIRECTION ( 'NONE',  ( 0.000000000000000000, -0.000000000000000000, 1.000000000000000000 ) ) ;
#1585 = EDGE_CURVE ( 'NONE', #1341, #4234, #2694, .T. ) ;
#1586 = ADVANCED_FACE ( 'NONE', ( #4600 ), #3017, .T. ) ;
#1587 = DIRECTION ( 'NONE',  ( 1.807003620809171920E-16, -0.000000000000000000, 1.000000000000000000 ) ) ;
#1588 = DIRECTION ( 'NONE',  ( 1.000000000000000000, -0.000000000000000000, -0.000000000000000000 ) ) ;
#1589 = DIRECTION ( 'NONE',  ( -0.7071067811865461294, 0.000000000000000000, -0.7071067811865489050 ) ) ;
#1590 = ORIENTED_EDGE ( 'NONE', *, *, #4477, .F. ) ;
#1591 = ADVANCED_FACE ( 'NONE', ( #3748 ), #4554, .F. ) ;
#1592 = DIRECTION ( 'NONE',  ( 0.000000000000000000, 0.000000000000000000, 1.000000000000000000 ) ) ;
#1593 = ORIENTED_EDGE ( 'NONE', *, *, #2864, .F. ) ;
#1594 = FACE_OUTER_BOUND ( 'NONE', #1480, .T. ) ;
#1595 = ORIENTED_EDGE ( 'NONE', *, *, #4861, .F. ) ;
#1596 = CARTESIAN_POINT ( 'NONE',  ( 3.600000000000000977, 0.000000000000000000, 1.000000000000001110 ) ) ;
#1597 = CARTESIAN_POINT ( 'NONE',  ( -8.000000000000000000, 0.2999999999999999889, 0.5999999999999997558 ) ) ;
#1598 = ORIENTED_EDGE ( 'NONE', *, *, #3825, .T. ) ;
#1599 = PRESENTATION_STYLE_ASSIGNMENT (( #1970 ) ) ;
#1600 = EDGE_CURVE ( 'NONE', #222, #4774, #3769, .T. ) ;
#1601 = ADVANCED_FACE ( 'NONE', ( #1949 ), #3471, .F. ) ;
#1602 = LINE ( 'NONE', #2733, #3508 ) ;
#1603 = PLANE ( 'NONE',  #3527 ) ;
#1604 = CARTESIAN_POINT ( 'NONE',  ( -6.399999999999998579, 0.000000000000000000, -0.9999999999999991118 ) ) ;
#1605 = EDGE_CURVE ( 'NONE', #2927, #1248, #4505, .T. ) ;
#1606 = LINE ( 'NONE', #4674, #2908 ) ;
#1607 = DIRECTION ( 'NONE',  ( 1.000000000000000000, 0.000000000000000000, 0.000000000000000000 ) ) ;
#1608 = CARTESIAN_POINT ( 'NONE',  ( 0.000000000000000000, 0.000000000000000000, 0.5999999999999997558 ) ) ;
#1609 = LINE ( 'NONE', #2741, #236 ) ;
#1610 = ORIENTED_EDGE ( 'NONE', *, *, #1844, .F. ) ;
#1611 = VECTOR ( 'NONE', #160, 1000.000000000000114 ) ;
#1612 = EDGE_CURVE ( 'NONE', #3409, #2420, #3374, .T. ) ;
#1613 = CARTESIAN_POINT ( 'NONE',  ( -0.7499999999999997780, 2.000000000000000000, 0.2500000000000006106 ) ) ;
#1614 = VERTEX_POINT ( 'NONE', #1488 ) ;
#1615 = CONTEXT_DEPENDENT_SHAPE_REPRESENTATION ( #4595, #974 ) ;
#1616 = VERTEX_POINT ( 'NONE', #4530 ) ;
#1617 = LINE ( 'NONE', #4664, #3540 ) ;
#1618 = FACE_OUTER_BOUND ( 'NONE', #4243, .T. ) ;
#1619 = ORIENTED_EDGE ( 'NONE', *, *, #4694, .T. ) ;
#1620 = VECTOR ( 'NONE', #4104, 1000.000000000000000 ) ;
#1621 = FACE_OUTER_BOUND ( 'NONE', #4542, .T. ) ;
#1622 = DIRECTION ( 'NONE',  ( -0.000000000000000000, 0.000000000000000000, 1.000000000000000000 ) ) ;
#1623 = DIRECTION ( 'NONE',  ( -0.000000000000000000, -1.000000000000000000, -0.000000000000000000 ) ) ;
#1624 = EDGE_CURVE ( 'NONE', #3181, #2560, #1119, .T. ) ;
#1625 = VECTOR ( 'NONE', #1511, 1000.000000000000000 ) ;
#1626 = CARTESIAN_POINT ( 'NONE',  ( -3.600000000000000977, 0.000000000000000000, 1.000000000000001332 ) ) ;
#1627 = DIRECTION ( 'NONE',  ( -1.000000000000000000, 0.000000000000000000, 0.000000000000000000 ) ) ;
#1628 = LINE ( 'NONE', #2023, #1319 ) ;
#1629 = DIRECTION ( 'NONE',  ( 0.000000000000000000, 1.000000000000000000, 0.000000000000000000 ) ) ;
#1630 = EDGE_LOOP ( 'NONE', ( #1902, #4475, #3811, #4764 ) ) ;
#1631 = ORIENTED_EDGE ( 'NONE', *, *, #3067, .T. ) ;
#1632 = EDGE_CURVE ( 'NONE', #3546, #2805, #739, .T. ) ;
#1633 = VECTOR ( 'NONE', #4795, 1000.000000000000000 ) ;
#1634 = VECTOR ( 'NONE', #4075, 1000.000000000000000 ) ;
#1635 = LINE ( 'NONE', #565, #1183 ) ;
#1636 = VERTEX_POINT ( 'NONE', #1975 ) ;
#1637 = EDGE_CURVE ( 'NONE', #2156, #2842, #76, .T. ) ;
#1638 = ORIENTED_EDGE ( 'NONE', *, *, #1223, .F. ) ;
#1639 = VECTOR ( 'NONE', #3454, 1000.000000000000000 ) ;
#1640 = ADVANCED_FACE ( 'NONE', ( #1583, #3090 ), #834, .F. ) ;
#1641 = LINE ( 'NONE', #2826, #1412 ) ;
#1642 = VECTOR ( 'NONE', #887, 1000.000000000000000 ) ;
#1643 = CARTESIAN_POINT ( 'NONE',  ( 2.000000000000000000, 0.2999999999999999889, 0.5999999999999997558 ) ) ;
#1644 = ORIENTED_EDGE ( 'NONE', *, *, #3276, .F. ) ;
#1645 = PLANE ( 'NONE',  #4662 ) ;
#1646 = VECTOR ( 'NONE', #3350, 1000.000000000000114 ) ;
#1647 = DIRECTION ( 'NONE',  ( -0.000000000000000000, -1.000000000000000000, -0.000000000000000000 ) ) ;
#1648 = FACE_OUTER_BOUND ( 'NONE', #418, .T. ) ;
#1649 = LINE ( 'NONE', #906, #771 ) ;
#1650 = DIRECTION ( 'NONE',  ( 1.000000000000000000, -0.000000000000000000, -0.000000000000000000 ) ) ;
#1651 = CARTESIAN_POINT ( 'NONE',  ( 4.000000000000000000, 0.2999999999999999889, 0.5999999999999997558 ) ) ;
#1652 = CARTESIAN_POINT ( 'NONE',  ( 8.000000000000001776, 0.2999999999999999889, 0.5999999999999997558 ) ) ;
#1653 = LINE ( 'NONE', #2942, #4296 ) ;
#1654 = ORIENTED_EDGE ( 'NONE', *, *, #4561, .T. ) ;
#1655 = ORIENTED_EDGE ( 'NONE', *, *, #1374, .F. ) ;
#1656 = DIRECTION ( 'NONE',  ( -1.000000000000000000, 0.000000000000000000, 0.000000000000000000 ) ) ;
#1657 = LINE ( 'NONE', #2214, #944 ) ;
#1658 = VERTEX_POINT ( 'NONE', #2339 ) ;
#1659 = ORIENTED_EDGE ( 'NONE', *, *, #41, .T. ) ;
#1660 = EDGE_CURVE ( 'NONE', #4336, #1614, #2715, .T. ) ;
#1661 = AXIS2_PLACEMENT_3D ( 'NONE', #1465, #2963, #1854 ) ;
#1662 = VECTOR ( 'NONE', #4303, 1000.000000000000000 ) ;
#1663 = DIRECTION ( 'NONE',  ( 0.7071067811865489050, 0.000000000000000000, -0.7071067811865461294 ) ) ;
#1664 =( NAMED_UNIT ( * ) SI_UNIT ( $, .STERADIAN. ) SOLID_ANGLE_UNIT ( ) );
#1665 = ORIENTED_EDGE ( 'NONE', *, *, #1668, .F. ) ;
#1666 = CARTESIAN_POINT ( 'NONE',  ( -5.599999999999999645, 2.000000000000000000, -0.9999999999999988898 ) ) ;
#1667 = EDGE_CURVE ( 'NONE', #1474, #4267, #251, .T. ) ;
#1668 = EDGE_CURVE ( 'NONE', #722, #2420, #3334, .T. ) ;
#1669 = LINE ( 'NONE', #1279, #1219 ) ;
#1670 = EDGE_LOOP ( 'NONE', ( #1266, #4138, #331, #2774 ) ) ;
#1671 = DIRECTION ( 'NONE',  ( -0.000000000000000000, 0.000000000000000000, 1.000000000000000000 ) ) ;
#1672 = ORIENTED_EDGE ( 'NONE', *, *, #4694, .F. ) ;
#1673 = DIRECTION ( 'NONE',  ( 0.000000000000000000, -0.000000000000000000, 1.000000000000000000 ) ) ;
#1674 = DIRECTION ( 'NONE',  ( -1.807003620809171920E-16, 0.000000000000000000, -1.000000000000000000 ) ) ;
#1675 = PLANE ( 'NONE',  #4032 ) ;
#1676 = LINE ( 'NONE', #2789, #4824 ) ;
#1677 = LINE ( 'NONE', #3116, #1982 ) ;
#1678 = ORIENTED_EDGE ( 'NONE', *, *, #3411, .T. ) ;
#1679 = ORIENTED_EDGE ( 'NONE', *, *, #4151, .F. ) ;
#1680 = LINE ( 'NONE', #2726, #3222 ) ;
#1681 = DIRECTION ( 'NONE',  ( 0.2035585949527762561, 0.9576678948579737671, -0.2035585949527762561 ) ) ;
#1682 = DIRECTION ( 'NONE',  ( 0.000000000000000000, 0.000000000000000000, 1.000000000000000000 ) ) ;
#1683 = ORIENTED_EDGE ( 'NONE', *, *, #4406, .T. ) ;
#1684 = ORIENTED_EDGE ( 'NONE', *, *, #1945, .T. ) ;
#1685 = EDGE_CURVE ( 'NONE', #1636, #297, #4000, .T. ) ;
#1686 = VECTOR ( 'NONE', #3320, 1000.000000000000000 ) ;
#1687 = DIRECTION ( 'NONE',  ( 1.000000000000000000, 0.000000000000000000, -0.000000000000000000 ) ) ;
#1688 = FILL_AREA_STYLE_COLOUR ( '', #1422 ) ;
#1689 = ORIENTED_EDGE ( 'NONE', *, *, #3602, .F. ) ;
#1690 = CARTESIAN_POINT ( 'NONE',  ( -0.7499999999999997780, 2.000000000000000000, -0.2499999999999994171 ) ) ;
#1691 = ORIENTED_EDGE ( 'NONE', *, *, #4887, .F. ) ;
#1692 = EDGE_CURVE ( 'NONE', #396, #1418, #4463, .T. ) ;
#1693 = DIRECTION ( 'NONE',  ( 0.7071067811865465735, 0.000000000000000000, 0.7071067811865484609 ) ) ;
#1694 = ORIENTED_EDGE ( 'NONE', *, *, #1006, .F. ) ;
#1695 = LINE ( 'NONE', #2172, #4188 ) ;
#1696 = ORIENTED_EDGE ( 'NONE', *, *, #3118, .F. ) ;
#1697 = EDGE_CURVE ( 'NONE', #570, #1405, #2576, .T. ) ;
#1698 = CARTESIAN_POINT ( 'NONE',  ( 14.00000000000000000, 0.000000000000000000, 0.000000000000000000 ) ) ;
#1699 = FACE_OUTER_BOUND ( 'NONE', #476, .T. ) ;
#1700 = DIRECTION ( 'NONE',  ( 0.000000000000000000, 1.000000000000000000, 0.000000000000000000 ) ) ;
#1701 = CARTESIAN_POINT ( 'NONE',  ( 0.000000000000000000, 0.000000000000000000, -0.5999999999999987566 ) ) ;
#1702 = DIRECTION ( 'NONE',  ( 0.000000000000000000, 0.000000000000000000, 1.000000000000000000 ) ) ;
#1703 = VERTEX_POINT ( 'NONE', #667 ) ;
#1704 = EDGE_LOOP ( 'NONE', ( #4438, #3596, #1858, #2634, #1087 ) ) ;
#1705 = DIRECTION ( 'NONE',  ( -7.228014483236698528E-16, 0.000000000000000000, -1.000000000000000000 ) ) ;
#1706 = PLANE ( 'NONE',  #1883 ) ;
#1707 = DIRECTION ( 'NONE',  ( 0.000000000000000000, 1.000000000000000000, 0.000000000000000000 ) ) ;
#1708 = ORIENTED_EDGE ( 'NONE', *, *, #3256, .T. ) ;
#1709 = VECTOR ( 'NONE', #1671, 1000.000000000000000 ) ;
#1710 = ORIENTED_EDGE ( 'NONE', *, *, #1042, .F. ) ;
#1711 = PRESENTATION_LAYER_ASSIGNMENT (  '', '', ( #3857 ) ) ;
#1712 = CARTESIAN_POINT ( 'NONE',  ( 4.750000000000000000, 0.2999999999999999889, -0.2499999999999994171 ) ) ;
#1713 = ORIENTED_EDGE ( 'NONE', *, *, #2879, .F. ) ;
#1714 = EDGE_LOOP ( 'NONE', ( #2239, #870, #4256, #1920 ) ) ;
#1715 = CARTESIAN_POINT ( 'NONE',  ( 6.000000000000000000, 2.000000000000000000, 0.6000000000000009770 ) ) ;
#1716 = AXIS2_PLACEMENT_3D ( 'NONE', #3457, #3480, #1550 ) ;
#1717 = PRODUCT_DEFINITION_CONTEXT ( 'detailed design', #510, 'design' ) ;
#1718 = PRODUCT_DEFINITION_SHAPE ( 'NONE', 'NONE',  #4927 ) ;
#1719 = VECTOR ( 'NONE', #1150, 1000.000000000000000 ) ;
#1720 = DIRECTION ( 'NONE',  ( 1.000000000000000000, 0.000000000000000000, 0.000000000000000000 ) ) ;
#1721 = ORIENTED_EDGE ( 'NONE', *, *, #4321, .T. ) ;
#1722 = LINE ( 'NONE', #3689, #1317 ) ;
#1723 = VECTOR ( 'NONE', #4323, 1000.000000000000000 ) ;
#1724 = ORIENTED_EDGE ( 'NONE', *, *, #4015, .T. ) ;
#1725 = VECTOR ( 'NONE', #3114, 1000.000000000000000 ) ;
#1726 = EDGE_CURVE ( 'NONE', #2139, #4899, #2182, .T. ) ;
#1727 = EDGE_CURVE ( 'NONE', #4790, #2401, #322, .T. ) ;
#1728 = CARTESIAN_POINT ( 'NONE',  ( 2.000000000000000000, 0.000000000000000000, -0.5999999999999992006 ) ) ;
#1729 = VECTOR ( 'NONE', #1513, 1000.000000000000000 ) ;
#1730 = CARTESIAN_POINT ( 'NONE',  ( -1.599999999999999867, 2.000000000000000000, -0.9999999999999988898 ) ) ;
#1731 = LINE ( 'NONE', #4780, #4809 ) ;
#1732 = CARTESIAN_POINT ( 'NONE',  ( 0.000000000000000000, 0.2999999999999999889, -0.5999999999999992006 ) ) ;
#1733 = ORIENTED_EDGE ( 'NONE', *, *, #2111, .F. ) ;
#1734 = ORIENTED_EDGE ( 'NONE', *, *, #4088, .T. ) ;
#1735 = PLANE ( 'NONE',  #2198 ) ;
#1736 = EDGE_CURVE ( 'NONE', #2841, #1382, #4839, .T. ) ;
#1737 = ADVANCED_FACE ( 'NONE', ( #4408 ), #3698, .T. ) ;
#1738 = CARTESIAN_POINT ( 'NONE',  ( 0.000000000000000000, 5.599999999999999645, 0.1771143550033493219 ) ) ;
#1739 = CARTESIAN_POINT ( 'NONE',  ( 5.250000000000000000, 0.000000000000000000, -0.2499999999999994171 ) ) ;
#1740 = VERTEX_POINT ( 'NONE', #1027 ) ;
#1741 = VECTOR ( 'NONE', #818, 1000.000000000000000 ) ;
#1742 = CARTESIAN_POINT ( 'NONE',  ( -0.2500000000000000000, 5.257099999999994999, -0.2500000000000000000 ) ) ;
#1743 = ORIENTED_EDGE ( 'NONE', *, *, #1074, .T. ) ;
#1744 = VERTEX_POINT ( 'NONE', #2529 ) ;
#1745 = DIRECTION ( 'NONE',  ( -0.000000000000000000, 0.000000000000000000, 1.000000000000000000 ) ) ;
#1746 = EDGE_CURVE ( 'NONE', #4798, #375, #2946, .T. ) ;
#1747 = CARTESIAN_POINT ( 'NONE',  ( 2.000000000000000000, 2.000000000000000000, 0.6000000000000009770 ) ) ;
#1748 = EDGE_LOOP ( 'NONE', ( #102, #1472, #4430, #1316 ) ) ;
#1749 = PLANE ( 'NONE',  #514 ) ;
#1750 = VERTEX_POINT ( 'NONE', #302 ) ;
#1751 = EDGE_CURVE ( 'NONE', #4134, #1341, #1834, .T. ) ;
#1752 = CARTESIAN_POINT ( 'NONE',  ( -2.750000000000000000, 0.000000000000000000, -0.2499999999999994171 ) ) ;
#1753 = LINE ( 'NONE', #3270, #2357 ) ;
#1754 = DIRECTION ( 'NONE',  ( 0.000000000000000000, 1.000000000000000000, 0.000000000000000000 ) ) ;
#1755 = CARTESIAN_POINT ( 'NONE',  ( -8.000000000000000000, 0.2999999999999999889, 0.5999999999999997558 ) ) ;
#1756 = ORIENTED_EDGE ( 'NONE', *, *, #1888, .T. ) ;
#1757 = ORIENTED_EDGE ( 'NONE', *, *, #632, .F. ) ;
#1758 = CARTESIAN_POINT ( 'NONE',  ( 0.2500000000000000000, 5.599999999999999645, 0.2500000000000000000 ) ) ;
#1759 = DIRECTION ( 'NONE',  ( -1.000000000000000000, 0.000000000000000000, 0.000000000000000000 ) ) ;
#1760 = CLOSED_SHELL ( 'NONE', ( #3762, #1014, #4823, #1821, #1524, #735, #4170, #1586, #4812, #4913, #1344, #1914, #798, #2760, #1305, #3507, #3732, #3414 ) ) ;
#1761 = DIRECTION ( 'NONE',  ( -0.7071067811865474617, 0.000000000000000000, 0.7071067811865474617 ) ) ;
#1762 = DIRECTION ( 'NONE',  ( -7.228014483236698528E-16, -0.000000000000000000, -1.000000000000000000 ) ) ;
#1763 = EDGE_LOOP ( 'NONE', ( #1696, #609, #1254, #1708 ) ) ;
#1764 = CARTESIAN_POINT ( 'NONE',  ( -6.000000000000000000, 0.000000000000000000, 0.6000000000000009770 ) ) ;
#1765 = ORIENTED_EDGE ( 'NONE', *, *, #2096, .F. ) ;
#1766 = DIRECTION ( 'NONE',  ( 0.000000000000000000, 0.000000000000000000, 1.000000000000000000 ) ) ;
#1767 = ORIENTED_EDGE ( 'NONE', *, *, #4477, .T. ) ;
#1768 = LINE ( 'NONE', #3289, #1482 ) ;
#1769 = EDGE_LOOP ( 'NONE', ( #4415, #4172, #3595, #196 ) ) ;
#1770 = CARTESIAN_POINT ( 'NONE',  ( 6.400000000000000355, 2.000000000000000000, -0.9999999999999988898 ) ) ;
#1771 = ORIENTED_EDGE ( 'NONE', *, *, #3903, .T. ) ;
#1772 = DIRECTION ( 'NONE',  ( 1.000000000000000000, 0.000000000000000000, -0.000000000000000000 ) ) ;
#1773 = VERTEX_POINT ( 'NONE', #3677 ) ;
#1774 = CARTESIAN_POINT ( 'NONE',  ( -4.000000000000000000, 0.000000000000000000, -0.5999999999999987566 ) ) ;
#1775 = CARTESIAN_POINT ( 'NONE',  ( -3.600000000000000977, 2.000000000000000000, 1.000000000000001332 ) ) ;
#1776 = CARTESIAN_POINT ( 'NONE',  ( -2.399999999999999467, 0.000000000000000000, 1.000000000000001110 ) ) ;
#1777 = CARTESIAN_POINT ( 'NONE',  ( -4.000000000000000000, 2.000000000000000000, 0.6000000000000009770 ) ) ;
#1778 = EDGE_LOOP ( 'NONE', ( #4794, #3172, #733, #92 ) ) ;
#1779 = ORIENTED_EDGE ( 'NONE', *, *, #3149, .F. ) ;
#1780 = LINE ( 'NONE', #2944, #3389 ) ;
#1781 = VECTOR ( 'NONE', #4079, 1000.000000000000000 ) ;
#1782 = DIRECTION ( 'NONE',  ( 0.000000000000000000, 1.000000000000000000, 0.000000000000000000 ) ) ;
#1783 = CARTESIAN_POINT ( 'NONE',  ( 4.000000000000000000, 0.000000000000000000, 0.000000000000000000 ) ) ;
#1784 = EDGE_LOOP ( 'NONE', ( #2727, #3048, #2612, #2905 ) ) ;
#1785 = ADVANCED_FACE ( 'NONE', ( #4380 ), #968, .T. ) ;
#1786 = VECTOR ( 'NONE', #1212, 1000.000000000000000 ) ;
#1787 = DIRECTION ( 'NONE',  ( 0.000000000000000000, -0.000000000000000000, 1.000000000000000000 ) ) ;
#1788 = VERTEX_POINT ( 'NONE', #3623 ) ;
#1789 = ORIENTED_EDGE ( 'NONE', *, *, #3613, .F. ) ;
#1790 = LINE ( 'NONE', #650, #4018 ) ;
#1791 = EDGE_LOOP ( 'NONE', ( #4352, #921, #3620, #1030, #270 ) ) ;
#1792 =( GEOMETRIC_REPRESENTATION_CONTEXT ( 3 ) GLOBAL_UNCERTAINTY_ASSIGNED_CONTEXT ( ( #2037 ) ) GLOBAL_UNIT_ASSIGNED_CONTEXT ( ( #809, #110, #2314 ) ) REPRESENTATION_CONTEXT ( 'NONE', 'WORKASPACE' ) );
#1793 = ADVANCED_FACE ( 'NONE', ( #1053 ), #614, .T. ) ;
#1794 = FACE_BOUND ( 'NONE', #170, .T. ) ;
#1795 = VECTOR ( 'NONE', #96, 1000.000000000000000 ) ;
#1796 = ORIENTED_EDGE ( 'NONE', *, *, #731, .T. ) ;
#1797 = LINE ( 'NONE', #3369, #4581 ) ;
#1798 = AXIS2_PLACEMENT_3D ( 'NONE', #4562, #4583, #2633 ) ;
#1799 = CARTESIAN_POINT ( 'NONE',  ( 0.7499999999999997780, 0.000000000000000000, -0.2499999999999994171 ) ) ;
#1800 = DIRECTION ( 'NONE',  ( -0.000000000000000000, -1.000000000000000000, -0.000000000000000000 ) ) ;
#1801 = LINE ( 'NONE', #3326, #499 ) ;
#1802 = CARTESIAN_POINT ( 'NONE',  ( 2.000000000000000000, 0.000000000000000000, 0.6000000000000009770 ) ) ;
#1803 = ORIENTED_EDGE ( 'NONE', *, *, #1637, .T. ) ;
#1804 = VERTEX_POINT ( 'NONE', #995 ) ;
#1805 = DIRECTION ( 'NONE',  ( -0.7071067811865474617, -0.000000000000000000, 0.7071067811865474617 ) ) ;
#1806 = ORIENTED_EDGE ( 'NONE', *, *, #2111, .T. ) ;
#1807 = VECTOR ( 'NONE', #4620, 1000.000000000000000 ) ;
#1808 = DIRECTION ( 'NONE',  ( -1.000000000000000000, -0.000000000000000000, -0.000000000000000000 ) ) ;
#1809 = DIRECTION ( 'NONE',  ( 0.000000000000000000, 1.000000000000000000, 0.000000000000000000 ) ) ;
#1810 = ORIENTED_EDGE ( 'NONE', *, *, #1102, .T. ) ;
#1811 = AXIS2_PLACEMENT_3D ( 'NONE', #4148, #1509, #1869 ) ;
#1812 = AXIS2_PLACEMENT_3D ( 'NONE', #4851, #1430, #1817 ) ;
#1813 = EDGE_CURVE ( 'NONE', #4370, #2850, #2555, .T. ) ;
#1814 = DIRECTION ( 'NONE',  ( -0.7071067811865462405, -0.000000000000000000, -0.7071067811865489050 ) ) ;
#1815 = ORIENTED_EDGE ( 'NONE', *, *, #2708, .F. ) ;
#1816 = EDGE_CURVE ( 'NONE', #4201, #1226, #2136, .T. ) ;
#1817 = DIRECTION ( 'NONE',  ( 1.000000000000000000, 0.000000000000000000, 0.000000000000000000 ) ) ;
#1818 = ORIENTED_EDGE ( 'NONE', *, *, #1013, .T. ) ;
#1819 = CARTESIAN_POINT ( 'NONE',  ( -5.250000000000000000, 0.000000000000000000, 0.2500000000000006106 ) ) ;
#1820 = ORIENTED_EDGE ( 'NONE', *, *, #4777, .F. ) ;
#1821 = ADVANCED_FACE ( 'NONE', ( #642 ), #2159, .T. ) ;
#1822 = EDGE_CURVE ( 'NONE', #4679, #4550, #2256, .T. ) ;
#1823 = DIRECTION ( 'NONE',  ( 1.000000000000000000, 0.000000000000000000, -0.000000000000000000 ) ) ;
#1824 = ORIENTED_EDGE ( 'NONE', *, *, #4612, .F. ) ;
#1825 = PLANE ( 'NONE',  #4337 ) ;
#1826 = ADVANCED_FACE ( 'NONE', ( #4232 ), #817, .T. ) ;
#1827 = CARTESIAN_POINT ( 'NONE',  ( -6.750000000000000000, 0.2999999999999999889, 0.2500000000000006106 ) ) ;
#1828 = DIRECTION ( 'NONE',  ( 0.000000000000000000, 0.000000000000000000, -1.000000000000000000 ) ) ;
#1829 = LINE ( 'NONE', #2251, #4738 ) ;
#1830 = DIRECTION ( 'NONE',  ( -1.000000000000000000, -0.000000000000000000, 1.807003620809171920E-16 ) ) ;
#1831 = ORIENTED_EDGE ( 'NONE', *, *, #1079, .F. ) ;
#1832 = ADVANCED_FACE ( 'NONE', ( #3429 ), #324, .T. ) ;
#1833 = CARTESIAN_POINT ( 'NONE',  ( 3.250000000000000444, 2.000000000000000000, 0.2500000000000006106 ) ) ;
#1834 = LINE ( 'NONE', #1345, #4572 ) ;
#1835 = DIRECTION ( 'NONE',  ( 0.000000000000000000, 1.000000000000000000, 0.000000000000000000 ) ) ;
#1836 = LINE ( 'NONE', #1520, #2454 ) ;
#1837 = PRODUCT_DEFINITION_SHAPE ( 'NONE', 'NONE',  #4933 ) ;
#1838 = ORIENTED_EDGE ( 'NONE', *, *, #97, .F. ) ;
#1839 = DIRECTION ( 'NONE',  ( 0.000000000000000000, 0.000000000000000000, -1.000000000000000000 ) ) ;
#1840 = ORIENTED_EDGE ( 'NONE', *, *, #1889, .F. ) ;
#1841 = CARTESIAN_POINT ( 'NONE',  ( 0.000000000000000000, 0.000000000000000000, 0.000000000000000000 ) ) ;
#1842 = VERTEX_POINT ( 'NONE', #1173 ) ;
#1843 = DIRECTION ( 'NONE',  ( 0.7071067811865465735, 0.000000000000000000, 0.7071067811865484609 ) ) ;
#1844 = EDGE_CURVE ( 'NONE', #163, #4666, #416, .T. ) ;
#1845 = EDGE_LOOP ( 'NONE', ( #3755, #3209, #550, #1865 ) ) ;
#1846 = CARTESIAN_POINT ( 'NONE',  ( -0.3999999999999984679, 2.000000000000000000, -0.9999999999999991118 ) ) ;
#1847 = ORIENTED_EDGE ( 'NONE', *, *, #752, .T. ) ;
#1848 = ADVANCED_FACE ( 'NONE', ( #4214 ), #2233, .T. ) ;
#1849 = LINE ( 'NONE', #4314, #1872 ) ;
#1850 = DIRECTION ( 'NONE',  ( -1.000000000000000000, -0.000000000000000000, 1.807003620809171920E-16 ) ) ;
#1851 = ADVANCED_FACE ( 'NONE', ( #1147 ), #3752, .T. ) ;
#1852 = LINE ( 'NONE', #91, #1025 ) ;
#1853 = CARTESIAN_POINT ( 'NONE',  ( -4.000000000000000000, 0.000000000000000000, 0.6000000000000009770 ) ) ;
#1854 = DIRECTION ( 'NONE',  ( -1.000000000000000000, 0.000000000000000000, -0.000000000000000000 ) ) ;
#1855 = FACE_OUTER_BOUND ( 'NONE', #1348, .T. ) ;
#1856 = PRODUCT_DEFINITION_CONTEXT ( 'detailed design', #3663, 'design' ) ;
#1857 = EDGE_CURVE ( 'NONE', #1510, #3409, #3774, .T. ) ;
#1858 = ORIENTED_EDGE ( 'NONE', *, *, #877, .F. ) ;
#1859 = DIRECTION ( 'NONE',  ( 0.000000000000000000, 1.000000000000000000, 0.000000000000000000 ) ) ;
#1860 = CARTESIAN_POINT ( 'NONE',  ( -8.000000000000000000, 0.2999999999999999889, 0.5999999999999997558 ) ) ;
#1861 = ORIENTED_EDGE ( 'NONE', *, *, #3740, .T. ) ;
#1862 = CARTESIAN_POINT ( 'NONE',  ( 4.750000000000000000, 2.000000000000000000, 0.2500000000000006106 ) ) ;
#1863 = ORIENTED_EDGE ( 'NONE', *, *, #3403, .T. ) ;
#1864 = DIRECTION ( 'NONE',  ( 0.000000000000000000, 0.000000000000000000, 1.000000000000000000 ) ) ;
#1865 = ORIENTED_EDGE ( 'NONE', *, *, #1822, .F. ) ;
#1866 = CARTESIAN_POINT ( 'NONE',  ( 4.000000000000000000, 0.000000000000000000, -0.5999999999999987566 ) ) ;
#1867 = VERTEX_POINT ( 'NONE', #3803 ) ;
#1868 = AXIS2_PLACEMENT_3D ( 'NONE', #1068, #4154, #3793 ) ;
#1869 = DIRECTION ( 'NONE',  ( 1.000000000000000000, 0.000000000000000000, -1.807003620809171920E-16 ) ) ;
#1870 = VERTEX_POINT ( 'NONE', #367 ) ;
#1871 = SURFACE_SIDE_STYLE ('',( #734 ) ) ;
#1872 = VECTOR ( 'NONE', #133, 1000.000000000000000 ) ;
#1873 = VECTOR ( 'NONE', #1144, 1000.000000000000000 ) ;
#1874 = FACE_BOUND ( 'NONE', #2372, .T. ) ;
#1875 = CARTESIAN_POINT ( 'NONE',  ( -4.000000000000000000, 0.000000000000000000, -0.5999999999999992006 ) ) ;
#1876 = DIRECTION ( 'NONE',  ( 0.000000000000000000, -0.000000000000000000, 1.000000000000000000 ) ) ;
#1877 = LINE ( 'NONE', #6, #1438 ) ;
#1878 = EDGE_CURVE ( 'NONE', #509, #333, #1836, .T. ) ;
#1879 = DIRECTION ( 'NONE',  ( 1.807003620809171920E-16, -0.000000000000000000, 1.000000000000000000 ) ) ;
#1880 = VECTOR ( 'NONE', #1988, 1000.000000000000000 ) ;
#1881 = EDGE_CURVE ( 'NONE', #239, #3190, #3022, .T. ) ;
#1882 = ORIENTED_EDGE ( 'NONE', *, *, #127, .T. ) ;
#1883 = AXIS2_PLACEMENT_3D ( 'NONE', #123, #2030, #1289 ) ;
#1884 = DIRECTION ( 'NONE',  ( 0.000000000000000000, 0.000000000000000000, 1.000000000000000000 ) ) ;
#1885 = CARTESIAN_POINT ( 'NONE',  ( 6.750000000000000000, 2.000000000000000000, -0.2499999999999994171 ) ) ;
#1886 = FACE_OUTER_BOUND ( 'NONE', #59, .T. ) ;
#1887 = VERTEX_POINT ( 'NONE', #4185 ) ;
#1888 = EDGE_CURVE ( 'NONE', #4517, #3384, #4609, .T. ) ;
#1889 = EDGE_CURVE ( 'NONE', #2662, #284, #3451, .T. ) ;
#1890 = VECTOR ( 'NONE', #4479, 1000.000000000000000 ) ;
#1891 = CARTESIAN_POINT ( 'NONE',  ( -2.000000000000000000, 2.000000000000000000, -0.5999999999999992006 ) ) ;
#1892 = VECTOR ( 'NONE', #707, 1000.000000000000000 ) ;
#1893 = ORIENTED_EDGE ( 'NONE', *, *, #2158, .F. ) ;
#1894 = VECTOR ( 'NONE', #2918, 1000.000000000000000 ) ;
#1895 = ITEM_DEFINED_TRANSFORMATION ( 'NONE', 'NONE', #1812,  #3547 ) ;
#1896 = ORIENTED_EDGE ( 'NONE', *, *, #907, .F. ) ;
#1897 = LINE ( 'NONE', #1866, #4425 ) ;
#1898 = AXIS2_PLACEMENT_3D ( 'NONE', #4081, #253, #2969 ) ;
#1899 = ORIENTED_EDGE ( 'NONE', *, *, #4017, .T. ) ;
#1900 = CARTESIAN_POINT ( 'NONE',  ( -0.1771143550033493219, 5.599999999999999645, -0.1771143550033493219 ) ) ;
#1901 = DIRECTION ( 'NONE',  ( -0.2035585949527764504, 0.9576678948579735451, -0.2035585949527764504 ) ) ;
#1902 = ORIENTED_EDGE ( 'NONE', *, *, #914, .F. ) ;
#1903 = FACE_OUTER_BOUND ( 'NONE', #2832, .T. ) ;
#1904 = DIRECTION ( 'NONE',  ( 0.000000000000000000, 1.000000000000000000, 0.000000000000000000 ) ) ;
#1905 = CARTESIAN_POINT ( 'NONE',  ( 0.000000000000000000, 5.599999999999999645, -0.1771143550033493219 ) ) ;
#1906 = CARTESIAN_POINT ( 'NONE',  ( -0.2500000000000000000, 5.257099999999994999, 0.2500000000000000000 ) ) ;
#1907 = CARTESIAN_POINT ( 'NONE',  ( -6.750000000000000000, 0.2999999999999999889, -0.2499999999999994171 ) ) ;
#1908 = AXIS2_PLACEMENT_3D ( 'NONE', #1559, #3817, #3794 ) ;
#1909 = ADVANCED_FACE ( 'NONE', ( #2999 ), #795, .F. ) ;
#1910 = EDGE_LOOP ( 'NONE', ( #1108, #3883, #3824, #2269 ) ) ;
#1911 =( NAMED_UNIT ( * ) PLANE_ANGLE_UNIT ( ) SI_UNIT ( $, .RADIAN. ) );
#1912 = CARTESIAN_POINT ( 'NONE',  ( 6.750000000000000000, 0.2999999999999999889, 0.2500000000000006106 ) ) ;
#1913 = ORIENTED_EDGE ( 'NONE', *, *, #942, .F. ) ;
#1914 = ADVANCED_FACE ( 'NONE', ( #720 ), #1564, .F. ) ;
#1915 = CARTESIAN_POINT ( 'NONE',  ( -2.399999999999999467, 0.000000000000000000, 1.000000000000001110 ) ) ;
#1916 = ORIENTED_EDGE ( 'NONE', *, *, #4174, .T. ) ;
#1917 = ITEM_DEFINED_TRANSFORMATION ( 'NONE', 'NONE', #3550,  #3547 ) ;
#1918 = ORIENTED_EDGE ( 'NONE', *, *, #2695, .F. ) ;
#1919 = FACE_OUTER_BOUND ( 'NONE', #4441, .T. ) ;
#1920 = ORIENTED_EDGE ( 'NONE', *, *, #2807, .F. ) ;
#1921 = CARTESIAN_POINT ( 'NONE',  ( 6.399999999999999467, 2.000000000000000000, 1.000000000000001332 ) ) ;
#1922 = DIRECTION ( 'NONE',  ( 0.000000000000000000, 1.000000000000000000, 0.000000000000000000 ) ) ;
#1923 = VERTEX_POINT ( 'NONE', #2603 ) ;
#1924 = VECTOR ( 'NONE', #2761, 1000.000000000000000 ) ;
#1925 = DIRECTION ( 'NONE',  ( 0.000000000000000000, -0.000000000000000000, 1.000000000000000000 ) ) ;
#1926 = PLANE ( 'NONE',  #4260 ) ;
#1927 = CARTESIAN_POINT ( 'NONE',  ( -1.250000000000000222, 0.000000000000000000, -0.2499999999999994171 ) ) ;
#1928 = CARTESIAN_POINT ( 'NONE',  ( 6.000000000000000000, 0.2999999999999999889, -0.6000000000000004219 ) ) ;
#1929 = ORIENTED_EDGE ( 'NONE', *, *, #3570, .F. ) ;
#1930 = FACE_BOUND ( 'NONE', #1670, .T. ) ;
#1931 = DIRECTION ( 'NONE',  ( -1.807003620809171920E-16, 0.000000000000000000, -1.000000000000000000 ) ) ;
#1932 =( NAMED_UNIT ( * ) PLANE_ANGLE_UNIT ( ) SI_UNIT ( $, .RADIAN. ) );
#1933 = ORIENTED_EDGE ( 'NONE', *, *, #4693, .F. ) ;
#1934 = FACE_OUTER_BOUND ( 'NONE', #871, .T. ) ;
#1935 = ORIENTED_EDGE ( 'NONE', *, *, #335, .T. ) ;
#1936 = SHAPE_DEFINITION_REPRESENTATION ( #176, #3532 ) ;
#1937 = LINE ( 'NONE', #469, #3860 ) ;
#1938 = ORIENTED_EDGE ( 'NONE', *, *, #3432, .T. ) ;
#1939 = EDGE_CURVE ( 'NONE', #1475, #3579, #1199, .T. ) ;
#1940 = CARTESIAN_POINT ( 'NONE',  ( 6.000000000000000888, 0.000000000000000000, 0.6000000000000005329 ) ) ;
#1941 = CARTESIAN_POINT ( 'NONE',  ( 1.250000000000000222, 0.2999999999999999889, 0.2500000000000006106 ) ) ;
#1942 = ORIENTED_EDGE ( 'NONE', *, *, #3506, .T. ) ;
#1943 = SURFACE_STYLE_FILL_AREA ( #428 ) ;
#1944 = EDGE_CURVE ( 'NONE', #1182, #1411, #4536, .T. ) ;
#1945 = EDGE_CURVE ( 'NONE', #1992, #4774, #4160, .T. ) ;
#1946 = LINE ( 'NONE', #4670, #895 ) ;
#1947 = AXIS2_PLACEMENT_3D ( 'NONE', #1853, #3373, #2991 ) ;
#1948 = FACE_OUTER_BOUND ( 'NONE', #3365, .T. ) ;
#1949 = FACE_OUTER_BOUND ( 'NONE', #2331, .T. ) ;
#1950 = DIRECTION ( 'NONE',  ( -0.2035585949527764504, 0.9576678948579735451, 0.2035585949527764504 ) ) ;
#1951 = EDGE_CURVE ( 'NONE', #4221, #2089, #486, .T. ) ;
#1952 = LINE ( 'NONE', #3162, #1498 ) ;
#1953 = CARTESIAN_POINT ( 'NONE',  ( -4.750000000000000000, 0.2999999999999999889, -0.2499999999999994171 ) ) ;
#1954 = DIRECTION ( 'NONE',  ( -1.000000000000000000, 0.000000000000000000, 0.000000000000000000 ) ) ;
#1955 = EDGE_LOOP ( 'NONE', ( #3804, #2149, #2509, #1064 ) ) ;
#1956 = VECTOR ( 'NONE', #1950, 1000.000000000000114 ) ;
#1957 = AXIS2_PLACEMENT_3D ( 'NONE', #1428, #4440, #4817 ) ;
#1958 = CARTESIAN_POINT ( 'NONE',  ( 6.000000000000000000, 0.000000000000000000, 0.5999999999999997558 ) ) ;
#1959 = EDGE_LOOP ( 'NONE', ( #1896, #373, #1300, #930 ) ) ;
#1960 = FACE_BOUND ( 'NONE', #3538, .T. ) ;
#1961 = EDGE_LOOP ( 'NONE', ( #3055, #610, #1694, #4014 ) ) ;
#1962 = VECTOR ( 'NONE', #4676, 1000.000000000000000 ) ;
#1963 = ADVANCED_FACE ( 'NONE', ( #3536 ), #2766, .T. ) ;
#1964 = EDGE_CURVE ( 'NONE', #3560, #3828, #4724, .T. ) ;
#1965 = AXIS2_PLACEMENT_3D ( 'NONE', #1194, #736, #3 ) ;
#1966 = VECTOR ( 'NONE', #518, 1000.000000000000000 ) ;
#1967 = CARTESIAN_POINT ( 'NONE',  ( -6.750000000000000000, 2.000000000000000000, 0.2500000000000006106 ) ) ;
#1968 = LINE ( 'NONE', #3372, #864 ) ;
#1969 = ORIENTED_EDGE ( 'NONE', *, *, #1999, .F. ) ;
#1970 = SURFACE_STYLE_USAGE ( .BOTH. , #453 ) ;
#1971 = EDGE_CURVE ( 'NONE', #3181, #239, #2369, .T. ) ;
#1972 = CARTESIAN_POINT ( 'NONE',  ( 0.1771143550033493219, -2.799999999999999822, -0.1771143550033493219 ) ) ;
#1973 = EDGE_CURVE ( 'NONE', #2375, #1226, #3515, .T. ) ;
#1974 = CARTESIAN_POINT ( 'NONE',  ( -3.250000000000000444, 0.000000000000000000, -0.2499999999999994171 ) ) ;
#1975 = CARTESIAN_POINT ( 'NONE',  ( 5.600000000000001421, 0.000000000000000000, -0.9999999999999991118 ) ) ;
#1976 = CARTESIAN_POINT ( 'NONE',  ( -0.3999999999999993006, 0.000000000000000000, 1.000000000000001110 ) ) ;
#1977 = LINE ( 'NONE', #1235, #892 ) ;
#1978 = CARTESIAN_POINT ( 'NONE',  ( -2.000000000000000000, 0.000000000000000000, -0.5999999999999992006 ) ) ;
#1979 = LINE ( 'NONE', #219, #4182 ) ;
#1980 = DIRECTION ( 'NONE',  ( 0.000000000000000000, 1.000000000000000000, 0.000000000000000000 ) ) ;
#1981 = ORIENTED_EDGE ( 'NONE', *, *, #4634, .T. ) ;
#1982 = VECTOR ( 'NONE', #3188, 1000.000000000000000 ) ;
#1983 = LINE ( 'NONE', #2327, #1178 ) ;
#1984 = ORIENTED_EDGE ( 'NONE', *, *, #4598, .F. ) ;
#1985 = APPLICATION_PROTOCOL_DEFINITION ( 'draft international standard', 'automotive_design', 1998, #3663 ) ;
#1986 = CARTESIAN_POINT ( 'NONE',  ( 0.000000000000000000, 2.000000000000000000, 0.000000000000000000 ) ) ;
#1987 = ORIENTED_EDGE ( 'NONE', *, *, #1134, .T. ) ;
#1988 = DIRECTION ( 'NONE',  ( -1.000000000000000000, -0.000000000000000000, -0.000000000000000000 ) ) ;
#1989 = EDGE_CURVE ( 'NONE', #3409, #3218, #118, .T. ) ;
#1990 = VECTOR ( 'NONE', #1904, 1000.000000000000000 ) ;
#1991 = CARTESIAN_POINT ( 'NONE',  ( 0.000000000000000000, 0.000000000000000000, -0.5999999999999992006 ) ) ;
#1992 = VERTEX_POINT ( 'NONE', #1652 ) ;
#1993 = EDGE_CURVE ( 'NONE', #1022, #2427, #4325, .T. ) ;
#1994 = VECTOR ( 'NONE', #1518, 1000.000000000000000 ) ;
#1995 = EDGE_CURVE ( 'NONE', #4843, #4309, #3894, .T. ) ;
#1996 = DIRECTION ( 'NONE',  ( 0.7071067811865472397, 0.000000000000000000, -0.7071067811865479058 ) ) ;
#1997 = CARTESIAN_POINT ( 'NONE',  ( -7.250000000000000000, 2.000000000000000000, -0.2499999999999994171 ) ) ;
#1998 = DIRECTION ( 'NONE',  ( -0.000000000000000000, 1.000000000000000000, 0.000000000000000000 ) ) ;
#1999 = EDGE_CURVE ( 'NONE', #4564, #2943, #1217, .T. ) ;
#2000 = LINE ( 'NONE', #166, #3863 ) ;
#2001 = DIRECTION ( 'NONE',  ( 0.000000000000000000, 1.000000000000000000, 0.000000000000000000 ) ) ;
#2002 = DIRECTION ( 'NONE',  ( 0.000000000000000000, 0.000000000000000000, 1.000000000000000000 ) ) ;
#2003 = LINE ( 'NONE', #2344, #3257 ) ;
#2004 = ORIENTED_EDGE ( 'NONE', *, *, #4406, .F. ) ;
#2005 = ORIENTED_EDGE ( 'NONE', *, *, #4077, .T. ) ;
#2006 = EDGE_CURVE ( 'NONE', #2374, #1248, #1628, .T. ) ;
#2007 = DIRECTION ( 'NONE',  ( 0.000000000000000000, 0.000000000000000000, 1.000000000000000000 ) ) ;
#2008 = ORIENTED_EDGE ( 'NONE', *, *, #4083, .F. ) ;
#2009 = AXIS2_PLACEMENT_3D ( 'NONE', #4071, #2919, #294 ) ;
#2010 = ORIENTED_EDGE ( 'NONE', *, *, #1692, .F. ) ;
#2011 = CARTESIAN_POINT ( 'NONE',  ( -6.000000000000000000, 0.2999999999999999889, 0.5999999999999997558 ) ) ;
#2012 = DIRECTION ( 'NONE',  ( 0.000000000000000000, 1.000000000000000000, 0.000000000000000000 ) ) ;
#2013 = ORIENTED_EDGE ( 'NONE', *, *, #4548, .F. ) ;
#2014 = VECTOR ( 'NONE', #345, 1000.000000000000000 ) ;
#2015 = SURFACE_SIDE_STYLE ('',( #3835 ) ) ;
#2016 = DIRECTION ( 'NONE',  ( 0.000000000000000000, 0.000000000000000000, -1.000000000000000000 ) ) ;
#2017 = CARTESIAN_POINT ( 'NONE',  ( 4.000000000000000000, 0.000000000000000000, 0.6000000000000009770 ) ) ;
#2018 = PLANE ( 'NONE',  #1245 ) ;
#2019 = VECTOR ( 'NONE', #2123, 1000.000000000000000 ) ;
#2020 = CARTESIAN_POINT ( 'NONE',  ( 2.000000000000000000, 0.2999999999999999889, -0.6000000000000004219 ) ) ;
#2021 = ADVANCED_FACE ( 'NONE', ( #3096 ), #4650, .F. ) ;
#2022 = CARTESIAN_POINT ( 'NONE',  ( 2.400000000000000355, 0.000000000000000000, -0.9999999999999988898 ) ) ;
#2023 = CARTESIAN_POINT ( 'NONE',  ( -6.000000000000000000, 0.2999999999999999889, -0.5999999999999992006 ) ) ;
#2024 = PLANE ( 'NONE',  #3253 ) ;
#2025 = ORIENTED_EDGE ( 'NONE', *, *, #3819, .T. ) ;
#2026 = VERTEX_POINT ( 'NONE', #4702 ) ;
#2027 = EDGE_CURVE ( 'NONE', #3449, #4389, #1308, .T. ) ;
#2028 = UNCERTAINTY_MEASURE_WITH_UNIT (LENGTH_MEASURE( 1.000000000000000082E-05 ), #2321, 'distance_accuracy_value', 'NONE');
#2029 = VECTOR ( 'NONE', #3275, 1000.000000000000000 ) ;
#2030 = DIRECTION ( 'NONE',  ( -0.000000000000000000, 1.000000000000000000, 0.000000000000000000 ) ) ;
#2031 = CARTESIAN_POINT ( 'NONE',  ( 5.600000000000001421, 0.000000000000000000, -0.9999999999999991118 ) ) ;
#2032 = VERTEX_POINT ( 'NONE', #2811 ) ;
#2033 = EDGE_CURVE ( 'NONE', #3329, #4790, #1676, .T. ) ;
#2034 = EDGE_CURVE ( 'NONE', #2662, #1616, #910, .T. ) ;
#2035 = VERTEX_POINT ( 'NONE', #463 ) ;
#2036 = AXIS2_PLACEMENT_3D ( 'NONE', #3682, #3658, #2975 ) ;
#2037 = UNCERTAINTY_MEASURE_WITH_UNIT (LENGTH_MEASURE( 1.000000000000000082E-05 ), #809, 'distance_accuracy_value', 'NONE');
#2038 = APPLICATION_CONTEXT ( 'automotive_design' ) ;
#2039 = LINE ( 'NONE', #1274, #1493 ) ;
#2040 =( GEOMETRIC_REPRESENTATION_CONTEXT ( 3 ) GLOBAL_UNCERTAINTY_ASSIGNED_CONTEXT ( ( #3919 ) ) GLOBAL_UNIT_ASSIGNED_CONTEXT ( ( #10, #4231, #3450 ) ) REPRESENTATION_CONTEXT ( 'NONE', 'WORKASPACE' ) );
#2041 = DIRECTION ( 'NONE',  ( 1.000000000000000000, 0.000000000000000000, 0.000000000000000000 ) ) ;
#2042 = ORIENTED_EDGE ( 'NONE', *, *, #2403, .F. ) ;
#2043 = FACE_OUTER_BOUND ( 'NONE', #956, .T. ) ;
#2044 = AXIS2_PLACEMENT_3D ( 'NONE', #633, #2076, #2886 ) ;
#2045 = CARTESIAN_POINT ( 'NONE',  ( -0.7499999999999997780, 0.2999999999999999889, 0.2500000000000006106 ) ) ;
#2046 = VERTEX_POINT ( 'NONE', #937 ) ;
#2047 = CARTESIAN_POINT ( 'NONE',  ( 3.250000000000000444, 2.000000000000000000, 0.2500000000000006106 ) ) ;
#2048 = AXIS2_PLACEMENT_3D ( 'NONE', #2589, #356, #1112 ) ;
#2049 = EDGE_LOOP ( 'NONE', ( #157, #3573, #2221, #2970 ) ) ;
#2050 = ORIENTED_EDGE ( 'NONE', *, *, #1751, .T. ) ;
#2051 = DIRECTION ( 'NONE',  ( 0.000000000000000000, 0.000000000000000000, 1.000000000000000000 ) ) ;
#2052 = DIRECTION ( 'NONE',  ( -1.000000000000000000, -0.000000000000000000, 1.807003620809171920E-16 ) ) ;
#2053 = VECTOR ( 'NONE', #394, 1000.000000000000000 ) ;
#2054 = CARTESIAN_POINT ( 'NONE',  ( 5.250000000000000000, 2.000000000000000000, -0.2499999999999994171 ) ) ;
#2055 = DIRECTION ( 'NONE',  ( 0.7071067811865465735, 0.000000000000000000, 0.7071067811865484609 ) ) ;
#2056 = PLANE ( 'NONE',  #3960 ) ;
#2057 = EDGE_CURVE ( 'NONE', #583, #701, #868, .T. ) ;
#2058 = ORIENTED_EDGE ( 'NONE', *, *, #3744, .F. ) ;
#2059 = EDGE_LOOP ( 'NONE', ( #4051, #3239, #4327, #627 ) ) ;
#2060 = FACE_OUTER_BOUND ( 'NONE', #1038, .T. ) ;
#2061 = EDGE_CURVE ( 'NONE', #2116, #4336, #436, .T. ) ;
#2062 = DIRECTION ( 'NONE',  ( 1.000000000000000000, 0.000000000000000000, -0.000000000000000000 ) ) ;
#2063 = EDGE_LOOP ( 'NONE', ( #4563, #2095, #1390, #4343 ) ) ;
#2064 = ORIENTED_EDGE ( 'NONE', *, *, #3440, .T. ) ;
#2065 = VECTOR ( 'NONE', #4155, 1000.000000000000000 ) ;
#2066 = VECTOR ( 'NONE', #2390, 1000.000000000000000 ) ;
#2067 = PLANE ( 'NONE',  #523 ) ;
#2068 =( LENGTH_UNIT ( ) NAMED_UNIT ( * ) SI_UNIT ( .MILLI., .METRE. ) );
#2069 = ORIENTED_EDGE ( 'NONE', *, *, #4547, .F. ) ;
#2070 = ORIENTED_EDGE ( 'NONE', *, *, #103, .F. ) ;
#2071 = LINE ( 'NONE', #1407, #902 ) ;
#2072 = ORIENTED_EDGE ( 'NONE', *, *, #2864, .T. ) ;
#2073 = LINE ( 'NONE', #2434, #4909 ) ;
#2074 = ORIENTED_EDGE ( 'NONE', *, *, #3806, .F. ) ;
#2075 = LINE ( 'NONE', #556, #4587 ) ;
#2076 = DIRECTION ( 'NONE',  ( 0.7071067811865489050, 0.000000000000000000, -0.7071067811865461294 ) ) ;
#2077 = CARTESIAN_POINT ( 'NONE',  ( 6.000000000000000000, 0.2999999999999999889, -0.6000000000000004219 ) ) ;
#2078 = DIRECTION ( 'NONE',  ( -1.000000000000000000, 0.000000000000000000, 0.000000000000000000 ) ) ;
#2079 = LINE ( 'NONE', #4254, #2453 ) ;
#2080 = ORIENTED_EDGE ( 'NONE', *, *, #3885, .F. ) ;
#2081 = ORIENTED_EDGE ( 'NONE', *, *, #125, .F. ) ;
#2082 = DIRECTION ( 'NONE',  ( 0.000000000000000000, 1.000000000000000000, 0.000000000000000000 ) ) ;
#2083 = LINE ( 'NONE', #1246, #4523 ) ;
#2084 = DIRECTION ( 'NONE',  ( 1.000000000000000000, 0.000000000000000000, 0.000000000000000000 ) ) ;
#2085 = ORIENTED_EDGE ( 'NONE', *, *, #4772, .T. ) ;
#2086 = ORIENTED_EDGE ( 'NONE', *, *, #3738, .F. ) ;
#2087 = CARTESIAN_POINT ( 'NONE',  ( 2.000000000000000000, 2.000000000000000000, 0.6000000000000009770 ) ) ;
#2088 = EDGE_LOOP ( 'NONE', ( #1820, #1189, #263, #3265 ) ) ;
#2089 = VERTEX_POINT ( 'NONE', #4253 ) ;
#2090 = DIRECTION ( 'NONE',  ( 0.000000000000000000, 0.000000000000000000, -1.000000000000000000 ) ) ;
#2091 = EDGE_CURVE ( 'NONE', #2822, #3449, #3565, .T. ) ;
#2092 = LINE ( 'NONE', #2486, #2285 ) ;
#2093 = ORIENTED_EDGE ( 'NONE', *, *, #632, .T. ) ;
#2094 = DIRECTION ( 'NONE',  ( 1.000000000000000000, 0.000000000000000000, 0.000000000000000000 ) ) ;
#2095 = ORIENTED_EDGE ( 'NONE', *, *, #2187, .F. ) ;
#2096 = EDGE_CURVE ( 'NONE', #2032, #2089, #1979, .T. ) ;
#2097 = ADVANCED_FACE ( 'NONE', ( #3298 ), #559, .T. ) ;
#2098 = LINE ( 'NONE', #1728, #3074 ) ;
#2099 = CARTESIAN_POINT ( 'NONE',  ( 8.000000000000000000, 2.000000000000000000, -0.5999999999999992006 ) ) ;
#2100 = DIRECTION ( 'NONE',  ( 1.000000000000000000, -0.000000000000000000, -0.000000000000000000 ) ) ;
#2101 = CARTESIAN_POINT ( 'NONE',  ( -1.250000000000000222, 0.000000000000000000, 0.2500000000000006106 ) ) ;
#2102 = ORIENTED_EDGE ( 'NONE', *, *, #1278, .F. ) ;
#2103 = EDGE_LOOP ( 'NONE', ( #3100, #1710, #201, #3280, #470 ) ) ;
#2104 = PLANE ( 'NONE',  #1176 ) ;
#2105 = AXIS2_PLACEMENT_3D ( 'NONE', #3722, #318, #1876 ) ;
#2106 = DIRECTION ( 'NONE',  ( -0.7071067811865474617, 0.000000000000000000, 0.7071067811865474617 ) ) ;
#2107 = CARTESIAN_POINT ( 'NONE',  ( -0.2500000000000000000, 5.599999999999999645, -0.1771143550033493219 ) ) ;
#2108 = SURFACE_SIDE_STYLE ('',( #2604 ) ) ;
#2109 = ORIENTED_EDGE ( 'NONE', *, *, #2365, .T. ) ;
#2110 = VECTOR ( 'NONE', #2090, 1000.000000000000000 ) ;
#2111 = EDGE_CURVE ( 'NONE', #4076, #2711, #1387, .T. ) ;
#2112 = VECTOR ( 'NONE', #100, 1000.000000000000000 ) ;
#2113 = VECTOR ( 'NONE', #2276, 1000.000000000000000 ) ;
#2114 = FACE_OUTER_BOUND ( 'NONE', #1409, .T. ) ;
#2115 = ORIENTED_EDGE ( 'NONE', *, *, #2553, .T. ) ;
#2116 = VERTEX_POINT ( 'NONE', #1048 ) ;
#2117 = EDGE_CURVE ( 'NONE', #1010, #163, #3647, .T. ) ;
#2118 = AXIS2_PLACEMENT_3D ( 'NONE', #584, #4379, #272 ) ;
#2119 = AXIS2_PLACEMENT_3D ( 'NONE', #2011, #4792, #1687 ) ;
#2120 = EDGE_CURVE ( 'NONE', #3249, #3845, #3995, .T. ) ;
#2121 = DIRECTION ( 'NONE',  ( -0.000000000000000000, 1.000000000000000000, 0.000000000000000000 ) ) ;
#2122 = VERTEX_POINT ( 'NONE', #4751 ) ;
#2123 = DIRECTION ( 'NONE',  ( 0.000000000000000000, 1.000000000000000000, 0.000000000000000000 ) ) ;
#2124 = VERTEX_POINT ( 'NONE', #2547 ) ;
#2125 = AXIS2_PLACEMENT_3D ( 'NONE', #3254, #615, #643 ) ;
#2126 = MECHANICAL_DESIGN_GEOMETRIC_PRESENTATION_REPRESENTATION (  '', ( #620 ), #1026 ) ;
#2127 = CARTESIAN_POINT ( 'NONE',  ( -1.250000000000000222, 0.2999999999999999889, 0.2500000000000006106 ) ) ;
#2128 = PRESENTATION_LAYER_ASSIGNMENT (  '', '', ( #934 ) ) ;
#2129 =( GEOMETRIC_REPRESENTATION_CONTEXT ( 3 ) GLOBAL_UNCERTAINTY_ASSIGNED_CONTEXT ( ( #851 ) ) GLOBAL_UNIT_ASSIGNED_CONTEXT ( ( #2302, #1932, #721 ) ) REPRESENTATION_CONTEXT ( 'NONE', 'WORKASPACE' ) );
#2130 = LINE ( 'NONE', #4048, #1894 ) ;
#2131 = FACE_BOUND ( 'NONE', #4012, .T. ) ;
#2132 = CARTESIAN_POINT ( 'NONE',  ( 0.2500000000000000000, 5.599999999999999645, -0.2500000000000000000 ) ) ;
#2133 = EDGE_LOOP ( 'NONE', ( #2792, #2005, #1644, #4364 ) ) ;
#2134 = EDGE_LOOP ( 'NONE', ( #629, #446, #2573, #171, #4003 ) ) ;
#2135 = DIRECTION ( 'NONE',  ( 0.000000000000000000, -0.000000000000000000, 1.000000000000000000 ) ) ;
#2136 = LINE ( 'NONE', #3654, #1781 ) ;
#2137 = LINE ( 'NONE', #1028, #3944 ) ;
#2138 = LINE ( 'NONE', #2926, #4683 ) ;
#2139 = VERTEX_POINT ( 'NONE', #3692 ) ;
#2140 = LINE ( 'NONE', #1000, #4669 ) ;
#2141 = ORIENTED_EDGE ( 'NONE', *, *, #3491, .T. ) ;
#2142 = LINE ( 'NONE', #1643, #1259 ) ;
#2143 = ORIENTED_EDGE ( 'NONE', *, *, #1278, .T. ) ;
#2144 = DIRECTION ( 'NONE',  ( -0.000000000000000000, -1.000000000000000000, -0.000000000000000000 ) ) ;
#2145 = VECTOR ( 'NONE', #963, 1000.000000000000000 ) ;
#2146 = DIRECTION ( 'NONE',  ( 0.000000000000000000, 0.000000000000000000, 1.000000000000000000 ) ) ;
#2147 = ORIENTED_EDGE ( 'NONE', *, *, #1995, .F. ) ;
#2148 = FACE_OUTER_BOUND ( 'NONE', #624, .T. ) ;
#2149 = ORIENTED_EDGE ( 'NONE', *, *, #2324, .F. ) ;
#2150 = ADVANCED_FACE ( 'NONE', ( #962, #2131 ), #245, .F. ) ;
#2151 = DIRECTION ( 'NONE',  ( 0.000000000000000000, 0.000000000000000000, -1.000000000000000000 ) ) ;
#2152 = FACE_OUTER_BOUND ( 'NONE', #4058, .T. ) ;
#2153 = LINE ( 'NONE', #1338, #4711 ) ;
#2154 = LINE ( 'NONE', #1802, #2145 ) ;
#2155 = ORIENTED_EDGE ( 'NONE', *, *, #976, .T. ) ;
#2156 = VERTEX_POINT ( 'NONE', #660 ) ;
#2157 = DIRECTION ( 'NONE',  ( 1.000000000000000000, 0.000000000000000000, -1.807003620809171920E-16 ) ) ;
#2158 = EDGE_CURVE ( 'NONE', #3851, #2374, #1731, .T. ) ;
#2159 = PLANE ( 'NONE',  #4175 ) ;
#2160 = LINE ( 'NONE', #3678, #3475 ) ;
#2161 = ORIENTED_EDGE ( 'NONE', *, *, #1552, .F. ) ;
#2162 = EDGE_CURVE ( 'NONE', #3724, #146, #1801, .T. ) ;
#2163 = DIRECTION ( 'NONE',  ( -0.000000000000000000, 1.000000000000000000, 0.000000000000000000 ) ) ;
#2164 = ORIENTED_EDGE ( 'NONE', *, *, #4514, .T. ) ;
#2165 = CARTESIAN_POINT ( 'NONE',  ( 6.999999999999999112, 0.000000000000000000, 6.505213034913026604E-16 ) ) ;
#2166 = ORIENTED_EDGE ( 'NONE', *, *, #3276, .T. ) ;
#2167 = FACE_OUTER_BOUND ( 'NONE', #2059, .T. ) ;
#2168 = ORIENTED_EDGE ( 'NONE', *, *, #3348, .F. ) ;
#2169 = VECTOR ( 'NONE', #1850, 1000.000000000000000 ) ;
#2170 = DIRECTION ( 'NONE',  ( 0.000000000000000000, 0.000000000000000000, -1.000000000000000000 ) ) ;
#2171 = ORIENTED_EDGE ( 'NONE', *, *, #2181, .T. ) ;
#2172 = CARTESIAN_POINT ( 'NONE',  ( -2.000000000000000000, 0.000000000000000000, -0.5999999999999992006 ) ) ;
#2173 = FACE_OUTER_BOUND ( 'NONE', #4195, .T. ) ;
#2174 = DIRECTION ( 'NONE',  ( 0.000000000000000000, 1.000000000000000000, 0.000000000000000000 ) ) ;
#2175 = CARTESIAN_POINT ( 'NONE',  ( -4.000000000000000000, 0.000000000000000000, 0.6000000000000009770 ) ) ;
#2176 = DIRECTION ( 'NONE',  ( 0.000000000000000000, 1.000000000000000000, 0.000000000000000000 ) ) ;
#2177 = ORIENTED_EDGE ( 'NONE', *, *, #723, .F. ) ;
#2178 = ORIENTED_EDGE ( 'NONE', *, *, #2033, .T. ) ;
#2179 = CARTESIAN_POINT ( 'NONE',  ( -4.000000000000000000, 2.000000000000000000, -0.5999999999999987566 ) ) ;
#2180 = ORIENTED_EDGE ( 'NONE', *, *, #4083, .T. ) ;
#2181 = EDGE_CURVE ( 'NONE', #2651, #2035, #4803, .T. ) ;
#2182 = LINE ( 'NONE', #4810, #114 ) ;
#2183 = LINE ( 'NONE', #1739, #455 ) ;
#2184 = EDGE_CURVE ( 'NONE', #3579, #4484, #2442, .T. ) ;
#2185 = LINE ( 'NONE', #2531, #787 ) ;
#2186 = ORIENTED_EDGE ( 'NONE', *, *, #3488, .T. ) ;
#2187 = EDGE_CURVE ( 'NONE', #4201, #2822, #2888, .T. ) ;
#2188 = AXIS2_PLACEMENT_3D ( 'NONE', #334, #2245, #3763 ) ;
#2189 = EDGE_CURVE ( 'NONE', #3820, #2374, #3593, .T. ) ;
#2190 = DIRECTION ( 'NONE',  ( -1.000000000000000000, 0.000000000000000000, 0.000000000000000000 ) ) ;
#2191 = ORIENTED_EDGE ( 'NONE', *, *, #2553, .F. ) ;
#2192 = CARTESIAN_POINT ( 'NONE',  ( -1.000000000000000888, 0.000000000000000000, 6.505213034913026604E-16 ) ) ;
#2193 = ORIENTED_EDGE ( 'NONE', *, *, #2672, .F. ) ;
#2194 = LINE ( 'NONE', #312, #2664 ) ;
#2195 = ORIENTED_EDGE ( 'NONE', *, *, #3251, .F. ) ;
#2196 = EDGE_CURVE ( 'NONE', #1182, #3300, #2153, .T. ) ;
#2197 = FACE_OUTER_BOUND ( 'NONE', #3361, .T. ) ;
#2198 = AXIS2_PLACEMENT_3D ( 'NONE', #224, #664, #1052 ) ;
#2199 = ORIENTED_EDGE ( 'NONE', *, *, #666, .T. ) ;
#2200 = CARTESIAN_POINT ( 'NONE',  ( -2.399999999999999467, 2.000000000000000000, 1.000000000000001110 ) ) ;
#2201 = AXIS2_PLACEMENT_3D ( 'NONE', #591, #1663, #4712 ) ;
#2202 = CARTESIAN_POINT ( 'NONE',  ( -0.2500000000000000000, 2.000000000000000000, 0.2500000000000000000 ) ) ;
#2203 = LINE ( 'NONE', #2621, #2519 ) ;
#2204 = DIRECTION ( 'NONE',  ( 1.000000000000000000, -0.000000000000000000, -0.000000000000000000 ) ) ;
#2205 = DIRECTION ( 'NONE',  ( 0.000000000000000000, 1.000000000000000000, 0.000000000000000000 ) ) ;
#2206 = ORIENTED_EDGE ( 'NONE', *, *, #2403, .T. ) ;
#2207 = VECTOR ( 'NONE', #252, 1000.000000000000114 ) ;
#2208 = CARTESIAN_POINT ( 'NONE',  ( -0.2500000000000000000, 2.000000000000000000, -0.2500000000000000000 ) ) ;
#2209 = VERTEX_POINT ( 'NONE', #2839 ) ;
#2210 = VECTOR ( 'NONE', #1828, 1000.000000000000000 ) ;
#2211 = EDGE_CURVE ( 'NONE', #4309, #4661, #635, .T. ) ;
#2212 = CARTESIAN_POINT ( 'NONE',  ( 0.7499999999999997780, 2.000000000000000000, -0.2499999999999994171 ) ) ;
#2213 = DIRECTION ( 'NONE',  ( -0.000000000000000000, 1.000000000000000000, 0.000000000000000000 ) ) ;
#2214 = CARTESIAN_POINT ( 'NONE',  ( -6.000000000000000000, 0.000000000000000000, 0.5999999999999997558 ) ) ;
#2215 = ORIENTED_EDGE ( 'NONE', *, *, #2326, .F. ) ;
#2216 = ADVANCED_FACE ( 'NONE', ( #580 ), #1362, .F. ) ;
#2217 = CARTESIAN_POINT ( 'NONE',  ( -0.2500000000000000000, 5.257099999999994999, 0.2500000000000000000 ) ) ;
#2218 = ORIENTED_EDGE ( 'NONE', *, *, #1164, .T. ) ;
#2219 = ORIENTED_EDGE ( 'NONE', *, *, #2914, .T. ) ;
#2220 = CARTESIAN_POINT ( 'NONE',  ( 6.000000000000000000, 0.000000000000000000, 0.6000000000000009770 ) ) ;
#2221 = ORIENTED_EDGE ( 'NONE', *, *, #4294, .T. ) ;
#2222 = EDGE_CURVE ( 'NONE', #396, #2704, #2862, .T. ) ;
#2223 = LINE ( 'NONE', #406, #3332 ) ;
#2224 = ORIENTED_EDGE ( 'NONE', *, *, #3880, .T. ) ;
#2225 = FACE_OUTER_BOUND ( 'NONE', #3098, .T. ) ;
#2226 = FACE_OUTER_BOUND ( 'NONE', #3958, .T. ) ;
#2227 = FACE_OUTER_BOUND ( 'NONE', #677, .T. ) ;
#2228 = DIRECTION ( 'NONE',  ( -0.2035585949527764504, -0.9576678948579735451, -0.2035585949527764504 ) ) ;
#2229 = CARTESIAN_POINT ( 'NONE',  ( -1.250000000000000222, 2.000000000000000000, 0.2500000000000006106 ) ) ;
#2230 = FACE_OUTER_BOUND ( 'NONE', #121, .T. ) ;
#2231 = DIRECTION ( 'NONE',  ( -0.7071067811865461294, 0.000000000000000000, -0.7071067811865489050 ) ) ;
#2232 = DIRECTION ( 'NONE',  ( 0.7071067811865472397, 0.000000000000000000, -0.7071067811865479058 ) ) ;
#2233 = PLANE ( 'NONE',  #2648 ) ;
#2234 = PLANE ( 'NONE',  #1109 ) ;
#2235 = ORIENTED_EDGE ( 'NONE', *, *, #1857, .T. ) ;
#2236 = EDGE_CURVE ( 'NONE', #1072, #3927, #607, .T. ) ;
#2237 = DIRECTION ( 'NONE',  ( 1.000000000000000000, 0.000000000000000000, 0.000000000000000000 ) ) ;
#2238 = ORIENTED_EDGE ( 'NONE', *, *, #390, .T. ) ;
#2239 = ORIENTED_EDGE ( 'NONE', *, *, #4791, .F. ) ;
#2240 = DIRECTION ( 'NONE',  ( 1.000000000000000000, 0.000000000000000000, -7.228014483236698528E-16 ) ) ;
#2241 = VERTEX_POINT ( 'NONE', #1415 ) ;
#2242 = ADVANCED_FACE ( 'NONE', ( #4096 ), #3446, .F. ) ;
#2243 = PLANE ( 'NONE',  #3243 ) ;
#2244 = ORIENTED_EDGE ( 'NONE', *, *, #4120, .T. ) ;
#2245 = DIRECTION ( 'NONE',  ( 1.807003620809171920E-16, -0.000000000000000000, 1.000000000000000000 ) ) ;
#2246 = EDGE_CURVE ( 'NONE', #3916, #3501, #4504, .T. ) ;
#2247 = LINE ( 'NONE', #26, #1990 ) ;
#2248 = EDGE_CURVE ( 'NONE', #4334, #4727, #2273, .T. ) ;
#2249 = ADVANCED_FACE ( 'NONE', ( #3062 ), #2296, .F. ) ;
#2250 = DIRECTION ( 'NONE',  ( -7.228014483236698528E-16, -0.000000000000000000, -1.000000000000000000 ) ) ;
#2251 = CARTESIAN_POINT ( 'NONE',  ( 0.000000000000000000, 0.2999999999999999889, -0.6000000000000004219 ) ) ;
#2252 = CARTESIAN_POINT ( 'NONE',  ( -0.3999999999999993006, 0.000000000000000000, 1.000000000000001110 ) ) ;
#2253 = CARTESIAN_POINT ( 'NONE',  ( 7.250000000000000000, 0.2999999999999999889, 0.2500000000000006106 ) ) ;
#2254 = DIRECTION ( 'NONE',  ( -0.7071067811865474617, -0.000000000000000000, 0.7071067811865474617 ) ) ;
#2255 = VECTOR ( 'NONE', #1075, 1000.000000000000000 ) ;
#2256 = LINE ( 'NONE', #1885, #278 ) ;
#2257 = CARTESIAN_POINT ( 'NONE',  ( -6.399999999999998579, 0.000000000000000000, -0.9999999999999991118 ) ) ;
#2258 = ORIENTED_EDGE ( 'NONE', *, *, #4634, .F. ) ;
#2259 = ADVANCED_FACE ( 'NONE', ( #5 ), #3039, .T. ) ;
#2260 = PLANE ( 'NONE',  #4592 ) ;
#2261 = ORIENTED_EDGE ( 'NONE', *, *, #823, .T. ) ;
#2262 = ORIENTED_EDGE ( 'NONE', *, *, #3052, .T. ) ;
#2263 = DIRECTION ( 'NONE',  ( 0.7071067811865472397, 0.000000000000000000, -0.7071067811865479058 ) ) ;
#2264 = EDGE_LOOP ( 'NONE', ( #1435, #3681, #1376, #2193 ) ) ;
#2265 = VECTOR ( 'NONE', #2463, 1000.000000000000000 ) ;
#2266 = CARTESIAN_POINT ( 'NONE',  ( 4.000000000000000000, 0.2999999999999999889, 0.5999999999999997558 ) ) ;
#2267 = ADVANCED_FACE ( 'NONE', ( #3399 ), #1926, .F. ) ;
#2268 = DIRECTION ( 'NONE',  ( 1.000000000000000000, 0.000000000000000000, -1.807003620809171920E-16 ) ) ;
#2269 = ORIENTED_EDGE ( 'NONE', *, *, #46, .F. ) ;
#2270 = VECTOR ( 'NONE', #2528, 1000.000000000000114 ) ;
#2271 = ADVANCED_FACE ( 'NONE', ( #1092 ), #1558, .T. ) ;
#2272 = DIRECTION ( 'NONE',  ( -0.000000000000000000, 0.000000000000000000, 1.000000000000000000 ) ) ;
#2273 = LINE ( 'NONE', #4179, #3126 ) ;
#2274 = VECTOR ( 'NONE', #3867, 1000.000000000000000 ) ;
#2275 = DIRECTION ( 'NONE',  ( 1.000000000000000000, 0.000000000000000000, -1.807003620809171920E-16 ) ) ;
#2276 = DIRECTION ( 'NONE',  ( 0.000000000000000000, 0.000000000000000000, 1.000000000000000000 ) ) ;
#2277 = VECTOR ( 'NONE', #4516, 1000.000000000000000 ) ;
#2278 = DIRECTION ( 'NONE',  ( 0.7071067811865472397, 0.000000000000000000, -0.7071067811865479058 ) ) ;
#2279 = VECTOR ( 'NONE', #4701, 1000.000000000000000 ) ;
#2280 = DIRECTION ( 'NONE',  ( -1.000000000000000000, 0.000000000000000000, 1.807003620809171920E-16 ) ) ;
#2281 =( NAMED_UNIT ( * ) SI_UNIT ( $, .STERADIAN. ) SOLID_ANGLE_UNIT ( ) );
#2282 = ORIENTED_EDGE ( 'NONE', *, *, #2817, .T. ) ;
#2283 =( GEOMETRIC_REPRESENTATION_CONTEXT ( 3 ) GLOBAL_UNCERTAINTY_ASSIGNED_CONTEXT ( ( #4393 ) ) GLOBAL_UNIT_ASSIGNED_CONTEXT ( ( #2400, #623, #233 ) ) REPRESENTATION_CONTEXT ( 'NONE', 'WORKASPACE' ) );
#2284 = LINE ( 'NONE', #85, #603 ) ;
#2285 = VECTOR ( 'NONE', #4011, 1000.000000000000000 ) ;
#2286 = VERTEX_POINT ( 'NONE', #4574 ) ;
#2287 = PRODUCT_DEFINITION_FORMATION_WITH_SPECIFIED_SOURCE ( 'ANY', '', #4748, .NOT_KNOWN. ) ;
#2288 = ORIENTED_EDGE ( 'NONE', *, *, #3948, .T. ) ;
#2289 = PLANE ( 'NONE',  #1320 ) ;
#2290 = VERTEX_POINT ( 'NONE', #4529 ) ;
#2291 = DIRECTION ( 'NONE',  ( 0.000000000000000000, -0.000000000000000000, 1.000000000000000000 ) ) ;
#2292 = LINE ( 'NONE', #1458, #3555 ) ;
#2293 = EDGE_LOOP ( 'NONE', ( #3392, #4783, #241, #2677, #3990, #3481, #3259, #1899 ) ) ;
#2294 =( LENGTH_UNIT ( ) NAMED_UNIT ( * ) SI_UNIT ( .MILLI., .METRE. ) );
#2295 = FACE_OUTER_BOUND ( 'NONE', #1057, .T. ) ;
#2296 = PLANE ( 'NONE',  #2105 ) ;
#2297 = DIRECTION ( 'NONE',  ( 0.7071067811865472397, 0.000000000000000000, -0.7071067811865479058 ) ) ;
#2298 = CARTESIAN_POINT ( 'NONE',  ( -5.599999999999999645, 0.000000000000000000, -0.9999999999999988898 ) ) ;
#2299 = VECTOR ( 'NONE', #4429, 1000.000000000000000 ) ;
#2300 = ORIENTED_EDGE ( 'NONE', *, *, #3202, .T. ) ;
#2301 = DIRECTION ( 'NONE',  ( 1.000000000000000000, 0.000000000000000000, -0.000000000000000000 ) ) ;
#2302 =( LENGTH_UNIT ( ) NAMED_UNIT ( * ) SI_UNIT ( .MILLI., .METRE. ) );
#2303 = ORIENTED_EDGE ( 'NONE', *, *, #706, .T. ) ;
#2304 = EDGE_CURVE ( 'NONE', #2769, #1182, #1514, .T. ) ;
#2305 = CARTESIAN_POINT ( 'NONE',  ( -0.2500000000000000000, -2.457099999999995177, 0.2500000000000000000 ) ) ;
#2306 = ORIENTED_EDGE ( 'NONE', *, *, #4603, .T. ) ;
#2307 = ADVANCED_FACE ( 'NONE', ( #713 ), #1464, .T. ) ;
#2308 = DIRECTION ( 'NONE',  ( 0.7071067811865472397, 0.000000000000000000, -0.7071067811865479058 ) ) ;
#2309 = ORIENTED_EDGE ( 'NONE', *, *, #4133, .T. ) ;
#2310 = EDGE_CURVE ( 'NONE', #3828, #444, #1142, .T. ) ;
#2311 = PLANE ( 'NONE',  #2906 ) ;
#2312 = CARTESIAN_POINT ( 'NONE',  ( -0.7499999999999997780, 0.2999999999999999889, -0.2499999999999994171 ) ) ;
#2313 = ORIENTED_EDGE ( 'NONE', *, *, #3949, .T. ) ;
#2314 =( NAMED_UNIT ( * ) SI_UNIT ( $, .STERADIAN. ) SOLID_ANGLE_UNIT ( ) );
#2315 = DIRECTION ( 'NONE',  ( -0.7071067811865462405, -0.000000000000000000, -0.7071067811865489050 ) ) ;
#2316 = CARTESIAN_POINT ( 'NONE',  ( 0.7499999999999997780, 2.000000000000000000, 0.2500000000000006106 ) ) ;
#2317 = DIRECTION ( 'NONE',  ( 0.000000000000000000, 0.000000000000000000, -1.000000000000000000 ) ) ;
#2318 = DIRECTION ( 'NONE',  ( 0.000000000000000000, -0.000000000000000000, 1.000000000000000000 ) ) ;
#2319 = AXIS2_PLACEMENT_3D ( 'NONE', #2432, #3962, #1693 ) ;
#2320 = PLANE ( 'NONE',  #4157 ) ;
#2321 =( LENGTH_UNIT ( ) NAMED_UNIT ( * ) SI_UNIT ( .MILLI., .METRE. ) );
#2322 = CARTESIAN_POINT ( 'NONE',  ( -2.000000000000000000, 0.000000000000000000, -0.5999999999999987566 ) ) ;
#2323 = PRESENTATION_STYLE_ASSIGNMENT (( #3023 ) ) ;
#2324 = EDGE_CURVE ( 'NONE', #1578, #3878, #4911, .T. ) ;
#2325 = ORIENTED_EDGE ( 'NONE', *, *, #4110, .T. ) ;
#2326 = EDGE_CURVE ( 'NONE', #3179, #2286, #1829, .T. ) ;
#2327 = CARTESIAN_POINT ( 'NONE',  ( -7.600000000000000533, 2.000000000000000000, 1.000000000000001332 ) ) ;
#2328 = ORIENTED_EDGE ( 'NONE', *, *, #2672, .T. ) ;
#2329 = CONTEXT_DEPENDENT_SHAPE_REPRESENTATION ( #4757, #3584 ) ;
#2330 = LINE ( 'NONE', #4261, #1490 ) ;
#2331 = EDGE_LOOP ( 'NONE', ( #3174, #685, #3386, #3601 ) ) ;
#2332 = EDGE_CURVE ( 'NONE', #1658, #1085, #789, .T. ) ;
#2333 = DIRECTION ( 'NONE',  ( 0.000000000000000000, 0.000000000000000000, 1.000000000000000000 ) ) ;
#2334 = LINE ( 'NONE', #361, #3795 ) ;
#2335 = EDGE_LOOP ( 'NONE', ( #4368, #2224, #2219, #4385 ) ) ;
#2336 = CARTESIAN_POINT ( 'NONE',  ( 0.1771143550033493219, 5.599999999999999645, -0.1771143550033493219 ) ) ;
#2337 = AXIS2_PLACEMENT_3D ( 'NONE', #410, #2622, #3768 ) ;
#2338 = LINE ( 'NONE', #4318, #4660 ) ;
#2339 = CARTESIAN_POINT ( 'NONE',  ( 0.2500000000000000000, -2.457099999999995177, 0.2500000000000000000 ) ) ;
#2340 = CARTESIAN_POINT ( 'NONE',  ( 0.2500000000000000000, 5.257099999999994999, 0.2500000000000000000 ) ) ;
#2341 = CARTESIAN_POINT ( 'NONE',  ( 1.600000000000001643, 2.000000000000000000, -0.9999999999999991118 ) ) ;
#2342 = DIRECTION ( 'NONE',  ( -0.000000000000000000, 0.000000000000000000, -1.000000000000000000 ) ) ;
#2343 = DIRECTION ( 'NONE',  ( 1.000000000000000000, -0.000000000000000000, -0.000000000000000000 ) ) ;
#2344 = CARTESIAN_POINT ( 'NONE',  ( 4.399999999999999467, 0.000000000000000000, 1.000000000000001332 ) ) ;
#2345 = ORIENTED_EDGE ( 'NONE', *, *, #4386, .T. ) ;
#2346 = VECTOR ( 'NONE', #2994, 1000.000000000000000 ) ;
#2347 = EDGE_CURVE ( 'NONE', #4774, #4714, #3351, .T. ) ;
#2348 = VECTOR ( 'NONE', #380, 1000.000000000000000 ) ;
#2349 = DIRECTION ( 'NONE',  ( -7.228014483236698528E-16, 0.000000000000000000, -1.000000000000000000 ) ) ;
#2350 = AXIS2_PLACEMENT_3D ( 'NONE', #1799, #4019, #191 ) ;
#2351 = ORIENTED_EDGE ( 'NONE', *, *, #2759, .T. ) ;
#2352 = CONTEXT_DEPENDENT_SHAPE_REPRESENTATION ( #25, #4139 ) ;
#2353 = CARTESIAN_POINT ( 'NONE',  ( 2.000000000000000000, 0.2999999999999999889, 0.5999999999999997558 ) ) ;
#2354 = ORIENTED_EDGE ( 'NONE', *, *, #1612, .F. ) ;
#2355 = AXIS2_PLACEMENT_3D ( 'NONE', #915, #2418, #542 ) ;
#2356 = ADVANCED_FACE ( 'NONE', ( #3747 ), #340, .T. ) ;
#2357 = VECTOR ( 'NONE', #4802, 1000.000000000000000 ) ;
#2358 = LINE ( 'NONE', #3419, #2984 ) ;
#2359 = DIRECTION ( 'NONE',  ( 0.000000000000000000, 1.000000000000000000, 0.000000000000000000 ) ) ;
#2360 = ORIENTED_EDGE ( 'NONE', *, *, #4716, .F. ) ;
#2361 = CARTESIAN_POINT ( 'NONE',  ( 4.750000000000000000, 0.000000000000000000, 0.2500000000000006106 ) ) ;
#2362 = ADVANCED_FACE ( 'NONE', ( #362 ), #2644, .F. ) ;
#2363 = DIRECTION ( 'NONE',  ( 0.000000000000000000, -0.000000000000000000, 1.000000000000000000 ) ) ;
#2364 = PLANE ( 'NONE',  #4508 ) ;
#2365 = EDGE_CURVE ( 'NONE', #4493, #553, #904, .T. ) ;
#2366 = CARTESIAN_POINT ( 'NONE',  ( -0.2500000000000000000, 5.599999999999999645, 0.2500000000000000000 ) ) ;
#2367 = CARTESIAN_POINT ( 'NONE',  ( 6.400000000000000355, 0.000000000000000000, -0.9999999999999988898 ) ) ;
#2368 = CARTESIAN_POINT ( 'NONE',  ( -2.000000000000000000, 0.000000000000000000, -0.5999999999999987566 ) ) ;
#2369 = LINE ( 'NONE', #1264, #4739 ) ;
#2370 = DIRECTION ( 'NONE',  ( -1.000000000000000000, 0.000000000000000000, -0.000000000000000000 ) ) ;
#2371 = ORIENTED_EDGE ( 'NONE', *, *, #448, .T. ) ;
#2372 = EDGE_LOOP ( 'NONE', ( #1840, #2258, #4183, #404 ) ) ;
#2373 = FACE_OUTER_BOUND ( 'NONE', #4187, .T. ) ;
#2374 = VERTEX_POINT ( 'NONE', #4625 ) ;
#2375 = VERTEX_POINT ( 'NONE', #1997 ) ;
#2376 = DIRECTION ( 'NONE',  ( 0.000000000000000000, -0.000000000000000000, 1.000000000000000000 ) ) ;
#2377 = DIRECTION ( 'NONE',  ( 0.000000000000000000, 1.000000000000000000, 0.000000000000000000 ) ) ;
#2378 = ORIENTED_EDGE ( 'NONE', *, *, #4321, .F. ) ;
#2379 = FILL_AREA_STYLE ('',( #3393 ) ) ;
#2380 = EDGE_CURVE ( 'NONE', #3916, #3201, #4698, .T. ) ;
#2381 = VECTOR ( 'NONE', #2601, 1000.000000000000000 ) ;
#2382 = PLANE ( 'NONE',  #898 ) ;
#2383 = ADVANCED_FACE ( 'NONE', ( #3089 ), #1280, .F. ) ;
#2384 = CARTESIAN_POINT ( 'NONE',  ( 2.000000000000000000, 0.000000000000000000, 0.000000000000000000 ) ) ;
#2385 = LINE ( 'NONE', #3091, #1795 ) ;
#2386 = EDGE_CURVE ( 'NONE', #146, #3985, #2783, .T. ) ;
#2387 = ADVANCED_FACE ( 'NONE', ( #3932 ), #3470, .F. ) ;
#2388 = DIRECTION ( 'NONE',  ( -0.7071067811865462405, -0.000000000000000000, -0.7071067811865489050 ) ) ;
#2389 = LINE ( 'NONE', #3913, #2279 ) ;
#2390 = DIRECTION ( 'NONE',  ( 1.000000000000000000, 0.000000000000000000, 0.000000000000000000 ) ) ;
#2391 = CARTESIAN_POINT ( 'NONE',  ( -0.1771143550033493219, 5.599999999999999645, 0.1771143550033493219 ) ) ;
#2392 = EDGE_LOOP ( 'NONE', ( #1302, #4800, #1984, #3007, #2814 ) ) ;
#2393 = EDGE_LOOP ( 'NONE', ( #2008, #4903, #2566, #3701 ) ) ;
#2394 = VECTOR ( 'NONE', #2315, 1000.000000000000000 ) ;
#2395 = LINE ( 'NONE', #3598, #1419 ) ;
#2396 = CARTESIAN_POINT ( 'NONE',  ( 6.000000000000000000, 0.2999999999999999889, 0.5999999999999997558 ) ) ;
#2397 = ORIENTED_EDGE ( 'NONE', *, *, #1726, .F. ) ;
#2398 = EDGE_LOOP ( 'NONE', ( #2618, #17, #3558, #4735 ) ) ;
#2399 = CARTESIAN_POINT ( 'NONE',  ( -0.2500000000000000000, -2.457099999999995177, -0.2500000000000000000 ) ) ;
#2400 =( LENGTH_UNIT ( ) NAMED_UNIT ( * ) SI_UNIT ( .MILLI., .METRE. ) );
#2401 = VERTEX_POINT ( 'NONE', #3510 ) ;
#2402 = DIRECTION ( 'NONE',  ( 0.000000000000000000, 0.000000000000000000, 1.000000000000000000 ) ) ;
#2403 = EDGE_CURVE ( 'NONE', #2943, #2122, #1232, .T. ) ;
#2404 = DIRECTION ( 'NONE',  ( -1.000000000000000000, 0.000000000000000000, 0.000000000000000000 ) ) ;
#2405 = DIRECTION ( 'NONE',  ( 0.000000000000000000, 1.000000000000000000, 0.000000000000000000 ) ) ;
#2406 = ORIENTED_EDGE ( 'NONE', *, *, #2057, .F. ) ;
#2407 = LINE ( 'NONE', #481, #3468 ) ;
#2408 = ADVANCED_FACE ( 'NONE', ( #525 ), #1603, .F. ) ;
#2409 = MECHANICAL_DESIGN_GEOMETRIC_PRESENTATION_REPRESENTATION (  '', ( #4424 ), #1557 ) ;
#2410 = FACE_OUTER_BOUND ( 'NONE', #3997, .T. ) ;
#2411 = DIRECTION ( 'NONE',  ( -0.000000000000000000, 0.000000000000000000, 1.000000000000000000 ) ) ;
#2412 = DIRECTION ( 'NONE',  ( 0.000000000000000000, 1.000000000000000000, 0.000000000000000000 ) ) ;
#2413 = DIRECTION ( 'NONE',  ( 0.000000000000000000, 0.000000000000000000, -1.000000000000000000 ) ) ;
#2414 = ORIENTED_EDGE ( 'NONE', *, *, #3237, .F. ) ;
#2415 = ORIENTED_EDGE ( 'NONE', *, *, #799, .T. ) ;
#2416 = VECTOR ( 'NONE', #3975, 1000.000000000000000 ) ;
#2417 = VECTOR ( 'NONE', #2892, 1000.000000000000000 ) ;
#2418 = DIRECTION ( 'NONE',  ( -1.000000000000000000, 0.000000000000000000, 0.000000000000000000 ) ) ;
#2419 = PLANE ( 'NONE',  #2608 ) ;
#2420 = VERTEX_POINT ( 'NONE', #4645 ) ;
#2421 = VECTOR ( 'NONE', #933, 1000.000000000000000 ) ;
#2422 = ORIENTED_EDGE ( 'NONE', *, *, #3575, .T. ) ;
#2423 = VECTOR ( 'NONE', #3779, 1000.000000000000000 ) ;
#2424 = CARTESIAN_POINT ( 'NONE',  ( 14.00000000000000000, 2.000000000000000000, 0.000000000000000000 ) ) ;
#2425 = VECTOR ( 'NONE', #1859, 1000.000000000000000 ) ;
#2426 = DIRECTION ( 'NONE',  ( 1.000000000000000000, -0.000000000000000000, -0.000000000000000000 ) ) ;
#2427 = VERTEX_POINT ( 'NONE', #3838 ) ;
#2428 = LINE ( 'NONE', #3957, #2110 ) ;
#2429 = ORIENTED_EDGE ( 'NONE', *, *, #657, .T. ) ;
#2430 = VECTOR ( 'NONE', #3245, 1000.000000000000000 ) ;
#2431 = VECTOR ( 'NONE', #3679, 1000.000000000000000 ) ;
#2432 = CARTESIAN_POINT ( 'NONE',  ( 4.000000000000000000, 0.000000000000000000, 0.6000000000000009770 ) ) ;
#2433 = ORIENTED_EDGE ( 'NONE', *, *, #815, .F. ) ;
#2434 = CARTESIAN_POINT ( 'NONE',  ( 4.750000000000000000, 0.2999999999999999889, 0.2500000000000006106 ) ) ;
#2435 = ORIENTED_EDGE ( 'NONE', *, *, #308, .T. ) ;
#2436 = DIRECTION ( 'NONE',  ( 1.807003620809171920E-16, -0.000000000000000000, 1.000000000000000000 ) ) ;
#2437 = VECTOR ( 'NONE', #2449, 1000.000000000000000 ) ;
#2438 = PRODUCT_RELATED_PRODUCT_CATEGORY ( 'part', '', ( #4347 ) ) ;
#2439 = DIRECTION ( 'NONE',  ( 1.000000000000000000, -0.000000000000000000, -0.000000000000000000 ) ) ;
#2440 = VECTOR ( 'NONE', #33, 1000.000000000000000 ) ;
#2441 = DIRECTION ( 'NONE',  ( -0.7071067811865474617, 0.000000000000000000, 0.7071067811865474617 ) ) ;
#2442 = LINE ( 'NONE', #4428, #347 ) ;
#2443 = CARTESIAN_POINT ( 'NONE',  ( 4.400000000000000355, 2.000000000000000000, -0.9999999999999988898 ) ) ;
#2444 = ORIENTED_EDGE ( 'NONE', *, *, #4255, .T. ) ;
#2445 = ORIENTED_EDGE ( 'NONE', *, *, #4491, .T. ) ;
#2446 = PLANE ( 'NONE',  #1716 ) ;
#2447 = APPLICATION_CONTEXT ( 'automotive_design' ) ;
#2448 = CARTESIAN_POINT ( 'NONE',  ( -7.250000000000000000, 0.2999999999999999889, 0.2500000000000006106 ) ) ;
#2449 = DIRECTION ( 'NONE',  ( 0.000000000000000000, 1.000000000000000000, 0.000000000000000000 ) ) ;
#2450 = EDGE_LOOP ( 'NONE', ( #2779, #3167, #497, #3612 ) ) ;
#2451 = EDGE_CURVE ( 'NONE', #1804, #1923, #502, .T. ) ;
#2452 = VERTEX_POINT ( 'NONE', #2047 ) ;
#2453 = VECTOR ( 'NONE', #560, 1000.000000000000000 ) ;
#2454 = VECTOR ( 'NONE', #3044, 1000.000000000000000 ) ;
#2455 = EDGE_CURVE ( 'NONE', #352, #708, #2338, .T. ) ;
#2456 = EDGE_CURVE ( 'NONE', #3899, #3814, #457, .T. ) ;
#2457 = FACE_OUTER_BOUND ( 'NONE', #4836, .T. ) ;
#2458 = EDGE_LOOP ( 'NONE', ( #593, #948, #4519, #203 ) ) ;
#2459 = DIRECTION ( 'NONE',  ( 0.000000000000000000, 0.000000000000000000, 1.000000000000000000 ) ) ;
#2460 = EDGE_CURVE ( 'NONE', #927, #2769, #137, .T. ) ;
#2461 = LINE ( 'NONE', #653, #2873 ) ;
#2462 = ORIENTED_EDGE ( 'NONE', *, *, #2724, .F. ) ;
#2463 = DIRECTION ( 'NONE',  ( -0.7071067811865462405, -0.000000000000000000, -0.7071067811865489050 ) ) ;
#2464 = VERTEX_POINT ( 'NONE', #112 ) ;
#2465 = CARTESIAN_POINT ( 'NONE',  ( -4.399999999999998579, 2.000000000000000000, -0.9999999999999991118 ) ) ;
#2466 = PRODUCT_DEFINITION_SHAPE ( 'NONE', 'NONE',  #1359 ) ;
#2467 = FACE_OUTER_BOUND ( 'NONE', #1450, .T. ) ;
#2468 = DIRECTION ( 'NONE',  ( 0.7071067811865465735, 0.000000000000000000, 0.7071067811865484609 ) ) ;
#2469 = CARTESIAN_POINT ( 'NONE',  ( -2.000000000000000000, 2.000000000000000000, -0.5999999999999987566 ) ) ;
#2470 = CARTESIAN_POINT ( 'NONE',  ( 4.000000000000000000, 0.000000000000000000, -0.5999999999999987566 ) ) ;
#2471 = ORIENTED_EDGE ( 'NONE', *, *, #2504, .F. ) ;
#2472 = ORIENTED_EDGE ( 'NONE', *, *, #3796, .F. ) ;
#2473 = DIRECTION ( 'NONE',  ( 0.7071067811865472397, 0.000000000000000000, -0.7071067811865479058 ) ) ;
#2474 = ADVANCED_FACE ( 'NONE', ( #1648 ), #4599, .T. ) ;
#2475 = ADVANCED_FACE ( 'NONE', ( #1195 ), #3160, .F. ) ;
#2476 = CARTESIAN_POINT ( 'NONE',  ( -4.000000000000000000, 0.000000000000000000, -0.5999999999999987566 ) ) ;
#2477 = DIRECTION ( 'NONE',  ( -1.000000000000000000, 0.000000000000000000, -0.000000000000000000 ) ) ;
#2478 = CARTESIAN_POINT ( 'NONE',  ( -2.000000000000000000, 2.000000000000000000, 0.6000000000000009770 ) ) ;
#2479 = VERTEX_POINT ( 'NONE', #2316 ) ;
#2480 = ORIENTED_EDGE ( 'NONE', *, *, #2236, .F. ) ;
#2481 = ADVANCED_FACE ( 'NONE', ( #1948 ), #2364, .F. ) ;
#2482 = DIRECTION ( 'NONE',  ( -1.000000000000000000, -0.000000000000000000, -0.000000000000000000 ) ) ;
#2483 = ORIENTED_EDGE ( 'NONE', *, *, #760, .F. ) ;
#2484 = ORIENTED_EDGE ( 'NONE', *, *, #151, .T. ) ;
#2485 = EDGE_CURVE ( 'NONE', #4686, #3249, #1011, .T. ) ;
#2486 = CARTESIAN_POINT ( 'NONE',  ( -1.600000000000000755, 2.000000000000000000, 1.000000000000001332 ) ) ;
#2487 = ORIENTED_EDGE ( 'NONE', *, *, #2849, .F. ) ;
#2488 = CARTESIAN_POINT ( 'NONE',  ( 4.750000000000000000, 2.000000000000000000, 0.2500000000000006106 ) ) ;
#2489 = ORIENTED_EDGE ( 'NONE', *, *, #3094, .T. ) ;
#2490 = CARTESIAN_POINT ( 'NONE',  ( -6.000000000000000000, 2.000000000000000000, -0.5999999999999992006 ) ) ;
#2491 = LINE ( 'NONE', #4020, #1106 ) ;
#2492 = DIRECTION ( 'NONE',  ( 0.000000000000000000, 1.000000000000000000, 0.000000000000000000 ) ) ;
#2493 = LINE ( 'NONE', #2470, #3887 ) ;
#2494 = EDGE_LOOP ( 'NONE', ( #1417, #1429, #2309, #2750 ) ) ;
#2495 = ORIENTED_EDGE ( 'NONE', *, *, #2995, .T. ) ;
#2496 = DIRECTION ( 'NONE',  ( 1.000000000000000000, 0.000000000000000000, -7.228014483236698528E-16 ) ) ;
#2497 = ADVANCED_BREP_SHAPE_REPRESENTATION ( '', ( #1129, #1139, #3547 ), #699 ) ;
#2498 = VECTOR ( 'NONE', #2883, 1000.000000000000000 ) ;
#2499 = DIRECTION ( 'NONE',  ( -0.7071067811865474617, -0.000000000000000000, 0.7071067811865474617 ) ) ;
#2500 = LINE ( 'NONE', #4874, #3541 ) ;
#2501 = CARTESIAN_POINT ( 'NONE',  ( -1.250000000000000222, 0.000000000000000000, 0.2500000000000006106 ) ) ;
#2502 = ORIENTED_EDGE ( 'NONE', *, *, #2189, .T. ) ;
#2503 = VECTOR ( 'NONE', #594, 1000.000000000000000 ) ;
#2504 = EDGE_CURVE ( 'NONE', #3035, #4221, #4451, .T. ) ;
#2505 = AXIS2_PLACEMENT_3D ( 'NONE', #3219, #1153, #2308 ) ;
#2506 = FACE_OUTER_BOUND ( 'NONE', #4353, .T. ) ;
#2507 = ORIENTED_EDGE ( 'NONE', *, *, #981, .T. ) ;
#2508 = DIRECTION ( 'NONE',  ( 0.000000000000000000, -0.000000000000000000, 1.000000000000000000 ) ) ;
#2509 = ORIENTED_EDGE ( 'NONE', *, *, #4177, .T. ) ;
#2510 = CARTESIAN_POINT ( 'NONE',  ( 0.2500000000000000000, 5.599999999999999645, -0.2500000000000000000 ) ) ;
#2511 = VECTOR ( 'NONE', #2687, 1000.000000000000000 ) ;
#2512 = EDGE_CURVE ( 'NONE', #3820, #3574, #600, .T. ) ;
#2513 = AXIS2_PLACEMENT_3D ( 'NONE', #1542, #4578, #4535 ) ;
#2514 = CARTESIAN_POINT ( 'NONE',  ( 4.000000000000000000, 0.000000000000000000, 0.5999999999999997558 ) ) ;
#2515 = ORIENTED_EDGE ( 'NONE', *, *, #2304, .T. ) ;
#2516 = CARTESIAN_POINT ( 'NONE',  ( -4.000000000000000000, 2.000000000000000000, -0.5999999999999992006 ) ) ;
#2517 = EDGE_LOOP ( 'NONE', ( #3234, #2360, #1240, #2527 ) ) ;
#2518 = EDGE_CURVE ( 'NONE', #3195, #2241, #3293, .T. ) ;
#2519 = VECTOR ( 'NONE', #2377, 1000.000000000000000 ) ;
#2520 = PLANE ( 'NONE',  #530 ) ;
#2521 = ADVANCED_FACE ( 'NONE', ( #4827 ), #1749, .F. ) ;
#2522 = AXIS2_PLACEMENT_3D ( 'NONE', #1107, #4902, #648 ) ;
#2523 = DIRECTION ( 'NONE',  ( -1.000000000000000000, -0.000000000000000000, 1.807003620809171920E-16 ) ) ;
#2524 = DIRECTION ( 'NONE',  ( 0.7071067811865465735, 0.000000000000000000, 0.7071067811865484609 ) ) ;
#2525 = LINE ( 'NONE', #4097, #878 ) ;
#2526 = ORIENTED_EDGE ( 'NONE', *, *, #4844, .F. ) ;
#2527 = ORIENTED_EDGE ( 'NONE', *, *, #2365, .F. ) ;
#2528 = DIRECTION ( 'NONE',  ( -0.7071067811865474617, -0.000000000000000000, 0.7071067811865474617 ) ) ;
#2529 = CARTESIAN_POINT ( 'NONE',  ( 3.600000000000001421, 2.000000000000000000, -0.9999999999999991118 ) ) ;
#2530 = CARTESIAN_POINT ( 'NONE',  ( 5.600000000000001421, 2.000000000000000000, -0.9999999999999991118 ) ) ;
#2531 = CARTESIAN_POINT ( 'NONE',  ( -1.600000000000000755, 0.000000000000000000, 1.000000000000001332 ) ) ;
#2532 = ORIENTED_EDGE ( 'NONE', *, *, #1531, .T. ) ;
#2533 = FACE_OUTER_BOUND ( 'NONE', #4709, .T. ) ;
#2534 = ORIENTED_EDGE ( 'NONE', *, *, #1951, .T. ) ;
#2535 =( LENGTH_UNIT ( ) NAMED_UNIT ( * ) SI_UNIT ( .MILLI., .METRE. ) );
#2536 = ORIENTED_EDGE ( 'NONE', *, *, #4103, .F. ) ;
#2537 = VECTOR ( 'NONE', #3277, 1000.000000000000000 ) ;
#2538 = CARTESIAN_POINT ( 'NONE',  ( -6.399999999999999467, 0.000000000000000000, 1.000000000000001110 ) ) ;
#2539 = ORIENTED_EDGE ( 'NONE', *, *, #2902, .F. ) ;
#2540 = PLANE ( 'NONE',  #3110 ) ;
#2541 = ORIENTED_EDGE ( 'NONE', *, *, #3284, .T. ) ;
#2542 = CARTESIAN_POINT ( 'NONE',  ( -6.399999999999998579, 0.000000000000000000, -0.9999999999999991118 ) ) ;
#2543 = EDGE_CURVE ( 'NONE', #2464, #1616, #1722, .T. ) ;
#2544 =( REPRESENTATION_RELATIONSHIP ('NONE','NONE', #3532, #30 ) REPRESENTATION_RELATIONSHIP_WITH_TRANSFORMATION ( #2654 )SHAPE_REPRESENTATION_RELATIONSHIP( ) );
#2545 = PLANE ( 'NONE',  #4274 ) ;
#2546 = LINE ( 'NONE', #987, #4040 ) ;
#2547 = CARTESIAN_POINT ( 'NONE',  ( -5.999999999999999112, 2.000000000000000000, 0.6000000000000005329 ) ) ;
#2548 = FACE_OUTER_BOUND ( 'NONE', #3255, .T. ) ;
#2549 = ORIENTED_EDGE ( 'NONE', *, *, #3972, .F. ) ;
#2550 = ORIENTED_EDGE ( 'NONE', *, *, #3459, .T. ) ;
#2551 = LINE ( 'NONE', #4808, #1634 ) ;
#2552 = EDGE_CURVE ( 'NONE', #1842, #1418, #1695, .T. ) ;
#2553 = EDGE_CURVE ( 'NONE', #311, #4370, #264, .T. ) ;
#2554 = VECTOR ( 'NONE', #2492, 1000.000000000000000 ) ;
#2555 = LINE ( 'NONE', #4027, #2880 ) ;
#2556 = LINE ( 'NONE', #3356, #2597 ) ;
#2557 =( NAMED_UNIT ( * ) SI_UNIT ( $, .STERADIAN. ) SOLID_ANGLE_UNIT ( ) );
#2558 = ORIENTED_EDGE ( 'NONE', *, *, #4101, .F. ) ;
#2559 = CARTESIAN_POINT ( 'NONE',  ( 4.000000000000000000, 2.000000000000000000, -0.5999999999999987566 ) ) ;
#2560 = VERTEX_POINT ( 'NONE', #2804 ) ;
#2561 = DIRECTION ( 'NONE',  ( 1.000000000000000000, 0.000000000000000000, 0.000000000000000000 ) ) ;
#2562 = VERTEX_POINT ( 'NONE', #2516 ) ;
#2563 = CARTESIAN_POINT ( 'NONE',  ( 6.399999999999999467, 2.000000000000000000, 1.000000000000001332 ) ) ;
#2564 = ORIENTED_EDGE ( 'NONE', *, *, #859, .F. ) ;
#2565 = DIRECTION ( 'NONE',  ( 0.000000000000000000, 0.000000000000000000, 1.000000000000000000 ) ) ;
#2566 = ORIENTED_EDGE ( 'NONE', *, *, #849, .T. ) ;
#2567 = FILL_AREA_STYLE ('',( #2663 ) ) ;
#2568 = ADVANCED_FACE ( 'NONE', ( #1383 ), #3180, .F. ) ;
#2569 = DIRECTION ( 'NONE',  ( 0.7071067811865472397, 0.000000000000000000, -0.7071067811865479058 ) ) ;
#2570 = DIRECTION ( 'NONE',  ( 0.000000000000000000, 0.000000000000000000, 1.000000000000000000 ) ) ;
#2571 = DIRECTION ( 'NONE',  ( 0.000000000000000000, 1.000000000000000000, 0.000000000000000000 ) ) ;
#2572 = DIRECTION ( 'NONE',  ( -0.000000000000000000, -0.000000000000000000, 1.000000000000000000 ) ) ;
#2573 = ORIENTED_EDGE ( 'NONE', *, *, #2189, .F. ) ;
#2574 = LINE ( 'NONE', #3041, #4923 ) ;
#2575 = EDGE_LOOP ( 'NONE', ( #562, #4691, #3241, #1151, #1152, #4753, #105, #3627 ) ) ;
#2576 = LINE ( 'NONE', #4434, #4412 ) ;
#2577 = CARTESIAN_POINT ( 'NONE',  ( 2.000000000000000000, 0.000000000000000000, -0.5999999999999987566 ) ) ;
#2578 = ORIENTED_EDGE ( 'NONE', *, *, #2027, .F. ) ;
#2579 = ADVANCED_FACE ( 'NONE', ( #4044 ), #984, .F. ) ;
#2580 = AXIS2_PLACEMENT_3D ( 'NONE', #1974, #863, #431 ) ;
#2581 = LINE ( 'NONE', #1032, #2744 ) ;
#2582 = ORIENTED_EDGE ( 'NONE', *, *, #952, .F. ) ;
#2583 = SHAPE_REPRESENTATION_RELATIONSHIP ( 'NONE' , 'NONE' ,  #30, #2497 ) ;
#2584 = ORIENTED_EDGE ( 'NONE', *, *, #3019, .T. ) ;
#2585 = DIRECTION ( 'NONE',  ( 0.000000000000000000, 1.000000000000000000, 0.000000000000000000 ) ) ;
#2586 = ORIENTED_EDGE ( 'NONE', *, *, #4556, .T. ) ;
#2587 = VECTOR ( 'NONE', #3476, 1000.000000000000000 ) ;
#2588 = COLOUR_RGB ( '',0.2509803921568627416, 0.2509803921568627416, 0.2509803921568627416 ) ;
#2589 = CARTESIAN_POINT ( 'NONE',  ( 3.250000000000000444, 0.000000000000000000, 0.2500000000000006106 ) ) ;
#2590 = VECTOR ( 'NONE', #3482, 1000.000000000000000 ) ;
#2591 = ORIENTED_EDGE ( 'NONE', *, *, #477, .T. ) ;
#2592 = VECTOR ( 'NONE', #3826, 1000.000000000000000 ) ;
#2593 = LINE ( 'NONE', #4127, #1073 ) ;
#2594 = PLANE ( 'NONE',  #2 ) ;
#2595 = CARTESIAN_POINT ( 'NONE',  ( 4.750000000000000000, 0.000000000000000000, -0.2499999999999994171 ) ) ;
#2596 = DIRECTION ( 'NONE',  ( 0.000000000000000000, 1.000000000000000000, 0.000000000000000000 ) ) ;
#2597 = VECTOR ( 'NONE', #668, 1000.000000000000000 ) ;
#2598 = DIRECTION ( 'NONE',  ( -1.000000000000000000, 0.000000000000000000, 0.000000000000000000 ) ) ;
#2599 = EDGE_CURVE ( 'NONE', #3574, #1050, #928, .T. ) ;
#2600 = AXIS2_PLACEMENT_3D ( 'NONE', #2930, #351, #4469 ) ;
#2601 = DIRECTION ( 'NONE',  ( 1.000000000000000000, 0.000000000000000000, 0.000000000000000000 ) ) ;
#2602 = PLANE ( 'NONE',  #4356 ) ;
#2603 = CARTESIAN_POINT ( 'NONE',  ( -5.250000000000000000, 2.000000000000000000, 0.2500000000000006106 ) ) ;
#2604 = SURFACE_STYLE_FILL_AREA ( #1471 ) ;
#2605 = EDGE_LOOP ( 'NONE', ( #3231, #4835, #2954, #2080 ) ) ;
#2606 = VECTOR ( 'NONE', #2146, 1000.000000000000000 ) ;
#2607 = ADVANCED_FACE ( 'NONE', ( #2148 ), #4719, .F. ) ;
#2608 = AXIS2_PLACEMENT_3D ( 'NONE', #972, #1347, #3462 ) ;
#2609 = EDGE_CURVE ( 'NONE', #4280, #3560, #2073, .T. ) ;
#2610 = PLANE ( 'NONE',  #1957 ) ;
#2611 = ORIENTED_EDGE ( 'NONE', *, *, #477, .F. ) ;
#2612 = ORIENTED_EDGE ( 'NONE', *, *, #280, .T. ) ;
#2613 = DIRECTION ( 'NONE',  ( -1.000000000000000000, 0.000000000000000000, -0.000000000000000000 ) ) ;
#2614 = ORIENTED_EDGE ( 'NONE', *, *, #2973, .T. ) ;
#2615 = EDGE_CURVE ( 'NONE', #4798, #2805, #554, .T. ) ;
#2616 = EDGE_CURVE ( 'NONE', #3780, #313, #4369, .T. ) ;
#2617 = CARTESIAN_POINT ( 'NONE',  ( 0.2500000000000000000, 2.000000000000000000, 0.2500000000000000000 ) ) ;
#2618 = ORIENTED_EDGE ( 'NONE', *, *, #1166, .F. ) ;
#2619 = DIRECTION ( 'NONE',  ( -1.000000000000000000, -0.000000000000000000, 1.807003620809171920E-16 ) ) ;
#2620 = DIRECTION ( 'NONE',  ( 1.000000000000000000, -0.000000000000000000, -0.000000000000000000 ) ) ;
#2621 = CARTESIAN_POINT ( 'NONE',  ( -4.750000000000000000, 0.000000000000000000, 0.2500000000000006106 ) ) ;
#2622 = DIRECTION ( 'NONE',  ( -0.7071067811865484609, 0.000000000000000000, 0.7071067811865465735 ) ) ;
#2623 = CARTESIAN_POINT ( 'NONE',  ( 7.250000000000000000, 0.000000000000000000, 0.2500000000000006106 ) ) ;
#2624 = DIRECTION ( 'NONE',  ( -1.000000000000000000, 0.000000000000000000, 0.000000000000000000 ) ) ;
#2625 = AXIS2_PLACEMENT_3D ( 'NONE', #3038, #4908, #1536 ) ;
#2626 = ORIENTED_EDGE ( 'NONE', *, *, #4017, .F. ) ;
#2627 = CARTESIAN_POINT ( 'NONE',  ( -4.399999999999999467, 2.000000000000000000, 1.000000000000001110 ) ) ;
#2628 = DIRECTION ( 'NONE',  ( 0.000000000000000000, 0.000000000000000000, -1.000000000000000000 ) ) ;
#2629 = EDGE_LOOP ( 'NONE', ( #3998, #14, #4090, #985 ) ) ;
#2630 = EDGE_CURVE ( 'NONE', #3956, #4470, #3991, .T. ) ;
#2631 = EDGE_CURVE ( 'NONE', #670, #2791, #576, .T. ) ;
#2632 = VECTOR ( 'NONE', #2254, 1000.000000000000114 ) ;
#2633 = DIRECTION ( 'NONE',  ( 1.000000000000000000, 0.000000000000000000, -0.000000000000000000 ) ) ;
#2634 = ORIENTED_EDGE ( 'NONE', *, *, #760, .T. ) ;
#2635 = SURFACE_SIDE_STYLE ('',( #3287 ) ) ;
#2636 = ORIENTED_EDGE ( 'NONE', *, *, #3613, .T. ) ;
#2637 = CARTESIAN_POINT ( 'NONE',  ( -8.000000000000000000, 0.000000000000000000, -0.5999999999999987566 ) ) ;
#2638 = ORIENTED_EDGE ( 'NONE', *, *, #3949, .F. ) ;
#2639 = EDGE_CURVE ( 'NONE', #375, #4661, #1357, .T. ) ;
#2640 = LINE ( 'NONE', #3367, #148 ) ;
#2641 = ORIENTED_EDGE ( 'NONE', *, *, #1164, .F. ) ;
#2642 = CARTESIAN_POINT ( 'NONE',  ( -5.599999999999999645, 0.000000000000000000, -0.9999999999999988898 ) ) ;
#2643 = PLANE ( 'NONE',  #847 ) ;
#2644 = PLANE ( 'NONE',  #2659 ) ;
#2645 = CARTESIAN_POINT ( 'NONE',  ( 0.3999999999999993006, 2.000000000000000000, 1.000000000000001332 ) ) ;
#2646 = CARTESIAN_POINT ( 'NONE',  ( 4.399999999999999467, 0.000000000000000000, 1.000000000000001332 ) ) ;
#2647 = DIRECTION ( 'NONE',  ( 0.7071067811865489050, 0.000000000000000000, -0.7071067811865461294 ) ) ;
#2648 = AXIS2_PLACEMENT_3D ( 'NONE', #2322, #743, #4558 ) ;
#2649 = CARTESIAN_POINT ( 'NONE',  ( -8.000000000000000000, 0.000000000000000000, -0.5999999999999987566 ) ) ;
#2650 = DIRECTION ( 'NONE',  ( 0.7071067811865489050, 0.000000000000000000, -0.7071067811865461294 ) ) ;
#2651 = VERTEX_POINT ( 'NONE', #358 ) ;
#2652 = LINE ( 'NONE', #3005, #4522 ) ;
#2653 = VERTEX_POINT ( 'NONE', #1481 ) ;
#2654 = ITEM_DEFINED_TRANSFORMATION ( 'NONE', 'NONE', #4682,  #3547 ) ;
#2655 = ORIENTED_EDGE ( 'NONE', *, *, #3221, .T. ) ;
#2656 = AXIS2_PLACEMENT_3D ( 'NONE', #1701, #2078, #4374 ) ;
#2657 = PLANE ( 'NONE',  #3058 ) ;
#2658 = ORIENTED_EDGE ( 'NONE', *, *, #630, .F. ) ;
#2659 = AXIS2_PLACEMENT_3D ( 'NONE', #762, #95, #480 ) ;
#2660 = DIRECTION ( 'NONE',  ( 0.7071067811865472397, 0.000000000000000000, -0.7071067811865479058 ) ) ;
#2661 = DIRECTION ( 'NONE',  ( 1.000000000000000000, 0.000000000000000000, -1.807003620809171920E-16 ) ) ;
#2662 = VERTEX_POINT ( 'NONE', #3422 ) ;
#2663 = FILL_AREA_STYLE_COLOUR ( '', #126 ) ;
#2664 = VECTOR ( 'NONE', #3341, 1000.000000000000000 ) ;
#2665 = AXIS2_PLACEMENT_3D ( 'NONE', #2353, #3500, #4355 ) ;
#2666 = DIRECTION ( 'NONE',  ( 0.000000000000000000, 1.000000000000000000, 0.000000000000000000 ) ) ;
#2667 = EDGE_CURVE ( 'NONE', #4234, #2866, #4888, .T. ) ;
#2668 = CARTESIAN_POINT ( 'NONE',  ( 4.000000000000000000, 0.000000000000000000, 0.6000000000000009770 ) ) ;
#2669 = CARTESIAN_POINT ( 'NONE',  ( 4.399999999999999467, 0.000000000000000000, 1.000000000000001332 ) ) ;
#2670 = FACE_OUTER_BOUND ( 'NONE', #1222, .T. ) ;
#2671 = AXIS2_PLACEMENT_3D ( 'NONE', #173, #4706, #2477 ) ;
#2672 = EDGE_CURVE ( 'NONE', #3031, #3650, #4173, .T. ) ;
#2673 = LINE ( 'NONE', #4212, #3268 ) ;
#2674 = SURFACE_STYLE_USAGE ( .BOTH. , #742 ) ;
#2675 = CARTESIAN_POINT ( 'NONE',  ( -3.600000000000000977, 0.000000000000000000, 1.000000000000001332 ) ) ;
#2676 = SURFACE_SIDE_STYLE ('',( #4921 ) ) ;
#2677 = ORIENTED_EDGE ( 'NONE', *, *, #3348, .T. ) ;
#2678 = AXIS2_PLACEMENT_3D ( 'NONE', #1017, #3670, #578 ) ;
#2679 = CARTESIAN_POINT ( 'NONE',  ( -8.000000000000000000, 2.000000000000000000, 0.6000000000000009770 ) ) ;
#2680 = VECTOR ( 'NONE', #2661, 1000.000000000000000 ) ;
#2681 = ORIENTED_EDGE ( 'NONE', *, *, #3575, .F. ) ;
#2682 = CARTESIAN_POINT ( 'NONE',  ( -7.000000000000000888, 0.000000000000000000, 6.505213034913026604E-16 ) ) ;
#2683 = CARTESIAN_POINT ( 'NONE',  ( 6.750000000000000000, 0.2999999999999999889, -0.2499999999999994171 ) ) ;
#2684 = COLOUR_RGB ( '',1.000000000000000000, 0.8117647058823529438, 0.5019607843137254832 ) ;
#2685 = ORIENTED_EDGE ( 'NONE', *, *, #1944, .F. ) ;
#2686 = AXIS2_PLACEMENT_3D ( 'NONE', #4511, #1100, #3822 ) ;
#2687 = DIRECTION ( 'NONE',  ( -0.000000000000000000, -0.000000000000000000, 1.000000000000000000 ) ) ;
#2688 = CARTESIAN_POINT ( 'NONE',  ( 2.000000000000000000, 0.000000000000000000, -0.5999999999999987566 ) ) ;
#2689 = ORIENTED_EDGE ( 'NONE', *, *, #2386, .F. ) ;
#2690 = PRESENTATION_STYLE_ASSIGNMENT (( #3131 ) ) ;
#2691 = ADVANCED_FACE ( 'NONE', ( #1903 ), #3790, .T. ) ;
#2692 = CARTESIAN_POINT ( 'NONE',  ( 2.000000000000000000, 0.2999999999999999889, -0.6000000000000004219 ) ) ;
#2693 = CARTESIAN_POINT ( 'NONE',  ( 2.750000000000000000, 0.000000000000000000, 0.2500000000000006106 ) ) ;
#2694 = LINE ( 'NONE', #2229, #3563 ) ;
#2695 = EDGE_CURVE ( 'NONE', #2089, #2464, #2958, .T. ) ;
#2696 = LINE ( 'NONE', #3749, #2346 ) ;
#2697 = AXIS2_PLACEMENT_3D ( 'NONE', #4626, #4250, #1213 ) ;
#2698 = CARTESIAN_POINT ( 'NONE',  ( 0.2500000000000000000, 2.000000000000000000, 0.2500000000000000000 ) ) ;
#2699 = PLANE ( 'NONE',  #2513 ) ;
#2700 = DIRECTION ( 'NONE',  ( -0.7071067811865474617, 0.000000000000000000, 0.7071067811865474617 ) ) ;
#2701 = EDGE_LOOP ( 'NONE', ( #1051, #1689, #1288, #2638 ) ) ;
#2702 = EDGE_CURVE ( 'NONE', #489, #4564, #1460, .T. ) ;
#2703 = CARTESIAN_POINT ( 'NONE',  ( 6.750000000000000000, 0.000000000000000000, -0.2499999999999994171 ) ) ;
#2704 = VERTEX_POINT ( 'NONE', #1138 ) ;
#2705 = APPLICATION_PROTOCOL_DEFINITION ( 'draft international standard', 'automotive_design', 1998, #2447 ) ;
#2706 = CARTESIAN_POINT ( 'NONE',  ( 3.250000000000000444, 0.000000000000000000, -0.2499999999999994171 ) ) ;
#2707 = ORIENTED_EDGE ( 'NONE', *, *, #3652, .F. ) ;
#2708 = EDGE_CURVE ( 'NONE', #1526, #3845, #2986, .T. ) ;
#2709 = LINE ( 'NONE', #3053, #1880 ) ;
#2710 = DIRECTION ( 'NONE',  ( 0.000000000000000000, 1.000000000000000000, 0.000000000000000000 ) ) ;
#2711 = VERTEX_POINT ( 'NONE', #2200 ) ;
#2712 = SURFACE_SIDE_STYLE ('',( #1210 ) ) ;
#2713 = DIRECTION ( 'NONE',  ( 0.000000000000000000, 0.000000000000000000, -1.000000000000000000 ) ) ;
#2714 = DIRECTION ( 'NONE',  ( -0.7071067811865474617, -0.000000000000000000, 0.7071067811865474617 ) ) ;
#2715 = LINE ( 'NONE', #3305, #2537 ) ;
#2716 = DIRECTION ( 'NONE',  ( 0.000000000000000000, 0.000000000000000000, 1.000000000000000000 ) ) ;
#2717 = EDGE_CURVE ( 'NONE', #2957, #3031, #1797, .T. ) ;
#2718 = CARTESIAN_POINT ( 'NONE',  ( 0.3999999999999993006, 0.000000000000000000, 1.000000000000001332 ) ) ;
#2719 = CARTESIAN_POINT ( 'NONE',  ( -4.399999999999999467, 0.000000000000000000, 1.000000000000001110 ) ) ;
#2720 = FILL_AREA_STYLE_COLOUR ( '', #1185 ) ;
#2721 = ORIENTED_EDGE ( 'NONE', *, *, #1600, .T. ) ;
#2722 = LINE ( 'NONE', #2679, #1639 ) ;
#2723 = ORIENTED_EDGE ( 'NONE', *, *, #3819, .F. ) ;
#2724 = EDGE_CURVE ( 'NONE', #527, #106, #1065, .T. ) ;
#2725 = ITEM_DEFINED_TRANSFORMATION ( 'NONE', 'NONE', #3953,  #3547 ) ;
#2726 = CARTESIAN_POINT ( 'NONE',  ( 0.000000000000000000, 0.000000000000000000, -0.5999999999999992006 ) ) ;
#2727 = ORIENTED_EDGE ( 'NONE', *, *, #2184, .F. ) ;
#2728 = EDGE_CURVE ( 'NONE', #1001, #1744, #1436, .T. ) ;
#2729 = CARTESIAN_POINT ( 'NONE',  ( -5.250000000000000000, 0.2999999999999999889, -0.2499999999999994171 ) ) ;
#2730 = LINE ( 'NONE', #3746, #1336 ) ;
#2731 = EDGE_LOOP ( 'NONE', ( #1824, #4685, #1329, #2743 ) ) ;
#2732 = AXIS2_PLACEMENT_3D ( 'NONE', #2693, #4227, #2762 ) ;
#2733 = CARTESIAN_POINT ( 'NONE',  ( 7.600000000000000533, 0.000000000000000000, 1.000000000000001110 ) ) ;
#2734 = VECTOR ( 'NONE', #520, 1000.000000000000000 ) ;
#2735 = DIRECTION ( 'NONE',  ( -0.000000000000000000, -0.000000000000000000, 1.000000000000000000 ) ) ;
#2736 = DIRECTION ( 'NONE',  ( -1.000000000000000000, -0.000000000000000000, -0.000000000000000000 ) ) ;
#2737 = AXIS2_PLACEMENT_3D ( 'NONE', #1169, #4601, #2318 ) ;
#2738 = CARTESIAN_POINT ( 'NONE',  ( -2.000000000000000000, 0.2999999999999999889, 0.5999999999999997558 ) ) ;
#2739 = CARTESIAN_POINT ( 'NONE',  ( 2.000000000000000888, 0.000000000000000000, 0.6000000000000005329 ) ) ;
#2740 = DIRECTION ( 'NONE',  ( 0.7071067811865472397, 0.000000000000000000, -0.7071067811865479058 ) ) ;
#2741 = CARTESIAN_POINT ( 'NONE',  ( -4.000000000000000000, 2.000000000000000000, 0.6000000000000009770 ) ) ;
#2742 = ORIENTED_EDGE ( 'NONE', *, *, #2708, .T. ) ;
#2743 = ORIENTED_EDGE ( 'NONE', *, *, #3242, .F. ) ;
#2744 = VECTOR ( 'NONE', #1814, 1000.000000000000000 ) ;
#2745 = MANIFOLD_SOLID_BREP ( 'LPattern1[4]', #810 ) ;
#2746 = AXIS2_PLACEMENT_3D ( 'NONE', #1350, #569, #3577 ) ;
#2747 = LINE ( 'NONE', #3148, #2751 ) ;
#2748 = ORIENTED_EDGE ( 'NONE', *, *, #3712, .F. ) ;
#2749 = APPLICATION_PROTOCOL_DEFINITION ( 'draft international standard', 'automotive_design', 1998, #510 ) ;
#2750 = ORIENTED_EDGE ( 'NONE', *, *, #15, .T. ) ;
#2751 = VECTOR ( 'NONE', #893, 1000.000000000000000 ) ;
#2752 = ADVANCED_FACE ( 'NONE', ( #4093 ), #1825, .F. ) ;
#2753 = ADVANCED_FACE ( 'NONE', ( #2225 ), #3743, .T. ) ;
#2754 = MANIFOLD_SOLID_BREP ( 'LPattern1[7]', #1137 ) ;
#2755 = PRESENTATION_LAYER_ASSIGNMENT (  '', '', ( #532 ) ) ;
#2756 = FACE_OUTER_BOUND ( 'NONE', #3248, .T. ) ;
#2757 = CARTESIAN_POINT ( 'NONE',  ( 8.000000000000000000, 0.000000000000000000, 0.5999999999999997558 ) ) ;
#2758 = ORIENTED_EDGE ( 'NONE', *, *, #952, .T. ) ;
#2759 = EDGE_CURVE ( 'NONE', #3851, #132, #1849, .T. ) ;
#2760 = ADVANCED_FACE ( 'NONE', ( #901 ), #1645, .F. ) ;
#2761 = DIRECTION ( 'NONE',  ( 1.000000000000000000, -0.000000000000000000, -0.000000000000000000 ) ) ;
#2762 = DIRECTION ( 'NONE',  ( 0.000000000000000000, 0.000000000000000000, 1.000000000000000000 ) ) ;
#2763 = DIRECTION ( 'NONE',  ( 1.000000000000000000, 0.000000000000000000, -0.000000000000000000 ) ) ;
#2764 = CARTESIAN_POINT ( 'NONE',  ( 4.000000000000000888, 0.000000000000000000, -0.6000000000000004219 ) ) ;
#2765 = LINE ( 'NONE', #2022, #3714 ) ;
#2766 = PLANE ( 'NONE',  #2771 ) ;
#2767 = DIRECTION ( 'NONE',  ( -1.000000000000000000, -0.000000000000000000, -0.000000000000000000 ) ) ;
#2768 = VERTEX_POINT ( 'NONE', #4692 ) ;
#2769 = VERTEX_POINT ( 'NONE', #1255 ) ;
#2770 = VECTOR ( 'NONE', #2176, 1000.000000000000000 ) ;
#2771 = AXIS2_PLACEMENT_3D ( 'NONE', #506, #4677, #168 ) ;
#2772 = CARTESIAN_POINT ( 'NONE',  ( -6.399999999999999467, 2.000000000000000000, 1.000000000000001110 ) ) ;
#2773 = DIRECTION ( 'NONE',  ( 0.7071067811865465735, 0.000000000000000000, 0.7071067811865484609 ) ) ;
#2774 = ORIENTED_EDGE ( 'NONE', *, *, #3432, .F. ) ;
#2775 = ORIENTED_EDGE ( 'NONE', *, *, #1668, .T. ) ;
#2776 = EDGE_CURVE ( 'NONE', #1001, #3189, #830, .T. ) ;
#2777 = UNCERTAINTY_MEASURE_WITH_UNIT (LENGTH_MEASURE( 1.000000000000000082E-05 ), #4489, 'distance_accuracy_value', 'NONE');
#2778 = DIRECTION ( 'NONE',  ( 0.000000000000000000, 1.000000000000000000, 0.000000000000000000 ) ) ;
#2779 = ORIENTED_EDGE ( 'NONE', *, *, #724, .F. ) ;
#2780 = EDGE_CURVE ( 'NONE', #4727, #3579, #70, .T. ) ;
#2781 = AXIS2_PLACEMENT_3D ( 'NONE', #3618, #3672, #3271 ) ;
#2782 = LINE ( 'NONE', #501, #4485 ) ;
#2783 = LINE ( 'NONE', #4249, #56 ) ;
#2784 = MANIFOLD_SOLID_BREP ( 'LPattern1[5]', #1451 ) ;
#2785 = FACE_OUTER_BOUND ( 'NONE', #20, .T. ) ;
#2786 = VECTOR ( 'NONE', #3888, 1000.000000000000000 ) ;
#2787 = DIRECTION ( 'NONE',  ( 0.000000000000000000, 1.000000000000000000, 0.000000000000000000 ) ) ;
#2788 = CARTESIAN_POINT ( 'NONE',  ( -0.2500000000000000000, 2.000000000000000000, 0.2500000000000000000 ) ) ;
#2789 = CARTESIAN_POINT ( 'NONE',  ( 0.2500000000000000000, 2.000000000000000000, 0.2500000000000000000 ) ) ;
#2790 = PLANE ( 'NONE',  #4689 ) ;
#2791 = VERTEX_POINT ( 'NONE', #3158 ) ;
#2792 = ORIENTED_EDGE ( 'NONE', *, *, #2006, .F. ) ;
#2793 = MANIFOLD_SOLID_BREP ( 'LPattern1[3]', #3987 ) ;
#2794 = FACE_OUTER_BOUND ( 'NONE', #665, .T. ) ;
#2795 = FACE_OUTER_BOUND ( 'NONE', #4614, .T. ) ;
#2796 = ORIENTED_EDGE ( 'NONE', *, *, #2027, .T. ) ;
#2797 = ORIENTED_EDGE ( 'NONE', *, *, #1140, .F. ) ;
#2798 = LINE ( 'NONE', #4333, #3146 ) ;
#2799 = ORIENTED_EDGE ( 'NONE', *, *, #2965, .T. ) ;
#2800 = CARTESIAN_POINT ( 'NONE',  ( -7.600000000000000533, 0.000000000000000000, 1.000000000000001332 ) ) ;
#2801 = ORIENTED_EDGE ( 'NONE', *, *, #1304, .F. ) ;
#2802 = DIRECTION ( 'NONE',  ( 0.000000000000000000, 1.000000000000000000, 0.000000000000000000 ) ) ;
#2803 = ORIENTED_EDGE ( 'NONE', *, *, #2196, .T. ) ;
#2804 = CARTESIAN_POINT ( 'NONE',  ( 7.250000000000000000, 2.000000000000000000, 0.2500000000000006106 ) ) ;
#2805 = VERTEX_POINT ( 'NONE', #408 ) ;
#2806 = DIRECTION ( 'NONE',  ( 0.000000000000000000, -0.000000000000000000, 1.000000000000000000 ) ) ;
#2807 = EDGE_CURVE ( 'NONE', #1636, #897, #1579, .T. ) ;
#2808 = VECTOR ( 'NONE', #27, 1000.000000000000000 ) ;
#2809 = CARTESIAN_POINT ( 'NONE',  ( 0.000000000000000000, 0.2999999999999999889, 0.5999999999999997558 ) ) ;
#2810 = DIRECTION ( 'NONE',  ( -0.7071067811865475727, 0.000000000000000000, -0.7071067811865475727 ) ) ;
#2811 = CARTESIAN_POINT ( 'NONE',  ( -2.750000000000000000, 0.2999999999999999889, 0.2500000000000006106 ) ) ;
#2812 = LINE ( 'NONE', #4304, #4378 ) ;
#2813 = ORIENTED_EDGE ( 'NONE', *, *, #3003, .F. ) ;
#2814 = ORIENTED_EDGE ( 'NONE', *, *, #1844, .T. ) ;
#2815 = DIRECTION ( 'NONE',  ( -1.000000000000000000, 0.000000000000000000, 0.000000000000000000 ) ) ;
#2816 = VECTOR ( 'NONE', #3008, 1000.000000000000000 ) ;
#2817 = EDGE_CURVE ( 'NONE', #1145, #722, #1005, .T. ) ;
#2818 = EDGE_CURVE ( 'NONE', #2420, #2890, #181, .T. ) ;
#2819 = AXIS2_PLACEMENT_3D ( 'NONE', #3891, #1998, #1584 ) ;
#2820 = LINE ( 'NONE', #3192, #135 ) ;
#2821 = LINE ( 'NONE', #2396, #1115 ) ;
#2822 = VERTEX_POINT ( 'NONE', #4417 ) ;
#2823 = PRODUCT_DEFINITION_SHAPE ( 'NONE', 'NONE',  #4930 ) ;
#2824 = ORIENTED_EDGE ( 'NONE', *, *, #207, .T. ) ;
#2825 = VECTOR ( 'NONE', #806, 1000.000000000000000 ) ;
#2826 = CARTESIAN_POINT ( 'NONE',  ( 4.750000000000000000, 2.000000000000000000, -0.2499999999999994171 ) ) ;
#2827 = ORIENTED_EDGE ( 'NONE', *, *, #4174, .F. ) ;
#2828 = DIRECTION ( 'NONE',  ( -1.000000000000000000, -0.000000000000000000, 1.807003620809171920E-16 ) ) ;
#2829 = VECTOR ( 'NONE', #1163, 1000.000000000000000 ) ;
#2830 = AXIS2_PLACEMENT_3D ( 'NONE', #1441, #1018, #2468 ) ;
#2831 = CARTESIAN_POINT ( 'NONE',  ( 0.1697754265983051902, 5.634526943545678179, 0.1697754265983051902 ) ) ;
#2832 = EDGE_LOOP ( 'NONE', ( #2901, #1789, #155, #1468, #3225 ) ) ;
#2833 = DIRECTION ( 'NONE',  ( 1.000000000000000000, -0.000000000000000000, -0.000000000000000000 ) ) ;
#2834 = ORIENTED_EDGE ( 'NONE', *, *, #3805, .T. ) ;
#2835 = LINE ( 'NONE', #4371, #4668 ) ;
#2836 = EDGE_CURVE ( 'NONE', #1136, #2957, #1768, .T. ) ;
#2837 = DIRECTION ( 'NONE',  ( 1.000000000000000000, 0.000000000000000000, -1.807003620809171920E-16 ) ) ;
#2838 = DIRECTION ( 'NONE',  ( 0.000000000000000000, 1.000000000000000000, 0.000000000000000000 ) ) ;
#2839 = CARTESIAN_POINT ( 'NONE',  ( 8.673617379884035472E-16, 2.000000000000000000, 0.6000000000000005329 ) ) ;
#2840 = CARTESIAN_POINT ( 'NONE',  ( -3.600000000000000089, 0.000000000000000000, -0.9999999999999988898 ) ) ;
#2841 = VERTEX_POINT ( 'NONE', #1666 ) ;
#2842 = VERTEX_POINT ( 'NONE', #3606 ) ;
#2843 = FACE_OUTER_BOUND ( 'NONE', #3477, .T. ) ;
#2844 = EDGE_CURVE ( 'NONE', #917, #4854, #206, .T. ) ;
#2845 = CARTESIAN_POINT ( 'NONE',  ( 5.600000000000001421, 0.000000000000000000, -0.9999999999999991118 ) ) ;
#2846 = CARTESIAN_POINT ( 'NONE',  ( -6.399999999999999467, 0.000000000000000000, 1.000000000000001110 ) ) ;
#2847 = PLANE ( 'NONE',  #3726 ) ;
#2848 = EDGE_LOOP ( 'NONE', ( #1529, #2541, #1522, #3992 ) ) ;
#2849 = EDGE_CURVE ( 'NONE', #1022, #180, #4820, .T. ) ;
#2850 = VERTEX_POINT ( 'NONE', #4736 ) ;
#2851 = PLANE ( 'NONE',  #2119 ) ;
#2852 = ORIENTED_EDGE ( 'NONE', *, *, #3212, .T. ) ;
#2853 = ORIENTED_EDGE ( 'NONE', *, *, #2870, .T. ) ;
#2854 = DIRECTION ( 'NONE',  ( 0.000000000000000000, 1.000000000000000000, 0.000000000000000000 ) ) ;
#2855 = PRODUCT_DEFINITION_CONTEXT ( 'detailed design', #1039, 'design' ) ;
#2856 = CARTESIAN_POINT ( 'NONE',  ( -8.000000000000000000, 0.2999999999999999889, 0.5999999999999997558 ) ) ;
#2857 = ORIENTED_EDGE ( 'NONE', *, *, #4655, .F. ) ;
#2858 = CARTESIAN_POINT ( 'NONE',  ( -3.250000000000000444, 0.000000000000000000, 0.2500000000000006106 ) ) ;
#2859 = ORIENTED_EDGE ( 'NONE', *, *, #1632, .F. ) ;
#2860 = DIRECTION ( 'NONE',  ( 0.000000000000000000, 1.000000000000000000, 0.000000000000000000 ) ) ;
#2861 = CARTESIAN_POINT ( 'NONE',  ( -0.1697754265983051902, 5.634526943545678179, -0.1697754265983051902 ) ) ;
#2862 = LINE ( 'NONE', #988, #2554 ) ;
#2863 = PLANE ( 'NONE',  #4462 ) ;
#2864 = EDGE_CURVE ( 'NONE', #1788, #4280, #3635, .T. ) ;
#2865 = ORIENTED_EDGE ( 'NONE', *, *, #3713, .F. ) ;
#2866 = VERTEX_POINT ( 'NONE', #1690 ) ;
#2867 = DIRECTION ( 'NONE',  ( -0.000000000000000000, 1.000000000000000000, 0.000000000000000000 ) ) ;
#2868 = DIRECTION ( 'NONE',  ( -0.7071067811865461294, 0.000000000000000000, -0.7071067811865489050 ) ) ;
#2869 = PLANE ( 'NONE',  #2125 ) ;
#2870 = EDGE_CURVE ( 'NONE', #1077, #2866, #3986, .T. ) ;
#2871 = AXIS2_PLACEMENT_3D ( 'NONE', #4644, #2713, #4248 ) ;
#2872 = ORIENTED_EDGE ( 'NONE', *, *, #280, .F. ) ;
#2873 = VECTOR ( 'NONE', #2170, 1000.000000000000000 ) ;
#2874 = ADVANCED_FACE ( 'NONE', ( #4715 ), #954, .T. ) ;
#2875 = CARTESIAN_POINT ( 'NONE',  ( 4.750000000000000000, 2.000000000000000000, 0.2500000000000006106 ) ) ;
#2876 = ORIENTED_EDGE ( 'NONE', *, *, #3376, .T. ) ;
#2877 = ORIENTED_EDGE ( 'NONE', *, *, #1102, .F. ) ;
#2878 = LINE ( 'NONE', #2510, #2898 ) ;
#2879 = EDGE_CURVE ( 'NONE', #333, #1389, #2428, .T. ) ;
#2880 = VECTOR ( 'NONE', #274, 1000.000000000000000 ) ;
#2881 = DIRECTION ( 'NONE',  ( 1.000000000000000000, -0.000000000000000000, -0.000000000000000000 ) ) ;
#2882 = ORIENTED_EDGE ( 'NONE', *, *, #2006, .T. ) ;
#2883 = DIRECTION ( 'NONE',  ( -1.000000000000000000, -0.000000000000000000, -0.000000000000000000 ) ) ;
#2884 = ORIENTED_EDGE ( 'NONE', *, *, #3346, .F. ) ;
#2885 =( REPRESENTATION_RELATIONSHIP ('NONE','NONE', #3532, #30 ) REPRESENTATION_RELATIONSHIP_WITH_TRANSFORMATION ( #3435 )SHAPE_REPRESENTATION_RELATIONSHIP( ) );
#2886 = DIRECTION ( 'NONE',  ( -0.7071067811865461294, 0.000000000000000000, -0.7071067811865489050 ) ) ;
#2887 = FACE_OUTER_BOUND ( 'NONE', #4024, .T. ) ;
#2888 = LINE ( 'NONE', #3246, #413 ) ;
#2889 = CARTESIAN_POINT ( 'NONE',  ( 0.000000000000000000, 0.000000000000000000, -0.5999999999999992006 ) ) ;
#2890 = VERTEX_POINT ( 'NONE', #1715 ) ;
#2891 = ORIENTED_EDGE ( 'NONE', *, *, #1993, .T. ) ;
#2892 = DIRECTION ( 'NONE',  ( -7.228014483236698528E-16, -0.000000000000000000, -1.000000000000000000 ) ) ;
#2893 = PRESENTATION_LAYER_ASSIGNMENT (  '', '', ( #4424 ) ) ;
#2894 = DIRECTION ( 'NONE',  ( 0.000000000000000000, 0.2079116908177565115, 0.9781476007338062439 ) ) ;
#2895 = FILL_AREA_STYLE ('',( #4811 ) ) ;
#2896 = CARTESIAN_POINT ( 'NONE',  ( -7.599999999999999645, 2.000000000000000000, -0.9999999999999988898 ) ) ;
#2897 = ORIENTED_EDGE ( 'NONE', *, *, #935, .F. ) ;
#2898 = VECTOR ( 'NONE', #2144, 1000.000000000000000 ) ;
#2899 = AXIS2_PLACEMENT_3D ( 'NONE', #4672, #1303, #2806 ) ;
#2900 = FACE_OUTER_BOUND ( 'NONE', #4769, .T. ) ;
#2901 = ORIENTED_EDGE ( 'NONE', *, *, #2973, .F. ) ;
#2902 = EDGE_CURVE ( 'NONE', #1382, #1475, #3235, .T. ) ;
#2903 = ORIENTED_EDGE ( 'NONE', *, *, #2616, .T. ) ;
#2904 = CARTESIAN_POINT ( 'NONE',  ( 6.400000000000000355, 2.000000000000000000, -0.9999999999999988898 ) ) ;
#2905 = ORIENTED_EDGE ( 'NONE', *, *, #4655, .T. ) ;
#2906 = AXIS2_PLACEMENT_3D ( 'NONE', #4265, #1553, #3128 ) ;
#2907 = EDGE_CURVE ( 'NONE', #1454, #508, #4770, .T. ) ;
#2908 = VECTOR ( 'NONE', #4629, 1000.000000000000000 ) ;
#2909 = AXIS2_PLACEMENT_3D ( 'NONE', #2846, #4381, #3945 ) ;
#2910 = LINE ( 'NONE', #3609, #35 ) ;
#2911 = ORIENTED_EDGE ( 'NONE', *, *, #971, .F. ) ;
#2912 = CARTESIAN_POINT ( 'NONE',  ( 2.750000000000000000, 0.000000000000000000, 0.2500000000000006106 ) ) ;
#2913 = ADVANCED_FACE ( 'NONE', ( #4392, #2043 ), #235, .T. ) ;
#2914 = EDGE_CURVE ( 'NONE', #106, #4790, #2878, .T. ) ;
#2915 = VECTOR ( 'NONE', #2012, 1000.000000000000000 ) ;
#2916 = DIRECTION ( 'NONE',  ( 0.000000000000000000, -0.000000000000000000, 1.000000000000000000 ) ) ;
#2917 = PRODUCT_DEFINITION_FORMATION_WITH_SPECIFIED_SOURCE ( 'ANY', '', #4347, .NOT_KNOWN. ) ;
#2918 = DIRECTION ( 'NONE',  ( 1.000000000000000000, 0.000000000000000000, -1.807003620809171920E-16 ) ) ;
#2919 = DIRECTION ( 'NONE',  ( 0.000000000000000000, 1.000000000000000000, 0.000000000000000000 ) ) ;
#2920 = DIRECTION ( 'NONE',  ( -1.000000000000000000, 0.000000000000000000, 0.000000000000000000 ) ) ;
#2921 = ORIENTED_EDGE ( 'NONE', *, *, #2455, .F. ) ;
#2922 = ORIENTED_EDGE ( 'NONE', *, *, #2972, .F. ) ;
#2923 = FACE_OUTER_BOUND ( 'NONE', #826, .T. ) ;
#2924 = DIRECTION ( 'NONE',  ( 0.7071067811865479058, -0.000000000000000000, 0.7071067811865472397 ) ) ;
#2925 = CARTESIAN_POINT ( 'NONE',  ( -3.999999999999999112, 0.000000000000000000, 0.5999999999999997558 ) ) ;
#2926 = CARTESIAN_POINT ( 'NONE',  ( 0.000000000000000000, 2.000000000000000000, -0.5999999999999992006 ) ) ;
#2927 = VERTEX_POINT ( 'NONE', #3661 ) ;
#2928 = CARTESIAN_POINT ( 'NONE',  ( 5.600000000000000533, 2.000000000000000000, 1.000000000000001110 ) ) ;
#2929 = EDGE_LOOP ( 'NONE', ( #3315, #1365, #4765, #247 ) ) ;
#2930 = CARTESIAN_POINT ( 'NONE',  ( 0.000000000000000000, 0.000000000000000000, 0.000000000000000000 ) ) ;
#2931 = VERTEX_POINT ( 'NONE', #4445 ) ;
#2932 = VECTOR ( 'NONE', #363, 1000.000000000000000 ) ;
#2933 = LINE ( 'NONE', #4520, #129 ) ;
#2934 = EDGE_CURVE ( 'NONE', #708, #4705, #1036, .T. ) ;
#2935 = ORIENTED_EDGE ( 'NONE', *, *, #145, .T. ) ;
#2936 = CARTESIAN_POINT ( 'NONE',  ( 4.750000000000000000, 0.000000000000000000, 0.2500000000000006106 ) ) ;
#2937 = ORIENTED_EDGE ( 'NONE', *, *, #4623, .T. ) ;
#2938 = ADVANCED_FACE ( 'NONE', ( #2167 ), #3685, .T. ) ;
#2939 = FACE_OUTER_BOUND ( 'NONE', #983, .T. ) ;
#2940 = CARTESIAN_POINT ( 'NONE',  ( 2.000000000000000000, 2.000000000000000000, -0.5999999999999987566 ) ) ;
#2941 = CARTESIAN_POINT ( 'NONE',  ( 4.000000000000000000, 0.000000000000000000, -0.5999999999999992006 ) ) ;
#2942 = CARTESIAN_POINT ( 'NONE',  ( -5.599999999999999645, 2.000000000000000000, -0.9999999999999988898 ) ) ;
#2943 = VERTEX_POINT ( 'NONE', #1507 ) ;
#2944 = CARTESIAN_POINT ( 'NONE',  ( 0.000000000000000000, 0.000000000000000000, -0.5999999999999987566 ) ) ;
#2945 = ORIENTED_EDGE ( 'NONE', *, *, #2033, .F. ) ;
#2946 = LINE ( 'NONE', #3727, #993 ) ;
#2947 = CARTESIAN_POINT ( 'NONE',  ( -2.000000000000000000, 2.000000000000000000, -0.5999999999999987566 ) ) ;
#2948 = ORIENTED_EDGE ( 'NONE', *, *, #1697, .T. ) ;
#2949 = AXIS2_PLACEMENT_3D ( 'NONE', #1580, #3861, #136 ) ;
#2950 = DIRECTION ( 'NONE',  ( 1.000000000000000000, -0.000000000000000000, 0.000000000000000000 ) ) ;
#2951 = ORIENTED_EDGE ( 'NONE', *, *, #1878, .F. ) ;
#2952 = ORIENTED_EDGE ( 'NONE', *, *, #1079, .T. ) ;
#2953 = PLANE ( 'NONE',  #516 ) ;
#2954 = ORIENTED_EDGE ( 'NONE', *, *, #4177, .F. ) ;
#2955 =( REPRESENTATION_RELATIONSHIP ('NONE','NONE', #3532, #30 ) REPRESENTATION_RELATIONSHIP_WITH_TRANSFORMATION ( #468 )SHAPE_REPRESENTATION_RELATIONSHIP( ) );
#2956 = LINE ( 'NONE', #1846, #1892 ) ;
#2957 = VERTEX_POINT ( 'NONE', #4496 ) ;
#2958 = LINE ( 'NONE', #24, #3777 ) ;
#2959 = PRODUCT_DEFINITION ( 'UNKNOWN', '', #2917, #2855 ) ;
#2960 = CARTESIAN_POINT ( 'NONE',  ( -2.399999999999999467, 0.000000000000000000, 1.000000000000001110 ) ) ;
#2961 = PLANE ( 'NONE',  #4126 ) ;
#2962 = DIRECTION ( 'NONE',  ( -7.228014483236698528E-16, -0.000000000000000000, -1.000000000000000000 ) ) ;
#2963 = DIRECTION ( 'NONE',  ( 0.000000000000000000, 0.000000000000000000, -1.000000000000000000 ) ) ;
#2964 = DIRECTION ( 'NONE',  ( 0.000000000000000000, 0.000000000000000000, 1.000000000000000000 ) ) ;
#2965 = EDGE_CURVE ( 'NONE', #423, #2479, #1790, .T. ) ;
#2966 = ORIENTED_EDGE ( 'NONE', *, *, #1973, .F. ) ;
#2967 = DIRECTION ( 'NONE',  ( 0.000000000000000000, 0.000000000000000000, 1.000000000000000000 ) ) ;
#2968 = DIRECTION ( 'NONE',  ( -7.228014483236698528E-16, 0.000000000000000000, -1.000000000000000000 ) ) ;
#2969 = DIRECTION ( 'NONE',  ( -0.7071067811865461294, 0.000000000000000000, -0.7071067811865489050 ) ) ;
#2970 = ORIENTED_EDGE ( 'NONE', *, *, #2451, .T. ) ;
#2971 = ADVANCED_BREP_SHAPE_REPRESENTATION ( '', ( #1161, #1122, #2793, #2745, #2784, #4418, #2754, #4454, #3547 ), #2283 ) ;
#2972 = EDGE_CURVE ( 'NONE', #2769, #2452, #3030, .T. ) ;
#2973 = EDGE_CURVE ( 'NONE', #1867, #3985, #4853, .T. ) ;
#2974 = AXIS2_PLACEMENT_3D ( 'NONE', #1905, #387, #3424 ) ;
#2975 = DIRECTION ( 'NONE',  ( 0.000000000000000000, 0.000000000000000000, -1.000000000000000000 ) ) ;
#2976 = ORIENTED_EDGE ( 'NONE', *, *, #2817, .F. ) ;
#2977 = DIRECTION ( 'NONE',  ( 1.000000000000000000, 0.000000000000000000, 0.000000000000000000 ) ) ;
#2978 = EDGE_LOOP ( 'NONE', ( #1111, #2199, #1756, #2085, #3198, #3965, #2614, #3463 ) ) ;
#2979 = DIRECTION ( 'NONE',  ( -7.228014483236698528E-16, 0.000000000000000000, -1.000000000000000000 ) ) ;
#2980 = ORIENTED_EDGE ( 'NONE', *, *, #4299, .T. ) ;
#2981 =( GEOMETRIC_REPRESENTATION_CONTEXT ( 3 ) GLOBAL_UNCERTAINTY_ASSIGNED_CONTEXT ( ( #994 ) ) GLOBAL_UNIT_ASSIGNED_CONTEXT ( ( #4667, #3580, #4038 ) ) REPRESENTATION_CONTEXT ( 'NONE', 'WORKASPACE' ) );
#2982 = VECTOR ( 'NONE', #4552, 1000.000000000000000 ) ;
#2983 = DIRECTION ( 'NONE',  ( 0.000000000000000000, 1.000000000000000000, 0.000000000000000000 ) ) ;
#2984 = VECTOR ( 'NONE', #2660, 1000.000000000000000 ) ;
#2985 = VERTEX_POINT ( 'NONE', #2563 ) ;
#2986 = LINE ( 'NONE', #4150, #3929 ) ;
#2987 = VECTOR ( 'NONE', #2190, 1000.000000000000000 ) ;
#2988 = AXIS2_PLACEMENT_3D ( 'NONE', #4831, #1413, #266 ) ;
#2989 = DIRECTION ( 'NONE',  ( -1.000000000000000000, 0.000000000000000000, -0.000000000000000000 ) ) ;
#2990 = CARTESIAN_POINT ( 'NONE',  ( 1.600000000000001643, 0.000000000000000000, -0.9999999999999991118 ) ) ;
#2991 = DIRECTION ( 'NONE',  ( 0.7071067811865465735, 0.000000000000000000, 0.7071067811865484609 ) ) ;
#2992 = CARTESIAN_POINT ( 'NONE',  ( 8.673617379884035472E-16, 0.000000000000000000, 0.6000000000000005329 ) ) ;
#2993 = VECTOR ( 'NONE', #1700, 1000.000000000000000 ) ;
#2994 = DIRECTION ( 'NONE',  ( 0.000000000000000000, 1.000000000000000000, 0.000000000000000000 ) ) ;
#2995 = EDGE_CURVE ( 'NONE', #4907, #2653, #19, .T. ) ;
#2996 = VECTOR ( 'NONE', #2359, 1000.000000000000000 ) ;
#2997 = DIRECTION ( 'NONE',  ( 1.000000000000000000, 0.000000000000000000, -1.807003620809171920E-16 ) ) ;
#2998 = CARTESIAN_POINT ( 'NONE',  ( -2.399999999999999467, 2.000000000000000000, 1.000000000000001110 ) ) ;
#2999 = FACE_OUTER_BOUND ( 'NONE', #4459, .T. ) ;
#3000 = CARTESIAN_POINT ( 'NONE',  ( 0.7499999999999997780, 0.000000000000000000, -0.2499999999999994171 ) ) ;
#3001 = ADVANCED_FACE ( 'NONE', ( #330 ), #4545, .F. ) ;
#3002 = ORIENTED_EDGE ( 'NONE', *, *, #1546, .T. ) ;
#3003 = EDGE_CURVE ( 'NONE', #4843, #3427, #4881, .T. ) ;
#3004 = VECTOR ( 'NONE', #2767, 1000.000000000000000 ) ;
#3005 = CARTESIAN_POINT ( 'NONE',  ( -0.2500000000000000000, 2.000000000000000000, -0.2500000000000000000 ) ) ;
#3006 = VERTEX_POINT ( 'NONE', #2538 ) ;
#3007 = ORIENTED_EDGE ( 'NONE', *, *, #2117, .T. ) ;
#3008 = DIRECTION ( 'NONE',  ( 0.7071067811865465735, 0.000000000000000000, 0.7071067811865484609 ) ) ;
#3009 = ORIENTED_EDGE ( 'NONE', *, *, #1373, .F. ) ;
#3010 = CARTESIAN_POINT ( 'NONE',  ( 2.000000000000001776, 0.2999999999999999889, 0.5999999999999997558 ) ) ;
#3011 = VECTOR ( 'NONE', #2572, 1000.000000000000000 ) ;
#3012 = ORIENTED_EDGE ( 'NONE', *, *, #4338, .F. ) ;
#3013 = CARTESIAN_POINT ( 'NONE',  ( -0.7499999999999997780, 2.000000000000000000, 0.2500000000000006106 ) ) ;
#3014 = CARTESIAN_POINT ( 'NONE',  ( -0.3999999999999993006, 0.000000000000000000, 1.000000000000001110 ) ) ;
#3015 = DIRECTION ( 'NONE',  ( 0.000000000000000000, 1.000000000000000000, 0.000000000000000000 ) ) ;
#3016 = DIRECTION ( 'NONE',  ( -1.000000000000000000, 0.000000000000000000, 0.000000000000000000 ) ) ;
#3017 = PLANE ( 'NONE',  #3163 ) ;
#3018 = DIRECTION ( 'NONE',  ( 0.000000000000000000, 1.000000000000000000, 0.000000000000000000 ) ) ;
#3019 = EDGE_CURVE ( 'NONE', #2850, #722, #1132, .T. ) ;
#3020 = CARTESIAN_POINT ( 'NONE',  ( -4.399999999999999467, 0.000000000000000000, 1.000000000000001110 ) ) ;
#3021 = CARTESIAN_POINT ( 'NONE',  ( -8.000000000000000000, 2.000000000000000000, -0.5999999999999987566 ) ) ;
#3022 = LINE ( 'NONE', #1912, #2440 ) ;
#3023 = SURFACE_STYLE_USAGE ( .BOTH. , #2676 ) ;
#3024 = ORIENTED_EDGE ( 'NONE', *, *, #1483, .F. ) ;
#3025 = EDGE_CURVE ( 'NONE', #897, #940, #1897, .T. ) ;
#3026 = DIRECTION ( 'NONE',  ( -1.807003620809171920E-16, 0.000000000000000000, -1.000000000000000000 ) ) ;
#3027 = VERTEX_POINT ( 'NONE', #3417 ) ;
#3028 = CONTEXT_DEPENDENT_SHAPE_REPRESENTATION ( #2885, #2823 ) ;
#3029 = ORIENTED_EDGE ( 'NONE', *, *, #97, .T. ) ;
#3030 = LINE ( 'NONE', #674, #595 ) ;
#3031 = VERTEX_POINT ( 'NONE', #3316 ) ;
#3032 = ADVANCED_FACE ( 'NONE', ( #4063 ), #3387, .T. ) ;
#3033 = LINE ( 'NONE', #4197, #223 ) ;
#3034 = CARTESIAN_POINT ( 'NONE',  ( 4.400000000000000355, 0.000000000000000000, -0.9999999999999988898 ) ) ;
#3035 = VERTEX_POINT ( 'NONE', #1432 ) ;
#3036 = CARTESIAN_POINT ( 'NONE',  ( 0.4000000000000001887, 0.000000000000000000, -0.9999999999999988898 ) ) ;
#3037 = EDGE_CURVE ( 'NONE', #4460, #4708, #2933, .T. ) ;
#3038 = CARTESIAN_POINT ( 'NONE',  ( -4.000000000000000000, 0.2999999999999999889, 0.5999999999999997558 ) ) ;
#3039 = PLANE ( 'NONE',  #2337 ) ;
#3040 = DIRECTION ( 'NONE',  ( -0.7071067811865474617, 0.000000000000000000, 0.7071067811865474617 ) ) ;
#3041 = CARTESIAN_POINT ( 'NONE',  ( -0.7499999999999997780, 0.2999999999999999889, 0.2500000000000006106 ) ) ;
#3042 = LINE ( 'NONE', #2698, #4796 ) ;
#3043 = AXIS2_PLACEMENT_3D ( 'NONE', #4920, #3357, #2968 ) ;
#3044 = DIRECTION ( 'NONE',  ( -1.000000000000000000, 0.000000000000000000, 0.000000000000000000 ) ) ;
#3045 = DIRECTION ( 'NONE',  ( 1.000000000000000000, -0.000000000000000000, -0.000000000000000000 ) ) ;
#3046 = ORIENTED_EDGE ( 'NONE', *, *, #3061, .F. ) ;
#3047 = DIRECTION ( 'NONE',  ( 0.000000000000000000, 1.000000000000000000, 0.000000000000000000 ) ) ;
#3048 = ORIENTED_EDGE ( 'NONE', *, *, #2780, .F. ) ;
#3049 = ORIENTED_EDGE ( 'NONE', *, *, #4078, .F. ) ;
#3050 = FACE_OUTER_BOUND ( 'NONE', #3324, .T. ) ;
#3051 = VERTEX_POINT ( 'NONE', #4089 ) ;
#3052 = EDGE_CURVE ( 'NONE', #4708, #222, #2194, .T. ) ;
#3053 = CARTESIAN_POINT ( 'NONE',  ( -7.250000000000000000, 2.000000000000000000, -0.2499999999999994171 ) ) ;
#3054 = DIRECTION ( 'NONE',  ( -0.7071067811865461294, 0.000000000000000000, -0.7071067811865489050 ) ) ;
#3055 = ORIENTED_EDGE ( 'NONE', *, *, #3576, .T. ) ;
#3056 = ADVANCED_FACE ( 'NONE', ( #1455 ), #2953, .T. ) ;
#3057 = AXIS2_PLACEMENT_3D ( 'NONE', #1819, #353, #4167 ) ;
#3058 = AXIS2_PLACEMENT_3D ( 'NONE', #1986, #3810, #87 ) ;
#3059 = LINE ( 'NONE', #1116, #3153 ) ;
#3060 = ADVANCED_FACE ( 'NONE', ( #3364 ), #4904, .F. ) ;
#3061 = EDGE_CURVE ( 'NONE', #4466, #315, #4145, .T. ) ;
#3062 = FACE_OUTER_BOUND ( 'NONE', #651, .T. ) ;
#3063 = FACE_OUTER_BOUND ( 'NONE', #3665, .T. ) ;
#3064 = PLANE ( 'NONE',  #2737 ) ;
#3065 = AXIS2_PLACEMENT_3D ( 'NONE', #2424, #3551, #2376 ) ;
#3066 = VECTOR ( 'NONE', #504, 1000.000000000000000 ) ;
#3067 = EDGE_CURVE ( 'NONE', #649, #3300, #1192, .T. ) ;
#3068 = ORIENTED_EDGE ( 'NONE', *, *, #1939, .F. ) ;
#3069 = PRESENTATION_LAYER_ASSIGNMENT (  '', '', ( #695 ) ) ;
#3070 = CARTESIAN_POINT ( 'NONE',  ( 6.399999999999999467, 0.000000000000000000, 1.000000000000001332 ) ) ;
#3071 = CARTESIAN_POINT ( 'NONE',  ( -6.000000000000000000, 2.000000000000000000, 0.6000000000000009770 ) ) ;
#3072 = FACE_OUTER_BOUND ( 'NONE', #4632, .T. ) ;
#3073 = ORIENTED_EDGE ( 'NONE', *, *, #1083, .F. ) ;
#3074 = VECTOR ( 'NONE', #2860, 1000.000000000000000 ) ;
#3075 = CARTESIAN_POINT ( 'NONE',  ( -5.250000000000000000, 0.2999999999999999889, 0.2500000000000006106 ) ) ;
#3076 = VECTOR ( 'NONE', #4199, 1000.000000000000000 ) ;
#3077 = ORIENTED_EDGE ( 'NONE', *, *, #4452, .F. ) ;
#3078 = CONTEXT_DEPENDENT_SHAPE_REPRESENTATION ( #2955, #4106 ) ;
#3079 = DIRECTION ( 'NONE',  ( -0.000000000000000000, 0.000000000000000000, 1.000000000000000000 ) ) ;
#3080 = ORIENTED_EDGE ( 'NONE', *, *, #3052, .F. ) ;
#3081 = VECTOR ( 'NONE', #3224, 1000.000000000000000 ) ;
#3082 = UNCERTAINTY_MEASURE_WITH_UNIT (LENGTH_MEASURE( 1.000000000000000082E-05 ), #1449, 'distance_accuracy_value', 'NONE');
#3083 = DIRECTION ( 'NONE',  ( 0.000000000000000000, -0.000000000000000000, 1.000000000000000000 ) ) ;
#3084 = EDGE_CURVE ( 'NONE', #2046, #990, #777, .T. ) ;
#3085 = CARTESIAN_POINT ( 'NONE',  ( 5.600000000000000533, 0.000000000000000000, 1.000000000000001110 ) ) ;
#3086 = VERTEX_POINT ( 'NONE', #4637 ) ;
#3087 = ADVANCED_FACE ( 'NONE', ( #3101 ), #804, .T. ) ;
#3088 = DIRECTION ( 'NONE',  ( -0.000000000000000000, 0.000000000000000000, -1.000000000000000000 ) ) ;
#3089 = FACE_OUTER_BOUND ( 'NONE', #296, .T. ) ;
#3090 = FACE_BOUND ( 'NONE', #2517, .T. ) ;
#3091 = CARTESIAN_POINT ( 'NONE',  ( 4.000000000000000000, 2.000000000000000000, -0.5999999999999992006 ) ) ;
#3092 = AXIS2_PLACEMENT_3D ( 'NONE', #840, #938, #2370 ) ;
#3093 = VECTOR ( 'NONE', #768, 1000.000000000000114 ) ;
#3094 = EDGE_CURVE ( 'NONE', #819, #1658, #197, .T. ) ;
#3095 = LINE ( 'NONE', #837, #3066 ) ;
#3096 = FACE_OUTER_BOUND ( 'NONE', #2494, .T. ) ;
#3097 =( LENGTH_UNIT ( ) NAMED_UNIT ( * ) SI_UNIT ( .MILLI., .METRE. ) );
#3098 = EDGE_LOOP ( 'NONE', ( #4826, #4360, #4023, #2262 ) ) ;
#3099 = CARTESIAN_POINT ( 'NONE',  ( -0.1771143550033493219, 5.599999999999999645, 0.2500000000000000000 ) ) ;
#3100 = ORIENTED_EDGE ( 'NONE', *, *, #4387, .F. ) ;
#3101 = FACE_OUTER_BOUND ( 'NONE', #2133, .T. ) ;
#3102 = ORIENTED_EDGE ( 'NONE', *, *, #3242, .T. ) ;
#3103 = LINE ( 'NONE', #1596, #3785 ) ;
#3104 = CARTESIAN_POINT ( 'NONE',  ( -2.000000000000000000, 0.000000000000000000, 0.6000000000000009770 ) ) ;
#3105 = ORIENTED_EDGE ( 'NONE', *, *, #705, .F. ) ;
#3106 = CARTESIAN_POINT ( 'NONE',  ( -5.600000000000000533, 0.000000000000000000, 1.000000000000001332 ) ) ;
#3107 = CARTESIAN_POINT ( 'NONE',  ( 1.600000000000001643, 0.000000000000000000, -0.9999999999999991118 ) ) ;
#3108 = DIRECTION ( 'NONE',  ( 0.000000000000000000, 1.000000000000000000, 0.000000000000000000 ) ) ;
#3109 = LINE ( 'NONE', #865, #1324 ) ;
#3110 = AXIS2_PLACEMENT_3D ( 'NONE', #1355, #2121, #3291 ) ;
#3111 = APPLICATION_CONTEXT ( 'automotive_design' ) ;
#3112 = PLANE ( 'NONE',  #526 ) ;
#3113 = ADVANCED_FACE ( 'NONE', ( #3850 ), #2289, .T. ) ;
#3114 = DIRECTION ( 'NONE',  ( 0.000000000000000000, 1.000000000000000000, 0.000000000000000000 ) ) ;
#3115 = CARTESIAN_POINT ( 'NONE',  ( -2.000000000000000000, 0.000000000000000000, -0.5999999999999987566 ) ) ;
#3116 = CARTESIAN_POINT ( 'NONE',  ( -0.2500000000000000000, 2.000000000000000000, 0.2500000000000000000 ) ) ;
#3117 = ORIENTED_EDGE ( 'NONE', *, *, #4785, .F. ) ;
#3118 = EDGE_CURVE ( 'NONE', #927, #344, #825, .T. ) ;
#3119 = VECTOR ( 'NONE', #1394, 1000.000000000000114 ) ;
#3120 = PLANE ( 'NONE',  #1249 ) ;
#3121 = ORIENTED_EDGE ( 'NONE', *, *, #1585, .F. ) ;
#3122 = EDGE_CURVE ( 'NONE', #3427, #4499, #1680, .T. ) ;
#3123 = DIRECTION ( 'NONE',  ( 1.000000000000000000, 0.000000000000000000, 0.000000000000000000 ) ) ;
#3124 = EDGE_CURVE ( 'NONE', #2032, #3035, #1937, .T. ) ;
#3125 = ORIENTED_EDGE ( 'NONE', *, *, #1939, .T. ) ;
#3126 = VECTOR ( 'NONE', #4553, 1000.000000000000000 ) ;
#3127 = UNCERTAINTY_MEASURE_WITH_UNIT (LENGTH_MEASURE( 1.000000000000000082E-05 ), #3097, 'distance_accuracy_value', 'NONE');
#3128 = DIRECTION ( 'NONE',  ( 0.000000000000000000, -0.000000000000000000, 1.000000000000000000 ) ) ;
#3129 = CARTESIAN_POINT ( 'NONE',  ( 1.250000000000000222, 0.000000000000000000, -0.2499999999999994171 ) ) ;
#3130 = VERTEX_POINT ( 'NONE', #3191 ) ;
#3131 = SURFACE_STYLE_USAGE ( .BOTH. , #2712 ) ;
#3132 = AXIS2_PLACEMENT_3D ( 'NONE', #812, #4671, #1258 ) ;
#3133 = DIRECTION ( 'NONE',  ( -0.9781476007338062439, 0.2079116908177565115, 0.000000000000000000 ) ) ;
#3134 = MECHANICAL_DESIGN_GEOMETRIC_PRESENTATION_REPRESENTATION (  '', ( #3857 ), #1792 ) ;
#3135 = ADVANCED_FACE ( 'NONE', ( #3050 ), #2657, .F. ) ;
#3136 = CARTESIAN_POINT ( 'NONE',  ( 3.250000000000000444, 0.2999999999999999889, 0.2500000000000006106 ) ) ;
#3137 = PLANE ( 'NONE',  #3703 ) ;
#3138 = AXIS2_PLACEMENT_3D ( 'NONE', #3426, #1879, #3402 ) ;
#3139 = LINE ( 'NONE', #531, #4589 ) ;
#3140 = CARTESIAN_POINT ( 'NONE',  ( -4.000000000000000000, 0.2999999999999999889, -0.5999999999999992006 ) ) ;
#3141 = CARTESIAN_POINT ( 'NONE',  ( 0.4000000000000001887, 0.000000000000000000, -0.9999999999999988898 ) ) ;
#3142 = CARTESIAN_POINT ( 'NONE',  ( -1.250000000000000222, 2.000000000000000000, 0.2500000000000006106 ) ) ;
#3143 = EDGE_CURVE ( 'NONE', #1842, #1041, #2330, .T. ) ;
#3144 = ORIENTED_EDGE ( 'NONE', *, *, #2728, .F. ) ;
#3145 = VERTEX_POINT ( 'NONE', #4220 ) ;
#3146 = VECTOR ( 'NONE', #920, 1000.000000000000000 ) ;
#3147 = VECTOR ( 'NONE', #1607, 1000.000000000000000 ) ;
#3148 = CARTESIAN_POINT ( 'NONE',  ( 0.7499999999999997780, 0.2999999999999999889, -0.2499999999999994171 ) ) ;
#3149 = EDGE_CURVE ( 'NONE', #4280, #4470, #3597, .T. ) ;
#3150 = ORIENTED_EDGE ( 'NONE', *, *, #1083, .T. ) ;
#3151 = ORIENTED_EDGE ( 'NONE', *, *, #2485, .F. ) ;
#3152 = VECTOR ( 'NONE', #2523, 1000.000000000000000 ) ;
#3153 = VECTOR ( 'NONE', #2620, 1000.000000000000000 ) ;
#3154 = CARTESIAN_POINT ( 'NONE',  ( -5.999999999999999112, 0.000000000000000000, -0.6000000000000004219 ) ) ;
#3155 = VECTOR ( 'NONE', #2084, 1000.000000000000000 ) ;
#3156 = DIRECTION ( 'NONE',  ( -1.000000000000000000, 0.000000000000000000, 0.000000000000000000 ) ) ;
#3157 = ORIENTED_EDGE ( 'NONE', *, *, #2456, .F. ) ;
#3158 = CARTESIAN_POINT ( 'NONE',  ( -4.750000000000000000, 2.000000000000000000, -0.2499999999999994171 ) ) ;
#3159 = FACE_OUTER_BOUND ( 'NONE', #3497, .T. ) ;
#3160 = PLANE ( 'NONE',  #2732 ) ;
#3161 = LINE ( 'NONE', #460, #1956 ) ;
#3162 = CARTESIAN_POINT ( 'NONE',  ( -4.399999999999998579, 2.000000000000000000, -0.9999999999999991118 ) ) ;
#3163 = AXIS2_PLACEMENT_3D ( 'NONE', #790, #1538, #3040 ) ;
#3164 = FACE_OUTER_BOUND ( 'NONE', #1364, .T. ) ;
#3165 = DIRECTION ( 'NONE',  ( 7.228014483236698528E-16, -0.000000000000000000, 1.000000000000000000 ) ) ;
#3166 = DIRECTION ( 'NONE',  ( -1.000000000000000000, 0.000000000000000000, 0.000000000000000000 ) ) ;
#3167 = ORIENTED_EDGE ( 'NONE', *, *, #1964, .T. ) ;
#3168 = ORIENTED_EDGE ( 'NONE', *, *, #41, .F. ) ;
#3169 = FACE_OUTER_BOUND ( 'NONE', #4922, .T. ) ;
#3170 = FACE_OUTER_BOUND ( 'NONE', #673, .T. ) ;
#3171 = ORIENTED_EDGE ( 'NONE', *, *, #483, .F. ) ;
#3172 = ORIENTED_EDGE ( 'NONE', *, *, #4539, .T. ) ;
#3173 = PLANE ( 'NONE',  #2746 ) ;
#3174 = ORIENTED_EDGE ( 'NONE', *, *, #4133, .F. ) ;
#3175 = CARTESIAN_POINT ( 'NONE',  ( 0.000000000000000000, 0.000000000000000000, 0.6000000000000009770 ) ) ;
#3176 = ADVANCED_FACE ( 'NONE', ( #1919, #3437 ), #846, .F. ) ;
#3177 = VECTOR ( 'NONE', #1754, 1000.000000000000000 ) ;
#3178 = FACE_OUTER_BOUND ( 'NONE', #1955, .T. ) ;
#3179 = VERTEX_POINT ( 'NONE', #172 ) ;
#3180 = PLANE ( 'NONE',  #679 ) ;
#3181 = VERTEX_POINT ( 'NONE', #4728 ) ;
#3182 = ADVANCED_FACE ( 'NONE', ( #1960, #39 ), #2446, .T. ) ;
#3183 = CARTESIAN_POINT ( 'NONE',  ( 4.750000000000000000, 0.2999999999999999889, 0.2500000000000006106 ) ) ;
#3184 = CARTESIAN_POINT ( 'NONE',  ( -8.000000000000000000, 2.000000000000000000, -0.5999999999999987566 ) ) ;
#3185 = ADVANCED_FACE ( 'NONE', ( #3830 ), #61, .T. ) ;
#3186 = CARTESIAN_POINT ( 'NONE',  ( 0.4000000000000001887, 0.000000000000000000, -0.9999999999999988898 ) ) ;
#3187 = CARTESIAN_POINT ( 'NONE',  ( 4.750000000000000000, 0.2999999999999999889, 0.2500000000000006106 ) ) ;
#3188 = DIRECTION ( 'NONE',  ( 1.000000000000000000, 0.000000000000000000, 0.000000000000000000 ) ) ;
#3189 = VERTEX_POINT ( 'NONE', #4194 ) ;
#3190 = VERTEX_POINT ( 'NONE', #2683 ) ;
#3191 = CARTESIAN_POINT ( 'NONE',  ( -6.750000000000000000, 0.2999999999999999889, 0.2500000000000006106 ) ) ;
#3192 = CARTESIAN_POINT ( 'NONE',  ( -4.399999999999998579, 0.000000000000000000, -0.9999999999999991118 ) ) ;
#3193 = CARTESIAN_POINT ( 'NONE',  ( 0.7499999999999997780, 2.000000000000000000, 0.2500000000000006106 ) ) ;
#3194 = ORIENTED_EDGE ( 'NONE', *, *, #4473, .T. ) ;
#3195 = VERTEX_POINT ( 'NONE', #422 ) ;
#3196 = CARTESIAN_POINT ( 'NONE',  ( 0.7499999999999997780, 0.000000000000000000, 0.2500000000000006106 ) ) ;
#3197 = PLANE ( 'NONE',  #4208 ) ;
#3198 = ORIENTED_EDGE ( 'NONE', *, *, #3798, .T. ) ;
#3199 = DIRECTION ( 'NONE',  ( 0.000000000000000000, 1.000000000000000000, 0.000000000000000000 ) ) ;
#3200 = ADVANCED_FACE ( 'NONE', ( #1594 ), #4784, .F. ) ;
#3201 = VERTEX_POINT ( 'NONE', #3622 ) ;
#3202 = EDGE_CURVE ( 'NONE', #3189, #975, #4099, .T. ) ;
#3203 = ADVANCED_FACE ( 'NONE', ( #686 ), #1735, .F. ) ;
#3204 = CARTESIAN_POINT ( 'NONE',  ( 2.400000000000000355, 2.000000000000000000, -0.9999999999999988898 ) ) ;
#3205 =( REPRESENTATION_RELATIONSHIP ('NONE','NONE', #3532, #652 ) REPRESENTATION_RELATIONSHIP_WITH_TRANSFORMATION ( #874 )SHAPE_REPRESENTATION_RELATIONSHIP( ) );
#3206 = EDGE_LOOP ( 'NONE', ( #1779, #4642, #1396, #3924 ) ) ;
#3207 = EDGE_CURVE ( 'NONE', #701, #3899, #4870, .T. ) ;
#3208 = CARTESIAN_POINT ( 'NONE',  ( -2.000000000000000000, 0.000000000000000000, 0.5999999999999997558 ) ) ;
#3209 = ORIENTED_EDGE ( 'NONE', *, *, #1437, .F. ) ;
#3210 = DIRECTION ( 'NONE',  ( 1.000000000000000000, 0.000000000000000000, -0.000000000000000000 ) ) ;
#3211 = VECTOR ( 'NONE', #1410, 1000.000000000000000 ) ;
#3212 = EDGE_CURVE ( 'NONE', #3218, #4714, #1420, .T. ) ;
#3213 = CARTESIAN_POINT ( 'NONE',  ( -8.000000000000000000, 0.000000000000000000, 0.6000000000000009770 ) ) ;
#3214 = DIRECTION ( 'NONE',  ( 0.000000000000000000, 1.000000000000000000, 0.000000000000000000 ) ) ;
#3215 = DIRECTION ( 'NONE',  ( 0.000000000000000000, 0.000000000000000000, -1.000000000000000000 ) ) ;
#3216 = FACE_OUTER_BOUND ( 'NONE', #4423, .T. ) ;
#3217 = ORIENTED_EDGE ( 'NONE', *, *, #3758, .F. ) ;
#3218 = VERTEX_POINT ( 'NONE', #992 ) ;
#3219 = CARTESIAN_POINT ( 'NONE',  ( 7.600000000000000533, 0.000000000000000000, 1.000000000000001110 ) ) ;
#3220 = STYLED_ITEM ( 'NONE', ( #498 ), #2754 ) ;
#3221 = EDGE_CURVE ( 'NONE', #232, #2427, #4053, .T. ) ;
#3222 = VECTOR ( 'NONE', #2082, 1000.000000000000000 ) ;
#3223 = DIRECTION ( 'NONE',  ( 0.000000000000000000, 1.000000000000000000, 0.000000000000000000 ) ) ;
#3224 = DIRECTION ( 'NONE',  ( 0.7071067811865465735, 0.000000000000000000, 0.7071067811865484609 ) ) ;
#3225 = ORIENTED_EDGE ( 'NONE', *, *, #2386, .T. ) ;
#3226 = VECTOR ( 'NONE', #2787, 1000.000000000000000 ) ;
#3227 = ORIENTED_EDGE ( 'NONE', *, *, #964, .T. ) ;
#3228 = AXIS2_PLACEMENT_3D ( 'NONE', #4733, #156, #3524 ) ;
#3229 = VECTOR ( 'NONE', #2439, 1000.000000000000000 ) ;
#3230 = PLANE ( 'NONE',  #2201 ) ;
#3231 = ORIENTED_EDGE ( 'NONE', *, *, #689, .T. ) ;
#3232 = MECHANICAL_DESIGN_GEOMETRIC_PRESENTATION_REPRESENTATION (  '', ( #695 ), #613 ) ;
#3233 =( NAMED_UNIT ( * ) PLANE_ANGLE_UNIT ( ) SI_UNIT ( $, .RADIAN. ) );
#3234 = ORIENTED_EDGE ( 'NONE', *, *, #3642, .F. ) ;
#3235 = LINE ( 'NONE', #980, #4916 ) ;
#3236 = AXIS2_PLACEMENT_3D ( 'NONE', #2682, #4061, #1058 ) ;
#3237 = EDGE_CURVE ( 'NONE', #3145, #4726, #3250, .T. ) ;
#3238 = LINE ( 'NONE', #4420, #343 ) ;
#3239 = ORIENTED_EDGE ( 'NONE', *, *, #2934, .T. ) ;
#3240 = DIRECTION ( 'NONE',  ( 0.000000000000000000, 0.000000000000000000, -1.000000000000000000 ) ) ;
#3241 = ORIENTED_EDGE ( 'NONE', *, *, #2236, .T. ) ;
#3242 = EDGE_CURVE ( 'NONE', #1614, #618, #3302, .T. ) ;
#3243 = AXIS2_PLACEMENT_3D ( 'NONE', #3572, #1682, #2062 ) ;
#3244 = CARTESIAN_POINT ( 'NONE',  ( 6.000000000000001776, 0.2999999999999999889, 0.5999999999999997558 ) ) ;
#3245 = DIRECTION ( 'NONE',  ( 0.000000000000000000, 1.000000000000000000, 0.000000000000000000 ) ) ;
#3246 = CARTESIAN_POINT ( 'NONE',  ( -7.250000000000000000, 0.2999999999999999889, 0.2500000000000006106 ) ) ;
#3247 = LINE ( 'NONE', #1363, #800 ) ;
#3248 = EDGE_LOOP ( 'NONE', ( #4162, #647, #211, #2937 ) ) ;
#3249 = VERTEX_POINT ( 'NONE', #2208 ) ;
#3250 = LINE ( 'NONE', #3725, #3310 ) ;
#3251 = EDGE_CURVE ( 'NONE', #3179, #2122, #1780, .T. ) ;
#3252 = DIRECTION ( 'NONE',  ( -0.7071067811865475727, 0.000000000000000000, -0.7071067811865475727 ) ) ;
#3253 = AXIS2_PLACEMENT_3D ( 'NONE', #3537, #4703, #144 ) ;
#3254 = CARTESIAN_POINT ( 'NONE',  ( 6.000000000000000000, 0.000000000000000000, -0.5999999999999987566 ) ) ;
#3255 = EDGE_LOOP ( 'NONE', ( #3923, #4482, #3002, #2050 ) ) ;
#3256 = EDGE_CURVE ( 'NONE', #2452, #344, #3676, .T. ) ;
#3257 = VECTOR ( 'NONE', #3971, 1000.000000000000000 ) ;
#3258 = FACE_BOUND ( 'NONE', #2063, .T. ) ;
#3259 = ORIENTED_EDGE ( 'NONE', *, *, #4452, .T. ) ;
#3260 = ORIENTED_EDGE ( 'NONE', *, *, #852, .T. ) ;
#3261 = DIRECTION ( 'NONE',  ( -0.000000000000000000, 1.000000000000000000, 0.000000000000000000 ) ) ;
#3262 = VECTOR ( 'NONE', #4176, 1000.000000000000000 ) ;
#3263 = UNCERTAINTY_MEASURE_WITH_UNIT (LENGTH_MEASURE( 1.000000000000000082E-05 ), #3984, 'distance_accuracy_value', 'NONE');
#3264 = CARTESIAN_POINT ( 'NONE',  ( 4.399999999999999467, 2.000000000000000000, 1.000000000000001332 ) ) ;
#3265 = ORIENTED_EDGE ( 'NONE', *, *, #1078, .T. ) ;
#3266 = CARTESIAN_POINT ( 'NONE',  ( -0.2500000000000000000, 2.000000000000000000, 0.2500000000000000000 ) ) ;
#3267 = EDGE_LOOP ( 'NONE', ( #4617, #4776, #369, #3686 ) ) ;
#3268 = VECTOR ( 'NONE', #1650, 1000.000000000000000 ) ;
#3269 = DIRECTION ( 'NONE',  ( 0.000000000000000000, 0.000000000000000000, 1.000000000000000000 ) ) ;
#3270 = CARTESIAN_POINT ( 'NONE',  ( -2.399999999999998579, 0.000000000000000000, -0.9999999999999991118 ) ) ;
#3271 = DIRECTION ( 'NONE',  ( -1.000000000000000000, 0.000000000000000000, 0.000000000000000000 ) ) ;
#3272 = DIRECTION ( 'NONE',  ( -0.7071067811865462405, -0.000000000000000000, -0.7071067811865489050 ) ) ;
#3273 = ORIENTED_EDGE ( 'NONE', *, *, #1457, .T. ) ;
#3274 = ORIENTED_EDGE ( 'NONE', *, *, #876, .F. ) ;
#3275 = DIRECTION ( 'NONE',  ( 0.000000000000000000, 0.000000000000000000, -1.000000000000000000 ) ) ;
#3276 = EDGE_CURVE ( 'NONE', #2124, #286, #1342, .T. ) ;
#3277 = DIRECTION ( 'NONE',  ( 0.000000000000000000, 1.000000000000000000, 0.000000000000000000 ) ) ;
#3278 = DIRECTION ( 'NONE',  ( -1.000000000000000000, -0.000000000000000000, 1.807003620809171920E-16 ) ) ;
#3279 = DIRECTION ( 'NONE',  ( 1.000000000000000000, 0.000000000000000000, -0.000000000000000000 ) ) ;
#3280 = ORIENTED_EDGE ( 'NONE', *, *, #4791, .T. ) ;
#3281 = ADVANCED_FACE ( 'NONE', ( #2843 ), #3330, .T. ) ;
#3282 = VECTOR ( 'NONE', #2881, 1000.000000000000000 ) ;
#3283 = ADVANCED_FACE ( 'NONE', ( #2923 ), #1366, .T. ) ;
#3284 = EDGE_CURVE ( 'NONE', #352, #2927, #2551, .T. ) ;
#3285 = DIRECTION ( 'NONE',  ( 0.7071067811865465735, 0.000000000000000000, 0.7071067811865484609 ) ) ;
#3286 = ORIENTED_EDGE ( 'NONE', *, *, #3491, .F. ) ;
#3287 = SURFACE_STYLE_FILL_AREA ( #4443 ) ;
#3288 = EDGE_LOOP ( 'NONE', ( #958, #3900, #2328, #3368 ) ) ;
#3289 = CARTESIAN_POINT ( 'NONE',  ( -6.000000000000000000, 0.000000000000000000, -0.6000000000000004219 ) ) ;
#3290 = ORIENTED_EDGE ( 'NONE', *, *, #877, .T. ) ;
#3291 = DIRECTION ( 'NONE',  ( 0.000000000000000000, -0.000000000000000000, 1.000000000000000000 ) ) ;
#3292 = ORIENTED_EDGE ( 'NONE', *, *, #2543, .T. ) ;
#3293 = LINE ( 'NONE', #186, #3615 ) ;
#3294 = ORIENTED_EDGE ( 'NONE', *, *, #3549, .F. ) ;
#3295 = CARTESIAN_POINT ( 'NONE',  ( 10.00000000000000000, 2.000000000000000000, 0.000000000000000000 ) ) ;
#3296 = VECTOR ( 'NONE', #1285, 1000.000000000000000 ) ;
#3297 = CARTESIAN_POINT ( 'NONE',  ( 7.250000000000000000, 2.000000000000000000, -0.2499999999999994171 ) ) ;
#3298 = FACE_OUTER_BOUND ( 'NONE', #4525, .T. ) ;
#3299 = CARTESIAN_POINT ( 'NONE',  ( 2.750000000000000000, 0.2999999999999999889, -0.2499999999999994171 ) ) ;
#3300 = VERTEX_POINT ( 'NONE', #639 ) ;
#3301 = ORIENTED_EDGE ( 'NONE', *, *, #3410, .T. ) ;
#3302 = LINE ( 'NONE', #967, #4515 ) ;
#3303 = VECTOR ( 'NONE', #4500, 1000.000000000000000 ) ;
#3304 = ADVANCED_FACE ( 'NONE', ( #4025 ), #2104, .T. ) ;
#3305 = CARTESIAN_POINT ( 'NONE',  ( -3.999999999999999112, 0.000000000000000000, 0.6000000000000005329 ) ) ;
#3306 = CARTESIAN_POINT ( 'NONE',  ( 2.000000000000000888, 0.000000000000000000, -0.6000000000000004219 ) ) ;
#3307 = CARTESIAN_POINT ( 'NONE',  ( 7.600000000000001421, 2.000000000000000000, -0.9999999999999991118 ) ) ;
#3308 = ORIENTED_EDGE ( 'NONE', *, *, #3019, .F. ) ;
#3309 = MECHANICAL_DESIGN_GEOMETRIC_PRESENTATION_REPRESENTATION (  '', ( #3529 ), #2981 ) ;
#3310 = VECTOR ( 'NONE', #4405, 1000.000000000000000 ) ;
#3311 = EDGE_CURVE ( 'NONE', #508, #2704, #3696, .T. ) ;
#3312 = CARTESIAN_POINT ( 'NONE',  ( 4.000000000000000888, 2.000000000000000000, 0.6000000000000005329 ) ) ;
#3313 = ORIENTED_EDGE ( 'NONE', *, *, #63, .F. ) ;
#3314 = DIRECTION ( 'NONE',  ( 1.000000000000000000, 0.000000000000000000, 0.000000000000000000 ) ) ;
#3315 = ORIENTED_EDGE ( 'NONE', *, *, #731, .F. ) ;
#3316 = CARTESIAN_POINT ( 'NONE',  ( -4.399999999999998579, 0.000000000000000000, -0.9999999999999991118 ) ) ;
#3317 = EDGE_LOOP ( 'NONE', ( #4376, #3610, #900, #3772 ) ) ;
#3318 = AXIS2_PLACEMENT_3D ( 'NONE', #309, #3026, #3412 ) ;
#3319 = AXIS2_PLACEMENT_3D ( 'NONE', #2368, #2810, #2441 ) ;
#3320 = DIRECTION ( 'NONE',  ( -1.000000000000000000, -0.000000000000000000, 1.807003620809171920E-16 ) ) ;
#3321 = EDGE_LOOP ( 'NONE', ( #3117, #3621, #1059, #1527 ) ) ;
#3322 =( NAMED_UNIT ( * ) PLANE_ANGLE_UNIT ( ) SI_UNIT ( $, .RADIAN. ) );
#3323 = CARTESIAN_POINT ( 'NONE',  ( 7.600000000000000533, 2.000000000000000000, 1.000000000000001110 ) ) ;
#3324 = EDGE_LOOP ( 'NONE', ( #175, #1545, #4288, #1659 ) ) ;
#3325 = LINE ( 'NONE', #2940, #230 ) ;
#3326 = CARTESIAN_POINT ( 'NONE',  ( 4.000000000000000888, 0.000000000000000000, 0.6000000000000005329 ) ) ;
#3327 = DIRECTION ( 'NONE',  ( -0.7071067811865462405, -0.000000000000000000, -0.7071067811865489050 ) ) ;
#3328 = ORIENTED_EDGE ( 'NONE', *, *, #932, .T. ) ;
#3329 = VERTEX_POINT ( 'NONE', #4483 ) ;
#3330 = PLANE ( 'NONE',  #2118 ) ;
#3331 = ORIENTED_EDGE ( 'NONE', *, *, #472, .F. ) ;
#3332 = VECTOR ( 'NONE', #1922, 1000.000000000000000 ) ;
#3333 = VECTOR ( 'NONE', #2628, 1000.000000000000000 ) ;
#3334 = LINE ( 'NONE', #690, #3119 ) ;
#3335 = SURFACE_SIDE_STYLE ('',( #4436 ) ) ;
#3336 = EDGE_LOOP ( 'NONE', ( #4468, #2010, #2086, #2025 ) ) ;
#3337 = PLANE ( 'NONE',  #2036 ) ;
#3338 = VERTEX_POINT ( 'NONE', #1071 ) ;
#3339 = CARTESIAN_POINT ( 'NONE',  ( 2.999999999999999112, 0.000000000000000000, 6.505213034913026604E-16 ) ) ;
#3340 = ORIENTED_EDGE ( 'NONE', *, *, #1373, .T. ) ;
#3341 = DIRECTION ( 'NONE',  ( 0.000000000000000000, 1.000000000000000000, 0.000000000000000000 ) ) ;
#3342 = ORIENTED_EDGE ( 'NONE', *, *, #4805, .F. ) ;
#3343 = LINE ( 'NONE', #4569, #3076 ) ;
#3344 = ORIENTED_EDGE ( 'NONE', *, *, #122, .F. ) ;
#3345 = CARTESIAN_POINT ( 'NONE',  ( -4.000000000000000000, 0.2999999999999999889, 0.5999999999999997558 ) ) ;
#3346 = EDGE_CURVE ( 'NONE', #1077, #509, #2574, .T. ) ;
#3347 = CARTESIAN_POINT ( 'NONE',  ( 3.250000000000000444, 2.000000000000000000, -0.2499999999999994171 ) ) ;
#3348 = EDGE_CURVE ( 'NONE', #2704, #1405, #1094, .T. ) ;
#3349 = ADVANCED_FACE ( 'NONE', ( #4576 ), #3064, .F. ) ;
#3350 = DIRECTION ( 'NONE',  ( -0.7071067811865474617, -0.000000000000000000, 0.7071067811865474617 ) ) ;
#3351 = LINE ( 'NONE', #4892, #439 ) ;
#3352 = CARTESIAN_POINT ( 'NONE',  ( 4.000000000000000000, 0.2999999999999999889, 0.5999999999999997558 ) ) ;
#3353 = ORIENTED_EDGE ( 'NONE', *, *, #4299, .F. ) ;
#3354 = DIRECTION ( 'NONE',  ( 0.000000000000000000, 0.000000000000000000, 1.000000000000000000 ) ) ;
#3355 = ORIENTED_EDGE ( 'NONE', *, *, #2914, .F. ) ;
#3356 = CARTESIAN_POINT ( 'NONE',  ( 0.000000000000000000, 0.000000000000000000, -0.6000000000000004219 ) ) ;
#3357 = DIRECTION ( 'NONE',  ( 1.000000000000000000, 0.000000000000000000, -7.228014483236698528E-16 ) ) ;
#3358 = PLANE ( 'NONE',  #1898 ) ;
#3359 = ORIENTED_EDGE ( 'NONE', *, *, #1692, .T. ) ;
#3360 = DIRECTION ( 'NONE',  ( 0.000000000000000000, 0.000000000000000000, -1.000000000000000000 ) ) ;
#3361 = EDGE_LOOP ( 'NONE', ( #271, #4444, #4341, #1149 ) ) ;
#3362 = DIRECTION ( 'NONE',  ( 0.000000000000000000, 0.000000000000000000, 1.000000000000000000 ) ) ;
#3363 = VERTEX_POINT ( 'NONE', #3797 ) ;
#3364 = FACE_OUTER_BOUND ( 'NONE', #1270, .T. ) ;
#3365 = EDGE_LOOP ( 'NONE', ( #2578, #776, #1796, #69 ) ) ;
#3366 = ADVANCED_FACE ( 'NONE', ( #2230 ), #3818, .T. ) ;
#3367 = CARTESIAN_POINT ( 'NONE',  ( -6.000000000000000000, 0.2999999999999999889, -0.6000000000000004219 ) ) ;
#3368 = ORIENTED_EDGE ( 'NONE', *, *, #4855, .T. ) ;
#3369 = CARTESIAN_POINT ( 'NONE',  ( -4.399999999999998579, 0.000000000000000000, -0.9999999999999991118 ) ) ;
#3370 = ADVANCED_FACE ( 'NONE', ( #2670 ), #3375, .F. ) ;
#3371 = PLANE ( 'NONE',  #2625 ) ;
#3372 = CARTESIAN_POINT ( 'NONE',  ( 5.600000000000001421, 0.000000000000000000, -0.9999999999999991118 ) ) ;
#3373 = DIRECTION ( 'NONE',  ( -0.7071067811865484609, 0.000000000000000000, 0.7071067811865465735 ) ) ;
#3374 = LINE ( 'NONE', #714, #159 ) ;
#3375 = PLANE ( 'NONE',  #4026 ) ;
#3376 = EDGE_CURVE ( 'NONE', #3501, #701, #4209, .T. ) ;
#3377 = DIRECTION ( 'NONE',  ( 1.000000000000000000, -0.000000000000000000, -0.000000000000000000 ) ) ;
#3378 = DIRECTION ( 'NONE',  ( 0.7071067811865465735, 0.000000000000000000, 0.7071067811865484609 ) ) ;
#3379 = LINE ( 'NONE', #3775, #1741 ) ;
#3380 = ORIENTED_EDGE ( 'NONE', *, *, #500, .F. ) ;
#3381 = VECTOR ( 'NONE', #3717, 1000.000000000000114 ) ;
#3382 = VECTOR ( 'NONE', #376, 1000.000000000000000 ) ;
#3383 = DIRECTION ( 'NONE',  ( 1.000000000000000000, -0.000000000000000000, -0.000000000000000000 ) ) ;
#3384 = VERTEX_POINT ( 'NONE', #3840 ) ;
#3385 = DIRECTION ( 'NONE',  ( 0.000000000000000000, 0.000000000000000000, 1.000000000000000000 ) ) ;
#3386 = ORIENTED_EDGE ( 'NONE', *, *, #935, .T. ) ;
#3387 = PLANE ( 'NONE',  #1406 ) ;
#3388 = ORIENTED_EDGE ( 'NONE', *, *, #3738, .T. ) ;
#3389 = VECTOR ( 'NONE', #321, 1000.000000000000000 ) ;
#3390 = DIRECTION ( 'NONE',  ( 0.000000000000000000, 1.000000000000000000, 0.000000000000000000 ) ) ;
#3391 = VECTOR ( 'NONE', #3847, 1000.000000000000000 ) ;
#3392 = ORIENTED_EDGE ( 'NONE', *, *, #1491, .T. ) ;
#3393 = FILL_AREA_STYLE_COLOUR ( '', #2588 ) ;
#3394 = ADVANCED_FACE ( 'NONE', ( #50 ), #1197, .T. ) ;
#3395 = VECTOR ( 'NONE', #4213, 1000.000000000000000 ) ;
#3396 = DIRECTION ( 'NONE',  ( 0.7071067811865472397, 0.000000000000000000, -0.7071067811865479058 ) ) ;
#3397 = EDGE_CURVE ( 'NONE', #3130, #4201, #412, .T. ) ;
#3398 = DIRECTION ( 'NONE',  ( 1.000000000000000000, 0.000000000000000000, -7.228014483236698528E-16 ) ) ;
#3399 = FACE_OUTER_BOUND ( 'NONE', #1425, .T. ) ;
#3400 = DIRECTION ( 'NONE',  ( 0.000000000000000000, 1.000000000000000000, 0.000000000000000000 ) ) ;
#3401 = VECTOR ( 'NONE', #692, 1000.000000000000000 ) ;
#3402 = DIRECTION ( 'NONE',  ( 1.000000000000000000, 0.000000000000000000, -1.807003620809171920E-16 ) ) ;
#3403 = EDGE_CURVE ( 'NONE', #577, #310, #4914, .T. ) ;
#3404 = VECTOR ( 'NONE', #1086, 1000.000000000000000 ) ;
#3405 = VECTOR ( 'NONE', #4866, 1000.000000000000114 ) ;
#3406 = EDGE_LOOP ( 'NONE', ( #4286, #891, #3049, #2824, #4087 ) ) ;
#3407 = DIRECTION ( 'NONE',  ( 1.000000000000000000, 0.000000000000000000, -0.000000000000000000 ) ) ;
#3408 = DIRECTION ( 'NONE',  ( 0.7071067811865472397, 0.000000000000000000, -0.7071067811865479058 ) ) ;
#3409 = VERTEX_POINT ( 'NONE', #1928 ) ;
#3410 = EDGE_CURVE ( 'NONE', #315, #675, #2696, .T. ) ;
#3411 = EDGE_CURVE ( 'NONE', #311, #3218, #1560, .T. ) ;
#3412 = DIRECTION ( 'NONE',  ( -1.000000000000000000, 0.000000000000000000, 1.807003620809171920E-16 ) ) ;
#3413 = VERTEX_POINT ( 'NONE', #715 ) ;
#3414 = ADVANCED_FACE ( 'NONE', ( #1855 ), #7, .F. ) ;
#3415 = ITEM_DEFINED_TRANSFORMATION ( 'NONE', 'NONE', #3236,  #3547 ) ;
#3416 = EDGE_LOOP ( 'NONE', ( #2611, #4238, #2655, #1654, #3759 ) ) ;
#3417 = CARTESIAN_POINT ( 'NONE',  ( 2.000000000000000000, 0.2999999999999999889, -0.6000000000000004219 ) ) ;
#3418 = EDGE_LOOP ( 'NONE', ( #3024, #2238, #3313, #2397 ) ) ;
#3419 = CARTESIAN_POINT ( 'NONE',  ( -4.399999999999999467, 2.000000000000000000, 1.000000000000001110 ) ) ;
#3420 = LINE ( 'NONE', #1533, #539 ) ;
#3421 = ORIENTED_EDGE ( 'NONE', *, *, #3084, .T. ) ;
#3422 = CARTESIAN_POINT ( 'NONE',  ( -3.250000000000000444, 0.2999999999999999889, -0.2499999999999994171 ) ) ;
#3423 = CARTESIAN_POINT ( 'NONE',  ( 0.7499999999999997780, 0.2999999999999999889, 0.2500000000000006106 ) ) ;
#3424 = DIRECTION ( 'NONE',  ( 1.000000000000000000, 0.000000000000000000, 0.000000000000000000 ) ) ;
#3425 = LINE ( 'NONE', #2645, #4695 ) ;
#3426 = CARTESIAN_POINT ( 'NONE',  ( -1.600000000000000755, 0.000000000000000000, 1.000000000000001332 ) ) ;
#3427 = VERTEX_POINT ( 'NONE', #4156 ) ;
#3428 = DIRECTION ( 'NONE',  ( 0.000000000000000000, 0.000000000000000000, -1.000000000000000000 ) ) ;
#3429 = FACE_OUTER_BOUND ( 'NONE', #1113, .T. ) ;
#3430 = SURFACE_STYLE_FILL_AREA ( #796 ) ;
#3431 = ORIENTED_EDGE ( 'NONE', *, *, #4647, .T. ) ;
#3432 = EDGE_CURVE ( 'NONE', #3363, #3181, #740, .T. ) ;
#3433 = PLANE ( 'NONE',  #1798 ) ;
#3434 = ORIENTED_EDGE ( 'NONE', *, *, #2518, .F. ) ;
#3435 = ITEM_DEFINED_TRANSFORMATION ( 'NONE', 'NONE', #4604,  #3547 ) ;
#3436 = ORIENTED_EDGE ( 'NONE', *, *, #705, .T. ) ;
#3437 = FACE_BOUND ( 'NONE', #182, .T. ) ;
#3438 = EDGE_LOOP ( 'NONE', ( #3917, #1831, #750, #1569 ) ) ;
#3439 = ADVANCED_FACE ( 'NONE', ( #3770 ), #364, .T. ) ;
#3440 = EDGE_CURVE ( 'NONE', #310, #3814, #1516, .T. ) ;
#3441 = LINE ( 'NONE', #89, #2511 ) ;
#3442 = PLANE ( 'NONE',  #3961 ) ;
#3443 = ORIENTED_EDGE ( 'NONE', *, *, #3583, .F. ) ;
#3444 = FILL_AREA_STYLE_COLOUR ( '', #442 ) ;
#3445 = LINE ( 'NONE', #386, #2982 ) ;
#3446 = PLANE ( 'NONE',  #4822 ) ;
#3447 = PLANE ( 'NONE',  #4222 ) ;
#3448 = DIRECTION ( 'NONE',  ( -1.000000000000000000, 0.000000000000000000, 1.807003620809171920E-16 ) ) ;
#3449 = VERTEX_POINT ( 'NONE', #1907 ) ;
#3450 =( NAMED_UNIT ( * ) SI_UNIT ( $, .STERADIAN. ) SOLID_ANGLE_UNIT ( ) );
#3451 = LINE ( 'NONE', #54, #2053 ) ;
#3452 = ORIENTED_EDGE ( 'NONE', *, *, #4737, .F. ) ;
#3453 = ADVANCED_FACE ( 'NONE', ( #29 ), #1539, .F. ) ;
#3454 = DIRECTION ( 'NONE',  ( 0.7071067811865465735, 0.000000000000000000, 0.7071067811865484609 ) ) ;
#3455 = EDGE_LOOP ( 'NONE', ( #4885, #1638, #2058, #229 ) ) ;
#3456 = CONTEXT_DEPENDENT_SHAPE_REPRESENTATION ( #1540, #1325 ) ;
#3457 = CARTESIAN_POINT ( 'NONE',  ( 0.000000000000000000, 2.000000000000000000, 0.000000000000000000 ) ) ;
#3458 = ORIENTED_EDGE ( 'NONE', *, *, #4758, .T. ) ;
#3459 = EDGE_CURVE ( 'NONE', #3694, #577, #3490, .T. ) ;
#3460 = AXIS2_PLACEMENT_3D ( 'NONE', #4799, #1301, #4342 ) ;
#3461 = DIRECTION ( 'NONE',  ( 0.000000000000000000, 1.000000000000000000, 0.000000000000000000 ) ) ;
#3462 = DIRECTION ( 'NONE',  ( 1.000000000000000000, 0.000000000000000000, -1.807003620809171920E-16 ) ) ;
#3463 = ORIENTED_EDGE ( 'NONE', *, *, #3570, .T. ) ;
#3464 = VECTOR ( 'NONE', #143, 1000.000000000000000 ) ;
#3465 = DIRECTION ( 'NONE',  ( -1.000000000000000000, 0.000000000000000000, 0.000000000000000000 ) ) ;
#3466 = VECTOR ( 'NONE', #1205, 1000.000000000000000 ) ;
#3467 = ADVANCED_FACE ( 'NONE', ( #3910 ), #2018, .F. ) ;
#3468 = VECTOR ( 'NONE', #3934, 1000.000000000000000 ) ;
#3469 = CARTESIAN_POINT ( 'NONE',  ( -0.1771143550033493219, 5.599999999999999645, 0.000000000000000000 ) ) ;
#3470 = PLANE ( 'NONE',  #1088 ) ;
#3471 = PLANE ( 'NONE',  #1661 ) ;
#3472 = FACE_OUTER_BOUND ( 'NONE', #2088, .T. ) ;
#3473 = VECTOR ( 'NONE', #3383, 1000.000000000000000 ) ;
#3474 = FACE_OUTER_BOUND ( 'NONE', #3756, .T. ) ;
#3475 = VECTOR ( 'NONE', #4056, 1000.000000000000000 ) ;
#3476 = DIRECTION ( 'NONE',  ( 0.000000000000000000, 1.000000000000000000, 0.000000000000000000 ) ) ;
#3477 = EDGE_LOOP ( 'NONE', ( #4593, #1287, #1311, #4142, #1218 ) ) ;
#3478 = DIRECTION ( 'NONE',  ( 1.000000000000000000, -0.000000000000000000, -0.000000000000000000 ) ) ;
#3479 = ORIENTED_EDGE ( 'NONE', *, *, #2934, .F. ) ;
#3480 = DIRECTION ( 'NONE',  ( -0.000000000000000000, 1.000000000000000000, 0.000000000000000000 ) ) ;
#3481 = ORIENTED_EDGE ( 'NONE', *, *, #4737, .T. ) ;
#3482 = DIRECTION ( 'NONE',  ( 0.000000000000000000, 0.000000000000000000, 1.000000000000000000 ) ) ;
#3483 = PLANE ( 'NONE',  #77 ) ;
#3484 = ORIENTED_EDGE ( 'NONE', *, *, #1585, .T. ) ;
#3485 =( NAMED_UNIT ( * ) PLANE_ANGLE_UNIT ( ) SI_UNIT ( $, .RADIAN. ) );
#3486 = ADVANCED_FACE ( 'NONE', ( #2785 ), #113, .F. ) ;
#3487 = CARTESIAN_POINT ( 'NONE',  ( 4.000000000000000000, 2.000000000000000000, 0.6000000000000009770 ) ) ;
#3488 = EDGE_CURVE ( 'NONE', #2791, #1804, #1649, .T. ) ;
#3489 = DIRECTION ( 'NONE',  ( 0.7071067811865472397, 0.000000000000000000, -0.7071067811865479058 ) ) ;
#3490 = LINE ( 'NONE', #503, #4838 ) ;
#3491 = EDGE_CURVE ( 'NONE', #1578, #4584, #4344, .T. ) ;
#3492 = ADVANCED_FACE ( 'NONE', ( #885 ), #3137, .T. ) ;
#3493 = DIRECTION ( 'NONE',  ( -0.7071067811865474617, -0.000000000000000000, 0.7071067811865474617 ) ) ;
#3494 = DIRECTION ( 'NONE',  ( -0.000000000000000000, -0.000000000000000000, 1.000000000000000000 ) ) ;
#3495 = CARTESIAN_POINT ( 'NONE',  ( -3.250000000000000444, 2.000000000000000000, 0.2500000000000006106 ) ) ;
#3496 = FACE_OUTER_BOUND ( 'NONE', #2848, .T. ) ;
#3497 = EDGE_LOOP ( 'NONE', ( #4052, #4066, #571, #1247 ) ) ;
#3498 = DIRECTION ( 'NONE',  ( 1.000000000000000000, 0.000000000000000000, -1.807003620809171920E-16 ) ) ;
#3499 = ORIENTED_EDGE ( 'NONE', *, *, #3212, .F. ) ;
#3500 = DIRECTION ( 'NONE',  ( 0.000000000000000000, 1.000000000000000000, 0.000000000000000000 ) ) ;
#3501 = VERTEX_POINT ( 'NONE', #4646 ) ;
#3502 = VECTOR ( 'NONE', #31, 1000.000000000000000 ) ;
#3503 = DIRECTION ( 'NONE',  ( 1.000000000000000000, -0.000000000000000000, 0.000000000000000000 ) ) ;
#3504 = DIRECTION ( 'NONE',  ( -7.228014483236698528E-16, 0.000000000000000000, -1.000000000000000000 ) ) ;
#3505 = VERTEX_POINT ( 'NONE', #4721 ) ;
#3506 = EDGE_CURVE ( 'NONE', #2286, #797, #4272, .T. ) ;
#3507 = ADVANCED_FACE ( 'NONE', ( #138, #164 ), #1260, .F. ) ;
#3508 = VECTOR ( 'NONE', #1996, 1000.000000000000000 ) ;
#3509 = PLANE ( 'NONE',  #4244 ) ;
#3510 = CARTESIAN_POINT ( 'NONE',  ( -0.2500000000000000000, 2.000000000000000000, -0.2500000000000000000 ) ) ;
#3511 = DIRECTION ( 'NONE',  ( 1.000000000000000000, -0.000000000000000000, -0.000000000000000000 ) ) ;
#3512 = ADVANCED_FACE ( 'NONE', ( #78 ), #3966, .F. ) ;
#3513 = DIRECTION ( 'NONE',  ( 0.000000000000000000, 1.000000000000000000, 0.000000000000000000 ) ) ;
#3514 = PLANE ( 'NONE',  #860 ) ;
#3515 = LINE ( 'NONE', #888, #4918 ) ;
#3516 = LINE ( 'NONE', #119, #471 ) ;
#3517 = VERTEX_POINT ( 'NONE', #2340 ) ;
#3518 = ORIENTED_EDGE ( 'NONE', *, *, #4663, .F. ) ;
#3519 = VECTOR ( 'NONE', #1808, 1000.000000000000000 ) ;
#3520 = FACE_OUTER_BOUND ( 'NONE', #3321, .T. ) ;
#3521 = VERTEX_POINT ( 'NONE', #3865 ) ;
#3522 = ORIENTED_EDGE ( 'NONE', *, *, #1612, .T. ) ;
#3523 = VECTOR ( 'NONE', #2740, 1000.000000000000000 ) ;
#3524 = DIRECTION ( 'NONE',  ( 0.000000000000000000, -0.000000000000000000, 1.000000000000000000 ) ) ;
#3525 = LINE ( 'NONE', #3104, #3951 ) ;
#3526 = ORIENTED_EDGE ( 'NONE', *, *, #3731, .F. ) ;
#3527 = AXIS2_PLACEMENT_3D ( 'NONE', #162, #3530, #3862 ) ;
#3528 = CARTESIAN_POINT ( 'NONE',  ( -4.000000000000000000, 0.2999999999999999889, 0.5999999999999997558 ) ) ;
#3529 = STYLED_ITEM ( 'NONE', ( #1599 ), #2793 ) ;
#3530 = DIRECTION ( 'NONE',  ( 1.000000000000000000, -0.000000000000000000, 0.000000000000000000 ) ) ;
#3531 = CARTESIAN_POINT ( 'NONE',  ( 2.000000000000000000, 0.2999999999999999889, -0.5999999999999992006 ) ) ;
#3532 = SHAPE_REPRESENTATION ( 'NRPN081PAEN-RC', ( #4447, #459, #3236, #3550, #4604, #384, #1812, #4682, #2522, #3953 ), #3799 ) ;
#3533 = VECTOR ( 'NONE', #1805, 1000.000000000000114 ) ;
#3534 = LINE ( 'NONE', #4700, #1723 ) ;
#3535 = CARTESIAN_POINT ( 'NONE',  ( -4.000000000000000000, 0.2999999999999999889, 0.5999999999999997558 ) ) ;
#3536 = FACE_OUTER_BOUND ( 'NONE', #1358, .T. ) ;
#3537 = CARTESIAN_POINT ( 'NONE',  ( 12.00000000000000000, 2.000000000000000000, 0.000000000000000000 ) ) ;
#3538 = EDGE_LOOP ( 'NONE', ( #515, #3526, #2966, #2748 ) ) ;
#3539 = ORIENTED_EDGE ( 'NONE', *, *, #4140, .T. ) ;
#3540 = VECTOR ( 'NONE', #1207, 1000.000000000000000 ) ;
#3541 = VECTOR ( 'NONE', #2967, 1000.000000000000000 ) ;
#3542 = CARTESIAN_POINT ( 'NONE',  ( 0.7499999999999997780, 2.000000000000000000, -0.2499999999999994171 ) ) ;
#3543 = LINE ( 'NONE', #4591, #3955 ) ;
#3544 = ORIENTED_EDGE ( 'NONE', *, *, #852, .F. ) ;
#3545 = EDGE_CURVE ( 'NONE', #4718, #3413, #3161, .T. ) ;
#3546 = VERTEX_POINT ( 'NONE', #1976 ) ;
#3547 = AXIS2_PLACEMENT_3D ( 'NONE', #4713, #179, #2041 ) ;
#3548 = MECHANICAL_DESIGN_GEOMETRIC_PRESENTATION_REPRESENTATION (  '', ( #3874 ), #2129 ) ;
#3549 = EDGE_CURVE ( 'NONE', #3249, #663, #2407, .T. ) ;
#3550 = AXIS2_PLACEMENT_3D ( 'NONE', #4115, #1766, #2977 ) ;
#3551 = DIRECTION ( 'NONE',  ( -0.000000000000000000, 1.000000000000000000, 0.000000000000000000 ) ) ;
#3552 = COLOUR_RGB ( '',0.2509803921568627416, 0.2509803921568627416, 0.2509803921568627416 ) ;
#3553 = FILL_AREA_STYLE ('',( #1688 ) ) ;
#3554 = ORIENTED_EDGE ( 'NONE', *, *, #3576, .F. ) ;
#3555 = VECTOR ( 'NONE', #2983, 1000.000000000000000 ) ;
#3556 = ADVANCED_FACE ( 'NONE', ( #3472 ), #1233, .F. ) ;
#3557 = LINE ( 'NONE', #430, #1924 ) ;
#3558 = ORIENTED_EDGE ( 'NONE', *, *, #4805, .T. ) ;
#3559 = CARTESIAN_POINT ( 'NONE',  ( 5.600000000000000533, 2.000000000000000000, 1.000000000000001110 ) ) ;
#3560 = VERTEX_POINT ( 'NONE', #3183 ) ;
#3561 = DIRECTION ( 'NONE',  ( 1.000000000000000000, 0.000000000000000000, -0.000000000000000000 ) ) ;
#3562 = LINE ( 'NONE', #115, #3226 ) ;
#3563 = VECTOR ( 'NONE', #49, 1000.000000000000000 ) ;
#3564 = LINE ( 'NONE', #936, #1573 ) ;
#3565 = LINE ( 'NONE', #839, #1397 ) ;
#3566 = DIRECTION ( 'NONE',  ( 0.7071067811865465735, 0.000000000000000000, 0.7071067811865484609 ) ) ;
#3567 = ORIENTED_EDGE ( 'NONE', *, *, #3376, .F. ) ;
#3568 = ORIENTED_EDGE ( 'NONE', *, *, #3067, .F. ) ;
#3569 = AXIS2_PLACEMENT_3D ( 'NONE', #4752, #889, #169 ) ;
#3570 = EDGE_CURVE ( 'NONE', #3985, #2035, #2385, .T. ) ;
#3571 = DIRECTION ( 'NONE',  ( 0.000000000000000000, 1.000000000000000000, 0.000000000000000000 ) ) ;
#3572 = CARTESIAN_POINT ( 'NONE',  ( -2.000000000000000000, 0.2999999999999999889, 0.5999999999999997558 ) ) ;
#3573 = ORIENTED_EDGE ( 'NONE', *, *, #4716, .T. ) ;
#3574 = VERTEX_POINT ( 'NONE', #1604 ) ;
#3575 = EDGE_CURVE ( 'NONE', #1291, #575, #3109, .T. ) ;
#3576 = EDGE_CURVE ( 'NONE', #3218, #1992, #2835, .T. ) ;
#3577 = DIRECTION ( 'NONE',  ( 0.000000000000000000, -0.000000000000000000, 1.000000000000000000 ) ) ;
#3578 = CARTESIAN_POINT ( 'NONE',  ( -6.000000000000000000, 0.2999999999999999889, -0.6000000000000004219 ) ) ;
#3579 = VERTEX_POINT ( 'NONE', #959 ) ;
#3580 =( NAMED_UNIT ( * ) PLANE_ANGLE_UNIT ( ) SI_UNIT ( $, .RADIAN. ) );
#3581 = VERTEX_POINT ( 'NONE', #2465 ) ;
#3582 = CLOSED_SHELL ( 'NONE', ( #1239, #3453, #2568, #424, #3135, #1523, #2271, #1461, #3113, #419 ) ) ;
#3583 = EDGE_CURVE ( 'NONE', #3505, #3086, #2075, .T. ) ;
#3584 = PRODUCT_DEFINITION_SHAPE ( 'NONE', 'NONE',  #4928 ) ;
#3585 = CARTESIAN_POINT ( 'NONE',  ( -6.000000000000000000, 0.000000000000000000, -0.5999999999999987566 ) ) ;
#3586 = ORIENTED_EDGE ( 'NONE', *, *, #3251, .T. ) ;
#3587 = DIRECTION ( 'NONE',  ( 0.000000000000000000, 1.000000000000000000, 0.000000000000000000 ) ) ;
#3588 = ORIENTED_EDGE ( 'NONE', *, *, #876, .T. ) ;
#3589 = DIRECTION ( 'NONE',  ( 7.228014483236698528E-16, -0.000000000000000000, 1.000000000000000000 ) ) ;
#3590 = ADVANCED_FACE ( 'NONE', ( #4745 ), #1332, .F. ) ;
#3591 = LINE ( 'NONE', #3213, #4846 ) ;
#3592 = PLANE ( 'NONE',  #3319 ) ;
#3593 = LINE ( 'NONE', #193, #3177 ) ;
#3594 = DIRECTION ( 'NONE',  ( -1.000000000000000000, 0.000000000000000000, 0.000000000000000000 ) ) ;
#3595 = ORIENTED_EDGE ( 'NONE', *, *, #2332, .F. ) ;
#3596 = ORIENTED_EDGE ( 'NONE', *, *, #127, .F. ) ;
#3597 = LINE ( 'NONE', #4585, #924 ) ;
#3598 = CARTESIAN_POINT ( 'NONE',  ( 1.600000000000000755, 0.000000000000000000, 1.000000000000001110 ) ) ;
#3599 = DIRECTION ( 'NONE',  ( -1.000000000000000000, 0.000000000000000000, 0.000000000000000000 ) ) ;
#3600 = EDGE_LOOP ( 'NONE', ( #2406, #3105, #23, #793, #2876 ) ) ;
#3601 = ORIENTED_EDGE ( 'NONE', *, *, #1822, .T. ) ;
#3602 = EDGE_CURVE ( 'NONE', #575, #1085, #4568, .T. ) ;
#3603 = LINE ( 'NONE', #1321, #3629 ) ;
#3604 = ORIENTED_EDGE ( 'NONE', *, *, #1483, .T. ) ;
#3605 = ORIENTED_EDGE ( 'NONE', *, *, #4120, .F. ) ;
#3606 = CARTESIAN_POINT ( 'NONE',  ( -6.000000000000000000, 0.2999999999999999889, 0.5999999999999997558 ) ) ;
#3607 = EDGE_CURVE ( 'NONE', #4880, #4389, #3812, .T. ) ;
#3608 = UNCERTAINTY_MEASURE_WITH_UNIT (LENGTH_MEASURE( 1.000000000000000082E-05 ), #2068, 'distance_accuracy_value', 'NONE');
#3609 = CARTESIAN_POINT ( 'NONE',  ( -6.750000000000000000, 0.000000000000000000, 0.2500000000000006106 ) ) ;
#3610 = ORIENTED_EDGE ( 'NONE', *, *, #1078, .F. ) ;
#3611 = CARTESIAN_POINT ( 'NONE',  ( -4.750000000000000000, 2.000000000000000000, 0.2500000000000006106 ) ) ;
#3612 = ORIENTED_EDGE ( 'NONE', *, *, #3918, .T. ) ;
#3613 = EDGE_CURVE ( 'NONE', #4899, #1867, #3103, .T. ) ;
#3614 = VECTOR ( 'NONE', #3240, 1000.000000000000000 ) ;
#3615 = VECTOR ( 'NONE', #655, 1000.000000000000000 ) ;
#3616 = LINE ( 'NONE', #1335, #1421 ) ;
#3617 = LINE ( 'NONE', #579, #1646 ) ;
#3618 = CARTESIAN_POINT ( 'NONE',  ( -2.000000000000000000, 0.2999999999999999889, -0.6000000000000004219 ) ) ;
#3619 = CARTESIAN_POINT ( 'NONE',  ( -1.250000000000000222, 0.000000000000000000, 0.2500000000000006106 ) ) ;
#3620 = ORIENTED_EDGE ( 'NONE', *, *, #448, .F. ) ;
#3621 = ORIENTED_EDGE ( 'NONE', *, *, #4386, .F. ) ;
#3622 = CARTESIAN_POINT ( 'NONE',  ( 4.000000000000000000, 0.2999999999999999889, 0.5999999999999997558 ) ) ;
#3623 = CARTESIAN_POINT ( 'NONE',  ( 5.250000000000000000, 0.2999999999999999889, -0.2499999999999994171 ) ) ;
#3624 = VECTOR ( 'NONE', #4245, 1000.000000000000000 ) ;
#3625 = CARTESIAN_POINT ( 'NONE',  ( -7.599999999999999645, 2.000000000000000000, -0.9999999999999988898 ) ) ;
#3626 =( NAMED_UNIT ( * ) PLANE_ANGLE_UNIT ( ) SI_UNIT ( $, .RADIAN. ) );
#3627 = ORIENTED_EDGE ( 'NONE', *, *, #4687, .T. ) ;
#3628 = PRODUCT ( 'NRPN081PAEN-RC', 'NRPN081PAEN-RC', '', ( #4240 ) ) ;
#3629 = VECTOR ( 'NONE', #1375, 1000.000000000000000 ) ;
#3630 = FACE_OUTER_BOUND ( 'NONE', #3438, .T. ) ;
#3631 = ORIENTED_EDGE ( 'NONE', *, *, #1140, .T. ) ;
#3632 = VECTOR ( 'NONE', #3656, 1000.000000000000000 ) ;
#3633 = SURFACE_SIDE_STYLE ('',( #4390 ) ) ;
#3634 = ORIENTED_EDGE ( 'NONE', *, *, #3806, .T. ) ;
#3635 = LINE ( 'NONE', #4365, #4830 ) ;
#3636 = EDGE_CURVE ( 'NONE', #4484, #618, #2358, .T. ) ;
#3637 = CARTESIAN_POINT ( 'NONE',  ( 2.750000000000000000, 2.000000000000000000, -0.2499999999999994171 ) ) ;
#3638 = ORIENTED_EDGE ( 'NONE', *, *, #2615, .T. ) ;
#3639 = DIRECTION ( 'NONE',  ( -1.000000000000000000, -0.000000000000000000, -0.000000000000000000 ) ) ;
#3640 = VECTOR ( 'NONE', #574, 1000.000000000000000 ) ;
#3641 = EDGE_LOOP ( 'NONE', ( #4621, #2564, #4123, #672, #687 ) ) ;
#3642 = EDGE_CURVE ( 'NONE', #2931, #4493, #4618, .T. ) ;
#3643 = VECTOR ( 'NONE', #3390, 1000.000000000000000 ) ;
#3644 = EDGE_CURVE ( 'NONE', #2985, #222, #3832, .T. ) ;
#3645 = LINE ( 'NONE', #1752, #3718 ) ;
#3646 = DIRECTION ( 'NONE',  ( 1.000000000000000000, 0.000000000000000000, -1.807003620809171920E-16 ) ) ;
#3647 = LINE ( 'NONE', #2175, #746 ) ;
#3648 = LINE ( 'NONE', #1755, #2299 ) ;
#3649 = EDGE_LOOP ( 'NONE', ( #1035, #2952, #923, #2872 ) ) ;
#3650 = VERTEX_POINT ( 'NONE', #21 ) ;
#3651 = DIRECTION ( 'NONE',  ( 0.000000000000000000, 1.000000000000000000, 0.000000000000000000 ) ) ;
#3652 = EDGE_CURVE ( 'NONE', #4493, #2791, #425, .T. ) ;
#3653 = EDGE_CURVE ( 'NONE', #3027, #315, #3441, .T. ) ;
#3654 = CARTESIAN_POINT ( 'NONE',  ( -7.250000000000000000, 0.000000000000000000, 0.2500000000000006106 ) ) ;
#3655 = VECTOR ( 'NONE', #3272, 1000.000000000000000 ) ;
#3656 = DIRECTION ( 'NONE',  ( 0.000000000000000000, 0.000000000000000000, -1.000000000000000000 ) ) ;
#3657 = EDGE_LOOP ( 'NONE', ( #1033, #3436, #3012, #3009 ) ) ;
#3658 = DIRECTION ( 'NONE',  ( 1.000000000000000000, -0.000000000000000000, 0.000000000000000000 ) ) ;
#3659 = EDGE_LOOP ( 'NONE', ( #4544, #3080, #187, #4807, #1684 ) ) ;
#3660 = ORIENTED_EDGE ( 'NONE', *, *, #2304, .F. ) ;
#3661 = CARTESIAN_POINT ( 'NONE',  ( -5.999999999999999112, 0.000000000000000000, 0.5999999999999997558 ) ) ;
#3662 = EDGE_LOOP ( 'NONE', ( #822, #4926, #1683, #3388, #4216 ) ) ;
#3663 = APPLICATION_CONTEXT ( 'automotive_design' ) ;
#3664 = DIRECTION ( 'NONE',  ( 0.000000000000000000, 1.000000000000000000, 0.000000000000000000 ) ) ;
#3665 = EDGE_LOOP ( 'NONE', ( #1548, #3567, #4509, #2758 ) ) ;
#3666 = CARTESIAN_POINT ( 'NONE',  ( 7.600000000000001421, 0.000000000000000000, -0.9999999999999991118 ) ) ;
#3667 = EDGE_LOOP ( 'NONE', ( #2882, #4328, #4146, #537 ) ) ;
#3668 = ADVANCED_FACE ( 'NONE', ( #42, #449 ), #2311, .T. ) ;
#3669 = CLOSED_SHELL ( 'NONE', ( #3060, #3200, #1499, #2579, #3304, #2249, #2874, #2307, #1737, #545 ) ) ;
#3670 = DIRECTION ( 'NONE',  ( -0.7071067811865475727, 0.000000000000000000, -0.7071067811865475727 ) ) ;
#3671 = CARTESIAN_POINT ( 'NONE',  ( 7.600000000000000533, 0.000000000000000000, 1.000000000000001110 ) ) ;
#3672 = DIRECTION ( 'NONE',  ( -0.000000000000000000, 0.000000000000000000, -1.000000000000000000 ) ) ;
#3673 = LINE ( 'NONE', #1732, #165 ) ;
#3674 = EDGE_LOOP ( 'NONE', ( #3273, #2813, #4653, #588 ) ) ;
#3675 = ORIENTED_EDGE ( 'NONE', *, *, #932, .F. ) ;
#3676 = LINE ( 'NONE', #1833, #2029 ) ;
#3677 = CARTESIAN_POINT ( 'NONE',  ( 6.000000000000000000, 2.000000000000000000, -0.5999999999999992006 ) ) ;
#3678 = CARTESIAN_POINT ( 'NONE',  ( -7.599999999999999645, 0.000000000000000000, -0.9999999999999988898 ) ) ;
#3679 = DIRECTION ( 'NONE',  ( 1.000000000000000000, -0.000000000000000000, 0.000000000000000000 ) ) ;
#3680 = VECTOR ( 'NONE', #926, 1000.000000000000000 ) ;
#3681 = ORIENTED_EDGE ( 'NONE', *, *, #2836, .F. ) ;
#3682 = CARTESIAN_POINT ( 'NONE',  ( 7.250000000000000000, 0.000000000000000000, 0.2500000000000006106 ) ) ;
#3683 = EDGE_LOOP ( 'NONE', ( #694, #2072, #4359, #4118 ) ) ;
#3684 = EDGE_LOOP ( 'NONE', ( #599, #4305, #2586, #1631 ) ) ;
#3685 = PLANE ( 'NONE',  #4340 ) ;
#3686 = ORIENTED_EDGE ( 'NONE', *, *, #815, .T. ) ;
#3687 = LINE ( 'NONE', #3204, #1380 ) ;
#3688 = EDGE_LOOP ( 'NONE', ( #1918, #1477, #3808, #4431 ) ) ;
#3689 = CARTESIAN_POINT ( 'NONE',  ( -3.250000000000000444, 2.000000000000000000, -0.2499999999999994171 ) ) ;
#3690 = FACE_OUTER_BOUND ( 'NONE', #2398, .T. ) ;
#3691 = LINE ( 'NONE', #293, #4675 ) ;
#3692 = CARTESIAN_POINT ( 'NONE',  ( 2.399999999999999467, 0.000000000000000000, 1.000000000000001332 ) ) ;
#3693 = DIRECTION ( 'NONE',  ( 7.228014483236698528E-16, -0.000000000000000000, 1.000000000000000000 ) ) ;
#3694 = VERTEX_POINT ( 'NONE', #107 ) ;
#3695 = ORIENTED_EDGE ( 'NONE', *, *, #3636, .T. ) ;
#3696 = LINE ( 'NONE', #2179, #3533 ) ;
#3697 = EDGE_LOOP ( 'NONE', ( #4149, #4073, #3518, #2827 ) ) ;
#3698 = PLANE ( 'NONE',  #3920 ) ;
#3699 = LINE ( 'NONE', #1076, #3401 ) ;
#3700 = PRESENTATION_STYLE_ASSIGNMENT (( #4813 ) ) ;
#3701 = ORIENTED_EDGE ( 'NONE', *, *, #859, .T. ) ;
#3702 = PRESENTATION_LAYER_ASSIGNMENT (  '', '', ( #3529 ) ) ;
#3703 = AXIS2_PLACEMENT_3D ( 'NONE', #1282, #2436, #4320 ) ;
#3704 = EDGE_CURVE ( 'NONE', #106, #3517, #853, .T. ) ;
#3705 = PLANE ( 'NONE',  #3318 ) ;
#3706 = VERTEX_POINT ( 'NONE', #3786 ) ;
#3707 = ORIENTED_EDGE ( 'NONE', *, *, #4101, .T. ) ;
#3708 = CARTESIAN_POINT ( 'NONE',  ( 6.400000000000000355, 0.000000000000000000, -0.9999999999999988898 ) ) ;
#3709 = ORIENTED_EDGE ( 'NONE', *, *, #2091, .T. ) ;
#3710 = VECTOR ( 'NONE', #3461, 1000.000000000000000 ) ;
#3711 = AXIS2_PLACEMENT_3D ( 'NONE', #3295, #658, #2916 ) ;
#3712 = EDGE_CURVE ( 'NONE', #4389, #2375, #2709, .T. ) ;
#3713 = EDGE_CURVE ( 'NONE', #509, #4234, #1617, .T. ) ;
#3714 = VECTOR ( 'NONE', #2001, 1000.000000000000000 ) ;
#3715 = CARTESIAN_POINT ( 'NONE',  ( 6.000000000000000000, 0.000000000000000000, -0.6000000000000004219 ) ) ;
#3716 = ORIENTED_EDGE ( 'NONE', *, *, #3644, .T. ) ;
#3717 = DIRECTION ( 'NONE',  ( 0.2035585949527762561, -0.9576678948579737671, -0.2035585949527762561 ) ) ;
#3718 = VECTOR ( 'NONE', #2666, 1000.000000000000000 ) ;
#3719 = MECHANICAL_DESIGN_GEOMETRIC_PRESENTATION_REPRESENTATION (  '', ( #3952 ), #4771 ) ;
#3720 = FACE_BOUND ( 'NONE', #4116, .T. ) ;
#3721 = CARTESIAN_POINT ( 'NONE',  ( -0.1771143550033493219, -2.799999999999999822, 0.1771143550033493219 ) ) ;
#3722 = CARTESIAN_POINT ( 'NONE',  ( 0.000000000000000000, 2.000000000000000000, 0.000000000000000000 ) ) ;
#3723 = DIRECTION ( 'NONE',  ( -1.000000000000000000, 0.000000000000000000, 0.000000000000000000 ) ) ;
#3724 = VERTEX_POINT ( 'NONE', #827 ) ;
#3725 = CARTESIAN_POINT ( 'NONE',  ( -1.599999999999999867, 0.000000000000000000, -0.9999999999999988898 ) ) ;
#3726 = AXIS2_PLACEMENT_3D ( 'NONE', #4382, #4002, #3599 ) ;
#3727 = CARTESIAN_POINT ( 'NONE',  ( -2.000000000000000000, 0.000000000000000000, 0.6000000000000009770 ) ) ;
#3728 = LINE ( 'NONE', #323, #2207 ) ;
#3729 = SURFACE_STYLE_FILL_AREA ( #4437 ) ;
#3730 = ORIENTED_EDGE ( 'NONE', *, *, #2061, .T. ) ;
#3731 = EDGE_CURVE ( 'NONE', #1226, #4880, #1186, .T. ) ;
#3732 = ADVANCED_FACE ( 'NONE', ( #2756 ), #756, .F. ) ;
#3733 = DIRECTION ( 'NONE',  ( 0.000000000000000000, 1.000000000000000000, 0.000000000000000000 ) ) ;
#3734 = ORIENTED_EDGE ( 'NONE', *, *, #4384, .T. ) ;
#3735 = ORIENTED_EDGE ( 'NONE', *, *, #3972, .T. ) ;
#3736 = DIRECTION ( 'NONE',  ( -0.7071067811865484609, 0.000000000000000000, 0.7071067811865465735 ) ) ;
#3737 = VERTEX_POINT ( 'NONE', #1900 ) ;
#3738 = EDGE_CURVE ( 'NONE', #1508, #396, #1532, .T. ) ;
#3739 = EDGE_CURVE ( 'NONE', #1010, #4085, #3033, .T. ) ;
#3740 = EDGE_CURVE ( 'NONE', #3086, #310, #4590, .T. ) ;
#3741 = CARTESIAN_POINT ( 'NONE',  ( 2.000000000000000000, 0.000000000000000000, -0.5999999999999992006 ) ) ;
#3742 = EDGE_LOOP ( 'NONE', ( #2471, #1981, #234, #2429 ) ) ;
#3743 = PLANE ( 'NONE',  #2188 ) ;
#3744 = EDGE_CURVE ( 'NONE', #3145, #4538, #66, .T. ) ;
#3745 = DIRECTION ( 'NONE',  ( 0.000000000000000000, 1.000000000000000000, 0.000000000000000000 ) ) ;
#3746 = CARTESIAN_POINT ( 'NONE',  ( 7.600000000000001421, 0.000000000000000000, -0.9999999999999991118 ) ) ;
#3747 = FACE_OUTER_BOUND ( 'NONE', #2392, .T. ) ;
#3748 = FACE_OUTER_BOUND ( 'NONE', #265, .T. ) ;
#3749 = CARTESIAN_POINT ( 'NONE',  ( 2.000000000000000000, 0.000000000000000000, 0.6000000000000009770 ) ) ;
#3750 = LINE ( 'NONE', #767, #1994 ) ;
#3751 = FILL_AREA_STYLE ('',( #53 ) ) ;
#3752 = PLANE ( 'NONE',  #710 ) ;
#3753 = ORIENTED_EDGE ( 'NONE', *, *, #2324, .T. ) ;
#3754 = DIRECTION ( 'NONE',  ( -0.2035585949527764504, -0.9576678948579735451, 0.2035585949527764504 ) ) ;
#3755 = ORIENTED_EDGE ( 'NONE', *, *, #716, .F. ) ;
#3756 = EDGE_LOOP ( 'NONE', ( #3452, #1610, #4259, #1806 ) ) ;
#3757 = DIRECTION ( 'NONE',  ( 0.000000000000000000, 1.000000000000000000, 0.000000000000000000 ) ) ;
#3758 = EDGE_CURVE ( 'NONE', #489, #84, #1293, .T. ) ;
#3759 = ORIENTED_EDGE ( 'NONE', *, *, #4407, .T. ) ;
#3760 = LINE ( 'NONE', #757, #1426 ) ;
#3761 = ORIENTED_EDGE ( 'NONE', *, *, #2902, .T. ) ;
#3762 = ADVANCED_FACE ( 'NONE', ( #517 ), #3983, .F. ) ;
#3763 = DIRECTION ( 'NONE',  ( 1.000000000000000000, 0.000000000000000000, -1.807003620809171920E-16 ) ) ;
#3764 = VECTOR ( 'NONE', #2499, 1000.000000000000114 ) ;
#3765 = PLANE ( 'NONE',  #1574 ) ;
#3766 = ADVANCED_FACE ( 'NONE', ( #3902, #3258 ), #3173, .F. ) ;
#3767 = DIRECTION ( 'NONE',  ( 0.000000000000000000, 1.000000000000000000, 0.000000000000000000 ) ) ;
#3768 = DIRECTION ( 'NONE',  ( 0.7071067811865465735, 0.000000000000000000, 0.7071067811865484609 ) ) ;
#3769 = LINE ( 'NONE', #341, #1044 ) ;
#3770 = FACE_OUTER_BOUND ( 'NONE', #3848, .T. ) ;
#3771 = ADVANCED_FACE ( 'NONE', ( #3630 ), #2851, .F. ) ;
#3772 = ORIENTED_EDGE ( 'NONE', *, *, #3488, .F. ) ;
#3773 = CARTESIAN_POINT ( 'NONE',  ( -7.250000000000000000, 0.000000000000000000, 0.2500000000000006106 ) ) ;
#3774 = LINE ( 'NONE', #1470, #4622 ) ;
#3775 = CARTESIAN_POINT ( 'NONE',  ( 4.000000000000000000, 0.000000000000000000, -0.5999999999999987566 ) ) ;
#3776 = ORIENTED_EDGE ( 'NONE', *, *, #4687, .F. ) ;
#3777 = VECTOR ( 'NONE', #1535, 1000.000000000000000 ) ;
#3778 = VECTOR ( 'NONE', #1060, 1000.000000000000000 ) ;
#3779 = DIRECTION ( 'NONE',  ( 0.000000000000000000, 1.000000000000000000, 0.000000000000000000 ) ) ;
#3780 = VERTEX_POINT ( 'NONE', #130 ) ;
#3781 = PRODUCT_CONTEXT ( 'NONE', #3111, 'mechanical' ) ;
#3782 = EDGE_LOOP ( 'NONE', ( #2371, #2433, #2177, #4680 ) ) ;
#3783 = CARTESIAN_POINT ( 'NONE',  ( -2.000000000000000000, 0.2999999999999999889, -0.6000000000000004219 ) ) ;
#3784 = ORIENTED_EDGE ( 'NONE', *, *, #1399, .T. ) ;
#3785 = VECTOR ( 'NONE', #1576, 1000.000000000000000 ) ;
#3786 = CARTESIAN_POINT ( 'NONE',  ( -6.399999999999999467, 2.000000000000000000, 1.000000000000001110 ) ) ;
#3787 = PLANE ( 'NONE',  #2048 ) ;
#3788 = VECTOR ( 'NONE', #3733, 1000.000000000000000 ) ;
#3789 = ORIENTED_EDGE ( 'NONE', *, *, #914, .T. ) ;
#3790 = PLANE ( 'NONE',  #590 ) ;
#3791 = AXIS2_PLACEMENT_3D ( 'NONE', #2077, #2342, #1627 ) ;
#3792 = CARTESIAN_POINT ( 'NONE',  ( 1.600000000000000755, 2.000000000000000000, 1.000000000000001110 ) ) ;
#3793 = DIRECTION ( 'NONE',  ( -1.000000000000000000, 0.000000000000000000, 0.000000000000000000 ) ) ;
#3794 = DIRECTION ( 'NONE',  ( 0.000000000000000000, -0.000000000000000000, -1.000000000000000000 ) ) ;
#3795 = VECTOR ( 'NONE', #3015, 1000.000000000000000 ) ;
#3796 = EDGE_CURVE ( 'NONE', #313, #3338, #2039, .T. ) ;
#3797 = CARTESIAN_POINT ( 'NONE',  ( 7.250000000000000000, 0.2999999999999999889, -0.2499999999999994171 ) ) ;
#3798 = EDGE_CURVE ( 'NONE', #675, #4034, #899, .T. ) ;
#3799 =( GEOMETRIC_REPRESENTATION_CONTEXT ( 3 ) GLOBAL_UNCERTAINTY_ASSIGNED_CONTEXT ( ( #831 ) ) GLOBAL_UNIT_ASSIGNED_CONTEXT ( ( #258, #4879, #4494 ) ) REPRESENTATION_CONTEXT ( 'NONE', 'WORKASPACE' ) );
#3800 = PRESENTATION_LAYER_ASSIGNMENT (  '', '', ( #1031 ) ) ;
#3801 = DIRECTION ( 'NONE',  ( 0.000000000000000000, 0.000000000000000000, -1.000000000000000000 ) ) ;
#3802 = LINE ( 'NONE', #393, #1256 ) ;
#3803 = CARTESIAN_POINT ( 'NONE',  ( 3.600000000000000977, 2.000000000000000000, 1.000000000000001110 ) ) ;
#3804 = ORIENTED_EDGE ( 'NONE', *, *, #4663, .T. ) ;
#3805 = EDGE_CURVE ( 'NONE', #4580, #444, #1641, .T. ) ;
#3806 = EDGE_CURVE ( 'NONE', #2866, #4134, #3603, .T. ) ;
#3807 = LINE ( 'NONE', #3099, #3866 ) ;
#3808 = ORIENTED_EDGE ( 'NONE', *, *, #657, .F. ) ;
#3809 = ORIENTED_EDGE ( 'NONE', *, *, #472, .T. ) ;
#3810 = DIRECTION ( 'NONE',  ( 0.000000000000000000, -1.000000000000000000, 0.000000000000000000 ) ) ;
#3811 = ORIENTED_EDGE ( 'NONE', *, *, #4598, .T. ) ;
#3812 = LINE ( 'NONE', #1967, #447 ) ;
#3813 = CARTESIAN_POINT ( 'NONE',  ( 3.250000000000000444, 0.2999999999999999889, -0.2499999999999994171 ) ) ;
#3814 = VERTEX_POINT ( 'NONE', #178 ) ;
#3815 = CARTESIAN_POINT ( 'NONE',  ( 6.000000000000000000, 2.000000000000000000, 0.000000000000000000 ) ) ;
#3816 = CARTESIAN_POINT ( 'NONE',  ( 0.7499999999999997780, 0.000000000000000000, 0.2500000000000006106 ) ) ;
#3817 = DIRECTION ( 'NONE',  ( 0.000000000000000000, -1.000000000000000000, 0.000000000000000000 ) ) ;
#3818 = PLANE ( 'NONE',  #1566 ) ;
#3819 = EDGE_CURVE ( 'NONE', #1508, #1842, #2798, .T. ) ;
#3820 = VERTEX_POINT ( 'NONE', #3154 ) ;
#3821 = DIRECTION ( 'NONE',  ( -0.7071067811865474617, -0.000000000000000000, 0.7071067811865474617 ) ) ;
#3822 = DIRECTION ( 'NONE',  ( 0.000000000000000000, 0.000000000000000000, -1.000000000000000000 ) ) ;
#3823 = SURFACE_SIDE_STYLE ('',( #3430 ) ) ;
#3824 = ORIENTED_EDGE ( 'NONE', *, *, #440, .F. ) ;
#3825 = EDGE_CURVE ( 'NONE', #4686, #1526, #4311, .T. ) ;
#3826 = DIRECTION ( 'NONE',  ( 0.000000000000000000, 0.000000000000000000, 1.000000000000000000 ) ) ;
#3827 = VECTOR ( 'NONE', #4573, 1000.000000000000000 ) ;
#3828 = VERTEX_POINT ( 'NONE', #1712 ) ;
#3829 = APPLICATION_PROTOCOL_DEFINITION ( 'draft international standard', 'automotive_design', 1998, #2038 ) ;
#3830 = FACE_OUTER_BOUND ( 'NONE', #3659, .T. ) ;
#3831 = EDGE_LOOP ( 'NONE', ( #3554, #2852, #438, #147 ) ) ;
#3832 = LINE ( 'NONE', #1921, #1096 ) ;
#3833 = CARTESIAN_POINT ( 'NONE',  ( -5.250000000000000000, 2.000000000000000000, 0.2500000000000006106 ) ) ;
#3834 = ORIENTED_EDGE ( 'NONE', *, *, #4294, .F. ) ;
#3835 = SURFACE_STYLE_FILL_AREA ( #2379 ) ;
#3836 = VECTOR ( 'NONE', #4773, 1000.000000000000114 ) ;
#3837 = LINE ( 'NONE', #3908, #1611 ) ;
#3838 = CARTESIAN_POINT ( 'NONE',  ( 2.000000000000000888, 0.000000000000000000, 0.5999999999999997558 ) ) ;
#3839 = CARTESIAN_POINT ( 'NONE',  ( 0.2500000000000000000, -2.457099999999995177, -0.2500000000000000000 ) ) ;
#3840 = CARTESIAN_POINT ( 'NONE',  ( 2.000000000000000000, 2.000000000000000000, -0.5999999999999987566 ) ) ;
#3841 = CARTESIAN_POINT ( 'NONE',  ( 3.600000000000001421, 0.000000000000000000, -0.9999999999999991118 ) ) ;
#3842 = CARTESIAN_POINT ( 'NONE',  ( 6.399999999999999467, 0.000000000000000000, 1.000000000000001332 ) ) ;
#3843 = CARTESIAN_POINT ( 'NONE',  ( 8.000000000000000000, 0.000000000000000000, 0.6000000000000005329 ) ) ;
#3844 = PLANE ( 'NONE',  #4046 ) ;
#3845 = VERTEX_POINT ( 'NONE', #2399 ) ;
#3846 = PRODUCT_DEFINITION ( 'UNKNOWN', '', #1427, #1856 ) ;
#3847 = DIRECTION ( 'NONE',  ( 0.000000000000000000, 1.000000000000000000, 0.000000000000000000 ) ) ;
#3848 = EDGE_LOOP ( 'NONE', ( #1492, #4570, #3588, #3809 ) ) ;
#3849 = ITEM_DEFINED_TRANSFORMATION ( 'NONE', 'NONE', #384,  #3547 ) ;
#3850 = FACE_OUTER_BOUND ( 'NONE', #4313, .T. ) ;
#3851 = VERTEX_POINT ( 'NONE', #879 ) ;
#3852 = ADVANCED_FACE ( 'NONE', ( #4388, #2457 ), #4004, .T. ) ;
#3853 = VECTOR ( 'NONE', #2833, 1000.000000000000000 ) ;
#3854 = DIRECTION ( 'NONE',  ( 1.000000000000000000, 0.000000000000000000, -0.000000000000000000 ) ) ;
#3855 = DIRECTION ( 'NONE',  ( -7.228014483236698528E-16, 0.000000000000000000, -1.000000000000000000 ) ) ;
#3856 = ORIENTED_EDGE ( 'NONE', *, *, #2639, .T. ) ;
#3857 = STYLED_ITEM ( 'NONE', ( #2690 ), #2784 ) ;
#3858 = ADVANCED_FACE ( 'NONE', ( #2114 ), #3230, .T. ) ;
#3859 = ADVANCED_FACE ( 'NONE', ( #549 ), #2067, .F. ) ;
#3860 = VECTOR ( 'NONE', #2815, 1000.000000000000000 ) ;
#3861 = DIRECTION ( 'NONE',  ( 1.000000000000000000, -0.000000000000000000, 0.000000000000000000 ) ) ;
#3862 = DIRECTION ( 'NONE',  ( 0.000000000000000000, 0.000000000000000000, -1.000000000000000000 ) ) ;
#3863 = VECTOR ( 'NONE', #3513, 1000.000000000000000 ) ;
#3864 = CARTESIAN_POINT ( 'NONE',  ( -6.000000000000000000, 0.2999999999999999889, 0.5999999999999997558 ) ) ;
#3865 = CARTESIAN_POINT ( 'NONE',  ( -7.599999999999999645, 0.000000000000000000, -0.9999999999999988898 ) ) ;
#3866 = VECTOR ( 'NONE', #1592, 1000.000000000000000 ) ;
#3867 = DIRECTION ( 'NONE',  ( -0.7071067811865462405, -0.000000000000000000, -0.7071067811865489050 ) ) ;
#3868 = VECTOR ( 'NONE', #505, 1000.000000000000000 ) ;
#3869 = LINE ( 'NONE', #3140, #1962 ) ;
#3870 = DIRECTION ( 'NONE',  ( 1.000000000000000000, -0.000000000000000000, 0.000000000000000000 ) ) ;
#3871 = FACE_OUTER_BOUND ( 'NONE', #282, .T. ) ;
#3872 = ORIENTED_EDGE ( 'NONE', *, *, #1605, .F. ) ;
#3873 = VECTOR ( 'NONE', #218, 1000.000000000000000 ) ;
#3874 = STYLED_ITEM ( 'NONE', ( #2323 ), #1139 ) ;
#3875 = DIRECTION ( 'NONE',  ( 1.000000000000000000, 0.000000000000000000, -0.000000000000000000 ) ) ;
#3876 = ORIENTED_EDGE ( 'NONE', *, *, #2807, .T. ) ;
#3877 = CARTESIAN_POINT ( 'NONE',  ( 2.750000000000000000, 2.000000000000000000, 0.2500000000000006106 ) ) ;
#3878 = VERTEX_POINT ( 'NONE', #1742 ) ;
#3879 = EDGE_CURVE ( 'NONE', #1526, #575, #4766, .T. ) ;
#3880 = EDGE_CURVE ( 'NONE', #3878, #106, #2140, .T. ) ;
#3881 = CARTESIAN_POINT ( 'NONE',  ( 0.2500000000000000000, 5.257099999999994999, 0.2500000000000000000 ) ) ;
#3882 = CARTESIAN_POINT ( 'NONE',  ( -2.000000000000000000, 0.2999999999999999889, -0.6000000000000004219 ) ) ;
#3883 = ORIENTED_EDGE ( 'NONE', *, *, #3739, .T. ) ;
#3884 =( NAMED_UNIT ( * ) SI_UNIT ( $, .STERADIAN. ) SOLID_ANGLE_UNIT ( ) );
#3885 = EDGE_CURVE ( 'NONE', #3517, #1578, #4900, .T. ) ;
#3886 = ADVANCED_FACE ( 'NONE', ( #2900 ), #646, .F. ) ;
#3887 = VECTOR ( 'NONE', #1049, 1000.000000000000000 ) ;
#3888 = DIRECTION ( 'NONE',  ( -1.000000000000000000, -0.000000000000000000, 1.807003620809171920E-16 ) ) ;
#3889 = ADVANCED_FACE ( 'NONE', ( #4113 ), #2610, .T. ) ;
#3890 = DIRECTION ( 'NONE',  ( 0.000000000000000000, 0.000000000000000000, -1.000000000000000000 ) ) ;
#3891 = CARTESIAN_POINT ( 'NONE',  ( 10.00000000000000000, 0.000000000000000000, 0.000000000000000000 ) ) ;
#3892 = CARTESIAN_POINT ( 'NONE',  ( 0.000000000000000000, 0.000000000000000000, -0.5999999999999987566 ) ) ;
#3893 = CARTESIAN_POINT ( 'NONE',  ( 6.000000000000000000, 0.2999999999999999889, 0.5999999999999997558 ) ) ;
#3894 = LINE ( 'NONE', #3115, #3464 ) ;
#3895 = FACE_OUTER_BOUND ( 'NONE', #1778, .T. ) ;
#3896 = ORIENTED_EDGE ( 'NONE', *, *, #3948, .F. ) ;
#3897 = ORIENTED_EDGE ( 'NONE', *, *, #4507, .F. ) ;
#3898 = DIRECTION ( 'NONE',  ( 0.000000000000000000, 1.000000000000000000, 0.000000000000000000 ) ) ;
#3899 = VERTEX_POINT ( 'NONE', #2928 ) ;
#3900 = ORIENTED_EDGE ( 'NONE', *, *, #4178, .F. ) ;
#3901 = VECTOR ( 'NONE', #3377, 1000.000000000000000 ) ;
#3902 = FACE_OUTER_BOUND ( 'NONE', #3667, .T. ) ;
#3903 = EDGE_CURVE ( 'NONE', #975, #3027, #697, .T. ) ;
#3904 = DIRECTION ( 'NONE',  ( -1.000000000000000000, 0.000000000000000000, 1.807003620809171920E-16 ) ) ;
#3905 = ORIENTED_EDGE ( 'NONE', *, *, #1503, .T. ) ;
#3906 = CARTESIAN_POINT ( 'NONE',  ( 2.400000000000000355, 0.000000000000000000, -0.9999999999999988898 ) ) ;
#3907 = ADVANCED_FACE ( 'NONE', ( #2506 ), #3337, .F. ) ;
#3908 = CARTESIAN_POINT ( 'NONE',  ( 0.000000000000000000, 0.000000000000000000, -0.5999999999999987566 ) ) ;
#3909 = DIRECTION ( 'NONE',  ( -0.000000000000000000, 1.000000000000000000, 0.000000000000000000 ) ) ;
#3910 = FACE_OUTER_BOUND ( 'NONE', #1748, .T. ) ;
#3911 = EDGE_CURVE ( 'NONE', #990, #423, #4877, .T. ) ;
#3912 = PLANE ( 'NONE',  #774 ) ;
#3913 = CARTESIAN_POINT ( 'NONE',  ( -4.000000000000000000, 0.2999999999999999889, 0.5999999999999997558 ) ) ;
#3914 = CARTESIAN_POINT ( 'NONE',  ( 6.000000000000000000, 0.2999999999999999889, -0.6000000000000004219 ) ) ;
#3915 = LINE ( 'NONE', #2443, #474 ) ;
#3916 = VERTEX_POINT ( 'NONE', #726 ) ;
#3917 = ORIENTED_EDGE ( 'NONE', *, *, #1660, .F. ) ;
#3918 = EDGE_CURVE ( 'NONE', #444, #3956, #1401, .T. ) ;
#3919 = UNCERTAINTY_MEASURE_WITH_UNIT (LENGTH_MEASURE( 1.000000000000000082E-05 ), #10, 'distance_accuracy_value', 'NONE');
#3920 = AXIS2_PLACEMENT_3D ( 'NONE', #1738, #2894, #1759 ) ;
#3921 = DIRECTION ( 'NONE',  ( -1.000000000000000000, 0.000000000000000000, -0.000000000000000000 ) ) ;
#3922 = DIRECTION ( 'NONE',  ( -0.7071067811865461294, 0.000000000000000000, -0.7071067811865489050 ) ) ;
#3923 = ORIENTED_EDGE ( 'NONE', *, *, #1399, .F. ) ;
#3924 = ORIENTED_EDGE ( 'NONE', *, *, #2630, .T. ) ;
#3925 = DIRECTION ( 'NONE',  ( 0.000000000000000000, 1.000000000000000000, 0.000000000000000000 ) ) ;
#3926 = CARTESIAN_POINT ( 'NONE',  ( 0.7499999999999997780, 2.000000000000000000, 0.2500000000000006106 ) ) ;
#3927 = VERTEX_POINT ( 'NONE', #2559 ) ;
#3928 = CARTESIAN_POINT ( 'NONE',  ( -8.000000000000000000, 0.000000000000000000, 0.6000000000000009770 ) ) ;
#3929 = VECTOR ( 'NONE', #4202, 1000.000000000000000 ) ;
#3930 = DIRECTION ( 'NONE',  ( 0.7071067811865472397, 0.000000000000000000, -0.7071067811865479058 ) ) ;
#3931 = AXIS2_PLACEMENT_3D ( 'NONE', #158, #3261, #1379 ) ;
#3932 = FACE_OUTER_BOUND ( 'NONE', #3649, .T. ) ;
#3933 = ORIENTED_EDGE ( 'NONE', *, *, #2187, .T. ) ;
#3934 = DIRECTION ( 'NONE',  ( -0.000000000000000000, -0.000000000000000000, 1.000000000000000000 ) ) ;
#3935 = AXIS2_PLACEMENT_3D ( 'NONE', #2298, #4506, #3448 ) ;
#3936 = FACE_BOUND ( 'NONE', #4395, .T. ) ;
#3937 = EDGE_CURVE ( 'NONE', #975, #204, #4033, .T. ) ;
#3938 = LINE ( 'NONE', #462, #1725 ) ;
#3939 = DIRECTION ( 'NONE',  ( -1.000000000000000000, 0.000000000000000000, 0.000000000000000000 ) ) ;
#3940 = DIRECTION ( 'NONE',  ( 0.000000000000000000, 1.000000000000000000, 0.000000000000000000 ) ) ;
#3941 = VERTEX_POINT ( 'NONE', #1452 ) ;
#3942 = ORIENTED_EDGE ( 'NONE', *, *, #4322, .F. ) ;
#3943 = VECTOR ( 'NONE', #3925, 1000.000000000000000 ) ;
#3944 = VECTOR ( 'NONE', #4788, 1000.000000000000000 ) ;
#3945 = DIRECTION ( 'NONE',  ( 0.7071067811865472397, 0.000000000000000000, -0.7071067811865479058 ) ) ;
#3946 = CARTESIAN_POINT ( 'NONE',  ( 3.600000000000001421, 0.000000000000000000, -0.9999999999999991118 ) ) ;
#3947 = ORIENTED_EDGE ( 'NONE', *, *, #3403, .F. ) ;
#3948 = EDGE_CURVE ( 'NONE', #2241, #84, #2581, .T. ) ;
#3949 = EDGE_CURVE ( 'NONE', #1658, #1526, #4210, .T. ) ;
#3950 = VERTEX_POINT ( 'NONE', #621 ) ;
#3951 = VECTOR ( 'NONE', #1253, 1000.000000000000000 ) ;
#3952 = STYLED_ITEM ( 'NONE', ( #1544 ), #1161 ) ;
#3953 = AXIS2_PLACEMENT_3D ( 'NONE', #2165, #1505, #4143 ) ;
#3954 = CARTESIAN_POINT ( 'NONE',  ( 1.600000000000001643, 0.000000000000000000, -0.9999999999999991118 ) ) ;
#3955 = VECTOR ( 'NONE', #543, 1000.000000000000000 ) ;
#3956 = VERTEX_POINT ( 'NONE', #2875 ) ;
#3957 = CARTESIAN_POINT ( 'NONE',  ( -1.250000000000000222, 0.2999999999999999889, 0.2500000000000006106 ) ) ;
#3958 = EDGE_LOOP ( 'NONE', ( #3631, #4074, #3897, #3359 ) ) ;
#3959 = UNCERTAINTY_MEASURE_WITH_UNIT (LENGTH_MEASURE( 1.000000000000000082E-05 ), #2535, 'distance_accuracy_value', 'NONE');
#3960 = AXIS2_PLACEMENT_3D ( 'NONE', #464, #3166, #1702 ) ;
#3961 = AXIS2_PLACEMENT_3D ( 'NONE', #2031, #894, #3922 ) ;
#3962 = DIRECTION ( 'NONE',  ( -0.7071067811865484609, 0.000000000000000000, 0.7071067811865465735 ) ) ;
#3963 = ORIENTED_EDGE ( 'NONE', *, *, #3410, .F. ) ;
#3964 = DIRECTION ( 'NONE',  ( -1.000000000000000000, 0.000000000000000000, 0.000000000000000000 ) ) ;
#3965 = ORIENTED_EDGE ( 'NONE', *, *, #4693, .T. ) ;
#3966 = PLANE ( 'NONE',  #2819 ) ;
#3967 = LINE ( 'NONE', #3892, #2421 ) ;
#3968 = VECTOR ( 'NONE', #2596, 1000.000000000000000 ) ;
#3969 = LINE ( 'NONE', #4277, #4121 ) ;
#3970 = DIRECTION ( 'NONE',  ( 1.000000000000000000, 0.000000000000000000, -1.807003620809171920E-16 ) ) ;
#3971 = DIRECTION ( 'NONE',  ( 1.000000000000000000, 0.000000000000000000, -1.807003620809171920E-16 ) ) ;
#3972 = EDGE_CURVE ( 'NONE', #1411, #927, #4847, .T. ) ;
#3973 = VERTEX_POINT ( 'NONE', #1080 ) ;
#3974 = ORIENTED_EDGE ( 'NONE', *, *, #74, .F. ) ;
#3975 = DIRECTION ( 'NONE',  ( -0.000000000000000000, -0.000000000000000000, 1.000000000000000000 ) ) ;
#3976 = LINE ( 'NONE', #586, #925 ) ;
#3977 = ADVANCED_FACE ( 'NONE', ( #4492 ), #256, .T. ) ;
#3978 = PLANE ( 'NONE',  #4857 ) ;
#3979 = EDGE_LOOP ( 'NONE', ( #4191, #4731, #2445, #1847, #1724, #2180, #2444, #2166 ) ) ;
#3980 = ORIENTED_EDGE ( 'NONE', *, *, #4507, .T. ) ;
#3981 =( REPRESENTATION_RELATIONSHIP ('NONE','NONE', #3532, #30 ) REPRESENTATION_RELATIONSHIP_WITH_TRANSFORMATION ( #2725 )SHAPE_REPRESENTATION_RELATIONSHIP( ) );
#3982 = ADVANCED_FACE ( 'NONE', ( #2533 ), #4084, .F. ) ;
#3983 = PLANE ( 'NONE',  #3228 ) ;
#3984 =( LENGTH_UNIT ( ) NAMED_UNIT ( * ) SI_UNIT ( .MILLI., .METRE. ) );
#3985 = VERTEX_POINT ( 'NONE', #3312 ) ;
#3986 = LINE ( 'NONE', #4335, #4263 ) ;
#3987 = CLOSED_SHELL ( 'NONE', ( #242, #3858, #4862, #1220, #3439, #1963, #1848, #4532, #4567, #602, #397, #3886, #1123, #1372, #605, #190, #943, #2216 ) ) ;
#3988 = PRODUCT_DEFINITION_SHAPE ( 'NONE', 'NONE',  #2959 ) ;
#3989 = LINE ( 'NONE', #982, #3640 ) ;
#3990 = ORIENTED_EDGE ( 'NONE', *, *, #1244, .T. ) ;
#3991 = LINE ( 'NONE', #2488, #836 ) ;
#3992 = ORIENTED_EDGE ( 'NONE', *, *, #849, .F. ) ;
#3993 = PLANE ( 'NONE',  #2678 ) ;
#3994 = PLANE ( 'NONE',  #2830 ) ;
#3995 = LINE ( 'NONE', #1019, #4169 ) ;
#3996 = PLANE ( 'NONE',  #631 ) ;
#3997 = EDGE_LOOP ( 'NONE', ( #2976, #1691, #185, #2584 ) ) ;
#3998 = ORIENTED_EDGE ( 'NONE', *, *, #1531, .F. ) ;
#3999 = DIRECTION ( 'NONE',  ( 0.000000000000000000, 1.000000000000000000, 0.000000000000000000 ) ) ;
#4000 = LINE ( 'NONE', #2845, #1620 ) ;
#4001 = CARTESIAN_POINT ( 'NONE',  ( -2.399999999999998579, 2.000000000000000000, -0.9999999999999991118 ) ) ;
#4002 = DIRECTION ( 'NONE',  ( -0.000000000000000000, 0.000000000000000000, -1.000000000000000000 ) ) ;
#4003 = ORIENTED_EDGE ( 'NONE', *, *, #2599, .T. ) ;
#4004 = PLANE ( 'NONE',  #3065 ) ;
#4005 = ORIENTED_EDGE ( 'NONE', *, *, #3885, .T. ) ;
#4006 = ADVANCED_FACE ( 'NONE', ( #671 ), #3705, .T. ) ;
#4007 =( NAMED_UNIT ( * ) SI_UNIT ( $, .STERADIAN. ) SOLID_ANGLE_UNIT ( ) );
#4008 = ORIENTED_EDGE ( 'NONE', *, *, #2460, .F. ) ;
#4009 = CARTESIAN_POINT ( 'NONE',  ( 4.400000000000000355, 0.000000000000000000, -0.9999999999999988898 ) ) ;
#4010 = ADVANCED_FACE ( 'NONE', ( #4257 ), #443, .F. ) ;
#4011 = DIRECTION ( 'NONE',  ( 1.000000000000000000, 0.000000000000000000, -1.807003620809171920E-16 ) ) ;
#4012 = EDGE_LOOP ( 'NONE', ( #1384, #4901, #4782, #350 ) ) ;
#4013 = CARTESIAN_POINT ( 'NONE',  ( -2.000000000000000000, 0.000000000000000000, 0.6000000000000009770 ) ) ;
#4014 = ORIENTED_EDGE ( 'NONE', *, *, #1989, .T. ) ;
#4015 = EDGE_CURVE ( 'NONE', #4705, #4854, #2722, .T. ) ;
#4016 = VECTOR ( 'NONE', #240, 1000.000000000000000 ) ;
#4017 = EDGE_CURVE ( 'NONE', #277, #841, #4163, .T. ) ;
#4018 = VECTOR ( 'NONE', #1528, 1000.000000000000000 ) ;
#4019 = DIRECTION ( 'NONE',  ( 0.000000000000000000, 0.000000000000000000, -1.000000000000000000 ) ) ;
#4020 = CARTESIAN_POINT ( 'NONE',  ( 0.2500000000000000000, -2.457099999999995177, 0.2500000000000000000 ) ) ;
#4021 = DIRECTION ( 'NONE',  ( -0.000000000000000000, -1.000000000000000000, -0.000000000000000000 ) ) ;
#4022 = LINE ( 'NONE', #269, #3655 ) ;
#4023 = ORIENTED_EDGE ( 'NONE', *, *, #3037, .T. ) ;
#4024 = EDGE_LOOP ( 'NONE', ( #1081, #3479, #2921, #4878, #4098 ) ) ;
#4025 = FACE_OUTER_BOUND ( 'NONE', #4611, .T. ) ;
#4026 = AXIS2_PLACEMENT_3D ( 'NONE', #1466, #2598, #2964 ) ;
#4027 = CARTESIAN_POINT ( 'NONE',  ( 6.400000000000000355, 0.000000000000000000, -0.9999999999999988898 ) ) ;
#4028 = AXIS2_PLACEMENT_3D ( 'NONE', #399, #1179, #3875 ) ;
#4029 = LINE ( 'NONE', #2998, #1500 ) ;
#4030 = ORIENTED_EDGE ( 'NONE', *, *, #1546, .F. ) ;
#4031 = EDGE_CURVE ( 'NONE', #3737, #1292, #3807, .T. ) ;
#4032 = AXIS2_PLACEMENT_3D ( 'NONE', #3893, #3214, #4649 ) ;
#4033 = LINE ( 'NONE', #327, #3473 ) ;
#4034 = VERTEX_POINT ( 'NONE', #4635 ) ;
#4035 = AXIS2_PLACEMENT_3D ( 'NONE', #267, #244, #634 ) ;
#4036 = PRESENTATION_STYLE_ASSIGNMENT (( #1294 ) ) ;
#4037 = EDGE_LOOP ( 'NONE', ( #2911, #4767, #3290, #200 ) ) ;
#4038 =( NAMED_UNIT ( * ) SI_UNIT ( $, .STERADIAN. ) SOLID_ANGLE_UNIT ( ) );
#4039 = ADVANCED_FACE ( 'NONE', ( #1934 ), #2260, .T. ) ;
#4040 = VECTOR ( 'NONE', #3646, 1000.000000000000000 ) ;
#4041 = DIRECTION ( 'NONE',  ( 0.000000000000000000, 1.000000000000000000, 0.000000000000000000 ) ) ;
#4042 = ORIENTED_EDGE ( 'NONE', *, *, #3744, .T. ) ;
#4043 = ADVANCED_FACE ( 'NONE', ( #1127 ), #3433, .F. ) ;
#4044 = FACE_OUTER_BOUND ( 'NONE', #4894, .T. ) ;
#4045 = ORIENTED_EDGE ( 'NONE', *, *, #4882, .T. ) ;
#4046 = AXIS2_PLACEMENT_3D ( 'NONE', #368, #4537, #437 ) ;
#4047 = PLANE ( 'NONE',  #2044 ) ;
#4048 = CARTESIAN_POINT ( 'NONE',  ( 2.399999999999999467, 2.000000000000000000, 1.000000000000001332 ) ) ;
#4049 = DIRECTION ( 'NONE',  ( 0.000000000000000000, 1.000000000000000000, 0.000000000000000000 ) ) ;
#4050 = PLANE ( 'NONE',  #1121 ) ;
#4051 = ORIENTED_EDGE ( 'NONE', *, *, #4816, .T. ) ;
#4052 = ORIENTED_EDGE ( 'NONE', *, *, #4078, .T. ) ;
#4053 = LINE ( 'NONE', #4837, #4269 ) ;
#4054 = VECTOR ( 'NONE', #4228, 1000.000000000000114 ) ;
#4055 = DIRECTION ( 'NONE',  ( 0.000000000000000000, 1.000000000000000000, 0.000000000000000000 ) ) ;
#4056 = DIRECTION ( 'NONE',  ( -1.000000000000000000, -0.000000000000000000, 1.807003620809171920E-16 ) ) ;
#4057 =( NAMED_UNIT ( * ) PLANE_ANGLE_UNIT ( ) SI_UNIT ( $, .RADIAN. ) );
#4058 = EDGE_LOOP ( 'NONE', ( #1131, #3144, #1549, #875 ) ) ;
#4059 = CARTESIAN_POINT ( 'NONE',  ( 8.000000000000000000, 0.000000000000000000, 0.000000000000000000 ) ) ;
#4060 = EDGE_LOOP ( 'NONE', ( #4030, #1987, #2853, #3634 ) ) ;
#4061 = DIRECTION ( 'NONE',  ( 0.000000000000000000, 0.000000000000000000, 1.000000000000000000 ) ) ;
#4062 = ORIENTED_EDGE ( 'NONE', *, *, #440, .T. ) ;
#4063 = FACE_OUTER_BOUND ( 'NONE', #3831, .T. ) ;
#4064 = ORIENTED_EDGE ( 'NONE', *, *, #1074, .F. ) ;
#4065 = CARTESIAN_POINT ( 'NONE',  ( 6.750000000000000000, 2.000000000000000000, 0.2500000000000006106 ) ) ;
#4066 = ORIENTED_EDGE ( 'NONE', *, *, #205, .F. ) ;
#4067 = DIRECTION ( 'NONE',  ( 0.000000000000000000, 0.000000000000000000, -1.000000000000000000 ) ) ;
#4068 = VECTOR ( 'NONE', #4401, 1000.000000000000000 ) ;
#4069 = CARTESIAN_POINT ( 'NONE',  ( 1.600000000000000755, 0.000000000000000000, 1.000000000000001110 ) ) ;
#4070 = LINE ( 'NONE', #1067, #781 ) ;
#4071 = CARTESIAN_POINT ( 'NONE',  ( 0.000000000000000000, 0.2999999999999999889, 0.5999999999999997558 ) ) ;
#4072 = FACE_OUTER_BOUND ( 'NONE', #966, .T. ) ;
#4073 = ORIENTED_EDGE ( 'NONE', *, *, #3880, .F. ) ;
#4074 = ORIENTED_EDGE ( 'NONE', *, *, #4628, .F. ) ;
#4075 = DIRECTION ( 'NONE',  ( 1.000000000000000000, -0.000000000000000000, -0.000000000000000000 ) ) ;
#4076 = VERTEX_POINT ( 'NONE', #1915 ) ;
#4077 = EDGE_CURVE ( 'NONE', #2374, #286, #16, .T. ) ;
#4078 = EDGE_CURVE ( 'NONE', #204, #2651, #372, .T. ) ;
#4079 = DIRECTION ( 'NONE',  ( 0.000000000000000000, 1.000000000000000000, 0.000000000000000000 ) ) ;
#4080 = DIRECTION ( 'NONE',  ( -0.7071067811865462405, -0.000000000000000000, -0.7071067811865489050 ) ) ;
#4081 = CARTESIAN_POINT ( 'NONE',  ( 1.600000000000001643, 0.000000000000000000, -0.9999999999999991118 ) ) ;
#4082 = ORIENTED_EDGE ( 'NONE', *, *, #1271, .F. ) ;
#4083 = EDGE_CURVE ( 'NONE', #4854, #3706, #1983, .T. ) ;
#4084 = PLANE ( 'NONE',  #4840 ) ;
#4085 = VERTEX_POINT ( 'NONE', #1221 ) ;
#4086 = DIRECTION ( 'NONE',  ( 1.000000000000000000, 0.000000000000000000, 0.000000000000000000 ) ) ;
#4087 = ORIENTED_EDGE ( 'NONE', *, *, #2728, .T. ) ;
#4088 = EDGE_CURVE ( 'NONE', #3941, #3820, #1525, .T. ) ;
#4089 = CARTESIAN_POINT ( 'NONE',  ( 0.1771143550033493219, 5.599999999999999645, 0.1771143550033493219 ) ) ;
#4090 = ORIENTED_EDGE ( 'NONE', *, *, #1746, .T. ) ;
#4091 = CARTESIAN_POINT ( 'NONE',  ( -2.000000000000000000, 2.000000000000000000, -0.5999999999999992006 ) ) ;
#4092 = EDGE_LOOP ( 'NONE', ( #845, #3974, #1590, #4636 ) ) ;
#4093 = FACE_OUTER_BOUND ( 'NONE', #1630, .T. ) ;
#4094 = FACE_OUTER_BOUND ( 'NONE', #645, .T. ) ;
#4095 = LINE ( 'NONE', #4400, #3152 ) ;
#4096 = FACE_OUTER_BOUND ( 'NONE', #2264, .T. ) ;
#4097 = CARTESIAN_POINT ( 'NONE',  ( -5.999999999999999112, 0.000000000000000000, 0.6000000000000005329 ) ) ;
#4098 = ORIENTED_EDGE ( 'NONE', *, *, #2844, .T. ) ;
#4099 = LINE ( 'NONE', #4756, #2270 ) ;
#4100 = ORIENTED_EDGE ( 'NONE', *, *, #3713, .T. ) ;
#4101 = EDGE_CURVE ( 'NONE', #2401, #4584, #2652, .T. ) ;
#4102 = VECTOR ( 'NONE', #2228, 1000.000000000000114 ) ;
#4103 = EDGE_CURVE ( 'NONE', #2822, #2375, #4190, .T. ) ;
#4104 = DIRECTION ( 'NONE',  ( 0.000000000000000000, 1.000000000000000000, 0.000000000000000000 ) ) ;
#4105 = CARTESIAN_POINT ( 'NONE',  ( -6.750000000000000000, 2.000000000000000000, -0.2499999999999994171 ) ) ;
#4106 = PRODUCT_DEFINITION_SHAPE ( 'NONE', 'NONE',  #4934 ) ;
#4107 = LINE ( 'NONE', #4410, #4606 ) ;
#4108 = VERTEX_POINT ( 'NONE', #3075 ) ;
#4109 = VECTOR ( 'NONE', #4242, 1000.000000000000000 ) ;
#4110 = EDGE_CURVE ( 'NONE', #897, #1072, #773, .T. ) ;
#4111 = VECTOR ( 'NONE', #3651, 1000.000000000000000 ) ;
#4112 = EDGE_CURVE ( 'NONE', #3190, #3363, #2284, .T. ) ;
#4113 = FACE_OUTER_BOUND ( 'NONE', #2731, .T. ) ;
#4114 = ORIENTED_EDGE ( 'NONE', *, *, #3825, .F. ) ;
#4115 = CARTESIAN_POINT ( 'NONE',  ( -5.000000000000000888, 0.000000000000000000, 6.505213034913026604E-16 ) ) ;
#4116 = EDGE_LOOP ( 'NONE', ( #890, #3121, #1353, #2074 ) ) ;
#4117 = CARTESIAN_POINT ( 'NONE',  ( 0.000000000000000000, 2.000000000000000000, 0.6000000000000009770 ) ) ;
#4118 = ORIENTED_EDGE ( 'NONE', *, *, #907, .T. ) ;
#4119 = AXIS2_PLACEMENT_3D ( 'NONE', #2266, #2333, #3854 ) ;
#4120 = EDGE_CURVE ( 'NONE', #3845, #3413, #1547, .T. ) ;
#4121 = VECTOR ( 'NONE', #117, 1000.000000000000000 ) ;
#4122 = LINE ( 'NONE', #783, #3643 ) ;
#4123 = ORIENTED_EDGE ( 'NONE', *, *, #1297, .T. ) ;
#4124 = DIRECTION ( 'NONE',  ( 0.000000000000000000, 0.000000000000000000, 1.000000000000000000 ) ) ;
#4125 = VECTOR ( 'NONE', #2272, 1000.000000000000000 ) ;
#4126 = AXIS2_PLACEMENT_3D ( 'NONE', #1991, #1091, #3504 ) ;
#4127 = CARTESIAN_POINT ( 'NONE',  ( -2.399999999999999467, 0.000000000000000000, 1.000000000000001110 ) ) ;
#4128 = PLANE ( 'NONE',  #1184 ) ;
#4129 = CARTESIAN_POINT ( 'NONE',  ( 0.2500000000000000000, -2.457099999999995177, 0.2500000000000000000 ) ) ;
#4130 = CARTESIAN_POINT ( 'NONE',  ( 6.000000000000000888, 0.000000000000000000, -0.6000000000000004219 ) ) ;
#4131 = CARTESIAN_POINT ( 'NONE',  ( -6.000000000000000000, 0.000000000000000000, -0.5999999999999987566 ) ) ;
#4132 = VECTOR ( 'NONE', #512, 1000.000000000000000 ) ;
#4133 = EDGE_CURVE ( 'NONE', #3190, #4550, #1203, .T. ) ;
#4134 = VERTEX_POINT ( 'NONE', #4237 ) ;
#4135 = PLANE ( 'NONE',  #4760 ) ;
#4136 = DIRECTION ( 'NONE',  ( -1.000000000000000000, -0.000000000000000000, -0.000000000000000000 ) ) ;
#4137 = CARTESIAN_POINT ( 'NONE',  ( -1.250000000000000222, 0.2999999999999999889, -0.2499999999999994171 ) ) ;
#4138 = ORIENTED_EDGE ( 'NONE', *, *, #1881, .F. ) ;
#4139 = PRODUCT_DEFINITION_SHAPE ( 'NONE', 'NONE',  #4932 ) ;
#4140 = EDGE_CURVE ( 'NONE', #1703, #4814, #821, .T. ) ;
#4141 = DIRECTION ( 'NONE',  ( 1.000000000000000000, -0.000000000000000000, 0.000000000000000000 ) ) ;
#4142 = ORIENTED_EDGE ( 'NONE', *, *, #723, .T. ) ;
#4143 = DIRECTION ( 'NONE',  ( 1.000000000000000000, 0.000000000000000000, 0.000000000000000000 ) ) ;
#4144 = ORIENTED_EDGE ( 'NONE', *, *, #348, .T. ) ;
#4145 = LINE ( 'NONE', #729, #4582 ) ;
#4146 = ORIENTED_EDGE ( 'NONE', *, *, #4816, .F. ) ;
#4147 = ADVANCED_FACE ( 'NONE', ( #2794 ), #1314, .F. ) ;
#4148 = CARTESIAN_POINT ( 'NONE',  ( 0.3999999999999993006, 0.000000000000000000, 1.000000000000001332 ) ) ;
#4149 = ORIENTED_EDGE ( 'NONE', *, *, #2724, .T. ) ;
#4150 = CARTESIAN_POINT ( 'NONE',  ( -0.2500000000000000000, -2.457099999999995177, -0.2500000000000000000 ) ) ;
#4151 = EDGE_CURVE ( 'NONE', #1022, #2290, #4684, .T. ) ;
#4152 = CARTESIAN_POINT ( 'NONE',  ( -4.000000000000000000, 0.2999999999999999889, -0.6000000000000004219 ) ) ;
#4153 = LINE ( 'NONE', #1597, #1807 ) ;
#4154 = DIRECTION ( 'NONE',  ( 0.000000000000000000, -0.2079116908177567058, 0.9781476007338062439 ) ) ;
#4155 = DIRECTION ( 'NONE',  ( 0.000000000000000000, 1.000000000000000000, 0.000000000000000000 ) ) ;
#4156 = CARTESIAN_POINT ( 'NONE',  ( 0.000000000000000000, 0.2999999999999999889, -0.6000000000000004219 ) ) ;
#4157 = AXIS2_PLACEMENT_3D ( 'NONE', #3841, #2647, #2231 ) ;
#4158 = CARTESIAN_POINT ( 'NONE',  ( -3.600000000000000977, 0.000000000000000000, 1.000000000000001332 ) ) ;
#4159 = FACE_OUTER_BOUND ( 'NONE', #2929, .T. ) ;
#4160 = LINE ( 'NONE', #3843, #1662 ) ;
#4161 = CARTESIAN_POINT ( 'NONE',  ( -2.000000000000000000, 0.2999999999999999889, -0.5999999999999992006 ) ) ;
#4162 = ORIENTED_EDGE ( 'NONE', *, *, #3740, .F. ) ;
#4163 = LINE ( 'NONE', #1891, #1567 ) ;
#4164 = ORIENTED_EDGE ( 'NONE', *, *, #1995, .T. ) ;
#4165 =( NAMED_UNIT ( * ) SI_UNIT ( $, .STERADIAN. ) SOLID_ANGLE_UNIT ( ) );
#4166 = ORIENTED_EDGE ( 'NONE', *, *, #2504, .T. ) ;
#4167 = DIRECTION ( 'NONE',  ( 0.000000000000000000, 0.000000000000000000, 1.000000000000000000 ) ) ;
#4168 = ORIENTED_EDGE ( 'NONE', *, *, #429, .F. ) ;
#4169 = VECTOR ( 'NONE', #4021, 1000.000000000000000 ) ;
#4170 = ADVANCED_FACE ( 'NONE', ( #945 ), #3120, .T. ) ;
#4171 = LINE ( 'NONE', #676, #4681 ) ;
#4172 = ORIENTED_EDGE ( 'NONE', *, *, #338, .F. ) ;
#4173 = LINE ( 'NONE', #2642, #999 ) ;
#4174 = EDGE_CURVE ( 'NONE', #527, #3737, #4357, .T. ) ;
#4175 = AXIS2_PLACEMENT_3D ( 'NONE', #1423, #2924, #3408 ) ;
#4176 = DIRECTION ( 'NONE',  ( 0.000000000000000000, 1.000000000000000000, 0.000000000000000000 ) ) ;
#4177 = EDGE_CURVE ( 'NONE', #1578, #1292, #3976, .T. ) ;
#4178 = EDGE_CURVE ( 'NONE', #3031, #3581, #2820, .T. ) ;
#4179 = CARTESIAN_POINT ( 'NONE',  ( -6.000000000000000000, 0.000000000000000000, 0.6000000000000009770 ) ) ;
#4180 = CARTESIAN_POINT ( 'NONE',  ( 6.000000000000000000, 0.000000000000000000, -0.5999999999999987566 ) ) ;
#4181 = CARTESIAN_POINT ( 'NONE',  ( 6.000000000000000888, 0.000000000000000000, 0.6000000000000005329 ) ) ;
#4182 = VECTOR ( 'NONE', #4867, 1000.000000000000000 ) ;
#4183 = ORIENTED_EDGE ( 'NONE', *, *, #3124, .F. ) ;
#4184 = SURFACE_STYLE_USAGE ( .BOTH. , #3335 ) ;
#4185 = CARTESIAN_POINT ( 'NONE',  ( -1.600000000000000755, 2.000000000000000000, 1.000000000000001332 ) ) ;
#4186 = FILL_AREA_STYLE_COLOUR ( '', #703 ) ;
#4187 = EDGE_LOOP ( 'NONE', ( #4319, #4377, #465, #52 ) ) ;
#4188 = VECTOR ( 'NONE', #4422, 1000.000000000000000 ) ;
#4189 = COLOUR_RGB ( '',0.2509803921568627416, 0.2509803921568627416, 0.2509803921568627416 ) ;
#4190 = LINE ( 'NONE', #747, #2423 ) ;
#4191 = ORIENTED_EDGE ( 'NONE', *, *, #1398, .T. ) ;
#4192 = PRODUCT_CONTEXT ( 'NONE', #2447, 'mechanical' ) ;
#4193 = VERTEX_POINT ( 'NONE', #4001 ) ;
#4194 = CARTESIAN_POINT ( 'NONE',  ( 2.400000000000000355, 0.000000000000000000, -0.9999999999999988898 ) ) ;
#4195 = EDGE_LOOP ( 'NONE', ( #3980, #2948, #2168, #4521 ) ) ;
#4196 = AXIS2_PLACEMENT_3D ( 'NONE', #528, #2051, #3561 ) ;
#4197 = CARTESIAN_POINT ( 'NONE',  ( -4.000000000000000000, 0.000000000000000000, 0.5999999999999997558 ) ) ;
#4198 = ADVANCED_FACE ( 'NONE', ( #2373 ), #511, .F. ) ;
#4199 = DIRECTION ( 'NONE',  ( 0.000000000000000000, 0.000000000000000000, -1.000000000000000000 ) ) ;
#4200 = AXIS2_PLACEMENT_3D ( 'NONE', #1056, #4141, #1839 ) ;
#4201 = VERTEX_POINT ( 'NONE', #2448 ) ;
#4202 = DIRECTION ( 'NONE',  ( -1.000000000000000000, 0.000000000000000000, 0.000000000000000000 ) ) ;
#4203 = VECTOR ( 'NONE', #1054, 1000.000000000000000 ) ;
#4204 = EDGE_CURVE ( 'NONE', #553, #4108, #1635, .T. ) ;
#4205 = CARTESIAN_POINT ( 'NONE',  ( -2.000000000000000000, 0.2999999999999999889, 0.5999999999999997558 ) ) ;
#4206 = DIRECTION ( 'NONE',  ( 1.000000000000000000, 0.000000000000000000, -0.000000000000000000 ) ) ;
#4207 = PLANE ( 'NONE',  #1908 ) ;
#4208 = AXIS2_PLACEMENT_3D ( 'NONE', #4363, #1003, #2508 ) ;
#4209 = LINE ( 'NONE', #2646, #64 ) ;
#4210 = LINE ( 'NONE', #4467, #4755 ) ;
#4211 = AXIS2_PLACEMENT_3D ( 'NONE', #2501, #997, #3279 ) ;
#4212 = CARTESIAN_POINT ( 'NONE',  ( -2.000000000000000000, 0.2999999999999999889, 0.5999999999999997558 ) ) ;
#4213 = DIRECTION ( 'NONE',  ( -0.000000000000000000, -0.000000000000000000, 1.000000000000000000 ) ) ;
#4214 = FACE_OUTER_BOUND ( 'NONE', #4876, .T. ) ;
#4215 = FILL_AREA_STYLE ('',( #4186 ) ) ;
#4216 = ORIENTED_EDGE ( 'NONE', *, *, #2222, .T. ) ;
#4217 = VECTOR ( 'NONE', #1707, 1000.000000000000000 ) ;
#4218 = DIRECTION ( 'NONE',  ( 0.000000000000000000, 1.000000000000000000, 0.000000000000000000 ) ) ;
#4219 = ORIENTED_EDGE ( 'NONE', *, *, #2818, .T. ) ;
#4220 = CARTESIAN_POINT ( 'NONE',  ( -1.599999999999999867, 0.000000000000000000, -0.9999999999999988898 ) ) ;
#4221 = VERTEX_POINT ( 'NONE', #491 ) ;
#4222 = AXIS2_PLACEMENT_3D ( 'NONE', #2669, #763, #2275 ) ;
#4223 = CARTESIAN_POINT ( 'NONE',  ( -4.000000000000000000, 0.000000000000000000, -0.5999999999999987566 ) ) ;
#4224 = CARTESIAN_POINT ( 'NONE',  ( -2.399999999999998579, 0.000000000000000000, -0.9999999999999991118 ) ) ;
#4225 = ORIENTED_EDGE ( 'NONE', *, *, #1813, .F. ) ;
#4226 = CARTESIAN_POINT ( 'NONE',  ( 6.000000000000000000, 0.000000000000000000, 0.000000000000000000 ) ) ;
#4227 = DIRECTION ( 'NONE',  ( -1.000000000000000000, 0.000000000000000000, 0.000000000000000000 ) ) ;
#4228 = DIRECTION ( 'NONE',  ( -0.7071067811865474617, -0.000000000000000000, 0.7071067811865474617 ) ) ;
#4229 = CARTESIAN_POINT ( 'NONE',  ( -4.000000000000000000, 2.000000000000000000, -0.5999999999999987566 ) ) ;
#4230 = CARTESIAN_POINT ( 'NONE',  ( 6.000000000000000000, 0.2999999999999999889, 0.5999999999999997558 ) ) ;
#4231 =( NAMED_UNIT ( * ) PLANE_ANGLE_UNIT ( ) SI_UNIT ( $, .RADIAN. ) );
#4232 = FACE_OUTER_BOUND ( 'NONE', #1310, .T. ) ;
#4233 = CARTESIAN_POINT ( 'NONE',  ( 2.750000000000000000, 0.2999999999999999889, 0.2500000000000006106 ) ) ;
#4234 = VERTEX_POINT ( 'NONE', #1613 ) ;
#4235 = CLOSED_SHELL ( 'NONE', ( #2387, #1793, #3889, #71, #640, #3977, #3366, #3281, #3394, #2242, #2913, #2408, #3556, #3001, #250, #1640, #3771, #4924 ) ) ;
#4236 = ADVANCED_FACE ( 'NONE', ( #3520 ), #1706, .F. ) ;
#4237 = CARTESIAN_POINT ( 'NONE',  ( -1.250000000000000222, 2.000000000000000000, -0.2499999999999994171 ) ) ;
#4238 = ORIENTED_EDGE ( 'NONE', *, *, #4258, .F. ) ;
#4239 = EDGE_CURVE ( 'NONE', #2651, #146, #2083, .T. ) ;
#4240 = PRODUCT_CONTEXT ( 'NONE', #2038, 'mechanical' ) ;
#4241 = EDGE_CURVE ( 'NONE', #1740, #2046, #2747, .T. ) ;
#4242 = DIRECTION ( 'NONE',  ( 0.000000000000000000, 1.000000000000000000, 0.000000000000000000 ) ) ;
#4243 = EDGE_LOOP ( 'NONE', ( #3947, #195, #3776, #4446 ) ) ;
#4244 = AXIS2_PLACEMENT_3D ( 'NONE', #111, #4297, #883 ) ;
#4245 = DIRECTION ( 'NONE',  ( 0.000000000000000000, 1.000000000000000000, 0.000000000000000000 ) ) ;
#4246 = CARTESIAN_POINT ( 'NONE',  ( 3.600000000000000977, 0.000000000000000000, 1.000000000000001110 ) ) ;
#4247 = ORIENTED_EDGE ( 'NONE', *, *, #1334, .F. ) ;
#4248 = DIRECTION ( 'NONE',  ( -1.000000000000000000, 0.000000000000000000, -0.000000000000000000 ) ) ;
#4249 = CARTESIAN_POINT ( 'NONE',  ( 4.000000000000000888, 0.000000000000000000, 0.6000000000000005329 ) ) ;
#4250 = DIRECTION ( 'NONE',  ( 0.000000000000000000, 1.000000000000000000, 0.000000000000000000 ) ) ;
#4251 = DIRECTION ( 'NONE',  ( 7.228014483236698528E-16, -0.000000000000000000, 1.000000000000000000 ) ) ;
#4252 = PLANE ( 'NONE',  #1016 ) ;
#4253 = CARTESIAN_POINT ( 'NONE',  ( -2.750000000000000000, 2.000000000000000000, 0.2500000000000006106 ) ) ;
#4254 = CARTESIAN_POINT ( 'NONE',  ( -6.399999999999999467, 0.000000000000000000, 1.000000000000001110 ) ) ;
#4255 = EDGE_CURVE ( 'NONE', #3706, #2124, #1268, .T. ) ;
#4256 = ORIENTED_EDGE ( 'NONE', *, *, #3025, .F. ) ;
#4257 = FACE_OUTER_BOUND ( 'NONE', #4037, .T. ) ;
#4258 = EDGE_CURVE ( 'NONE', #232, #3973, #2395, .T. ) ;
#4259 = ORIENTED_EDGE ( 'NONE', *, *, #46, .T. ) ;
#4260 = AXIS2_PLACEMENT_3D ( 'NONE', #3816, #48, #4206 ) ;
#4261 = CARTESIAN_POINT ( 'NONE',  ( -2.399999999999998579, 0.000000000000000000, -0.9999999999999991118 ) ) ;
#4262 = ORIENTED_EDGE ( 'NONE', *, *, #4322, .T. ) ;
#4263 = VECTOR ( 'NONE', #3199, 1000.000000000000000 ) ;
#4264 = ADVANCED_FACE ( 'NONE', ( #198 ), #4762, .T. ) ;
#4265 = CARTESIAN_POINT ( 'NONE',  ( 4.000000000000000000, 2.000000000000000000, 0.000000000000000000 ) ) ;
#4266 = CARTESIAN_POINT ( 'NONE',  ( 6.000000000000000000, 0.000000000000000000, -0.5999999999999992006 ) ) ;
#4267 = VERTEX_POINT ( 'NONE', #3542 ) ;
#4268 = VECTOR ( 'NONE', #2459, 1000.000000000000000 ) ;
#4269 = VECTOR ( 'NONE', #2473, 1000.000000000000000 ) ;
#4270 = LINE ( 'NONE', #862, #2786 ) ;
#4271 = CARTESIAN_POINT ( 'NONE',  ( -4.750000000000000000, 0.2999999999999999889, 0.2500000000000006106 ) ) ;
#4272 = LINE ( 'NONE', #3531, #215 ) ;
#4273 = VECTOR ( 'NONE', #202, 1000.000000000000000 ) ;
#4274 = AXIS2_PLACEMENT_3D ( 'NONE', #1774, #4801, #3269 ) ;
#4275 = DIRECTION ( 'NONE',  ( 0.000000000000000000, -0.000000000000000000, 1.000000000000000000 ) ) ;
#4276 = PRESENTATION_LAYER_ASSIGNMENT (  '', '', ( #4673 ) ) ;
#4277 = CARTESIAN_POINT ( 'NONE',  ( 8.673617379884035472E-16, 0.000000000000000000, 0.6000000000000005329 ) ) ;
#4278 = CARTESIAN_POINT ( 'NONE',  ( -6.750000000000000000, 0.000000000000000000, -0.2499999999999994171 ) ) ;
#4279 = LINE ( 'NONE', #911, #3004 ) ;
#4280 = VERTEX_POINT ( 'NONE', #150 ) ;
#4281 = EDGE_LOOP ( 'NONE', ( #4742, #2681, #3260, #1815 ) ) ;
#4282 = MECHANICAL_DESIGN_GEOMETRIC_PRESENTATION_REPRESENTATION (  '', ( #532 ), #1575 ) ;
#4283 = PRESENTATION_LAYER_ASSIGNMENT (  '', '', ( #3874 ) ) ;
#4284 = ADVANCED_FACE ( 'NONE', ( #3169 ), #4329, .T. ) ;
#4285 = CARTESIAN_POINT ( 'NONE',  ( 4.000000000000000000, 0.000000000000000000, -0.5999999999999987566 ) ) ;
#4286 = ORIENTED_EDGE ( 'NONE', *, *, #479, .F. ) ;
#4287 = SHAPE_DEFINITION_REPRESENTATION ( #2466, #30 ) ;
#4288 = ORIENTED_EDGE ( 'NONE', *, *, #3549, .T. ) ;
#4289 = ADVANCED_FACE ( 'NONE', ( #2060 ), #2869, .T. ) ;
#4290 = DIRECTION ( 'NONE',  ( 0.7071067811865465735, 0.000000000000000000, 0.7071067811865484609 ) ) ;
#4291 = CARTESIAN_POINT ( 'NONE',  ( -6.750000000000000000, 2.000000000000000000, 0.2500000000000006106 ) ) ;
#4292 = ORIENTED_EDGE ( 'NONE', *, *, #1134, .F. ) ;
#4293 = FILL_AREA_STYLE_COLOUR ( '', #4189 ) ;
#4294 = EDGE_CURVE ( 'NONE', #2931, #1804, #3699, .T. ) ;
#4295 = ADVANCED_FACE ( 'NONE', ( #1099 ), #2602, .T. ) ;
#4296 = VECTOR ( 'NONE', #1830, 1000.000000000000000 ) ;
#4297 = DIRECTION ( 'NONE',  ( 1.807003620809171920E-16, -0.000000000000000000, 1.000000000000000000 ) ) ;
#4298 = DIRECTION ( 'NONE',  ( 0.000000000000000000, -0.000000000000000000, 1.000000000000000000 ) ) ;
#4299 = EDGE_CURVE ( 'NONE', #3574, #3521, #2160, .T. ) ;
#4300 = DIRECTION ( 'NONE',  ( 1.000000000000000000, 0.000000000000000000, -0.000000000000000000 ) ) ;
#4301 = DIRECTION ( 'NONE',  ( 1.000000000000000000, -0.000000000000000000, -0.000000000000000000 ) ) ;
#4302 = LINE ( 'NONE', #1651, #1642 ) ;
#4303 = DIRECTION ( 'NONE',  ( 0.000000000000000000, 1.000000000000000000, 0.000000000000000000 ) ) ;
#4304 = CARTESIAN_POINT ( 'NONE',  ( -8.000000000000000000, 0.000000000000000000, -0.5999999999999987566 ) ) ;
#4305 = ORIENTED_EDGE ( 'NONE', *, *, #1944, .T. ) ;
#4306 = EDGE_LOOP ( 'NONE', ( #2526, #3638, #2859, #3274 ) ) ;
#4307 = DIRECTION ( 'NONE',  ( 0.7071067811865472397, 0.000000000000000000, -0.7071067811865479058 ) ) ;
#4308 = FACE_OUTER_BOUND ( 'NONE', #2103, .T. ) ;
#4309 = VERTEX_POINT ( 'NONE', #2947 ) ;
#4310 = ORIENTED_EDGE ( 'NONE', *, *, #3025, .T. ) ;
#4311 = LINE ( 'NONE', #231, #4273 ) ;
#4312 =( NAMED_UNIT ( * ) PLANE_ANGLE_UNIT ( ) SI_UNIT ( $, .RADIAN. ) );
#4313 = EDGE_LOOP ( 'NONE', ( #1082, #3605, #3544, #4652 ) ) ;
#4314 = CARTESIAN_POINT ( 'NONE',  ( -8.000000000000000000, 0.000000000000000000, -0.5999999999999987566 ) ) ;
#4315 = AXIS2_PLACEMENT_3D ( 'NONE', #4226, #94, #2363 ) ;
#4316 = ADVANCED_FACE ( 'NONE', ( #275 ), #4135, .F. ) ;
#4317 = LINE ( 'NONE', #4697, #2394 ) ;
#4318 = CARTESIAN_POINT ( 'NONE',  ( -8.000000000000000000, 0.000000000000000000, 0.6000000000000009770 ) ) ;
#4319 = ORIENTED_EDGE ( 'NONE', *, *, #4561, .F. ) ;
#4320 = DIRECTION ( 'NONE',  ( 1.000000000000000000, 0.000000000000000000, -1.807003620809171920E-16 ) ) ;
#4321 = EDGE_CURVE ( 'NONE', #663, #3413, #2137, .T. ) ;
#4322 = EDGE_CURVE ( 'NONE', #3828, #1788, #4897, .T. ) ;
#4323 = DIRECTION ( 'NONE',  ( -0.7071067811865462405, -0.000000000000000000, -0.7071067811865489050 ) ) ;
#4324 = DIRECTION ( 'NONE',  ( 0.000000000000000000, 1.000000000000000000, 0.000000000000000000 ) ) ;
#4325 = LINE ( 'NONE', #1608, #596 ) ;
#4326 = DIRECTION ( 'NONE',  ( 1.000000000000000000, -0.000000000000000000, 0.000000000000000000 ) ) ;
#4327 = ORIENTED_EDGE ( 'NONE', *, *, #752, .F. ) ;
#4328 = ORIENTED_EDGE ( 'NONE', *, *, #1503, .F. ) ;
#4329 = PLANE ( 'NONE',  #2355 ) ;
#4330 = LINE ( 'NONE', #3193, #946 ) ;
#4331 = ORIENTED_EDGE ( 'NONE', *, *, #3653, .F. ) ;
#4332 = VERTEX_POINT ( 'NONE', #3306 ) ;
#4333 = CARTESIAN_POINT ( 'NONE',  ( -4.000000000000000000, 0.000000000000000000, -0.6000000000000004219 ) ) ;
#4334 = VERTEX_POINT ( 'NONE', #1424 ) ;
#4335 = CARTESIAN_POINT ( 'NONE',  ( -0.7499999999999997780, 0.000000000000000000, -0.2499999999999994171 ) ) ;
#4336 = VERTEX_POINT ( 'NONE', #2925 ) ;
#4337 = AXIS2_PLACEMENT_3D ( 'NONE', #3345, #4124, #709 ) ;
#4338 = EDGE_CURVE ( 'NONE', #3927, #583, #2500, .T. ) ;
#4339 = LINE ( 'NONE', #4825, #4639 ) ;
#4340 = AXIS2_PLACEMENT_3D ( 'NONE', #2637, #751, #1084 ) ;
#4341 = ORIENTED_EDGE ( 'NONE', *, *, #1552, .T. ) ;
#4342 = DIRECTION ( 'NONE',  ( 0.000000000000000000, -0.000000000000000000, 1.000000000000000000 ) ) ;
#4343 = ORIENTED_EDGE ( 'NONE', *, *, #401, .F. ) ;
#4344 = LINE ( 'NONE', #2366, #300 ) ;
#4345 = VECTOR ( 'NONE', #4555, 1000.000000000000000 ) ;
#4346 = EDGE_CURVE ( 'NONE', #1565, #577, #4464, .T. ) ;
#4347 = PRODUCT ( 'NRPN021PAEN-RC_N08', 'NRPN021PAEN-RC_N08', '', ( #4192 ) ) ;
#4348 = CARTESIAN_POINT ( 'NONE',  ( 0.2500000000000000000, 5.257099999999994999, -0.2500000000000000000 ) ) ;
#4349 = CARTESIAN_POINT ( 'NONE',  ( 6.750000000000000000, 2.000000000000000000, -0.2499999999999994171 ) ) ;
#4350 = DIRECTION ( 'NONE',  ( -0.000000000000000000, -0.000000000000000000, 1.000000000000000000 ) ) ;
#4351 = FACE_OUTER_BOUND ( 'NONE', #1459, .T. ) ;
#4352 = ORIENTED_EDGE ( 'NONE', *, *, #151, .F. ) ;
#4353 = EDGE_LOOP ( 'NONE', ( #2897, #1938, #392, #1351 ) ) ;
#4354 = VECTOR ( 'NONE', #4218, 1000.000000000000000 ) ;
#4355 = DIRECTION ( 'NONE',  ( 0.000000000000000000, -0.000000000000000000, 1.000000000000000000 ) ) ;
#4356 = AXIS2_PLACEMENT_3D ( 'NONE', #2577, #1395, #1761 ) ;
#4357 = LINE ( 'NONE', #2107, #450 ) ;
#4358 = DIRECTION ( 'NONE',  ( -0.000000000000000000, -0.000000000000000000, 1.000000000000000000 ) ) ;
#4359 = ORIENTED_EDGE ( 'NONE', *, *, #3149, .T. ) ;
#4360 = ORIENTED_EDGE ( 'NONE', *, *, #4455, .F. ) ;
#4361 = AXIS2_PLACEMENT_3D ( 'NONE', #3578, #1275, #3156 ) ;
#4362 = DIRECTION ( 'NONE',  ( -1.000000000000000000, 0.000000000000000000, 0.000000000000000000 ) ) ;
#4363 = CARTESIAN_POINT ( 'NONE',  ( 12.00000000000000000, 0.000000000000000000, 0.000000000000000000 ) ) ;
#4364 = ORIENTED_EDGE ( 'NONE', *, *, #1393, .F. ) ;
#4365 = CARTESIAN_POINT ( 'NONE',  ( 5.250000000000000000, 0.2999999999999999889, 0.2500000000000006106 ) ) ;
#4366 = VECTOR ( 'NONE', #2773, 1000.000000000000000 ) ;
#4367 = LINE ( 'NONE', #955, #1686 ) ;
#4368 = ORIENTED_EDGE ( 'NONE', *, *, #4759, .F. ) ;
#4369 = LINE ( 'NONE', #957, #2265 ) ;
#4370 = VERTEX_POINT ( 'NONE', #304 ) ;
#4371 = CARTESIAN_POINT ( 'NONE',  ( 8.000000000000000000, 0.2999999999999999889, -0.5999999999999992006 ) ) ;
#4372 = PLANE ( 'NONE',  #2988 ) ;
#4373 = DIRECTION ( 'NONE',  ( 1.000000000000000000, 0.000000000000000000, 0.000000000000000000 ) ) ;
#4374 = DIRECTION ( 'NONE',  ( 0.000000000000000000, 0.000000000000000000, 1.000000000000000000 ) ) ;
#4375 = FACE_OUTER_BOUND ( 'NONE', #2701, .T. ) ;
#4376 = ORIENTED_EDGE ( 'NONE', *, *, #2631, .F. ) ;
#4377 = ORIENTED_EDGE ( 'NONE', *, *, #1993, .F. ) ;
#4378 = VECTOR ( 'NONE', #1980, 1000.000000000000000 ) ;
#4379 = DIRECTION ( 'NONE',  ( -0.7071067811865475727, 0.000000000000000000, -0.7071067811865475727 ) ) ;
#4380 = FACE_OUTER_BOUND ( 'NONE', #3662, .T. ) ;
#4381 = DIRECTION ( 'NONE',  ( 0.7071067811865479058, -0.000000000000000000, 0.7071067811865472397 ) ) ;
#4382 = CARTESIAN_POINT ( 'NONE',  ( -4.000000000000000000, 0.2999999999999999889, -0.6000000000000004219 ) ) ;
#4383 = EDGE_LOOP ( 'NONE', ( #4292, #1713, #2951, #2884 ) ) ;
#4384 = EDGE_CURVE ( 'NONE', #423, #1740, #1448, .T. ) ;
#4385 = ORIENTED_EDGE ( 'NONE', *, *, #1727, .T. ) ;
#4386 = EDGE_CURVE ( 'NONE', #979, #4332, #2556, .T. ) ;
#4387 = EDGE_CURVE ( 'NONE', #1773, #297, #4409, .T. ) ;
#4388 = FACE_BOUND ( 'NONE', #1845, .T. ) ;
#4389 = VERTEX_POINT ( 'NONE', #4105 ) ;
#4390 = SURFACE_STYLE_FILL_AREA ( #3553 ) ;
#4391 = ORIENTED_EDGE ( 'NONE', *, *, #689, .F. ) ;
#4392 = FACE_BOUND ( 'NONE', #3317, .T. ) ;
#4393 = UNCERTAINTY_MEASURE_WITH_UNIT (LENGTH_MEASURE( 1.000000000000000082E-05 ), #2400, 'distance_accuracy_value', 'NONE');
#4394 = LINE ( 'NONE', #2514, #3282 ) ;
#4395 = EDGE_LOOP ( 'NONE', ( #4852, #561, #3568, #4082 ) ) ;
#4396 = DIRECTION ( 'NONE',  ( 0.000000000000000000, 0.000000000000000000, 1.000000000000000000 ) ) ;
#4397 = ORIENTED_EDGE ( 'NONE', *, *, #2347, .T. ) ;
#4398 = EDGE_CURVE ( 'NONE', #1050, #1133, #719, .T. ) ;
#4399 = CARTESIAN_POINT ( 'NONE',  ( -0.3999999999999984679, 0.000000000000000000, -0.9999999999999991118 ) ) ;
#4400 = CARTESIAN_POINT ( 'NONE',  ( -3.600000000000000089, 0.000000000000000000, -0.9999999999999988898 ) ) ;
#4401 = DIRECTION ( 'NONE',  ( 0.000000000000000000, 0.000000000000000000, 1.000000000000000000 ) ) ;
#4402 = DIRECTION ( 'NONE',  ( 0.000000000000000000, -0.000000000000000000, 1.000000000000000000 ) ) ;
#4403 = ORIENTED_EDGE ( 'NONE', *, *, #791, .T. ) ;
#4404 = ORIENTED_EDGE ( 'NONE', *, *, #2702, .T. ) ;
#4405 = DIRECTION ( 'NONE',  ( 0.000000000000000000, 1.000000000000000000, 0.000000000000000000 ) ) ;
#4406 = EDGE_CURVE ( 'NONE', #1454, #1508, #3728, .T. ) ;
#4407 = EDGE_CURVE ( 'NONE', #797, #3195, #227, .T. ) ;
#4408 = FACE_OUTER_BOUND ( 'NONE', #2605, .T. ) ;
#4409 = LINE ( 'NONE', #2530, #307 ) ;
#4410 = CARTESIAN_POINT ( 'NONE',  ( 1.250000000000000222, 2.000000000000000000, 0.2500000000000006106 ) ) ;
#4411 = ORIENTED_EDGE ( 'NONE', *, *, #1467, .F. ) ;
#4412 = VECTOR ( 'NONE', #1782, 1000.000000000000000 ) ;
#4413 = EDGE_CURVE ( 'NONE', #1788, #4580, #2183, .T. ) ;
#4414 = CARTESIAN_POINT ( 'NONE',  ( 2.750000000000000000, 0.2999999999999999889, -0.2499999999999994171 ) ) ;
#4415 = ORIENTED_EDGE ( 'NONE', *, *, #3545, .F. ) ;
#4416 = ORIENTED_EDGE ( 'NONE', *, *, #2639, .F. ) ;
#4417 = CARTESIAN_POINT ( 'NONE',  ( -7.250000000000000000, 0.2999999999999999889, -0.2499999999999994171 ) ) ;
#4418 = MANIFOLD_SOLID_BREP ( 'LPattern1[6]', #1760 ) ;
#4419 = VECTOR ( 'NONE', #2055, 1000.000000000000000 ) ;
#4420 = CARTESIAN_POINT ( 'NONE',  ( -3.250000000000000444, 2.000000000000000000, 0.2500000000000006106 ) ) ;
#4421 = ORIENTED_EDGE ( 'NONE', *, *, #4759, .T. ) ;
#4422 = DIRECTION ( 'NONE',  ( 0.000000000000000000, 1.000000000000000000, 0.000000000000000000 ) ) ;
#4423 = EDGE_LOOP ( 'NONE', ( #2489, #2313, #4114, #1456 ) ) ;
#4424 = STYLED_ITEM ( 'NONE', ( #785 ), #2745 ) ;
#4425 = VECTOR ( 'NONE', #285, 1000.000000000000114 ) ;
#4426 = DIRECTION ( 'NONE',  ( -1.000000000000000000, 0.000000000000000000, -0.000000000000000000 ) ) ;
#4427 = CARTESIAN_POINT ( 'NONE',  ( 0.2500000000000000000, 2.000000000000000000, -0.2500000000000000000 ) ) ;
#4428 = CARTESIAN_POINT ( 'NONE',  ( -5.600000000000000533, 2.000000000000000000, 1.000000000000001332 ) ) ;
#4429 = DIRECTION ( 'NONE',  ( 1.000000000000000000, -0.000000000000000000, -0.000000000000000000 ) ) ;
#4430 = ORIENTED_EDGE ( 'NONE', *, *, #1298, .T. ) ;
#4431 = ORIENTED_EDGE ( 'NONE', *, *, #2543, .F. ) ;
#4432 = DIRECTION ( 'NONE',  ( -1.000000000000000000, 0.000000000000000000, 0.000000000000000000 ) ) ;
#4433 = AXIS2_PLACEMENT_3D ( 'NONE', #1758, #4432, #1391 ) ;
#4434 = CARTESIAN_POINT ( 'NONE',  ( -4.000000000000000000, 0.000000000000000000, 0.6000000000000009770 ) ) ;
#4435 = VECTOR ( 'NONE', #3083, 1000.000000000000000 ) ;
#4436 = SURFACE_STYLE_FILL_AREA ( #2895 ) ;
#4437 = FILL_AREA_STYLE ('',( #305 ) ) ;
#4438 = ORIENTED_EDGE ( 'NONE', *, *, #1013, .F. ) ;
#4439 = VECTOR ( 'NONE', #2838, 1000.000000000000000 ) ;
#4440 = DIRECTION ( 'NONE',  ( 1.000000000000000000, 0.000000000000000000, -7.228014483236698528E-16 ) ) ;
#4441 = EDGE_LOOP ( 'NONE', ( #1322, #1572, #4331, #248 ) ) ;
#4442 = VECTOR ( 'NONE', #2250, 1000.000000000000000 ) ;
#4443 = FILL_AREA_STYLE ('',( #283 ) ) ;
#4444 = ORIENTED_EDGE ( 'NONE', *, *, #964, .F. ) ;
#4445 = CARTESIAN_POINT ( 'NONE',  ( -5.250000000000000000, 0.2999999999999999889, -0.2499999999999994171 ) ) ;
#4446 = ORIENTED_EDGE ( 'NONE', *, *, #3440, .F. ) ;
#4447 = AXIS2_PLACEMENT_3D ( 'NONE', #1841, #1570, #3123 ) ;
#4448 = PRESENTATION_LAYER_ASSIGNMENT (  '', '', ( #620 ) ) ;
#4449 = FACE_OUTER_BOUND ( 'NONE', #3600, .T. ) ;
#4450 = ORIENTED_EDGE ( 'NONE', *, *, #766, .T. ) ;
#4451 = LINE ( 'NONE', #2858, #4016 ) ;
#4452 = EDGE_CURVE ( 'NONE', #2711, #277, #4029, .T. ) ;
#4453 = CARTESIAN_POINT ( 'NONE',  ( -1.999999999999999112, 2.000000000000000000, 0.6000000000000005329 ) ) ;
#4454 = MANIFOLD_SOLID_BREP ( 'Cut-Extrude1', #4633 ) ;
#4455 = EDGE_CURVE ( 'NONE', #4460, #2985, #4630, .T. ) ;
#4456 = CARTESIAN_POINT ( 'NONE',  ( -8.000000000000000000, 2.000000000000000000, 0.6000000000000009770 ) ) ;
#4457 = DIRECTION ( 'NONE',  ( 0.000000000000000000, 1.000000000000000000, 0.000000000000000000 ) ) ;
#4458 = CARTESIAN_POINT ( 'NONE',  ( 0.2500000000000000000, -2.457099999999995177, 0.2500000000000000000 ) ) ;
#4459 = EDGE_LOOP ( 'NONE', ( #3872, #1126, #1175, #3905 ) ) ;
#4460 = VERTEX_POINT ( 'NONE', #3842 ) ;
#4461 = CARTESIAN_POINT ( 'NONE',  ( 2.000000000000000000, 0.000000000000000000, -0.5999999999999992006 ) ) ;
#4462 = AXIS2_PLACEMENT_3D ( 'NONE', #2132, #4402, #989 ) ;
#4463 = LINE ( 'NONE', #4761, #2255 ) ;
#4464 = LINE ( 'NONE', #1369, #4203 ) ;
#4465 = CARTESIAN_POINT ( 'NONE',  ( 0.1771143550033493219, -2.799999999999999822, 0.1771143550033493219 ) ) ;
#4466 = VERTEX_POINT ( 'NONE', #1216 ) ;
#4467 = CARTESIAN_POINT ( 'NONE',  ( 0.2500000000000000000, -2.457099999999995177, -0.2500000000000000000 ) ) ;
#4468 = ORIENTED_EDGE ( 'NONE', *, *, #2552, .T. ) ;
#4469 = DIRECTION ( 'NONE',  ( 1.000000000000000000, 0.000000000000000000, 0.000000000000000000 ) ) ;
#4470 = VERTEX_POINT ( 'NONE', #4919 ) ;
#4471 = DIRECTION ( 'NONE',  ( 1.000000000000000000, 0.000000000000000000, -1.807003620809171920E-16 ) ) ;
#4472 = EDGE_LOOP ( 'NONE', ( #1863, #434, #1655, #2550 ) ) ;
#4473 = EDGE_CURVE ( 'NONE', #4718, #1291, #3802, .T. ) ;
#4474 = CARTESIAN_POINT ( 'NONE',  ( -1.999999999999998224, 0.2999999999999999889, 0.5999999999999997558 ) ) ;
#4475 = ORIENTED_EDGE ( 'NONE', *, *, #3739, .F. ) ;
#4476 = ADVANCED_FACE ( 'NONE', ( #1494 ), #2699, .F. ) ;
#4477 = EDGE_CURVE ( 'NONE', #4843, #375, #4608, .T. ) ;
#4478 = FACE_OUTER_BOUND ( 'NONE', #3416, .T. ) ;
#4479 = DIRECTION ( 'NONE',  ( -7.228014483236698528E-16, -0.000000000000000000, -1.000000000000000000 ) ) ;
#4480 = DIRECTION ( 'NONE',  ( 0.000000000000000000, 1.000000000000000000, 0.000000000000000000 ) ) ;
#4481 = CARTESIAN_POINT ( 'NONE',  ( -6.000000000000000000, 2.000000000000000000, -0.5999999999999987566 ) ) ;
#4482 = ORIENTED_EDGE ( 'NONE', *, *, #2879, .T. ) ;
#4483 = CARTESIAN_POINT ( 'NONE',  ( 0.2500000000000000000, 2.000000000000000000, 0.2500000000000000000 ) ) ;
#4484 = VERTEX_POINT ( 'NONE', #2627 ) ;
#4485 = VECTOR ( 'NONE', #3930, 1000.000000000000000 ) ;
#4486 = ADVANCED_FACE ( 'NONE', ( #4159 ), #794, .F. ) ;
#4487 = DIRECTION ( 'NONE',  ( -1.000000000000000000, 0.000000000000000000, 0.000000000000000000 ) ) ;
#4488 = CARTESIAN_POINT ( 'NONE',  ( 2.000000000000000888, 0.000000000000000000, 0.6000000000000005329 ) ) ;
#4489 =( LENGTH_UNIT ( ) NAMED_UNIT ( * ) SI_UNIT ( .MILLI., .METRE. ) );
#4490 = ORIENTED_EDGE ( 'NONE', *, *, #79, .F. ) ;
#4491 = EDGE_CURVE ( 'NONE', #1133, #132, #1519, .T. ) ;
#4492 = FACE_OUTER_BOUND ( 'NONE', #544, .T. ) ;
#4493 = VERTEX_POINT ( 'NONE', #1953 ) ;
#4494 =( NAMED_UNIT ( * ) SI_UNIT ( $, .STERADIAN. ) SOLID_ANGLE_UNIT ( ) );
#4495 = ORIENTED_EDGE ( 'NONE', *, *, #4603, .F. ) ;
#4496 = CARTESIAN_POINT ( 'NONE',  ( -3.999999999999999112, 0.000000000000000000, -0.6000000000000004219 ) ) ;
#4497 = ORIENTED_EDGE ( 'NONE', *, *, #791, .F. ) ;
#4498 = PLANE ( 'NONE',  #1191 ) ;
#4499 = VERTEX_POINT ( 'NONE', #81 ) ;
#4500 = DIRECTION ( 'NONE',  ( -1.000000000000000000, -0.000000000000000000, 1.807003620809171920E-16 ) ) ;
#4501 = ADVANCED_FACE ( 'NONE', ( #415, #1930 ), #1675, .F. ) ;
#4502 = LINE ( 'NONE', #1090, #2169 ) ;
#4503 = FACE_OUTER_BOUND ( 'NONE', #1433, .T. ) ;
#4504 = LINE ( 'NONE', #2668, #4654 ) ;
#4505 = LINE ( 'NONE', #1093, #3968 ) ;
#4506 = DIRECTION ( 'NONE',  ( -1.807003620809171920E-16, 0.000000000000000000, -1.000000000000000000 ) ) ;
#4507 = EDGE_CURVE ( 'NONE', #396, #570, #485, .T. ) ;
#4508 = AXIS2_PLACEMENT_3D ( 'NONE', #1582, #75, #3890 ) ;
#4509 = ORIENTED_EDGE ( 'NONE', *, *, #1326, .T. ) ;
#4510 = CARTESIAN_POINT ( 'NONE',  ( 0.7499999999999997780, 0.2999999999999999889, 0.2500000000000006106 ) ) ;
#4511 = CARTESIAN_POINT ( 'NONE',  ( 5.250000000000000000, 0.000000000000000000, 0.2500000000000006106 ) ) ;
#4512 = FACE_OUTER_BOUND ( 'NONE', #1356, .T. ) ;
#4513 = ORIENTED_EDGE ( 'NONE', *, *, #799, .F. ) ;
#4514 = EDGE_CURVE ( 'NONE', #3300, #2452, #867, .T. ) ;
#4515 = VECTOR ( 'NONE', #3999, 1000.000000000000000 ) ;
#4516 = DIRECTION ( 'NONE',  ( -0.000000000000000000, -0.000000000000000000, 1.000000000000000000 ) ) ;
#4517 = VERTEX_POINT ( 'NONE', #1307 ) ;
#4518 = DIRECTION ( 'NONE',  ( 1.000000000000000000, 0.000000000000000000, 0.000000000000000000 ) ) ;
#4519 = ORIENTED_EDGE ( 'NONE', *, *, #3202, .F. ) ;
#4520 = CARTESIAN_POINT ( 'NONE',  ( 6.399999999999999467, 0.000000000000000000, 1.000000000000001332 ) ) ;
#4521 = ORIENTED_EDGE ( 'NONE', *, *, #2222, .F. ) ;
#4522 = VECTOR ( 'NONE', #4541, 1000.000000000000000 ) ;
#4523 = VECTOR ( 'NONE', #970, 1000.000000000000000 ) ;
#4524 = CARTESIAN_POINT ( 'NONE',  ( -7.600000000000000533, 0.000000000000000000, 1.000000000000001332 ) ) ;
#4525 = EDGE_LOOP ( 'NONE', ( #1502, #4403, #829, #2195 ) ) ;
#4526 = DIRECTION ( 'NONE',  ( 0.7071067811865472397, 0.000000000000000000, -0.7071067811865479058 ) ) ;
#4527 = FACE_OUTER_BOUND ( 'NONE', #153, .T. ) ;
#4528 = CARTESIAN_POINT ( 'NONE',  ( 0.2500000000000000000, 2.000000000000000000, -0.2500000000000000000 ) ) ;
#4529 = CARTESIAN_POINT ( 'NONE',  ( 0.000000000000000000, 0.2999999999999999889, 0.5999999999999997558 ) ) ;
#4530 = CARTESIAN_POINT ( 'NONE',  ( -3.250000000000000444, 2.000000000000000000, -0.2499999999999994171 ) ) ;
#4531 = CARTESIAN_POINT ( 'NONE',  ( 4.000000000000000000, 0.2999999999999999889, -0.6000000000000004219 ) ) ;
#4532 = ADVANCED_FACE ( 'NONE', ( #909 ), #3592, .T. ) ;
#4533 = VECTOR ( 'NONE', #3045, 1000.000000000000000 ) ;
#4534 = FACE_OUTER_BOUND ( 'NONE', #3406, .T. ) ;
#4535 = DIRECTION ( 'NONE',  ( 1.000000000000000000, 0.000000000000000000, -0.000000000000000000 ) ) ;
#4536 = LINE ( 'NONE', #1125, #3333 ) ;
#4537 = DIRECTION ( 'NONE',  ( -1.000000000000000000, 0.000000000000000000, 0.000000000000000000 ) ) ;
#4538 = VERTEX_POINT ( 'NONE', #4750 ) ;
#4539 = EDGE_CURVE ( 'NONE', #284, #2032, #1284, .T. ) ;
#4540 = EDGE_CURVE ( 'NONE', #4108, #1923, #3938, .T. ) ;
#4541 = DIRECTION ( 'NONE',  ( 0.000000000000000000, 0.000000000000000000, 1.000000000000000000 ) ) ;
#4542 = EDGE_LOOP ( 'NONE', ( #3342, #3421, #919, #3150 ) ) ;
#4543 = PRESENTATION_STYLE_ASSIGNMENT (( #1034 ) ) ;
#4544 = ORIENTED_EDGE ( 'NONE', *, *, #1600, .F. ) ;
#4545 = PLANE ( 'NONE',  #3057 ) ;
#4546 = ORIENTED_EDGE ( 'NONE', *, *, #1326, .F. ) ;
#4547 = EDGE_CURVE ( 'NONE', #1418, #841, #4723, .T. ) ;
#4548 = EDGE_CURVE ( 'NONE', #3189, #4517, #2765, .T. ) ;
#4549 = FACE_OUTER_BOUND ( 'NONE', #3206, .T. ) ;
#4550 = VERTEX_POINT ( 'NONE', #4349 ) ;
#4551 = CARTESIAN_POINT ( 'NONE',  ( 3.600000000000000977, 0.000000000000000000, 1.000000000000001110 ) ) ;
#4552 = DIRECTION ( 'NONE',  ( -1.000000000000000000, 0.000000000000000000, 0.000000000000000000 ) ) ;
#4553 = DIRECTION ( 'NONE',  ( 0.7071067811865465735, 0.000000000000000000, 0.7071067811865484609 ) ) ;
#4554 = PLANE ( 'NONE',  #4872 ) ;
#4555 = DIRECTION ( 'NONE',  ( 0.000000000000000000, 1.000000000000000000, 0.000000000000000000 ) ) ;
#4556 = EDGE_CURVE ( 'NONE', #1411, #649, #534, .T. ) ;
#4557 = DIRECTION ( 'NONE',  ( 0.7071067811865479058, -0.000000000000000000, 0.7071067811865472397 ) ) ;
#4558 = DIRECTION ( 'NONE',  ( 0.000000000000000000, 0.000000000000000000, 1.000000000000000000 ) ) ;
#4559 = DIRECTION ( 'NONE',  ( 0.7071067811865472397, 0.000000000000000000, -0.7071067811865479058 ) ) ;
#4560 = ORIENTED_EDGE ( 'NONE', *, *, #2609, .F. ) ;
#4561 = EDGE_CURVE ( 'NONE', #2427, #797, #1337, .T. ) ;
#4562 = CARTESIAN_POINT ( 'NONE',  ( -3.250000000000000444, 0.000000000000000000, 0.2500000000000006106 ) ) ;
#4563 = ORIENTED_EDGE ( 'NONE', *, *, #2091, .F. ) ;
#4564 = VERTEX_POINT ( 'NONE', #3186 ) ;
#4565 = CARTESIAN_POINT ( 'NONE',  ( 3.600000000000000977, 2.000000000000000000, 1.000000000000001110 ) ) ;
#4566 = ORIENTED_EDGE ( 'NONE', *, *, #3653, .T. ) ;
#4567 = ADVANCED_FACE ( 'NONE', ( #167 ), #3514, .T. ) ;
#4568 = LINE ( 'NONE', #473, #2590 ) ;
#4569 = CARTESIAN_POINT ( 'NONE',  ( 5.250000000000000000, 2.000000000000000000, 0.2500000000000006106 ) ) ;
#4570 = ORIENTED_EDGE ( 'NONE', *, *, #1103, .F. ) ;
#4571 = CARTESIAN_POINT ( 'NONE',  ( 3.600000000000001421, 0.000000000000000000, -0.9999999999999991118 ) ) ;
#4572 = VECTOR ( 'NONE', #4787, 1000.000000000000000 ) ;
#4573 = DIRECTION ( 'NONE',  ( 0.7071067811865472397, 0.000000000000000000, -0.7071067811865479058 ) ) ;
#4574 = CARTESIAN_POINT ( 'NONE',  ( 2.000000000000000000, 0.2999999999999999889, -0.6000000000000004219 ) ) ;
#4575 = CARTESIAN_POINT ( 'NONE',  ( -7.250000000000000000, 0.000000000000000000, -0.2499999999999994171 ) ) ;
#4576 = FACE_OUTER_BOUND ( 'NONE', #3418, .T. ) ;
#4577 = LINE ( 'NONE', #4230, #3901 ) ;
#4578 = DIRECTION ( 'NONE',  ( 0.000000000000000000, 0.000000000000000000, 1.000000000000000000 ) ) ;
#4579 = DIRECTION ( 'NONE',  ( 0.000000000000000000, 0.000000000000000000, 1.000000000000000000 ) ) ;
#4580 = VERTEX_POINT ( 'NONE', #2054 ) ;
#4581 = VECTOR ( 'NONE', #4860, 1000.000000000000000 ) ;
#4582 = VECTOR ( 'NONE', #3757, 1000.000000000000000 ) ;
#4583 = DIRECTION ( 'NONE',  ( 0.000000000000000000, 0.000000000000000000, 1.000000000000000000 ) ) ;
#4584 = VERTEX_POINT ( 'NONE', #2788 ) ;
#4585 = CARTESIAN_POINT ( 'NONE',  ( 5.250000000000000000, 0.000000000000000000, 0.2500000000000006106 ) ) ;
#4586 = EDGE_LOOP ( 'NONE', ( #2480, #492, #4310, #2218, #3340 ) ) ;
#4587 = VECTOR ( 'NONE', #189, 1000.000000000000000 ) ;
#4588 = PRODUCT_RELATED_PRODUCT_CATEGORY ( 'part', '', ( #4748 ) ) ;
#4589 = VECTOR ( 'NONE', #2052, 1000.000000000000000 ) ;
#4590 = LINE ( 'NONE', #1940, #3710 ) ;
#4591 = CARTESIAN_POINT ( 'NONE',  ( 6.000000000000000000, 0.000000000000000000, -0.5999999999999992006 ) ) ;
#4592 = AXIS2_PLACEMENT_3D ( 'NONE', #1568, #466, #2349 ) ;
#4593 = ORIENTED_EDGE ( 'NONE', *, *, #1736, .F. ) ;
#4594 = DIRECTION ( 'NONE',  ( -1.000000000000000000, -0.000000000000000000, 1.807003620809171920E-16 ) ) ;
#4595 =( REPRESENTATION_RELATIONSHIP ('NONE','NONE', #3532, #30 ) REPRESENTATION_RELATIONSHIP_WITH_TRANSFORMATION ( #3849 )SHAPE_REPRESENTATION_RELATIONSHIP( ) );
#4596 = VECTOR ( 'NONE', #3278, 1000.000000000000000 ) ;
#4597 = FACE_OUTER_BOUND ( 'NONE', #4281, .T. ) ;
#4598 = EDGE_CURVE ( 'NONE', #1010, #570, #3564, .T. ) ;
#4599 = PLANE ( 'NONE',  #3132 ) ;
#4600 = FACE_OUTER_BOUND ( 'NONE', #4586, .T. ) ;
#4601 = DIRECTION ( 'NONE',  ( -0.000000000000000000, 1.000000000000000000, 0.000000000000000000 ) ) ;
#4602 = PRESENTATION_LAYER_ASSIGNMENT (  '', '', ( #3952 ) ) ;
#4603 = EDGE_CURVE ( 'NONE', #1870, #2209, #3969, .T. ) ;
#4604 = AXIS2_PLACEMENT_3D ( 'NONE', #700, #3362, #2561 ) ;
#4605 = ADVANCED_FACE ( 'NONE', ( #3164 ), #558, .F. ) ;
#4606 = VECTOR ( 'NONE', #1370, 1000.000000000000000 ) ;
#4607 = ORIENTED_EDGE ( 'NONE', *, *, #1746, .F. ) ;
#4608 = LINE ( 'NONE', #435, #3395 ) ;
#4609 = LINE ( 'NONE', #1543, #3093 ) ;
#4610 = DIRECTION ( 'NONE',  ( 0.7071067811865479058, -0.000000000000000000, 0.7071067811865472397 ) ) ;
#4611 = EDGE_LOOP ( 'NONE', ( #1916, #717, #329, #592 ) ) ;
#4612 = EDGE_CURVE ( 'NONE', #3950, #1614, #3869, .T. ) ;
#4613 = CARTESIAN_POINT ( 'NONE',  ( 4.400000000000000355, 0.000000000000000000, -0.9999999999999988898 ) ) ;
#4614 = EDGE_LOOP ( 'NONE', ( #1933, #637, #88, #2636 ) ) ;
#4615 = CONTEXT_DEPENDENT_SHAPE_REPRESENTATION ( #3981, #1484 ) ;
#4616 = CARTESIAN_POINT ( 'NONE',  ( 0.2500000000000000000, 2.000000000000000000, 0.2500000000000000000 ) ) ;
#4617 = ORIENTED_EDGE ( 'NONE', *, *, #4612, .T. ) ;
#4618 = LINE ( 'NONE', #2729, #1009 ) ;
#4619 = LINE ( 'NONE', #199, #4217 ) ;
#4620 = DIRECTION ( 'NONE',  ( -0.000000000000000000, -0.000000000000000000, 1.000000000000000000 ) ) ;
#4621 = ORIENTED_EDGE ( 'NONE', *, *, #4255, .F. ) ;
#4622 = VECTOR ( 'NONE', #1495, 1000.000000000000000 ) ;
#4623 = EDGE_CURVE ( 'NONE', #3201, #310, #4302, .T. ) ;
#4624 = CARTESIAN_POINT ( 'NONE',  ( -3.600000000000000089, 2.000000000000000000, -0.9999999999999988898 ) ) ;
#4625 = CARTESIAN_POINT ( 'NONE',  ( -6.000000000000000000, 0.2999999999999999889, -0.6000000000000004219 ) ) ;
#4626 = CARTESIAN_POINT ( 'NONE',  ( -6.000000000000000000, 0.2999999999999999889, 0.5999999999999997558 ) ) ;
#4627 = CARTESIAN_POINT ( 'NONE',  ( -0.2500000000000000000, 2.000000000000000000, -0.2500000000000000000 ) ) ;
#4628 = EDGE_CURVE ( 'NONE', #570, #873, #2389, .T. ) ;
#4629 = DIRECTION ( 'NONE',  ( 0.000000000000000000, 1.000000000000000000, 0.000000000000000000 ) ) ;
#4630 = LINE ( 'NONE', #3070, #2425 ) ;
#4631 = CARTESIAN_POINT ( 'NONE',  ( 6.750000000000000000, 0.000000000000000000, 0.2500000000000006106 ) ) ;
#4632 = EDGE_LOOP ( 'NONE', ( #346, #1882, #4871, #2354 ) ) ;
#4633 = CLOSED_SHELL ( 'NONE', ( #1281, #1156, #3087, #4264, #3492, #4688, #2938, #1826, #4006, #3486, #3182, #2481, #4486, #3370, #1591, #3766, #1909, #1224 ) ) ;
#4634 = EDGE_CURVE ( 'NONE', #3035, #2662, #4891, .T. ) ;
#4635 = CARTESIAN_POINT ( 'NONE',  ( 2.399999999999999467, 2.000000000000000000, 1.000000000000001332 ) ) ;
#4636 = ORIENTED_EDGE ( 'NONE', *, *, #3003, .T. ) ;
#4637 = CARTESIAN_POINT ( 'NONE',  ( 6.000000000000000888, 0.000000000000000000, 0.5999999999999997558 ) ) ;
#4638 = ORIENTED_EDGE ( 'NONE', *, *, #2326, .T. ) ;
#4639 = VECTOR ( 'NONE', #1720, 1000.000000000000000 ) ;
#4640 = DIRECTION ( 'NONE',  ( 1.000000000000000000, 0.000000000000000000, -1.807003620809171920E-16 ) ) ;
#4641 = DIRECTION ( 'NONE',  ( 0.7071067811865465735, 0.000000000000000000, 0.7071067811865484609 ) ) ;
#4642 = ORIENTED_EDGE ( 'NONE', *, *, #2609, .T. ) ;
#4643 = VECTOR ( 'NONE', #4480, 1000.000000000000000 ) ;
#4644 = CARTESIAN_POINT ( 'NONE',  ( -1.250000000000000222, 0.000000000000000000, -0.2499999999999994171 ) ) ;
#4645 = CARTESIAN_POINT ( 'NONE',  ( 6.000000000000000000, 2.000000000000000000, -0.5999999999999987566 ) ) ;
#4646 = CARTESIAN_POINT ( 'NONE',  ( 4.399999999999999467, 0.000000000000000000, 1.000000000000001332 ) ) ;
#4647 = EDGE_CURVE ( 'NONE', #3413, #1658, #2491, .T. ) ;
#4648 = DIRECTION ( 'NONE',  ( 1.000000000000000000, 0.000000000000000000, -1.807003620809171920E-16 ) ) ;
#4649 = DIRECTION ( 'NONE',  ( 0.000000000000000000, -0.000000000000000000, 1.000000000000000000 ) ) ;
#4650 = PLANE ( 'NONE',  #441 ) ;
#4651 = CARTESIAN_POINT ( 'NONE',  ( -5.999999999999998224, 0.2999999999999999889, 0.5999999999999997558 ) ) ;
#4652 = ORIENTED_EDGE ( 'NONE', *, *, #4473, .F. ) ;
#4653 = ORIENTED_EDGE ( 'NONE', *, *, #4758, .F. ) ;
#4654 = VECTOR ( 'NONE', #1167, 1000.000000000000000 ) ;
#4655 = EDGE_CURVE ( 'NONE', #2116, #4484, #606, .T. ) ;
#4656 = DIRECTION ( 'NONE',  ( -1.000000000000000000, 0.000000000000000000, 0.000000000000000000 ) ) ;
#4657 = ORIENTED_EDGE ( 'NONE', *, *, #482, .T. ) ;
#4658 = ADVANCED_FACE ( 'NONE', ( #2152 ), #961, .T. ) ;
#4659 = APPLICATION_PROTOCOL_DEFINITION ( 'draft international standard', 'automotive_design', 1998, #3111 ) ;
#4660 = VECTOR ( 'NONE', #2405, 1000.000000000000000 ) ;
#4661 = VERTEX_POINT ( 'NONE', #1386 ) ;
#4662 = AXIS2_PLACEMENT_3D ( 'NONE', #2361, #3465, #2402 ) ;
#4663 = EDGE_CURVE ( 'NONE', #3737, #3878, #1361, .T. ) ;
#4664 = CARTESIAN_POINT ( 'NONE',  ( -0.7499999999999997780, 0.000000000000000000, 0.2500000000000006106 ) ) ;
#4665 = DIRECTION ( 'NONE',  ( -1.807003620809171920E-16, 0.000000000000000000, -1.000000000000000000 ) ) ;
#4666 = VERTEX_POINT ( 'NONE', #1775 ) ;
#4667 =( LENGTH_UNIT ( ) NAMED_UNIT ( * ) SI_UNIT ( .MILLI., .METRE. ) );
#4668 = VECTOR ( 'NONE', #3589, 1000.000000000000000 ) ;
#4669 = VECTOR ( 'NONE', #2237, 1000.000000000000000 ) ;
#4670 = CARTESIAN_POINT ( 'NONE',  ( 0.000000000000000000, 0.2999999999999999889, 0.5999999999999997558 ) ) ;
#4671 = DIRECTION ( 'NONE',  ( -1.807003620809171920E-16, 0.000000000000000000, -1.000000000000000000 ) ) ;
#4672 = CARTESIAN_POINT ( 'NONE',  ( 0.000000000000000000, 0.000000000000000000, 0.000000000000000000 ) ) ;
#4673 = STYLED_ITEM ( 'NONE', ( #32 ), #4418 ) ;
#4674 = CARTESIAN_POINT ( 'NONE',  ( 6.000000000000000000, 0.000000000000000000, 0.6000000000000009770 ) ) ;
#4675 = VECTOR ( 'NONE', #1800, 1000.000000000000000 ) ;
#4676 = DIRECTION ( 'NONE',  ( 7.228014483236698528E-16, -0.000000000000000000, 1.000000000000000000 ) ) ;
#4677 = DIRECTION ( 'NONE',  ( -0.7071067811865484609, 0.000000000000000000, 0.7071067811865465735 ) ) ;
#4678 = FACE_BOUND ( 'NONE', #1959, .T. ) ;
#4679 = VERTEX_POINT ( 'NONE', #3297 ) ;
#4680 = ORIENTED_EDGE ( 'NONE', *, *, #2836, .T. ) ;
#4681 = VECTOR ( 'NONE', #2268, 1000.000000000000000 ) ;
#4682 = AXIS2_PLACEMENT_3D ( 'NONE', #3339, #1403, #4086 ) ;
#4683 = VECTOR ( 'NONE', #1762, 1000.000000000000000 ) ;
#4684 = LINE ( 'NONE', #1346, #854 ) ;
#4685 = ORIENTED_EDGE ( 'NONE', *, *, #4786, .T. ) ;
#4686 = VERTEX_POINT ( 'NONE', #4427 ) ;
#4687 = EDGE_CURVE ( 'NONE', #3814, #1773, #4832, .T. ) ;
#4688 = ADVANCED_FACE ( 'NONE', ( #2887 ), #3994, .T. ) ;
#4689 = AXIS2_PLACEMENT_3D ( 'NONE', #1286, #1309, #3594 ) ;
#4690 = DIRECTION ( 'NONE',  ( -0.7071067811865474617, -0.000000000000000000, 0.7071067811865474617 ) ) ;
#4691 = ORIENTED_EDGE ( 'NONE', *, *, #1313, .T. ) ;
#4692 = CARTESIAN_POINT ( 'NONE',  ( -0.3999999999999993006, 2.000000000000000000, 1.000000000000001110 ) ) ;
#4693 = EDGE_CURVE ( 'NONE', #4034, #1867, #2130, .T. ) ;
#4694 = EDGE_CURVE ( 'NONE', #1041, #1454, #4095, .T. ) ;
#4695 = VECTOR ( 'NONE', #1143, 1000.000000000000000 ) ;
#4696 = VECTOR ( 'NONE', #2205, 1000.000000000000000 ) ;
#4697 = CARTESIAN_POINT ( 'NONE',  ( 3.600000000000001421, 2.000000000000000000, -0.9999999999999991118 ) ) ;
#4698 = LINE ( 'NONE', #2017, #1786 ) ;
#4699 = CARTESIAN_POINT ( 'NONE',  ( 4.000000000000000000, 0.2999999999999999889, 0.5999999999999997558 ) ) ;
#4700 = CARTESIAN_POINT ( 'NONE',  ( 3.600000000000001421, 0.000000000000000000, -0.9999999999999991118 ) ) ;
#4701 = DIRECTION ( 'NONE',  ( 1.000000000000000000, -0.000000000000000000, -0.000000000000000000 ) ) ;
#4702 = CARTESIAN_POINT ( 'NONE',  ( 1.250000000000000222, 2.000000000000000000, 0.2500000000000006106 ) ) ;
#4703 = DIRECTION ( 'NONE',  ( -0.000000000000000000, 1.000000000000000000, 0.000000000000000000 ) ) ;
#4704 = ORIENTED_EDGE ( 'NONE', *, *, #2246, .F. ) ;
#4705 = VERTEX_POINT ( 'NONE', #4456 ) ;
#4706 = DIRECTION ( 'NONE',  ( 0.000000000000000000, 0.000000000000000000, -1.000000000000000000 ) ) ;
#4707 = DIRECTION ( 'NONE',  ( -0.000000000000000000, -0.000000000000000000, 1.000000000000000000 ) ) ;
#4708 = VERTEX_POINT ( 'NONE', #3671 ) ;
#4709 = EDGE_LOOP ( 'NONE', ( #2487, #2891, #328, #2161 ) ) ;
#4710 = EDGE_CURVE ( 'NONE', #3650, #1136, #3617, .T. ) ;
#4711 = VECTOR ( 'NONE', #4049, 1000.000000000000000 ) ;
#4712 = DIRECTION ( 'NONE',  ( -0.7071067811865461294, 0.000000000000000000, -0.7071067811865489050 ) ) ;
#4713 = CARTESIAN_POINT ( 'NONE',  ( 0.000000000000000000, 0.000000000000000000, 0.000000000000000000 ) ) ;
#4714 = VERTEX_POINT ( 'NONE', #2099 ) ;
#4715 = FACE_OUTER_BOUND ( 'NONE', #377, .T. ) ;
#4716 = EDGE_CURVE ( 'NONE', #4108, #2931, #4779, .T. ) ;
#4717 = CARTESIAN_POINT ( 'NONE',  ( 6.000000000000000000, 0.2999999999999999889, -0.6000000000000004219 ) ) ;
#4718 = VERTEX_POINT ( 'NONE', #3721 ) ;
#4719 = PLANE ( 'NONE',  #3460 ) ;
#4720 = ORIENTED_EDGE ( 'NONE', *, *, #3652, .T. ) ;
#4721 = CARTESIAN_POINT ( 'NONE',  ( 5.600000000000000533, 0.000000000000000000, 1.000000000000001110 ) ) ;
#4722 = LINE ( 'NONE', #461, #3229 ) ;
#4723 = LINE ( 'NONE', #1978, #3868 ) ;
#4724 = LINE ( 'NONE', #3187, #2112 ) ;
#4725 = PLANE ( 'NONE',  #3092 ) ;
#4726 = VERTEX_POINT ( 'NONE', #1730 ) ;
#4727 = VERTEX_POINT ( 'NONE', #317 ) ;
#4728 = CARTESIAN_POINT ( 'NONE',  ( 7.250000000000000000, 0.2999999999999999889, 0.2500000000000006106 ) ) ;
#4729 = DIRECTION ( 'NONE',  ( 0.000000000000000000, 0.000000000000000000, 1.000000000000000000 ) ) ;
#4730 = LINE ( 'NONE', #1315, #1193 ) ;
#4731 = ORIENTED_EDGE ( 'NONE', *, *, #4398, .T. ) ;
#4732 = EDGE_LOOP ( 'NONE', ( #727, #2013, #2300, #1771, #1743 ) ) ;
#4733 = CARTESIAN_POINT ( 'NONE',  ( 12.00000000000000000, 0.000000000000000000, 0.000000000000000000 ) ) ;
#4734 = SHAPE_REPRESENTATION_RELATIONSHIP ( 'NONE' , 'NONE' ,  #652, #2971 ) ;
#4735 = ORIENTED_EDGE ( 'NONE', *, *, #1667, .T. ) ;
#4736 = CARTESIAN_POINT ( 'NONE',  ( 6.400000000000000355, 0.000000000000000000, -0.9999999999999988898 ) ) ;
#4737 = EDGE_CURVE ( 'NONE', #4666, #2711, #2546, .T. ) ;
#4738 = VECTOR ( 'NONE', #2204, 1000.000000000000000 ) ;
#4739 = VECTOR ( 'NONE', #1954, 1000.000000000000000 ) ;
#4740 = CARTESIAN_POINT ( 'NONE',  ( -4.750000000000000000, 2.000000000000000000, 0.2500000000000006106 ) ) ;
#4741 =( GEOMETRIC_REPRESENTATION_CONTEXT ( 3 ) GLOBAL_UNCERTAINTY_ASSIGNED_CONTEXT ( ( #494 ) ) GLOBAL_UNIT_ASSIGNED_CONTEXT ( ( #1277, #3485, #3884 ) ) REPRESENTATION_CONTEXT ( 'NONE', 'WORKASPACE' ) );
#4742 = ORIENTED_EDGE ( 'NONE', *, *, #3879, .T. ) ;
#4743 = CARTESIAN_POINT ( 'NONE',  ( -0.2500000000000000000, 2.000000000000000000, -0.2500000000000000000 ) ) ;
#4744 = ORIENTED_EDGE ( 'NONE', *, *, #1367, .T. ) ;
#4745 = FACE_OUTER_BOUND ( 'NONE', #896, .T. ) ;
#4746 = VECTOR ( 'NONE', #389, 1000.000000000000000 ) ;
#4747 = EDGE_CURVE ( 'NONE', #1041, #4193, #1753, .T. ) ;
#4748 = PRODUCT ( 'Pin - Gold', 'Pin - Gold', '', ( #3781 ) ) ;
#4749 = DIRECTION ( 'NONE',  ( 0.7071067811865465735, 0.000000000000000000, 0.7071067811865484609 ) ) ;
#4750 = CARTESIAN_POINT ( 'NONE',  ( -2.000000000000000000, 0.000000000000000000, -0.5999999999999987566 ) ) ;
#4751 = CARTESIAN_POINT ( 'NONE',  ( 0.000000000000000000, 2.000000000000000000, -0.5999999999999987566 ) ) ;
#4752 = CARTESIAN_POINT ( 'NONE',  ( 0.000000000000000000, 0.000000000000000000, 0.000000000000000000 ) ) ;
#4753 = ORIENTED_EDGE ( 'NONE', *, *, #3207, .T. ) ;
#4754 = ORIENTED_EDGE ( 'NONE', *, *, #2310, .F. ) ;
#4755 = VECTOR ( 'NONE', #3360, 1000.000000000000000 ) ;
#4756 = CARTESIAN_POINT ( 'NONE',  ( 2.000000000000000000, 0.000000000000000000, -0.5999999999999987566 ) ) ;
#4757 =( REPRESENTATION_RELATIONSHIP ('NONE','NONE', #3532, #30 ) REPRESENTATION_RELATIONSHIP_WITH_TRANSFORMATION ( #3415 )SHAPE_REPRESENTATION_RELATIONSHIP( ) );
#4758 = EDGE_CURVE ( 'NONE', #4538, #4843, #4070, .T. ) ;
#4759 = EDGE_CURVE ( 'NONE', #3878, #2401, #3691, .T. ) ;
#4760 = AXIS2_PLACEMENT_3D ( 'NONE', #1783, #2213, #4841 ) ;
#4761 = CARTESIAN_POINT ( 'NONE',  ( -4.000000000000000000, 0.2999999999999999889, -0.6000000000000004219 ) ) ;
#4762 = PLANE ( 'NONE',  #2909 ) ;
#4763 = CARTESIAN_POINT ( 'NONE',  ( 6.000000000000000000, 2.000000000000000000, 0.6000000000000009770 ) ) ;
#4764 = ORIENTED_EDGE ( 'NONE', *, *, #4628, .T. ) ;
#4765 = ORIENTED_EDGE ( 'NONE', *, *, #1816, .T. ) ;
#4766 = LINE ( 'NONE', #977, #1015 ) ;
#4767 = ORIENTED_EDGE ( 'NONE', *, *, #4140, .F. ) ;
#4768 = FACE_OUTER_BOUND ( 'NONE', #3782, .T. ) ;
#4769 = EDGE_LOOP ( 'NONE', ( #4818, #538, #4100, #1402 ) ) ;
#4770 = LINE ( 'NONE', #1354, #365 ) ;
#4771 =( GEOMETRIC_REPRESENTATION_CONTEXT ( 3 ) GLOBAL_UNCERTAINTY_ASSIGNED_CONTEXT ( ( #3127 ) ) GLOBAL_UNIT_ASSIGNED_CONTEXT ( ( #3097, #1200, #2281 ) ) REPRESENTATION_CONTEXT ( 'NONE', 'WORKASPACE' ) );
#4772 = EDGE_CURVE ( 'NONE', #3384, #675, #3325, .T. ) ;
#4773 = DIRECTION ( 'NONE',  ( -0.2035585949527762561, 0.9576678948579737671, -0.2035585949527762561 ) ) ;
#4774 = VERTEX_POINT ( 'NONE', #682 ) ;
#4775 = CARTESIAN_POINT ( 'NONE',  ( -0.2500000000000000000, 5.599999999999999645, -0.2500000000000000000 ) ) ;
#4776 = ORIENTED_EDGE ( 'NONE', *, *, #548, .F. ) ;
#4777 = EDGE_CURVE ( 'NONE', #553, #670, #2203, .T. ) ;
#4778 = PLANE ( 'NONE',  #3711 ) ;
#4779 = LINE ( 'NONE', #1047, #3873 ) ;
#4780 = CARTESIAN_POINT ( 'NONE',  ( -8.000000000000000000, 0.2999999999999999889, -0.6000000000000004219 ) ) ;
#4781 = PLANE ( 'NONE',  #1517 ) ;
#4782 = ORIENTED_EDGE ( 'NONE', *, *, #3911, .F. ) ;
#4783 = ORIENTED_EDGE ( 'NONE', *, *, #429, .T. ) ;
#4784 = PLANE ( 'NONE',  #4433 ) ;
#4785 = EDGE_CURVE ( 'NONE', #4332, #489, #451, .T. ) ;
#4786 = EDGE_CURVE ( 'NONE', #3950, #2562, #475, .T. ) ;
#4787 = DIRECTION ( 'NONE',  ( -0.000000000000000000, -0.000000000000000000, 1.000000000000000000 ) ) ;
#4788 = DIRECTION ( 'NONE',  ( -0.000000000000000000, -1.000000000000000000, -0.000000000000000000 ) ) ;
#4789 = SURFACE_SIDE_STYLE ('',( #3729 ) ) ;
#4790 = VERTEX_POINT ( 'NONE', #4528 ) ;
#4791 = EDGE_CURVE ( 'NONE', #1565, #1636, #1968, .T. ) ;
#4792 = DIRECTION ( 'NONE',  ( 0.000000000000000000, 0.000000000000000000, 1.000000000000000000 ) ) ;
#4793 = ORIENTED_EDGE ( 'NONE', *, *, #3061, .T. ) ;
#4794 = ORIENTED_EDGE ( 'NONE', *, *, #335, .F. ) ;
#4795 = DIRECTION ( 'NONE',  ( 0.000000000000000000, 1.000000000000000000, 0.000000000000000000 ) ) ;
#4796 = VECTOR ( 'NONE', #3801, 1000.000000000000000 ) ;
#4797 = LINE ( 'NONE', #3585, #3680 ) ;
#4798 = VERTEX_POINT ( 'NONE', #1117 ) ;
#4799 = CARTESIAN_POINT ( 'NONE',  ( 14.00000000000000000, 0.000000000000000000, 0.000000000000000000 ) ) ;
#4800 = ORIENTED_EDGE ( 'NONE', *, *, #1697, .F. ) ;
#4801 = DIRECTION ( 'NONE',  ( -1.000000000000000000, 0.000000000000000000, 0.000000000000000000 ) ) ;
#4802 = DIRECTION ( 'NONE',  ( 0.000000000000000000, 1.000000000000000000, 0.000000000000000000 ) ) ;
#4803 = LINE ( 'NONE', #2941, #4643 ) ;
#4804 = DIRECTION ( 'NONE',  ( -0.000000000000000000, 0.000000000000000000, -1.000000000000000000 ) ) ;
#4805 = EDGE_CURVE ( 'NONE', #2046, #1474, #108, .T. ) ;
#4806 = ORIENTED_EDGE ( 'NONE', *, *, #1103, .T. ) ;
#4807 = ORIENTED_EDGE ( 'NONE', *, *, #971, .T. ) ;
#4808 = CARTESIAN_POINT ( 'NONE',  ( -8.000000000000000000, 0.000000000000000000, 0.5999999999999997558 ) ) ;
#4809 = VECTOR ( 'NONE', #2100, 1000.000000000000000 ) ;
#4810 = CARTESIAN_POINT ( 'NONE',  ( 2.399999999999999467, 0.000000000000000000, 1.000000000000001332 ) ) ;
#4811 = FILL_AREA_STYLE_COLOUR ( '', #529 ) ;
#4812 = ADVANCED_FACE ( 'NONE', ( #4503 ), #3483, .T. ) ;
#4813 = SURFACE_STYLE_USAGE ( .BOTH. , #2108 ) ;
#4814 = VERTEX_POINT ( 'NONE', #2757 ) ;
#4815 = AXIS2_PLACEMENT_3D ( 'NONE', #2476, #3252, #2106 ) ;
#4816 = EDGE_CURVE ( 'NONE', #3851, #708, #4153, .T. ) ;
#4817 = DIRECTION ( 'NONE',  ( -7.228014483236698528E-16, 0.000000000000000000, -1.000000000000000000 ) ) ;
#4818 = ORIENTED_EDGE ( 'NONE', *, *, #2870, .F. ) ;
#4819 = ORIENTED_EDGE ( 'NONE', *, *, #2512, .F. ) ;
#4820 = LINE ( 'NONE', #3175, #2503 ) ;
#4821 = ORIENTED_EDGE ( 'NONE', *, *, #4777, .T. ) ;
#4822 = AXIS2_PLACEMENT_3D ( 'NONE', #1487, #1118, #1537 ) ;
#4823 = ADVANCED_FACE ( 'NONE', ( #1618 ), #4128, .T. ) ;
#4824 = VECTOR ( 'NONE', #82, 1000.000000000000000 ) ;
#4825 = CARTESIAN_POINT ( 'NONE',  ( 0.2500000000000000000, 5.599999999999999645, 0.1771143550033493219 ) ) ;
#4826 = ORIENTED_EDGE ( 'NONE', *, *, #3644, .F. ) ;
#4827 = FACE_OUTER_BOUND ( 'NONE', #1198, .T. ) ;
#4828 = ORIENTED_EDGE ( 'NONE', *, *, #2849, .T. ) ;
#4829 = VECTOR ( 'NONE', #678, 1000.000000000000000 ) ;
#4830 = VECTOR ( 'NONE', #1745, 1000.000000000000000 ) ;
#4831 = CARTESIAN_POINT ( 'NONE',  ( 6.000000000000000000, 0.000000000000000000, 0.000000000000000000 ) ) ;
#4832 = LINE ( 'NONE', #1414, #1890 ) ;
#4833 = DIRECTION ( 'NONE',  ( -0.7071067811865474617, -0.000000000000000000, 0.7071067811865474617 ) ) ;
#4834 = DIRECTION ( 'NONE',  ( 0.9781476007338062439, -0.2079116908177567058, 0.000000000000000000 ) ) ;
#4835 = ORIENTED_EDGE ( 'NONE', *, *, #641, .F. ) ;
#4836 = EDGE_LOOP ( 'NONE', ( #3029, #2282, #2775, #4219, #1818, #3716, #2721, #4397 ) ) ;
#4837 = CARTESIAN_POINT ( 'NONE',  ( 1.600000000000000755, 0.000000000000000000, 1.000000000000001110 ) ) ;
#4838 = VECTOR ( 'NONE', #3511, 1000.000000000000000 ) ;
#4839 = LINE ( 'NONE', #1447, #3764 ) ;
#4840 = AXIS2_PLACEMENT_3D ( 'NONE', #4059, #2163, #1787 ) ;
#4841 = DIRECTION ( 'NONE',  ( 0.000000000000000000, -0.000000000000000000, 1.000000000000000000 ) ) ;
#4842 = FILL_AREA_STYLE_COLOUR ( '', #2684 ) ;
#4843 = VERTEX_POINT ( 'NONE', #3882 ) ;
#4844 = EDGE_CURVE ( 'NONE', #4798, #1750, #3525, .T. ) ;
#4845 = COLOUR_RGB ( '',0.2509803921568627416, 0.2509803921568627416, 0.2509803921568627416 ) ;
#4846 = VECTOR ( 'NONE', #4749, 1000.000000000000000 ) ;
#4847 = LINE ( 'NONE', #4414, #1098 ) ;
#4848 = ORIENTED_EDGE ( 'NONE', *, *, #1736, .T. ) ;
#4849 =( GEOMETRIC_REPRESENTATION_CONTEXT ( 3 ) GLOBAL_UNCERTAINTY_ASSIGNED_CONTEXT ( ( #3608 ) ) GLOBAL_UNIT_ASSIGNED_CONTEXT ( ( #2068, #4312, #1664 ) ) REPRESENTATION_CONTEXT ( 'NONE', 'WORKASPACE' ) );
#4850 = ADVANCED_FACE ( 'NONE', ( #712 ), #2594, .T. ) ;
#4851 = CARTESIAN_POINT ( 'NONE',  ( 0.9999999999999991118, 0.000000000000000000, 6.505213034913026604E-16 ) ) ;
#4852 = ORIENTED_EDGE ( 'NONE', *, *, #3256, .F. ) ;
#4853 = LINE ( 'NONE', #4565, #1007 ) ;
#4854 = VERTEX_POINT ( 'NONE', #131 ) ;
#4855 = EDGE_CURVE ( 'NONE', #3650, #2841, #1852, .T. ) ;
#4856 = AXIS2_PLACEMENT_3D ( 'NONE', #4461, #2496, #298 ) ;
#4857 = AXIS2_PLACEMENT_3D ( 'NONE', #4224, #1554, #3054 ) ;
#4858 = CARTESIAN_POINT ( 'NONE',  ( 4.000000000000000000, 0.000000000000000000, -0.5999999999999987566 ) ) ;
#4859 = EDGE_LOOP ( 'NONE', ( #2288, #2303, #2206, #4144, #2495, #86, #2591, #488 ) ) ;
#4860 = DIRECTION ( 'NONE',  ( -0.7071067811865462405, -0.000000000000000000, -0.7071067811865489050 ) ) ;
#4861 = EDGE_CURVE ( 'NONE', #3051, #527, #737, .T. ) ;
#4862 = ADVANCED_FACE ( 'NONE', ( #2227 ), #2961, .T. ) ;
#4863 = AXIS2_PLACEMENT_3D ( 'NONE', #1265, #4326, #2413 ) ;
#4864 = AXIS2_PLACEMENT_3D ( 'NONE', #1860, #4579, #2301 ) ;
#4865 = FACE_OUTER_BOUND ( 'NONE', #2978, .T. ) ;
#4866 = DIRECTION ( 'NONE',  ( -0.2035585949527762561, -0.9576678948579737671, -0.2035585949527762561 ) ) ;
#4867 = DIRECTION ( 'NONE',  ( 0.000000000000000000, 1.000000000000000000, 0.000000000000000000 ) ) ;
#4868 = CARTESIAN_POINT ( 'NONE',  ( -2.000000000000000000, 0.2999999999999999889, -0.6000000000000004219 ) ) ;
#4869 = EDGE_LOOP ( 'NONE', ( #221, #2244, #2378, #3294 ) ) ;
#4870 = LINE ( 'NONE', #1445, #522 ) ;
#4871 = ORIENTED_EDGE ( 'NONE', *, *, #2818, .F. ) ;
#4872 = AXIS2_PLACEMENT_3D ( 'NONE', #4575, #2317, #1168 ) ;
#4873 = CARTESIAN_POINT ( 'NONE',  ( 0.2500000000000000000, 2.000000000000000000, -0.2500000000000000000 ) ) ;
#4874 = CARTESIAN_POINT ( 'NONE',  ( 4.000000000000000000, 2.000000000000000000, -0.5999999999999987566 ) ) ;
#4875 = DIRECTION ( 'NONE',  ( 1.000000000000000000, -0.000000000000000000, -0.000000000000000000 ) ) ;
#4876 = EDGE_LOOP ( 'NONE', ( #1767, #3856, #1206, #2147 ) ) ;
#4877 = LINE ( 'NONE', #281, #371 ) ;
#4878 = ORIENTED_EDGE ( 'NONE', *, *, #279, .T. ) ;
#4879 =( NAMED_UNIT ( * ) PLANE_ANGLE_UNIT ( ) SI_UNIT ( $, .RADIAN. ) );
#4880 = VERTEX_POINT ( 'NONE', #4291 ) ;
#4881 = LINE ( 'NONE', #3783, #3382 ) ;
#4882 = EDGE_CURVE ( 'NONE', #618, #2562, #339, .T. ) ;
#4883 = ORIENTED_EDGE ( 'NONE', *, *, #2184, .T. ) ;
#4884 = FACE_OUTER_BOUND ( 'NONE', #1763, .T. ) ;
#4885 = ORIENTED_EDGE ( 'NONE', *, *, #2616, .F. ) ;
#4886 = VECTOR ( 'NONE', #2997, 1000.000000000000000 ) ;
#4887 = EDGE_CURVE ( 'NONE', #4370, #1145, #2730, .T. ) ;
#4888 = LINE ( 'NONE', #3013, #4829 ) ;
#4889 = PLANE ( 'NONE',  #1965 ) ;
#4890 = EDGE_CURVE ( 'NONE', #2139, #4034, #2334, .T. ) ;
#4891 = LINE ( 'NONE', #1463, #2210 ) ;
#4892 = CARTESIAN_POINT ( 'NONE',  ( 8.000000000000000000, 2.000000000000000000, -0.5999999999999992006 ) ) ;
#4893 = LINE ( 'NONE', #581, #1045 ) ;
#4894 = EDGE_LOOP ( 'NONE', ( #3286, #3753, #4421, #3707 ) ) ;
#4895 = DIRECTION ( 'NONE',  ( 7.228014483236698528E-16, -0.000000000000000000, 1.000000000000000000 ) ) ;
#4896 = LINE ( 'NONE', #816, #2381 ) ;
#4897 = LINE ( 'NONE', #1469, #225 ) ;
#4898 = CARTESIAN_POINT ( 'NONE',  ( -3.600000000000000089, 0.000000000000000000, -0.9999999999999988898 ) ) ;
#4899 = VERTEX_POINT ( 'NONE', #4246 ) ;
#4900 = LINE ( 'NONE', #2217, #2987 ) ;
#4901 = ORIENTED_EDGE ( 'NONE', *, *, #4384, .F. ) ;
#4902 = DIRECTION ( 'NONE',  ( 0.000000000000000000, 0.000000000000000000, 1.000000000000000000 ) ) ;
#4903 = ORIENTED_EDGE ( 'NONE', *, *, #2844, .F. ) ;
#4904 = PLANE ( 'NONE',  #1170 ) ;
#4905 = ORIENTED_EDGE ( 'NONE', *, *, #1667, .F. ) ;
#4906 = DIRECTION ( 'NONE',  ( 0.000000000000000000, 1.000000000000000000, 0.000000000000000000 ) ) ;
#4907 = VERTEX_POINT ( 'NONE', #1208 ) ;
#4908 = DIRECTION ( 'NONE',  ( 0.000000000000000000, 1.000000000000000000, 0.000000000000000000 ) ) ;
#4909 = VECTOR ( 'NONE', #3964, 1000.000000000000000 ) ;
#4910 = CARTESIAN_POINT ( 'NONE',  ( 4.400000000000000355, 0.000000000000000000, -0.9999999999999988898 ) ) ;
#4911 = LINE ( 'NONE', #683, #2808 ) ;
#4912 = DIRECTION ( 'NONE',  ( 0.000000000000000000, 1.000000000000000000, 0.000000000000000000 ) ) ;
#4913 = ADVANCED_FACE ( 'NONE', ( #828 ), #3197, .F. ) ;
#4914 = LINE ( 'NONE', #792, #688 ) ;
#4915 = EDGE_CURVE ( 'NONE', #315, #146, #2142, .T. ) ;
#4916 = VECTOR ( 'NONE', #551, 1000.000000000000000 ) ;
#4917 = LINE ( 'NONE', #4158, #4886 ) ;
#4918 = VECTOR ( 'NONE', #4350, 1000.000000000000000 ) ;
#4919 = CARTESIAN_POINT ( 'NONE',  ( 5.250000000000000000, 2.000000000000000000, 0.2500000000000006106 ) ) ;
#4920 = CARTESIAN_POINT ( 'NONE',  ( 4.000000000000000000, 0.000000000000000000, -0.5999999999999992006 ) ) ;
#4921 = SURFACE_STYLE_FILL_AREA ( #4215 ) ;
#4922 = EDGE_LOOP ( 'NONE', ( #4566, #3301, #1318, #4064 ) ) ;
#4923 = VECTOR ( 'NONE', #764, 1000.000000000000000 ) ;
#4924 = ADVANCED_FACE ( 'NONE', ( #4768 ), #1377, .F. ) ;
#4925 = EDGE_CURVE ( 'NONE', #2479, #2026, #1352, .T. ) ;
#4926 = ORIENTED_EDGE ( 'NONE', *, *, #2907, .F. ) ;
#4927 = NEXT_ASSEMBLY_USAGE_OCCURRENCE ( 'NAUO1', ' ', ' ', #3846, #2959, $ ) ;
#4928 = NEXT_ASSEMBLY_USAGE_OCCURRENCE ( 'NAUO2', ' ', ' ', #3846, #1359, $ ) ;
#4929 = NEXT_ASSEMBLY_USAGE_OCCURRENCE ( 'NAUO3', ' ', ' ', #3846, #1359, $ ) ;
#4930 = NEXT_ASSEMBLY_USAGE_OCCURRENCE ( 'NAUO4', ' ', ' ', #3846, #1359, $ ) ;
#4931 = NEXT_ASSEMBLY_USAGE_OCCURRENCE ( 'NAUO5', ' ', ' ', #3846, #1359, $ ) ;
#4932 = NEXT_ASSEMBLY_USAGE_OCCURRENCE ( 'NAUO6', ' ', ' ', #3846, #1359, $ ) ;
#4933 = NEXT_ASSEMBLY_USAGE_OCCURRENCE ( 'NAUO7', ' ', ' ', #3846, #1359, $ ) ;
#4934 = NEXT_ASSEMBLY_USAGE_OCCURRENCE ( 'NAUO8', ' ', ' ', #3846, #1359, $ ) ;
#4935 = NEXT_ASSEMBLY_USAGE_OCCURRENCE ( 'NAUO9', ' ', ' ', #3846, #1359, $ ) ;
ENDSEC;
END-ISO-10303-21;
