ISO-10303-21;
HEADER;
FILE_DESCRIPTION (( 'STEP AP214' ),
    '1' );
FILE_NAME ('ISM330ISNTR.STEP',
    '2023-08-20T08:19:27',
    ( '' ),
    ( '' ),
    'SwSTEP 2.0',
    'SolidWorks 2022',
    '' );
FILE_SCHEMA (( 'AUTOMOTIVE_DESIGN' ));
ENDSEC;

DATA;
#1 = ORIENTED_EDGE ( 'NONE', *, *, #1979, .F. ) ;
#2 = FILL_AREA_STYLE_COLOUR ( '', #2013 ) ;
#3 = UNCERTAINTY_MEASURE_WITH_UNIT (LENGTH_MEASURE( 1.000000000000000082E-05 ), #1377, 'distance_accuracy_value', 'NONE');
#4 = LINE ( 'NONE', #617, #2929 ) ;
#5 = COLOUR_RGB ( '',0.3176470588235293935, 0.2470588235294117752, 0.2078431372549019440 ) ;
#6 = FACE_OUTER_BOUND ( 'NONE', #2618, .T. ) ;
#7 = ADVANCED_FACE ( 'NONE', ( #1493 ), #882, .F. ) ;
#8 = STYLED_ITEM ( 'NONE', ( #2040 ), #417 ) ;
#9 =( LENGTH_UNIT ( ) NAMED_UNIT ( * ) SI_UNIT ( .MILLI., .METRE. ) );
#10 = VECTOR ( 'NONE', #3155, 1000.000000000000000 ) ;
#11 = EDGE_CURVE ( 'NONE', #2096, #1529, #2560, .T. ) ;
#12 =( NAMED_UNIT ( * ) PLANE_ANGLE_UNIT ( ) SI_UNIT ( $, .RADIAN. ) );
#13 = DIRECTION ( 'NONE',  ( 0.000000000000000000, 0.000000000000000000, 1.000000000000000000 ) ) ;
#14 = ORIENTED_EDGE ( 'NONE', *, *, #1496, .T. ) ;
#15 = CARTESIAN_POINT ( 'NONE',  ( -1.399999999999984590, -0.8749999999999996669, 0.8699999999999999956 ) ) ;
#16 = AXIS2_PLACEMENT_3D ( 'NONE', #2667, #1005, #2108 ) ;
#17 = LINE ( 'NONE', #3585, #1373 ) ;
#18 = COLOUR_RGB ( '',0.3176470588235293935, 0.2470588235294117752, 0.2078431372549019440 ) ;
#19 = ORIENTED_EDGE ( 'NONE', *, *, #221, .T. ) ;
#20 = PRESENTATION_LAYER_ASSIGNMENT (  '', '', ( #2759 ) ) ;
#21 = CARTESIAN_POINT ( 'NONE',  ( 0.3750000000000000000, -1.091516203636184956, 0.8599999999999999867 ) ) ;
#22 = FACE_OUTER_BOUND ( 'NONE', #2210, .T. ) ;
#23 = EDGE_LOOP ( 'NONE', ( #3084, #1, #1751, #676 ) ) ;
#24 = MECHANICAL_DESIGN_GEOMETRIC_PRESENTATION_REPRESENTATION (  '', ( #1889 ), #723 ) ;
#25 = UNCERTAINTY_MEASURE_WITH_UNIT (LENGTH_MEASURE( 1.000000000000000082E-05 ), #2420, 'distance_accuracy_value', 'NONE');
#26 = FACE_BOUND ( 'NONE', #1203, .T. ) ;
#27 = ORIENTED_EDGE ( 'NONE', *, *, #637, .F. ) ;
#28 = ORIENTED_EDGE ( 'NONE', *, *, #2656, .T. ) ;
#29 = ORIENTED_EDGE ( 'NONE', *, *, #153, .T. ) ;
#30 = DIRECTION ( 'NONE',  ( -0.000000000000000000, -1.000000000000000000, -0.000000000000000000 ) ) ;
#31 = FILL_AREA_STYLE ('',( #1712 ) ) ;
#32 = DIRECTION ( 'NONE',  ( -1.000000000000000000, 2.282530889443167515E-16, 0.000000000000000000 ) ) ;
#33 = FACE_OUTER_BOUND ( 'NONE', #1530, .T. ) ;
#34 = SURFACE_STYLE_FILL_AREA ( #283 ) ;
#35 = DIRECTION ( 'NONE',  ( -0.000000000000000000, -0.000000000000000000, -1.000000000000000000 ) ) ;
#36 = FACE_OUTER_BOUND ( 'NONE', #1982, .T. ) ;
#37 = DIRECTION ( 'NONE',  ( 1.000000000000000000, 0.000000000000000000, 0.000000000000000000 ) ) ;
#38 = UNCERTAINTY_MEASURE_WITH_UNIT (LENGTH_MEASURE( 1.000000000000000082E-05 ), #2127, 'distance_accuracy_value', 'NONE');
#39 = DIRECTION ( 'NONE',  ( -0.000000000000000000, 1.000000000000000000, -0.000000000000000000 ) ) ;
#40 = EDGE_CURVE ( 'NONE', #335, #2615, #1692, .T. ) ;
#41 = EDGE_CURVE ( 'NONE', #140, #633, #3405, .T. ) ;
#42 = VECTOR ( 'NONE', #1713, 1000.000000000000000 ) ;
#43 = LINE ( 'NONE', #604, #2893 ) ;
#44 = ORIENTED_EDGE ( 'NONE', *, *, #3363, .F. ) ;
#45 = DIRECTION ( 'NONE',  ( 0.000000000000000000, 1.000000000000000000, 0.000000000000000000 ) ) ;
#46 = DIRECTION ( 'NONE',  ( -1.711898167082375759E-16, -1.000000000000000000, -0.000000000000000000 ) ) ;
#47 = VECTOR ( 'NONE', #3546, 1000.000000000000000 ) ;
#48 = EDGE_LOOP ( 'NONE', ( #1704, #3087, #1328, #1920 ) ) ;
#49 = VECTOR ( 'NONE', #1323, 1000.000000000000000 ) ;
#50 = EDGE_CURVE ( 'NONE', #843, #2784, #1711, .T. ) ;
#51 = ORIENTED_EDGE ( 'NONE', *, *, #3121, .T. ) ;
#52 = MECHANICAL_DESIGN_GEOMETRIC_PRESENTATION_REPRESENTATION (  '', ( #2895 ), #2774 ) ;
#53 = CARTESIAN_POINT ( 'NONE',  ( -0.1250000000000000833, 0.6165162036361850895, 0.8699999999999999956 ) ) ;
#54 = CARTESIAN_POINT ( 'NONE',  ( 1.025000000000000355, 0.8750000000000002220, 0.8699999999999999956 ) ) ;
#55 = CARTESIAN_POINT ( 'NONE',  ( -0.3750000000000001665, -0.6165162036361850895, 0.8599999999999999867 ) ) ;
#56 = CARTESIAN_POINT ( 'NONE',  ( -1.500000000000000444, 1.250000000000000222, 0.000000000000000000 ) ) ;
#57 = VECTOR ( 'NONE', #2118, 1000.000000000000000 ) ;
#58 = VECTOR ( 'NONE', #2203, 1000.000000000000000 ) ;
#59 = FILL_AREA_STYLE_COLOUR ( '', #3537 ) ;
#60 = ORIENTED_EDGE ( 'NONE', *, *, #311, .T. ) ;
#61 =( NAMED_UNIT ( * ) PLANE_ANGLE_UNIT ( ) SI_UNIT ( $, .RADIAN. ) );
#62 = CARTESIAN_POINT ( 'NONE',  ( 1.399999999999995026, 0.1250000000000003331, 0.8699999999999999956 ) ) ;
#63 = EDGE_CURVE ( 'NONE', #3346, #1364, #1165, .T. ) ;
#64 = AXIS2_PLACEMENT_3D ( 'NONE', #893, #628, #1744 ) ;
#65 = ORIENTED_EDGE ( 'NONE', *, *, #865, .T. ) ;
#66 = ADVANCED_FACE ( 'NONE', ( #898 ), #982, .F. ) ;
#67 = ORIENTED_EDGE ( 'NONE', *, *, #2484, .F. ) ;
#68 = UNCERTAINTY_MEASURE_WITH_UNIT (LENGTH_MEASURE( 1.000000000000000082E-05 ), #460, 'distance_accuracy_value', 'NONE');
#69 = CARTESIAN_POINT ( 'NONE',  ( 0.1250000000000000000, -1.091516203636184956, 0.8699999999999999956 ) ) ;
#70 = STYLED_ITEM ( 'NONE', ( #1923 ), #1343 ) ;
#71 = DIRECTION ( 'NONE',  ( 1.000000000000000000, 0.000000000000000000, -0.000000000000000000 ) ) ;
#72 = CARTESIAN_POINT ( 'NONE',  ( 0.9250000000000002665, 0.7750000000000001332, 0.8599999999999999867 ) ) ;
#73 =( NAMED_UNIT ( * ) PLANE_ANGLE_UNIT ( ) SI_UNIT ( $, .RADIAN. ) );
#74 = CARTESIAN_POINT ( 'NONE',  ( 0.000000000000000000, 0.000000000000000000, 0.8699999999999999956 ) ) ;
#75 = PRESENTATION_LAYER_ASSIGNMENT (  '', '', ( #940 ) ) ;
#76 = DIRECTION ( 'NONE',  ( 0.000000000000000000, 1.000000000000000000, -0.000000000000000000 ) ) ;
#77 = ORIENTED_EDGE ( 'NONE', *, *, #1401, .F. ) ;
#78 = CARTESIAN_POINT ( 'NONE',  ( -0.9249999999999950484, 0.3750000000000004441, 0.8699999999999999956 ) ) ;
#79 = EDGE_CURVE ( 'NONE', #443, #88, #124, .T. ) ;
#80 = VECTOR ( 'NONE', #251, 1000.000000000000000 ) ;
#81 =( LENGTH_UNIT ( ) NAMED_UNIT ( * ) SI_UNIT ( .MILLI., .METRE. ) );
#82 = AXIS2_PLACEMENT_3D ( 'NONE', #3470, #986, #3248 ) ;
#83 = VERTEX_POINT ( 'NONE', #3193 ) ;
#84 = VECTOR ( 'NONE', #869, 1000.000000000000000 ) ;
#85 = VERTEX_POINT ( 'NONE', #1770 ) ;
#86 =( GEOMETRIC_REPRESENTATION_CONTEXT ( 3 ) GLOBAL_UNCERTAINTY_ASSIGNED_CONTEXT ( ( #3 ) ) GLOBAL_UNIT_ASSIGNED_CONTEXT ( ( #1377, #1661, #1394 ) ) REPRESENTATION_CONTEXT ( 'NONE', 'WORKASPACE' ) );
#87 = EDGE_LOOP ( 'NONE', ( #979, #2794, #67, #1632 ) ) ;
#88 = VERTEX_POINT ( 'NONE', #916 ) ;
#89 = DIRECTION ( 'NONE',  ( -0.000000000000000000, 1.000000000000000000, -0.000000000000000000 ) ) ;
#90 = DIRECTION ( 'NONE',  ( 0.000000000000000000, 0.000000000000000000, -1.000000000000000000 ) ) ;
#91 = CARTESIAN_POINT ( 'NONE',  ( -0.3750000000000001665, -0.6165162036361850895, 0.8699999999999999956 ) ) ;
#92 = SURFACE_STYLE_USAGE ( .BOTH. , #328 ) ;
#93 = FILL_AREA_STYLE_COLOUR ( '', #1880 ) ;
#94 = FILL_AREA_STYLE ('',( #636 ) ) ;
#95 = ORIENTED_EDGE ( 'NONE', *, *, #3536, .T. ) ;
#96 = LINE ( 'NONE', #2810, #1050 ) ;
#97 = FACE_OUTER_BOUND ( 'NONE', #2661, .T. ) ;
#98 = VECTOR ( 'NONE', #2223, 1000.000000000000000 ) ;
#99 =( LENGTH_UNIT ( ) NAMED_UNIT ( * ) SI_UNIT ( .MILLI., .METRE. ) );
#100 = VERTEX_POINT ( 'NONE', #691 ) ;
#101 = ORIENTED_EDGE ( 'NONE', *, *, #1258, .F. ) ;
#102 = CIRCLE ( 'NONE', #2130, 0.1249999999999998890 ) ;
#103 = VECTOR ( 'NONE', #3216, 1000.000000000000000 ) ;
#104 = SURFACE_STYLE_FILL_AREA ( #3093 ) ;
#105 = ORIENTED_EDGE ( 'NONE', *, *, #1623, .F. ) ;
#106 = ADVANCED_FACE ( 'NONE', ( #3207 ), #3496, .T. ) ;
#107 = VECTOR ( 'NONE', #1442, 1000.000000000000000 ) ;
#108 = CARTESIAN_POINT ( 'NONE',  ( 1.100000000000000089, 0.8500000000000005329, 0.2500000000000000000 ) ) ;
#109 = FILL_AREA_STYLE_COLOUR ( '', #3365 ) ;
#110 =( NAMED_UNIT ( * ) SI_UNIT ( $, .STERADIAN. ) SOLID_ANGLE_UNIT ( ) );
#111 = EDGE_CURVE ( 'NONE', #564, #1398, #2892, .T. ) ;
#112 = ORIENTED_EDGE ( 'NONE', *, *, #1864, .T. ) ;
#113 = VECTOR ( 'NONE', #2532, 1000.000000000000000 ) ;
#114 = SURFACE_SIDE_STYLE ('',( #2023 ) ) ;
#115 = CARTESIAN_POINT ( 'NONE',  ( 0.9250000000000002665, 0.6250000000000003331, 0.8699999999999999956 ) ) ;
#116 = ORIENTED_EDGE ( 'NONE', *, *, #1804, .T. ) ;
#117 = ORIENTED_EDGE ( 'NONE', *, *, #221, .F. ) ;
#118 = VERTEX_POINT ( 'NONE', #2302 ) ;
#119 = ORIENTED_EDGE ( 'NONE', *, *, #3513, .T. ) ;
#120 = MECHANICAL_DESIGN_GEOMETRIC_PRESENTATION_REPRESENTATION (  '', ( #3311 ), #3497 ) ;
#121 = PRESENTATION_STYLE_ASSIGNMENT (( #3479 ) ) ;
#122 = COLOUR_RGB ( '',0.3176470588235293935, 0.2470588235294117752, 0.2078431372549019440 ) ;
#123 = CARTESIAN_POINT ( 'NONE',  ( 1.399999999999989697, -0.1249999999999996808, 0.8699999999999999956 ) ) ;
#124 = LINE ( 'NONE', #2064, #3192 ) ;
#125 = SURFACE_STYLE_FILL_AREA ( #163 ) ;
#126 = CARTESIAN_POINT ( 'NONE',  ( 0.6249999999999998890, -0.6165162036361847564, 0.8699999999999999956 ) ) ;
#127 = ADVANCED_FACE ( 'NONE', ( #3426 ), #3152, .F. ) ;
#128 = DIRECTION ( 'NONE',  ( 1.000000000000000000, 0.000000000000000000, -0.000000000000000000 ) ) ;
#129 = DIRECTION ( 'NONE',  ( -1.000000000000000000, -2.282530889443166036E-16, 0.000000000000000000 ) ) ;
#130 = VECTOR ( 'NONE', #1871, 1000.000000000000000 ) ;
#131 =( NAMED_UNIT ( * ) PLANE_ANGLE_UNIT ( ) SI_UNIT ( $, .RADIAN. ) );
#132 = PRESENTATION_LAYER_ASSIGNMENT (  '', '', ( #2099 ) ) ;
#133 = EDGE_CURVE ( 'NONE', #1224, #3543, #669, .T. ) ;
#134 =( NAMED_UNIT ( * ) SI_UNIT ( $, .STERADIAN. ) SOLID_ANGLE_UNIT ( ) );
#135 = CARTESIAN_POINT ( 'NONE',  ( -0.9250000000000002665, 0.6250000000000003331, 0.8699999999999999956 ) ) ;
#136 = CARTESIAN_POINT ( 'NONE',  ( 0.1250000000000000000, 1.091516203636184956, 0.8599999999999999867 ) ) ;
#137 = STYLED_ITEM ( 'NONE', ( #2090 ), #2599 ) ;
#138 = ORIENTED_EDGE ( 'NONE', *, *, #2355, .T. ) ;
#139 = CARTESIAN_POINT ( 'NONE',  ( 1.400000000000000133, 0.8750000000000003331, 0.8599999999999999867 ) ) ;
#140 = VERTEX_POINT ( 'NONE', #3244 ) ;
#141 = ORIENTED_EDGE ( 'NONE', *, *, #2578, .F. ) ;
#142 = VECTOR ( 'NONE', #3593, 1000.000000000000000 ) ;
#143 = PLANE ( 'NONE',  #795 ) ;
#144 = MECHANICAL_DESIGN_GEOMETRIC_PRESENTATION_REPRESENTATION (  '', ( #1129 ), #1651 ) ;
#145 = STYLED_ITEM ( 'NONE', ( #3577 ), #2379 ) ;
#146 = VECTOR ( 'NONE', #3443, 1000.000000000000000 ) ;
#147 = VECTOR ( 'NONE', #984, 1000.000000000000000 ) ;
#148 = LINE ( 'NONE', #3486, #2758 ) ;
#149 = DIRECTION ( 'NONE',  ( 0.000000000000000000, 0.000000000000000000, 1.000000000000000000 ) ) ;
#150 = PRODUCT_CONTEXT ( 'NONE', #248, 'mechanical' ) ;
#151 = PLANE ( 'NONE',  #2733 ) ;
#152 = PLANE ( 'NONE',  #2579 ) ;
#153 = EDGE_CURVE ( 'NONE', #2867, #3493, #1088, .T. ) ;
#154 = DIRECTION ( 'NONE',  ( 0.000000000000000000, -1.000000000000000000, 0.000000000000000000 ) ) ;
#155 = FACE_OUTER_BOUND ( 'NONE', #720, .T. ) ;
#156 = EDGE_LOOP ( 'NONE', ( #2829, #262, #614, #3314 ) ) ;
#157 = DIRECTION ( 'NONE',  ( 1.711898167082376006E-16, 1.000000000000000000, 0.000000000000000000 ) ) ;
#158 = EDGE_LOOP ( 'NONE', ( #3125, #2677, #1709, #3524 ) ) ;
#159 = ORIENTED_EDGE ( 'NONE', *, *, #2708, .T. ) ;
#160 = SURFACE_SIDE_STYLE ('',( #2662 ) ) ;
#161 = FILL_AREA_STYLE_COLOUR ( '', #1330 ) ;
#162 = VECTOR ( 'NONE', #2934, 1000.000000000000000 ) ;
#163 = FILL_AREA_STYLE ('',( #3177 ) ) ;
#164 = DIRECTION ( 'NONE',  ( 0.7071067811865479058, -0.7071067811865472397, 0.000000000000000000 ) ) ;
#165 = CARTESIAN_POINT ( 'NONE',  ( 1.100000000000000089, 0.8500000000000005329, 0.2500000000000000000 ) ) ;
#166 = SURFACE_STYLE_USAGE ( .BOTH. , #182 ) ;
#167 = CARTESIAN_POINT ( 'NONE',  ( 1.500000000000000000, -1.249999999999999778, 0.8599999999999999867 ) ) ;
#168 = CARTESIAN_POINT ( 'NONE',  ( 1.399999999999995026, 0.3750000000000003331, 0.8599999999999999867 ) ) ;
#169 = SURFACE_STYLE_USAGE ( .BOTH. , #2967 ) ;
#170 = CARTESIAN_POINT ( 'NONE',  ( -0.1250000000000000000, -1.091516203636184956, 0.8699999999999999956 ) ) ;
#171 = PLANE ( 'NONE',  #1636 ) ;
#172 = EDGE_CURVE ( 'NONE', #2597, #1223, #2184, .T. ) ;
#173 = CARTESIAN_POINT ( 'NONE',  ( -0.9249999999999846123, -0.6249999999999995559, 0.8699999999999999956 ) ) ;
#174 = EDGE_LOOP ( 'NONE', ( #1614, #2991, #2359, #349 ) ) ;
#175 = ORIENTED_EDGE ( 'NONE', *, *, #3163, .F. ) ;
#176 = PRESENTATION_STYLE_ASSIGNMENT (( #1552 ) ) ;
#177 = EDGE_CURVE ( 'NONE', #1228, #892, #2992, .T. ) ;
#178 = FACE_OUTER_BOUND ( 'NONE', #3384, .T. ) ;
#179 = VECTOR ( 'NONE', #3286, 1000.000000000000000 ) ;
#180 = SURFACE_STYLE_USAGE ( .BOTH. , #1019 ) ;
#181 = DIRECTION ( 'NONE',  ( 2.282530889443166036E-16, -1.000000000000000000, 0.000000000000000000 ) ) ;
#182 = SURFACE_SIDE_STYLE ('',( #674 ) ) ;
#183 = DIRECTION ( 'NONE',  ( -0.000000000000000000, -0.000000000000000000, -1.000000000000000000 ) ) ;
#184 = DIRECTION ( 'NONE',  ( 0.000000000000000000, -0.000000000000000000, -1.000000000000000000 ) ) ;
#185 = LINE ( 'NONE', #677, #744 ) ;
#186 = PRESENTATION_LAYER_ASSIGNMENT (  '', '', ( #3320 ) ) ;
#187 =( NAMED_UNIT ( * ) SI_UNIT ( $, .STERADIAN. ) SOLID_ANGLE_UNIT ( ) );
#188 =( NAMED_UNIT ( * ) PLANE_ANGLE_UNIT ( ) SI_UNIT ( $, .RADIAN. ) );
#189 = ORIENTED_EDGE ( 'NONE', *, *, #3540, .F. ) ;
#190 = ORIENTED_EDGE ( 'NONE', *, *, #1757, .T. ) ;
#191 = EDGE_CURVE ( 'NONE', #864, #443, #2400, .T. ) ;
#192 = VECTOR ( 'NONE', #2848, 1000.000000000000000 ) ;
#193 = DIRECTION ( 'NONE',  ( -1.000000000000000000, 0.000000000000000000, 0.000000000000000000 ) ) ;
#194 = EDGE_CURVE ( 'NONE', #1819, #1851, #511, .T. ) ;
#195 = ADVANCED_FACE ( 'NONE', ( #3307 ), #245, .F. ) ;
#196 =( NAMED_UNIT ( * ) SI_UNIT ( $, .STERADIAN. ) SOLID_ANGLE_UNIT ( ) );
#197 = COLOUR_RGB ( '',0.3176470588235293935, 0.2470588235294117752, 0.2078431372549019440 ) ;
#198 =( GEOMETRIC_REPRESENTATION_CONTEXT ( 3 ) GLOBAL_UNCERTAINTY_ASSIGNED_CONTEXT ( ( #25 ) ) GLOBAL_UNIT_ASSIGNED_CONTEXT ( ( #2420, #2199, #1694 ) ) REPRESENTATION_CONTEXT ( 'NONE', 'WORKASPACE' ) );
#199 = CARTESIAN_POINT ( 'NONE',  ( -1.399999999999995026, 0.1250000000000003331, 0.8599999999999999867 ) ) ;
#200 = PRESENTATION_STYLE_ASSIGNMENT (( #710 ) ) ;
#201 = COLOUR_RGB ( '',0.3176470588235293935, 0.2470588235294117752, 0.2078431372549019440 ) ;
#202 = EDGE_CURVE ( 'NONE', #1236, #1223, #1907, .T. ) ;
#203 = DIRECTION ( 'NONE',  ( -1.000000000000000000, -0.000000000000000000, -0.000000000000000000 ) ) ;
#204 = FILL_AREA_STYLE ('',( #2390 ) ) ;
#205 = PLANE ( 'NONE',  #2217 ) ;
#206 = DIRECTION ( 'NONE',  ( 1.711898167082375759E-16, -1.000000000000000000, 0.000000000000000000 ) ) ;
#207 = CARTESIAN_POINT ( 'NONE',  ( 1.100000000000000089, 0.8500000000000005329, 0.2500000000000000000 ) ) ;
#208 = LINE ( 'NONE', #995, #3234 ) ;
#209 = ORIENTED_EDGE ( 'NONE', *, *, #3383, .T. ) ;
#210 = ORIENTED_EDGE ( 'NONE', *, *, #1862, .F. ) ;
#211 = CARTESIAN_POINT ( 'NONE',  ( 1.399999999999989697, -0.3749999999999996669, 0.8699999999999999956 ) ) ;
#212 = SURFACE_STYLE_FILL_AREA ( #2744 ) ;
#213 = VECTOR ( 'NONE', #1049, 1000.000000000000000 ) ;
#214 = EDGE_CURVE ( 'NONE', #3543, #2011, #2122, .T. ) ;
#215 = FILL_AREA_STYLE_COLOUR ( '', #2727 ) ;
#216 = UNCERTAINTY_MEASURE_WITH_UNIT (LENGTH_MEASURE( 1.000000000000000082E-05 ), #2567, 'distance_accuracy_value', 'NONE');
#217 = COLOUR_RGB ( '',0.3176470588235293935, 0.2470588235294117752, 0.2078431372549019440 ) ;
#218 = VECTOR ( 'NONE', #890, 1000.000000000000000 ) ;
#219 = CARTESIAN_POINT ( 'NONE',  ( 1.399999999999989697, -0.1249999999999996808, 0.8599999999999999867 ) ) ;
#220 = VECTOR ( 'NONE', #289, 1000.000000000000000 ) ;
#221 = EDGE_CURVE ( 'NONE', #1118, #931, #1318, .T. ) ;
#222 =( LENGTH_UNIT ( ) NAMED_UNIT ( * ) SI_UNIT ( .MILLI., .METRE. ) );
#223 = CARTESIAN_POINT ( 'NONE',  ( -0.9250000000000002665, 0.8750000000000004441, 0.8599999999999999867 ) ) ;
#224 = PLANE ( 'NONE',  #857 ) ;
#225 = LINE ( 'NONE', #1881, #1815 ) ;
#226 = PLANE ( 'NONE',  #2966 ) ;
#227 = PRESENTATION_STYLE_ASSIGNMENT (( #2705 ) ) ;
#228 = ORIENTED_EDGE ( 'NONE', *, *, #902, .F. ) ;
#229 = CARTESIAN_POINT ( 'NONE',  ( -1.500000000000000000, -1.249999999999999778, 0.8599999999999999867 ) ) ;
#230 = COLOUR_RGB ( '',0.3176470588235293935, 0.2470588235294117752, 0.2078431372549019440 ) ;
#231 = LINE ( 'NONE', #2139, #3527 ) ;
#232 = CARTESIAN_POINT ( 'NONE',  ( -0.1250000000000000000, -1.091516203636184956, 0.8599999999999999867 ) ) ;
#233 = COLOUR_RGB ( '',0.3176470588235293935, 0.2470588235294117752, 0.2078431372549019440 ) ;
#234 = EDGE_CURVE ( 'NONE', #1364, #564, #231, .T. ) ;
#235 = DIRECTION ( 'NONE',  ( -0.000000000000000000, -0.000000000000000000, -1.000000000000000000 ) ) ;
#236 = STYLED_ITEM ( 'NONE', ( #227 ), #2928 ) ;
#237 =( GEOMETRIC_REPRESENTATION_CONTEXT ( 3 ) GLOBAL_UNCERTAINTY_ASSIGNED_CONTEXT ( ( #263 ) ) GLOBAL_UNIT_ASSIGNED_CONTEXT ( ( #2116, #2955, #1816 ) ) REPRESENTATION_CONTEXT ( 'NONE', 'WORKASPACE' ) );
#238 =( NAMED_UNIT ( * ) SI_UNIT ( $, .STERADIAN. ) SOLID_ANGLE_UNIT ( ) );
#239 =( LENGTH_UNIT ( ) NAMED_UNIT ( * ) SI_UNIT ( .MILLI., .METRE. ) );
#240 = DIRECTION ( 'NONE',  ( -1.000000000000000000, -0.000000000000000000, -0.000000000000000000 ) ) ;
#241 = FACE_OUTER_BOUND ( 'NONE', #2486, .T. ) ;
#242 = SURFACE_STYLE_USAGE ( .BOTH. , #1438 ) ;
#243 = EDGE_LOOP ( 'NONE', ( #523, #3068, #2258, #3130 ) ) ;
#244 = ORIENTED_EDGE ( 'NONE', *, *, #1780, .F. ) ;
#245 = PLANE ( 'NONE',  #905 ) ;
#246 = CARTESIAN_POINT ( 'NONE',  ( 1.399999999999989697, -0.3749999999999996669, 0.8699999999999999956 ) ) ;
#247 = SURFACE_STYLE_USAGE ( .BOTH. , #3309 ) ;
#248 = APPLICATION_CONTEXT ( 'automotive_design' ) ;
#249 = COLOUR_RGB ( '',0.3176470588235293935, 0.2470588235294117752, 0.2078431372549019440 ) ;
#250 = AXIS2_PLACEMENT_3D ( 'NONE', #1678, #1092, #3325 ) ;
#251 = DIRECTION ( 'NONE',  ( -1.000000000000000000, -2.891205793294679312E-16, 0.000000000000000000 ) ) ;
#252 = COLOUR_RGB ( '',0.3176470588235293935, 0.2470588235294117752, 0.2078431372549019440 ) ;
#253 = CARTESIAN_POINT ( 'NONE',  ( 1.399999999999984590, -0.6249999999999996669, 0.8699999999999999956 ) ) ;
#254 = PLANE ( 'NONE',  #3229 ) ;
#255 = VERTEX_POINT ( 'NONE', #1921 ) ;
#256 = SURFACE_SIDE_STYLE ('',( #2178 ) ) ;
#257 =( LENGTH_UNIT ( ) NAMED_UNIT ( * ) SI_UNIT ( .MILLI., .METRE. ) );
#258 = EDGE_CURVE ( 'NONE', #2784, #3188, #2942, .T. ) ;
#259 = ORIENTED_EDGE ( 'NONE', *, *, #2768, .T. ) ;
#260 = CARTESIAN_POINT ( 'NONE',  ( 0.9750000000000000888, 0.8500000000000005329, 0.2000000000000000111 ) ) ;
#261 = EDGE_CURVE ( 'NONE', #1769, #972, #1352, .T. ) ;
#262 = ORIENTED_EDGE ( 'NONE', *, *, #3012, .F. ) ;
#263 = UNCERTAINTY_MEASURE_WITH_UNIT (LENGTH_MEASURE( 1.000000000000000082E-05 ), #2116, 'distance_accuracy_value', 'NONE');
#264 = DIRECTION ( 'NONE',  ( -1.000000000000000000, -0.000000000000000000, -0.000000000000000000 ) ) ;
#265 = DIRECTION ( 'NONE',  ( 1.000000000000000000, 0.000000000000000000, 0.000000000000000000 ) ) ;
#266 = DIRECTION ( 'NONE',  ( 0.000000000000000000, 1.000000000000000000, 0.000000000000000000 ) ) ;
#267 = COLOUR_RGB ( '',0.3176470588235293935, 0.2470588235294117752, 0.2078431372549019440 ) ;
#268 = DIRECTION ( 'NONE',  ( -0.000000000000000000, -0.000000000000000000, -1.000000000000000000 ) ) ;
#269 = ORIENTED_EDGE ( 'NONE', *, *, #1043, .F. ) ;
#270 = DIRECTION ( 'NONE',  ( 0.000000000000000000, -1.000000000000000000, 0.000000000000000000 ) ) ;
#271 = VECTOR ( 'NONE', #203, 1000.000000000000000 ) ;
#272 = SURFACE_STYLE_FILL_AREA ( #542 ) ;
#273 = ORIENTED_EDGE ( 'NONE', *, *, #1450, .F. ) ;
#274 = PRESENTATION_STYLE_ASSIGNMENT (( #837 ) ) ;
#275 = ORIENTED_EDGE ( 'NONE', *, *, #258, .F. ) ;
#276 = COLOUR_RGB ( '',0.3176470588235293935, 0.2470588235294117752, 0.2078431372549019440 ) ;
#277 = UNCERTAINTY_MEASURE_WITH_UNIT (LENGTH_MEASURE( 1.000000000000000082E-05 ), #3520, 'distance_accuracy_value', 'NONE');
#278 = EDGE_CURVE ( 'NONE', #2395, #1885, #1072, .T. ) ;
#279 = ORIENTED_EDGE ( 'NONE', *, *, #1450, .T. ) ;
#280 = CARTESIAN_POINT ( 'NONE',  ( -1.399999999999989697, -0.3749999999999996669, 0.8699999999999999956 ) ) ;
#281 = SURFACE_STYLE_USAGE ( .BOTH. , #2779 ) ;
#282 = LINE ( 'NONE', #1939, #765 ) ;
#283 = FILL_AREA_STYLE ('',( #2253 ) ) ;
#284 = DIRECTION ( 'NONE',  ( 1.000000000000000000, 2.282530889443167515E-16, 0.000000000000000000 ) ) ;
#285 = SURFACE_STYLE_USAGE ( .BOTH. , #2781 ) ;
#286 = FILL_AREA_STYLE_COLOUR ( '', #1374 ) ;
#287 =( NAMED_UNIT ( * ) SI_UNIT ( $, .STERADIAN. ) SOLID_ANGLE_UNIT ( ) );
#288 = VERTEX_POINT ( 'NONE', #1567 ) ;
#289 = DIRECTION ( 'NONE',  ( -1.000000000000000000, 0.000000000000000000, 0.000000000000000000 ) ) ;
#290 = ORIENTED_EDGE ( 'NONE', *, *, #1258, .T. ) ;
#291 = DIRECTION ( 'NONE',  ( -0.000000000000000000, -0.000000000000000000, -1.000000000000000000 ) ) ;
#292 = LINE ( 'NONE', #802, #1430 ) ;
#293 = ORIENTED_EDGE ( 'NONE', *, *, #1690, .F. ) ;
#294 = FACE_BOUND ( 'NONE', #3397, .T. ) ;
#295 = ORIENTED_EDGE ( 'NONE', *, *, #1110, .T. ) ;
#296 = FILL_AREA_STYLE ('',( #1427 ) ) ;
#297 =( GEOMETRIC_REPRESENTATION_CONTEXT ( 3 ) GLOBAL_UNCERTAINTY_ASSIGNED_CONTEXT ( ( #1996 ) ) GLOBAL_UNIT_ASSIGNED_CONTEXT ( ( #3028, #3349, #1387 ) ) REPRESENTATION_CONTEXT ( 'NONE', 'WORKASPACE' ) );
#298 = ORIENTED_EDGE ( 'NONE', *, *, #481, .F. ) ;
#299 = ADVANCED_FACE ( 'NONE', ( #178 ), #1298, .T. ) ;
#300 = FILL_AREA_STYLE ('',( #2 ) ) ;
#301 = DIRECTION ( 'NONE',  ( -0.000000000000000000, -0.000000000000000000, -1.000000000000000000 ) ) ;
#302 = VERTEX_POINT ( 'NONE', #1937 ) ;
#303 = MECHANICAL_DESIGN_GEOMETRIC_PRESENTATION_REPRESENTATION (  '', ( #1872 ), #2861 ) ;
#304 =( NAMED_UNIT ( * ) SI_UNIT ( $, .STERADIAN. ) SOLID_ANGLE_UNIT ( ) );
#305 = EDGE_CURVE ( 'NONE', #459, #1783, #1956, .T. ) ;
#306 = EDGE_CURVE ( 'NONE', #1731, #2298, #1102, .T. ) ;
#307 = CARTESIAN_POINT ( 'NONE',  ( 1.399999999999995026, 0.1250000000000003331, 0.8699999999999999956 ) ) ;
#308 = FILL_AREA_STYLE_COLOUR ( '', #267 ) ;
#309 = MECHANICAL_DESIGN_GEOMETRIC_PRESENTATION_REPRESENTATION (  '', ( #2980 ), #2557 ) ;
#310 =( NAMED_UNIT ( * ) PLANE_ANGLE_UNIT ( ) SI_UNIT ( $, .RADIAN. ) );
#311 = EDGE_CURVE ( 'NONE', #997, #931, #2198, .T. ) ;
#312 = PRESENTATION_STYLE_ASSIGNMENT (( #2807 ) ) ;
#313 =( GEOMETRIC_REPRESENTATION_CONTEXT ( 3 ) GLOBAL_UNCERTAINTY_ASSIGNED_CONTEXT ( ( #3040 ) ) GLOBAL_UNIT_ASSIGNED_CONTEXT ( ( #1998, #532, #2142 ) ) REPRESENTATION_CONTEXT ( 'NONE', 'WORKASPACE' ) );
#314 = VECTOR ( 'NONE', #581, 1000.000000000000000 ) ;
#315 = VERTEX_POINT ( 'NONE', #3069 ) ;
#316 = AXIS2_PLACEMENT_3D ( 'NONE', #351, #367, #1256 ) ;
#317 = CARTESIAN_POINT ( 'NONE',  ( -0.6250000000000000000, -0.6165162036361850895, 0.8599999999999999867 ) ) ;
#318 = ORIENTED_EDGE ( 'NONE', *, *, #1971, .T. ) ;
#319 = AXIS2_PLACEMENT_3D ( 'NONE', #885, #90, #2231 ) ;
#320 =( GEOMETRIC_REPRESENTATION_CONTEXT ( 3 ) GLOBAL_UNCERTAINTY_ASSIGNED_CONTEXT ( ( #794 ) ) GLOBAL_UNIT_ASSIGNED_CONTEXT ( ( #1250, #1788, #110 ) ) REPRESENTATION_CONTEXT ( 'NONE', 'WORKASPACE' ) );
#321 = VERTEX_POINT ( 'NONE', #574 ) ;
#322 =( NAMED_UNIT ( * ) PLANE_ANGLE_UNIT ( ) SI_UNIT ( $, .RADIAN. ) );
#323 = SURFACE_SIDE_STYLE ('',( #2818 ) ) ;
#324 = LINE ( 'NONE', #3115, #2695 ) ;
#325 = DIRECTION ( 'NONE',  ( 0.000000000000000000, -1.000000000000000000, 0.000000000000000000 ) ) ;
#326 = SURFACE_SIDE_STYLE ('',( #3135 ) ) ;
#327 = EDGE_CURVE ( 'NONE', #1934, #800, #2795, .T. ) ;
#328 = SURFACE_SIDE_STYLE ('',( #1154 ) ) ;
#329 = CARTESIAN_POINT ( 'NONE',  ( -0.1250000000000000833, 0.6165162036361850895, 0.8699999999999999956 ) ) ;
#330 = UNCERTAINTY_MEASURE_WITH_UNIT (LENGTH_MEASURE( 1.000000000000000082E-05 ), #2307, 'distance_accuracy_value', 'NONE');
#331 = DIRECTION ( 'NONE',  ( -0.000000000000000000, 1.000000000000000000, -0.000000000000000000 ) ) ;
#332 = EDGE_CURVE ( 'NONE', #2921, #1100, #1677, .T. ) ;
#333 = STYLED_ITEM ( 'NONE', ( #3594 ), #826 ) ;
#334 = CARTESIAN_POINT ( 'NONE',  ( -1.400000000000000133, 0.8750000000000003331, 0.8599999999999999867 ) ) ;
#335 = VERTEX_POINT ( 'NONE', #54 ) ;
#336 = DIRECTION ( 'NONE',  ( -1.000000000000000000, 2.282530889443167515E-16, 0.000000000000000000 ) ) ;
#337 = SURFACE_STYLE_FILL_AREA ( #1218 ) ;
#338 = AXIS2_PLACEMENT_3D ( 'NONE', #2331, #1509, #1220 ) ;
#339 = DIRECTION ( 'NONE',  ( 1.000000000000000000, 0.000000000000000000, -0.000000000000000000 ) ) ;
#340 = ORIENTED_EDGE ( 'NONE', *, *, #481, .T. ) ;
#341 = CARTESIAN_POINT ( 'NONE',  ( -1.399999999999984590, -0.8749999999999996669, 0.8699999999999999956 ) ) ;
#342 = DIRECTION ( 'NONE',  ( -0.000000000000000000, -0.000000000000000000, -1.000000000000000000 ) ) ;
#343 = PRESENTATION_STYLE_ASSIGNMENT (( #914 ) ) ;
#344 = PRESENTATION_STYLE_ASSIGNMENT (( #1170 ) ) ;
#345 = SURFACE_STYLE_USAGE ( .BOTH. , #579 ) ;
#346 = CARTESIAN_POINT ( 'NONE',  ( -1.500000000000000444, 1.250000000000000222, 0.2000000000000000111 ) ) ;
#347 = EDGE_CURVE ( 'NONE', #2298, #1216, #1941, .T. ) ;
#348 = CARTESIAN_POINT ( 'NONE',  ( 0.000000000000000000, 0.000000000000000000, 0.000000000000000000 ) ) ;
#349 = ORIENTED_EDGE ( 'NONE', *, *, #3540, .T. ) ;
#350 = DIRECTION ( 'NONE',  ( -0.000000000000000000, 0.000000000000000000, 1.000000000000000000 ) ) ;
#351 = CARTESIAN_POINT ( 'NONE',  ( 0.3750000000000000000, -1.091516203636184956, 0.8699999999999999956 ) ) ;
#352 = AXIS2_PLACEMENT_3D ( 'NONE', #2632, #1255, #2352 ) ;
#353 = FILL_AREA_STYLE ('',( #1473 ) ) ;
#354 = EDGE_LOOP ( 'NONE', ( #1313, #1691, #1047, #1115 ) ) ;
#355 = UNCERTAINTY_MEASURE_WITH_UNIT (LENGTH_MEASURE( 1.000000000000000082E-05 ), #1898, 'distance_accuracy_value', 'NONE');
#356 = ORIENTED_EDGE ( 'NONE', *, *, #759, .F. ) ;
#357 = PLANE ( 'NONE',  #3026 ) ;
#358 = CIRCLE ( 'NONE', #1114, 0.1250000000000000000 ) ;
#359 = ORIENTED_EDGE ( 'NONE', *, *, #2953, .F. ) ;
#360 = VECTOR ( 'NONE', #1999, 1000.000000000000000 ) ;
#361 = LINE ( 'NONE', #3077, #314 ) ;
#362 = LINE ( 'NONE', #2592, #1367 ) ;
#363 = LINE ( 'NONE', #1194, #3251 ) ;
#364 = VECTOR ( 'NONE', #2575, 1000.000000000000000 ) ;
#365 = APPLICATION_PROTOCOL_DEFINITION ( 'draft international standard', 'automotive_design', 1998, #248 ) ;
#366 = ORIENTED_EDGE ( 'NONE', *, *, #2355, .F. ) ;
#367 = DIRECTION ( 'NONE',  ( 0.000000000000000000, 1.000000000000000000, 0.000000000000000000 ) ) ;
#368 = CARTESIAN_POINT ( 'NONE',  ( -0.3750000000000001665, 0.6165162036361850895, 0.8699999999999999956 ) ) ;
#369 = VECTOR ( 'NONE', #1688, 1000.000000000000000 ) ;
#370 = ORIENTED_EDGE ( 'NONE', *, *, #2780, .F. ) ;
#371 = EDGE_CURVE ( 'NONE', #633, #1819, #868, .T. ) ;
#372 = VECTOR ( 'NONE', #1964, 1000.000000000000000 ) ;
#373 = ORIENTED_EDGE ( 'NONE', *, *, #1843, .F. ) ;
#374 = MECHANICAL_DESIGN_GEOMETRIC_PRESENTATION_REPRESENTATION (  '', ( #3042 ), #2286 ) ;
#375 = ADVANCED_FACE ( 'NONE', ( #3133 ), #2284, .F. ) ;
#376 = ORIENTED_EDGE ( 'NONE', *, *, #2484, .T. ) ;
#377 = DIRECTION ( 'NONE',  ( -0.000000000000000000, 0.000000000000000000, -1.000000000000000000 ) ) ;
#378 = DIRECTION ( 'NONE',  ( -0.000000000000000000, -0.000000000000000000, -1.000000000000000000 ) ) ;
#379 =( LENGTH_UNIT ( ) NAMED_UNIT ( * ) SI_UNIT ( .MILLI., .METRE. ) );
#380 = FILL_AREA_STYLE ('',( #59 ) ) ;
#381 = ORIENTED_EDGE ( 'NONE', *, *, #2264, .F. ) ;
#382 = CARTESIAN_POINT ( 'NONE',  ( -0.1250000000000000833, 0.6165162036361850895, 0.8599999999999999867 ) ) ;
#383 =( NAMED_UNIT ( * ) PLANE_ANGLE_UNIT ( ) SI_UNIT ( $, .RADIAN. ) );
#384 = VECTOR ( 'NONE', #3290, 1000.000000000000000 ) ;
#385 = PLANE ( 'NONE',  #338 ) ;
#386 = COLOUR_RGB ( '',0.3176470588235293935, 0.2470588235294117752, 0.2078431372549019440 ) ;
#387 = ORIENTED_EDGE ( 'NONE', *, *, #1425, .T. ) ;
#388 = ORIENTED_EDGE ( 'NONE', *, *, #278, .T. ) ;
#389 = AXIS2_PLACEMENT_3D ( 'NONE', #713, #1337, #1844 ) ;
#390 = ORIENTED_EDGE ( 'NONE', *, *, #327, .F. ) ;
#391 = EDGE_CURVE ( 'NONE', #931, #1934, #3094, .T. ) ;
#392 = FILL_AREA_STYLE ('',( #1315 ) ) ;
#393 =( LENGTH_UNIT ( ) NAMED_UNIT ( * ) SI_UNIT ( .MILLI., .METRE. ) );
#394 = DIRECTION ( 'NONE',  ( 0.000000000000000000, -1.000000000000000000, 0.000000000000000000 ) ) ;
#395 = CARTESIAN_POINT ( 'NONE',  ( -1.500000000000000000, -1.249999999999999778, 0.8599999999999999867 ) ) ;
#396 = CARTESIAN_POINT ( 'NONE',  ( 0.000000000000000000, 0.000000000000000000, 0.2000000000000000111 ) ) ;
#397 = FACE_OUTER_BOUND ( 'NONE', #23, .T. ) ;
#398 = MECHANICAL_DESIGN_GEOMETRIC_PRESENTATION_REPRESENTATION (  '', ( #236 ), #866 ) ;
#399 = EDGE_LOOP ( 'NONE', ( #640, #3378, #668, #835 ) ) ;
#400 = PLANE ( 'NONE',  #1718 ) ;
#401 = COLOUR_RGB ( '',0.3176470588235293935, 0.2470588235294117752, 0.2078431372549019440 ) ;
#402 = CARTESIAN_POINT ( 'NONE',  ( 1.025000000000000355, 0.8750000000000002220, 0.8599999999999999867 ) ) ;
#403 = SURFACE_STYLE_USAGE ( .BOTH. , #3167 ) ;
#404 = EDGE_LOOP ( 'NONE', ( #3181, #832, #572, #2378 ) ) ;
#405 = ORIENTED_EDGE ( 'NONE', *, *, #1665, .F. ) ;
#406 = ORIENTED_EDGE ( 'NONE', *, *, #3389, .T. ) ;
#407 = ORIENTED_EDGE ( 'NONE', *, *, #540, .T. ) ;
#408 = COLOUR_RGB ( '',0.3176470588235293935, 0.2470588235294117752, 0.2078431372549019440 ) ;
#409 = SURFACE_SIDE_STYLE ('',( #2907 ) ) ;
#410 = FACE_OUTER_BOUND ( 'NONE', #2061, .T. ) ;
#411 = FACE_OUTER_BOUND ( 'NONE', #2006, .T. ) ;
#412 = ADVANCED_FACE ( 'NONE', ( #3350 ), #1106, .F. ) ;
#413 = FILL_AREA_STYLE_COLOUR ( '', #18 ) ;
#414 = CARTESIAN_POINT ( 'NONE',  ( 0.9249999999999846123, -0.8749999999999996669, 0.8599999999999999867 ) ) ;
#415 = FILL_AREA_STYLE_COLOUR ( '', #249 ) ;
#416 = LINE ( 'NONE', #764, #162 ) ;
#417 = ADVANCED_FACE ( 'NONE', ( #578 ), #953, .F. ) ;
#418 = CARTESIAN_POINT ( 'NONE',  ( -1.399999999999989697, -0.1249999999999996808, 0.8599999999999999867 ) ) ;
#419 = CARTESIAN_POINT ( 'NONE',  ( 1.399999999999989697, -0.1249999999999996808, 0.8699999999999999956 ) ) ;
#420 = VECTOR ( 'NONE', #641, 1000.000000000000000 ) ;
#421 = CARTESIAN_POINT ( 'NONE',  ( 0.000000000000000000, 0.000000000000000000, 0.8699999999999999956 ) ) ;
#422 = ORIENTED_EDGE ( 'NONE', *, *, #1296, .T. ) ;
#423 =( NAMED_UNIT ( * ) PLANE_ANGLE_UNIT ( ) SI_UNIT ( $, .RADIAN. ) );
#424 = MECHANICAL_DESIGN_GEOMETRIC_PRESENTATION_REPRESENTATION (  '', ( #1827 ), #2458 ) ;
#425 = VERTEX_POINT ( 'NONE', #368 ) ;
#426 = EDGE_LOOP ( 'NONE', ( #3200, #862, #244, #2027 ) ) ;
#427 = VECTOR ( 'NONE', #39, 1000.000000000000000 ) ;
#428 = CARTESIAN_POINT ( 'NONE',  ( -1.399999999999989697, -0.3749999999999996669, 0.8699999999999999956 ) ) ;
#429 = SURFACE_SIDE_STYLE ('',( #1771 ) ) ;
#430 = FILL_AREA_STYLE_COLOUR ( '', #593 ) ;
#431 = CARTESIAN_POINT ( 'NONE',  ( 1.400000000000000133, 0.6250000000000003331, 0.8699999999999999956 ) ) ;
#432 = EDGE_CURVE ( 'NONE', #2502, #3543, #2024, .T. ) ;
#433 = CARTESIAN_POINT ( 'NONE',  ( 1.100000000000000089, 0.8500000000000005329, 0.000000000000000000 ) ) ;
#434 = FACE_OUTER_BOUND ( 'NONE', #1978, .T. ) ;
#435 = LINE ( 'NONE', #2114, #1673 ) ;
#436 = DIRECTION ( 'NONE',  ( -0.000000000000000000, 1.000000000000000000, -0.000000000000000000 ) ) ;
#437 = ORIENTED_EDGE ( 'NONE', *, *, #1334, .T. ) ;
#438 =( GEOMETRIC_REPRESENTATION_CONTEXT ( 3 ) GLOBAL_UNCERTAINTY_ASSIGNED_CONTEXT ( ( #558 ) ) GLOBAL_UNIT_ASSIGNED_CONTEXT ( ( #3580, #2434, #3528 ) ) REPRESENTATION_CONTEXT ( 'NONE', 'WORKASPACE' ) );
#439 = CARTESIAN_POINT ( 'NONE',  ( -1.399999999999989697, -0.1249999999999996808, 0.8699999999999999956 ) ) ;
#440 = EDGE_LOOP ( 'NONE', ( #2939, #915, #2887, #1159 ) ) ;
#441 = ORIENTED_EDGE ( 'NONE', *, *, #1738, .T. ) ;
#442 = DIRECTION ( 'NONE',  ( 1.000000000000000000, 0.000000000000000000, -0.000000000000000000 ) ) ;
#443 = VERTEX_POINT ( 'NONE', #3401 ) ;
#444 = DIRECTION ( 'NONE',  ( 1.000000000000000000, 0.000000000000000000, 0.000000000000000000 ) ) ;
#445 = AXIS2_PLACEMENT_3D ( 'NONE', #2849, #3454, #339 ) ;
#446 =( NAMED_UNIT ( * ) PLANE_ANGLE_UNIT ( ) SI_UNIT ( $, .RADIAN. ) );
#447 = DIRECTION ( 'NONE',  ( 0.000000000000000000, 0.000000000000000000, -1.000000000000000000 ) ) ;
#448 = PRESENTATION_STYLE_ASSIGNMENT (( #1722 ) ) ;
#449 = CARTESIAN_POINT ( 'NONE',  ( -0.1250000000000000000, 1.091516203636184956, 0.8699999999999999956 ) ) ;
#450 = SURFACE_STYLE_USAGE ( .BOTH. , #1234 ) ;
#451 = DIRECTION ( 'NONE',  ( 0.000000000000000000, -1.000000000000000000, 0.000000000000000000 ) ) ;
#452 = DIRECTION ( 'NONE',  ( -1.711898167082376006E-16, 1.000000000000000000, 0.000000000000000000 ) ) ;
#453 = SURFACE_SIDE_STYLE ('',( #1559 ) ) ;
#454 = ADVANCED_FACE ( 'NONE', ( #3128 ), #1239, .F. ) ;
#455 = LINE ( 'NONE', #419, #1963 ) ;
#456 = CARTESIAN_POINT ( 'NONE',  ( -0.9249999999999846123, -0.8749999999999996669, 0.8599999999999999867 ) ) ;
#457 =( NAMED_UNIT ( * ) SI_UNIT ( $, .STERADIAN. ) SOLID_ANGLE_UNIT ( ) );
#458 = EDGE_LOOP ( 'NONE', ( #1452, #3151, #2195, #2048 ) ) ;
#459 = VERTEX_POINT ( 'NONE', #3146 ) ;
#460 =( LENGTH_UNIT ( ) NAMED_UNIT ( * ) SI_UNIT ( .MILLI., .METRE. ) );
#461 = EDGE_CURVE ( 'NONE', #586, #2035, #2279, .T. ) ;
#462 = CARTESIAN_POINT ( 'NONE',  ( -0.9249999999999846123, -0.6249999999999995559, 0.8699999999999999956 ) ) ;
#463 = MECHANICAL_DESIGN_GEOMETRIC_PRESENTATION_REPRESENTATION (  '', ( #3551 ), #702 ) ;
#464 = SURFACE_STYLE_USAGE ( .BOTH. , #1301 ) ;
#465 = PLANE ( 'NONE',  #2642 ) ;
#466 = PRESENTATION_STYLE_ASSIGNMENT (( #166 ) ) ;
#467 = DIRECTION ( 'NONE',  ( 1.000000000000000000, 1.711898167082376006E-16, -0.000000000000000000 ) ) ;
#468 = CARTESIAN_POINT ( 'NONE',  ( 1.100000000000000089, 0.8500000000000005329, 0.2000000000000000111 ) ) ;
#469 = PRESENTATION_LAYER_ASSIGNMENT (  '', '', ( #1062 ) ) ;
#470 = DIRECTION ( 'NONE',  ( 1.734723475976807094E-16, -1.000000000000000000, 0.000000000000000000 ) ) ;
#471 = MECHANICAL_DESIGN_GEOMETRIC_PRESENTATION_REPRESENTATION (  '', ( #8 ), #2974 ) ;
#472 = CARTESIAN_POINT ( 'NONE',  ( 0.9250000000000002665, 0.6250000000000003331, 0.8599999999999999867 ) ) ;
#473 = VERTEX_POINT ( 'NONE', #1764 ) ;
#474 =( GEOMETRIC_REPRESENTATION_CONTEXT ( 3 ) GLOBAL_UNCERTAINTY_ASSIGNED_CONTEXT ( ( #872 ) ) GLOBAL_UNIT_ASSIGNED_CONTEXT ( ( #782, #310, #2782 ) ) REPRESENTATION_CONTEXT ( 'NONE', 'WORKASPACE' ) );
#475 = EDGE_LOOP ( 'NONE', ( #510, #3336, #1241, #2619 ) ) ;
#476 = ADVANCED_FACE ( 'NONE', ( #2333 ), #2851, .T. ) ;
#477 = AXIS2_PLACEMENT_3D ( 'NONE', #673, #2273, #3138 ) ;
#478 = COLOUR_RGB ( '',0.3176470588235293935, 0.2470588235294117752, 0.2078431372549019440 ) ;
#479 = VECTOR ( 'NONE', #1873, 1000.000000000000000 ) ;
#480 = SURFACE_STYLE_FILL_AREA ( #1855 ) ;
#481 = EDGE_CURVE ( 'NONE', #3403, #3478, #1849, .T. ) ;
#482 = FACE_OUTER_BOUND ( 'NONE', #3035, .T. ) ;
#483 = FACE_OUTER_BOUND ( 'NONE', #1396, .T. ) ;
#484 = MECHANICAL_DESIGN_GEOMETRIC_PRESENTATION_REPRESENTATION (  '', ( #2759 ), #954 ) ;
#485 = CARTESIAN_POINT ( 'NONE',  ( 0.3749999999999998890, -0.6165162036361847564, 0.8699999999999999956 ) ) ;
#486 = VECTOR ( 'NONE', #2608, 1000.000000000000000 ) ;
#487 = SURFACE_SIDE_STYLE ('',( #798 ) ) ;
#488 = DIRECTION ( 'NONE',  ( 0.000000000000000000, -1.000000000000000000, 0.000000000000000000 ) ) ;
#489 = DIRECTION ( 'NONE',  ( 0.000000000000000000, -0.000000000000000000, -1.000000000000000000 ) ) ;
#490 = SURFACE_STYLE_USAGE ( .BOTH. , #1246 ) ;
#491 = ORIENTED_EDGE ( 'NONE', *, *, #3558, .F. ) ;
#492 = EDGE_CURVE ( 'NONE', #2615, #2502, #993, .T. ) ;
#493 = AXIS2_PLACEMENT_3D ( 'NONE', #3027, #3273, #1073 ) ;
#494 = DIRECTION ( 'NONE',  ( -0.000000000000000000, 0.000000000000000000, -1.000000000000000000 ) ) ;
#495 = AXIS2_PLACEMENT_3D ( 'NONE', #3442, #3482, #2924 ) ;
#496 = UNCERTAINTY_MEASURE_WITH_UNIT (LENGTH_MEASURE( 1.000000000000000082E-05 ), #9, 'distance_accuracy_value', 'NONE');
#497 = UNCERTAINTY_MEASURE_WITH_UNIT (LENGTH_MEASURE( 1.000000000000000082E-05 ), #675, 'distance_accuracy_value', 'NONE');
#498 = MECHANICAL_DESIGN_GEOMETRIC_PRESENTATION_REPRESENTATION (  '', ( #2071 ), #1388 ) ;
#499 =( GEOMETRIC_REPRESENTATION_CONTEXT ( 3 ) GLOBAL_UNCERTAINTY_ASSIGNED_CONTEXT ( ( #1938 ) ) GLOBAL_UNIT_ASSIGNED_CONTEXT ( ( #2643, #446, #936 ) ) REPRESENTATION_CONTEXT ( 'NONE', 'WORKASPACE' ) );
#500 = FILL_AREA_STYLE ('',( #3279 ) ) ;
#501 = VECTOR ( 'NONE', #270, 1000.000000000000000 ) ;
#502 = CARTESIAN_POINT ( 'NONE',  ( -1.399999999999984590, -0.8749999999999996669, 0.8699999999999999956 ) ) ;
#503 = SURFACE_STYLE_FILL_AREA ( #1943 ) ;
#504 = PRESENTATION_STYLE_ASSIGNMENT (( #1899 ) ) ;
#505 = DIRECTION ( 'NONE',  ( -0.000000000000000000, 0.000000000000000000, 1.000000000000000000 ) ) ;
#506 = LINE ( 'NONE', #2446, #57 ) ;
#507 = ORIENTED_EDGE ( 'NONE', *, *, #391, .F. ) ;
#508 = SURFACE_STYLE_USAGE ( .BOTH. , #2181 ) ;
#509 = PRESENTATION_LAYER_ASSIGNMENT (  '', '', ( #236 ) ) ;
#510 = ORIENTED_EDGE ( 'NONE', *, *, #2883, .F. ) ;
#511 = LINE ( 'NONE', #745, #852 ) ;
#512 = LINE ( 'NONE', #1034, #2601 ) ;
#513 =( NAMED_UNIT ( * ) SI_UNIT ( $, .STERADIAN. ) SOLID_ANGLE_UNIT ( ) );
#514 = VECTOR ( 'NONE', #291, 1000.000000000000000 ) ;
#515 = PRESENTATION_STYLE_ASSIGNMENT (( #285 ) ) ;
#516 = EDGE_CURVE ( 'NONE', #2525, #2603, #3266, .T. ) ;
#517 = STYLED_ITEM ( 'NONE', ( #2430 ), #2993 ) ;
#518 = LINE ( 'NONE', #2746, #80 ) ;
#519 = PRESENTATION_STYLE_ASSIGNMENT (( #1847 ) ) ;
#520 = EDGE_CURVE ( 'NONE', #1647, #864, #225, .T. ) ;
#521 = CARTESIAN_POINT ( 'NONE',  ( -0.1250000000000000833, -0.6165162036361850895, 0.8599999999999999867 ) ) ;
#522 = PRESENTATION_LAYER_ASSIGNMENT (  '', '', ( #70 ) ) ;
#523 = ORIENTED_EDGE ( 'NONE', *, *, #2489, .T. ) ;
#524 =( NAMED_UNIT ( * ) SI_UNIT ( $, .STERADIAN. ) SOLID_ANGLE_UNIT ( ) );
#525 = SURFACE_STYLE_FILL_AREA ( #1992 ) ;
#526 = ORIENTED_EDGE ( 'NONE', *, *, #1979, .T. ) ;
#527 = UNCERTAINTY_MEASURE_WITH_UNIT (LENGTH_MEASURE( 1.000000000000000082E-05 ), #2149, 'distance_accuracy_value', 'NONE');
#528 = AXIS2_PLACEMENT_3D ( 'NONE', #743, #2063, #2362 ) ;
#529 = LINE ( 'NONE', #2218, #948 ) ;
#530 = ORIENTED_EDGE ( 'NONE', *, *, #41, .T. ) ;
#531 = SURFACE_SIDE_STYLE ('',( #1672 ) ) ;
#532 =( NAMED_UNIT ( * ) PLANE_ANGLE_UNIT ( ) SI_UNIT ( $, .RADIAN. ) );
#533 = SURFACE_STYLE_USAGE ( .BOTH. , #2171 ) ;
#534 = VECTOR ( 'NONE', #1108, 1000.000000000000000 ) ;
#535 = CARTESIAN_POINT ( 'NONE',  ( -1.500000000000000000, -1.249999999999999778, 0.2000000000000000111 ) ) ;
#536 = VECTOR ( 'NONE', #2161, 1000.000000000000000 ) ;
#537 =( NAMED_UNIT ( * ) PLANE_ANGLE_UNIT ( ) SI_UNIT ( $, .RADIAN. ) );
#538 =( NAMED_UNIT ( * ) PLANE_ANGLE_UNIT ( ) SI_UNIT ( $, .RADIAN. ) );
#539 = VERTEX_POINT ( 'NONE', #3522 ) ;
#540 = EDGE_CURVE ( 'NONE', #321, #646, #2444, .T. ) ;
#541 = DIRECTION ( 'NONE',  ( -0.000000000000000000, -0.000000000000000000, -1.000000000000000000 ) ) ;
#542 = FILL_AREA_STYLE ('',( #1094 ) ) ;
#543 = EDGE_LOOP ( 'NONE', ( #65, #1243, #29, #437 ) ) ;
#544 = DIRECTION ( 'NONE',  ( 0.000000000000000000, -1.000000000000000000, 0.000000000000000000 ) ) ;
#545 = ORIENTED_EDGE ( 'NONE', *, *, #861, .T. ) ;
#546 = ADVANCED_FACE ( 'NONE', ( #1011 ), #2917, .T. ) ;
#547 = FACE_BOUND ( 'NONE', #1975, .T. ) ;
#548 = EDGE_LOOP ( 'NONE', ( #290, #1145 ) ) ;
#549 = PRESENTATION_STYLE_ASSIGNMENT (( #1399 ) ) ;
#550 = CARTESIAN_POINT ( 'NONE',  ( -0.3750000000000001665, 0.6165162036361850895, 0.8699999999999999956 ) ) ;
#551 = CARTESIAN_POINT ( 'NONE',  ( 0.3750000000000000000, -1.091516203636184956, 0.8699999999999999956 ) ) ;
#552 = CARTESIAN_POINT ( 'NONE',  ( -0.9249999999999950484, 0.1250000000000003331, 0.8699999999999999956 ) ) ;
#553 = VECTOR ( 'NONE', #1371, 1000.000000000000000 ) ;
#554 = PRESENTATION_LAYER_ASSIGNMENT (  '', '', ( #742 ) ) ;
#555 = CARTESIAN_POINT ( 'NONE',  ( -1.400000000000000133, 0.6250000000000003331, 0.8699999999999999956 ) ) ;
#556 = CIRCLE ( 'NONE', #2182, 0.1250000000000000000 ) ;
#557 = LINE ( 'NONE', #2457, #2816 ) ;
#558 = UNCERTAINTY_MEASURE_WITH_UNIT (LENGTH_MEASURE( 1.000000000000000082E-05 ), #3580, 'distance_accuracy_value', 'NONE');
#559 = ORIENTED_EDGE ( 'NONE', *, *, #594, .T. ) ;
#560 = PLANE ( 'NONE',  #1620 ) ;
#561 = COLOUR_RGB ( '',0.3176470588235293935, 0.2470588235294117752, 0.2078431372549019440 ) ;
#562 = CARTESIAN_POINT ( 'NONE',  ( -0.6250000000000000000, -0.6165162036361850895, 0.8699999999999999956 ) ) ;
#563 = EDGE_CURVE ( 'NONE', #843, #3590, #705, .T. ) ;
#564 = VERTEX_POINT ( 'NONE', #456 ) ;
#565 = SURFACE_STYLE_USAGE ( .BOTH. , #256 ) ;
#566 = DIRECTION ( 'NONE',  ( -1.000000000000000000, -0.000000000000000000, -0.000000000000000000 ) ) ;
#567 = ORIENTED_EDGE ( 'NONE', *, *, #1741, .T. ) ;
#568 = UNCERTAINTY_MEASURE_WITH_UNIT (LENGTH_MEASURE( 1.000000000000000082E-05 ), #2827, 'distance_accuracy_value', 'NONE');
#569 = CARTESIAN_POINT ( 'NONE',  ( -0.9249999999999846123, -0.6249999999999995559, 0.8699999999999999956 ) ) ;
#570 = ORIENTED_EDGE ( 'NONE', *, *, #371, .T. ) ;
#571 = ADVANCED_FACE ( 'NONE', ( #155 ), #171, .F. ) ;
#572 = ORIENTED_EDGE ( 'NONE', *, *, #1639, .F. ) ;
#573 = ORIENTED_EDGE ( 'NONE', *, *, #1906, .T. ) ;
#574 = CARTESIAN_POINT ( 'NONE',  ( -0.1250000000000000833, -0.6165162036361850895, 0.8699999999999999956 ) ) ;
#575 = SURFACE_SIDE_STYLE ('',( #1957 ) ) ;
#576 = FILL_AREA_STYLE ('',( #1960 ) ) ;
#577 = VECTOR ( 'NONE', #620, 1000.000000000000000 ) ;
#578 = FACE_OUTER_BOUND ( 'NONE', #426, .T. ) ;
#579 = SURFACE_SIDE_STYLE ('',( #1188 ) ) ;
#580 = FILL_AREA_STYLE_COLOUR ( '', #201 ) ;
#581 = DIRECTION ( 'NONE',  ( 0.000000000000000000, -1.000000000000000000, 0.000000000000000000 ) ) ;
#582 = SURFACE_STYLE_FILL_AREA ( #1681 ) ;
#583 = LINE ( 'NONE', #1175, #427 ) ;
#584 = PRESENTATION_LAYER_ASSIGNMENT (  '', '', ( #2501 ) ) ;
#585 = SURFACE_SIDE_STYLE ('',( #1113 ) ) ;
#586 = VERTEX_POINT ( 'NONE', #2393 ) ;
#587 = DIRECTION ( 'NONE',  ( 2.282530889443166036E-16, 1.000000000000000000, 0.000000000000000000 ) ) ;
#588 = LINE ( 'NONE', #3105, #1547 ) ;
#589 = ORIENTED_EDGE ( 'NONE', *, *, #516, .T. ) ;
#590 = SURFACE_SIDE_STYLE ('',( #1746 ) ) ;
#591 = ORIENTED_EDGE ( 'NONE', *, *, #371, .F. ) ;
#592 = DIRECTION ( 'NONE',  ( 1.000000000000000000, 0.000000000000000000, 0.000000000000000000 ) ) ;
#593 = COLOUR_RGB ( '',0.3176470588235293935, 0.2470588235294117752, 0.2078431372549019440 ) ;
#594 = EDGE_CURVE ( 'NONE', #2880, #1529, #3238, .T. ) ;
#595 = PRESENTATION_STYLE_ASSIGNMENT (( #3369 ) ) ;
#596 = LINE ( 'NONE', #2200, #1029 ) ;
#597 = DIRECTION ( 'NONE',  ( -1.711898167082375759E-16, 1.000000000000000000, 0.000000000000000000 ) ) ;
#598 = ADVANCED_FACE ( 'NONE', ( #3334 ), #254, .F. ) ;
#599 = FACE_OUTER_BOUND ( 'NONE', #156, .T. ) ;
#600 = AXIS2_PLACEMENT_3D ( 'NONE', #449, #731, #2141 ) ;
#601 = PRESENTATION_STYLE_ASSIGNMENT (( #92 ) ) ;
#602 = SURFACE_SIDE_STYLE ('',( #2569 ) ) ;
#603 = PRESENTATION_LAYER_ASSIGNMENT (  '', '', ( #1829 ) ) ;
#604 = CARTESIAN_POINT ( 'NONE',  ( 0.1250000000000000833, 0.6165162036361850895, 0.8699999999999999956 ) ) ;
#605 = AXIS2_PLACEMENT_3D ( 'NONE', #1942, #1640, #3280 ) ;
#606 = ORIENTED_EDGE ( 'NONE', *, *, #1946, .F. ) ;
#607 = VECTOR ( 'NONE', #2194, 1000.000000000000000 ) ;
#608 =( LENGTH_UNIT ( ) NAMED_UNIT ( * ) SI_UNIT ( .MILLI., .METRE. ) );
#609 = CARTESIAN_POINT ( 'NONE',  ( 0.9249999999999950484, 0.3750000000000004441, 0.8699999999999999956 ) ) ;
#610 = LINE ( 'NONE', #1201, #2373 ) ;
#611 = VECTOR ( 'NONE', #3578, 1000.000000000000000 ) ;
#612 = SURFACE_SIDE_STYLE ('',( #3457 ) ) ;
#613 = ORIENTED_EDGE ( 'NONE', *, *, #133, .F. ) ;
#614 = ORIENTED_EDGE ( 'NONE', *, *, #1822, .F. ) ;
#615 = UNCERTAINTY_MEASURE_WITH_UNIT (LENGTH_MEASURE( 1.000000000000000082E-05 ), #1443, 'distance_accuracy_value', 'NONE');
#616 = ORIENTED_EDGE ( 'NONE', *, *, #3012, .T. ) ;
#617 = CARTESIAN_POINT ( 'NONE',  ( -1.400000000000000133, 0.8750000000000003331, 0.8699999999999999956 ) ) ;
#618 =( NAMED_UNIT ( * ) SI_UNIT ( $, .STERADIAN. ) SOLID_ANGLE_UNIT ( ) );
#619 = EDGE_CURVE ( 'NONE', #1644, #85, #17, .T. ) ;
#620 = DIRECTION ( 'NONE',  ( 1.000000000000000000, 0.000000000000000000, 0.000000000000000000 ) ) ;
#621 = PLANE ( 'NONE',  #319 ) ;
#622 = CARTESIAN_POINT ( 'NONE',  ( -1.500000000000000444, 1.250000000000000222, 0.2000000000000000111 ) ) ;
#623 = DIRECTION ( 'NONE',  ( 2.282530889443167515E-16, -1.000000000000000000, 0.000000000000000000 ) ) ;
#624 = CARTESIAN_POINT ( 'NONE',  ( 1.224999999999999867, 0.8500000000000005329, 0.2000000000000000111 ) ) ;
#625 = SURFACE_STYLE_FILL_AREA ( #94 ) ;
#626 = LINE ( 'NONE', #2572, #218 ) ;
#627 = ORIENTED_EDGE ( 'NONE', *, *, #3267, .T. ) ;
#628 = DIRECTION ( 'NONE',  ( -0.000000000000000000, 0.000000000000000000, 1.000000000000000000 ) ) ;
#629 = CARTESIAN_POINT ( 'NONE',  ( -1.399999999999984590, -0.6249999999999996669, 0.8599999999999999867 ) ) ;
#630 = CARTESIAN_POINT ( 'NONE',  ( 0.3749999999999998890, -0.6165162036361847564, 0.8599999999999999867 ) ) ;
#631 = ORIENTED_EDGE ( 'NONE', *, *, #2747, .T. ) ;
#632 = EDGE_LOOP ( 'NONE', ( #2414, #2499, #3415, #2337 ) ) ;
#633 = VERTEX_POINT ( 'NONE', #2177 ) ;
#634 = PRESENTATION_STYLE_ASSIGNMENT (( #345 ) ) ;
#635 = CARTESIAN_POINT ( 'NONE',  ( 0.3749999999999998890, 0.6165162036361847564, 0.8699999999999999956 ) ) ;
#636 = FILL_AREA_STYLE_COLOUR ( '', #827 ) ;
#637 = EDGE_CURVE ( 'NONE', #3078, #100, #1361, .T. ) ;
#638 = SURFACE_STYLE_FILL_AREA ( #3141 ) ;
#639 = CARTESIAN_POINT ( 'NONE',  ( -0.1250000000000000833, 0.6165162036361850895, 0.8699999999999999956 ) ) ;
#640 = ORIENTED_EDGE ( 'NONE', *, *, #234, .F. ) ;
#641 = DIRECTION ( 'NONE',  ( -0.000000000000000000, -0.000000000000000000, -1.000000000000000000 ) ) ;
#642 = PLANE ( 'NONE',  #445 ) ;
#643 = PRESENTATION_LAYER_ASSIGNMENT (  '', '', ( #2792 ) ) ;
#644 = ADVANCED_FACE ( 'NONE', ( #3034 ), #1913, .F. ) ;
#645 = SURFACE_STYLE_USAGE ( .BOTH. , #3420 ) ;
#646 = VERTEX_POINT ( 'NONE', #521 ) ;
#647 =( NAMED_UNIT ( * ) SI_UNIT ( $, .STERADIAN. ) SOLID_ANGLE_UNIT ( ) );
#648 = CARTESIAN_POINT ( 'NONE',  ( 0.000000000000000000, 0.000000000000000000, 0.8699999999999999956 ) ) ;
#649 = STYLED_ITEM ( 'NONE', ( #3424 ), #1424 ) ;
#650 = PLANE ( 'NONE',  #2546 ) ;
#651 =( NAMED_UNIT ( * ) SI_UNIT ( $, .STERADIAN. ) SOLID_ANGLE_UNIT ( ) );
#652 = CARTESIAN_POINT ( 'NONE',  ( 1.399999999999984590, -0.6249999999999996669, 0.8599999999999999867 ) ) ;
#653 = VECTOR ( 'NONE', #2276, 1000.000000000000000 ) ;
#654 = ORIENTED_EDGE ( 'NONE', *, *, #2582, .T. ) ;
#655 = CARTESIAN_POINT ( 'NONE',  ( 0.000000000000000000, 0.000000000000000000, 0.8699999999999999956 ) ) ;
#656 = PRESENTATION_STYLE_ASSIGNMENT (( #2899 ) ) ;
#657 = ADVANCED_FACE ( 'NONE', ( #1643 ), #1970, .F. ) ;
#658 =( NAMED_UNIT ( * ) PLANE_ANGLE_UNIT ( ) SI_UNIT ( $, .RADIAN. ) );
#659 = MECHANICAL_DESIGN_GEOMETRIC_PRESENTATION_REPRESENTATION (  '', ( #1193 ), #2701 ) ;
#660 =( LENGTH_UNIT ( ) NAMED_UNIT ( * ) SI_UNIT ( .MILLI., .METRE. ) );
#661 =( GEOMETRIC_REPRESENTATION_CONTEXT ( 3 ) GLOBAL_UNCERTAINTY_ASSIGNED_CONTEXT ( ( #1950 ) ) GLOBAL_UNIT_ASSIGNED_CONTEXT ( ( #1286, #2370, #751 ) ) REPRESENTATION_CONTEXT ( 'NONE', 'WORKASPACE' ) );
#662 = EDGE_LOOP ( 'NONE', ( #3312, #1528, #269, #1817 ) ) ;
#663 = STYLED_ITEM ( 'NONE', ( #2157 ), #1065 ) ;
#664 = ORIENTED_EDGE ( 'NONE', *, *, #2230, .F. ) ;
#665 = ORIENTED_EDGE ( 'NONE', *, *, #2039, .F. ) ;
#666 = STYLED_ITEM ( 'NONE', ( #3256 ), #3592 ) ;
#667 = PRESENTATION_STYLE_ASSIGNMENT (( #3242 ) ) ;
#668 = ORIENTED_EDGE ( 'NONE', *, *, #1254, .F. ) ;
#669 = LINE ( 'NONE', #1786, #1616 ) ;
#670 =( NAMED_UNIT ( * ) PLANE_ANGLE_UNIT ( ) SI_UNIT ( $, .RADIAN. ) );
#671 = DIRECTION ( 'NONE',  ( -1.000000000000000000, -0.000000000000000000, -0.000000000000000000 ) ) ;
#672 = PLANE ( 'NONE',  #2169 ) ;
#673 = CARTESIAN_POINT ( 'NONE',  ( -0.6250000000000000000, 1.091516203636184956, 0.8699999999999999956 ) ) ;
#674 = SURFACE_STYLE_FILL_AREA ( #1557 ) ;
#675 =( LENGTH_UNIT ( ) NAMED_UNIT ( * ) SI_UNIT ( .MILLI., .METRE. ) );
#676 = ORIENTED_EDGE ( 'NONE', *, *, #194, .T. ) ;
#677 = CARTESIAN_POINT ( 'NONE',  ( 0.6250000000000000000, -1.091516203636184956, 0.8699999999999999956 ) ) ;
#678 = MECHANICAL_DESIGN_GEOMETRIC_PRESENTATION_REPRESENTATION (  '', ( #2423 ), #2834 ) ;
#679 = ADVANCED_FACE ( 'NONE', ( #875 ), #3377, .F. ) ;
#680 =( NAMED_UNIT ( * ) SI_UNIT ( $, .STERADIAN. ) SOLID_ANGLE_UNIT ( ) );
#681 = ORIENTED_EDGE ( 'NONE', *, *, #234, .T. ) ;
#682 = STYLED_ITEM ( 'NONE', ( #2471 ), #195 ) ;
#683 = ORIENTED_EDGE ( 'NONE', *, *, #41, .F. ) ;
#684 = MECHANICAL_DESIGN_GEOMETRIC_PRESENTATION_REPRESENTATION (  '', ( #2605 ), #2485 ) ;
#685 = ORIENTED_EDGE ( 'NONE', *, *, #2888, .F. ) ;
#686 = EDGE_LOOP ( 'NONE', ( #994, #1600, #1707, #190 ) ) ;
#687 = EDGE_CURVE ( 'NONE', #2636, #2035, #2845, .T. ) ;
#688 = EDGE_CURVE ( 'NONE', #3220, #473, #626, .T. ) ;
#689 = AXIS2_PLACEMENT_3D ( 'NONE', #833, #1642, #1093 ) ;
#690 = SURFACE_SIDE_STYLE ('',( #2694 ) ) ;
#691 = CARTESIAN_POINT ( 'NONE',  ( -0.9249999999999898304, -0.3749999999999996669, 0.8599999999999999867 ) ) ;
#692 = DIRECTION ( 'NONE',  ( -0.000000000000000000, -0.000000000000000000, -1.000000000000000000 ) ) ;
#693 = CARTESIAN_POINT ( 'NONE',  ( 0.9750000000000000888, 0.8500000000000005329, 0.2500000000000000000 ) ) ;
#694 = CARTESIAN_POINT ( 'NONE',  ( 1.399999999999995026, 0.3750000000000003331, 0.8699999999999999956 ) ) ;
#695 = CARTESIAN_POINT ( 'NONE',  ( 1.500000000000000000, -1.249999999999999778, 0.2000000000000000111 ) ) ;
#696 =( NAMED_UNIT ( * ) SI_UNIT ( $, .STERADIAN. ) SOLID_ANGLE_UNIT ( ) );
#697 = PLANE ( 'NONE',  #389 ) ;
#698 =( GEOMETRIC_REPRESENTATION_CONTEXT ( 3 ) GLOBAL_UNCERTAINTY_ASSIGNED_CONTEXT ( ( #1085 ) ) GLOBAL_UNIT_ASSIGNED_CONTEXT ( ( #393, #1116, #3001 ) ) REPRESENTATION_CONTEXT ( 'NONE', 'WORKASPACE' ) );
#699 = FILL_AREA_STYLE_COLOUR ( '', #874 ) ;
#700 = EDGE_LOOP ( 'NONE', ( #1972, #189, #366, #14 ) ) ;
#701 = ORIENTED_EDGE ( 'NONE', *, *, #3554, .F. ) ;
#702 =( GEOMETRIC_REPRESENTATION_CONTEXT ( 3 ) GLOBAL_UNCERTAINTY_ASSIGNED_CONTEXT ( ( #3100 ) ) GLOBAL_UNIT_ASSIGNED_CONTEXT ( ( #2110, #2951, #3471 ) ) REPRESENTATION_CONTEXT ( 'NONE', 'WORKASPACE' ) );
#703 = EDGE_LOOP ( 'NONE', ( #923, #387, #1164, #3173 ) ) ;
#704 = VECTOR ( 'NONE', #2436, 1000.000000000000000 ) ;
#705 = CIRCLE ( 'NONE', #3211, 0.1250000000000000000 ) ;
#706 = EDGE_CURVE ( 'NONE', #140, #2165, #3142, .T. ) ;
#707 =( LENGTH_UNIT ( ) NAMED_UNIT ( * ) SI_UNIT ( .MILLI., .METRE. ) );
#708 = DIRECTION ( 'NONE',  ( 1.000000000000000000, 1.734723475976807341E-16, -0.000000000000000000 ) ) ;
#709 = CARTESIAN_POINT ( 'NONE',  ( 1.224999999999999867, 0.8500000000000005329, 0.2500000000000000000 ) ) ;
#710 = SURFACE_STYLE_USAGE ( .BOTH. , #2647 ) ;
#711 = EDGE_CURVE ( 'NONE', #633, #2193, #43, .T. ) ;
#712 = EDGE_LOOP ( 'NONE', ( #2772, #2318, #665, #1138 ) ) ;
#713 = CARTESIAN_POINT ( 'NONE',  ( -0.1250000000000000000, -1.091516203636184956, 0.8699999999999999956 ) ) ;
#714 = PLANE ( 'NONE',  #1172 ) ;
#715 = LINE ( 'NONE', #2748, #1033 ) ;
#716 = PRESENTATION_LAYER_ASSIGNMENT (  '', '', ( #771 ) ) ;
#717 = PRESENTATION_STYLE_ASSIGNMENT (( #3199 ) ) ;
#718 = ORIENTED_EDGE ( 'NONE', *, *, #79, .F. ) ;
#719 = AXIS2_PLACEMENT_3D ( 'NONE', #3517, #1570, #1586 ) ;
#720 = EDGE_LOOP ( 'NONE', ( #772, #841, #298, #1955 ) ) ;
#721 = ORIENTED_EDGE ( 'NONE', *, *, #1156, .T. ) ;
#722 = VECTOR ( 'NONE', #264, 1000.000000000000000 ) ;
#723 =( GEOMETRIC_REPRESENTATION_CONTEXT ( 3 ) GLOBAL_UNCERTAINTY_ASSIGNED_CONTEXT ( ( #3565 ) ) GLOBAL_UNIT_ASSIGNED_CONTEXT ( ( #1151, #2566, #2272 ) ) REPRESENTATION_CONTEXT ( 'NONE', 'WORKASPACE' ) );
#724 = AXIS2_PLACEMENT_3D ( 'NONE', #562, #3573, #3017 ) ;
#725 = MECHANICAL_DESIGN_GEOMETRIC_PRESENTATION_REPRESENTATION (  '', ( #891 ), #1546 ) ;
#726 = VECTOR ( 'NONE', #3083, 1000.000000000000000 ) ;
#727 = VECTOR ( 'NONE', #2970, 1000.000000000000000 ) ;
#728 = FACE_OUTER_BOUND ( 'NONE', #2041, .T. ) ;
#729 = ADVANCED_FACE ( 'NONE', ( #1176 ), #1568, .F. ) ;
#730 = CARTESIAN_POINT ( 'NONE',  ( -1.399999999999995026, 0.1250000000000003331, 0.8699999999999999956 ) ) ;
#731 = DIRECTION ( 'NONE',  ( 0.000000000000000000, -1.000000000000000000, 0.000000000000000000 ) ) ;
#732 =( NAMED_UNIT ( * ) SI_UNIT ( $, .STERADIAN. ) SOLID_ANGLE_UNIT ( ) );
#733 = DIRECTION ( 'NONE',  ( -0.000000000000000000, 1.000000000000000000, -0.000000000000000000 ) ) ;
#734 = EDGE_CURVE ( 'NONE', #315, #1441, #2945, .T. ) ;
#735 = CARTESIAN_POINT ( 'NONE',  ( -1.500000000000000000, -1.249999999999999778, 0.2000000000000000111 ) ) ;
#736 = DIRECTION ( 'NONE',  ( 0.000000000000000000, -0.000000000000000000, 1.000000000000000000 ) ) ;
#737 = CARTESIAN_POINT ( 'NONE',  ( 1.500000000000000000, -1.249999999999999778, 0.2000000000000000111 ) ) ;
#738 =( GEOMETRIC_REPRESENTATION_CONTEXT ( 3 ) GLOBAL_UNCERTAINTY_ASSIGNED_CONTEXT ( ( #2783 ) ) GLOBAL_UNIT_ASSIGNED_CONTEXT ( ( #2528, #2776, #2761 ) ) REPRESENTATION_CONTEXT ( 'NONE', 'WORKASPACE' ) );
#739 = CARTESIAN_POINT ( 'NONE',  ( -0.9249999999999898304, -0.1249999999999995698, 0.8599999999999999867 ) ) ;
#740 = ORIENTED_EDGE ( 'NONE', *, *, #1802, .T. ) ;
#741 = VERTEX_POINT ( 'NONE', #3209 ) ;
#742 = STYLED_ITEM ( 'NONE', ( #3292 ), #834 ) ;
#743 = CARTESIAN_POINT ( 'NONE',  ( -1.399999999999989697, -0.1249999999999996808, 0.8699999999999999956 ) ) ;
#744 = VECTOR ( 'NONE', #1024, 1000.000000000000000 ) ;
#745 = CARTESIAN_POINT ( 'NONE',  ( 0.1250000000000000000, 1.091516203636184956, 0.8699999999999999956 ) ) ;
#746 = VECTOR ( 'NONE', #541, 1000.000000000000000 ) ;
#747 = FILL_AREA_STYLE ('',( #1354 ) ) ;
#748 = DIRECTION ( 'NONE',  ( 0.000000000000000000, 1.000000000000000000, 0.000000000000000000 ) ) ;
#749 = STYLED_ITEM ( 'NONE', ( #1123 ), #7 ) ;
#750 = CARTESIAN_POINT ( 'NONE',  ( 0.6249999999999998890, -0.6165162036361847564, 0.8699999999999999956 ) ) ;
#751 =( NAMED_UNIT ( * ) SI_UNIT ( $, .STERADIAN. ) SOLID_ANGLE_UNIT ( ) );
#752 = DIRECTION ( 'NONE',  ( -1.000000000000000000, -0.000000000000000000, -0.000000000000000000 ) ) ;
#753 = CARTESIAN_POINT ( 'NONE',  ( 0.1250000000000000833, -0.6165162036361850895, 0.8699999999999999956 ) ) ;
#754 = ADVANCED_FACE ( 'NONE', ( #410 ), #650, .F. ) ;
#755 = CARTESIAN_POINT ( 'NONE',  ( -0.1250000000000000000, 1.091516203636184956, 0.8599999999999999867 ) ) ;
#756 = CARTESIAN_POINT ( 'NONE',  ( -0.6250000000000000000, 0.6165162036361850895, 0.8699999999999999956 ) ) ;
#757 = EDGE_LOOP ( 'NONE', ( #530, #570, #1732, #631 ) ) ;
#758 = ORIENTED_EDGE ( 'NONE', *, *, #3008, .F. ) ;
#759 = EDGE_CURVE ( 'NONE', #912, #997, #1230, .T. ) ;
#760 = CARTESIAN_POINT ( 'NONE',  ( 1.100000000000000089, 0.8500000000000005329, 0.2000000000000000111 ) ) ;
#761 = VECTOR ( 'NONE', #336, 1000.000000000000000 ) ;
#762 = DIRECTION ( 'NONE',  ( 0.7071067811865472397, 0.7071067811865479058, 0.000000000000000000 ) ) ;
#763 = CARTESIAN_POINT ( 'NONE',  ( -1.399999999999984590, -0.6249999999999996669, 0.8699999999999999956 ) ) ;
#764 = CARTESIAN_POINT ( 'NONE',  ( 1.399999999999995026, 0.1250000000000003331, 0.8699999999999999956 ) ) ;
#765 = VECTOR ( 'NONE', #3046, 1000.000000000000000 ) ;
#766 = CARTESIAN_POINT ( 'NONE',  ( -1.399999999999989697, -0.3749999999999996669, 0.8599999999999999867 ) ) ;
#767 = DIRECTION ( 'NONE',  ( -0.000000000000000000, -1.000000000000000000, -0.000000000000000000 ) ) ;
#768 = ADVANCED_FACE ( 'NONE', ( #2323 ), #1269, .F. ) ;
#769 = DIRECTION ( 'NONE',  ( 0.000000000000000000, 0.000000000000000000, 1.000000000000000000 ) ) ;
#770 = EDGE_LOOP ( 'NONE', ( #1782, #2336, #3018, #2338 ) ) ;
#771 = STYLED_ITEM ( 'NONE', ( #656 ), #2551 ) ;
#772 = ORIENTED_EDGE ( 'NONE', *, *, #2308, .T. ) ;
#773 = PRESENTATION_LAYER_ASSIGNMENT (  '', '', ( #1827 ) ) ;
#774 = VECTOR ( 'NONE', #3395, 1000.000000000000000 ) ;
#775 = DIRECTION ( 'NONE',  ( 1.000000000000000000, 0.000000000000000000, 0.000000000000000000 ) ) ;
#776 = FILL_AREA_STYLE ('',( #2743 ) ) ;
#777 = FILL_AREA_STYLE ('',( #3274 ) ) ;
#778 = COLOUR_RGB ( '',0.3176470588235293935, 0.2470588235294117752, 0.2078431372549019440 ) ;
#779 = AXIS2_PLACEMENT_3D ( 'NONE', #2736, #2752, #1097 ) ;
#780 = STYLED_ITEM ( 'NONE', ( #1310 ), #3574 ) ;
#781 = FILL_AREA_STYLE_COLOUR ( '', #1484 ) ;
#782 =( LENGTH_UNIT ( ) NAMED_UNIT ( * ) SI_UNIT ( .MILLI., .METRE. ) );
#783 = SURFACE_SIDE_STYLE ('',( #1683 ) ) ;
#784 = SURFACE_STYLE_FILL_AREA ( #1947 ) ;
#785 = FILL_AREA_STYLE_COLOUR ( '', #2448 ) ;
#786 = FACE_OUTER_BOUND ( 'NONE', #3421, .T. ) ;
#787 = EDGE_LOOP ( 'NONE', ( #910, #3347, #664, #900 ) ) ;
#788 =( NAMED_UNIT ( * ) SI_UNIT ( $, .STERADIAN. ) SOLID_ANGLE_UNIT ( ) );
#789 = EDGE_LOOP ( 'NONE', ( #2872, #1312, #138, #2554 ) ) ;
#790 = DIRECTION ( 'NONE',  ( -0.000000000000000000, -0.000000000000000000, -1.000000000000000000 ) ) ;
#791 = DIRECTION ( 'NONE',  ( -1.000000000000000000, 2.282530889443167515E-16, 0.000000000000000000 ) ) ;
#792 = PRESENTATION_STYLE_ASSIGNMENT (( #3293 ) ) ;
#793 = UNCERTAINTY_MEASURE_WITH_UNIT (LENGTH_MEASURE( 1.000000000000000082E-05 ), #1584, 'distance_accuracy_value', 'NONE');
#794 = UNCERTAINTY_MEASURE_WITH_UNIT (LENGTH_MEASURE( 1.000000000000000082E-05 ), #1250, 'distance_accuracy_value', 'NONE');
#795 = AXIS2_PLACEMENT_3D ( 'NONE', #3259, #2087, #149 ) ;
#796 = EDGE_CURVE ( 'NONE', #2329, #3147, #512, .T. ) ;
#797 = CARTESIAN_POINT ( 'NONE',  ( 1.399999999999984590, -0.6249999999999996669, 0.8699999999999999956 ) ) ;
#798 = SURFACE_STYLE_FILL_AREA ( #1680 ) ;
#799 = CARTESIAN_POINT ( 'NONE',  ( 1.499999999999999556, 1.250000000000000222, 0.2000000000000000111 ) ) ;
#800 = VERTEX_POINT ( 'NONE', #3530 ) ;
#801 = DIRECTION ( 'NONE',  ( 1.000000000000000000, 0.000000000000000000, 0.000000000000000000 ) ) ;
#802 = CARTESIAN_POINT ( 'NONE',  ( 1.399999999999995026, 0.3750000000000003331, 0.8599999999999999867 ) ) ;
#803 = VERTEX_POINT ( 'NONE', #2977 ) ;
#804 = ORIENTED_EDGE ( 'NONE', *, *, #1864, .F. ) ;
#805 = UNCERTAINTY_MEASURE_WITH_UNIT (LENGTH_MEASURE( 1.000000000000000082E-05 ), #2364, 'distance_accuracy_value', 'NONE');
#806 = CARTESIAN_POINT ( 'NONE',  ( -0.9249999999999846123, -0.6249999999999995559, 0.8599999999999999867 ) ) ;
#807 = EDGE_CURVE ( 'NONE', #2846, #1100, #2472, .T. ) ;
#808 = VECTOR ( 'NONE', #3451, 1000.000000000000000 ) ;
#809 = SURFACE_STYLE_USAGE ( .BOTH. , #3076 ) ;
#810 = EDGE_CURVE ( 'NONE', #3435, #2540, #1607, .T. ) ;
#811 = LINE ( 'NONE', #3568, #2046 ) ;
#812 = CARTESIAN_POINT ( 'NONE',  ( -1.500000000000000444, 1.250000000000000222, 0.2000000000000000111 ) ) ;
#813 = DIRECTION ( 'NONE',  ( -1.000000000000000000, 0.000000000000000000, 0.000000000000000000 ) ) ;
#814 = ORIENTED_EDGE ( 'NONE', *, *, #840, .F. ) ;
#815 = CARTESIAN_POINT ( 'NONE',  ( 1.400000000000000133, 0.8750000000000003331, 0.8599999999999999867 ) ) ;
#816 = EDGE_LOOP ( 'NONE', ( #1953, #2620, #2246, #654 ) ) ;
#817 =( GEOMETRIC_REPRESENTATION_CONTEXT ( 3 ) GLOBAL_UNCERTAINTY_ASSIGNED_CONTEXT ( ( #2836 ) ) GLOBAL_UNIT_ASSIGNED_CONTEXT ( ( #1244, #1297, #3190 ) ) REPRESENTATION_CONTEXT ( 'NONE', 'WORKASPACE' ) );
#818 = UNCERTAINTY_MEASURE_WITH_UNIT (LENGTH_MEASURE( 1.000000000000000082E-05 ), #3452, 'distance_accuracy_value', 'NONE');
#819 = FACE_BOUND ( 'NONE', #1949, .T. ) ;
#820 = AXIS2_PLACEMENT_3D ( 'NONE', #927, #971, #2635 ) ;
#821 = EDGE_LOOP ( 'NONE', ( #2573, #1384, #2958, #2097 ) ) ;
#822 = CARTESIAN_POINT ( 'NONE',  ( 0.000000000000000000, 0.000000000000000000, 0.8699999999999999956 ) ) ;
#823 = DIRECTION ( 'NONE',  ( 1.000000000000000000, -2.282530889443167515E-16, 0.000000000000000000 ) ) ;
#824 = SURFACE_STYLE_FILL_AREA ( #576 ) ;
#825 = DIRECTION ( 'NONE',  ( -1.000000000000000000, -0.000000000000000000, -0.000000000000000000 ) ) ;
#826 = ADVANCED_FACE ( 'NONE', ( #482 ), #2995, .F. ) ;
#827 = COLOUR_RGB ( '',0.3176470588235293935, 0.2470588235294117752, 0.2078431372549019440 ) ;
#828 = SURFACE_STYLE_FILL_AREA ( #3011 ) ;
#829 = PRESENTATION_LAYER_ASSIGNMENT (  '', '', ( #663 ) ) ;
#830 = CARTESIAN_POINT ( 'NONE',  ( -0.1250000000000000000, -1.091516203636184956, 0.8599999999999999867 ) ) ;
#831 = CARTESIAN_POINT ( 'NONE',  ( 0.9750000000000000888, 0.8500000000000005329, 0.000000000000000000 ) ) ;
#832 = ORIENTED_EDGE ( 'NONE', *, *, #461, .F. ) ;
#833 = CARTESIAN_POINT ( 'NONE',  ( 1.400000000000000133, 0.8750000000000003331, 0.8699999999999999956 ) ) ;
#834 = ADVANCED_FACE ( 'NONE', ( #1051 ), #1333, .F. ) ;
#835 = ORIENTED_EDGE ( 'NONE', *, *, #111, .F. ) ;
#836 = CARTESIAN_POINT ( 'NONE',  ( -0.9249999999999898304, -0.3749999999999996669, 0.8699999999999999956 ) ) ;
#837 = SURFACE_STYLE_USAGE ( .BOTH. , #1646 ) ;
#838 = ORIENTED_EDGE ( 'NONE', *, *, #40, .F. ) ;
#839 = DIRECTION ( 'NONE',  ( -0.000000000000000000, -0.000000000000000000, -1.000000000000000000 ) ) ;
#840 = EDGE_CURVE ( 'NONE', #288, #1958, #1423, .T. ) ;
#841 = ORIENTED_EDGE ( 'NONE', *, *, #1070, .F. ) ;
#842 = CARTESIAN_POINT ( 'NONE',  ( -0.9250000000000002665, 0.8750000000000004441, 0.8699999999999999956 ) ) ;
#843 = VERTEX_POINT ( 'NONE', #3073 ) ;
#844 = CARTESIAN_POINT ( 'NONE',  ( 1.499999999999999556, 1.250000000000000222, 0.2000000000000000111 ) ) ;
#845 = ORIENTED_EDGE ( 'NONE', *, *, #3536, .F. ) ;
#846 = DIRECTION ( 'NONE',  ( 1.734723475976807094E-16, -1.000000000000000000, 0.000000000000000000 ) ) ;
#847 = DIRECTION ( 'NONE',  ( 1.734723475976807094E-16, -1.000000000000000000, 0.000000000000000000 ) ) ;
#848 = DIRECTION ( 'NONE',  ( 0.000000000000000000, 0.000000000000000000, 1.000000000000000000 ) ) ;
#849 = MECHANICAL_DESIGN_GEOMETRIC_PRESENTATION_REPRESENTATION (  '', ( #333 ), #2890 ) ;
#850 = CARTESIAN_POINT ( 'NONE',  ( -0.1250000000000000000, -1.091516203636184956, 0.8699999999999999956 ) ) ;
#851 = FACE_OUTER_BOUND ( 'NONE', #1932, .T. ) ;
#852 = VECTOR ( 'NONE', #2696, 1000.000000000000000 ) ;
#853 = AXIS2_PLACEMENT_3D ( 'NONE', #909, #3414, #1468 ) ;
#854 =( NAMED_UNIT ( * ) SI_UNIT ( $, .STERADIAN. ) SOLID_ANGLE_UNIT ( ) );
#855 = ORIENTED_EDGE ( 'NONE', *, *, #2354, .F. ) ;
#856 = DIRECTION ( 'NONE',  ( 2.282530889443166036E-16, 1.000000000000000000, 0.000000000000000000 ) ) ;
#857 = AXIS2_PLACEMENT_3D ( 'NONE', #1342, #2442, #1061 ) ;
#858 = ORIENTED_EDGE ( 'NONE', *, *, #258, .T. ) ;
#859 = PLANE ( 'NONE',  #2627 ) ;
#860 = LINE ( 'NONE', #3587, #607 ) ;
#861 = EDGE_CURVE ( 'NONE', #1662, #3185, #596, .T. ) ;
#862 = ORIENTED_EDGE ( 'NONE', *, *, #2768, .F. ) ;
#863 = DIRECTION ( 'NONE',  ( 0.000000000000000000, -0.000000000000000000, 1.000000000000000000 ) ) ;
#864 = VERTEX_POINT ( 'NONE', #1402 ) ;
#865 = EDGE_CURVE ( 'NONE', #2753, #3302, #3321, .T. ) ;
#866 =( GEOMETRIC_REPRESENTATION_CONTEXT ( 3 ) GLOBAL_UNCERTAINTY_ASSIGNED_CONTEXT ( ( #527 ) ) GLOBAL_UNIT_ASSIGNED_CONTEXT ( ( #2149, #188, #1311 ) ) REPRESENTATION_CONTEXT ( 'NONE', 'WORKASPACE' ) );
#867 =( GEOMETRIC_REPRESENTATION_CONTEXT ( 3 ) GLOBAL_UNCERTAINTY_ASSIGNED_CONTEXT ( ( #3025 ) ) GLOBAL_UNIT_ASSIGNED_CONTEXT ( ( #2839, #1698, #2269 ) ) REPRESENTATION_CONTEXT ( 'NONE', 'WORKASPACE' ) );
#868 = LINE ( 'NONE', #1985, #1169 ) ;
#869 = DIRECTION ( 'NONE',  ( -3.423796334164751519E-16, 1.000000000000000000, -0.000000000000000000 ) ) ;
#870 = LINE ( 'NONE', #3392, #956 ) ;
#871 = FILL_AREA_STYLE ('',( #3373 ) ) ;
#872 = UNCERTAINTY_MEASURE_WITH_UNIT (LENGTH_MEASURE( 1.000000000000000082E-05 ), #782, 'distance_accuracy_value', 'NONE');
#873 =( LENGTH_UNIT ( ) NAMED_UNIT ( * ) SI_UNIT ( .MILLI., .METRE. ) );
#874 = COLOUR_RGB ( '',0.3176470588235293935, 0.2470588235294117752, 0.2078431372549019440 ) ;
#875 = FACE_OUTER_BOUND ( 'NONE', #3301, .T. ) ;
#876 = STYLED_ITEM ( 'NONE', ( #717 ), #546 ) ;
#877 = EDGE_LOOP ( 'NONE', ( #1948, #1183, #2479, #1295 ) ) ;
#878 = DIRECTION ( 'NONE',  ( 1.000000000000000000, -0.000000000000000000, -0.000000000000000000 ) ) ;
#879 = FACE_OUTER_BOUND ( 'NONE', #2077, .T. ) ;
#880 = ADVANCED_FACE ( 'NONE', ( #2250 ), #1146, .T. ) ;
#881 = ORIENTED_EDGE ( 'NONE', *, *, #2969, .F. ) ;
#882 = PLANE ( 'NONE',  #1346 ) ;
#883 = CARTESIAN_POINT ( 'NONE',  ( -0.6250000000000000000, 0.6165162036361850895, 0.8599999999999999867 ) ) ;
#884 = AXIS2_PLACEMENT_3D ( 'NONE', #1289, #1041, #3253 ) ;
#885 = CARTESIAN_POINT ( 'NONE',  ( 1.100000000000000089, 0.8500000000000005329, 0.2500000000000000000 ) ) ;
#886 = AXIS2_PLACEMENT_3D ( 'NONE', #3431, #3099, #2550 ) ;
#887 = FILL_AREA_STYLE_COLOUR ( '', #1887 ) ;
#888 = CARTESIAN_POINT ( 'NONE',  ( 1.399999999999995026, 0.1250000000000003331, 0.8599999999999999867 ) ) ;
#889 = CARTESIAN_POINT ( 'NONE',  ( 0.6249999999999998890, 0.6165162036361847564, 0.8599999999999999867 ) ) ;
#890 = DIRECTION ( 'NONE',  ( -1.000000000000000000, 2.282530889443167515E-16, 0.000000000000000000 ) ) ;
#891 = STYLED_ITEM ( 'NONE', ( #601 ), #3410 ) ;
#892 = VERTEX_POINT ( 'NONE', #3075 ) ;
#893 = CARTESIAN_POINT ( 'NONE',  ( 1.100000000000000089, 0.8500000000000005329, 0.2000000000000000111 ) ) ;
#894 = PLANE ( 'NONE',  #1252 ) ;
#895 = FILL_AREA_STYLE_COLOUR ( '', #3194 ) ;
#896 = STYLED_ITEM ( 'NONE', ( #3180 ), #3048 ) ;
#897 = ORIENTED_EDGE ( 'NONE', *, *, #2960, .T. ) ;
#898 = FACE_OUTER_BOUND ( 'NONE', #243, .T. ) ;
#899 = UNCERTAINTY_MEASURE_WITH_UNIT (LENGTH_MEASURE( 1.000000000000000082E-05 ), #99, 'distance_accuracy_value', 'NONE');
#900 = ORIENTED_EDGE ( 'NONE', *, *, #2301, .T. ) ;
#901 = FILL_AREA_STYLE_COLOUR ( '', #2042 ) ;
#902 = EDGE_CURVE ( 'NONE', #2011, #3557, #2016, .T. ) ;
#903 = PRESENTATION_STYLE_ASSIGNMENT (( #2547 ) ) ;
#904 = CARTESIAN_POINT ( 'NONE',  ( -0.6250000000000000000, 1.091516203636184956, 0.8699999999999999956 ) ) ;
#905 = AXIS2_PLACEMENT_3D ( 'NONE', #462, #193, #2452 ) ;
#906 = LINE ( 'NONE', #1189, #1372 ) ;
#907 = EDGE_CURVE ( 'NONE', #2463, #3432, #3134, .T. ) ;
#908 = LINE ( 'NONE', #3139, #1676 ) ;
#909 = CARTESIAN_POINT ( 'NONE',  ( -1.500000000000000000, -1.249999999999999778, 0.2000000000000000111 ) ) ;
#910 = ORIENTED_EDGE ( 'NONE', *, *, #902, .T. ) ;
#911 = SURFACE_STYLE_FILL_AREA ( #353 ) ;
#912 = VERTEX_POINT ( 'NONE', #904 ) ;
#913 = ORIENTED_EDGE ( 'NONE', *, *, #2325, .T. ) ;
#914 = SURFACE_STYLE_USAGE ( .BOTH. , #1768 ) ;
#915 = ORIENTED_EDGE ( 'NONE', *, *, #3473, .F. ) ;
#916 = CARTESIAN_POINT ( 'NONE',  ( -1.399999999999995026, 0.1250000000000003331, 0.8599999999999999867 ) ) ;
#917 = CARTESIAN_POINT ( 'NONE',  ( 0.1250000000000000833, -0.6165162036361850895, 0.8599999999999999867 ) ) ;
#918 = DIRECTION ( 'NONE',  ( -1.000000000000000000, 2.282530889443166036E-16, 0.000000000000000000 ) ) ;
#919 = ADVANCED_FACE ( 'NONE', ( #2823 ), #1208, .F. ) ;
#920 =( LENGTH_UNIT ( ) NAMED_UNIT ( * ) SI_UNIT ( .MILLI., .METRE. ) );
#921 = FACE_OUTER_BOUND ( 'NONE', #2638, .T. ) ;
#922 = PRODUCT_RELATED_PRODUCT_CATEGORY ( 'part', '', ( #1516 ) ) ;
#923 = ORIENTED_EDGE ( 'NONE', *, *, #3425, .T. ) ;
#924 =( NAMED_UNIT ( * ) SI_UNIT ( $, .STERADIAN. ) SOLID_ANGLE_UNIT ( ) );
#925 = CARTESIAN_POINT ( 'NONE',  ( -0.9249999999999898304, -0.1249999999999995698, 0.8599999999999999867 ) ) ;
#926 = PRESENTATION_STYLE_ASSIGNMENT (( #1729 ) ) ;
#927 = CARTESIAN_POINT ( 'NONE',  ( 0.3749999999999998890, 0.6165162036361847564, 0.8699999999999999956 ) ) ;
#928 = ORIENTED_EDGE ( 'NONE', *, *, #1232, .T. ) ;
#929 = ORIENTED_EDGE ( 'NONE', *, *, #1334, .F. ) ;
#930 = ORIENTED_EDGE ( 'NONE', *, *, #2328, .T. ) ;
#931 = VERTEX_POINT ( 'NONE', #2589 ) ;
#932 = LINE ( 'NONE', #2870, #360 ) ;
#933 = AXIS2_PLACEMENT_3D ( 'NONE', #2710, #1675, #494 ) ;
#934 = SURFACE_STYLE_USAGE ( .BOTH. , #3441 ) ;
#935 = DIRECTION ( 'NONE',  ( -0.000000000000000000, -0.000000000000000000, -1.000000000000000000 ) ) ;
#936 =( NAMED_UNIT ( * ) SI_UNIT ( $, .STERADIAN. ) SOLID_ANGLE_UNIT ( ) );
#937 = CARTESIAN_POINT ( 'NONE',  ( 0.6249999999999998890, -0.6165162036361847564, 0.8599999999999999867 ) ) ;
#938 = DIRECTION ( 'NONE',  ( -2.282530889443167515E-16, -1.000000000000000000, 0.000000000000000000 ) ) ;
#939 = PRESENTATION_STYLE_ASSIGNMENT (( #2629 ) ) ;
#940 = STYLED_ITEM ( 'NONE', ( #519 ), #2672 ) ;
#941 = EDGE_CURVE ( 'NONE', #1731, #1349, #2840, .T. ) ;
#942 = DIRECTION ( 'NONE',  ( -0.000000000000000000, -0.000000000000000000, -1.000000000000000000 ) ) ;
#943 =( GEOMETRIC_REPRESENTATION_CONTEXT ( 3 ) GLOBAL_UNCERTAINTY_ASSIGNED_CONTEXT ( ( #330 ) ) GLOBAL_UNIT_ASSIGNED_CONTEXT ( ( #2307, #1772, #1520 ) ) REPRESENTATION_CONTEXT ( 'NONE', 'WORKASPACE' ) );
#944 = ORIENTED_EDGE ( 'NONE', *, *, #807, .F. ) ;
#945 = PRESENTATION_LAYER_ASSIGNMENT (  '', '', ( #2522 ) ) ;
#946 = LINE ( 'NONE', #1437, #2088 ) ;
#947 = LINE ( 'NONE', #3472, #3272 ) ;
#948 = VECTOR ( 'NONE', #3607, 1000.000000000000000 ) ;
#949 = EDGE_CURVE ( 'NONE', #459, #2520, #1130, .T. ) ;
#950 = ADVANCED_FACE ( 'NONE', ( #2802 ), #621, .T. ) ;
#951 = FILL_AREA_STYLE ('',( #1489 ) ) ;
#952 = VECTOR ( 'NONE', #1481, 1000.000000000000000 ) ;
#953 = PLANE ( 'NONE',  #820 ) ;
#954 =( GEOMETRIC_REPRESENTATION_CONTEXT ( 3 ) GLOBAL_UNCERTAINTY_ASSIGNED_CONTEXT ( ( #2242 ) ) GLOBAL_UNIT_ASSIGNED_CONTEXT ( ( #2179, #3019, #2633 ) ) REPRESENTATION_CONTEXT ( 'NONE', 'WORKASPACE' ) );
#955 = VERTEX_POINT ( 'NONE', #3427 ) ;
#956 = VECTOR ( 'NONE', #2894, 1000.000000000000000 ) ;
#957 = ORIENTED_EDGE ( 'NONE', *, *, #1022, .T. ) ;
#958 = VERTEX_POINT ( 'NONE', #917 ) ;
#959 = ORIENTED_EDGE ( 'NONE', *, *, #2397, .F. ) ;
#960 = LINE ( 'NONE', #3523, #2092 ) ;
#961 =( NAMED_UNIT ( * ) PLANE_ANGLE_UNIT ( ) SI_UNIT ( $, .RADIAN. ) );
#962 = DIRECTION ( 'NONE',  ( 1.000000000000000000, 0.000000000000000000, -0.000000000000000000 ) ) ;
#963 = CARTESIAN_POINT ( 'NONE',  ( -1.500000000000000444, 1.250000000000000222, 0.8599999999999999867 ) ) ;
#964 =( NAMED_UNIT ( * ) PLANE_ANGLE_UNIT ( ) SI_UNIT ( $, .RADIAN. ) );
#965 = CARTESIAN_POINT ( 'NONE',  ( 1.499999999999999556, 1.250000000000000222, 0.000000000000000000 ) ) ;
#966 = CARTESIAN_POINT ( 'NONE',  ( 0.9249999999999846123, -0.8749999999999996669, 0.8699999999999999956 ) ) ;
#967 = FILL_AREA_STYLE ('',( #1272 ) ) ;
#968 = CARTESIAN_POINT ( 'NONE',  ( 1.399999999999984590, -0.6249999999999996669, 0.8599999999999999867 ) ) ;
#969 = DIRECTION ( 'NONE',  ( -3.423796334164751519E-16, 1.000000000000000000, -0.000000000000000000 ) ) ;
#970 = PRESENTATION_LAYER_ASSIGNMENT (  '', '', ( #333 ) ) ;
#971 = DIRECTION ( 'NONE',  ( 1.000000000000000000, -2.282530889443166036E-16, 0.000000000000000000 ) ) ;
#972 = VERTEX_POINT ( 'NONE', #2533 ) ;
#973 = PRESENTATION_LAYER_ASSIGNMENT (  '', '', ( #2544 ) ) ;
#974 = EDGE_CURVE ( 'NONE', #1916, #3346, #1719, .T. ) ;
#975 = SURFACE_STYLE_FILL_AREA ( #1292 ) ;
#976 = ORIENTED_EDGE ( 'NONE', *, *, #261, .F. ) ;
#977 =( GEOMETRIC_REPRESENTATION_CONTEXT ( 3 ) GLOBAL_UNCERTAINTY_ASSIGNED_CONTEXT ( ( #68 ) ) GLOBAL_UNIT_ASSIGNED_CONTEXT ( ( #460, #3222, #2138 ) ) REPRESENTATION_CONTEXT ( 'NONE', 'WORKASPACE' ) );
#978 = MECHANICAL_DESIGN_GEOMETRIC_PRESENTATION_REPRESENTATION (  '', ( #1961 ), #2428 ) ;
#979 = ORIENTED_EDGE ( 'NONE', *, *, #2512, .T. ) ;
#980 = VECTOR ( 'NONE', #767, 1000.000000000000000 ) ;
#981 = FILL_AREA_STYLE_COLOUR ( '', #1475 ) ;
#982 = PLANE ( 'NONE',  #3481 ) ;
#983 = FACE_OUTER_BOUND ( 'NONE', #2918, .T. ) ;
#984 = DIRECTION ( 'NONE',  ( 1.000000000000000000, 0.000000000000000000, 0.000000000000000000 ) ) ;
#985 = FACE_OUTER_BOUND ( 'NONE', #1267, .T. ) ;
#986 = DIRECTION ( 'NONE',  ( -1.000000000000000000, -3.423796334164752012E-16, 0.000000000000000000 ) ) ;
#987 = SURFACE_STYLE_FILL_AREA ( #967 ) ;
#988 = SURFACE_SIDE_STYLE ('',( #638 ) ) ;
#989 = MECHANICAL_DESIGN_GEOMETRIC_PRESENTATION_REPRESENTATION (  '', ( #517 ), #2082 ) ;
#990 = CARTESIAN_POINT ( 'NONE',  ( -1.500000000000000444, 1.250000000000000222, 0.000000000000000000 ) ) ;
#991 = SURFACE_STYLE_FILL_AREA ( #1761 ) ;
#992 = DIRECTION ( 'NONE',  ( 0.000000000000000000, -1.000000000000000000, 0.000000000000000000 ) ) ;
#993 = LINE ( 'NONE', #3255, #1355 ) ;
#994 = ORIENTED_EDGE ( 'NONE', *, *, #172, .T. ) ;
#995 = CARTESIAN_POINT ( 'NONE',  ( -1.399999999999995026, 0.3750000000000003331, 0.8699999999999999956 ) ) ;
#996 = ORIENTED_EDGE ( 'NONE', *, *, #2631, .F. ) ;
#997 = VERTEX_POINT ( 'NONE', #2028 ) ;
#998 = EDGE_CURVE ( 'NONE', #3240, #315, #1429, .T. ) ;
#999 = MECHANICAL_DESIGN_GEOMETRIC_PRESENTATION_REPRESENTATION (  '', ( #1814 ), #698 ) ;
#1000 = STYLED_ITEM ( 'NONE', ( #2909 ), #1317 ) ;
#1001 = CARTESIAN_POINT ( 'NONE',  ( 0.9249999999999950484, 0.1250000000000003331, 0.8599999999999999867 ) ) ;
#1002 = DIRECTION ( 'NONE',  ( -1.734723475976807094E-16, 1.000000000000000000, -0.000000000000000000 ) ) ;
#1003 = VECTOR ( 'NONE', #1532, 1000.000000000000000 ) ;
#1004 = ORIENTED_EDGE ( 'NONE', *, *, #50, .F. ) ;
#1005 = DIRECTION ( 'NONE',  ( -1.000000000000000000, 0.000000000000000000, 0.000000000000000000 ) ) ;
#1006 = DIRECTION ( 'NONE',  ( 0.000000000000000000, -1.000000000000000000, 0.000000000000000000 ) ) ;
#1007 = CARTESIAN_POINT ( 'NONE',  ( 0.3749999999999998890, 0.6165162036361847564, 0.8599999999999999867 ) ) ;
#1008 = CARTESIAN_POINT ( 'NONE',  ( -0.6250000000000000000, 0.6165162036361850895, 0.8699999999999999956 ) ) ;
#1009 = CARTESIAN_POINT ( 'NONE',  ( 0.3749999999999998890, 0.6165162036361847564, 0.8699999999999999956 ) ) ;
#1010 = CIRCLE ( 'NONE', #884, 0.1250000000000000000 ) ;
#1011 = FACE_OUTER_BOUND ( 'NONE', #543, .T. ) ;
#1012 = PLANE ( 'NONE',  #2288 ) ;
#1013 = VERTEX_POINT ( 'NONE', #1150 ) ;
#1014 = EDGE_LOOP ( 'NONE', ( #2025, #2012, #928, #1748 ) ) ;
#1015 = MECHANICAL_DESIGN_GEOMETRIC_PRESENTATION_REPRESENTATION (  '', ( #2871 ), #320 ) ;
#1016 = STYLED_ITEM ( 'NONE', ( #504 ), #644 ) ;
#1017 = CARTESIAN_POINT ( 'NONE',  ( 1.100000000000000089, 0.8500000000000005329, 0.2500000000000000000 ) ) ;
#1018 = EDGE_CURVE ( 'NONE', #3305, #100, #3118, .T. ) ;
#1019 = SURFACE_SIDE_STYLE ('',( #2664 ) ) ;
#1020 = FILL_AREA_STYLE_COLOUR ( '', #2050 ) ;
#1021 = CARTESIAN_POINT ( 'NONE',  ( -1.400000000000000133, 0.8750000000000003331, 0.8699999999999999956 ) ) ;
#1022 = EDGE_CURVE ( 'NONE', #1548, #892, #3372, .T. ) ;
#1023 = SURFACE_SIDE_STYLE ('',( #3182 ) ) ;
#1024 = DIRECTION ( 'NONE',  ( -0.000000000000000000, -0.000000000000000000, -1.000000000000000000 ) ) ;
#1025 = DIRECTION ( 'NONE',  ( 1.000000000000000000, 0.000000000000000000, -0.000000000000000000 ) ) ;
#1026 = FILL_AREA_STYLE_COLOUR ( '', #1657 ) ;
#1027 = ORIENTED_EDGE ( 'NONE', *, *, #1039, .F. ) ;
#1028 = ORIENTED_EDGE ( 'NONE', *, *, #2747, .F. ) ;
#1029 = VECTOR ( 'NONE', #846, 1000.000000000000000 ) ;
#1030 = VECTOR ( 'NONE', #752, 1000.000000000000000 ) ;
#1031 = PRESENTATION_LAYER_ASSIGNMENT (  '', '', ( #1618 ) ) ;
#1032 = DIRECTION ( 'NONE',  ( -1.000000000000000000, -2.282530889443167515E-16, -0.000000000000000000 ) ) ;
#1033 = VECTOR ( 'NONE', #240, 1000.000000000000000 ) ;
#1034 = CARTESIAN_POINT ( 'NONE',  ( -1.500000000000000000, -1.249999999999999778, 0.000000000000000000 ) ) ;
#1035 = PLANE ( 'NONE',  #3156 ) ;
#1036 = CLOSED_SHELL ( 'NONE', ( #3233, #1360, #1925, #571, #679, #1695, #2821, #2800 ) ) ;
#1037 = LINE ( 'NONE', #485, #3459 ) ;
#1038 = PLANE ( 'NONE',  #3036 ) ;
#1039 = EDGE_CURVE ( 'NONE', #2867, #3038, #1987, .T. ) ;
#1040 = CARTESIAN_POINT ( 'NONE',  ( -0.9249999999999950484, 0.1250000000000003331, 0.8599999999999999867 ) ) ;
#1041 = DIRECTION ( 'NONE',  ( 0.000000000000000000, 0.000000000000000000, -1.000000000000000000 ) ) ;
#1042 = DIRECTION ( 'NONE',  ( -2.282530889443167515E-16, -1.000000000000000000, 0.000000000000000000 ) ) ;
#1043 = EDGE_CURVE ( 'NONE', #2540, #2517, #2828, .T. ) ;
#1044 =( NAMED_UNIT ( * ) PLANE_ANGLE_UNIT ( ) SI_UNIT ( $, .RADIAN. ) );
#1045 = STYLED_ITEM ( 'NONE', ( #344 ), #412 ) ;
#1046 = SURFACE_SIDE_STYLE ('',( #2689 ) ) ;
#1047 = ORIENTED_EDGE ( 'NONE', *, *, #153, .F. ) ;
#1048 = ORIENTED_EDGE ( 'NONE', *, *, #1086, .T. ) ;
#1049 = DIRECTION ( 'NONE',  ( -0.000000000000000000, -0.000000000000000000, -1.000000000000000000 ) ) ;
#1050 = VECTOR ( 'NONE', #1217, 1000.000000000000000 ) ;
#1051 = FACE_OUTER_BOUND ( 'NONE', #404, .T. ) ;
#1052 =( GEOMETRIC_REPRESENTATION_CONTEXT ( 3 ) GLOBAL_UNCERTAINTY_ASSIGNED_CONTEXT ( ( #1400 ) ) GLOBAL_UNIT_ASSIGNED_CONTEXT ( ( #2314, #1044, #187 ) ) REPRESENTATION_CONTEXT ( 'NONE', 'WORKASPACE' ) );
#1053 = DIRECTION ( 'NONE',  ( 1.000000000000000000, 0.000000000000000000, 0.000000000000000000 ) ) ;
#1054 = UNCERTAINTY_MEASURE_WITH_UNIT (LENGTH_MEASURE( 1.000000000000000082E-05 ), #2549, 'distance_accuracy_value', 'NONE');
#1055 = CARTESIAN_POINT ( 'NONE',  ( 1.399999999999984590, -0.8749999999999996669, 0.8699999999999999956 ) ) ;
#1056 = UNCERTAINTY_MEASURE_WITH_UNIT (LENGTH_MEASURE( 1.000000000000000082E-05 ), #2675, 'distance_accuracy_value', 'NONE');
#1057 = PLANE ( 'NONE',  #250 ) ;
#1058 = COLOUR_RGB ( '',0.3176470588235293935, 0.2470588235294117752, 0.2078431372549019440 ) ;
#1059 = SURFACE_STYLE_USAGE ( .BOTH. , #2474 ) ;
#1060 = DIRECTION ( 'NONE',  ( -0.000000000000000000, -0.000000000000000000, -1.000000000000000000 ) ) ;
#1061 = DIRECTION ( 'NONE',  ( 0.000000000000000000, -0.000000000000000000, -1.000000000000000000 ) ) ;
#1062 = STYLED_ITEM ( 'NONE', ( #667 ), #1476 ) ;
#1063 = CARTESIAN_POINT ( 'NONE',  ( 0.1250000000000000833, -0.6165162036361850895, 0.8699999999999999956 ) ) ;
#1064 = FILL_AREA_STYLE ('',( #215 ) ) ;
#1065 = ADVANCED_FACE ( 'NONE', ( #2997 ), #2803, .F. ) ;
#1066 = ORIENTED_EDGE ( 'NONE', *, *, #520, .F. ) ;
#1067 = VECTOR ( 'NONE', #1861, 1000.000000000000000 ) ;
#1068 = CARTESIAN_POINT ( 'NONE',  ( 0.9250000000000002665, 0.7750000000000001332, 0.8599999999999999867 ) ) ;
#1069 = PRESENTATION_LAYER_ASSIGNMENT (  '', '', ( #2160 ) ) ;
#1070 = EDGE_CURVE ( 'NONE', #3478, #2329, #1078, .T. ) ;
#1071 = EDGE_LOOP ( 'NONE', ( #1513, #1395, #3492, #1801 ) ) ;
#1072 = LINE ( 'NONE', #1604, #3418 ) ;
#1073 = DIRECTION ( 'NONE',  ( 0.000000000000000000, 0.000000000000000000, -1.000000000000000000 ) ) ;
#1074 = LINE ( 'NONE', #2996, #2098 ) ;
#1075 = PRESENTATION_LAYER_ASSIGNMENT (  '', '', ( #891 ) ) ;
#1076 = AXIS2_PLACEMENT_3D ( 'NONE', #3364, #863, #3304 ) ;
#1077 =( GEOMETRIC_REPRESENTATION_CONTEXT ( 3 ) GLOBAL_UNCERTAINTY_ASSIGNED_CONTEXT ( ( #1894 ) ) GLOBAL_UNIT_ASSIGNED_CONTEXT ( ( #2688, #3123, #3449 ) ) REPRESENTATION_CONTEXT ( 'NONE', 'WORKASPACE' ) );
#1078 = LINE ( 'NONE', #535, #3284 ) ;
#1079 = SURFACE_STYLE_USAGE ( .BOTH. , #487 ) ;
#1080 =( LENGTH_UNIT ( ) NAMED_UNIT ( * ) SI_UNIT ( .MILLI., .METRE. ) );
#1081 = CARTESIAN_POINT ( 'NONE',  ( 0.9249999999999846123, -0.6249999999999995559, 0.8599999999999999867 ) ) ;
#1082 = DIRECTION ( 'NONE',  ( 1.000000000000000000, 0.000000000000000000, 0.000000000000000000 ) ) ;
#1083 = CARTESIAN_POINT ( 'NONE',  ( 1.399999999999984590, -0.8749999999999996669, 0.8699999999999999956 ) ) ;
#1084 = ORIENTED_EDGE ( 'NONE', *, *, #1405, .F. ) ;
#1085 = UNCERTAINTY_MEASURE_WITH_UNIT (LENGTH_MEASURE( 1.000000000000000082E-05 ), #393, 'distance_accuracy_value', 'NONE');
#1086 = EDGE_CURVE ( 'NONE', #3113, #2577, #3550, .T. ) ;
#1087 = ORIENTED_EDGE ( 'NONE', *, *, #172, .F. ) ;
#1088 = LINE ( 'NONE', #211, #47 ) ;
#1089 = ADVANCED_FACE ( 'NONE', ( #2728 ), #1057, .F. ) ;
#1090 = CARTESIAN_POINT ( 'NONE',  ( -1.399999999999984590, -0.8749999999999996669, 0.8599999999999999867 ) ) ;
#1091 = MECHANICAL_DESIGN_GEOMETRIC_PRESENTATION_REPRESENTATION (  '', ( #3320 ), #977 ) ;
#1092 = DIRECTION ( 'NONE',  ( 0.000000000000000000, 1.000000000000000000, 0.000000000000000000 ) ) ;
#1093 = DIRECTION ( 'NONE',  ( 1.000000000000000000, 2.891205793294679312E-16, 0.000000000000000000 ) ) ;
#1094 = FILL_AREA_STYLE_COLOUR ( '', #122 ) ;
#1095 = ORIENTED_EDGE ( 'NONE', *, *, #432, .T. ) ;
#1096 = LINE ( 'NONE', #3338, #514 ) ;
#1097 = DIRECTION ( 'NONE',  ( 0.000000000000000000, -0.000000000000000000, -1.000000000000000000 ) ) ;
#1098 = ORIENTED_EDGE ( 'NONE', *, *, #998, .T. ) ;
#1099 =( NAMED_UNIT ( * ) PLANE_ANGLE_UNIT ( ) SI_UNIT ( $, .RADIAN. ) );
#1100 = VERTEX_POINT ( 'NONE', #1910 ) ;
#1101 = ADVANCED_FACE ( 'NONE', ( #851 ), #2763, .F. ) ;
#1102 = LINE ( 'NONE', #1125, #98 ) ;
#1103 = UNCERTAINTY_MEASURE_WITH_UNIT (LENGTH_MEASURE( 1.000000000000000082E-05 ), #2508, 'distance_accuracy_value', 'NONE');
#1104 = DIRECTION ( 'NONE',  ( 0.000000000000000000, -0.000000000000000000, 1.000000000000000000 ) ) ;
#1105 = COLOUR_RGB ( '',0.3176470588235293935, 0.2470588235294117752, 0.2078431372549019440 ) ;
#1106 = PLANE ( 'NONE',  #1806 ) ;
#1107 = DIRECTION ( 'NONE',  ( -0.000000000000000000, 0.000000000000000000, -1.000000000000000000 ) ) ;
#1108 = DIRECTION ( 'NONE',  ( -1.000000000000000000, -0.000000000000000000, -0.000000000000000000 ) ) ;
#1109 = UNCERTAINTY_MEASURE_WITH_UNIT (LENGTH_MEASURE( 1.000000000000000082E-05 ), #1247, 'distance_accuracy_value', 'NONE');
#1110 = EDGE_CURVE ( 'NONE', #1013, #1671, #2029, .T. ) ;
#1111 = EDGE_LOOP ( 'NONE', ( #1329, #2197, #2433, #1775 ) ) ;
#1112 = PRESENTATION_STYLE_ASSIGNMENT (( #3571 ) ) ;
#1113 = SURFACE_STYLE_FILL_AREA ( #2478 ) ;
#1114 = AXIS2_PLACEMENT_3D ( 'NONE', #1017, #447, #2401 ) ;
#1115 = ORIENTED_EDGE ( 'NONE', *, *, #1039, .T. ) ;
#1116 =( NAMED_UNIT ( * ) PLANE_ANGLE_UNIT ( ) SI_UNIT ( $, .RADIAN. ) );
#1117 =( NAMED_UNIT ( * ) PLANE_ANGLE_UNIT ( ) SI_UNIT ( $, .RADIAN. ) );
#1118 = VERTEX_POINT ( 'NONE', #2255 ) ;
#1119 = VECTOR ( 'NONE', #2268, 1000.000000000000000 ) ;
#1120 = UNCERTAINTY_MEASURE_WITH_UNIT (LENGTH_MEASURE( 1.000000000000000082E-05 ), #3559, 'distance_accuracy_value', 'NONE');
#1121 = CARTESIAN_POINT ( 'NONE',  ( 1.400000000000000133, 0.6250000000000003331, 0.8699999999999999956 ) ) ;
#1122 = COLOUR_RGB ( '',0.3176470588235293935, 0.2470588235294117752, 0.2078431372549019440 ) ;
#1123 = PRESENTATION_STYLE_ASSIGNMENT (( #3368 ) ) ;
#1124 = ORIENTED_EDGE ( 'NONE', *, *, #3326, .F. ) ;
#1125 = CARTESIAN_POINT ( 'NONE',  ( -0.1250000000000000000, -1.091516203636184956, 0.8699999999999999956 ) ) ;
#1126 = DIRECTION ( 'NONE',  ( 3.423796334164751519E-16, 1.000000000000000000, 0.000000000000000000 ) ) ;
#1127 =( NAMED_UNIT ( * ) PLANE_ANGLE_UNIT ( ) SI_UNIT ( $, .RADIAN. ) );
#1128 = FILL_AREA_STYLE_COLOUR ( '', #1181 ) ;
#1129 = STYLED_ITEM ( 'NONE', ( #1375 ), #3288 ) ;
#1130 = LINE ( 'NONE', #2565, #372 ) ;
#1131 = STYLED_ITEM ( 'NONE', ( #2455 ), #1089 ) ;
#1132 = DIRECTION ( 'NONE',  ( -0.000000000000000000, -0.000000000000000000, -1.000000000000000000 ) ) ;
#1133 = VECTOR ( 'NONE', #2469, 1000.000000000000000 ) ;
#1134 = ORIENTED_EDGE ( 'NONE', *, *, #2146, .F. ) ;
#1135 = PLANE ( 'NONE',  #1219 ) ;
#1136 = EDGE_CURVE ( 'NONE', #2096, #3241, #870, .T. ) ;
#1137 = CARTESIAN_POINT ( 'NONE',  ( -0.9249999999999898304, -0.3749999999999996669, 0.8699999999999999956 ) ) ;
#1138 = ORIENTED_EDGE ( 'NONE', *, *, #1022, .F. ) ;
#1139 = LINE ( 'NONE', #1973, #1919 ) ;
#1140 = VERTEX_POINT ( 'NONE', #395 ) ;
#1141 = FACE_BOUND ( 'NONE', #712, .T. ) ;
#1142 = ORIENTED_EDGE ( 'NONE', *, *, #3597, .T. ) ;
#1143 = ORIENTED_EDGE ( 'NONE', *, *, #2057, .T. ) ;
#1144 = ORIENTED_EDGE ( 'NONE', *, *, #1521, .T. ) ;
#1145 = ORIENTED_EDGE ( 'NONE', *, *, #563, .T. ) ;
#1146 = PLANE ( 'NONE',  #3295 ) ;
#1147 =( NAMED_UNIT ( * ) SI_UNIT ( $, .STERADIAN. ) SOLID_ANGLE_UNIT ( ) );
#1148 = CARTESIAN_POINT ( 'NONE',  ( -0.3750000000000001665, 0.6165162036361850895, 0.8599999999999999867 ) ) ;
#1149 = PRESENTATION_LAYER_ASSIGNMENT (  '', '', ( #2423 ) ) ;
#1150 = CARTESIAN_POINT ( 'NONE',  ( 0.3749999999999998890, -0.6165162036361847564, 0.8699999999999999956 ) ) ;
#1151 =( LENGTH_UNIT ( ) NAMED_UNIT ( * ) SI_UNIT ( .MILLI., .METRE. ) );
#1152 = AXIS2_PLACEMENT_3D ( 'NONE', #1180, #1163, #3380 ) ;
#1153 = AXIS2_PLACEMENT_3D ( 'NONE', #2051, #1805, #1283 ) ;
#1154 = SURFACE_STYLE_FILL_AREA ( #3430 ) ;
#1155 = LINE ( 'NONE', #329, #10 ) ;
#1156 = EDGE_CURVE ( 'NONE', #955, #3586, #3178, .T. ) ;
#1157 = STYLED_ITEM ( 'NONE', ( #1112 ), #1929 ) ;
#1158 = CARTESIAN_POINT ( 'NONE',  ( 1.400000000000000133, 0.6250000000000003331, 0.8699999999999999956 ) ) ;
#1159 = ORIENTED_EDGE ( 'NONE', *, *, #3333, .T. ) ;
#1160 = CARTESIAN_POINT ( 'NONE',  ( -1.500000000000000000, -1.249999999999999778, 0.2000000000000000111 ) ) ;
#1161 = CARTESIAN_POINT ( 'NONE',  ( 0.9249999999999898304, -0.1249999999999995698, 0.8599999999999999867 ) ) ;
#1162 = ORIENTED_EDGE ( 'NONE', *, *, #305, .T. ) ;
#1163 = DIRECTION ( 'NONE',  ( 0.000000000000000000, 1.000000000000000000, 0.000000000000000000 ) ) ;
#1164 = ORIENTED_EDGE ( 'NONE', *, *, #1862, .T. ) ;
#1165 = LINE ( 'NONE', #341, #1597 ) ;
#1166 = UNCERTAINTY_MEASURE_WITH_UNIT (LENGTH_MEASURE( 1.000000000000000082E-05 ), #2344, 'distance_accuracy_value', 'NONE');
#1167 = CARTESIAN_POINT ( 'NONE',  ( 0.1250000000000000833, 0.6165162036361850895, 0.8599999999999999867 ) ) ;
#1168 = VECTOR ( 'NONE', #3487, 1000.000000000000000 ) ;
#1169 = VECTOR ( 'NONE', #597, 1000.000000000000000 ) ;
#1170 = SURFACE_STYLE_USAGE ( .BOTH. , #2822 ) ;
#1171 = DIRECTION ( 'NONE',  ( 1.000000000000000000, 0.000000000000000000, 0.000000000000000000 ) ) ;
#1172 = AXIS2_PLACEMENT_3D ( 'NONE', #2936, #3235, #2898 ) ;
#1173 = CARTESIAN_POINT ( 'NONE',  ( -1.399999999999989697, -0.1249999999999996808, 0.8599999999999999867 ) ) ;
#1174 =( NAMED_UNIT ( * ) SI_UNIT ( $, .STERADIAN. ) SOLID_ANGLE_UNIT ( ) );
#1175 = CARTESIAN_POINT ( 'NONE',  ( 1.399999999999995026, 0.3750000000000003331, 0.8699999999999999956 ) ) ;
#1176 = FACE_OUTER_BOUND ( 'NONE', #3366, .T. ) ;
#1177 = AXIS2_PLACEMENT_3D ( 'NONE', #421, #2703, #1025 ) ;
#1178 = VERTEX_POINT ( 'NONE', #3096 ) ;
#1179 = CARTESIAN_POINT ( 'NONE',  ( 0.6250000000000000000, -1.091516203636184956, 0.8599999999999999867 ) ) ;
#1180 = CARTESIAN_POINT ( 'NONE',  ( 0.3749999999999998890, 0.6165162036361847564, 0.8699999999999999956 ) ) ;
#1181 = COLOUR_RGB ( '',0.3176470588235293935, 0.2470588235294117752, 0.2078431372549019440 ) ;
#1182 = CARTESIAN_POINT ( 'NONE',  ( 0.9250000000000002665, 0.7750000000000001332, 0.8699999999999999956 ) ) ;
#1183 = ORIENTED_EDGE ( 'NONE', *, *, #3383, .F. ) ;
#1184 = EDGE_CURVE ( 'NONE', #1380, #1647, #906, .T. ) ;
#1185 = PLANE ( 'NONE',  #3448 ) ;
#1186 =( NAMED_UNIT ( * ) PLANE_ANGLE_UNIT ( ) SI_UNIT ( $, .RADIAN. ) );
#1187 = COLOUR_RGB ( '',0.3176470588235293935, 0.2470588235294117752, 0.2078431372549019440 ) ;
#1188 = SURFACE_STYLE_FILL_AREA ( #3095 ) ;
#1189 = CARTESIAN_POINT ( 'NONE',  ( -0.9249999999999950484, 0.1250000000000003331, 0.8699999999999999956 ) ) ;
#1190 = VECTOR ( 'NONE', #2403, 1000.000000000000000 ) ;
#1191 = DIRECTION ( 'NONE',  ( 1.000000000000000000, 2.282530889443167515E-16, 0.000000000000000000 ) ) ;
#1192 = FILL_AREA_STYLE_COLOUR ( '', #3400 ) ;
#1193 = STYLED_ITEM ( 'NONE', ( #3031 ), #3270 ) ;
#1194 = CARTESIAN_POINT ( 'NONE',  ( 0.6249999999999998890, -0.6165162036361847564, 0.8699999999999999956 ) ) ;
#1195 = VECTOR ( 'NONE', #1126, 1000.000000000000000 ) ;
#1196 = VECTOR ( 'NONE', #1445, 1000.000000000000000 ) ;
#1197 = AXIS2_PLACEMENT_3D ( 'NONE', #1158, #76, #1989 ) ;
#1198 = PRESENTATION_LAYER_ASSIGNMENT (  '', '', ( #3281 ) ) ;
#1199 = EDGE_LOOP ( 'NONE', ( #119, #381, #976, #259 ) ) ;
#1200 = FILL_AREA_STYLE_COLOUR ( '', #1710 ) ;
#1201 = CARTESIAN_POINT ( 'NONE',  ( 1.500000000000000000, -1.249999999999999778, 0.8599999999999999867 ) ) ;
#1202 = FILL_AREA_STYLE ('',( #2576 ) ) ;
#1203 = EDGE_LOOP ( 'NONE', ( #2666, #3509, #2183, #2658 ) ) ;
#1204 = ORIENTED_EDGE ( 'NONE', *, *, #3186, .F. ) ;
#1205 = EDGE_LOOP ( 'NONE', ( #2180, #27, #1280, #1207 ) ) ;
#1206 = ADVANCED_FACE ( 'NONE', ( #599 ), #1720, .F. ) ;
#1207 = ORIENTED_EDGE ( 'NONE', *, *, #2188, .T. ) ;
#1208 = PLANE ( 'NONE',  #1432 ) ;
#1209 = AXIS2_PLACEMENT_3D ( 'NONE', #822, #1385, #2487 ) ;
#1210 = LINE ( 'NONE', #3428, #1924 ) ;
#1211 = LINE ( 'NONE', #2233, #1428 ) ;
#1212 = SURFACE_STYLE_FILL_AREA ( #1739 ) ;
#1213 = MECHANICAL_DESIGN_GEOMETRIC_PRESENTATION_REPRESENTATION (  '', ( #1790 ), #1276 ) ;
#1214 = SURFACE_SIDE_STYLE ('',( #625 ) ) ;
#1215 = VECTOR ( 'NONE', #2916, 1000.000000000000000 ) ;
#1216 = VERTEX_POINT ( 'NONE', #1480 ) ;
#1217 = DIRECTION ( 'NONE',  ( -1.711898167082375759E-16, 1.000000000000000000, 0.000000000000000000 ) ) ;
#1218 = FILL_AREA_STYLE ('',( #1200 ) ) ;
#1219 = AXIS2_PLACEMENT_3D ( 'NONE', #74, #2860, #3356 ) ;
#1220 = DIRECTION ( 'NONE',  ( 1.000000000000000000, 0.000000000000000000, 0.000000000000000000 ) ) ;
#1221 = ORIENTED_EDGE ( 'NONE', *, *, #1802, .F. ) ;
#1222 = ORIENTED_EDGE ( 'NONE', *, *, #2422, .F. ) ;
#1223 = VERTEX_POINT ( 'NONE', #937 ) ;
#1224 = VERTEX_POINT ( 'NONE', #72 ) ;
#1225 = SURFACE_STYLE_USAGE ( .BOTH. , #2798 ) ;
#1226 = EDGE_CURVE ( 'NONE', #803, #3403, #3153, .T. ) ;
#1227 = FILL_AREA_STYLE_COLOUR ( '', #3010 ) ;
#1228 = VERTEX_POINT ( 'NONE', #91 ) ;
#1229 = SURFACE_STYLE_USAGE ( .BOTH. , #2101 ) ;
#1230 = LINE ( 'NONE', #1787, #2606 ) ;
#1231 = DIRECTION ( 'NONE',  ( -1.000000000000000000, -0.000000000000000000, -0.000000000000000000 ) ) ;
#1232 = EDGE_CURVE ( 'NONE', #539, #912, #1210, .T. ) ;
#1233 =( NAMED_UNIT ( * ) PLANE_ANGLE_UNIT ( ) SI_UNIT ( $, .RADIAN. ) );
#1234 = SURFACE_SIDE_STYLE ('',( #1304 ) ) ;
#1235 = EDGE_CURVE ( 'NONE', #3403, #2737, #2841, .T. ) ;
#1236 = VERTEX_POINT ( 'NONE', #126 ) ;
#1237 = LINE ( 'NONE', #2330, #808 ) ;
#1238 = MECHANICAL_DESIGN_GEOMETRIC_PRESENTATION_REPRESENTATION (  '', ( #3149 ), #1404 ) ;
#1239 = PLANE ( 'NONE',  #1874 ) ;
#1240 = ORIENTED_EDGE ( 'NONE', *, *, #214, .F. ) ;
#1241 = ORIENTED_EDGE ( 'NONE', *, *, #2308, .F. ) ;
#1242 = ORIENTED_EDGE ( 'NONE', *, *, #177, .F. ) ;
#1243 = ORIENTED_EDGE ( 'NONE', *, *, #1456, .T. ) ;
#1244 =( LENGTH_UNIT ( ) NAMED_UNIT ( * ) SI_UNIT ( .MILLI., .METRE. ) );
#1245 = AXIS2_PLACEMENT_3D ( 'NONE', #1464, #3119, #2878 ) ;
#1246 = SURFACE_SIDE_STYLE ('',( #2989 ) ) ;
#1247 =( LENGTH_UNIT ( ) NAMED_UNIT ( * ) SI_UNIT ( .MILLI., .METRE. ) );
#1248 =( GEOMETRIC_REPRESENTATION_CONTEXT ( 3 ) GLOBAL_UNCERTAINTY_ASSIGNED_CONTEXT ( ( #615 ) ) GLOBAL_UNIT_ASSIGNED_CONTEXT ( ( #1443, #3150, #1714 ) ) REPRESENTATION_CONTEXT ( 'NONE', 'WORKASPACE' ) );
#1249 = SURFACE_SIDE_STYLE ('',( #125 ) ) ;
#1250 =( LENGTH_UNIT ( ) NAMED_UNIT ( * ) SI_UNIT ( .MILLI., .METRE. ) );
#1251 =( NAMED_UNIT ( * ) SI_UNIT ( $, .STERADIAN. ) SOLID_ANGLE_UNIT ( ) );
#1252 = AXIS2_PLACEMENT_3D ( 'NONE', #1008, #1593, #2128 ) ;
#1253 = DIRECTION ( 'NONE',  ( -3.423796334164752012E-16, -1.000000000000000000, 0.000000000000000000 ) ) ;
#1254 = EDGE_CURVE ( 'NONE', #1398, #1178, #3531, .T. ) ;
#1255 = DIRECTION ( 'NONE',  ( -0.000000000000000000, -0.000000000000000000, -1.000000000000000000 ) ) ;
#1256 = DIRECTION ( 'NONE',  ( 0.000000000000000000, -0.000000000000000000, 1.000000000000000000 ) ) ;
#1257 = STYLED_ITEM ( 'NONE', ( #312 ), #2126 ) ;
#1258 = EDGE_CURVE ( 'NONE', #3590, #843, #358, .T. ) ;
#1259 = PRESENTATION_LAYER_ASSIGNMENT (  '', '', ( #3335 ) ) ;
#1260 =( NAMED_UNIT ( * ) PLANE_ANGLE_UNIT ( ) SI_UNIT ( $, .RADIAN. ) );
#1261 = AXIS2_PLACEMENT_3D ( 'NONE', #3085, #1649, #2756 ) ;
#1262 = ORIENTED_EDGE ( 'NONE', *, *, #1226, .T. ) ;
#1263 = DIRECTION ( 'NONE',  ( -0.000000000000000000, -0.000000000000000000, -1.000000000000000000 ) ) ;
#1264 = ORIENTED_EDGE ( 'NONE', *, *, #11, .T. ) ;
#1265 = ORIENTED_EDGE ( 'NONE', *, *, #2506, .T. ) ;
#1266 = AXIS2_PLACEMENT_3D ( 'NONE', #2659, #1835, #157 ) ;
#1267 = EDGE_LOOP ( 'NONE', ( #1004, #101, #1436, #275 ) ) ;
#1268 = LINE ( 'NONE', #428, #1708 ) ;
#1269 = PLANE ( 'NONE',  #3480 ) ;
#1270 = FILL_AREA_STYLE ('',( #413 ) ) ;
#1271 = LINE ( 'NONE', #2367, #1168 ) ;
#1272 = FILL_AREA_STYLE_COLOUR ( '', #217 ) ;
#1273 = FILL_AREA_STYLE ('',( #2391 ) ) ;
#1274 = ADVANCED_FACE ( 'NONE', ( #2123 ), #1569, .F. ) ;
#1275 = LINE ( 'NONE', #2392, #2773 ) ;
#1276 =( GEOMETRIC_REPRESENTATION_CONTEXT ( 3 ) GLOBAL_UNCERTAINTY_ASSIGNED_CONTEXT ( ( #805 ) ) GLOBAL_UNIT_ASSIGNED_CONTEXT ( ( #2364, #3499, #1922 ) ) REPRESENTATION_CONTEXT ( 'NONE', 'WORKASPACE' ) );
#1277 = ORIENTED_EDGE ( 'NONE', *, *, #3164, .T. ) ;
#1278 = SURFACE_SIDE_STYLE ('',( #3476 ) ) ;
#1279 = ADVANCED_FACE ( 'NONE', ( #411 ), #2140, .F. ) ;
#1280 = ORIENTED_EDGE ( 'NONE', *, *, #1490, .F. ) ;
#1281 = VECTOR ( 'NONE', #1762, 1000.000000000000000 ) ;
#1282 = ORIENTED_EDGE ( 'NONE', *, *, #1226, .F. ) ;
#1283 = DIRECTION ( 'NONE',  ( -1.711898167082376006E-16, -1.000000000000000000, 0.000000000000000000 ) ) ;
#1284 = FILL_AREA_STYLE ('',( #2927 ) ) ;
#1285 = DIRECTION ( 'NONE',  ( 1.000000000000000000, -0.000000000000000000, -0.000000000000000000 ) ) ;
#1286 =( LENGTH_UNIT ( ) NAMED_UNIT ( * ) SI_UNIT ( .MILLI., .METRE. ) );
#1287 = DIRECTION ( 'NONE',  ( 0.000000000000000000, 0.000000000000000000, -1.000000000000000000 ) ) ;
#1288 = SURFACE_SIDE_STYLE ('',( #3538 ) ) ;
#1289 = CARTESIAN_POINT ( 'NONE',  ( 1.100000000000000089, 0.8500000000000005329, 0.000000000000000000 ) ) ;
#1290 = CARTESIAN_POINT ( 'NONE',  ( 0.6250000000000000000, 1.091516203636184956, 0.8599999999999999867 ) ) ;
#1291 = DIRECTION ( 'NONE',  ( 1.000000000000000000, 1.734723475976807094E-16, -0.000000000000000000 ) ) ;
#1292 = FILL_AREA_STYLE ('',( #2148 ) ) ;
#1293 = ORIENTED_EDGE ( 'NONE', *, *, #1605, .T. ) ;
#1294 = VECTOR ( 'NONE', #2616, 1000.000000000000000 ) ;
#1295 = ORIENTED_EDGE ( 'NONE', *, *, #2512, .F. ) ;
#1296 = EDGE_CURVE ( 'NONE', #3493, #2812, #3223, .T. ) ;
#1297 =( NAMED_UNIT ( * ) PLANE_ANGLE_UNIT ( ) SI_UNIT ( $, .RADIAN. ) );
#1298 = PLANE ( 'NONE',  #1209 ) ;
#1299 = EDGE_CURVE ( 'NONE', #3590, #3188, #1554, .T. ) ;
#1300 = VECTOR ( 'NONE', #1608, 1000.000000000000000 ) ;
#1301 = SURFACE_SIDE_STYLE ('',( #2644 ) ) ;
#1302 = PRESENTATION_LAYER_ASSIGNMENT (  '', '', ( #649 ) ) ;
#1303 = ORIENTED_EDGE ( 'NONE', *, *, #2418, .F. ) ;
#1304 = SURFACE_STYLE_FILL_AREA ( #2932 ) ;
#1305 = CARTESIAN_POINT ( 'NONE',  ( -0.6250000000000000000, -0.6165162036361850895, 0.8699999999999999956 ) ) ;
#1306 = LINE ( 'NONE', #735, #3208 ) ;
#1307 = CARTESIAN_POINT ( 'NONE',  ( -0.9250000000000002665, 0.6250000000000003331, 0.8699999999999999956 ) ) ;
#1308 = COLOUR_RGB ( '',0.3176470588235293935, 0.2470588235294117752, 0.2078431372549019440 ) ;
#1309 = DIRECTION ( 'NONE',  ( -1.000000000000000000, 0.000000000000000000, 0.000000000000000000 ) ) ;
#1310 = PRESENTATION_STYLE_ASSIGNMENT (( #1577 ) ) ;
#1311 =( NAMED_UNIT ( * ) SI_UNIT ( $, .STERADIAN. ) SOLID_ANGLE_UNIT ( ) );
#1312 = ORIENTED_EDGE ( 'NONE', *, *, #1997, .T. ) ;
#1313 = ORIENTED_EDGE ( 'NONE', *, *, #2697, .T. ) ;
#1314 = COLOUR_RGB ( '',0.3176470588235293935, 0.2470588235294117752, 0.2078431372549019440 ) ;
#1315 = FILL_AREA_STYLE_COLOUR ( '', #2570 ) ;
#1316 = VECTOR ( 'NONE', #1171, 1000.000000000000000 ) ;
#1317 = ADVANCED_FACE ( 'NONE', ( #728 ), #1035, .F. ) ;
#1318 = LINE ( 'NONE', #2416, #553 ) ;
#1319 = DIRECTION ( 'NONE',  ( 0.000000000000000000, 0.000000000000000000, 1.000000000000000000 ) ) ;
#1320 = CARTESIAN_POINT ( 'NONE',  ( 1.399999999999989697, -0.1249999999999996808, 0.8699999999999999956 ) ) ;
#1321 = PLANE ( 'NONE',  #1634 ) ;
#1322 = FACE_OUTER_BOUND ( 'NONE', #1853, .T. ) ;
#1323 = DIRECTION ( 'NONE',  ( -1.000000000000000000, -2.282530889443167515E-16, -0.000000000000000000 ) ) ;
#1324 = PRESENTATION_STYLE_ASSIGNMENT (( #3505 ) ) ;
#1325 = DIRECTION ( 'NONE',  ( -0.000000000000000000, -0.000000000000000000, -1.000000000000000000 ) ) ;
#1326 = DIRECTION ( 'NONE',  ( 0.000000000000000000, 0.000000000000000000, -1.000000000000000000 ) ) ;
#1327 = PLANE ( 'NONE',  #2564 ) ;
#1328 = ORIENTED_EDGE ( 'NONE', *, *, #3355, .F. ) ;
#1329 = ORIENTED_EDGE ( 'NONE', *, *, #3306, .T. ) ;
#1330 = COLOUR_RGB ( '',0.3176470588235293935, 0.2470588235294117752, 0.2078431372549019440 ) ;
#1331 = MECHANICAL_DESIGN_GEOMETRIC_PRESENTATION_REPRESENTATION (  '', ( #2305 ), #3299 ) ;
#1332 = SURFACE_STYLE_USAGE ( .BOTH. , #2961 ) ;
#1333 = PLANE ( 'NONE',  #2067 ) ;
#1334 = EDGE_CURVE ( 'NONE', #3493, #2753, #2946, .T. ) ;
#1335 = PRESENTATION_LAYER_ASSIGNMENT (  '', '', ( #749 ) ) ;
#1336 = PLANE ( 'NONE',  #2905 ) ;
#1337 = DIRECTION ( 'NONE',  ( 0.000000000000000000, 1.000000000000000000, 0.000000000000000000 ) ) ;
#1338 = ADVANCED_FACE ( 'NONE', ( #983 ), #2084, .F. ) ;
#1339 = EDGE_CURVE ( 'NONE', #2615, #1224, #1074, .T. ) ;
#1340 = FACE_OUTER_BOUND ( 'NONE', #3359, .T. ) ;
#1341 =( NAMED_UNIT ( * ) SI_UNIT ( $, .STERADIAN. ) SOLID_ANGLE_UNIT ( ) );
#1342 = CARTESIAN_POINT ( 'NONE',  ( 1.499999999999999556, 1.250000000000000222, 0.8599999999999999867 ) ) ;
#1343 = ADVANCED_FACE ( 'NONE', ( #6 ), #3595, .F. ) ;
#1344 = COLOUR_RGB ( '',0.3176470588235293935, 0.2470588235294117752, 0.2078431372549019440 ) ;
#1345 = CARTESIAN_POINT ( 'NONE',  ( -0.1250000000000000833, -0.6165162036361850895, 0.8699999999999999956 ) ) ;
#1346 = AXIS2_PLACEMENT_3D ( 'NONE', #842, #3089, #3110 ) ;
#1347 = COLOUR_RGB ( '',0.3176470588235293935, 0.2470588235294117752, 0.2078431372549019440 ) ;
#1348 = LINE ( 'NONE', #21, #2196 ) ;
#1349 = VERTEX_POINT ( 'NONE', #232 ) ;
#1350 = FACE_BOUND ( 'NONE', #399, .T. ) ;
#1351 = ORIENTED_EDGE ( 'NONE', *, *, #2106, .F. ) ;
#1352 = LINE ( 'NONE', #2975, #1952 ) ;
#1353 = PRESENTATION_LAYER_ASSIGNMENT (  '', '', ( #3551 ) ) ;
#1354 = FILL_AREA_STYLE_COLOUR ( '', #2944 ) ;
#1355 = VECTOR ( 'NONE', #1596, 1000.000000000000000 ) ;
#1356 = LINE ( 'NONE', #2187, #2332 ) ;
#1357 = UNCERTAINTY_MEASURE_WITH_UNIT (LENGTH_MEASURE( 1.000000000000000082E-05 ), #2491, 'distance_accuracy_value', 'NONE');
#1358 = PRODUCT_DEFINITION_CONTEXT ( 'detailed design', #2717, 'design' ) ;
#1359 = FILL_AREA_STYLE ('',( #781 ) ) ;
#1360 = ADVANCED_FACE ( 'NONE', ( #483 ), #2201, .F. ) ;
#1361 = LINE ( 'NONE', #1137, #536 ) ;
#1362 = SURFACE_SIDE_STYLE ('',( #2497 ) ) ;
#1363 = PRESENTATION_STYLE_ASSIGNMENT (( #242 ) ) ;
#1364 = VERTEX_POINT ( 'NONE', #1090 ) ;
#1365 = PRESENTATION_LAYER_ASSIGNMENT (  '', '', ( #137 ) ) ;
#1366 = EDGE_CURVE ( 'NONE', #958, #646, #1356, .T. ) ;
#1367 = VECTOR ( 'NONE', #3120, 1000.000000000000000 ) ;
#1368 = LINE ( 'NONE', #1585, #2351 ) ;
#1369 = ORIENTED_EDGE ( 'NONE', *, *, #191, .F. ) ;
#1370 = PRESENTATION_LAYER_ASSIGNMENT (  '', '', ( #3108 ) ) ;
#1371 = DIRECTION ( 'NONE',  ( -0.000000000000000000, -0.000000000000000000, -1.000000000000000000 ) ) ;
#1372 = VECTOR ( 'NONE', #378, 1000.000000000000000 ) ;
#1373 = VECTOR ( 'NONE', #3056, 1000.000000000000000 ) ;
#1374 = COLOUR_RGB ( '',0.3176470588235293935, 0.2470588235294117752, 0.2078431372549019440 ) ;
#1375 = PRESENTATION_STYLE_ASSIGNMENT (( #1059 ) ) ;
#1376 = LINE ( 'NONE', #3298, #501 ) ;
#1377 =( LENGTH_UNIT ( ) NAMED_UNIT ( * ) SI_UNIT ( .MILLI., .METRE. ) );
#1378 = EDGE_CURVE ( 'NONE', #1945, #2096, #282, .T. ) ;
#1379 = ORIENTED_EDGE ( 'NONE', *, *, #2443, .T. ) ;
#1380 = VERTEX_POINT ( 'NONE', #552 ) ;
#1381 = UNCERTAINTY_MEASURE_WITH_UNIT (LENGTH_MEASURE( 1.000000000000000082E-05 ), #608, 'distance_accuracy_value', 'NONE');
#1382 = LINE ( 'NONE', #1068, #1426 ) ;
#1383 = AXIS2_PLACEMENT_3D ( 'NONE', #760, #1869, #444 ) ;
#1384 = ORIENTED_EDGE ( 'NONE', *, *, #1043, .T. ) ;
#1385 = DIRECTION ( 'NONE',  ( 0.000000000000000000, 0.000000000000000000, 1.000000000000000000 ) ) ;
#1386 = CARTESIAN_POINT ( 'NONE',  ( 1.399999999999995026, 0.3750000000000003331, 0.8699999999999999956 ) ) ;
#1387 =( NAMED_UNIT ( * ) SI_UNIT ( $, .STERADIAN. ) SOLID_ANGLE_UNIT ( ) );
#1388 =( GEOMETRIC_REPRESENTATION_CONTEXT ( 3 ) GLOBAL_UNCERTAINTY_ASSIGNED_CONTEXT ( ( #1750 ) ) GLOBAL_UNIT_ASSIGNED_CONTEXT ( ( #2356, #3507, #1848 ) ) REPRESENTATION_CONTEXT ( 'NONE', 'WORKASPACE' ) );
#1389 =( LENGTH_UNIT ( ) NAMED_UNIT ( * ) SI_UNIT ( .MILLI., .METRE. ) );
#1390 =( LENGTH_UNIT ( ) NAMED_UNIT ( * ) SI_UNIT ( .MILLI., .METRE. ) );
#1391 = LINE ( 'NONE', #2209, #2868 ) ;
#1392 = EDGE_LOOP ( 'NONE', ( #1682, #2814, #1282, #3143 ) ) ;
#1393 = CARTESIAN_POINT ( 'NONE',  ( -0.1250000000000000000, 1.091516203636184956, 0.8699999999999999956 ) ) ;
#1394 =( NAMED_UNIT ( * ) SI_UNIT ( $, .STERADIAN. ) SOLID_ANGLE_UNIT ( ) );
#1395 = ORIENTED_EDGE ( 'NONE', *, *, #861, .F. ) ;
#1396 = EDGE_LOOP ( 'NONE', ( #3067, #2297, #2119, #1749 ) ) ;
#1397 = SURFACE_STYLE_FILL_AREA ( #3005 ) ;
#1398 = VERTEX_POINT ( 'NONE', #806 ) ;
#1399 = SURFACE_STYLE_USAGE ( .BOTH. , #531 ) ;
#1400 = UNCERTAINTY_MEASURE_WITH_UNIT (LENGTH_MEASURE( 1.000000000000000082E-05 ), #2314, 'distance_accuracy_value', 'NONE');
#1401 = EDGE_CURVE ( 'NONE', #3490, #2741, #1403, .T. ) ;
#1402 = CARTESIAN_POINT ( 'NONE',  ( -0.9249999999999950484, 0.3750000000000004441, 0.8599999999999999867 ) ) ;
#1403 = LINE ( 'NONE', #2435, #1300 ) ;
#1404 =( GEOMETRIC_REPRESENTATION_CONTEXT ( 3 ) GLOBAL_UNCERTAINTY_ASSIGNED_CONTEXT ( ( #1381 ) ) GLOBAL_UNIT_ASSIGNED_CONTEXT ( ( #608, #2292, #924 ) ) REPRESENTATION_CONTEXT ( 'NONE', 'WORKASPACE' ) );
#1405 = EDGE_CURVE ( 'NONE', #2316, #1565, #1763, .T. ) ;
#1406 = CARTESIAN_POINT ( 'NONE',  ( 1.400000000000000133, 0.8750000000000003331, 0.8599999999999999867 ) ) ;
#1407 = ORIENTED_EDGE ( 'NONE', *, *, #907, .F. ) ;
#1408 = CARTESIAN_POINT ( 'NONE',  ( 1.025000000000000355, 0.8750000000000002220, 0.8699999999999999956 ) ) ;
#1409 =( GEOMETRIC_REPRESENTATION_CONTEXT ( 3 ) GLOBAL_UNCERTAINTY_ASSIGNED_CONTEXT ( ( #1166 ) ) GLOBAL_UNIT_ASSIGNED_CONTEXT ( ( #2344, #2103, #513 ) ) REPRESENTATION_CONTEXT ( 'NONE', 'WORKASPACE' ) );
#1410 = ORIENTED_EDGE ( 'NONE', *, *, #865, .F. ) ;
#1411 = DIRECTION ( 'NONE',  ( -0.000000000000000000, -0.000000000000000000, -1.000000000000000000 ) ) ;
#1412 = ORIENTED_EDGE ( 'NONE', *, *, #79, .T. ) ;
#1413 = UNCERTAINTY_MEASURE_WITH_UNIT (LENGTH_MEASURE( 1.000000000000000082E-05 ), #1541, 'distance_accuracy_value', 'NONE');
#1414 = FACE_BOUND ( 'NONE', #2561, .T. ) ;
#1415 = MANIFOLD_SOLID_BREP ( 'Cut-Extrude1[2]', #3370 ) ;
#1416 = VECTOR ( 'NONE', #2059, 1000.000000000000000 ) ;
#1417 = ORIENTED_EDGE ( 'NONE', *, *, #2693, .T. ) ;
#1418 = STYLED_ITEM ( 'NONE', ( #2731 ), #2734 ) ;
#1419 = ORIENTED_EDGE ( 'NONE', *, *, #974, .F. ) ;
#1420 = ORIENTED_EDGE ( 'NONE', *, *, #2264, .T. ) ;
#1421 = CARTESIAN_POINT ( 'NONE',  ( -0.6250000000000000000, 0.6165162036361850895, 0.8599999999999999867 ) ) ;
#1422 = LINE ( 'NONE', #280, #2163 ) ;
#1423 = LINE ( 'NONE', #551, #42 ) ;
#1424 = MANIFOLD_SOLID_BREP ( 'Cut-Extrude1[1]', #1036 ) ;
#1425 = EDGE_CURVE ( 'NONE', #1644, #118, #324, .T. ) ;
#1426 = VECTOR ( 'NONE', #2723, 1000.000000000000000 ) ;
#1427 = FILL_AREA_STYLE_COLOUR ( '', #230 ) ;
#1428 = VECTOR ( 'NONE', #3353, 1000.000000000000000 ) ;
#1429 = LINE ( 'NONE', #555, #1655 ) ;
#1430 = VECTOR ( 'NONE', #2498, 1000.000000000000000 ) ;
#1431 = DIRECTION ( 'NONE',  ( 0.000000000000000000, -1.000000000000000000, 0.000000000000000000 ) ) ;
#1432 = AXIS2_PLACEMENT_3D ( 'NONE', #2271, #3411, #284 ) ;
#1433 = PLANE ( 'NONE',  #3224 ) ;
#1434 =( NAMED_UNIT ( * ) PLANE_ANGLE_UNIT ( ) SI_UNIT ( $, .RADIAN. ) );
#1435 = SURFACE_STYLE_USAGE ( .BOTH. , #2516 ) ;
#1436 = ORIENTED_EDGE ( 'NONE', *, *, #1299, .T. ) ;
#1437 = CARTESIAN_POINT ( 'NONE',  ( 0.3750000000000000000, -1.091516203636184956, 0.8699999999999999956 ) ) ;
#1438 = SURFACE_SIDE_STYLE ('',( #2260 ) ) ;
#1439 = ORIENTED_EDGE ( 'NONE', *, *, #1538, .T. ) ;
#1440 =( NAMED_UNIT ( * ) SI_UNIT ( $, .STERADIAN. ) SOLID_ANGLE_UNIT ( ) );
#1441 = VERTEX_POINT ( 'NONE', #2283 ) ;
#1442 = DIRECTION ( 'NONE',  ( -0.000000000000000000, -0.000000000000000000, -1.000000000000000000 ) ) ;
#1443 =( LENGTH_UNIT ( ) NAMED_UNIT ( * ) SI_UNIT ( .MILLI., .METRE. ) );
#1444 = DIRECTION ( 'NONE',  ( 3.423796334164751519E-16, 1.000000000000000000, 0.000000000000000000 ) ) ;
#1445 = DIRECTION ( 'NONE',  ( -0.000000000000000000, -0.000000000000000000, -1.000000000000000000 ) ) ;
#1446 = SURFACE_STYLE_USAGE ( .BOTH. , #326 ) ;
#1447 = VECTOR ( 'NONE', #2709, 1000.000000000000000 ) ;
#1448 = AXIS2_PLACEMENT_3D ( 'NONE', #3521, #1042, #2900 ) ;
#1449 =( NAMED_UNIT ( * ) SI_UNIT ( $, .STERADIAN. ) SOLID_ANGLE_UNIT ( ) );
#1450 = EDGE_CURVE ( 'NONE', #2137, #2846, #932, .T. ) ;
#1451 = PRESENTATION_LAYER_ASSIGNMENT (  '', '', ( #2895 ) ) ;
#1452 = ORIENTED_EDGE ( 'NONE', *, *, #3532, .F. ) ;
#1453 = SURFACE_STYLE_FILL_AREA ( #2595 ) ;
#1454 = CARTESIAN_POINT ( 'NONE',  ( 0.3750000000000000000, 1.091516203636184956, 0.8699999999999999956 ) ) ;
#1455 = FACE_OUTER_BOUND ( 'NONE', #1199, .T. ) ;
#1456 = EDGE_CURVE ( 'NONE', #3302, #2867, #1697, .T. ) ;
#1457 = ORIENTED_EDGE ( 'NONE', *, *, #2100, .T. ) ;
#1458 = DIRECTION ( 'NONE',  ( -0.000000000000000000, -0.000000000000000000, -1.000000000000000000 ) ) ;
#1459 = UNCERTAINTY_MEASURE_WITH_UNIT (LENGTH_MEASURE( 1.000000000000000082E-05 ), #1590, 'distance_accuracy_value', 'NONE');
#1460 = ORIENTED_EDGE ( 'NONE', *, *, #2536, .F. ) ;
#1461 = CARTESIAN_POINT ( 'NONE',  ( 0.6249999999999998890, 0.6165162036361847564, 0.8699999999999999956 ) ) ;
#1462 = CARTESIAN_POINT ( 'NONE',  ( 0.1250000000000000000, -1.091516203636184956, 0.8699999999999999956 ) ) ;
#1463 = DIRECTION ( 'NONE',  ( -0.000000000000000000, 1.000000000000000000, -0.000000000000000000 ) ) ;
#1464 = CARTESIAN_POINT ( 'NONE',  ( -0.9249999999999950484, 0.3750000000000004441, 0.8699999999999999956 ) ) ;
#1465 = PRESENTATION_LAYER_ASSIGNMENT (  '', '', ( #3311 ) ) ;
#1466 = SURFACE_SIDE_STYLE ('',( #2842 ) ) ;
#1467 = SURFACE_SIDE_STYLE ('',( #1212 ) ) ;
#1468 = DIRECTION ( 'NONE',  ( 0.000000000000000000, -0.000000000000000000, 1.000000000000000000 ) ) ;
#1469 = ORIENTED_EDGE ( 'NONE', *, *, #311, .F. ) ;
#1470 = DIRECTION ( 'NONE',  ( -0.000000000000000000, -0.000000000000000000, -1.000000000000000000 ) ) ;
#1471 = ADVANCED_FACE ( 'NONE', ( #3409 ), #1185, .T. ) ;
#1472 = AXIS2_PLACEMENT_3D ( 'NONE', #3322, #1962, #847 ) ;
#1473 = FILL_AREA_STYLE_COLOUR ( '', #1122 ) ;
#1474 = ORIENTED_EDGE ( 'NONE', *, *, #2236, .F. ) ;
#1475 = COLOUR_RGB ( '',0.3176470588235293935, 0.2470588235294117752, 0.2078431372549019440 ) ;
#1476 = ADVANCED_FACE ( 'NONE', ( #33 ), #357, .F. ) ;
#1477 = ORIENTED_EDGE ( 'NONE', *, *, #3554, .T. ) ;
#1478 =( LENGTH_UNIT ( ) NAMED_UNIT ( * ) SI_UNIT ( .MILLI., .METRE. ) );
#1479 =( NAMED_UNIT ( * ) SI_UNIT ( $, .STERADIAN. ) SOLID_ANGLE_UNIT ( ) );
#1480 = CARTESIAN_POINT ( 'NONE',  ( 0.1250000000000000000, -1.091516203636184956, 0.8599999999999999867 ) ) ;
#1481 = DIRECTION ( 'NONE',  ( 0.000000000000000000, -1.000000000000000000, 0.000000000000000000 ) ) ;
#1482 = DIRECTION ( 'NONE',  ( -0.000000000000000000, -0.000000000000000000, -1.000000000000000000 ) ) ;
#1483 =( GEOMETRIC_REPRESENTATION_CONTEXT ( 3 ) GLOBAL_UNCERTAINTY_ASSIGNED_CONTEXT ( ( #2789 ) ) GLOBAL_UNIT_ASSIGNED_CONTEXT ( ( #873, #2388, #732 ) ) REPRESENTATION_CONTEXT ( 'NONE', 'WORKASPACE' ) );
#1484 = COLOUR_RGB ( '',0.3176470588235293935, 0.2470588235294117752, 0.2078431372549019440 ) ;
#1485 = PRESENTATION_LAYER_ASSIGNMENT (  '', '', ( #3042 ) ) ;
#1486 = ORIENTED_EDGE ( 'NONE', *, *, #2124, .F. ) ;
#1487 = CARTESIAN_POINT ( 'NONE',  ( 0.6249999999999998890, 0.6165162036361847564, 0.8599999999999999867 ) ) ;
#1488 = DIRECTION ( 'NONE',  ( 0.000000000000000000, -1.000000000000000000, 0.000000000000000000 ) ) ;
#1489 = FILL_AREA_STYLE_COLOUR ( '', #2303 ) ;
#1490 = EDGE_CURVE ( 'NONE', #741, #3078, #1268, .T. ) ;
#1491 = DIRECTION ( 'NONE',  ( 1.000000000000000000, 0.000000000000000000, -0.000000000000000000 ) ) ;
#1492 = ORIENTED_EDGE ( 'NONE', *, *, #1639, .T. ) ;
#1493 = FACE_OUTER_BOUND ( 'NONE', #3064, .T. ) ;
#1494 = ADVANCED_FACE ( 'NONE', ( #2415 ), #1784, .F. ) ;
#1495 = ORIENTED_EDGE ( 'NONE', *, *, #907, .T. ) ;
#1496 = EDGE_CURVE ( 'NONE', #83, #564, #2922, .T. ) ;
#1497 = VECTOR ( 'NONE', #2679, 1000.000000000000000 ) ;
#1498 = CARTESIAN_POINT ( 'NONE',  ( 0.6249999999999998890, 0.6165162036361847564, 0.8699999999999999956 ) ) ;
#1499 = FILL_AREA_STYLE ('',( #2591 ) ) ;
#1500 = STYLED_ITEM ( 'NONE', ( #634 ), #919 ) ;
#1501 = LINE ( 'NONE', #1702, #1544 ) ;
#1502 = DIRECTION ( 'NONE',  ( 1.000000000000000000, 0.000000000000000000, 0.000000000000000000 ) ) ;
#1503 =( GEOMETRIC_REPRESENTATION_CONTEXT ( 3 ) GLOBAL_UNCERTAINTY_ASSIGNED_CONTEXT ( ( #1459 ) ) GLOBAL_UNIT_ASSIGNED_CONTEXT ( ( #1590, #2668, #2949 ) ) REPRESENTATION_CONTEXT ( 'NONE', 'WORKASPACE' ) );
#1504 = PRESENTATION_LAYER_ASSIGNMENT (  '', '', ( #1961 ) ) ;
#1505 = ORIENTED_EDGE ( 'NONE', *, *, #177, .T. ) ;
#1506 =( LENGTH_UNIT ( ) NAMED_UNIT ( * ) SI_UNIT ( .MILLI., .METRE. ) );
#1507 =( NAMED_UNIT ( * ) SI_UNIT ( $, .STERADIAN. ) SOLID_ANGLE_UNIT ( ) );
#1508 = VECTOR ( 'NONE', #2147, 1000.000000000000000 ) ;
#1509 = DIRECTION ( 'NONE',  ( -0.000000000000000000, 0.000000000000000000, 1.000000000000000000 ) ) ;
#1510 = DIRECTION ( 'NONE',  ( -0.000000000000000000, 0.000000000000000000, -1.000000000000000000 ) ) ;
#1511 = ORIENTED_EDGE ( 'NONE', *, *, #1888, .F. ) ;
#1512 = ORIENTED_EDGE ( 'NONE', *, *, #1110, .F. ) ;
#1513 = ORIENTED_EDGE ( 'NONE', *, *, #2844, .F. ) ;
#1514 = ADVANCED_FACE ( 'NONE', ( #3462 ), #143, .F. ) ;
#1515 =( NAMED_UNIT ( * ) SI_UNIT ( $, .STERADIAN. ) SOLID_ANGLE_UNIT ( ) );
#1516 = PRODUCT ( 'ISM330ISNTR', 'ISM330ISNTR', '', ( #150 ) ) ;
#1517 = VECTOR ( 'NONE', #1002, 1000.000000000000000 ) ;
#1518 = MECHANICAL_DESIGN_GEOMETRIC_PRESENTATION_REPRESENTATION (  '', ( #1045 ), #3545 ) ;
#1519 = PRESENTATION_STYLE_ASSIGNMENT (( #3500 ) ) ;
#1520 =( NAMED_UNIT ( * ) SI_UNIT ( $, .STERADIAN. ) SOLID_ANGLE_UNIT ( ) );
#1521 = EDGE_CURVE ( 'NONE', #1236, #1013, #2440, .T. ) ;
#1522 = PRESENTATION_STYLE_ASSIGNMENT (( #450 ) ) ;
#1523 = VERTEX_POINT ( 'NONE', #3232 ) ;
#1524 =( NAMED_UNIT ( * ) SI_UNIT ( $, .STERADIAN. ) SOLID_ANGLE_UNIT ( ) );
#1525 = PLANE ( 'NONE',  #2745 ) ;
#1526 = CARTESIAN_POINT ( 'NONE',  ( 0.9249999999999846123, -0.6249999999999995559, 0.8699999999999999956 ) ) ;
#1527 = STYLED_ITEM ( 'NONE', ( #2808 ), #598 ) ;
#1528 = ORIENTED_EDGE ( 'NONE', *, *, #2534, .F. ) ;
#1529 = VERTEX_POINT ( 'NONE', #2109 ) ;
#1530 = EDGE_LOOP ( 'NONE', ( #2044, #1027, #3221, #2321 ) ) ;
#1531 = ORIENTED_EDGE ( 'NONE', *, *, #2888, .T. ) ;
#1532 = DIRECTION ( 'NONE',  ( -0.000000000000000000, -0.000000000000000000, -1.000000000000000000 ) ) ;
#1533 = VECTOR ( 'NONE', #3467, 1000.000000000000000 ) ;
#1534 = SURFACE_STYLE_USAGE ( .BOTH. , #409 ) ;
#1535 = MECHANICAL_DESIGN_GEOMETRIC_PRESENTATION_REPRESENTATION (  '', ( #2099 ), #817 ) ;
#1536 = PRESENTATION_STYLE_ASSIGNMENT (( #2625 ) ) ;
#1537 = DIRECTION ( 'NONE',  ( -0.000000000000000000, -0.000000000000000000, -1.000000000000000000 ) ) ;
#1538 = EDGE_CURVE ( 'NONE', #2812, #2382, #1572, .T. ) ;
#1539 = CARTESIAN_POINT ( 'NONE',  ( 0.3749999999999998890, 0.6165162036361847564, 0.8599999999999999867 ) ) ;
#1540 = VECTOR ( 'NONE', #3000, 1000.000000000000000 ) ;
#1541 =( LENGTH_UNIT ( ) NAMED_UNIT ( * ) SI_UNIT ( .MILLI., .METRE. ) );
#1542 = PLANE ( 'NONE',  #3132 ) ;
#1543 = FACE_OUTER_BOUND ( 'NONE', #3104, .T. ) ;
#1544 = VECTOR ( 'NONE', #2552, 1000.000000000000000 ) ;
#1545 = LINE ( 'NONE', #3474, #1908 ) ;
#1546 =( GEOMETRIC_REPRESENTATION_CONTEXT ( 3 ) GLOBAL_UNCERTAINTY_ASSIGNED_CONTEXT ( ( #2437 ) ) GLOBAL_UNIT_ASSIGNED_CONTEXT ( ( #379, #12, #854 ) ) REPRESENTATION_CONTEXT ( 'NONE', 'WORKASPACE' ) );
#1547 = VECTOR ( 'NONE', #46, 1000.000000000000000 ) ;
#1548 = VERTEX_POINT ( 'NONE', #1558 ) ;
#1549 = ORIENTED_EDGE ( 'NONE', *, *, #2106, .T. ) ;
#1550 = ORIENTED_EDGE ( 'NONE', *, *, #1997, .F. ) ;
#1551 = PRESENTATION_LAYER_ASSIGNMENT (  '', '', ( #896 ) ) ;
#1552 = SURFACE_STYLE_USAGE ( .BOTH. , #690 ) ;
#1553 = FILL_AREA_STYLE_COLOUR ( '', #478 ) ;
#1554 = LINE ( 'NONE', #693, #2740 ) ;
#1555 = CARTESIAN_POINT ( 'NONE',  ( 1.399999999999989697, -0.3749999999999996669, 0.8699999999999999956 ) ) ;
#1556 = CYLINDRICAL_SURFACE ( 'NONE', #719, 0.1250000000000000000 ) ;
#1557 = FILL_AREA_STYLE ('',( #415 ) ) ;
#1558 = CARTESIAN_POINT ( 'NONE',  ( -0.3750000000000000000, -1.091516203636184956, 0.8599999999999999867 ) ) ;
#1559 = SURFACE_STYLE_FILL_AREA ( #3236 ) ;
#1560 = ADVANCED_FACE ( 'NONE', ( #1811 ), #697, .F. ) ;
#1561 = SURFACE_SIDE_STYLE ('',( #1594 ) ) ;
#1562 = SURFACE_SIDE_STYLE ('',( #975 ) ) ;
#1563 = EDGE_LOOP ( 'NONE', ( #1495, #2238, #1905, #1477 ) ) ;
#1564 = MECHANICAL_DESIGN_GEOMETRIC_PRESENTATION_REPRESENTATION (  '', ( #2669 ), #1503 ) ;
#1565 = VERTEX_POINT ( 'NONE', #3250 ) ;
#1566 = EDGE_CURVE ( 'NONE', #2517, #2394, #416, .T. ) ;
#1567 = CARTESIAN_POINT ( 'NONE',  ( 0.3750000000000000000, -1.091516203636184956, 0.8699999999999999956 ) ) ;
#1568 = PLANE ( 'NONE',  #1153 ) ;
#1569 = PLANE ( 'NONE',  #2153 ) ;
#1570 = DIRECTION ( 'NONE',  ( -0.000000000000000000, -0.000000000000000000, -1.000000000000000000 ) ) ;
#1571 = PLANE ( 'NONE',  #82 ) ;
#1572 = LINE ( 'NONE', #219, #1792 ) ;
#1573 = CYLINDRICAL_SURFACE ( 'NONE', #352, 0.1250000000000000000 ) ;
#1574 =( NAMED_UNIT ( * ) PLANE_ANGLE_UNIT ( ) SI_UNIT ( $, .RADIAN. ) );
#1575 = DIRECTION ( 'NONE',  ( -1.734723475976807094E-16, 1.000000000000000000, 0.000000000000000000 ) ) ;
#1576 = EDGE_CURVE ( 'NONE', #1228, #1629, #2652, .T. ) ;
#1577 = SURFACE_STYLE_USAGE ( .BOTH. , #1562 ) ;
#1578 = FILL_AREA_STYLE ('',( #1227 ) ) ;
#1579 = ORIENTED_EDGE ( 'NONE', *, *, #50, .T. ) ;
#1580 = ORIENTED_EDGE ( 'NONE', *, *, #706, .T. ) ;
#1581 = CARTESIAN_POINT ( 'NONE',  ( -1.399999999999995026, 0.3750000000000003331, 0.8599999999999999867 ) ) ;
#1582 = PRESENTATION_LAYER_ASSIGNMENT (  '', '', ( #2396 ) ) ;
#1583 =( NAMED_UNIT ( * ) SI_UNIT ( $, .STERADIAN. ) SOLID_ANGLE_UNIT ( ) );
#1584 =( LENGTH_UNIT ( ) NAMED_UNIT ( * ) SI_UNIT ( .MILLI., .METRE. ) );
#1585 = CARTESIAN_POINT ( 'NONE',  ( -0.9249999999999846123, -0.6249999999999995559, 0.8699999999999999956 ) ) ;
#1586 = DIRECTION ( 'NONE',  ( -1.000000000000000000, 0.000000000000000000, 0.000000000000000000 ) ) ;
#1587 = STYLED_ITEM ( 'NONE', ( #343 ), #1471 ) ;
#1588 = CARTESIAN_POINT ( 'NONE',  ( -0.3750000000000001665, 0.6165162036361850895, 0.8699999999999999956 ) ) ;
#1589 =( GEOMETRIC_REPRESENTATION_CONTEXT ( 3 ) GLOBAL_UNCERTAINTY_ASSIGNED_CONTEXT ( ( #2777 ) ) GLOBAL_UNIT_ASSIGNED_CONTEXT ( ( #660, #1260, #2558 ) ) REPRESENTATION_CONTEXT ( 'NONE', 'WORKASPACE' ) );
#1590 =( LENGTH_UNIT ( ) NAMED_UNIT ( * ) SI_UNIT ( .MILLI., .METRE. ) );
#1591 = COLOUR_RGB ( '',0.3176470588235293935, 0.2470588235294117752, 0.2078431372549019440 ) ;
#1592 = CARTESIAN_POINT ( 'NONE',  ( -1.400000000000000133, 0.6250000000000003331, 0.8699999999999999956 ) ) ;
#1593 = DIRECTION ( 'NONE',  ( 0.000000000000000000, 1.000000000000000000, 0.000000000000000000 ) ) ;
#1594 = SURFACE_STYLE_FILL_AREA ( #1797 ) ;
#1595 = MECHANICAL_DESIGN_GEOMETRIC_PRESENTATION_REPRESENTATION (  '', ( #3562 ), #474 ) ;
#1596 = DIRECTION ( 'NONE',  ( 0.000000000000000000, -1.000000000000000000, 0.000000000000000000 ) ) ;
#1597 = VECTOR ( 'NONE', #1458, 1000.000000000000000 ) ;
#1598 = DIRECTION ( 'NONE',  ( -1.000000000000000000, -2.282530889443167515E-16, -0.000000000000000000 ) ) ;
#1599 = ORIENTED_EDGE ( 'NONE', *, *, #1623, .T. ) ;
#1600 = ORIENTED_EDGE ( 'NONE', *, *, #202, .F. ) ;
#1601 = ADVANCED_FACE ( 'NONE', ( #2984 ), #1542, .F. ) ;
#1602 =( GEOMETRIC_REPRESENTATION_CONTEXT ( 3 ) GLOBAL_UNCERTAINTY_ASSIGNED_CONTEXT ( ( #1120 ) ) GLOBAL_UNIT_ASSIGNED_CONTEXT ( ( #3559, #1099, #788 ) ) REPRESENTATION_CONTEXT ( 'NONE', 'WORKASPACE' ) );
#1603 = VECTOR ( 'NONE', #1263, 1000.000000000000000 ) ;
#1604 = CARTESIAN_POINT ( 'NONE',  ( 0.9249999999999846123, -0.6249999999999995559, 0.8699999999999999956 ) ) ;
#1605 = EDGE_CURVE ( 'NONE', #1916, #1178, #2144, .T. ) ;
#1606 = EDGE_CURVE ( 'NONE', #2676, #302, #556, .T. ) ;
#1607 = LINE ( 'NONE', #1386, #1670 ) ;
#1608 = DIRECTION ( 'NONE',  ( 1.000000000000000000, -0.000000000000000000, -0.000000000000000000 ) ) ;
#1609 = SURFACE_SIDE_STYLE ('',( #987 ) ) ;
#1610 = CARTESIAN_POINT ( 'NONE',  ( -0.9250000000000002665, 0.8750000000000004441, 0.8699999999999999956 ) ) ;
#1611 = CARTESIAN_POINT ( 'NONE',  ( 0.6250000000000000000, -1.091516203636184956, 0.8699999999999999956 ) ) ;
#1612 = FACE_OUTER_BOUND ( 'NONE', #789, .T. ) ;
#1613 = DIRECTION ( 'NONE',  ( 0.000000000000000000, -1.000000000000000000, 0.000000000000000000 ) ) ;
#1614 = ORIENTED_EDGE ( 'NONE', *, *, #1254, .T. ) ;
#1615 = LINE ( 'NONE', #229, #2345 ) ;
#1616 = VECTOR ( 'NONE', #394, 1000.000000000000000 ) ;
#1617 = PRESENTATION_LAYER_ASSIGNMENT (  '', '', ( #2669 ) ) ;
#1618 = STYLED_ITEM ( 'NONE', ( #1536 ), #754 ) ;
#1619 = CARTESIAN_POINT ( 'NONE',  ( 1.400000000000000133, 0.6250000000000003331, 0.8599999999999999867 ) ) ;
#1620 = AXIS2_PLACEMENT_3D ( 'NONE', #812, #488, #3555 ) ;
#1621 = SURFACE_STYLE_FILL_AREA ( #776 ) ;
#1622 = EDGE_CURVE ( 'NONE', #2035, #315, #2389, .T. ) ;
#1623 = EDGE_CURVE ( 'NONE', #1659, #741, #2406, .T. ) ;
#1624 = LINE ( 'NONE', #3599, #534 ) ;
#1625 =( NAMED_UNIT ( * ) SI_UNIT ( $, .STERADIAN. ) SOLID_ANGLE_UNIT ( ) );
#1626 = VECTOR ( 'NONE', #1444, 1000.000000000000000 ) ;
#1627 = PRESENTATION_STYLE_ASSIGNMENT (( #565 ) ) ;
#1628 = CARTESIAN_POINT ( 'NONE',  ( 0.3750000000000000000, 1.091516203636184956, 0.8599999999999999867 ) ) ;
#1629 = VERTEX_POINT ( 'NONE', #1305 ) ;
#1630 = CARTESIAN_POINT ( 'NONE',  ( 0.3750000000000000000, -1.091516203636184956, 0.8599999999999999867 ) ) ;
#1631 = PRESENTATION_LAYER_ASSIGNMENT (  '', '', ( #3149 ) ) ;
#1632 = ORIENTED_EDGE ( 'NONE', *, *, #637, .T. ) ;
#1633 = CARTESIAN_POINT ( 'NONE',  ( -0.3750000000000001665, -0.6165162036361850895, 0.8699999999999999956 ) ) ;
#1634 = AXIS2_PLACEMENT_3D ( 'NONE', #750, #129, #1859 ) ;
#1635 =( NAMED_UNIT ( * ) SI_UNIT ( $, .STERADIAN. ) SOLID_ANGLE_UNIT ( ) );
#1636 = AXIS2_PLACEMENT_3D ( 'NONE', #2674, #1291, #3541 ) ;
#1637 = UNCERTAINTY_MEASURE_WITH_UNIT (LENGTH_MEASURE( 1.000000000000000082E-05 ), #222, 'distance_accuracy_value', 'NONE');
#1638 = MECHANICAL_DESIGN_GEOMETRIC_PRESENTATION_REPRESENTATION (  '', ( #2396 ), #1409 ) ;
#1639 = EDGE_CURVE ( 'NONE', #2603, #586, #3518, .T. ) ;
#1640 = DIRECTION ( 'NONE',  ( -0.000000000000000000, 0.000000000000000000, 1.000000000000000000 ) ) ;
#1641 = DIRECTION ( 'NONE',  ( 1.000000000000000000, -0.000000000000000000, -0.000000000000000000 ) ) ;
#1642 = DIRECTION ( 'NONE',  ( 2.891205793294679312E-16, -1.000000000000000000, 0.000000000000000000 ) ) ;
#1643 = FACE_OUTER_BOUND ( 'NONE', #2660, .T. ) ;
#1644 = VERTEX_POINT ( 'NONE', #3535 ) ;
#1645 = FILL_AREA_STYLE ('',( #3604 ) ) ;
#1646 = SURFACE_SIDE_STYLE ('',( #525 ) ) ;
#1647 = VERTEX_POINT ( 'NONE', #1040 ) ;
#1648 = VECTOR ( 'NONE', #1060, 1000.000000000000000 ) ;
#1649 = DIRECTION ( 'NONE',  ( -1.000000000000000000, -1.711898167082376006E-16, 0.000000000000000000 ) ) ;
#1650 = ORIENTED_EDGE ( 'NONE', *, *, #1136, .T. ) ;
#1651 =( GEOMETRIC_REPRESENTATION_CONTEXT ( 3 ) GLOBAL_UNCERTAINTY_ASSIGNED_CONTEXT ( ( #3009 ) ) GLOBAL_UNIT_ASSIGNED_CONTEXT ( ( #1390, #2492, #238 ) ) REPRESENTATION_CONTEXT ( 'NONE', 'WORKASPACE' ) );
#1652 = VECTOR ( 'NONE', #2004, 1000.000000000000000 ) ;
#1653 = UNCERTAINTY_MEASURE_WITH_UNIT (LENGTH_MEASURE( 1.000000000000000082E-05 ), #81, 'distance_accuracy_value', 'NONE');
#1654 = LINE ( 'NONE', #844, #142 ) ;
#1655 = VECTOR ( 'NONE', #35, 1000.000000000000000 ) ;
#1656 = MECHANICAL_DESIGN_GEOMETRIC_PRESENTATION_REPRESENTATION (  '', ( #1016 ), #2588 ) ;
#1657 = COLOUR_RGB ( '',0.3176470588235293935, 0.2470588235294117752, 0.2078431372549019440 ) ;
#1658 = AXIS2_PLACEMENT_3D ( 'NONE', #2366, #938, #3179 ) ;
#1659 = VERTEX_POINT ( 'NONE', #2617 ) ;
#1660 = LINE ( 'NONE', #1408, #2432 ) ;
#1661 =( NAMED_UNIT ( * ) PLANE_ANGLE_UNIT ( ) SI_UNIT ( $, .RADIAN. ) );
#1662 = VERTEX_POINT ( 'NONE', #3127 ) ;
#1663 = CARTESIAN_POINT ( 'NONE',  ( 1.399999999999984590, -0.6249999999999996669, 0.8699999999999999956 ) ) ;
#1664 = PLANE ( 'NONE',  #316 ) ;
#1665 = EDGE_CURVE ( 'NONE', #1945, #2880, #610, .T. ) ;
#1666 = ORIENTED_EDGE ( 'NONE', *, *, #949, .F. ) ;
#1667 = UNCERTAINTY_MEASURE_WITH_UNIT (LENGTH_MEASURE( 1.000000000000000082E-05 ), #2441, 'distance_accuracy_value', 'NONE');
#1668 = FACE_BOUND ( 'NONE', #2170, .T. ) ;
#1669 = ADVANCED_FACE ( 'NONE', ( #2294 ), #642, .T. ) ;
#1670 = VECTOR ( 'NONE', #791, 1000.000000000000000 ) ;
#1671 = VERTEX_POINT ( 'NONE', #630 ) ;
#1672 = SURFACE_STYLE_FILL_AREA ( #300 ) ;
#1673 = VECTOR ( 'NONE', #154, 1000.000000000000000 ) ;
#1674 = CARTESIAN_POINT ( 'NONE',  ( 0.000000000000000000, 0.000000000000000000, 0.8699999999999999956 ) ) ;
#1675 = DIRECTION ( 'NONE',  ( 1.000000000000000000, 0.000000000000000000, -0.000000000000000000 ) ) ;
#1676 = VECTOR ( 'NONE', #2289, 1000.000000000000000 ) ;
#1677 = LINE ( 'NONE', #3371, #113 ) ;
#1678 = CARTESIAN_POINT ( 'NONE',  ( -1.399999999999984590, -0.8749999999999996669, 0.8699999999999999956 ) ) ;
#1679 = VECTOR ( 'NONE', #592, 1000.000000000000000 ) ;
#1680 = FILL_AREA_STYLE ('',( #286 ) ) ;
#1681 = FILL_AREA_STYLE ('',( #3014 ) ) ;
#1682 = ORIENTED_EDGE ( 'NONE', *, *, #3206, .T. ) ;
#1683 = SURFACE_STYLE_FILL_AREA ( #1912 ) ;
#1684 = ORIENTED_EDGE ( 'NONE', *, *, #2651, .T. ) ;
#1685 = CARTESIAN_POINT ( 'NONE',  ( 0.000000000000000000, 0.000000000000000000, 0.8699999999999999956 ) ) ;
#1686 = PLANE ( 'NONE',  #779 ) ;
#1687 = ORIENTED_EDGE ( 'NONE', *, *, #1366, .T. ) ;
#1688 = DIRECTION ( 'NONE',  ( -0.000000000000000000, -0.000000000000000000, -1.000000000000000000 ) ) ;
#1689 = PRESENTATION_LAYER_ASSIGNMENT (  '', '', ( #2439 ) ) ;
#1690 = EDGE_CURVE ( 'NONE', #1885, #2846, #2831, .T. ) ;
#1691 = ORIENTED_EDGE ( 'NONE', *, *, #1296, .F. ) ;
#1692 = LINE ( 'NONE', #2793, #1854 ) ;
#1693 = ORIENTED_EDGE ( 'NONE', *, *, #194, .F. ) ;
#1694 =( NAMED_UNIT ( * ) SI_UNIT ( $, .STERADIAN. ) SOLID_ANGLE_UNIT ( ) );
#1695 = ADVANCED_FACE ( 'NONE', ( #3107, #2882 ), #385, .T. ) ;
#1696 =( LENGTH_UNIT ( ) NAMED_UNIT ( * ) SI_UNIT ( .MILLI., .METRE. ) );
#1697 = LINE ( 'NONE', #2319, #1119 ) ;
#1698 =( NAMED_UNIT ( * ) PLANE_ANGLE_UNIT ( ) SI_UNIT ( $, .RADIAN. ) );
#1699 = VECTOR ( 'NONE', #1575, 1000.000000000000000 ) ;
#1700 = FACE_OUTER_BOUND ( 'NONE', #787, .T. ) ;
#1701 = CARTESIAN_POINT ( 'NONE',  ( 0.000000000000000000, 0.000000000000000000, 0.8699999999999999956 ) ) ;
#1702 = CARTESIAN_POINT ( 'NONE',  ( 0.3749999999999998890, -0.6165162036361847564, 0.8599999999999999867 ) ) ;
#1703 = VECTOR ( 'NONE', #1537, 1000.000000000000000 ) ;
#1704 = ORIENTED_EDGE ( 'NONE', *, *, #2397, .T. ) ;
#1705 = FILL_AREA_STYLE_COLOUR ( '', #1105 ) ;
#1706 = FILL_AREA_STYLE ('',( #1974 ) ) ;
#1707 = ORIENTED_EDGE ( 'NONE', *, *, #2034, .F. ) ;
#1708 = VECTOR ( 'NONE', #3495, 1000.000000000000000 ) ;
#1709 = ORIENTED_EDGE ( 'NONE', *, *, #3425, .F. ) ;
#1710 = COLOUR_RGB ( '',0.3176470588235293935, 0.2470588235294117752, 0.2078431372549019440 ) ;
#1711 = LINE ( 'NONE', #2815, #107 ) ;
#1712 = FILL_AREA_STYLE_COLOUR ( '', #3566 ) ;
#1713 = DIRECTION ( 'NONE',  ( 1.000000000000000000, 0.000000000000000000, 0.000000000000000000 ) ) ;
#1714 =( NAMED_UNIT ( * ) SI_UNIT ( $, .STERADIAN. ) SOLID_ANGLE_UNIT ( ) );
#1715 = VECTOR ( 'NONE', #942, 1000.000000000000000 ) ;
#1716 = ADVANCED_FACE ( 'NONE', ( #1455 ), #3434, .F. ) ;
#1717 = FILL_AREA_STYLE ('',( #2857 ) ) ;
#1718 = AXIS2_PLACEMENT_3D ( 'NONE', #2730, #3296, #2175 ) ;
#1719 = LINE ( 'NONE', #2002, #2529 ) ;
#1720 = PLANE ( 'NONE',  #1245 ) ;
#1721 = AXIS2_PLACEMENT_3D ( 'NONE', #1498, #918, #1754 ) ;
#1722 = SURFACE_STYLE_USAGE ( .BOTH. , #3098 ) ;
#1723 = ADVANCED_FACE ( 'NONE', ( #879 ), #2277, .F. ) ;
#1724 = UNCERTAINTY_MEASURE_WITH_UNIT (LENGTH_MEASURE( 1.000000000000000082E-05 ), #920, 'distance_accuracy_value', 'NONE');
#1725 = CARTESIAN_POINT ( 'NONE',  ( 0.6249999999999998890, 0.6165162036361847564, 0.8699999999999999956 ) ) ;
#1726 = DIRECTION ( 'NONE',  ( -0.000000000000000000, -0.000000000000000000, -1.000000000000000000 ) ) ;
#1727 = ORIENTED_EDGE ( 'NONE', *, *, #2230, .T. ) ;
#1728 = LINE ( 'NONE', #62, #420 ) ;
#1729 = SURFACE_STYLE_USAGE ( .BOTH. , #590 ) ;
#1730 = EDGE_LOOP ( 'NONE', ( #3317, #3576, #2594, #1098 ) ) ;
#1731 = VERTEX_POINT ( 'NONE', #170 ) ;
#1732 = ORIENTED_EDGE ( 'NONE', *, *, #1866, .T. ) ;
#1733 = DIRECTION ( 'NONE',  ( 0.000000000000000000, -1.000000000000000000, 0.000000000000000000 ) ) ;
#1734 = FILL_AREA_STYLE ('',( #901 ) ) ;
#1735 = PRESENTATION_LAYER_ASSIGNMENT (  '', '', ( #1790 ) ) ;
#1736 = DIRECTION ( 'NONE',  ( -0.000000000000000000, -0.000000000000000000, -1.000000000000000000 ) ) ;
#1737 =( NAMED_UNIT ( * ) PLANE_ANGLE_UNIT ( ) SI_UNIT ( $, .RADIAN. ) );
#1738 = EDGE_CURVE ( 'NONE', #1441, #2636, #3184, .T. ) ;
#1739 = FILL_AREA_STYLE ('',( #93 ) ) ;
#1740 =( NAMED_UNIT ( * ) PLANE_ANGLE_UNIT ( ) SI_UNIT ( $, .RADIAN. ) );
#1741 = EDGE_CURVE ( 'NONE', #646, #1349, #2673, .T. ) ;
#1742 = FILL_AREA_STYLE ('',( #2005 ) ) ;
#1743 = ORIENTED_EDGE ( 'NONE', *, *, #516, .F. ) ;
#1744 = DIRECTION ( 'NONE',  ( 1.000000000000000000, 0.000000000000000000, 0.000000000000000000 ) ) ;
#1745 = LINE ( 'NONE', #925, #192 ) ;
#1746 = SURFACE_STYLE_FILL_AREA ( #951 ) ;
#1747 = DIRECTION ( 'NONE',  ( -0.000000000000000000, -0.000000000000000000, -1.000000000000000000 ) ) ;
#1748 = ORIENTED_EDGE ( 'NONE', *, *, #1888, .T. ) ;
#1749 = ORIENTED_EDGE ( 'NONE', *, *, #2146, .T. ) ;
#1750 = UNCERTAINTY_MEASURE_WITH_UNIT (LENGTH_MEASURE( 1.000000000000000082E-05 ), #2356, 'distance_accuracy_value', 'NONE');
#1751 = ORIENTED_EDGE ( 'NONE', *, *, #1866, .F. ) ;
#1752 = ORIENTED_EDGE ( 'NONE', *, *, #3597, .F. ) ;
#1753 =( NAMED_UNIT ( * ) SI_UNIT ( $, .STERADIAN. ) SOLID_ANGLE_UNIT ( ) );
#1754 = DIRECTION ( 'NONE',  ( -2.282530889443166036E-16, -1.000000000000000000, 0.000000000000000000 ) ) ;
#1755 = PRESENTATION_STYLE_ASSIGNMENT (( #3154 ) ) ;
#1756 = PLANE ( 'NONE',  #600 ) ;
#1757 = EDGE_CURVE ( 'NONE', #1958, #2597, #185, .T. ) ;
#1758 = LINE ( 'NONE', #1725, #3367 ) ;
#1759 = ORIENTED_EDGE ( 'NONE', *, *, #2100, .F. ) ;
#1760 = SURFACE_STYLE_USAGE ( .BOTH. , #2538 ) ;
#1761 = FILL_AREA_STYLE ('',( #2007 ) ) ;
#1762 = DIRECTION ( 'NONE',  ( 0.000000000000000000, -1.000000000000000000, 0.000000000000000000 ) ) ;
#1763 = CIRCLE ( 'NONE', #3316, 0.1249999999999998890 ) ;
#1764 = CARTESIAN_POINT ( 'NONE',  ( 0.9249999999999950484, 0.3750000000000004441, 0.8599999999999999867 ) ) ;
#1765 = ORIENTED_EDGE ( 'NONE', *, *, #492, .T. ) ;
#1766 = EDGE_CURVE ( 'NONE', #3302, #2496, #1275, .T. ) ;
#1767 = STYLED_ITEM ( 'NONE', ( #2596 ), #476 ) ;
#1768 = SURFACE_SIDE_STYLE ('',( #2014 ) ) ;
#1769 = VERTEX_POINT ( 'NONE', #1009 ) ;
#1770 = CARTESIAN_POINT ( 'NONE',  ( -0.6250000000000000000, -1.091516203636184956, 0.8599999999999999867 ) ) ;
#1771 = SURFACE_STYLE_FILL_AREA ( #2083 ) ;
#1772 =( NAMED_UNIT ( * ) PLANE_ANGLE_UNIT ( ) SI_UNIT ( $, .RADIAN. ) );
#1773 = AXIS2_PLACEMENT_3D ( 'NONE', #2266, #3114, #823 ) ;
#1774 = MECHANICAL_DESIGN_GEOMETRIC_PRESENTATION_REPRESENTATION (  '', ( #1131 ), #2410 ) ;
#1775 = ORIENTED_EDGE ( 'NONE', *, *, #941, .T. ) ;
#1776 = CARTESIAN_POINT ( 'NONE',  ( 1.500000000000000000, -1.249999999999999778, 0.000000000000000000 ) ) ;
#1777 = SURFACE_SIDE_STYLE ('',( #337 ) ) ;
#1778 = DIRECTION ( 'NONE',  ( -0.000000000000000000, -0.000000000000000000, -1.000000000000000000 ) ) ;
#1779 = EDGE_LOOP ( 'NONE', ( #1379, #44, #1666, #1162 ) ) ;
#1780 = EDGE_CURVE ( 'NONE', #2520, #1769, #1830, .T. ) ;
#1781 = ORIENTED_EDGE ( 'NONE', *, *, #3291, .F. ) ;
#1782 = ORIENTED_EDGE ( 'NONE', *, *, #734, .F. ) ;
#1783 = VERTEX_POINT ( 'NONE', #1290 ) ;
#1784 = PLANE ( 'NONE',  #528 ) ;
#1785 = EDGE_CURVE ( 'NONE', #473, #3490, #435, .T. ) ;
#1786 = CARTESIAN_POINT ( 'NONE',  ( 0.9250000000000002665, 0.7750000000000001332, 0.8599999999999999867 ) ) ;
#1787 = CARTESIAN_POINT ( 'NONE',  ( -0.6250000000000000000, 1.091516203636184956, 0.8699999999999999956 ) ) ;
#1788 =( NAMED_UNIT ( * ) PLANE_ANGLE_UNIT ( ) SI_UNIT ( $, .RADIAN. ) );
#1789 = SURFACE_STYLE_FILL_AREA ( #3394 ) ;
#1790 = STYLED_ITEM ( 'NONE', ( #2680 ), #768 ) ;
#1791 = COLOUR_RGB ( '',0.3176470588235293935, 0.2470588235294117752, 0.2078431372549019440 ) ;
#1792 = VECTOR ( 'NONE', #733, 1000.000000000000000 ) ;
#1793 = VECTOR ( 'NONE', #3103, 1000.000000000000000 ) ;
#1794 = ORIENTED_EDGE ( 'NONE', *, *, #63, .T. ) ;
#1795 = FACE_OUTER_BOUND ( 'NONE', #3588, .T. ) ;
#1796 = PRESENTATION_LAYER_ASSIGNMENT (  '', '', ( #1157 ) ) ;
#1797 = FILL_AREA_STYLE ('',( #895 ) ) ;
#1798 = ORIENTED_EDGE ( 'NONE', *, *, #3267, .F. ) ;
#1799 = ORIENTED_EDGE ( 'NONE', *, *, #1136, .F. ) ;
#1800 = EDGE_LOOP ( 'NONE', ( #1457, #2971, #1886, #573 ) ) ;
#1801 = ORIENTED_EDGE ( 'NONE', *, *, #594, .F. ) ;
#1802 = EDGE_CURVE ( 'NONE', #3188, #2784, #102, .T. ) ;
#1803 = DIRECTION ( 'NONE',  ( 0.000000000000000000, -1.000000000000000000, 0.000000000000000000 ) ) ;
#1804 = EDGE_CURVE ( 'NONE', #2753, #2382, #455, .T. ) ;
#1805 = DIRECTION ( 'NONE',  ( -1.000000000000000000, 1.711898167082376006E-16, 0.000000000000000000 ) ) ;
#1806 = AXIS2_PLACEMENT_3D ( 'NONE', #307, #3596, #848 ) ;
#1807 = DIRECTION ( 'NONE',  ( -0.000000000000000000, -0.000000000000000000, -1.000000000000000000 ) ) ;
#1808 = CARTESIAN_POINT ( 'NONE',  ( 0.3749999999999998890, 0.6165162036361847564, 0.8599999999999999867 ) ) ;
#1809 = CARTESIAN_POINT ( 'NONE',  ( 0.1250000000000000833, -0.6165162036361850895, 0.8699999999999999956 ) ) ;
#1810 = FACE_OUTER_BOUND ( 'NONE', #816, .T. ) ;
#1811 = FACE_OUTER_BOUND ( 'NONE', #1111, .T. ) ;
#1812 = CARTESIAN_POINT ( 'NONE',  ( -0.1250000000000000833, -0.6165162036361850895, 0.8699999999999999956 ) ) ;
#1813 = CARTESIAN_POINT ( 'NONE',  ( -0.1250000000000000833, -0.6165162036361850895, 0.8599999999999999867 ) ) ;
#1814 = STYLED_ITEM ( 'NONE', ( #3171 ), #2994 ) ;
#1815 = VECTOR ( 'NONE', #436, 1000.000000000000000 ) ;
#1816 =( NAMED_UNIT ( * ) SI_UNIT ( $, .STERADIAN. ) SOLID_ANGLE_UNIT ( ) );
#1817 = ORIENTED_EDGE ( 'NONE', *, *, #3473, .T. ) ;
#1818 = ORIENTED_EDGE ( 'NONE', *, *, #2418, .T. ) ;
#1819 = VERTEX_POINT ( 'NONE', #3254 ) ;
#1820 = FILL_AREA_STYLE ('',( #981 ) ) ;
#1821 = DIRECTION ( 'NONE',  ( -1.734723475976807341E-16, 1.000000000000000000, 0.000000000000000000 ) ) ;
#1822 = EDGE_CURVE ( 'NONE', #1380, #2537, #2426, .T. ) ;
#1823 = LINE ( 'NONE', #431, #2931 ) ;
#1824 = CARTESIAN_POINT ( 'NONE',  ( 0.000000000000000000, 0.000000000000000000, 0.000000000000000000 ) ) ;
#1825 = MECHANICAL_DESIGN_GEOMETRIC_PRESENTATION_REPRESENTATION (  '', ( #940 ), #3102 ) ;
#1826 = EDGE_LOOP ( 'NONE', ( #1084, #3218 ) ) ;
#1827 = STYLED_ITEM ( 'NONE', ( #939 ), #2755 ) ;
#1828 = CARTESIAN_POINT ( 'NONE',  ( -1.399999999999984590, -0.6249999999999996669, 0.8699999999999999956 ) ) ;
#1829 = STYLED_ITEM ( 'NONE', ( #1522 ), #2131 ) ;
#1830 = LINE ( 'NONE', #2129, #1215 ) ;
#1831 = AXIS2_PLACEMENT_3D ( 'NONE', #3049, #2473, #1107 ) ;
#1832 = COLOUR_RGB ( '',0.3176470588235293935, 0.2470588235294117752, 0.2078431372549019440 ) ;
#1833 = DIRECTION ( 'NONE',  ( -0.000000000000000000, -0.000000000000000000, -1.000000000000000000 ) ) ;
#1834 = VERTEX_POINT ( 'NONE', #755 ) ;
#1835 = DIRECTION ( 'NONE',  ( 1.000000000000000000, -1.711898167082376006E-16, 0.000000000000000000 ) ) ;
#1836 = ORIENTED_EDGE ( 'NONE', *, *, #2124, .T. ) ;
#1837 = VERTEX_POINT ( 'NONE', #402 ) ;
#1838 = SURFACE_STYLE_USAGE ( .BOTH. , #1249 ) ;
#1839 = DIRECTION ( 'NONE',  ( -0.000000000000000000, -0.000000000000000000, -1.000000000000000000 ) ) ;
#1840 = CARTESIAN_POINT ( 'NONE',  ( 1.399999999999989697, -0.3749999999999996669, 0.8599999999999999867 ) ) ;
#1841 = PLANE ( 'NONE',  #1773 ) ;
#1842 = MECHANICAL_DESIGN_GEOMETRIC_PRESENTATION_REPRESENTATION (  '', ( #2125 ), #738 ) ;
#1843 = EDGE_CURVE ( 'NONE', #2395, #2137, #2091, .T. ) ;
#1844 = DIRECTION ( 'NONE',  ( 0.000000000000000000, -0.000000000000000000, 1.000000000000000000 ) ) ;
#1845 = VECTOR ( 'NONE', #325, 1000.000000000000000 ) ;
#1846 = PRESENTATION_STYLE_ASSIGNMENT (( #2654 ) ) ;
#1847 = SURFACE_STYLE_USAGE ( .BOTH. , #2111 ) ;
#1848 =( NAMED_UNIT ( * ) SI_UNIT ( $, .STERADIAN. ) SOLID_ANGLE_UNIT ( ) );
#1849 = LINE ( 'NONE', #2718, #2450 ) ;
#1850 = DIRECTION ( 'NONE',  ( 1.000000000000000000, 2.282530889443167515E-16, 0.000000000000000000 ) ) ;
#1851 = VERTEX_POINT ( 'NONE', #136 ) ;
#1852 = VECTOR ( 'NONE', #206, 1000.000000000000000 ) ;
#1853 = EDGE_LOOP ( 'NONE', ( #1265, #3344, #1419, #1293 ) ) ;
#1854 = VECTOR ( 'NONE', #2265, 1000.000000000000000 ) ;
#1855 = FILL_AREA_STYLE ('',( #2724 ) ) ;
#1856 = DIRECTION ( 'NONE',  ( 1.000000000000000000, -0.000000000000000000, -0.000000000000000000 ) ) ;
#1857 = FILL_AREA_STYLE ('',( #430 ) ) ;
#1858 =( LENGTH_UNIT ( ) NAMED_UNIT ( * ) SI_UNIT ( .MILLI., .METRE. ) );
#1859 = DIRECTION ( 'NONE',  ( 2.282530889443166036E-16, -1.000000000000000000, 0.000000000000000000 ) ) ;
#1860 = DIRECTION ( 'NONE',  ( -1.000000000000000000, 0.000000000000000000, 0.000000000000000000 ) ) ;
#1861 = DIRECTION ( 'NONE',  ( -1.000000000000000000, -2.282530889443167515E-16, -0.000000000000000000 ) ) ;
#1862 = EDGE_CURVE ( 'NONE', #118, #1228, #1545, .T. ) ;
#1863 =( LENGTH_UNIT ( ) NAMED_UNIT ( * ) SI_UNIT ( .MILLI., .METRE. ) );
#1864 = EDGE_CURVE ( 'NONE', #321, #1731, #2376, .T. ) ;
#1865 = ORIENTED_EDGE ( 'NONE', *, *, #1378, .T. ) ;
#1866 = EDGE_CURVE ( 'NONE', #1819, #1523, #715, .T. ) ;
#1867 = VECTOR ( 'NONE', #587, 1000.000000000000000 ) ;
#1868 = ORIENTED_EDGE ( 'NONE', *, *, #1622, .T. ) ;
#1869 = DIRECTION ( 'NONE',  ( 0.000000000000000000, -0.000000000000000000, 1.000000000000000000 ) ) ;
#1870 = MECHANICAL_DESIGN_GEOMETRIC_PRESENTATION_REPRESENTATION (  '', ( #70 ), #297 ) ;
#1871 = DIRECTION ( 'NONE',  ( -0.000000000000000000, 1.000000000000000000, -0.000000000000000000 ) ) ;
#1872 = STYLED_ITEM ( 'NONE', ( #792 ), #1415 ) ;
#1873 = DIRECTION ( 'NONE',  ( -0.000000000000000000, 1.000000000000000000, -0.000000000000000000 ) ) ;
#1874 = AXIS2_PLACEMENT_3D ( 'NONE', #1182, #1491, #1510 ) ;
#1875 = DIRECTION ( 'NONE',  ( -1.000000000000000000, -1.734723475976807341E-16, 0.000000000000000000 ) ) ;
#1876 = MECHANICAL_DESIGN_GEOMETRIC_PRESENTATION_REPRESENTATION (  '', ( #1418 ), #2343 ) ;
#1877 = LINE ( 'NONE', #830, #1935 ) ;
#1878 = DIRECTION ( 'NONE',  ( -0.000000000000000000, -0.000000000000000000, -1.000000000000000000 ) ) ;
#1879 = PLANE ( 'NONE',  #689 ) ;
#1880 = COLOUR_RGB ( '',0.3176470588235293935, 0.2470588235294117752, 0.2078431372549019440 ) ;
#1881 = CARTESIAN_POINT ( 'NONE',  ( -0.9249999999999950484, 0.3750000000000004441, 0.8599999999999999867 ) ) ;
#1882 = PRESENTATION_LAYER_ASSIGNMENT (  '', '', ( #3278 ) ) ;
#1883 = DIRECTION ( 'NONE',  ( 2.282530889443167515E-16, -1.000000000000000000, 0.000000000000000000 ) ) ;
#1884 = FILL_AREA_STYLE_COLOUR ( '', #1344 ) ;
#1885 = VERTEX_POINT ( 'NONE', #1081 ) ;
#1886 = ORIENTED_EDGE ( 'NONE', *, *, #2384, .T. ) ;
#1887 = COLOUR_RGB ( '',0.3176470588235293935, 0.2470588235294117752, 0.2078431372549019440 ) ;
#1888 = EDGE_CURVE ( 'NONE', #912, #1118, #2159, .T. ) ;
#1889 = STYLED_ITEM ( 'NONE', ( #515 ), #1101 ) ;
#1890 = EDGE_CURVE ( 'NONE', #3168, #85, #1376, .T. ) ;
#1891 =( NAMED_UNIT ( * ) PLANE_ANGLE_UNIT ( ) SI_UNIT ( $, .RADIAN. ) );
#1892 = SURFACE_STYLE_FILL_AREA ( #777 ) ;
#1893 = UNCERTAINTY_MEASURE_WITH_UNIT (LENGTH_MEASURE( 1.000000000000000082E-05 ), #3308, 'distance_accuracy_value', 'NONE');
#1894 = UNCERTAINTY_MEASURE_WITH_UNIT (LENGTH_MEASURE( 1.000000000000000082E-05 ), #2688, 'distance_accuracy_value', 'NONE');
#1895 =( NAMED_UNIT ( * ) SI_UNIT ( $, .STERADIAN. ) SOLID_ANGLE_UNIT ( ) );
#1896 = LINE ( 'NONE', #3013, #2527 ) ;
#1897 = FACE_OUTER_BOUND ( 'NONE', #2021, .T. ) ;
#1898 =( LENGTH_UNIT ( ) NAMED_UNIT ( * ) SI_UNIT ( .MILLI., .METRE. ) );
#1899 = SURFACE_STYLE_USAGE ( .BOTH. , #2767 ) ;
#1900 = FILL_AREA_STYLE ('',( #785 ) ) ;
#1901 = CARTESIAN_POINT ( 'NONE',  ( -1.399999999999989697, -0.1249999999999996808, 0.8699999999999999956 ) ) ;
#1902 = ORIENTED_EDGE ( 'NONE', *, *, #949, .T. ) ;
#1903 = CARTESIAN_POINT ( 'NONE',  ( -0.3750000000000000000, -1.091516203636184956, 0.8699999999999999956 ) ) ;
#1904 = MECHANICAL_DESIGN_GEOMETRIC_PRESENTATION_REPRESENTATION (  '', ( #2544 ), #2247 ) ;
#1905 = ORIENTED_EDGE ( 'NONE', *, *, #1822, .T. ) ;
#1906 = EDGE_CURVE ( 'NONE', #2921, #3113, #3332, .T. ) ;
#1907 = LINE ( 'NONE', #3271, #1497 ) ;
#1908 = VECTOR ( 'NONE', #969, 1000.000000000000000 ) ;
#1909 = CARTESIAN_POINT ( 'NONE',  ( 1.399999999999984590, -0.8749999999999996669, 0.8599999999999999867 ) ) ;
#1910 = CARTESIAN_POINT ( 'NONE',  ( 1.399999999999984590, -0.8749999999999996669, 0.8599999999999999867 ) ) ;
#1911 = FACE_OUTER_BOUND ( 'NONE', #1563, .T. ) ;
#1912 = FILL_AREA_STYLE ('',( #2176 ) ) ;
#1913 = PLANE ( 'NONE',  #724 ) ;
#1914 = EDGE_LOOP ( 'NONE', ( #209, #3023, #105, #2884 ) ) ;
#1915 = CARTESIAN_POINT ( 'NONE',  ( -1.399999999999989697, -0.1249999999999996808, 0.8699999999999999956 ) ) ;
#1916 = VERTEX_POINT ( 'NONE', #3584 ) ;
#1917 = UNCERTAINTY_MEASURE_WITH_UNIT (LENGTH_MEASURE( 1.000000000000000082E-05 ), #239, 'distance_accuracy_value', 'NONE');
#1918 = PLANE ( 'NONE',  #1261 ) ;
#1919 = VECTOR ( 'NONE', #2445, 1000.000000000000000 ) ;
#1920 = ORIENTED_EDGE ( 'NONE', *, *, #3447, .T. ) ;
#1921 = CARTESIAN_POINT ( 'NONE',  ( 1.500000000000000000, -1.249999999999999778, 0.2000000000000000111 ) ) ;
#1922 =( NAMED_UNIT ( * ) SI_UNIT ( $, .STERADIAN. ) SOLID_ANGLE_UNIT ( ) );
#1923 = PRESENTATION_STYLE_ASSIGNMENT (( #247 ) ) ;
#1924 = VECTOR ( 'NONE', #1231, 1000.000000000000000 ) ;
#1925 = ADVANCED_FACE ( 'NONE', ( #3283 ), #560, .F. ) ;
#1926 = PRESENTATION_LAYER_ASSIGNMENT (  '', '', ( #1872 ) ) ;
#1927 = CARTESIAN_POINT ( 'NONE',  ( 0.3750000000000000000, 1.091516203636184956, 0.8699999999999999956 ) ) ;
#1928 = PLANE ( 'NONE',  #2515 ) ;
#1929 = ADVANCED_FACE ( 'NONE', ( #2212 ), #1879, .F. ) ;
#1930 = ORIENTED_EDGE ( 'NONE', *, *, #3008, .T. ) ;
#1931 = CARTESIAN_POINT ( 'NONE',  ( 0.9250000000000002665, 0.6250000000000003331, 0.8699999999999999956 ) ) ;
#1932 = EDGE_LOOP ( 'NONE', ( #51, #3331, #1993, #1420 ) ) ;
#1933 = DIRECTION ( 'NONE',  ( 1.000000000000000000, 0.000000000000000000, 0.000000000000000000 ) ) ;
#1934 = VERTEX_POINT ( 'NONE', #2191 ) ;
#1935 = VECTOR ( 'NONE', #3050, 1000.000000000000000 ) ;
#1936 = MECHANICAL_DESIGN_GEOMETRIC_PRESENTATION_REPRESENTATION (  '', ( #3278 ), #313 ) ;
#1937 = CARTESIAN_POINT ( 'NONE',  ( 1.224999999999999867, 0.8500000000000005329, 0.000000000000000000 ) ) ;
#1938 = UNCERTAINTY_MEASURE_WITH_UNIT (LENGTH_MEASURE( 1.000000000000000082E-05 ), #2643, 'distance_accuracy_value', 'NONE');
#1939 = CARTESIAN_POINT ( 'NONE',  ( 1.500000000000000000, -1.249999999999999778, 0.8599999999999999867 ) ) ;
#1940 =( GEOMETRIC_REPRESENTATION_CONTEXT ( 3 ) GLOBAL_UNCERTAINTY_ASSIGNED_CONTEXT ( ( #3277 ) ) GLOBAL_UNIT_ASSIGNED_CONTEXT ( ( #1863, #2380, #2095 ) ) REPRESENTATION_CONTEXT ( 'NONE', 'WORKASPACE' ) );
#1941 = LINE ( 'NONE', #1462, #58 ) ;
#1942 = CARTESIAN_POINT ( 'NONE',  ( 0.000000000000000000, 0.000000000000000000, 0.8699999999999999956 ) ) ;
#1943 = FILL_AREA_STYLE ('',( #3329 ) ) ;
#1944 = UNCERTAINTY_MEASURE_WITH_UNIT (LENGTH_MEASURE( 1.000000000000000082E-05 ), #1980, 'distance_accuracy_value', 'NONE');
#1945 = VERTEX_POINT ( 'NONE', #3054 ) ;
#1946 = EDGE_CURVE ( 'NONE', #1629, #3168, #3310, .T. ) ;
#1947 = FILL_AREA_STYLE ('',( #2237 ) ) ;
#1948 = ORIENTED_EDGE ( 'NONE', *, *, #1018, .F. ) ;
#1949 = EDGE_LOOP ( 'NONE', ( #2902, #3268, #1222, #77 ) ) ;
#1950 = UNCERTAINTY_MEASURE_WITH_UNIT (LENGTH_MEASURE( 1.000000000000000082E-05 ), #1286, 'distance_accuracy_value', 'NONE');
#1951 = FACE_BOUND ( 'NONE', #3020, .T. ) ;
#1952 = VECTOR ( 'NONE', #3561, 1000.000000000000000 ) ;
#1953 = ORIENTED_EDGE ( 'NONE', *, *, #2422, .T. ) ;
#1954 = CARTESIAN_POINT ( 'NONE',  ( 1.499999999999999556, 1.250000000000000222, 0.8599999999999999867 ) ) ;
#1955 = ORIENTED_EDGE ( 'NONE', *, *, #1235, .T. ) ;
#1956 = LINE ( 'NONE', #3591, #3243 ) ;
#1957 = SURFACE_STYLE_FILL_AREA ( #31 ) ;
#1958 = VERTEX_POINT ( 'NONE', #1611 ) ;
#1959 = VECTOR ( 'NONE', #183, 1000.000000000000000 ) ;
#1960 = FILL_AREA_STYLE_COLOUR ( '', #2542 ) ;
#1961 = STYLED_ITEM ( 'NONE', ( #2607 ), #729 ) ;
#1962 = DIRECTION ( 'NONE',  ( -1.000000000000000000, -1.734723475976807094E-16, 0.000000000000000000 ) ) ;
#1963 = VECTOR ( 'NONE', #1325, 1000.000000000000000 ) ;
#1964 = DIRECTION ( 'NONE',  ( -1.000000000000000000, -0.000000000000000000, -0.000000000000000000 ) ) ;
#1965 = SURFACE_SIDE_STYLE ('',( #3598 ) ) ;
#1966 = CARTESIAN_POINT ( 'NONE',  ( -1.399999999999995026, 0.3750000000000003331, 0.8699999999999999956 ) ) ;
#1967 = LINE ( 'NONE', #799, #1540 ) ;
#1968 = ORIENTED_EDGE ( 'NONE', *, *, #2039, .T. ) ;
#1969 = LINE ( 'NONE', #652, #2000 ) ;
#1970 = PLANE ( 'NONE',  #1197 ) ;
#1971 = EDGE_CURVE ( 'NONE', #335, #1837, #1660, .T. ) ;
#1972 = ORIENTED_EDGE ( 'NONE', *, *, #111, .T. ) ;
#1973 = CARTESIAN_POINT ( 'NONE',  ( -1.399999999999984590, -0.6249999999999996669, 0.8699999999999999956 ) ) ;
#1974 = FILL_AREA_STYLE_COLOUR ( '', #2467 ) ;
#1975 = EDGE_LOOP ( 'NONE', ( #293, #1204, #3045, #944 ) ) ;
#1976 = FACE_OUTER_BOUND ( 'NONE', #2903, .T. ) ;
#1977 = VECTOR ( 'NONE', #30, 1000.000000000000000 ) ;
#1978 = EDGE_LOOP ( 'NONE', ( #1687, #2296, #3212, #3287 ) ) ;
#1979 = EDGE_CURVE ( 'NONE', #1523, #1834, #2716, .T. ) ;
#1980 =( LENGTH_UNIT ( ) NAMED_UNIT ( * ) SI_UNIT ( .MILLI., .METRE. ) );
#1981 = LINE ( 'NONE', #3091, #479 ) ;
#1982 = EDGE_LOOP ( 'NONE', ( #2943, #881, #701, #616 ) ) ;
#1983 = EDGE_CURVE ( 'NONE', #1529, #1662, #3601, .T. ) ;
#1984 = MECHANICAL_DESIGN_GEOMETRIC_PRESENTATION_REPRESENTATION (  '', ( #2501 ), #2326 ) ;
#1985 = CARTESIAN_POINT ( 'NONE',  ( 0.1250000000000000833, 0.6165162036361850895, 0.8699999999999999956 ) ) ;
#1986 = MECHANICAL_DESIGN_GEOMETRIC_PRESENTATION_REPRESENTATION (  '', ( #1527 ), #86 ) ;
#1987 = LINE ( 'NONE', #3391, #3228 ) ;
#1988 = SURFACE_STYLE_FILL_AREA ( #871 ) ;
#1989 = DIRECTION ( 'NONE',  ( 0.000000000000000000, 0.000000000000000000, 1.000000000000000000 ) ) ;
#1990 = ORIENTED_EDGE ( 'NONE', *, *, #796, .T. ) ;
#1991 = PLANE ( 'NONE',  #2854 ) ;
#1992 = FILL_AREA_STYLE ('',( #2539 ) ) ;
#1993 = ORIENTED_EDGE ( 'NONE', *, *, #2057, .F. ) ;
#1994 = COLOUR_RGB ( '',0.3176470588235293935, 0.2470588235294117752, 0.2078431372549019440 ) ;
#1995 = ORIENTED_EDGE ( 'NONE', *, *, #759, .T. ) ;
#1996 = UNCERTAINTY_MEASURE_WITH_UNIT (LENGTH_MEASURE( 1.000000000000000082E-05 ), #3028, 'distance_accuracy_value', 'NONE');
#1997 = EDGE_CURVE ( 'NONE', #3346, #83, #2514, .T. ) ;
#1998 =( LENGTH_UNIT ( ) NAMED_UNIT ( * ) SI_UNIT ( .MILLI., .METRE. ) );
#1999 = DIRECTION ( 'NONE',  ( -0.000000000000000000, -0.000000000000000000, -1.000000000000000000 ) ) ;
#2000 = VECTOR ( 'NONE', #331, 1000.000000000000000 ) ;
#2001 = ADVANCED_FACE ( 'NONE', ( #3265 ), #224, .F. ) ;
#2002 = CARTESIAN_POINT ( 'NONE',  ( -1.399999999999984590, -0.6249999999999996669, 0.8699999999999999956 ) ) ;
#2003 = COLOUR_RGB ( '',0.3176470588235293935, 0.2470588235294117752, 0.2078431372549019440 ) ;
#2004 = DIRECTION ( 'NONE',  ( -0.000000000000000000, -0.000000000000000000, -1.000000000000000000 ) ) ;
#2005 = FILL_AREA_STYLE_COLOUR ( '', #3534 ) ;
#2006 = EDGE_LOOP ( 'NONE', ( #545, #1124, #2120, #2904 ) ) ;
#2007 = FILL_AREA_STYLE_COLOUR ( '', #1187 ) ;
#2008 = CARTESIAN_POINT ( 'NONE',  ( 0.9249999999999846123, -0.6249999999999995559, 0.8599999999999999867 ) ) ;
#2009 = CARTESIAN_POINT ( 'NONE',  ( -1.400000000000000133, 0.8750000000000003331, 0.8699999999999999956 ) ) ;
#2010 = ORIENTED_EDGE ( 'NONE', *, *, #1983, .T. ) ;
#2011 = VERTEX_POINT ( 'NONE', #3101 ) ;
#2012 = ORIENTED_EDGE ( 'NONE', *, *, #2261, .T. ) ;
#2013 = COLOUR_RGB ( '',0.3176470588235293935, 0.2470588235294117752, 0.2078431372549019440 ) ;
#2014 = SURFACE_STYLE_FILL_AREA ( #1734 ) ;
#2015 = ADVANCED_FACE ( 'NONE', ( #921 ), #1135, .T. ) ;
#2016 = LINE ( 'NONE', #1406, #3055 ) ;
#2017 = CARTESIAN_POINT ( 'NONE',  ( -0.9249999999999898304, -0.1249999999999995698, 0.8699999999999999956 ) ) ;
#2018 = FACE_OUTER_BOUND ( 'NONE', #1205, .T. ) ;
#2019 = FACE_OUTER_BOUND ( 'NONE', #2940, .T. ) ;
#2020 = CARTESIAN_POINT ( 'NONE',  ( -1.399999999999995026, 0.1250000000000003331, 0.8699999999999999956 ) ) ;
#2021 = EDGE_LOOP ( 'NONE', ( #112, #2833, #1531, #406 ) ) ;
#2022 = DIRECTION ( 'NONE',  ( 0.000000000000000000, 1.000000000000000000, 0.000000000000000000 ) ) ;
#2023 = SURFACE_STYLE_FILL_AREA ( #3419 ) ;
#2024 = LINE ( 'NONE', #115, #1416 ) ;
#2025 = ORIENTED_EDGE ( 'NONE', *, *, #3558, .T. ) ;
#2026 = EDGE_LOOP ( 'NONE', ( #1439, #2786, #929, #422 ) ) ;
#2027 = ORIENTED_EDGE ( 'NONE', *, *, #3363, .T. ) ;
#2028 = CARTESIAN_POINT ( 'NONE',  ( -0.6250000000000000000, 1.091516203636184956, 0.8599999999999999867 ) ) ;
#2029 = LINE ( 'NONE', #2324, #486 ) ;
#2030 = COLOUR_RGB ( '',0.3176470588235293935, 0.2470588235294117752, 0.2078431372549019440 ) ;
#2031 = CARTESIAN_POINT ( 'NONE',  ( -1.500000000000000444, 1.250000000000000222, 0.2000000000000000111 ) ) ;
#2032 = CARTESIAN_POINT ( 'NONE',  ( -1.399999999999989697, -0.1249999999999996808, 0.8599999999999999867 ) ) ;
#2033 = PRESENTATION_STYLE_ASSIGNMENT (( #2612 ) ) ;
#2034 = EDGE_CURVE ( 'NONE', #1958, #1236, #363, .T. ) ;
#2035 = VERTEX_POINT ( 'NONE', #2879 ) ;
#2036 =( NAMED_UNIT ( * ) SI_UNIT ( $, .STERADIAN. ) SOLID_ANGLE_UNIT ( ) );
#2037 = LINE ( 'NONE', #3161, #364 ) ;
#2038 =( LENGTH_UNIT ( ) NAMED_UNIT ( * ) SI_UNIT ( .MILLI., .METRE. ) );
#2039 = EDGE_CURVE ( 'NONE', #892, #3168, #908, .T. ) ;
#2040 = PRESENTATION_STYLE_ASSIGNMENT (( #2357 ) ) ;
#2041 = EDGE_LOOP ( 'NONE', ( #930, #2526, #838, #318 ) ) ;
#2042 = COLOUR_RGB ( '',0.3176470588235293935, 0.2470588235294117752, 0.2078431372549019440 ) ;
#2043 = EDGE_LOOP ( 'NONE', ( #2310, #1865, #1650, #1417 ) ) ;
#2044 = ORIENTED_EDGE ( 'NONE', *, *, #2278, .T. ) ;
#2045 = PRESENTATION_LAYER_ASSIGNMENT (  '', '', ( #8 ) ) ;
#2046 = VECTOR ( 'NONE', #2475, 1000.000000000000000 ) ;
#2047 = DIRECTION ( 'NONE',  ( -1.000000000000000000, -2.282530889443167515E-16, -0.000000000000000000 ) ) ;
#2048 = ORIENTED_EDGE ( 'NONE', *, *, #1606, .T. ) ;
#2049 = SURFACE_STYLE_FILL_AREA ( #2663 ) ;
#2050 = COLOUR_RGB ( '',0.3176470588235293935, 0.2470588235294117752, 0.2078431372549019440 ) ;
#2051 = CARTESIAN_POINT ( 'NONE',  ( 0.1250000000000000833, -0.6165162036361850895, 0.8699999999999999956 ) ) ;
#2052 = PRESENTATION_LAYER_ASSIGNMENT (  '', '', ( #1193 ) ) ;
#2053 = CARTESIAN_POINT ( 'NONE',  ( 1.499999999999999556, 1.250000000000000222, 0.000000000000000000 ) ) ;
#2054 = AXIS2_PLACEMENT_3D ( 'NONE', #348, #3196, #1502 ) ;
#2055 = EDGE_LOOP ( 'NONE', ( #1818, #2920, #1028, #526 ) ) ;
#2056 = FILL_AREA_STYLE ('',( #699 ) ) ;
#2057 = EDGE_CURVE ( 'NONE', #972, #459, #1758, .T. ) ;
#2058 = FILL_AREA_STYLE_COLOUR ( '', #2427 ) ;
#2059 = DIRECTION ( 'NONE',  ( -0.000000000000000000, -0.000000000000000000, -1.000000000000000000 ) ) ;
#2060 = ORIENTED_EDGE ( 'NONE', *, *, #2202, .T. ) ;
#2061 = EDGE_LOOP ( 'NONE', ( #3061, #273, #373, #388 ) ) ;
#2062 = ORIENTED_EDGE ( 'NONE', *, *, #2384, .F. ) ;
#2063 = DIRECTION ( 'NONE',  ( 1.000000000000000000, 0.000000000000000000, -0.000000000000000000 ) ) ;
#2064 = CARTESIAN_POINT ( 'NONE',  ( -1.399999999999995026, 0.3750000000000003331, 0.8599999999999999867 ) ) ;
#2065 = LINE ( 'NONE', #1808, #147 ) ;
#2066 = LINE ( 'NONE', #1809, #3544 ) ;
#2067 = AXIS2_PLACEMENT_3D ( 'NONE', #3547, #2154, #3348 ) ;
#2068 = DIRECTION ( 'NONE',  ( -1.000000000000000000, 3.423796334164752012E-16, 0.000000000000000000 ) ) ;
#2069 =( GEOMETRIC_REPRESENTATION_CONTEXT ( 3 ) GLOBAL_UNCERTAINTY_ASSIGNED_CONTEXT ( ( #1109 ) ) GLOBAL_UNIT_ASSIGNED_CONTEXT ( ( #1247, #961, #1515 ) ) REPRESENTATION_CONTEXT ( 'NONE', 'WORKASPACE' ) );
#2070 = SURFACE_STYLE_USAGE ( .BOTH. , #1609 ) ;
#2071 = STYLED_ITEM ( 'NONE', ( #2937 ), #1723 ) ;
#2072 = DIRECTION ( 'NONE',  ( -2.282530889443166036E-16, -1.000000000000000000, -0.000000000000000000 ) ) ;
#2073 = CARTESIAN_POINT ( 'NONE',  ( -1.399999999999995026, 0.1250000000000003331, 0.8699999999999999956 ) ) ;
#2074 = SURFACE_STYLE_USAGE ( .BOTH. , #1561 ) ;
#2075 = ORIENTED_EDGE ( 'NONE', *, *, #3157, .T. ) ;
#2076 = ORIENTED_EDGE ( 'NONE', *, *, #327, .T. ) ;
#2077 = EDGE_LOOP ( 'NONE', ( #2280, #2959, #1410, #116 ) ) ;
#2078 = EDGE_CURVE ( 'NONE', #2394, #3435, #583, .T. ) ;
#2079 = SURFACE_SIDE_STYLE ('',( #2622 ) ) ;
#2080 = PRESENTATION_STYLE_ASSIGNMENT (( #1534 ) ) ;
#2081 = EDGE_CURVE ( 'NONE', #1100, #2577, #1969, .T. ) ;
#2082 =( GEOMETRIC_REPRESENTATION_CONTEXT ( 3 ) GLOBAL_UNCERTAINTY_ASSIGNED_CONTEXT ( ( #2464 ) ) GLOBAL_UNIT_ASSIGNED_CONTEXT ( ( #3556, #2134, #457 ) ) REPRESENTATION_CONTEXT ( 'NONE', 'WORKASPACE' ) );
#2083 = FILL_AREA_STYLE ('',( #109 ) ) ;
#2084 = PLANE ( 'NONE',  #933 ) ;
#2085 = LINE ( 'NONE', #709, #1133 ) ;
#2086 = CYLINDRICAL_SURFACE ( 'NONE', #3204, 0.1250000000000000000 ) ;
#2087 = DIRECTION ( 'NONE',  ( -1.000000000000000000, 0.000000000000000000, 0.000000000000000000 ) ) ;
#2088 = VECTOR ( 'NONE', #3082, 1000.000000000000000 ) ;
#2089 = LINE ( 'NONE', #1007, #3381 ) ;
#2090 = PRESENTATION_STYLE_ASSIGNMENT (( #169 ) ) ;
#2091 = LINE ( 'NONE', #1526, #2609 ) ;
#2092 = VECTOR ( 'NONE', #3239, 1000.000000000000000 ) ;
#2093 = CARTESIAN_POINT ( 'NONE',  ( -0.9250000000000002665, 0.8750000000000004441, 0.8699999999999999956 ) ) ;
#2094 = ORIENTED_EDGE ( 'NONE', *, *, #1184, .F. ) ;
#2095 =( NAMED_UNIT ( * ) SI_UNIT ( $, .STERADIAN. ) SOLID_ANGLE_UNIT ( ) );
#2096 = VERTEX_POINT ( 'NONE', #3080 ) ;
#2097 = ORIENTED_EDGE ( 'NONE', *, *, #2078, .T. ) ;
#2098 = VECTOR ( 'NONE', #2155, 1000.000000000000000 ) ;
#2099 = STYLED_ITEM ( 'NONE', ( #176 ), #1494 ) ;
#2100 = EDGE_CURVE ( 'NONE', #3113, #2395, #3376, .T. ) ;
#2101 = SURFACE_SIDE_STYLE ('',( #2049 ) ) ;
#2102 = SURFACE_STYLE_USAGE ( .BOTH. , #3466 ) ;
#2103 =( NAMED_UNIT ( * ) PLANE_ANGLE_UNIT ( ) SI_UNIT ( $, .RADIAN. ) );
#2104 = LINE ( 'NONE', #3549, #704 ) ;
#2105 = MECHANICAL_DESIGN_GEOMETRIC_PRESENTATION_REPRESENTATION (  '', ( #3030 ), #3396 ) ;
#2106 = EDGE_CURVE ( 'NONE', #1671, #2300, #1501, .T. ) ;
#2107 = VERTEX_POINT ( 'NONE', #889 ) ;
#2108 = DIRECTION ( 'NONE',  ( 0.000000000000000000, 0.000000000000000000, 1.000000000000000000 ) ) ;
#2109 = CARTESIAN_POINT ( 'NONE',  ( 1.499999999999999556, 1.250000000000000222, 0.2000000000000000111 ) ) ;
#2110 =( LENGTH_UNIT ( ) NAMED_UNIT ( * ) SI_UNIT ( .MILLI., .METRE. ) );
#2111 = SURFACE_SIDE_STYLE ('',( #3506 ) ) ;
#2112 = AXIS2_PLACEMENT_3D ( 'NONE', #1966, #623, #1191 ) ;
#2113 = MECHANICAL_DESIGN_GEOMETRIC_PRESENTATION_REPRESENTATION (  '', ( #2702 ), #2585 ) ;
#2114 = CARTESIAN_POINT ( 'NONE',  ( 0.9249999999999950484, 0.3750000000000004441, 0.8599999999999999867 ) ) ;
#2115 = COLOUR_RGB ( '',0.3176470588235293935, 0.2470588235294117752, 0.2078431372549019440 ) ;
#2116 =( LENGTH_UNIT ( ) NAMED_UNIT ( * ) SI_UNIT ( .MILLI., .METRE. ) );
#2117 = LINE ( 'NONE', #2637, #1603 ) ;
#2118 = DIRECTION ( 'NONE',  ( -0.000000000000000000, -0.000000000000000000, -1.000000000000000000 ) ) ;
#2119 = ORIENTED_EDGE ( 'NONE', *, *, #2708, .F. ) ;
#2120 = ORIENTED_EDGE ( 'NONE', *, *, #2693, .F. ) ;
#2121 = FILL_AREA_STYLE ('',( #3440 ) ) ;
#2122 = LINE ( 'NONE', #1619, #384 ) ;
#2123 = FACE_OUTER_BOUND ( 'NONE', #3560, .T. ) ;
#2124 = EDGE_CURVE ( 'NONE', #3432, #88, #3413, .T. ) ;
#2125 = STYLED_ITEM ( 'NONE', ( #549 ), #299 ) ;
#2126 = ADVANCED_FACE ( 'NONE', ( #3158 ), #3122, .F. ) ;
#2127 =( LENGTH_UNIT ( ) NAMED_UNIT ( * ) SI_UNIT ( .MILLI., .METRE. ) );
#2128 = DIRECTION ( 'NONE',  ( 0.000000000000000000, -0.000000000000000000, 1.000000000000000000 ) ) ;
#2129 = CARTESIAN_POINT ( 'NONE',  ( 0.3749999999999998890, 0.6165162036361847564, 0.8699999999999999956 ) ) ;
#2130 = AXIS2_PLACEMENT_3D ( 'NONE', #468, #736, #2954 ) ;
#2131 = ADVANCED_FACE ( 'NONE', ( #2649 ), #1571, .F. ) ;
#2132 = SURFACE_STYLE_FILL_AREA ( #3508 ) ;
#2133 = FACE_OUTER_BOUND ( 'NONE', #3258, .T. ) ;
#2134 =( NAMED_UNIT ( * ) PLANE_ANGLE_UNIT ( ) SI_UNIT ( $, .RADIAN. ) );
#2135 = ORIENTED_EDGE ( 'NONE', *, *, #2850, .T. ) ;
#2136 = VECTOR ( 'NONE', #2732, 1000.000000000000000 ) ;
#2137 = VERTEX_POINT ( 'NONE', #966 ) ;
#2138 =( NAMED_UNIT ( * ) SI_UNIT ( $, .STERADIAN. ) SOLID_ANGLE_UNIT ( ) );
#2139 = CARTESIAN_POINT ( 'NONE',  ( -1.399999999999984590, -0.8749999999999996669, 0.8599999999999999867 ) ) ;
#2140 = PLANE ( 'NONE',  #2692 ) ;
#2141 = DIRECTION ( 'NONE',  ( 0.000000000000000000, -0.000000000000000000, -1.000000000000000000 ) ) ;
#2142 =( NAMED_UNIT ( * ) SI_UNIT ( $, .STERADIAN. ) SOLID_ANGLE_UNIT ( ) );
#2143 = AXIS2_PLACEMENT_3D ( 'NONE', #2229, #3117, #3390 ) ;
#2144 = LINE ( 'NONE', #1828, #1959 ) ;
#2145 =( NAMED_UNIT ( * ) PLANE_ANGLE_UNIT ( ) SI_UNIT ( $, .RADIAN. ) );
#2146 = EDGE_CURVE ( 'NONE', #255, #3147, #2964, .T. ) ;
#2147 = DIRECTION ( 'NONE',  ( 1.000000000000000000, 0.000000000000000000, 0.000000000000000000 ) ) ;
#2148 = FILL_AREA_STYLE_COLOUR ( '', #2468 ) ;
#2149 =( LENGTH_UNIT ( ) NAMED_UNIT ( * ) SI_UNIT ( .MILLI., .METRE. ) );
#2150 = VERTEX_POINT ( 'NONE', #2053 ) ;
#2151 = ORIENTED_EDGE ( 'NONE', *, *, #1339, .T. ) ;
#2152 = ADVANCED_FACE ( 'NONE', ( #1810 ), #3213, .F. ) ;
#2153 = AXIS2_PLACEMENT_3D ( 'NONE', #3260, #748, #3485 ) ;
#2154 = DIRECTION ( 'NONE',  ( 2.282530889443167515E-16, -1.000000000000000000, 0.000000000000000000 ) ) ;
#2155 = DIRECTION ( 'NONE',  ( -0.000000000000000000, -0.000000000000000000, -1.000000000000000000 ) ) ;
#2156 = COLOUR_RGB ( '',0.2980392156862745057, 0.2980392156862745057, 0.2980392156862745057 ) ;
#2157 = PRESENTATION_STYLE_ASSIGNMENT (( #2189 ) ) ;
#2158 = PLANE ( 'NONE',  #605 ) ;
#2159 = LINE ( 'NONE', #2477, #980 ) ;
#2160 = STYLED_ITEM ( 'NONE', ( #2843 ), #2796 ) ;
#2161 = DIRECTION ( 'NONE',  ( -0.000000000000000000, -0.000000000000000000, -1.000000000000000000 ) ) ;
#2162 = ADVANCED_FACE ( 'NONE', ( #3231 ), #1841, .F. ) ;
#2163 = VECTOR ( 'NONE', #301, 1000.000000000000000 ) ;
#2164 = LINE ( 'NONE', #2770, #179 ) ;
#2165 = VERTEX_POINT ( 'NONE', #2545 ) ;
#2166 = FACE_BOUND ( 'NONE', #770, .T. ) ;
#2167 = MECHANICAL_DESIGN_GEOMETRIC_PRESENTATION_REPRESENTATION (  '', ( #3281 ), #2648 ) ;
#2168 =( GEOMETRIC_REPRESENTATION_CONTEXT ( 3 ) GLOBAL_UNCERTAINTY_ASSIGNED_CONTEXT ( ( #3342 ) ) GLOBAL_UNIT_ASSIGNED_CONTEXT ( ( #257, #1117, #3059 ) ) REPRESENTATION_CONTEXT ( 'NONE', 'WORKASPACE' ) );
#2169 = AXIS2_PLACEMENT_3D ( 'NONE', #396, #2628, #128 ) ;
#2170 = EDGE_LOOP ( 'NONE', ( #758, #1351, #1474, #1087 ) ) ;
#2171 = SURFACE_SIDE_STYLE ('',( #2186 ) ) ;
#2172 = SURFACE_SIDE_STYLE ('',( #1892 ) ) ;
#2173 = UNCERTAINTY_MEASURE_WITH_UNIT (LENGTH_MEASURE( 1.000000000000000082E-05 ), #2490, 'distance_accuracy_value', 'NONE');
#2174 = UNCERTAINTY_MEASURE_WITH_UNIT (LENGTH_MEASURE( 1.000000000000000082E-05 ), #1858, 'distance_accuracy_value', 'NONE');
#2175 = DIRECTION ( 'NONE',  ( 0.000000000000000000, 0.000000000000000000, 1.000000000000000000 ) ) ;
#2176 = FILL_AREA_STYLE_COLOUR ( '', #561 ) ;
#2177 = CARTESIAN_POINT ( 'NONE',  ( 0.1250000000000000833, 0.6165162036361850895, 0.8699999999999999956 ) ) ;
#2178 = SURFACE_STYLE_FILL_AREA ( #1645 ) ;
#2179 =( LENGTH_UNIT ( ) NAMED_UNIT ( * ) SI_UNIT ( .MILLI., .METRE. ) );
#2180 = ORIENTED_EDGE ( 'NONE', *, *, #1018, .T. ) ;
#2181 = SURFACE_SIDE_STYLE ('',( #1397 ) ) ;
#2182 = AXIS2_PLACEMENT_3D ( 'NONE', #433, #1287, #1860 ) ;
#2183 = ORIENTED_EDGE ( 'NONE', *, *, #1538, .F. ) ;
#2184 = LINE ( 'NONE', #3007, #1447 ) ;
#2185 = EDGE_CURVE ( 'NONE', #803, #2150, #1654, .T. ) ;
#2186 = SURFACE_STYLE_FILL_AREA ( #747 ) ;
#2187 = CARTESIAN_POINT ( 'NONE',  ( -0.1250000000000000833, -0.6165162036361850895, 0.8599999999999999867 ) ) ;
#2188 = EDGE_CURVE ( 'NONE', #741, #3305, #1422, .T. ) ;
#2189 = SURFACE_STYLE_USAGE ( .BOTH. , #1965 ) ;
#2190 = FILL_AREA_STYLE ('',( #3263 ) ) ;
#2191 = CARTESIAN_POINT ( 'NONE',  ( -0.3750000000000001665, 0.6165162036361850895, 0.8599999999999999867 ) ) ;
#2192 = PRESENTATION_STYLE_ASSIGNMENT (( #2213 ) ) ;
#2193 = VERTEX_POINT ( 'NONE', #1167 ) ;
#2194 = DIRECTION ( 'NONE',  ( 1.000000000000000000, 0.000000000000000000, 0.000000000000000000 ) ) ;
#2195 = ORIENTED_EDGE ( 'NONE', *, *, #2911, .T. ) ;
#2196 = VECTOR ( 'NONE', #1082, 1000.000000000000000 ) ;
#2197 = ORIENTED_EDGE ( 'NONE', *, *, #347, .F. ) ;
#2198 = LINE ( 'NONE', #1421, #1977 ) ;
#2199 =( NAMED_UNIT ( * ) PLANE_ANGLE_UNIT ( ) SI_UNIT ( $, .RADIAN. ) );
#2200 = CARTESIAN_POINT ( 'NONE',  ( -1.500000000000000444, 1.250000000000000222, 0.2000000000000000111 ) ) ;
#2201 = PLANE ( 'NONE',  #1472 ) ;
#2202 = EDGE_CURVE ( 'NONE', #586, #3240, #4, .T. ) ;
#2203 = DIRECTION ( 'NONE',  ( -0.000000000000000000, -0.000000000000000000, -1.000000000000000000 ) ) ;
#2204 = COLOUR_RGB ( '',0.2980392156862745057, 0.2980392156862745057, 0.2980392156862745057 ) ;
#2205 = SURFACE_STYLE_FILL_AREA ( #1359 ) ;
#2206 = MECHANICAL_DESIGN_GEOMETRIC_PRESENTATION_REPRESENTATION (  '', ( #1587 ), #2742 ) ;
#2207 = ADVANCED_FACE ( 'NONE', ( #1322 ), #1038, .F. ) ;
#2208 = CARTESIAN_POINT ( 'NONE',  ( 0.9249999999999898304, -0.1249999999999995698, 0.8699999999999999956 ) ) ;
#2209 = CARTESIAN_POINT ( 'NONE',  ( 1.399999999999989697, -0.3749999999999996669, 0.8599999999999999867 ) ) ;
#2210 = EDGE_LOOP ( 'NONE', ( #2216, #1512, #2358, #2584 ) ) ;
#2211 = MECHANICAL_DESIGN_GEOMETRIC_PRESENTATION_REPRESENTATION (  '', ( #3323 ), #1589 ) ;
#2212 = FACE_OUTER_BOUND ( 'NONE', #48, .T. ) ;
#2213 = SURFACE_STYLE_USAGE ( .BOTH. , #585 ) ;
#2214 = ORIENTED_EDGE ( 'NONE', *, *, #40, .T. ) ;
#2215 =( NAMED_UNIT ( * ) PLANE_ANGLE_UNIT ( ) SI_UNIT ( $, .RADIAN. ) );
#2216 = ORIENTED_EDGE ( 'NONE', *, *, #2236, .T. ) ;
#2217 = AXIS2_PLACEMENT_3D ( 'NONE', #1812, #2424, #184 ) ;
#2218 = CARTESIAN_POINT ( 'NONE',  ( -1.500000000000000444, 1.250000000000000222, 0.000000000000000000 ) ) ;
#2219 = EDGE_LOOP ( 'NONE', ( #2076, #1752, #2315, #2226 ) ) ;
#2220 = ORIENTED_EDGE ( 'NONE', *, *, #2536, .T. ) ;
#2221 = MECHANICAL_DESIGN_GEOMETRIC_PRESENTATION_REPRESENTATION (  '', ( #3335 ), #3111 ) ;
#2222 = AXIS2_PLACEMENT_3D ( 'NONE', #1588, #2068, #1253 ) ;
#2223 = DIRECTION ( 'NONE',  ( 1.000000000000000000, 0.000000000000000000, 0.000000000000000000 ) ) ;
#2224 = UNCERTAINTY_MEASURE_WITH_UNIT (LENGTH_MEASURE( 1.000000000000000082E-05 ), #3484, 'distance_accuracy_value', 'NONE');
#2225 = LINE ( 'NONE', #1461, #3225 ) ;
#2226 = ORIENTED_EDGE ( 'NONE', *, *, #2889, .T. ) ;
#2227 = DIRECTION ( 'NONE',  ( 0.000000000000000000, 0.000000000000000000, 1.000000000000000000 ) ) ;
#2228 =( GEOMETRIC_REPRESENTATION_CONTEXT ( 3 ) GLOBAL_UNCERTAINTY_ASSIGNED_CONTEXT ( ( #497 ) ) GLOBAL_UNIT_ASSIGNED_CONTEXT ( ( #675, #2653, #134 ) ) REPRESENTATION_CONTEXT ( 'NONE', 'WORKASPACE' ) );
#2229 = CARTESIAN_POINT ( 'NONE',  ( 0.3749999999999998890, -0.6165162036361847564, 0.8699999999999999956 ) ) ;
#2230 = EDGE_CURVE ( 'NONE', #3187, #3129, #1981, .T. ) ;
#2231 = DIRECTION ( 'NONE',  ( -1.000000000000000000, 0.000000000000000000, -0.000000000000000000 ) ) ;
#2232 =( NAMED_UNIT ( * ) PLANE_ANGLE_UNIT ( ) SI_UNIT ( $, .RADIAN. ) );
#2233 = CARTESIAN_POINT ( 'NONE',  ( -0.1250000000000000833, -0.6165162036361850895, 0.8699999999999999956 ) ) ;
#2234 = DIRECTION ( 'NONE',  ( -0.000000000000000000, 0.000000000000000000, 1.000000000000000000 ) ) ;
#2235 = EDGE_LOOP ( 'NONE', ( #957, #1242, #210, #913 ) ) ;
#2236 = EDGE_CURVE ( 'NONE', #1223, #1671, #2762, .T. ) ;
#2237 = FILL_AREA_STYLE_COLOUR ( '', #1832 ) ;
#2238 = ORIENTED_EDGE ( 'NONE', *, *, #2578, .T. ) ;
#2239 = CARTESIAN_POINT ( 'NONE',  ( 0.9249999999999898304, -0.3749999999999996669, 0.8599999999999999867 ) ) ;
#2240 = CARTESIAN_POINT ( 'NONE',  ( -0.9249999999999898304, -0.1249999999999995698, 0.8699999999999999956 ) ) ;
#2241 = ORIENTED_EDGE ( 'NONE', *, *, #1232, .F. ) ;
#2242 = UNCERTAINTY_MEASURE_WITH_UNIT (LENGTH_MEASURE( 1.000000000000000082E-05 ), #2179, 'distance_accuracy_value', 'NONE');
#2243 = PLANE ( 'NONE',  #1076 ) ;
#2244 = ORIENTED_EDGE ( 'NONE', *, *, #1665, .T. ) ;
#2245 = VECTOR ( 'NONE', #32, 1000.000000000000000 ) ;
#2246 = ORIENTED_EDGE ( 'NONE', *, *, #2078, .F. ) ;
#2247 =( GEOMETRIC_REPRESENTATION_CONTEXT ( 3 ) GLOBAL_UNCERTAINTY_ASSIGNED_CONTEXT ( ( #3330 ) ) GLOBAL_UNIT_ASSIGNED_CONTEXT ( ( #707, #2322, #2604 ) ) REPRESENTATION_CONTEXT ( 'NONE', 'WORKASPACE' ) );
#2248 = ORIENTED_EDGE ( 'NONE', *, *, #492, .F. ) ;
#2249 = VECTOR ( 'NONE', #1006, 1000.000000000000000 ) ;
#2250 = FACE_OUTER_BOUND ( 'NONE', #1800, .T. ) ;
#2251 = VECTOR ( 'NONE', #2553, 1000.000000000000000 ) ;
#2252 = VECTOR ( 'NONE', #2495, 1000.000000000000000 ) ;
#2253 = FILL_AREA_STYLE_COLOUR ( '', #1347 ) ;
#2254 = CARTESIAN_POINT ( 'NONE',  ( -1.399999999999989697, -0.3749999999999996669, 0.8599999999999999867 ) ) ;
#2255 = CARTESIAN_POINT ( 'NONE',  ( -0.6250000000000000000, 0.6165162036361850895, 0.8699999999999999956 ) ) ;
#2256 = UNCERTAINTY_MEASURE_WITH_UNIT (LENGTH_MEASURE( 1.000000000000000082E-05 ), #3210, 'distance_accuracy_value', 'NONE');
#2257 =( NAMED_UNIT ( * ) SI_UNIT ( $, .STERADIAN. ) SOLID_ANGLE_UNIT ( ) );
#2258 = ORIENTED_EDGE ( 'NONE', *, *, #1425, .F. ) ;
#2259 = PRESENTATION_STYLE_ASSIGNMENT (( #1760 ) ) ;
#2260 = SURFACE_STYLE_FILL_AREA ( #1706 ) ;
#2261 = EDGE_CURVE ( 'NONE', #425, #539, #3044, .T. ) ;
#2262 = ORIENTED_EDGE ( 'NONE', *, *, #3249, .F. ) ;
#2263 = ORIENTED_EDGE ( 'NONE', *, *, #347, .T. ) ;
#2264 = EDGE_CURVE ( 'NONE', #972, #2107, #2225, .T. ) ;
#2265 = DIRECTION ( 'NONE',  ( -0.7071067811865472397, -0.7071067811865479058, -0.000000000000000000 ) ) ;
#2266 = CARTESIAN_POINT ( 'NONE',  ( 1.399999999999995026, 0.3750000000000003331, 0.8699999999999999956 ) ) ;
#2267 = VECTOR ( 'NONE', #3197, 1000.000000000000000 ) ;
#2268 = DIRECTION ( 'NONE',  ( 0.000000000000000000, -1.000000000000000000, 0.000000000000000000 ) ) ;
#2269 =( NAMED_UNIT ( * ) SI_UNIT ( $, .STERADIAN. ) SOLID_ANGLE_UNIT ( ) );
#2270 = MECHANICAL_DESIGN_GEOMETRIC_PRESENTATION_REPRESENTATION (  '', ( #876 ), #237 ) ;
#2271 = CARTESIAN_POINT ( 'NONE',  ( -1.399999999999984590, -0.6249999999999996669, 0.8699999999999999956 ) ) ;
#2272 =( NAMED_UNIT ( * ) SI_UNIT ( $, .STERADIAN. ) SOLID_ANGLE_UNIT ( ) );
#2273 = DIRECTION ( 'NONE',  ( 0.000000000000000000, -1.000000000000000000, 0.000000000000000000 ) ) ;
#2274 = DIRECTION ( 'NONE',  ( -2.282530889443166036E-16, 1.000000000000000000, -0.000000000000000000 ) ) ;
#2275 = EDGE_LOOP ( 'NONE', ( #567, #3542, #804, #407 ) ) ;
#2276 = DIRECTION ( 'NONE',  ( -1.000000000000000000, 2.282530889443167515E-16, 0.000000000000000000 ) ) ;
#2277 = PLANE ( 'NONE',  #1448 ) ;
#2278 = EDGE_CURVE ( 'NONE', #2496, #3038, #2837, .T. ) ;
#2279 = LINE ( 'NONE', #2009, #2865 ) ;
#2280 = ORIENTED_EDGE ( 'NONE', *, *, #2507, .T. ) ;
#2281 = SURFACE_STYLE_FILL_AREA ( #3345 ) ;
#2282 = UNCERTAINTY_MEASURE_WITH_UNIT (LENGTH_MEASURE( 1.000000000000000082E-05 ), #3388, 'distance_accuracy_value', 'NONE');
#2283 = CARTESIAN_POINT ( 'NONE',  ( -0.9250000000000002665, 0.6250000000000003331, 0.8599999999999999867 ) ) ;
#2284 = PLANE ( 'NONE',  #2143 ) ;
#2285 = MECHANICAL_DESIGN_GEOMETRIC_PRESENTATION_REPRESENTATION (  '', ( #2819 ), #3445 ) ;
#2286 =( GEOMETRIC_REPRESENTATION_CONTEXT ( 3 ) GLOBAL_UNCERTAINTY_ASSIGNED_CONTEXT ( ( #3318 ) ) GLOBAL_UNIT_ASSIGNED_CONTEXT ( ( #3124, #2290, #2257 ) ) REPRESENTATION_CONTEXT ( 'NONE', 'WORKASPACE' ) );
#2287 = MECHANICAL_DESIGN_GEOMETRIC_PRESENTATION_REPRESENTATION (  '', ( #145 ), #1602 ) ;
#2288 = AXIS2_PLACEMENT_3D ( 'NONE', #439, #1883, #1850 ) ;
#2289 = DIRECTION ( 'NONE',  ( -1.000000000000000000, -0.000000000000000000, -0.000000000000000000 ) ) ;
#2290 =( NAMED_UNIT ( * ) PLANE_ANGLE_UNIT ( ) SI_UNIT ( $, .RADIAN. ) );
#2291 = ORIENTED_EDGE ( 'NONE', *, *, #2889, .F. ) ;
#2292 =( NAMED_UNIT ( * ) PLANE_ANGLE_UNIT ( ) SI_UNIT ( $, .RADIAN. ) );
#2293 = LINE ( 'NONE', #3417, #653 ) ;
#2294 = FACE_OUTER_BOUND ( 'NONE', #821, .T. ) ;
#2295 = SURFACE_STYLE_FILL_AREA ( #1202 ) ;
#2296 = ORIENTED_EDGE ( 'NONE', *, *, #540, .F. ) ;
#2297 = ORIENTED_EDGE ( 'NONE', *, *, #2185, .F. ) ;
#2298 = VERTEX_POINT ( 'NONE', #69 ) ;
#2299 = MECHANICAL_DESIGN_GEOMETRIC_PRESENTATION_REPRESENTATION (  '', ( #1500 ), #3175 ) ;
#2300 = VERTEX_POINT ( 'NONE', #1630 ) ;
#2301 = EDGE_CURVE ( 'NONE', #3187, #2011, #3589, .T. ) ;
#2302 = CARTESIAN_POINT ( 'NONE',  ( -0.3750000000000000000, -1.091516203636184956, 0.8699999999999999956 ) ) ;
#2303 = COLOUR_RGB ( '',0.3176470588235293935, 0.2470588235294117752, 0.2078431372549019440 ) ;
#2304 = FILL_AREA_STYLE_COLOUR ( '', #2986 ) ;
#2305 = STYLED_ITEM ( 'NONE', ( #2866 ), #1669 ) ;
#2306 = DIRECTION ( 'NONE',  ( 0.000000000000000000, 1.000000000000000000, 0.000000000000000000 ) ) ;
#2307 =( LENGTH_UNIT ( ) NAMED_UNIT ( * ) SI_UNIT ( .MILLI., .METRE. ) );
#2308 = EDGE_CURVE ( 'NONE', #2737, #2329, #529, .T. ) ;
#2309 = SURFACE_STYLE_USAGE ( .BOTH. , #988 ) ;
#2310 = ORIENTED_EDGE ( 'NONE', *, *, #2354, .T. ) ;
#2311 = DIRECTION ( 'NONE',  ( 1.000000000000000000, 0.000000000000000000, 0.000000000000000000 ) ) ;
#2312 = LINE ( 'NONE', #629, #3463 ) ;
#2313 = SURFACE_STYLE_USAGE ( .BOTH. , #114 ) ;
#2314 =( LENGTH_UNIT ( ) NAMED_UNIT ( * ) SI_UNIT ( .MILLI., .METRE. ) );
#2315 = ORIENTED_EDGE ( 'NONE', *, *, #2261, .F. ) ;
#2316 = VERTEX_POINT ( 'NONE', #260 ) ;
#2317 = ORIENTED_EDGE ( 'NONE', *, *, #3066, .F. ) ;
#2318 = ORIENTED_EDGE ( 'NONE', *, *, #1890, .F. ) ;
#2319 = CARTESIAN_POINT ( 'NONE',  ( 0.9249999999999898304, -0.1249999999999995698, 0.8699999999999999956 ) ) ;
#2320 = SURFACE_STYLE_FILL_AREA ( #1578 ) ;
#2321 = ORIENTED_EDGE ( 'NONE', *, *, #1766, .T. ) ;
#2322 =( NAMED_UNIT ( * ) PLANE_ANGLE_UNIT ( ) SI_UNIT ( $, .RADIAN. ) );
#2323 = FACE_OUTER_BOUND ( 'NONE', #354, .T. ) ;
#2324 = CARTESIAN_POINT ( 'NONE',  ( 0.3749999999999998890, -0.6165162036361847564, 0.8699999999999999956 ) ) ;
#2325 = EDGE_CURVE ( 'NONE', #118, #1548, #3343, .T. ) ;
#2326 =( GEOMETRIC_REPRESENTATION_CONTEXT ( 3 ) GLOBAL_UNCERTAINTY_ASSIGNED_CONTEXT ( ( #3303 ) ) GLOBAL_UNIT_ASSIGNED_CONTEXT ( ( #2480, #2215, #524 ) ) REPRESENTATION_CONTEXT ( 'NONE', 'WORKASPACE' ) );
#2327 = PLANE ( 'NONE',  #477 ) ;
#2328 = EDGE_CURVE ( 'NONE', #1837, #1224, #1382, .T. ) ;
#2329 = VERTEX_POINT ( 'NONE', #2483 ) ;
#2330 = CARTESIAN_POINT ( 'NONE',  ( -0.9250000000000002665, 0.8750000000000004441, 0.8699999999999999956 ) ) ;
#2331 = CARTESIAN_POINT ( 'NONE',  ( 0.000000000000000000, 0.000000000000000000, 0.2000000000000000111 ) ) ;
#2332 = VECTOR ( 'NONE', #825, 1000.000000000000000 ) ;
#2333 = FACE_OUTER_BOUND ( 'NONE', #1014, .T. ) ;
#2334 = ORIENTED_EDGE ( 'NONE', *, *, #2844, .T. ) ;
#2335 = PRESENTATION_LAYER_ASSIGNMENT (  '', '', ( #1587 ) ) ;
#2336 = ORIENTED_EDGE ( 'NONE', *, *, #1622, .F. ) ;
#2337 = ORIENTED_EDGE ( 'NONE', *, *, #2534, .T. ) ;
#2338 = ORIENTED_EDGE ( 'NONE', *, *, #1738, .F. ) ;
#2339 = PRESENTATION_LAYER_ASSIGNMENT (  '', '', ( #1767 ) ) ;
#2340 =( LENGTH_UNIT ( ) NAMED_UNIT ( * ) SI_UNIT ( .MILLI., .METRE. ) );
#2341 =( GEOMETRIC_REPRESENTATION_CONTEXT ( 3 ) GLOBAL_UNCERTAINTY_ASSIGNED_CONTEXT ( ( #818 ) ) GLOBAL_UNIT_ASSIGNED_CONTEXT ( ( #3452, #383, #1507 ) ) REPRESENTATION_CONTEXT ( 'NONE', 'WORKASPACE' ) );
#2342 = CARTESIAN_POINT ( 'NONE',  ( -0.6250000000000000000, -1.091516203636184956, 0.8699999999999999956 ) ) ;
#2343 =( GEOMETRIC_REPRESENTATION_CONTEXT ( 3 ) GLOBAL_UNCERTAINTY_ASSIGNED_CONTEXT ( ( #1917 ) ) GLOBAL_UNIT_ASSIGNED_CONTEXT ( ( #239, #538, #3412 ) ) REPRESENTATION_CONTEXT ( 'NONE', 'WORKASPACE' ) );
#2344 =( LENGTH_UNIT ( ) NAMED_UNIT ( * ) SI_UNIT ( .MILLI., .METRE. ) );
#2345 = VECTOR ( 'NONE', #1933, 1000.000000000000000 ) ;
#2346 = PRESENTATION_STYLE_ASSIGNMENT (( #180 ) ) ;
#2347 = DIRECTION ( 'NONE',  ( -0.000000000000000000, 0.000000000000000000, 1.000000000000000000 ) ) ;
#2348 = AXIS2_PLACEMENT_3D ( 'NONE', #2825, #2306, #3393 ) ;
#2349 = VECTOR ( 'NONE', #2481, 1000.000000000000000 ) ;
#2350 = PRESENTATION_LAYER_ASSIGNMENT (  '', '', ( #1889 ) ) ;
#2351 = VECTOR ( 'NONE', #2956, 1000.000000000000000 ) ;
#2352 = DIRECTION ( 'NONE',  ( -1.000000000000000000, 0.000000000000000000, 0.000000000000000000 ) ) ;
#2353 = CARTESIAN_POINT ( 'NONE',  ( -1.400000000000000133, 0.6250000000000003331, 0.8699999999999999956 ) ) ;
#2354 = EDGE_CURVE ( 'NONE', #1140, #1945, #1615, .T. ) ;
#2355 = EDGE_CURVE ( 'NONE', #83, #3600, #3021, .T. ) ;
#2356 =( LENGTH_UNIT ( ) NAMED_UNIT ( * ) SI_UNIT ( .MILLI., .METRE. ) );
#2357 = SURFACE_STYLE_USAGE ( .BOTH. , #612 ) ;
#2358 = ORIENTED_EDGE ( 'NONE', *, *, #1521, .F. ) ;
#2359 = ORIENTED_EDGE ( 'NONE', *, *, #3029, .F. ) ;
#2360 = ORIENTED_EDGE ( 'NONE', *, *, #261, .T. ) ;
#2361 = ADVANCED_FACE ( 'NONE', ( #2790, #2166, #1414, #547, #2465, #1350, #26, #819, #2449, #1951, #1668, #1141, #3062, #294, #2521 ), #2243, .T. ) ;
#2362 = DIRECTION ( 'NONE',  ( -0.000000000000000000, 0.000000000000000000, -1.000000000000000000 ) ) ;
#2363 = DIRECTION ( 'NONE',  ( 0.000000000000000000, -0.000000000000000000, 1.000000000000000000 ) ) ;
#2364 =( LENGTH_UNIT ( ) NAMED_UNIT ( * ) SI_UNIT ( .MILLI., .METRE. ) );
#2365 = CARTESIAN_POINT ( 'NONE',  ( 0.9250000000000002665, 0.7750000000000001332, 0.8699999999999999956 ) ) ;
#2366 = CARTESIAN_POINT ( 'NONE',  ( 1.399999999999984590, -0.6249999999999996669, 0.8699999999999999956 ) ) ;
#2367 = CARTESIAN_POINT ( 'NONE',  ( -0.3750000000000001665, 0.6165162036361850895, 0.8699999999999999956 ) ) ;
#2368 =( GEOMETRIC_REPRESENTATION_CONTEXT ( 3 ) GLOBAL_UNCERTAINTY_ASSIGNED_CONTEXT ( ( #2173 ) ) GLOBAL_UNIT_ASSIGNED_CONTEXT ( ( #2490, #3581, #1583 ) ) REPRESENTATION_CONTEXT ( 'NONE', 'WORKASPACE' ) );
#2369 = ORIENTED_EDGE ( 'NONE', *, *, #3164, .F. ) ;
#2370 =( NAMED_UNIT ( * ) PLANE_ANGLE_UNIT ( ) SI_UNIT ( $, .RADIAN. ) );
#2371 = VECTOR ( 'NONE', #1032, 1000.000000000000000 ) ;
#2372 = FILL_AREA_STYLE_COLOUR ( '', #2876 ) ;
#2373 = VECTOR ( 'NONE', #1778, 1000.000000000000000 ) ;
#2374 =( NAMED_UNIT ( * ) PLANE_ANGLE_UNIT ( ) SI_UNIT ( $, .RADIAN. ) );
#2375 = FILL_AREA_STYLE_COLOUR ( '', #1591 ) ;
#2376 = LINE ( 'NONE', #3488, #103 ) ;
#2377 = DIRECTION ( 'NONE',  ( 0.000000000000000000, 0.000000000000000000, 1.000000000000000000 ) ) ;
#2378 = ORIENTED_EDGE ( 'NONE', *, *, #3163, .T. ) ;
#2379 = ADVANCED_FACE ( 'NONE', ( #1976 ), #1918, .F. ) ;
#2380 =( NAMED_UNIT ( * ) PLANE_ANGLE_UNIT ( ) SI_UNIT ( $, .RADIAN. ) );
#2381 = VERTEX_POINT ( 'NONE', #3315 ) ;
#2382 = VERTEX_POINT ( 'NONE', #3313 ) ;
#2383 =( NAMED_UNIT ( * ) SI_UNIT ( $, .STERADIAN. ) SOLID_ANGLE_UNIT ( ) );
#2384 = EDGE_CURVE ( 'NONE', #2137, #2921, #3360, .T. ) ;
#2385 = SURFACE_SIDE_STYLE ('',( #2417 ) ) ;
#2386 =( NAMED_UNIT ( * ) SI_UNIT ( $, .STERADIAN. ) SOLID_ANGLE_UNIT ( ) );
#2387 = DIRECTION ( 'NONE',  ( -1.000000000000000000, 0.000000000000000000, 0.000000000000000000 ) ) ;
#2388 =( NAMED_UNIT ( * ) PLANE_ANGLE_UNIT ( ) SI_UNIT ( $, .RADIAN. ) );
#2389 = LINE ( 'NONE', #2421, #2838 ) ;
#2390 = FILL_AREA_STYLE_COLOUR ( '', #2030 ) ;
#2391 = FILL_AREA_STYLE_COLOUR ( '', #1994 ) ;
#2392 = CARTESIAN_POINT ( 'NONE',  ( 0.9249999999999898304, -0.1249999999999995698, 0.8699999999999999956 ) ) ;
#2393 = CARTESIAN_POINT ( 'NONE',  ( -1.400000000000000133, 0.8750000000000003331, 0.8699999999999999956 ) ) ;
#2394 = VERTEX_POINT ( 'NONE', #2519 ) ;
#2395 = VERTEX_POINT ( 'NONE', #2811 ) ;
#2396 = STYLED_ITEM ( 'NONE', ( #1519 ), #1338 ) ;
#2397 = EDGE_CURVE ( 'NONE', #3557, #1837, #2771, .T. ) ;
#2398 = DIRECTION ( 'NONE',  ( -0.000000000000000000, 0.000000000000000000, -1.000000000000000000 ) ) ;
#2399 = MECHANICAL_DESIGN_GEOMETRIC_PRESENTATION_REPRESENTATION (  '', ( #1767 ), #1052 ) ;
#2400 = LINE ( 'NONE', #1581, #2371 ) ;
#2401 = DIRECTION ( 'NONE',  ( -1.000000000000000000, 0.000000000000000000, 0.000000000000000000 ) ) ;
#2402 = FACE_BOUND ( 'NONE', #3450, .T. ) ;
#2403 = DIRECTION ( 'NONE',  ( 1.000000000000000000, 0.000000000000000000, 0.000000000000000000 ) ) ;
#2404 = MECHANICAL_DESIGN_GEOMETRIC_PRESENTATION_REPRESENTATION (  '', ( #137 ), #2923 ) ;
#2405 = EDGE_LOOP ( 'NONE', ( #3057, #2765, #2062, #279 ) ) ;
#2406 = LINE ( 'NONE', #3503, #2249 ) ;
#2407 = DIRECTION ( 'NONE',  ( 1.000000000000000000, 0.000000000000000000, 0.000000000000000000 ) ) ;
#2408 = CARTESIAN_POINT ( 'NONE',  ( 0.9250000000000002665, 0.7750000000000001332, 0.8699999999999999956 ) ) ;
#2409 = DIRECTION ( 'NONE',  ( -0.000000000000000000, 1.000000000000000000, -0.000000000000000000 ) ) ;
#2410 =( GEOMETRIC_REPRESENTATION_CONTEXT ( 3 ) GLOBAL_UNCERTAINTY_ASSIGNED_CONTEXT ( ( #1357 ) ) GLOBAL_UNIT_ASSIGNED_CONTEXT ( ( #2491, #3352, #3294 ) ) REPRESENTATION_CONTEXT ( 'NONE', 'WORKASPACE' ) );
#2411 = PRESENTATION_LAYER_ASSIGNMENT (  '', '', ( #666 ) ) ;
#2412 = LINE ( 'NONE', #1901, #2438 ) ;
#2413 = ORIENTED_EDGE ( 'NONE', *, *, #2911, .F. ) ;
#2414 = ORIENTED_EDGE ( 'NONE', *, *, #1401, .T. ) ;
#2415 = FACE_OUTER_BOUND ( 'NONE', #1914, .T. ) ;
#2416 = CARTESIAN_POINT ( 'NONE',  ( -0.6250000000000000000, 0.6165162036361850895, 0.8699999999999999956 ) ) ;
#2417 = SURFACE_STYLE_FILL_AREA ( #1284 ) ;
#2418 = EDGE_CURVE ( 'NONE', #1834, #2165, #588, .T. ) ;
#2419 = SURFACE_STYLE_FILL_AREA ( #2699 ) ;
#2420 =( LENGTH_UNIT ( ) NAMED_UNIT ( * ) SI_UNIT ( .MILLI., .METRE. ) );
#2421 = CARTESIAN_POINT ( 'NONE',  ( -1.400000000000000133, 0.8750000000000003331, 0.8599999999999999867 ) ) ;
#2422 = EDGE_CURVE ( 'NONE', #2741, #3220, #292, .T. ) ;
#2423 = STYLED_ITEM ( 'NONE', ( #2505 ), #880 ) ;
#2424 = DIRECTION ( 'NONE',  ( 0.000000000000000000, -1.000000000000000000, 0.000000000000000000 ) ) ;
#2425 = AXIS2_PLACEMENT_3D ( 'NONE', #108, #935, #3174 ) ;
#2426 = LINE ( 'NONE', #2687, #2722 ) ;
#2427 = COLOUR_RGB ( '',0.3176470588235293935, 0.2470588235294117752, 0.2078431372549019440 ) ;
#2428 =( GEOMETRIC_REPRESENTATION_CONTEXT ( 3 ) GLOBAL_UNCERTAINTY_ASSIGNED_CONTEXT ( ( #2224 ) ) GLOBAL_UNIT_ASSIGNED_CONTEXT ( ( #3484, #670, #2908 ) ) REPRESENTATION_CONTEXT ( 'NONE', 'WORKASPACE' ) );
#2429 =( NAMED_UNIT ( * ) SI_UNIT ( $, .STERADIAN. ) SOLID_ANGLE_UNIT ( ) );
#2430 = PRESENTATION_STYLE_ASSIGNMENT (( #490 ) ) ;
#2431 = ORIENTED_EDGE ( 'NONE', *, *, #2301, .F. ) ;
#2432 = VECTOR ( 'NONE', #2766, 1000.000000000000000 ) ;
#2433 = ORIENTED_EDGE ( 'NONE', *, *, #306, .F. ) ;
#2434 =( NAMED_UNIT ( * ) PLANE_ANGLE_UNIT ( ) SI_UNIT ( $, .RADIAN. ) );
#2435 = CARTESIAN_POINT ( 'NONE',  ( 1.399999999999995026, 0.1250000000000003331, 0.8599999999999999867 ) ) ;
#2436 = DIRECTION ( 'NONE',  ( -0.000000000000000000, -0.000000000000000000, -1.000000000000000000 ) ) ;
#2437 = UNCERTAINTY_MEASURE_WITH_UNIT (LENGTH_MEASURE( 1.000000000000000082E-05 ), #379, 'distance_accuracy_value', 'NONE');
#2438 = VECTOR ( 'NONE', #2047, 1000.000000000000000 ) ;
#2439 = STYLED_ITEM ( 'NONE', ( #903 ), #375 ) ;
#2440 = LINE ( 'NONE', #2914, #1030 ) ;
#2441 =( LENGTH_UNIT ( ) NAMED_UNIT ( * ) SI_UNIT ( .MILLI., .METRE. ) );
#2442 = DIRECTION ( 'NONE',  ( 0.000000000000000000, -1.000000000000000000, 0.000000000000000000 ) ) ;
#2443 = EDGE_CURVE ( 'NONE', #1783, #2381, #3605, .T. ) ;
#2444 = LINE ( 'NONE', #1345, #3386 ) ;
#2445 = DIRECTION ( 'NONE',  ( -1.000000000000000000, -2.282530889443167515E-16, -0.000000000000000000 ) ) ;
#2446 = CARTESIAN_POINT ( 'NONE',  ( -1.399999999999995026, 0.3750000000000003331, 0.8699999999999999956 ) ) ;
#2447 = ORIENTED_EDGE ( 'NONE', *, *, #2850, .F. ) ;
#2448 = COLOUR_RGB ( '',0.3176470588235293935, 0.2470588235294117752, 0.2078431372549019440 ) ;
#2449 = FACE_BOUND ( 'NONE', #3382, .T. ) ;
#2450 = VECTOR ( 'NONE', #470, 1000.000000000000000 ) ;
#2451 = ORIENTED_EDGE ( 'NONE', *, *, #2034, .T. ) ;
#2452 = DIRECTION ( 'NONE',  ( 0.000000000000000000, 0.000000000000000000, 1.000000000000000000 ) ) ;
#2453 = SURFACE_SIDE_STYLE ('',( #1621 ) ) ;
#2454 = CARTESIAN_POINT ( 'NONE',  ( 1.100000000000000089, 0.8500000000000005329, 0.2000000000000000111 ) ) ;
#2455 = PRESENTATION_STYLE_ASSIGNMENT (( #809 ) ) ;
#2456 = MECHANICAL_DESIGN_GEOMETRIC_PRESENTATION_REPRESENTATION (  '', ( #771 ), #2341 ) ;
#2457 = CARTESIAN_POINT ( 'NONE',  ( 1.399999999999995026, 0.3750000000000003331, 0.8699999999999999956 ) ) ;
#2458 =( GEOMETRIC_REPRESENTATION_CONTEXT ( 3 ) GLOBAL_UNCERTAINTY_ASSIGNED_CONTEXT ( ( #1724 ) ) GLOBAL_UNIT_ASSIGNED_CONTEXT ( ( #920, #1233, #1174 ) ) REPRESENTATION_CONTEXT ( 'NONE', 'WORKASPACE' ) );
#2459 =( NAMED_UNIT ( * ) SI_UNIT ( $, .STERADIAN. ) SOLID_ANGLE_UNIT ( ) );
#2460 = MECHANICAL_DESIGN_GEOMETRIC_PRESENTATION_REPRESENTATION (  '', ( #1257 ), #1483 ) ;
#2461 = SURFACE_STYLE_USAGE ( .BOTH. , #1362 ) ;
#2462 = ADVANCED_FACE ( 'NONE', ( #22 ), #1686, .F. ) ;
#2463 = VERTEX_POINT ( 'NONE', #2787 ) ;
#2464 = UNCERTAINTY_MEASURE_WITH_UNIT (LENGTH_MEASURE( 1.000000000000000082E-05 ), #3556, 'distance_accuracy_value', 'NONE');
#2465 = FACE_BOUND ( 'NONE', #877, .T. ) ;
#2466 = VECTOR ( 'NONE', #1132, 1000.000000000000000 ) ;
#2467 = COLOUR_RGB ( '',0.3176470588235293935, 0.2470588235294117752, 0.2078431372549019440 ) ;
#2468 = COLOUR_RGB ( '',0.3176470588235293935, 0.2470588235294117752, 0.2078431372549019440 ) ;
#2469 = DIRECTION ( 'NONE',  ( -0.000000000000000000, -0.000000000000000000, -1.000000000000000000 ) ) ;
#2470 = ORIENTED_EDGE ( 'NONE', *, *, #2443, .F. ) ;
#2471 = PRESENTATION_STYLE_ASSIGNMENT (( #1332 ) ) ;
#2472 = LINE ( 'NONE', #1909, #3357 ) ;
#2473 = DIRECTION ( 'NONE',  ( 1.000000000000000000, 0.000000000000000000, -0.000000000000000000 ) ) ;
#2474 = SURFACE_SIDE_STYLE ('',( #3328 ) ) ;
#2475 = DIRECTION ( 'NONE',  ( 1.734723475976807094E-16, -1.000000000000000000, 0.000000000000000000 ) ) ;
#2476 = PRESENTATION_LAYER_ASSIGNMENT (  '', '', ( #2125 ) ) ;
#2477 = CARTESIAN_POINT ( 'NONE',  ( -0.6250000000000000000, 0.6165162036361850895, 0.8699999999999999956 ) ) ;
#2478 = FILL_AREA_STYLE ('',( #2749 ) ) ;
#2479 = ORIENTED_EDGE ( 'NONE', *, *, #2656, .F. ) ;
#2480 =( LENGTH_UNIT ( ) NAMED_UNIT ( * ) SI_UNIT ( .MILLI., .METRE. ) );
#2481 = DIRECTION ( 'NONE',  ( -1.000000000000000000, -2.891205793294679312E-16, 0.000000000000000000 ) ) ;
#2482 = ORIENTED_EDGE ( 'NONE', *, *, #711, .F. ) ;
#2483 = CARTESIAN_POINT ( 'NONE',  ( -1.500000000000000000, -1.249999999999999778, 0.000000000000000000 ) ) ;
#2484 = EDGE_CURVE ( 'NONE', #3078, #955, #3339, .T. ) ;
#2485 =( GEOMETRIC_REPRESENTATION_CONTEXT ( 3 ) GLOBAL_UNCERTAINTY_ASSIGNED_CONTEXT ( ( #3131 ) ) GLOBAL_UNIT_ASSIGNED_CONTEXT ( ( #2038, #2556, #1440 ) ) REPRESENTATION_CONTEXT ( 'NONE', 'WORKASPACE' ) );
#2486 = EDGE_LOOP ( 'NONE', ( #1968, #606, #3269, #1505 ) ) ;
#2487 = DIRECTION ( 'NONE',  ( 1.000000000000000000, 0.000000000000000000, -0.000000000000000000 ) ) ;
#2488 = UNCERTAINTY_MEASURE_WITH_UNIT (LENGTH_MEASURE( 1.000000000000000082E-05 ), #3602, 'distance_accuracy_value', 'NONE');
#2489 = EDGE_CURVE ( 'NONE', #85, #1548, #860, .T. ) ;
#2490 =( LENGTH_UNIT ( ) NAMED_UNIT ( * ) SI_UNIT ( .MILLI., .METRE. ) );
#2491 =( LENGTH_UNIT ( ) NAMED_UNIT ( * ) SI_UNIT ( .MILLI., .METRE. ) );
#2492 =( NAMED_UNIT ( * ) PLANE_ANGLE_UNIT ( ) SI_UNIT ( $, .RADIAN. ) );
#2493 = CARTESIAN_POINT ( 'NONE',  ( 0.000000000000000000, 0.000000000000000000, 0.8699999999999999956 ) ) ;
#2494 = ORIENTED_EDGE ( 'NONE', *, *, #1741, .F. ) ;
#2495 = DIRECTION ( 'NONE',  ( -0.000000000000000000, -0.000000000000000000, -1.000000000000000000 ) ) ;
#2496 = VERTEX_POINT ( 'NONE', #1161 ) ;
#2497 = SURFACE_STYLE_FILL_AREA ( #1900 ) ;
#2498 = DIRECTION ( 'NONE',  ( -0.000000000000000000, 1.000000000000000000, -0.000000000000000000 ) ) ;
#2499 = ORIENTED_EDGE ( 'NONE', *, *, #2582, .F. ) ;
#2500 = UNCERTAINTY_MEASURE_WITH_UNIT (LENGTH_MEASURE( 1.000000000000000082E-05 ), #1080, 'distance_accuracy_value', 'NONE');
#2501 = STYLED_ITEM ( 'NONE', ( #1627 ), #3086 ) ;
#2502 = VERTEX_POINT ( 'NONE', #1931 ) ;
#2503 = ADVANCED_FACE ( 'NONE', ( #3037 ), #1664, .F. ) ;
#2504 = ORIENTED_EDGE ( 'NONE', *, *, #432, .F. ) ;
#2505 = PRESENTATION_STYLE_ASSIGNMENT (( #281 ) ) ;
#2506 = EDGE_CURVE ( 'NONE', #1178, #1364, #2312, .T. ) ;
#2507 = EDGE_CURVE ( 'NONE', #2382, #2496, #2293, .T. ) ;
#2508 =( LENGTH_UNIT ( ) NAMED_UNIT ( * ) SI_UNIT ( .MILLI., .METRE. ) );
#2509 = CARTESIAN_POINT ( 'NONE',  ( -1.399999999999995026, 0.3750000000000003331, 0.8699999999999999956 ) ) ;
#2510 = MECHANICAL_DESIGN_GEOMETRIC_PRESENTATION_REPRESENTATION (  '', ( #649 ), #1248 ) ;
#2511 = SURFACE_SIDE_STYLE ('',( #503 ) ) ;
#2512 = EDGE_CURVE ( 'NONE', #100, #3586, #1745, .T. ) ;
#2513 = ORIENTED_EDGE ( 'NONE', *, *, #3291, .T. ) ;
#2514 = LINE ( 'NONE', #15, #1508 ) ;
#2515 = AXIS2_PLACEMENT_3D ( 'NONE', #2493, #2234, #37 ) ;
#2516 = SURFACE_SIDE_STYLE ('',( #272 ) ) ;
#2517 = VERTEX_POINT ( 'NONE', #3433 ) ;
#2518 = CARTESIAN_POINT ( 'NONE',  ( -0.6250000000000000000, -0.6165162036361850895, 0.8699999999999999956 ) ) ;
#2519 = CARTESIAN_POINT ( 'NONE',  ( 1.399999999999995026, 0.1250000000000003331, 0.8699999999999999956 ) ) ;
#2520 = VERTEX_POINT ( 'NONE', #1454 ) ;
#2521 = FACE_BOUND ( 'NONE', #2707, .T. ) ;
#2522 = STYLED_ITEM ( 'NONE', ( #2873 ), #66 ) ;
#2523 = VECTOR ( 'NONE', #1733, 1000.000000000000000 ) ;
#2524 = ORIENTED_EDGE ( 'NONE', *, *, #3060, .F. ) ;
#2525 = VERTEX_POINT ( 'NONE', #135 ) ;
#2526 = ORIENTED_EDGE ( 'NONE', *, *, #1339, .F. ) ;
#2527 = VECTOR ( 'NONE', #2985, 1000.000000000000000 ) ;
#2528 =( LENGTH_UNIT ( ) NAMED_UNIT ( * ) SI_UNIT ( .MILLI., .METRE. ) );
#2529 = VECTOR ( 'NONE', #2548, 1000.000000000000000 ) ;
#2530 = CARTESIAN_POINT ( 'NONE',  ( 1.399999999999989697, -0.1249999999999996808, 0.8699999999999999956 ) ) ;
#2531 = DIRECTION ( 'NONE',  ( 1.000000000000000000, 0.000000000000000000, 0.000000000000000000 ) ) ;
#2532 = DIRECTION ( 'NONE',  ( -0.000000000000000000, -0.000000000000000000, -1.000000000000000000 ) ) ;
#2533 = CARTESIAN_POINT ( 'NONE',  ( 0.6249999999999998890, 0.6165162036361847564, 0.8699999999999999956 ) ) ;
#2534 = EDGE_CURVE ( 'NONE', #2517, #3490, #947, .T. ) ;
#2535 = PRESENTATION_STYLE_ASSIGNMENT (( #2764 ) ) ;
#2536 = EDGE_CURVE ( 'NONE', #1216, #958, #2037, .T. ) ;
#2537 = VERTEX_POINT ( 'NONE', #78 ) ;
#2538 = SURFACE_SIDE_STYLE ('',( #1453 ) ) ;
#2539 = FILL_AREA_STYLE_COLOUR ( '', #2003 ) ;
#2540 = VERTEX_POINT ( 'NONE', #609 ) ;
#2541 = ORIENTED_EDGE ( 'NONE', *, *, #1299, .F. ) ;
#2542 = COLOUR_RGB ( '',0.3176470588235293935, 0.2470588235294117752, 0.2078431372549019440 ) ;
#2543 = SURFACE_SIDE_STYLE ('',( #2281 ) ) ;
#2544 = STYLED_ITEM ( 'NONE', ( #2080 ), #106 ) ;
#2545 = CARTESIAN_POINT ( 'NONE',  ( -0.1250000000000000833, 0.6165162036361850895, 0.8599999999999999867 ) ) ;
#2546 = AXIS2_PLACEMENT_3D ( 'NONE', #2877, #962, #377 ) ;
#2547 = SURFACE_STYLE_USAGE ( .BOTH. , #3047 ) ;
#2548 = DIRECTION ( 'NONE',  ( 0.000000000000000000, -1.000000000000000000, 0.000000000000000000 ) ) ;
#2549 =( LENGTH_UNIT ( ) NAMED_UNIT ( * ) SI_UNIT ( .MILLI., .METRE. ) );
#2550 = DIRECTION ( 'NONE',  ( 1.000000000000000000, 0.000000000000000000, 0.000000000000000000 ) ) ;
#2551 = ADVANCED_FACE ( 'NONE', ( #3183 ), #1525, .F. ) ;
#2552 = DIRECTION ( 'NONE',  ( 2.282530889443166036E-16, -1.000000000000000000, 0.000000000000000000 ) ) ;
#2553 = DIRECTION ( 'NONE',  ( -0.000000000000000000, -0.000000000000000000, -1.000000000000000000 ) ) ;
#2554 = ORIENTED_EDGE ( 'NONE', *, *, #3029, .T. ) ;
#2555 = CARTESIAN_POINT ( 'NONE',  ( 1.400000000000000133, 0.6250000000000003331, 0.8699999999999999956 ) ) ;
#2556 =( NAMED_UNIT ( * ) PLANE_ANGLE_UNIT ( ) SI_UNIT ( $, .RADIAN. ) );
#2557 =( GEOMETRIC_REPRESENTATION_CONTEXT ( 3 ) GLOBAL_UNCERTAINTY_ASSIGNED_CONTEXT ( ( #2256 ) ) GLOBAL_UNIT_ASSIGNED_CONTEXT ( ( #3210, #2930, #1251 ) ) REPRESENTATION_CONTEXT ( 'NONE', 'WORKASPACE' ) );
#2558 =( NAMED_UNIT ( * ) SI_UNIT ( $, .STERADIAN. ) SOLID_ANGLE_UNIT ( ) );
#2559 = ORIENTED_EDGE ( 'NONE', *, *, #1496, .F. ) ;
#2560 = LINE ( 'NONE', #1954, #3375 ) ;
#2561 = EDGE_LOOP ( 'NONE', ( #845, #718, #1369, #1066 ) ) ;
#2562 = CARTESIAN_POINT ( 'NONE',  ( 0.9249999999999898304, -0.1249999999999995698, 0.8599999999999999867 ) ) ;
#2563 = MECHANICAL_DESIGN_GEOMETRIC_PRESENTATION_REPRESENTATION (  '', ( #2792 ), #2686 ) ;
#2564 = AXIS2_PLACEMENT_3D ( 'NONE', #2957, #1613, #2720 ) ;
#2565 = CARTESIAN_POINT ( 'NONE',  ( 0.3750000000000000000, 1.091516203636184956, 0.8699999999999999956 ) ) ;
#2566 =( NAMED_UNIT ( * ) PLANE_ANGLE_UNIT ( ) SI_UNIT ( $, .RADIAN. ) );
#2567 =( LENGTH_UNIT ( ) NAMED_UNIT ( * ) SI_UNIT ( .MILLI., .METRE. ) );
#2568 = LINE ( 'NONE', #635, #2925 ) ;
#2569 = SURFACE_STYLE_FILL_AREA ( #380 ) ;
#2570 = COLOUR_RGB ( '',0.3176470588235293935, 0.2470588235294117752, 0.2078431372549019440 ) ;
#2571 = SHAPE_DEFINITION_REPRESENTATION ( #2621, #3048 ) ;
#2572 = CARTESIAN_POINT ( 'NONE',  ( 1.399999999999995026, 0.3750000000000003331, 0.8599999999999999867 ) ) ;
#2573 = ORIENTED_EDGE ( 'NONE', *, *, #810, .T. ) ;
#2574 = LINE ( 'NONE', #382, #1294 ) ;
#2575 = DIRECTION ( 'NONE',  ( 1.711898167082375759E-16, 1.000000000000000000, -0.000000000000000000 ) ) ;
#2576 = FILL_AREA_STYLE_COLOUR ( '', #3453 ) ;
#2577 = VERTEX_POINT ( 'NONE', #968 ) ;
#2578 = EDGE_CURVE ( 'NONE', #3432, #1380, #3399, .T. ) ;
#2579 = AXIS2_PLACEMENT_3D ( 'NONE', #1701, #13, #3297 ) ;
#2580 = UNCERTAINTY_MEASURE_WITH_UNIT (LENGTH_MEASURE( 1.000000000000000082E-05 ), #2340, 'distance_accuracy_value', 'NONE');
#2581 =( NAMED_UNIT ( * ) PLANE_ANGLE_UNIT ( ) SI_UNIT ( $, .RADIAN. ) );
#2582 = EDGE_CURVE ( 'NONE', #2394, #2741, #1728, .T. ) ;
#2583 = PRESENTATION_LAYER_ASSIGNMENT (  '', '', ( #2871 ) ) ;
#2584 = ORIENTED_EDGE ( 'NONE', *, *, #202, .T. ) ;
#2585 =( GEOMETRIC_REPRESENTATION_CONTEXT ( 3 ) GLOBAL_UNCERTAINTY_ASSIGNED_CONTEXT ( ( #1413 ) ) GLOBAL_UNIT_ASSIGNED_CONTEXT ( ( #1541, #131, #696 ) ) REPRESENTATION_CONTEXT ( 'NONE', 'WORKASPACE' ) );
#2586 = CARTESIAN_POINT ( 'NONE',  ( -0.9249999999999846123, -0.6249999999999995559, 0.8599999999999999867 ) ) ;
#2587 =( GEOMETRIC_REPRESENTATION_CONTEXT ( 3 ) GLOBAL_UNCERTAINTY_ASSIGNED_CONTEXT ( ( #2726 ) ) GLOBAL_UNIT_ASSIGNED_CONTEXT ( ( #1389, #2232, #1895 ) ) REPRESENTATION_CONTEXT ( 'NONE', 'WORKASPACE' ) );
#2588 =( GEOMETRIC_REPRESENTATION_CONTEXT ( 3 ) GLOBAL_UNCERTAINTY_ASSIGNED_CONTEXT ( ( #2488 ) ) GLOBAL_UNIT_ASSIGNED_CONTEXT ( ( #3602, #2735, #2459 ) ) REPRESENTATION_CONTEXT ( 'NONE', 'WORKASPACE' ) );
#2589 = CARTESIAN_POINT ( 'NONE',  ( -0.6250000000000000000, 0.6165162036361850895, 0.8599999999999999867 ) ) ;
#2590 = PRESENTATION_STYLE_ASSIGNMENT (( #1446 ) ) ;
#2591 = FILL_AREA_STYLE_COLOUR ( '', #197 ) ;
#2592 = CARTESIAN_POINT ( 'NONE',  ( -0.1250000000000000000, 1.091516203636184956, 0.8599999999999999867 ) ) ;
#2593 = CARTESIAN_POINT ( 'NONE',  ( 1.399999999999984590, -0.6249999999999996669, 0.8699999999999999956 ) ) ;
#2594 = ORIENTED_EDGE ( 'NONE', *, *, #2960, .F. ) ;
#2595 = FILL_AREA_STYLE ('',( #1705 ) ) ;
#2596 = PRESENTATION_STYLE_ASSIGNMENT (( #645 ) ) ;
#2597 = VERTEX_POINT ( 'NONE', #1179 ) ;
#2598 = ORIENTED_EDGE ( 'NONE', *, *, #1490, .T. ) ;
#2599 = ADVANCED_FACE ( 'NONE', ( #97 ), #894, .F. ) ;
#2600 = DIRECTION ( 'NONE',  ( 1.000000000000000000, 0.000000000000000000, 0.000000000000000000 ) ) ;
#2601 = VECTOR ( 'NONE', #265, 1000.000000000000000 ) ;
#2602 = FILL_AREA_STYLE ('',( #1884 ) ) ;
#2603 = VERTEX_POINT ( 'NONE', #1610 ) ;
#2604 =( NAMED_UNIT ( * ) SI_UNIT ( $, .STERADIAN. ) SOLID_ANGLE_UNIT ( ) );
#2605 = STYLED_ITEM ( 'NONE', ( #926 ), #1716 ) ;
#2606 = VECTOR ( 'NONE', #692, 1000.000000000000000 ) ;
#2607 = PRESENTATION_STYLE_ASSIGNMENT (( #2102 ) ) ;
#2608 = DIRECTION ( 'NONE',  ( -0.000000000000000000, -0.000000000000000000, -1.000000000000000000 ) ) ;
#2609 = VECTOR ( 'NONE', #992, 1000.000000000000000 ) ;
#2610 = DIRECTION ( 'NONE',  ( 0.000000000000000000, 0.000000000000000000, 1.000000000000000000 ) ) ;
#2611 = CARTESIAN_POINT ( 'NONE',  ( 1.399999999999989697, -0.1249999999999996808, 0.8699999999999999956 ) ) ;
#2612 = SURFACE_STYLE_USAGE ( .BOTH. , #602 ) ;
#2613 = MECHANICAL_DESIGN_GEOMETRIC_PRESENTATION_REPRESENTATION (  '', ( #749 ), #3071 ) ;
#2614 = APPLICATION_PROTOCOL_DEFINITION ( 'draft international standard', 'automotive_design', 1998, #2717 ) ;
#2615 = VERTEX_POINT ( 'NONE', #2408 ) ;
#2616 = DIRECTION ( 'NONE',  ( 1.000000000000000000, 0.000000000000000000, 0.000000000000000000 ) ) ;
#2617 = CARTESIAN_POINT ( 'NONE',  ( -1.399999999999989697, -0.1249999999999996808, 0.8699999999999999956 ) ) ;
#2618 = EDGE_LOOP ( 'NONE', ( #95, #2094, #141, #1836 ) ) ;
#2619 = ORIENTED_EDGE ( 'NONE', *, *, #3206, .F. ) ;
#2620 = ORIENTED_EDGE ( 'NONE', *, *, #3333, .F. ) ;
#2621 = PRODUCT_DEFINITION_SHAPE ( 'NONE', 'NONE',  #3092 ) ;
#2622 = SURFACE_STYLE_FILL_AREA ( #392 ) ;
#2623 = EDGE_CURVE ( 'NONE', #302, #2676, #1010, .T. ) ;
#2624 = DIRECTION ( 'NONE',  ( 0.000000000000000000, 1.000000000000000000, 0.000000000000000000 ) ) ;
#2625 = SURFACE_STYLE_USAGE ( .BOTH. , #429 ) ;
#2626 = ADVANCED_FACE ( 'NONE', ( #434 ), #205, .F. ) ;
#2627 = AXIS2_PLACEMENT_3D ( 'NONE', #2518, #544, #489 ) ;
#2628 = DIRECTION ( 'NONE',  ( 0.000000000000000000, -0.000000000000000000, 1.000000000000000000 ) ) ;
#2629 = SURFACE_STYLE_USAGE ( .BOTH. , #2826 ) ;
#2630 = VECTOR ( 'NONE', #3217, 1000.000000000000000 ) ;
#2631 = EDGE_CURVE ( 'NONE', #3006, #958, #3539, .T. ) ;
#2632 = CARTESIAN_POINT ( 'NONE',  ( 1.100000000000000089, 0.8500000000000005329, 0.2500000000000000000 ) ) ;
#2633 =( NAMED_UNIT ( * ) SI_UNIT ( $, .STERADIAN. ) SOLID_ANGLE_UNIT ( ) );
#2634 = MECHANICAL_DESIGN_GEOMETRIC_PRESENTATION_REPRESENTATION (  '', ( #1000 ), #2973 ) ;
#2635 = DIRECTION ( 'NONE',  ( 2.282530889443166036E-16, 1.000000000000000000, 0.000000000000000000 ) ) ;
#2636 = VERTEX_POINT ( 'NONE', #223 ) ;
#2637 = CARTESIAN_POINT ( 'NONE',  ( -0.3750000000000000000, 1.091516203636184956, 0.8699999999999999956 ) ) ;
#2638 = EDGE_LOOP ( 'NONE', ( #1599, #2598, #376, #3052 ) ) ;
#2639 = ORIENTED_EDGE ( 'NONE', *, *, #1086, .F. ) ;
#2640 = EDGE_LOOP ( 'NONE', ( #559, #3148, #2990, #2244 ) ) ;
#2641 = VECTOR ( 'NONE', #2863, 1000.000000000000000 ) ;
#2642 = AXIS2_PLACEMENT_3D ( 'NONE', #1824, #2347, #3502 ) ;
#2643 =( LENGTH_UNIT ( ) NAMED_UNIT ( * ) SI_UNIT ( .MILLI., .METRE. ) );
#2644 = SURFACE_STYLE_FILL_AREA ( #1857 ) ;
#2645 = COLOUR_RGB ( '',0.3176470588235293935, 0.2470588235294117752, 0.2078431372549019440 ) ;
#2646 = CARTESIAN_POINT ( 'NONE',  ( 1.400000000000000133, 0.8750000000000003331, 0.8699999999999999956 ) ) ;
#2647 = SURFACE_SIDE_STYLE ('',( #2419 ) ) ;
#2648 =( GEOMETRIC_REPRESENTATION_CONTEXT ( 3 ) GLOBAL_UNCERTAINTY_ASSIGNED_CONTEXT ( ( #216 ) ) GLOBAL_UNIT_ASSIGNED_CONTEXT ( ( #2567, #73, #651 ) ) REPRESENTATION_CONTEXT ( 'NONE', 'WORKASPACE' ) );
#2649 = FACE_OUTER_BOUND ( 'NONE', #2235, .T. ) ;
#2650 = VECTOR ( 'NONE', #3041, 1000.000000000000000 ) ;
#2651 = EDGE_CURVE ( 'NONE', #2525, #1441, #3553, .T. ) ;
#2652 = LINE ( 'NONE', #2965, #271 ) ;
#2653 =( NAMED_UNIT ( * ) PLANE_ANGLE_UNIT ( ) SI_UNIT ( $, .RADIAN. ) );
#2654 = SURFACE_STYLE_USAGE ( .BOTH. , #1023 ) ;
#2655 = DIRECTION ( 'NONE',  ( -0.000000000000000000, 1.000000000000000000, -0.000000000000000000 ) ) ;
#2656 = EDGE_CURVE ( 'NONE', #3586, #2769, #2915, .T. ) ;
#2657 = CARTESIAN_POINT ( 'NONE',  ( 0.000000000000000000, 0.000000000000000000, 0.8699999999999999956 ) ) ;
#2658 = ORIENTED_EDGE ( 'NONE', *, *, #2697, .F. ) ;
#2659 = CARTESIAN_POINT ( 'NONE',  ( -0.1250000000000000833, 0.6165162036361850895, 0.8699999999999999956 ) ) ;
#2660 = EDGE_LOOP ( 'NONE', ( #2690, #2431, #3081, #1095 ) ) ;
#2661 = EDGE_LOOP ( 'NONE', ( #2809, #2291, #491, #19 ) ) ;
#2662 = SURFACE_STYLE_FILL_AREA ( #2121 ) ;
#2663 = FILL_AREA_STYLE ('',( #1553 ) ) ;
#2664 = SURFACE_STYLE_FILL_AREA ( #1270 ) ;
#2665 = FACE_OUTER_BOUND ( 'NONE', #686, .T. ) ;
#2666 = ORIENTED_EDGE ( 'NONE', *, *, #2278, .F. ) ;
#2667 = CARTESIAN_POINT ( 'NONE',  ( 1.399999999999995026, 0.3750000000000003331, 0.8699999999999999956 ) ) ;
#2668 =( NAMED_UNIT ( * ) PLANE_ANGLE_UNIT ( ) SI_UNIT ( $, .RADIAN. ) );
#2669 = STYLED_ITEM ( 'NONE', ( #2712 ), #1560 ) ;
#2670 = CARTESIAN_POINT ( 'NONE',  ( -0.1250000000000000833, -0.6165162036361850895, 0.8699999999999999956 ) ) ;
#2671 = PRESENTATION_STYLE_ASSIGNMENT (( #3198 ) ) ;
#2672 = ADVANCED_FACE ( 'NONE', ( #1543 ), #152, .T. ) ;
#2673 = LINE ( 'NONE', #1813, #1852 ) ;
#2674 = CARTESIAN_POINT ( 'NONE',  ( -1.500000000000000444, 1.250000000000000222, 0.2000000000000000111 ) ) ;
#2675 =( LENGTH_UNIT ( ) NAMED_UNIT ( * ) SI_UNIT ( .MILLI., .METRE. ) );
#2676 = VERTEX_POINT ( 'NONE', #831 ) ;
#2677 = ORIENTED_EDGE ( 'NONE', *, *, #619, .F. ) ;
#2678 = CARTESIAN_POINT ( 'NONE',  ( 0.9249999999999898304, -0.1249999999999995698, 0.8699999999999999956 ) ) ;
#2679 = DIRECTION ( 'NONE',  ( -0.000000000000000000, -0.000000000000000000, -1.000000000000000000 ) ) ;
#2680 = PRESENTATION_STYLE_ASSIGNMENT (( #1838 ) ) ;
#2681 =( NAMED_UNIT ( * ) PLANE_ANGLE_UNIT ( ) SI_UNIT ( $, .RADIAN. ) );
#2682 = CARTESIAN_POINT ( 'NONE',  ( -1.500000000000000000, -1.249999999999999778, 0.2000000000000000111 ) ) ;
#2683 = CARTESIAN_POINT ( 'NONE',  ( -1.500000000000000000, -1.249999999999999778, 0.2000000000000000111 ) ) ;
#2684 = FILL_AREA_STYLE_COLOUR ( '', #2645 ) ;
#2685 = DIRECTION ( 'NONE',  ( 1.734723475976807341E-16, -1.000000000000000000, 0.000000000000000000 ) ) ;
#2686 =( GEOMETRIC_REPRESENTATION_CONTEXT ( 3 ) GLOBAL_UNCERTAINTY_ASSIGNED_CONTEXT ( ( #2754 ) ) GLOBAL_UNIT_ASSIGNED_CONTEXT ( ( #1506, #61, #2036 ) ) REPRESENTATION_CONTEXT ( 'NONE', 'WORKASPACE' ) );
#2687 = CARTESIAN_POINT ( 'NONE',  ( -0.9249999999999950484, 0.3750000000000004441, 0.8699999999999999956 ) ) ;
#2688 =( LENGTH_UNIT ( ) NAMED_UNIT ( * ) SI_UNIT ( .MILLI., .METRE. ) );
#2689 = SURFACE_STYLE_FILL_AREA ( #1064 ) ;
#2690 = ORIENTED_EDGE ( 'NONE', *, *, #214, .T. ) ;
#2691 = ORIENTED_EDGE ( 'NONE', *, *, #1405, .T. ) ;
#2692 = AXIS2_PLACEMENT_3D ( 'NONE', #963, #708, #1821 ) ;
#2693 = EDGE_CURVE ( 'NONE', #3241, #1140, #811, .T. ) ;
#2694 = SURFACE_STYLE_FILL_AREA ( #1820 ) ;
#2695 = VECTOR ( 'NONE', #2531, 1000.000000000000000 ) ;
#2696 = DIRECTION ( 'NONE',  ( -0.000000000000000000, -0.000000000000000000, -1.000000000000000000 ) ) ;
#2697 = EDGE_CURVE ( 'NONE', #3038, #2812, #1391, .T. ) ;
#2698 = LINE ( 'NONE', #199, #611 ) ;
#2699 = FILL_AREA_STYLE ('',( #1020 ) ) ;
#2700 = CARTESIAN_POINT ( 'NONE',  ( -1.500000000000000444, 1.250000000000000222, 0.8599999999999999867 ) ) ;
#2701 =( GEOMETRIC_REPRESENTATION_CONTEXT ( 3 ) GLOBAL_UNCERTAINTY_ASSIGNED_CONTEXT ( ( #1637 ) ) GLOBAL_UNIT_ASSIGNED_CONTEXT ( ( #222, #537, #2714 ) ) REPRESENTATION_CONTEXT ( 'NONE', 'WORKASPACE' ) );
#2702 = STYLED_ITEM ( 'NONE', ( #466 ), #2152 ) ;
#2703 = DIRECTION ( 'NONE',  ( 0.000000000000000000, 0.000000000000000000, 1.000000000000000000 ) ) ;
#2704 = PLANE ( 'NONE',  #1266 ) ;
#2705 = SURFACE_STYLE_USAGE ( .BOTH. , #1046 ) ;
#2706 = ORIENTED_EDGE ( 'NONE', *, *, #2623, .T. ) ;
#2707 = EDGE_LOOP ( 'NONE', ( #2791, #2886, #1303, #370 ) ) ;
#2708 = EDGE_CURVE ( 'NONE', #255, #803, #1967, .T. ) ;
#2709 = DIRECTION ( 'NONE',  ( -2.282530889443166036E-16, 1.000000000000000000, -0.000000000000000000 ) ) ;
#2710 = CARTESIAN_POINT ( 'NONE',  ( -1.399999999999995026, 0.3750000000000003331, 0.8699999999999999956 ) ) ;
#2711 = FACE_OUTER_BOUND ( 'NONE', #2026, .T. ) ;
#2712 = PRESENTATION_STYLE_ASSIGNMENT (( #2070 ) ) ;
#2713 = MECHANICAL_DESIGN_GEOMETRIC_PRESENTATION_REPRESENTATION (  '', ( #742 ), #2368 ) ;
#2714 =( NAMED_UNIT ( * ) SI_UNIT ( $, .STERADIAN. ) SOLID_ANGLE_UNIT ( ) );
#2715 = PRESENTATION_LAYER_ASSIGNMENT (  '', '', ( #682 ) ) ;
#2716 = LINE ( 'NONE', #1393, #2252 ) ;
#2717 = APPLICATION_CONTEXT ( 'automotive_design' ) ;
#2718 = CARTESIAN_POINT ( 'NONE',  ( -1.500000000000000444, 1.250000000000000222, 0.2000000000000000111 ) ) ;
#2719 = PLANE ( 'NONE',  #3439 ) ;
#2720 = DIRECTION ( 'NONE',  ( 0.000000000000000000, -0.000000000000000000, -1.000000000000000000 ) ) ;
#2721 = ORIENTED_EDGE ( 'NONE', *, *, #3140, .T. ) ;
#2722 = VECTOR ( 'NONE', #2409, 1000.000000000000000 ) ;
#2723 = DIRECTION ( 'NONE',  ( -0.7071067811865472397, -0.7071067811865479058, -0.000000000000000000 ) ) ;
#2724 = FILL_AREA_STYLE_COLOUR ( '', #1791 ) ;
#2725 = DIRECTION ( 'NONE',  ( 0.000000000000000000, 1.000000000000000000, -0.000000000000000000 ) ) ;
#2726 = UNCERTAINTY_MEASURE_WITH_UNIT (LENGTH_MEASURE( 1.000000000000000082E-05 ), #1389, 'distance_accuracy_value', 'NONE');
#2727 = COLOUR_RGB ( '',0.3176470588235293935, 0.2470588235294117752, 0.2078431372549019440 ) ;
#2728 = FACE_OUTER_BOUND ( 'NONE', #2885, .T. ) ;
#2729 = ADVANCED_FACE ( 'NONE', ( #1911 ), #1928, .T. ) ;
#2730 = CARTESIAN_POINT ( 'NONE',  ( 1.399999999999984590, -0.8749999999999996669, 0.8699999999999999956 ) ) ;
#2731 = PRESENTATION_STYLE_ASSIGNMENT (( #3051 ) ) ;
#2732 = DIRECTION ( 'NONE',  ( -0.000000000000000000, 1.000000000000000000, -0.000000000000000000 ) ) ;
#2733 = AXIS2_PLACEMENT_3D ( 'NONE', #2670, #467, #452 ) ;
#2734 = ADVANCED_FACE ( 'NONE', ( #1897 ), #3032, .T. ) ;
#2735 =( NAMED_UNIT ( * ) PLANE_ANGLE_UNIT ( ) SI_UNIT ( $, .RADIAN. ) );
#2736 = CARTESIAN_POINT ( 'NONE',  ( 0.3749999999999998890, -0.6165162036361847564, 0.8699999999999999956 ) ) ;
#2737 = VERTEX_POINT ( 'NONE', #56 ) ;
#2738 = PRESENTATION_LAYER_ASSIGNMENT (  '', '', ( #1814 ) ) ;
#2739 = FILL_AREA_STYLE_COLOUR ( '', #252 ) ;
#2740 = VECTOR ( 'NONE', #1807, 1000.000000000000000 ) ;
#2741 = VERTEX_POINT ( 'NONE', #888 ) ;
#2742 =( GEOMETRIC_REPRESENTATION_CONTEXT ( 3 ) GLOBAL_UNCERTAINTY_ASSIGNED_CONTEXT ( ( #2282 ) ) GLOBAL_UNIT_ASSIGNED_CONTEXT ( ( #3388, #2581, #1147 ) ) REPRESENTATION_CONTEXT ( 'NONE', 'WORKASPACE' ) );
#2743 = FILL_AREA_STYLE_COLOUR ( '', #386 ) ;
#2744 = FILL_AREA_STYLE ('',( #1128 ) ) ;
#2745 = AXIS2_PLACEMENT_3D ( 'NONE', #2353, #2022, #3145 ) ;
#2746 = CARTESIAN_POINT ( 'NONE',  ( 1.400000000000000133, 0.8750000000000003331, 0.8699999999999999956 ) ) ;
#2747 = EDGE_CURVE ( 'NONE', #1523, #140, #1155, .T. ) ;
#2748 = CARTESIAN_POINT ( 'NONE',  ( -0.1250000000000000000, 1.091516203636184956, 0.8699999999999999956 ) ) ;
#2749 = FILL_AREA_STYLE_COLOUR ( '', #2757 ) ;
#2750 = ORIENTED_EDGE ( 'NONE', *, *, #1780, .T. ) ;
#2751 = MECHANICAL_DESIGN_GEOMETRIC_PRESENTATION_REPRESENTATION (  '', ( #1829 ), #661 ) ;
#2752 = DIRECTION ( 'NONE',  ( 0.000000000000000000, -1.000000000000000000, 0.000000000000000000 ) ) ;
#2753 = VERTEX_POINT ( 'NONE', #2611 ) ;
#2754 = UNCERTAINTY_MEASURE_WITH_UNIT (LENGTH_MEASURE( 1.000000000000000082E-05 ), #1506, 'distance_accuracy_value', 'NONE');
#2755 = ADVANCED_FACE ( 'NONE', ( #2019 ), #2327, .F. ) ;
#2756 = DIRECTION ( 'NONE',  ( 1.711898167082376006E-16, -1.000000000000000000, 0.000000000000000000 ) ) ;
#2757 = COLOUR_RGB ( '',0.3176470588235293935, 0.2470588235294117752, 0.2078431372549019440 ) ;
#2758 = VECTOR ( 'NONE', #2962, 1000.000000000000000 ) ;
#2759 = STYLED_ITEM ( 'NONE', ( #1363 ), #2503 ) ;
#2760 = ORIENTED_EDGE ( 'NONE', *, *, #711, .T. ) ;
#2761 =( NAMED_UNIT ( * ) SI_UNIT ( $, .STERADIAN. ) SOLID_ANGLE_UNIT ( ) );
#2762 = LINE ( 'NONE', #2981, #722 ) ;
#2763 = PLANE ( 'NONE',  #1721 ) ;
#2764 = SURFACE_STYLE_USAGE ( .BOTH. , #2806 ) ;
#2765 = ORIENTED_EDGE ( 'NONE', *, *, #332, .F. ) ;
#2766 = DIRECTION ( 'NONE',  ( -0.000000000000000000, -0.000000000000000000, -1.000000000000000000 ) ) ;
#2767 = SURFACE_SIDE_STYLE ('',( #784 ) ) ;
#2768 = EDGE_CURVE ( 'NONE', #1769, #2869, #2568, .T. ) ;
#2769 = VERTEX_POINT ( 'NONE', #2032 ) ;
#2770 = CARTESIAN_POINT ( 'NONE',  ( -0.9249999999999950484, 0.3750000000000004441, 0.8699999999999999956 ) ) ;
#2771 = LINE ( 'NONE', #815, #2349 ) ;
#2772 = ORIENTED_EDGE ( 'NONE', *, *, #2489, .F. ) ;
#2773 = VECTOR ( 'NONE', #3237, 1000.000000000000000 ) ;
#2774 =( GEOMETRIC_REPRESENTATION_CONTEXT ( 3 ) GLOBAL_UNCERTAINTY_ASSIGNED_CONTEXT ( ( #568 ) ) GLOBAL_UNIT_ASSIGNED_CONTEXT ( ( #2827, #1740, #1449 ) ) REPRESENTATION_CONTEXT ( 'NONE', 'WORKASPACE' ) );
#2775 = ORIENTED_EDGE ( 'NONE', *, *, #2969, .T. ) ;
#2776 =( NAMED_UNIT ( * ) PLANE_ANGLE_UNIT ( ) SI_UNIT ( $, .RADIAN. ) );
#2777 = UNCERTAINTY_MEASURE_WITH_UNIT (LENGTH_MEASURE( 1.000000000000000082E-05 ), #660, 'distance_accuracy_value', 'NONE');
#2778 = DIRECTION ( 'NONE',  ( 1.000000000000000000, 0.000000000000000000, -0.000000000000000000 ) ) ;
#2779 = SURFACE_SIDE_STYLE ('',( #824 ) ) ;
#2780 = EDGE_CURVE ( 'NONE', #1851, #1834, #362, .T. ) ;
#2781 = SURFACE_SIDE_STYLE ('',( #828 ) ) ;
#2782 =( NAMED_UNIT ( * ) SI_UNIT ( $, .STERADIAN. ) SOLID_ANGLE_UNIT ( ) );
#2783 = UNCERTAINTY_MEASURE_WITH_UNIT (LENGTH_MEASURE( 1.000000000000000082E-05 ), #2528, 'distance_accuracy_value', 'NONE');
#2784 = VERTEX_POINT ( 'NONE', #624 ) ;
#2785 = CARTESIAN_POINT ( 'NONE',  ( 1.499999999999999556, 1.250000000000000222, 0.2000000000000000111 ) ) ;
#2786 = ORIENTED_EDGE ( 'NONE', *, *, #1804, .F. ) ;
#2787 = CARTESIAN_POINT ( 'NONE',  ( -1.399999999999995026, 0.3750000000000003331, 0.8699999999999999956 ) ) ;
#2788 = EDGE_LOOP ( 'NONE', ( #3603, #3606, #2262, #2470 ) ) ;
#2789 = UNCERTAINTY_MEASURE_WITH_UNIT (LENGTH_MEASURE( 1.000000000000000082E-05 ), #873, 'distance_accuracy_value', 'NONE');
#2790 = FACE_OUTER_BOUND ( 'NONE', #2043, .T. ) ;
#2791 = ORIENTED_EDGE ( 'NONE', *, *, #3140, .F. ) ;
#2792 = STYLED_ITEM ( 'NONE', ( #3575 ), #3116 ) ;
#2793 = CARTESIAN_POINT ( 'NONE',  ( 0.9250000000000002665, 0.7750000000000001332, 0.8699999999999999956 ) ) ;
#2794 = ORIENTED_EDGE ( 'NONE', *, *, #1156, .F. ) ;
#2795 = LINE ( 'NONE', #1148, #1626 ) ;
#2796 = ADVANCED_FACE ( 'NONE', ( #397 ), #1756, .F. ) ;
#2797 = DIRECTION ( 'NONE',  ( -0.000000000000000000, 0.000000000000000000, -1.000000000000000000 ) ) ;
#2798 = SURFACE_SIDE_STYLE ('',( #104 ) ) ;
#2799 = SURFACE_STYLE_FILL_AREA ( #1742 ) ;
#2800 = ADVANCED_FACE ( 'NONE', ( #2979 ), #1556, .F. ) ;
#2801 = VECTOR ( 'NONE', #671, 1000.000000000000000 ) ;
#2802 = FACE_OUTER_BOUND ( 'NONE', #548, .T. ) ;
#2803 = PLANE ( 'NONE',  #1831 ) ;
#2804 =( GEOMETRIC_REPRESENTATION_CONTEXT ( 3 ) GLOBAL_UNCERTAINTY_ASSIGNED_CONTEXT ( ( #2580 ) ) GLOBAL_UNIT_ASSIGNED_CONTEXT ( ( #2340, #3526, #2383 ) ) REPRESENTATION_CONTEXT ( 'NONE', 'WORKASPACE' ) );
#2805 = PLANE ( 'NONE',  #2348 ) ;
#2806 = SURFACE_SIDE_STYLE ('',( #582 ) ) ;
#2807 = SURFACE_STYLE_USAGE ( .BOTH. , #1214 ) ;
#2808 = PRESENTATION_STYLE_ASSIGNMENT (( #1435 ) ) ;
#2809 = ORIENTED_EDGE ( 'NONE', *, *, #391, .T. ) ;
#2810 = CARTESIAN_POINT ( 'NONE',  ( 0.1250000000000000833, 0.6165162036361850895, 0.8599999999999999867 ) ) ;
#2811 = CARTESIAN_POINT ( 'NONE',  ( 0.9249999999999846123, -0.6249999999999995559, 0.8699999999999999956 ) ) ;
#2812 = VERTEX_POINT ( 'NONE', #1840 ) ;
#2813 = PRESENTATION_LAYER_ASSIGNMENT (  '', '', ( #1257 ) ) ;
#2814 = ORIENTED_EDGE ( 'NONE', *, *, #1235, .F. ) ;
#2815 = CARTESIAN_POINT ( 'NONE',  ( 1.224999999999999867, 0.8500000000000005329, 0.2500000000000000000 ) ) ;
#2816 = VECTOR ( 'NONE', #2999, 1000.000000000000000 ) ;
#2817 = VECTOR ( 'NONE', #566, 1000.000000000000000 ) ;
#2818 = SURFACE_STYLE_FILL_AREA ( #3070 ) ;
#2819 = STYLED_ITEM ( 'NONE', ( #2590 ), #1206 ) ;
#2820 = PRESENTATION_LAYER_ASSIGNMENT (  '', '', ( #780 ) ) ;
#2821 = ADVANCED_FACE ( 'NONE', ( #3533, #3261 ), #465, .F. ) ;
#2822 = SURFACE_SIDE_STYLE ('',( #34 ) ) ;
#2823 = FACE_OUTER_BOUND ( 'NONE', #174, .T. ) ;
#2824 = FILL_AREA_STYLE ('',( #2304 ) ) ;
#2825 = CARTESIAN_POINT ( 'NONE',  ( -1.399999999999989697, -0.3749999999999996669, 0.8699999999999999956 ) ) ;
#2826 = SURFACE_SIDE_STYLE ('',( #1789 ) ) ;
#2827 =( LENGTH_UNIT ( ) NAMED_UNIT ( * ) SI_UNIT ( .MILLI., .METRE. ) );
#2828 = LINE ( 'NONE', #3567, #3465 ) ;
#2829 = ORIENTED_EDGE ( 'NONE', *, *, #520, .T. ) ;
#2830 = CARTESIAN_POINT ( 'NONE',  ( 1.399999999999984590, -0.6249999999999996669, 0.8599999999999999867 ) ) ;
#2831 = LINE ( 'NONE', #2008, #1281 ) ;
#2832 = PRESENTATION_STYLE_ASSIGNMENT (( #403 ) ) ;
#2833 = ORIENTED_EDGE ( 'NONE', *, *, #306, .T. ) ;
#2834 =( GEOMETRIC_REPRESENTATION_CONTEXT ( 3 ) GLOBAL_UNCERTAINTY_ASSIGNED_CONTEXT ( ( #3275 ) ) GLOBAL_UNIT_ASSIGNED_CONTEXT ( ( #1696, #1127, #304 ) ) REPRESENTATION_CONTEXT ( 'NONE', 'WORKASPACE' ) );
#2835 = DIRECTION ( 'NONE',  ( -0.000000000000000000, -0.000000000000000000, -1.000000000000000000 ) ) ;
#2836 = UNCERTAINTY_MEASURE_WITH_UNIT (LENGTH_MEASURE( 1.000000000000000082E-05 ), #1244, 'distance_accuracy_value', 'NONE');
#2837 = LINE ( 'NONE', #2562, #2523 ) ;
#2838 = VECTOR ( 'NONE', #451, 1000.000000000000000 ) ;
#2839 =( LENGTH_UNIT ( ) NAMED_UNIT ( * ) SI_UNIT ( .MILLI., .METRE. ) );
#2840 = LINE ( 'NONE', #850, #1196 ) ;
#2841 = LINE ( 'NONE', #346, #3214 ) ;
#2842 = SURFACE_STYLE_FILL_AREA ( #1499 ) ;
#2843 = PRESENTATION_STYLE_ASSIGNMENT (( #2896 ) ) ;
#2844 = EDGE_CURVE ( 'NONE', #3185, #2880, #2948, .T. ) ;
#2845 = LINE ( 'NONE', #334, #1793 ) ;
#2846 = VERTEX_POINT ( 'NONE', #414 ) ;
#2847 = LINE ( 'NONE', #990, #2267 ) ;
#2848 = DIRECTION ( 'NONE',  ( -0.000000000000000000, 1.000000000000000000, -0.000000000000000000 ) ) ;
#2849 = CARTESIAN_POINT ( 'NONE',  ( 0.000000000000000000, 0.000000000000000000, 0.8699999999999999956 ) ) ;
#2850 = EDGE_CURVE ( 'NONE', #1013, #288, #1037, .T. ) ;
#2851 = PLANE ( 'NONE',  #3090 ) ;
#2852 = ORIENTED_EDGE ( 'NONE', *, *, #3456, .T. ) ;
#2853 = ORIENTED_EDGE ( 'NONE', *, *, #1757, .F. ) ;
#2854 = AXIS2_PLACEMENT_3D ( 'NONE', #3160, #45, #2881 ) ;
#2855 = DIRECTION ( 'NONE',  ( -0.000000000000000000, 0.000000000000000000, 1.000000000000000000 ) ) ;
#2856 = ORIENTED_EDGE ( 'NONE', *, *, #1070, .T. ) ;
#2857 = FILL_AREA_STYLE_COLOUR ( '', #401 ) ;
#2858 =( NAMED_UNIT ( * ) SI_UNIT ( $, .STERADIAN. ) SOLID_ANGLE_UNIT ( ) );
#2859 = PLANE ( 'NONE',  #2112 ) ;
#2860 = DIRECTION ( 'NONE',  ( -0.000000000000000000, 0.000000000000000000, 1.000000000000000000 ) ) ;
#2861 =( GEOMETRIC_REPRESENTATION_CONTEXT ( 3 ) GLOBAL_UNCERTAINTY_ASSIGNED_CONTEXT ( ( #3385 ) ) GLOBAL_UNIT_ASSIGNED_CONTEXT ( ( #1478, #3074, #618 ) ) REPRESENTATION_CONTEXT ( 'NONE', 'WORKASPACE' ) );
#2862 = EDGE_LOOP ( 'NONE', ( #1930, #2853, #814, #1277 ) ) ;
#2863 = DIRECTION ( 'NONE',  ( 1.000000000000000000, 0.000000000000000000, 0.000000000000000000 ) ) ;
#2864 = ADVANCED_FACE ( 'NONE', ( #2665 ), #1321, .F. ) ;
#2865 = VECTOR ( 'NONE', #1747, 1000.000000000000000 ) ;
#2866 = PRESENTATION_STYLE_ASSIGNMENT (( #2313 ) ) ;
#2867 = VERTEX_POINT ( 'NONE', #2963 ) ;
#2868 = VECTOR ( 'NONE', #1641, 1000.000000000000000 ) ;
#2869 = VERTEX_POINT ( 'NONE', #1539 ) ;
#2870 = CARTESIAN_POINT ( 'NONE',  ( 0.9249999999999846123, -0.8749999999999996669, 0.8699999999999999956 ) ) ;
#2871 = STYLED_ITEM ( 'NONE', ( #2346 ), #3494 ) ;
#2872 = ORIENTED_EDGE ( 'NONE', *, *, #974, .T. ) ;
#2873 = PRESENTATION_STYLE_ASSIGNMENT (( #1229 ) ) ;
#2874 = PRESENTATION_LAYER_ASSIGNMENT (  '', '', ( #1131 ) ) ;
#2875 = PRESENTATION_LAYER_ASSIGNMENT (  '', '', ( #1016 ) ) ;
#2876 = COLOUR_RGB ( '',0.2980392156862745057, 0.2980392156862745057, 0.2980392156862745057 ) ;
#2877 = CARTESIAN_POINT ( 'NONE',  ( 0.9249999999999846123, -0.6249999999999995559, 0.8699999999999999956 ) ) ;
#2878 = DIRECTION ( 'NONE',  ( 0.000000000000000000, 0.000000000000000000, 1.000000000000000000 ) ) ;
#2879 = CARTESIAN_POINT ( 'NONE',  ( -1.400000000000000133, 0.8750000000000003331, 0.8599999999999999867 ) ) ;
#2880 = VERTEX_POINT ( 'NONE', #695 ) ;
#2881 = DIRECTION ( 'NONE',  ( 0.000000000000000000, -0.000000000000000000, 1.000000000000000000 ) ) ;
#2882 = FACE_OUTER_BOUND ( 'NONE', #3362, .T. ) ;
#2883 = EDGE_CURVE ( 'NONE', #3147, #2150, #3469, .T. ) ;
#2884 = ORIENTED_EDGE ( 'NONE', *, *, #3066, .T. ) ;
#2885 = EDGE_LOOP ( 'NONE', ( #681, #2559, #1550, #1794 ) ) ;
#2886 = ORIENTED_EDGE ( 'NONE', *, *, #3157, .F. ) ;
#2887 = ORIENTED_EDGE ( 'NONE', *, *, #810, .F. ) ;
#2888 = EDGE_CURVE ( 'NONE', #2298, #3006, #2066, .T. ) ;
#2889 = EDGE_CURVE ( 'NONE', #425, #1934, #1271, .T. ) ;
#2890 =( GEOMETRIC_REPRESENTATION_CONTEXT ( 3 ) GLOBAL_UNCERTAINTY_ASSIGNED_CONTEXT ( ( #1893 ) ) GLOBAL_UNIT_ASSIGNED_CONTEXT ( ( #3308, #1891, #1635 ) ) REPRESENTATION_CONTEXT ( 'NONE', 'WORKASPACE' ) );
#2891 = DIRECTION ( 'NONE',  ( -1.000000000000000000, 0.000000000000000000, 0.000000000000000000 ) ) ;
#2892 = LINE ( 'NONE', #2586, #3361 ) ;
#2893 = VECTOR ( 'NONE', #1726, 1000.000000000000000 ) ;
#2894 = DIRECTION ( 'NONE',  ( -1.000000000000000000, 0.000000000000000000, 0.000000000000000000 ) ) ;
#2895 = STYLED_ITEM ( 'NONE', ( #2033 ), #2015 ) ;
#2896 = SURFACE_STYLE_USAGE ( .BOTH. , #1467 ) ;
#2897 = ORIENTED_EDGE ( 'NONE', *, *, #332, .T. ) ;
#2898 = DIRECTION ( 'NONE',  ( -0.000000000000000000, 0.000000000000000000, -1.000000000000000000 ) ) ;
#2899 = SURFACE_STYLE_USAGE ( .BOTH. , #1777 ) ;
#2900 = DIRECTION ( 'NONE',  ( 1.000000000000000000, -2.282530889443167515E-16, 0.000000000000000000 ) ) ;
#2901 =( NAMED_UNIT ( * ) PLANE_ANGLE_UNIT ( ) SI_UNIT ( $, .RADIAN. ) );
#2902 = ORIENTED_EDGE ( 'NONE', *, *, #1785, .F. ) ;
#2903 = EDGE_LOOP ( 'NONE', ( #2721, #1693, #591, #2760 ) ) ;
#2904 = ORIENTED_EDGE ( 'NONE', *, *, #3060, .T. ) ;
#2905 = AXIS2_PLACEMENT_3D ( 'NONE', #123, #2891, #769 ) ;
#2906 = ADVANCED_FACE ( 'NONE', ( #985 ), #2086, .F. ) ;
#2907 = SURFACE_STYLE_FILL_AREA ( #3464 ) ;
#2908 =( NAMED_UNIT ( * ) SI_UNIT ( $, .STERADIAN. ) SOLID_ANGLE_UNIT ( ) );
#2909 = PRESENTATION_STYLE_ASSIGNMENT (( #464 ) ) ;
#2910 = DIRECTION ( 'NONE',  ( 1.711898167082375759E-16, 1.000000000000000000, -0.000000000000000000 ) ) ;
#2911 = EDGE_CURVE ( 'NONE', #2316, #2676, #2104, .T. ) ;
#2912 = PRESENTATION_LAYER_ASSIGNMENT (  '', '', ( #876 ) ) ;
#2913 = FILL_AREA_STYLE_COLOUR ( '', #1314 ) ;
#2914 = CARTESIAN_POINT ( 'NONE',  ( 0.3749999999999998890, -0.6165162036361847564, 0.8699999999999999956 ) ) ;
#2915 = LINE ( 'NONE', #418, #1067 ) ;
#2916 = DIRECTION ( 'NONE',  ( -2.282530889443166036E-16, -1.000000000000000000, -0.000000000000000000 ) ) ;
#2917 = PLANE ( 'NONE',  #1177 ) ;
#2918 = EDGE_LOOP ( 'NONE', ( #1412, #1486, #1407, #2775 ) ) ;
#2919 = SURFACE_STYLE_USAGE ( .BOTH. , #1278 ) ;
#2920 = ORIENTED_EDGE ( 'NONE', *, *, #706, .F. ) ;
#2921 = VERTEX_POINT ( 'NONE', #1055 ) ;
#2922 = LINE ( 'NONE', #3511, #1003 ) ;
#2923 =( GEOMETRIC_REPRESENTATION_CONTEXT ( 3 ) GLOBAL_UNCERTAINTY_ASSIGNED_CONTEXT ( ( #277 ) ) GLOBAL_UNIT_ASSIGNED_CONTEXT ( ( #3520, #2145, #2952 ) ) REPRESENTATION_CONTEXT ( 'NONE', 'WORKASPACE' ) );
#2924 = DIRECTION ( 'NONE',  ( 1.000000000000000000, 0.000000000000000000, -0.000000000000000000 ) ) ;
#2925 = VECTOR ( 'NONE', #1482, 1000.000000000000000 ) ;
#2926 = DIRECTION ( 'NONE',  ( 1.000000000000000000, 0.000000000000000000, 0.000000000000000000 ) ) ;
#2927 = FILL_AREA_STYLE_COLOUR ( '', #1058 ) ;
#2928 = ADVANCED_FACE ( 'NONE', ( #2711 ), #1336, .F. ) ;
#2929 = VECTOR ( 'NONE', #3262, 1000.000000000000000 ) ;
#2930 =( NAMED_UNIT ( * ) PLANE_ANGLE_UNIT ( ) SI_UNIT ( $, .RADIAN. ) );
#2931 = VECTOR ( 'NONE', #1285, 1000.000000000000000 ) ;
#2932 = FILL_AREA_STYLE ('',( #2913 ) ) ;
#2933 = MECHANICAL_DESIGN_GEOMETRIC_PRESENTATION_REPRESENTATION (  '', ( #3570 ), #2168 ) ;
#2934 = DIRECTION ( 'NONE',  ( 1.000000000000000000, -0.000000000000000000, -0.000000000000000000 ) ) ;
#2935 = PRODUCT_DEFINITION_FORMATION_WITH_SPECIFIED_SOURCE ( 'ANY', '', #1516, .NOT_KNOWN. ) ;
#2936 = CARTESIAN_POINT ( 'NONE',  ( 0.9249999999999950484, 0.3750000000000004441, 0.8699999999999999956 ) ) ;
#2937 = PRESENTATION_STYLE_ASSIGNMENT (( #2074 ) ) ;
#2938 = FILL_AREA_STYLE_COLOUR ( '', #408 ) ;
#2939 = ORIENTED_EDGE ( 'NONE', *, *, #688, .T. ) ;
#2940 = EDGE_LOOP ( 'NONE', ( #2513, #356, #2241, #1142 ) ) ;
#2941 = EDGE_LOOP ( 'NONE', ( #2010, #2524, #1799, #1264 ) ) ;
#2942 = CIRCLE ( 'NONE', #1383, 0.1249999999999998890 ) ;
#2943 = ORIENTED_EDGE ( 'NONE', *, *, #191, .T. ) ;
#2944 = COLOUR_RGB ( '',0.3176470588235293935, 0.2470588235294117752, 0.2078431372549019440 ) ;
#2945 = LINE ( 'NONE', #3514, #3195 ) ;
#2946 = LINE ( 'NONE', #1320, #130 ) ;
#2947 = FACE_OUTER_BOUND ( 'NONE', #3461, .T. ) ;
#2948 = LINE ( 'NONE', #2683, #1190 ) ;
#2949 =( NAMED_UNIT ( * ) SI_UNIT ( $, .STERADIAN. ) SOLID_ANGLE_UNIT ( ) );
#2950 = PRESENTATION_LAYER_ASSIGNMENT (  '', '', ( #2071 ) ) ;
#2951 =( NAMED_UNIT ( * ) PLANE_ANGLE_UNIT ( ) SI_UNIT ( $, .RADIAN. ) );
#2952 =( NAMED_UNIT ( * ) SI_UNIT ( $, .STERADIAN. ) SOLID_ANGLE_UNIT ( ) );
#2953 = EDGE_CURVE ( 'NONE', #955, #1659, #2412, .T. ) ;
#2954 = DIRECTION ( 'NONE',  ( 1.000000000000000000, 0.000000000000000000, 0.000000000000000000 ) ) ;
#2955 =( NAMED_UNIT ( * ) PLANE_ANGLE_UNIT ( ) SI_UNIT ( $, .RADIAN. ) );
#2956 = DIRECTION ( 'NONE',  ( -0.000000000000000000, -0.000000000000000000, -1.000000000000000000 ) ) ;
#2957 = CARTESIAN_POINT ( 'NONE',  ( 0.3750000000000000000, 1.091516203636184956, 0.8699999999999999956 ) ) ;
#2958 = ORIENTED_EDGE ( 'NONE', *, *, #1566, .T. ) ;
#2959 = ORIENTED_EDGE ( 'NONE', *, *, #1766, .F. ) ;
#2960 = EDGE_CURVE ( 'NONE', #3240, #2525, #960, .T. ) ;
#2961 = SURFACE_SIDE_STYLE ('',( #480 ) ) ;
#2962 = DIRECTION ( 'NONE',  ( -0.000000000000000000, -0.000000000000000000, -1.000000000000000000 ) ) ;
#2963 = CARTESIAN_POINT ( 'NONE',  ( 0.9249999999999898304, -0.3749999999999996669, 0.8699999999999999956 ) ) ;
#2964 = LINE ( 'NONE', #3446, #1715 ) ;
#2965 = CARTESIAN_POINT ( 'NONE',  ( -0.6250000000000000000, -0.6165162036361850895, 0.8699999999999999956 ) ) ;
#2966 = AXIS2_PLACEMENT_3D ( 'NONE', #655, #350, #2311 ) ;
#2967 = SURFACE_SIDE_STYLE ('',( #991 ) ) ;
#2968 = CARTESIAN_POINT ( 'NONE',  ( -0.9250000000000002665, 0.8750000000000004441, 0.8599999999999999867 ) ) ;
#2969 = EDGE_CURVE ( 'NONE', #2463, #443, #506, .T. ) ;
#2970 = DIRECTION ( 'NONE',  ( 1.000000000000000000, 0.000000000000000000, 0.000000000000000000 ) ) ;
#2971 = ORIENTED_EDGE ( 'NONE', *, *, #1843, .T. ) ;
#2972 = ORIENTED_EDGE ( 'NONE', *, *, #1366, .F. ) ;
#2973 =( GEOMETRIC_REPRESENTATION_CONTEXT ( 3 ) GLOBAL_UNCERTAINTY_ASSIGNED_CONTEXT ( ( #793 ) ) GLOBAL_UNIT_ASSIGNED_CONTEXT ( ( #1584, #2681, #196 ) ) REPRESENTATION_CONTEXT ( 'NONE', 'WORKASPACE' ) );
#2974 =( GEOMETRIC_REPRESENTATION_CONTEXT ( 3 ) GLOBAL_UNCERTAINTY_ASSIGNED_CONTEXT ( ( #1653 ) ) GLOBAL_UNIT_ASSIGNED_CONTEXT ( ( #81, #2901, #680 ) ) REPRESENTATION_CONTEXT ( 'NONE', 'WORKASPACE' ) );
#2975 = CARTESIAN_POINT ( 'NONE',  ( 0.3749999999999998890, 0.6165162036361847564, 0.8699999999999999956 ) ) ;
#2976 = COLOUR_RGB ( '',0.3176470588235293935, 0.2470588235294117752, 0.2078431372549019440 ) ;
#2977 = CARTESIAN_POINT ( 'NONE',  ( 1.499999999999999556, 1.250000000000000222, 0.2000000000000000111 ) ) ;
#2978 = CARTESIAN_POINT ( 'NONE',  ( 1.399999999999989697, -0.3749999999999996669, 0.8699999999999999956 ) ) ;
#2979 = FACE_OUTER_BOUND ( 'NONE', #458, .T. ) ;
#2980 = STYLED_ITEM ( 'NONE', ( #200 ), #2864 ) ;
#2981 = CARTESIAN_POINT ( 'NONE',  ( 0.3749999999999998890, -0.6165162036361847564, 0.8599999999999999867 ) ) ;
#2982 = MECHANICAL_DESIGN_GEOMETRIC_PRESENTATION_REPRESENTATION (  '', ( #2522 ), #2069 ) ;
#2983 = VECTOR ( 'NONE', #839, 1000.000000000000000 ) ;
#2984 = FACE_OUTER_BOUND ( 'NONE', #2640, .T. ) ;
#2985 = DIRECTION ( 'NONE',  ( -0.000000000000000000, -0.000000000000000000, -1.000000000000000000 ) ) ;
#2986 = COLOUR_RGB ( '',0.3176470588235293935, 0.2470588235294117752, 0.2078431372549019440 ) ;
#2987 = SURFACE_SIDE_STYLE ('',( #2132 ) ) ;
#2988 = FILL_AREA_STYLE ('',( #1026 ) ) ;
#2989 = SURFACE_STYLE_FILL_AREA ( #2602 ) ;
#2990 = ORIENTED_EDGE ( 'NONE', *, *, #1378, .F. ) ;
#2991 = ORIENTED_EDGE ( 'NONE', *, *, #1605, .F. ) ;
#2992 = LINE ( 'NONE', #1633, #213 ) ;
#2993 = ADVANCED_FACE ( 'NONE', ( #3002 ), #1327, .F. ) ;
#2994 = ADVANCED_FACE ( 'NONE', ( #786 ), #2719, .T. ) ;
#2995 = PLANE ( 'NONE',  #493 ) ;
#2996 = CARTESIAN_POINT ( 'NONE',  ( 0.9250000000000002665, 0.7750000000000001332, 0.8699999999999999956 ) ) ;
#2997 = FACE_OUTER_BOUND ( 'NONE', #3072, .T. ) ;
#2998 = COLOUR_RGB ( '',0.3176470588235293935, 0.2470588235294117752, 0.2078431372549019440 ) ;
#2999 = DIRECTION ( 'NONE',  ( -0.000000000000000000, -0.000000000000000000, -1.000000000000000000 ) ) ;
#3000 = DIRECTION ( 'NONE',  ( -1.734723475976807094E-16, 1.000000000000000000, -0.000000000000000000 ) ) ;
#3001 =( NAMED_UNIT ( * ) SI_UNIT ( $, .STERADIAN. ) SOLID_ANGLE_UNIT ( ) );
#3002 = FACE_OUTER_BOUND ( 'NONE', #1779, .T. ) ;
#3003 = ORIENTED_EDGE ( 'NONE', *, *, #3326, .T. ) ;
#3004 =( GEOMETRIC_REPRESENTATION_CONTEXT ( 3 ) GLOBAL_UNCERTAINTY_ASSIGNED_CONTEXT ( ( #355 ) ) GLOBAL_UNIT_ASSIGNED_CONTEXT ( ( #1898, #3015, #1625 ) ) REPRESENTATION_CONTEXT ( 'NONE', 'WORKASPACE' ) );
#3005 = FILL_AREA_STYLE ('',( #2739 ) ) ;
#3006 = VERTEX_POINT ( 'NONE', #1063 ) ;
#3007 = CARTESIAN_POINT ( 'NONE',  ( 0.6249999999999998890, -0.6165162036361847564, 0.8599999999999999867 ) ) ;
#3008 = EDGE_CURVE ( 'NONE', #2300, #2597, #1348, .T. ) ;
#3009 = UNCERTAINTY_MEASURE_WITH_UNIT (LENGTH_MEASURE( 1.000000000000000082E-05 ), #1390, 'distance_accuracy_value', 'NONE');
#3010 = COLOUR_RGB ( '',0.3176470588235293935, 0.2470588235294117752, 0.2078431372549019440 ) ;
#3011 = FILL_AREA_STYLE ('',( #580 ) ) ;
#3012 = EDGE_CURVE ( 'NONE', #2537, #864, #2164, .T. ) ;
#3013 = CARTESIAN_POINT ( 'NONE',  ( -1.500000000000000000, -1.249999999999999778, 0.8599999999999999867 ) ) ;
#3014 = FILL_AREA_STYLE_COLOUR ( '', #1308 ) ;
#3015 =( NAMED_UNIT ( * ) PLANE_ANGLE_UNIT ( ) SI_UNIT ( $, .RADIAN. ) );
#3016 = CIRCLE ( 'NONE', #64, 0.1249999999999998890 ) ;
#3017 = DIRECTION ( 'NONE',  ( -0.000000000000000000, 0.000000000000000000, -1.000000000000000000 ) ) ;
#3018 = ORIENTED_EDGE ( 'NONE', *, *, #687, .F. ) ;
#3019 =( NAMED_UNIT ( * ) PLANE_ANGLE_UNIT ( ) SI_UNIT ( $, .RADIAN. ) );
#3020 = EDGE_LOOP ( 'NONE', ( #3159, #2494, #2972, #1460 ) ) ;
#3021 = LINE ( 'NONE', #569, #2650 ) ;
#3022 = AXIS2_PLACEMENT_3D ( 'NONE', #3582, #266, #1104 ) ;
#3023 = ORIENTED_EDGE ( 'NONE', *, *, #2188, .F. ) ;
#3024 = DIRECTION ( 'NONE',  ( -0.000000000000000000, -0.000000000000000000, -1.000000000000000000 ) ) ;
#3025 = UNCERTAINTY_MEASURE_WITH_UNIT (LENGTH_MEASURE( 1.000000000000000082E-05 ), #2839, 'distance_accuracy_value', 'NONE');
#3026 = AXIS2_PLACEMENT_3D ( 'NONE', #2678, #442, #2398 ) ;
#3027 = CARTESIAN_POINT ( 'NONE',  ( -0.6250000000000000000, 0.6165162036361850895, 0.8699999999999999956 ) ) ;
#3028 =( LENGTH_UNIT ( ) NAMED_UNIT ( * ) SI_UNIT ( .MILLI., .METRE. ) );
#3029 = EDGE_CURVE ( 'NONE', #3600, #1916, #1139, .T. ) ;
#3030 = STYLED_ITEM ( 'NONE', ( #2671 ), #2626 ) ;
#3031 = PRESENTATION_STYLE_ASSIGNMENT (( #1079 ) ) ;
#3032 = PLANE ( 'NONE',  #886 ) ;
#3033 = CARTESIAN_POINT ( 'NONE',  ( -0.6250000000000000000, -0.6165162036361850895, 0.8699999999999999956 ) ) ;
#3034 = FACE_OUTER_BOUND ( 'NONE', #158, .T. ) ;
#3035 = EDGE_LOOP ( 'NONE', ( #60, #117, #1511, #1995 ) ) ;
#3036 = AXIS2_PLACEMENT_3D ( 'NONE', #763, #2778, #2797 ) ;
#3037 = FACE_OUTER_BOUND ( 'NONE', #2862, .T. ) ;
#3038 = VERTEX_POINT ( 'NONE', #2239 ) ;
#3039 = VECTOR ( 'NONE', #268, 1000.000000000000000 ) ;
#3040 = UNCERTAINTY_MEASURE_WITH_UNIT (LENGTH_MEASURE( 1.000000000000000082E-05 ), #1998, 'distance_accuracy_value', 'NONE');
#3041 = DIRECTION ( 'NONE',  ( -0.000000000000000000, 1.000000000000000000, -0.000000000000000000 ) ) ;
#3042 = STYLED_ITEM ( 'NONE', ( #2192 ), #657 ) ;
#3043 = EDGE_LOOP ( 'NONE', ( #3202, #2504, #2248, #2151 ) ) ;
#3044 = LINE ( 'NONE', #550, #1195 ) ;
#3045 = ORIENTED_EDGE ( 'NONE', *, *, #2081, .F. ) ;
#3046 = DIRECTION ( 'NONE',  ( -1.734723475976807094E-16, 1.000000000000000000, 0.000000000000000000 ) ) ;
#3047 = SURFACE_SIDE_STYLE ('',( #3324 ) ) ;
#3048 = ADVANCED_BREP_SHAPE_REPRESENTATION ( 'ISM330ISNTR', ( #1424, #1415, #2054 ), #1077 ) ;
#3049 = CARTESIAN_POINT ( 'NONE',  ( -1.400000000000000133, 0.8750000000000003331, 0.8699999999999999956 ) ) ;
#3050 = DIRECTION ( 'NONE',  ( 1.000000000000000000, 0.000000000000000000, 0.000000000000000000 ) ) ;
#3051 = SURFACE_STYLE_USAGE ( .BOTH. , #2511 ) ;
#3052 = ORIENTED_EDGE ( 'NONE', *, *, #2953, .T. ) ;
#3053 = MECHANICAL_DESIGN_GEOMETRIC_PRESENTATION_REPRESENTATION (  '', ( #682 ), #438 ) ;
#3054 = CARTESIAN_POINT ( 'NONE',  ( 1.500000000000000000, -1.249999999999999778, 0.8599999999999999867 ) ) ;
#3055 = VECTOR ( 'NONE', #1463, 1000.000000000000000 ) ;
#3056 = DIRECTION ( 'NONE',  ( -0.000000000000000000, -0.000000000000000000, -1.000000000000000000 ) ) ;
#3057 = ORIENTED_EDGE ( 'NONE', *, *, #807, .T. ) ;
#3058 = LINE ( 'NONE', #1915, #3088 ) ;
#3059 =( NAMED_UNIT ( * ) SI_UNIT ( $, .STERADIAN. ) SOLID_ANGLE_UNIT ( ) );
#3060 = EDGE_CURVE ( 'NONE', #3241, #1662, #1096, .T. ) ;
#3061 = ORIENTED_EDGE ( 'NONE', *, *, #1690, .T. ) ;
#3062 = FACE_BOUND ( 'NONE', #2788, .T. ) ;
#3063 = MECHANICAL_DESIGN_GEOMETRIC_PRESENTATION_REPRESENTATION (  '', ( #1618 ), #499 ) ;
#3064 = EDGE_LOOP ( 'NONE', ( #441, #175, #1743, #1684 ) ) ;
#3065 = MECHANICAL_DESIGN_GEOMETRIC_PRESENTATION_REPRESENTATION (  '', ( #1157 ), #3004 ) ;
#3066 = EDGE_CURVE ( 'NONE', #1659, #2769, #3058, .T. ) ;
#3067 = ORIENTED_EDGE ( 'NONE', *, *, #2883, .T. ) ;
#3068 = ORIENTED_EDGE ( 'NONE', *, *, #2325, .F. ) ;
#3069 = CARTESIAN_POINT ( 'NONE',  ( -1.400000000000000133, 0.6250000000000003331, 0.8599999999999999867 ) ) ;
#3070 = FILL_AREA_STYLE ('',( #2684 ) ) ;
#3071 =( GEOMETRIC_REPRESENTATION_CONTEXT ( 3 ) GLOBAL_UNCERTAINTY_ASSIGNED_CONTEXT ( ( #1944 ) ) GLOBAL_UNIT_ASSIGNED_CONTEXT ( ( #1980, #322, #647 ) ) REPRESENTATION_CONTEXT ( 'NONE', 'WORKASPACE' ) );
#3072 = EDGE_LOOP ( 'NONE', ( #1868, #3170, #3436, #3438 ) ) ;
#3073 = CARTESIAN_POINT ( 'NONE',  ( 1.224999999999999867, 0.8500000000000005329, 0.2500000000000000000 ) ) ;
#3074 =( NAMED_UNIT ( * ) PLANE_ANGLE_UNIT ( ) SI_UNIT ( $, .RADIAN. ) );
#3075 = CARTESIAN_POINT ( 'NONE',  ( -0.3750000000000001665, -0.6165162036361850895, 0.8599999999999999867 ) ) ;
#3076 = SURFACE_SIDE_STYLE ('',( #2205 ) ) ;
#3077 = CARTESIAN_POINT ( 'NONE',  ( -0.6250000000000000000, -0.6165162036361850895, 0.8699999999999999956 ) ) ;
#3078 = VERTEX_POINT ( 'NONE', #836 ) ;
#3079 = PRESENTATION_LAYER_ASSIGNMENT (  '', '', ( #1045 ) ) ;
#3080 = CARTESIAN_POINT ( 'NONE',  ( 1.499999999999999556, 1.250000000000000222, 0.8599999999999999867 ) ) ;
#3081 = ORIENTED_EDGE ( 'NONE', *, *, #3456, .F. ) ;
#3082 = DIRECTION ( 'NONE',  ( -0.000000000000000000, -0.000000000000000000, -1.000000000000000000 ) ) ;
#3083 = DIRECTION ( 'NONE',  ( -0.000000000000000000, 1.000000000000000000, -0.000000000000000000 ) ) ;
#3084 = ORIENTED_EDGE ( 'NONE', *, *, #2780, .T. ) ;
#3085 = CARTESIAN_POINT ( 'NONE',  ( 0.1250000000000000833, 0.6165162036361850895, 0.8699999999999999956 ) ) ;
#3086 = ADVANCED_FACE ( 'NONE', ( #241 ), #859, .F. ) ;
#3087 = ORIENTED_EDGE ( 'NONE', *, *, #1971, .F. ) ;
#3088 = VECTOR ( 'NONE', #1411, 1000.000000000000000 ) ;
#3089 = DIRECTION ( 'NONE',  ( -1.000000000000000000, 0.000000000000000000, 0.000000000000000000 ) ) ;
#3090 = AXIS2_PLACEMENT_3D ( 'NONE', #2657, #2377, #3489 ) ;
#3091 = CARTESIAN_POINT ( 'NONE',  ( 1.400000000000000133, 0.8750000000000003331, 0.8699999999999999956 ) ) ;
#3092 = PRODUCT_DEFINITION ( 'UNKNOWN', '', #2935, #1358 ) ;
#3093 = FILL_AREA_STYLE ('',( #3564 ) ) ;
#3094 = LINE ( 'NONE', #883, #577 ) ;
#3095 = FILL_AREA_STYLE ('',( #308 ) ) ;
#3096 = CARTESIAN_POINT ( 'NONE',  ( -1.399999999999984590, -0.6249999999999996669, 0.8599999999999999867 ) ) ;
#3097 = MECHANICAL_DESIGN_GEOMETRIC_PRESENTATION_REPRESENTATION (  '', ( #1062 ), #2804 ) ;
#3098 = SURFACE_SIDE_STYLE ('',( #1988 ) ) ;
#3099 = DIRECTION ( 'NONE',  ( -0.000000000000000000, 0.000000000000000000, 1.000000000000000000 ) ) ;
#3100 = UNCERTAINTY_MEASURE_WITH_UNIT (LENGTH_MEASURE( 1.000000000000000082E-05 ), #2110, 'distance_accuracy_value', 'NONE');
#3101 = CARTESIAN_POINT ( 'NONE',  ( 1.400000000000000133, 0.6250000000000003331, 0.8599999999999999867 ) ) ;
#3102 =( GEOMETRIC_REPRESENTATION_CONTEXT ( 3 ) GLOBAL_UNCERTAINTY_ASSIGNED_CONTEXT ( ( #2500 ) ) GLOBAL_UNIT_ASSIGNED_CONTEXT ( ( #1080, #1434, #287 ) ) REPRESENTATION_CONTEXT ( 'NONE', 'WORKASPACE' ) );
#3103 = DIRECTION ( 'NONE',  ( -1.000000000000000000, -2.282530889443167515E-16, -0.000000000000000000 ) ) ;
#3104 = EDGE_LOOP ( 'NONE', ( #2360, #1143, #1902, #2750 ) ) ;
#3105 = CARTESIAN_POINT ( 'NONE',  ( -0.1250000000000000833, 0.6165162036361850895, 0.8599999999999999867 ) ) ;
#3106 = MECHANICAL_DESIGN_GEOMETRIC_PRESENTATION_REPRESENTATION (  '', ( #2160 ), #943 ) ;
#3107 = FACE_BOUND ( 'NONE', #1826, .T. ) ;
#3108 = STYLED_ITEM ( 'NONE', ( #595 ), #2207 ) ;
#3109 = ORIENTED_EDGE ( 'NONE', *, *, #3186, .T. ) ;
#3110 = DIRECTION ( 'NONE',  ( 0.000000000000000000, 0.000000000000000000, 1.000000000000000000 ) ) ;
#3111 =( GEOMETRIC_REPRESENTATION_CONTEXT ( 3 ) GLOBAL_UNCERTAINTY_ASSIGNED_CONTEXT ( ( #2174 ) ) GLOBAL_UNIT_ASSIGNED_CONTEXT ( ( #1858, #964, #2386 ) ) REPRESENTATION_CONTEXT ( 'NONE', 'WORKASPACE' ) );
#3112 = PRESENTATION_LAYER_ASSIGNMENT (  '', '', ( #145 ) ) ;
#3113 = VERTEX_POINT ( 'NONE', #1663 ) ;
#3114 = DIRECTION ( 'NONE',  ( -2.282530889443167515E-16, -1.000000000000000000, 0.000000000000000000 ) ) ;
#3115 = CARTESIAN_POINT ( 'NONE',  ( -0.6250000000000000000, -1.091516203636184956, 0.8699999999999999956 ) ) ;
#3116 = ADVANCED_FACE ( 'NONE', ( #1612 ), #226, .T. ) ;
#3117 = DIRECTION ( 'NONE',  ( 1.000000000000000000, 2.282530889443166036E-16, -0.000000000000000000 ) ) ;
#3118 = LINE ( 'NONE', #2254, #1316 ) ;
#3119 = DIRECTION ( 'NONE',  ( -1.000000000000000000, 0.000000000000000000, 0.000000000000000000 ) ) ;
#3120 = DIRECTION ( 'NONE',  ( -1.000000000000000000, -0.000000000000000000, -0.000000000000000000 ) ) ;
#3121 = EDGE_CURVE ( 'NONE', #2107, #1783, #3126, .T. ) ;
#3122 = PLANE ( 'NONE',  #2222 ) ;
#3123 =( NAMED_UNIT ( * ) PLANE_ANGLE_UNIT ( ) SI_UNIT ( $, .RADIAN. ) );
#3124 =( LENGTH_UNIT ( ) NAMED_UNIT ( * ) SI_UNIT ( .MILLI., .METRE. ) );
#3125 = ORIENTED_EDGE ( 'NONE', *, *, #1890, .T. ) ;
#3126 = LINE ( 'NONE', #1487, #1867 ) ;
#3127 = CARTESIAN_POINT ( 'NONE',  ( -1.500000000000000444, 1.250000000000000222, 0.2000000000000000111 ) ) ;
#3128 = FACE_OUTER_BOUND ( 'NONE', #3043, .T. ) ;
#3129 = VERTEX_POINT ( 'NONE', #3144 ) ;
#3130 = ORIENTED_EDGE ( 'NONE', *, *, #619, .T. ) ;
#3131 = UNCERTAINTY_MEASURE_WITH_UNIT (LENGTH_MEASURE( 1.000000000000000082E-05 ), #2038, 'distance_accuracy_value', 'NONE');
#3132 = AXIS2_PLACEMENT_3D ( 'NONE', #167, #1875, #2685 ) ;
#3133 = FACE_OUTER_BOUND ( 'NONE', #3289, .T. ) ;
#3134 = LINE ( 'NONE', #2509, #1845 ) ;
#3135 = SURFACE_STYLE_FILL_AREA ( #2824 ) ;
#3136 = ADVANCED_FACE ( 'NONE', ( #3416 ), #1991, .F. ) ;
#3137 = LINE ( 'NONE', #1173, #952 ) ;
#3138 = DIRECTION ( 'NONE',  ( 0.000000000000000000, -0.000000000000000000, -1.000000000000000000 ) ) ;
#3139 = CARTESIAN_POINT ( 'NONE',  ( -0.6250000000000000000, -0.6165162036361850895, 0.8599999999999999867 ) ) ;
#3140 = EDGE_CURVE ( 'NONE', #2193, #1851, #96, .T. ) ;
#3141 = FILL_AREA_STYLE ('',( #2372 ) ) ;
#3142 = LINE ( 'NONE', #639, #2251 ) ;
#3143 = ORIENTED_EDGE ( 'NONE', *, *, #2185, .T. ) ;
#3144 = CARTESIAN_POINT ( 'NONE',  ( 1.400000000000000133, 0.8750000000000003331, 0.8699999999999999956 ) ) ;
#3145 = DIRECTION ( 'NONE',  ( 0.000000000000000000, -0.000000000000000000, 1.000000000000000000 ) ) ;
#3146 = CARTESIAN_POINT ( 'NONE',  ( 0.6250000000000000000, 1.091516203636184956, 0.8699999999999999956 ) ) ;
#3147 = VERTEX_POINT ( 'NONE', #1776 ) ;
#3148 = ORIENTED_EDGE ( 'NONE', *, *, #11, .F. ) ;
#3149 = STYLED_ITEM ( 'NONE', ( #2259 ), #3136 ) ;
#3150 =( NAMED_UNIT ( * ) PLANE_ANGLE_UNIT ( ) SI_UNIT ( $, .RADIAN. ) );
#3151 = ORIENTED_EDGE ( 'NONE', *, *, #3191, .T. ) ;
#3152 = CYLINDRICAL_SURFACE ( 'NONE', #2425, 0.1250000000000000000 ) ;
#3153 = LINE ( 'NONE', #622, #2801 ) ;
#3154 = SURFACE_STYLE_USAGE ( .BOTH. , #1466 ) ;
#3155 = DIRECTION ( 'NONE',  ( -1.711898167082375759E-16, -1.000000000000000000, -0.000000000000000000 ) ) ;
#3156 = AXIS2_PLACEMENT_3D ( 'NONE', #2365, #164, #762 ) ;
#3157 = EDGE_CURVE ( 'NONE', #2165, #2193, #2574, .T. ) ;
#3158 = FACE_OUTER_BOUND ( 'NONE', #2219, .T. ) ;
#3159 = ORIENTED_EDGE ( 'NONE', *, *, #3306, .F. ) ;
#3160 = CARTESIAN_POINT ( 'NONE',  ( -0.1250000000000000833, 0.6165162036361850895, 0.8699999999999999956 ) ) ;
#3161 = CARTESIAN_POINT ( 'NONE',  ( 0.1250000000000000833, -0.6165162036361850895, 0.8599999999999999867 ) ) ;
#3162 = PRESENTATION_LAYER_ASSIGNMENT (  '', '', ( #3323 ) ) ;
#3163 = EDGE_CURVE ( 'NONE', #2603, #2636, #1237, .T. ) ;
#3164 = EDGE_CURVE ( 'NONE', #288, #2300, #946, .T. ) ;
#3165 =( NAMED_UNIT ( * ) SI_UNIT ( $, .STERADIAN. ) SOLID_ANGLE_UNIT ( ) );
#3166 = PRESENTATION_LAYER_ASSIGNMENT (  '', '', ( #3030 ) ) ;
#3167 = SURFACE_SIDE_STYLE ('',( #911 ) ) ;
#3168 = VERTEX_POINT ( 'NONE', #317 ) ;
#3169 = ORIENTED_EDGE ( 'NONE', *, *, #2081, .T. ) ;
#3170 = ORIENTED_EDGE ( 'NONE', *, *, #998, .F. ) ;
#3171 = PRESENTATION_STYLE_ASSIGNMENT (( #934 ) ) ;
#3172 = COLOUR_RGB ( '',0.3176470588235293935, 0.2470588235294117752, 0.2078431372549019440 ) ;
#3173 = ORIENTED_EDGE ( 'NONE', *, *, #1576, .T. ) ;
#3174 = DIRECTION ( 'NONE',  ( -1.000000000000000000, 0.000000000000000000, 0.000000000000000000 ) ) ;
#3175 =( GEOMETRIC_REPRESENTATION_CONTEXT ( 3 ) GLOBAL_UNCERTAINTY_ASSIGNED_CONTEXT ( ( #496 ) ) GLOBAL_UNIT_ASSIGNED_CONTEXT ( ( #9, #3351, #1479 ) ) REPRESENTATION_CONTEXT ( 'NONE', 'WORKASPACE' ) );
#3176 =( GEOMETRIC_REPRESENTATION_CONTEXT ( 3 ) GLOBAL_UNCERTAINTY_ASSIGNED_CONTEXT ( ( #1056 ) ) GLOBAL_UNIT_ASSIGNED_CONTEXT ( ( #2675, #423, #2429 ) ) REPRESENTATION_CONTEXT ( 'NONE', 'WORKASPACE' ) );
#3177 = FILL_AREA_STYLE_COLOUR ( '', #2998 ) ;
#3178 = LINE ( 'NONE', #2017, #146 ) ;
#3179 = DIRECTION ( 'NONE',  ( 1.000000000000000000, -2.282530889443167515E-16, 0.000000000000000000 ) ) ;
#3180 = PRESENTATION_STYLE_ASSIGNMENT (( #2309 ) ) ;
#3181 = ORIENTED_EDGE ( 'NONE', *, *, #687, .T. ) ;
#3182 = SURFACE_STYLE_FILL_AREA ( #2056 ) ;
#3183 = FACE_OUTER_BOUND ( 'NONE', #1730, .T. ) ;
#3184 = LINE ( 'NONE', #2968, #3423 ) ;
#3185 = VERTEX_POINT ( 'NONE', #1160 ) ;
#3186 = EDGE_CURVE ( 'NONE', #2577, #1885, #3379, .T. ) ;
#3187 = VERTEX_POINT ( 'NONE', #2555 ) ;
#3188 = VERTEX_POINT ( 'NONE', #3398 ) ;
#3189 = EDGE_LOOP ( 'NONE', ( #3203, #3340 ) ) ;
#3190 =( NAMED_UNIT ( * ) SI_UNIT ( $, .STERADIAN. ) SOLID_ANGLE_UNIT ( ) );
#3191 = EDGE_CURVE ( 'NONE', #1565, #2316, #3016, .T. ) ;
#3192 = VECTOR ( 'NONE', #1803, 1000.000000000000000 ) ;
#3193 = CARTESIAN_POINT ( 'NONE',  ( -0.9249999999999846123, -0.8749999999999996669, 0.8699999999999999956 ) ) ;
#3194 = COLOUR_RGB ( '',0.3176470588235293935, 0.2470588235294117752, 0.2078431372549019440 ) ;
#3195 = VECTOR ( 'NONE', #2926, 1000.000000000000000 ) ;
#3196 = DIRECTION ( 'NONE',  ( 0.000000000000000000, 0.000000000000000000, 1.000000000000000000 ) ) ;
#3197 = DIRECTION ( 'NONE',  ( -1.000000000000000000, -0.000000000000000000, -0.000000000000000000 ) ) ;
#3198 = SURFACE_STYLE_USAGE ( .BOTH. , #453 ) ;
#3199 = SURFACE_STYLE_USAGE ( .BOTH. , #2987 ) ;
#3200 = ORIENTED_EDGE ( 'NONE', *, *, #3249, .T. ) ;
#3201 = CARTESIAN_POINT ( 'NONE',  ( 0.9750000000000000888, 0.8500000000000005329, 0.2500000000000000000 ) ) ;
#3202 = ORIENTED_EDGE ( 'NONE', *, *, #133, .T. ) ;
#3203 = ORIENTED_EDGE ( 'NONE', *, *, #1606, .F. ) ;
#3204 = AXIS2_PLACEMENT_3D ( 'NONE', #165, #3227, #2387 ) ;
#3205 = MECHANICAL_DESIGN_GEOMETRIC_PRESENTATION_REPRESENTATION (  '', ( #2439 ), #867 ) ;
#3206 = EDGE_CURVE ( 'NONE', #2150, #2737, #2847, .T. ) ;
#3207 = FACE_OUTER_BOUND ( 'NONE', #757, .T. ) ;
#3208 = VECTOR ( 'NONE', #2407, 1000.000000000000000 ) ;
#3209 = CARTESIAN_POINT ( 'NONE',  ( -1.399999999999989697, -0.3749999999999996669, 0.8699999999999999956 ) ) ;
#3210 =( LENGTH_UNIT ( ) NAMED_UNIT ( * ) SI_UNIT ( .MILLI., .METRE. ) );
#3211 = AXIS2_PLACEMENT_3D ( 'NONE', #207, #1326, #1309 ) ;
#3212 = ORIENTED_EDGE ( 'NONE', *, *, #3389, .F. ) ;
#3213 = PLANE ( 'NONE',  #16 ) ;
#3214 = VECTOR ( 'NONE', #3515, 1000.000000000000000 ) ;
#3215 = FACE_OUTER_BOUND ( 'NONE', #662, .T. ) ;
#3216 = DIRECTION ( 'NONE',  ( 1.711898167082375759E-16, -1.000000000000000000, 0.000000000000000000 ) ) ;
#3217 = DIRECTION ( 'NONE',  ( -0.000000000000000000, 1.000000000000000000, -0.000000000000000000 ) ) ;
#3218 = ORIENTED_EDGE ( 'NONE', *, *, #3191, .F. ) ;
#3219 = LINE ( 'NONE', #756, #727 ) ;
#3220 = VERTEX_POINT ( 'NONE', #168 ) ;
#3221 = ORIENTED_EDGE ( 'NONE', *, *, #1456, .F. ) ;
#3222 =( NAMED_UNIT ( * ) PLANE_ANGLE_UNIT ( ) SI_UNIT ( $, .RADIAN. ) );
#3223 = LINE ( 'NONE', #2978, #1703 ) ;
#3224 = AXIS2_PLACEMENT_3D ( 'NONE', #2646, #3444, #2610 ) ;
#3225 = VECTOR ( 'NONE', #342, 1000.000000000000000 ) ;
#3226 = ADVANCED_FACE ( 'NONE', ( #3252 ), #151, .F. ) ;
#3227 = DIRECTION ( 'NONE',  ( -0.000000000000000000, -0.000000000000000000, -1.000000000000000000 ) ) ;
#3228 = VECTOR ( 'NONE', #1736, 1000.000000000000000 ) ;
#3229 = AXIS2_PLACEMENT_3D ( 'NONE', #3358, #813, #3300 ) ;
#3230 = MECHANICAL_DESIGN_GEOMETRIC_PRESENTATION_REPRESENTATION (  '', ( #780 ), #3176 ) ;
#3231 = FACE_OUTER_BOUND ( 'NONE', #440, .T. ) ;
#3232 = CARTESIAN_POINT ( 'NONE',  ( -0.1250000000000000000, 1.091516203636184956, 0.8699999999999999956 ) ) ;
#3233 = ADVANCED_FACE ( 'NONE', ( #1795 ), #1573, .F. ) ;
#3234 = VECTOR ( 'NONE', #1598, 1000.000000000000000 ) ;
#3235 = DIRECTION ( 'NONE',  ( 1.000000000000000000, 0.000000000000000000, -0.000000000000000000 ) ) ;
#3236 = FILL_AREA_STYLE ('',( #2375 ) ) ;
#3237 = DIRECTION ( 'NONE',  ( -0.000000000000000000, -0.000000000000000000, -1.000000000000000000 ) ) ;
#3238 = LINE ( 'NONE', #737, #1699 ) ;
#3239 = DIRECTION ( 'NONE',  ( 1.000000000000000000, 0.000000000000000000, 0.000000000000000000 ) ) ;
#3240 = VERTEX_POINT ( 'NONE', #1592 ) ;
#3241 = VERTEX_POINT ( 'NONE', #2700 ) ;
#3242 = SURFACE_STYLE_USAGE ( .BOTH. , #160 ) ;
#3243 = VECTOR ( 'NONE', #3024, 1000.000000000000000 ) ;
#3244 = CARTESIAN_POINT ( 'NONE',  ( -0.1250000000000000833, 0.6165162036361850895, 0.8699999999999999956 ) ) ;
#3245 = CARTESIAN_POINT ( 'NONE',  ( -1.399999999999984590, -0.6249999999999996669, 0.8599999999999999867 ) ) ;
#3246 = PLANE ( 'NONE',  #1658 ) ;
#3247 = PRESENTATION_LAYER_ASSIGNMENT (  '', '', ( #2305 ) ) ;
#3248 = DIRECTION ( 'NONE',  ( 3.423796334164752012E-16, -1.000000000000000000, 0.000000000000000000 ) ) ;
#3249 = EDGE_CURVE ( 'NONE', #2381, #2869, #2089, .T. ) ;
#3250 = CARTESIAN_POINT ( 'NONE',  ( 1.224999999999999867, 0.8500000000000005329, 0.2000000000000000111 ) ) ;
#3251 = VECTOR ( 'NONE', #2274, 1000.000000000000000 ) ;
#3252 = FACE_OUTER_BOUND ( 'NONE', #2275, .T. ) ;
#3253 = DIRECTION ( 'NONE',  ( -1.000000000000000000, 0.000000000000000000, 0.000000000000000000 ) ) ;
#3254 = CARTESIAN_POINT ( 'NONE',  ( 0.1250000000000000000, 1.091516203636184956, 0.8699999999999999956 ) ) ;
#3255 = CARTESIAN_POINT ( 'NONE',  ( 0.9250000000000002665, 0.7750000000000001332, 0.8699999999999999956 ) ) ;
#3256 = PRESENTATION_STYLE_ASSIGNMENT (( #2919 ) ) ;
#3257 = EDGE_LOOP ( 'NONE', ( #2075, #2482, #683, #1580 ) ) ;
#3258 = EDGE_LOOP ( 'NONE', ( #28, #2317, #359, #721 ) ) ;
#3259 = CARTESIAN_POINT ( 'NONE',  ( 1.399999999999984590, -0.6249999999999996669, 0.8699999999999999956 ) ) ;
#3260 = CARTESIAN_POINT ( 'NONE',  ( -1.500000000000000000, -1.249999999999999778, 0.8599999999999999867 ) ) ;
#3261 = FACE_OUTER_BOUND ( 'NONE', #475, .T. ) ;
#3262 = DIRECTION ( 'NONE',  ( 0.000000000000000000, -1.000000000000000000, 0.000000000000000000 ) ) ;
#3263 = FILL_AREA_STYLE_COLOUR ( '', #778 ) ;
#3264 = ADVANCED_FACE ( 'NONE', ( #3215 ), #714, .F. ) ;
#3265 = FACE_OUTER_BOUND ( 'NONE', #2941, .T. ) ;
#3266 = LINE ( 'NONE', #2093, #2630 ) ;
#3267 = EDGE_CURVE ( 'NONE', #3478, #255, #1306, .T. ) ;
#3268 = ORIENTED_EDGE ( 'NONE', *, *, #688, .F. ) ;
#3269 = ORIENTED_EDGE ( 'NONE', *, *, #1576, .F. ) ;
#3270 = ADVANCED_FACE ( 'NONE', ( #3519 ), #400, .F. ) ;
#3271 = CARTESIAN_POINT ( 'NONE',  ( 0.6249999999999998890, -0.6165162036361847564, 0.8699999999999999956 ) ) ;
#3272 = VECTOR ( 'NONE', #1470, 1000.000000000000000 ) ;
#3273 = DIRECTION ( 'NONE',  ( 1.000000000000000000, 0.000000000000000000, 0.000000000000000000 ) ) ;
#3274 = FILL_AREA_STYLE_COLOUR ( '', #2204 ) ;
#3275 = UNCERTAINTY_MEASURE_WITH_UNIT (LENGTH_MEASURE( 1.000000000000000082E-05 ), #1696, 'distance_accuracy_value', 'NONE');
#3276 = PRESENTATION_LAYER_ASSIGNMENT (  '', '', ( #2980 ) ) ;
#3277 = UNCERTAINTY_MEASURE_WITH_UNIT (LENGTH_MEASURE( 1.000000000000000082E-05 ), #1863, 'distance_accuracy_value', 'NONE');
#3278 = STYLED_ITEM ( 'NONE', ( #3387 ), #2162 ) ;
#3279 = FILL_AREA_STYLE_COLOUR ( '', #2115 ) ;
#3280 = DIRECTION ( 'NONE',  ( 1.000000000000000000, 0.000000000000000000, 0.000000000000000000 ) ) ;
#3281 = STYLED_ITEM ( 'NONE', ( #1755 ), #3408 ) ;
#3282 = VECTOR ( 'NONE', #878, 1000.000000000000000 ) ;
#3283 = FACE_OUTER_BOUND ( 'NONE', #1392, .T. ) ;
#3284 = VECTOR ( 'NONE', #235, 1000.000000000000000 ) ;
#3285 = MECHANICAL_DESIGN_GEOMETRIC_PRESENTATION_REPRESENTATION (  '', ( #666 ), #1940 ) ;
#3286 = DIRECTION ( 'NONE',  ( -0.000000000000000000, -0.000000000000000000, -1.000000000000000000 ) ) ;
#3287 = ORIENTED_EDGE ( 'NONE', *, *, #2631, .T. ) ;
#3288 = ADVANCED_FACE ( 'NONE', ( #1340 ), #2158, .T. ) ;
#3289 = EDGE_LOOP ( 'NONE', ( #1549, #2369, #2447, #295 ) ) ;
#3290 = DIRECTION ( 'NONE',  ( 1.000000000000000000, -0.000000000000000000, -0.000000000000000000 ) ) ;
#3291 = EDGE_CURVE ( 'NONE', #800, #997, #1624, .T. ) ;
#3292 = PRESENTATION_STYLE_ASSIGNMENT (( #3563 ) ) ;
#3293 = SURFACE_STYLE_USAGE ( .BOTH. , #2172 ) ;
#3294 =( NAMED_UNIT ( * ) SI_UNIT ( $, .STERADIAN. ) SOLID_ANGLE_UNIT ( ) );
#3295 = AXIS2_PLACEMENT_3D ( 'NONE', #1674, #2227, #71 ) ;
#3296 = DIRECTION ( 'NONE',  ( 0.000000000000000000, 1.000000000000000000, -0.000000000000000000 ) ) ;
#3297 = DIRECTION ( 'NONE',  ( 1.000000000000000000, 0.000000000000000000, -0.000000000000000000 ) ) ;
#3298 = CARTESIAN_POINT ( 'NONE',  ( -0.6250000000000000000, -0.6165162036361850895, 0.8599999999999999867 ) ) ;
#3299 =( GEOMETRIC_REPRESENTATION_CONTEXT ( 3 ) GLOBAL_UNCERTAINTY_ASSIGNED_CONTEXT ( ( #899 ) ) GLOBAL_UNIT_ASSIGNED_CONTEXT ( ( #99, #658, #3165 ) ) REPRESENTATION_CONTEXT ( 'NONE', 'WORKASPACE' ) );
#3300 = DIRECTION ( 'NONE',  ( 0.000000000000000000, 0.000000000000000000, 1.000000000000000000 ) ) ;
#3301 = EDGE_LOOP ( 'NONE', ( #1990, #1134, #1798, #2856 ) ) ;
#3302 = VERTEX_POINT ( 'NONE', #2208 ) ;
#3303 = UNCERTAINTY_MEASURE_WITH_UNIT (LENGTH_MEASURE( 1.000000000000000082E-05 ), #2480, 'distance_accuracy_value', 'NONE');
#3304 = DIRECTION ( 'NONE',  ( 1.000000000000000000, 0.000000000000000000, -0.000000000000000000 ) ) ;
#3305 = VERTEX_POINT ( 'NONE', #766 ) ;
#3306 = EDGE_CURVE ( 'NONE', #1349, #1216, #1877, .T. ) ;
#3307 = FACE_OUTER_BOUND ( 'NONE', #700, .T. ) ;
#3308 =( LENGTH_UNIT ( ) NAMED_UNIT ( * ) SI_UNIT ( .MILLI., .METRE. ) );
#3309 = SURFACE_SIDE_STYLE ('',( #212 ) ) ;
#3310 = LINE ( 'NONE', #3033, #746 ) ;
#3311 = STYLED_ITEM ( 'NONE', ( #1846 ), #3226 ) ;
#3312 = ORIENTED_EDGE ( 'NONE', *, *, #1785, .T. ) ;
#3313 = CARTESIAN_POINT ( 'NONE',  ( 1.399999999999989697, -0.1249999999999996808, 0.8599999999999999867 ) ) ;
#3314 = ORIENTED_EDGE ( 'NONE', *, *, #1184, .T. ) ;
#3315 = CARTESIAN_POINT ( 'NONE',  ( 0.3750000000000000000, 1.091516203636184956, 0.8599999999999999867 ) ) ;
#3316 = AXIS2_PLACEMENT_3D ( 'NONE', #2454, #3548, #1053 ) ;
#3317 = ORIENTED_EDGE ( 'NONE', *, *, #734, .T. ) ;
#3318 = UNCERTAINTY_MEASURE_WITH_UNIT (LENGTH_MEASURE( 1.000000000000000082E-05 ), #3124, 'distance_accuracy_value', 'NONE');
#3319 = SURFACE_STYLE_USAGE ( .BOTH. , #323 ) ;
#3320 = STYLED_ITEM ( 'NONE', ( #121 ), #1514 ) ;
#3321 = LINE ( 'NONE', #2530, #2245 ) ;
#3322 = CARTESIAN_POINT ( 'NONE',  ( 1.499999999999999556, 1.250000000000000222, 0.2000000000000000111 ) ) ;
#3323 = STYLED_ITEM ( 'NONE', ( #2832 ), #454 ) ;
#3324 = SURFACE_STYLE_FILL_AREA ( #1717 ) ;
#3325 = DIRECTION ( 'NONE',  ( 0.000000000000000000, -0.000000000000000000, 1.000000000000000000 ) ) ;
#3326 = EDGE_CURVE ( 'NONE', #1140, #3185, #1896, .T. ) ;
#3327 = PRESENTATION_LAYER_ASSIGNMENT (  '', '', ( #3562 ) ) ;
#3328 = SURFACE_STYLE_FILL_AREA ( #2190 ) ;
#3329 = FILL_AREA_STYLE_COLOUR ( '', #2976 ) ;
#3330 = UNCERTAINTY_MEASURE_WITH_UNIT (LENGTH_MEASURE( 1.000000000000000082E-05 ), #707, 'distance_accuracy_value', 'NONE');
#3331 = ORIENTED_EDGE ( 'NONE', *, *, #305, .F. ) ;
#3332 = LINE ( 'NONE', #253, #2136 ) ;
#3333 = EDGE_CURVE ( 'NONE', #3435, #3220, #557, .T. ) ;
#3334 = FACE_OUTER_BOUND ( 'NONE', #87, .T. ) ;
#3335 = STYLED_ITEM ( 'NONE', ( #448 ), #3429 ) ;
#3336 = ORIENTED_EDGE ( 'NONE', *, *, #796, .F. ) ;
#3337 = PRESENTATION_LAYER_ASSIGNMENT (  '', '', ( #2702 ) ) ;
#3338 = CARTESIAN_POINT ( 'NONE',  ( -1.500000000000000444, 1.250000000000000222, 0.8599999999999999867 ) ) ;
#3339 = LINE ( 'NONE', #2240, #726 ) ;
#3340 = ORIENTED_EDGE ( 'NONE', *, *, #2623, .F. ) ;
#3341 = MECHANICAL_DESIGN_GEOMETRIC_PRESENTATION_REPRESENTATION (  '', ( #663 ), #2587 ) ;
#3342 = UNCERTAINTY_MEASURE_WITH_UNIT (LENGTH_MEASURE( 1.000000000000000082E-05 ), #257, 'distance_accuracy_value', 'NONE');
#3343 = LINE ( 'NONE', #1903, #2983 ) ;
#3344 = ORIENTED_EDGE ( 'NONE', *, *, #63, .F. ) ;
#3345 = FILL_AREA_STYLE ('',( #3422 ) ) ;
#3346 = VERTEX_POINT ( 'NONE', #502 ) ;
#3347 = ORIENTED_EDGE ( 'NONE', *, *, #3447, .F. ) ;
#3348 = DIRECTION ( 'NONE',  ( 1.000000000000000000, 2.282530889443167515E-16, 0.000000000000000000 ) ) ;
#3349 =( NAMED_UNIT ( * ) PLANE_ANGLE_UNIT ( ) SI_UNIT ( $, .RADIAN. ) );
#3350 = FACE_OUTER_BOUND ( 'NONE', #632, .T. ) ;
#3351 =( NAMED_UNIT ( * ) PLANE_ANGLE_UNIT ( ) SI_UNIT ( $, .RADIAN. ) );
#3352 =( NAMED_UNIT ( * ) PLANE_ANGLE_UNIT ( ) SI_UNIT ( $, .RADIAN. ) );
#3353 = DIRECTION ( 'NONE',  ( -1.000000000000000000, -0.000000000000000000, -0.000000000000000000 ) ) ;
#3354 = ORIENTED_EDGE ( 'NONE', *, *, #563, .F. ) ;
#3355 = EDGE_CURVE ( 'NONE', #3129, #335, #518, .T. ) ;
#3356 = DIRECTION ( 'NONE',  ( 1.000000000000000000, 0.000000000000000000, 0.000000000000000000 ) ) ;
#3357 = VECTOR ( 'NONE', #1856, 1000.000000000000000 ) ;
#3358 = CARTESIAN_POINT ( 'NONE',  ( -0.9249999999999898304, -0.1249999999999995698, 0.8699999999999999956 ) ) ;
#3359 = EDGE_LOOP ( 'NONE', ( #2060, #897, #589, #1492 ) ) ;
#3360 = LINE ( 'NONE', #1083, #3282 ) ;
#3361 = VECTOR ( 'NONE', #89, 1000.000000000000000 ) ;
#3362 = EDGE_LOOP ( 'NONE', ( #159, #1262, #340, #627 ) ) ;
#3363 = EDGE_CURVE ( 'NONE', #2520, #2381, #3583, .T. ) ;
#3364 = CARTESIAN_POINT ( 'NONE',  ( 0.000000000000000000, 0.000000000000000000, 0.8599999999999999867 ) ) ;
#3365 = COLOUR_RGB ( '',0.3176470588235293935, 0.2470588235294117752, 0.2078431372549019440 ) ;
#3366 = EDGE_LOOP ( 'NONE', ( #2220, #996, #685, #2263 ) ) ;
#3367 = VECTOR ( 'NONE', #856, 1000.000000000000000 ) ;
#3368 = SURFACE_STYLE_USAGE ( .BOTH. , #2543 ) ;
#3369 = SURFACE_STYLE_USAGE ( .BOTH. , #575 ) ;
#3370 = CLOSED_SHELL ( 'NONE', ( #127, #2361, #1274, #1601, #2001, #1279, #3498, #1065, #2551, #7, #834, #3288, #1338, #1343, #1206, #3410, #2729, #3494, #754, #3270, #1514, #880, #1494, #3408, #598, #3592, #2015, #2207, #1089, #195, #919, #3116, #1723, #1476, #768, #2928, #546, #2162, #3264, #412, #2152, #1669, #657, #3429, #1929, #1317, #454, #299, #3226, #1560, #729, #2626, #2734, #375, #2503, #2864, #2462, #2994, #644, #66, #2131, #3086, #1471, #1716, #1101, #2993, #417, #2672, #2599, #2126, #2755, #826, #476, #3136, #2379, #2796, #3574, #106, #2906, #950 ) ) ;
#3371 = CARTESIAN_POINT ( 'NONE',  ( 1.399999999999984590, -0.8749999999999996669, 0.8699999999999999956 ) ) ;
#3372 = LINE ( 'NONE', #55, #84 ) ;
#3373 = FILL_AREA_STYLE_COLOUR ( '', #3172 ) ;
#3374 = PRESENTATION_LAYER_ASSIGNMENT (  '', '', ( #517 ) ) ;
#3375 = VECTOR ( 'NONE', #2835, 1000.000000000000000 ) ;
#3376 = LINE ( 'NONE', #2593, #774 ) ;
#3377 = PLANE ( 'NONE',  #853 ) ;
#3378 = ORIENTED_EDGE ( 'NONE', *, *, #2506, .F. ) ;
#3379 = LINE ( 'NONE', #2830, #761 ) ;
#3380 = DIRECTION ( 'NONE',  ( 0.000000000000000000, -0.000000000000000000, 1.000000000000000000 ) ) ;
#3381 = VECTOR ( 'NONE', #2072, 1000.000000000000000 ) ;
#3382 = EDGE_LOOP ( 'NONE', ( #228, #1240, #613, #3475, #959 ) ) ;
#3383 = EDGE_CURVE ( 'NONE', #2769, #3305, #3137, .T. ) ;
#3384 = EDGE_LOOP ( 'NONE', ( #2852, #1727, #3460, #2214, #1765 ) ) ;
#3385 = UNCERTAINTY_MEASURE_WITH_UNIT (LENGTH_MEASURE( 1.000000000000000082E-05 ), #1478, 'distance_accuracy_value', 'NONE');
#3386 = VECTOR ( 'NONE', #1833, 1000.000000000000000 ) ;
#3387 = PRESENTATION_STYLE_ASSIGNMENT (( #3319 ) ) ;
#3388 =( LENGTH_UNIT ( ) NAMED_UNIT ( * ) SI_UNIT ( .MILLI., .METRE. ) );
#3389 = EDGE_CURVE ( 'NONE', #3006, #321, #1211, .T. ) ;
#3390 = DIRECTION ( 'NONE',  ( -2.282530889443166036E-16, 1.000000000000000000, 0.000000000000000000 ) ) ;
#3391 = CARTESIAN_POINT ( 'NONE',  ( 0.9249999999999898304, -0.3749999999999996669, 0.8699999999999999956 ) ) ;
#3392 = CARTESIAN_POINT ( 'NONE',  ( 1.499999999999999556, 1.250000000000000222, 0.8599999999999999867 ) ) ;
#3393 = DIRECTION ( 'NONE',  ( 0.000000000000000000, -0.000000000000000000, 1.000000000000000000 ) ) ;
#3394 = FILL_AREA_STYLE ('',( #1192 ) ) ;
#3395 = DIRECTION ( 'NONE',  ( -1.000000000000000000, 2.282530889443167515E-16, 0.000000000000000000 ) ) ;
#3396 =( GEOMETRIC_REPRESENTATION_CONTEXT ( 3 ) GLOBAL_UNCERTAINTY_ASSIGNED_CONTEXT ( ( #1667 ) ) GLOBAL_UNIT_ASSIGNED_CONTEXT ( ( #2441, #1574, #1341 ) ) REPRESENTATION_CONTEXT ( 'NONE', 'WORKASPACE' ) );
#3397 = EDGE_LOOP ( 'NONE', ( #390, #507, #1469, #1781 ) ) ;
#3398 = CARTESIAN_POINT ( 'NONE',  ( 0.9750000000000000888, 0.8500000000000005329, 0.2000000000000000111 ) ) ;
#3399 = LINE ( 'NONE', #2073, #2641 ) ;
#3400 = COLOUR_RGB ( '',0.3176470588235293935, 0.2470588235294117752, 0.2078431372549019440 ) ;
#3401 = CARTESIAN_POINT ( 'NONE',  ( -1.399999999999995026, 0.3750000000000003331, 0.8599999999999999867 ) ) ;
#3402 = MECHANICAL_DESIGN_GEOMETRIC_PRESENTATION_REPRESENTATION (  '', ( #3108 ), #198 ) ;
#3403 = VERTEX_POINT ( 'NONE', #2031 ) ;
#3404 = PRESENTATION_LAYER_ASSIGNMENT (  '', '', ( #2819 ) ) ;
#3405 = LINE ( 'NONE', #53, #1679 ) ;
#3406 = PRESENTATION_LAYER_ASSIGNMENT (  '', '', ( #1129 ) ) ;
#3407 = PRESENTATION_LAYER_ASSIGNMENT (  '', '', ( #3570 ) ) ;
#3408 = ADVANCED_FACE ( 'NONE', ( #2018 ), #2805, .F. ) ;
#3409 = FACE_OUTER_BOUND ( 'NONE', #703, .T. ) ;
#3410 = ADVANCED_FACE ( 'NONE', ( #36 ), #2859, .F. ) ;
#3411 = DIRECTION ( 'NONE',  ( 2.282530889443167515E-16, -1.000000000000000000, 0.000000000000000000 ) ) ;
#3412 =( NAMED_UNIT ( * ) SI_UNIT ( $, .STERADIAN. ) SOLID_ANGLE_UNIT ( ) );
#3413 = LINE ( 'NONE', #2020, #1652 ) ;
#3414 = DIRECTION ( 'NONE',  ( 0.000000000000000000, 1.000000000000000000, 0.000000000000000000 ) ) ;
#3415 = ORIENTED_EDGE ( 'NONE', *, *, #1566, .F. ) ;
#3416 = FACE_OUTER_BOUND ( 'NONE', #3257, .T. ) ;
#3417 = CARTESIAN_POINT ( 'NONE',  ( 1.399999999999989697, -0.1249999999999996808, 0.8599999999999999867 ) ) ;
#3418 = VECTOR ( 'NONE', #790, 1000.000000000000000 ) ;
#3419 = FILL_AREA_STYLE ('',( #2058 ) ) ;
#3420 = SURFACE_SIDE_STYLE ('',( #2295 ) ) ;
#3421 = EDGE_LOOP ( 'NONE', ( #2135, #3510, #2451, #1144 ) ) ;
#3422 = FILL_AREA_STYLE_COLOUR ( '', #276 ) ;
#3423 = VECTOR ( 'NONE', #2655, 1000.000000000000000 ) ;
#3424 = PRESENTATION_STYLE_ASSIGNMENT (( #1225 ) ) ;
#3425 = EDGE_CURVE ( 'NONE', #1629, #1644, #361, .T. ) ;
#3426 = FACE_OUTER_BOUND ( 'NONE', #3525, .T. ) ;
#3427 = CARTESIAN_POINT ( 'NONE',  ( -0.9249999999999898304, -0.1249999999999995698, 0.8699999999999999956 ) ) ;
#3428 = CARTESIAN_POINT ( 'NONE',  ( -0.6250000000000000000, 1.091516203636184956, 0.8699999999999999956 ) ) ;
#3429 = ADVANCED_FACE ( 'NONE', ( #1700 ), #1433, .F. ) ;
#3430 = FILL_AREA_STYLE ('',( #887 ) ) ;
#3431 = CARTESIAN_POINT ( 'NONE',  ( 0.000000000000000000, 0.000000000000000000, 0.8699999999999999956 ) ) ;
#3432 = VERTEX_POINT ( 'NONE', #730 ) ;
#3433 = CARTESIAN_POINT ( 'NONE',  ( 0.9249999999999950484, 0.1250000000000003331, 0.8699999999999999956 ) ) ;
#3434 = PLANE ( 'NONE',  #1152 ) ;
#3435 = VERTEX_POINT ( 'NONE', #694 ) ;
#3436 = ORIENTED_EDGE ( 'NONE', *, *, #2202, .F. ) ;
#3437 = ORIENTED_EDGE ( 'NONE', *, *, #278, .F. ) ;
#3438 = ORIENTED_EDGE ( 'NONE', *, *, #461, .T. ) ;
#3439 = AXIS2_PLACEMENT_3D ( 'NONE', #1685, #505, #801 ) ;
#3440 = FILL_AREA_STYLE_COLOUR ( '', #5 ) ;
#3441 = SURFACE_SIDE_STYLE ('',( #2320 ) ) ;
#3442 = CARTESIAN_POINT ( 'NONE',  ( 0.000000000000000000, 0.000000000000000000, 0.8699999999999999956 ) ) ;
#3443 = DIRECTION ( 'NONE',  ( -0.000000000000000000, -0.000000000000000000, -1.000000000000000000 ) ) ;
#3444 = DIRECTION ( 'NONE',  ( -1.000000000000000000, 0.000000000000000000, 0.000000000000000000 ) ) ;
#3445 =( GEOMETRIC_REPRESENTATION_CONTEXT ( 3 ) GLOBAL_UNCERTAINTY_ASSIGNED_CONTEXT ( ( #1054 ) ) GLOBAL_UNIT_ASSIGNED_CONTEXT ( ( #2549, #1737, #2858 ) ) REPRESENTATION_CONTEXT ( 'NONE', 'WORKASPACE' ) );
#3446 = CARTESIAN_POINT ( 'NONE',  ( 1.500000000000000000, -1.249999999999999778, 0.2000000000000000111 ) ) ;
#3447 = EDGE_CURVE ( 'NONE', #3129, #3557, #3501, .T. ) ;
#3448 = AXIS2_PLACEMENT_3D ( 'NONE', #648, #2855, #2600 ) ;
#3449 =( NAMED_UNIT ( * ) SI_UNIT ( $, .STERADIAN. ) SOLID_ANGLE_UNIT ( ) );
#3450 = EDGE_LOOP ( 'NONE', ( #740, #858 ) ) ;
#3451 = DIRECTION ( 'NONE',  ( -0.000000000000000000, -0.000000000000000000, -1.000000000000000000 ) ) ;
#3452 =( LENGTH_UNIT ( ) NAMED_UNIT ( * ) SI_UNIT ( .MILLI., .METRE. ) );
#3453 = COLOUR_RGB ( '',0.3176470588235293935, 0.2470588235294117752, 0.2078431372549019440 ) ;
#3454 = DIRECTION ( 'NONE',  ( 0.000000000000000000, 0.000000000000000000, 1.000000000000000000 ) ) ;
#3455 = PRESENTATION_LAYER_ASSIGNMENT (  '', '', ( #1418 ) ) ;
#3456 = EDGE_CURVE ( 'NONE', #2502, #3187, #1823, .T. ) ;
#3457 = SURFACE_STYLE_FILL_AREA ( #296 ) ;
#3458 = ORIENTED_EDGE ( 'NONE', *, *, #1906, .F. ) ;
#3459 = VECTOR ( 'NONE', #181, 1000.000000000000000 ) ;
#3460 = ORIENTED_EDGE ( 'NONE', *, *, #3355, .T. ) ;
#3461 = EDGE_LOOP ( 'NONE', ( #3109, #3437, #1759, #1048 ) ) ;
#3462 = FACE_OUTER_BOUND ( 'NONE', #3579, .T. ) ;
#3463 = VECTOR ( 'NONE', #1488, 1000.000000000000000 ) ;
#3464 = FILL_AREA_STYLE ('',( #161 ) ) ;
#3465 = VECTOR ( 'NONE', #1431, 1000.000000000000000 ) ;
#3466 = SURFACE_SIDE_STYLE ('',( #2799 ) ) ;
#3467 = DIRECTION ( 'NONE',  ( -1.000000000000000000, -2.282530889443167515E-16, -0.000000000000000000 ) ) ;
#3468 = FACE_OUTER_BOUND ( 'NONE', #1071, .T. ) ;
#3469 = LINE ( 'NONE', #965, #1517 ) ;
#3470 = CARTESIAN_POINT ( 'NONE',  ( -0.3750000000000001665, -0.6165162036361850895, 0.8699999999999999956 ) ) ;
#3471 =( NAMED_UNIT ( * ) SI_UNIT ( $, .STERADIAN. ) SOLID_ANGLE_UNIT ( ) );
#3472 = CARTESIAN_POINT ( 'NONE',  ( 0.9249999999999950484, 0.1250000000000003331, 0.8699999999999999956 ) ) ;
#3473 = EDGE_CURVE ( 'NONE', #2540, #473, #148, .T. ) ;
#3474 = CARTESIAN_POINT ( 'NONE',  ( -0.3750000000000001665, -0.6165162036361850895, 0.8699999999999999956 ) ) ;
#3475 = ORIENTED_EDGE ( 'NONE', *, *, #2328, .F. ) ;
#3476 = SURFACE_STYLE_FILL_AREA ( #2988 ) ;
#3477 = ORIENTED_EDGE ( 'NONE', *, *, #3532, .T. ) ;
#3478 = VERTEX_POINT ( 'NONE', #2682 ) ;
#3479 = SURFACE_STYLE_USAGE ( .BOTH. , #2079 ) ;
#3480 = AXIS2_PLACEMENT_3D ( 'NONE', #246, #2725, #1319 ) ;
#3481 = AXIS2_PLACEMENT_3D ( 'NONE', #2342, #2624, #2363 ) ;
#3482 = DIRECTION ( 'NONE',  ( 0.000000000000000000, -0.000000000000000000, 1.000000000000000000 ) ) ;
#3483 = PRESENTATION_LAYER_ASSIGNMENT (  '', '', ( #2605 ) ) ;
#3484 =( LENGTH_UNIT ( ) NAMED_UNIT ( * ) SI_UNIT ( .MILLI., .METRE. ) );
#3485 = DIRECTION ( 'NONE',  ( 0.000000000000000000, -0.000000000000000000, 1.000000000000000000 ) ) ;
#3486 = CARTESIAN_POINT ( 'NONE',  ( 0.9249999999999950484, 0.3750000000000004441, 0.8699999999999999956 ) ) ;
#3487 = DIRECTION ( 'NONE',  ( -0.000000000000000000, -0.000000000000000000, -1.000000000000000000 ) ) ;
#3488 = CARTESIAN_POINT ( 'NONE',  ( -0.1250000000000000833, -0.6165162036361850895, 0.8699999999999999956 ) ) ;
#3489 = DIRECTION ( 'NONE',  ( 1.000000000000000000, 0.000000000000000000, -0.000000000000000000 ) ) ;
#3490 = VERTEX_POINT ( 'NONE', #1001 ) ;
#3491 = FACE_OUTER_BOUND ( 'NONE', #2055, .T. ) ;
#3492 = ORIENTED_EDGE ( 'NONE', *, *, #1983, .F. ) ;
#3493 = VERTEX_POINT ( 'NONE', #1555 ) ;
#3494 = ADVANCED_FACE ( 'NONE', ( #2947 ), #3246, .F. ) ;
#3495 = DIRECTION ( 'NONE',  ( 1.000000000000000000, 0.000000000000000000, 0.000000000000000000 ) ) ;
#3496 = PLANE ( 'NONE',  #495 ) ;
#3497 =( GEOMETRIC_REPRESENTATION_CONTEXT ( 3 ) GLOBAL_UNCERTAINTY_ASSIGNED_CONTEXT ( ( #38 ) ) GLOBAL_UNIT_ASSIGNED_CONTEXT ( ( #2127, #2374, #1524 ) ) REPRESENTATION_CONTEXT ( 'NONE', 'WORKASPACE' ) );
#3498 = ADVANCED_FACE ( 'NONE', ( #2402, #3468 ), #672, .F. ) ;
#3499 =( NAMED_UNIT ( * ) PLANE_ANGLE_UNIT ( ) SI_UNIT ( $, .RADIAN. ) );
#3500 = SURFACE_STYLE_USAGE ( .BOTH. , #2385 ) ;
#3501 = LINE ( 'NONE', #3516, #3569 ) ;
#3502 = DIRECTION ( 'NONE',  ( 1.000000000000000000, 0.000000000000000000, 0.000000000000000000 ) ) ;
#3503 = CARTESIAN_POINT ( 'NONE',  ( -1.399999999999989697, -0.1249999999999996808, 0.8699999999999999956 ) ) ;
#3504 = PRESENTATION_LAYER_ASSIGNMENT (  '', '', ( #1000 ) ) ;
#3505 = SURFACE_STYLE_USAGE ( .BOTH. , #1288 ) ;
#3506 = SURFACE_STYLE_FILL_AREA ( #1273 ) ;
#3507 =( NAMED_UNIT ( * ) PLANE_ANGLE_UNIT ( ) SI_UNIT ( $, .RADIAN. ) );
#3508 = FILL_AREA_STYLE ('',( #2938 ) ) ;
#3509 = ORIENTED_EDGE ( 'NONE', *, *, #2507, .F. ) ;
#3510 = ORIENTED_EDGE ( 'NONE', *, *, #840, .T. ) ;
#3511 = CARTESIAN_POINT ( 'NONE',  ( -0.9249999999999846123, -0.8749999999999996669, 0.8699999999999999956 ) ) ;
#3512 = VECTOR ( 'NONE', #1878, 1000.000000000000000 ) ;
#3513 = EDGE_CURVE ( 'NONE', #2869, #2107, #2065, .T. ) ;
#3514 = CARTESIAN_POINT ( 'NONE',  ( -1.400000000000000133, 0.6250000000000003331, 0.8599999999999999867 ) ) ;
#3515 = DIRECTION ( 'NONE',  ( -0.000000000000000000, -0.000000000000000000, -1.000000000000000000 ) ) ;
#3516 = CARTESIAN_POINT ( 'NONE',  ( 1.400000000000000133, 0.8750000000000003331, 0.8699999999999999956 ) ) ;
#3517 = CARTESIAN_POINT ( 'NONE',  ( 1.100000000000000089, 0.8500000000000005329, 0.2500000000000000000 ) ) ;
#3518 = LINE ( 'NONE', #1021, #49 ) ;
#3519 = FACE_OUTER_BOUND ( 'NONE', #2405, .T. ) ;
#3520 =( LENGTH_UNIT ( ) NAMED_UNIT ( * ) SI_UNIT ( .MILLI., .METRE. ) );
#3521 = CARTESIAN_POINT ( 'NONE',  ( 1.399999999999989697, -0.1249999999999996808, 0.8699999999999999956 ) ) ;
#3522 = CARTESIAN_POINT ( 'NONE',  ( -0.3750000000000000000, 1.091516203636184956, 0.8699999999999999956 ) ) ;
#3523 = CARTESIAN_POINT ( 'NONE',  ( -1.400000000000000133, 0.6250000000000003331, 0.8699999999999999956 ) ) ;
#3524 = ORIENTED_EDGE ( 'NONE', *, *, #1946, .T. ) ;
#3525 = EDGE_LOOP ( 'NONE', ( #3354, #1579, #1221, #2541 ) ) ;
#3526 =( NAMED_UNIT ( * ) PLANE_ANGLE_UNIT ( ) SI_UNIT ( $, .RADIAN. ) );
#3527 = VECTOR ( 'NONE', #775, 1000.000000000000000 ) ;
#3528 =( NAMED_UNIT ( * ) SI_UNIT ( $, .STERADIAN. ) SOLID_ANGLE_UNIT ( ) );
#3529 = PRESENTATION_LAYER_ASSIGNMENT (  '', '', ( #1500 ) ) ;
#3530 = CARTESIAN_POINT ( 'NONE',  ( -0.3750000000000000000, 1.091516203636184956, 0.8599999999999999867 ) ) ;
#3531 = LINE ( 'NONE', #3245, #1533 ) ;
#3532 = EDGE_CURVE ( 'NONE', #1565, #302, #2085, .T. ) ;
#3533 = FACE_BOUND ( 'NONE', #3189, .T. ) ;
#3534 = COLOUR_RGB ( '',0.3176470588235293935, 0.2470588235294117752, 0.2078431372549019440 ) ;
#3535 = CARTESIAN_POINT ( 'NONE',  ( -0.6250000000000000000, -1.091516203636184956, 0.8699999999999999956 ) ) ;
#3536 = EDGE_CURVE ( 'NONE', #88, #1647, #2698, .T. ) ;
#3537 = COLOUR_RGB ( '',0.3176470588235293935, 0.2470588235294117752, 0.2078431372549019440 ) ;
#3538 = SURFACE_STYLE_FILL_AREA ( #204 ) ;
#3539 = LINE ( 'NONE', #753, #3512 ) ;
#3540 = EDGE_CURVE ( 'NONE', #3600, #1398, #1368, .T. ) ;
#3541 = DIRECTION ( 'NONE',  ( -1.734723475976807094E-16, 1.000000000000000000, 0.000000000000000000 ) ) ;
#3542 = ORIENTED_EDGE ( 'NONE', *, *, #941, .F. ) ;
#3543 = VERTEX_POINT ( 'NONE', #472 ) ;
#3544 = VECTOR ( 'NONE', #2910, 1000.000000000000000 ) ;
#3545 =( GEOMETRIC_REPRESENTATION_CONTEXT ( 3 ) GLOBAL_UNCERTAINTY_ASSIGNED_CONTEXT ( ( #1103 ) ) GLOBAL_UNIT_ASSIGNED_CONTEXT ( ( #2508, #1186, #1753 ) ) REPRESENTATION_CONTEXT ( 'NONE', 'WORKASPACE' ) );
#3546 = DIRECTION ( 'NONE',  ( 1.000000000000000000, -0.000000000000000000, -0.000000000000000000 ) ) ;
#3547 = CARTESIAN_POINT ( 'NONE',  ( -1.400000000000000133, 0.8750000000000003331, 0.8699999999999999956 ) ) ;
#3548 = DIRECTION ( 'NONE',  ( -0.000000000000000000, 0.000000000000000000, 1.000000000000000000 ) ) ;
#3549 = CARTESIAN_POINT ( 'NONE',  ( 0.9750000000000000888, 0.8500000000000005329, 0.2500000000000000000 ) ) ;
#3550 = LINE ( 'NONE', #797, #3039 ) ;
#3551 = STYLED_ITEM ( 'NONE', ( #1324 ), #3264 ) ;
#3552 = PRESENTATION_LAYER_ASSIGNMENT (  '', '', ( #1527 ) ) ;
#3553 = LINE ( 'NONE', #1307, #1648 ) ;
#3554 = EDGE_CURVE ( 'NONE', #2537, #2463, #208, .T. ) ;
#3555 = DIRECTION ( 'NONE',  ( 0.000000000000000000, -0.000000000000000000, -1.000000000000000000 ) ) ;
#3556 =( LENGTH_UNIT ( ) NAMED_UNIT ( * ) SI_UNIT ( .MILLI., .METRE. ) );
#3557 = VERTEX_POINT ( 'NONE', #139 ) ;
#3558 = EDGE_CURVE ( 'NONE', #1118, #425, #3219, .T. ) ;
#3559 =( LENGTH_UNIT ( ) NAMED_UNIT ( * ) SI_UNIT ( .MILLI., .METRE. ) );
#3560 = EDGE_LOOP ( 'NONE', ( #2334, #405, #855, #3003 ) ) ;
#3561 = DIRECTION ( 'NONE',  ( 1.000000000000000000, 0.000000000000000000, 0.000000000000000000 ) ) ;
#3562 = STYLED_ITEM ( 'NONE', ( #2535 ), #2729 ) ;
#3563 = SURFACE_STYLE_USAGE ( .BOTH. , #2453 ) ;
#3564 = FILL_AREA_STYLE_COLOUR ( '', #2156 ) ;
#3565 = UNCERTAINTY_MEASURE_WITH_UNIT (LENGTH_MEASURE( 1.000000000000000082E-05 ), #1151, 'distance_accuracy_value', 'NONE');
#3566 = COLOUR_RGB ( '',0.3176470588235293935, 0.2470588235294117752, 0.2078431372549019440 ) ;
#3567 = CARTESIAN_POINT ( 'NONE',  ( 0.9249999999999950484, 0.3750000000000004441, 0.8699999999999999956 ) ) ;
#3568 = CARTESIAN_POINT ( 'NONE',  ( -1.500000000000000444, 1.250000000000000222, 0.8599999999999999867 ) ) ;
#3569 = VECTOR ( 'NONE', #1839, 1000.000000000000000 ) ;
#3570 = STYLED_ITEM ( 'NONE', ( #274 ), #2462 ) ;
#3571 = SURFACE_STYLE_USAGE ( .BOTH. , #783 ) ;
#3572 = MECHANICAL_DESIGN_GEOMETRIC_PRESENTATION_REPRESENTATION (  '', ( #896 ), #2228 ) ;
#3573 = DIRECTION ( 'NONE',  ( 1.000000000000000000, 0.000000000000000000, -0.000000000000000000 ) ) ;
#3574 = ADVANCED_FACE ( 'NONE', ( #3491 ), #2704, .F. ) ;
#3575 = PRESENTATION_STYLE_ASSIGNMENT (( #2461 ) ) ;
#3576 = ORIENTED_EDGE ( 'NONE', *, *, #2651, .F. ) ;
#3577 = PRESENTATION_STYLE_ASSIGNMENT (( #508 ) ) ;
#3578 = DIRECTION ( 'NONE',  ( 1.000000000000000000, 0.000000000000000000, 0.000000000000000000 ) ) ;
#3579 = EDGE_LOOP ( 'NONE', ( #3169, #2639, #3458, #2897 ) ) ;
#3580 =( LENGTH_UNIT ( ) NAMED_UNIT ( * ) SI_UNIT ( .MILLI., .METRE. ) );
#3581 =( NAMED_UNIT ( * ) PLANE_ANGLE_UNIT ( ) SI_UNIT ( $, .RADIAN. ) );
#3582 = CARTESIAN_POINT ( 'NONE',  ( -1.399999999999995026, 0.1250000000000003331, 0.8699999999999999956 ) ) ;
#3583 = LINE ( 'NONE', #1927, #2466 ) ;
#3584 = CARTESIAN_POINT ( 'NONE',  ( -1.399999999999984590, -0.6249999999999996669, 0.8699999999999999956 ) ) ;
#3585 = CARTESIAN_POINT ( 'NONE',  ( -0.6250000000000000000, -1.091516203636184956, 0.8699999999999999956 ) ) ;
#3586 = VERTEX_POINT ( 'NONE', #739 ) ;
#3587 = CARTESIAN_POINT ( 'NONE',  ( -0.6250000000000000000, -1.091516203636184956, 0.8599999999999999867 ) ) ;
#3588 = EDGE_LOOP ( 'NONE', ( #2691, #3477, #2706, #2413 ) ) ;
#3589 = LINE ( 'NONE', #1121, #369 ) ;
#3590 = VERTEX_POINT ( 'NONE', #3201 ) ;
#3591 = CARTESIAN_POINT ( 'NONE',  ( 0.6250000000000000000, 1.091516203636184956, 0.8699999999999999956 ) ) ;
#3592 = ADVANCED_FACE ( 'NONE', ( #2133 ), #1012, .F. ) ;
#3593 = DIRECTION ( 'NONE',  ( -0.000000000000000000, -0.000000000000000000, -1.000000000000000000 ) ) ;
#3594 = PRESENTATION_STYLE_ASSIGNMENT (( #533 ) ) ;
#3595 = PLANE ( 'NONE',  #3022 ) ;
#3596 = DIRECTION ( 'NONE',  ( 0.000000000000000000, 1.000000000000000000, -0.000000000000000000 ) ) ;
#3597 = EDGE_CURVE ( 'NONE', #539, #800, #2117, .T. ) ;
#3598 = SURFACE_STYLE_FILL_AREA ( #500 ) ;
#3599 = CARTESIAN_POINT ( 'NONE',  ( -0.6250000000000000000, 1.091516203636184956, 0.8599999999999999867 ) ) ;
#3600 = VERTEX_POINT ( 'NONE', #173 ) ;
#3601 = LINE ( 'NONE', #2785, #220 ) ;
#3602 =( LENGTH_UNIT ( ) NAMED_UNIT ( * ) SI_UNIT ( .MILLI., .METRE. ) );
#3603 = ORIENTED_EDGE ( 'NONE', *, *, #3121, .F. ) ;
#3604 = FILL_AREA_STYLE_COLOUR ( '', #233 ) ;
#3605 = LINE ( 'NONE', #1628, #2817 ) ;
#3606 = ORIENTED_EDGE ( 'NONE', *, *, #3513, .F. ) ;
#3607 = DIRECTION ( 'NONE',  ( 1.734723475976807094E-16, -1.000000000000000000, 0.000000000000000000 ) ) ;
ENDSEC;
END-ISO-10303-21;
