ISO-10303-21;
HEADER;
FILE_DESCRIPTION (( 'STEP AP214' ),
    '1' );
FILE_NAME ('XPEWHT-L1-R250-00F02.STEP',
    '2025-10-23T09:40:49',
    ( '' ),
    ( '' ),
    'SwSTEP 2.0',
    'SolidWorks 2023',
    '' );
FILE_SCHEMA (( 'AUTOMOTIVE_DESIGN' ));
ENDSEC;

DATA;
#1 = DIRECTION ( 'NONE',  ( 1.000000000000000000, 0.000000000000000000, -1.224646799147353207E-16 ) ) ;
#2 = EDGE_CURVE ( 'NONE', #598, #980, #11, .T. ) ;
#3 = ORIENTED_EDGE ( 'NONE', *, *, #1200, .F. ) ;
#4 = EDGE_LOOP ( 'NONE', ( #1138, #1064, #1455, #559 ) ) ;
#5 = ORIENTED_EDGE ( 'NONE', *, *, #1183, .T. ) ;
#6 = EDGE_CURVE ( 'NONE', #102, #225, #562, .T. ) ;
#7 = UNCERTAINTY_MEASURE_WITH_UNIT (LENGTH_MEASURE( 1.000000000000000082E-05 ), #1564, 'distance_accuracy_value', 'NONE');
#8 = DIRECTION ( 'NONE',  ( -3.285461128743957462E-17, 0.000000000000000000, 1.000000000000000000 ) ) ;
#9 = SURFACE_SIDE_STYLE ('',( #1569 ) ) ;
#10 = PLANE ( 'NONE',  #25 ) ;
#11 = LINE ( 'NONE', #798, #1606 ) ;
#12 = FACE_BOUND ( 'NONE', #1358, .T. ) ;
#13 = PRESENTATION_STYLE_ASSIGNMENT (( #160 ) ) ;
#14 = EDGE_CURVE ( 'NONE', #980, #734, #135, .T. ) ;
#15 = ORIENTED_EDGE ( 'NONE', *, *, #1282, .T. ) ;
#16 =( GEOMETRIC_REPRESENTATION_CONTEXT ( 3 ) GLOBAL_UNCERTAINTY_ASSIGNED_CONTEXT ( ( #910 ) ) GLOBAL_UNIT_ASSIGNED_CONTEXT ( ( #1465, #1587, #1494 ) ) REPRESENTATION_CONTEXT ( 'NONE', 'WORKASPACE' ) );
#17 = STYLED_ITEM ( 'NONE', ( #882 ), #1189 ) ;
#18 = AXIS2_PLACEMENT_3D ( 'NONE', #1381, #134, #636 ) ;
#19 =( NAMED_UNIT ( * ) SI_UNIT ( $, .STERADIAN. ) SOLID_ANGLE_UNIT ( ) );
#20 = DIRECTION ( 'NONE',  ( 0.000000000000000000, 0.000000000000000000, 1.000000000000000000 ) ) ;
#21 =( GEOMETRIC_REPRESENTATION_CONTEXT ( 3 ) GLOBAL_UNCERTAINTY_ASSIGNED_CONTEXT ( ( #26 ) ) GLOBAL_UNIT_ASSIGNED_CONTEXT ( ( #1057, #1038, #663 ) ) REPRESENTATION_CONTEXT ( 'NONE', 'WORKASPACE' ) );
#22 = STYLED_ITEM ( 'NONE', ( #1249 ), #546 ) ;
#23 = DIRECTION ( 'NONE',  ( -3.285461128743956229E-17, 0.000000000000000000, -1.000000000000000000 ) ) ;
#24 = AXIS2_PLACEMENT_3D ( 'NONE', #393, #20, #367 ) ;
#25 = AXIS2_PLACEMENT_3D ( 'NONE', #695, #279, #42 ) ;
#26 = UNCERTAINTY_MEASURE_WITH_UNIT (LENGTH_MEASURE( 1.000000000000000082E-05 ), #1057, 'distance_accuracy_value', 'NONE');
#27 = LINE ( 'NONE', #425, #376 ) ;
#28 = ORIENTED_EDGE ( 'NONE', *, *, #606, .T. ) ;
#29 = CARTESIAN_POINT ( 'NONE',  ( 1.725000000000000533, 0.2520000000000000018, 1.725000000000000311 ) ) ;
#30 = CARTESIAN_POINT ( 'NONE',  ( 0.000000000000000000, -0.3629999999999999893, 0.000000000000000000 ) ) ;
#31 = PRESENTATION_STYLE_ASSIGNMENT (( #158 ) ) ;
#32 = LINE ( 'NONE', #281, #1313 ) ;
#33 = LINE ( 'NONE', #928, #289 ) ;
#34 = DIRECTION ( 'NONE',  ( 0.000000000000000000, -1.000000000000000000, 0.000000000000000000 ) ) ;
#35 = PLANE ( 'NONE',  #1194 ) ;
#36 = DIRECTION ( 'NONE',  ( 0.000000000000000000, 0.000000000000000000, -1.000000000000000000 ) ) ;
#37 = DIRECTION ( 'NONE',  ( 1.000000000000000000, 0.000000000000000000, 0.000000000000000000 ) ) ;
#38 = ORIENTED_EDGE ( 'NONE', *, *, #1558, .T. ) ;
#39 = VERTEX_POINT ( 'NONE', #250 ) ;
#40 = PLANE ( 'NONE',  #1445 ) ;
#41 = SURFACE_STYLE_USAGE ( .BOTH. , #650 ) ;
#42 = DIRECTION ( 'NONE',  ( 0.000000000000000000, -0.000000000000000000, -1.000000000000000000 ) ) ;
#43 =( NAMED_UNIT ( * ) SI_UNIT ( $, .STERADIAN. ) SOLID_ANGLE_UNIT ( ) );
#44 = AXIS2_PLACEMENT_3D ( 'NONE', #1457, #1185, #8 ) ;
#45 = AXIS2_PLACEMENT_3D ( 'NONE', #1642, #1203, #1514 ) ;
#46 = PLANE ( 'NONE',  #1151 ) ;
#47 = ORIENTED_EDGE ( 'NONE', *, *, #498, .T. ) ;
#48 = COLOUR_RGB ( '',0.6666666666666666297, 0.6980392156862744724, 0.7686274509803920907 ) ;
#49 = EDGE_CURVE ( 'NONE', #734, #517, #1036, .T. ) ;
#50 = MECHANICAL_DESIGN_GEOMETRIC_PRESENTATION_REPRESENTATION (  '', ( #211 ), #1372 ) ;
#51 = CARTESIAN_POINT ( 'NONE',  ( -1.149999999999999689, -0.3629999999999999893, -1.649999999999998579 ) ) ;
#52 = PRESENTATION_STYLE_ASSIGNMENT (( #600 ) ) ;
#53 = LINE ( 'NONE', #676, #293 ) ;
#54 = FILL_AREA_STYLE ('',( #686 ) ) ;
#55 = ORIENTED_EDGE ( 'NONE', *, *, #1304, .F. ) ;
#56 = CARTESIAN_POINT ( 'NONE',  ( -1.724999999999999645, 0.3649999999999999911, -1.725000000000000311 ) ) ;
#57 = ORIENTED_EDGE ( 'NONE', *, *, #774, .T. ) ;
#58 = FILL_AREA_STYLE ('',( #1205 ) ) ;
#59 = ADVANCED_FACE ( 'NONE', ( #1273 ), #915, .T. ) ;
#60 = SURFACE_STYLE_FILL_AREA ( #1347 ) ;
#61 =( NAMED_UNIT ( * ) SI_UNIT ( $, .STERADIAN. ) SOLID_ANGLE_UNIT ( ) );
#62 =( LENGTH_UNIT ( ) NAMED_UNIT ( * ) SI_UNIT ( .MILLI., .METRE. ) );
#63 = ORIENTED_EDGE ( 'NONE', *, *, #1506, .T. ) ;
#64 =( LENGTH_UNIT ( ) NAMED_UNIT ( * ) SI_UNIT ( .MILLI., .METRE. ) );
#65 = EDGE_CURVE ( 'NONE', #1601, #579, #909, .T. ) ;
#66 = SURFACE_SIDE_STYLE ('',( #221 ) ) ;
#67 = ORIENTED_EDGE ( 'NONE', *, *, #1010, .T. ) ;
#68 = DIRECTION ( 'NONE',  ( 1.000000000000000000, 0.000000000000000000, -6.570922257487906296E-17 ) ) ;
#69 = CARTESIAN_POINT ( 'NONE',  ( 0.000000000000000000, 1.614843740462092558, 0.000000000000000000 ) ) ;
#70 = ORIENTED_EDGE ( 'NONE', *, *, #1092, .F. ) ;
#71 = PRESENTATION_LAYER_ASSIGNMENT (  '', '', ( #614 ) ) ;
#72 = VECTOR ( 'NONE', #1256, 1000.000000000000000 ) ;
#73 =( GEOMETRIC_REPRESENTATION_CONTEXT ( 3 ) GLOBAL_UNCERTAINTY_ASSIGNED_CONTEXT ( ( #1257 ) ) GLOBAL_UNIT_ASSIGNED_CONTEXT ( ( #1371, #1234, #840 ) ) REPRESENTATION_CONTEXT ( 'NONE', 'WORKASPACE' ) );
#74 = COLOUR_RGB ( '',0.6666666666666666297, 0.6980392156862744724, 0.7686274509803920907 ) ;
#75 = PLANE ( 'NONE',  #1441 ) ;
#76 = SURFACE_STYLE_FILL_AREA ( #1248 ) ;
#77 = SURFACE_SIDE_STYLE ('',( #60 ) ) ;
#78 = PRESENTATION_LAYER_ASSIGNMENT (  '', '', ( #818 ) ) ;
#79 = FILL_AREA_STYLE_COLOUR ( '', #460 ) ;
#80 = DIRECTION ( 'NONE',  ( 0.000000000000000000, 0.000000000000000000, -1.000000000000000000 ) ) ;
#81 = EDGE_LOOP ( 'NONE', ( #707, #294, #63, #311 ) ) ;
#82 = FILL_AREA_STYLE ('',( #1242 ) ) ;
#83 = SURFACE_SIDE_STYLE ('',( #964 ) ) ;
#84 = FILL_AREA_STYLE ('',( #1379 ) ) ;
#85 = FILL_AREA_STYLE_COLOUR ( '', #923 ) ;
#86 =( LENGTH_UNIT ( ) NAMED_UNIT ( * ) SI_UNIT ( .MILLI., .METRE. ) );
#87 = VERTEX_POINT ( 'NONE', #892 ) ;
#88 = DIRECTION ( 'NONE',  ( -0.000000000000000000, -1.000000000000000000, -0.000000000000000000 ) ) ;
#89 = UNCERTAINTY_MEASURE_WITH_UNIT (LENGTH_MEASURE( 1.000000000000000082E-05 ), #1633, 'distance_accuracy_value', 'NONE');
#90 = SURFACE_STYLE_USAGE ( .BOTH. , #1267 ) ;
#91 = DIRECTION ( 'NONE',  ( -0.000000000000000000, -1.000000000000000000, -0.000000000000000000 ) ) ;
#92 = ORIENTED_EDGE ( 'NONE', *, *, #106, .T. ) ;
#93 = MECHANICAL_DESIGN_GEOMETRIC_PRESENTATION_REPRESENTATION (  '', ( #17 ), #204 ) ;
#94 = ADVANCED_FACE ( 'NONE', ( #630 ), #440, .F. ) ;
#95 = DIRECTION ( 'NONE',  ( -0.000000000000000000, -1.000000000000000000, -0.000000000000000000 ) ) ;
#96 = PRESENTATION_LAYER_ASSIGNMENT (  '', '', ( #1524 ) ) ;
#97 =( GEOMETRIC_REPRESENTATION_CONTEXT ( 3 ) GLOBAL_UNCERTAINTY_ASSIGNED_CONTEXT ( ( #487 ) ) GLOBAL_UNIT_ASSIGNED_CONTEXT ( ( #1639, #1026, #112 ) ) REPRESENTATION_CONTEXT ( 'NONE', 'WORKASPACE' ) );
#98 = FILL_AREA_STYLE_COLOUR ( '', #836 ) ;
#99 = FACE_OUTER_BOUND ( 'NONE', #252, .T. ) ;
#100 = PRESENTATION_LAYER_ASSIGNMENT (  '', '', ( #511 ) ) ;
#101 = CARTESIAN_POINT ( 'NONE',  ( 1.566351502203937867E-16, 0.3849999999999999534, 1.279023064686481748 ) ) ;
#102 = VERTEX_POINT ( 'NONE', #1321 ) ;
#103 = SURFACE_SIDE_STYLE ('',( #1255 ) ) ;
#104 = VERTEX_POINT ( 'NONE', #1461 ) ;
#105 = SPHERICAL_SURFACE ( 'NONE', #871, 1.279999999999999805 ) ;
#106 = EDGE_CURVE ( 'NONE', #573, #552, #1349, .T. ) ;
#107 = CARTESIAN_POINT ( 'NONE',  ( -1.724999999999999645, 0.3649999999999999911, -1.725000000000000311 ) ) ;
#108 = DIRECTION ( 'NONE',  ( 0.000000000000000000, 0.000000000000000000, -1.000000000000000000 ) ) ;
#109 = VERTEX_POINT ( 'NONE', #679 ) ;
#110 = FACE_OUTER_BOUND ( 'NONE', #764, .T. ) ;
#111 = DIRECTION ( 'NONE',  ( -0.000000000000000000, -1.000000000000000000, -0.000000000000000000 ) ) ;
#112 =( NAMED_UNIT ( * ) SI_UNIT ( $, .STERADIAN. ) SOLID_ANGLE_UNIT ( ) );
#113 = CARTESIAN_POINT ( 'NONE',  ( 1.649999999999999911, -0.3649999999999999911, -1.649999999999997691 ) ) ;
#114 = EDGE_CURVE ( 'NONE', #1167, #365, #1432, .T. ) ;
#115 = FILL_AREA_STYLE_COLOUR ( '', #755 ) ;
#116 =( NAMED_UNIT ( * ) PLANE_ANGLE_UNIT ( ) SI_UNIT ( $, .RADIAN. ) );
#117 = ORIENTED_EDGE ( 'NONE', *, *, #347, .F. ) ;
#118 = PRESENTATION_LAYER_ASSIGNMENT (  '', '', ( #17 ) ) ;
#119 = UNCERTAINTY_MEASURE_WITH_UNIT (LENGTH_MEASURE( 1.000000000000000082E-05 ), #1653, 'distance_accuracy_value', 'NONE');
#120 = PRESENTATION_LAYER_ASSIGNMENT (  '', '', ( #1073 ) ) ;
#121 = CIRCLE ( 'NONE', #989, 1.279023064686481748 ) ;
#122 = FILL_AREA_STYLE_COLOUR ( '', #1515 ) ;
#123 = DIRECTION ( 'NONE',  ( -1.000000000000000000, 0.000000000000000000, 0.000000000000000000 ) ) ;
#124 = SURFACE_SIDE_STYLE ('',( #1014 ) ) ;
#125 = APPLICATION_PROTOCOL_DEFINITION ( 'draft international standard', 'automotive_design', 1998, #1066 ) ;
#126 = ADVANCED_FACE ( 'NONE', ( #280 ), #1209, .F. ) ;
#127 = CARTESIAN_POINT ( 'NONE',  ( -1.725000000000000533, 0.2500000000000000000, -1.725000000000000311 ) ) ;
#128 = STYLED_ITEM ( 'NONE', ( #140 ), #359 ) ;
#129 =( LENGTH_UNIT ( ) NAMED_UNIT ( * ) SI_UNIT ( .MILLI., .METRE. ) );
#130 = ORIENTED_EDGE ( 'NONE', *, *, #215, .F. ) ;
#131 = EDGE_LOOP ( 'NONE', ( #1286, #1121, #1386, #5 ) ) ;
#132 = VERTEX_POINT ( 'NONE', #1218 ) ;
#133 = VERTEX_POINT ( 'NONE', #1196 ) ;
#134 = DIRECTION ( 'NONE',  ( 0.000000000000000000, 0.000000000000000000, 1.000000000000000000 ) ) ;
#135 = LINE ( 'NONE', #127, #1236 ) ;
#136 = FILL_AREA_STYLE ('',( #1426 ) ) ;
#137 = EDGE_CURVE ( 'NONE', #935, #1221, #561, .T. ) ;
#138 = UNCERTAINTY_MEASURE_WITH_UNIT (LENGTH_MEASURE( 1.000000000000000082E-05 ), #1239, 'distance_accuracy_value', 'NONE');
#139 = CARTESIAN_POINT ( 'NONE',  ( -1.724999999999999645, 0.3649999999999999911, 1.724999999999999645 ) ) ;
#140 = PRESENTATION_STYLE_ASSIGNMENT (( #1325 ) ) ;
#141 = LINE ( 'NONE', #1188, #1447 ) ;
#142 = ORIENTED_EDGE ( 'NONE', *, *, #1266, .T. ) ;
#143 = EDGE_CURVE ( 'NONE', #1003, #104, #1158, .T. ) ;
#144 =( NAMED_UNIT ( * ) PLANE_ANGLE_UNIT ( ) SI_UNIT ( $, .RADIAN. ) );
#145 =( LENGTH_UNIT ( ) NAMED_UNIT ( * ) SI_UNIT ( .MILLI., .METRE. ) );
#146 = COLOUR_RGB ( '',1.000000000000000000, 1.000000000000000000, 0.7529411764705882248 ) ;
#147 = PRESENTATION_STYLE_ASSIGNMENT (( #1309 ) ) ;
#148 =( GEOMETRIC_REPRESENTATION_CONTEXT ( 3 ) GLOBAL_UNCERTAINTY_ASSIGNED_CONTEXT ( ( #399 ) ) GLOBAL_UNIT_ASSIGNED_CONTEXT ( ( #230, #473, #1131 ) ) REPRESENTATION_CONTEXT ( 'NONE', 'WORKASPACE' ) );
#149 = VECTOR ( 'NONE', #674, 1000.000000000000000 ) ;
#150 =( NAMED_UNIT ( * ) SI_UNIT ( $, .STERADIAN. ) SOLID_ANGLE_UNIT ( ) );
#151 = STYLED_ITEM ( 'NONE', ( #555 ), #370 ) ;
#152 = MECHANICAL_DESIGN_GEOMETRIC_PRESENTATION_REPRESENTATION (  '', ( #591 ), #1182 ) ;
#153 = DIRECTION ( 'NONE',  ( -6.570922257487912459E-17, 0.000000000000000000, 1.000000000000000000 ) ) ;
#154 = UNCERTAINTY_MEASURE_WITH_UNIT (LENGTH_MEASURE( 1.000000000000000082E-05 ), #1164, 'distance_accuracy_value', 'NONE');
#155 = FILL_AREA_STYLE_COLOUR ( '', #146 ) ;
#156 = FACE_OUTER_BOUND ( 'NONE', #81, .T. ) ;
#157 = CARTESIAN_POINT ( 'NONE',  ( 1.718581187105589381, 0.2520000000000000018, 1.718581187105589159 ) ) ;
#158 = SURFACE_STYLE_USAGE ( .BOTH. , #1089 ) ;
#159 = ORIENTED_EDGE ( 'NONE', *, *, #677, .T. ) ;
#160 = SURFACE_STYLE_USAGE ( .BOTH. , #408 ) ;
#161 = DIRECTION ( 'NONE',  ( 0.000000000000000000, 0.000000000000000000, -1.000000000000000000 ) ) ;
#162 = CARTESIAN_POINT ( 'NONE',  ( -1.725000000000000533, 0.2520000000000000018, 1.725000000000000311 ) ) ;
#163 = DIRECTION ( 'NONE',  ( 0.000000000000000000, 1.000000000000000000, 0.000000000000000000 ) ) ;
#164 = EDGE_CURVE ( 'NONE', #109, #579, #316, .T. ) ;
#165 = ORIENTED_EDGE ( 'NONE', *, *, #437, .T. ) ;
#166 =( GEOMETRIC_REPRESENTATION_CONTEXT ( 3 ) GLOBAL_UNCERTAINTY_ASSIGNED_CONTEXT ( ( #255 ) ) GLOBAL_UNIT_ASSIGNED_CONTEXT ( ( #64, #856, #1359 ) ) REPRESENTATION_CONTEXT ( 'NONE', 'WORKASPACE' ) );
#167 = CARTESIAN_POINT ( 'NONE',  ( 0.000000000000000000, 0.3849999999999999534, 0.000000000000000000 ) ) ;
#168 = DIRECTION ( 'NONE',  ( 0.000000000000000000, -1.000000000000000000, 0.000000000000000000 ) ) ;
#169 = DIRECTION ( 'NONE',  ( 1.000000000000000000, 0.000000000000000000, -0.000000000000000000 ) ) ;
#170 = SURFACE_STYLE_FILL_AREA ( #54 ) ;
#171 = ORIENTED_EDGE ( 'NONE', *, *, #617, .T. ) ;
#172 = PRESENTATION_STYLE_ASSIGNMENT (( #1328 ) ) ;
#173 = CIRCLE ( 'NONE', #398, 1.279999999999999805 ) ;
#174 = VECTOR ( 'NONE', #563, 1000.000000000000000 ) ;
#175 = COLOUR_RGB ( '',1.000000000000000000, 1.000000000000000000, 0.000000000000000000 ) ;
#176 = FACE_OUTER_BOUND ( 'NONE', #1480, .T. ) ;
#177 = ADVANCED_FACE ( 'NONE', ( #1113 ), #202, .F. ) ;
#178 = ORIENTED_EDGE ( 'NONE', *, *, #422, .T. ) ;
#179 = VECTOR ( 'NONE', #995, 1000.000000000000000 ) ;
#180 =( GEOMETRIC_REPRESENTATION_CONTEXT ( 3 ) GLOBAL_UNCERTAINTY_ASSIGNED_CONTEXT ( ( #1378 ) ) GLOBAL_UNIT_ASSIGNED_CONTEXT ( ( #1094, #1482, #1476 ) ) REPRESENTATION_CONTEXT ( 'NONE', 'WORKASPACE' ) );
#181 = ORIENTED_EDGE ( 'NONE', *, *, #446, .T. ) ;
#182 = EDGE_CURVE ( 'NONE', #133, #588, #222, .T. ) ;
#183 = MECHANICAL_DESIGN_GEOMETRIC_PRESENTATION_REPRESENTATION (  '', ( #459 ), #616 ) ;
#184 = SURFACE_STYLE_USAGE ( .BOTH. , #958 ) ;
#185 = DIRECTION ( 'NONE',  ( 1.000000000000000000, 0.000000000000000000, 0.000000000000000000 ) ) ;
#186 = DIRECTION ( 'NONE',  ( 0.000000000000000000, 0.000000000000000000, -1.000000000000000000 ) ) ;
#187 = ORIENTED_EDGE ( 'NONE', *, *, #1086, .F. ) ;
#188 = CARTESIAN_POINT ( 'NONE',  ( 1.725000000000000533, 0.3649999999999999911, 1.724999999999999645 ) ) ;
#189 = LINE ( 'NONE', #1593, #206 ) ;
#190 = EDGE_LOOP ( 'NONE', ( #1398, #1384 ) ) ;
#191 = EDGE_CURVE ( 'NONE', #1617, #104, #595, .T. ) ;
#192 = ORIENTED_EDGE ( 'NONE', *, *, #984, .T. ) ;
#193 = LINE ( 'NONE', #1620, #936 ) ;
#194 = FACE_OUTER_BOUND ( 'NONE', #605, .T. ) ;
#195 = ORIENTED_EDGE ( 'NONE', *, *, #1588, .T. ) ;
#196 = PLANE ( 'NONE',  #1449 ) ;
#197 = SURFACE_STYLE_FILL_AREA ( #1107 ) ;
#198 = ORIENTED_EDGE ( 'NONE', *, *, #437, .F. ) ;
#199 = PRODUCT_RELATED_PRODUCT_CATEGORY ( 'part', '', ( #1553 ) ) ;
#200 = LINE ( 'NONE', #866, #1047 ) ;
#201 = PRESENTATION_STYLE_ASSIGNMENT (( #1597 ) ) ;
#202 = PLANE ( 'NONE',  #1659 ) ;
#203 = FACE_OUTER_BOUND ( 'NONE', #358, .T. ) ;
#204 =( GEOMETRIC_REPRESENTATION_CONTEXT ( 3 ) GLOBAL_UNCERTAINTY_ASSIGNED_CONTEXT ( ( #1636 ) ) GLOBAL_UNIT_ASSIGNED_CONTEXT ( ( #1025, #1422, #1324 ) ) REPRESENTATION_CONTEXT ( 'NONE', 'WORKASPACE' ) );
#205 = ORIENTED_EDGE ( 'NONE', *, *, #328, .T. ) ;
#206 = VECTOR ( 'NONE', #934, 1000.000000000000000 ) ;
#207 =( GEOMETRIC_REPRESENTATION_CONTEXT ( 3 ) GLOBAL_UNCERTAINTY_ASSIGNED_CONTEXT ( ( #1516 ) ) GLOBAL_UNIT_ASSIGNED_CONTEXT ( ( #129, #893, #1302 ) ) REPRESENTATION_CONTEXT ( 'NONE', 'WORKASPACE' ) );
#208 =( GEOMETRIC_REPRESENTATION_CONTEXT ( 3 ) GLOBAL_UNCERTAINTY_ASSIGNED_CONTEXT ( ( #1436 ) ) GLOBAL_UNIT_ASSIGNED_CONTEXT ( ( #1192, #1560, #1542 ) ) REPRESENTATION_CONTEXT ( 'NONE', 'WORKASPACE' ) );
#209 = MECHANICAL_DESIGN_GEOMETRIC_PRESENTATION_REPRESENTATION (  '', ( #1395 ), #180 ) ;
#210 = VECTOR ( 'NONE', #1424, 1000.000000000000000 ) ;
#211 = STYLED_ITEM ( 'NONE', ( #31 ), #126 ) ;
#212 = CARTESIAN_POINT ( 'NONE',  ( -1.718581187105589381, 0.2520000000000000018, 1.718581187105589159 ) ) ;
#213 = PLANE ( 'NONE',  #1496 ) ;
#214 = FILL_AREA_STYLE ('',( #79 ) ) ;
#215 = EDGE_CURVE ( 'NONE', #1512, #450, #976, .T. ) ;
#216 = DIRECTION ( 'NONE',  ( 1.000000000000000000, 0.000000000000000000, 0.000000000000000000 ) ) ;
#217 = ORIENTED_EDGE ( 'NONE', *, *, #1427, .T. ) ;
#218 = DIRECTION ( 'NONE',  ( 0.000000000000000000, 0.000000000000000000, -1.000000000000000000 ) ) ;
#219 = SURFACE_STYLE_USAGE ( .BOTH. , #608 ) ;
#220 = PRESENTATION_STYLE_ASSIGNMENT (( #476 ) ) ;
#221 = SURFACE_STYLE_FILL_AREA ( #719 ) ;
#222 = LINE ( 'NONE', #464, #1208 ) ;
#223 = PRESENTATION_STYLE_ASSIGNMENT (( #1245 ) ) ;
#224 = ADVANCED_FACE ( 'NONE', ( #477 ), #196, .T. ) ;
#225 = VERTEX_POINT ( 'NONE', #584 ) ;
#226 = SURFACE_SIDE_STYLE ('',( #502 ) ) ;
#227 =( NAMED_UNIT ( * ) SI_UNIT ( $, .STERADIAN. ) SOLID_ANGLE_UNIT ( ) );
#228 = CARTESIAN_POINT ( 'NONE',  ( 7.960204194457795477E-17, 1.635000000000000231, 0.000000000000000000 ) ) ;
#229 = EDGE_LOOP ( 'NONE', ( #355, #1262, #851, #187 ) ) ;
#230 =( LENGTH_UNIT ( ) NAMED_UNIT ( * ) SI_UNIT ( .MILLI., .METRE. ) );
#231 = VECTOR ( 'NONE', #337, 1000.000000000000000 ) ;
#232 = AXIS2_PLACEMENT_3D ( 'NONE', #1296, #34, #424 ) ;
#233 = MECHANICAL_DESIGN_GEOMETRIC_PRESENTATION_REPRESENTATION (  '', ( #1075 ), #148 ) ;
#234 = PRESENTATION_LAYER_ASSIGNMENT (  '', '', ( #1551 ) ) ;
#235 = DIRECTION ( 'NONE',  ( -0.000000000000000000, -0.000000000000000000, -1.000000000000000000 ) ) ;
#236 = FILL_AREA_STYLE_COLOUR ( '', #1263 ) ;
#237 = ORIENTED_EDGE ( 'NONE', *, *, #1071, .F. ) ;
#238 = LINE ( 'NONE', #662, #1602 ) ;
#239 = SURFACE_STYLE_FILL_AREA ( #1276 ) ;
#240 = EDGE_CURVE ( 'NONE', #1069, #552, #1105, .T. ) ;
#241 = UNCERTAINTY_MEASURE_WITH_UNIT (LENGTH_MEASURE( 1.000000000000000082E-05 ), #1284, 'distance_accuracy_value', 'NONE');
#242 = SPHERICAL_SURFACE ( 'NONE', #811, 1.300000000000000044 ) ;
#243 = CARTESIAN_POINT ( 'NONE',  ( 0.000000000000000000, 0.3649999999999999911, 0.000000000000000000 ) ) ;
#244 = DIRECTION ( 'NONE',  ( 0.000000000000000000, 0.000000000000000000, -1.000000000000000000 ) ) ;
#245 = DIRECTION ( 'NONE',  ( -1.000000000000000000, -0.000000000000000000, -0.000000000000000000 ) ) ;
#246 = CARTESIAN_POINT ( 'NONE',  ( -0.6500000000000000222, -0.3629999999999999893, -1.649999999999998579 ) ) ;
#247 = FACE_BOUND ( 'NONE', #1220, .T. ) ;
#248 =( GEOMETRIC_REPRESENTATION_CONTEXT ( 3 ) GLOBAL_UNCERTAINTY_ASSIGNED_CONTEXT ( ( #547 ) ) GLOBAL_UNIT_ASSIGNED_CONTEXT ( ( #1556, #144, #1354 ) ) REPRESENTATION_CONTEXT ( 'NONE', 'WORKASPACE' ) );
#249 = CARTESIAN_POINT ( 'NONE',  ( 0.000000000000000000, 0.000000000000000000, 0.000000000000000000 ) ) ;
#250 = CARTESIAN_POINT ( 'NONE',  ( -1.299653800055999398, 0.3649999999999999911, 1.591616866238273768E-16 ) ) ;
#251 = CARTESIAN_POINT ( 'NONE',  ( 0.000000000000000000, 0.3649999999999999911, 0.000000000000000000 ) ) ;
#252 = EDGE_LOOP ( 'NONE', ( #506, #883, #57, #1322, #1382, #1591, #171, #971, #640, #1135, #192, #117 ) ) ;
#253 = CIRCLE ( 'NONE', #372, 1.279999999999999805 ) ;
#254 = ORIENTED_EDGE ( 'NONE', *, *, #191, .F. ) ;
#255 = UNCERTAINTY_MEASURE_WITH_UNIT (LENGTH_MEASURE( 1.000000000000000082E-05 ), #64, 'distance_accuracy_value', 'NONE');
#256 = CIRCLE ( 'NONE', #1389, 1.279023064686481748 ) ;
#257 = MECHANICAL_DESIGN_GEOMETRIC_PRESENTATION_REPRESENTATION (  '', ( #870 ), #317 ) ;
#258 = SURFACE_STYLE_FILL_AREA ( #911 ) ;
#259 = SURFACE_STYLE_FILL_AREA ( #913 ) ;
#260 = VECTOR ( 'NONE', #1629, 1000.000000000000000 ) ;
#261 = MECHANICAL_DESIGN_GEOMETRIC_PRESENTATION_REPRESENTATION (  '', ( #1050 ), #1129 ) ;
#262 = COLOUR_RGB ( '',1.000000000000000000, 1.000000000000000000, 0.000000000000000000 ) ;
#263 =( NAMED_UNIT ( * ) PLANE_ANGLE_UNIT ( ) SI_UNIT ( $, .RADIAN. ) );
#264 = ADVANCED_FACE ( 'NONE', ( #720 ), #1237, .F. ) ;
#265 = VECTOR ( 'NONE', #1187, 1000.000000000000000 ) ;
#266 = DIRECTION ( 'NONE',  ( 1.000000000000000000, 0.000000000000000000, -3.285461128743956229E-17 ) ) ;
#267 = CARTESIAN_POINT ( 'NONE',  ( -1.149999999999999689, -0.3629999999999999893, -1.649999999999998579 ) ) ;
#268 = CARTESIAN_POINT ( 'NONE',  ( 1.725000000000000533, 0.3649999999999999911, 1.724999999999999645 ) ) ;
#269 = LINE ( 'NONE', #549, #149 ) ;
#270 = EDGE_LOOP ( 'NONE', ( #421, #1594, #625, #334 ) ) ;
#271 = DIRECTION ( 'NONE',  ( -0.000000000000000000, -1.000000000000000000, -0.000000000000000000 ) ) ;
#272 = LINE ( 'NONE', #384, #1341 ) ;
#273 =( NAMED_UNIT ( * ) PLANE_ANGLE_UNIT ( ) SI_UNIT ( $, .RADIAN. ) );
#274 = EDGE_LOOP ( 'NONE', ( #1640, #1011, #1425, #1353, #1103, #1469, #960, #861, #1362, #612, #627, #320 ) ) ;
#275 = SURFACE_SIDE_STYLE ('',( #776 ) ) ;
#276 = SURFACE_STYLE_USAGE ( .BOTH. , #531 ) ;
#277 = UNCERTAINTY_MEASURE_WITH_UNIT (LENGTH_MEASURE( 1.000000000000000082E-05 ), #379, 'distance_accuracy_value', 'NONE');
#278 = SURFACE_SIDE_STYLE ('',( #1555 ) ) ;
#279 = DIRECTION ( 'NONE',  ( 0.000000000000000000, -1.000000000000000000, 0.000000000000000000 ) ) ;
#280 = FACE_OUTER_BOUND ( 'NONE', #1574, .T. ) ;
#281 = CARTESIAN_POINT ( 'NONE',  ( -1.149999999999999689, -0.3629999999999999893, -1.649999999999998579 ) ) ;
#282 =( NAMED_UNIT ( * ) SI_UNIT ( $, .STERADIAN. ) SOLID_ANGLE_UNIT ( ) );
#283 = DIRECTION ( 'NONE',  ( 0.000000000000000000, -1.000000000000000000, 0.000000000000000000 ) ) ;
#284 = COLOUR_RGB ( '',0.6666666666666666297, 0.6980392156862744724, 0.7686274509803920907 ) ;
#285 = FACE_OUTER_BOUND ( 'NONE', #982, .T. ) ;
#286 = DIRECTION ( 'NONE',  ( 0.000000000000000000, -1.000000000000000000, 0.000000000000000000 ) ) ;
#287 = COLOUR_RGB ( '',0.6666666666666666297, 0.6980392156862744724, 0.7686274509803920907 ) ;
#288 = CARTESIAN_POINT ( 'NONE',  ( 0.6500000000000001332, -0.3629999999999999893, -1.649999999999997469 ) ) ;
#289 = VECTOR ( 'NONE', #648, 1000.000000000000000 ) ;
#290 = DIRECTION ( 'NONE',  ( 0.000000000000000000, 0.000000000000000000, -1.000000000000000000 ) ) ;
#291 = AXIS2_PLACEMENT_3D ( 'NONE', #30, #1301, #954 ) ;
#292 = ORIENTED_EDGE ( 'NONE', *, *, #1506, .F. ) ;
#293 = VECTOR ( 'NONE', #1429, 1000.000000000000000 ) ;
#294 = ORIENTED_EDGE ( 'NONE', *, *, #1295, .T. ) ;
#295 = VECTOR ( 'NONE', #185, 1000.000000000000000 ) ;
#296 = CARTESIAN_POINT ( 'NONE',  ( -0.6499999999999999112, -0.3629999999999999893, 1.649999999999998135 ) ) ;
#297 = PRESENTATION_STYLE_ASSIGNMENT (( #683 ) ) ;
#298 = CARTESIAN_POINT ( 'NONE',  ( 1.725000000000000533, 0.2500000000000000000, 1.725000000000000311 ) ) ;
#299 = ADVANCED_FACE ( 'NONE', ( #901 ), #1007, .F. ) ;
#300 = CARTESIAN_POINT ( 'NONE',  ( 0.000000000000000000, 0.3649999999999999911, 0.000000000000000000 ) ) ;
#301 = DIRECTION ( 'NONE',  ( 1.000000000000000000, -0.000000000000000000, -0.000000000000000000 ) ) ;
#302 = DIRECTION ( 'NONE',  ( 0.000000000000000000, 0.000000000000000000, -1.000000000000000000 ) ) ;
#303 = EDGE_LOOP ( 'NONE', ( #292, #1144, #761, #1017 ) ) ;
#304 = ORIENTED_EDGE ( 'NONE', *, *, #413, .F. ) ;
#305 = DIRECTION ( 'NONE',  ( -6.570922257487914924E-17, 0.000000000000000000, -1.000000000000000000 ) ) ;
#306 = CARTESIAN_POINT ( 'NONE',  ( -1.718581187105589381, 0.2500000000000000000, 1.718581187105589159 ) ) ;
#307 = FILL_AREA_STYLE_COLOUR ( '', #1609 ) ;
#308 = EDGE_CURVE ( 'NONE', #528, #772, #402, .T. ) ;
#309 = DIRECTION ( 'NONE',  ( -0.000000000000000000, -1.000000000000000000, -0.000000000000000000 ) ) ;
#310 = EDGE_CURVE ( 'NONE', #1221, #528, #1035, .T. ) ;
#311 = ORIENTED_EDGE ( 'NONE', *, *, #1044, .T. ) ;
#312 = CARTESIAN_POINT ( 'NONE',  ( 1.725000000000000533, 0.3649999999999999911, 1.724999999999999645 ) ) ;
#313 = DIRECTION ( 'NONE',  ( 0.000000000000000000, 0.000000000000000000, -1.000000000000000000 ) ) ;
#314 = DIRECTION ( 'NONE',  ( -0.000000000000000000, -1.000000000000000000, -0.000000000000000000 ) ) ;
#315 = DIRECTION ( 'NONE',  ( -1.000000000000000000, 0.000000000000000000, -0.000000000000000000 ) ) ;
#316 = LINE ( 'NONE', #542, #643 ) ;
#317 =( GEOMETRIC_REPRESENTATION_CONTEXT ( 3 ) GLOBAL_UNCERTAINTY_ASSIGNED_CONTEXT ( ( #1421 ) ) GLOBAL_UNIT_ASSIGNED_CONTEXT ( ( #1559, #1337, #150 ) ) REPRESENTATION_CONTEXT ( 'NONE', 'WORKASPACE' ) );
#318 =( NAMED_UNIT ( * ) SI_UNIT ( $, .STERADIAN. ) SOLID_ANGLE_UNIT ( ) );
#319 = EDGE_CURVE ( 'NONE', #1610, #1464, #875, .T. ) ;
#320 = ORIENTED_EDGE ( 'NONE', *, *, #597, .F. ) ;
#321 = VECTOR ( 'NONE', #430, 1000.000000000000000 ) ;
#322 = ORIENTED_EDGE ( 'NONE', *, *, #486, .T. ) ;
#323 = STYLED_ITEM ( 'NONE', ( #1623 ), #224 ) ;
#324 = CYLINDRICAL_SURFACE ( 'NONE', #698, 1.279023064686481748 ) ;
#325 = CARTESIAN_POINT ( 'NONE',  ( -1.649999999999999689, -0.3149999999999999467, 1.649999999999998357 ) ) ;
#326 = FILL_AREA_STYLE_COLOUR ( '', #838 ) ;
#327 = ORIENTED_EDGE ( 'NONE', *, *, #143, .F. ) ;
#328 = EDGE_CURVE ( 'NONE', #104, #1003, #1477, .T. ) ;
#329 = CARTESIAN_POINT ( 'NONE',  ( 0.000000000000000000, 0.3350000000000002420, 0.000000000000000000 ) ) ;
#330 = CARTESIAN_POINT ( 'NONE',  ( 1.149999999999999911, -0.3629999999999999893, -1.649999999999997469 ) ) ;
#331 = ORIENTED_EDGE ( 'NONE', *, *, #732, .T. ) ;
#332 = DIRECTION ( 'NONE',  ( 6.570922257487906296E-17, -0.000000000000000000, 1.000000000000000000 ) ) ;
#333 = FILL_AREA_STYLE ('',( #1624 ) ) ;
#334 = ORIENTED_EDGE ( 'NONE', *, *, #474, .T. ) ;
#335 = DIRECTION ( 'NONE',  ( -1.000000000000000000, 0.000000000000000000, 6.570922257487906296E-17 ) ) ;
#336 = FILL_AREA_STYLE ('',( #490 ) ) ;
#337 = DIRECTION ( 'NONE',  ( 3.285461128743957462E-17, -0.000000000000000000, -1.000000000000000000 ) ) ;
#338 = AXIS2_PLACEMENT_3D ( 'NONE', #609, #745, #1012 ) ;
#339 = ORIENTED_EDGE ( 'NONE', *, *, #1134, .T. ) ;
#340 = PRODUCT_DEFINITION_FORMATION_WITH_SPECIFIED_SOURCE ( 'ANY', '', #1553, .NOT_KNOWN. ) ;
#341 = AXIS2_PLACEMENT_3D ( 'NONE', #646, #1552, #904 ) ;
#342 = CARTESIAN_POINT ( 'NONE',  ( -1.724999999999999645, 0.3649999999999999911, 1.724999999999999645 ) ) ;
#343 = VECTOR ( 'NONE', #1320, 1000.000000000000000 ) ;
#344 = MECHANICAL_DESIGN_GEOMETRIC_PRESENTATION_REPRESENTATION (  '', ( #1078 ), #248 ) ;
#345 = DIRECTION ( 'NONE',  ( 0.000000000000000000, 0.000000000000000000, -1.000000000000000000 ) ) ;
#346 = UNCERTAINTY_MEASURE_WITH_UNIT (LENGTH_MEASURE( 1.000000000000000082E-05 ), #1028, 'distance_accuracy_value', 'NONE');
#347 = EDGE_CURVE ( 'NONE', #109, #792, #767, .T. ) ;
#348 = FILL_AREA_STYLE_COLOUR ( '', #1199 ) ;
#349 = CARTESIAN_POINT ( 'NONE',  ( 1.718581187105589381, 0.2500000000000000000, 1.718581187105589159 ) ) ;
#350 = SPHERICAL_SURFACE ( 'NONE', #18, 1.279999999999999805 ) ;
#351 = ORIENTED_EDGE ( 'NONE', *, *, #49, .F. ) ;
#352 = DIRECTION ( 'NONE',  ( -0.000000000000000000, -1.000000000000000000, -0.000000000000000000 ) ) ;
#353 = FACE_OUTER_BOUND ( 'NONE', #442, .T. ) ;
#354 = PLANE ( 'NONE',  #232 ) ;
#355 = ORIENTED_EDGE ( 'NONE', *, *, #1660, .F. ) ;
#356 = DIRECTION ( 'NONE',  ( 0.000000000000000000, 0.000000000000000000, -1.000000000000000000 ) ) ;
#357 = CARTESIAN_POINT ( 'NONE',  ( -1.279023064686481748, 0.3849999999999999534, 1.566351502203937867E-16 ) ) ;
#358 = EDGE_LOOP ( 'NONE', ( #1484, #1444, #361, #142, #322 ) ) ;
#359 = ADVANCED_FACE ( 'NONE', ( #787, #247 ), #10, .F. ) ;
#360 = CARTESIAN_POINT ( 'NONE',  ( 1.650000000000000133, -0.3149999999999999467, 1.649999999999998135 ) ) ;
#361 = ORIENTED_EDGE ( 'NONE', *, *, #1021, .T. ) ;
#362 = CARTESIAN_POINT ( 'NONE',  ( 0.000000000000000000, 0.3350000000000002420, 0.000000000000000000 ) ) ;
#363 = UNCERTAINTY_MEASURE_WITH_UNIT (LENGTH_MEASURE( 1.000000000000000082E-05 ), #1485, 'distance_accuracy_value', 'NONE');
#364 = DIRECTION ( 'NONE',  ( -1.000000000000000000, 0.000000000000000000, 0.000000000000000000 ) ) ;
#365 = VERTEX_POINT ( 'NONE', #1195 ) ;
#366 =( LENGTH_UNIT ( ) NAMED_UNIT ( * ) SI_UNIT ( .MILLI., .METRE. ) );
#367 = DIRECTION ( 'NONE',  ( 1.000000000000000000, 0.000000000000000000, 0.000000000000000000 ) ) ;
#368 = MECHANICAL_DESIGN_GEOMETRIC_PRESENTATION_REPRESENTATION (  '', ( #985 ), #1098 ) ;
#369 = FILL_AREA_STYLE_COLOUR ( '', #585 ) ;
#370 = ADVANCED_FACE ( 'NONE', ( #953 ), #930, .F. ) ;
#371 = MECHANICAL_DESIGN_GEOMETRIC_PRESENTATION_REPRESENTATION (  '', ( #1073 ), #453 ) ;
#372 = AXIS2_PLACEMENT_3D ( 'NONE', #738, #469, #570 ) ;
#373 = ORIENTED_EDGE ( 'NONE', *, *, #65, .T. ) ;
#374 = MECHANICAL_DESIGN_GEOMETRIC_PRESENTATION_REPRESENTATION (  '', ( #918 ), #1518 ) ;
#375 = LINE ( 'NONE', #1377, #589 ) ;
#376 = VECTOR ( 'NONE', #1043, 1000.000000000000000 ) ;
#377 = VECTOR ( 'NONE', #661, 1000.000000000000000 ) ;
#378 = SURFACE_SIDE_STYLE ('',( #1163 ) ) ;
#379 =( LENGTH_UNIT ( ) NAMED_UNIT ( * ) SI_UNIT ( .MILLI., .METRE. ) );
#380 = ORIENTED_EDGE ( 'NONE', *, *, #996, .T. ) ;
#381 = MECHANICAL_DESIGN_GEOMETRIC_PRESENTATION_REPRESENTATION (  '', ( #151 ), #1023 ) ;
#382 =( NAMED_UNIT ( * ) SI_UNIT ( $, .STERADIAN. ) SOLID_ANGLE_UNIT ( ) );
#383 = VECTOR ( 'NONE', #286, 1000.000000000000000 ) ;
#384 = CARTESIAN_POINT ( 'NONE',  ( 1.725000000000000533, 0.3649999999999999911, 1.724999999999999645 ) ) ;
#385 = ORIENTED_EDGE ( 'NONE', *, *, #606, .F. ) ;
#386 = FACE_OUTER_BOUND ( 'NONE', #691, .T. ) ;
#387 = EDGE_LOOP ( 'NONE', ( #327, #1406 ) ) ;
#388 = CARTESIAN_POINT ( 'NONE',  ( 0.000000000000000000, 0.000000000000000000, 0.000000000000000000 ) ) ;
#389 = UNCERTAINTY_MEASURE_WITH_UNIT (LENGTH_MEASURE( 1.000000000000000082E-05 ), #572, 'distance_accuracy_value', 'NONE');
#390 = FACE_OUTER_BOUND ( 'NONE', #1130, .T. ) ;
#391 = SURFACE_STYLE_FILL_AREA ( #1532 ) ;
#392 = CARTESIAN_POINT ( 'NONE',  ( 0.000000000000000000, 0.3350000000000002420, 0.000000000000000000 ) ) ;
#393 = CARTESIAN_POINT ( 'NONE',  ( 0.000000000000000000, 0.3350000000000002420, 0.000000000000000000 ) ) ;
#394 = DIRECTION ( 'NONE',  ( 0.000000000000000000, 0.000000000000000000, 1.000000000000000000 ) ) ;
#395 = EDGE_CURVE ( 'NONE', #1247, #724, #53, .T. ) ;
#396 =( NAMED_UNIT ( * ) PLANE_ANGLE_UNIT ( ) SI_UNIT ( $, .RADIAN. ) );
#397 = FILL_AREA_STYLE ('',( #115 ) ) ;
#398 = AXIS2_PLACEMENT_3D ( 'NONE', #329, #1360, #718 ) ;
#399 = UNCERTAINTY_MEASURE_WITH_UNIT (LENGTH_MEASURE( 1.000000000000000082E-05 ), #230, 'distance_accuracy_value', 'NONE');
#400 = VECTOR ( 'NONE', #1548, 1000.000000000000000 ) ;
#401 = DIRECTION ( 'NONE',  ( -1.000000000000000000, 0.000000000000000000, 0.000000000000000000 ) ) ;
#402 = LINE ( 'NONE', #1293, #565 ) ;
#403 = EDGE_CURVE ( 'NONE', #1464, #39, #513, .T. ) ;
#404 = LINE ( 'NONE', #902, #400 ) ;
#405 = CARTESIAN_POINT ( 'NONE',  ( 0.000000000000000000, 1.614843740462092558, 0.000000000000000000 ) ) ;
#406 =( GEOMETRIC_REPRESENTATION_CONTEXT ( 3 ) GLOBAL_UNCERTAINTY_ASSIGNED_CONTEXT ( ( #665 ) ) GLOBAL_UNIT_ASSIGNED_CONTEXT ( ( #145, #1466, #1065 ) ) REPRESENTATION_CONTEXT ( 'NONE', 'WORKASPACE' ) );
#407 = CARTESIAN_POINT ( 'NONE',  ( 1.725000000000000533, 0.2520000000000000018, -1.725000000000000311 ) ) ;
#408 = SURFACE_SIDE_STYLE ('',( #1323 ) ) ;
#409 = SURFACE_SIDE_STYLE ('',( #536 ) ) ;
#410 = PLANE ( 'NONE',  #291 ) ;
#411 = SURFACE_STYLE_FILL_AREA ( #1056 ) ;
#412 = SURFACE_SIDE_STYLE ('',( #1219 ) ) ;
#413 = EDGE_CURVE ( 'NONE', #1191, #845, #569, .T. ) ;
#414 = UNCERTAINTY_MEASURE_WITH_UNIT (LENGTH_MEASURE( 1.000000000000000082E-05 ), #757, 'distance_accuracy_value', 'NONE');
#415 = PRESENTATION_STYLE_ASSIGNMENT (( #41 ) ) ;
#416 =( LENGTH_UNIT ( ) NAMED_UNIT ( * ) SI_UNIT ( .MILLI., .METRE. ) );
#417 = DIRECTION ( 'NONE',  ( 0.000000000000000000, 0.000000000000000000, 1.000000000000000000 ) ) ;
#418 = LINE ( 'NONE', #162, #343 ) ;
#419 = DIRECTION ( 'NONE',  ( 1.000000000000000000, 0.000000000000000000, -0.000000000000000000 ) ) ;
#420 = VERTEX_POINT ( 'NONE', #823 ) ;
#421 = ORIENTED_EDGE ( 'NONE', *, *, #710, .T. ) ;
#422 = EDGE_CURVE ( 'NONE', #517, #1433, #685, .T. ) ;
#423 = CARTESIAN_POINT ( 'NONE',  ( 0.000000000000000000, 0.000000000000000000, -1.279023064686481748 ) ) ;
#424 = DIRECTION ( 'NONE',  ( 0.000000000000000000, -0.000000000000000000, -1.000000000000000000 ) ) ;
#425 = CARTESIAN_POINT ( 'NONE',  ( 1.650000000000000133, -0.3149999999999999467, 1.649999999999998135 ) ) ;
#426 = VERTEX_POINT ( 'NONE', #1308 ) ;
#427 = SURFACE_STYLE_USAGE ( .BOTH. , #669 ) ;
#428 = COLOUR_RGB ( '',0.6666666666666666297, 0.6980392156862744724, 0.7686274509803920907 ) ;
#429 = VECTOR ( 'NONE', #245, 1000.000000000000000 ) ;
#430 = DIRECTION ( 'NONE',  ( -1.000000000000000000, 0.000000000000000000, 0.000000000000000000 ) ) ;
#431 = STYLED_ITEM ( 'NONE', ( #147 ), #914 ) ;
#432 = VECTOR ( 'NONE', #550, 1000.000000000000000 ) ;
#433 = ORIENTED_EDGE ( 'NONE', *, *, #498, .F. ) ;
#434 = VECTOR ( 'NONE', #859, 1000.000000000000000 ) ;
#435 = FACE_OUTER_BOUND ( 'NONE', #1287, .T. ) ;
#436 = DIRECTION ( 'NONE',  ( -0.000000000000000000, -1.000000000000000000, -0.000000000000000000 ) ) ;
#437 = EDGE_CURVE ( 'NONE', #450, #772, #438, .T. ) ;
#438 = LINE ( 'NONE', #445, #383 ) ;
#439 =( LENGTH_UNIT ( ) NAMED_UNIT ( * ) SI_UNIT ( .MILLI., .METRE. ) );
#440 = PLANE ( 'NONE',  #726 ) ;
#441 = PRESENTATION_STYLE_ASSIGNMENT (( #1584 ) ) ;
#442 = EDGE_LOOP ( 'NONE', ( #1001, #820, #701, #571 ) ) ;
#443 = FACE_BOUND ( 'NONE', #1240, .T. ) ;
#444 = SURFACE_STYLE_FILL_AREA ( #972 ) ;
#445 = CARTESIAN_POINT ( 'NONE',  ( 1.718581187105589381, 0.2520000000000000018, -1.718581187105589159 ) ) ;
#446 = EDGE_CURVE ( 'NONE', #552, #1356, #1299, .T. ) ;
#447 = CARTESIAN_POINT ( 'NONE',  ( -1.724999999999999645, 0.3649999999999999911, 1.724999999999999645 ) ) ;
#448 =( NAMED_UNIT ( * ) PLANE_ANGLE_UNIT ( ) SI_UNIT ( $, .RADIAN. ) );
#449 = CARTESIAN_POINT ( 'NONE',  ( 1.299653800055999398, 0.3649999999999999911, 0.000000000000000000 ) ) ;
#450 = VERTEX_POINT ( 'NONE', #796 ) ;
#451 = DIRECTION ( 'NONE',  ( 0.000000000000000000, -1.000000000000000000, 0.000000000000000000 ) ) ;
#452 = LINE ( 'NONE', #1233, #664 ) ;
#453 =( GEOMETRIC_REPRESENTATION_CONTEXT ( 3 ) GLOBAL_UNCERTAINTY_ASSIGNED_CONTEXT ( ( #533 ) ) GLOBAL_UNIT_ASSIGNED_CONTEXT ( ( #86, #604, #478 ) ) REPRESENTATION_CONTEXT ( 'NONE', 'WORKASPACE' ) );
#454 = SURFACE_STYLE_USAGE ( .BOTH. , #577 ) ;
#455 = CARTESIAN_POINT ( 'NONE',  ( 1.149999999999999911, -0.3629999999999999893, -1.649999999999997469 ) ) ;
#456 = AXIS2_PLACEMENT_3D ( 'NONE', #986, #602, #315 ) ;
#457 = EDGE_LOOP ( 'NONE', ( #1507, #55, #1585, #637 ) ) ;
#458 = VECTOR ( 'NONE', #878, 1000.000000000000000 ) ;
#459 = STYLED_ITEM ( 'NONE', ( #999 ), #177 ) ;
#460 = COLOUR_RGB ( '',0.000000000000000000, 1.000000000000000000, 0.000000000000000000 ) ;
#461 = CARTESIAN_POINT ( 'NONE',  ( 0.000000000000000000, 0.3849999999999999534, 0.000000000000000000 ) ) ;
#462 = FILL_AREA_STYLE_COLOUR ( '', #699 ) ;
#463 = EDGE_LOOP ( 'NONE', ( #1072, #1351, #1110 ) ) ;
#464 = CARTESIAN_POINT ( 'NONE',  ( -1.724999999999999645, 0.3649999999999999911, -1.725000000000000311 ) ) ;
#465 = CARTESIAN_POINT ( 'NONE',  ( -1.718581187105589381, 0.2520000000000000018, 1.718581187105589159 ) ) ;
#466 = ORIENTED_EDGE ( 'NONE', *, *, #539, .T. ) ;
#467 = ORIENTED_EDGE ( 'NONE', *, *, #191, .T. ) ;
#468 = CARTESIAN_POINT ( 'NONE',  ( 0.6500000000000000222, -0.3629999999999999893, 1.649999999999998135 ) ) ;
#469 = DIRECTION ( 'NONE',  ( 0.000000000000000000, 0.000000000000000000, -1.000000000000000000 ) ) ;
#470 = DIRECTION ( 'NONE',  ( 3.285461128743956229E-17, 0.000000000000000000, 1.000000000000000000 ) ) ;
#471 =( NAMED_UNIT ( * ) PLANE_ANGLE_UNIT ( ) SI_UNIT ( $, .RADIAN. ) );
#472 = ORIENTED_EDGE ( 'NONE', *, *, #566, .T. ) ;
#473 =( NAMED_UNIT ( * ) PLANE_ANGLE_UNIT ( ) SI_UNIT ( $, .RADIAN. ) );
#474 = EDGE_CURVE ( 'NONE', #1290, #87, #658, .T. ) ;
#475 = VECTOR ( 'NONE', #1366, 1000.000000000000000 ) ;
#476 = SURFACE_STYLE_USAGE ( .BOTH. , #1590 ) ;
#477 = FACE_OUTER_BOUND ( 'NONE', #274, .T. ) ;
#478 =( NAMED_UNIT ( * ) SI_UNIT ( $, .STERADIAN. ) SOLID_ANGLE_UNIT ( ) );
#479 = MECHANICAL_DESIGN_GEOMETRIC_PRESENTATION_REPRESENTATION (  '', ( #638 ), #1440 ) ;
#480 = ORIENTED_EDGE ( 'NONE', *, *, #106, .F. ) ;
#481 = CIRCLE ( 'NONE', #839, 1.299653800055999398 ) ;
#482 = DIRECTION ( 'NONE',  ( 1.000000000000000000, -0.000000000000000000, -0.000000000000000000 ) ) ;
#483 = PRESENTATION_LAYER_ASSIGNMENT (  '', '', ( #1231 ) ) ;
#484 = VECTOR ( 'NONE', #955, 1000.000000000000000 ) ;
#485 = PLANE ( 'NONE',  #1495 ) ;
#486 = EDGE_CURVE ( 'NONE', #1617, #1549, #1109, .T. ) ;
#487 = UNCERTAINTY_MEASURE_WITH_UNIT (LENGTH_MEASURE( 1.000000000000000082E-05 ), #1639, 'distance_accuracy_value', 'NONE');
#488 = AXIS2_PLACEMENT_3D ( 'NONE', #243, #271, #1539 ) ;
#489 = FILL_AREA_STYLE_COLOUR ( '', #805 ) ;
#490 = FILL_AREA_STYLE_COLOUR ( '', #262 ) ;
#491 = ORIENTED_EDGE ( 'NONE', *, *, #717, .T. ) ;
#492 = VERTEX_POINT ( 'NONE', #703 ) ;
#493 = FILL_AREA_STYLE_COLOUR ( '', #920 ) ;
#494 =( NAMED_UNIT ( * ) PLANE_ANGLE_UNIT ( ) SI_UNIT ( $, .RADIAN. ) );
#495 = FILL_AREA_STYLE_COLOUR ( '', #1019 ) ;
#496 = EDGE_LOOP ( 'NONE', ( #629, #956, #472, #518 ) ) ;
#497 = DIRECTION ( 'NONE',  ( -1.000000000000000000, 0.000000000000000000, 0.000000000000000000 ) ) ;
#498 = EDGE_CURVE ( 'NONE', #588, #1170, #837, .T. ) ;
#499 = ORIENTED_EDGE ( 'NONE', *, *, #240, .T. ) ;
#500 = CARTESIAN_POINT ( 'NONE',  ( 1.718581187105589381, 0.2520000000000000018, 1.718581187105589159 ) ) ;
#501 = ORIENTED_EDGE ( 'NONE', *, *, #1030, .T. ) ;
#502 = SURFACE_STYLE_FILL_AREA ( #881 ) ;
#503 = UNCERTAINTY_MEASURE_WITH_UNIT (LENGTH_MEASURE( 1.000000000000000082E-05 ), #1460, 'distance_accuracy_value', 'NONE');
#504 = CARTESIAN_POINT ( 'NONE',  ( 1.725000000000000533, 0.3649999999999999911, 1.724999999999999645 ) ) ;
#505 = SURFACE_STYLE_USAGE ( .BOTH. , #124 ) ;
#506 = ORIENTED_EDGE ( 'NONE', *, *, #854, .F. ) ;
#507 = CARTESIAN_POINT ( 'NONE',  ( -1.725000000000000533, 0.2520000000000000018, -1.725000000000000311 ) ) ;
#508 =( GEOMETRIC_REPRESENTATION_CONTEXT ( 3 ) GLOBAL_UNCERTAINTY_ASSIGNED_CONTEXT ( ( #138 ) ) GLOBAL_UNIT_ASSIGNED_CONTEXT ( ( #1239, #471, #1612 ) ) REPRESENTATION_CONTEXT ( 'NONE', 'WORKASPACE' ) );
#509 = AXIS2_PLACEMENT_3D ( 'NONE', #727, #1508, #887 ) ;
#510 = LINE ( 'NONE', #744, #179 ) ;
#511 = STYLED_ITEM ( 'NONE', ( #1408 ), #59 ) ;
#512 = CARTESIAN_POINT ( 'NONE',  ( 0.000000000000000000, 0.3350000000000002420, 0.000000000000000000 ) ) ;
#513 = CIRCLE ( 'NONE', #946, 1.299653800055999398 ) ;
#514 = DIRECTION ( 'NONE',  ( 0.000000000000000000, 0.000000000000000000, -1.000000000000000000 ) ) ;
#515 = MECHANICAL_DESIGN_GEOMETRIC_PRESENTATION_REPRESENTATION (  '', ( #818 ), #73 ) ;
#516 = LINE ( 'NONE', #768, #868 ) ;
#517 = VERTEX_POINT ( 'NONE', #1216 ) ;
#518 = ORIENTED_EDGE ( 'NONE', *, *, #114, .T. ) ;
#519 = ADVANCED_FACE ( 'NONE', ( #594 ), #729, .F. ) ;
#520 = UNCERTAINTY_MEASURE_WITH_UNIT (LENGTH_MEASURE( 1.000000000000000082E-05 ), #1265, 'distance_accuracy_value', 'NONE');
#521 =( NAMED_UNIT ( * ) SI_UNIT ( $, .STERADIAN. ) SOLID_ANGLE_UNIT ( ) );
#522 = VERTEX_POINT ( 'NONE', #1615 ) ;
#523 = CARTESIAN_POINT ( 'NONE',  ( 0.000000000000000000, 0.3350000000000002420, 0.000000000000000000 ) ) ;
#524 = SURFACE_STYLE_FILL_AREA ( #1289 ) ;
#525 = ORIENTED_EDGE ( 'NONE', *, *, #1143, .T. ) ;
#526 = ADVANCED_FACE ( 'NONE', ( #1224, #1361 ), #213, .T. ) ;
#527 = FILL_AREA_STYLE ('',( #155 ) ) ;
#528 = VERTEX_POINT ( 'NONE', #349 ) ;
#529 = DIRECTION ( 'NONE',  ( 0.000000000000000000, -0.000000000000000000, 1.000000000000000000 ) ) ;
#530 = ORIENTED_EDGE ( 'NONE', *, *, #824, .F. ) ;
#531 = SURFACE_SIDE_STYLE ('',( #524 ) ) ;
#532 = VECTOR ( 'NONE', #1370, 1000.000000000000000 ) ;
#533 = UNCERTAINTY_MEASURE_WITH_UNIT (LENGTH_MEASURE( 1.000000000000000082E-05 ), #86, 'distance_accuracy_value', 'NONE');
#534 =( GEOMETRIC_REPRESENTATION_CONTEXT ( 3 ) GLOBAL_UNCERTAINTY_ASSIGNED_CONTEXT ( ( #346 ) ) GLOBAL_UNIT_ASSIGNED_CONTEXT ( ( #1028, #924, #788 ) ) REPRESENTATION_CONTEXT ( 'NONE', 'WORKASPACE' ) );
#535 = MECHANICAL_DESIGN_GEOMETRIC_PRESENTATION_REPRESENTATION (  '', ( #614 ), #937 ) ;
#536 = SURFACE_STYLE_FILL_AREA ( #822 ) ;
#537 = STYLED_ITEM ( 'NONE', ( #1060 ), #968 ) ;
#538 = AXIS2_PLACEMENT_3D ( 'NONE', #504, #123, #771 ) ;
#539 = EDGE_CURVE ( 'NONE', #1264, #905, #704, .T. ) ;
#540 = DIRECTION ( 'NONE',  ( -0.000000000000000000, 0.000000000000000000, 1.000000000000000000 ) ) ;
#541 = COLOUR_RGB ( '',1.000000000000000000, 1.000000000000000000, 0.000000000000000000 ) ;
#542 = CARTESIAN_POINT ( 'NONE',  ( -0.6500000000000000222, -0.3649999999999999911, -1.649999999999998579 ) ) ;
#543 =( GEOMETRIC_REPRESENTATION_CONTEXT ( 3 ) GLOBAL_UNCERTAINTY_ASSIGNED_CONTEXT ( ( #154 ) ) GLOBAL_UNIT_ASSIGNED_CONTEXT ( ( #1164, #396, #1546 ) ) REPRESENTATION_CONTEXT ( 'NONE', 'WORKASPACE' ) );
#544 = PLANE ( 'NONE',  #44 ) ;
#545 = DIRECTION ( 'NONE',  ( 0.000000000000000000, 0.000000000000000000, -1.000000000000000000 ) ) ;
#546 = ADVANCED_FACE ( 'NONE', ( #850 ), #242, .T. ) ;
#547 = UNCERTAINTY_MEASURE_WITH_UNIT (LENGTH_MEASURE( 1.000000000000000082E-05 ), #1556, 'distance_accuracy_value', 'NONE');
#548 = FACE_OUTER_BOUND ( 'NONE', #754, .T. ) ;
#549 = CARTESIAN_POINT ( 'NONE',  ( -1.718581187105589381, 0.2520000000000000018, 1.718581187105589159 ) ) ;
#550 = DIRECTION ( 'NONE',  ( -0.000000000000000000, -1.000000000000000000, -0.000000000000000000 ) ) ;
#551 = ADVANCED_FACE ( 'NONE', ( #194 ), #1148, .F. ) ;
#552 = VERTEX_POINT ( 'NONE', #1013 ) ;
#553 =( NAMED_UNIT ( * ) PLANE_ANGLE_UNIT ( ) SI_UNIT ( $, .RADIAN. ) );
#554 =( NAMED_UNIT ( * ) PLANE_ANGLE_UNIT ( ) SI_UNIT ( $, .RADIAN. ) );
#555 = PRESENTATION_STYLE_ASSIGNMENT (( #427 ) ) ;
#556 = COLOUR_RGB ( '',1.000000000000000000, 1.000000000000000000, 0.000000000000000000 ) ;
#557 = AXIS2_PLACEMENT_3D ( 'NONE', #523, #791, #1 ) ;
#558 = SURFACE_SIDE_STYLE ('',( #1578 ) ) ;
#559 = ORIENTED_EDGE ( 'NONE', *, *, #1637, .T. ) ;
#560 =( GEOMETRIC_REPRESENTATION_CONTEXT ( 3 ) GLOBAL_UNCERTAINTY_ASSIGNED_CONTEXT ( ( #1567 ) ) GLOBAL_UNIT_ASSIGNED_CONTEXT ( ( #439, #273, #697 ) ) REPRESENTATION_CONTEXT ( 'NONE', 'WORKASPACE' ) );
#561 = LINE ( 'NONE', #1336, #484 ) ;
#562 = CIRCLE ( 'NONE', #1022, 0.02000000000000000042 ) ;
#563 = DIRECTION ( 'NONE',  ( 6.570922257487914924E-17, 0.000000000000000000, 1.000000000000000000 ) ) ;
#564 = EDGE_LOOP ( 'NONE', ( #217, #675, #730, #165 ) ) ;
#565 = VECTOR ( 'NONE', #623, 1000.000000000000000 ) ;
#566 = EDGE_CURVE ( 'NONE', #1471, #1167, #1392, .T. ) ;
#567 = CARTESIAN_POINT ( 'NONE',  ( 1.149999999999999911, -0.3649999999999999911, -1.649999999999997469 ) ) ;
#568 = CARTESIAN_POINT ( 'NONE',  ( 1.650000000000000133, -0.3649999999999999911, 1.649999999999998135 ) ) ;
#569 = LINE ( 'NONE', #1088, #265 ) ;
#570 = DIRECTION ( 'NONE',  ( -1.000000000000000000, 0.000000000000000000, 0.000000000000000000 ) ) ;
#571 = ORIENTED_EDGE ( 'NONE', *, *, #847, .T. ) ;
#572 =( LENGTH_UNIT ( ) NAMED_UNIT ( * ) SI_UNIT ( .MILLI., .METRE. ) );
#573 = VERTEX_POINT ( 'NONE', #644 ) ;
#574 = CARTESIAN_POINT ( 'NONE',  ( 1.649999999999999911, -0.3149999999999999467, -1.649999999999997691 ) ) ;
#575 = ADVANCED_FACE ( 'NONE', ( #99 ), #1383, .T. ) ;
#576 = CARTESIAN_POINT ( 'NONE',  ( -1.725000000000000533, 0.2520000000000000018, 1.725000000000000311 ) ) ;
#577 = SURFACE_SIDE_STYLE ('',( #740 ) ) ;
#578 = DIRECTION ( 'NONE',  ( 6.570922257487912459E-17, -0.000000000000000000, -1.000000000000000000 ) ) ;
#579 = VERTEX_POINT ( 'NONE', #651 ) ;
#580 = CARTESIAN_POINT ( 'NONE',  ( -0.6499999999999999112, -0.3629999999999999893, 1.649999999999998135 ) ) ;
#581 =( NAMED_UNIT ( * ) SI_UNIT ( $, .STERADIAN. ) SOLID_ANGLE_UNIT ( ) );
#582 = SURFACE_SIDE_STYLE ('',( #1355 ) ) ;
#583 = AXIS2_PLACEMENT_3D ( 'NONE', #249, #1300, #1015 ) ;
#584 = CARTESIAN_POINT ( 'NONE',  ( -0.02000000000000000042, 1.614843740462092558, 7.954222190934420685E-17 ) ) ;
#585 = COLOUR_RGB ( '',0.6666666666666666297, 0.6980392156862744724, 0.7686274509803920907 ) ;
#586 = CARTESIAN_POINT ( 'NONE',  ( 0.6500000000000001332, -0.3629999999999999893, -1.649999999999997469 ) ) ;
#587 = COLOUR_RGB ( '',0.6666666666666666297, 0.6980392156862744724, 0.7686274509803920907 ) ;
#588 = VERTEX_POINT ( 'NONE', #684 ) ;
#589 = VECTOR ( 'NONE', #95, 1000.000000000000000 ) ;
#590 =( GEOMETRIC_REPRESENTATION_CONTEXT ( 3 ) GLOBAL_UNCERTAINTY_ASSIGNED_CONTEXT ( ( #7 ) ) GLOBAL_UNIT_ASSIGNED_CONTEXT ( ( #1564, #448, #43 ) ) REPRESENTATION_CONTEXT ( 'NONE', 'WORKASPACE' ) );
#591 = STYLED_ITEM ( 'NONE', ( #1027 ), #264 ) ;
#592 = AXIS2_PLACEMENT_3D ( 'NONE', #1214, #1345, #313 ) ;
#593 = DIRECTION ( 'NONE',  ( 0.000000000000000000, -1.000000000000000000, 0.000000000000000000 ) ) ;
#594 = FACE_OUTER_BOUND ( 'NONE', #229, .T. ) ;
#595 = LINE ( 'NONE', #1127, #896 ) ;
#596 = LINE ( 'NONE', #455, #1099 ) ;
#597 = EDGE_CURVE ( 'NONE', #888, #522, #942, .T. ) ;
#598 = VERTEX_POINT ( 'NONE', #298 ) ;
#599 = SURFACE_STYLE_USAGE ( .BOTH. , #993 ) ;
#600 = SURFACE_STYLE_USAGE ( .BOTH. , #83 ) ;
#601 = CARTESIAN_POINT ( 'NONE',  ( -1.724999999999999645, 0.3649999999999999911, -1.725000000000000311 ) ) ;
#602 = DIRECTION ( 'NONE',  ( 0.000000000000000000, 0.000000000000000000, -1.000000000000000000 ) ) ;
#603 =( NAMED_UNIT ( * ) PLANE_ANGLE_UNIT ( ) SI_UNIT ( $, .RADIAN. ) );
#604 =( NAMED_UNIT ( * ) PLANE_ANGLE_UNIT ( ) SI_UNIT ( $, .RADIAN. ) );
#605 = EDGE_LOOP ( 'NONE', ( #1479, #783, #1443, #649 ) ) ;
#606 = EDGE_CURVE ( 'NONE', #1275, #132, #269, .T. ) ;
#607 = EDGE_CURVE ( 'NONE', #1247, #1191, #27, .T. ) ;
#608 = SURFACE_SIDE_STYLE ('',( #239 ) ) ;
#609 = CARTESIAN_POINT ( 'NONE',  ( -1.724999999999999645, 0.3649999999999999911, 1.724999999999999645 ) ) ;
#610 = DIRECTION ( 'NONE',  ( 0.000000000000000000, 0.000000000000000000, -1.000000000000000000 ) ) ;
#611 = PLANE ( 'NONE',  #1201 ) ;
#612 = ORIENTED_EDGE ( 'NONE', *, *, #1459, .F. ) ;
#613 = STYLED_ITEM ( 'NONE', ( #804 ), #1486 ) ;
#614 = STYLED_ITEM ( 'NONE', ( #1137 ), #1246 ) ;
#615 = COLOUR_RGB ( '',1.000000000000000000, 1.000000000000000000, 0.7529411764705882248 ) ;
#616 =( GEOMETRIC_REPRESENTATION_CONTEXT ( 3 ) GLOBAL_UNCERTAINTY_ASSIGNED_CONTEXT ( ( #89 ) ) GLOBAL_UNIT_ASSIGNED_CONTEXT ( ( #1633, #603, #227 ) ) REPRESENTATION_CONTEXT ( 'NONE', 'WORKASPACE' ) );
#617 = EDGE_CURVE ( 'NONE', #741, #426, #1423, .T. ) ;
#618 = UNCERTAINTY_MEASURE_WITH_UNIT (LENGTH_MEASURE( 1.000000000000000082E-05 ), #1638, 'distance_accuracy_value', 'NONE');
#619 = MECHANICAL_DESIGN_GEOMETRIC_PRESENTATION_REPRESENTATION (  '', ( #323 ), #1053 ) ;
#620 = SURFACE_STYLE_USAGE ( .BOTH. , #378 ) ;
#621 =( NAMED_UNIT ( * ) PLANE_ANGLE_UNIT ( ) SI_UNIT ( $, .RADIAN. ) );
#622 = ORIENTED_EDGE ( 'NONE', *, *, #1021, .F. ) ;
#623 = DIRECTION ( 'NONE',  ( 0.000000000000000000, 0.000000000000000000, -1.000000000000000000 ) ) ;
#624 = DIRECTION ( 'NONE',  ( -0.000000000000000000, -1.000000000000000000, -0.000000000000000000 ) ) ;
#625 = ORIENTED_EDGE ( 'NONE', *, *, #1414, .T. ) ;
#626 =( NAMED_UNIT ( * ) SI_UNIT ( $, .STERADIAN. ) SOLID_ANGLE_UNIT ( ) );
#627 = ORIENTED_EDGE ( 'NONE', *, *, #847, .F. ) ;
#628 = FILL_AREA_STYLE ('',( #122 ) ) ;
#629 = ORIENTED_EDGE ( 'NONE', *, *, #885, .F. ) ;
#630 = FACE_OUTER_BOUND ( 'NONE', #457, .T. ) ;
#631 = SURFACE_STYLE_USAGE ( .BOTH. , #275 ) ;
#632 = ORIENTED_EDGE ( 'NONE', *, *, #854, .T. ) ;
#633 = DIRECTION ( 'NONE',  ( 0.000000000000000000, 0.000000000000000000, 1.000000000000000000 ) ) ;
#634 = CARTESIAN_POINT ( 'NONE',  ( -1.649999999999999689, -0.3149999999999999467, -1.649999999999997691 ) ) ;
#635 = ORIENTED_EDGE ( 'NONE', *, *, #1338, .F. ) ;
#636 = DIRECTION ( 'NONE',  ( 1.000000000000000000, 0.000000000000000000, 0.000000000000000000 ) ) ;
#637 = ORIENTED_EDGE ( 'NONE', *, *, #1630, .F. ) ;
#638 = STYLED_ITEM ( 'NONE', ( #220 ), #1055 ) ;
#639 = PRESENTATION_LAYER_ASSIGNMENT (  '', '', ( #1075 ) ) ;
#640 = ORIENTED_EDGE ( 'NONE', *, *, #1544, .F. ) ;
#641 =( NAMED_UNIT ( * ) PLANE_ANGLE_UNIT ( ) SI_UNIT ( $, .RADIAN. ) );
#642 = AXIS2_PLACEMENT_3D ( 'NONE', #759, #1292, #1562 ) ;
#643 = VECTOR ( 'NONE', #470, 1000.000000000000000 ) ;
#644 = CARTESIAN_POINT ( 'NONE',  ( 1.725000000000000533, 0.3649999999999999911, 1.724999999999999645 ) ) ;
#645 = PRODUCT_CONTEXT ( 'NONE', #1066, 'mechanical' ) ;
#646 = CARTESIAN_POINT ( 'NONE',  ( 0.000000000000000000, -0.3149999999999999467, 0.000000000000000000 ) ) ;
#647 = EDGE_CURVE ( 'NONE', #1275, #935, #1063, .T. ) ;
#648 = DIRECTION ( 'NONE',  ( 6.570922257487912459E-17, -0.000000000000000000, -1.000000000000000000 ) ) ;
#649 = ORIENTED_EDGE ( 'NONE', *, *, #833, .F. ) ;
#650 = SURFACE_SIDE_STYLE ('',( #1450 ) ) ;
#651 = CARTESIAN_POINT ( 'NONE',  ( -0.6499999999999999112, -0.3649999999999999911, 1.649999999999998135 ) ) ;
#652 = SURFACE_SIDE_STYLE ('',( #259 ) ) ;
#653 = DIRECTION ( 'NONE',  ( -1.000000000000000000, -0.000000000000000000, -0.000000000000000000 ) ) ;
#654 = PRESENTATION_STYLE_ASSIGNMENT (( #1409 ) ) ;
#655 = ORIENTED_EDGE ( 'NONE', *, *, #566, .F. ) ;
#656 = PLANE ( 'NONE',  #780 ) ;
#657 = CARTESIAN_POINT ( 'NONE',  ( 1.649999999999999911, -0.3149999999999999467, -1.649999999999997691 ) ) ;
#658 = LINE ( 'NONE', #1059, #295 ) ;
#659 = STYLED_ITEM ( 'NONE', ( #52 ), #743 ) ;
#660 = FILL_AREA_STYLE_COLOUR ( '', #74 ) ;
#661 = DIRECTION ( 'NONE',  ( -1.000000000000000000, 0.000000000000000000, 6.570922257487906296E-17 ) ) ;
#662 = CARTESIAN_POINT ( 'NONE',  ( 0.6500000000000001332, -0.3649999999999999911, -1.649999999999997469 ) ) ;
#663 =( NAMED_UNIT ( * ) SI_UNIT ( $, .STERADIAN. ) SOLID_ANGLE_UNIT ( ) );
#664 = VECTOR ( 'NONE', #1102, 1000.000000000000000 ) ;
#665 = UNCERTAINTY_MEASURE_WITH_UNIT (LENGTH_MEASURE( 1.000000000000000082E-05 ), #145, 'distance_accuracy_value', 'NONE');
#666 = PRESENTATION_LAYER_ASSIGNMENT (  '', '', ( #1395 ) ) ;
#667 =( NAMED_UNIT ( * ) SI_UNIT ( $, .STERADIAN. ) SOLID_ANGLE_UNIT ( ) );
#668 = ADVANCED_FACE ( 'NONE', ( #285 ), #1168, .F. ) ;
#669 = SURFACE_SIDE_STYLE ('',( #814 ) ) ;
#670 = CLOSED_SHELL ( 'NONE', ( #546, #1246, #789, #1613, #753, #526, #59, #126 ) ) ;
#671 = DIRECTION ( 'NONE',  ( -1.000000000000000000, 0.000000000000000000, -0.000000000000000000 ) ) ;
#672 = CARTESIAN_POINT ( 'NONE',  ( 1.149999999999999911, -0.3629999999999999893, 1.649999999999998135 ) ) ;
#673 = FILL_AREA_STYLE ('',( #1052 ) ) ;
#674 = DIRECTION ( 'NONE',  ( -0.000000000000000000, -0.000000000000000000, 1.000000000000000000 ) ) ;
#675 = ORIENTED_EDGE ( 'NONE', *, *, #647, .F. ) ;
#676 = CARTESIAN_POINT ( 'NONE',  ( 1.650000000000000133, -0.3149999999999999467, 1.649999999999998135 ) ) ;
#677 = EDGE_CURVE ( 'NONE', #1298, #1331, #922, .T. ) ;
#678 = FACE_OUTER_BOUND ( 'NONE', #270, .T. ) ;
#679 = CARTESIAN_POINT ( 'NONE',  ( -0.6500000000000000222, -0.3649999999999999911, -1.649999999999998579 ) ) ;
#680 = CARTESIAN_POINT ( 'NONE',  ( 1.149999999999999911, -0.3629999999999999893, -1.649999999999997469 ) ) ;
#681 = ORIENTED_EDGE ( 'NONE', *, *, #926, .F. ) ;
#682 =( NAMED_UNIT ( * ) PLANE_ANGLE_UNIT ( ) SI_UNIT ( $, .RADIAN. ) );
#683 = SURFACE_STYLE_USAGE ( .BOTH. , #278 ) ;
#684 = CARTESIAN_POINT ( 'NONE',  ( -1.724999999999999645, 0.3649999999999999911, -1.725000000000000311 ) ) ;
#685 = LINE ( 'NONE', #1438, #1419 ) ;
#686 = FILL_AREA_STYLE_COLOUR ( '', #1259 ) ;
#687 = DIRECTION ( 'NONE',  ( 0.000000000000000000, -0.000000000000000000, 1.000000000000000000 ) ) ;
#688 = APPLICATION_CONTEXT ( 'automotive_design' ) ;
#689 = LINE ( 'NONE', #1197, #174 ) ;
#690 = EDGE_CURVE ( 'NONE', #1170, #1069, #1317, .T. ) ;
#691 = EDGE_LOOP ( 'NONE', ( #1641, #835, #1108, #178 ) ) ;
#692 = DIRECTION ( 'NONE',  ( 1.000000000000000000, -0.000000000000000000, -0.000000000000000000 ) ) ;
#693 = STYLED_ITEM ( 'NONE', ( #297 ), #1222 ) ;
#694 = FILL_AREA_STYLE_COLOUR ( '', #987 ) ;
#695 = CARTESIAN_POINT ( 'NONE',  ( 0.000000000000000000, 0.2500000000000000000, 0.000000000000000000 ) ) ;
#696 = MECHANICAL_DESIGN_GEOMETRIC_PRESENTATION_REPRESENTATION (  '', ( #721 ), #207 ) ;
#697 =( NAMED_UNIT ( * ) SI_UNIT ( $, .STERADIAN. ) SOLID_ANGLE_UNIT ( ) );
#698 = AXIS2_PLACEMENT_3D ( 'NONE', #388, #1650, #345 ) ;
#699 = COLOUR_RGB ( '',1.000000000000000000, 1.000000000000000000, 0.000000000000000000 ) ;
#700 = LINE ( 'NONE', #586, #231 ) ;
#701 = ORIENTED_EDGE ( 'NONE', *, *, #1414, .F. ) ;
#702 = ADVANCED_FACE ( 'NONE', ( #156 ), #35, .T. ) ;
#703 = CARTESIAN_POINT ( 'NONE',  ( -1.725000000000000533, -0.3149999999999999467, 1.724999999999999645 ) ) ;
#704 = LINE ( 'NONE', #330, #458 ) ;
#705 = VERTEX_POINT ( 'NONE', #715 ) ;
#706 = FILL_AREA_STYLE ('',( #1190 ) ) ;
#707 = ORIENTED_EDGE ( 'NONE', *, *, #677, .F. ) ;
#708 = ORIENTED_EDGE ( 'NONE', *, *, #319, .F. ) ;
#709 = PRESENTATION_STYLE_ASSIGNMENT (( #184 ) ) ;
#710 = EDGE_CURVE ( 'NONE', #87, #888, #1487, .T. ) ;
#711 = CARTESIAN_POINT ( 'NONE',  ( 0.6500000000000000222, -0.3629999999999999893, 1.649999999999998135 ) ) ;
#712 = FILL_AREA_STYLE_COLOUR ( '', #782 ) ;
#713 = ORIENTED_EDGE ( 'NONE', *, *, #879, .T. ) ;
#714 = EDGE_LOOP ( 'NONE', ( #1543, #1582, #1095, #632 ) ) ;
#715 = CARTESIAN_POINT ( 'NONE',  ( -1.150000000000000133, -0.3649999999999999911, 1.649999999999998357 ) ) ;
#716 = PRESENTATION_LAYER_ASSIGNMENT (  '', '', ( #985 ) ) ;
#717 = EDGE_CURVE ( 'NONE', #132, #1221, #1117, .T. ) ;
#718 = DIRECTION ( 'NONE',  ( 1.000000000000000000, 0.000000000000000000, -1.224646799147353207E-16 ) ) ;
#719 = FILL_AREA_STYLE ('',( #712 ) ) ;
#720 = FACE_OUTER_BOUND ( 'NONE', #1226, .T. ) ;
#721 = STYLED_ITEM ( 'NONE', ( #654 ), #1329 ) ;
#722 = STYLED_ITEM ( 'NONE', ( #13 ), #906 ) ;
#723 = MECHANICAL_DESIGN_GEOMETRIC_PRESENTATION_REPRESENTATION (  '', ( #1551 ), #1446 ) ;
#724 = VERTEX_POINT ( 'NONE', #568 ) ;
#725 =( GEOMETRIC_REPRESENTATION_CONTEXT ( 3 ) GLOBAL_UNCERTAINTY_ASSIGNED_CONTEXT ( ( #938 ) ) GLOBAL_UNIT_ASSIGNED_CONTEXT ( ( #1608, #877, #581 ) ) REPRESENTATION_CONTEXT ( 'NONE', 'WORKASPACE' ) );
#726 = AXIS2_PLACEMENT_3D ( 'NONE', #947, #817, #290 ) ;
#727 = CARTESIAN_POINT ( 'NONE',  ( 0.000000000000000000, 0.2520000000000000018, 0.000000000000000000 ) ) ;
#728 = DIRECTION ( 'NONE',  ( -0.000000000000000000, -1.000000000000000000, -0.000000000000000000 ) ) ;
#729 = PLANE ( 'NONE',  #456 ) ;
#730 = ORIENTED_EDGE ( 'NONE', *, *, #952, .F. ) ;
#731 =( NAMED_UNIT ( * ) PLANE_ANGLE_UNIT ( ) SI_UNIT ( $, .RADIAN. ) );
#732 = EDGE_CURVE ( 'NONE', #1598, #1601, #1100, .T. ) ;
#733 = SURFACE_STYLE_USAGE ( .BOTH. , #1000 ) ;
#734 = VERTEX_POINT ( 'NONE', #1243 ) ;
#735 = EDGE_CURVE ( 'NONE', #888, #579, #1213, .T. ) ;
#736 = CARTESIAN_POINT ( 'NONE',  ( 1.649999999999999911, -0.3649999999999999911, -1.649999999999997691 ) ) ;
#737 = CARTESIAN_POINT ( 'NONE',  ( -1.149999999999999911, -0.3629999999999999893, 1.649999999999998135 ) ) ;
#738 = CARTESIAN_POINT ( 'NONE',  ( 0.000000000000000000, 0.3350000000000002420, 0.000000000000000000 ) ) ;
#739 = SURFACE_STYLE_USAGE ( .BOTH. , #66 ) ;
#740 = SURFACE_STYLE_FILL_AREA ( #336 ) ;
#741 = VERTEX_POINT ( 'NONE', #574 ) ;
#742 = DIRECTION ( 'NONE',  ( -0.000000000000000000, -0.000000000000000000, 1.000000000000000000 ) ) ;
#743 = ADVANCED_FACE ( 'NONE', ( #979 ), #75, .F. ) ;
#744 = CARTESIAN_POINT ( 'NONE',  ( 0.6500000000000001332, -0.3629999999999999893, -1.649999999999997469 ) ) ;
#745 = DIRECTION ( 'NONE',  ( 0.000000000000000000, 0.000000000000000000, -1.000000000000000000 ) ) ;
#746 = MECHANICAL_DESIGN_GEOMETRIC_PRESENTATION_REPRESENTATION (  '', ( #613 ), #1517 ) ;
#747 = STYLED_ITEM ( 'NONE', ( #1400 ), #1173 ) ;
#748 = ORIENTED_EDGE ( 'NONE', *, *, #1338, .T. ) ;
#749 =( GEOMETRIC_REPRESENTATION_CONTEXT ( 3 ) GLOBAL_UNCERTAINTY_ASSIGNED_CONTEXT ( ( #1162 ) ) GLOBAL_UNIT_ASSIGNED_CONTEXT ( ( #1062, #921, #1306 ) ) REPRESENTATION_CONTEXT ( 'NONE', 'WORKASPACE' ) );
#750 = SURFACE_STYLE_FILL_AREA ( #82 ) ;
#751 = PRESENTATION_LAYER_ASSIGNMENT (  '', '', ( #894 ) ) ;
#752 = VECTOR ( 'NONE', #1193, 1000.000000000000000 ) ;
#753 = ADVANCED_FACE ( 'NONE', ( #1344 ), #324, .F. ) ;
#754 = EDGE_LOOP ( 'NONE', ( #961, #1332, #635, #373 ) ) ;
#755 = COLOUR_RGB ( '',1.000000000000000000, 1.000000000000000000, 0.000000000000000000 ) ;
#756 = PRODUCT_DEFINITION_SHAPE ( 'NONE', 'NONE',  #1054 ) ;
#757 =( LENGTH_UNIT ( ) NAMED_UNIT ( * ) SI_UNIT ( .MILLI., .METRE. ) );
#758 = COLOUR_RGB ( '',0.6666666666666666297, 0.6980392156862744724, 0.7686274509803920907 ) ;
#759 = CARTESIAN_POINT ( 'NONE',  ( 1.649999999999999911, -0.3149999999999999467, -1.649999999999997691 ) ) ;
#760 =( NAMED_UNIT ( * ) PLANE_ANGLE_UNIT ( ) SI_UNIT ( $, .RADIAN. ) );
#761 = ORIENTED_EDGE ( 'NONE', *, *, #1326, .T. ) ;
#762 = ORIENTED_EDGE ( 'NONE', *, *, #879, .F. ) ;
#763 = DIRECTION ( 'NONE',  ( 3.285461128743957462E-17, -0.000000000000000000, -1.000000000000000000 ) ) ;
#764 = EDGE_LOOP ( 'NONE', ( #1538, #1211, #67, #853, #622 ) ) ;
#765 = DIRECTION ( 'NONE',  ( 0.000000000000000000, 0.000000000000000000, 1.000000000000000000 ) ) ;
#766 = CARTESIAN_POINT ( 'NONE',  ( 1.725000000000000533, 0.3649999999999999911, -1.725000000000000311 ) ) ;
#767 = LINE ( 'NONE', #113, #1580 ) ;
#768 = CARTESIAN_POINT ( 'NONE',  ( -1.725000000000000533, -0.3149999999999999467, -1.724999999999999645 ) ) ;
#769 = DIRECTION ( 'NONE',  ( -0.000000000000000000, -1.000000000000000000, -0.000000000000000000 ) ) ;
#770 = CARTESIAN_POINT ( 'NONE',  ( 0.6500000000000001332, -0.3649999999999999911, -1.649999999999997469 ) ) ;
#771 = DIRECTION ( 'NONE',  ( 0.000000000000000000, 0.000000000000000000, 1.000000000000000000 ) ) ;
#772 = VERTEX_POINT ( 'NONE', #876 ) ;
#773 = CARTESIAN_POINT ( 'NONE',  ( 0.000000000000000000, -0.3629999999999999893, 0.000000000000000000 ) ) ;
#774 = EDGE_CURVE ( 'NONE', #1290, #365, #375, .T. ) ;
#775 = CARTESIAN_POINT ( 'NONE',  ( 1.650000000000000133, -0.3649999999999999911, 1.649999999999998135 ) ) ;
#776 = SURFACE_STYLE_FILL_AREA ( #136 ) ;
#777 = PRESENTATION_LAYER_ASSIGNMENT (  '', '', ( #870 ) ) ;
#778 = ORIENTED_EDGE ( 'NONE', *, *, #310, .F. ) ;
#779 = ORIENTED_EDGE ( 'NONE', *, *, #539, .F. ) ;
#780 = AXIS2_PLACEMENT_3D ( 'NONE', #1172, #1049, #305 ) ;
#781 = DIRECTION ( 'NONE',  ( -1.000000000000000000, 0.000000000000000000, -6.570922257487912459E-17 ) ) ;
#782 = COLOUR_RGB ( '',1.000000000000000000, 1.000000000000000000, 0.000000000000000000 ) ;
#783 = ORIENTED_EDGE ( 'NONE', *, *, #2, .F. ) ;
#784 =( NAMED_UNIT ( * ) SI_UNIT ( $, .STERADIAN. ) SOLID_ANGLE_UNIT ( ) );
#785 =( NAMED_UNIT ( * ) SI_UNIT ( $, .STERADIAN. ) SOLID_ANGLE_UNIT ( ) );
#786 = PRESENTATION_LAYER_ASSIGNMENT (  '', '', ( #591 ) ) ;
#787 = FACE_OUTER_BOUND ( 'NONE', #4, .T. ) ;
#788 =( NAMED_UNIT ( * ) SI_UNIT ( $, .STERADIAN. ) SOLID_ANGLE_UNIT ( ) );
#789 = ADVANCED_FACE ( 'NONE', ( #110 ), #105, .F. ) ;
#790 = SURFACE_STYLE_USAGE ( .BOTH. , #1029 ) ;
#791 = DIRECTION ( 'NONE',  ( 1.224646799147353207E-16, -0.000000000000000000, 1.000000000000000000 ) ) ;
#792 = VERTEX_POINT ( 'NONE', #770 ) ;
#793 = UNCERTAINTY_MEASURE_WITH_UNIT (LENGTH_MEASURE( 1.000000000000000082E-05 ), #62, 'distance_accuracy_value', 'NONE');
#794 = LINE ( 'NONE', #268, #1413 ) ;
#795 = CARTESIAN_POINT ( 'NONE',  ( -1.149999999999999911, -0.3629999999999999893, 1.649999999999998135 ) ) ;
#796 = CARTESIAN_POINT ( 'NONE',  ( 1.718581187105589381, 0.2520000000000000018, -1.718581187105589159 ) ) ;
#797 = ORIENTED_EDGE ( 'NONE', *, *, #1369, .F. ) ;
#798 = CARTESIAN_POINT ( 'NONE',  ( 1.725000000000000533, 0.2500000000000000000, 1.725000000000000311 ) ) ;
#799 = SURFACE_STYLE_FILL_AREA ( #1145 ) ;
#800 = EDGE_CURVE ( 'NONE', #1646, #1264, #510, .T. ) ;
#801 = CARTESIAN_POINT ( 'NONE',  ( 1.149999999999999911, -0.3649999999999999911, -1.649999999999997469 ) ) ;
#802 = CARTESIAN_POINT ( 'NONE',  ( 1.718581187105589381, 0.2520000000000000018, -1.718581187105589159 ) ) ;
#803 = FILL_AREA_STYLE ('',( #1557 ) ) ;
#804 = PRESENTATION_STYLE_ASSIGNMENT (( #1462 ) ) ;
#805 = COLOUR_RGB ( '',1.000000000000000000, 1.000000000000000000, 0.000000000000000000 ) ;
#806 = DIRECTION ( 'NONE',  ( 0.000000000000000000, -1.000000000000000000, 0.000000000000000000 ) ) ;
#807 = UNCERTAINTY_MEASURE_WITH_UNIT (LENGTH_MEASURE( 1.000000000000000082E-05 ), #1537, 'distance_accuracy_value', 'NONE');
#808 = STYLED_ITEM ( 'NONE', ( #709 ), #753 ) ;
#809 = VECTOR ( 'NONE', #1502, 1000.000000000000000 ) ;
#810 = DIRECTION ( 'NONE',  ( 0.000000000000000000, -0.000000000000000000, -1.000000000000000000 ) ) ;
#811 = AXIS2_PLACEMENT_3D ( 'NONE', #512, #1654, #1141 ) ;
#812 = DIRECTION ( 'NONE',  ( 0.000000000000000000, -1.000000000000000000, 0.000000000000000000 ) ) ;
#813 = EDGE_LOOP ( 'NONE', ( #181, #1097, #3, #92 ) ) ;
#814 = SURFACE_STYLE_FILL_AREA ( #1563 ) ;
#815 = MECHANICAL_DESIGN_GEOMETRIC_PRESENTATION_REPRESENTATION (  '', ( #1524 ), #1202 ) ;
#816 = LINE ( 'NONE', #802, #321 ) ;
#817 = DIRECTION ( 'NONE',  ( 1.000000000000000000, -0.000000000000000000, 0.000000000000000000 ) ) ;
#818 = STYLED_ITEM ( 'NONE', ( #201 ), #519 ) ;
#819 =( NAMED_UNIT ( * ) PLANE_ANGLE_UNIT ( ) SI_UNIT ( $, .RADIAN. ) );
#820 = ORIENTED_EDGE ( 'NONE', *, *, #774, .F. ) ;
#821 = LINE ( 'NONE', #423, #939 ) ;
#822 = FILL_AREA_STYLE ('',( #1297 ) ) ;
#823 = CARTESIAN_POINT ( 'NONE',  ( 1.279023064686481748, 0.3849999999999999534, 0.000000000000000000 ) ) ;
#824 = EDGE_CURVE ( 'NONE', #905, #1331, #1139, .T. ) ;
#825 = SURFACE_STYLE_USAGE ( .BOTH. , #1452 ) ;
#826 = CARTESIAN_POINT ( 'NONE',  ( 0.000000000000000000, 1.614843740462092558, 0.000000000000000000 ) ) ;
#827 = CARTESIAN_POINT ( 'NONE',  ( 0.000000000000000000, 0.3849999999999999534, -1.279023064686481748 ) ) ;
#828 = VERTEX_POINT ( 'NONE', #897 ) ;
#829 = LINE ( 'NONE', #500, #1229 ) ;
#830 = DIRECTION ( 'NONE',  ( -1.000000000000000000, 0.000000000000000000, 0.000000000000000000 ) ) ;
#831 = CARTESIAN_POINT ( 'NONE',  ( 1.725000000000000533, 0.2500000000000000000, -1.725000000000000311 ) ) ;
#832 = DIRECTION ( 'NONE',  ( 0.000000000000000000, 0.000000000000000000, -1.000000000000000000 ) ) ;
#833 = EDGE_CURVE ( 'NONE', #1433, #828, #1271, .T. ) ;
#834 = CARTESIAN_POINT ( 'NONE',  ( 1.718581187105589381, 0.2520000000000000018, 1.718581187105589159 ) ) ;
#835 = ORIENTED_EDGE ( 'NONE', *, *, #1086, .T. ) ;
#836 = COLOUR_RGB ( '',1.000000000000000000, 1.000000000000000000, 0.000000000000000000 ) ;
#837 = LINE ( 'NONE', #447, #1319 ) ;
#838 = COLOUR_RGB ( '',0.6666666666666666297, 0.6980392156862744724, 0.7686274509803920907 ) ;
#839 = AXIS2_PLACEMENT_3D ( 'NONE', #251, #1269, #108 ) ;
#840 =( NAMED_UNIT ( * ) SI_UNIT ( $, .STERADIAN. ) SOLID_ANGLE_UNIT ( ) );
#841 = ORIENTED_EDGE ( 'NONE', *, *, #952, .T. ) ;
#842 = COLOUR_RGB ( '',1.000000000000000000, 1.000000000000000000, 0.7529411764705882248 ) ;
#843 = FILL_AREA_STYLE ('',( #1090 ) ) ;
#844 = PRESENTATION_LAYER_ASSIGNMENT (  '', '', ( #808 ) ) ;
#845 = VERTEX_POINT ( 'NONE', #1146 ) ;
#846 = MECHANICAL_DESIGN_GEOMETRIC_PRESENTATION_REPRESENTATION (  '', ( #1348 ), #543 ) ;
#847 = EDGE_CURVE ( 'NONE', #522, #705, #1024, .T. ) ;
#848 = DIRECTION ( 'NONE',  ( 0.000000000000000000, -0.000000000000000000, -1.000000000000000000 ) ) ;
#849 = DIRECTION ( 'NONE',  ( 1.000000000000000000, -0.000000000000000000, -0.000000000000000000 ) ) ;
#850 = FACE_OUTER_BOUND ( 'NONE', #978, .T. ) ;
#851 = ORIENTED_EDGE ( 'NONE', *, *, #1254, .T. ) ;
#852 = PRESENTATION_STYLE_ASSIGNMENT (( #733 ) ) ;
#853 = ORIENTED_EDGE ( 'NONE', *, *, #1536, .T. ) ;
#854 = EDGE_CURVE ( 'NONE', #87, #109, #1530, .T. ) ;
#855 = ORIENTED_EDGE ( 'NONE', *, *, #6, .T. ) ;
#856 =( NAMED_UNIT ( * ) PLANE_ANGLE_UNIT ( ) SI_UNIT ( $, .RADIAN. ) );
#857 = DIRECTION ( 'NONE',  ( 0.000000000000000000, 0.000000000000000000, -1.000000000000000000 ) ) ;
#858 = DIRECTION ( 'NONE',  ( -0.000000000000000000, -0.000000000000000000, 1.000000000000000000 ) ) ;
#859 = DIRECTION ( 'NONE',  ( 1.000000000000000000, 0.000000000000000000, 0.000000000000000000 ) ) ;
#860 = SURFACE_STYLE_FILL_AREA ( #333 ) ;
#861 = ORIENTED_EDGE ( 'NONE', *, *, #607, .T. ) ;
#862 = LINE ( 'NONE', #342, #1016 ) ;
#863 = CARTESIAN_POINT ( 'NONE',  ( 0.000000000000000000, -0.3649999999999999911, 0.000000000000000000 ) ) ;
#864 = ADVANCED_FACE ( 'NONE', ( #353 ), #485, .F. ) ;
#865 =( GEOMETRIC_REPRESENTATION_CONTEXT ( 3 ) GLOBAL_UNCERTAINTY_ASSIGNED_CONTEXT ( ( #618 ) ) GLOBAL_UNIT_ASSIGNED_CONTEXT ( ( #1638, #494, #784 ) ) REPRESENTATION_CONTEXT ( 'NONE', 'WORKASPACE' ) );
#866 = CARTESIAN_POINT ( 'NONE',  ( 1.649999999999999911, -0.3149999999999999467, -1.649999999999997691 ) ) ;
#867 = CARTESIAN_POINT ( 'NONE',  ( 0.000000000000000000, 0.3649999999999999911, 0.000000000000000000 ) ) ;
#868 = VECTOR ( 'NONE', #1511, 1000.000000000000000 ) ;
#869 = CARTESIAN_POINT ( 'NONE',  ( -1.724999999999999645, 0.3649999999999999911, 1.724999999999999645 ) ) ;
#870 = STYLED_ITEM ( 'NONE', ( #441 ), #1434 ) ;
#871 = AXIS2_PLACEMENT_3D ( 'NONE', #362, #765, #1161 ) ;
#872 = VECTOR ( 'NONE', #929, 1000.000000000000000 ) ;
#873 = ORIENTED_EDGE ( 'NONE', *, *, #310, .T. ) ;
#874 = LINE ( 'NONE', #736, #1442 ) ;
#875 = CIRCLE ( 'NONE', #1374, 1.300000000000000044 ) ;
#876 = CARTESIAN_POINT ( 'NONE',  ( 1.718581187105589381, 0.2500000000000000000, -1.718581187105589159 ) ) ;
#877 =( NAMED_UNIT ( * ) PLANE_ANGLE_UNIT ( ) SI_UNIT ( $, .RADIAN. ) );
#878 = DIRECTION ( 'NONE',  ( 0.000000000000000000, 0.000000000000000000, 1.000000000000000000 ) ) ;
#879 = EDGE_CURVE ( 'NONE', #1500, #1003, #821, .T. ) ;
#880 = ORIENTED_EDGE ( 'NONE', *, *, #1266, .F. ) ;
#881 = FILL_AREA_STYLE ('',( #493 ) ) ;
#882 = PRESENTATION_STYLE_ASSIGNMENT (( #1632 ) ) ;
#883 = ORIENTED_EDGE ( 'NONE', *, *, #474, .F. ) ;
#884 = CARTESIAN_POINT ( 'NONE',  ( -1.649999999999999689, -0.3149999999999999467, -1.649999999999997691 ) ) ;
#885 = EDGE_CURVE ( 'NONE', #705, #365, #33, .T. ) ;
#886 = ORIENTED_EDGE ( 'NONE', *, *, #1513, .F. ) ;
#887 = DIRECTION ( 'NONE',  ( 0.000000000000000000, -0.000000000000000000, -1.000000000000000000 ) ) ;
#888 = VERTEX_POINT ( 'NONE', #296 ) ;
#889 = FILL_AREA_STYLE ('',( #98 ) ) ;
#890 = EDGE_LOOP ( 'NONE', ( #748, #1250, #886, #331 ) ) ;
#891 = FILL_AREA_STYLE ('',( #236 ) ) ;
#892 = CARTESIAN_POINT ( 'NONE',  ( -0.6500000000000000222, -0.3629999999999999893, -1.649999999999998579 ) ) ;
#893 =( NAMED_UNIT ( * ) PLANE_ANGLE_UNIT ( ) SI_UNIT ( $, .RADIAN. ) );
#894 = STYLED_ITEM ( 'NONE', ( #1123 ), #789 ) ;
#895 = ADVANCED_FACE ( 'NONE', ( #1061 ), #40, .T. ) ;
#896 = VECTOR ( 'NONE', #981, 1000.000000000000000 ) ;
#897 = CARTESIAN_POINT ( 'NONE',  ( 1.725000000000000533, -0.3149999999999999467, 1.724999999999999645 ) ) ;
#898 = UNCERTAINTY_MEASURE_WITH_UNIT (LENGTH_MEASURE( 1.000000000000000082E-05 ), #366, 'distance_accuracy_value', 'NONE');
#899 = PLANE ( 'NONE',  #338 ) ;
#900 = PRESENTATION_STYLE_ASSIGNMENT (( #1504 ) ) ;
#901 = FACE_OUTER_BOUND ( 'NONE', #1068, .T. ) ;
#902 = CARTESIAN_POINT ( 'NONE',  ( -1.725000000000000533, 0.2500000000000000000, 1.725000000000000311 ) ) ;
#903 = ORIENTED_EDGE ( 'NONE', *, *, #1536, .F. ) ;
#904 = DIRECTION ( 'NONE',  ( 0.000000000000000000, -0.000000000000000000, 1.000000000000000000 ) ) ;
#905 = VERTEX_POINT ( 'NONE', #672 ) ;
#906 = ADVANCED_FACE ( 'NONE', ( #1448 ), #656, .T. ) ;
#907 = SURFACE_STYLE_FILL_AREA ( #1645 ) ;
#908 = CARTESIAN_POINT ( 'NONE',  ( -1.725000000000000533, 0.2520000000000000018, -1.725000000000000311 ) ) ;
#909 = LINE ( 'NONE', #775, #377 ) ;
#910 = UNCERTAINTY_MEASURE_WITH_UNIT (LENGTH_MEASURE( 1.000000000000000082E-05 ), #1465, 'distance_accuracy_value', 'NONE');
#911 = FILL_AREA_STYLE ('',( #489 ) ) ;
#912 = PRESENTATION_STYLE_ASSIGNMENT (( #1034 ) ) ;
#913 = FILL_AREA_STYLE ('',( #1045 ) ) ;
#914 = ADVANCED_FACE ( 'NONE', ( #435 ), #950, .F. ) ;
#915 = SPHERICAL_SURFACE ( 'NONE', #24, 1.300000000000000044 ) ;
#916 = MECHANICAL_DESIGN_GEOMETRIC_PRESENTATION_REPRESENTATION (  '', ( #693 ), #749 ) ;
#917 = PLANE ( 'NONE',  #1152 ) ;
#918 = STYLED_ITEM ( 'NONE', ( #1020 ), #1387 ) ;
#919 = ORIENTED_EDGE ( 'NONE', *, *, #1282, .F. ) ;
#920 = COLOUR_RGB ( '',0.6666666666666666297, 0.6980392156862744724, 0.7686274509803920907 ) ;
#921 =( NAMED_UNIT ( * ) PLANE_ANGLE_UNIT ( ) SI_UNIT ( $, .RADIAN. ) );
#922 = LINE ( 'NONE', #801, #752 ) ;
#923 = COLOUR_RGB ( '',1.000000000000000000, 1.000000000000000000, 0.7529411764705882248 ) ;
#924 =( NAMED_UNIT ( * ) PLANE_ANGLE_UNIT ( ) SI_UNIT ( $, .RADIAN. ) );
#925 = ORIENTED_EDGE ( 'NONE', *, *, #308, .T. ) ;
#926 = EDGE_CURVE ( 'NONE', #1622, #1069, #418, .T. ) ;
#927 = LINE ( 'NONE', #507, #429 ) ;
#928 = CARTESIAN_POINT ( 'NONE',  ( -1.149999999999999689, -0.3649999999999999911, -1.649999999999998579 ) ) ;
#929 = DIRECTION ( 'NONE',  ( -0.000000000000000000, -1.000000000000000000, -0.000000000000000000 ) ) ;
#930 = PLANE ( 'NONE',  #994 ) ;
#931 = FILL_AREA_STYLE ('',( #660 ) ) ;
#932 = SURFACE_STYLE_FILL_AREA ( #843 ) ;
#933 = PRESENTATION_STYLE_ASSIGNMENT (( #276 ) ) ;
#934 = DIRECTION ( 'NONE',  ( -1.000000000000000000, 0.000000000000000000, 6.570922257487906296E-17 ) ) ;
#935 = VERTEX_POINT ( 'NONE', #1430 ) ;
#936 = VECTOR ( 'NONE', #335, 1000.000000000000000 ) ;
#937 =( GEOMETRIC_REPRESENTATION_CONTEXT ( 3 ) GLOBAL_UNCERTAINTY_ASSIGNED_CONTEXT ( ( #363 ) ) GLOBAL_UNIT_ASSIGNED_CONTEXT ( ( #1485, #957, #626 ) ) REPRESENTATION_CONTEXT ( 'NONE', 'WORKASPACE' ) );
#938 = UNCERTAINTY_MEASURE_WITH_UNIT (LENGTH_MEASURE( 1.000000000000000082E-05 ), #1608, 'distance_accuracy_value', 'NONE');
#939 = VECTOR ( 'NONE', #1420, 1000.000000000000000 ) ;
#940 = FILL_AREA_STYLE_COLOUR ( '', #1128 ) ;
#941 = VECTOR ( 'NONE', #235, 1000.000000000000000 ) ;
#942 = LINE ( 'NONE', #795, #1261 ) ;
#943 =( LENGTH_UNIT ( ) NAMED_UNIT ( * ) SI_UNIT ( .MILLI., .METRE. ) );
#944 = MECHANICAL_DESIGN_GEOMETRIC_PRESENTATION_REPRESENTATION (  '', ( #1157 ), #725 ) ;
#945 = CARTESIAN_POINT ( 'NONE',  ( 0.000000000000000000, 0.3649999999999999911, -1.279023064686481748 ) ) ;
#946 = AXIS2_PLACEMENT_3D ( 'NONE', #300, #1206, #545 ) ;
#947 = CARTESIAN_POINT ( 'NONE',  ( -1.724999999999999645, 0.3649999999999999911, 1.724999999999999645 ) ) ;
#948 = PLANE ( 'NONE',  #1312 ) ;
#949 = VERTEX_POINT ( 'NONE', #1439 ) ;
#950 = PLANE ( 'NONE',  #1076 ) ;
#951 = PRESENTATION_STYLE_ASSIGNMENT (( #1581 ) ) ;
#952 = EDGE_CURVE ( 'NONE', #450, #1275, #816, .T. ) ;
#953 = FACE_OUTER_BOUND ( 'NONE', #564, .T. ) ;
#954 = DIRECTION ( 'NONE',  ( 0.000000000000000000, -0.000000000000000000, 1.000000000000000000 ) ) ;
#955 = DIRECTION ( 'NONE',  ( -0.000000000000000000, -0.000000000000000000, 1.000000000000000000 ) ) ;
#956 = ORIENTED_EDGE ( 'NONE', *, *, #1459, .T. ) ;
#957 =( NAMED_UNIT ( * ) PLANE_ANGLE_UNIT ( ) SI_UNIT ( $, .RADIAN. ) );
#958 = SURFACE_SIDE_STYLE ('',( #444 ) ) ;
#959 =( NAMED_UNIT ( * ) SI_UNIT ( $, .STERADIAN. ) SOLID_ANGLE_UNIT ( ) );
#960 = ORIENTED_EDGE ( 'NONE', *, *, #395, .F. ) ;
#961 = ORIENTED_EDGE ( 'NONE', *, *, #164, .F. ) ;
#962 = AXIS2_PLACEMENT_3D ( 'NONE', #69, #91, #1478 ) ;
#963 = VECTOR ( 'NONE', #1118, 1000.000000000000000 ) ;
#964 = SURFACE_STYLE_FILL_AREA ( #58 ) ;
#965 = VECTOR ( 'NONE', #742, 1000.000000000000000 ) ;
#966 = LINE ( 'NONE', #601, #1311 ) ;
#967 = DIRECTION ( 'NONE',  ( -0.000000000000000000, -1.000000000000000000, -0.000000000000000000 ) ) ;
#968 = ADVANCED_FACE ( 'NONE', ( #678 ), #410, .F. ) ;
#969 = ORIENTED_EDGE ( 'NONE', *, *, #486, .F. ) ;
#970 = PRESENTATION_LAYER_ASSIGNMENT (  '', '', ( #151 ) ) ;
#971 = ORIENTED_EDGE ( 'NONE', *, *, #1295, .F. ) ;
#972 = FILL_AREA_STYLE ('',( #694 ) ) ;
#973 = LINE ( 'NONE', #711, #532 ) ;
#974 = PRESENTATION_STYLE_ASSIGNMENT (( #1119 ) ) ;
#975 = ORIENTED_EDGE ( 'NONE', *, *, #403, .F. ) ;
#976 = LINE ( 'NONE', #1505, #1106 ) ;
#977 = DIRECTION ( 'NONE',  ( 0.000000000000000000, 0.000000000000000000, -1.000000000000000000 ) ) ;
#978 = EDGE_LOOP ( 'NONE', ( #708, #1614, #975 ) ) ;
#979 = FACE_OUTER_BOUND ( 'NONE', #813, .T. ) ;
#980 = VERTEX_POINT ( 'NONE', #831 ) ;
#981 = DIRECTION ( 'NONE',  ( -0.000000000000000000, -1.000000000000000000, -0.000000000000000000 ) ) ;
#982 = EDGE_LOOP ( 'NONE', ( #873, #237, #919, #491 ) ) ;
#983 = CARTESIAN_POINT ( 'NONE',  ( -1.718581187105589381, 0.2520000000000000018, -1.718581187105589159 ) ) ;
#984 = EDGE_CURVE ( 'NONE', #1646, #792, #1207, .T. ) ;
#985 = STYLED_ITEM ( 'NONE', ( #1531 ), #1166 ) ;
#986 = CARTESIAN_POINT ( 'NONE',  ( -1.724999999999999645, 0.3649999999999999911, 1.724999999999999645 ) ) ;
#987 = COLOUR_RGB ( '',1.000000000000000000, 1.000000000000000000, 0.000000000000000000 ) ;
#988 = SURFACE_SIDE_STYLE ('',( #1373 ) ) ;
#989 = AXIS2_PLACEMENT_3D ( 'NONE', #167, #352, #218 ) ;
#990 = COLOUR_RGB ( '',1.000000000000000000, 1.000000000000000000, 0.7529411764705882248 ) ;
#991 = ORIENTED_EDGE ( 'NONE', *, *, #446, .F. ) ;
#992 = AXIS2_PLACEMENT_3D ( 'NONE', #1592, #309, #832 ) ;
#993 = SURFACE_SIDE_STYLE ('',( #750 ) ) ;
#994 = AXIS2_PLACEMENT_3D ( 'NONE', #1334, #417, #169 ) ;
#995 = DIRECTION ( 'NONE',  ( 1.000000000000000000, 0.000000000000000000, 0.000000000000000000 ) ) ;
#996 = EDGE_CURVE ( 'NONE', #1170, #573, #141, .T. ) ;
#997 = CARTESIAN_POINT ( 'NONE',  ( -1.724999999999999645, 0.3649999999999999911, 1.724999999999999645 ) ) ;
#998 = SURFACE_SIDE_STYLE ('',( #907 ) ) ;
#999 = PRESENTATION_STYLE_ASSIGNMENT (( #454 ) ) ;
#1000 = SURFACE_SIDE_STYLE ('',( #197 ) ) ;
#1001 = ORIENTED_EDGE ( 'NONE', *, *, #885, .T. ) ;
#1002 = PLANE ( 'NONE',  #509 ) ;
#1003 = VERTEX_POINT ( 'NONE', #945 ) ;
#1004 = SURFACE_STYLE_USAGE ( .BOTH. , #226 ) ;
#1005 = UNCERTAINTY_MEASURE_WITH_UNIT (LENGTH_MEASURE( 1.000000000000000082E-05 ), #1042, 'distance_accuracy_value', 'NONE');
#1006 = CARTESIAN_POINT ( 'NONE',  ( -1.649999999999999689, -0.3649999999999999911, -1.649999999999997691 ) ) ;
#1007 = PLANE ( 'NONE',  #1082 ) ;
#1008 = MANIFOLD_SOLID_BREP ( 'Cut-Extrude3', #1285 ) ;
#1009 = CARTESIAN_POINT ( 'NONE',  ( -1.724999999999999645, 0.3649999999999999911, -1.725000000000000311 ) ) ;
#1010 = EDGE_CURVE ( 'NONE', #1549, #1500, #1235, .T. ) ;
#1011 = ORIENTED_EDGE ( 'NONE', *, *, #65, .F. ) ;
#1012 = DIRECTION ( 'NONE',  ( -1.000000000000000000, 0.000000000000000000, -0.000000000000000000 ) ) ;
#1013 = CARTESIAN_POINT ( 'NONE',  ( 1.725000000000000533, 0.2519999999999999463, 1.724999999999999645 ) ) ;
#1014 = SURFACE_STYLE_FILL_AREA ( #891 ) ;
#1015 = DIRECTION ( 'NONE',  ( 1.000000000000000000, 0.000000000000000000, 0.000000000000000000 ) ) ;
#1016 = VECTOR ( 'NONE', #88, 1000.000000000000000 ) ;
#1017 = ORIENTED_EDGE ( 'NONE', *, *, #395, .T. ) ;
#1018 = MECHANICAL_DESIGN_GEOMETRIC_PRESENTATION_REPRESENTATION (  '', ( #894 ), #1605 ) ;
#1019 = COLOUR_RGB ( '',1.000000000000000000, 1.000000000000000000, 0.7529411764705882248 ) ;
#1020 = PRESENTATION_STYLE_ASSIGNMENT (( #631 ) ) ;
#1021 = EDGE_CURVE ( 'NONE', #102, #420, #253, .T. ) ;
#1022 = AXIS2_PLACEMENT_3D ( 'NONE', #405, #1154, #244 ) ;
#1023 =( GEOMETRIC_REPRESENTATION_CONTEXT ( 3 ) GLOBAL_UNCERTAINTY_ASSIGNED_CONTEXT ( ( #1124 ) ) GLOBAL_UNIT_ASSIGNED_CONTEXT ( ( #943, #1080, #959 ) ) REPRESENTATION_CONTEXT ( 'NONE', 'WORKASPACE' ) );
#1024 = LINE ( 'NONE', #737, #260 ) ;
#1025 =( LENGTH_UNIT ( ) NAMED_UNIT ( * ) SI_UNIT ( .MILLI., .METRE. ) );
#1026 =( NAMED_UNIT ( * ) PLANE_ANGLE_UNIT ( ) SI_UNIT ( $, .RADIAN. ) );
#1027 = PRESENTATION_STYLE_ASSIGNMENT (( #1647 ) ) ;
#1028 =( LENGTH_UNIT ( ) NAMED_UNIT ( * ) SI_UNIT ( .MILLI., .METRE. ) );
#1029 = SURFACE_SIDE_STYLE ('',( #1658 ) ) ;
#1030 = EDGE_CURVE ( 'NONE', #588, #1622, #966, .T. ) ;
#1031 = ORIENTED_EDGE ( 'NONE', *, *, #717, .F. ) ;
#1032 = FILL_AREA_STYLE_COLOUR ( '', #1416 ) ;
#1033 = PLANE ( 'NONE',  #1125 ) ;
#1034 = SURFACE_STYLE_USAGE ( .BOTH. , #1662 ) ;
#1035 = LINE ( 'NONE', #1655, #1527 ) ;
#1036 = LINE ( 'NONE', #1009, #1399 ) ;
#1037 =( NAMED_UNIT ( * ) SI_UNIT ( $, .STERADIAN. ) SOLID_ANGLE_UNIT ( ) );
#1038 =( NAMED_UNIT ( * ) PLANE_ANGLE_UNIT ( ) SI_UNIT ( $, .RADIAN. ) );
#1039 = ORIENTED_EDGE ( 'NONE', *, *, #607, .F. ) ;
#1040 = VECTOR ( 'NONE', #1111, 1000.000000000000000 ) ;
#1041 = UNCERTAINTY_MEASURE_WITH_UNIT (LENGTH_MEASURE( 1.000000000000000082E-05 ), #1415, 'distance_accuracy_value', 'NONE');
#1042 =( LENGTH_UNIT ( ) NAMED_UNIT ( * ) SI_UNIT ( .MILLI., .METRE. ) );
#1043 = DIRECTION ( 'NONE',  ( -1.000000000000000000, 0.000000000000000000, 6.570922257487906296E-17 ) ) ;
#1044 = EDGE_CURVE ( 'NONE', #724, #1331, #193, .T. ) ;
#1045 = FILL_AREA_STYLE_COLOUR ( '', #758 ) ;
#1046 = EDGE_LOOP ( 'NONE', ( #969, #467, #205, #762, #1431 ) ) ;
#1047 = VECTOR ( 'NONE', #849, 1000.000000000000000 ) ;
#1048 = DIRECTION ( 'NONE',  ( 6.570922257487914924E-17, 0.000000000000000000, 1.000000000000000000 ) ) ;
#1049 = DIRECTION ( 'NONE',  ( 1.000000000000000000, 0.000000000000000000, -6.570922257487914924E-17 ) ) ;
#1050 = STYLED_ITEM ( 'NONE', ( #912 ), #575 ) ;
#1051 = STYLED_ITEM ( 'NONE', ( #172 ), #94 ) ;
#1052 = FILL_AREA_STYLE_COLOUR ( '', #284 ) ;
#1053 =( GEOMETRIC_REPRESENTATION_CONTEXT ( 3 ) GLOBAL_UNCERTAINTY_ASSIGNED_CONTEXT ( ( #1404 ) ) GLOBAL_UNIT_ASSIGNED_CONTEXT ( ( #1616, #731, #61 ) ) REPRESENTATION_CONTEXT ( 'NONE', 'WORKASPACE' ) );
#1054 = PRODUCT_DEFINITION ( 'UNKNOWN', '', #340, #1305 ) ;
#1055 = MANIFOLD_SOLID_BREP ( 'Revolve1', #670 ) ;
#1056 = FILL_AREA_STYLE ('',( #1570 ) ) ;
#1057 =( LENGTH_UNIT ( ) NAMED_UNIT ( * ) SI_UNIT ( .MILLI., .METRE. ) );
#1058 = SURFACE_STYLE_USAGE ( .BOTH. , #409 ) ;
#1059 = CARTESIAN_POINT ( 'NONE',  ( -1.149999999999999689, -0.3629999999999999893, -1.649999999999998579 ) ) ;
#1060 = PRESENTATION_STYLE_ASSIGNMENT (( #1081 ) ) ;
#1061 = FACE_OUTER_BOUND ( 'NONE', #496, .T. ) ;
#1062 =( LENGTH_UNIT ( ) NAMED_UNIT ( * ) SI_UNIT ( .MILLI., .METRE. ) );
#1063 = LINE ( 'NONE', #1458, #1631 ) ;
#1064 = ORIENTED_EDGE ( 'NONE', *, *, #14, .T. ) ;
#1065 =( NAMED_UNIT ( * ) SI_UNIT ( $, .STERADIAN. ) SOLID_ANGLE_UNIT ( ) );
#1066 = APPLICATION_CONTEXT ( 'automotive_design' ) ;
#1067 = SURFACE_STYLE_FILL_AREA ( #931 ) ;
#1068 = EDGE_LOOP ( 'NONE', ( #351, #1509, #525, #1634 ) ) ;
#1069 = VERTEX_POINT ( 'NONE', #576 ) ;
#1070 = MECHANICAL_DESIGN_GEOMETRIC_PRESENTATION_REPRESENTATION (  '', ( #1178 ), #1150 ) ;
#1071 = EDGE_CURVE ( 'NONE', #1512, #528, #1093, .T. ) ;
#1072 = ORIENTED_EDGE ( 'NONE', *, *, #1352, .F. ) ;
#1073 = STYLED_ITEM ( 'NONE', ( #223 ), #1613 ) ;
#1074 = FILL_AREA_STYLE ('',( #1456 ) ) ;
#1075 = STYLED_ITEM ( 'NONE', ( #1116 ), #1318 ) ;
#1076 = AXIS2_PLACEMENT_3D ( 'NONE', #157, #671, #540 ) ;
#1077 = CARTESIAN_POINT ( 'NONE',  ( 0.000000000000000000, -0.3649999999999999911, 0.000000000000000000 ) ) ;
#1078 = STYLED_ITEM ( 'NONE', ( #951 ), #702 ) ;
#1079 = CARTESIAN_POINT ( 'NONE',  ( 1.718581187105589381, 0.2520000000000000018, 1.718581187105589159 ) ) ;
#1080 =( NAMED_UNIT ( * ) PLANE_ANGLE_UNIT ( ) SI_UNIT ( $, .RADIAN. ) );
#1081 = SURFACE_STYLE_USAGE ( .BOTH. , #1335 ) ;
#1082 = AXIS2_PLACEMENT_3D ( 'NONE', #107, #1169, #1522 ) ;
#1083 =( NAMED_UNIT ( * ) PLANE_ANGLE_UNIT ( ) SI_UNIT ( $, .RADIAN. ) );
#1084 = FACE_OUTER_BOUND ( 'NONE', #131, .T. ) ;
#1085 = ORIENTED_EDGE ( 'NONE', *, *, #143, .T. ) ;
#1086 = EDGE_CURVE ( 'NONE', #828, #492, #452, .T. ) ;
#1087 = LINE ( 'NONE', #1586, #965 ) ;
#1088 = CARTESIAN_POINT ( 'NONE',  ( -1.649999999999999689, -0.3149999999999999467, -1.649999999999997691 ) ) ;
#1089 = SURFACE_SIDE_STYLE ('',( #1467 ) ) ;
#1090 = FILL_AREA_STYLE_COLOUR ( '', #175 ) ;
#1091 = ORIENTED_EDGE ( 'NONE', *, *, #137, .T. ) ;
#1092 = EDGE_CURVE ( 'NONE', #1191, #1471, #1244, .T. ) ;
#1093 = LINE ( 'NONE', #1596, #1390 ) ;
#1094 =( LENGTH_UNIT ( ) NAMED_UNIT ( * ) SI_UNIT ( .MILLI., .METRE. ) );
#1095 = ORIENTED_EDGE ( 'NONE', *, *, #710, .F. ) ;
#1096 = DIRECTION ( 'NONE',  ( -0.000000000000000000, -1.000000000000000000, -0.000000000000000000 ) ) ;
#1097 = ORIENTED_EDGE ( 'NONE', *, *, #1183, .F. ) ;
#1098 =( GEOMETRIC_REPRESENTATION_CONTEXT ( 3 ) GLOBAL_UNCERTAINTY_ASSIGNED_CONTEXT ( ( #119 ) ) GLOBAL_UNIT_ASSIGNED_CONTEXT ( ( #1653, #1412, #521 ) ) REPRESENTATION_CONTEXT ( 'NONE', 'WORKASPACE' ) );
#1099 = VECTOR ( 'NONE', #967, 1000.000000000000000 ) ;
#1100 = LINE ( 'NONE', #468, #1120 ) ;
#1101 = CIRCLE ( 'NONE', #557, 1.300000000000000044 ) ;
#1102 = DIRECTION ( 'NONE',  ( -1.000000000000000000, -0.000000000000000000, -0.000000000000000000 ) ) ;
#1103 = ORIENTED_EDGE ( 'NONE', *, *, #824, .T. ) ;
#1104 = PRESENTATION_LAYER_ASSIGNMENT (  '', '', ( #1051 ) ) ;
#1105 = LINE ( 'NONE', #1611, #434 ) ;
#1106 = VECTOR ( 'NONE', #356, 1000.000000000000000 ) ;
#1107 = FILL_AREA_STYLE ('',( #326 ) ) ;
#1108 = ORIENTED_EDGE ( 'NONE', *, *, #1630, .T. ) ;
#1109 = CIRCLE ( 'NONE', #592, 1.279023064686481748 ) ;
#1110 = ORIENTED_EDGE ( 'NONE', *, *, #1380, .F. ) ;
#1111 = DIRECTION ( 'NONE',  ( -0.000000000000000000, -1.000000000000000000, -0.000000000000000000 ) ) ;
#1112 = LINE ( 'NONE', #1223, #1364 ) ;
#1113 = FACE_OUTER_BOUND ( 'NONE', #1540, .T. ) ;
#1114 = FACE_OUTER_BOUND ( 'NONE', #1115, .T. ) ;
#1115 = EDGE_LOOP ( 'NONE', ( #1091, #1031, #385, #1661 ) ) ;
#1116 = PRESENTATION_STYLE_ASSIGNMENT (( #599 ) ) ;
#1117 = LINE ( 'NONE', #212, #1619 ) ;
#1118 = DIRECTION ( 'NONE',  ( -0.000000000000000000, -1.000000000000000000, -0.000000000000000000 ) ) ;
#1119 = SURFACE_STYLE_USAGE ( .BOTH. , #77 ) ;
#1120 = VECTOR ( 'NONE', #1618, 1000.000000000000000 ) ;
#1121 = ORIENTED_EDGE ( 'NONE', *, *, #1030, .F. ) ;
#1122 = EDGE_CURVE ( 'NONE', #845, #741, #200, .T. ) ;
#1123 = PRESENTATION_STYLE_ASSIGNMENT (( #219 ) ) ;
#1124 = UNCERTAINTY_MEASURE_WITH_UNIT (LENGTH_MEASURE( 1.000000000000000082E-05 ), #943, 'distance_accuracy_value', 'NONE');
#1125 = AXIS2_PLACEMENT_3D ( 'NONE', #634, #364, #394 ) ;
#1126 = SURFACE_SIDE_STYLE ('',( #258 ) ) ;
#1127 = CARTESIAN_POINT ( 'NONE',  ( 1.566351502203937867E-16, 0.000000000000000000, 1.279023064686481748 ) ) ;
#1128 = COLOUR_RGB ( '',1.000000000000000000, 1.000000000000000000, 0.000000000000000000 ) ;
#1129 =( GEOMETRIC_REPRESENTATION_CONTEXT ( 3 ) GLOBAL_UNCERTAINTY_ASSIGNED_CONTEXT ( ( #807 ) ) GLOBAL_UNIT_ASSIGNED_CONTEXT ( ( #1537, #621, #785 ) ) REPRESENTATION_CONTEXT ( 'NONE', 'WORKASPACE' ) );
#1130 = EDGE_LOOP ( 'NONE', ( #655, #70, #1604, #38 ) ) ;
#1131 =( NAMED_UNIT ( * ) SI_UNIT ( $, .STERADIAN. ) SOLID_ANGLE_UNIT ( ) );
#1132 = AXIS2_PLACEMENT_3D ( 'NONE', #773, #1278, #529 ) ;
#1133 =( NAMED_UNIT ( * ) PLANE_ANGLE_UNIT ( ) SI_UNIT ( $, .RADIAN. ) );
#1134 = EDGE_CURVE ( 'NONE', #905, #1598, #973, .T. ) ;
#1135 = ORIENTED_EDGE ( 'NONE', *, *, #800, .F. ) ;
#1136 = ORIENTED_EDGE ( 'NONE', *, *, #690, .T. ) ;
#1137 = PRESENTATION_STYLE_ASSIGNMENT (( #1376 ) ) ;
#1138 = ORIENTED_EDGE ( 'NONE', *, *, #2, .T. ) ;
#1139 = LINE ( 'NONE', #1644, #809 ) ;
#1140 = UNCERTAINTY_MEASURE_WITH_UNIT (LENGTH_MEASURE( 1.000000000000000082E-05 ), #416, 'distance_accuracy_value', 'NONE');
#1141 = DIRECTION ( 'NONE',  ( 1.000000000000000000, 0.000000000000000000, 0.000000000000000000 ) ) ;
#1142 = DIRECTION ( 'NONE',  ( 1.000000000000000000, -0.000000000000000000, -0.000000000000000000 ) ) ;
#1143 = EDGE_CURVE ( 'NONE', #980, #1433, #1112, .T. ) ;
#1144 = ORIENTED_EDGE ( 'NONE', *, *, #617, .F. ) ;
#1145 = FILL_AREA_STYLE ('',( #369 ) ) ;
#1146 = CARTESIAN_POINT ( 'NONE',  ( -1.649999999999999689, -0.3149999999999999467, -1.649999999999997691 ) ) ;
#1147 = FACE_OUTER_BOUND ( 'NONE', #1159, .T. ) ;
#1148 = PLANE ( 'NONE',  #538 ) ;
#1149 = SURFACE_STYLE_FILL_AREA ( #214 ) ;
#1150 =( GEOMETRIC_REPRESENTATION_CONTEXT ( 3 ) GLOBAL_UNCERTAINTY_ASSIGNED_CONTEXT ( ( #1005 ) ) GLOBAL_UNIT_ASSIGNED_CONTEXT ( ( #1042, #553, #1428 ) ) REPRESENTATION_CONTEXT ( 'NONE', 'WORKASPACE' ) );
#1151 = AXIS2_PLACEMENT_3D ( 'NONE', #56, #1184, #419 ) ;
#1152 = AXIS2_PLACEMENT_3D ( 'NONE', #1417, #266, #23 ) ;
#1153 = EDGE_CURVE ( 'NONE', #225, #1549, #173, .T. ) ;
#1154 = DIRECTION ( 'NONE',  ( -0.000000000000000000, -1.000000000000000000, -0.000000000000000000 ) ) ;
#1155 = MECHANICAL_DESIGN_GEOMETRIC_PRESENTATION_REPRESENTATION (  '', ( #722 ), #208 ) ;
#1156 = STYLED_ITEM ( 'NONE', ( #900 ), #551 ) ;
#1157 = STYLED_ITEM ( 'NONE', ( #1327 ), #1008 ) ;
#1158 = CIRCLE ( 'NONE', #992, 1.279023064686481748 ) ;
#1159 = EDGE_LOOP ( 'NONE', ( #1281, #1403, #47, #380 ) ) ;
#1160 = PRESENTATION_LAYER_ASSIGNMENT (  '', '', ( #323 ) ) ;
#1161 = DIRECTION ( 'NONE',  ( 1.000000000000000000, 0.000000000000000000, 0.000000000000000000 ) ) ;
#1162 = UNCERTAINTY_MEASURE_WITH_UNIT (LENGTH_MEASURE( 1.000000000000000082E-05 ), #1062, 'distance_accuracy_value', 'NONE');
#1163 = SURFACE_STYLE_FILL_AREA ( #889 ) ;
#1164 =( LENGTH_UNIT ( ) NAMED_UNIT ( * ) SI_UNIT ( .MILLI., .METRE. ) );
#1165 = APPLICATION_PROTOCOL_DEFINITION ( 'draft international standard', 'automotive_design', 1998, #688 ) ;
#1166 = ADVANCED_FACE ( 'NONE', ( #1519 ), #899, .F. ) ;
#1167 = VERTEX_POINT ( 'NONE', #1006 ) ;
#1168 = PLANE ( 'NONE',  #1576 ) ;
#1169 = DIRECTION ( 'NONE',  ( 0.000000000000000000, 0.000000000000000000, 1.000000000000000000 ) ) ;
#1170 = VERTEX_POINT ( 'NONE', #997 ) ;
#1171 = SURFACE_SIDE_STYLE ('',( #799 ) ) ;
#1172 = CARTESIAN_POINT ( 'NONE',  ( 1.649999999999999911, -0.3149999999999999467, -1.649999999999997691 ) ) ;
#1173 = ADVANCED_FACE ( 'NONE', ( #390 ), #1033, .T. ) ;
#1174 = FILL_AREA_STYLE ('',( #1186 ) ) ;
#1175 =( NAMED_UNIT ( * ) PLANE_ANGLE_UNIT ( ) SI_UNIT ( $, .RADIAN. ) );
#1176 = EDGE_LOOP ( 'NONE', ( #254, #880, #903, #713, #1085 ) ) ;
#1177 = MECHANICAL_DESIGN_GEOMETRIC_PRESENTATION_REPRESENTATION (  '', ( #1258 ), #508 ) ;
#1178 = STYLED_ITEM ( 'NONE', ( #415 ), #1212 ) ;
#1179 = FACE_OUTER_BOUND ( 'NONE', #714, .T. ) ;
#1180 = MECHANICAL_DESIGN_GEOMETRIC_PRESENTATION_REPRESENTATION (  '', ( #22 ), #1232 ) ;
#1181 = AXIS2_PLACEMENT_3D ( 'NONE', #826, #163, #687 ) ;
#1182 =( GEOMETRIC_REPRESENTATION_CONTEXT ( 3 ) GLOBAL_UNCERTAINTY_ASSIGNED_CONTEXT ( ( #898 ) ) GLOBAL_UNIT_ASSIGNED_CONTEXT ( ( #366, #760, #382 ) ) REPRESENTATION_CONTEXT ( 'NONE', 'WORKASPACE' ) );
#1183 = EDGE_CURVE ( 'NONE', #133, #1356, #1391, .T. ) ;
#1184 = DIRECTION ( 'NONE',  ( 0.000000000000000000, 0.000000000000000000, 1.000000000000000000 ) ) ;
#1185 = DIRECTION ( 'NONE',  ( -1.000000000000000000, 0.000000000000000000, -3.285461128743957462E-17 ) ) ;
#1186 = FILL_AREA_STYLE_COLOUR ( '', #990 ) ;
#1187 = DIRECTION ( 'NONE',  ( -0.000000000000000000, -0.000000000000000000, -1.000000000000000000 ) ) ;
#1188 = CARTESIAN_POINT ( 'NONE',  ( -1.724999999999999645, 0.3649999999999999911, 1.724999999999999645 ) ) ;
#1189 = ADVANCED_FACE ( 'NONE', ( #1147 ), #354, .F. ) ;
#1190 = FILL_AREA_STYLE_COLOUR ( '', #428 ) ;
#1191 = VERTEX_POINT ( 'NONE', #1561 ) ;
#1192 =( LENGTH_UNIT ( ) NAMED_UNIT ( * ) SI_UNIT ( .MILLI., .METRE. ) );
#1193 = DIRECTION ( 'NONE',  ( 0.000000000000000000, 0.000000000000000000, 1.000000000000000000 ) ) ;
#1194 = AXIS2_PLACEMENT_3D ( 'NONE', #863, #451, #848 ) ;
#1195 = CARTESIAN_POINT ( 'NONE',  ( -1.149999999999999689, -0.3649999999999999911, -1.649999999999998579 ) ) ;
#1196 = CARTESIAN_POINT ( 'NONE',  ( 1.725000000000000533, 0.3649999999999999911, -1.725000000000000311 ) ) ;
#1197 = CARTESIAN_POINT ( 'NONE',  ( 1.649999999999999911, -0.3649999999999999911, -1.649999999999997691 ) ) ;
#1198 = ORIENTED_EDGE ( 'NONE', *, *, #240, .F. ) ;
#1199 = COLOUR_RGB ( '',0.7921568627450980005, 0.8196078431372548767, 0.9333333333333333481 ) ;
#1200 = EDGE_CURVE ( 'NONE', #573, #133, #794, .T. ) ;
#1201 = AXIS2_PLACEMENT_3D ( 'NONE', #465, #216, #977 ) ;
#1202 =( GEOMETRIC_REPRESENTATION_CONTEXT ( 3 ) GLOBAL_UNCERTAINTY_ASSIGNED_CONTEXT ( ( #520 ) ) GLOBAL_UNIT_ASSIGNED_CONTEXT ( ( #1265, #682, #282 ) ) REPRESENTATION_CONTEXT ( 'NONE', 'WORKASPACE' ) );
#1203 = DIRECTION ( 'NONE',  ( -0.000000000000000000, -1.000000000000000000, -0.000000000000000000 ) ) ;
#1204 = COLOUR_RGB ( '',0.6666666666666666297, 0.6980392156862744724, 0.7686274509803920907 ) ;
#1205 = FILL_AREA_STYLE_COLOUR ( '', #1252 ) ;
#1206 = DIRECTION ( 'NONE',  ( -0.000000000000000000, -1.000000000000000000, -0.000000000000000000 ) ) ;
#1207 = LINE ( 'NONE', #288, #210 ) ;
#1208 = VECTOR ( 'NONE', #1225, 1000.000000000000000 ) ;
#1209 = PLANE ( 'NONE',  #1181 ) ;
#1210 = SURFACE_SIDE_STYLE ('',( #932 ) ) ;
#1211 = ORIENTED_EDGE ( 'NONE', *, *, #1153, .T. ) ;
#1212 = ADVANCED_FACE ( 'NONE', ( #1291 ), #544, .F. ) ;
#1213 = LINE ( 'NONE', #580, #1040 ) ;
#1214 = CARTESIAN_POINT ( 'NONE',  ( 0.000000000000000000, 0.3849999999999999534, 0.000000000000000000 ) ) ;
#1215 =( NAMED_UNIT ( * ) PLANE_ANGLE_UNIT ( ) SI_UNIT ( $, .RADIAN. ) );
#1216 = CARTESIAN_POINT ( 'NONE',  ( -1.725000000000000533, -0.3149999999999999467, -1.724999999999999645 ) ) ;
#1217 = ORIENTED_EDGE ( 'NONE', *, *, #1544, .T. ) ;
#1218 = CARTESIAN_POINT ( 'NONE',  ( -1.718581187105589381, 0.2520000000000000018, 1.718581187105589159 ) ) ;
#1219 = SURFACE_STYLE_FILL_AREA ( #706 ) ;
#1220 = EDGE_LOOP ( 'NONE', ( #1393, #1253, #778, #1625 ) ) ;
#1221 = VERTEX_POINT ( 'NONE', #306 ) ;
#1222 = ADVANCED_FACE ( 'NONE', ( #548 ), #1437, .T. ) ;
#1223 = CARTESIAN_POINT ( 'NONE',  ( 1.725000000000000533, 0.3649999999999999911, -1.725000000000000311 ) ) ;
#1224 = FACE_OUTER_BOUND ( 'NONE', #190, .T. ) ;
#1225 = DIRECTION ( 'NONE',  ( -1.000000000000000000, -0.000000000000000000, -0.000000000000000000 ) ) ;
#1226 = EDGE_LOOP ( 'NONE', ( #466, #339, #1526, #1268 ) ) ;
#1227 = PRESENTATION_LAYER_ASSIGNMENT (  '', '', ( #1178 ) ) ;
#1228 = PRESENTATION_LAYER_ASSIGNMENT (  '', '', ( #1258 ) ) ;
#1229 = VECTOR ( 'NONE', #692, 1000.000000000000000 ) ;
#1230 = DIRECTION ( 'NONE',  ( 0.000000000000000000, 0.000000000000000000, 1.000000000000000000 ) ) ;
#1231 = STYLED_ITEM ( 'NONE', ( #933 ), #895 ) ;
#1232 =( GEOMETRIC_REPRESENTATION_CONTEXT ( 3 ) GLOBAL_UNCERTAINTY_ASSIGNED_CONTEXT ( ( #277 ) ) GLOBAL_UNIT_ASSIGNED_CONTEXT ( ( #379, #1133, #1277 ) ) REPRESENTATION_CONTEXT ( 'NONE', 'WORKASPACE' ) );
#1233 = CARTESIAN_POINT ( 'NONE',  ( -1.725000000000000533, -0.3149999999999999467, 1.724999999999999645 ) ) ;
#1234 =( NAMED_UNIT ( * ) PLANE_ANGLE_UNIT ( ) SI_UNIT ( $, .RADIAN. ) );
#1235 = CIRCLE ( 'NONE', #1547, 1.279023064686481748 ) ;
#1236 = VECTOR ( 'NONE', #653, 1000.000000000000000 ) ;
#1237 = PLANE ( 'NONE',  #1132 ) ;
#1238 = MECHANICAL_DESIGN_GEOMETRIC_PRESENTATION_REPRESENTATION (  '', ( #128 ), #406 ) ;
#1239 =( LENGTH_UNIT ( ) NAMED_UNIT ( * ) SI_UNIT ( .MILLI., .METRE. ) );
#1240 = EDGE_LOOP ( 'NONE', ( #28, #15, #1541, #841 ) ) ;
#1241 = VECTOR ( 'NONE', #36, 1000.000000000000000 ) ;
#1242 = FILL_AREA_STYLE_COLOUR ( '', #287 ) ;
#1243 = CARTESIAN_POINT ( 'NONE',  ( -1.725000000000000533, 0.2500000000000000000, -1.725000000000000311 ) ) ;
#1244 = LINE ( 'NONE', #325, #963 ) ;
#1245 = SURFACE_STYLE_USAGE ( .BOTH. , #1260 ) ;
#1246 = ADVANCED_FACE ( 'NONE', ( #1316 ), #1568, .F. ) ;
#1247 = VERTEX_POINT ( 'NONE', #360 ) ;
#1248 = FILL_AREA_STYLE ('',( #348 ) ) ;
#1249 = PRESENTATION_STYLE_ASSIGNMENT (( #739 ) ) ;
#1250 = ORIENTED_EDGE ( 'NONE', *, *, #984, .F. ) ;
#1251 = DIRECTION ( 'NONE',  ( -0.000000000000000000, -1.000000000000000000, -0.000000000000000000 ) ) ;
#1252 = COLOUR_RGB ( '',1.000000000000000000, 1.000000000000000000, 0.000000000000000000 ) ;
#1253 = ORIENTED_EDGE ( 'NONE', *, *, #308, .F. ) ;
#1254 = EDGE_CURVE ( 'NONE', #949, #492, #862, .T. ) ;
#1255 = SURFACE_STYLE_FILL_AREA ( #1501 ) ;
#1256 = DIRECTION ( 'NONE',  ( -0.000000000000000000, -1.000000000000000000, -0.000000000000000000 ) ) ;
#1257 = UNCERTAINTY_MEASURE_WITH_UNIT (LENGTH_MEASURE( 1.000000000000000082E-05 ), #1371, 'distance_accuracy_value', 'NONE');
#1258 = STYLED_ITEM ( 'NONE', ( #852 ), #1599 ) ;
#1259 = COLOUR_RGB ( '',0.000000000000000000, 1.000000000000000000, 0.000000000000000000 ) ;
#1260 = SURFACE_SIDE_STYLE ('',( #860 ) ) ;
#1261 = VECTOR ( 'NONE', #1451, 1000.000000000000000 ) ;
#1262 = ORIENTED_EDGE ( 'NONE', *, *, #1637, .F. ) ;
#1263 = COLOUR_RGB ( '',0.6666666666666666297, 0.6980392156862744724, 0.7686274509803920907 ) ;
#1264 = VERTEX_POINT ( 'NONE', #1363 ) ;
#1265 =( LENGTH_UNIT ( ) NAMED_UNIT ( * ) SI_UNIT ( .MILLI., .METRE. ) );
#1266 = EDGE_CURVE ( 'NONE', #420, #1617, #121, .T. ) ;
#1267 = SURFACE_SIDE_STYLE ('',( #1405 ) ) ;
#1268 = ORIENTED_EDGE ( 'NONE', *, *, #800, .T. ) ;
#1269 = DIRECTION ( 'NONE',  ( -0.000000000000000000, -1.000000000000000000, -0.000000000000000000 ) ) ;
#1270 = EDGE_LOOP ( 'NONE', ( #499, #480, #1643, #1136 ) ) ;
#1271 = LINE ( 'NONE', #1388, #1342 ) ;
#1272 = FILL_AREA_STYLE_COLOUR ( '', #1204 ) ;
#1273 = FACE_OUTER_BOUND ( 'NONE', #463, .T. ) ;
#1274 = PLANE ( 'NONE',  #341 ) ;
#1275 = VERTEX_POINT ( 'NONE', #983 ) ;
#1276 = FILL_AREA_STYLE ('',( #1032 ) ) ;
#1277 =( NAMED_UNIT ( * ) SI_UNIT ( $, .STERADIAN. ) SOLID_ANGLE_UNIT ( ) );
#1278 = DIRECTION ( 'NONE',  ( 0.000000000000000000, 1.000000000000000000, 0.000000000000000000 ) ) ;
#1279 = PRESENTATION_LAYER_ASSIGNMENT (  '', '', ( #747 ) ) ;
#1280 = AXIS2_PLACEMENT_3D ( 'NONE', #1077, #283, #810 ) ;
#1281 = ORIENTED_EDGE ( 'NONE', *, *, #1200, .T. ) ;
#1282 = EDGE_CURVE ( 'NONE', #132, #1512, #829, .T. ) ;
#1283 = PRESENTATION_LAYER_ASSIGNMENT (  '', '', ( #537 ) ) ;
#1284 =( LENGTH_UNIT ( ) NAMED_UNIT ( * ) SI_UNIT ( .MILLI., .METRE. ) );
#1285 = CLOSED_SHELL ( 'NONE', ( #1222, #702, #551, #299, #94, #519, #1329, #1173, #224, #906, #575, #895, #1486, #1212, #264, #1387, #864, #968, #1318, #359, #1599, #668, #914, #370, #1189, #1166, #177, #1434, #743 ) ) ;
#1286 = ORIENTED_EDGE ( 'NONE', *, *, #1369, .T. ) ;
#1287 = EDGE_LOOP ( 'NONE', ( #925, #198, #130, #1339 ) ) ;
#1288 = PRESENTATION_LAYER_ASSIGNMENT (  '', '', ( #128 ) ) ;
#1289 = FILL_AREA_STYLE ('',( #1566 ) ) ;
#1290 = VERTEX_POINT ( 'NONE', #51 ) ;
#1291 = FACE_OUTER_BOUND ( 'NONE', #890, .T. ) ;
#1292 = DIRECTION ( 'NONE',  ( 0.000000000000000000, 0.000000000000000000, -1.000000000000000000 ) ) ;
#1293 = CARTESIAN_POINT ( 'NONE',  ( 1.718581187105589381, 0.2500000000000000000, 1.718581187105589159 ) ) ;
#1294 = CARTESIAN_POINT ( 'NONE',  ( 1.649999999999999911, -0.3149999999999999467, -1.649999999999997691 ) ) ;
#1295 = EDGE_CURVE ( 'NONE', #1298, #426, #874, .T. ) ;
#1296 = CARTESIAN_POINT ( 'NONE',  ( 0.000000000000000000, 0.3649999999999999911, 0.000000000000000000 ) ) ;
#1297 = FILL_AREA_STYLE_COLOUR ( '', #587 ) ;
#1298 = VERTEX_POINT ( 'NONE', #567 ) ;
#1299 = LINE ( 'NONE', #29, #1241 ) ;
#1300 = DIRECTION ( 'NONE',  ( 0.000000000000000000, 0.000000000000000000, 1.000000000000000000 ) ) ;
#1301 = DIRECTION ( 'NONE',  ( 0.000000000000000000, 1.000000000000000000, 0.000000000000000000 ) ) ;
#1302 =( NAMED_UNIT ( * ) SI_UNIT ( $, .STERADIAN. ) SOLID_ANGLE_UNIT ( ) );
#1303 = FILL_AREA_STYLE ('',( #1411 ) ) ;
#1304 = EDGE_CURVE ( 'NONE', #734, #949, #1087, .T. ) ;
#1305 = PRODUCT_DEFINITION_CONTEXT ( 'detailed design', #688, 'design' ) ;
#1306 =( NAMED_UNIT ( * ) SI_UNIT ( $, .STERADIAN. ) SOLID_ANGLE_UNIT ( ) );
#1307 = PRESENTATION_STYLE_ASSIGNMENT (( #1058 ) ) ;
#1308 = CARTESIAN_POINT ( 'NONE',  ( 1.649999999999999911, -0.3649999999999999911, -1.649999999999997691 ) ) ;
#1309 = SURFACE_STYLE_USAGE ( .BOTH. , #558 ) ;
#1310 = SURFACE_SIDE_STYLE ('',( #411 ) ) ;
#1311 = VECTOR ( 'NONE', #728, 1000.000000000000000 ) ;
#1312 = AXIS2_PLACEMENT_3D ( 'NONE', #680, #1454, #302 ) ;
#1313 = VECTOR ( 'NONE', #578, 1000.000000000000000 ) ;
#1314 = MECHANICAL_DESIGN_GEOMETRIC_PRESENTATION_REPRESENTATION (  '', ( #1231 ), #21 ) ;
#1315 = MECHANICAL_DESIGN_GEOMETRIC_PRESENTATION_REPRESENTATION (  '', ( #1051 ), #590 ) ;
#1316 = FACE_OUTER_BOUND ( 'NONE', #1046, .T. ) ;
#1317 = LINE ( 'NONE', #139, #872 ) ;
#1318 = ADVANCED_FACE ( 'NONE', ( #1626, #443 ), #1002, .T. ) ;
#1319 = VECTOR ( 'NONE', #858, 1000.000000000000000 ) ;
#1320 = DIRECTION ( 'NONE',  ( -0.000000000000000000, -0.000000000000000000, 1.000000000000000000 ) ) ;
#1321 = CARTESIAN_POINT ( 'NONE',  ( 0.02000000000000000042, 1.614843740462092558, 0.000000000000000000 ) ) ;
#1322 = ORIENTED_EDGE ( 'NONE', *, *, #114, .F. ) ;
#1323 = SURFACE_STYLE_FILL_AREA ( #1303 ) ;
#1324 =( NAMED_UNIT ( * ) SI_UNIT ( $, .STERADIAN. ) SOLID_ANGLE_UNIT ( ) );
#1325 = SURFACE_STYLE_USAGE ( .BOTH. , #652 ) ;
#1326 = EDGE_CURVE ( 'NONE', #741, #1247, #1528, .T. ) ;
#1327 = PRESENTATION_STYLE_ASSIGNMENT (( #825 ) ) ;
#1328 = SURFACE_STYLE_USAGE ( .BOTH. , #1310 ) ;
#1329 = ADVANCED_FACE ( 'NONE', ( #12, #386 ), #1274, .F. ) ;
#1330 = LINE ( 'NONE', #1573, #1572 ) ;
#1331 = VERTEX_POINT ( 'NONE', #1649 ) ;
#1332 = ORIENTED_EDGE ( 'NONE', *, *, #347, .T. ) ;
#1333 = CARTESIAN_POINT ( 'NONE',  ( -0.6500000000000000222, -0.3629999999999999893, -1.649999999999998579 ) ) ;
#1334 = CARTESIAN_POINT ( 'NONE',  ( 1.718581187105589381, 0.2520000000000000018, -1.718581187105589159 ) ) ;
#1335 = SURFACE_SIDE_STYLE ('',( #170 ) ) ;
#1336 = CARTESIAN_POINT ( 'NONE',  ( -1.718581187105589381, 0.2500000000000000000, 1.718581187105589159 ) ) ;
#1337 =( NAMED_UNIT ( * ) PLANE_ANGLE_UNIT ( ) SI_UNIT ( $, .RADIAN. ) );
#1338 = EDGE_CURVE ( 'NONE', #1601, #792, #238, .T. ) ;
#1339 = ORIENTED_EDGE ( 'NONE', *, *, #1071, .T. ) ;
#1340 = PRESENTATION_LAYER_ASSIGNMENT (  '', '', ( #638 ) ) ;
#1341 = VECTOR ( 'NONE', #624, 1000.000000000000000 ) ;
#1342 = VECTOR ( 'NONE', #633, 1000.000000000000000 ) ;
#1343 = PRESENTATION_LAYER_ASSIGNMENT (  '', '', ( #1078 ) ) ;
#1344 = FACE_OUTER_BOUND ( 'NONE', #1176, .T. ) ;
#1345 = DIRECTION ( 'NONE',  ( -0.000000000000000000, -1.000000000000000000, -0.000000000000000000 ) ) ;
#1346 =( NAMED_UNIT ( * ) SI_UNIT ( $, .STERADIAN. ) SOLID_ANGLE_UNIT ( ) );
#1347 = FILL_AREA_STYLE ('',( #462 ) ) ;
#1348 = STYLED_ITEM ( 'NONE', ( #1533 ), #299 ) ;
#1349 = LINE ( 'NONE', #188, #432 ) ;
#1350 = CARTESIAN_POINT ( 'NONE',  ( 1.725000000000000533, -0.3149999999999999467, -1.724999999999999645 ) ) ;
#1351 = ORIENTED_EDGE ( 'NONE', *, *, #319, .T. ) ;
#1352 = EDGE_CURVE ( 'NONE', #1610, #39, #1101, .T. ) ;
#1353 = ORIENTED_EDGE ( 'NONE', *, *, #1134, .F. ) ;
#1354 =( NAMED_UNIT ( * ) SI_UNIT ( $, .STERADIAN. ) SOLID_ANGLE_UNIT ( ) );
#1355 = SURFACE_STYLE_FILL_AREA ( #84 ) ;
#1356 = VERTEX_POINT ( 'NONE', #407 ) ;
#1357 = DIRECTION ( 'NONE',  ( 1.000000000000000000, -0.000000000000000000, 0.000000000000000000 ) ) ;
#1358 = EDGE_LOOP ( 'NONE', ( #304, #1039, #1491, #1521 ) ) ;
#1359 =( NAMED_UNIT ( * ) SI_UNIT ( $, .STERADIAN. ) SOLID_ANGLE_UNIT ( ) );
#1360 = DIRECTION ( 'NONE',  ( 1.224646799147353207E-16, -0.000000000000000000, 1.000000000000000000 ) ) ;
#1361 = FACE_BOUND ( 'NONE', #387, .T. ) ;
#1362 = ORIENTED_EDGE ( 'NONE', *, *, #1092, .T. ) ;
#1363 = CARTESIAN_POINT ( 'NONE',  ( 1.149999999999999911, -0.3629999999999999893, -1.649999999999997469 ) ) ;
#1364 = VECTOR ( 'NONE', #1481, 1000.000000000000000 ) ;
#1365 = CIRCLE ( 'NONE', #962, 0.02000000000000000042 ) ;
#1366 = DIRECTION ( 'NONE',  ( 3.285461128743956229E-17, 0.000000000000000000, 1.000000000000000000 ) ) ;
#1367 = PRESENTATION_LAYER_ASSIGNMENT (  '', '', ( #431 ) ) ;
#1368 = PRESENTATION_LAYER_ASSIGNMENT (  '', '', ( #1050 ) ) ;
#1369 = EDGE_CURVE ( 'NONE', #1356, #1622, #927, .T. ) ;
#1370 = DIRECTION ( 'NONE',  ( -1.000000000000000000, -0.000000000000000000, -0.000000000000000000 ) ) ;
#1371 =( LENGTH_UNIT ( ) NAMED_UNIT ( * ) SI_UNIT ( .MILLI., .METRE. ) );
#1372 =( GEOMETRIC_REPRESENTATION_CONTEXT ( 3 ) GLOBAL_UNCERTAINTY_ASSIGNED_CONTEXT ( ( #389 ) ) GLOBAL_UNIT_ASSIGNED_CONTEXT ( ( #572, #1083, #1583 ) ) REPRESENTATION_CONTEXT ( 'NONE', 'WORKASPACE' ) );
#1373 = SURFACE_STYLE_FILL_AREA ( #1483 ) ;
#1374 = AXIS2_PLACEMENT_3D ( 'NONE', #392, #514, #497 ) ;
#1375 = ORIENTED_EDGE ( 'NONE', *, *, #926, .T. ) ;
#1376 = SURFACE_STYLE_USAGE ( .BOTH. , #103 ) ;
#1377 = CARTESIAN_POINT ( 'NONE',  ( -1.149999999999999689, -0.3629999999999999893, -1.649999999999998579 ) ) ;
#1378 = UNCERTAINTY_MEASURE_WITH_UNIT (LENGTH_MEASURE( 1.000000000000000082E-05 ), #1094, 'distance_accuracy_value', 'NONE');
#1379 = FILL_AREA_STYLE_COLOUR ( '', #1529 ) ;
#1380 = EDGE_CURVE ( 'NONE', #39, #1464, #481, .T. ) ;
#1381 = CARTESIAN_POINT ( 'NONE',  ( 0.000000000000000000, 0.3350000000000002420, 0.000000000000000000 ) ) ;
#1382 = ORIENTED_EDGE ( 'NONE', *, *, #1558, .F. ) ;
#1383 = PLANE ( 'NONE',  #642 ) ;
#1384 = ORIENTED_EDGE ( 'NONE', *, *, #1380, .T. ) ;
#1385 = LINE ( 'NONE', #884, #1492 ) ;
#1386 = ORIENTED_EDGE ( 'NONE', *, *, #182, .F. ) ;
#1387 = ADVANCED_FACE ( 'NONE', ( #1179 ), #917, .F. ) ;
#1388 = CARTESIAN_POINT ( 'NONE',  ( 1.725000000000000533, -0.3149999999999999467, -1.724999999999999645 ) ) ;
#1389 = AXIS2_PLACEMENT_3D ( 'NONE', #1600, #1251, #80 ) ;
#1390 = VECTOR ( 'NONE', #593, 1000.000000000000000 ) ;
#1391 = LINE ( 'NONE', #766, #1651 ) ;
#1392 = LINE ( 'NONE', #1520, #941 ) ;
#1393 = ORIENTED_EDGE ( 'NONE', *, *, #1427, .F. ) ;
#1394 = VECTOR ( 'NONE', #1048, 1000.000000000000000 ) ;
#1395 = STYLED_ITEM ( 'NONE', ( #974 ), #526 ) ;
#1396 = MECHANICAL_DESIGN_GEOMETRIC_PRESENTATION_REPRESENTATION (  '', ( #431 ), #1575 ) ;
#1397 = PRESENTATION_LAYER_ASSIGNMENT (  '', '', ( #22 ) ) ;
#1398 = ORIENTED_EDGE ( 'NONE', *, *, #403, .T. ) ;
#1399 = VECTOR ( 'NONE', #769, 1000.000000000000000 ) ;
#1400 = PRESENTATION_STYLE_ASSIGNMENT (( #90 ) ) ;
#1401 = SURFACE_SIDE_STYLE ('',( #1149 ) ) ;
#1402 = DIRECTION ( 'NONE',  ( 0.000000000000000000, 0.000000000000000000, -1.000000000000000000 ) ) ;
#1403 = ORIENTED_EDGE ( 'NONE', *, *, #182, .T. ) ;
#1404 = UNCERTAINTY_MEASURE_WITH_UNIT (LENGTH_MEASURE( 1.000000000000000082E-05 ), #1616, 'distance_accuracy_value', 'NONE');
#1405 = SURFACE_STYLE_FILL_AREA ( #628 ) ;
#1406 = ORIENTED_EDGE ( 'NONE', *, *, #328, .F. ) ;
#1407 = DIRECTION ( 'NONE',  ( 1.000000000000000000, -0.000000000000000000, -0.000000000000000000 ) ) ;
#1408 = PRESENTATION_STYLE_ASSIGNMENT (( #790 ) ) ;
#1409 = SURFACE_STYLE_USAGE ( .BOTH. , #1171 ) ;
#1410 = MECHANICAL_DESIGN_GEOMETRIC_PRESENTATION_REPRESENTATION (  '', ( #659 ), #16 ) ;
#1411 = FILL_AREA_STYLE_COLOUR ( '', #615 ) ;
#1412 =( NAMED_UNIT ( * ) PLANE_ANGLE_UNIT ( ) SI_UNIT ( $, .RADIAN. ) );
#1413 = VECTOR ( 'NONE', #161, 1000.000000000000000 ) ;
#1414 = EDGE_CURVE ( 'NONE', #522, #1290, #32, .T. ) ;
#1415 =( LENGTH_UNIT ( ) NAMED_UNIT ( * ) SI_UNIT ( .MILLI., .METRE. ) );
#1416 = COLOUR_RGB ( '',1.000000000000000000, 1.000000000000000000, 0.000000000000000000 ) ;
#1417 = CARTESIAN_POINT ( 'NONE',  ( -0.6500000000000000222, -0.3629999999999999893, -1.649999999999998579 ) ) ;
#1418 = PRESENTATION_LAYER_ASSIGNMENT (  '', '', ( #459 ) ) ;
#1419 = VECTOR ( 'NONE', #1589, 1000.000000000000000 ) ;
#1420 = DIRECTION ( 'NONE',  ( -0.000000000000000000, -1.000000000000000000, -0.000000000000000000 ) ) ;
#1421 = UNCERTAINTY_MEASURE_WITH_UNIT (LENGTH_MEASURE( 1.000000000000000082E-05 ), #1559, 'distance_accuracy_value', 'NONE');
#1422 =( NAMED_UNIT ( * ) PLANE_ANGLE_UNIT ( ) SI_UNIT ( $, .RADIAN. ) );
#1423 = LINE ( 'NONE', #657, #1473 ) ;
#1424 = DIRECTION ( 'NONE',  ( -0.000000000000000000, -1.000000000000000000, -0.000000000000000000 ) ) ;
#1425 = ORIENTED_EDGE ( 'NONE', *, *, #732, .F. ) ;
#1426 = FILL_AREA_STYLE_COLOUR ( '', #1628 ) ;
#1427 = EDGE_CURVE ( 'NONE', #772, #935, #1330, .T. ) ;
#1428 =( NAMED_UNIT ( * ) SI_UNIT ( $, .STERADIAN. ) SOLID_ANGLE_UNIT ( ) );
#1429 = DIRECTION ( 'NONE',  ( -0.000000000000000000, -1.000000000000000000, -0.000000000000000000 ) ) ;
#1430 = CARTESIAN_POINT ( 'NONE',  ( -1.718581187105589381, 0.2500000000000000000, -1.718581187105589159 ) ) ;
#1431 = ORIENTED_EDGE ( 'NONE', *, *, #1010, .F. ) ;
#1432 = LINE ( 'NONE', #1453, #1525 ) ;
#1433 = VERTEX_POINT ( 'NONE', #1350 ) ;
#1434 = ADVANCED_FACE ( 'NONE', ( #1084 ), #46, .F. ) ;
#1435 = CARTESIAN_POINT ( 'NONE',  ( 0.000000000000000000, -0.3649999999999999911, 0.000000000000000000 ) ) ;
#1436 = UNCERTAINTY_MEASURE_WITH_UNIT (LENGTH_MEASURE( 1.000000000000000082E-05 ), #1192, 'distance_accuracy_value', 'NONE');
#1437 = PLANE ( 'NONE',  #1280 ) ;
#1438 = CARTESIAN_POINT ( 'NONE',  ( -1.725000000000000533, -0.3149999999999999467, -1.724999999999999645 ) ) ;
#1439 = CARTESIAN_POINT ( 'NONE',  ( -1.724999999999999645, 0.2500000000000000000, 1.724999999999999645 ) ) ;
#1440 =( GEOMETRIC_REPRESENTATION_CONTEXT ( 3 ) GLOBAL_UNCERTAINTY_ASSIGNED_CONTEXT ( ( #1503 ) ) GLOBAL_UNIT_ASSIGNED_CONTEXT ( ( #1475, #1215, #1346 ) ) REPRESENTATION_CONTEXT ( 'NONE', 'WORKASPACE' ) );
#1441 = AXIS2_PLACEMENT_3D ( 'NONE', #312, #830, #1230 ) ;
#1442 = VECTOR ( 'NONE', #482, 1000.000000000000000 ) ;
#1443 = ORIENTED_EDGE ( 'NONE', *, *, #1660, .T. ) ;
#1444 = ORIENTED_EDGE ( 'NONE', *, *, #6, .F. ) ;
#1445 = AXIS2_PLACEMENT_3D ( 'NONE', #1435, #806, #1535 ) ;
#1446 =( GEOMETRIC_REPRESENTATION_CONTEXT ( 3 ) GLOBAL_UNCERTAINTY_ASSIGNED_CONTEXT ( ( #1140 ) ) GLOBAL_UNIT_ASSIGNED_CONTEXT ( ( #416, #554, #667 ) ) REPRESENTATION_CONTEXT ( 'NONE', 'WORKASPACE' ) );
#1447 = VECTOR ( 'NONE', #37, 1000.000000000000000 ) ;
#1448 = FACE_OUTER_BOUND ( 'NONE', #303, .T. ) ;
#1449 = AXIS2_PLACEMENT_3D ( 'NONE', #1489, #332, #68 ) ;
#1450 = SURFACE_STYLE_FILL_AREA ( #673 ) ;
#1451 = DIRECTION ( 'NONE',  ( -1.000000000000000000, -0.000000000000000000, -0.000000000000000000 ) ) ;
#1452 = SURFACE_SIDE_STYLE ('',( #1067 ) ) ;
#1453 = CARTESIAN_POINT ( 'NONE',  ( 1.649999999999999911, -0.3649999999999999911, -1.649999999999997691 ) ) ;
#1454 = DIRECTION ( 'NONE',  ( 1.000000000000000000, 0.000000000000000000, 0.000000000000000000 ) ) ;
#1455 = ORIENTED_EDGE ( 'NONE', *, *, #1304, .T. ) ;
#1456 = FILL_AREA_STYLE_COLOUR ( '', #48 ) ;
#1457 = CARTESIAN_POINT ( 'NONE',  ( 0.6500000000000001332, -0.3629999999999999893, -1.649999999999997469 ) ) ;
#1458 = CARTESIAN_POINT ( 'NONE',  ( -1.718581187105589381, 0.2520000000000000018, -1.718581187105589159 ) ) ;
#1459 = EDGE_CURVE ( 'NONE', #705, #1471, #189, .T. ) ;
#1460 =( LENGTH_UNIT ( ) NAMED_UNIT ( * ) SI_UNIT ( .MILLI., .METRE. ) );
#1461 = CARTESIAN_POINT ( 'NONE',  ( 1.566351502203937867E-16, 0.3649999999999999911, 1.279023064686481748 ) ) ;
#1462 = SURFACE_STYLE_USAGE ( .BOTH. , #412 ) ;
#1463 = ORIENTED_EDGE ( 'NONE', *, *, #690, .F. ) ;
#1464 = VERTEX_POINT ( 'NONE', #449 ) ;
#1465 =( LENGTH_UNIT ( ) NAMED_UNIT ( * ) SI_UNIT ( .MILLI., .METRE. ) );
#1466 =( NAMED_UNIT ( * ) PLANE_ANGLE_UNIT ( ) SI_UNIT ( $, .RADIAN. ) );
#1467 = SURFACE_STYLE_FILL_AREA ( #803 ) ;
#1468 = CARTESIAN_POINT ( 'NONE',  ( -1.649999999999999689, -0.3649999999999999911, 1.649999999999998357 ) ) ;
#1469 = ORIENTED_EDGE ( 'NONE', *, *, #1044, .F. ) ;
#1470 = PRESENTATION_LAYER_ASSIGNMENT (  '', '', ( #613 ) ) ;
#1471 = VERTEX_POINT ( 'NONE', #1468 ) ;
#1472 = MECHANICAL_DESIGN_GEOMETRIC_PRESENTATION_REPRESENTATION (  '', ( #537 ), #560 ) ;
#1473 = VECTOR ( 'NONE', #436, 1000.000000000000000 ) ;
#1474 = PRESENTATION_LAYER_ASSIGNMENT (  '', '', ( #211 ) ) ;
#1475 =( LENGTH_UNIT ( ) NAMED_UNIT ( * ) SI_UNIT ( .MILLI., .METRE. ) );
#1476 =( NAMED_UNIT ( * ) SI_UNIT ( $, .STERADIAN. ) SOLID_ANGLE_UNIT ( ) );
#1477 = CIRCLE ( 'NONE', #488, 1.279023064686481748 ) ;
#1478 = DIRECTION ( 'NONE',  ( 0.000000000000000000, 0.000000000000000000, -1.000000000000000000 ) ) ;
#1479 = ORIENTED_EDGE ( 'NONE', *, *, #1143, .F. ) ;
#1480 = EDGE_LOOP ( 'NONE', ( #159, #530, #779, #1217 ) ) ;
#1481 = DIRECTION ( 'NONE',  ( -0.000000000000000000, -1.000000000000000000, -0.000000000000000000 ) ) ;
#1482 =( NAMED_UNIT ( * ) PLANE_ANGLE_UNIT ( ) SI_UNIT ( $, .RADIAN. ) );
#1483 = FILL_AREA_STYLE ('',( #85 ) ) ;
#1484 = ORIENTED_EDGE ( 'NONE', *, *, #1153, .F. ) ;
#1485 =( LENGTH_UNIT ( ) NAMED_UNIT ( * ) SI_UNIT ( .MILLI., .METRE. ) );
#1486 = ADVANCED_FACE ( 'NONE', ( #176 ), #948, .F. ) ;
#1487 = LINE ( 'NONE', #1333, #475 ) ;
#1488 = ADVANCED_BREP_SHAPE_REPRESENTATION ( 'XPEWHT-L1-R250-00F02', ( #1008, #1055, #583 ), #534 ) ;
#1489 = CARTESIAN_POINT ( 'NONE',  ( 1.650000000000000133, -0.3149999999999999467, 1.649999999999998135 ) ) ;
#1490 = CARTESIAN_POINT ( 'NONE',  ( 0.6500000000000000222, -0.3629999999999999893, 1.649999999999998135 ) ) ;
#1491 = ORIENTED_EDGE ( 'NONE', *, *, #1326, .F. ) ;
#1492 = VECTOR ( 'NONE', #1096, 1000.000000000000000 ) ;
#1493 = PRESENTATION_LAYER_ASSIGNMENT (  '', '', ( #918 ) ) ;
#1494 =( NAMED_UNIT ( * ) SI_UNIT ( $, .STERADIAN. ) SOLID_ANGLE_UNIT ( ) );
#1495 = AXIS2_PLACEMENT_3D ( 'NONE', #267, #781, #153 ) ;
#1496 = AXIS2_PLACEMENT_3D ( 'NONE', #867, #1621, #186 ) ;
#1497 = COLOUR_RGB ( '',0.6666666666666666297, 0.6980392156862744724, 0.7686274509803920907 ) ;
#1498 = SURFACE_STYLE_USAGE ( .BOTH. , #988 ) ;
#1499 = CARTESIAN_POINT ( 'NONE',  ( 0.6500000000000000222, -0.3649999999999999911, 1.649999999999998135 ) ) ;
#1500 = VERTEX_POINT ( 'NONE', #827 ) ;
#1501 = FILL_AREA_STYLE ('',( #940 ) ) ;
#1502 = DIRECTION ( 'NONE',  ( -0.000000000000000000, -1.000000000000000000, -0.000000000000000000 ) ) ;
#1503 = UNCERTAINTY_MEASURE_WITH_UNIT (LENGTH_MEASURE( 1.000000000000000082E-05 ), #1475, 'distance_accuracy_value', 'NONE');
#1504 = SURFACE_STYLE_USAGE ( .BOTH. , #998 ) ;
#1505 = CARTESIAN_POINT ( 'NONE',  ( 1.718581187105589381, 0.2520000000000000018, 1.718581187105589159 ) ) ;
#1506 = EDGE_CURVE ( 'NONE', #426, #724, #689, .T. ) ;
#1507 = ORIENTED_EDGE ( 'NONE', *, *, #1254, .F. ) ;
#1508 = DIRECTION ( 'NONE',  ( 0.000000000000000000, -1.000000000000000000, 0.000000000000000000 ) ) ;
#1509 = ORIENTED_EDGE ( 'NONE', *, *, #14, .F. ) ;
#1510 = PRESENTATION_STYLE_ASSIGNMENT (( #1004 ) ) ;
#1511 = DIRECTION ( 'NONE',  ( -0.000000000000000000, -0.000000000000000000, -1.000000000000000000 ) ) ;
#1512 = VERTEX_POINT ( 'NONE', #834 ) ;
#1513 = EDGE_CURVE ( 'NONE', #1598, #1646, #700, .T. ) ;
#1514 = DIRECTION ( 'NONE',  ( 0.000000000000000000, 0.000000000000000000, -1.000000000000000000 ) ) ;
#1515 = COLOUR_RGB ( '',1.000000000000000000, 1.000000000000000000, 0.7529411764705882248 ) ;
#1516 = UNCERTAINTY_MEASURE_WITH_UNIT (LENGTH_MEASURE( 1.000000000000000082E-05 ), #129, 'distance_accuracy_value', 'NONE');
#1517 =( GEOMETRIC_REPRESENTATION_CONTEXT ( 3 ) GLOBAL_UNCERTAINTY_ASSIGNED_CONTEXT ( ( #793 ) ) GLOBAL_UNIT_ASSIGNED_CONTEXT ( ( #62, #819, #318 ) ) REPRESENTATION_CONTEXT ( 'NONE', 'WORKASPACE' ) );
#1518 =( GEOMETRIC_REPRESENTATION_CONTEXT ( 3 ) GLOBAL_UNCERTAINTY_ASSIGNED_CONTEXT ( ( #241 ) ) GLOBAL_UNIT_ASSIGNED_CONTEXT ( ( #1284, #116, #1037 ) ) REPRESENTATION_CONTEXT ( 'NONE', 'WORKASPACE' ) );
#1519 = FACE_OUTER_BOUND ( 'NONE', #1270, .T. ) ;
#1520 = CARTESIAN_POINT ( 'NONE',  ( -1.649999999999999689, -0.3649999999999999911, -1.649999999999997691 ) ) ;
#1521 = ORIENTED_EDGE ( 'NONE', *, *, #1122, .F. ) ;
#1522 = DIRECTION ( 'NONE',  ( 1.000000000000000000, 0.000000000000000000, -0.000000000000000000 ) ) ;
#1523 = PRESENTATION_LAYER_ASSIGNMENT (  '', '', ( #1156 ) ) ;
#1524 = STYLED_ITEM ( 'NONE', ( #1510 ), #864 ) ;
#1525 = VECTOR ( 'NONE', #301, 1000.000000000000000 ) ;
#1526 = ORIENTED_EDGE ( 'NONE', *, *, #1513, .T. ) ;
#1527 = VECTOR ( 'NONE', #1142, 1000.000000000000000 ) ;
#1528 = LINE ( 'NONE', #1294, #1394 ) ;
#1529 = COLOUR_RGB ( '',0.6666666666666666297, 0.6980392156862744724, 0.7686274509803920907 ) ;
#1530 = LINE ( 'NONE', #246, #72 ) ;
#1531 = PRESENTATION_STYLE_ASSIGNMENT (( #620 ) ) ;
#1532 = FILL_AREA_STYLE ('',( #495 ) ) ;
#1533 = PRESENTATION_STYLE_ASSIGNMENT (( #505 ) ) ;
#1534 = CARTESIAN_POINT ( 'NONE',  ( 0.6500000000000001332, -0.3629999999999999893, -1.649999999999997469 ) ) ;
#1535 = DIRECTION ( 'NONE',  ( 0.000000000000000000, -0.000000000000000000, -1.000000000000000000 ) ) ;
#1536 = EDGE_CURVE ( 'NONE', #1500, #420, #256, .T. ) ;
#1537 =( LENGTH_UNIT ( ) NAMED_UNIT ( * ) SI_UNIT ( .MILLI., .METRE. ) );
#1538 = ORIENTED_EDGE ( 'NONE', *, *, #1588, .F. ) ;
#1539 = DIRECTION ( 'NONE',  ( 0.000000000000000000, 0.000000000000000000, -1.000000000000000000 ) ) ;
#1540 = EDGE_LOOP ( 'NONE', ( #1375, #1463, #433, #501 ) ) ;
#1541 = ORIENTED_EDGE ( 'NONE', *, *, #215, .T. ) ;
#1542 =( NAMED_UNIT ( * ) SI_UNIT ( $, .STERADIAN. ) SOLID_ANGLE_UNIT ( ) );
#1543 = ORIENTED_EDGE ( 'NONE', *, *, #164, .T. ) ;
#1544 = EDGE_CURVE ( 'NONE', #1264, #1298, #596, .T. ) ;
#1545 = DIRECTION ( 'NONE',  ( -0.000000000000000000, 0.000000000000000000, -1.000000000000000000 ) ) ;
#1546 =( NAMED_UNIT ( * ) SI_UNIT ( $, .STERADIAN. ) SOLID_ANGLE_UNIT ( ) );
#1547 = AXIS2_PLACEMENT_3D ( 'NONE', #461, #314, #857 ) ;
#1548 = DIRECTION ( 'NONE',  ( 1.000000000000000000, 0.000000000000000000, 0.000000000000000000 ) ) ;
#1549 = VERTEX_POINT ( 'NONE', #357 ) ;
#1550 = PRESENTATION_LAYER_ASSIGNMENT (  '', '', ( #722 ) ) ;
#1551 = STYLED_ITEM ( 'NONE', ( #1307 ), #668 ) ;
#1552 = DIRECTION ( 'NONE',  ( 0.000000000000000000, 1.000000000000000000, 0.000000000000000000 ) ) ;
#1553 = PRODUCT ( 'XPEWHT-L1-R250-00F02', 'XPEWHT-L1-R250-00F02', '', ( #645 ) ) ;
#1554 = PRESENTATION_LAYER_ASSIGNMENT (  '', '', ( #1348 ) ) ;
#1555 = SURFACE_STYLE_FILL_AREA ( #527 ) ;
#1556 =( LENGTH_UNIT ( ) NAMED_UNIT ( * ) SI_UNIT ( .MILLI., .METRE. ) );
#1557 = FILL_AREA_STYLE_COLOUR ( '', #541 ) ;
#1558 = EDGE_CURVE ( 'NONE', #845, #1167, #1385, .T. ) ;
#1559 =( LENGTH_UNIT ( ) NAMED_UNIT ( * ) SI_UNIT ( .MILLI., .METRE. ) );
#1560 =( NAMED_UNIT ( * ) PLANE_ANGLE_UNIT ( ) SI_UNIT ( $, .RADIAN. ) );
#1561 = CARTESIAN_POINT ( 'NONE',  ( -1.649999999999999689, -0.3149999999999999467, 1.649999999999998357 ) ) ;
#1562 = DIRECTION ( 'NONE',  ( -1.000000000000000000, 0.000000000000000000, -0.000000000000000000 ) ) ;
#1563 = FILL_AREA_STYLE ('',( #307 ) ) ;
#1564 =( LENGTH_UNIT ( ) NAMED_UNIT ( * ) SI_UNIT ( .MILLI., .METRE. ) );
#1565 = DIRECTION ( 'NONE',  ( -1.000000000000000000, 0.000000000000000000, 0.000000000000000000 ) ) ;
#1566 = FILL_AREA_STYLE_COLOUR ( '', #842 ) ;
#1567 = UNCERTAINTY_MEASURE_WITH_UNIT (LENGTH_MEASURE( 1.000000000000000082E-05 ), #439, 'distance_accuracy_value', 'NONE');
#1568 = CYLINDRICAL_SURFACE ( 'NONE', #45, 1.279023064686481748 ) ;
#1569 = SURFACE_STYLE_FILL_AREA ( #1174 ) ;
#1570 = FILL_AREA_STYLE_COLOUR ( '', #1497 ) ;
#1571 = MECHANICAL_DESIGN_GEOMETRIC_PRESENTATION_REPRESENTATION (  '', ( #747 ), #865 ) ;
#1572 = VECTOR ( 'NONE', #1565, 1000.000000000000000 ) ;
#1573 = CARTESIAN_POINT ( 'NONE',  ( 1.718581187105589381, 0.2500000000000000000, -1.718581187105589159 ) ) ;
#1574 = EDGE_LOOP ( 'NONE', ( #855, #195 ) ) ;
#1575 =( GEOMETRIC_REPRESENTATION_CONTEXT ( 3 ) GLOBAL_UNCERTAINTY_ASSIGNED_CONTEXT ( ( #503 ) ) GLOBAL_UNIT_ASSIGNED_CONTEXT ( ( #1460, #1175, #19 ) ) REPRESENTATION_CONTEXT ( 'NONE', 'WORKASPACE' ) );
#1576 = AXIS2_PLACEMENT_3D ( 'NONE', #1079, #1545, #401 ) ;
#1577 = EDGE_LOOP ( 'NONE', ( #991, #1198, #681, #797 ) ) ;
#1578 = SURFACE_STYLE_FILL_AREA ( #1074 ) ;
#1579 = MECHANICAL_DESIGN_GEOMETRIC_PRESENTATION_REPRESENTATION (  '', ( #808 ), #166 ) ;
#1580 = VECTOR ( 'NONE', #1407, 1000.000000000000000 ) ;
#1581 = SURFACE_STYLE_USAGE ( .BOTH. , #9 ) ;
#1582 = ORIENTED_EDGE ( 'NONE', *, *, #735, .F. ) ;
#1583 =( NAMED_UNIT ( * ) SI_UNIT ( $, .STERADIAN. ) SOLID_ANGLE_UNIT ( ) );
#1584 = SURFACE_STYLE_USAGE ( .BOTH. , #1210 ) ;
#1585 = ORIENTED_EDGE ( 'NONE', *, *, #49, .T. ) ;
#1586 = CARTESIAN_POINT ( 'NONE',  ( -1.725000000000000533, 0.2500000000000000000, 1.725000000000000311 ) ) ;
#1587 =( NAMED_UNIT ( * ) PLANE_ANGLE_UNIT ( ) SI_UNIT ( $, .RADIAN. ) );
#1588 = EDGE_CURVE ( 'NONE', #225, #102, #1365, .T. ) ;
#1589 = DIRECTION ( 'NONE',  ( 1.000000000000000000, 0.000000000000000000, 0.000000000000000000 ) ) ;
#1590 = SURFACE_SIDE_STYLE ('',( #76 ) ) ;
#1591 = ORIENTED_EDGE ( 'NONE', *, *, #1122, .T. ) ;
#1592 = CARTESIAN_POINT ( 'NONE',  ( 0.000000000000000000, 0.3649999999999999911, 0.000000000000000000 ) ) ;
#1593 = CARTESIAN_POINT ( 'NONE',  ( 1.650000000000000133, -0.3649999999999999911, 1.649999999999998135 ) ) ;
#1594 = ORIENTED_EDGE ( 'NONE', *, *, #597, .T. ) ;
#1595 = PRESENTATION_LAYER_ASSIGNMENT (  '', '', ( #659 ) ) ;
#1596 = CARTESIAN_POINT ( 'NONE',  ( 1.718581187105589381, 0.2520000000000000018, 1.718581187105589159 ) ) ;
#1597 = SURFACE_STYLE_USAGE ( .BOTH. , #582 ) ;
#1598 = VERTEX_POINT ( 'NONE', #1490 ) ;
#1599 = ADVANCED_FACE ( 'NONE', ( #1114 ), #611, .F. ) ;
#1600 = CARTESIAN_POINT ( 'NONE',  ( 0.000000000000000000, 0.3849999999999999534, 0.000000000000000000 ) ) ;
#1601 = VERTEX_POINT ( 'NONE', #1499 ) ;
#1602 = VECTOR ( 'NONE', #763, 1000.000000000000000 ) ;
#1603 = MECHANICAL_DESIGN_GEOMETRIC_PRESENTATION_REPRESENTATION (  '', ( #1156 ), #97 ) ;
#1604 = ORIENTED_EDGE ( 'NONE', *, *, #413, .T. ) ;
#1605 =( GEOMETRIC_REPRESENTATION_CONTEXT ( 3 ) GLOBAL_UNCERTAINTY_ASSIGNED_CONTEXT ( ( #414 ) ) GLOBAL_UNIT_ASSIGNED_CONTEXT ( ( #757, #641, #1635 ) ) REPRESENTATION_CONTEXT ( 'NONE', 'WORKASPACE' ) );
#1606 = VECTOR ( 'NONE', #1402, 1000.000000000000000 ) ;
#1607 =( GEOMETRIC_REPRESENTATION_CONTEXT ( 3 ) GLOBAL_UNCERTAINTY_ASSIGNED_CONTEXT ( ( #1041 ) ) GLOBAL_UNIT_ASSIGNED_CONTEXT ( ( #1415, #263, #1648 ) ) REPRESENTATION_CONTEXT ( 'NONE', 'WORKASPACE' ) );
#1608 =( LENGTH_UNIT ( ) NAMED_UNIT ( * ) SI_UNIT ( .MILLI., .METRE. ) );
#1609 = COLOUR_RGB ( '',0.6666666666666666297, 0.6980392156862744724, 0.7686274509803920907 ) ;
#1610 = VERTEX_POINT ( 'NONE', #228 ) ;
#1611 = CARTESIAN_POINT ( 'NONE',  ( -1.725000000000000533, 0.2520000000000000018, 1.725000000000000311 ) ) ;
#1612 =( NAMED_UNIT ( * ) SI_UNIT ( $, .STERADIAN. ) SOLID_ANGLE_UNIT ( ) );
#1613 = ADVANCED_FACE ( 'NONE', ( #203 ), #350, .F. ) ;
#1614 = ORIENTED_EDGE ( 'NONE', *, *, #1352, .T. ) ;
#1615 = CARTESIAN_POINT ( 'NONE',  ( -1.149999999999999911, -0.3629999999999999893, 1.649999999999998135 ) ) ;
#1616 =( LENGTH_UNIT ( ) NAMED_UNIT ( * ) SI_UNIT ( .MILLI., .METRE. ) );
#1617 = VERTEX_POINT ( 'NONE', #101 ) ;
#1618 = DIRECTION ( 'NONE',  ( -0.000000000000000000, -1.000000000000000000, -0.000000000000000000 ) ) ;
#1619 = VECTOR ( 'NONE', #168, 1000.000000000000000 ) ;
#1620 = CARTESIAN_POINT ( 'NONE',  ( 1.650000000000000133, -0.3649999999999999911, 1.649999999999998135 ) ) ;
#1621 = DIRECTION ( 'NONE',  ( 0.000000000000000000, -1.000000000000000000, -0.000000000000000000 ) ) ;
#1622 = VERTEX_POINT ( 'NONE', #908 ) ;
#1623 = PRESENTATION_STYLE_ASSIGNMENT (( #1498 ) ) ;
#1624 = FILL_AREA_STYLE_COLOUR ( '', #556 ) ;
#1625 = ORIENTED_EDGE ( 'NONE', *, *, #137, .F. ) ;
#1626 = FACE_OUTER_BOUND ( 'NONE', #1577, .T. ) ;
#1627 = PRESENTATION_LAYER_ASSIGNMENT (  '', '', ( #693 ) ) ;
#1628 = COLOUR_RGB ( '',0.6666666666666666297, 0.6980392156862744724, 0.7686274509803920907 ) ;
#1629 = DIRECTION ( 'NONE',  ( -0.000000000000000000, -1.000000000000000000, -0.000000000000000000 ) ) ;
#1630 = EDGE_CURVE ( 'NONE', #492, #517, #516, .T. ) ;
#1631 = VECTOR ( 'NONE', #812, 1000.000000000000000 ) ;
#1632 = SURFACE_STYLE_USAGE ( .BOTH. , #1126 ) ;
#1633 =( LENGTH_UNIT ( ) NAMED_UNIT ( * ) SI_UNIT ( .MILLI., .METRE. ) );
#1634 = ORIENTED_EDGE ( 'NONE', *, *, #422, .F. ) ;
#1635 =( NAMED_UNIT ( * ) SI_UNIT ( $, .STERADIAN. ) SOLID_ANGLE_UNIT ( ) );
#1636 = UNCERTAINTY_MEASURE_WITH_UNIT (LENGTH_MEASURE( 1.000000000000000082E-05 ), #1025, 'distance_accuracy_value', 'NONE');
#1637 = EDGE_CURVE ( 'NONE', #949, #598, #404, .T. ) ;
#1638 =( LENGTH_UNIT ( ) NAMED_UNIT ( * ) SI_UNIT ( .MILLI., .METRE. ) );
#1639 =( LENGTH_UNIT ( ) NAMED_UNIT ( * ) SI_UNIT ( .MILLI., .METRE. ) );
#1640 = ORIENTED_EDGE ( 'NONE', *, *, #735, .T. ) ;
#1641 = ORIENTED_EDGE ( 'NONE', *, *, #833, .T. ) ;
#1642 = CARTESIAN_POINT ( 'NONE',  ( 0.000000000000000000, 0.000000000000000000, 0.000000000000000000 ) ) ;
#1643 = ORIENTED_EDGE ( 'NONE', *, *, #996, .F. ) ;
#1644 = CARTESIAN_POINT ( 'NONE',  ( 1.149999999999999911, -0.3629999999999999893, 1.649999999999998135 ) ) ;
#1645 = FILL_AREA_STYLE ('',( #1272 ) ) ;
#1646 = VERTEX_POINT ( 'NONE', #1534 ) ;
#1647 = SURFACE_STYLE_USAGE ( .BOTH. , #1401 ) ;
#1648 =( NAMED_UNIT ( * ) SI_UNIT ( $, .STERADIAN. ) SOLID_ANGLE_UNIT ( ) );
#1649 = CARTESIAN_POINT ( 'NONE',  ( 1.149999999999999911, -0.3649999999999999911, 1.649999999999998135 ) ) ;
#1650 = DIRECTION ( 'NONE',  ( -0.000000000000000000, -1.000000000000000000, -0.000000000000000000 ) ) ;
#1651 = VECTOR ( 'NONE', #111, 1000.000000000000000 ) ;
#1652 = PRESENTATION_LAYER_ASSIGNMENT (  '', '', ( #721 ) ) ;
#1653 =( LENGTH_UNIT ( ) NAMED_UNIT ( * ) SI_UNIT ( .MILLI., .METRE. ) );
#1654 = DIRECTION ( 'NONE',  ( 0.000000000000000000, 0.000000000000000000, 1.000000000000000000 ) ) ;
#1655 = CARTESIAN_POINT ( 'NONE',  ( 1.718581187105589381, 0.2500000000000000000, 1.718581187105589159 ) ) ;
#1656 = PRESENTATION_LAYER_ASSIGNMENT (  '', '', ( #1157 ) ) ;
#1657 = MECHANICAL_DESIGN_GEOMETRIC_PRESENTATION_REPRESENTATION (  '', ( #511 ), #1607 ) ;
#1658 = SURFACE_STYLE_FILL_AREA ( #397 ) ;
#1659 = AXIS2_PLACEMENT_3D ( 'NONE', #869, #1357, #610 ) ;
#1660 = EDGE_CURVE ( 'NONE', #598, #828, #272, .T. ) ;
#1661 = ORIENTED_EDGE ( 'NONE', *, *, #647, .T. ) ;
#1662 = SURFACE_SIDE_STYLE ('',( #391 ) ) ;
#1663 = SHAPE_DEFINITION_REPRESENTATION ( #756, #1488 ) ;
ENDSEC;
END-ISO-10303-21;
