ISO-10303-21;
HEADER;
FILE_DESCRIPTION(('Creo Elements/Direct Modeling STEP Export'),'2;1');
FILE_NAME('DF40TC(4.0)-20DS-0.4V.stp','2021-04-06T11:38:50',(''),(''),
'Creo Elements/Direct Modeling STEP processor for AP214 (Solid Model)',
'Creo Elements/Direct Modeling 19.0F  14-Feb-2017 (C) Parametric Technol
ogy GmbH','');
FILE_SCHEMA(('AUTOMOTIVE_DESIGN { 1 0 10303 214 1 1 1 1 }'));
ENDSEC;
DATA;
#10=CARTESIAN_POINT('',(1.19461298454738,-1.02797295789044,
0.514999999999999));
#20=DIRECTION('',(0.,0.,-1.));
#30=DIRECTION('',(1.,0.,0.));
#40=AXIS2_PLACEMENT_3D('',#10,#20,#30);
#50=PLANE('',#40);
#60=CARTESIAN_POINT('',(0.,-1.65,0.515));
#70=DIRECTION('',(1.,-3.47862314080698E-16,-1.18157933941981E-16));
#80=VECTOR('',#70,1.);
#90=LINE('',#60,#80);
#100=CARTESIAN_POINT('',(-1.04000000000001,-1.65,0.515));
#110=VERTEX_POINT('',#100);
#120=CARTESIAN_POINT('',(-0.939999999999999,-1.65,0.515));
#130=VERTEX_POINT('',#120);
#140=EDGE_CURVE('',#110,#130,#90,.T.);
#150=ORIENTED_EDGE('',*,*,#140,.F.);
#160=CARTESIAN_POINT('',(-0.940000000000001,0.,0.515));
#170=DIRECTION('',(-1.35783673078464E-15,-1.,4.93038065763132E-31));
#180=VECTOR('',#170,1.);
#190=LINE('',#160,#180);
#200=CARTESIAN_POINT('',(-0.940000000000003,-1.55,0.515));
#210=VERTEX_POINT('',#200);
#220=EDGE_CURVE('',#210,#130,#190,.T.);
#230=ORIENTED_EDGE('',*,*,#220,.T.);
#240=CARTESIAN_POINT('',(0.,-0.609999999999997,0.514999999999999));
#250=DIRECTION('',(-0.707106781186548,-0.707106781186547,0.));
#260=VECTOR('',#250,1.);
#270=LINE('',#240,#260);
#280=EDGE_CURVE('',#210,#110,#270,.T.);
#290=ORIENTED_EDGE('',*,*,#280,.F.);
#300=EDGE_LOOP('',(#290,#230,#150));
#310=FACE_OUTER_BOUND('',#300,.T.);
#320=ADVANCED_FACE('',(#310),#50,.T.);
#330=CARTESIAN_POINT('',(-1.065,-1.775,0.764999999999998));
#340=DIRECTION('',(-0.707106781186548,0.707106781186547,
-3.21330939595952E-32));
#350=DIRECTION('',(0.707106781186547,0.707106781186548,0.));
#360=AXIS2_PLACEMENT_3D('',#330,#340,#350);
#370=PLANE('',#360);
#380=CARTESIAN_POINT('',(-0.0698076923077054,-0.779807692307705,0.));
#390=DIRECTION('',(0.569654939187218,0.569654939187218,
-0.592441136754711));
#400=VECTOR('',#390,1.);
#410=LINE('',#380,#400);
#420=CARTESIAN_POINT('',(-1.19,-1.9,1.165));
#430=VERTEX_POINT('',#420);
#440=CARTESIAN_POINT('',(-0.940000000000004,-1.65,0.904999999999998));
#450=VERTEX_POINT('',#440);
#460=EDGE_CURVE('',#430,#450,#410,.T.);
#470=ORIENTED_EDGE('',*,*,#460,.F.);
#480=CARTESIAN_POINT('',(-0.939999999999999,-1.65,0.));
#490=DIRECTION('',(-4.54430572786685E-32,5.80586511674047E-48,1.));
#500=VECTOR('',#490,1.);
#510=LINE('',#480,#500);
#520=EDGE_CURVE('',#130,#450,#510,.T.);
#530=ORIENTED_EDGE('',*,*,#520,.T.);
#540=CARTESIAN_POINT('',(0.71,0.,-0.145000000000001));
#550=DIRECTION('',(0.680413817439771,0.680413817439772,
-0.272165526975909));
#560=VECTOR('',#550,1.);
#570=LINE('',#540,#560);
#580=CARTESIAN_POINT('',(-1.19,-1.9,0.614999999999999));
#590=VERTEX_POINT('',#580);
#600=EDGE_CURVE('',#590,#130,#570,.T.);
#610=ORIENTED_EDGE('',*,*,#600,.T.);
#620=CARTESIAN_POINT('',(-1.19,-1.9,0.));
#630=DIRECTION('',(4.54430572786685E-32,-3.87057674449364E-48,-1.));
#640=VECTOR('',#630,1.);
#650=LINE('',#620,#640);
#660=EDGE_CURVE('',#430,#590,#650,.T.);
#670=ORIENTED_EDGE('',*,*,#660,.T.);
#680=EDGE_LOOP('',(#670,#610,#530,#470));
#690=FACE_OUTER_BOUND('',#680,.T.);
#700=ADVANCED_FACE('',(#690),#370,.F.);
#710=CARTESIAN_POINT('',(-1.19,-1.9,1.165));
#720=DIRECTION('',(1.11150759106272E-16,0.720833064901859,
0.693108716251782));
#730=DIRECTION('',(-1.06875729909877E-16,-0.693108716251782,
0.720833064901859));
#740=AXIS2_PLACEMENT_3D('',#710,#720,#730);
#750=PLANE('',#740);
#760=CARTESIAN_POINT('',(0.,-1.65,0.904999999999997));
#770=DIRECTION('',(-1.,-6.47741255799531E-16,8.34016454032929E-16));
#780=VECTOR('',#770,1.);
#790=LINE('',#760,#780);
#800=CARTESIAN_POINT('',(0.940000000000005,-1.65,0.904999999999998));
#810=VERTEX_POINT('',#800);
#820=EDGE_CURVE('',#810,#450,#790,.T.);
#830=ORIENTED_EDGE('',*,*,#820,.F.);
#840=ORIENTED_EDGE('',*,*,#460,.T.);
#850=CARTESIAN_POINT('',(0.,-1.9,1.165));
#860=DIRECTION('',(-1.,1.5419764230905E-16,-3.05051739723684E-31));
#870=VECTOR('',#860,1.);
#880=LINE('',#850,#870);
#890=CARTESIAN_POINT('',(1.19,-1.9,1.165));
#900=VERTEX_POINT('',#890);
#910=EDGE_CURVE('',#900,#430,#880,.T.);
#920=ORIENTED_EDGE('',*,*,#910,.T.);
#930=CARTESIAN_POINT('',(0.069807692307705,-0.779807692307705,0.));
#940=DIRECTION('',(-0.569654939187218,0.569654939187218,
-0.592441136754711));
#950=VECTOR('',#940,1.);
#960=LINE('',#930,#950);
#970=EDGE_CURVE('',#900,#810,#960,.T.);
#980=ORIENTED_EDGE('',*,*,#970,.F.);
#990=EDGE_LOOP('',(#980,#920,#840,#830));
#1000=FACE_OUTER_BOUND('',#990,.T.);
#1010=ADVANCED_FACE('',(#1000),#750,.F.);
#1020=CARTESIAN_POINT('',(1.19,-1.9,-4.935));
#1030=DIRECTION('',(1.11150759106273E-16,0.720833064901859,
-0.693108716251782));
#1040=DIRECTION('',(-1.06875729909877E-16,-0.693108716251782,
-0.720833064901859));
#1050=AXIS2_PLACEMENT_3D('',#1020,#1030,#1040);
#1060=PLANE('',#1050);
#1070=CARTESIAN_POINT('',(0.,-1.65,-4.675));
#1080=DIRECTION('',(-1.,1.5419764230905E-16,0.));
#1090=VECTOR('',#1080,1.);
#1100=LINE('',#1070,#1090);
#1110=CARTESIAN_POINT('',(0.940000000000002,-1.65,-4.675));
#1120=VERTEX_POINT('',#1110);
#1130=CARTESIAN_POINT('',(-0.940000000000002,-1.65,-4.675));
#1140=VERTEX_POINT('',#1130);
#1150=EDGE_CURVE('',#1120,#1140,#1100,.T.);
#1160=ORIENTED_EDGE('',*,*,#1150,.T.);
#1170=CARTESIAN_POINT('',(-3.55519230769227,2.84519230769227,0.));
#1180=DIRECTION('',(-0.569654939187218,0.569654939187218,
0.592441136754711));
#1190=VECTOR('',#1180,1.);
#1200=LINE('',#1170,#1190);
#1210=CARTESIAN_POINT('',(1.19,-1.9,-4.935));
#1220=VERTEX_POINT('',#1210);
#1230=EDGE_CURVE('',#1220,#1120,#1200,.T.);
#1240=ORIENTED_EDGE('',*,*,#1230,.T.);
#1250=CARTESIAN_POINT('',(0.,-1.9,-4.935));
#1260=DIRECTION('',(1.,-1.5419764230905E-16,0.));
#1270=VECTOR('',#1260,1.);
#1280=LINE('',#1250,#1270);
#1290=CARTESIAN_POINT('',(-1.19,-1.9,-4.935));
#1300=VERTEX_POINT('',#1290);
#1310=EDGE_CURVE('',#1300,#1220,#1280,.T.);
#1320=ORIENTED_EDGE('',*,*,#1310,.T.);
#1330=CARTESIAN_POINT('',(3.55519230769227,2.84519230769227,0.));
#1340=DIRECTION('',(0.569654939187218,0.569654939187218,
0.592441136754711));
#1350=VECTOR('',#1340,1.);
#1360=LINE('',#1330,#1350);
#1370=EDGE_CURVE('',#1300,#1140,#1360,.T.);
#1380=ORIENTED_EDGE('',*,*,#1370,.F.);
#1390=EDGE_LOOP('',(#1380,#1320,#1240,#1160));
#1400=FACE_OUTER_BOUND('',#1390,.T.);
#1410=ADVANCED_FACE('',(#1400),#1060,.F.);
#1420=CARTESIAN_POINT('',(-1.065,-1.775,-4.535));
#1430=DIRECTION('',(0.707106781186548,-0.707106781186547,
3.21330939595952E-32));
#1440=DIRECTION('',(0.707106781186547,0.707106781186548,0.));
#1450=AXIS2_PLACEMENT_3D('',#1420,#1430,#1440);
#1460=PLANE('',#1450);
#1470=CARTESIAN_POINT('',(0.71,0.,-3.625));
#1480=DIRECTION('',(-0.680413817439771,-0.680413817439772,
-0.272165526975909));
#1490=VECTOR('',#1480,1.);
#1500=LINE('',#1470,#1490);
#1510=CARTESIAN_POINT('',(-0.940000000000003,-1.65,-4.285));
#1520=VERTEX_POINT('',#1510);
#1530=CARTESIAN_POINT('',(-1.19,-1.9,-4.385));
#1540=VERTEX_POINT('',#1530);
#1550=EDGE_CURVE('',#1520,#1540,#1500,.T.);
#1560=ORIENTED_EDGE('',*,*,#1550,.T.);
#1570=CARTESIAN_POINT('',(-0.939999999999999,-1.65,8.));
#1580=DIRECTION('',(4.54430572786685E-32,-5.80586511674047E-48,-1.));
#1590=VECTOR('',#1580,1.);
#1600=LINE('',#1570,#1590);
#1610=EDGE_CURVE('',#1520,#1140,#1600,.T.);
#1620=ORIENTED_EDGE('',*,*,#1610,.F.);
#1630=ORIENTED_EDGE('',*,*,#1370,.T.);
#1640=CARTESIAN_POINT('',(-1.19,-1.9,8.));
#1650=DIRECTION('',(4.54430572786685E-32,-3.87057674449364E-48,-1.));
#1660=VECTOR('',#1650,1.);
#1670=LINE('',#1640,#1660);
#1680=EDGE_CURVE('',#1540,#1300,#1670,.T.);
#1690=ORIENTED_EDGE('',*,*,#1680,.T.);
#1700=EDGE_LOOP('',(#1690,#1630,#1620,#1560));
#1710=FACE_OUTER_BOUND('',#1700,.T.);
#1720=ADVANCED_FACE('',(#1710),#1460,.T.);
#1730=CARTESIAN_POINT('',(-1.39845367857875,1.65,-1.83978887223424));
#1740=DIRECTION('',(-3.67381906146713E-16,1.,-1.22460635382238E-16));
#1750=DIRECTION('',(-1.,-3.67381906146713E-16,0.));
#1760=AXIS2_PLACEMENT_3D('',#1730,#1740,#1750);
#1770=PLANE('',#1760);
#1780=CARTESIAN_POINT('',(2.42815229583623E-16,1.65,-5.185));
#1790=DIRECTION('',(-1.,-3.67381906146713E-16,0.));
#1800=VECTOR('',#1790,1.);
#1810=LINE('',#1780,#1800);
#1820=CARTESIAN_POINT('',(1.47,1.65,-5.185));
#1830=VERTEX_POINT('',#1820);
#1840=CARTESIAN_POINT('',(1.32,1.65,-5.185));
#1850=VERTEX_POINT('',#1840);
#1860=EDGE_CURVE('',#1830,#1850,#1810,.T.);
#1870=ORIENTED_EDGE('',*,*,#1860,.T.);
#1880=CARTESIAN_POINT('',(1.47,1.65,0.));
#1890=DIRECTION('',(-4.93038065763132E-32,1.22460635382238E-16,1.));
#1900=VECTOR('',#1890,1.);
#1910=LINE('',#1880,#1900);
#1920=CARTESIAN_POINT('',(1.47,1.65,1.415));
#1930=VERTEX_POINT('',#1920);
#1940=EDGE_CURVE('',#1830,#1930,#1910,.T.);
#1950=ORIENTED_EDGE('',*,*,#1940,.F.);
#1960=CARTESIAN_POINT('',(2.42815229583623E-16,1.65,1.415));
#1970=DIRECTION('',(-1.,-3.67381906146713E-16,0.));
#1980=VECTOR('',#1970,1.);
#1990=LINE('',#1960,#1980);
#2000=CARTESIAN_POINT('',(1.32,1.65,1.415));
#2010=VERTEX_POINT('',#2000);
#2020=EDGE_CURVE('',#1930,#2010,#1990,.T.);
#2030=ORIENTED_EDGE('',*,*,#2020,.F.);
#2040=CARTESIAN_POINT('',(1.32,1.65,8.));
#2050=DIRECTION('',(1.72563323017096E-31,-1.22460635382238E-16,-1.));
#2060=VECTOR('',#2050,1.);
#2070=LINE('',#2040,#2060);
#2080=EDGE_CURVE('',#2010,#1850,#2070,.T.);
#2090=ORIENTED_EDGE('',*,*,#2080,.F.);
#2100=EDGE_LOOP('',(#2090,#2030,#1950,#1870));
#2110=FACE_OUTER_BOUND('',#2100,.T.);
#2120=ADVANCED_FACE('',(#2110),#1770,.T.);
#2130=CARTESIAN_POINT('',(-1.64,1.99999999999999,-3.745));
#2140=DIRECTION('',(-1.22460635382238E-16,1.,0.));
#2150=DIRECTION('',(1.,1.22460635382238E-16,0.));
#2160=AXIS2_PLACEMENT_3D('',#2130,#2140,#2150);
#2170=PLANE('',#2160);
#2180=CARTESIAN_POINT('',(-1.39,1.99999999999999,-3.745));
#2190=DIRECTION('',(0.,0.,1.));
#2200=VECTOR('',#2190,1.);
#2210=LINE('',#2180,#2200);
#2220=CARTESIAN_POINT('',(-1.39,1.99999999999999,-3.745));
#2230=VERTEX_POINT('',#2220);
#2240=CARTESIAN_POINT('',(-1.39,1.99999999999999,-3.625));
#2250=VERTEX_POINT('',#2240);
#2260=EDGE_CURVE('',#2230,#2250,#2210,.T.);
#2270=ORIENTED_EDGE('',*,*,#2260,.F.);
#2280=CARTESIAN_POINT('',(-1.64,1.99999999999999,-3.625));
#2290=DIRECTION('',(1.,1.22460635382238E-16,0.));
#2300=VECTOR('',#2290,1.);
#2310=LINE('',#2280,#2300);
#2320=CARTESIAN_POINT('',(-1.64,1.99999999999999,-3.625));
#2330=VERTEX_POINT('',#2320);
#2340=EDGE_CURVE('',#2330,#2250,#2310,.T.);
#2350=ORIENTED_EDGE('',*,*,#2340,.T.);
#2360=CARTESIAN_POINT('',(-1.64,1.99999999999999,-3.745));
#2370=DIRECTION('',(0.,0.,1.));
#2380=VECTOR('',#2370,1.);
#2390=LINE('',#2360,#2380);
#2400=CARTESIAN_POINT('',(-1.64,1.99999999999999,-3.745));
#2410=VERTEX_POINT('',#2400);
#2420=EDGE_CURVE('',#2410,#2330,#2390,.T.);
#2430=ORIENTED_EDGE('',*,*,#2420,.T.);
#2440=CARTESIAN_POINT('',(-1.64,1.99999999999999,-3.745));
#2450=DIRECTION('',(1.,1.22460635382238E-16,0.));
#2460=VECTOR('',#2450,1.);
#2470=LINE('',#2440,#2460);
#2480=EDGE_CURVE('',#2410,#2230,#2470,.T.);
#2490=ORIENTED_EDGE('',*,*,#2480,.F.);
#2500=EDGE_LOOP('',(#2490,#2430,#2350,#2270));
#2510=FACE_OUTER_BOUND('',#2500,.T.);
#2520=ADVANCED_FACE('',(#2510),#2170,.T.);
#2530=CARTESIAN_POINT('',(-1.32,1.68499999999999,-3.745));
#2540=DIRECTION('',(1.22460635382238E-16,-1.,0.));
#2550=DIRECTION('',(-1.,-1.22460635382238E-16,0.));
#2560=AXIS2_PLACEMENT_3D('',#2530,#2540,#2550);
#2570=PLANE('',#2560);
#2580=CARTESIAN_POINT('',(-1.45,1.68499999999999,-3.745));
#2590=DIRECTION('',(0.,0.,1.));
#2600=VECTOR('',#2590,1.);
#2610=LINE('',#2580,#2600);
#2620=CARTESIAN_POINT('',(-1.45,1.68499999999999,-3.745));
#2630=VERTEX_POINT('',#2620);
#2640=CARTESIAN_POINT('',(-1.45,1.68499999999999,-3.625));
#2650=VERTEX_POINT('',#2640);
#2660=EDGE_CURVE('',#2630,#2650,#2610,.T.);
#2670=ORIENTED_EDGE('',*,*,#2660,.F.);
#2680=CARTESIAN_POINT('',(-1.32,1.68499999999999,-3.625));
#2690=DIRECTION('',(-1.,-1.22460635382238E-16,0.));
#2700=VECTOR('',#2690,1.);
#2710=LINE('',#2680,#2700);
#2720=CARTESIAN_POINT('',(-1.32,1.68499999999999,-3.625));
#2730=VERTEX_POINT('',#2720);
#2740=EDGE_CURVE('',#2730,#2650,#2710,.T.);
#2750=ORIENTED_EDGE('',*,*,#2740,.T.);
#2760=CARTESIAN_POINT('',(-1.32,1.68499999999999,0.));
#2770=DIRECTION('',(2.33071914877005E-31,4.37905770101505E-47,1.));
#2780=VECTOR('',#2770,1.);
#2790=LINE('',#2760,#2780);
#2800=CARTESIAN_POINT('',(-1.32,1.68499999999999,-3.745));
#2810=VERTEX_POINT('',#2800);
#2820=EDGE_CURVE('',#2810,#2730,#2790,.T.);
#2830=ORIENTED_EDGE('',*,*,#2820,.T.);
#2840=CARTESIAN_POINT('',(-1.32,1.68499999999999,-3.745));
#2850=DIRECTION('',(-1.,-1.22460635382238E-16,0.));
#2860=VECTOR('',#2850,1.);
#2870=LINE('',#2840,#2860);
#2880=EDGE_CURVE('',#2810,#2630,#2870,.T.);
#2890=ORIENTED_EDGE('',*,*,#2880,.F.);
#2900=EDGE_LOOP('',(#2890,#2830,#2750,#2670));
#2910=FACE_OUTER_BOUND('',#2900,.T.);
#2920=ADVANCED_FACE('',(#2910),#2570,.T.);
#2930=CARTESIAN_POINT('',(-1.52,1.86999999999999,-3.745));
#2940=DIRECTION('',(6.6531843096478E-15,-1.,0.));
#2950=DIRECTION('',(-1.,-6.6531843096478E-15,0.));
#2960=AXIS2_PLACEMENT_3D('',#2930,#2940,#2950);
#2970=PLANE('',#2960);
#2980=CARTESIAN_POINT('',(-1.69,1.86999999999999,-3.745));
#2990=DIRECTION('',(0.,0.,1.));
#3000=VECTOR('',#2990,1.);
#3010=LINE('',#2980,#3000);
#3020=CARTESIAN_POINT('',(-1.69,1.86999999999999,-3.745));
#3030=VERTEX_POINT('',#3020);
#3040=CARTESIAN_POINT('',(-1.69,1.86999999999999,-3.625));
#3050=VERTEX_POINT('',#3040);
#3060=EDGE_CURVE('',#3030,#3050,#3010,.T.);
#3070=ORIENTED_EDGE('',*,*,#3060,.F.);
#3080=CARTESIAN_POINT('',(-1.52,1.86999999999999,-3.625));
#3090=DIRECTION('',(-1.,-6.6531843096478E-15,0.));
#3100=VECTOR('',#3090,1.);
#3110=LINE('',#3080,#3100);
#3120=CARTESIAN_POINT('',(-1.52,1.86999999999999,-3.625));
#3130=VERTEX_POINT('',#3120);
#3140=EDGE_CURVE('',#3130,#3050,#3110,.T.);
#3150=ORIENTED_EDGE('',*,*,#3140,.T.);
#3160=CARTESIAN_POINT('',(-1.52,1.86999999999999,-3.745));
#3170=DIRECTION('',(0.,0.,1.));
#3180=VECTOR('',#3170,1.);
#3190=LINE('',#3160,#3180);
#3200=CARTESIAN_POINT('',(-1.52,1.86999999999999,-3.745));
#3210=VERTEX_POINT('',#3200);
#3220=EDGE_CURVE('',#3210,#3130,#3190,.T.);
#3230=ORIENTED_EDGE('',*,*,#3220,.T.);
#3240=CARTESIAN_POINT('',(-1.52,1.86999999999999,-3.745));
#3250=DIRECTION('',(-1.,-6.6531843096478E-15,0.));
#3260=VECTOR('',#3250,1.);
#3270=LINE('',#3240,#3260);
#3280=EDGE_CURVE('',#3210,#3030,#3270,.T.);
#3290=ORIENTED_EDGE('',*,*,#3280,.F.);
#3300=EDGE_LOOP('',(#3290,#3230,#3150,#3070));
#3310=FACE_OUTER_BOUND('',#3300,.T.);
#3320=ADVANCED_FACE('',(#3310),#2970,.T.);
#3330=CARTESIAN_POINT('',(0.965000000000002,-1.65,-9.975));
#3340=DIRECTION('',(1.45472826493243E-15,-1.,0.));
#3350=DIRECTION('',(1.,1.45472826493243E-15,0.));
#3360=AXIS2_PLACEMENT_3D('',#3330,#3340,#3350);
#3370=PLANE('',#3360);
#3380=CARTESIAN_POINT('',(0.,-1.65,0.515));
#3390=DIRECTION('',(1.,1.18357325455508E-15,-1.18157933941981E-16));
#3400=VECTOR('',#3390,1.);
#3410=LINE('',#3380,#3400);
#3420=CARTESIAN_POINT('',(1.04,-1.65,0.515));
#3430=VERTEX_POINT('',#3420);
#3440=CARTESIAN_POINT('',(1.47,-1.65,0.515));
#3450=VERTEX_POINT('',#3440);
#3460=EDGE_CURVE('',#3430,#3450,#3410,.T.);
#3470=ORIENTED_EDGE('',*,*,#3460,.F.);
#3480=CARTESIAN_POINT('',(1.47,-1.65,0.));
#3490=DIRECTION('',(0.,0.,1.));
#3500=VECTOR('',#3490,1.);
#3510=LINE('',#3480,#3500);
#3520=CARTESIAN_POINT('',(1.47,-1.65,-4.285));
#3530=VERTEX_POINT('',#3520);
#3540=EDGE_CURVE('',#3530,#3450,#3510,.T.);
#3550=ORIENTED_EDGE('',*,*,#3540,.T.);
#3560=CARTESIAN_POINT('',(0.,-1.65,-4.285));
#3570=DIRECTION('',(1.,1.45472826493243E-15,2.2661993809292E-16));
#3580=VECTOR('',#3570,1.);
#3590=LINE('',#3560,#3580);
#3600=CARTESIAN_POINT('',(1.04,-1.65,-4.285));
#3610=VERTEX_POINT('',#3600);
#3620=EDGE_CURVE('',#3610,#3530,#3590,.T.);
#3630=ORIENTED_EDGE('',*,*,#3620,.T.);
#3640=CARTESIAN_POINT('',(1.04,-1.65,-1.885));
#3650=DIRECTION('',(0.,0.,-1.));
#3660=VECTOR('',#3650,1.);
#3670=LINE('',#3640,#3660);
#3680=EDGE_CURVE('',#3430,#3610,#3670,.T.);
#3690=ORIENTED_EDGE('',*,*,#3680,.T.);
#3700=EDGE_LOOP('',(#3690,#3630,#3550,#3470));
#3710=FACE_OUTER_BOUND('',#3700,.T.);
#3720=ADVANCED_FACE('',(#3710),#3370,.T.);
#3730=CARTESIAN_POINT('',(-1.39845367857875,1.65,-1.83978887223424));
#3740=DIRECTION('',(-3.67381906146713E-16,1.,-1.22460635382238E-16));
#3750=DIRECTION('',(-1.,-3.67381906146713E-16,0.));
#3760=AXIS2_PLACEMENT_3D('',#3730,#3740,#3750);
#3770=PLANE('',#3760);
#3780=CARTESIAN_POINT('',(2.42815229583623E-16,1.65,-5.185));
#3790=DIRECTION('',(-1.,-3.67381906146713E-16,0.));
#3800=VECTOR('',#3790,1.);
#3810=LINE('',#3780,#3800);
#3820=CARTESIAN_POINT('',(-1.32,1.65,-5.185));
#3830=VERTEX_POINT('',#3820);
#3840=CARTESIAN_POINT('',(-1.47,1.65,-5.185));
#3850=VERTEX_POINT('',#3840);
#3860=EDGE_CURVE('',#3830,#3850,#3810,.T.);
#3870=ORIENTED_EDGE('',*,*,#3860,.T.);
#3880=CARTESIAN_POINT('',(-1.32,1.65,8.));
#3890=DIRECTION('',(0.,1.22460635382238E-16,1.));
#3900=VECTOR('',#3890,1.);
#3910=LINE('',#3880,#3900);
#3920=CARTESIAN_POINT('',(-1.32,1.65,1.415));
#3930=VERTEX_POINT('',#3920);
#3940=EDGE_CURVE('',#3830,#3930,#3910,.T.);
#3950=ORIENTED_EDGE('',*,*,#3940,.F.);
#3960=CARTESIAN_POINT('',(2.42815229583623E-16,1.65,1.415));
#3970=DIRECTION('',(-1.,-3.67381906146713E-16,0.));
#3980=VECTOR('',#3970,1.);
#3990=LINE('',#3960,#3980);
#4000=CARTESIAN_POINT('',(-1.47,1.65,1.415));
#4010=VERTEX_POINT('',#4000);
#4020=EDGE_CURVE('',#3930,#4010,#3990,.T.);
#4030=ORIENTED_EDGE('',*,*,#4020,.F.);
#4040=CARTESIAN_POINT('',(-1.47,1.65,0.));
#4050=DIRECTION('',(-4.93038065763132E-32,1.22460635382238E-16,1.));
#4060=VECTOR('',#4050,1.);
#4070=LINE('',#4040,#4060);
#4080=EDGE_CURVE('',#3850,#4010,#4070,.T.);
#4090=ORIENTED_EDGE('',*,*,#4080,.T.);
#4100=EDGE_LOOP('',(#4090,#4030,#3950,#3870));
#4110=FACE_OUTER_BOUND('',#4100,.T.);
#4120=ADVANCED_FACE('',(#4110),#3770,.T.);
#4130=CARTESIAN_POINT('',(-0.929999999999998,1.95,2.01));
#4140=DIRECTION('',(1.78077883540374E-15,1.,1.62093906809941E-47));
#4150=DIRECTION('',(2.33071914877005E-31,-4.31258923820988E-46,1.));
#4160=AXIS2_PLACEMENT_3D('',#4130,#4140,#4150);
#4170=PLANE('',#4160);
#4180=CARTESIAN_POINT('',(2.62664260856402E-16,1.95,-5.185));
#4190=DIRECTION('',(-1.,1.35783673078464E-15,0.));
#4200=VECTOR('',#4190,1.);
#4210=LINE('',#4180,#4200);
#4220=CARTESIAN_POINT('',(1.32,1.94999999999999,-5.185));
#4230=VERTEX_POINT('',#4220);
#4240=CARTESIAN_POINT('',(-1.32,1.95,-5.185));
#4250=VERTEX_POINT('',#4240);
#4260=EDGE_CURVE('',#4230,#4250,#4210,.T.);
#4270=ORIENTED_EDGE('',*,*,#4260,.T.);
#4280=CARTESIAN_POINT('',(1.32,1.95,0.));
#4290=DIRECTION('',(1.72563323017096E-31,-1.22460635382238E-16,1.));
#4300=VECTOR('',#4290,1.);
#4310=LINE('',#4280,#4300);
#4320=CARTESIAN_POINT('',(1.32,1.94999999999999,1.415));
#4330=VERTEX_POINT('',#4320);
#4340=EDGE_CURVE('',#4230,#4330,#4310,.T.);
#4350=ORIENTED_EDGE('',*,*,#4340,.F.);
#4360=CARTESIAN_POINT('',(2.62664260856402E-16,1.95,1.415));
#4370=DIRECTION('',(-1.,1.35783673078464E-15,0.));
#4380=VECTOR('',#4370,1.);
#4390=LINE('',#4360,#4380);
#4400=CARTESIAN_POINT('',(-1.32,1.95,1.415));
#4410=VERTEX_POINT('',#4400);
#4420=EDGE_CURVE('',#4330,#4410,#4390,.T.);
#4430=ORIENTED_EDGE('',*,*,#4420,.F.);
#4440=CARTESIAN_POINT('',(-1.32,1.95,0.));
#4450=DIRECTION('',(2.46519032881566E-32,-1.22460635382238E-16,1.));
#4460=VECTOR('',#4450,1.);
#4470=LINE('',#4440,#4460);
#4480=EDGE_CURVE('',#4250,#4410,#4470,.T.);
#4490=ORIENTED_EDGE('',*,*,#4480,.T.);
#4500=EDGE_LOOP('',(#4490,#4430,#4350,#4270));
#4510=FACE_OUTER_BOUND('',#4500,.T.);
#4520=ADVANCED_FACE('',(#4510),#4170,.T.);
#4530=CARTESIAN_POINT('',(0.670201083764795,0.0620458542830422,-5.185));
#4540=DIRECTION('',(0.,0.,-1.));
#4550=DIRECTION('',(1.,0.,0.));
#4560=AXIS2_PLACEMENT_3D('',#4530,#4540,#4550);
#4570=PLANE('',#4560);
#4580=ORIENTED_EDGE('',*,*,#1860,.F.);
#4590=CARTESIAN_POINT('',(1.32,1.95,-5.185));
#4600=DIRECTION('',(1.33226762955019E-15,-1.,0.));
#4610=VECTOR('',#4600,1.);
#4620=LINE('',#4590,#4610);
#4630=EDGE_CURVE('',#4230,#1850,#4620,.T.);
#4640=ORIENTED_EDGE('',*,*,#4630,.T.);
#4650=ORIENTED_EDGE('',*,*,#4260,.F.);
#4660=CARTESIAN_POINT('',(-1.32,1.95,-5.185));
#4670=DIRECTION('',(1.08734635878571E-15,1.,0.));
#4680=VECTOR('',#4670,1.);
#4690=LINE('',#4660,#4680);
#4700=EDGE_CURVE('',#3830,#4250,#4690,.T.);
#4710=ORIENTED_EDGE('',*,*,#4700,.T.);
#4720=ORIENTED_EDGE('',*,*,#3860,.F.);
#4730=CARTESIAN_POINT('',(-1.47,0.050000000000003,-5.185));
#4740=DIRECTION('',(-1.35783673078464E-15,-1.,-1.22460635382238E-16));
#4750=VECTOR('',#4740,1.);
#4760=LINE('',#4730,#4750);
#4770=CARTESIAN_POINT('',(-1.47,-1.9,-5.185));
#4780=VERTEX_POINT('',#4770);
#4790=EDGE_CURVE('',#3850,#4780,#4760,.T.);
#4800=ORIENTED_EDGE('',*,*,#4790,.F.);
#4810=CARTESIAN_POINT('',(0.,-1.9,-5.185));
#4820=DIRECTION('',(1.,-1.54197642309049E-16,0.));
#4830=VECTOR('',#4820,1.);
#4840=LINE('',#4810,#4830);
#4850=CARTESIAN_POINT('',(1.47,-1.9,-5.185));
#4860=VERTEX_POINT('',#4850);
#4870=EDGE_CURVE('',#4780,#4860,#4840,.T.);
#4880=ORIENTED_EDGE('',*,*,#4870,.F.);
#4890=CARTESIAN_POINT('',(1.47,0.45,-5.185));
#4900=DIRECTION('',(-3.67381906146713E-16,1.,0.));
#4910=VECTOR('',#4900,1.);
#4920=LINE('',#4890,#4910);
#4930=EDGE_CURVE('',#4860,#1830,#4920,.T.);
#4940=ORIENTED_EDGE('',*,*,#4930,.F.);
#4950=EDGE_LOOP('',(#4940,#4880,#4800,#4720,#4710,#4650,#4640,#4580));
#4960=FACE_OUTER_BOUND('',#4950,.T.);
#4970=ADVANCED_FACE('',(#4960),#4570,.T.);
#4980=CARTESIAN_POINT('',(-1.09,-1.65,3.43));
#4990=DIRECTION('',(1.35783673078464E-15,1.,1.22460635382238E-16));
#5000=DIRECTION('',(1.,-1.35783673078464E-15,-1.81278156015448E-31));
#5010=AXIS2_PLACEMENT_3D('',#4980,#4990,#5000);
#5020=PLANE('',#5010);
#5030=CARTESIAN_POINT('',(0.,-1.65,-4.285));
#5040=DIRECTION('',(-1.,6.06332794578781E-16,-1.47697417427476E-17));
#5050=VECTOR('',#5040,1.);
#5060=LINE('',#5030,#5050);
#5070=CARTESIAN_POINT('',(-1.04000000000001,-1.65,-4.285));
#5080=VERTEX_POINT('',#5070);
#5090=CARTESIAN_POINT('',(-1.47,-1.65,-4.285));
#5100=VERTEX_POINT('',#5090);
#5110=EDGE_CURVE('',#5080,#5100,#5060,.T.);
#5120=ORIENTED_EDGE('',*,*,#5110,.F.);
#5130=CARTESIAN_POINT('',(-1.47,-1.65,0.));
#5140=DIRECTION('',(1.97215226305253E-31,1.22460635382238E-16,-1.));
#5150=VECTOR('',#5140,1.);
#5160=LINE('',#5130,#5150);
#5170=CARTESIAN_POINT('',(-1.47,-1.65,0.515));
#5180=VERTEX_POINT('',#5170);
#5190=EDGE_CURVE('',#5180,#5100,#5160,.T.);
#5200=ORIENTED_EDGE('',*,*,#5190,.T.);
#5210=CARTESIAN_POINT('',(0.,-1.65,0.515));
#5220=DIRECTION('',(-1.,3.47862314080698E-16,1.18157933941981E-16));
#5230=VECTOR('',#5220,1.);
#5240=LINE('',#5210,#5230);
#5250=EDGE_CURVE('',#110,#5180,#5240,.T.);
#5260=ORIENTED_EDGE('',*,*,#5250,.T.);
#5270=CARTESIAN_POINT('',(-1.04,-1.65,-1.885));
#5280=DIRECTION('',(0.,1.22460635382238E-16,-1.));
#5290=VECTOR('',#5280,1.);
#5300=LINE('',#5270,#5290);
#5310=EDGE_CURVE('',#110,#5080,#5300,.T.);
#5320=ORIENTED_EDGE('',*,*,#5310,.F.);
#5330=EDGE_LOOP('',(#5320,#5260,#5200,#5120));
#5340=FACE_OUTER_BOUND('',#5330,.T.);
#5350=ADVANCED_FACE('',(#5340),#5020,.F.);
#5360=CARTESIAN_POINT('',(-0.889997599999997,-1.65,0.514999999999999));
#5370=DIRECTION('',(2.38899707612823E-16,0.371390676354104,
0.928476690885259));
#5380=DIRECTION('',(-5.97249269032059E-16,-0.928476690885259,
0.371390676354104));
#5390=AXIS2_PLACEMENT_3D('',#5360,#5370,#5380);
#5400=PLANE('',#5390);
#5410=ORIENTED_EDGE('',*,*,#5250,.F.);
#5420=CARTESIAN_POINT('',(-1.47,0.,-0.145000000000001));
#5430=DIRECTION('',(6.10622663543836E-16,0.928476690885259,
-0.371390676354104));
#5440=VECTOR('',#5430,1.);
#5450=LINE('',#5420,#5440);
#5460=CARTESIAN_POINT('',(-1.47,-1.9,0.614999999999999));
#5470=VERTEX_POINT('',#5460);
#5480=EDGE_CURVE('',#5470,#5180,#5450,.T.);
#5490=ORIENTED_EDGE('',*,*,#5480,.T.);
#5500=CARTESIAN_POINT('',(0.,-1.9,0.614999999999998));
#5510=DIRECTION('',(-1.,1.54197642309049E-16,1.9562380265064E-16));
#5520=VECTOR('',#5510,1.);
#5530=LINE('',#5500,#5520);
#5540=EDGE_CURVE('',#590,#5470,#5530,.T.);
#5550=ORIENTED_EDGE('',*,*,#5540,.T.);
#5560=ORIENTED_EDGE('',*,*,#600,.F.);
#5570=ORIENTED_EDGE('',*,*,#140,.T.);
#5580=EDGE_LOOP('',(#5570,#5560,#5550,#5490,#5410));
#5590=FACE_OUTER_BOUND('',#5580,.T.);
#5600=ADVANCED_FACE('',(#5590),#5400,.F.);
#5610=CARTESIAN_POINT('',(0.615432951387821,-0.425,0.586105979280234));
#5620=DIRECTION('',(3.71082978108243E-16,-1.,-1.22460635382238E-16));
#5630=DIRECTION('',(1.,3.71082978108243E-16,0.));
#5640=AXIS2_PLACEMENT_3D('',#5610,#5620,#5630);
#5650=PLANE('',#5640);
#5660=CARTESIAN_POINT('',(0.505355339059328,-0.424999999999999,
-3.98535533905933));
#5670=DIRECTION('',(0.707106781186547,1.66533453693774E-16,
0.707106781186548));
#5680=VECTOR('',#5670,1.);
#5690=LINE('',#5660,#5680);
#5700=CARTESIAN_POINT('',(0.465710678118657,-0.424999999999999,-4.025));
#5710=VERTEX_POINT('',#5700);
#5720=CARTESIAN_POINT('',(0.595,-0.424999999999999,-3.89571067811865));
#5730=VERTEX_POINT('',#5720);
#5740=EDGE_CURVE('',#5710,#5730,#5690,.T.);
#5750=ORIENTED_EDGE('',*,*,#5740,.F.);
#5760=CARTESIAN_POINT('',(0.595,-0.425,-1.92035533905933));
#5770=DIRECTION('',(-2.46519032881566E-32,1.22460635382238E-16,-1.));
#5780=VECTOR('',#5770,1.);
#5790=LINE('',#5760,#5780);
#5800=CARTESIAN_POINT('',(0.595,-0.425,0.125710678118651));
#5810=VERTEX_POINT('',#5800);
#5820=EDGE_CURVE('',#5810,#5730,#5790,.T.);
#5830=ORIENTED_EDGE('',*,*,#5820,.T.);
#5840=CARTESIAN_POINT('',(0.555355339059327,-0.425,0.165355339059324));
#5850=DIRECTION('',(0.707106781186549,3.33066907387547E-16,
-0.707106781186546));
#5860=VECTOR('',#5850,1.);
#5870=LINE('',#5840,#5860);
#5880=CARTESIAN_POINT('',(0.465710678118655,-0.425,0.254999999999997));
#5890=VERTEX_POINT('',#5880);
#5900=EDGE_CURVE('',#5890,#5810,#5870,.T.);
#5910=ORIENTED_EDGE('',*,*,#5900,.T.);
#5920=CARTESIAN_POINT('',(0.0353553390593279,-0.425,0.254999999999997));
#5930=DIRECTION('',(1.,3.71082978108243E-16,0.));
#5940=VECTOR('',#5930,1.);
#5950=LINE('',#5920,#5940);
#5960=CARTESIAN_POINT('',(-0.465710678118654,-0.425,0.254999999999996));
#5970=VERTEX_POINT('',#5960);
#5980=EDGE_CURVE('',#5970,#5890,#5950,.T.);
#5990=ORIENTED_EDGE('',*,*,#5980,.T.);
#6000=CARTESIAN_POINT('',(-0.530355339059326,-0.425,0.190355339059324));
#6010=DIRECTION('',(-0.707106781186549,-1.66533453693773E-16,
-0.707106781186546));
#6020=VECTOR('',#6010,1.);
#6030=LINE('',#6000,#6020);
#6040=CARTESIAN_POINT('',(-0.595,-0.424999999999999,0.125710678118652));
#6050=VERTEX_POINT('',#6040);
#6060=EDGE_CURVE('',#5970,#6050,#6030,.T.);
#6070=ORIENTED_EDGE('',*,*,#6060,.F.);
#6080=CARTESIAN_POINT('',(-0.594999999999999,-0.425,-1.92035533905933));
#6090=DIRECTION('',(0.,1.22460635382238E-16,-1.));
#6100=VECTOR('',#6090,1.);
#6110=LINE('',#6080,#6100);
#6120=CARTESIAN_POINT('',(-0.594999999999999,-0.425,-3.89571067811865));
#6130=VERTEX_POINT('',#6120);
#6140=EDGE_CURVE('',#6050,#6130,#6110,.T.);
#6150=ORIENTED_EDGE('',*,*,#6140,.F.);
#6160=CARTESIAN_POINT('',(-0.505355339059327,-0.425,-3.98535533905933));
#6170=DIRECTION('',(0.707106781186548,2.77555756156289E-16,
-0.707106781186548));
#6180=VECTOR('',#6170,1.);
#6190=LINE('',#6160,#6180);
#6200=CARTESIAN_POINT('',(-0.465710678118656,-0.424999999999999,-4.025))
;
#6210=VERTEX_POINT('',#6200);
#6220=EDGE_CURVE('',#6130,#6210,#6190,.T.);
#6230=ORIENTED_EDGE('',*,*,#6220,.F.);
#6240=CARTESIAN_POINT('',(5.55111512312578E-16,-0.424999999999999,-4.025
));
#6250=DIRECTION('',(-1.,-3.71082978108243E-16,0.));
#6260=VECTOR('',#6250,1.);
#6270=LINE('',#6240,#6260);
#6280=EDGE_CURVE('',#5710,#6210,#6270,.T.);
#6290=ORIENTED_EDGE('',*,*,#6280,.T.);
#6300=EDGE_LOOP('',(#6290,#6230,#6150,#6070,#5990,#5910,#5830,#5750));
#6310=FACE_BOUND('',#6300,.T.);
#6320=CARTESIAN_POINT('',(0.890000000000002,-0.425,0.));
#6330=DIRECTION('',(1.74315279842105E-32,-1.22460635382238E-16,1.));
#6340=VECTOR('',#6330,1.);
#6350=LINE('',#6320,#6340);
#6360=CARTESIAN_POINT('',(0.890000000000002,-0.424999999999999,-4.625));
#6370=VERTEX_POINT('',#6360);
#6380=CARTESIAN_POINT('',(0.890000000000002,-0.425,0.854999999999997));
#6390=VERTEX_POINT('',#6380);
#6400=EDGE_CURVE('',#6370,#6390,#6350,.T.);
#6410=ORIENTED_EDGE('',*,*,#6400,.T.);
#6420=CARTESIAN_POINT('',(1.99840144432528E-15,-0.425,-4.625));
#6430=DIRECTION('',(1.,3.71082978108243E-16,0.));
#6440=VECTOR('',#6430,1.);
#6450=LINE('',#6420,#6440);
#6460=CARTESIAN_POINT('',(-0.889999999999998,-0.425,-4.625));
#6470=VERTEX_POINT('',#6460);
#6480=EDGE_CURVE('',#6470,#6370,#6450,.T.);
#6490=ORIENTED_EDGE('',*,*,#6480,.T.);
#6500=CARTESIAN_POINT('',(-0.889999999999998,-0.425,0.));
#6510=DIRECTION('',(8.71576399210526E-33,-1.22460635382238E-16,1.));
#6520=VECTOR('',#6510,1.);
#6530=LINE('',#6500,#6520);
#6540=CARTESIAN_POINT('',(-0.889999999999998,-0.425,0.854999999999997));
#6550=VERTEX_POINT('',#6540);
#6560=EDGE_CURVE('',#6470,#6550,#6530,.T.);
#6570=ORIENTED_EDGE('',*,*,#6560,.F.);
#6580=CARTESIAN_POINT('',(1.99840144432528E-15,-0.425,0.854999999999997)
);
#6590=DIRECTION('',(1.,3.71082978108243E-16,4.43734259186819E-31));
#6600=VECTOR('',#6590,1.);
#6610=LINE('',#6580,#6600);
#6620=EDGE_CURVE('',#6550,#6390,#6610,.T.);
#6630=ORIENTED_EDGE('',*,*,#6620,.F.);
#6640=EDGE_LOOP('',(#6630,#6570,#6490,#6410));
#6650=FACE_OUTER_BOUND('',#6640,.T.);
#6660=ADVANCED_FACE('',(#6310,#6650),#5650,.T.);
#6670=CARTESIAN_POINT('',(2.96101731916345,3.3223480408227,-3.745));
#6680=DIRECTION('',(0.,0.,1.));
#6690=DIRECTION('',(-1.,-1.22460635382238E-16,0.));
#6700=AXIS2_PLACEMENT_3D('',#6670,#6680,#6690);
#6710=PLANE('',#6700);
#6720=CARTESIAN_POINT('',(-1.39,1.99999999999999,-3.745));
#6730=DIRECTION('',(0.719844295420684,-0.694135570584233,0.));
#6740=VECTOR('',#6730,1.);
#6750=LINE('',#6720,#6740);
#6760=CARTESIAN_POINT('',(-1.32,1.93249999999999,-3.745));
#6770=VERTEX_POINT('',#6760);
#6780=EDGE_CURVE('',#2230,#6770,#6750,.T.);
#6790=ORIENTED_EDGE('',*,*,#6780,.T.);
#6800=ORIENTED_EDGE('',*,*,#2480,.T.);
#6810=CARTESIAN_POINT('',(-1.64,1.94999999999999,-3.745));
#6820=DIRECTION('',(0.,0.,1.));
#6830=DIRECTION('',(-1.,-1.22460635382238E-16,0.));
#6840=AXIS2_PLACEMENT_3D('',#6810,#6820,#6830);
#6850=CIRCLE('',#6840,0.05);
#6860=CARTESIAN_POINT('',(-1.69,1.94999999999999,-3.745));
#6870=VERTEX_POINT('',#6860);
#6880=EDGE_CURVE('',#2410,#6870,#6850,.T.);
#6890=ORIENTED_EDGE('',*,*,#6880,.F.);
#6900=CARTESIAN_POINT('',(-1.69,1.86999999999999,-3.745));
#6910=DIRECTION('',(-1.22460635382238E-16,1.,0.));
#6920=VECTOR('',#6910,1.);
#6930=LINE('',#6900,#6920);
#6940=EDGE_CURVE('',#3030,#6870,#6930,.T.);
#6950=ORIENTED_EDGE('',*,*,#6940,.T.);
#6960=ORIENTED_EDGE('',*,*,#3280,.T.);
#6970=CARTESIAN_POINT('',(-1.52,1.81999999999999,-3.745));
#6980=DIRECTION('',(0.,0.,1.));
#6990=DIRECTION('',(-1.,-1.22460635382238E-16,0.));
#7000=AXIS2_PLACEMENT_3D('',#6970,#6980,#6990);
#7010=CIRCLE('',#7000,0.0500000000000009);
#7020=CARTESIAN_POINT('',(-1.47497605610577,1.79825501261876,-3.745));
#7030=VERTEX_POINT('',#7020);
#7040=EDGE_CURVE('',#7030,#3210,#7010,.T.);
#7050=ORIENTED_EDGE('',*,*,#7040,.T.);
#7060=CARTESIAN_POINT('',(-1.49502394389422,1.75674498738121,-3.745));
#7070=DIRECTION('',(0.434899747624548,0.900478877884487,0.));
#7080=VECTOR('',#7070,1.);
#7090=LINE('',#7060,#7080);
#7100=CARTESIAN_POINT('',(-1.49502394389422,1.75674498738121,-3.745));
#7110=VERTEX_POINT('',#7100);
#7120=EDGE_CURVE('',#7110,#7030,#7090,.T.);
#7130=ORIENTED_EDGE('',*,*,#7120,.T.);
#7140=CARTESIAN_POINT('',(-1.45,1.73499999999999,-3.745));
#7150=DIRECTION('',(0.,0.,1.));
#7160=DIRECTION('',(-1.,-1.22460635382238E-16,0.));
#7170=AXIS2_PLACEMENT_3D('',#7140,#7150,#7160);
#7180=CIRCLE('',#7170,0.0499999999999998);
#7190=EDGE_CURVE('',#7110,#2630,#7180,.T.);
#7200=ORIENTED_EDGE('',*,*,#7190,.F.);
#7210=ORIENTED_EDGE('',*,*,#2880,.T.);
#7220=CARTESIAN_POINT('',(-1.32,0.5,-3.745));
#7230=DIRECTION('',(1.78077883540374E-15,1.,0.));
#7240=VECTOR('',#7230,1.);
#7250=LINE('',#7220,#7240);
#7260=EDGE_CURVE('',#2810,#6770,#7250,.T.);
#7270=ORIENTED_EDGE('',*,*,#7260,.F.);
#7280=EDGE_LOOP('',(#7270,#7210,#7200,#7130,#7050,#6960,#6950,#6890,
#6800,#6790));
#7290=FACE_OUTER_BOUND('',#7280,.T.);
#7300=ADVANCED_FACE('',(#7290),#6710,.F.);
#7310=CARTESIAN_POINT('',(-1.45,1.73499999999999,-3.745));
#7320=DIRECTION('',(0.,0.,1.));
#7330=DIRECTION('',(-1.,-1.22460635382238E-16,0.));
#7340=AXIS2_PLACEMENT_3D('',#7310,#7320,#7330);
#7350=CYLINDRICAL_SURFACE('',#7340,0.0499999999999998);
#7360=CARTESIAN_POINT('',(-1.49502394389422,1.75674498738121,-3.745));
#7370=DIRECTION('',(0.,0.,1.));
#7380=VECTOR('',#7370,1.);
#7390=LINE('',#7360,#7380);
#7400=CARTESIAN_POINT('',(-1.49502394389422,1.75674498738121,-3.625));
#7410=VERTEX_POINT('',#7400);
#7420=EDGE_CURVE('',#7110,#7410,#7390,.T.);
#7430=ORIENTED_EDGE('',*,*,#7420,.F.);
#7440=CARTESIAN_POINT('',(-1.45,1.73499999999999,-3.625));
#7450=DIRECTION('',(0.,0.,1.));
#7460=DIRECTION('',(-1.,-1.22460635382238E-16,0.));
#7470=AXIS2_PLACEMENT_3D('',#7440,#7450,#7460);
#7480=CIRCLE('',#7470,0.0499999999999998);
#7490=EDGE_CURVE('',#7410,#2650,#7480,.T.);
#7500=ORIENTED_EDGE('',*,*,#7490,.F.);
#7510=ORIENTED_EDGE('',*,*,#2660,.T.);
#7520=ORIENTED_EDGE('',*,*,#7190,.T.);
#7530=EDGE_LOOP('',(#7520,#7510,#7500,#7430));
#7540=FACE_OUTER_BOUND('',#7530,.T.);
#7550=ADVANCED_FACE('',(#7540),#7350,.T.);
#7560=CARTESIAN_POINT('',(2.96101731916345,3.3223480408227,-3.625));
#7570=DIRECTION('',(0.,0.,1.));
#7580=DIRECTION('',(-1.,-1.22460635382238E-16,0.));
#7590=AXIS2_PLACEMENT_3D('',#7560,#7570,#7580);
#7600=PLANE('',#7590);
#7610=ORIENTED_EDGE('',*,*,#2740,.F.);
#7620=ORIENTED_EDGE('',*,*,#7490,.T.);
#7630=CARTESIAN_POINT('',(-1.49502394389422,1.75674498738121,-3.625));
#7640=DIRECTION('',(0.434899747624548,0.900478877884487,0.));
#7650=VECTOR('',#7640,1.);
#7660=LINE('',#7630,#7650);
#7670=CARTESIAN_POINT('',(-1.47497605610577,1.79825501261876,-3.625));
#7680=VERTEX_POINT('',#7670);
#7690=EDGE_CURVE('',#7410,#7680,#7660,.T.);
#7700=ORIENTED_EDGE('',*,*,#7690,.F.);
#7710=CARTESIAN_POINT('',(-1.52,1.81999999999999,-3.625));
#7720=DIRECTION('',(0.,0.,1.));
#7730=DIRECTION('',(-1.,-1.22460635382238E-16,0.));
#7740=AXIS2_PLACEMENT_3D('',#7710,#7720,#7730);
#7750=CIRCLE('',#7740,0.0500000000000009);
#7760=EDGE_CURVE('',#7680,#3130,#7750,.T.);
#7770=ORIENTED_EDGE('',*,*,#7760,.F.);
#7780=ORIENTED_EDGE('',*,*,#3140,.F.);
#7790=CARTESIAN_POINT('',(-1.69,1.86999999999999,-3.625));
#7800=DIRECTION('',(-1.22460635382238E-16,1.,0.));
#7810=VECTOR('',#7800,1.);
#7820=LINE('',#7790,#7810);
#7830=CARTESIAN_POINT('',(-1.69,1.94999999999999,-3.625));
#7840=VERTEX_POINT('',#7830);
#7850=EDGE_CURVE('',#3050,#7840,#7820,.T.);
#7860=ORIENTED_EDGE('',*,*,#7850,.F.);
#7870=CARTESIAN_POINT('',(-1.64,1.94999999999999,-3.625));
#7880=DIRECTION('',(0.,0.,1.));
#7890=DIRECTION('',(-1.,-1.22460635382238E-16,0.));
#7900=AXIS2_PLACEMENT_3D('',#7870,#7880,#7890);
#7910=CIRCLE('',#7900,0.05);
#7920=EDGE_CURVE('',#2330,#7840,#7910,.T.);
#7930=ORIENTED_EDGE('',*,*,#7920,.T.);
#7940=ORIENTED_EDGE('',*,*,#2340,.F.);
#7950=CARTESIAN_POINT('',(-1.39,1.99999999999999,-3.625));
#7960=DIRECTION('',(0.719844295420684,-0.694135570584233,0.));
#7970=VECTOR('',#7960,1.);
#7980=LINE('',#7950,#7970);
#7990=CARTESIAN_POINT('',(-1.32,1.93249999999999,-3.625));
#8000=VERTEX_POINT('',#7990);
#8010=EDGE_CURVE('',#2250,#8000,#7980,.T.);
#8020=ORIENTED_EDGE('',*,*,#8010,.F.);
#8030=CARTESIAN_POINT('',(-1.32,0.5,-3.625));
#8040=DIRECTION('',(1.78077883540374E-15,1.,0.));
#8050=VECTOR('',#8040,1.);
#8060=LINE('',#8030,#8050);
#8070=EDGE_CURVE('',#2730,#8000,#8060,.T.);
#8080=ORIENTED_EDGE('',*,*,#8070,.T.);
#8090=EDGE_LOOP('',(#8080,#8020,#7940,#7930,#7860,#7780,#7770,#7700,
#7620,#7610));
#8100=FACE_OUTER_BOUND('',#8090,.T.);
#8110=ADVANCED_FACE('',(#8100),#7600,.T.);
#8120=CARTESIAN_POINT('',(-1.39,1.99999999999999,-3.745));
#8130=DIRECTION('',(0.694135570584233,0.719844295420684,0.));
#8140=DIRECTION('',(0.719844295420684,-0.694135570584233,0.));
#8150=AXIS2_PLACEMENT_3D('',#8120,#8130,#8140);
#8160=PLANE('',#8150);
#8170=ORIENTED_EDGE('',*,*,#8010,.T.);
#8180=ORIENTED_EDGE('',*,*,#2260,.T.);
#8190=ORIENTED_EDGE('',*,*,#6780,.F.);
#8200=CARTESIAN_POINT('',(-1.32,1.93249999999999,0.));
#8210=DIRECTION('',(-2.33071914877005E-31,2.24747917917113E-31,-1.));
#8220=VECTOR('',#8210,1.);
#8230=LINE('',#8200,#8220);
#8240=EDGE_CURVE('',#8000,#6770,#8230,.T.);
#8250=ORIENTED_EDGE('',*,*,#8240,.T.);
#8260=EDGE_LOOP('',(#8250,#8190,#8180,#8170));
#8270=FACE_OUTER_BOUND('',#8260,.T.);
#8280=ADVANCED_FACE('',(#8270),#8160,.T.);
#8290=CARTESIAN_POINT('',(0.94,-0.0250000000000001,-9.975));
#8300=DIRECTION('',(-1.,-1.22460635382238E-16,0.));
#8310=DIRECTION('',(1.22460635382238E-16,-1.,0.));
#8320=AXIS2_PLACEMENT_3D('',#8290,#8300,#8310);
#8330=PLANE('',#8320);
#8340=CARTESIAN_POINT('',(0.94,0.,0.904999999999997));
#8350=DIRECTION('',(1.22460635382238E-16,-1.,-2.44921270764475E-16));
#8360=VECTOR('',#8350,1.);
#8370=LINE('',#8340,#8360);
#8380=CARTESIAN_POINT('',(0.940000000000002,-0.475,0.904999999999997));
#8390=VERTEX_POINT('',#8380);
#8400=EDGE_CURVE('',#8390,#810,#8370,.T.);
#8410=ORIENTED_EDGE('',*,*,#8400,.F.);
#8420=CARTESIAN_POINT('',(0.94,-1.65,0.));
#8430=DIRECTION('',(0.,0.,-1.));
#8440=VECTOR('',#8430,1.);
#8450=LINE('',#8420,#8440);
#8460=CARTESIAN_POINT('',(0.94,-1.65,0.515));
#8470=VERTEX_POINT('',#8460);
#8480=EDGE_CURVE('',#810,#8470,#8450,.T.);
#8490=ORIENTED_EDGE('',*,*,#8480,.F.);
#8500=CARTESIAN_POINT('',(0.94,0.,0.515));
#8510=DIRECTION('',(-1.22460635382238E-16,1.,-1.4791141972894E-31));
#8520=VECTOR('',#8510,1.);
#8530=LINE('',#8500,#8520);
#8540=CARTESIAN_POINT('',(0.94,-1.55,0.515));
#8550=VERTEX_POINT('',#8540);
#8560=EDGE_CURVE('',#8470,#8550,#8530,.T.);
#8570=ORIENTED_EDGE('',*,*,#8560,.F.);
#8580=CARTESIAN_POINT('',(0.94,-1.55,-1.885));
#8590=DIRECTION('',(0.,0.,-1.));
#8600=VECTOR('',#8590,1.);
#8610=LINE('',#8580,#8600);
#8620=CARTESIAN_POINT('',(0.94,-1.55,-4.285));
#8630=VERTEX_POINT('',#8620);
#8640=EDGE_CURVE('',#8550,#8630,#8610,.T.);
#8650=ORIENTED_EDGE('',*,*,#8640,.F.);
#8660=CARTESIAN_POINT('',(0.94,0.,-4.285));
#8670=DIRECTION('',(1.22460635382238E-16,-1.,-2.46519032881566E-32));
#8680=VECTOR('',#8670,1.);
#8690=LINE('',#8660,#8680);
#8700=CARTESIAN_POINT('',(0.94,-1.65,-4.285));
#8710=VERTEX_POINT('',#8700);
#8720=EDGE_CURVE('',#8630,#8710,#8690,.T.);
#8730=ORIENTED_EDGE('',*,*,#8720,.F.);
#8740=CARTESIAN_POINT('',(0.94,-1.65,8.));
#8750=DIRECTION('',(0.,0.,1.));
#8760=VECTOR('',#8750,1.);
#8770=LINE('',#8740,#8760);
#8780=EDGE_CURVE('',#1120,#8710,#8770,.T.);
#8790=ORIENTED_EDGE('',*,*,#8780,.T.);
#8800=CARTESIAN_POINT('',(0.94,0.,-4.675));
#8810=DIRECTION('',(-1.22460635382238E-16,1.,0.));
#8820=VECTOR('',#8810,1.);
#8830=LINE('',#8800,#8820);
#8840=CARTESIAN_POINT('',(0.940000000000002,-0.475,-4.675));
#8850=VERTEX_POINT('',#8840);
#8860=EDGE_CURVE('',#1120,#8850,#8830,.T.);
#8870=ORIENTED_EDGE('',*,*,#8860,.F.);
#8880=CARTESIAN_POINT('',(0.940000000000002,-0.474999999999998,-11.77));
#8890=DIRECTION('',(-1.74315279842105E-32,1.22460635382238E-16,-1.));
#8900=VECTOR('',#8890,1.);
#8910=LINE('',#8880,#8900);
#8920=EDGE_CURVE('',#8390,#8850,#8910,.T.);
#8930=ORIENTED_EDGE('',*,*,#8920,.T.);
#8940=EDGE_LOOP('',(#8930,#8870,#8790,#8730,#8650,#8570,#8490,#8410));
#8950=FACE_OUTER_BOUND('',#8940,.T.);
#8960=ADVANCED_FACE('',(#8950),#8330,.T.);
#8970=CARTESIAN_POINT('',(-1.47,0.950000000000003,-5.185));
#8980=DIRECTION('',(-1.,1.35783673078464E-15,-3.09336775080259E-32));
#8990=DIRECTION('',(-1.97215226305253E-31,-1.22460635382238E-16,1.));
#9000=AXIS2_PLACEMENT_3D('',#8970,#8980,#8990);
#9010=PLANE('',#9000);
#9020=ORIENTED_EDGE('',*,*,#4080,.F.);
#9030=CARTESIAN_POINT('',(-1.47,0.449999999999996,1.415));
#9040=DIRECTION('',(1.45472826493243E-15,-1.,0.));
#9050=VECTOR('',#9040,1.);
#9060=LINE('',#9030,#9050);
#9070=CARTESIAN_POINT('',(-1.47,-1.9,1.415));
#9080=VERTEX_POINT('',#9070);
#9090=EDGE_CURVE('',#4010,#9080,#9060,.T.);
#9100=ORIENTED_EDGE('',*,*,#9090,.F.);
#9110=CARTESIAN_POINT('',(-1.47,-1.9,0.));
#9120=DIRECTION('',(1.14487789935671E-31,-2.18952885050753E-47,-1.));
#9130=VECTOR('',#9120,1.);
#9140=LINE('',#9110,#9130);
#9150=EDGE_CURVE('',#9080,#5470,#9140,.T.);
#9160=ORIENTED_EDGE('',*,*,#9150,.F.);
#9170=ORIENTED_EDGE('',*,*,#5480,.F.);
#9180=ORIENTED_EDGE('',*,*,#5190,.F.);
#9190=CARTESIAN_POINT('',(-1.47,0.,-3.625));
#9200=DIRECTION('',(6.10622663543836E-16,0.928476690885259,
0.371390676354104));
#9210=VECTOR('',#9200,1.);
#9220=LINE('',#9190,#9210);
#9230=CARTESIAN_POINT('',(-1.47,-1.9,-4.385));
#9240=VERTEX_POINT('',#9230);
#9250=EDGE_CURVE('',#9240,#5100,#9220,.T.);
#9260=ORIENTED_EDGE('',*,*,#9250,.T.);
#9270=CARTESIAN_POINT('',(-1.47,-1.9,8.));
#9280=DIRECTION('',(-1.14487789935671E-31,2.18952885050753E-47,1.));
#9290=VECTOR('',#9280,1.);
#9300=LINE('',#9270,#9290);
#9310=EDGE_CURVE('',#4780,#9240,#9300,.T.);
#9320=ORIENTED_EDGE('',*,*,#9310,.T.);
#9330=ORIENTED_EDGE('',*,*,#4790,.T.);
#9340=EDGE_LOOP('',(#9330,#9320,#9260,#9180,#9170,#9160,#9100,#9020));
#9350=FACE_OUTER_BOUND('',#9340,.T.);
#9360=ADVANCED_FACE('',(#9350),#9010,.T.);
#9370=CARTESIAN_POINT('',(0.52,-1.625,-1.885));
#9380=DIRECTION('',(0.70710678118655,-0.707106781186545,0.));
#9390=DIRECTION('',(-0.707106781186545,-0.70710678118655,0.));
#9400=AXIS2_PLACEMENT_3D('',#9370,#9380,#9390);
#9410=PLANE('',#9400);
#9420=CARTESIAN_POINT('',(2.14499999999999,0.,-5.475));
#9430=DIRECTION('',(0.577350269189623,0.577350269189627,
-0.577350269189627));
#9440=VECTOR('',#9430,1.);
#9450=LINE('',#9420,#9440);
#9460=CARTESIAN_POINT('',(0.495,-1.65,-3.825));
#9470=VERTEX_POINT('',#9460);
#9480=CARTESIAN_POINT('',(0.545,-1.6,-3.875));
#9490=VERTEX_POINT('',#9480);
#9500=EDGE_CURVE('',#9470,#9490,#9450,.T.);
#9510=ORIENTED_EDGE('',*,*,#9500,.T.);
#9520=CARTESIAN_POINT('',(0.495,-1.65,-1.885));
#9530=DIRECTION('',(0.,0.,-1.));
#9540=VECTOR('',#9530,1.);
#9550=LINE('',#9520,#9540);
#9560=CARTESIAN_POINT('',(0.495,-1.65,0.0549999999999963));
#9570=VERTEX_POINT('',#9560);
#9580=EDGE_CURVE('',#9570,#9470,#9550,.T.);
#9590=ORIENTED_EDGE('',*,*,#9580,.T.);
#9600=CARTESIAN_POINT('',(2.14499999999999,0.,1.705));
#9610=DIRECTION('',(0.577350269189623,0.577350269189627,
0.577350269189627));
#9620=VECTOR('',#9610,1.);
#9630=LINE('',#9600,#9620);
#9640=CARTESIAN_POINT('',(0.545,-1.6,0.104999999999997));
#9650=VERTEX_POINT('',#9640);
#9660=EDGE_CURVE('',#9570,#9650,#9630,.T.);
#9670=ORIENTED_EDGE('',*,*,#9660,.F.);
#9680=CARTESIAN_POINT('',(0.545,-1.6,0.));
#9690=DIRECTION('',(0.,0.,-1.));
#9700=VECTOR('',#9690,1.);
#9710=LINE('',#9680,#9700);
#9720=EDGE_CURVE('',#9650,#9490,#9710,.T.);
#9730=ORIENTED_EDGE('',*,*,#9720,.F.);
#9740=EDGE_LOOP('',(#9730,#9670,#9590,#9510));
#9750=FACE_OUTER_BOUND('',#9740,.T.);
#9760=ADVANCED_FACE('',(#9750),#9410,.T.);
#9770=CARTESIAN_POINT('',(-0.494999999999999,-0.9875,0.154999999999997))
;
#9780=DIRECTION('',(-0.707106781186546,7.87962071035973E-17,
0.707106781186549));
#9790=DIRECTION('',(-0.707106781186549,-1.57009245868378E-15,
-0.707106781186546));
#9800=AXIS2_PLACEMENT_3D('',#9770,#9780,#9790);
#9810=PLANE('',#9800);
#9820=CARTESIAN_POINT('',(-0.444999999999999,0.,0.204999999999997));
#9830=DIRECTION('',(-1.11434664749467E-16,-1.,0.));
#9840=VECTOR('',#9830,1.);
#9850=LINE('',#9820,#9840);
#9860=CARTESIAN_POINT('',(-0.444999999999999,-0.475,0.204999999999997));
#9870=VERTEX_POINT('',#9860);
#9880=CARTESIAN_POINT('',(-0.444999999999999,-1.5,0.204999999999997));
#9890=VERTEX_POINT('',#9880);
#9900=EDGE_CURVE('',#9870,#9890,#9850,.T.);
#9910=ORIENTED_EDGE('',*,*,#9900,.F.);
#9920=CARTESIAN_POINT('',(0.,-1.055,0.649999999999994));
#9930=DIRECTION('',(-0.577350269189627,-0.577350269189625,
-0.577350269189625));
#9940=VECTOR('',#9930,1.);
#9950=LINE('',#9920,#9940);
#9960=CARTESIAN_POINT('',(-0.544999999999999,-1.6,0.104999999999997));
#9970=VERTEX_POINT('',#9960);
#9980=EDGE_CURVE('',#9890,#9970,#9950,.T.);
#9990=ORIENTED_EDGE('',*,*,#9980,.F.);
#10000=CARTESIAN_POINT('',(-0.544999999999999,0.,0.104999999999997));
#10010=DIRECTION('',(-1.11434664749467E-16,-1.,8.71576399210523E-33));
#10020=VECTOR('',#10010,1.);
#10030=LINE('',#10000,#10020);
#10040=CARTESIAN_POINT('',(-0.544999999999999,-0.475,0.104999999999997))
;
#10050=VERTEX_POINT('',#10040);
#10060=EDGE_CURVE('',#10050,#9970,#10030,.T.);
#10070=ORIENTED_EDGE('',*,*,#10060,.T.);
#10080=CARTESIAN_POINT('',(-0.494999999999998,-0.475,0.154999999999997))
;
#10090=DIRECTION('',(-0.707106781186549,-1.66533453693773E-16,
-0.707106781186546));
#10100=VECTOR('',#10090,1.);
#10110=LINE('',#10080,#10100);
#10120=EDGE_CURVE('',#9870,#10050,#10110,.T.);
#10130=ORIENTED_EDGE('',*,*,#10120,.T.);
#10140=EDGE_LOOP('',(#10130,#10070,#9990,#9910));
#10150=FACE_OUTER_BOUND('',#10140,.T.);
#10160=ADVANCED_FACE('',(#10150),#9810,.T.);
#10170=CARTESIAN_POINT('',(0.746910356968672,-0.321963220254713,
0.204999999999997));
#10180=DIRECTION('',(0.,0.,1.));
#10190=DIRECTION('',(-1.,-1.22460635382238E-16,0.));
#10200=AXIS2_PLACEMENT_3D('',#10170,#10180,#10190);
#10210=PLANE('',#10200);
#10220=CARTESIAN_POINT('',(0.445,-0.9625,0.204999999999997));
#10230=DIRECTION('',(1.22460635382238E-16,-1.,0.));
#10240=VECTOR('',#10230,1.);
#10250=LINE('',#10220,#10240);
#10260=CARTESIAN_POINT('',(0.445,-0.475,0.204999999999996));
#10270=VERTEX_POINT('',#10260);
#10280=CARTESIAN_POINT('',(0.445,-1.5,0.204999999999997));
#10290=VERTEX_POINT('',#10280);
#10300=EDGE_CURVE('',#10270,#10290,#10250,.T.);
#10310=ORIENTED_EDGE('',*,*,#10300,.F.);
#10320=CARTESIAN_POINT('',(1.88033947275693E-15,-1.5,0.204999999999998))
;
#10330=DIRECTION('',(-1.,-1.22460635382238E-16,0.));
#10340=VECTOR('',#10330,1.);
#10350=LINE('',#10320,#10340);
#10360=EDGE_CURVE('',#10290,#9890,#10350,.T.);
#10370=ORIENTED_EDGE('',*,*,#10360,.F.);
#10380=ORIENTED_EDGE('',*,*,#9900,.T.);
#10390=CARTESIAN_POINT('',(0.0353553390593279,-0.475,0.204999999999997))
;
#10400=DIRECTION('',(1.,3.71082978108243E-16,0.));
#10410=VECTOR('',#10400,1.);
#10420=LINE('',#10390,#10410);
#10430=EDGE_CURVE('',#9870,#10270,#10420,.T.);
#10440=ORIENTED_EDGE('',*,*,#10430,.F.);
#10450=EDGE_LOOP('',(#10440,#10380,#10370,#10310));
#10460=FACE_OUTER_BOUND('',#10450,.T.);
#10470=ADVANCED_FACE('',(#10460),#10210,.T.);
#10480=CARTESIAN_POINT('',(-0.554999999999995,-1.50000000000002,-3.745))
;
#10490=DIRECTION('',(-1.22460635382238E-16,1.,0.));
#10500=DIRECTION('',(-1.,-1.22460635382238E-16,0.));
#10510=AXIS2_PLACEMENT_3D('',#10480,#10490,#10500);
#10520=PLANE('',#10510);
#10530=CARTESIAN_POINT('',(-0.554999999999995,-1.50000000000002,-3.745))
;
#10540=DIRECTION('',(1.,1.22460635382238E-16,0.));
#10550=VECTOR('',#10540,1.);
#10560=LINE('',#10530,#10550);
#10570=CARTESIAN_POINT('',(-0.554999999999996,-1.50000000000001,-3.745))
;
#10580=VERTEX_POINT('',#10570);
#10590=CARTESIAN_POINT('',(-0.544999999999999,-1.50000000000002,-3.745))
;
#10600=VERTEX_POINT('',#10590);
#10610=EDGE_CURVE('',#10580,#10600,#10560,.T.);
#10620=ORIENTED_EDGE('',*,*,#10610,.T.);
#10630=CARTESIAN_POINT('',(-0.554999999999995,-1.50000000000002,-3.745))
;
#10640=DIRECTION('',(0.,0.,-1.));
#10650=VECTOR('',#10640,1.);
#10660=LINE('',#10630,#10650);
#10670=CARTESIAN_POINT('',(-0.554999999999996,-1.50000000000001,-3.625))
;
#10680=VERTEX_POINT('',#10670);
#10690=EDGE_CURVE('',#10680,#10580,#10660,.T.);
#10700=ORIENTED_EDGE('',*,*,#10690,.T.);
#10710=CARTESIAN_POINT('',(-0.554999999999995,-1.50000000000002,-3.625))
;
#10720=DIRECTION('',(1.,1.22460635382238E-16,0.));
#10730=VECTOR('',#10720,1.);
#10740=LINE('',#10710,#10730);
#10750=CARTESIAN_POINT('',(-0.544999999999999,-1.50000000000002,-3.625))
;
#10760=VERTEX_POINT('',#10750);
#10770=EDGE_CURVE('',#10680,#10760,#10740,.T.);
#10780=ORIENTED_EDGE('',*,*,#10770,.F.);
#10790=CARTESIAN_POINT('',(-0.544999999999999,-1.50000000000002,0.));
#10800=DIRECTION('',(-2.86429670670477E-32,-5.47382212626882E-48,-1.));
#10810=VECTOR('',#10800,1.);
#10820=LINE('',#10790,#10810);
#10830=EDGE_CURVE('',#10760,#10600,#10820,.T.);
#10840=ORIENTED_EDGE('',*,*,#10830,.F.);
#10850=EDGE_LOOP('',(#10840,#10780,#10700,#10620));
#10860=FACE_OUTER_BOUND('',#10850,.T.);
#10870=ADVANCED_FACE('',(#10860),#10520,.F.);
#10880=CARTESIAN_POINT('',(-0.247499999999998,-1.575,0.129999999999997))
;
#10890=DIRECTION('',(-8.65927457071936E-17,0.707106781186548,
-0.707106781186547));
#10900=DIRECTION('',(8.65927457071935E-17,-0.707106781186547,
-0.707106781186548));
#10910=AXIS2_PLACEMENT_3D('',#10880,#10890,#10900);
#10920=PLANE('',#10910);
#10930=CARTESIAN_POINT('',(1.97992344229972E-15,-1.65,0.0549999999999962
));
#10940=DIRECTION('',(-1.,-3.95984688459945E-15,-3.83738624921721E-15));
#10950=VECTOR('',#10940,1.);
#10960=LINE('',#10930,#10950);
#10970=CARTESIAN_POINT('',(-0.494999999999999,-1.65,0.0549999999999927))
;
#10980=VERTEX_POINT('',#10970);
#10990=EDGE_CURVE('',#9570,#10980,#10960,.T.);
#11000=ORIENTED_EDGE('',*,*,#10990,.F.);
#11010=CARTESIAN_POINT('',(-0.440000000000007,-1.705,0.));
#11020=DIRECTION('',(-0.577350269189624,0.577350269189627,
0.577350269189627));
#11030=VECTOR('',#11020,1.);
#11040=LINE('',#11010,#11030);
#11050=EDGE_CURVE('',#10980,#9970,#11040,.T.);
#11060=ORIENTED_EDGE('',*,*,#11050,.F.);
#11070=ORIENTED_EDGE('',*,*,#9980,.T.);
#11080=ORIENTED_EDGE('',*,*,#10360,.T.);
#11090=CARTESIAN_POINT('',(0.,-1.055,0.649999999999995));
#11100=DIRECTION('',(-0.577350269189628,0.577350269189625,
0.577350269189625));
#11110=VECTOR('',#11100,1.);
#11120=LINE('',#11090,#11110);
#11130=EDGE_CURVE('',#9650,#10290,#11120,.T.);
#11140=ORIENTED_EDGE('',*,*,#11130,.T.);
#11150=ORIENTED_EDGE('',*,*,#9660,.T.);
#11160=EDGE_LOOP('',(#11150,#11140,#11080,#11070,#11060,#11000));
#11170=FACE_OUTER_BOUND('',#11160,.T.);
#11180=ADVANCED_FACE('',(#11170),#10920,.F.);
#11190=CARTESIAN_POINT('',(0.157313203857825,-1.65,-6.48547433387098));
#11200=DIRECTION('',(3.95984688459945E-15,-1.,0.));
#11210=DIRECTION('',(1.,3.95984688459945E-15,0.));
#11220=AXIS2_PLACEMENT_3D('',#11190,#11200,#11210);
#11230=PLANE('',#11220);
#11240=CARTESIAN_POINT('',(1.4432899320127E-15,-1.65,-2.9001));
#11250=DIRECTION('',(1.22460635382238E-16,-1.,0.));
#11260=DIRECTION('',(-1.,-1.22460635382238E-16,-9.28785736757038E-49));
#11270=AXIS2_PLACEMENT_3D('',#11240,#11250,#11260);
#11280=CIRCLE('',#11270,0.369999999999999);
#11290=CARTESIAN_POINT('',(-0.184999999999998,-1.65,-3.22052939940024));
#11300=VERTEX_POINT('',#11290);
#11310=CARTESIAN_POINT('',(0.185000000000002,-1.65,-3.22052939940024));
#11320=VERTEX_POINT('',#11310);
#11330=EDGE_CURVE('',#11300,#11320,#11280,.T.);
#11340=ORIENTED_EDGE('',*,*,#11330,.F.);
#11350=CARTESIAN_POINT('',(0.135000000000002,-1.65,-3.1339268590218));
#11360=DIRECTION('',(1.83649404852124E-48,-1.,0.));
#11370=DIRECTION('',(-1.,-1.83649404852124E-48,0.));
#11380=AXIS2_PLACEMENT_3D('',#11350,#11360,#11370);
#11390=CIRCLE('',#11380,0.1);
#11400=CARTESIAN_POINT('',(0.235000000000002,-1.65,-3.1339268590218));
#11410=VERTEX_POINT('',#11400);
#11420=EDGE_CURVE('',#11320,#11410,#11390,.T.);
#11430=ORIENTED_EDGE('',*,*,#11420,.F.);
#11440=CARTESIAN_POINT('',(0.235000000000002,-1.65,0.));
#11450=DIRECTION('',(0.,0.,1.));
#11460=VECTOR('',#11450,1.);
#11470=LINE('',#11440,#11460);
#11480=CARTESIAN_POINT('',(0.235000000000002,-1.65,-2.5711731409782));
#11490=VERTEX_POINT('',#11480);
#11500=EDGE_CURVE('',#11410,#11490,#11470,.T.);
#11510=ORIENTED_EDGE('',*,*,#11500,.F.);
#11520=CARTESIAN_POINT('',(0.135000000000002,-1.65,-2.5711731409782));
#11530=DIRECTION('',(1.83649404852124E-48,-1.,0.));
#11540=DIRECTION('',(-1.,-1.83649404852124E-48,0.));
#11550=AXIS2_PLACEMENT_3D('',#11520,#11530,#11540);
#11560=CIRCLE('',#11550,0.1);
#11570=CARTESIAN_POINT('',(0.185000000000002,-1.65,-2.48457060059976));
#11580=VERTEX_POINT('',#11570);
#11590=EDGE_CURVE('',#11490,#11580,#11560,.T.);
#11600=ORIENTED_EDGE('',*,*,#11590,.F.);
#11610=CARTESIAN_POINT('',(1.4432899320127E-15,-1.65,-2.805));
#11620=DIRECTION('',(1.22460635382238E-16,-1.,0.));
#11630=DIRECTION('',(-1.,-1.22460635382238E-16,2.81976676914727E-49));
#11640=AXIS2_PLACEMENT_3D('',#11610,#11620,#11630);
#11650=CIRCLE('',#11640,0.369999999999999);
#11660=CARTESIAN_POINT('',(-0.184999999999998,-1.65,-2.48457060059976));
#11670=VERTEX_POINT('',#11660);
#11680=EDGE_CURVE('',#11580,#11670,#11650,.T.);
#11690=ORIENTED_EDGE('',*,*,#11680,.F.);
#11700=CARTESIAN_POINT('',(-0.134999999999999,-1.65,-2.5711731409782));
#11710=DIRECTION('',(1.83649404852124E-48,-1.,0.));
#11720=DIRECTION('',(-1.,-1.83649404852124E-48,0.));
#11730=AXIS2_PLACEMENT_3D('',#11700,#11710,#11720);
#11740=CIRCLE('',#11730,0.0999999999999984);
#11750=CARTESIAN_POINT('',(-0.234999999999999,-1.65,-2.5711731409782));
#11760=VERTEX_POINT('',#11750);
#11770=EDGE_CURVE('',#11670,#11760,#11740,.T.);
#11780=ORIENTED_EDGE('',*,*,#11770,.F.);
#11790=CARTESIAN_POINT('',(-0.234999999999999,-1.65,0.));
#11800=DIRECTION('',(0.,0.,-1.));
#11810=VECTOR('',#11800,1.);
#11820=LINE('',#11790,#11810);
#11830=CARTESIAN_POINT('',(-0.234999999999997,-1.65,-3.1339268590218));
#11840=VERTEX_POINT('',#11830);
#11850=EDGE_CURVE('',#11760,#11840,#11820,.T.);
#11860=ORIENTED_EDGE('',*,*,#11850,.F.);
#11870=CARTESIAN_POINT('',(-0.134999999999999,-1.65,-3.1339268590218));
#11880=DIRECTION('',(1.83649404852124E-48,-1.,0.));
#11890=DIRECTION('',(-1.,-1.83649404852124E-48,0.));
#11900=AXIS2_PLACEMENT_3D('',#11870,#11880,#11890);
#11910=CIRCLE('',#11900,0.0999999999999984);
#11920=EDGE_CURVE('',#11840,#11300,#11910,.T.);
#11930=ORIENTED_EDGE('',*,*,#11920,.F.);
#11940=EDGE_LOOP('',(#11930,#11860,#11780,#11690,#11600,#11510,#11430,
#11340));
#11950=FACE_BOUND('',#11940,.T.);
#11960=CARTESIAN_POINT('',(-0.134999999999998,-1.65,-1.1988268590218));
#11970=DIRECTION('',(1.83649404852124E-48,-1.,0.));
#11980=DIRECTION('',(-1.,-1.83649404852124E-48,0.));
#11990=AXIS2_PLACEMENT_3D('',#11960,#11970,#11980);
#12000=CIRCLE('',#11990,0.0999999999999986);
#12010=CARTESIAN_POINT('',(-0.234999999999997,-1.65,-1.1988268590218));
#12020=VERTEX_POINT('',#12010);
#12030=CARTESIAN_POINT('',(-0.184999999999998,-1.65,-1.28542939940024));
#12040=VERTEX_POINT('',#12030);
#12050=EDGE_CURVE('',#12020,#12040,#12000,.T.);
#12060=ORIENTED_EDGE('',*,*,#12050,.F.);
#12070=CARTESIAN_POINT('',(1.83186799063151E-15,-1.65,-0.965));
#12080=DIRECTION('',(1.83649404852124E-48,-1.,0.));
#12090=DIRECTION('',(-1.,-1.83649404852124E-48,0.));
#12100=AXIS2_PLACEMENT_3D('',#12070,#12080,#12090);
#12110=CIRCLE('',#12100,0.369999999999999);
#12120=CARTESIAN_POINT('',(0.185000000000002,-1.65,-1.28542939940024));
#12130=VERTEX_POINT('',#12120);
#12140=EDGE_CURVE('',#12040,#12130,#12110,.T.);
#12150=ORIENTED_EDGE('',*,*,#12140,.F.);
#12160=CARTESIAN_POINT('',(0.135000000000002,-1.65,-1.1988268590218));
#12170=DIRECTION('',(1.83649404852124E-48,-1.,0.));
#12180=DIRECTION('',(-1.,-1.83649404852124E-48,0.));
#12190=AXIS2_PLACEMENT_3D('',#12160,#12170,#12180);
#12200=CIRCLE('',#12190,0.1);
#12210=CARTESIAN_POINT('',(0.235000000000002,-1.65,-1.1988268590218));
#12220=VERTEX_POINT('',#12210);
#12230=EDGE_CURVE('',#12130,#12220,#12200,.T.);
#12240=ORIENTED_EDGE('',*,*,#12230,.F.);
#12250=CARTESIAN_POINT('',(0.235000000000002,-1.65,0.));
#12260=DIRECTION('',(0.,0.,-1.));
#12270=VECTOR('',#12260,1.);
#12280=LINE('',#12250,#12270);
#12290=CARTESIAN_POINT('',(0.235000000000002,-1.65,-0.636073140978202));
#12300=VERTEX_POINT('',#12290);
#12310=EDGE_CURVE('',#12300,#12220,#12280,.T.);
#12320=ORIENTED_EDGE('',*,*,#12310,.T.);
#12330=CARTESIAN_POINT('',(0.135000000000002,-1.65,-0.636073140978202));
#12340=DIRECTION('',(1.83649404852124E-48,-1.,0.));
#12350=DIRECTION('',(-1.,-1.83649404852124E-48,0.));
#12360=AXIS2_PLACEMENT_3D('',#12330,#12340,#12350);
#12370=CIRCLE('',#12360,0.1);
#12380=CARTESIAN_POINT('',(0.185000000000002,-1.65,-0.549470600599759));
#12390=VERTEX_POINT('',#12380);
#12400=EDGE_CURVE('',#12300,#12390,#12370,.T.);
#12410=ORIENTED_EDGE('',*,*,#12400,.F.);
#12420=CARTESIAN_POINT('',(1.83186799063151E-15,-1.65,-0.8699));
#12430=DIRECTION('',(1.83649404852124E-48,-1.,0.));
#12440=DIRECTION('',(-1.,-1.83649404852124E-48,0.));
#12450=AXIS2_PLACEMENT_3D('',#12420,#12430,#12440);
#12460=CIRCLE('',#12450,0.369999999999999);
#12470=CARTESIAN_POINT('',(-0.184999999999998,-1.65,-0.549470600599758))
;
#12480=VERTEX_POINT('',#12470);
#12490=EDGE_CURVE('',#12390,#12480,#12460,.T.);
#12500=ORIENTED_EDGE('',*,*,#12490,.F.);
#12510=CARTESIAN_POINT('',(-0.134999999999998,-1.65,-0.636073140978202))
;
#12520=DIRECTION('',(1.83649404852124E-48,-1.,0.));
#12530=DIRECTION('',(-1.,-1.83649404852124E-48,0.));
#12540=AXIS2_PLACEMENT_3D('',#12510,#12520,#12530);
#12550=CIRCLE('',#12540,0.0999999999999986);
#12560=CARTESIAN_POINT('',(-0.234999999999998,-1.65,-0.636073140978202))
;
#12570=VERTEX_POINT('',#12560);
#12580=EDGE_CURVE('',#12480,#12570,#12550,.T.);
#12590=ORIENTED_EDGE('',*,*,#12580,.F.);
#12600=CARTESIAN_POINT('',(-0.234999999999998,-1.65,0.));
#12610=DIRECTION('',(0.,0.,1.));
#12620=VECTOR('',#12610,1.);
#12630=LINE('',#12600,#12620);
#12640=EDGE_CURVE('',#12020,#12570,#12630,.T.);
#12650=ORIENTED_EDGE('',*,*,#12640,.T.);
#12660=EDGE_LOOP('',(#12650,#12590,#12500,#12410,#12320,#12240,#12150,
#12060));
#12670=FACE_BOUND('',#12660,.T.);
#12680=ORIENTED_EDGE('',*,*,#10990,.T.);
#12690=ORIENTED_EDGE('',*,*,#9580,.F.);
#12700=CARTESIAN_POINT('',(1.97992344229972E-15,-1.65,-3.825));
#12710=DIRECTION('',(-1.,-3.95984688459945E-15,3.83738624921721E-15));
#12720=VECTOR('',#12710,1.);
#12730=LINE('',#12700,#12720);
#12740=CARTESIAN_POINT('',(-0.494999999999999,-1.65,-3.82499999999999));
#12750=VERTEX_POINT('',#12740);
#12760=EDGE_CURVE('',#9470,#12750,#12730,.T.);
#12770=ORIENTED_EDGE('',*,*,#12760,.F.);
#12780=CARTESIAN_POINT('',(-0.494999999999999,-1.65,-1.885));
#12790=DIRECTION('',(-2.86429670670477E-32,-1.14950264651645E-46,-1.));
#12800=VECTOR('',#12790,1.);
#12810=LINE('',#12780,#12800);
#12820=EDGE_CURVE('',#10980,#12750,#12810,.T.);
#12830=ORIENTED_EDGE('',*,*,#12820,.T.);
#12840=EDGE_LOOP('',(#12830,#12770,#12690,#12680));
#12850=FACE_OUTER_BOUND('',#12840,.T.);
#12860=ADVANCED_FACE('',(#11950,#12670,#12850),#11230,.T.);
#12870=CARTESIAN_POINT('',(1.44,-1.9,-5.185));
#12880=DIRECTION('',(-1.54197642309049E-16,-1.,0.));
#12890=DIRECTION('',(1.,-1.54197642309049E-16,0.));
#12900=AXIS2_PLACEMENT_3D('',#12870,#12880,#12890);
#12910=PLANE('',#12900);
#12920=ORIENTED_EDGE('',*,*,#1310,.F.);
#12930=CARTESIAN_POINT('',(1.19,-1.9,8.));
#12940=DIRECTION('',(0.,0.,-1.));
#12950=VECTOR('',#12940,1.);
#12960=LINE('',#12930,#12950);
#12970=CARTESIAN_POINT('',(1.19,-1.9,-4.385));
#12980=VERTEX_POINT('',#12970);
#12990=EDGE_CURVE('',#12980,#1220,#12960,.T.);
#13000=ORIENTED_EDGE('',*,*,#12990,.T.);
#13010=CARTESIAN_POINT('',(0.,-1.9,-4.385));
#13020=DIRECTION('',(-1.,1.54197642309049E-16,4.1695042480367E-16));
#13030=VECTOR('',#13020,1.);
#13040=LINE('',#13010,#13030);
#13050=CARTESIAN_POINT('',(1.47,-1.9,-4.385));
#13060=VERTEX_POINT('',#13050);
#13070=EDGE_CURVE('',#13060,#12980,#13040,.T.);
#13080=ORIENTED_EDGE('',*,*,#13070,.T.);
#13090=CARTESIAN_POINT('',(1.47,-1.9,8.));
#13100=DIRECTION('',(0.,0.,1.));
#13110=VECTOR('',#13100,1.);
#13120=LINE('',#13090,#13110);
#13130=EDGE_CURVE('',#4860,#13060,#13120,.T.);
#13140=ORIENTED_EDGE('',*,*,#13130,.T.);
#13150=ORIENTED_EDGE('',*,*,#4870,.T.);
#13160=ORIENTED_EDGE('',*,*,#9310,.F.);
#13170=CARTESIAN_POINT('',(0.,-1.9,-4.385));
#13180=DIRECTION('',(1.,-1.54197642309049E-16,1.9562380265064E-16));
#13190=VECTOR('',#13180,1.);
#13200=LINE('',#13170,#13190);
#13210=EDGE_CURVE('',#9240,#1540,#13200,.T.);
#13220=ORIENTED_EDGE('',*,*,#13210,.F.);
#13230=ORIENTED_EDGE('',*,*,#1680,.F.);
#13240=EDGE_LOOP('',(#13230,#13220,#13160,#13150,#13140,#13080,#13000,
#12920));
#13250=FACE_OUTER_BOUND('',#13240,.T.);
#13260=ADVANCED_FACE('',(#13250),#12910,.T.);
#13270=CARTESIAN_POINT('',(-0.914999999999998,-0.45,-4.2025));
#13280=DIRECTION('',(0.707106781186546,-0.707106781186549,
8.65927457071937E-17));
#13290=DIRECTION('',(-0.707106781186549,-0.707106781186546,0.));
#13300=AXIS2_PLACEMENT_3D('',#13270,#13280,#13290);
#13310=PLANE('',#13300);
#13320=CARTESIAN_POINT('',(0.,0.464999999999994,-0.0349999999999984));
#13330=DIRECTION('',(-0.577350269189627,-0.577350269189625,
0.577350269189626));
#13340=VECTOR('',#13330,1.);
#13350=LINE('',#13320,#13340);
#13360=CARTESIAN_POINT('',(-0.939999999999998,-0.475000000000001,
0.904999999999997));
#13370=VERTEX_POINT('',#13360);
#13380=EDGE_CURVE('',#6550,#13370,#13350,.T.);
#13390=ORIENTED_EDGE('',*,*,#13380,.T.);
#13400=ORIENTED_EDGE('',*,*,#6560,.T.);
#13410=CARTESIAN_POINT('',(0.,0.464999999999994,-3.73500000000001));
#13420=DIRECTION('',(0.577350269189628,0.577350269189626,
0.577350269189624));
#13430=VECTOR('',#13420,1.);
#13440=LINE('',#13410,#13430);
#13450=CARTESIAN_POINT('',(-0.939999999999998,-0.475000000000001,-4.675)
);
#13460=VERTEX_POINT('',#13450);
#13470=EDGE_CURVE('',#13460,#6470,#13440,.T.);
#13480=ORIENTED_EDGE('',*,*,#13470,.T.);
#13490=CARTESIAN_POINT('',(-0.939999999999998,-0.474999999999999,8.));
#13500=DIRECTION('',(8.71576399210523E-32,-1.22460635382238E-16,-1.));
#13510=VECTOR('',#13500,1.);
#13520=LINE('',#13490,#13510);
#13530=EDGE_CURVE('',#13370,#13460,#13520,.T.);
#13540=ORIENTED_EDGE('',*,*,#13530,.T.);
#13550=EDGE_LOOP('',(#13540,#13480,#13400,#13390));
#13560=FACE_OUTER_BOUND('',#13550,.T.);
#13570=ADVANCED_FACE('',(#13560),#13310,.T.);
#13580=CARTESIAN_POINT('',(-0.94,0.950000000000002,-2.95));
#13590=DIRECTION('',(1.,-1.35783673078464E-15,-1.66281548797227E-31));
#13600=DIRECTION('',(0.,1.22460635382238E-16,-1.));
#13610=AXIS2_PLACEMENT_3D('',#13580,#13590,#13600);
#13620=PLANE('',#13610);
#13630=CARTESIAN_POINT('',(-0.94,0.,-4.675));
#13640=DIRECTION('',(-3.71082978108243E-16,1.,0.));
#13650=VECTOR('',#13640,1.);
#13660=LINE('',#13630,#13650);
#13670=EDGE_CURVE('',#1140,#13460,#13660,.T.);
#13680=ORIENTED_EDGE('',*,*,#13670,.T.);
#13690=ORIENTED_EDGE('',*,*,#1610,.T.);
#13700=CARTESIAN_POINT('',(-0.940000000000001,0.,-4.285));
#13710=DIRECTION('',(1.35783673078464E-15,1.,0.));
#13720=VECTOR('',#13710,1.);
#13730=LINE('',#13700,#13720);
#13740=CARTESIAN_POINT('',(-0.940000000000003,-1.55,-4.285));
#13750=VERTEX_POINT('',#13740);
#13760=EDGE_CURVE('',#1520,#13750,#13730,.T.);
#13770=ORIENTED_EDGE('',*,*,#13760,.F.);
#13780=CARTESIAN_POINT('',(-0.940000000000003,-1.55,-1.885));
#13790=DIRECTION('',(0.,1.22460635382238E-16,-1.));
#13800=VECTOR('',#13790,1.);
#13810=LINE('',#13780,#13800);
#13820=EDGE_CURVE('',#210,#13750,#13810,.T.);
#13830=ORIENTED_EDGE('',*,*,#13820,.T.);
#13840=ORIENTED_EDGE('',*,*,#220,.F.);
#13850=ORIENTED_EDGE('',*,*,#520,.F.);
#13860=CARTESIAN_POINT('',(-0.94,0.,0.904999999999997));
#13870=DIRECTION('',(3.71082978108243E-16,-1.,-2.44921270764475E-16));
#13880=VECTOR('',#13870,1.);
#13890=LINE('',#13860,#13880);
#13900=EDGE_CURVE('',#13370,#450,#13890,.T.);
#13910=ORIENTED_EDGE('',*,*,#13900,.T.);
#13920=ORIENTED_EDGE('',*,*,#13530,.F.);
#13930=EDGE_LOOP('',(#13920,#13910,#13850,#13840,#13830,#13770,#13690,
#13680));
#13940=FACE_OUTER_BOUND('',#13930,.T.);
#13950=ADVANCED_FACE('',(#13940),#13620,.T.);
#13960=CARTESIAN_POINT('',(1.065,-1.775,-4.535));
#13970=DIRECTION('',(0.707106781186547,0.707106781186548,-0.));
#13980=DIRECTION('',(-0.707106781186548,0.707106781186547,0.));
#13990=AXIS2_PLACEMENT_3D('',#13960,#13970,#13980);
#14000=PLANE('',#13990);
#14010=ORIENTED_EDGE('',*,*,#1230,.F.);
#14020=ORIENTED_EDGE('',*,*,#8780,.F.);
#14030=CARTESIAN_POINT('',(0.,-0.71,-3.909));
#14040=DIRECTION('',(-0.680413817439772,0.680413817439771,
0.272165526975909));
#14050=VECTOR('',#14040,1.);
#14060=LINE('',#14030,#14050);
#14070=EDGE_CURVE('',#12980,#8710,#14060,.T.);
#14080=ORIENTED_EDGE('',*,*,#14070,.T.);
#14090=ORIENTED_EDGE('',*,*,#12990,.F.);
#14100=EDGE_LOOP('',(#14090,#14080,#14020,#14010));
#14110=FACE_OUTER_BOUND('',#14100,.T.);
#14120=ADVANCED_FACE('',(#14110),#14000,.F.);
#14130=CARTESIAN_POINT('',(-1.69,1.86999999999999,-3.745));
#14140=DIRECTION('',(-1.,-1.22460635382238E-16,-0.));
#14150=DIRECTION('',(-1.22460635382238E-16,1.,0.));
#14160=AXIS2_PLACEMENT_3D('',#14130,#14140,#14150);
#14170=PLANE('',#14160);
#14180=CARTESIAN_POINT('',(-1.69,1.94999999999999,-3.745));
#14190=DIRECTION('',(0.,0.,1.));
#14200=VECTOR('',#14190,1.);
#14210=LINE('',#14180,#14200);
#14220=EDGE_CURVE('',#6870,#7840,#14210,.T.);
#14230=ORIENTED_EDGE('',*,*,#14220,.F.);
#14240=ORIENTED_EDGE('',*,*,#7850,.T.);
#14250=ORIENTED_EDGE('',*,*,#3060,.T.);
#14260=ORIENTED_EDGE('',*,*,#6940,.F.);
#14270=EDGE_LOOP('',(#14260,#14250,#14240,#14230));
#14280=FACE_OUTER_BOUND('',#14270,.T.);
#14290=ADVANCED_FACE('',(#14280),#14170,.T.);
#14300=CARTESIAN_POINT('',(-0.544999999999999,1.4167,-6.0125));
#14310=DIRECTION('',(-1.,1.11434664749467E-16,2.86429670670477E-32));
#14320=DIRECTION('',(-1.11434664749467E-16,-1.,-1.22460635382238E-16));
#14330=AXIS2_PLACEMENT_3D('',#14300,#14310,#14320);
#14340=PLANE('',#14330);
#14350=CARTESIAN_POINT('',(-0.544999999999999,-1.50000000000002,0.));
#14360=DIRECTION('',(-2.86429670670477E-32,-5.47382212626882E-48,-1.));
#14370=VECTOR('',#14360,1.);
#14380=LINE('',#14350,#14370);
#14390=CARTESIAN_POINT('',(-0.544999999999999,-1.50000000000002,-2.425))
;
#14400=VERTEX_POINT('',#14390);
#14410=CARTESIAN_POINT('',(-0.544999999999999,-1.50000000000002,-2.545))
;
#14420=VERTEX_POINT('',#14410);
#14430=EDGE_CURVE('',#14400,#14420,#14380,.T.);
#14440=ORIENTED_EDGE('',*,*,#14430,.T.);
#14450=CARTESIAN_POINT('',(-0.544999999999999,0.,-2.425));
#14460=DIRECTION('',(1.11434664749467E-16,1.,0.));
#14470=VECTOR('',#14460,1.);
#14480=LINE('',#14450,#14470);
#14490=CARTESIAN_POINT('',(-0.544999999999999,-1.31926690608458,-2.425))
;
#14500=VERTEX_POINT('',#14490);
#14510=EDGE_CURVE('',#14400,#14500,#14480,.T.);
#14520=ORIENTED_EDGE('',*,*,#14510,.F.);
#14530=CARTESIAN_POINT('',(-0.544999999999999,-1.31926690608458,-2.545))
;
#14540=DIRECTION('',(0.,0.,1.));
#14550=VECTOR('',#14540,1.);
#14560=LINE('',#14530,#14550);
#14570=CARTESIAN_POINT('',(-0.544999999999999,-1.31926690608458,-2.545))
;
#14580=VERTEX_POINT('',#14570);
#14590=EDGE_CURVE('',#14580,#14500,#14560,.T.);
#14600=ORIENTED_EDGE('',*,*,#14590,.T.);
#14610=CARTESIAN_POINT('',(-0.544999999999999,0.,-2.545));
#14620=DIRECTION('',(1.11434664749467E-16,1.,0.));
#14630=VECTOR('',#14620,1.);
#14640=LINE('',#14610,#14630);
#14650=EDGE_CURVE('',#14420,#14580,#14640,.T.);
#14660=ORIENTED_EDGE('',*,*,#14650,.T.);
#14670=EDGE_LOOP('',(#14660,#14600,#14520,#14440));
#14680=FACE_BOUND('',#14670,.T.);
#14690=CARTESIAN_POINT('',(-0.544999999999999,0.,-1.625));
#14700=DIRECTION('',(1.11434664749467E-16,1.,0.));
#14710=VECTOR('',#14700,1.);
#14720=LINE('',#14690,#14710);
#14730=CARTESIAN_POINT('',(-0.544999999999999,-1.50000000000002,-1.625))
;
#14740=VERTEX_POINT('',#14730);
#14750=CARTESIAN_POINT('',(-0.544999999999999,-1.31926690608458,-1.625))
;
#14760=VERTEX_POINT('',#14750);
#14770=EDGE_CURVE('',#14740,#14760,#14720,.T.);
#14780=ORIENTED_EDGE('',*,*,#14770,.F.);
#14790=CARTESIAN_POINT('',(-0.544999999999999,-1.31926690608458,-1.745))
;
#14800=DIRECTION('',(0.,0.,1.));
#14810=VECTOR('',#14800,1.);
#14820=LINE('',#14790,#14810);
#14830=CARTESIAN_POINT('',(-0.544999999999999,-1.31926690608458,-1.745))
;
#14840=VERTEX_POINT('',#14830);
#14850=EDGE_CURVE('',#14840,#14760,#14820,.T.);
#14860=ORIENTED_EDGE('',*,*,#14850,.T.);
#14870=CARTESIAN_POINT('',(-0.544999999999999,0.,-1.745));
#14880=DIRECTION('',(1.11434664749467E-16,1.,0.));
#14890=VECTOR('',#14880,1.);
#14900=LINE('',#14870,#14890);
#14910=CARTESIAN_POINT('',(-0.544999999999999,-1.50000000000002,-1.745))
;
#14920=VERTEX_POINT('',#14910);
#14930=EDGE_CURVE('',#14920,#14840,#14900,.T.);
#14940=ORIENTED_EDGE('',*,*,#14930,.T.);
#14950=CARTESIAN_POINT('',(-0.544999999999999,-1.50000000000002,0.));
#14960=DIRECTION('',(-2.86429670670477E-32,-5.47382212626882E-48,-1.));
#14970=VECTOR('',#14960,1.);
#14980=LINE('',#14950,#14970);
#14990=EDGE_CURVE('',#14740,#14920,#14980,.T.);
#15000=ORIENTED_EDGE('',*,*,#14990,.T.);
#15010=EDGE_LOOP('',(#15000,#14940,#14860,#14780));
#15020=FACE_BOUND('',#15010,.T.);
#15030=CARTESIAN_POINT('',(-0.544999999999999,0.,-0.824999999999999));
#15040=DIRECTION('',(1.11434664749467E-16,1.,0.));
#15050=VECTOR('',#15040,1.);
#15060=LINE('',#15030,#15050);
#15070=CARTESIAN_POINT('',(-0.544999999999999,-1.50000000000002,
-0.824999999999999));
#15080=VERTEX_POINT('',#15070);
#15090=CARTESIAN_POINT('',(-0.544999999999999,-1.31926690608458,
-0.824999999999999));
#15100=VERTEX_POINT('',#15090);
#15110=EDGE_CURVE('',#15080,#15100,#15060,.T.);
#15120=ORIENTED_EDGE('',*,*,#15110,.F.);
#15130=CARTESIAN_POINT('',(-0.544999999999999,-1.31926690608458,
-0.944999999999999));
#15140=DIRECTION('',(0.,0.,1.));
#15150=VECTOR('',#15140,1.);
#15160=LINE('',#15130,#15150);
#15170=CARTESIAN_POINT('',(-0.544999999999999,-1.31926690608458,
-0.944999999999999));
#15180=VERTEX_POINT('',#15170);
#15190=EDGE_CURVE('',#15180,#15100,#15160,.T.);
#15200=ORIENTED_EDGE('',*,*,#15190,.T.);
#15210=CARTESIAN_POINT('',(-0.544999999999999,0.,-0.944999999999999));
#15220=DIRECTION('',(1.11434664749467E-16,1.,0.));
#15230=VECTOR('',#15220,1.);
#15240=LINE('',#15210,#15230);
#15250=CARTESIAN_POINT('',(-0.544999999999999,-1.50000000000002,
-0.944999999999999));
#15260=VERTEX_POINT('',#15250);
#15270=EDGE_CURVE('',#15260,#15180,#15240,.T.);
#15280=ORIENTED_EDGE('',*,*,#15270,.T.);
#15290=CARTESIAN_POINT('',(-0.544999999999999,-1.50000000000002,0.));
#15300=DIRECTION('',(-2.86429670670477E-32,-5.47382212626882E-48,-1.));
#15310=VECTOR('',#15300,1.);
#15320=LINE('',#15290,#15310);
#15330=EDGE_CURVE('',#15080,#15260,#15320,.T.);
#15340=ORIENTED_EDGE('',*,*,#15330,.T.);
#15350=EDGE_LOOP('',(#15340,#15280,#15200,#15120));
#15360=FACE_BOUND('',#15350,.T.);
#15370=ORIENTED_EDGE('',*,*,#10830,.T.);
#15380=CARTESIAN_POINT('',(-0.544999999999999,0.,-3.625));
#15390=DIRECTION('',(1.11434664749467E-16,1.,0.));
#15400=VECTOR('',#15390,1.);
#15410=LINE('',#15380,#15400);
#15420=CARTESIAN_POINT('',(-0.544999999999999,-1.31926690608458,-3.625))
;
#15430=VERTEX_POINT('',#15420);
#15440=EDGE_CURVE('',#10760,#15430,#15410,.T.);
#15450=ORIENTED_EDGE('',*,*,#15440,.F.);
#15460=CARTESIAN_POINT('',(-0.544999999999999,-1.31926690608458,-3.745))
;
#15470=DIRECTION('',(0.,0.,1.));
#15480=VECTOR('',#15470,1.);
#15490=LINE('',#15460,#15480);
#15500=CARTESIAN_POINT('',(-0.544999999999999,-1.31926690608458,-3.745))
;
#15510=VERTEX_POINT('',#15500);
#15520=EDGE_CURVE('',#15510,#15430,#15490,.T.);
#15530=ORIENTED_EDGE('',*,*,#15520,.T.);
#15540=CARTESIAN_POINT('',(-0.544999999999999,0.,-3.745));
#15550=DIRECTION('',(1.11434664749467E-16,1.,0.));
#15560=VECTOR('',#15550,1.);
#15570=LINE('',#15540,#15560);
#15580=EDGE_CURVE('',#10600,#15510,#15570,.T.);
#15590=ORIENTED_EDGE('',*,*,#15580,.T.);
#15600=EDGE_LOOP('',(#15590,#15530,#15450,#15370));
#15610=FACE_BOUND('',#15600,.T.);
#15620=CARTESIAN_POINT('',(-0.544999999999999,0.,-0.424999999999999));
#15630=DIRECTION('',(1.11434664749467E-16,1.,0.));
#15640=VECTOR('',#15630,1.);
#15650=LINE('',#15620,#15640);
#15660=CARTESIAN_POINT('',(-0.544999999999999,-1.50000000000002,
-0.424999999999999));
#15670=VERTEX_POINT('',#15660);
#15680=CARTESIAN_POINT('',(-0.544999999999999,-1.31926690608458,
-0.424999999999999));
#15690=VERTEX_POINT('',#15680);
#15700=EDGE_CURVE('',#15670,#15690,#15650,.T.);
#15710=ORIENTED_EDGE('',*,*,#15700,.F.);
#15720=CARTESIAN_POINT('',(-0.544999999999999,-1.31926690608458,
-0.544999999999999));
#15730=DIRECTION('',(0.,0.,1.));
#15740=VECTOR('',#15730,1.);
#15750=LINE('',#15720,#15740);
#15760=CARTESIAN_POINT('',(-0.544999999999999,-1.31926690608458,
-0.544999999999999));
#15770=VERTEX_POINT('',#15760);
#15780=EDGE_CURVE('',#15770,#15690,#15750,.T.);
#15790=ORIENTED_EDGE('',*,*,#15780,.T.);
#15800=CARTESIAN_POINT('',(-0.544999999999999,0.,-0.544999999999999));
#15810=DIRECTION('',(1.11434664749467E-16,1.,0.));
#15820=VECTOR('',#15810,1.);
#15830=LINE('',#15800,#15820);
#15840=CARTESIAN_POINT('',(-0.544999999999999,-1.50000000000002,
-0.544999999999999));
#15850=VERTEX_POINT('',#15840);
#15860=EDGE_CURVE('',#15850,#15770,#15830,.T.);
#15870=ORIENTED_EDGE('',*,*,#15860,.T.);
#15880=CARTESIAN_POINT('',(-0.544999999999999,-1.50000000000002,0.));
#15890=DIRECTION('',(-2.86429670670477E-32,-5.47382212626882E-48,-1.));
#15900=VECTOR('',#15890,1.);
#15910=LINE('',#15880,#15900);
#15920=EDGE_CURVE('',#15670,#15850,#15910,.T.);
#15930=ORIENTED_EDGE('',*,*,#15920,.T.);
#15940=EDGE_LOOP('',(#15930,#15870,#15790,#15710));
#15950=FACE_BOUND('',#15940,.T.);
#15960=CARTESIAN_POINT('',(-0.544999999999999,-1.50000000000002,0.));
#15970=DIRECTION('',(-2.86429670670477E-32,-5.47382212626882E-48,-1.));
#15980=VECTOR('',#15970,1.);
#15990=LINE('',#15960,#15980);
#16000=CARTESIAN_POINT('',(-0.544999999999999,-1.50000000000002,-1.225))
;
#16010=VERTEX_POINT('',#16000);
#16020=CARTESIAN_POINT('',(-0.544999999999999,-1.50000000000002,-1.345))
;
#16030=VERTEX_POINT('',#16020);
#16040=EDGE_CURVE('',#16010,#16030,#15990,.T.);
#16050=ORIENTED_EDGE('',*,*,#16040,.T.);
#16060=CARTESIAN_POINT('',(-0.544999999999999,0.,-1.225));
#16070=DIRECTION('',(1.11434664749467E-16,1.,0.));
#16080=VECTOR('',#16070,1.);
#16090=LINE('',#16060,#16080);
#16100=CARTESIAN_POINT('',(-0.544999999999999,-1.31926690608458,-1.225))
;
#16110=VERTEX_POINT('',#16100);
#16120=EDGE_CURVE('',#16010,#16110,#16090,.T.);
#16130=ORIENTED_EDGE('',*,*,#16120,.F.);
#16140=CARTESIAN_POINT('',(-0.544999999999999,-1.31926690608458,-1.345))
;
#16150=DIRECTION('',(0.,0.,1.));
#16160=VECTOR('',#16150,1.);
#16170=LINE('',#16140,#16160);
#16180=CARTESIAN_POINT('',(-0.544999999999999,-1.31926690608458,-1.345))
;
#16190=VERTEX_POINT('',#16180);
#16200=EDGE_CURVE('',#16190,#16110,#16170,.T.);
#16210=ORIENTED_EDGE('',*,*,#16200,.T.);
#16220=CARTESIAN_POINT('',(-0.544999999999999,0.,-1.345));
#16230=DIRECTION('',(1.11434664749467E-16,1.,0.));
#16240=VECTOR('',#16230,1.);
#16250=LINE('',#16220,#16240);
#16260=EDGE_CURVE('',#16030,#16190,#16250,.T.);
#16270=ORIENTED_EDGE('',*,*,#16260,.T.);
#16280=EDGE_LOOP('',(#16270,#16210,#16130,#16050));
#16290=FACE_BOUND('',#16280,.T.);
#16300=CARTESIAN_POINT('',(-0.544999999999999,-1.50000000000002,0.));
#16310=DIRECTION('',(-2.86429670670477E-32,-5.47382212626882E-48,-1.));
#16320=VECTOR('',#16310,1.);
#16330=LINE('',#16300,#16320);
#16340=CARTESIAN_POINT('',(-0.544999999999999,-1.50000000000002,-2.825))
;
#16350=VERTEX_POINT('',#16340);
#16360=CARTESIAN_POINT('',(-0.544999999999999,-1.50000000000002,-2.945))
;
#16370=VERTEX_POINT('',#16360);
#16380=EDGE_CURVE('',#16350,#16370,#16330,.T.);
#16390=ORIENTED_EDGE('',*,*,#16380,.T.);
#16400=CARTESIAN_POINT('',(-0.544999999999999,0.,-2.825));
#16410=DIRECTION('',(1.11434664749467E-16,1.,0.));
#16420=VECTOR('',#16410,1.);
#16430=LINE('',#16400,#16420);
#16440=CARTESIAN_POINT('',(-0.544999999999999,-1.31926690608458,-2.825))
;
#16450=VERTEX_POINT('',#16440);
#16460=EDGE_CURVE('',#16350,#16450,#16430,.T.);
#16470=ORIENTED_EDGE('',*,*,#16460,.F.);
#16480=CARTESIAN_POINT('',(-0.544999999999999,-1.31926690608458,-2.945))
;
#16490=DIRECTION('',(0.,0.,1.));
#16500=VECTOR('',#16490,1.);
#16510=LINE('',#16480,#16500);
#16520=CARTESIAN_POINT('',(-0.544999999999999,-1.31926690608458,-2.945))
;
#16530=VERTEX_POINT('',#16520);
#16540=EDGE_CURVE('',#16530,#16450,#16510,.T.);
#16550=ORIENTED_EDGE('',*,*,#16540,.T.);
#16560=CARTESIAN_POINT('',(-0.544999999999999,0.,-2.945));
#16570=DIRECTION('',(1.11434664749467E-16,1.,0.));
#16580=VECTOR('',#16570,1.);
#16590=LINE('',#16560,#16580);
#16600=EDGE_CURVE('',#16370,#16530,#16590,.T.);
#16610=ORIENTED_EDGE('',*,*,#16600,.T.);
#16620=EDGE_LOOP('',(#16610,#16550,#16470,#16390));
#16630=FACE_BOUND('',#16620,.T.);
#16640=CARTESIAN_POINT('',(-0.544999999999999,0.,-3.225));
#16650=DIRECTION('',(1.11434664749467E-16,1.,0.));
#16660=VECTOR('',#16650,1.);
#16670=LINE('',#16640,#16660);
#16680=CARTESIAN_POINT('',(-0.544999999999999,-1.50000000000002,-3.225))
;
#16690=VERTEX_POINT('',#16680);
#16700=CARTESIAN_POINT('',(-0.544999999999999,-1.31926690608458,-3.225))
;
#16710=VERTEX_POINT('',#16700);
#16720=EDGE_CURVE('',#16690,#16710,#16670,.T.);
#16730=ORIENTED_EDGE('',*,*,#16720,.F.);
#16740=CARTESIAN_POINT('',(-0.544999999999999,-1.31926690608458,-3.345))
;
#16750=DIRECTION('',(0.,0.,1.));
#16760=VECTOR('',#16750,1.);
#16770=LINE('',#16740,#16760);
#16780=CARTESIAN_POINT('',(-0.544999999999999,-1.31926690608458,-3.345))
;
#16790=VERTEX_POINT('',#16780);
#16800=EDGE_CURVE('',#16790,#16710,#16770,.T.);
#16810=ORIENTED_EDGE('',*,*,#16800,.T.);
#16820=CARTESIAN_POINT('',(-0.544999999999999,0.,-3.345));
#16830=DIRECTION('',(1.11434664749467E-16,1.,0.));
#16840=VECTOR('',#16830,1.);
#16850=LINE('',#16820,#16840);
#16860=CARTESIAN_POINT('',(-0.544999999999999,-1.50000000000002,-3.345))
;
#16870=VERTEX_POINT('',#16860);
#16880=EDGE_CURVE('',#16870,#16790,#16850,.T.);
#16890=ORIENTED_EDGE('',*,*,#16880,.T.);
#16900=CARTESIAN_POINT('',(-0.544999999999999,-1.50000000000002,0.));
#16910=DIRECTION('',(-2.86429670670477E-32,-5.47382212626882E-48,-1.));
#16920=VECTOR('',#16910,1.);
#16930=LINE('',#16900,#16920);
#16940=EDGE_CURVE('',#16690,#16870,#16930,.T.);
#16950=ORIENTED_EDGE('',*,*,#16940,.T.);
#16960=EDGE_LOOP('',(#16950,#16890,#16810,#16730));
#16970=FACE_BOUND('',#16960,.T.);
#16980=CARTESIAN_POINT('',(-0.544999999999999,-1.50000000000002,0.));
#16990=DIRECTION('',(-2.86429670670477E-32,-5.47382212626882E-48,-1.));
#17000=VECTOR('',#16990,1.);
#17010=LINE('',#16980,#17000);
#17020=CARTESIAN_POINT('',(-0.544999999999999,-1.50000000000002,
-0.024999999999999));
#17030=VERTEX_POINT('',#17020);
#17040=CARTESIAN_POINT('',(-0.544999999999999,-1.50000000000002,
-0.144999999999999));
#17050=VERTEX_POINT('',#17040);
#17060=EDGE_CURVE('',#17030,#17050,#17010,.T.);
#17070=ORIENTED_EDGE('',*,*,#17060,.T.);
#17080=CARTESIAN_POINT('',(-0.544999999999999,0.,-0.0249999999999991));
#17090=DIRECTION('',(1.11434664749467E-16,1.,0.));
#17100=VECTOR('',#17090,1.);
#17110=LINE('',#17080,#17100);
#17120=CARTESIAN_POINT('',(-0.544999999999999,-1.31926690608458,
-0.0249999999999991));
#17130=VERTEX_POINT('',#17120);
#17140=EDGE_CURVE('',#17030,#17130,#17110,.T.);
#17150=ORIENTED_EDGE('',*,*,#17140,.F.);
#17160=CARTESIAN_POINT('',(-0.544999999999999,-1.31926690608458,
-0.144999999999999));
#17170=DIRECTION('',(0.,0.,1.));
#17180=VECTOR('',#17170,1.);
#17190=LINE('',#17160,#17180);
#17200=CARTESIAN_POINT('',(-0.544999999999999,-1.31926690608458,
-0.144999999999999));
#17210=VERTEX_POINT('',#17200);
#17220=EDGE_CURVE('',#17210,#17130,#17190,.T.);
#17230=ORIENTED_EDGE('',*,*,#17220,.T.);
#17240=CARTESIAN_POINT('',(-0.544999999999999,0.,-0.144999999999999));
#17250=DIRECTION('',(1.11434664749467E-16,1.,0.));
#17260=VECTOR('',#17250,1.);
#17270=LINE('',#17240,#17260);
#17280=EDGE_CURVE('',#17050,#17210,#17270,.T.);
#17290=ORIENTED_EDGE('',*,*,#17280,.T.);
#17300=EDGE_LOOP('',(#17290,#17230,#17150,#17070));
#17310=FACE_BOUND('',#17300,.T.);
#17320=CARTESIAN_POINT('',(-0.544999999999999,-1.50000000000002,0.));
#17330=DIRECTION('',(-2.86429670670477E-32,-5.47382212626882E-48,-1.));
#17340=VECTOR('',#17330,1.);
#17350=LINE('',#17320,#17340);
#17360=CARTESIAN_POINT('',(-0.544999999999999,-1.50000000000002,-2.025))
;
#17370=VERTEX_POINT('',#17360);
#17380=CARTESIAN_POINT('',(-0.544999999999999,-1.50000000000002,-2.145))
;
#17390=VERTEX_POINT('',#17380);
#17400=EDGE_CURVE('',#17370,#17390,#17350,.T.);
#17410=ORIENTED_EDGE('',*,*,#17400,.T.);
#17420=CARTESIAN_POINT('',(-0.544999999999999,0.,-2.025));
#17430=DIRECTION('',(1.11434664749467E-16,1.,0.));
#17440=VECTOR('',#17430,1.);
#17450=LINE('',#17420,#17440);
#17460=CARTESIAN_POINT('',(-0.544999999999999,-1.31926690608458,-2.025))
;
#17470=VERTEX_POINT('',#17460);
#17480=EDGE_CURVE('',#17370,#17470,#17450,.T.);
#17490=ORIENTED_EDGE('',*,*,#17480,.F.);
#17500=CARTESIAN_POINT('',(-0.544999999999999,-1.31926690608458,-2.145))
;
#17510=DIRECTION('',(0.,0.,1.));
#17520=VECTOR('',#17510,1.);
#17530=LINE('',#17500,#17520);
#17540=CARTESIAN_POINT('',(-0.544999999999999,-1.31926690608458,-2.145))
;
#17550=VERTEX_POINT('',#17540);
#17560=EDGE_CURVE('',#17550,#17470,#17530,.T.);
#17570=ORIENTED_EDGE('',*,*,#17560,.T.);
#17580=CARTESIAN_POINT('',(-0.544999999999999,0.,-2.145));
#17590=DIRECTION('',(1.11434664749467E-16,1.,0.));
#17600=VECTOR('',#17590,1.);
#17610=LINE('',#17580,#17600);
#17620=EDGE_CURVE('',#17390,#17550,#17610,.T.);
#17630=ORIENTED_EDGE('',*,*,#17620,.T.);
#17640=EDGE_LOOP('',(#17630,#17570,#17490,#17410));
#17650=FACE_BOUND('',#17640,.T.);
#17660=ORIENTED_EDGE('',*,*,#10060,.F.);
#17670=CARTESIAN_POINT('',(-0.544999999999999,-1.6,0.));
#17680=DIRECTION('',(-2.86429670670477E-32,-1.14182013962563E-46,-1.));
#17690=VECTOR('',#17680,1.);
#17700=LINE('',#17670,#17690);
#17710=CARTESIAN_POINT('',(-0.544999999999999,-1.6,-3.875));
#17720=VERTEX_POINT('',#17710);
#17730=EDGE_CURVE('',#9970,#17720,#17700,.T.);
#17740=ORIENTED_EDGE('',*,*,#17730,.F.);
#17750=CARTESIAN_POINT('',(-0.544999999999999,-0.9625,-3.875));
#17760=DIRECTION('',(1.11434664749467E-16,1.,0.));
#17770=VECTOR('',#17760,1.);
#17780=LINE('',#17750,#17770);
#17790=CARTESIAN_POINT('',(-0.544999999999999,-0.475,-3.875));
#17800=VERTEX_POINT('',#17790);
#17810=EDGE_CURVE('',#17720,#17800,#17780,.T.);
#17820=ORIENTED_EDGE('',*,*,#17810,.F.);
#17830=CARTESIAN_POINT('',(-0.544999999999999,-0.475,-1.92035533905933))
;
#17840=DIRECTION('',(0.,1.22460635382238E-16,-1.));
#17850=VECTOR('',#17840,1.);
#17860=LINE('',#17830,#17850);
#17870=EDGE_CURVE('',#10050,#17800,#17860,.T.);
#17880=ORIENTED_EDGE('',*,*,#17870,.T.);
#17890=EDGE_LOOP('',(#17880,#17820,#17740,#17660));
#17900=FACE_OUTER_BOUND('',#17890,.T.);
#17910=ADVANCED_FACE('',(#14680,#15020,#15360,#15610,#15950,#16290,
#16630,#16970,#17310,#17650,#17900),#14340,.T.);
#17920=CARTESIAN_POINT('',(-0.598843446820725,-1.2350001674835,-3.745));
#17930=DIRECTION('',(0.,0.,1.));
#17940=DIRECTION('',(-1.,-1.22460635382238E-16,0.));
#17950=AXIS2_PLACEMENT_3D('',#17920,#17930,#17940);
#17960=CYLINDRICAL_SURFACE('',#17950,0.0999999999999996);
#17970=CARTESIAN_POINT('',(-0.598843446820725,-1.2350001674835,-3.625));
#17980=DIRECTION('',(0.,0.,1.));
#17990=DIRECTION('',(-1.,-1.22460635382238E-16,0.));
#18000=AXIS2_PLACEMENT_3D('',#17970,#17980,#17990);
#18010=CIRCLE('',#18000,0.0999999999999996);
#18020=CARTESIAN_POINT('',(-0.598843446820725,-1.3350001674835,-3.625));
#18030=VERTEX_POINT('',#18020);
#18040=EDGE_CURVE('',#18030,#15430,#18010,.T.);
#18050=ORIENTED_EDGE('',*,*,#18040,.T.);
#18060=CARTESIAN_POINT('',(-0.598843446820725,-1.3350001674835,-3.745));
#18070=DIRECTION('',(0.,0.,1.));
#18080=VECTOR('',#18070,1.);
#18090=LINE('',#18060,#18080);
#18100=CARTESIAN_POINT('',(-0.598843446820725,-1.3350001674835,-3.745));
#18110=VERTEX_POINT('',#18100);
#18120=EDGE_CURVE('',#18110,#18030,#18090,.T.);
#18130=ORIENTED_EDGE('',*,*,#18120,.T.);
#18140=CARTESIAN_POINT('',(-0.598843446820725,-1.2350001674835,-3.745));
#18150=DIRECTION('',(0.,0.,1.));
#18160=DIRECTION('',(-1.,-1.22460635382238E-16,0.));
#18170=AXIS2_PLACEMENT_3D('',#18140,#18150,#18160);
#18180=CIRCLE('',#18170,0.0999999999999996);
#18190=EDGE_CURVE('',#18110,#15510,#18180,.T.);
#18200=ORIENTED_EDGE('',*,*,#18190,.F.);
#18210=ORIENTED_EDGE('',*,*,#15520,.F.);
#18220=EDGE_LOOP('',(#18210,#18200,#18130,#18050));
#18230=FACE_OUTER_BOUND('',#18220,.T.);
#18240=ADVANCED_FACE('',(#18230),#17960,.F.);
#18250=CARTESIAN_POINT('',(1.19461298454738,-1.02797295789044,-4.285));
#18260=DIRECTION('',(0.,0.,-1.));
#18270=DIRECTION('',(1.,0.,0.));
#18280=AXIS2_PLACEMENT_3D('',#18250,#18260,#18270);
#18290=PLANE('',#18280);
#18300=ORIENTED_EDGE('',*,*,#13760,.T.);
#18310=CARTESIAN_POINT('',(0.,-1.65,-4.285));
#18320=DIRECTION('',(1.,-6.06332794578781E-16,1.47697417427476E-17));
#18330=VECTOR('',#18320,1.);
#18340=LINE('',#18310,#18330);
#18350=EDGE_CURVE('',#5080,#1520,#18340,.T.);
#18360=ORIENTED_EDGE('',*,*,#18350,.T.);
#18370=CARTESIAN_POINT('',(0.,-0.609999999999997,-4.285));
#18380=DIRECTION('',(-0.707106781186548,-0.707106781186547,0.));
#18390=VECTOR('',#18380,1.);
#18400=LINE('',#18370,#18390);
#18410=EDGE_CURVE('',#13750,#5080,#18400,.T.);
#18420=ORIENTED_EDGE('',*,*,#18410,.T.);
#18430=EDGE_LOOP('',(#18420,#18360,#18300));
#18440=FACE_OUTER_BOUND('',#18430,.T.);
#18450=ADVANCED_FACE('',(#18440),#18290,.F.);
#18460=CARTESIAN_POINT('',(-0.243421239000533,-1.16537417040975,-4.675))
;
#18470=DIRECTION('',(0.,0.,1.));
#18480=DIRECTION('',(-1.,-1.22460635382238E-16,0.));
#18490=AXIS2_PLACEMENT_3D('',#18460,#18470,#18480);
#18500=PLANE('',#18490);
#18510=ORIENTED_EDGE('',*,*,#13670,.F.);
#18520=CARTESIAN_POINT('',(2.02615701994091E-15,-0.475,-4.675));
#18530=DIRECTION('',(1.,3.71082978108243E-16,0.));
#18540=VECTOR('',#18530,1.);
#18550=LINE('',#18520,#18540);
#18560=EDGE_CURVE('',#13460,#8850,#18550,.T.);
#18570=ORIENTED_EDGE('',*,*,#18560,.F.);
#18580=ORIENTED_EDGE('',*,*,#8860,.T.);
#18590=ORIENTED_EDGE('',*,*,#1150,.F.);
#18600=EDGE_LOOP('',(#18590,#18580,#18570,#18510));
#18610=FACE_OUTER_BOUND('',#18600,.T.);
#18620=ADVANCED_FACE('',(#18610),#18500,.T.);
#18630=CARTESIAN_POINT('',(-0.519999999999999,-1.625,-1.885));
#18640=DIRECTION('',(-0.707106781186549,-0.707106781186546,
2.02536362464125E-32));
#18650=DIRECTION('',(-0.707106781186546,0.707106781186549,0.));
#18660=AXIS2_PLACEMENT_3D('',#18630,#18640,#18650);
#18670=PLANE('',#18660);
#18680=ORIENTED_EDGE('',*,*,#17730,.T.);
#18690=ORIENTED_EDGE('',*,*,#11050,.T.);
#18700=ORIENTED_EDGE('',*,*,#12820,.F.);
#18710=CARTESIAN_POINT('',(3.32999999999998,-5.475,0.));
#18720=DIRECTION('',(-0.577350269189624,0.577350269189627,
-0.577350269189627));
#18730=VECTOR('',#18720,1.);
#18740=LINE('',#18710,#18730);
#18750=EDGE_CURVE('',#12750,#17720,#18740,.T.);
#18760=ORIENTED_EDGE('',*,*,#18750,.F.);
#18770=EDGE_LOOP('',(#18760,#18700,#18690,#18680));
#18780=FACE_OUTER_BOUND('',#18770,.T.);
#18790=ADVANCED_FACE('',(#18780),#18670,.T.);
#18800=CARTESIAN_POINT('',(0.746910356968672,-0.671963220254713,-3.975))
;
#18810=DIRECTION('',(0.,0.,1.));
#18820=DIRECTION('',(-1.,-1.22460635382238E-16,0.));
#18830=AXIS2_PLACEMENT_3D('',#18800,#18810,#18820);
#18840=PLANE('',#18830);
#18850=CARTESIAN_POINT('',(5.55111512312578E-16,-0.474999999999999,
-3.975));
#18860=DIRECTION('',(-1.,-3.71082978108243E-16,0.));
#18870=VECTOR('',#18860,1.);
#18880=LINE('',#18850,#18870);
#18890=CARTESIAN_POINT('',(0.445,-0.474999999999999,-3.975));
#18900=VERTEX_POINT('',#18890);
#18910=CARTESIAN_POINT('',(-0.445,-0.475,-3.975));
#18920=VERTEX_POINT('',#18910);
#18930=EDGE_CURVE('',#18900,#18920,#18880,.T.);
#18940=ORIENTED_EDGE('',*,*,#18930,.F.);
#18950=CARTESIAN_POINT('',(-0.444999999999999,-0.9625,-3.975));
#18960=DIRECTION('',(1.11434664749467E-16,1.,0.));
#18970=VECTOR('',#18960,1.);
#18980=LINE('',#18950,#18970);
#18990=CARTESIAN_POINT('',(-0.445000000000002,-1.5,-3.975));
#19000=VERTEX_POINT('',#18990);
#19010=EDGE_CURVE('',#19000,#18920,#18980,.T.);
#19020=ORIENTED_EDGE('',*,*,#19010,.T.);
#19030=CARTESIAN_POINT('',(1.88033947275693E-15,-1.5,-3.975));
#19040=DIRECTION('',(-1.,-1.22460635382238E-16,0.));
#19050=VECTOR('',#19040,1.);
#19060=LINE('',#19030,#19050);
#19070=CARTESIAN_POINT('',(0.445,-1.5,-3.975));
#19080=VERTEX_POINT('',#19070);
#19090=EDGE_CURVE('',#19080,#19000,#19060,.T.);
#19100=ORIENTED_EDGE('',*,*,#19090,.T.);
#19110=CARTESIAN_POINT('',(0.445,-0.9625,-3.975));
#19120=DIRECTION('',(-1.22460635382238E-16,1.,0.));
#19130=VECTOR('',#19120,1.);
#19140=LINE('',#19110,#19130);
#19150=EDGE_CURVE('',#19080,#18900,#19140,.T.);
#19160=ORIENTED_EDGE('',*,*,#19150,.F.);
#19170=EDGE_LOOP('',(#19160,#19100,#19020,#18940));
#19180=FACE_OUTER_BOUND('',#19170,.T.);
#19190=ADVANCED_FACE('',(#19180),#18840,.F.);
#19200=CARTESIAN_POINT('',(1.065,-1.775,0.764999999999998));
#19210=DIRECTION('',(-0.707106781186547,-0.707106781186548,-0.));
#19220=DIRECTION('',(-0.707106781186548,0.707106781186547,
1.88411095042053E-15));
#19230=AXIS2_PLACEMENT_3D('',#19200,#19210,#19220);
#19240=PLANE('',#19230);
#19250=CARTESIAN_POINT('',(0.,-0.71,0.138999999999999));
#19260=DIRECTION('',(0.680413817439772,-0.680413817439771,
0.272165526975909));
#19270=VECTOR('',#19260,1.);
#19280=LINE('',#19250,#19270);
#19290=CARTESIAN_POINT('',(1.19,-1.9,0.614999999999999));
#19300=VERTEX_POINT('',#19290);
#19310=EDGE_CURVE('',#8470,#19300,#19280,.T.);
#19320=ORIENTED_EDGE('',*,*,#19310,.T.);
#19330=ORIENTED_EDGE('',*,*,#8480,.T.);
#19340=ORIENTED_EDGE('',*,*,#970,.T.);
#19350=CARTESIAN_POINT('',(1.19,-1.9,0.));
#19360=DIRECTION('',(0.,0.,-1.));
#19370=VECTOR('',#19360,1.);
#19380=LINE('',#19350,#19370);
#19390=EDGE_CURVE('',#900,#19300,#19380,.T.);
#19400=ORIENTED_EDGE('',*,*,#19390,.F.);
#19410=EDGE_LOOP('',(#19400,#19340,#19330,#19320));
#19420=FACE_OUTER_BOUND('',#19410,.T.);
#19430=ADVANCED_FACE('',(#19420),#19240,.T.);
#19440=CARTESIAN_POINT('',(0.889997600000002,-1.65,-4.285));
#19450=DIRECTION('',(-3.29861184015549E-16,0.371390676354104,
-0.928476690885259));
#19460=DIRECTION('',(8.24652960038871E-16,-0.928476690885259,
-0.371390676354104));
#19470=AXIS2_PLACEMENT_3D('',#19440,#19450,#19460);
#19480=PLANE('',#19470);
#19490=ORIENTED_EDGE('',*,*,#3620,.F.);
#19500=CARTESIAN_POINT('',(1.47,0.,-3.625));
#19510=DIRECTION('',(3.60822483003176E-16,-0.928476690885259,
-0.371390676354104));
#19520=VECTOR('',#19510,1.);
#19530=LINE('',#19500,#19520);
#19540=EDGE_CURVE('',#3530,#13060,#19530,.T.);
#19550=ORIENTED_EDGE('',*,*,#19540,.F.);
#19560=ORIENTED_EDGE('',*,*,#13070,.F.);
#19570=ORIENTED_EDGE('',*,*,#14070,.F.);
#19580=CARTESIAN_POINT('',(0.,-1.65,-4.285));
#19590=DIRECTION('',(-1.,-9.25102774056994E-16,-1.47697417427476E-17));
#19600=VECTOR('',#19590,1.);
#19610=LINE('',#19580,#19600);
#19620=EDGE_CURVE('',#3610,#8710,#19610,.T.);
#19630=ORIENTED_EDGE('',*,*,#19620,.T.);
#19640=EDGE_LOOP('',(#19630,#19570,#19560,#19550,#19490));
#19650=FACE_OUTER_BOUND('',#19640,.T.);
#19660=ADVANCED_FACE('',(#19650),#19480,.F.);
#19670=CARTESIAN_POINT('',(-1.32,1.45,-3.2));
#19680=DIRECTION('',(-1.,1.78077883540374E-15,2.33071914877005E-31));
#19690=DIRECTION('',(-1.78077883540374E-15,-1.,-1.22460635382238E-16));
#19700=AXIS2_PLACEMENT_3D('',#19670,#19680,#19690);
#19710=PLANE('',#19700);
#19720=CARTESIAN_POINT('',(-1.32,1.93249999999999,0.));
#19730=DIRECTION('',(-2.33071914877005E-31,2.24747917917113E-31,-1.));
#19740=VECTOR('',#19730,1.);
#19750=LINE('',#19720,#19740);
#19760=CARTESIAN_POINT('',(-1.32,1.93249999999999,-1.625));
#19770=VERTEX_POINT('',#19760);
#19780=CARTESIAN_POINT('',(-1.32,1.93249999999999,-1.745));
#19790=VERTEX_POINT('',#19780);
#19800=EDGE_CURVE('',#19770,#19790,#19750,.T.);
#19810=ORIENTED_EDGE('',*,*,#19800,.F.);
#19820=CARTESIAN_POINT('',(-1.32,0.5,-1.745));
#19830=DIRECTION('',(1.78077883540374E-15,1.,0.));
#19840=VECTOR('',#19830,1.);
#19850=LINE('',#19820,#19840);
#19860=CARTESIAN_POINT('',(-1.32,1.68499999999999,-1.745));
#19870=VERTEX_POINT('',#19860);
#19880=EDGE_CURVE('',#19870,#19790,#19850,.T.);
#19890=ORIENTED_EDGE('',*,*,#19880,.T.);
#19900=CARTESIAN_POINT('',(-1.32,1.68499999999999,0.));
#19910=DIRECTION('',(2.33071914877005E-31,4.37905770101505E-47,1.));
#19920=VECTOR('',#19910,1.);
#19930=LINE('',#19900,#19920);
#19940=CARTESIAN_POINT('',(-1.32,1.68499999999999,-1.625));
#19950=VERTEX_POINT('',#19940);
#19960=EDGE_CURVE('',#19870,#19950,#19930,.T.);
#19970=ORIENTED_EDGE('',*,*,#19960,.F.);
#19980=CARTESIAN_POINT('',(-1.32,0.5,-1.625));
#19990=DIRECTION('',(1.78077883540374E-15,1.,0.));
#20000=VECTOR('',#19990,1.);
#20010=LINE('',#19980,#20000);
#20020=EDGE_CURVE('',#19950,#19770,#20010,.T.);
#20030=ORIENTED_EDGE('',*,*,#20020,.F.);
#20040=EDGE_LOOP('',(#20030,#19970,#19890,#19810));
#20050=FACE_BOUND('',#20040,.T.);
#20060=CARTESIAN_POINT('',(-1.32,1.68499999999999,0.));
#20070=DIRECTION('',(2.33071914877005E-31,4.37905770101505E-47,1.));
#20080=VECTOR('',#20070,1.);
#20090=LINE('',#20060,#20080);
#20100=CARTESIAN_POINT('',(-1.32,1.68499999999999,-2.545));
#20110=VERTEX_POINT('',#20100);
#20120=CARTESIAN_POINT('',(-1.32,1.68499999999999,-2.425));
#20130=VERTEX_POINT('',#20120);
#20140=EDGE_CURVE('',#20110,#20130,#20090,.T.);
#20150=ORIENTED_EDGE('',*,*,#20140,.F.);
#20160=CARTESIAN_POINT('',(-1.32,0.5,-2.425));
#20170=DIRECTION('',(1.78077883540374E-15,1.,0.));
#20180=VECTOR('',#20170,1.);
#20190=LINE('',#20160,#20180);
#20200=CARTESIAN_POINT('',(-1.32,1.93249999999999,-2.425));
#20210=VERTEX_POINT('',#20200);
#20220=EDGE_CURVE('',#20130,#20210,#20190,.T.);
#20230=ORIENTED_EDGE('',*,*,#20220,.F.);
#20240=CARTESIAN_POINT('',(-1.32,1.93249999999999,0.));
#20250=DIRECTION('',(-2.33071914877005E-31,2.24747917917113E-31,-1.));
#20260=VECTOR('',#20250,1.);
#20270=LINE('',#20240,#20260);
#20280=CARTESIAN_POINT('',(-1.32,1.93249999999999,-2.545));
#20290=VERTEX_POINT('',#20280);
#20300=EDGE_CURVE('',#20210,#20290,#20270,.T.);
#20310=ORIENTED_EDGE('',*,*,#20300,.F.);
#20320=CARTESIAN_POINT('',(-1.32,0.5,-2.545));
#20330=DIRECTION('',(1.78077883540374E-15,1.,0.));
#20340=VECTOR('',#20330,1.);
#20350=LINE('',#20320,#20340);
#20360=EDGE_CURVE('',#20110,#20290,#20350,.T.);
#20370=ORIENTED_EDGE('',*,*,#20360,.T.);
#20380=EDGE_LOOP('',(#20370,#20310,#20230,#20150));
#20390=FACE_BOUND('',#20380,.T.);
#20400=CARTESIAN_POINT('',(-1.32,1.93249999999999,0.));
#20410=DIRECTION('',(-2.33071914877005E-31,2.24747917917113E-31,-1.));
#20420=VECTOR('',#20410,1.);
#20430=LINE('',#20400,#20420);
#20440=CARTESIAN_POINT('',(-1.32,1.93249999999999,-2.025));
#20450=VERTEX_POINT('',#20440);
#20460=CARTESIAN_POINT('',(-1.32,1.93249999999999,-2.145));
#20470=VERTEX_POINT('',#20460);
#20480=EDGE_CURVE('',#20450,#20470,#20430,.T.);
#20490=ORIENTED_EDGE('',*,*,#20480,.F.);
#20500=CARTESIAN_POINT('',(-1.32,0.5,-2.145));
#20510=DIRECTION('',(1.78077883540374E-15,1.,0.));
#20520=VECTOR('',#20510,1.);
#20530=LINE('',#20500,#20520);
#20540=CARTESIAN_POINT('',(-1.32,1.68499999999999,-2.145));
#20550=VERTEX_POINT('',#20540);
#20560=EDGE_CURVE('',#20550,#20470,#20530,.T.);
#20570=ORIENTED_EDGE('',*,*,#20560,.T.);
#20580=CARTESIAN_POINT('',(-1.32,1.68499999999999,0.));
#20590=DIRECTION('',(2.33071914877005E-31,4.37905770101505E-47,1.));
#20600=VECTOR('',#20590,1.);
#20610=LINE('',#20580,#20600);
#20620=CARTESIAN_POINT('',(-1.32,1.68499999999999,-2.025));
#20630=VERTEX_POINT('',#20620);
#20640=EDGE_CURVE('',#20550,#20630,#20610,.T.);
#20650=ORIENTED_EDGE('',*,*,#20640,.F.);
#20660=CARTESIAN_POINT('',(-1.32,0.5,-2.025));
#20670=DIRECTION('',(1.78077883540374E-15,1.,0.));
#20680=VECTOR('',#20670,1.);
#20690=LINE('',#20660,#20680);
#20700=EDGE_CURVE('',#20630,#20450,#20690,.T.);
#20710=ORIENTED_EDGE('',*,*,#20700,.F.);
#20720=EDGE_LOOP('',(#20710,#20650,#20570,#20490));
#20730=FACE_BOUND('',#20720,.T.);
#20740=CARTESIAN_POINT('',(-1.32,1.68499999999999,0.));
#20750=DIRECTION('',(2.33071914877005E-31,4.37905770101505E-47,1.));
#20760=VECTOR('',#20750,1.);
#20770=LINE('',#20740,#20760);
#20780=CARTESIAN_POINT('',(-1.32,1.68499999999999,-0.144999999999999));
#20790=VERTEX_POINT('',#20780);
#20800=CARTESIAN_POINT('',(-1.32,1.68499999999999,-0.0249999999999991));
#20810=VERTEX_POINT('',#20800);
#20820=EDGE_CURVE('',#20790,#20810,#20770,.T.);
#20830=ORIENTED_EDGE('',*,*,#20820,.F.);
#20840=CARTESIAN_POINT('',(-1.32,0.5,-0.0249999999999991));
#20850=DIRECTION('',(1.78077883540374E-15,1.,0.));
#20860=VECTOR('',#20850,1.);
#20870=LINE('',#20840,#20860);
#20880=CARTESIAN_POINT('',(-1.32,1.93249999999999,-0.0249999999999991));
#20890=VERTEX_POINT('',#20880);
#20900=EDGE_CURVE('',#20810,#20890,#20870,.T.);
#20910=ORIENTED_EDGE('',*,*,#20900,.F.);
#20920=CARTESIAN_POINT('',(-1.32,1.93249999999999,0.));
#20930=DIRECTION('',(-2.33071914877005E-31,2.24747917917113E-31,-1.));
#20940=VECTOR('',#20930,1.);
#20950=LINE('',#20920,#20940);
#20960=CARTESIAN_POINT('',(-1.32,1.93249999999999,-0.144999999999999));
#20970=VERTEX_POINT('',#20960);
#20980=EDGE_CURVE('',#20890,#20970,#20950,.T.);
#20990=ORIENTED_EDGE('',*,*,#20980,.F.);
#21000=CARTESIAN_POINT('',(-1.32,0.5,-0.144999999999999));
#21010=DIRECTION('',(1.78077883540374E-15,1.,0.));
#21020=VECTOR('',#21010,1.);
#21030=LINE('',#21000,#21020);
#21040=EDGE_CURVE('',#20790,#20970,#21030,.T.);
#21050=ORIENTED_EDGE('',*,*,#21040,.T.);
#21060=EDGE_LOOP('',(#21050,#20990,#20910,#20830));
#21070=FACE_BOUND('',#21060,.T.);
#21080=CARTESIAN_POINT('',(-1.32,1.93249999999999,0.));
#21090=DIRECTION('',(-2.33071914877005E-31,2.24747917917113E-31,-1.));
#21100=VECTOR('',#21090,1.);
#21110=LINE('',#21080,#21100);
#21120=CARTESIAN_POINT('',(-1.32,1.93249999999999,-3.225));
#21130=VERTEX_POINT('',#21120);
#21140=CARTESIAN_POINT('',(-1.32,1.93249999999999,-3.345));
#21150=VERTEX_POINT('',#21140);
#21160=EDGE_CURVE('',#21130,#21150,#21110,.T.);
#21170=ORIENTED_EDGE('',*,*,#21160,.F.);
#21180=CARTESIAN_POINT('',(-1.32,0.5,-3.345));
#21190=DIRECTION('',(1.78077883540374E-15,1.,0.));
#21200=VECTOR('',#21190,1.);
#21210=LINE('',#21180,#21200);
#21220=CARTESIAN_POINT('',(-1.32,1.68499999999999,-3.345));
#21230=VERTEX_POINT('',#21220);
#21240=EDGE_CURVE('',#21230,#21150,#21210,.T.);
#21250=ORIENTED_EDGE('',*,*,#21240,.T.);
#21260=CARTESIAN_POINT('',(-1.32,1.68499999999999,0.));
#21270=DIRECTION('',(2.33071914877005E-31,4.37905770101505E-47,1.));
#21280=VECTOR('',#21270,1.);
#21290=LINE('',#21260,#21280);
#21300=CARTESIAN_POINT('',(-1.32,1.68499999999999,-3.225));
#21310=VERTEX_POINT('',#21300);
#21320=EDGE_CURVE('',#21230,#21310,#21290,.T.);
#21330=ORIENTED_EDGE('',*,*,#21320,.F.);
#21340=CARTESIAN_POINT('',(-1.32,0.5,-3.225));
#21350=DIRECTION('',(1.78077883540374E-15,1.,0.));
#21360=VECTOR('',#21350,1.);
#21370=LINE('',#21340,#21360);
#21380=EDGE_CURVE('',#21310,#21130,#21370,.T.);
#21390=ORIENTED_EDGE('',*,*,#21380,.F.);
#21400=EDGE_LOOP('',(#21390,#21330,#21250,#21170));
#21410=FACE_BOUND('',#21400,.T.);
#21420=CARTESIAN_POINT('',(-1.32,1.68499999999999,0.));
#21430=DIRECTION('',(2.33071914877005E-31,4.37905770101505E-47,1.));
#21440=VECTOR('',#21430,1.);
#21450=LINE('',#21420,#21440);
#21460=CARTESIAN_POINT('',(-1.32,1.68499999999999,-2.945));
#21470=VERTEX_POINT('',#21460);
#21480=CARTESIAN_POINT('',(-1.32,1.68499999999999,-2.825));
#21490=VERTEX_POINT('',#21480);
#21500=EDGE_CURVE('',#21470,#21490,#21450,.T.);
#21510=ORIENTED_EDGE('',*,*,#21500,.F.);
#21520=CARTESIAN_POINT('',(-1.32,0.5,-2.825));
#21530=DIRECTION('',(1.78077883540374E-15,1.,0.));
#21540=VECTOR('',#21530,1.);
#21550=LINE('',#21520,#21540);
#21560=CARTESIAN_POINT('',(-1.32,1.93249999999999,-2.825));
#21570=VERTEX_POINT('',#21560);
#21580=EDGE_CURVE('',#21490,#21570,#21550,.T.);
#21590=ORIENTED_EDGE('',*,*,#21580,.F.);
#21600=CARTESIAN_POINT('',(-1.32,1.93249999999999,0.));
#21610=DIRECTION('',(-2.33071914877005E-31,2.24747917917113E-31,-1.));
#21620=VECTOR('',#21610,1.);
#21630=LINE('',#21600,#21620);
#21640=CARTESIAN_POINT('',(-1.32,1.93249999999999,-2.945));
#21650=VERTEX_POINT('',#21640);
#21660=EDGE_CURVE('',#21570,#21650,#21630,.T.);
#21670=ORIENTED_EDGE('',*,*,#21660,.F.);
#21680=CARTESIAN_POINT('',(-1.32,0.5,-2.945));
#21690=DIRECTION('',(1.78077883540374E-15,1.,0.));
#21700=VECTOR('',#21690,1.);
#21710=LINE('',#21680,#21700);
#21720=EDGE_CURVE('',#21470,#21650,#21710,.T.);
#21730=ORIENTED_EDGE('',*,*,#21720,.T.);
#21740=EDGE_LOOP('',(#21730,#21670,#21590,#21510));
#21750=FACE_BOUND('',#21740,.T.);
#21760=CARTESIAN_POINT('',(-1.32,1.93249999999999,0.));
#21770=DIRECTION('',(-2.33071914877005E-31,2.24747917917113E-31,-1.));
#21780=VECTOR('',#21770,1.);
#21790=LINE('',#21760,#21780);
#21800=CARTESIAN_POINT('',(-1.32,1.93249999999999,-1.225));
#21810=VERTEX_POINT('',#21800);
#21820=CARTESIAN_POINT('',(-1.32,1.93249999999999,-1.345));
#21830=VERTEX_POINT('',#21820);
#21840=EDGE_CURVE('',#21810,#21830,#21790,.T.);
#21850=ORIENTED_EDGE('',*,*,#21840,.F.);
#21860=CARTESIAN_POINT('',(-1.32,0.5,-1.345));
#21870=DIRECTION('',(1.78077883540374E-15,1.,0.));
#21880=VECTOR('',#21870,1.);
#21890=LINE('',#21860,#21880);
#21900=CARTESIAN_POINT('',(-1.32,1.68499999999999,-1.345));
#21910=VERTEX_POINT('',#21900);
#21920=EDGE_CURVE('',#21910,#21830,#21890,.T.);
#21930=ORIENTED_EDGE('',*,*,#21920,.T.);
#21940=CARTESIAN_POINT('',(-1.32,1.68499999999999,0.));
#21950=DIRECTION('',(2.33071914877005E-31,4.37905770101505E-47,1.));
#21960=VECTOR('',#21950,1.);
#21970=LINE('',#21940,#21960);
#21980=CARTESIAN_POINT('',(-1.32,1.68499999999999,-1.225));
#21990=VERTEX_POINT('',#21980);
#22000=EDGE_CURVE('',#21910,#21990,#21970,.T.);
#22010=ORIENTED_EDGE('',*,*,#22000,.F.);
#22020=CARTESIAN_POINT('',(-1.32,0.5,-1.225));
#22030=DIRECTION('',(1.78077883540374E-15,1.,0.));
#22040=VECTOR('',#22030,1.);
#22050=LINE('',#22020,#22040);
#22060=EDGE_CURVE('',#21990,#21810,#22050,.T.);
#22070=ORIENTED_EDGE('',*,*,#22060,.F.);
#22080=EDGE_LOOP('',(#22070,#22010,#21930,#21850));
#22090=FACE_BOUND('',#22080,.T.);
#22100=CARTESIAN_POINT('',(-1.32,1.68499999999999,0.));
#22110=DIRECTION('',(2.33071914877005E-31,4.37905770101505E-47,1.));
#22120=VECTOR('',#22110,1.);
#22130=LINE('',#22100,#22120);
#22140=CARTESIAN_POINT('',(-1.32,1.68499999999999,-0.544999999999999));
#22150=VERTEX_POINT('',#22140);
#22160=CARTESIAN_POINT('',(-1.32,1.68499999999999,-0.424999999999999));
#22170=VERTEX_POINT('',#22160);
#22180=EDGE_CURVE('',#22150,#22170,#22130,.T.);
#22190=ORIENTED_EDGE('',*,*,#22180,.F.);
#22200=CARTESIAN_POINT('',(-1.32,0.5,-0.424999999999999));
#22210=DIRECTION('',(1.78077883540374E-15,1.,0.));
#22220=VECTOR('',#22210,1.);
#22230=LINE('',#22200,#22220);
#22240=CARTESIAN_POINT('',(-1.32,1.93249999999999,-0.424999999999999));
#22250=VERTEX_POINT('',#22240);
#22260=EDGE_CURVE('',#22170,#22250,#22230,.T.);
#22270=ORIENTED_EDGE('',*,*,#22260,.F.);
#22280=CARTESIAN_POINT('',(-1.32,1.93249999999999,0.));
#22290=DIRECTION('',(-2.33071914877005E-31,2.24747917917113E-31,-1.));
#22300=VECTOR('',#22290,1.);
#22310=LINE('',#22280,#22300);
#22320=CARTESIAN_POINT('',(-1.32,1.93249999999999,-0.544999999999999));
#22330=VERTEX_POINT('',#22320);
#22340=EDGE_CURVE('',#22250,#22330,#22310,.T.);
#22350=ORIENTED_EDGE('',*,*,#22340,.F.);
#22360=CARTESIAN_POINT('',(-1.32,0.5,-0.544999999999999));
#22370=DIRECTION('',(1.78077883540374E-15,1.,0.));
#22380=VECTOR('',#22370,1.);
#22390=LINE('',#22360,#22380);
#22400=EDGE_CURVE('',#22150,#22330,#22390,.T.);
#22410=ORIENTED_EDGE('',*,*,#22400,.T.);
#22420=EDGE_LOOP('',(#22410,#22350,#22270,#22190));
#22430=FACE_BOUND('',#22420,.T.);
#22440=ORIENTED_EDGE('',*,*,#2820,.F.);
#22450=ORIENTED_EDGE('',*,*,#8070,.F.);
#22460=ORIENTED_EDGE('',*,*,#8240,.F.);
#22470=ORIENTED_EDGE('',*,*,#7260,.T.);
#22480=EDGE_LOOP('',(#22470,#22460,#22450,#22440));
#22490=FACE_BOUND('',#22480,.T.);
#22500=CARTESIAN_POINT('',(-1.32,1.68499999999999,0.));
#22510=DIRECTION('',(2.33071914877005E-31,4.37905770101505E-47,1.));
#22520=VECTOR('',#22510,1.);
#22530=LINE('',#22500,#22520);
#22540=CARTESIAN_POINT('',(-1.32,1.68499999999999,-0.944999999999999));
#22550=VERTEX_POINT('',#22540);
#22560=CARTESIAN_POINT('',(-1.32,1.68499999999999,-0.824999999999999));
#22570=VERTEX_POINT('',#22560);
#22580=EDGE_CURVE('',#22550,#22570,#22530,.T.);
#22590=ORIENTED_EDGE('',*,*,#22580,.F.);
#22600=CARTESIAN_POINT('',(-1.32,0.5,-0.824999999999999));
#22610=DIRECTION('',(1.78077883540374E-15,1.,0.));
#22620=VECTOR('',#22610,1.);
#22630=LINE('',#22600,#22620);
#22640=CARTESIAN_POINT('',(-1.32,1.93249999999999,-0.824999999999999));
#22650=VERTEX_POINT('',#22640);
#22660=EDGE_CURVE('',#22570,#22650,#22630,.T.);
#22670=ORIENTED_EDGE('',*,*,#22660,.F.);
#22680=CARTESIAN_POINT('',(-1.32,1.93249999999999,0.));
#22690=DIRECTION('',(-2.33071914877005E-31,2.24747917917113E-31,-1.));
#22700=VECTOR('',#22690,1.);
#22710=LINE('',#22680,#22700);
#22720=CARTESIAN_POINT('',(-1.32,1.93249999999999,-0.944999999999999));
#22730=VERTEX_POINT('',#22720);
#22740=EDGE_CURVE('',#22650,#22730,#22710,.T.);
#22750=ORIENTED_EDGE('',*,*,#22740,.F.);
#22760=CARTESIAN_POINT('',(-1.32,0.5,-0.944999999999999));
#22770=DIRECTION('',(1.78077883540374E-15,1.,0.));
#22780=VECTOR('',#22770,1.);
#22790=LINE('',#22760,#22780);
#22800=EDGE_CURVE('',#22550,#22730,#22790,.T.);
#22810=ORIENTED_EDGE('',*,*,#22800,.T.);
#22820=EDGE_LOOP('',(#22810,#22750,#22670,#22590));
#22830=FACE_BOUND('',#22820,.T.);
#22840=CARTESIAN_POINT('',(-1.32,1.95,1.415));
#22850=DIRECTION('',(-1.08734635878571E-15,-1.,0.));
#22860=VECTOR('',#22850,1.);
#22870=LINE('',#22840,#22860);
#22880=EDGE_CURVE('',#4410,#3930,#22870,.T.);
#22890=ORIENTED_EDGE('',*,*,#22880,.F.);
#22900=ORIENTED_EDGE('',*,*,#3940,.T.);
#22910=ORIENTED_EDGE('',*,*,#4700,.F.);
#22920=ORIENTED_EDGE('',*,*,#4480,.F.);
#22930=EDGE_LOOP('',(#22920,#22910,#22900,#22890));
#22940=FACE_OUTER_BOUND('',#22930,.T.);
#22950=ADVANCED_FACE('',(#20050,#20390,#20730,#21070,#21410,#21750,
#22090,#22430,#22490,#22830,#22940),#19710,.T.);
#22960=CARTESIAN_POINT('',(-0.61,0.,-4.285));
#22970=DIRECTION('',(0.707106781186548,-0.707106781186548,0.));
#22980=VECTOR('',#22970,1.);
#22990=LINE('',#22960,#22980);
#23000=EDGE_CURVE('',#8630,#3610,#22990,.T.);
#23010=ORIENTED_EDGE('',*,*,#23000,.F.);
#23020=ORIENTED_EDGE('',*,*,#19620,.F.);
#23030=ORIENTED_EDGE('',*,*,#8720,.T.);
#23040=EDGE_LOOP('',(#23030,#23020,#23010));
#23050=FACE_OUTER_BOUND('',#23040,.T.);
#23060=ADVANCED_FACE('',(#23050),#18290,.F.);
#23070=CARTESIAN_POINT('',(0.243421239000537,-1.16537417040976,
0.904999999999997));
#23080=DIRECTION('',(3.32563097594454E-31,2.44921270764475E-16,-1.));
#23090=DIRECTION('',(1.,3.71082978108243E-16,4.23449212151791E-31));
#23100=AXIS2_PLACEMENT_3D('',#23070,#23080,#23090);
#23110=PLANE('',#23100);
#23120=ORIENTED_EDGE('',*,*,#8400,.T.);
#23130=CARTESIAN_POINT('',(2.02615701994091E-15,-0.475,0.904999999999997
));
#23140=DIRECTION('',(1.,3.71082978108243E-16,4.43734259186819E-31));
#23150=VECTOR('',#23140,1.);
#23160=LINE('',#23130,#23150);
#23170=EDGE_CURVE('',#13370,#8390,#23160,.T.);
#23180=ORIENTED_EDGE('',*,*,#23170,.T.);
#23190=ORIENTED_EDGE('',*,*,#13900,.F.);
#23200=ORIENTED_EDGE('',*,*,#820,.T.);
#23210=EDGE_LOOP('',(#23200,#23190,#23180,#23120));
#23220=FACE_OUTER_BOUND('',#23210,.T.);
#23230=ADVANCED_FACE('',(#23220),#23110,.T.);
#23240=CARTESIAN_POINT('',(1.44,-1.9,1.415));
#23250=DIRECTION('',(1.54197642309049E-16,1.,0.));
#23260=DIRECTION('',(1.,-1.54197642309049E-16,0.));
#23270=AXIS2_PLACEMENT_3D('',#23240,#23250,#23260);
#23280=PLANE('',#23270);
#23290=ORIENTED_EDGE('',*,*,#5540,.F.);
#23300=ORIENTED_EDGE('',*,*,#9150,.T.);
#23310=CARTESIAN_POINT('',(0.,-1.9,1.415));
#23320=DIRECTION('',(-1.,1.54197642309049E-16,0.));
#23330=VECTOR('',#23320,1.);
#23340=LINE('',#23310,#23330);
#23350=CARTESIAN_POINT('',(1.47,-1.9,1.415));
#23360=VERTEX_POINT('',#23350);
#23370=EDGE_CURVE('',#23360,#9080,#23340,.T.);
#23380=ORIENTED_EDGE('',*,*,#23370,.T.);
#23390=CARTESIAN_POINT('',(1.47,-1.9,0.));
#23400=DIRECTION('',(0.,0.,-1.));
#23410=VECTOR('',#23400,1.);
#23420=LINE('',#23390,#23410);
#23430=CARTESIAN_POINT('',(1.47,-1.9,0.614999999999999));
#23440=VERTEX_POINT('',#23430);
#23450=EDGE_CURVE('',#23360,#23440,#23420,.T.);
#23460=ORIENTED_EDGE('',*,*,#23450,.F.);
#23470=CARTESIAN_POINT('',(0.,-1.9,0.614999999999998));
#23480=DIRECTION('',(1.,-1.54197642309049E-16,4.1695042480367E-16));
#23490=VECTOR('',#23480,1.);
#23500=LINE('',#23470,#23490);
#23510=EDGE_CURVE('',#19300,#23440,#23500,.T.);
#23520=ORIENTED_EDGE('',*,*,#23510,.T.);
#23530=ORIENTED_EDGE('',*,*,#19390,.T.);
#23540=ORIENTED_EDGE('',*,*,#910,.F.);
#23550=ORIENTED_EDGE('',*,*,#660,.F.);
#23560=EDGE_LOOP('',(#23550,#23540,#23530,#23520,#23460,#23380,#23300,
#23290));
#23570=FACE_OUTER_BOUND('',#23560,.T.);
#23580=ADVANCED_FACE('',(#23570),#23280,.F.);
#23590=CARTESIAN_POINT('',(0.99,-1.6,-1.885));
#23600=DIRECTION('',(-0.707106781186548,-0.707106781186548,-0.));
#23610=DIRECTION('',(-0.707106781186547,0.707106781186547,0.));
#23620=AXIS2_PLACEMENT_3D('',#23590,#23600,#23610);
#23630=PLANE('',#23620);
#23640=ORIENTED_EDGE('',*,*,#23000,.T.);
#23650=ORIENTED_EDGE('',*,*,#8640,.T.);
#23660=CARTESIAN_POINT('',(-0.61,0.,0.514999999999999));
#23670=DIRECTION('',(0.707106781186548,-0.707106781186548,0.));
#23680=VECTOR('',#23670,1.);
#23690=LINE('',#23660,#23680);
#23700=EDGE_CURVE('',#8550,#3430,#23690,.T.);
#23710=ORIENTED_EDGE('',*,*,#23700,.F.);
#23720=ORIENTED_EDGE('',*,*,#3680,.F.);
#23730=EDGE_LOOP('',(#23720,#23710,#23650,#23640));
#23740=FACE_OUTER_BOUND('',#23730,.T.);
#23750=ADVANCED_FACE('',(#23740),#23630,.T.);
#23760=CARTESIAN_POINT('',(-0.247499999999998,-1.575,-3.9));
#23770=DIRECTION('',(8.65927457071936E-17,-0.707106781186548,
-0.707106781186547));
#23780=DIRECTION('',(8.65927457071935E-17,-0.707106781186547,
0.707106781186548));
#23790=AXIS2_PLACEMENT_3D('',#23760,#23770,#23780);
#23800=PLANE('',#23790);
#23810=ORIENTED_EDGE('',*,*,#12760,.T.);
#23820=ORIENTED_EDGE('',*,*,#9500,.F.);
#23830=CARTESIAN_POINT('',(4.42,-5.475,0.));
#23840=DIRECTION('',(0.577350269189626,-0.577350269189626,
0.577350269189626));
#23850=VECTOR('',#23840,1.);
#23860=LINE('',#23830,#23850);
#23870=EDGE_CURVE('',#19080,#9490,#23860,.T.);
#23880=ORIENTED_EDGE('',*,*,#23870,.T.);
#23890=ORIENTED_EDGE('',*,*,#19090,.F.);
#23900=CARTESIAN_POINT('',(-4.42,-5.475,0.));
#23910=DIRECTION('',(0.577350269189626,0.577350269189626,
-0.577350269189626));
#23920=VECTOR('',#23910,1.);
#23930=LINE('',#23900,#23920);
#23940=EDGE_CURVE('',#17720,#19000,#23930,.T.);
#23950=ORIENTED_EDGE('',*,*,#23940,.T.);
#23960=ORIENTED_EDGE('',*,*,#18750,.T.);
#23970=EDGE_LOOP('',(#23960,#23950,#23890,#23880,#23820,#23810));
#23980=FACE_OUTER_BOUND('',#23970,.T.);
#23990=ADVANCED_FACE('',(#23980),#23800,.T.);
#24000=CARTESIAN_POINT('',(0.915000000000001,-0.45,0.432499999999997));
#24010=DIRECTION('',(-0.707106781186548,-0.707106781186548,
-8.65927457071935E-17));
#24020=DIRECTION('',(0.707106781186547,-0.707106781186547,
-7.85046229341887E-16));
#24030=AXIS2_PLACEMENT_3D('',#24000,#24010,#24020);
#24040=PLANE('',#24030);
#24050=CARTESIAN_POINT('',(0.465000000000002,0.,-4.2));
#24060=DIRECTION('',(-0.577350269189626,0.577350269189626,
0.577350269189625));
#24070=VECTOR('',#24060,1.);
#24080=LINE('',#24050,#24070);
#24090=EDGE_CURVE('',#8850,#6370,#24080,.T.);
#24100=ORIENTED_EDGE('',*,*,#24090,.F.);
#24110=ORIENTED_EDGE('',*,*,#6400,.F.);
#24120=CARTESIAN_POINT('',(0.0350000000000058,0.429999999999996,0.));
#24130=DIRECTION('',(0.577350269189626,-0.577350269189626,
0.577350269189626));
#24140=VECTOR('',#24130,1.);
#24150=LINE('',#24120,#24140);
#24160=EDGE_CURVE('',#6390,#8390,#24150,.T.);
#24170=ORIENTED_EDGE('',*,*,#24160,.F.);
#24180=ORIENTED_EDGE('',*,*,#8920,.F.);
#24190=EDGE_LOOP('',(#24180,#24170,#24110,#24100));
#24200=FACE_OUTER_BOUND('',#24190,.T.);
#24210=ADVANCED_FACE('',(#24200),#24040,.T.);
#24220=CARTESIAN_POINT('',(-0.609870584701056,-1.3350001674835,-3.745));
#24230=DIRECTION('',(-1.22460635382238E-16,1.,0.));
#24240=DIRECTION('',(1.,1.22460635382238E-16,0.));
#24250=AXIS2_PLACEMENT_3D('',#24220,#24230,#24240);
#24260=PLANE('',#24250);
#24270=ORIENTED_EDGE('',*,*,#18120,.F.);
#24280=CARTESIAN_POINT('',(-0.609870584701056,-1.3350001674835,-3.625));
#24290=DIRECTION('',(1.,1.22460635382238E-16,0.));
#24300=VECTOR('',#24290,1.);
#24310=LINE('',#24280,#24300);
#24320=CARTESIAN_POINT('',(-0.609870584701056,-1.3350001674835,-3.625));
#24330=VERTEX_POINT('',#24320);
#24340=EDGE_CURVE('',#24330,#18030,#24310,.T.);
#24350=ORIENTED_EDGE('',*,*,#24340,.T.);
#24360=CARTESIAN_POINT('',(-0.609870584701056,-1.3350001674835,-3.745));
#24370=DIRECTION('',(0.,0.,1.));
#24380=VECTOR('',#24370,1.);
#24390=LINE('',#24360,#24380);
#24400=CARTESIAN_POINT('',(-0.609870584701056,-1.3350001674835,-3.745));
#24410=VERTEX_POINT('',#24400);
#24420=EDGE_CURVE('',#24410,#24330,#24390,.T.);
#24430=ORIENTED_EDGE('',*,*,#24420,.T.);
#24440=CARTESIAN_POINT('',(-0.609870584701056,-1.3350001674835,-3.745));
#24450=DIRECTION('',(1.,1.22460635382238E-16,0.));
#24460=VECTOR('',#24450,1.);
#24470=LINE('',#24440,#24460);
#24480=EDGE_CURVE('',#24410,#18110,#24470,.T.);
#24490=ORIENTED_EDGE('',*,*,#24480,.F.);
#24500=EDGE_LOOP('',(#24490,#24430,#24350,#24270));
#24510=FACE_OUTER_BOUND('',#24500,.T.);
#24520=ADVANCED_FACE('',(#24510),#24260,.T.);
#24530=CARTESIAN_POINT('',(1.47,-0.35,-5.185));
#24540=DIRECTION('',(1.,3.67381906146713E-16,0.));
#24550=DIRECTION('',(-4.49898216546641E-32,1.22460635382238E-16,1.));
#24560=AXIS2_PLACEMENT_3D('',#24530,#24540,#24550);
#24570=PLANE('',#24560);
#24580=ORIENTED_EDGE('',*,*,#1940,.T.);
#24590=ORIENTED_EDGE('',*,*,#4930,.T.);
#24600=ORIENTED_EDGE('',*,*,#13130,.F.);
#24610=ORIENTED_EDGE('',*,*,#19540,.T.);
#24620=ORIENTED_EDGE('',*,*,#3540,.F.);
#24630=CARTESIAN_POINT('',(1.47,0.,-0.145000000000001));
#24640=DIRECTION('',(3.60822483003176E-16,-0.928476690885259,
0.371390676354104));
#24650=VECTOR('',#24640,1.);
#24660=LINE('',#24630,#24650);
#24670=EDGE_CURVE('',#3450,#23440,#24660,.T.);
#24680=ORIENTED_EDGE('',*,*,#24670,.F.);
#24690=ORIENTED_EDGE('',*,*,#23450,.T.);
#24700=CARTESIAN_POINT('',(1.47,0.1,1.415));
#24710=DIRECTION('',(-3.67381906146713E-16,1.,0.));
#24720=VECTOR('',#24710,1.);
#24730=LINE('',#24700,#24720);
#24740=EDGE_CURVE('',#23360,#1930,#24730,.T.);
#24750=ORIENTED_EDGE('',*,*,#24740,.F.);
#24760=EDGE_LOOP('',(#24750,#24690,#24680,#24620,#24610,#24600,#24590,
#24580));
#24770=FACE_OUTER_BOUND('',#24760,.T.);
#24780=ADVANCED_FACE('',(#24770),#24570,.T.);
#24790=CARTESIAN_POINT('',(-1.49502394389422,1.75674498738121,-3.745));
#24800=DIRECTION('',(-0.900478877884487,0.434899747624548,0.));
#24810=DIRECTION('',(0.434899747624548,0.900478877884487,0.));
#24820=AXIS2_PLACEMENT_3D('',#24790,#24800,#24810);
#24830=PLANE('',#24820);
#24840=CARTESIAN_POINT('',(-1.47497605610577,1.79825501261876,-3.745));
#24850=DIRECTION('',(0.,0.,1.));
#24860=VECTOR('',#24850,1.);
#24870=LINE('',#24840,#24860);
#24880=EDGE_CURVE('',#7030,#7680,#24870,.T.);
#24890=ORIENTED_EDGE('',*,*,#24880,.F.);
#24900=ORIENTED_EDGE('',*,*,#7690,.T.);
#24910=ORIENTED_EDGE('',*,*,#7420,.T.);
#24920=ORIENTED_EDGE('',*,*,#7120,.F.);
#24930=EDGE_LOOP('',(#24920,#24910,#24900,#24890));
#24940=FACE_OUTER_BOUND('',#24930,.T.);
#24950=ADVANCED_FACE('',(#24940),#24830,.T.);
#24960=CARTESIAN_POINT('',(-0.889997599999997,-1.65,-4.285));
#24970=DIRECTION('',(-2.38899707612823E-16,-0.371390676354104,
0.928476690885259));
#24980=DIRECTION('',(-5.97249269032059E-16,-0.928476690885259,
-0.371390676354104));
#24990=AXIS2_PLACEMENT_3D('',#24960,#24970,#24980);
#25000=PLANE('',#24990);
#25010=ORIENTED_EDGE('',*,*,#1550,.F.);
#25020=ORIENTED_EDGE('',*,*,#13210,.T.);
#25030=ORIENTED_EDGE('',*,*,#9250,.F.);
#25040=ORIENTED_EDGE('',*,*,#5110,.T.);
#25050=ORIENTED_EDGE('',*,*,#18350,.F.);
#25060=EDGE_LOOP('',(#25050,#25040,#25030,#25020,#25010));
#25070=FACE_OUTER_BOUND('',#25060,.T.);
#25080=ADVANCED_FACE('',(#25070),#25000,.T.);
#25090=CARTESIAN_POINT('',(-1.52,1.81999999999999,-3.745));
#25100=DIRECTION('',(0.,0.,1.));
#25110=DIRECTION('',(-1.,-1.22460635382238E-16,0.));
#25120=AXIS2_PLACEMENT_3D('',#25090,#25100,#25110);
#25130=CYLINDRICAL_SURFACE('',#25120,0.0500000000000009);
#25140=ORIENTED_EDGE('',*,*,#3220,.F.);
#25150=ORIENTED_EDGE('',*,*,#7760,.T.);
#25160=ORIENTED_EDGE('',*,*,#24880,.T.);
#25170=ORIENTED_EDGE('',*,*,#7040,.F.);
#25180=EDGE_LOOP('',(#25170,#25160,#25150,#25140));
#25190=FACE_OUTER_BOUND('',#25180,.T.);
#25200=ADVANCED_FACE('',(#25190),#25130,.F.);
#25210=CARTESIAN_POINT('',(2.0122792321331E-15,-0.45,0.879999999999997))
;
#25220=DIRECTION('',(-2.62395290203239E-16,0.707106781186548,
0.707106781186547));
#25230=DIRECTION('',(3.92523114670944E-16,-0.707106781186547,
0.707106781186548));
#25240=AXIS2_PLACEMENT_3D('',#25210,#25220,#25230);
#25250=PLANE('',#25240);
#25260=ORIENTED_EDGE('',*,*,#13380,.F.);
#25270=ORIENTED_EDGE('',*,*,#23170,.F.);
#25280=ORIENTED_EDGE('',*,*,#24160,.T.);
#25290=ORIENTED_EDGE('',*,*,#6620,.T.);
#25300=EDGE_LOOP('',(#25290,#25280,#25270,#25260));
#25310=FACE_OUTER_BOUND('',#25300,.T.);
#25320=ADVANCED_FACE('',(#25310),#25250,.F.);
#25330=ORIENTED_EDGE('',*,*,#23700,.T.);
#25340=ORIENTED_EDGE('',*,*,#8560,.T.);
#25350=CARTESIAN_POINT('',(0.,-1.65,0.515));
#25360=DIRECTION('',(-1.,-1.18357325455508E-15,1.18157933941981E-16));
#25370=VECTOR('',#25360,1.);
#25380=LINE('',#25350,#25370);
#25390=EDGE_CURVE('',#3430,#8470,#25380,.T.);
#25400=ORIENTED_EDGE('',*,*,#25390,.T.);
#25410=EDGE_LOOP('',(#25400,#25340,#25330));
#25420=FACE_OUTER_BOUND('',#25410,.T.);
#25430=ADVANCED_FACE('',(#25420),#50,.T.);
#25440=CARTESIAN_POINT('',(0.545,1.45,-6.82));
#25450=DIRECTION('',(1.,1.22460635382238E-16,-0.));
#25460=DIRECTION('',(-1.22460635382238E-16,1.,0.));
#25470=AXIS2_PLACEMENT_3D('',#25440,#25450,#25460);
#25480=PLANE('',#25470);
#25490=CARTESIAN_POINT('',(0.545,0.,-3.745));
#25500=DIRECTION('',(-1.22460635382238E-16,1.,0.));
#25510=VECTOR('',#25500,1.);
#25520=LINE('',#25490,#25510);
#25530=CARTESIAN_POINT('',(0.545,-1.50000000000002,-3.745));
#25540=VERTEX_POINT('',#25530);
#25550=CARTESIAN_POINT('',(0.545,-1.31926690608458,-3.745));
#25560=VERTEX_POINT('',#25550);
#25570=EDGE_CURVE('',#25540,#25560,#25520,.T.);
#25580=ORIENTED_EDGE('',*,*,#25570,.F.);
#25590=CARTESIAN_POINT('',(0.545,-1.31926690608458,-3.625));
#25600=DIRECTION('',(0.,0.,-1.));
#25610=VECTOR('',#25600,1.);
#25620=LINE('',#25590,#25610);
#25630=CARTESIAN_POINT('',(0.545,-1.31926690608458,-3.625));
#25640=VERTEX_POINT('',#25630);
#25650=EDGE_CURVE('',#25640,#25560,#25620,.T.);
#25660=ORIENTED_EDGE('',*,*,#25650,.T.);
#25670=CARTESIAN_POINT('',(0.545,0.,-3.625));
#25680=DIRECTION('',(-1.22460635382238E-16,1.,0.));
#25690=VECTOR('',#25680,1.);
#25700=LINE('',#25670,#25690);
#25710=CARTESIAN_POINT('',(0.545,-1.50000000000002,-3.625));
#25720=VERTEX_POINT('',#25710);
#25730=EDGE_CURVE('',#25720,#25640,#25700,.T.);
#25740=ORIENTED_EDGE('',*,*,#25730,.T.);
#25750=CARTESIAN_POINT('',(0.545,-1.50000000000002,0.));
#25760=DIRECTION('',(0.,0.,1.));
#25770=VECTOR('',#25760,1.);
#25780=LINE('',#25750,#25770);
#25790=EDGE_CURVE('',#25540,#25720,#25780,.T.);
#25800=ORIENTED_EDGE('',*,*,#25790,.T.);
#25810=EDGE_LOOP('',(#25800,#25740,#25660,#25580));
#25820=FACE_BOUND('',#25810,.T.);
#25830=CARTESIAN_POINT('',(0.545,0.,-2.145));
#25840=DIRECTION('',(-1.22460635382238E-16,1.,0.));
#25850=VECTOR('',#25840,1.);
#25860=LINE('',#25830,#25850);
#25870=CARTESIAN_POINT('',(0.545,-1.50000000000002,-2.145));
#25880=VERTEX_POINT('',#25870);
#25890=CARTESIAN_POINT('',(0.545,-1.31926690608458,-2.145));
#25900=VERTEX_POINT('',#25890);
#25910=EDGE_CURVE('',#25880,#25900,#25860,.T.);
#25920=ORIENTED_EDGE('',*,*,#25910,.F.);
#25930=CARTESIAN_POINT('',(0.545,-1.31926690608458,-2.025));
#25940=DIRECTION('',(0.,0.,-1.));
#25950=VECTOR('',#25940,1.);
#25960=LINE('',#25930,#25950);
#25970=CARTESIAN_POINT('',(0.545,-1.31926690608458,-2.025));
#25980=VERTEX_POINT('',#25970);
#25990=EDGE_CURVE('',#25980,#25900,#25960,.T.);
#26000=ORIENTED_EDGE('',*,*,#25990,.T.);
#26010=CARTESIAN_POINT('',(0.545,0.,-2.025));
#26020=DIRECTION('',(-1.22460635382238E-16,1.,0.));
#26030=VECTOR('',#26020,1.);
#26040=LINE('',#26010,#26030);
#26050=CARTESIAN_POINT('',(0.545,-1.50000000000002,-2.025));
#26060=VERTEX_POINT('',#26050);
#26070=EDGE_CURVE('',#26060,#25980,#26040,.T.);
#26080=ORIENTED_EDGE('',*,*,#26070,.T.);
#26090=CARTESIAN_POINT('',(0.545,-1.50000000000002,0.));
#26100=DIRECTION('',(0.,0.,1.));
#26110=VECTOR('',#26100,1.);
#26120=LINE('',#26090,#26110);
#26130=EDGE_CURVE('',#25880,#26060,#26120,.T.);
#26140=ORIENTED_EDGE('',*,*,#26130,.T.);
#26150=EDGE_LOOP('',(#26140,#26080,#26000,#25920));
#26160=FACE_BOUND('',#26150,.T.);
#26170=CARTESIAN_POINT('',(0.545,0.,-0.944999999999999));
#26180=DIRECTION('',(-1.22460635382238E-16,1.,0.));
#26190=VECTOR('',#26180,1.);
#26200=LINE('',#26170,#26190);
#26210=CARTESIAN_POINT('',(0.545,-1.50000000000002,-0.944999999999999));
#26220=VERTEX_POINT('',#26210);
#26230=CARTESIAN_POINT('',(0.545,-1.31926690608458,-0.944999999999999));
#26240=VERTEX_POINT('',#26230);
#26250=EDGE_CURVE('',#26220,#26240,#26200,.T.);
#26260=ORIENTED_EDGE('',*,*,#26250,.F.);
#26270=CARTESIAN_POINT('',(0.545,-1.31926690608458,-0.824999999999999));
#26280=DIRECTION('',(0.,0.,-1.));
#26290=VECTOR('',#26280,1.);
#26300=LINE('',#26270,#26290);
#26310=CARTESIAN_POINT('',(0.545,-1.31926690608458,-0.824999999999999));
#26320=VERTEX_POINT('',#26310);
#26330=EDGE_CURVE('',#26320,#26240,#26300,.T.);
#26340=ORIENTED_EDGE('',*,*,#26330,.T.);
#26350=CARTESIAN_POINT('',(0.545,0.,-0.824999999999999));
#26360=DIRECTION('',(-1.22460635382238E-16,1.,0.));
#26370=VECTOR('',#26360,1.);
#26380=LINE('',#26350,#26370);
#26390=CARTESIAN_POINT('',(0.545,-1.50000000000002,-0.824999999999999));
#26400=VERTEX_POINT('',#26390);
#26410=EDGE_CURVE('',#26400,#26320,#26380,.T.);
#26420=ORIENTED_EDGE('',*,*,#26410,.T.);
#26430=CARTESIAN_POINT('',(0.545,-1.50000000000002,0.));
#26440=DIRECTION('',(0.,0.,1.));
#26450=VECTOR('',#26440,1.);
#26460=LINE('',#26430,#26450);
#26470=EDGE_CURVE('',#26220,#26400,#26460,.T.);
#26480=ORIENTED_EDGE('',*,*,#26470,.T.);
#26490=EDGE_LOOP('',(#26480,#26420,#26340,#26260));
#26500=FACE_BOUND('',#26490,.T.);
#26510=CARTESIAN_POINT('',(0.545,0.,-1.345));
#26520=DIRECTION('',(-1.22460635382238E-16,1.,0.));
#26530=VECTOR('',#26520,1.);
#26540=LINE('',#26510,#26530);
#26550=CARTESIAN_POINT('',(0.545,-1.50000000000002,-1.345));
#26560=VERTEX_POINT('',#26550);
#26570=CARTESIAN_POINT('',(0.545,-1.31926690608458,-1.345));
#26580=VERTEX_POINT('',#26570);
#26590=EDGE_CURVE('',#26560,#26580,#26540,.T.);
#26600=ORIENTED_EDGE('',*,*,#26590,.F.);
#26610=CARTESIAN_POINT('',(0.545,-1.31926690608458,-1.225));
#26620=DIRECTION('',(0.,0.,-1.));
#26630=VECTOR('',#26620,1.);
#26640=LINE('',#26610,#26630);
#26650=CARTESIAN_POINT('',(0.545,-1.31926690608458,-1.225));
#26660=VERTEX_POINT('',#26650);
#26670=EDGE_CURVE('',#26660,#26580,#26640,.T.);
#26680=ORIENTED_EDGE('',*,*,#26670,.T.);
#26690=CARTESIAN_POINT('',(0.545,0.,-1.225));
#26700=DIRECTION('',(-1.22460635382238E-16,1.,0.));
#26710=VECTOR('',#26700,1.);
#26720=LINE('',#26690,#26710);
#26730=CARTESIAN_POINT('',(0.545,-1.50000000000002,-1.225));
#26740=VERTEX_POINT('',#26730);
#26750=EDGE_CURVE('',#26740,#26660,#26720,.T.);
#26760=ORIENTED_EDGE('',*,*,#26750,.T.);
#26770=CARTESIAN_POINT('',(0.545,-1.50000000000002,0.));
#26780=DIRECTION('',(0.,0.,1.));
#26790=VECTOR('',#26780,1.);
#26800=LINE('',#26770,#26790);
#26810=EDGE_CURVE('',#26560,#26740,#26800,.T.);
#26820=ORIENTED_EDGE('',*,*,#26810,.T.);
#26830=EDGE_LOOP('',(#26820,#26760,#26680,#26600));
#26840=FACE_BOUND('',#26830,.T.);
#26850=CARTESIAN_POINT('',(0.545,0.,-1.745));
#26860=DIRECTION('',(-1.22460635382238E-16,1.,0.));
#26870=VECTOR('',#26860,1.);
#26880=LINE('',#26850,#26870);
#26890=CARTESIAN_POINT('',(0.545,-1.50000000000002,-1.745));
#26900=VERTEX_POINT('',#26890);
#26910=CARTESIAN_POINT('',(0.545,-1.31926690608458,-1.745));
#26920=VERTEX_POINT('',#26910);
#26930=EDGE_CURVE('',#26900,#26920,#26880,.T.);
#26940=ORIENTED_EDGE('',*,*,#26930,.F.);
#26950=CARTESIAN_POINT('',(0.545,-1.31926690608458,-1.625));
#26960=DIRECTION('',(0.,0.,-1.));
#26970=VECTOR('',#26960,1.);
#26980=LINE('',#26950,#26970);
#26990=CARTESIAN_POINT('',(0.545,-1.31926690608458,-1.625));
#27000=VERTEX_POINT('',#26990);
#27010=EDGE_CURVE('',#27000,#26920,#26980,.T.);
#27020=ORIENTED_EDGE('',*,*,#27010,.T.);
#27030=CARTESIAN_POINT('',(0.545,0.,-1.625));
#27040=DIRECTION('',(-1.22460635382238E-16,1.,0.));
#27050=VECTOR('',#27040,1.);
#27060=LINE('',#27030,#27050);
#27070=CARTESIAN_POINT('',(0.545,-1.50000000000002,-1.625));
#27080=VERTEX_POINT('',#27070);
#27090=EDGE_CURVE('',#27080,#27000,#27060,.T.);
#27100=ORIENTED_EDGE('',*,*,#27090,.T.);
#27110=CARTESIAN_POINT('',(0.545,-1.50000000000002,0.));
#27120=DIRECTION('',(0.,0.,1.));
#27130=VECTOR('',#27120,1.);
#27140=LINE('',#27110,#27130);
#27150=EDGE_CURVE('',#26900,#27080,#27140,.T.);
#27160=ORIENTED_EDGE('',*,*,#27150,.T.);
#27170=EDGE_LOOP('',(#27160,#27100,#27020,#26940));
#27180=FACE_BOUND('',#27170,.T.);
#27190=CARTESIAN_POINT('',(0.545,-1.50000000000002,0.));
#27200=DIRECTION('',(0.,0.,1.));
#27210=VECTOR('',#27200,1.);
#27220=LINE('',#27190,#27210);
#27230=CARTESIAN_POINT('',(0.545,-1.50000000000002,-2.945));
#27240=VERTEX_POINT('',#27230);
#27250=CARTESIAN_POINT('',(0.545,-1.50000000000002,-2.825));
#27260=VERTEX_POINT('',#27250);
#27270=EDGE_CURVE('',#27240,#27260,#27220,.T.);
#27280=ORIENTED_EDGE('',*,*,#27270,.T.);
#27290=CARTESIAN_POINT('',(0.545,0.,-2.945));
#27300=DIRECTION('',(-1.22460635382238E-16,1.,0.));
#27310=VECTOR('',#27300,1.);
#27320=LINE('',#27290,#27310);
#27330=CARTESIAN_POINT('',(0.545,-1.31926690608458,-2.945));
#27340=VERTEX_POINT('',#27330);
#27350=EDGE_CURVE('',#27240,#27340,#27320,.T.);
#27360=ORIENTED_EDGE('',*,*,#27350,.F.);
#27370=CARTESIAN_POINT('',(0.545,-1.31926690608458,-2.825));
#27380=DIRECTION('',(0.,0.,-1.));
#27390=VECTOR('',#27380,1.);
#27400=LINE('',#27370,#27390);
#27410=CARTESIAN_POINT('',(0.545,-1.31926690608458,-2.825));
#27420=VERTEX_POINT('',#27410);
#27430=EDGE_CURVE('',#27420,#27340,#27400,.T.);
#27440=ORIENTED_EDGE('',*,*,#27430,.T.);
#27450=CARTESIAN_POINT('',(0.545,0.,-2.825));
#27460=DIRECTION('',(-1.22460635382238E-16,1.,0.));
#27470=VECTOR('',#27460,1.);
#27480=LINE('',#27450,#27470);
#27490=EDGE_CURVE('',#27260,#27420,#27480,.T.);
#27500=ORIENTED_EDGE('',*,*,#27490,.T.);
#27510=EDGE_LOOP('',(#27500,#27440,#27360,#27280));
#27520=FACE_BOUND('',#27510,.T.);
#27530=CARTESIAN_POINT('',(0.545,0.,-2.545));
#27540=DIRECTION('',(-1.22460635382238E-16,1.,0.));
#27550=VECTOR('',#27540,1.);
#27560=LINE('',#27530,#27550);
#27570=CARTESIAN_POINT('',(0.545,-1.50000000000002,-2.545));
#27580=VERTEX_POINT('',#27570);
#27590=CARTESIAN_POINT('',(0.545,-1.31926690608458,-2.545));
#27600=VERTEX_POINT('',#27590);
#27610=EDGE_CURVE('',#27580,#27600,#27560,.T.);
#27620=ORIENTED_EDGE('',*,*,#27610,.F.);
#27630=CARTESIAN_POINT('',(0.545,-1.31926690608458,-2.425));
#27640=DIRECTION('',(0.,0.,-1.));
#27650=VECTOR('',#27640,1.);
#27660=LINE('',#27630,#27650);
#27670=CARTESIAN_POINT('',(0.545,-1.31926690608458,-2.425));
#27680=VERTEX_POINT('',#27670);
#27690=EDGE_CURVE('',#27680,#27600,#27660,.T.);
#27700=ORIENTED_EDGE('',*,*,#27690,.T.);
#27710=CARTESIAN_POINT('',(0.545,0.,-2.425));
#27720=DIRECTION('',(-1.22460635382238E-16,1.,0.));
#27730=VECTOR('',#27720,1.);
#27740=LINE('',#27710,#27730);
#27750=CARTESIAN_POINT('',(0.545,-1.50000000000002,-2.425));
#27760=VERTEX_POINT('',#27750);
#27770=EDGE_CURVE('',#27760,#27680,#27740,.T.);
#27780=ORIENTED_EDGE('',*,*,#27770,.T.);
#27790=CARTESIAN_POINT('',(0.545,-1.50000000000002,0.));
#27800=DIRECTION('',(0.,0.,1.));
#27810=VECTOR('',#27800,1.);
#27820=LINE('',#27790,#27810);
#27830=EDGE_CURVE('',#27580,#27760,#27820,.T.);
#27840=ORIENTED_EDGE('',*,*,#27830,.T.);
#27850=EDGE_LOOP('',(#27840,#27780,#27700,#27620));
#27860=FACE_BOUND('',#27850,.T.);
#27870=CARTESIAN_POINT('',(0.545,-1.50000000000002,0.));
#27880=DIRECTION('',(0.,0.,1.));
#27890=VECTOR('',#27880,1.);
#27900=LINE('',#27870,#27890);
#27910=CARTESIAN_POINT('',(0.545,-1.50000000000002,-0.544999999999999));
#27920=VERTEX_POINT('',#27910);
#27930=CARTESIAN_POINT('',(0.545,-1.50000000000002,-0.424999999999999));
#27940=VERTEX_POINT('',#27930);
#27950=EDGE_CURVE('',#27920,#27940,#27900,.T.);
#27960=ORIENTED_EDGE('',*,*,#27950,.T.);
#27970=CARTESIAN_POINT('',(0.545,0.,-0.544999999999999));
#27980=DIRECTION('',(-1.22460635382238E-16,1.,0.));
#27990=VECTOR('',#27980,1.);
#28000=LINE('',#27970,#27990);
#28010=CARTESIAN_POINT('',(0.545,-1.31926690608458,-0.544999999999999));
#28020=VERTEX_POINT('',#28010);
#28030=EDGE_CURVE('',#27920,#28020,#28000,.T.);
#28040=ORIENTED_EDGE('',*,*,#28030,.F.);
#28050=CARTESIAN_POINT('',(0.545,-1.31926690608458,-0.424999999999999));
#28060=DIRECTION('',(0.,0.,-1.));
#28070=VECTOR('',#28060,1.);
#28080=LINE('',#28050,#28070);
#28090=CARTESIAN_POINT('',(0.545,-1.31926690608458,-0.424999999999999));
#28100=VERTEX_POINT('',#28090);
#28110=EDGE_CURVE('',#28100,#28020,#28080,.T.);
#28120=ORIENTED_EDGE('',*,*,#28110,.T.);
#28130=CARTESIAN_POINT('',(0.545,0.,-0.424999999999999));
#28140=DIRECTION('',(-1.22460635382238E-16,1.,0.));
#28150=VECTOR('',#28140,1.);
#28160=LINE('',#28130,#28150);
#28170=EDGE_CURVE('',#27940,#28100,#28160,.T.);
#28180=ORIENTED_EDGE('',*,*,#28170,.T.);
#28190=EDGE_LOOP('',(#28180,#28120,#28040,#27960));
#28200=FACE_BOUND('',#28190,.T.);
#28210=CARTESIAN_POINT('',(0.545,0.,-0.144999999999999));
#28220=DIRECTION('',(-1.22460635382238E-16,1.,0.));
#28230=VECTOR('',#28220,1.);
#28240=LINE('',#28210,#28230);
#28250=CARTESIAN_POINT('',(0.545,-1.50000000000002,-0.144999999999999));
#28260=VERTEX_POINT('',#28250);
#28270=CARTESIAN_POINT('',(0.545,-1.31926690608458,-0.144999999999999));
#28280=VERTEX_POINT('',#28270);
#28290=EDGE_CURVE('',#28260,#28280,#28240,.T.);
#28300=ORIENTED_EDGE('',*,*,#28290,.F.);
#28310=CARTESIAN_POINT('',(0.545,-1.31926690608458,-0.024999999999999));
#28320=DIRECTION('',(0.,0.,-1.));
#28330=VECTOR('',#28320,1.);
#28340=LINE('',#28310,#28330);
#28350=CARTESIAN_POINT('',(0.545,-1.31926690608458,-0.024999999999999));
#28360=VERTEX_POINT('',#28350);
#28370=EDGE_CURVE('',#28360,#28280,#28340,.T.);
#28380=ORIENTED_EDGE('',*,*,#28370,.T.);
#28390=CARTESIAN_POINT('',(0.545,0.,-0.024999999999999));
#28400=DIRECTION('',(-1.22460635382238E-16,1.,0.));
#28410=VECTOR('',#28400,1.);
#28420=LINE('',#28390,#28410);
#28430=CARTESIAN_POINT('',(0.545,-1.50000000000002,-0.024999999999999));
#28440=VERTEX_POINT('',#28430);
#28450=EDGE_CURVE('',#28440,#28360,#28420,.T.);
#28460=ORIENTED_EDGE('',*,*,#28450,.T.);
#28470=CARTESIAN_POINT('',(0.545,-1.50000000000002,0.));
#28480=DIRECTION('',(0.,0.,1.));
#28490=VECTOR('',#28480,1.);
#28500=LINE('',#28470,#28490);
#28510=EDGE_CURVE('',#28260,#28440,#28500,.T.);
#28520=ORIENTED_EDGE('',*,*,#28510,.T.);
#28530=EDGE_LOOP('',(#28520,#28460,#28380,#28300));
#28540=FACE_BOUND('',#28530,.T.);
#28550=CARTESIAN_POINT('',(0.545,-1.50000000000002,0.));
#28560=DIRECTION('',(0.,0.,1.));
#28570=VECTOR('',#28560,1.);
#28580=LINE('',#28550,#28570);
#28590=CARTESIAN_POINT('',(0.545,-1.50000000000002,-3.345));
#28600=VERTEX_POINT('',#28590);
#28610=CARTESIAN_POINT('',(0.545,-1.50000000000002,-3.225));
#28620=VERTEX_POINT('',#28610);
#28630=EDGE_CURVE('',#28600,#28620,#28580,.T.);
#28640=ORIENTED_EDGE('',*,*,#28630,.T.);
#28650=CARTESIAN_POINT('',(0.545,0.,-3.345));
#28660=DIRECTION('',(-1.22460635382238E-16,1.,0.));
#28670=VECTOR('',#28660,1.);
#28680=LINE('',#28650,#28670);
#28690=CARTESIAN_POINT('',(0.545,-1.31926690608458,-3.345));
#28700=VERTEX_POINT('',#28690);
#28710=EDGE_CURVE('',#28600,#28700,#28680,.T.);
#28720=ORIENTED_EDGE('',*,*,#28710,.F.);
#28730=CARTESIAN_POINT('',(0.545,-1.31926690608458,-3.225));
#28740=DIRECTION('',(0.,0.,-1.));
#28750=VECTOR('',#28740,1.);
#28760=LINE('',#28730,#28750);
#28770=CARTESIAN_POINT('',(0.545,-1.31926690608458,-3.225));
#28780=VERTEX_POINT('',#28770);
#28790=EDGE_CURVE('',#28780,#28700,#28760,.T.);
#28800=ORIENTED_EDGE('',*,*,#28790,.T.);
#28810=CARTESIAN_POINT('',(0.545,0.,-3.225));
#28820=DIRECTION('',(-1.22460635382238E-16,1.,0.));
#28830=VECTOR('',#28820,1.);
#28840=LINE('',#28810,#28830);
#28850=EDGE_CURVE('',#28620,#28780,#28840,.T.);
#28860=ORIENTED_EDGE('',*,*,#28850,.T.);
#28870=EDGE_LOOP('',(#28860,#28800,#28720,#28640));
#28880=FACE_BOUND('',#28870,.T.);
#28890=CARTESIAN_POINT('',(0.545,-0.9625,-3.875));
#28900=DIRECTION('',(-1.22460635382238E-16,1.,0.));
#28910=VECTOR('',#28900,1.);
#28920=LINE('',#28890,#28910);
#28930=CARTESIAN_POINT('',(0.545,-0.474999999999999,-3.875));
#28940=VERTEX_POINT('',#28930);
#28950=EDGE_CURVE('',#9490,#28940,#28920,.T.);
#28960=ORIENTED_EDGE('',*,*,#28950,.T.);
#28970=ORIENTED_EDGE('',*,*,#9720,.T.);
#28980=CARTESIAN_POINT('',(0.545,-0.9625,0.104999999999997));
#28990=DIRECTION('',(1.22460635382238E-16,-1.,0.));
#29000=VECTOR('',#28990,1.);
#29010=LINE('',#28980,#29000);
#29020=CARTESIAN_POINT('',(0.545,-0.475,0.104999999999997));
#29030=VERTEX_POINT('',#29020);
#29040=EDGE_CURVE('',#29030,#9650,#29010,.T.);
#29050=ORIENTED_EDGE('',*,*,#29040,.T.);
#29060=CARTESIAN_POINT('',(0.545,-0.475,-1.92035533905933));
#29070=DIRECTION('',(-2.46519032881566E-32,1.22460635382238E-16,-1.));
#29080=VECTOR('',#29070,1.);
#29090=LINE('',#29060,#29080);
#29100=EDGE_CURVE('',#29030,#28940,#29090,.T.);
#29110=ORIENTED_EDGE('',*,*,#29100,.F.);
#29120=EDGE_LOOP('',(#29110,#29050,#28970,#28960));
#29130=FACE_OUTER_BOUND('',#29120,.T.);
#29140=ADVANCED_FACE('',(#25820,#26160,#26500,#26840,#27180,#27520,
#27860,#28200,#28540,#28880,#29130),#25480,.T.);
#29150=CARTESIAN_POINT('',(-0.990000000000003,-1.6,-1.885));
#29160=DIRECTION('',(-0.707106781186547,0.707106781186548,
8.65927457071937E-17));
#29170=DIRECTION('',(0.707106781186548,0.707106781186547,
-3.14018491736755E-15));
#29180=AXIS2_PLACEMENT_3D('',#29150,#29160,#29170);
#29190=PLANE('',#29180);
#29200=ORIENTED_EDGE('',*,*,#280,.T.);
#29210=ORIENTED_EDGE('',*,*,#13820,.F.);
#29220=ORIENTED_EDGE('',*,*,#18410,.F.);
#29230=ORIENTED_EDGE('',*,*,#5310,.T.);
#29240=EDGE_LOOP('',(#29230,#29220,#29210,#29200));
#29250=FACE_OUTER_BOUND('',#29240,.T.);
#29260=ADVANCED_FACE('',(#29250),#29190,.F.);
#29270=CARTESIAN_POINT('',(1.32,1.9167,0.204999999999997));
#29280=DIRECTION('',(-1.,-5.17519264650211E-15,0.));
#29290=DIRECTION('',(5.17519264650211E-15,-1.,0.));
#29300=AXIS2_PLACEMENT_3D('',#29270,#29280,#29290);
#29310=PLANE('',#29300);
#29320=CARTESIAN_POINT('',(1.32,1.68499999999999,0.));
#29330=DIRECTION('',(0.,0.,1.));
#29340=VECTOR('',#29330,1.);
#29350=LINE('',#29320,#29340);
#29360=CARTESIAN_POINT('',(1.32,1.68499999999999,-0.144999999999999));
#29370=VERTEX_POINT('',#29360);
#29380=CARTESIAN_POINT('',(1.32,1.68499999999999,-0.024999999999999));
#29390=VERTEX_POINT('',#29380);
#29400=EDGE_CURVE('',#29370,#29390,#29350,.T.);
#29410=ORIENTED_EDGE('',*,*,#29400,.T.);
#29420=CARTESIAN_POINT('',(1.32000000000001,0.5,-0.144999999999999));
#29430=DIRECTION('',(5.17519264650211E-15,-1.,0.));
#29440=VECTOR('',#29430,1.);
#29450=LINE('',#29420,#29440);
#29460=CARTESIAN_POINT('',(1.32,1.93249999999998,-0.144999999999999));
#29470=VERTEX_POINT('',#29460);
#29480=EDGE_CURVE('',#29470,#29370,#29450,.T.);
#29490=ORIENTED_EDGE('',*,*,#29480,.T.);
#29500=CARTESIAN_POINT('',(1.32,1.93249999999998,0.));
#29510=DIRECTION('',(0.,0.,-1.));
#29520=VECTOR('',#29510,1.);
#29530=LINE('',#29500,#29520);
#29540=CARTESIAN_POINT('',(1.32,1.93249999999998,-0.024999999999999));
#29550=VERTEX_POINT('',#29540);
#29560=EDGE_CURVE('',#29550,#29470,#29530,.T.);
#29570=ORIENTED_EDGE('',*,*,#29560,.T.);
#29580=CARTESIAN_POINT('',(1.32000000000001,0.5,-0.024999999999999));
#29590=DIRECTION('',(5.17519264650211E-15,-1.,0.));
#29600=VECTOR('',#29590,1.);
#29610=LINE('',#29580,#29600);
#29620=EDGE_CURVE('',#29550,#29390,#29610,.T.);
#29630=ORIENTED_EDGE('',*,*,#29620,.F.);
#29640=EDGE_LOOP('',(#29630,#29570,#29490,#29410));
#29650=FACE_BOUND('',#29640,.T.);
#29660=CARTESIAN_POINT('',(1.32,1.68499999999999,0.));
#29670=DIRECTION('',(0.,0.,1.));
#29680=VECTOR('',#29670,1.);
#29690=LINE('',#29660,#29680);
#29700=CARTESIAN_POINT('',(1.32,1.68499999999999,-3.345));
#29710=VERTEX_POINT('',#29700);
#29720=CARTESIAN_POINT('',(1.32,1.68499999999999,-3.225));
#29730=VERTEX_POINT('',#29720);
#29740=EDGE_CURVE('',#29710,#29730,#29690,.T.);
#29750=ORIENTED_EDGE('',*,*,#29740,.T.);
#29760=CARTESIAN_POINT('',(1.32000000000001,0.5,-3.345));
#29770=DIRECTION('',(5.17519264650211E-15,-1.,0.));
#29780=VECTOR('',#29770,1.);
#29790=LINE('',#29760,#29780);
#29800=CARTESIAN_POINT('',(1.32,1.93249999999998,-3.345));
#29810=VERTEX_POINT('',#29800);
#29820=EDGE_CURVE('',#29810,#29710,#29790,.T.);
#29830=ORIENTED_EDGE('',*,*,#29820,.T.);
#29840=CARTESIAN_POINT('',(1.32,1.93249999999998,0.));
#29850=DIRECTION('',(0.,0.,-1.));
#29860=VECTOR('',#29850,1.);
#29870=LINE('',#29840,#29860);
#29880=CARTESIAN_POINT('',(1.32,1.93249999999998,-3.225));
#29890=VERTEX_POINT('',#29880);
#29900=EDGE_CURVE('',#29890,#29810,#29870,.T.);
#29910=ORIENTED_EDGE('',*,*,#29900,.T.);
#29920=CARTESIAN_POINT('',(1.32000000000001,0.5,-3.225));
#29930=DIRECTION('',(5.17519264650211E-15,-1.,0.));
#29940=VECTOR('',#29930,1.);
#29950=LINE('',#29920,#29940);
#29960=EDGE_CURVE('',#29890,#29730,#29950,.T.);
#29970=ORIENTED_EDGE('',*,*,#29960,.F.);
#29980=EDGE_LOOP('',(#29970,#29910,#29830,#29750));
#29990=FACE_BOUND('',#29980,.T.);
#30000=CARTESIAN_POINT('',(1.32,1.68499999999999,0.));
#30010=DIRECTION('',(0.,0.,1.));
#30020=VECTOR('',#30010,1.);
#30030=LINE('',#30000,#30020);
#30040=CARTESIAN_POINT('',(1.32,1.68499999999999,-3.745));
#30050=VERTEX_POINT('',#30040);
#30060=CARTESIAN_POINT('',(1.32,1.68499999999999,-3.625));
#30070=VERTEX_POINT('',#30060);
#30080=EDGE_CURVE('',#30050,#30070,#30030,.T.);
#30090=ORIENTED_EDGE('',*,*,#30080,.T.);
#30100=CARTESIAN_POINT('',(1.32000000000001,0.5,-3.745));
#30110=DIRECTION('',(5.17519264650211E-15,-1.,0.));
#30120=VECTOR('',#30110,1.);
#30130=LINE('',#30100,#30120);
#30140=CARTESIAN_POINT('',(1.32,1.93249999999998,-3.745));
#30150=VERTEX_POINT('',#30140);
#30160=EDGE_CURVE('',#30150,#30050,#30130,.T.);
#30170=ORIENTED_EDGE('',*,*,#30160,.T.);
#30180=CARTESIAN_POINT('',(1.32,1.93249999999998,0.));
#30190=DIRECTION('',(0.,0.,-1.));
#30200=VECTOR('',#30190,1.);
#30210=LINE('',#30180,#30200);
#30220=CARTESIAN_POINT('',(1.32,1.93249999999998,-3.625));
#30230=VERTEX_POINT('',#30220);
#30240=EDGE_CURVE('',#30230,#30150,#30210,.T.);
#30250=ORIENTED_EDGE('',*,*,#30240,.T.);
#30260=CARTESIAN_POINT('',(1.32000000000001,0.5,-3.625));
#30270=DIRECTION('',(5.17519264650211E-15,-1.,0.));
#30280=VECTOR('',#30270,1.);
#30290=LINE('',#30260,#30280);
#30300=EDGE_CURVE('',#30230,#30070,#30290,.T.);
#30310=ORIENTED_EDGE('',*,*,#30300,.F.);
#30320=EDGE_LOOP('',(#30310,#30250,#30170,#30090));
#30330=FACE_BOUND('',#30320,.T.);
#30340=CARTESIAN_POINT('',(1.32,1.93249999999998,0.));
#30350=DIRECTION('',(0.,0.,-1.));
#30360=VECTOR('',#30350,1.);
#30370=LINE('',#30340,#30360);
#30380=CARTESIAN_POINT('',(1.32,1.93249999999998,-2.025));
#30390=VERTEX_POINT('',#30380);
#30400=CARTESIAN_POINT('',(1.32,1.93249999999998,-2.145));
#30410=VERTEX_POINT('',#30400);
#30420=EDGE_CURVE('',#30390,#30410,#30370,.T.);
#30430=ORIENTED_EDGE('',*,*,#30420,.T.);
#30440=CARTESIAN_POINT('',(1.32000000000001,0.5,-2.025));
#30450=DIRECTION('',(5.17519264650211E-15,-1.,0.));
#30460=VECTOR('',#30450,1.);
#30470=LINE('',#30440,#30460);
#30480=CARTESIAN_POINT('',(1.32,1.68499999999999,-2.025));
#30490=VERTEX_POINT('',#30480);
#30500=EDGE_CURVE('',#30390,#30490,#30470,.T.);
#30510=ORIENTED_EDGE('',*,*,#30500,.F.);
#30520=CARTESIAN_POINT('',(1.32,1.68499999999999,0.));
#30530=DIRECTION('',(0.,0.,1.));
#30540=VECTOR('',#30530,1.);
#30550=LINE('',#30520,#30540);
#30560=CARTESIAN_POINT('',(1.32,1.68499999999999,-2.145));
#30570=VERTEX_POINT('',#30560);
#30580=EDGE_CURVE('',#30570,#30490,#30550,.T.);
#30590=ORIENTED_EDGE('',*,*,#30580,.T.);
#30600=CARTESIAN_POINT('',(1.32000000000001,0.5,-2.145));
#30610=DIRECTION('',(5.17519264650211E-15,-1.,0.));
#30620=VECTOR('',#30610,1.);
#30630=LINE('',#30600,#30620);
#30640=EDGE_CURVE('',#30410,#30570,#30630,.T.);
#30650=ORIENTED_EDGE('',*,*,#30640,.T.);
#30660=EDGE_LOOP('',(#30650,#30590,#30510,#30430));
#30670=FACE_BOUND('',#30660,.T.);
#30680=CARTESIAN_POINT('',(1.32,1.93249999999998,0.));
#30690=DIRECTION('',(0.,0.,-1.));
#30700=VECTOR('',#30690,1.);
#30710=LINE('',#30680,#30700);
#30720=CARTESIAN_POINT('',(1.32,1.93249999999998,-0.824999999999999));
#30730=VERTEX_POINT('',#30720);
#30740=CARTESIAN_POINT('',(1.32,1.93249999999998,-0.944999999999999));
#30750=VERTEX_POINT('',#30740);
#30760=EDGE_CURVE('',#30730,#30750,#30710,.T.);
#30770=ORIENTED_EDGE('',*,*,#30760,.T.);
#30780=CARTESIAN_POINT('',(1.32000000000001,0.5,-0.824999999999999));
#30790=DIRECTION('',(5.17519264650211E-15,-1.,0.));
#30800=VECTOR('',#30790,1.);
#30810=LINE('',#30780,#30800);
#30820=CARTESIAN_POINT('',(1.32,1.68499999999999,-0.824999999999999));
#30830=VERTEX_POINT('',#30820);
#30840=EDGE_CURVE('',#30730,#30830,#30810,.T.);
#30850=ORIENTED_EDGE('',*,*,#30840,.F.);
#30860=CARTESIAN_POINT('',(1.32,1.68499999999999,0.));
#30870=DIRECTION('',(0.,0.,1.));
#30880=VECTOR('',#30870,1.);
#30890=LINE('',#30860,#30880);
#30900=CARTESIAN_POINT('',(1.32,1.68499999999999,-0.944999999999999));
#30910=VERTEX_POINT('',#30900);
#30920=EDGE_CURVE('',#30910,#30830,#30890,.T.);
#30930=ORIENTED_EDGE('',*,*,#30920,.T.);
#30940=CARTESIAN_POINT('',(1.32000000000001,0.5,-0.944999999999999));
#30950=DIRECTION('',(5.17519264650211E-15,-1.,0.));
#30960=VECTOR('',#30950,1.);
#30970=LINE('',#30940,#30960);
#30980=EDGE_CURVE('',#30750,#30910,#30970,.T.);
#30990=ORIENTED_EDGE('',*,*,#30980,.T.);
#31000=EDGE_LOOP('',(#30990,#30930,#30850,#30770));
#31010=FACE_BOUND('',#31000,.T.);
#31020=CARTESIAN_POINT('',(1.32,1.68499999999999,0.));
#31030=DIRECTION('',(0.,0.,1.));
#31040=VECTOR('',#31030,1.);
#31050=LINE('',#31020,#31040);
#31060=CARTESIAN_POINT('',(1.32,1.68499999999999,-1.345));
#31070=VERTEX_POINT('',#31060);
#31080=CARTESIAN_POINT('',(1.32,1.68499999999999,-1.225));
#31090=VERTEX_POINT('',#31080);
#31100=EDGE_CURVE('',#31070,#31090,#31050,.T.);
#31110=ORIENTED_EDGE('',*,*,#31100,.T.);
#31120=CARTESIAN_POINT('',(1.32000000000001,0.5,-1.345));
#31130=DIRECTION('',(5.17519264650211E-15,-1.,0.));
#31140=VECTOR('',#31130,1.);
#31150=LINE('',#31120,#31140);
#31160=CARTESIAN_POINT('',(1.32,1.93249999999998,-1.345));
#31170=VERTEX_POINT('',#31160);
#31180=EDGE_CURVE('',#31170,#31070,#31150,.T.);
#31190=ORIENTED_EDGE('',*,*,#31180,.T.);
#31200=CARTESIAN_POINT('',(1.32,1.93249999999998,0.));
#31210=DIRECTION('',(0.,0.,-1.));
#31220=VECTOR('',#31210,1.);
#31230=LINE('',#31200,#31220);
#31240=CARTESIAN_POINT('',(1.32,1.93249999999998,-1.225));
#31250=VERTEX_POINT('',#31240);
#31260=EDGE_CURVE('',#31250,#31170,#31230,.T.);
#31270=ORIENTED_EDGE('',*,*,#31260,.T.);
#31280=CARTESIAN_POINT('',(1.32000000000001,0.5,-1.225));
#31290=DIRECTION('',(5.17519264650211E-15,-1.,0.));
#31300=VECTOR('',#31290,1.);
#31310=LINE('',#31280,#31300);
#31320=EDGE_CURVE('',#31250,#31090,#31310,.T.);
#31330=ORIENTED_EDGE('',*,*,#31320,.F.);
#31340=EDGE_LOOP('',(#31330,#31270,#31190,#31110));
#31350=FACE_BOUND('',#31340,.T.);
#31360=CARTESIAN_POINT('',(1.32,1.93249999999998,0.));
#31370=DIRECTION('',(0.,0.,-1.));
#31380=VECTOR('',#31370,1.);
#31390=LINE('',#31360,#31380);
#31400=CARTESIAN_POINT('',(1.32,1.93249999999998,-1.625));
#31410=VERTEX_POINT('',#31400);
#31420=CARTESIAN_POINT('',(1.32,1.93249999999998,-1.745));
#31430=VERTEX_POINT('',#31420);
#31440=EDGE_CURVE('',#31410,#31430,#31390,.T.);
#31450=ORIENTED_EDGE('',*,*,#31440,.T.);
#31460=CARTESIAN_POINT('',(1.32000000000001,0.5,-1.625));
#31470=DIRECTION('',(5.17519264650211E-15,-1.,0.));
#31480=VECTOR('',#31470,1.);
#31490=LINE('',#31460,#31480);
#31500=CARTESIAN_POINT('',(1.32,1.68499999999999,-1.625));
#31510=VERTEX_POINT('',#31500);
#31520=EDGE_CURVE('',#31410,#31510,#31490,.T.);
#31530=ORIENTED_EDGE('',*,*,#31520,.F.);
#31540=CARTESIAN_POINT('',(1.32,1.68499999999999,0.));
#31550=DIRECTION('',(0.,0.,1.));
#31560=VECTOR('',#31550,1.);
#31570=LINE('',#31540,#31560);
#31580=CARTESIAN_POINT('',(1.32,1.68499999999999,-1.745));
#31590=VERTEX_POINT('',#31580);
#31600=EDGE_CURVE('',#31590,#31510,#31570,.T.);
#31610=ORIENTED_EDGE('',*,*,#31600,.T.);
#31620=CARTESIAN_POINT('',(1.32000000000001,0.5,-1.745));
#31630=DIRECTION('',(5.17519264650211E-15,-1.,0.));
#31640=VECTOR('',#31630,1.);
#31650=LINE('',#31620,#31640);
#31660=EDGE_CURVE('',#31430,#31590,#31650,.T.);
#31670=ORIENTED_EDGE('',*,*,#31660,.T.);
#31680=EDGE_LOOP('',(#31670,#31610,#31530,#31450));
#31690=FACE_BOUND('',#31680,.T.);
#31700=CARTESIAN_POINT('',(1.32,1.68499999999999,0.));
#31710=DIRECTION('',(0.,0.,1.));
#31720=VECTOR('',#31710,1.);
#31730=LINE('',#31700,#31720);
#31740=CARTESIAN_POINT('',(1.32,1.68499999999999,-2.945));
#31750=VERTEX_POINT('',#31740);
#31760=CARTESIAN_POINT('',(1.32,1.68499999999999,-2.825));
#31770=VERTEX_POINT('',#31760);
#31780=EDGE_CURVE('',#31750,#31770,#31730,.T.);
#31790=ORIENTED_EDGE('',*,*,#31780,.T.);
#31800=CARTESIAN_POINT('',(1.32000000000001,0.5,-2.945));
#31810=DIRECTION('',(5.17519264650211E-15,-1.,0.));
#31820=VECTOR('',#31810,1.);
#31830=LINE('',#31800,#31820);
#31840=CARTESIAN_POINT('',(1.32,1.93249999999998,-2.945));
#31850=VERTEX_POINT('',#31840);
#31860=EDGE_CURVE('',#31850,#31750,#31830,.T.);
#31870=ORIENTED_EDGE('',*,*,#31860,.T.);
#31880=CARTESIAN_POINT('',(1.32,1.93249999999998,0.));
#31890=DIRECTION('',(0.,0.,-1.));
#31900=VECTOR('',#31890,1.);
#31910=LINE('',#31880,#31900);
#31920=CARTESIAN_POINT('',(1.32,1.93249999999998,-2.825));
#31930=VERTEX_POINT('',#31920);
#31940=EDGE_CURVE('',#31930,#31850,#31910,.T.);
#31950=ORIENTED_EDGE('',*,*,#31940,.T.);
#31960=CARTESIAN_POINT('',(1.32000000000001,0.5,-2.825));
#31970=DIRECTION('',(5.17519264650211E-15,-1.,0.));
#31980=VECTOR('',#31970,1.);
#31990=LINE('',#31960,#31980);
#32000=EDGE_CURVE('',#31930,#31770,#31990,.T.);
#32010=ORIENTED_EDGE('',*,*,#32000,.F.);
#32020=EDGE_LOOP('',(#32010,#31950,#31870,#31790));
#32030=FACE_BOUND('',#32020,.T.);
#32040=CARTESIAN_POINT('',(1.32,1.93249999999998,0.));
#32050=DIRECTION('',(0.,0.,-1.));
#32060=VECTOR('',#32050,1.);
#32070=LINE('',#32040,#32060);
#32080=CARTESIAN_POINT('',(1.32,1.93249999999998,-2.425));
#32090=VERTEX_POINT('',#32080);
#32100=CARTESIAN_POINT('',(1.32,1.93249999999998,-2.545));
#32110=VERTEX_POINT('',#32100);
#32120=EDGE_CURVE('',#32090,#32110,#32070,.T.);
#32130=ORIENTED_EDGE('',*,*,#32120,.T.);
#32140=CARTESIAN_POINT('',(1.32000000000001,0.5,-2.425));
#32150=DIRECTION('',(5.17519264650211E-15,-1.,0.));
#32160=VECTOR('',#32150,1.);
#32170=LINE('',#32140,#32160);
#32180=CARTESIAN_POINT('',(1.32,1.68499999999999,-2.425));
#32190=VERTEX_POINT('',#32180);
#32200=EDGE_CURVE('',#32090,#32190,#32170,.T.);
#32210=ORIENTED_EDGE('',*,*,#32200,.F.);
#32220=CARTESIAN_POINT('',(1.32,1.68499999999999,0.));
#32230=DIRECTION('',(0.,0.,1.));
#32240=VECTOR('',#32230,1.);
#32250=LINE('',#32220,#32240);
#32260=CARTESIAN_POINT('',(1.32,1.68499999999999,-2.545));
#32270=VERTEX_POINT('',#32260);
#32280=EDGE_CURVE('',#32270,#32190,#32250,.T.);
#32290=ORIENTED_EDGE('',*,*,#32280,.T.);
#32300=CARTESIAN_POINT('',(1.32000000000001,0.5,-2.545));
#32310=DIRECTION('',(5.17519264650211E-15,-1.,0.));
#32320=VECTOR('',#32310,1.);
#32330=LINE('',#32300,#32320);
#32340=EDGE_CURVE('',#32110,#32270,#32330,.T.);
#32350=ORIENTED_EDGE('',*,*,#32340,.T.);
#32360=EDGE_LOOP('',(#32350,#32290,#32210,#32130));
#32370=FACE_BOUND('',#32360,.T.);
#32380=CARTESIAN_POINT('',(1.32,1.68499999999999,0.));
#32390=DIRECTION('',(0.,0.,1.));
#32400=VECTOR('',#32390,1.);
#32410=LINE('',#32380,#32400);
#32420=CARTESIAN_POINT('',(1.32,1.68499999999999,-0.544999999999999));
#32430=VERTEX_POINT('',#32420);
#32440=CARTESIAN_POINT('',(1.32,1.68499999999999,-0.424999999999999));
#32450=VERTEX_POINT('',#32440);
#32460=EDGE_CURVE('',#32430,#32450,#32410,.T.);
#32470=ORIENTED_EDGE('',*,*,#32460,.T.);
#32480=CARTESIAN_POINT('',(1.32000000000001,0.5,-0.544999999999999));
#32490=DIRECTION('',(5.17519264650211E-15,-1.,0.));
#32500=VECTOR('',#32490,1.);
#32510=LINE('',#32480,#32500);
#32520=CARTESIAN_POINT('',(1.32,1.93249999999998,-0.544999999999999));
#32530=VERTEX_POINT('',#32520);
#32540=EDGE_CURVE('',#32530,#32430,#32510,.T.);
#32550=ORIENTED_EDGE('',*,*,#32540,.T.);
#32560=CARTESIAN_POINT('',(1.32,1.93249999999998,0.));
#32570=DIRECTION('',(0.,0.,-1.));
#32580=VECTOR('',#32570,1.);
#32590=LINE('',#32560,#32580);
#32600=CARTESIAN_POINT('',(1.32,1.93249999999998,-0.424999999999999));
#32610=VERTEX_POINT('',#32600);
#32620=EDGE_CURVE('',#32610,#32530,#32590,.T.);
#32630=ORIENTED_EDGE('',*,*,#32620,.T.);
#32640=CARTESIAN_POINT('',(1.32000000000001,0.5,-0.424999999999999));
#32650=DIRECTION('',(5.17519264650211E-15,-1.,0.));
#32660=VECTOR('',#32650,1.);
#32670=LINE('',#32640,#32660);
#32680=EDGE_CURVE('',#32610,#32450,#32670,.T.);
#32690=ORIENTED_EDGE('',*,*,#32680,.F.);
#32700=EDGE_LOOP('',(#32690,#32630,#32550,#32470));
#32710=FACE_BOUND('',#32700,.T.);
#32720=ORIENTED_EDGE('',*,*,#4630,.F.);
#32730=ORIENTED_EDGE('',*,*,#2080,.T.);
#32740=CARTESIAN_POINT('',(1.32,1.95,1.415));
#32750=DIRECTION('',(-1.33226762955019E-15,1.,0.));
#32760=VECTOR('',#32750,1.);
#32770=LINE('',#32740,#32760);
#32780=EDGE_CURVE('',#2010,#4330,#32770,.T.);
#32790=ORIENTED_EDGE('',*,*,#32780,.F.);
#32800=ORIENTED_EDGE('',*,*,#4340,.T.);
#32810=EDGE_LOOP('',(#32800,#32790,#32730,#32720));
#32820=FACE_OUTER_BOUND('',#32810,.T.);
#32830=ADVANCED_FACE('',(#29650,#29990,#30330,#30670,#31010,#31350,
#31690,#32030,#32370,#32710,#32820),#29310,.F.);
#32840=CARTESIAN_POINT('',(-1.64,1.94999999999999,-3.745));
#32850=DIRECTION('',(0.,0.,1.));
#32860=DIRECTION('',(-1.,-1.22460635382238E-16,0.));
#32870=AXIS2_PLACEMENT_3D('',#32840,#32850,#32860);
#32880=CYLINDRICAL_SURFACE('',#32870,0.05);
#32890=ORIENTED_EDGE('',*,*,#2420,.F.);
#32900=ORIENTED_EDGE('',*,*,#7920,.F.);
#32910=ORIENTED_EDGE('',*,*,#14220,.T.);
#32920=ORIENTED_EDGE('',*,*,#6880,.T.);
#32930=EDGE_LOOP('',(#32920,#32910,#32900,#32890));
#32940=FACE_OUTER_BOUND('',#32930,.T.);
#32950=ADVANCED_FACE('',(#32940),#32880,.T.);
#32960=CARTESIAN_POINT('',(0.889997600000002,-1.65,0.514999999999999));
#32970=DIRECTION('',(3.29861184015549E-16,-0.371390676354104,
-0.928476690885259));
#32980=DIRECTION('',(8.24652960038871E-16,-0.928476690885259,
0.371390676354104));
#32990=AXIS2_PLACEMENT_3D('',#32960,#32970,#32980);
#33000=PLANE('',#32990);
#33010=ORIENTED_EDGE('',*,*,#19310,.F.);
#33020=ORIENTED_EDGE('',*,*,#23510,.F.);
#33030=ORIENTED_EDGE('',*,*,#24670,.T.);
#33040=ORIENTED_EDGE('',*,*,#3460,.T.);
#33050=ORIENTED_EDGE('',*,*,#25390,.F.);
#33060=EDGE_LOOP('',(#33050,#33040,#33030,#33020,#33010));
#33070=FACE_OUTER_BOUND('',#33060,.T.);
#33080=ADVANCED_FACE('',(#33070),#33000,.T.);
#33090=CARTESIAN_POINT('',(2.96101731916345,2.8223480408227,-3.745));
#33100=DIRECTION('',(0.,0.,1.));
#33110=DIRECTION('',(-1.,-1.22460635382238E-16,0.));
#33120=AXIS2_PLACEMENT_3D('',#33090,#33100,#33110);
#33130=PLANE('',#33120);
#33140=ORIENTED_EDGE('',*,*,#18190,.T.);
#33150=ORIENTED_EDGE('',*,*,#24480,.T.);
#33160=CARTESIAN_POINT('',(-0.609999999999996,-1.38500000000002,-3.745))
;
#33170=DIRECTION('',(0.,0.,1.));
#33180=DIRECTION('',(-1.,-1.22460635382238E-16,0.));
#33190=AXIS2_PLACEMENT_3D('',#33160,#33170,#33180);
#33200=CIRCLE('',#33190,0.0499999999999995);
#33210=CARTESIAN_POINT('',(-0.659999999999996,-1.38500000000002,-3.745))
;
#33220=VERTEX_POINT('',#33210);
#33230=EDGE_CURVE('',#24410,#33220,#33200,.T.);
#33240=ORIENTED_EDGE('',*,*,#33230,.F.);
#33250=CARTESIAN_POINT('',(-0.619999999999997,-1.38500000000002,-3.745))
;
#33260=DIRECTION('',(0.,0.,1.));
#33270=DIRECTION('',(-1.,-1.22460635382238E-16,0.));
#33280=AXIS2_PLACEMENT_3D('',#33250,#33260,#33270);
#33290=CIRCLE('',#33280,0.0399999999999978);
#33300=CARTESIAN_POINT('',(-0.644946914281604,-1.41626741863069,-3.745))
;
#33310=VERTEX_POINT('',#33300);
#33320=EDGE_CURVE('',#33220,#33310,#33290,.T.);
#33330=ORIENTED_EDGE('',*,*,#33320,.F.);
#33340=CARTESIAN_POINT('',(-0.554999999999995,-1.50000000000001,-3.745))
;
#33350=DIRECTION('',(-0.731939010275264,0.681370152881139,0.));
#33360=VECTOR('',#33350,1.);
#33370=LINE('',#33340,#33360);
#33380=EDGE_CURVE('',#10580,#33310,#33370,.T.);
#33390=ORIENTED_EDGE('',*,*,#33380,.T.);
#33400=ORIENTED_EDGE('',*,*,#10610,.F.);
#33410=ORIENTED_EDGE('',*,*,#15580,.F.);
#33420=EDGE_LOOP('',(#33410,#33400,#33390,#33330,#33240,#33150,#33140));
#33430=FACE_OUTER_BOUND('',#33420,.T.);
#33440=ADVANCED_FACE('',(#33430),#33130,.F.);
#33450=CARTESIAN_POINT('',(-1.47,0.950000000000002,1.415));
#33460=DIRECTION('',(-1.66281548797227E-31,-1.22460635382238E-16,1.));
#33470=DIRECTION('',(1.,-1.35783673078464E-15,0.));
#33480=AXIS2_PLACEMENT_3D('',#33450,#33460,#33470);
#33490=PLANE('',#33480);
#33500=ORIENTED_EDGE('',*,*,#4020,.T.);
#33510=ORIENTED_EDGE('',*,*,#22880,.T.);
#33520=ORIENTED_EDGE('',*,*,#4420,.T.);
#33530=ORIENTED_EDGE('',*,*,#32780,.T.);
#33540=ORIENTED_EDGE('',*,*,#2020,.T.);
#33550=ORIENTED_EDGE('',*,*,#24740,.T.);
#33560=ORIENTED_EDGE('',*,*,#23370,.F.);
#33570=ORIENTED_EDGE('',*,*,#9090,.T.);
#33580=EDGE_LOOP('',(#33570,#33560,#33550,#33540,#33530,#33520,#33510,
#33500));
#33590=FACE_OUTER_BOUND('',#33580,.T.);
#33600=ADVANCED_FACE('',(#33590),#33490,.T.);
#33610=CARTESIAN_POINT('',(2.0122792321331E-15,-0.45,-4.65));
#33620=DIRECTION('',(2.62395290203238E-16,-0.707106781186546,
0.707106781186549));
#33630=DIRECTION('',(3.92523114670945E-16,-0.707106781186549,
-0.707106781186546));
#33640=AXIS2_PLACEMENT_3D('',#33610,#33620,#33630);
#33650=PLANE('',#33640);
#33660=ORIENTED_EDGE('',*,*,#24090,.T.);
#33670=ORIENTED_EDGE('',*,*,#18560,.T.);
#33680=ORIENTED_EDGE('',*,*,#13470,.F.);
#33690=ORIENTED_EDGE('',*,*,#6480,.F.);
#33700=EDGE_LOOP('',(#33690,#33680,#33670,#33660));
#33710=FACE_OUTER_BOUND('',#33700,.T.);
#33720=ADVANCED_FACE('',(#33710),#33650,.T.);
#33730=CARTESIAN_POINT('',(-0.209999999999998,-1.625,-0.91745));
#33740=DIRECTION('',(0.707106781186549,-0.707106781186546,0.));
#33750=DIRECTION('',(0.707106781186546,0.707106781186549,
6.28036983473508E-15));
#33760=AXIS2_PLACEMENT_3D('',#33730,#33740,#33750);
#33770=PLANE('',#33760);
#33780=CARTESIAN_POINT('',(-0.234999999999998,-1.65,-0.636073140978202))
;
#33790=DIRECTION('',(0.707106781186544,0.707106781186551,0.));
#33800=VECTOR('',#33790,1.);
#33810=LINE('',#33780,#33800);
#33820=CARTESIAN_POINT('',(-0.184999999999998,-1.6,-0.636073140978202));
#33830=VERTEX_POINT('',#33820);
#33840=EDGE_CURVE('',#12570,#33830,#33810,.T.);
#33850=ORIENTED_EDGE('',*,*,#33840,.F.);
#33860=CARTESIAN_POINT('',(-0.184999999999998,-1.6,-0.91745));
#33870=DIRECTION('',(0.,0.,1.));
#33880=VECTOR('',#33870,1.);
#33890=LINE('',#33860,#33880);
#33900=CARTESIAN_POINT('',(-0.184999999999998,-1.6,-1.1988268590218));
#33910=VERTEX_POINT('',#33900);
#33920=EDGE_CURVE('',#33910,#33830,#33890,.T.);
#33930=ORIENTED_EDGE('',*,*,#33920,.T.);
#33940=CARTESIAN_POINT('',(-0.184999999999998,-1.6,-1.1988268590218));
#33950=DIRECTION('',(-0.707106781186544,-0.707106781186551,0.));
#33960=VECTOR('',#33950,1.);
#33970=LINE('',#33940,#33960);
#33980=EDGE_CURVE('',#33910,#12020,#33970,.T.);
#33990=ORIENTED_EDGE('',*,*,#33980,.F.);
#34000=ORIENTED_EDGE('',*,*,#12640,.F.);
#34010=EDGE_LOOP('',(#34000,#33990,#33930,#33850));
#34020=FACE_OUTER_BOUND('',#34010,.T.);
#34030=ADVANCED_FACE('',(#34020),#33770,.T.);
#34040=CARTESIAN_POINT('',(-0.134999999999998,-1.65,-1.1988268590218));
#34050=DIRECTION('',(2.77555756156286E-16,-1.,0.));
#34060=DIRECTION('',(-1.,1.83649404852124E-48,0.));
#34070=AXIS2_PLACEMENT_3D('',#34040,#34050,#34060);
#34080=CONICAL_SURFACE('',#34070,0.1,0.785398163397443);
#34090=ORIENTED_EDGE('',*,*,#33980,.T.);
#34100=CARTESIAN_POINT('',(-0.134999999999998,-1.6,-1.1988268590218));
#34110=DIRECTION('',(1.83649404852124E-48,-1.,0.));
#34120=DIRECTION('',(-1.,1.83649404852124E-48,0.));
#34130=AXIS2_PLACEMENT_3D('',#34100,#34110,#34120);
#34140=CIRCLE('',#34130,0.05);
#34150=CARTESIAN_POINT('',(-0.159999999999998,-1.6,-1.24212812921102));
#34160=VERTEX_POINT('',#34150);
#34170=EDGE_CURVE('',#33910,#34160,#34140,.T.);
#34180=ORIENTED_EDGE('',*,*,#34170,.F.);
#34190=CARTESIAN_POINT('',(-0.184999999999998,-1.65,-1.28542939940024));
#34200=DIRECTION('',(0.353553390593274,0.707106781186552,
0.612372435695789));
#34210=VECTOR('',#34200,1.);
#34220=LINE('',#34190,#34210);
#34230=EDGE_CURVE('',#12040,#34160,#34220,.T.);
#34240=ORIENTED_EDGE('',*,*,#34230,.T.);
#34250=ORIENTED_EDGE('',*,*,#12050,.T.);
#34260=EDGE_LOOP('',(#34250,#34240,#34180,#34090));
#34270=FACE_OUTER_BOUND('',#34260,.T.);
#34280=ADVANCED_FACE('',(#34270),#34080,.F.);
#34290=CARTESIAN_POINT('',(1.83186799063151E-15,-1.65,-0.965));
#34300=DIRECTION('',(-1.50030138462858E-16,-1.,0.));
#34310=DIRECTION('',(-1.,1.83649404852124E-48,0.));
#34320=AXIS2_PLACEMENT_3D('',#34290,#34300,#34310);
#34330=CONICAL_SURFACE('',#34320,0.37,0.785398163397444);
#34340=ORIENTED_EDGE('',*,*,#34230,.F.);
#34350=CARTESIAN_POINT('',(1.83186799063151E-15,-1.6,-0.965));
#34360=DIRECTION('',(1.83649404852124E-48,-1.,0.));
#34370=DIRECTION('',(-1.,1.83649404852124E-48,0.));
#34380=AXIS2_PLACEMENT_3D('',#34350,#34360,#34370);
#34390=CIRCLE('',#34380,0.32);
#34400=CARTESIAN_POINT('',(0.159999999999998,-1.59999999999999,
-1.24212812921101));
#34410=VERTEX_POINT('',#34400);
#34420=EDGE_CURVE('',#34160,#34410,#34390,.T.);
#34430=ORIENTED_EDGE('',*,*,#34420,.F.);
#34440=CARTESIAN_POINT('',(0.185000000000002,-1.65,-1.28542939940024));
#34450=DIRECTION('',(-0.35355339059327,0.70710678118655,
0.612372435695793));
#34460=VECTOR('',#34450,1.);
#34470=LINE('',#34440,#34460);
#34480=EDGE_CURVE('',#12130,#34410,#34470,.T.);
#34490=ORIENTED_EDGE('',*,*,#34480,.T.);
#34500=ORIENTED_EDGE('',*,*,#12140,.T.);
#34510=EDGE_LOOP('',(#34500,#34490,#34430,#34340));
#34520=FACE_OUTER_BOUND('',#34510,.T.);
#34530=ADVANCED_FACE('',(#34520),#34330,.F.);
#34540=CARTESIAN_POINT('',(0.135000000000002,-1.65,-1.1988268590218));
#34550=DIRECTION('',(0.,-1.,0.));
#34560=DIRECTION('',(-1.,1.83649404852124E-48,0.));
#34570=AXIS2_PLACEMENT_3D('',#34540,#34550,#34560);
#34580=CONICAL_SURFACE('',#34570,0.1,0.785398163397452);
#34590=ORIENTED_EDGE('',*,*,#34480,.F.);
#34600=CARTESIAN_POINT('',(0.135000000000002,-1.6,-1.1988268590218));
#34610=DIRECTION('',(-1.83649404852124E-48,1.,0.));
#34620=DIRECTION('',(1.,-1.83649404852124E-48,0.));
#34630=AXIS2_PLACEMENT_3D('',#34600,#34610,#34620);
#34640=CIRCLE('',#34630,0.05);
#34650=CARTESIAN_POINT('',(0.184999999999987,-1.59999999999997,
-1.1988268590218));
#34660=VERTEX_POINT('',#34650);
#34670=EDGE_CURVE('',#34660,#34410,#34640,.T.);
#34680=ORIENTED_EDGE('',*,*,#34670,.T.);
#34690=CARTESIAN_POINT('',(0.185000000000003,-1.6,-1.1988268590218));
#34700=DIRECTION('',(0.707106781186549,-0.707106781186546,
-6.28036983473511E-15));
#34710=VECTOR('',#34700,1.);
#34720=LINE('',#34690,#34710);
#34730=EDGE_CURVE('',#34660,#12220,#34720,.T.);
#34740=ORIENTED_EDGE('',*,*,#34730,.F.);
#34750=ORIENTED_EDGE('',*,*,#12230,.T.);
#34760=EDGE_LOOP('',(#34750,#34740,#34680,#34590));
#34770=FACE_OUTER_BOUND('',#34760,.T.);
#34780=ADVANCED_FACE('',(#34770),#34580,.F.);
#34790=CARTESIAN_POINT('',(0.210000000000002,-1.625,-0.91745));
#34800=DIRECTION('',(-0.707106781186546,-0.707106781186549,-0.));
#34810=DIRECTION('',(-0.707106781186549,0.707106781186546,
6.28036983473511E-15));
#34820=AXIS2_PLACEMENT_3D('',#34790,#34800,#34810);
#34830=PLANE('',#34820);
#34840=ORIENTED_EDGE('',*,*,#34730,.T.);
#34850=CARTESIAN_POINT('',(0.185000000000002,-1.6,-0.91745));
#34860=DIRECTION('',(0.,0.,-1.));
#34870=VECTOR('',#34860,1.);
#34880=LINE('',#34850,#34870);
#34890=CARTESIAN_POINT('',(0.185000000000002,-1.6,-0.636073140978201));
#34900=VERTEX_POINT('',#34890);
#34910=EDGE_CURVE('',#34900,#34660,#34880,.T.);
#34920=ORIENTED_EDGE('',*,*,#34910,.T.);
#34930=CARTESIAN_POINT('',(0.235000000000001,-1.65,-0.636073140978202));
#34940=DIRECTION('',(-0.707106781186549,0.707106781186546,
6.28036983473511E-15));
#34950=VECTOR('',#34940,1.);
#34960=LINE('',#34930,#34950);
#34970=EDGE_CURVE('',#12300,#34900,#34960,.T.);
#34980=ORIENTED_EDGE('',*,*,#34970,.T.);
#34990=ORIENTED_EDGE('',*,*,#12310,.F.);
#35000=EDGE_LOOP('',(#34990,#34980,#34920,#34840));
#35010=FACE_OUTER_BOUND('',#35000,.T.);
#35020=ADVANCED_FACE('',(#35010),#34830,.T.);
#35030=CARTESIAN_POINT('',(0.135000000000002,-1.65,-0.636073140978202));
#35040=DIRECTION('',(0.,-1.,0.));
#35050=DIRECTION('',(-1.,1.83649404852124E-48,0.));
#35060=AXIS2_PLACEMENT_3D('',#35030,#35040,#35050);
#35070=CONICAL_SURFACE('',#35060,0.1,0.785398163397452);
#35080=ORIENTED_EDGE('',*,*,#34970,.F.);
#35090=CARTESIAN_POINT('',(0.135000000000002,-1.6,-0.636073140978202));
#35100=DIRECTION('',(1.83649404852124E-48,-1.,0.));
#35110=DIRECTION('',(-1.,1.83649404852124E-48,0.));
#35120=AXIS2_PLACEMENT_3D('',#35090,#35100,#35110);
#35130=CIRCLE('',#35120,0.05);
#35140=CARTESIAN_POINT('',(0.16,-1.6,-0.592771870788979));
#35150=VERTEX_POINT('',#35140);
#35160=EDGE_CURVE('',#34900,#35150,#35130,.T.);
#35170=ORIENTED_EDGE('',*,*,#35160,.F.);
#35180=CARTESIAN_POINT('',(0.160000000000002,-1.6,-0.59277187078898));
#35190=DIRECTION('',(0.353553390593275,-0.707106781186551,
0.612372435695789));
#35200=VECTOR('',#35190,1.);
#35210=LINE('',#35180,#35200);
#35220=EDGE_CURVE('',#35150,#12390,#35210,.T.);
#35230=ORIENTED_EDGE('',*,*,#35220,.F.);
#35240=ORIENTED_EDGE('',*,*,#12400,.T.);
#35250=EDGE_LOOP('',(#35240,#35230,#35170,#35080));
#35260=FACE_OUTER_BOUND('',#35250,.T.);
#35270=ADVANCED_FACE('',(#35260),#35070,.F.);
#35280=CARTESIAN_POINT('',(1.83186799063151E-15,-1.65,-0.8699));
#35290=DIRECTION('',(-1.50030138462858E-16,-1.,0.));
#35300=DIRECTION('',(-1.,1.83649404852124E-48,0.));
#35310=AXIS2_PLACEMENT_3D('',#35280,#35290,#35300);
#35320=CONICAL_SURFACE('',#35310,0.37,0.785398163397444);
#35330=ORIENTED_EDGE('',*,*,#35220,.T.);
#35340=CARTESIAN_POINT('',(1.83186799063151E-15,-1.6,-0.8699));
#35350=DIRECTION('',(1.83649404852124E-48,-1.,0.));
#35360=DIRECTION('',(-1.,1.83649404852124E-48,0.));
#35370=AXIS2_PLACEMENT_3D('',#35340,#35350,#35360);
#35380=CIRCLE('',#35370,0.32);
#35390=CARTESIAN_POINT('',(-0.159999999999997,-1.6,-0.592771870788979));
#35400=VERTEX_POINT('',#35390);
#35410=EDGE_CURVE('',#35150,#35400,#35380,.T.);
#35420=ORIENTED_EDGE('',*,*,#35410,.F.);
#35430=CARTESIAN_POINT('',(-0.184999999999998,-1.65,-0.549470600599758))
;
#35440=DIRECTION('',(0.353553390593272,0.70710678118655,
-0.612372435695792));
#35450=VECTOR('',#35440,1.);
#35460=LINE('',#35430,#35450);
#35470=EDGE_CURVE('',#12480,#35400,#35460,.T.);
#35480=ORIENTED_EDGE('',*,*,#35470,.T.);
#35490=ORIENTED_EDGE('',*,*,#12490,.T.);
#35500=EDGE_LOOP('',(#35490,#35480,#35420,#35330));
#35510=FACE_OUTER_BOUND('',#35500,.T.);
#35520=ADVANCED_FACE('',(#35510),#35320,.F.);
#35530=CARTESIAN_POINT('',(-0.134999999999998,-1.65,-0.636073140978202))
;
#35540=DIRECTION('',(2.77555756156286E-16,-1.,0.));
#35550=DIRECTION('',(-1.,1.83649404852124E-48,0.));
#35560=AXIS2_PLACEMENT_3D('',#35530,#35540,#35550);
#35570=CONICAL_SURFACE('',#35560,0.1,0.785398163397443);
#35580=ORIENTED_EDGE('',*,*,#35470,.F.);
#35590=CARTESIAN_POINT('',(-0.134999999999998,-1.6,-0.636073140978202));
#35600=DIRECTION('',(-1.83649404852124E-48,1.,0.));
#35610=DIRECTION('',(1.,-1.83649404852124E-48,0.));
#35620=AXIS2_PLACEMENT_3D('',#35590,#35600,#35610);
#35630=CIRCLE('',#35620,0.05);
#35640=EDGE_CURVE('',#33830,#35400,#35630,.T.);
#35650=ORIENTED_EDGE('',*,*,#35640,.T.);
#35660=ORIENTED_EDGE('',*,*,#33840,.T.);
#35670=ORIENTED_EDGE('',*,*,#12580,.T.);
#35680=EDGE_LOOP('',(#35670,#35660,#35650,#35580));
#35690=FACE_OUTER_BOUND('',#35680,.T.);
#35700=ADVANCED_FACE('',(#35690),#35570,.F.);
#35710=CARTESIAN_POINT('',(-0.184999999999998,-1.65,-0.91745));
#35720=DIRECTION('',(1.,1.83649404852124E-48,0.));
#35730=DIRECTION('',(0.,0.,-1.));
#35740=AXIS2_PLACEMENT_3D('',#35710,#35720,#35730);
#35750=PLANE('',#35740);
#35760=CARTESIAN_POINT('',(-0.184999999999998,-1.65,-0.636073140978202))
;
#35770=DIRECTION('',(-1.83649404852124E-48,1.,0.));
#35780=VECTOR('',#35770,1.);
#35790=LINE('',#35760,#35780);
#35800=CARTESIAN_POINT('',(-0.184999999999998,-1.495,-0.636073140978202)
);
#35810=VERTEX_POINT('',#35800);
#35820=EDGE_CURVE('',#33830,#35810,#35790,.T.);
#35830=ORIENTED_EDGE('',*,*,#35820,.F.);
#35840=CARTESIAN_POINT('',(-0.184999999999998,-1.495,-1.9489085388168));
#35850=DIRECTION('',(0.,0.,-1.));
#35860=VECTOR('',#35850,1.);
#35870=LINE('',#35840,#35860);
#35880=CARTESIAN_POINT('',(-0.184999999999998,-1.495,-1.1988268590218));
#35890=VERTEX_POINT('',#35880);
#35900=EDGE_CURVE('',#35810,#35890,#35870,.T.);
#35910=ORIENTED_EDGE('',*,*,#35900,.F.);
#35920=CARTESIAN_POINT('',(-0.184999999999998,-1.65,-1.1988268590218));
#35930=DIRECTION('',(-1.83649404852124E-48,1.,0.));
#35940=VECTOR('',#35930,1.);
#35950=LINE('',#35920,#35940);
#35960=EDGE_CURVE('',#33910,#35890,#35950,.T.);
#35970=ORIENTED_EDGE('',*,*,#35960,.T.);
#35980=ORIENTED_EDGE('',*,*,#33920,.F.);
#35990=EDGE_LOOP('',(#35980,#35970,#35910,#35830));
#36000=FACE_OUTER_BOUND('',#35990,.T.);
#36010=ADVANCED_FACE('',(#36000),#35750,.T.);
#36020=CARTESIAN_POINT('',(-0.122499999999998,-1.4325,-0.91745));
#36030=DIRECTION('',(0.707106781186548,-0.707106781186548,0.));
#36040=DIRECTION('',(-0.707106781186547,-0.707106781186547,0.));
#36050=AXIS2_PLACEMENT_3D('',#36020,#36030,#36040);
#36060=PLANE('',#36050);
#36070=CARTESIAN_POINT('',(1.88737914186277E-15,-1.31,-0.965));
#36080=DIRECTION('',(0.707106781186548,-0.707106781186548,0.));
#36090=DIRECTION('',(-0.707106781186548,-0.707106781186548,0.));
#36100=AXIS2_PLACEMENT_3D('',#36070,#36080,#36090);
#36110=ELLIPSE('',#36100,0.45254833995939,0.32);
#36120=CARTESIAN_POINT('',(-0.159999999999998,-1.47,-1.24212812921102));
#36130=VERTEX_POINT('',#36120);
#36140=CARTESIAN_POINT('',(-0.0599999999999981,-1.37,-1.27932467291003))
;
#36150=VERTEX_POINT('',#36140);
#36160=EDGE_CURVE('',#36130,#36150,#36110,.T.);
#36170=ORIENTED_EDGE('',*,*,#36160,.T.);
#36180=CARTESIAN_POINT('',(-0.134999999999998,-1.445,-1.1988268590218));
#36190=DIRECTION('',(0.707106781186548,-0.707106781186548,0.));
#36200=DIRECTION('',(-0.707106781186548,-0.707106781186548,0.));
#36210=AXIS2_PLACEMENT_3D('',#36180,#36190,#36200);
#36220=ELLIPSE('',#36210,0.0707106781186548,0.05);
#36230=EDGE_CURVE('',#35890,#36130,#36220,.T.);
#36240=ORIENTED_EDGE('',*,*,#36230,.T.);
#36250=ORIENTED_EDGE('',*,*,#35900,.T.);
#36260=CARTESIAN_POINT('',(-0.134999999999998,-1.445,-0.636073140978202)
);
#36270=DIRECTION('',(0.707106781186548,-0.707106781186548,0.));
#36280=DIRECTION('',(-0.707106781186548,-0.707106781186548,0.));
#36290=AXIS2_PLACEMENT_3D('',#36260,#36270,#36280);
#36300=ELLIPSE('',#36290,0.0707106781186548,0.05);
#36310=CARTESIAN_POINT('',(-0.159999999999998,-1.47,-0.59277187078898));
#36320=VERTEX_POINT('',#36310);
#36330=EDGE_CURVE('',#36320,#35810,#36300,.T.);
#36340=ORIENTED_EDGE('',*,*,#36330,.T.);
#36350=CARTESIAN_POINT('',(1.88737914186277E-15,-1.31,-0.8699));
#36360=DIRECTION('',(0.707106781186548,-0.707106781186548,0.));
#36370=DIRECTION('',(-0.707106781186548,-0.707106781186548,0.));
#36380=AXIS2_PLACEMENT_3D('',#36350,#36360,#36370);
#36390=ELLIPSE('',#36380,0.45254833995939,0.32);
#36400=CARTESIAN_POINT('',(-0.0599999999999981,-1.37,-0.555575327089966)
);
#36410=VERTEX_POINT('',#36400);
#36420=EDGE_CURVE('',#36410,#36320,#36390,.T.);
#36430=ORIENTED_EDGE('',*,*,#36420,.T.);
#36440=CARTESIAN_POINT('',(-0.0599999999999981,-1.37,-1.9489085388168));
#36450=DIRECTION('',(0.,0.,-1.));
#36460=VECTOR('',#36450,1.);
#36470=LINE('',#36440,#36460);
#36480=EDGE_CURVE('',#36410,#36150,#36470,.T.);
#36490=ORIENTED_EDGE('',*,*,#36480,.F.);
#36500=EDGE_LOOP('',(#36490,#36430,#36340,#36250,#36240,#36170));
#36510=FACE_OUTER_BOUND('',#36500,.T.);
#36520=ADVANCED_FACE('',(#36510),#36060,.T.);
#36530=CARTESIAN_POINT('',(-0.134999999999998,-1.65,-1.1988268590218));
#36540=DIRECTION('',(-1.83649404852124E-48,1.,0.));
#36550=DIRECTION('',(1.,-1.83649404852124E-48,0.));
#36560=AXIS2_PLACEMENT_3D('',#36530,#36540,#36550);
#36570=CYLINDRICAL_SURFACE('',#36560,0.05);
#36580=ORIENTED_EDGE('',*,*,#35960,.F.);
#36590=ORIENTED_EDGE('',*,*,#36230,.F.);
#36600=CARTESIAN_POINT('',(-0.159999999999998,-1.65,-1.24212812921102));
#36610=DIRECTION('',(-1.83649404852124E-48,1.,0.));
#36620=VECTOR('',#36610,1.);
#36630=LINE('',#36600,#36620);
#36640=EDGE_CURVE('',#34160,#36130,#36630,.T.);
#36650=ORIENTED_EDGE('',*,*,#36640,.T.);
#36660=ORIENTED_EDGE('',*,*,#34170,.T.);
#36670=EDGE_LOOP('',(#36660,#36650,#36590,#36580));
#36680=FACE_OUTER_BOUND('',#36670,.T.);
#36690=ADVANCED_FACE('',(#36680),#36570,.F.);
#36700=CARTESIAN_POINT('',(1.83186799063151E-15,-1.65,-0.965));
#36710=DIRECTION('',(-1.83649404852124E-48,1.,0.));
#36720=DIRECTION('',(1.,-1.83649404852124E-48,0.));
#36730=AXIS2_PLACEMENT_3D('',#36700,#36710,#36720);
#36740=CYLINDRICAL_SURFACE('',#36730,0.32);
#36750=ORIENTED_EDGE('',*,*,#36640,.F.);
#36760=ORIENTED_EDGE('',*,*,#36160,.F.);
#36770=CARTESIAN_POINT('',(1.88737914186277E-15,-1.37,-0.965));
#36780=DIRECTION('',(1.83649404852124E-48,-1.,0.));
#36790=DIRECTION('',(1.,-1.83649404852124E-48,0.));
#36800=AXIS2_PLACEMENT_3D('',#36770,#36780,#36790);
#36810=CIRCLE('',#36800,0.32);
#36820=CARTESIAN_POINT('',(0.0600000000000018,-1.37,-1.27932467291003));
#36830=VERTEX_POINT('',#36820);
#36840=EDGE_CURVE('',#36150,#36830,#36810,.T.);
#36850=ORIENTED_EDGE('',*,*,#36840,.F.);
#36860=CARTESIAN_POINT('',(1.83186799063151E-15,-1.31,-0.965));
#36870=DIRECTION('',(-0.707106781186548,-0.707106781186548,0.));
#36880=DIRECTION('',(0.707106781186548,-0.707106781186548,0.));
#36890=AXIS2_PLACEMENT_3D('',#36860,#36870,#36880);
#36900=ELLIPSE('',#36890,0.45254833995939,0.32);
#36910=CARTESIAN_POINT('',(0.160000000000002,-1.47,-1.24212812921102));
#36920=VERTEX_POINT('',#36910);
#36930=EDGE_CURVE('',#36830,#36920,#36900,.T.);
#36940=ORIENTED_EDGE('',*,*,#36930,.F.);
#36950=CARTESIAN_POINT('',(0.160000000000002,-1.65,-1.24212812921102));
#36960=DIRECTION('',(-1.83649404852124E-48,1.,0.));
#36970=VECTOR('',#36960,1.);
#36980=LINE('',#36950,#36970);
#36990=EDGE_CURVE('',#34410,#36920,#36980,.T.);
#37000=ORIENTED_EDGE('',*,*,#36990,.T.);
#37010=ORIENTED_EDGE('',*,*,#34420,.T.);
#37020=EDGE_LOOP('',(#37010,#37000,#36940,#36850,#36760,#36750));
#37030=FACE_OUTER_BOUND('',#37020,.T.);
#37040=ADVANCED_FACE('',(#37030),#36740,.F.);
#37050=CARTESIAN_POINT('',(0.135000000000002,-1.65,-1.1988268590218));
#37060=DIRECTION('',(1.83649404852124E-48,-1.,0.));
#37070=DIRECTION('',(-1.,1.83649404852124E-48,0.));
#37080=AXIS2_PLACEMENT_3D('',#37050,#37060,#37070);
#37090=CYLINDRICAL_SURFACE('',#37080,0.05);
#37100=ORIENTED_EDGE('',*,*,#36990,.F.);
#37110=CARTESIAN_POINT('',(0.135000000000002,-1.445,-1.1988268590218));
#37120=DIRECTION('',(-0.707106781186548,-0.707106781186548,0.));
#37130=DIRECTION('',(0.707106781186548,-0.707106781186548,0.));
#37140=AXIS2_PLACEMENT_3D('',#37110,#37120,#37130);
#37150=ELLIPSE('',#37140,0.0707106781186548,0.05);
#37160=CARTESIAN_POINT('',(0.185000000000002,-1.495,-1.1988268590218));
#37170=VERTEX_POINT('',#37160);
#37180=EDGE_CURVE('',#36920,#37170,#37150,.T.);
#37190=ORIENTED_EDGE('',*,*,#37180,.F.);
#37200=CARTESIAN_POINT('',(0.185000000000002,-1.65,-1.1988268590218));
#37210=DIRECTION('',(-1.83649404852124E-48,1.,0.));
#37220=VECTOR('',#37210,1.);
#37230=LINE('',#37200,#37220);
#37240=EDGE_CURVE('',#34660,#37170,#37230,.T.);
#37250=ORIENTED_EDGE('',*,*,#37240,.T.);
#37260=ORIENTED_EDGE('',*,*,#34670,.F.);
#37270=EDGE_LOOP('',(#37260,#37250,#37190,#37100));
#37280=FACE_OUTER_BOUND('',#37270,.T.);
#37290=ADVANCED_FACE('',(#37280),#37090,.F.);
#37300=CARTESIAN_POINT('',(0.185000000000002,-1.65,-0.91745));
#37310=DIRECTION('',(-1.,-1.83649404852124E-48,0.));
#37320=DIRECTION('',(0.,0.,1.));
#37330=AXIS2_PLACEMENT_3D('',#37300,#37310,#37320);
#37340=PLANE('',#37330);
#37350=ORIENTED_EDGE('',*,*,#37240,.F.);
#37360=CARTESIAN_POINT('',(0.185000000000002,-1.495,-1.9489085388168));
#37370=DIRECTION('',(0.,0.,1.));
#37380=VECTOR('',#37370,1.);
#37390=LINE('',#37360,#37380);
#37400=CARTESIAN_POINT('',(0.185000000000002,-1.495,-0.636073140978202))
;
#37410=VERTEX_POINT('',#37400);
#37420=EDGE_CURVE('',#37170,#37410,#37390,.T.);
#37430=ORIENTED_EDGE('',*,*,#37420,.F.);
#37440=CARTESIAN_POINT('',(0.185000000000002,-1.65,-0.636073140978202));
#37450=DIRECTION('',(-1.83649404852124E-48,1.,0.));
#37460=VECTOR('',#37450,1.);
#37470=LINE('',#37440,#37460);
#37480=EDGE_CURVE('',#34900,#37410,#37470,.T.);
#37490=ORIENTED_EDGE('',*,*,#37480,.T.);
#37500=ORIENTED_EDGE('',*,*,#34910,.F.);
#37510=EDGE_LOOP('',(#37500,#37490,#37430,#37350));
#37520=FACE_OUTER_BOUND('',#37510,.T.);
#37530=ADVANCED_FACE('',(#37520),#37340,.T.);
#37540=CARTESIAN_POINT('',(0.135000000000002,-1.65,-0.636073140978202));
#37550=DIRECTION('',(-1.83649404852124E-48,1.,0.));
#37560=DIRECTION('',(-1.,1.83649404852124E-48,0.));
#37570=AXIS2_PLACEMENT_3D('',#37540,#37550,#37560);
#37580=CYLINDRICAL_SURFACE('',#37570,0.05);
#37590=ORIENTED_EDGE('',*,*,#37480,.F.);
#37600=CARTESIAN_POINT('',(0.135000000000002,-1.445,-0.636073140978202))
;
#37610=DIRECTION('',(-0.707106781186548,-0.707106781186548,0.));
#37620=DIRECTION('',(0.707106781186548,-0.707106781186548,0.));
#37630=AXIS2_PLACEMENT_3D('',#37600,#37610,#37620);
#37640=ELLIPSE('',#37630,0.0707106781186548,0.05);
#37650=CARTESIAN_POINT('',(0.160000000000002,-1.47,-0.59277187078898));
#37660=VERTEX_POINT('',#37650);
#37670=EDGE_CURVE('',#37410,#37660,#37640,.T.);
#37680=ORIENTED_EDGE('',*,*,#37670,.F.);
#37690=CARTESIAN_POINT('',(0.160000000000002,-1.65,-0.59277187078898));
#37700=DIRECTION('',(-1.83649404852124E-48,1.,0.));
#37710=VECTOR('',#37700,1.);
#37720=LINE('',#37690,#37710);
#37730=EDGE_CURVE('',#35150,#37660,#37720,.T.);
#37740=ORIENTED_EDGE('',*,*,#37730,.T.);
#37750=ORIENTED_EDGE('',*,*,#35160,.T.);
#37760=EDGE_LOOP('',(#37750,#37740,#37680,#37590));
#37770=FACE_OUTER_BOUND('',#37760,.T.);
#37780=ADVANCED_FACE('',(#37770),#37580,.F.);
#37790=CARTESIAN_POINT('',(1.83186799063151E-15,-1.65,-0.8699));
#37800=DIRECTION('',(-1.83649404852124E-48,1.,0.));
#37810=DIRECTION('',(-1.,1.83649404852124E-48,0.));
#37820=AXIS2_PLACEMENT_3D('',#37790,#37800,#37810);
#37830=CYLINDRICAL_SURFACE('',#37820,0.32);
#37840=ORIENTED_EDGE('',*,*,#37730,.F.);
#37850=CARTESIAN_POINT('',(1.83186799063151E-15,-1.31,-0.8699));
#37860=DIRECTION('',(-0.707106781186548,-0.707106781186548,0.));
#37870=DIRECTION('',(0.707106781186548,-0.707106781186548,0.));
#37880=AXIS2_PLACEMENT_3D('',#37850,#37860,#37870);
#37890=ELLIPSE('',#37880,0.45254833995939,0.32);
#37900=CARTESIAN_POINT('',(0.0600000000000018,-1.37,-0.555575327089966))
;
#37910=VERTEX_POINT('',#37900);
#37920=EDGE_CURVE('',#37660,#37910,#37890,.T.);
#37930=ORIENTED_EDGE('',*,*,#37920,.F.);
#37940=CARTESIAN_POINT('',(1.88737914186277E-15,-1.37,-0.8699));
#37950=DIRECTION('',(1.83649404852124E-48,-1.,0.));
#37960=DIRECTION('',(-1.,1.83649404852124E-48,0.));
#37970=AXIS2_PLACEMENT_3D('',#37940,#37950,#37960);
#37980=CIRCLE('',#37970,0.32);
#37990=EDGE_CURVE('',#37910,#36410,#37980,.T.);
#38000=ORIENTED_EDGE('',*,*,#37990,.F.);
#38010=ORIENTED_EDGE('',*,*,#36420,.F.);
#38020=CARTESIAN_POINT('',(-0.159999999999998,-1.65,-0.59277187078898));
#38030=DIRECTION('',(-1.83649404852124E-48,1.,0.));
#38040=VECTOR('',#38030,1.);
#38050=LINE('',#38020,#38040);
#38060=EDGE_CURVE('',#35400,#36320,#38050,.T.);
#38070=ORIENTED_EDGE('',*,*,#38060,.T.);
#38080=ORIENTED_EDGE('',*,*,#35410,.T.);
#38090=EDGE_LOOP('',(#38080,#38070,#38010,#38000,#37930,#37840));
#38100=FACE_OUTER_BOUND('',#38090,.T.);
#38110=ADVANCED_FACE('',(#38100),#37830,.F.);
#38120=CARTESIAN_POINT('',(-0.134999999999998,-1.65,-0.636073140978202))
;
#38130=DIRECTION('',(1.83649404852124E-48,-1.,0.));
#38140=DIRECTION('',(1.,-1.83649404852124E-48,0.));
#38150=AXIS2_PLACEMENT_3D('',#38120,#38130,#38140);
#38160=CYLINDRICAL_SURFACE('',#38150,0.05);
#38170=ORIENTED_EDGE('',*,*,#38060,.F.);
#38180=ORIENTED_EDGE('',*,*,#36330,.F.);
#38190=ORIENTED_EDGE('',*,*,#35820,.T.);
#38200=ORIENTED_EDGE('',*,*,#35640,.F.);
#38210=EDGE_LOOP('',(#38200,#38190,#38180,#38170));
#38220=FACE_OUTER_BOUND('',#38210,.T.);
#38230=ADVANCED_FACE('',(#38220),#38160,.F.);
#38240=CARTESIAN_POINT('',(0.20351967245654,-1.37,-1.9489085388168));
#38250=DIRECTION('',(1.83649404852124E-48,1.,0.));
#38260=DIRECTION('',(1.,-1.83649404852124E-48,0.));
#38270=AXIS2_PLACEMENT_3D('',#38240,#38250,#38260);
#38280=PLANE('',#38270);
#38290=ORIENTED_EDGE('',*,*,#37990,.T.);
#38300=CARTESIAN_POINT('',(0.0600000000000018,-1.37,-1.9489085388168));
#38310=DIRECTION('',(0.,0.,1.));
#38320=VECTOR('',#38310,1.);
#38330=LINE('',#38300,#38320);
#38340=EDGE_CURVE('',#36830,#37910,#38330,.T.);
#38350=ORIENTED_EDGE('',*,*,#38340,.T.);
#38360=ORIENTED_EDGE('',*,*,#36840,.T.);
#38370=ORIENTED_EDGE('',*,*,#36480,.T.);
#38380=EDGE_LOOP('',(#38370,#38360,#38350,#38290));
#38390=FACE_OUTER_BOUND('',#38380,.T.);
#38400=ADVANCED_FACE('',(#38390),#38280,.F.);
#38410=CARTESIAN_POINT('',(0.122500000000002,-1.4325,-0.91745));
#38420=DIRECTION('',(-0.707106781186548,-0.707106781186548,0.));
#38430=DIRECTION('',(0.707106781186547,-0.707106781186547,0.));
#38440=AXIS2_PLACEMENT_3D('',#38410,#38420,#38430);
#38450=PLANE('',#38440);
#38460=ORIENTED_EDGE('',*,*,#37920,.T.);
#38470=ORIENTED_EDGE('',*,*,#37670,.T.);
#38480=ORIENTED_EDGE('',*,*,#37420,.T.);
#38490=ORIENTED_EDGE('',*,*,#37180,.T.);
#38500=ORIENTED_EDGE('',*,*,#36930,.T.);
#38510=ORIENTED_EDGE('',*,*,#38340,.F.);
#38520=EDGE_LOOP('',(#38510,#38500,#38490,#38480,#38470,#38460));
#38530=FACE_OUTER_BOUND('',#38520,.T.);
#38540=ADVANCED_FACE('',(#38530),#38450,.T.);
#38550=CARTESIAN_POINT('',(0.122500000000001,-1.4325,-2.85255));
#38560=DIRECTION('',(0.707106781186547,0.707106781186548,0.));
#38570=DIRECTION('',(0.707106781186548,-0.707106781186547,0.));
#38580=AXIS2_PLACEMENT_3D('',#38550,#38560,#38570);
#38590=PLANE('',#38580);
#38600=CARTESIAN_POINT('',(0.0600000000000014,-1.37,-1.8210914611832));
#38610=DIRECTION('',(0.,0.,-1.));
#38620=VECTOR('',#38610,1.);
#38630=LINE('',#38600,#38620);
#38640=CARTESIAN_POINT('',(0.0600000000000014,-1.37,-2.49067532708997));
#38650=VERTEX_POINT('',#38640);
#38660=CARTESIAN_POINT('',(0.0600000000000014,-1.37,-3.21442467291003));
#38670=VERTEX_POINT('',#38660);
#38680=EDGE_CURVE('',#38650,#38670,#38630,.T.);
#38690=ORIENTED_EDGE('',*,*,#38680,.T.);
#38700=CARTESIAN_POINT('',(1.38777878078145E-15,-1.31,-2.805));
#38710=DIRECTION('',(0.707106781186547,0.707106781186548,0.));
#38720=DIRECTION('',(0.707106781186548,-0.707106781186547,0.));
#38730=AXIS2_PLACEMENT_3D('',#38700,#38710,#38720);
#38740=ELLIPSE('',#38730,0.45254833995939,0.32);
#38750=CARTESIAN_POINT('',(0.160000000000002,-1.47,-2.52787187078898));
#38760=VERTEX_POINT('',#38750);
#38770=EDGE_CURVE('',#38650,#38760,#38740,.T.);
#38780=ORIENTED_EDGE('',*,*,#38770,.F.);
#38790=CARTESIAN_POINT('',(0.135000000000002,-1.445,-2.5711731409782));
#38800=DIRECTION('',(0.707106781186547,0.707106781186548,0.));
#38810=DIRECTION('',(0.707106781186548,-0.707106781186547,0.));
#38820=AXIS2_PLACEMENT_3D('',#38790,#38800,#38810);
#38830=ELLIPSE('',#38820,0.0707106781186548,0.05);
#38840=CARTESIAN_POINT('',(0.185000000000001,-1.495,-2.5711731409782));
#38850=VERTEX_POINT('',#38840);
#38860=EDGE_CURVE('',#38760,#38850,#38830,.T.);
#38870=ORIENTED_EDGE('',*,*,#38860,.F.);
#38880=CARTESIAN_POINT('',(0.185000000000001,-1.495,-1.8210914611832));
#38890=DIRECTION('',(0.,0.,-1.));
#38900=VECTOR('',#38890,1.);
#38910=LINE('',#38880,#38900);
#38920=CARTESIAN_POINT('',(0.185000000000002,-1.495,-3.1339268590218));
#38930=VERTEX_POINT('',#38920);
#38940=EDGE_CURVE('',#38850,#38930,#38910,.T.);
#38950=ORIENTED_EDGE('',*,*,#38940,.F.);
#38960=CARTESIAN_POINT('',(0.135000000000002,-1.445,-3.1339268590218));
#38970=DIRECTION('',(0.707106781186547,0.707106781186548,0.));
#38980=DIRECTION('',(0.707106781186548,-0.707106781186547,0.));
#38990=AXIS2_PLACEMENT_3D('',#38960,#38970,#38980);
#39000=ELLIPSE('',#38990,0.0707106781186548,0.05);
#39010=CARTESIAN_POINT('',(0.160000000000002,-1.47,-3.17722812921102));
#39020=VERTEX_POINT('',#39010);
#39030=EDGE_CURVE('',#38930,#39020,#39000,.T.);
#39040=ORIENTED_EDGE('',*,*,#39030,.F.);
#39050=CARTESIAN_POINT('',(1.38777878078145E-15,-1.31,-2.9001));
#39060=DIRECTION('',(0.707106781186547,0.707106781186548,0.));
#39070=DIRECTION('',(0.707106781186548,-0.707106781186547,0.));
#39080=AXIS2_PLACEMENT_3D('',#39050,#39060,#39070);
#39090=ELLIPSE('',#39080,0.45254833995939,0.32);
#39100=EDGE_CURVE('',#39020,#38670,#39090,.T.);
#39110=ORIENTED_EDGE('',*,*,#39100,.F.);
#39120=EDGE_LOOP('',(#39110,#39040,#38950,#38870,#38780,#38690));
#39130=FACE_OUTER_BOUND('',#39120,.T.);
#39140=ADVANCED_FACE('',(#39130),#38590,.F.);
#39150=CARTESIAN_POINT('',(1.4432899320127E-15,-1.65,-2.9001));
#39160=DIRECTION('',(-1.22460635382238E-16,1.,0.));
#39170=DIRECTION('',(-1.,-1.22460635382238E-16,0.));
#39180=AXIS2_PLACEMENT_3D('',#39150,#39160,#39170);
#39190=CYLINDRICAL_SURFACE('',#39180,0.32);
#39200=CARTESIAN_POINT('',(1.4432899320127E-15,-1.6,-2.9001));
#39210=DIRECTION('',(-1.22460635382238E-16,1.,0.));
#39220=DIRECTION('',(1.,1.22460635382238E-16,0.));
#39230=AXIS2_PLACEMENT_3D('',#39200,#39210,#39220);
#39240=CIRCLE('',#39230,0.32);
#39250=CARTESIAN_POINT('',(0.160000000000002,-1.6,-3.17722812921102));
#39260=VERTEX_POINT('',#39250);
#39270=CARTESIAN_POINT('',(-0.159999999999999,-1.6,-3.17722812921102));
#39280=VERTEX_POINT('',#39270);
#39290=EDGE_CURVE('',#39260,#39280,#39240,.T.);
#39300=ORIENTED_EDGE('',*,*,#39290,.F.);
#39310=CARTESIAN_POINT('',(-0.159999999999999,-1.65,-3.17722812921102));
#39320=DIRECTION('',(-1.22460635382238E-16,1.,0.));
#39330=VECTOR('',#39320,1.);
#39340=LINE('',#39310,#39330);
#39350=CARTESIAN_POINT('',(-0.159999999999999,-1.47,-3.17722812921102));
#39360=VERTEX_POINT('',#39350);
#39370=EDGE_CURVE('',#39280,#39360,#39340,.T.);
#39380=ORIENTED_EDGE('',*,*,#39370,.F.);
#39390=CARTESIAN_POINT('',(1.4432899320127E-15,-1.31,-2.9001));
#39400=DIRECTION('',(-0.707106781186548,0.707106781186547,0.));
#39410=DIRECTION('',(-0.707106781186547,-0.707106781186548,0.));
#39420=AXIS2_PLACEMENT_3D('',#39390,#39400,#39410);
#39430=ELLIPSE('',#39420,0.45254833995939,0.32);
#39440=CARTESIAN_POINT('',(-0.0599999999999986,-1.37,-3.21442467291003))
;
#39450=VERTEX_POINT('',#39440);
#39460=EDGE_CURVE('',#39450,#39360,#39430,.T.);
#39470=ORIENTED_EDGE('',*,*,#39460,.T.);
#39480=CARTESIAN_POINT('',(1.4432899320127E-15,-1.37,-2.9001));
#39490=DIRECTION('',(-1.22460635382238E-16,1.,0.));
#39500=DIRECTION('',(-1.,-1.22460635382238E-16,0.));
#39510=AXIS2_PLACEMENT_3D('',#39480,#39490,#39500);
#39520=CIRCLE('',#39510,0.32);
#39530=EDGE_CURVE('',#38670,#39450,#39520,.T.);
#39540=ORIENTED_EDGE('',*,*,#39530,.T.);
#39550=ORIENTED_EDGE('',*,*,#39100,.T.);
#39560=CARTESIAN_POINT('',(0.160000000000002,-1.65,-3.17722812921102));
#39570=DIRECTION('',(-1.22460635382238E-16,1.,0.));
#39580=VECTOR('',#39570,1.);
#39590=LINE('',#39560,#39580);
#39600=EDGE_CURVE('',#39260,#39020,#39590,.T.);
#39610=ORIENTED_EDGE('',*,*,#39600,.T.);
#39620=EDGE_LOOP('',(#39610,#39550,#39540,#39470,#39380,#39300));
#39630=FACE_OUTER_BOUND('',#39620,.T.);
#39640=ADVANCED_FACE('',(#39630),#39190,.F.);
#39650=CARTESIAN_POINT('',(-0.122499999999999,-1.4325,-2.85255));
#39660=DIRECTION('',(-0.707106781186548,0.707106781186547,0.));
#39670=DIRECTION('',(-0.707106781186547,-0.707106781186548,0.));
#39680=AXIS2_PLACEMENT_3D('',#39650,#39660,#39670);
#39690=PLANE('',#39680);
#39700=CARTESIAN_POINT('',(-0.0599999999999986,-1.37,-1.8210914611832));
#39710=DIRECTION('',(0.,0.,1.));
#39720=VECTOR('',#39710,1.);
#39730=LINE('',#39700,#39720);
#39740=CARTESIAN_POINT('',(-0.0599999999999986,-1.37,-2.49067532708997))
;
#39750=VERTEX_POINT('',#39740);
#39760=EDGE_CURVE('',#39450,#39750,#39730,.T.);
#39770=ORIENTED_EDGE('',*,*,#39760,.T.);
#39780=ORIENTED_EDGE('',*,*,#39460,.F.);
#39790=CARTESIAN_POINT('',(-0.134999999999999,-1.445,-3.1339268590218));
#39800=DIRECTION('',(-0.707106781186548,0.707106781186547,0.));
#39810=DIRECTION('',(-0.707106781186547,-0.707106781186548,0.));
#39820=AXIS2_PLACEMENT_3D('',#39790,#39800,#39810);
#39830=ELLIPSE('',#39820,0.0707106781186548,0.05);
#39840=CARTESIAN_POINT('',(-0.184999999999999,-1.495,-3.1339268590218));
#39850=VERTEX_POINT('',#39840);
#39860=EDGE_CURVE('',#39360,#39850,#39830,.T.);
#39870=ORIENTED_EDGE('',*,*,#39860,.F.);
#39880=CARTESIAN_POINT('',(-0.184999999999999,-1.495,-1.8210914611832));
#39890=DIRECTION('',(0.,0.,1.));
#39900=VECTOR('',#39890,1.);
#39910=LINE('',#39880,#39900);
#39920=CARTESIAN_POINT('',(-0.184999999999999,-1.495,-2.5711731409782));
#39930=VERTEX_POINT('',#39920);
#39940=EDGE_CURVE('',#39850,#39930,#39910,.T.);
#39950=ORIENTED_EDGE('',*,*,#39940,.F.);
#39960=CARTESIAN_POINT('',(-0.134999999999999,-1.445,-2.5711731409782));
#39970=DIRECTION('',(-0.707106781186548,0.707106781186547,0.));
#39980=DIRECTION('',(-0.707106781186547,-0.707106781186548,0.));
#39990=AXIS2_PLACEMENT_3D('',#39960,#39970,#39980);
#40000=ELLIPSE('',#39990,0.0707106781186548,0.05);
#40010=CARTESIAN_POINT('',(-0.159999999999999,-1.47,-2.52787187078898));
#40020=VERTEX_POINT('',#40010);
#40030=EDGE_CURVE('',#39930,#40020,#40000,.T.);
#40040=ORIENTED_EDGE('',*,*,#40030,.F.);
#40050=CARTESIAN_POINT('',(1.4432899320127E-15,-1.31,-2.805));
#40060=DIRECTION('',(-0.707106781186548,0.707106781186547,0.));
#40070=DIRECTION('',(-0.707106781186547,-0.707106781186548,0.));
#40080=AXIS2_PLACEMENT_3D('',#40050,#40060,#40070);
#40090=ELLIPSE('',#40080,0.45254833995939,0.32);
#40100=EDGE_CURVE('',#40020,#39750,#40090,.T.);
#40110=ORIENTED_EDGE('',*,*,#40100,.F.);
#40120=EDGE_LOOP('',(#40110,#40040,#39950,#39870,#39780,#39770));
#40130=FACE_OUTER_BOUND('',#40120,.T.);
#40140=ADVANCED_FACE('',(#40130),#39690,.F.);
#40150=CARTESIAN_POINT('',(-0.134999999999999,-1.65,-3.1339268590218));
#40160=DIRECTION('',(1.22460635382238E-16,-1.,0.));
#40170=DIRECTION('',(1.,1.22460635382238E-16,0.));
#40180=AXIS2_PLACEMENT_3D('',#40150,#40160,#40170);
#40190=CYLINDRICAL_SURFACE('',#40180,0.05);
#40200=CARTESIAN_POINT('',(-0.134999999999999,-1.6,-3.1339268590218));
#40210=DIRECTION('',(1.22460635382238E-16,-1.,0.));
#40220=DIRECTION('',(-1.,-1.22460635382238E-16,0.));
#40230=AXIS2_PLACEMENT_3D('',#40200,#40210,#40220);
#40240=CIRCLE('',#40230,0.05);
#40250=CARTESIAN_POINT('',(-0.184999999999984,-1.59999999999997,
-3.1339268590218));
#40260=VERTEX_POINT('',#40250);
#40270=EDGE_CURVE('',#40260,#39280,#40240,.T.);
#40280=ORIENTED_EDGE('',*,*,#40270,.T.);
#40290=CARTESIAN_POINT('',(-0.184999999999999,-1.65,-3.1339268590218));
#40300=DIRECTION('',(-1.22460635382238E-16,1.,0.));
#40310=VECTOR('',#40300,1.);
#40320=LINE('',#40290,#40310);
#40330=EDGE_CURVE('',#40260,#39850,#40320,.T.);
#40340=ORIENTED_EDGE('',*,*,#40330,.F.);
#40350=ORIENTED_EDGE('',*,*,#39860,.T.);
#40360=ORIENTED_EDGE('',*,*,#39370,.T.);
#40370=EDGE_LOOP('',(#40360,#40350,#40340,#40280));
#40380=FACE_OUTER_BOUND('',#40370,.T.);
#40390=ADVANCED_FACE('',(#40380),#40190,.F.);
#40400=CARTESIAN_POINT('',(0.135000000000002,-1.65,-3.1339268590218));
#40410=DIRECTION('',(0.,-1.,0.));
#40420=DIRECTION('',(-1.,1.83649404852124E-48,0.));
#40430=AXIS2_PLACEMENT_3D('',#40400,#40410,#40420);
#40440=CONICAL_SURFACE('',#40430,0.1,0.78539816339745);
#40450=CARTESIAN_POINT('',(0.185000000000002,-1.65,-3.22052939940024));
#40460=DIRECTION('',(-0.353553390593278,0.70710678118655,
0.61237243569579));
#40470=VECTOR('',#40460,1.);
#40480=LINE('',#40450,#40470);
#40490=EDGE_CURVE('',#11320,#39260,#40480,.T.);
#40500=ORIENTED_EDGE('',*,*,#40490,.F.);
#40510=CARTESIAN_POINT('',(0.135000000000002,-1.6,-3.1339268590218));
#40520=DIRECTION('',(-1.22460635382238E-16,1.,0.));
#40530=DIRECTION('',(1.,1.22460635382238E-16,0.));
#40540=AXIS2_PLACEMENT_3D('',#40510,#40520,#40530);
#40550=CIRCLE('',#40540,0.05);
#40560=CARTESIAN_POINT('',(0.185000000000001,-1.6,-3.1339268590218));
#40570=VERTEX_POINT('',#40560);
#40580=EDGE_CURVE('',#40570,#39260,#40550,.T.);
#40590=ORIENTED_EDGE('',*,*,#40580,.T.);
#40600=CARTESIAN_POINT('',(0.185000000000002,-1.6,-3.1339268590218));
#40610=DIRECTION('',(0.707106781186549,-0.707106781186546,0.));
#40620=VECTOR('',#40610,1.);
#40630=LINE('',#40600,#40620);
#40640=EDGE_CURVE('',#40570,#11410,#40630,.T.);
#40650=ORIENTED_EDGE('',*,*,#40640,.F.);
#40660=ORIENTED_EDGE('',*,*,#11420,.T.);
#40670=EDGE_LOOP('',(#40660,#40650,#40590,#40500));
#40680=FACE_OUTER_BOUND('',#40670,.T.);
#40690=ADVANCED_FACE('',(#40680),#40440,.F.);
#40700=CARTESIAN_POINT('',(0.210000000000002,-1.625,-2.85255));
#40710=DIRECTION('',(0.707106781186546,0.707106781186549,-0.));
#40720=DIRECTION('',(-0.707106781186549,0.707106781186546,0.));
#40730=AXIS2_PLACEMENT_3D('',#40700,#40710,#40720);
#40740=PLANE('',#40730);
#40750=ORIENTED_EDGE('',*,*,#40640,.T.);
#40760=CARTESIAN_POINT('',(0.185000000000002,-1.6,-2.85255));
#40770=DIRECTION('',(0.,0.,1.));
#40780=VECTOR('',#40770,1.);
#40790=LINE('',#40760,#40780);
#40800=CARTESIAN_POINT('',(0.185000000000001,-1.6,-2.5711731409782));
#40810=VERTEX_POINT('',#40800);
#40820=EDGE_CURVE('',#40570,#40810,#40790,.T.);
#40830=ORIENTED_EDGE('',*,*,#40820,.F.);
#40840=CARTESIAN_POINT('',(0.235000000000001,-1.65,-2.5711731409782));
#40850=DIRECTION('',(-0.707106781186549,0.707106781186546,0.));
#40860=VECTOR('',#40850,1.);
#40870=LINE('',#40840,#40860);
#40880=EDGE_CURVE('',#11490,#40810,#40870,.T.);
#40890=ORIENTED_EDGE('',*,*,#40880,.T.);
#40900=ORIENTED_EDGE('',*,*,#11500,.T.);
#40910=EDGE_LOOP('',(#40900,#40890,#40830,#40750));
#40920=FACE_OUTER_BOUND('',#40910,.T.);
#40930=ADVANCED_FACE('',(#40920),#40740,.F.);
#40940=CARTESIAN_POINT('',(0.135000000000002,-1.65,-2.5711731409782));
#40950=DIRECTION('',(0.,-1.,0.));
#40960=DIRECTION('',(-1.,1.83649404852124E-48,0.));
#40970=AXIS2_PLACEMENT_3D('',#40940,#40950,#40960);
#40980=CONICAL_SURFACE('',#40970,0.1,0.78539816339745);
#40990=ORIENTED_EDGE('',*,*,#40880,.F.);
#41000=CARTESIAN_POINT('',(0.135000000000002,-1.6,-2.5711731409782));
#41010=DIRECTION('',(1.22460635382238E-16,-1.,0.));
#41020=DIRECTION('',(-1.,-1.22460635382238E-16,0.));
#41030=AXIS2_PLACEMENT_3D('',#41000,#41010,#41020);
#41040=CIRCLE('',#41030,0.05);
#41050=CARTESIAN_POINT('',(0.16,-1.6,-2.52787187078898));
#41060=VERTEX_POINT('',#41050);
#41070=EDGE_CURVE('',#40810,#41060,#41040,.T.);
#41080=ORIENTED_EDGE('',*,*,#41070,.F.);
#41090=CARTESIAN_POINT('',(0.185000000000002,-1.65,-2.48457060059976));
#41100=DIRECTION('',(-0.353553390593273,0.707106781186545,
-0.612372435695798));
#41110=VECTOR('',#41100,1.);
#41120=LINE('',#41090,#41110);
#41130=EDGE_CURVE('',#11580,#41060,#41120,.T.);
#41140=ORIENTED_EDGE('',*,*,#41130,.T.);
#41150=ORIENTED_EDGE('',*,*,#11590,.T.);
#41160=EDGE_LOOP('',(#41150,#41140,#41080,#40990));
#41170=FACE_OUTER_BOUND('',#41160,.T.);
#41180=ADVANCED_FACE('',(#41170),#40980,.F.);
#41190=CARTESIAN_POINT('',(1.4432899320127E-15,-1.65,-2.805));
#41200=DIRECTION('',(0.,-1.,0.));
#41210=DIRECTION('',(-1.,-1.22460635382238E-16,2.81976676914727E-49));
#41220=AXIS2_PLACEMENT_3D('',#41190,#41200,#41210);
#41230=CONICAL_SURFACE('',#41220,0.369999999999999,0.78539816339744);
#41240=ORIENTED_EDGE('',*,*,#41130,.F.);
#41250=CARTESIAN_POINT('',(1.4432899320127E-15,-1.6,-2.805));
#41260=DIRECTION('',(-1.22460635382238E-16,1.,0.));
#41270=DIRECTION('',(1.,1.22460635382238E-16,0.));
#41280=AXIS2_PLACEMENT_3D('',#41250,#41260,#41270);
#41290=CIRCLE('',#41280,0.32);
#41300=CARTESIAN_POINT('',(-0.159999999999999,-1.6,-2.52787187078898));
#41310=VERTEX_POINT('',#41300);
#41320=EDGE_CURVE('',#41310,#41060,#41290,.T.);
#41330=ORIENTED_EDGE('',*,*,#41320,.T.);
#41340=CARTESIAN_POINT('',(-0.159999999999999,-1.6,-2.52787187078898));
#41350=DIRECTION('',(-0.353553390593276,-0.707106781186553,
0.612372435695787));
#41360=VECTOR('',#41350,1.);
#41370=LINE('',#41340,#41360);
#41380=EDGE_CURVE('',#41310,#11670,#41370,.T.);
#41390=ORIENTED_EDGE('',*,*,#41380,.F.);
#41400=ORIENTED_EDGE('',*,*,#11680,.T.);
#41410=EDGE_LOOP('',(#41400,#41390,#41330,#41240));
#41420=FACE_OUTER_BOUND('',#41410,.T.);
#41430=ADVANCED_FACE('',(#41420),#41230,.F.);
#41440=CARTESIAN_POINT('',(-0.134999999999999,-1.65,-2.5711731409782));
#41450=DIRECTION('',(2.77555756156285E-16,-1.,0.));
#41460=DIRECTION('',(-1.,1.83649404852124E-48,0.));
#41470=AXIS2_PLACEMENT_3D('',#41440,#41450,#41460);
#41480=CONICAL_SURFACE('',#41470,0.1,0.785398163397441);
#41490=ORIENTED_EDGE('',*,*,#41380,.T.);
#41500=CARTESIAN_POINT('',(-0.134999999999999,-1.6,-2.5711731409782));
#41510=DIRECTION('',(-1.22460635382238E-16,1.,0.));
#41520=DIRECTION('',(1.,1.22460635382238E-16,0.));
#41530=AXIS2_PLACEMENT_3D('',#41500,#41510,#41520);
#41540=CIRCLE('',#41530,0.05);
#41550=CARTESIAN_POINT('',(-0.184999999999984,-1.59999999999997,
-2.5711731409782));
#41560=VERTEX_POINT('',#41550);
#41570=EDGE_CURVE('',#41560,#41310,#41540,.T.);
#41580=ORIENTED_EDGE('',*,*,#41570,.T.);
#41590=CARTESIAN_POINT('',(-0.234999999999999,-1.65,-2.5711731409782));
#41600=DIRECTION('',(0.707106781186542,0.707106781186553,0.));
#41610=VECTOR('',#41600,1.);
#41620=LINE('',#41590,#41610);
#41630=EDGE_CURVE('',#11760,#41560,#41620,.T.);
#41640=ORIENTED_EDGE('',*,*,#41630,.T.);
#41650=ORIENTED_EDGE('',*,*,#11770,.T.);
#41660=EDGE_LOOP('',(#41650,#41640,#41580,#41490));
#41670=FACE_OUTER_BOUND('',#41660,.T.);
#41680=ADVANCED_FACE('',(#41670),#41480,.F.);
#41690=CARTESIAN_POINT('',(-0.209999999999999,-1.625,-2.85255));
#41700=DIRECTION('',(-0.707106781186549,0.707106781186546,0.));
#41710=DIRECTION('',(0.707106781186546,0.707106781186549,0.));
#41720=AXIS2_PLACEMENT_3D('',#41690,#41700,#41710);
#41730=PLANE('',#41720);
#41740=ORIENTED_EDGE('',*,*,#41630,.F.);
#41750=CARTESIAN_POINT('',(-0.184999999999999,-1.6,-2.85255));
#41760=DIRECTION('',(0.,0.,-1.));
#41770=VECTOR('',#41760,1.);
#41780=LINE('',#41750,#41770);
#41790=EDGE_CURVE('',#41560,#40260,#41780,.T.);
#41800=ORIENTED_EDGE('',*,*,#41790,.F.);
#41810=CARTESIAN_POINT('',(-0.234999999999999,-1.65,-3.1339268590218));
#41820=DIRECTION('',(0.707106781186546,0.707106781186549,0.));
#41830=VECTOR('',#41820,1.);
#41840=LINE('',#41810,#41830);
#41850=EDGE_CURVE('',#11840,#40260,#41840,.T.);
#41860=ORIENTED_EDGE('',*,*,#41850,.T.);
#41870=ORIENTED_EDGE('',*,*,#11850,.T.);
#41880=EDGE_LOOP('',(#41870,#41860,#41800,#41740));
#41890=FACE_OUTER_BOUND('',#41880,.T.);
#41900=ADVANCED_FACE('',(#41890),#41730,.F.);
#41910=CARTESIAN_POINT('',(-0.134999999999999,-1.65,-3.1339268590218));
#41920=DIRECTION('',(2.77555756156285E-16,-1.,0.));
#41930=DIRECTION('',(-1.,1.83649404852124E-48,0.));
#41940=AXIS2_PLACEMENT_3D('',#41910,#41920,#41930);
#41950=CONICAL_SURFACE('',#41940,0.1,0.785398163397441);
#41960=ORIENTED_EDGE('',*,*,#41850,.F.);
#41970=ORIENTED_EDGE('',*,*,#40270,.F.);
#41980=CARTESIAN_POINT('',(-0.159999999999999,-1.6,-3.17722812921102));
#41990=DIRECTION('',(-0.353553390593271,-0.707106781186551,
-0.612372435695791));
#42000=VECTOR('',#41990,1.);
#42010=LINE('',#41980,#42000);
#42020=EDGE_CURVE('',#39280,#11300,#42010,.T.);
#42030=ORIENTED_EDGE('',*,*,#42020,.F.);
#42040=ORIENTED_EDGE('',*,*,#11920,.T.);
#42050=EDGE_LOOP('',(#42040,#42030,#41970,#41960));
#42060=FACE_OUTER_BOUND('',#42050,.T.);
#42070=ADVANCED_FACE('',(#42060),#41950,.F.);
#42080=CARTESIAN_POINT('',(1.4432899320127E-15,-1.65,-2.9001));
#42090=DIRECTION('',(0.,-1.,0.));
#42100=DIRECTION('',(-1.,-1.22460635382238E-16,-9.28785736757038E-49));
#42110=AXIS2_PLACEMENT_3D('',#42080,#42090,#42100);
#42120=CONICAL_SURFACE('',#42110,0.37,0.785398163397444);
#42130=ORIENTED_EDGE('',*,*,#42020,.T.);
#42140=ORIENTED_EDGE('',*,*,#39290,.T.);
#42150=ORIENTED_EDGE('',*,*,#40490,.T.);
#42160=ORIENTED_EDGE('',*,*,#11330,.T.);
#42170=EDGE_LOOP('',(#42160,#42150,#42140,#42130));
#42180=FACE_OUTER_BOUND('',#42170,.T.);
#42190=ADVANCED_FACE('',(#42180),#42120,.F.);
#42200=CARTESIAN_POINT('',(0.135000000000002,-1.65,-3.1339268590218));
#42210=DIRECTION('',(-1.22460635382238E-16,1.,0.));
#42220=DIRECTION('',(-1.,-1.22460635382238E-16,0.));
#42230=AXIS2_PLACEMENT_3D('',#42200,#42210,#42220);
#42240=CYLINDRICAL_SURFACE('',#42230,0.05);
#42250=ORIENTED_EDGE('',*,*,#40580,.F.);
#42260=ORIENTED_EDGE('',*,*,#39600,.F.);
#42270=ORIENTED_EDGE('',*,*,#39030,.T.);
#42280=CARTESIAN_POINT('',(0.185000000000002,-1.65,-3.1339268590218));
#42290=DIRECTION('',(-1.22460635382238E-16,1.,0.));
#42300=VECTOR('',#42290,1.);
#42310=LINE('',#42280,#42300);
#42320=EDGE_CURVE('',#40570,#38930,#42310,.T.);
#42330=ORIENTED_EDGE('',*,*,#42320,.T.);
#42340=EDGE_LOOP('',(#42330,#42270,#42260,#42250));
#42350=FACE_OUTER_BOUND('',#42340,.T.);
#42360=ADVANCED_FACE('',(#42350),#42240,.F.);
#42370=CARTESIAN_POINT('',(0.185000000000002,-1.65,-2.85255));
#42380=DIRECTION('',(1.,1.22460635382238E-16,0.));
#42390=DIRECTION('',(0.,0.,-1.));
#42400=AXIS2_PLACEMENT_3D('',#42370,#42380,#42390);
#42410=PLANE('',#42400);
#42420=ORIENTED_EDGE('',*,*,#40820,.T.);
#42430=ORIENTED_EDGE('',*,*,#42320,.F.);
#42440=ORIENTED_EDGE('',*,*,#38940,.T.);
#42450=CARTESIAN_POINT('',(0.185000000000002,-1.65,-2.5711731409782));
#42460=DIRECTION('',(-1.22460635382238E-16,1.,0.));
#42470=VECTOR('',#42460,1.);
#42480=LINE('',#42450,#42470);
#42490=EDGE_CURVE('',#40810,#38850,#42480,.T.);
#42500=ORIENTED_EDGE('',*,*,#42490,.T.);
#42510=EDGE_LOOP('',(#42500,#42440,#42430,#42420));
#42520=FACE_OUTER_BOUND('',#42510,.T.);
#42530=ADVANCED_FACE('',(#42520),#42410,.F.);
#42540=CARTESIAN_POINT('',(0.135000000000002,-1.65,-2.5711731409782));
#42550=DIRECTION('',(1.22460635382238E-16,-1.,0.));
#42560=DIRECTION('',(-1.,-1.22460635382238E-16,0.));
#42570=AXIS2_PLACEMENT_3D('',#42540,#42550,#42560);
#42580=CYLINDRICAL_SURFACE('',#42570,0.05);
#42590=ORIENTED_EDGE('',*,*,#41070,.T.);
#42600=ORIENTED_EDGE('',*,*,#42490,.F.);
#42610=ORIENTED_EDGE('',*,*,#38860,.T.);
#42620=CARTESIAN_POINT('',(0.160000000000002,-1.65,-2.52787187078898));
#42630=DIRECTION('',(-1.22460635382238E-16,1.,0.));
#42640=VECTOR('',#42630,1.);
#42650=LINE('',#42620,#42640);
#42660=EDGE_CURVE('',#41060,#38760,#42650,.T.);
#42670=ORIENTED_EDGE('',*,*,#42660,.T.);
#42680=EDGE_LOOP('',(#42670,#42610,#42600,#42590));
#42690=FACE_OUTER_BOUND('',#42680,.T.);
#42700=ADVANCED_FACE('',(#42690),#42580,.F.);
#42710=CARTESIAN_POINT('',(1.4432899320127E-15,-1.65,-2.805));
#42720=DIRECTION('',(-1.22460635382238E-16,1.,0.));
#42730=DIRECTION('',(1.,1.22460635382238E-16,0.));
#42740=AXIS2_PLACEMENT_3D('',#42710,#42720,#42730);
#42750=CYLINDRICAL_SURFACE('',#42740,0.32);
#42760=ORIENTED_EDGE('',*,*,#41320,.F.);
#42770=ORIENTED_EDGE('',*,*,#42660,.F.);
#42780=ORIENTED_EDGE('',*,*,#38770,.T.);
#42790=CARTESIAN_POINT('',(1.4432899320127E-15,-1.37,-2.805));
#42800=DIRECTION('',(-1.22460635382238E-16,1.,0.));
#42810=DIRECTION('',(1.,1.22460635382238E-16,0.));
#42820=AXIS2_PLACEMENT_3D('',#42790,#42800,#42810);
#42830=CIRCLE('',#42820,0.32);
#42840=EDGE_CURVE('',#39750,#38650,#42830,.T.);
#42850=ORIENTED_EDGE('',*,*,#42840,.T.);
#42860=ORIENTED_EDGE('',*,*,#40100,.T.);
#42870=CARTESIAN_POINT('',(-0.159999999999999,-1.65,-2.52787187078898));
#42880=DIRECTION('',(-1.22460635382238E-16,1.,0.));
#42890=VECTOR('',#42880,1.);
#42900=LINE('',#42870,#42890);
#42910=EDGE_CURVE('',#41310,#40020,#42900,.T.);
#42920=ORIENTED_EDGE('',*,*,#42910,.T.);
#42930=EDGE_LOOP('',(#42920,#42860,#42850,#42780,#42770,#42760));
#42940=FACE_OUTER_BOUND('',#42930,.T.);
#42950=ADVANCED_FACE('',(#42940),#42750,.F.);
#42960=CARTESIAN_POINT('',(-0.134999999999999,-1.65,-2.5711731409782));
#42970=DIRECTION('',(-1.22460635382238E-16,1.,0.));
#42980=DIRECTION('',(1.,1.22460635382238E-16,0.));
#42990=AXIS2_PLACEMENT_3D('',#42960,#42970,#42980);
#43000=CYLINDRICAL_SURFACE('',#42990,0.05);
#43010=ORIENTED_EDGE('',*,*,#41570,.F.);
#43020=ORIENTED_EDGE('',*,*,#42910,.F.);
#43030=ORIENTED_EDGE('',*,*,#40030,.T.);
#43040=CARTESIAN_POINT('',(-0.184999999999999,-1.65,-2.5711731409782));
#43050=DIRECTION('',(-1.22460635382238E-16,1.,0.));
#43060=VECTOR('',#43050,1.);
#43070=LINE('',#43040,#43060);
#43080=EDGE_CURVE('',#41560,#39930,#43070,.T.);
#43090=ORIENTED_EDGE('',*,*,#43080,.T.);
#43100=EDGE_LOOP('',(#43090,#43030,#43020,#43010));
#43110=FACE_OUTER_BOUND('',#43100,.T.);
#43120=ADVANCED_FACE('',(#43110),#43000,.F.);
#43130=CARTESIAN_POINT('',(-0.184999999999999,-1.65,-2.85255));
#43140=DIRECTION('',(-1.,-1.22460635382238E-16,0.));
#43150=DIRECTION('',(0.,0.,1.));
#43160=AXIS2_PLACEMENT_3D('',#43130,#43140,#43150);
#43170=PLANE('',#43160);
#43180=ORIENTED_EDGE('',*,*,#41790,.T.);
#43190=ORIENTED_EDGE('',*,*,#43080,.F.);
#43200=ORIENTED_EDGE('',*,*,#39940,.T.);
#43210=ORIENTED_EDGE('',*,*,#40330,.T.);
#43220=EDGE_LOOP('',(#43210,#43200,#43190,#43180));
#43230=FACE_OUTER_BOUND('',#43220,.T.);
#43240=ADVANCED_FACE('',(#43230),#43170,.F.);
#43250=CARTESIAN_POINT('',(0.20351967245654,-1.37,-1.8210914611832));
#43260=DIRECTION('',(1.22460635382238E-16,-1.,0.));
#43270=DIRECTION('',(1.,1.22460635382238E-16,0.));
#43280=AXIS2_PLACEMENT_3D('',#43250,#43260,#43270);
#43290=PLANE('',#43280);
#43300=ORIENTED_EDGE('',*,*,#39760,.F.);
#43310=ORIENTED_EDGE('',*,*,#42840,.F.);
#43320=ORIENTED_EDGE('',*,*,#38680,.F.);
#43330=ORIENTED_EDGE('',*,*,#39530,.F.);
#43340=EDGE_LOOP('',(#43330,#43320,#43310,#43300));
#43350=FACE_OUTER_BOUND('',#43340,.T.);
#43360=ADVANCED_FACE('',(#43350),#43290,.T.);
#43370=CARTESIAN_POINT('',(-2.96101731916344,2.8223480408227,
-0.544999999999999));
#43380=DIRECTION('',(0.,0.,-1.));
#43390=DIRECTION('',(1.,1.22460635382238E-16,0.));
#43400=AXIS2_PLACEMENT_3D('',#43370,#43380,#43390);
#43410=PLANE('',#43400);
#43420=CARTESIAN_POINT('',(0.555000000000002,-1.50000000000002,
-0.544999999999999));
#43430=DIRECTION('',(-1.,-1.22460635382238E-16,0.));
#43440=VECTOR('',#43430,1.);
#43450=LINE('',#43420,#43440);
#43460=CARTESIAN_POINT('',(0.555000000000003,-1.50000000000002,
-0.544999999999999));
#43470=VERTEX_POINT('',#43460);
#43480=EDGE_CURVE('',#43470,#27920,#43450,.T.);
#43490=ORIENTED_EDGE('',*,*,#43480,.T.);
#43500=CARTESIAN_POINT('',(0.555000000000002,-1.50000000000002,
-0.544999999999999));
#43510=DIRECTION('',(0.731939010275264,0.681370152881139,0.));
#43520=VECTOR('',#43510,1.);
#43530=LINE('',#43500,#43520);
#43540=CARTESIAN_POINT('',(0.644946914281611,-1.4162674186307,
-0.544999999999999));
#43550=VERTEX_POINT('',#43540);
#43560=EDGE_CURVE('',#43470,#43550,#43530,.T.);
#43570=ORIENTED_EDGE('',*,*,#43560,.F.);
#43580=CARTESIAN_POINT('',(0.620000000000005,-1.38500000000002,
-0.544999999999999));
#43590=DIRECTION('',(0.,0.,-1.));
#43600=DIRECTION('',(1.,1.22460635382238E-16,0.));
#43610=AXIS2_PLACEMENT_3D('',#43580,#43590,#43600);
#43620=CIRCLE('',#43610,0.0399999999999978);
#43630=CARTESIAN_POINT('',(0.660000000000003,-1.38500000000002,
-0.544999999999999));
#43640=VERTEX_POINT('',#43630);
#43650=EDGE_CURVE('',#43640,#43550,#43620,.T.);
#43660=ORIENTED_EDGE('',*,*,#43650,.T.);
#43670=CARTESIAN_POINT('',(0.610000000000003,-1.38500000000002,
-0.544999999999999));
#43680=DIRECTION('',(0.,0.,-1.));
#43690=DIRECTION('',(1.,1.22460635382238E-16,0.));
#43700=AXIS2_PLACEMENT_3D('',#43670,#43680,#43690);
#43710=CIRCLE('',#43700,0.0499999999999995);
#43720=CARTESIAN_POINT('',(0.609870584701063,-1.3350001674835,
-0.544999999999999));
#43730=VERTEX_POINT('',#43720);
#43740=EDGE_CURVE('',#43730,#43640,#43710,.T.);
#43750=ORIENTED_EDGE('',*,*,#43740,.T.);
#43760=CARTESIAN_POINT('',(0.609870584701063,-1.3350001674835,
-0.544999999999999));
#43770=DIRECTION('',(-1.,-1.22460635382238E-16,0.));
#43780=VECTOR('',#43770,1.);
#43790=LINE('',#43760,#43780);
#43800=CARTESIAN_POINT('',(0.598843446820732,-1.3350001674835,
-0.544999999999999));
#43810=VERTEX_POINT('',#43800);
#43820=EDGE_CURVE('',#43730,#43810,#43790,.T.);
#43830=ORIENTED_EDGE('',*,*,#43820,.F.);
#43840=CARTESIAN_POINT('',(0.598843446820732,-1.2350001674835,
-0.544999999999999));
#43850=DIRECTION('',(0.,0.,-1.));
#43860=DIRECTION('',(1.,1.22460635382238E-16,0.));
#43870=AXIS2_PLACEMENT_3D('',#43840,#43850,#43860);
#43880=CIRCLE('',#43870,0.0999999999999996);
#43890=EDGE_CURVE('',#43810,#28020,#43880,.T.);
#43900=ORIENTED_EDGE('',*,*,#43890,.F.);
#43910=ORIENTED_EDGE('',*,*,#28030,.T.);
#43920=EDGE_LOOP('',(#43910,#43900,#43830,#43750,#43660,#43570,#43490));
#43930=FACE_OUTER_BOUND('',#43920,.T.);
#43940=ADVANCED_FACE('',(#43930),#43410,.T.);
#43950=CARTESIAN_POINT('',(0.555000000000002,-1.50000000000002,
-0.424999999999999));
#43960=DIRECTION('',(0.681370152881139,-0.731939010275264,0.));
#43970=DIRECTION('',(0.731939010275264,0.681370152881139,0.));
#43980=AXIS2_PLACEMENT_3D('',#43950,#43960,#43970);
#43990=PLANE('',#43980);
#44000=CARTESIAN_POINT('',(0.644946914281611,-1.4162674186307,
-0.424999999999999));
#44010=DIRECTION('',(0.,0.,-1.));
#44020=VECTOR('',#44010,1.);
#44030=LINE('',#44000,#44020);
#44040=CARTESIAN_POINT('',(0.644946914281611,-1.4162674186307,
-0.424999999999999));
#44050=VERTEX_POINT('',#44040);
#44060=EDGE_CURVE('',#44050,#43550,#44030,.T.);
#44070=ORIENTED_EDGE('',*,*,#44060,.F.);
#44080=ORIENTED_EDGE('',*,*,#43560,.T.);
#44090=CARTESIAN_POINT('',(0.555000000000002,-1.50000000000002,
-0.424999999999999));
#44100=DIRECTION('',(0.,0.,1.));
#44110=VECTOR('',#44100,1.);
#44120=LINE('',#44090,#44110);
#44130=CARTESIAN_POINT('',(0.555000000000003,-1.50000000000002,
-0.424999999999999));
#44140=VERTEX_POINT('',#44130);
#44150=EDGE_CURVE('',#43470,#44140,#44120,.T.);
#44160=ORIENTED_EDGE('',*,*,#44150,.F.);
#44170=CARTESIAN_POINT('',(0.555000000000002,-1.50000000000002,
-0.424999999999999));
#44180=DIRECTION('',(0.731939010275264,0.681370152881139,0.));
#44190=VECTOR('',#44180,1.);
#44200=LINE('',#44170,#44190);
#44210=EDGE_CURVE('',#44140,#44050,#44200,.T.);
#44220=ORIENTED_EDGE('',*,*,#44210,.F.);
#44230=EDGE_LOOP('',(#44220,#44160,#44080,#44070));
#44240=FACE_OUTER_BOUND('',#44230,.T.);
#44250=ADVANCED_FACE('',(#44240),#43990,.T.);
#44260=CARTESIAN_POINT('',(0.620000000000005,-1.38500000000002,
-0.424999999999999));
#44270=DIRECTION('',(0.,0.,-1.));
#44280=DIRECTION('',(1.,1.22460635382238E-16,0.));
#44290=AXIS2_PLACEMENT_3D('',#44260,#44270,#44280);
#44300=CYLINDRICAL_SURFACE('',#44290,0.0399999999999978);
#44310=CARTESIAN_POINT('',(0.660000000000003,-1.38500000000002,
-0.424999999999999));
#44320=DIRECTION('',(0.,0.,-1.));
#44330=VECTOR('',#44320,1.);
#44340=LINE('',#44310,#44330);
#44350=CARTESIAN_POINT('',(0.660000000000003,-1.38500000000002,
-0.424999999999999));
#44360=VERTEX_POINT('',#44350);
#44370=EDGE_CURVE('',#44360,#43640,#44340,.T.);
#44380=ORIENTED_EDGE('',*,*,#44370,.F.);
#44390=ORIENTED_EDGE('',*,*,#43650,.F.);
#44400=ORIENTED_EDGE('',*,*,#44060,.T.);
#44410=CARTESIAN_POINT('',(0.620000000000005,-1.38500000000002,
-0.424999999999999));
#44420=DIRECTION('',(0.,0.,-1.));
#44430=DIRECTION('',(1.,1.22460635382238E-16,0.));
#44440=AXIS2_PLACEMENT_3D('',#44410,#44420,#44430);
#44450=CIRCLE('',#44440,0.0399999999999978);
#44460=EDGE_CURVE('',#44360,#44050,#44450,.T.);
#44470=ORIENTED_EDGE('',*,*,#44460,.T.);
#44480=EDGE_LOOP('',(#44470,#44400,#44390,#44380));
#44490=FACE_OUTER_BOUND('',#44480,.T.);
#44500=ADVANCED_FACE('',(#44490),#44300,.T.);
#44510=CARTESIAN_POINT('',(0.610000000000003,-1.38500000000002,
-0.424999999999999));
#44520=DIRECTION('',(0.,0.,-1.));
#44530=DIRECTION('',(1.,1.22460635382238E-16,0.));
#44540=AXIS2_PLACEMENT_3D('',#44510,#44520,#44530);
#44550=CYLINDRICAL_SURFACE('',#44540,0.0499999999999995);
#44560=CARTESIAN_POINT('',(0.609870584701063,-1.3350001674835,
-0.424999999999999));
#44570=DIRECTION('',(0.,0.,-1.));
#44580=VECTOR('',#44570,1.);
#44590=LINE('',#44560,#44580);
#44600=CARTESIAN_POINT('',(0.609870584701063,-1.3350001674835,
-0.424999999999999));
#44610=VERTEX_POINT('',#44600);
#44620=EDGE_CURVE('',#44610,#43730,#44590,.T.);
#44630=ORIENTED_EDGE('',*,*,#44620,.F.);
#44640=ORIENTED_EDGE('',*,*,#43740,.F.);
#44650=ORIENTED_EDGE('',*,*,#44370,.T.);
#44660=CARTESIAN_POINT('',(0.610000000000003,-1.38500000000002,
-0.424999999999999));
#44670=DIRECTION('',(0.,0.,-1.));
#44680=DIRECTION('',(1.,1.22460635382238E-16,0.));
#44690=AXIS2_PLACEMENT_3D('',#44660,#44670,#44680);
#44700=CIRCLE('',#44690,0.0499999999999995);
#44710=EDGE_CURVE('',#44610,#44360,#44700,.T.);
#44720=ORIENTED_EDGE('',*,*,#44710,.T.);
#44730=EDGE_LOOP('',(#44720,#44650,#44640,#44630));
#44740=FACE_OUTER_BOUND('',#44730,.T.);
#44750=ADVANCED_FACE('',(#44740),#44550,.T.);
#44760=CARTESIAN_POINT('',(0.609870584701063,-1.3350001674835,
-0.424999999999999));
#44770=DIRECTION('',(-1.22460635382238E-16,1.,0.));
#44780=DIRECTION('',(-1.,-1.22460635382238E-16,0.));
#44790=AXIS2_PLACEMENT_3D('',#44760,#44770,#44780);
#44800=PLANE('',#44790);
#44810=CARTESIAN_POINT('',(0.598843446820732,-1.3350001674835,
-0.424999999999999));
#44820=DIRECTION('',(0.,0.,-1.));
#44830=VECTOR('',#44820,1.);
#44840=LINE('',#44810,#44830);
#44850=CARTESIAN_POINT('',(0.598843446820732,-1.3350001674835,
-0.424999999999999));
#44860=VERTEX_POINT('',#44850);
#44870=EDGE_CURVE('',#44860,#43810,#44840,.T.);
#44880=ORIENTED_EDGE('',*,*,#44870,.F.);
#44890=ORIENTED_EDGE('',*,*,#43820,.T.);
#44900=ORIENTED_EDGE('',*,*,#44620,.T.);
#44910=CARTESIAN_POINT('',(0.609870584701063,-1.3350001674835,
-0.424999999999999));
#44920=DIRECTION('',(-1.,-1.22460635382238E-16,0.));
#44930=VECTOR('',#44920,1.);
#44940=LINE('',#44910,#44930);
#44950=EDGE_CURVE('',#44610,#44860,#44940,.T.);
#44960=ORIENTED_EDGE('',*,*,#44950,.F.);
#44970=EDGE_LOOP('',(#44960,#44900,#44890,#44880));
#44980=FACE_OUTER_BOUND('',#44970,.T.);
#44990=ADVANCED_FACE('',(#44980),#44800,.T.);
#45000=CARTESIAN_POINT('',(0.598843446820732,-1.2350001674835,
-0.424999999999999));
#45010=DIRECTION('',(0.,0.,-1.));
#45020=DIRECTION('',(1.,1.22460635382238E-16,0.));
#45030=AXIS2_PLACEMENT_3D('',#45000,#45010,#45020);
#45040=CYLINDRICAL_SURFACE('',#45030,0.0999999999999996);
#45050=ORIENTED_EDGE('',*,*,#43890,.T.);
#45060=ORIENTED_EDGE('',*,*,#44870,.T.);
#45070=CARTESIAN_POINT('',(0.598843446820732,-1.2350001674835,
-0.424999999999999));
#45080=DIRECTION('',(0.,0.,-1.));
#45090=DIRECTION('',(1.,1.22460635382238E-16,0.));
#45100=AXIS2_PLACEMENT_3D('',#45070,#45080,#45090);
#45110=CIRCLE('',#45100,0.0999999999999996);
#45120=EDGE_CURVE('',#44860,#28100,#45110,.T.);
#45130=ORIENTED_EDGE('',*,*,#45120,.F.);
#45140=ORIENTED_EDGE('',*,*,#28110,.F.);
#45150=EDGE_LOOP('',(#45140,#45130,#45060,#45050));
#45160=FACE_OUTER_BOUND('',#45150,.T.);
#45170=ADVANCED_FACE('',(#45160),#45040,.F.);
#45180=CARTESIAN_POINT('',(0.555000000000002,-1.50000000000002,
-0.424999999999999));
#45190=DIRECTION('',(-1.22460635382238E-16,1.,0.));
#45200=DIRECTION('',(1.,1.22460635382238E-16,0.));
#45210=AXIS2_PLACEMENT_3D('',#45180,#45190,#45200);
#45220=PLANE('',#45210);
#45230=CARTESIAN_POINT('',(0.555000000000002,-1.50000000000002,
-0.424999999999999));
#45240=DIRECTION('',(-1.,-1.22460635382238E-16,0.));
#45250=VECTOR('',#45240,1.);
#45260=LINE('',#45230,#45250);
#45270=EDGE_CURVE('',#44140,#27940,#45260,.T.);
#45280=ORIENTED_EDGE('',*,*,#45270,.T.);
#45290=ORIENTED_EDGE('',*,*,#44150,.T.);
#45300=ORIENTED_EDGE('',*,*,#43480,.F.);
#45310=ORIENTED_EDGE('',*,*,#27950,.F.);
#45320=EDGE_LOOP('',(#45310,#45300,#45290,#45280));
#45330=FACE_OUTER_BOUND('',#45320,.T.);
#45340=ADVANCED_FACE('',(#45330),#45220,.F.);
#45350=CARTESIAN_POINT('',(-2.96101731916344,2.8223480408227,
-0.424999999999999));
#45360=DIRECTION('',(0.,0.,-1.));
#45370=DIRECTION('',(1.,1.22460635382238E-16,0.));
#45380=AXIS2_PLACEMENT_3D('',#45350,#45360,#45370);
#45390=PLANE('',#45380);
#45400=ORIENTED_EDGE('',*,*,#45120,.T.);
#45410=ORIENTED_EDGE('',*,*,#44950,.T.);
#45420=ORIENTED_EDGE('',*,*,#44710,.F.);
#45430=ORIENTED_EDGE('',*,*,#44460,.F.);
#45440=ORIENTED_EDGE('',*,*,#44210,.T.);
#45450=ORIENTED_EDGE('',*,*,#45270,.F.);
#45460=ORIENTED_EDGE('',*,*,#28170,.F.);
#45470=EDGE_LOOP('',(#45460,#45450,#45440,#45430,#45420,#45410,#45400));
#45480=FACE_OUTER_BOUND('',#45470,.T.);
#45490=ADVANCED_FACE('',(#45480),#45390,.F.);
#45500=CARTESIAN_POINT('',(-2.96101731916344,3.3223480408227,
-0.424999999999999));
#45510=DIRECTION('',(0.,0.,-1.));
#45520=DIRECTION('',(1.,1.22460635382238E-16,0.));
#45530=AXIS2_PLACEMENT_3D('',#45500,#45510,#45520);
#45540=PLANE('',#45530);
#45550=CARTESIAN_POINT('',(1.39,1.99999999999999,-0.424999999999999));
#45560=DIRECTION('',(-0.719844295420684,-0.694135570584234,0.));
#45570=VECTOR('',#45560,1.);
#45580=LINE('',#45550,#45570);
#45590=CARTESIAN_POINT('',(1.39,1.99999999999999,-0.424999999999999));
#45600=VERTEX_POINT('',#45590);
#45610=EDGE_CURVE('',#45600,#32610,#45580,.T.);
#45620=ORIENTED_EDGE('',*,*,#45610,.T.);
#45630=CARTESIAN_POINT('',(1.64,1.99999999999999,-0.424999999999999));
#45640=DIRECTION('',(-1.,-1.22460635382238E-16,0.));
#45650=VECTOR('',#45640,1.);
#45660=LINE('',#45630,#45650);
#45670=CARTESIAN_POINT('',(1.64,1.99999999999999,-0.424999999999999));
#45680=VERTEX_POINT('',#45670);
#45690=EDGE_CURVE('',#45680,#45600,#45660,.T.);
#45700=ORIENTED_EDGE('',*,*,#45690,.T.);
#45710=CARTESIAN_POINT('',(1.64,1.94999999999999,-0.424999999999999));
#45720=DIRECTION('',(0.,0.,-1.));
#45730=DIRECTION('',(1.,1.22460635382238E-16,0.));
#45740=AXIS2_PLACEMENT_3D('',#45710,#45720,#45730);
#45750=CIRCLE('',#45740,0.05);
#45760=CARTESIAN_POINT('',(1.69,1.94999999999999,-0.424999999999999));
#45770=VERTEX_POINT('',#45760);
#45780=EDGE_CURVE('',#45680,#45770,#45750,.T.);
#45790=ORIENTED_EDGE('',*,*,#45780,.F.);
#45800=CARTESIAN_POINT('',(1.69000000000001,1.86999999999999,
-0.424999999999999));
#45810=DIRECTION('',(-1.22460635382238E-16,1.,0.));
#45820=VECTOR('',#45810,1.);
#45830=LINE('',#45800,#45820);
#45840=CARTESIAN_POINT('',(1.69000000000001,1.86999999999999,
-0.424999999999999));
#45850=VERTEX_POINT('',#45840);
#45860=EDGE_CURVE('',#45850,#45770,#45830,.T.);
#45870=ORIENTED_EDGE('',*,*,#45860,.T.);
#45880=CARTESIAN_POINT('',(1.52,1.86999999999999,-0.424999999999999));
#45890=DIRECTION('',(1.,-6.40826303888332E-15,0.));
#45900=VECTOR('',#45890,1.);
#45910=LINE('',#45880,#45900);
#45920=CARTESIAN_POINT('',(1.52,1.86999999999999,-0.424999999999999));
#45930=VERTEX_POINT('',#45920);
#45940=EDGE_CURVE('',#45930,#45850,#45910,.T.);
#45950=ORIENTED_EDGE('',*,*,#45940,.T.);
#45960=CARTESIAN_POINT('',(1.52,1.81999999999999,-0.424999999999999));
#45970=DIRECTION('',(0.,0.,-1.));
#45980=DIRECTION('',(1.,1.22460635382238E-16,0.));
#45990=AXIS2_PLACEMENT_3D('',#45960,#45970,#45980);
#46000=CIRCLE('',#45990,0.0500000000000009);
#46010=CARTESIAN_POINT('',(1.47497605610578,1.79825501261876,
-0.424999999999999));
#46020=VERTEX_POINT('',#46010);
#46030=EDGE_CURVE('',#46020,#45930,#46000,.T.);
#46040=ORIENTED_EDGE('',*,*,#46030,.T.);
#46050=CARTESIAN_POINT('',(1.49502394389423,1.75674498738121,
-0.424999999999999));
#46060=DIRECTION('',(-0.434899747624548,0.900478877884487,0.));
#46070=VECTOR('',#46060,1.);
#46080=LINE('',#46050,#46070);
#46090=CARTESIAN_POINT('',(1.49502394389423,1.75674498738121,
-0.424999999999999));
#46100=VERTEX_POINT('',#46090);
#46110=EDGE_CURVE('',#46100,#46020,#46080,.T.);
#46120=ORIENTED_EDGE('',*,*,#46110,.T.);
#46130=CARTESIAN_POINT('',(1.45,1.73499999999999,-0.424999999999999));
#46140=DIRECTION('',(0.,0.,-1.));
#46150=DIRECTION('',(1.,1.22460635382238E-16,0.));
#46160=AXIS2_PLACEMENT_3D('',#46130,#46140,#46150);
#46170=CIRCLE('',#46160,0.0499999999999998);
#46180=CARTESIAN_POINT('',(1.45,1.68499999999999,-0.424999999999999));
#46190=VERTEX_POINT('',#46180);
#46200=EDGE_CURVE('',#46100,#46190,#46170,.T.);
#46210=ORIENTED_EDGE('',*,*,#46200,.F.);
#46220=CARTESIAN_POINT('',(1.32,1.68499999999999,-0.424999999999999));
#46230=DIRECTION('',(1.,1.22460635382238E-16,0.));
#46240=VECTOR('',#46230,1.);
#46250=LINE('',#46220,#46240);
#46260=EDGE_CURVE('',#32450,#46190,#46250,.T.);
#46270=ORIENTED_EDGE('',*,*,#46260,.T.);
#46280=ORIENTED_EDGE('',*,*,#32680,.T.);
#46290=EDGE_LOOP('',(#46280,#46270,#46210,#46120,#46040,#45950,#45870,
#45790,#45700,#45620));
#46300=FACE_OUTER_BOUND('',#46290,.T.);
#46310=ADVANCED_FACE('',(#46300),#45540,.F.);
#46320=CARTESIAN_POINT('',(1.39,1.99999999999999,-0.424999999999999));
#46330=DIRECTION('',(-0.694135570584234,0.719844295420684,0.));
#46340=DIRECTION('',(-0.719844295420684,-0.694135570584234,0.));
#46350=AXIS2_PLACEMENT_3D('',#46320,#46330,#46340);
#46360=PLANE('',#46350);
#46370=CARTESIAN_POINT('',(1.39,1.99999999999999,-0.544999999999999));
#46380=DIRECTION('',(-0.719844295420684,-0.694135570584234,0.));
#46390=VECTOR('',#46380,1.);
#46400=LINE('',#46370,#46390);
#46410=CARTESIAN_POINT('',(1.39,1.99999999999999,-0.544999999999999));
#46420=VERTEX_POINT('',#46410);
#46430=EDGE_CURVE('',#46420,#32530,#46400,.T.);
#46440=ORIENTED_EDGE('',*,*,#46430,.T.);
#46450=CARTESIAN_POINT('',(1.39,1.99999999999999,-0.424999999999999));
#46460=DIRECTION('',(0.,0.,-1.));
#46470=VECTOR('',#46460,1.);
#46480=LINE('',#46450,#46470);
#46490=EDGE_CURVE('',#45600,#46420,#46480,.T.);
#46500=ORIENTED_EDGE('',*,*,#46490,.T.);
#46510=ORIENTED_EDGE('',*,*,#45610,.F.);
#46520=ORIENTED_EDGE('',*,*,#32620,.F.);
#46530=EDGE_LOOP('',(#46520,#46510,#46500,#46440));
#46540=FACE_OUTER_BOUND('',#46530,.T.);
#46550=ADVANCED_FACE('',(#46540),#46360,.T.);
#46560=CARTESIAN_POINT('',(-2.96101731916344,3.3223480408227,
-0.544999999999999));
#46570=DIRECTION('',(0.,0.,-1.));
#46580=DIRECTION('',(1.,1.22460635382238E-16,0.));
#46590=AXIS2_PLACEMENT_3D('',#46560,#46570,#46580);
#46600=PLANE('',#46590);
#46610=CARTESIAN_POINT('',(1.32,1.68499999999999,-0.544999999999999));
#46620=DIRECTION('',(1.,1.22460635382238E-16,0.));
#46630=VECTOR('',#46620,1.);
#46640=LINE('',#46610,#46630);
#46650=CARTESIAN_POINT('',(1.45,1.68499999999999,-0.544999999999999));
#46660=VERTEX_POINT('',#46650);
#46670=EDGE_CURVE('',#32430,#46660,#46640,.T.);
#46680=ORIENTED_EDGE('',*,*,#46670,.F.);
#46690=CARTESIAN_POINT('',(1.45,1.73499999999999,-0.544999999999999));
#46700=DIRECTION('',(0.,0.,-1.));
#46710=DIRECTION('',(1.,1.22460635382238E-16,0.));
#46720=AXIS2_PLACEMENT_3D('',#46690,#46700,#46710);
#46730=CIRCLE('',#46720,0.0499999999999998);
#46740=CARTESIAN_POINT('',(1.49502394389423,1.75674498738121,
-0.544999999999999));
#46750=VERTEX_POINT('',#46740);
#46760=EDGE_CURVE('',#46750,#46660,#46730,.T.);
#46770=ORIENTED_EDGE('',*,*,#46760,.T.);
#46780=CARTESIAN_POINT('',(1.49502394389423,1.75674498738121,
-0.544999999999999));
#46790=DIRECTION('',(-0.434899747624548,0.900478877884487,0.));
#46800=VECTOR('',#46790,1.);
#46810=LINE('',#46780,#46800);
#46820=CARTESIAN_POINT('',(1.47497605610578,1.79825501261876,
-0.544999999999999));
#46830=VERTEX_POINT('',#46820);
#46840=EDGE_CURVE('',#46750,#46830,#46810,.T.);
#46850=ORIENTED_EDGE('',*,*,#46840,.F.);
#46860=CARTESIAN_POINT('',(1.52,1.81999999999999,-0.544999999999999));
#46870=DIRECTION('',(0.,0.,-1.));
#46880=DIRECTION('',(1.,1.22460635382238E-16,0.));
#46890=AXIS2_PLACEMENT_3D('',#46860,#46870,#46880);
#46900=CIRCLE('',#46890,0.0500000000000009);
#46910=CARTESIAN_POINT('',(1.52,1.86999999999999,-0.544999999999999));
#46920=VERTEX_POINT('',#46910);
#46930=EDGE_CURVE('',#46830,#46920,#46900,.T.);
#46940=ORIENTED_EDGE('',*,*,#46930,.F.);
#46950=CARTESIAN_POINT('',(1.52,1.86999999999999,-0.544999999999999));
#46960=DIRECTION('',(1.,-6.40826303888332E-15,0.));
#46970=VECTOR('',#46960,1.);
#46980=LINE('',#46950,#46970);
#46990=CARTESIAN_POINT('',(1.69000000000001,1.86999999999999,
-0.544999999999999));
#47000=VERTEX_POINT('',#46990);
#47010=EDGE_CURVE('',#46920,#47000,#46980,.T.);
#47020=ORIENTED_EDGE('',*,*,#47010,.F.);
#47030=CARTESIAN_POINT('',(1.69000000000001,1.86999999999999,
-0.544999999999999));
#47040=DIRECTION('',(-1.22460635382238E-16,1.,0.));
#47050=VECTOR('',#47040,1.);
#47060=LINE('',#47030,#47050);
#47070=CARTESIAN_POINT('',(1.69,1.94999999999999,-0.544999999999999));
#47080=VERTEX_POINT('',#47070);
#47090=EDGE_CURVE('',#47000,#47080,#47060,.T.);
#47100=ORIENTED_EDGE('',*,*,#47090,.F.);
#47110=CARTESIAN_POINT('',(1.64,1.94999999999999,-0.544999999999999));
#47120=DIRECTION('',(0.,0.,-1.));
#47130=DIRECTION('',(1.,1.22460635382238E-16,0.));
#47140=AXIS2_PLACEMENT_3D('',#47110,#47120,#47130);
#47150=CIRCLE('',#47140,0.05);
#47160=CARTESIAN_POINT('',(1.64,1.99999999999999,-0.544999999999999));
#47170=VERTEX_POINT('',#47160);
#47180=EDGE_CURVE('',#47170,#47080,#47150,.T.);
#47190=ORIENTED_EDGE('',*,*,#47180,.T.);
#47200=CARTESIAN_POINT('',(1.64,1.99999999999999,-0.544999999999999));
#47210=DIRECTION('',(-1.,-1.22460635382238E-16,0.));
#47220=VECTOR('',#47210,1.);
#47230=LINE('',#47200,#47220);
#47240=EDGE_CURVE('',#47170,#46420,#47230,.T.);
#47250=ORIENTED_EDGE('',*,*,#47240,.F.);
#47260=ORIENTED_EDGE('',*,*,#46430,.F.);
#47270=ORIENTED_EDGE('',*,*,#32540,.F.);
#47280=EDGE_LOOP('',(#47270,#47260,#47250,#47190,#47100,#47020,#46940,
#46850,#46770,#46680));
#47290=FACE_OUTER_BOUND('',#47280,.T.);
#47300=ADVANCED_FACE('',(#47290),#46600,.T.);
#47310=CARTESIAN_POINT('',(1.32,1.68499999999999,-0.424999999999999));
#47320=DIRECTION('',(1.22460635382238E-16,-1.,0.));
#47330=DIRECTION('',(1.,1.22460635382238E-16,0.));
#47340=AXIS2_PLACEMENT_3D('',#47310,#47320,#47330);
#47350=PLANE('',#47340);
#47360=CARTESIAN_POINT('',(1.45,1.68499999999999,-0.424999999999999));
#47370=DIRECTION('',(0.,0.,-1.));
#47380=VECTOR('',#47370,1.);
#47390=LINE('',#47360,#47380);
#47400=EDGE_CURVE('',#46190,#46660,#47390,.T.);
#47410=ORIENTED_EDGE('',*,*,#47400,.F.);
#47420=ORIENTED_EDGE('',*,*,#46670,.T.);
#47430=ORIENTED_EDGE('',*,*,#32460,.F.);
#47440=ORIENTED_EDGE('',*,*,#46260,.F.);
#47450=EDGE_LOOP('',(#47440,#47430,#47420,#47410));
#47460=FACE_OUTER_BOUND('',#47450,.T.);
#47470=ADVANCED_FACE('',(#47460),#47350,.T.);
#47480=CARTESIAN_POINT('',(1.45,1.73499999999999,-0.424999999999999));
#47490=DIRECTION('',(0.,0.,-1.));
#47500=DIRECTION('',(1.,1.22460635382238E-16,0.));
#47510=AXIS2_PLACEMENT_3D('',#47480,#47490,#47500);
#47520=CYLINDRICAL_SURFACE('',#47510,0.0499999999999998);
#47530=CARTESIAN_POINT('',(1.49502394389423,1.75674498738121,
-0.424999999999999));
#47540=DIRECTION('',(0.,0.,-1.));
#47550=VECTOR('',#47540,1.);
#47560=LINE('',#47530,#47550);
#47570=EDGE_CURVE('',#46100,#46750,#47560,.T.);
#47580=ORIENTED_EDGE('',*,*,#47570,.F.);
#47590=ORIENTED_EDGE('',*,*,#46760,.F.);
#47600=ORIENTED_EDGE('',*,*,#47400,.T.);
#47610=ORIENTED_EDGE('',*,*,#46200,.T.);
#47620=EDGE_LOOP('',(#47610,#47600,#47590,#47580));
#47630=FACE_OUTER_BOUND('',#47620,.T.);
#47640=ADVANCED_FACE('',(#47630),#47520,.T.);
#47650=CARTESIAN_POINT('',(1.49502394389423,1.75674498738121,
-0.424999999999999));
#47660=DIRECTION('',(0.900478877884487,0.434899747624548,-0.));
#47670=DIRECTION('',(-0.434899747624548,0.900478877884487,0.));
#47680=AXIS2_PLACEMENT_3D('',#47650,#47660,#47670);
#47690=PLANE('',#47680);
#47700=CARTESIAN_POINT('',(1.47497605610578,1.79825501261876,
-0.424999999999999));
#47710=DIRECTION('',(0.,0.,-1.));
#47720=VECTOR('',#47710,1.);
#47730=LINE('',#47700,#47720);
#47740=EDGE_CURVE('',#46020,#46830,#47730,.T.);
#47750=ORIENTED_EDGE('',*,*,#47740,.F.);
#47760=ORIENTED_EDGE('',*,*,#46840,.T.);
#47770=ORIENTED_EDGE('',*,*,#47570,.T.);
#47780=ORIENTED_EDGE('',*,*,#46110,.F.);
#47790=EDGE_LOOP('',(#47780,#47770,#47760,#47750));
#47800=FACE_OUTER_BOUND('',#47790,.T.);
#47810=ADVANCED_FACE('',(#47800),#47690,.T.);
#47820=CARTESIAN_POINT('',(1.52,1.81999999999999,-0.424999999999999));
#47830=DIRECTION('',(0.,0.,-1.));
#47840=DIRECTION('',(1.,1.22460635382238E-16,0.));
#47850=AXIS2_PLACEMENT_3D('',#47820,#47830,#47840);
#47860=CYLINDRICAL_SURFACE('',#47850,0.0500000000000009);
#47870=CARTESIAN_POINT('',(1.52,1.86999999999999,-0.424999999999999));
#47880=DIRECTION('',(0.,0.,-1.));
#47890=VECTOR('',#47880,1.);
#47900=LINE('',#47870,#47890);
#47910=EDGE_CURVE('',#45930,#46920,#47900,.T.);
#47920=ORIENTED_EDGE('',*,*,#47910,.F.);
#47930=ORIENTED_EDGE('',*,*,#46930,.T.);
#47940=ORIENTED_EDGE('',*,*,#47740,.T.);
#47950=ORIENTED_EDGE('',*,*,#46030,.F.);
#47960=EDGE_LOOP('',(#47950,#47940,#47930,#47920));
#47970=FACE_OUTER_BOUND('',#47960,.T.);
#47980=ADVANCED_FACE('',(#47970),#47860,.F.);
#47990=CARTESIAN_POINT('',(1.52,1.86999999999999,-0.424999999999999));
#48000=DIRECTION('',(-6.40826303888332E-15,-1.,0.));
#48010=DIRECTION('',(1.,-6.40826303888332E-15,0.));
#48020=AXIS2_PLACEMENT_3D('',#47990,#48000,#48010);
#48030=PLANE('',#48020);
#48040=CARTESIAN_POINT('',(1.69000000000001,1.86999999999999,
-0.424999999999999));
#48050=DIRECTION('',(0.,0.,-1.));
#48060=VECTOR('',#48050,1.);
#48070=LINE('',#48040,#48060);
#48080=EDGE_CURVE('',#45850,#47000,#48070,.T.);
#48090=ORIENTED_EDGE('',*,*,#48080,.F.);
#48100=ORIENTED_EDGE('',*,*,#47010,.T.);
#48110=ORIENTED_EDGE('',*,*,#47910,.T.);
#48120=ORIENTED_EDGE('',*,*,#45940,.F.);
#48130=EDGE_LOOP('',(#48120,#48110,#48100,#48090));
#48140=FACE_OUTER_BOUND('',#48130,.T.);
#48150=ADVANCED_FACE('',(#48140),#48030,.T.);
#48160=CARTESIAN_POINT('',(1.69000000000001,1.86999999999999,
-0.424999999999999));
#48170=DIRECTION('',(1.,1.22460635382238E-16,-0.));
#48180=DIRECTION('',(-1.22460635382238E-16,1.,0.));
#48190=AXIS2_PLACEMENT_3D('',#48160,#48170,#48180);
#48200=PLANE('',#48190);
#48210=CARTESIAN_POINT('',(1.69,1.94999999999999,-0.424999999999999));
#48220=DIRECTION('',(0.,0.,-1.));
#48230=VECTOR('',#48220,1.);
#48240=LINE('',#48210,#48230);
#48250=EDGE_CURVE('',#45770,#47080,#48240,.T.);
#48260=ORIENTED_EDGE('',*,*,#48250,.F.);
#48270=ORIENTED_EDGE('',*,*,#47090,.T.);
#48280=ORIENTED_EDGE('',*,*,#48080,.T.);
#48290=ORIENTED_EDGE('',*,*,#45860,.F.);
#48300=EDGE_LOOP('',(#48290,#48280,#48270,#48260));
#48310=FACE_OUTER_BOUND('',#48300,.T.);
#48320=ADVANCED_FACE('',(#48310),#48200,.T.);
#48330=CARTESIAN_POINT('',(1.64,1.94999999999999,-0.424999999999999));
#48340=DIRECTION('',(0.,0.,-1.));
#48350=DIRECTION('',(1.,1.22460635382238E-16,0.));
#48360=AXIS2_PLACEMENT_3D('',#48330,#48340,#48350);
#48370=CYLINDRICAL_SURFACE('',#48360,0.05);
#48380=CARTESIAN_POINT('',(1.64,1.99999999999999,-0.424999999999999));
#48390=DIRECTION('',(0.,0.,-1.));
#48400=VECTOR('',#48390,1.);
#48410=LINE('',#48380,#48400);
#48420=EDGE_CURVE('',#45680,#47170,#48410,.T.);
#48430=ORIENTED_EDGE('',*,*,#48420,.F.);
#48440=ORIENTED_EDGE('',*,*,#47180,.F.);
#48450=ORIENTED_EDGE('',*,*,#48250,.T.);
#48460=ORIENTED_EDGE('',*,*,#45780,.T.);
#48470=EDGE_LOOP('',(#48460,#48450,#48440,#48430));
#48480=FACE_OUTER_BOUND('',#48470,.T.);
#48490=ADVANCED_FACE('',(#48480),#48370,.T.);
#48500=CARTESIAN_POINT('',(1.64,1.99999999999999,-0.424999999999999));
#48510=DIRECTION('',(-1.22460635382238E-16,1.,0.));
#48520=DIRECTION('',(-1.,-1.22460635382238E-16,0.));
#48530=AXIS2_PLACEMENT_3D('',#48500,#48510,#48520);
#48540=PLANE('',#48530);
#48550=ORIENTED_EDGE('',*,*,#46490,.F.);
#48560=ORIENTED_EDGE('',*,*,#47240,.T.);
#48570=ORIENTED_EDGE('',*,*,#48420,.T.);
#48580=ORIENTED_EDGE('',*,*,#45690,.F.);
#48590=EDGE_LOOP('',(#48580,#48570,#48560,#48550));
#48600=FACE_OUTER_BOUND('',#48590,.T.);
#48610=ADVANCED_FACE('',(#48600),#48540,.T.);
#48620=CARTESIAN_POINT('',(2.96101731916345,2.8223480408227,
-0.944999999999999));
#48630=DIRECTION('',(0.,0.,1.));
#48640=DIRECTION('',(-1.,-1.22460635382238E-16,0.));
#48650=AXIS2_PLACEMENT_3D('',#48620,#48630,#48640);
#48660=PLANE('',#48650);
#48670=CARTESIAN_POINT('',(-0.598843446820725,-1.2350001674835,
-0.944999999999999));
#48680=DIRECTION('',(0.,0.,1.));
#48690=DIRECTION('',(-1.,-1.22460635382238E-16,0.));
#48700=AXIS2_PLACEMENT_3D('',#48670,#48680,#48690);
#48710=CIRCLE('',#48700,0.0999999999999996);
#48720=CARTESIAN_POINT('',(-0.598843446820725,-1.3350001674835,
-0.944999999999999));
#48730=VERTEX_POINT('',#48720);
#48740=EDGE_CURVE('',#48730,#15180,#48710,.T.);
#48750=ORIENTED_EDGE('',*,*,#48740,.T.);
#48760=CARTESIAN_POINT('',(-0.609870584701056,-1.3350001674835,
-0.944999999999999));
#48770=DIRECTION('',(1.,1.22460635382238E-16,0.));
#48780=VECTOR('',#48770,1.);
#48790=LINE('',#48760,#48780);
#48800=CARTESIAN_POINT('',(-0.609870584701056,-1.3350001674835,
-0.944999999999999));
#48810=VERTEX_POINT('',#48800);
#48820=EDGE_CURVE('',#48810,#48730,#48790,.T.);
#48830=ORIENTED_EDGE('',*,*,#48820,.T.);
#48840=CARTESIAN_POINT('',(-0.609999999999996,-1.38500000000002,
-0.944999999999999));
#48850=DIRECTION('',(0.,0.,1.));
#48860=DIRECTION('',(-1.,-1.22460635382238E-16,0.));
#48870=AXIS2_PLACEMENT_3D('',#48840,#48850,#48860);
#48880=CIRCLE('',#48870,0.0499999999999995);
#48890=CARTESIAN_POINT('',(-0.659999999999996,-1.38500000000002,
-0.944999999999999));
#48900=VERTEX_POINT('',#48890);
#48910=EDGE_CURVE('',#48810,#48900,#48880,.T.);
#48920=ORIENTED_EDGE('',*,*,#48910,.F.);
#48930=CARTESIAN_POINT('',(-0.619999999999997,-1.38500000000002,
-0.944999999999999));
#48940=DIRECTION('',(0.,0.,1.));
#48950=DIRECTION('',(-1.,-1.22460635382238E-16,0.));
#48960=AXIS2_PLACEMENT_3D('',#48930,#48940,#48950);
#48970=CIRCLE('',#48960,0.0399999999999978);
#48980=CARTESIAN_POINT('',(-0.644946914281604,-1.41626741863069,
-0.944999999999999));
#48990=VERTEX_POINT('',#48980);
#49000=EDGE_CURVE('',#48900,#48990,#48970,.T.);
#49010=ORIENTED_EDGE('',*,*,#49000,.F.);
#49020=CARTESIAN_POINT('',(-0.554999999999995,-1.50000000000001,
-0.944999999999999));
#49030=DIRECTION('',(-0.731939010275264,0.681370152881139,0.));
#49040=VECTOR('',#49030,1.);
#49050=LINE('',#49020,#49040);
#49060=CARTESIAN_POINT('',(-0.554999999999996,-1.50000000000001,
-0.944999999999999));
#49070=VERTEX_POINT('',#49060);
#49080=EDGE_CURVE('',#49070,#48990,#49050,.T.);
#49090=ORIENTED_EDGE('',*,*,#49080,.T.);
#49100=CARTESIAN_POINT('',(-0.554999999999995,-1.50000000000002,
-0.944999999999999));
#49110=DIRECTION('',(1.,1.22460635382238E-16,0.));
#49120=VECTOR('',#49110,1.);
#49130=LINE('',#49100,#49120);
#49140=EDGE_CURVE('',#49070,#15260,#49130,.T.);
#49150=ORIENTED_EDGE('',*,*,#49140,.F.);
#49160=ORIENTED_EDGE('',*,*,#15270,.F.);
#49170=EDGE_LOOP('',(#49160,#49150,#49090,#49010,#48920,#48830,#48750));
#49180=FACE_OUTER_BOUND('',#49170,.T.);
#49190=ADVANCED_FACE('',(#49180),#48660,.F.);
#49200=CARTESIAN_POINT('',(-0.598843446820725,-1.2350001674835,
-0.944999999999999));
#49210=DIRECTION('',(0.,0.,1.));
#49220=DIRECTION('',(-1.,-1.22460635382238E-16,0.));
#49230=AXIS2_PLACEMENT_3D('',#49200,#49210,#49220);
#49240=CYLINDRICAL_SURFACE('',#49230,0.0999999999999996);
#49250=CARTESIAN_POINT('',(-0.598843446820725,-1.2350001674835,
-0.824999999999999));
#49260=DIRECTION('',(0.,0.,1.));
#49270=DIRECTION('',(-1.,-1.22460635382238E-16,0.));
#49280=AXIS2_PLACEMENT_3D('',#49250,#49260,#49270);
#49290=CIRCLE('',#49280,0.0999999999999996);
#49300=CARTESIAN_POINT('',(-0.598843446820725,-1.3350001674835,
-0.824999999999999));
#49310=VERTEX_POINT('',#49300);
#49320=EDGE_CURVE('',#49310,#15100,#49290,.T.);
#49330=ORIENTED_EDGE('',*,*,#49320,.T.);
#49340=CARTESIAN_POINT('',(-0.598843446820725,-1.3350001674835,
-0.944999999999999));
#49350=DIRECTION('',(0.,0.,1.));
#49360=VECTOR('',#49350,1.);
#49370=LINE('',#49340,#49360);
#49380=EDGE_CURVE('',#48730,#49310,#49370,.T.);
#49390=ORIENTED_EDGE('',*,*,#49380,.T.);
#49400=ORIENTED_EDGE('',*,*,#48740,.F.);
#49410=ORIENTED_EDGE('',*,*,#15190,.F.);
#49420=EDGE_LOOP('',(#49410,#49400,#49390,#49330));
#49430=FACE_OUTER_BOUND('',#49420,.T.);
#49440=ADVANCED_FACE('',(#49430),#49240,.F.);
#49450=CARTESIAN_POINT('',(2.96101731916345,2.8223480408227,
-0.824999999999999));
#49460=DIRECTION('',(0.,0.,1.));
#49470=DIRECTION('',(-1.,-1.22460635382238E-16,0.));
#49480=AXIS2_PLACEMENT_3D('',#49450,#49460,#49470);
#49490=PLANE('',#49480);
#49500=CARTESIAN_POINT('',(-0.554999999999995,-1.50000000000002,
-0.824999999999999));
#49510=DIRECTION('',(1.,1.22460635382238E-16,0.));
#49520=VECTOR('',#49510,1.);
#49530=LINE('',#49500,#49520);
#49540=CARTESIAN_POINT('',(-0.554999999999996,-1.50000000000001,
-0.824999999999999));
#49550=VERTEX_POINT('',#49540);
#49560=EDGE_CURVE('',#49550,#15080,#49530,.T.);
#49570=ORIENTED_EDGE('',*,*,#49560,.T.);
#49580=CARTESIAN_POINT('',(-0.554999999999995,-1.50000000000001,
-0.824999999999999));
#49590=DIRECTION('',(-0.731939010275264,0.681370152881139,0.));
#49600=VECTOR('',#49590,1.);
#49610=LINE('',#49580,#49600);
#49620=CARTESIAN_POINT('',(-0.644946914281604,-1.41626741863069,
-0.824999999999999));
#49630=VERTEX_POINT('',#49620);
#49640=EDGE_CURVE('',#49550,#49630,#49610,.T.);
#49650=ORIENTED_EDGE('',*,*,#49640,.F.);
#49660=CARTESIAN_POINT('',(-0.619999999999997,-1.38500000000002,
-0.824999999999999));
#49670=DIRECTION('',(0.,0.,1.));
#49680=DIRECTION('',(-1.,-1.22460635382238E-16,0.));
#49690=AXIS2_PLACEMENT_3D('',#49660,#49670,#49680);
#49700=CIRCLE('',#49690,0.0399999999999978);
#49710=CARTESIAN_POINT('',(-0.659999999999996,-1.38500000000002,
-0.824999999999999));
#49720=VERTEX_POINT('',#49710);
#49730=EDGE_CURVE('',#49720,#49630,#49700,.T.);
#49740=ORIENTED_EDGE('',*,*,#49730,.T.);
#49750=CARTESIAN_POINT('',(-0.609999999999996,-1.38500000000002,
-0.824999999999999));
#49760=DIRECTION('',(0.,0.,1.));
#49770=DIRECTION('',(-1.,-1.22460635382238E-16,0.));
#49780=AXIS2_PLACEMENT_3D('',#49750,#49760,#49770);
#49790=CIRCLE('',#49780,0.0499999999999995);
#49800=CARTESIAN_POINT('',(-0.609870584701056,-1.3350001674835,
-0.824999999999999));
#49810=VERTEX_POINT('',#49800);
#49820=EDGE_CURVE('',#49810,#49720,#49790,.T.);
#49830=ORIENTED_EDGE('',*,*,#49820,.T.);
#49840=CARTESIAN_POINT('',(-0.609870584701056,-1.3350001674835,
-0.824999999999999));
#49850=DIRECTION('',(1.,1.22460635382238E-16,0.));
#49860=VECTOR('',#49850,1.);
#49870=LINE('',#49840,#49860);
#49880=EDGE_CURVE('',#49810,#49310,#49870,.T.);
#49890=ORIENTED_EDGE('',*,*,#49880,.F.);
#49900=ORIENTED_EDGE('',*,*,#49320,.F.);
#49910=ORIENTED_EDGE('',*,*,#15110,.T.);
#49920=EDGE_LOOP('',(#49910,#49900,#49890,#49830,#49740,#49650,#49570));
#49930=FACE_OUTER_BOUND('',#49920,.T.);
#49940=ADVANCED_FACE('',(#49930),#49490,.T.);
#49950=CARTESIAN_POINT('',(-0.554999999999995,-1.50000000000002,
-0.944999999999999));
#49960=DIRECTION('',(-1.22460635382238E-16,1.,0.));
#49970=DIRECTION('',(-1.,-1.22460635382238E-16,0.));
#49980=AXIS2_PLACEMENT_3D('',#49950,#49960,#49970);
#49990=PLANE('',#49980);
#50000=ORIENTED_EDGE('',*,*,#49140,.T.);
#50010=CARTESIAN_POINT('',(-0.554999999999995,-1.50000000000002,
-0.944999999999999));
#50020=DIRECTION('',(0.,0.,-1.));
#50030=VECTOR('',#50020,1.);
#50040=LINE('',#50010,#50030);
#50050=EDGE_CURVE('',#49550,#49070,#50040,.T.);
#50060=ORIENTED_EDGE('',*,*,#50050,.T.);
#50070=ORIENTED_EDGE('',*,*,#49560,.F.);
#50080=ORIENTED_EDGE('',*,*,#15330,.F.);
#50090=EDGE_LOOP('',(#50080,#50070,#50060,#50000));
#50100=FACE_OUTER_BOUND('',#50090,.T.);
#50110=ADVANCED_FACE('',(#50100),#49990,.F.);
#50120=CARTESIAN_POINT('',(-0.554999999999995,-1.50000000000001,
-0.944999999999999));
#50130=DIRECTION('',(-0.681370152881139,-0.731939010275264,-0.));
#50140=DIRECTION('',(-0.731939010275264,0.681370152881139,0.));
#50150=AXIS2_PLACEMENT_3D('',#50120,#50130,#50140);
#50160=PLANE('',#50150);
#50170=CARTESIAN_POINT('',(-0.644946914281604,-1.41626741863069,
-0.944999999999999));
#50180=DIRECTION('',(0.,0.,1.));
#50190=VECTOR('',#50180,1.);
#50200=LINE('',#50170,#50190);
#50210=EDGE_CURVE('',#48990,#49630,#50200,.T.);
#50220=ORIENTED_EDGE('',*,*,#50210,.F.);
#50230=ORIENTED_EDGE('',*,*,#49640,.T.);
#50240=ORIENTED_EDGE('',*,*,#50050,.F.);
#50250=ORIENTED_EDGE('',*,*,#49080,.F.);
#50260=EDGE_LOOP('',(#50250,#50240,#50230,#50220));
#50270=FACE_OUTER_BOUND('',#50260,.T.);
#50280=ADVANCED_FACE('',(#50270),#50160,.T.);
#50290=CARTESIAN_POINT('',(-0.619999999999997,-1.38500000000002,
-0.944999999999999));
#50300=DIRECTION('',(0.,0.,1.));
#50310=DIRECTION('',(-1.,-1.22460635382238E-16,0.));
#50320=AXIS2_PLACEMENT_3D('',#50290,#50300,#50310);
#50330=CYLINDRICAL_SURFACE('',#50320,0.0399999999999978);
#50340=CARTESIAN_POINT('',(-0.659999999999996,-1.38500000000002,
-0.944999999999999));
#50350=DIRECTION('',(0.,0.,1.));
#50360=VECTOR('',#50350,1.);
#50370=LINE('',#50340,#50360);
#50380=EDGE_CURVE('',#48900,#49720,#50370,.T.);
#50390=ORIENTED_EDGE('',*,*,#50380,.F.);
#50400=ORIENTED_EDGE('',*,*,#49730,.F.);
#50410=ORIENTED_EDGE('',*,*,#50210,.T.);
#50420=ORIENTED_EDGE('',*,*,#49000,.T.);
#50430=EDGE_LOOP('',(#50420,#50410,#50400,#50390));
#50440=FACE_OUTER_BOUND('',#50430,.T.);
#50450=ADVANCED_FACE('',(#50440),#50330,.T.);
#50460=CARTESIAN_POINT('',(-0.609999999999996,-1.38500000000002,
-0.944999999999999));
#50470=DIRECTION('',(0.,0.,1.));
#50480=DIRECTION('',(-1.,-1.22460635382238E-16,0.));
#50490=AXIS2_PLACEMENT_3D('',#50460,#50470,#50480);
#50500=CYLINDRICAL_SURFACE('',#50490,0.0499999999999995);
#50510=CARTESIAN_POINT('',(-0.609870584701056,-1.3350001674835,
-0.944999999999999));
#50520=DIRECTION('',(0.,0.,1.));
#50530=VECTOR('',#50520,1.);
#50540=LINE('',#50510,#50530);
#50550=EDGE_CURVE('',#48810,#49810,#50540,.T.);
#50560=ORIENTED_EDGE('',*,*,#50550,.F.);
#50570=ORIENTED_EDGE('',*,*,#49820,.F.);
#50580=ORIENTED_EDGE('',*,*,#50380,.T.);
#50590=ORIENTED_EDGE('',*,*,#48910,.T.);
#50600=EDGE_LOOP('',(#50590,#50580,#50570,#50560));
#50610=FACE_OUTER_BOUND('',#50600,.T.);
#50620=ADVANCED_FACE('',(#50610),#50500,.T.);
#50630=CARTESIAN_POINT('',(-0.609870584701056,-1.3350001674835,
-0.944999999999999));
#50640=DIRECTION('',(-1.22460635382238E-16,1.,0.));
#50650=DIRECTION('',(1.,1.22460635382238E-16,0.));
#50660=AXIS2_PLACEMENT_3D('',#50630,#50640,#50650);
#50670=PLANE('',#50660);
#50680=ORIENTED_EDGE('',*,*,#49380,.F.);
#50690=ORIENTED_EDGE('',*,*,#49880,.T.);
#50700=ORIENTED_EDGE('',*,*,#50550,.T.);
#50710=ORIENTED_EDGE('',*,*,#48820,.F.);
#50720=EDGE_LOOP('',(#50710,#50700,#50690,#50680));
#50730=FACE_OUTER_BOUND('',#50720,.T.);
#50740=ADVANCED_FACE('',(#50730),#50670,.T.);
#50750=CARTESIAN_POINT('',(2.96101731916345,3.3223480408227,
-0.944999999999999));
#50760=DIRECTION('',(0.,0.,1.));
#50770=DIRECTION('',(-1.,-1.22460635382238E-16,0.));
#50780=AXIS2_PLACEMENT_3D('',#50750,#50760,#50770);
#50790=PLANE('',#50780);
#50800=CARTESIAN_POINT('',(-1.39,1.99999999999999,-0.944999999999999));
#50810=DIRECTION('',(0.719844295420684,-0.694135570584233,0.));
#50820=VECTOR('',#50810,1.);
#50830=LINE('',#50800,#50820);
#50840=CARTESIAN_POINT('',(-1.39,1.99999999999999,-0.944999999999999));
#50850=VERTEX_POINT('',#50840);
#50860=EDGE_CURVE('',#50850,#22730,#50830,.T.);
#50870=ORIENTED_EDGE('',*,*,#50860,.T.);
#50880=CARTESIAN_POINT('',(-1.64,1.99999999999999,-0.944999999999999));
#50890=DIRECTION('',(1.,1.22460635382238E-16,0.));
#50900=VECTOR('',#50890,1.);
#50910=LINE('',#50880,#50900);
#50920=CARTESIAN_POINT('',(-1.64,1.99999999999999,-0.944999999999999));
#50930=VERTEX_POINT('',#50920);
#50940=EDGE_CURVE('',#50930,#50850,#50910,.T.);
#50950=ORIENTED_EDGE('',*,*,#50940,.T.);
#50960=CARTESIAN_POINT('',(-1.64,1.94999999999999,-0.944999999999999));
#50970=DIRECTION('',(0.,0.,1.));
#50980=DIRECTION('',(-1.,-1.22460635382238E-16,0.));
#50990=AXIS2_PLACEMENT_3D('',#50960,#50970,#50980);
#51000=CIRCLE('',#50990,0.05);
#51010=CARTESIAN_POINT('',(-1.69,1.94999999999999,-0.944999999999999));
#51020=VERTEX_POINT('',#51010);
#51030=EDGE_CURVE('',#50930,#51020,#51000,.T.);
#51040=ORIENTED_EDGE('',*,*,#51030,.F.);
#51050=CARTESIAN_POINT('',(-1.69,1.86999999999999,-0.944999999999999));
#51060=DIRECTION('',(-1.22460635382238E-16,1.,0.));
#51070=VECTOR('',#51060,1.);
#51080=LINE('',#51050,#51070);
#51090=CARTESIAN_POINT('',(-1.69,1.86999999999999,-0.944999999999999));
#51100=VERTEX_POINT('',#51090);
#51110=EDGE_CURVE('',#51100,#51020,#51080,.T.);
#51120=ORIENTED_EDGE('',*,*,#51110,.T.);
#51130=CARTESIAN_POINT('',(-1.52,1.86999999999999,-0.944999999999999));
#51140=DIRECTION('',(-1.,-6.6531843096478E-15,0.));
#51150=VECTOR('',#51140,1.);
#51160=LINE('',#51130,#51150);
#51170=CARTESIAN_POINT('',(-1.52,1.86999999999999,-0.944999999999999));
#51180=VERTEX_POINT('',#51170);
#51190=EDGE_CURVE('',#51180,#51100,#51160,.T.);
#51200=ORIENTED_EDGE('',*,*,#51190,.T.);
#51210=CARTESIAN_POINT('',(-1.52,1.81999999999999,-0.944999999999999));
#51220=DIRECTION('',(0.,0.,1.));
#51230=DIRECTION('',(-1.,-1.22460635382238E-16,0.));
#51240=AXIS2_PLACEMENT_3D('',#51210,#51220,#51230);
#51250=CIRCLE('',#51240,0.0500000000000009);
#51260=CARTESIAN_POINT('',(-1.47497605610577,1.79825501261876,
-0.944999999999999));
#51270=VERTEX_POINT('',#51260);
#51280=EDGE_CURVE('',#51270,#51180,#51250,.T.);
#51290=ORIENTED_EDGE('',*,*,#51280,.T.);
#51300=CARTESIAN_POINT('',(-1.49502394389422,1.75674498738121,
-0.944999999999999));
#51310=DIRECTION('',(0.434899747624548,0.900478877884487,0.));
#51320=VECTOR('',#51310,1.);
#51330=LINE('',#51300,#51320);
#51340=CARTESIAN_POINT('',(-1.49502394389422,1.75674498738121,
-0.944999999999999));
#51350=VERTEX_POINT('',#51340);
#51360=EDGE_CURVE('',#51350,#51270,#51330,.T.);
#51370=ORIENTED_EDGE('',*,*,#51360,.T.);
#51380=CARTESIAN_POINT('',(-1.45,1.73499999999999,-0.944999999999999));
#51390=DIRECTION('',(0.,0.,1.));
#51400=DIRECTION('',(-1.,-1.22460635382238E-16,0.));
#51410=AXIS2_PLACEMENT_3D('',#51380,#51390,#51400);
#51420=CIRCLE('',#51410,0.0499999999999998);
#51430=CARTESIAN_POINT('',(-1.45,1.68499999999999,-0.944999999999999));
#51440=VERTEX_POINT('',#51430);
#51450=EDGE_CURVE('',#51350,#51440,#51420,.T.);
#51460=ORIENTED_EDGE('',*,*,#51450,.F.);
#51470=CARTESIAN_POINT('',(-1.32,1.68499999999999,-0.944999999999999));
#51480=DIRECTION('',(-1.,-1.22460635382238E-16,0.));
#51490=VECTOR('',#51480,1.);
#51500=LINE('',#51470,#51490);
#51510=EDGE_CURVE('',#22550,#51440,#51500,.T.);
#51520=ORIENTED_EDGE('',*,*,#51510,.T.);
#51530=ORIENTED_EDGE('',*,*,#22800,.F.);
#51540=EDGE_LOOP('',(#51530,#51520,#51460,#51370,#51290,#51200,#51120,
#51040,#50950,#50870));
#51550=FACE_OUTER_BOUND('',#51540,.T.);
#51560=ADVANCED_FACE('',(#51550),#50790,.F.);
#51570=CARTESIAN_POINT('',(-1.32,1.68499999999999,-0.944999999999999));
#51580=DIRECTION('',(1.22460635382238E-16,-1.,0.));
#51590=DIRECTION('',(-1.,-1.22460635382238E-16,0.));
#51600=AXIS2_PLACEMENT_3D('',#51570,#51580,#51590);
#51610=PLANE('',#51600);
#51620=CARTESIAN_POINT('',(-1.45,1.68499999999999,-0.944999999999999));
#51630=DIRECTION('',(0.,0.,1.));
#51640=VECTOR('',#51630,1.);
#51650=LINE('',#51620,#51640);
#51660=CARTESIAN_POINT('',(-1.45,1.68499999999999,-0.824999999999999));
#51670=VERTEX_POINT('',#51660);
#51680=EDGE_CURVE('',#51440,#51670,#51650,.T.);
#51690=ORIENTED_EDGE('',*,*,#51680,.F.);
#51700=CARTESIAN_POINT('',(-1.32,1.68499999999999,-0.824999999999999));
#51710=DIRECTION('',(-1.,-1.22460635382238E-16,0.));
#51720=VECTOR('',#51710,1.);
#51730=LINE('',#51700,#51720);
#51740=EDGE_CURVE('',#22570,#51670,#51730,.T.);
#51750=ORIENTED_EDGE('',*,*,#51740,.T.);
#51760=ORIENTED_EDGE('',*,*,#22580,.T.);
#51770=ORIENTED_EDGE('',*,*,#51510,.F.);
#51780=EDGE_LOOP('',(#51770,#51760,#51750,#51690));
#51790=FACE_OUTER_BOUND('',#51780,.T.);
#51800=ADVANCED_FACE('',(#51790),#51610,.T.);
#51810=CARTESIAN_POINT('',(2.96101731916345,3.3223480408227,
-0.824999999999999));
#51820=DIRECTION('',(0.,0.,1.));
#51830=DIRECTION('',(-1.,-1.22460635382238E-16,0.));
#51840=AXIS2_PLACEMENT_3D('',#51810,#51820,#51830);
#51850=PLANE('',#51840);
#51860=ORIENTED_EDGE('',*,*,#51740,.F.);
#51870=CARTESIAN_POINT('',(-1.45,1.73499999999999,-0.824999999999999));
#51880=DIRECTION('',(0.,0.,1.));
#51890=DIRECTION('',(-1.,-1.22460635382238E-16,0.));
#51900=AXIS2_PLACEMENT_3D('',#51870,#51880,#51890);
#51910=CIRCLE('',#51900,0.0499999999999998);
#51920=CARTESIAN_POINT('',(-1.49502394389422,1.75674498738121,
-0.824999999999999));
#51930=VERTEX_POINT('',#51920);
#51940=EDGE_CURVE('',#51930,#51670,#51910,.T.);
#51950=ORIENTED_EDGE('',*,*,#51940,.T.);
#51960=CARTESIAN_POINT('',(-1.49502394389422,1.75674498738121,
-0.824999999999999));
#51970=DIRECTION('',(0.434899747624548,0.900478877884487,0.));
#51980=VECTOR('',#51970,1.);
#51990=LINE('',#51960,#51980);
#52000=CARTESIAN_POINT('',(-1.47497605610577,1.79825501261876,
-0.824999999999999));
#52010=VERTEX_POINT('',#52000);
#52020=EDGE_CURVE('',#51930,#52010,#51990,.T.);
#52030=ORIENTED_EDGE('',*,*,#52020,.F.);
#52040=CARTESIAN_POINT('',(-1.52,1.81999999999999,-0.824999999999999));
#52050=DIRECTION('',(0.,0.,1.));
#52060=DIRECTION('',(-1.,-1.22460635382238E-16,0.));
#52070=AXIS2_PLACEMENT_3D('',#52040,#52050,#52060);
#52080=CIRCLE('',#52070,0.0500000000000009);
#52090=CARTESIAN_POINT('',(-1.52,1.86999999999999,-0.824999999999999));
#52100=VERTEX_POINT('',#52090);
#52110=EDGE_CURVE('',#52010,#52100,#52080,.T.);
#52120=ORIENTED_EDGE('',*,*,#52110,.F.);
#52130=CARTESIAN_POINT('',(-1.52,1.86999999999999,-0.824999999999999));
#52140=DIRECTION('',(-1.,-6.6531843096478E-15,0.));
#52150=VECTOR('',#52140,1.);
#52160=LINE('',#52130,#52150);
#52170=CARTESIAN_POINT('',(-1.69,1.86999999999999,-0.824999999999999));
#52180=VERTEX_POINT('',#52170);
#52190=EDGE_CURVE('',#52100,#52180,#52160,.T.);
#52200=ORIENTED_EDGE('',*,*,#52190,.F.);
#52210=CARTESIAN_POINT('',(-1.69,1.86999999999999,-0.824999999999999));
#52220=DIRECTION('',(-1.22460635382238E-16,1.,0.));
#52230=VECTOR('',#52220,1.);
#52240=LINE('',#52210,#52230);
#52250=CARTESIAN_POINT('',(-1.69,1.94999999999999,-0.824999999999999));
#52260=VERTEX_POINT('',#52250);
#52270=EDGE_CURVE('',#52180,#52260,#52240,.T.);
#52280=ORIENTED_EDGE('',*,*,#52270,.F.);
#52290=CARTESIAN_POINT('',(-1.64,1.94999999999999,-0.824999999999999));
#52300=DIRECTION('',(0.,0.,1.));
#52310=DIRECTION('',(-1.,-1.22460635382238E-16,0.));
#52320=AXIS2_PLACEMENT_3D('',#52290,#52300,#52310);
#52330=CIRCLE('',#52320,0.05);
#52340=CARTESIAN_POINT('',(-1.64,1.99999999999999,-0.824999999999999));
#52350=VERTEX_POINT('',#52340);
#52360=EDGE_CURVE('',#52350,#52260,#52330,.T.);
#52370=ORIENTED_EDGE('',*,*,#52360,.T.);
#52380=CARTESIAN_POINT('',(-1.64,1.99999999999999,-0.824999999999999));
#52390=DIRECTION('',(1.,1.22460635382238E-16,0.));
#52400=VECTOR('',#52390,1.);
#52410=LINE('',#52380,#52400);
#52420=CARTESIAN_POINT('',(-1.39,1.99999999999999,-0.824999999999999));
#52430=VERTEX_POINT('',#52420);
#52440=EDGE_CURVE('',#52350,#52430,#52410,.T.);
#52450=ORIENTED_EDGE('',*,*,#52440,.F.);
#52460=CARTESIAN_POINT('',(-1.39,1.99999999999999,-0.824999999999999));
#52470=DIRECTION('',(0.719844295420684,-0.694135570584233,0.));
#52480=VECTOR('',#52470,1.);
#52490=LINE('',#52460,#52480);
#52500=EDGE_CURVE('',#52430,#22650,#52490,.T.);
#52510=ORIENTED_EDGE('',*,*,#52500,.F.);
#52520=ORIENTED_EDGE('',*,*,#22660,.T.);
#52530=EDGE_LOOP('',(#52520,#52510,#52450,#52370,#52280,#52200,#52120,
#52030,#51950,#51860));
#52540=FACE_OUTER_BOUND('',#52530,.T.);
#52550=ADVANCED_FACE('',(#52540),#51850,.T.);
#52560=CARTESIAN_POINT('',(-1.39,1.99999999999999,-0.944999999999999));
#52570=DIRECTION('',(0.694135570584233,0.719844295420684,0.));
#52580=DIRECTION('',(0.719844295420684,-0.694135570584233,0.));
#52590=AXIS2_PLACEMENT_3D('',#52560,#52570,#52580);
#52600=PLANE('',#52590);
#52610=ORIENTED_EDGE('',*,*,#52500,.T.);
#52620=CARTESIAN_POINT('',(-1.39,1.99999999999999,-0.944999999999999));
#52630=DIRECTION('',(0.,0.,1.));
#52640=VECTOR('',#52630,1.);
#52650=LINE('',#52620,#52640);
#52660=EDGE_CURVE('',#50850,#52430,#52650,.T.);
#52670=ORIENTED_EDGE('',*,*,#52660,.T.);
#52680=ORIENTED_EDGE('',*,*,#50860,.F.);
#52690=ORIENTED_EDGE('',*,*,#22740,.T.);
#52700=EDGE_LOOP('',(#52690,#52680,#52670,#52610));
#52710=FACE_OUTER_BOUND('',#52700,.T.);
#52720=ADVANCED_FACE('',(#52710),#52600,.T.);
#52730=CARTESIAN_POINT('',(-1.64,1.99999999999999,-0.944999999999999));
#52740=DIRECTION('',(-1.22460635382238E-16,1.,0.));
#52750=DIRECTION('',(1.,1.22460635382238E-16,0.));
#52760=AXIS2_PLACEMENT_3D('',#52730,#52740,#52750);
#52770=PLANE('',#52760);
#52780=ORIENTED_EDGE('',*,*,#52660,.F.);
#52790=ORIENTED_EDGE('',*,*,#52440,.T.);
#52800=CARTESIAN_POINT('',(-1.64,1.99999999999999,-0.944999999999999));
#52810=DIRECTION('',(0.,0.,1.));
#52820=VECTOR('',#52810,1.);
#52830=LINE('',#52800,#52820);
#52840=EDGE_CURVE('',#50930,#52350,#52830,.T.);
#52850=ORIENTED_EDGE('',*,*,#52840,.T.);
#52860=ORIENTED_EDGE('',*,*,#50940,.F.);
#52870=EDGE_LOOP('',(#52860,#52850,#52790,#52780));
#52880=FACE_OUTER_BOUND('',#52870,.T.);
#52890=ADVANCED_FACE('',(#52880),#52770,.T.);
#52900=CARTESIAN_POINT('',(-1.64,1.94999999999999,-0.944999999999999));
#52910=DIRECTION('',(0.,0.,1.));
#52920=DIRECTION('',(-1.,-1.22460635382238E-16,0.));
#52930=AXIS2_PLACEMENT_3D('',#52900,#52910,#52920);
#52940=CYLINDRICAL_SURFACE('',#52930,0.05);
#52950=ORIENTED_EDGE('',*,*,#52840,.F.);
#52960=ORIENTED_EDGE('',*,*,#52360,.F.);
#52970=CARTESIAN_POINT('',(-1.69,1.94999999999999,-0.944999999999999));
#52980=DIRECTION('',(0.,0.,1.));
#52990=VECTOR('',#52980,1.);
#53000=LINE('',#52970,#52990);
#53010=EDGE_CURVE('',#51020,#52260,#53000,.T.);
#53020=ORIENTED_EDGE('',*,*,#53010,.T.);
#53030=ORIENTED_EDGE('',*,*,#51030,.T.);
#53040=EDGE_LOOP('',(#53030,#53020,#52960,#52950));
#53050=FACE_OUTER_BOUND('',#53040,.T.);
#53060=ADVANCED_FACE('',(#53050),#52940,.T.);
#53070=CARTESIAN_POINT('',(-1.69,1.86999999999999,-0.944999999999999));
#53080=DIRECTION('',(-1.,-1.22460635382238E-16,-0.));
#53090=DIRECTION('',(-1.22460635382238E-16,1.,0.));
#53100=AXIS2_PLACEMENT_3D('',#53070,#53080,#53090);
#53110=PLANE('',#53100);
#53120=ORIENTED_EDGE('',*,*,#53010,.F.);
#53130=ORIENTED_EDGE('',*,*,#52270,.T.);
#53140=CARTESIAN_POINT('',(-1.69,1.86999999999999,-0.944999999999999));
#53150=DIRECTION('',(0.,0.,1.));
#53160=VECTOR('',#53150,1.);
#53170=LINE('',#53140,#53160);
#53180=EDGE_CURVE('',#51100,#52180,#53170,.T.);
#53190=ORIENTED_EDGE('',*,*,#53180,.T.);
#53200=ORIENTED_EDGE('',*,*,#51110,.F.);
#53210=EDGE_LOOP('',(#53200,#53190,#53130,#53120));
#53220=FACE_OUTER_BOUND('',#53210,.T.);
#53230=ADVANCED_FACE('',(#53220),#53110,.T.);
#53240=CARTESIAN_POINT('',(-1.52,1.86999999999999,-0.944999999999999));
#53250=DIRECTION('',(6.6531843096478E-15,-1.,0.));
#53260=DIRECTION('',(-1.,-6.6531843096478E-15,0.));
#53270=AXIS2_PLACEMENT_3D('',#53240,#53250,#53260);
#53280=PLANE('',#53270);
#53290=ORIENTED_EDGE('',*,*,#53180,.F.);
#53300=ORIENTED_EDGE('',*,*,#52190,.T.);
#53310=CARTESIAN_POINT('',(-1.52,1.86999999999999,-0.944999999999999));
#53320=DIRECTION('',(0.,0.,1.));
#53330=VECTOR('',#53320,1.);
#53340=LINE('',#53310,#53330);
#53350=EDGE_CURVE('',#51180,#52100,#53340,.T.);
#53360=ORIENTED_EDGE('',*,*,#53350,.T.);
#53370=ORIENTED_EDGE('',*,*,#51190,.F.);
#53380=EDGE_LOOP('',(#53370,#53360,#53300,#53290));
#53390=FACE_OUTER_BOUND('',#53380,.T.);
#53400=ADVANCED_FACE('',(#53390),#53280,.T.);
#53410=CARTESIAN_POINT('',(-1.52,1.81999999999999,-0.944999999999999));
#53420=DIRECTION('',(0.,0.,1.));
#53430=DIRECTION('',(-1.,-1.22460635382238E-16,0.));
#53440=AXIS2_PLACEMENT_3D('',#53410,#53420,#53430);
#53450=CYLINDRICAL_SURFACE('',#53440,0.0500000000000009);
#53460=ORIENTED_EDGE('',*,*,#53350,.F.);
#53470=ORIENTED_EDGE('',*,*,#52110,.T.);
#53480=CARTESIAN_POINT('',(-1.47497605610577,1.79825501261876,
-0.944999999999999));
#53490=DIRECTION('',(0.,0.,1.));
#53500=VECTOR('',#53490,1.);
#53510=LINE('',#53480,#53500);
#53520=EDGE_CURVE('',#51270,#52010,#53510,.T.);
#53530=ORIENTED_EDGE('',*,*,#53520,.T.);
#53540=ORIENTED_EDGE('',*,*,#51280,.F.);
#53550=EDGE_LOOP('',(#53540,#53530,#53470,#53460));
#53560=FACE_OUTER_BOUND('',#53550,.T.);
#53570=ADVANCED_FACE('',(#53560),#53450,.F.);
#53580=CARTESIAN_POINT('',(-1.49502394389422,1.75674498738121,
-0.944999999999999));
#53590=DIRECTION('',(-0.900478877884487,0.434899747624548,0.));
#53600=DIRECTION('',(0.434899747624548,0.900478877884487,0.));
#53610=AXIS2_PLACEMENT_3D('',#53580,#53590,#53600);
#53620=PLANE('',#53610);
#53630=ORIENTED_EDGE('',*,*,#53520,.F.);
#53640=ORIENTED_EDGE('',*,*,#52020,.T.);
#53650=CARTESIAN_POINT('',(-1.49502394389422,1.75674498738121,
-0.944999999999999));
#53660=DIRECTION('',(0.,0.,1.));
#53670=VECTOR('',#53660,1.);
#53680=LINE('',#53650,#53670);
#53690=EDGE_CURVE('',#51350,#51930,#53680,.T.);
#53700=ORIENTED_EDGE('',*,*,#53690,.T.);
#53710=ORIENTED_EDGE('',*,*,#51360,.F.);
#53720=EDGE_LOOP('',(#53710,#53700,#53640,#53630));
#53730=FACE_OUTER_BOUND('',#53720,.T.);
#53740=ADVANCED_FACE('',(#53730),#53620,.T.);
#53750=CARTESIAN_POINT('',(-1.45,1.73499999999999,-0.944999999999999));
#53760=DIRECTION('',(0.,0.,1.));
#53770=DIRECTION('',(-1.,-1.22460635382238E-16,0.));
#53780=AXIS2_PLACEMENT_3D('',#53750,#53760,#53770);
#53790=CYLINDRICAL_SURFACE('',#53780,0.0499999999999998);
#53800=ORIENTED_EDGE('',*,*,#53690,.F.);
#53810=ORIENTED_EDGE('',*,*,#51940,.F.);
#53820=ORIENTED_EDGE('',*,*,#51680,.T.);
#53830=ORIENTED_EDGE('',*,*,#51450,.T.);
#53840=EDGE_LOOP('',(#53830,#53820,#53810,#53800));
#53850=FACE_OUTER_BOUND('',#53840,.T.);
#53860=ADVANCED_FACE('',(#53850),#53790,.T.);
#53870=CARTESIAN_POINT('',(2.96101731916345,2.8223480408227,-1.745));
#53880=DIRECTION('',(0.,0.,1.));
#53890=DIRECTION('',(-1.,-1.22460635382238E-16,0.));
#53900=AXIS2_PLACEMENT_3D('',#53870,#53880,#53890);
#53910=PLANE('',#53900);
#53920=CARTESIAN_POINT('',(-0.598843446820725,-1.2350001674835,-1.745));
#53930=DIRECTION('',(0.,0.,1.));
#53940=DIRECTION('',(-1.,-1.22460635382238E-16,0.));
#53950=AXIS2_PLACEMENT_3D('',#53920,#53930,#53940);
#53960=CIRCLE('',#53950,0.0999999999999996);
#53970=CARTESIAN_POINT('',(-0.598843446820725,-1.3350001674835,-1.745));
#53980=VERTEX_POINT('',#53970);
#53990=EDGE_CURVE('',#53980,#14840,#53960,.T.);
#54000=ORIENTED_EDGE('',*,*,#53990,.T.);
#54010=CARTESIAN_POINT('',(-0.609870584701056,-1.3350001674835,-1.745));
#54020=DIRECTION('',(1.,1.22460635382238E-16,0.));
#54030=VECTOR('',#54020,1.);
#54040=LINE('',#54010,#54030);
#54050=CARTESIAN_POINT('',(-0.609870584701056,-1.3350001674835,-1.745));
#54060=VERTEX_POINT('',#54050);
#54070=EDGE_CURVE('',#54060,#53980,#54040,.T.);
#54080=ORIENTED_EDGE('',*,*,#54070,.T.);
#54090=CARTESIAN_POINT('',(-0.609999999999996,-1.38500000000002,-1.745))
;
#54100=DIRECTION('',(0.,0.,1.));
#54110=DIRECTION('',(-1.,-1.22460635382238E-16,0.));
#54120=AXIS2_PLACEMENT_3D('',#54090,#54100,#54110);
#54130=CIRCLE('',#54120,0.0499999999999995);
#54140=CARTESIAN_POINT('',(-0.659999999999996,-1.38500000000002,-1.745))
;
#54150=VERTEX_POINT('',#54140);
#54160=EDGE_CURVE('',#54060,#54150,#54130,.T.);
#54170=ORIENTED_EDGE('',*,*,#54160,.F.);
#54180=CARTESIAN_POINT('',(-0.619999999999997,-1.38500000000002,-1.745))
;
#54190=DIRECTION('',(0.,0.,1.));
#54200=DIRECTION('',(-1.,-1.22460635382238E-16,0.));
#54210=AXIS2_PLACEMENT_3D('',#54180,#54190,#54200);
#54220=CIRCLE('',#54210,0.0399999999999978);
#54230=CARTESIAN_POINT('',(-0.644946914281604,-1.41626741863069,-1.745))
;
#54240=VERTEX_POINT('',#54230);
#54250=EDGE_CURVE('',#54150,#54240,#54220,.T.);
#54260=ORIENTED_EDGE('',*,*,#54250,.F.);
#54270=CARTESIAN_POINT('',(-0.554999999999995,-1.50000000000001,-1.745))
;
#54280=DIRECTION('',(-0.731939010275264,0.681370152881139,0.));
#54290=VECTOR('',#54280,1.);
#54300=LINE('',#54270,#54290);
#54310=CARTESIAN_POINT('',(-0.554999999999996,-1.50000000000001,-1.745))
;
#54320=VERTEX_POINT('',#54310);
#54330=EDGE_CURVE('',#54320,#54240,#54300,.T.);
#54340=ORIENTED_EDGE('',*,*,#54330,.T.);
#54350=CARTESIAN_POINT('',(-0.554999999999995,-1.50000000000002,-1.745))
;
#54360=DIRECTION('',(1.,1.22460635382238E-16,0.));
#54370=VECTOR('',#54360,1.);
#54380=LINE('',#54350,#54370);
#54390=EDGE_CURVE('',#54320,#14920,#54380,.T.);
#54400=ORIENTED_EDGE('',*,*,#54390,.F.);
#54410=ORIENTED_EDGE('',*,*,#14930,.F.);
#54420=EDGE_LOOP('',(#54410,#54400,#54340,#54260,#54170,#54080,#54000));
#54430=FACE_OUTER_BOUND('',#54420,.T.);
#54440=ADVANCED_FACE('',(#54430),#53910,.F.);
#54450=CARTESIAN_POINT('',(-0.598843446820725,-1.2350001674835,-1.745));
#54460=DIRECTION('',(0.,0.,1.));
#54470=DIRECTION('',(-1.,-1.22460635382238E-16,0.));
#54480=AXIS2_PLACEMENT_3D('',#54450,#54460,#54470);
#54490=CYLINDRICAL_SURFACE('',#54480,0.0999999999999996);
#54500=CARTESIAN_POINT('',(-0.598843446820725,-1.2350001674835,-1.625));
#54510=DIRECTION('',(0.,0.,1.));
#54520=DIRECTION('',(-1.,-1.22460635382238E-16,0.));
#54530=AXIS2_PLACEMENT_3D('',#54500,#54510,#54520);
#54540=CIRCLE('',#54530,0.0999999999999996);
#54550=CARTESIAN_POINT('',(-0.598843446820725,-1.3350001674835,-1.625));
#54560=VERTEX_POINT('',#54550);
#54570=EDGE_CURVE('',#54560,#14760,#54540,.T.);
#54580=ORIENTED_EDGE('',*,*,#54570,.T.);
#54590=CARTESIAN_POINT('',(-0.598843446820725,-1.3350001674835,-1.745));
#54600=DIRECTION('',(0.,0.,1.));
#54610=VECTOR('',#54600,1.);
#54620=LINE('',#54590,#54610);
#54630=EDGE_CURVE('',#53980,#54560,#54620,.T.);
#54640=ORIENTED_EDGE('',*,*,#54630,.T.);
#54650=ORIENTED_EDGE('',*,*,#53990,.F.);
#54660=ORIENTED_EDGE('',*,*,#14850,.F.);
#54670=EDGE_LOOP('',(#54660,#54650,#54640,#54580));
#54680=FACE_OUTER_BOUND('',#54670,.T.);
#54690=ADVANCED_FACE('',(#54680),#54490,.F.);
#54700=CARTESIAN_POINT('',(2.96101731916345,2.8223480408227,-1.625));
#54710=DIRECTION('',(0.,0.,1.));
#54720=DIRECTION('',(-1.,-1.22460635382238E-16,0.));
#54730=AXIS2_PLACEMENT_3D('',#54700,#54710,#54720);
#54740=PLANE('',#54730);
#54750=CARTESIAN_POINT('',(-0.554999999999995,-1.50000000000002,-1.625))
;
#54760=DIRECTION('',(1.,1.22460635382238E-16,0.));
#54770=VECTOR('',#54760,1.);
#54780=LINE('',#54750,#54770);
#54790=CARTESIAN_POINT('',(-0.554999999999996,-1.50000000000001,-1.625))
;
#54800=VERTEX_POINT('',#54790);
#54810=EDGE_CURVE('',#54800,#14740,#54780,.T.);
#54820=ORIENTED_EDGE('',*,*,#54810,.T.);
#54830=CARTESIAN_POINT('',(-0.554999999999995,-1.50000000000001,-1.625))
;
#54840=DIRECTION('',(-0.731939010275264,0.681370152881139,0.));
#54850=VECTOR('',#54840,1.);
#54860=LINE('',#54830,#54850);
#54870=CARTESIAN_POINT('',(-0.644946914281604,-1.41626741863069,-1.625))
;
#54880=VERTEX_POINT('',#54870);
#54890=EDGE_CURVE('',#54800,#54880,#54860,.T.);
#54900=ORIENTED_EDGE('',*,*,#54890,.F.);
#54910=CARTESIAN_POINT('',(-0.619999999999997,-1.38500000000002,-1.625))
;
#54920=DIRECTION('',(0.,0.,1.));
#54930=DIRECTION('',(-1.,-1.22460635382238E-16,0.));
#54940=AXIS2_PLACEMENT_3D('',#54910,#54920,#54930);
#54950=CIRCLE('',#54940,0.0399999999999978);
#54960=CARTESIAN_POINT('',(-0.659999999999996,-1.38500000000002,-1.625))
;
#54970=VERTEX_POINT('',#54960);
#54980=EDGE_CURVE('',#54970,#54880,#54950,.T.);
#54990=ORIENTED_EDGE('',*,*,#54980,.T.);
#55000=CARTESIAN_POINT('',(-0.609999999999996,-1.38500000000002,-1.625))
;
#55010=DIRECTION('',(0.,0.,1.));
#55020=DIRECTION('',(-1.,-1.22460635382238E-16,0.));
#55030=AXIS2_PLACEMENT_3D('',#55000,#55010,#55020);
#55040=CIRCLE('',#55030,0.0499999999999995);
#55050=CARTESIAN_POINT('',(-0.609870584701056,-1.3350001674835,-1.625));
#55060=VERTEX_POINT('',#55050);
#55070=EDGE_CURVE('',#55060,#54970,#55040,.T.);
#55080=ORIENTED_EDGE('',*,*,#55070,.T.);
#55090=CARTESIAN_POINT('',(-0.609870584701056,-1.3350001674835,-1.625));
#55100=DIRECTION('',(1.,1.22460635382238E-16,0.));
#55110=VECTOR('',#55100,1.);
#55120=LINE('',#55090,#55110);
#55130=EDGE_CURVE('',#55060,#54560,#55120,.T.);
#55140=ORIENTED_EDGE('',*,*,#55130,.F.);
#55150=ORIENTED_EDGE('',*,*,#54570,.F.);
#55160=ORIENTED_EDGE('',*,*,#14770,.T.);
#55170=EDGE_LOOP('',(#55160,#55150,#55140,#55080,#54990,#54900,#54820));
#55180=FACE_OUTER_BOUND('',#55170,.T.);
#55190=ADVANCED_FACE('',(#55180),#54740,.T.);
#55200=CARTESIAN_POINT('',(-0.554999999999995,-1.50000000000002,-1.745))
;
#55210=DIRECTION('',(-1.22460635382238E-16,1.,0.));
#55220=DIRECTION('',(-1.,-1.22460635382238E-16,0.));
#55230=AXIS2_PLACEMENT_3D('',#55200,#55210,#55220);
#55240=PLANE('',#55230);
#55250=ORIENTED_EDGE('',*,*,#54390,.T.);
#55260=CARTESIAN_POINT('',(-0.554999999999995,-1.50000000000002,-1.745))
;
#55270=DIRECTION('',(0.,0.,-1.));
#55280=VECTOR('',#55270,1.);
#55290=LINE('',#55260,#55280);
#55300=EDGE_CURVE('',#54800,#54320,#55290,.T.);
#55310=ORIENTED_EDGE('',*,*,#55300,.T.);
#55320=ORIENTED_EDGE('',*,*,#54810,.F.);
#55330=ORIENTED_EDGE('',*,*,#14990,.F.);
#55340=EDGE_LOOP('',(#55330,#55320,#55310,#55250));
#55350=FACE_OUTER_BOUND('',#55340,.T.);
#55360=ADVANCED_FACE('',(#55350),#55240,.F.);
#55370=CARTESIAN_POINT('',(-0.554999999999995,-1.50000000000001,-1.745))
;
#55380=DIRECTION('',(-0.681370152881139,-0.731939010275264,-0.));
#55390=DIRECTION('',(-0.731939010275264,0.681370152881139,0.));
#55400=AXIS2_PLACEMENT_3D('',#55370,#55380,#55390);
#55410=PLANE('',#55400);
#55420=CARTESIAN_POINT('',(-0.644946914281604,-1.41626741863069,-1.745))
;
#55430=DIRECTION('',(0.,0.,1.));
#55440=VECTOR('',#55430,1.);
#55450=LINE('',#55420,#55440);
#55460=EDGE_CURVE('',#54240,#54880,#55450,.T.);
#55470=ORIENTED_EDGE('',*,*,#55460,.F.);
#55480=ORIENTED_EDGE('',*,*,#54890,.T.);
#55490=ORIENTED_EDGE('',*,*,#55300,.F.);
#55500=ORIENTED_EDGE('',*,*,#54330,.F.);
#55510=EDGE_LOOP('',(#55500,#55490,#55480,#55470));
#55520=FACE_OUTER_BOUND('',#55510,.T.);
#55530=ADVANCED_FACE('',(#55520),#55410,.T.);
#55540=CARTESIAN_POINT('',(-0.619999999999997,-1.38500000000002,-1.745))
;
#55550=DIRECTION('',(0.,0.,1.));
#55560=DIRECTION('',(-1.,-1.22460635382238E-16,0.));
#55570=AXIS2_PLACEMENT_3D('',#55540,#55550,#55560);
#55580=CYLINDRICAL_SURFACE('',#55570,0.0399999999999978);
#55590=CARTESIAN_POINT('',(-0.659999999999996,-1.38500000000002,-1.745))
;
#55600=DIRECTION('',(0.,0.,1.));
#55610=VECTOR('',#55600,1.);
#55620=LINE('',#55590,#55610);
#55630=EDGE_CURVE('',#54150,#54970,#55620,.T.);
#55640=ORIENTED_EDGE('',*,*,#55630,.F.);
#55650=ORIENTED_EDGE('',*,*,#54980,.F.);
#55660=ORIENTED_EDGE('',*,*,#55460,.T.);
#55670=ORIENTED_EDGE('',*,*,#54250,.T.);
#55680=EDGE_LOOP('',(#55670,#55660,#55650,#55640));
#55690=FACE_OUTER_BOUND('',#55680,.T.);
#55700=ADVANCED_FACE('',(#55690),#55580,.T.);
#55710=CARTESIAN_POINT('',(-0.609999999999996,-1.38500000000002,-1.745))
;
#55720=DIRECTION('',(0.,0.,1.));
#55730=DIRECTION('',(-1.,-1.22460635382238E-16,0.));
#55740=AXIS2_PLACEMENT_3D('',#55710,#55720,#55730);
#55750=CYLINDRICAL_SURFACE('',#55740,0.0499999999999995);
#55760=CARTESIAN_POINT('',(-0.609870584701056,-1.3350001674835,-1.745));
#55770=DIRECTION('',(0.,0.,1.));
#55780=VECTOR('',#55770,1.);
#55790=LINE('',#55760,#55780);
#55800=EDGE_CURVE('',#54060,#55060,#55790,.T.);
#55810=ORIENTED_EDGE('',*,*,#55800,.F.);
#55820=ORIENTED_EDGE('',*,*,#55070,.F.);
#55830=ORIENTED_EDGE('',*,*,#55630,.T.);
#55840=ORIENTED_EDGE('',*,*,#54160,.T.);
#55850=EDGE_LOOP('',(#55840,#55830,#55820,#55810));
#55860=FACE_OUTER_BOUND('',#55850,.T.);
#55870=ADVANCED_FACE('',(#55860),#55750,.T.);
#55880=CARTESIAN_POINT('',(-0.609870584701056,-1.3350001674835,-1.745));
#55890=DIRECTION('',(-1.22460635382238E-16,1.,0.));
#55900=DIRECTION('',(1.,1.22460635382238E-16,0.));
#55910=AXIS2_PLACEMENT_3D('',#55880,#55890,#55900);
#55920=PLANE('',#55910);
#55930=ORIENTED_EDGE('',*,*,#54630,.F.);
#55940=ORIENTED_EDGE('',*,*,#55130,.T.);
#55950=ORIENTED_EDGE('',*,*,#55800,.T.);
#55960=ORIENTED_EDGE('',*,*,#54070,.F.);
#55970=EDGE_LOOP('',(#55960,#55950,#55940,#55930));
#55980=FACE_OUTER_BOUND('',#55970,.T.);
#55990=ADVANCED_FACE('',(#55980),#55920,.T.);
#56000=CARTESIAN_POINT('',(2.96101731916345,3.3223480408227,-1.625));
#56010=DIRECTION('',(0.,0.,1.));
#56020=DIRECTION('',(-1.,-1.22460635382238E-16,0.));
#56030=AXIS2_PLACEMENT_3D('',#56000,#56010,#56020);
#56040=PLANE('',#56030);
#56050=CARTESIAN_POINT('',(-1.32,1.68499999999999,-1.625));
#56060=DIRECTION('',(-1.,-1.22460635382238E-16,0.));
#56070=VECTOR('',#56060,1.);
#56080=LINE('',#56050,#56070);
#56090=CARTESIAN_POINT('',(-1.45,1.68499999999999,-1.625));
#56100=VERTEX_POINT('',#56090);
#56110=EDGE_CURVE('',#19950,#56100,#56080,.T.);
#56120=ORIENTED_EDGE('',*,*,#56110,.F.);
#56130=CARTESIAN_POINT('',(-1.45,1.73499999999999,-1.625));
#56140=DIRECTION('',(0.,0.,1.));
#56150=DIRECTION('',(-1.,-1.22460635382238E-16,0.));
#56160=AXIS2_PLACEMENT_3D('',#56130,#56140,#56150);
#56170=CIRCLE('',#56160,0.0499999999999998);
#56180=CARTESIAN_POINT('',(-1.49502394389422,1.75674498738121,-1.625));
#56190=VERTEX_POINT('',#56180);
#56200=EDGE_CURVE('',#56190,#56100,#56170,.T.);
#56210=ORIENTED_EDGE('',*,*,#56200,.T.);
#56220=CARTESIAN_POINT('',(-1.49502394389422,1.75674498738121,-1.625));
#56230=DIRECTION('',(0.434899747624548,0.900478877884487,0.));
#56240=VECTOR('',#56230,1.);
#56250=LINE('',#56220,#56240);
#56260=CARTESIAN_POINT('',(-1.47497605610577,1.79825501261876,-1.625));
#56270=VERTEX_POINT('',#56260);
#56280=EDGE_CURVE('',#56190,#56270,#56250,.T.);
#56290=ORIENTED_EDGE('',*,*,#56280,.F.);
#56300=CARTESIAN_POINT('',(-1.52,1.81999999999999,-1.625));
#56310=DIRECTION('',(0.,0.,1.));
#56320=DIRECTION('',(-1.,-1.22460635382238E-16,0.));
#56330=AXIS2_PLACEMENT_3D('',#56300,#56310,#56320);
#56340=CIRCLE('',#56330,0.0500000000000009);
#56350=CARTESIAN_POINT('',(-1.52,1.86999999999999,-1.625));
#56360=VERTEX_POINT('',#56350);
#56370=EDGE_CURVE('',#56270,#56360,#56340,.T.);
#56380=ORIENTED_EDGE('',*,*,#56370,.F.);
#56390=CARTESIAN_POINT('',(-1.52,1.86999999999999,-1.625));
#56400=DIRECTION('',(-1.,-6.6531843096478E-15,0.));
#56410=VECTOR('',#56400,1.);
#56420=LINE('',#56390,#56410);
#56430=CARTESIAN_POINT('',(-1.69,1.86999999999999,-1.625));
#56440=VERTEX_POINT('',#56430);
#56450=EDGE_CURVE('',#56360,#56440,#56420,.T.);
#56460=ORIENTED_EDGE('',*,*,#56450,.F.);
#56470=CARTESIAN_POINT('',(-1.69,1.86999999999999,-1.625));
#56480=DIRECTION('',(-1.22460635382238E-16,1.,0.));
#56490=VECTOR('',#56480,1.);
#56500=LINE('',#56470,#56490);
#56510=CARTESIAN_POINT('',(-1.69,1.94999999999999,-1.625));
#56520=VERTEX_POINT('',#56510);
#56530=EDGE_CURVE('',#56440,#56520,#56500,.T.);
#56540=ORIENTED_EDGE('',*,*,#56530,.F.);
#56550=CARTESIAN_POINT('',(-1.64,1.94999999999999,-1.625));
#56560=DIRECTION('',(0.,0.,1.));
#56570=DIRECTION('',(-1.,-1.22460635382238E-16,0.));
#56580=AXIS2_PLACEMENT_3D('',#56550,#56560,#56570);
#56590=CIRCLE('',#56580,0.05);
#56600=CARTESIAN_POINT('',(-1.64,1.99999999999999,-1.625));
#56610=VERTEX_POINT('',#56600);
#56620=EDGE_CURVE('',#56610,#56520,#56590,.T.);
#56630=ORIENTED_EDGE('',*,*,#56620,.T.);
#56640=CARTESIAN_POINT('',(-1.64,1.99999999999999,-1.625));
#56650=DIRECTION('',(1.,1.22460635382238E-16,0.));
#56660=VECTOR('',#56650,1.);
#56670=LINE('',#56640,#56660);
#56680=CARTESIAN_POINT('',(-1.39,1.99999999999999,-1.625));
#56690=VERTEX_POINT('',#56680);
#56700=EDGE_CURVE('',#56610,#56690,#56670,.T.);
#56710=ORIENTED_EDGE('',*,*,#56700,.F.);
#56720=CARTESIAN_POINT('',(-1.39,1.99999999999999,-1.625));
#56730=DIRECTION('',(0.719844295420684,-0.694135570584233,0.));
#56740=VECTOR('',#56730,1.);
#56750=LINE('',#56720,#56740);
#56760=EDGE_CURVE('',#56690,#19770,#56750,.T.);
#56770=ORIENTED_EDGE('',*,*,#56760,.F.);
#56780=ORIENTED_EDGE('',*,*,#20020,.T.);
#56790=EDGE_LOOP('',(#56780,#56770,#56710,#56630,#56540,#56460,#56380,
#56290,#56210,#56120));
#56800=FACE_OUTER_BOUND('',#56790,.T.);
#56810=ADVANCED_FACE('',(#56800),#56040,.T.);
#56820=CARTESIAN_POINT('',(-1.32,1.68499999999999,-1.745));
#56830=DIRECTION('',(1.22460635382238E-16,-1.,0.));
#56840=DIRECTION('',(-1.,-1.22460635382238E-16,0.));
#56850=AXIS2_PLACEMENT_3D('',#56820,#56830,#56840);
#56860=PLANE('',#56850);
#56870=CARTESIAN_POINT('',(-1.45,1.68499999999999,-1.745));
#56880=DIRECTION('',(0.,0.,1.));
#56890=VECTOR('',#56880,1.);
#56900=LINE('',#56870,#56890);
#56910=CARTESIAN_POINT('',(-1.45,1.68499999999999,-1.745));
#56920=VERTEX_POINT('',#56910);
#56930=EDGE_CURVE('',#56920,#56100,#56900,.T.);
#56940=ORIENTED_EDGE('',*,*,#56930,.F.);
#56950=ORIENTED_EDGE('',*,*,#56110,.T.);
#56960=ORIENTED_EDGE('',*,*,#19960,.T.);
#56970=CARTESIAN_POINT('',(-1.32,1.68499999999999,-1.745));
#56980=DIRECTION('',(-1.,-1.22460635382238E-16,0.));
#56990=VECTOR('',#56980,1.);
#57000=LINE('',#56970,#56990);
#57010=EDGE_CURVE('',#19870,#56920,#57000,.T.);
#57020=ORIENTED_EDGE('',*,*,#57010,.F.);
#57030=EDGE_LOOP('',(#57020,#56960,#56950,#56940));
#57040=FACE_OUTER_BOUND('',#57030,.T.);
#57050=ADVANCED_FACE('',(#57040),#56860,.T.);
#57060=CARTESIAN_POINT('',(2.96101731916345,3.3223480408227,-1.745));
#57070=DIRECTION('',(0.,0.,1.));
#57080=DIRECTION('',(-1.,-1.22460635382238E-16,0.));
#57090=AXIS2_PLACEMENT_3D('',#57060,#57070,#57080);
#57100=PLANE('',#57090);
#57110=CARTESIAN_POINT('',(-1.39,1.99999999999999,-1.745));
#57120=DIRECTION('',(0.719844295420684,-0.694135570584233,0.));
#57130=VECTOR('',#57120,1.);
#57140=LINE('',#57110,#57130);
#57150=CARTESIAN_POINT('',(-1.39,1.99999999999999,-1.745));
#57160=VERTEX_POINT('',#57150);
#57170=EDGE_CURVE('',#57160,#19790,#57140,.T.);
#57180=ORIENTED_EDGE('',*,*,#57170,.T.);
#57190=CARTESIAN_POINT('',(-1.64,1.99999999999999,-1.745));
#57200=DIRECTION('',(1.,1.22460635382238E-16,0.));
#57210=VECTOR('',#57200,1.);
#57220=LINE('',#57190,#57210);
#57230=CARTESIAN_POINT('',(-1.64,1.99999999999999,-1.745));
#57240=VERTEX_POINT('',#57230);
#57250=EDGE_CURVE('',#57240,#57160,#57220,.T.);
#57260=ORIENTED_EDGE('',*,*,#57250,.T.);
#57270=CARTESIAN_POINT('',(-1.64,1.94999999999999,-1.745));
#57280=DIRECTION('',(0.,0.,1.));
#57290=DIRECTION('',(-1.,-1.22460635382238E-16,0.));
#57300=AXIS2_PLACEMENT_3D('',#57270,#57280,#57290);
#57310=CIRCLE('',#57300,0.05);
#57320=CARTESIAN_POINT('',(-1.69,1.94999999999999,-1.745));
#57330=VERTEX_POINT('',#57320);
#57340=EDGE_CURVE('',#57240,#57330,#57310,.T.);
#57350=ORIENTED_EDGE('',*,*,#57340,.F.);
#57360=CARTESIAN_POINT('',(-1.69,1.86999999999999,-1.745));
#57370=DIRECTION('',(-1.22460635382238E-16,1.,0.));
#57380=VECTOR('',#57370,1.);
#57390=LINE('',#57360,#57380);
#57400=CARTESIAN_POINT('',(-1.69,1.86999999999999,-1.745));
#57410=VERTEX_POINT('',#57400);
#57420=EDGE_CURVE('',#57410,#57330,#57390,.T.);
#57430=ORIENTED_EDGE('',*,*,#57420,.T.);
#57440=CARTESIAN_POINT('',(-1.52,1.86999999999999,-1.745));
#57450=DIRECTION('',(-1.,-6.6531843096478E-15,0.));
#57460=VECTOR('',#57450,1.);
#57470=LINE('',#57440,#57460);
#57480=CARTESIAN_POINT('',(-1.52,1.86999999999999,-1.745));
#57490=VERTEX_POINT('',#57480);
#57500=EDGE_CURVE('',#57490,#57410,#57470,.T.);
#57510=ORIENTED_EDGE('',*,*,#57500,.T.);
#57520=CARTESIAN_POINT('',(-1.52,1.81999999999999,-1.745));
#57530=DIRECTION('',(0.,0.,1.));
#57540=DIRECTION('',(-1.,-1.22460635382238E-16,0.));
#57550=AXIS2_PLACEMENT_3D('',#57520,#57530,#57540);
#57560=CIRCLE('',#57550,0.0500000000000009);
#57570=CARTESIAN_POINT('',(-1.47497605610577,1.79825501261876,-1.745));
#57580=VERTEX_POINT('',#57570);
#57590=EDGE_CURVE('',#57580,#57490,#57560,.T.);
#57600=ORIENTED_EDGE('',*,*,#57590,.T.);
#57610=CARTESIAN_POINT('',(-1.49502394389422,1.75674498738121,-1.745));
#57620=DIRECTION('',(0.434899747624548,0.900478877884487,0.));
#57630=VECTOR('',#57620,1.);
#57640=LINE('',#57610,#57630);
#57650=CARTESIAN_POINT('',(-1.49502394389422,1.75674498738121,-1.745));
#57660=VERTEX_POINT('',#57650);
#57670=EDGE_CURVE('',#57660,#57580,#57640,.T.);
#57680=ORIENTED_EDGE('',*,*,#57670,.T.);
#57690=CARTESIAN_POINT('',(-1.45,1.73499999999999,-1.745));
#57700=DIRECTION('',(0.,0.,1.));
#57710=DIRECTION('',(-1.,-1.22460635382238E-16,0.));
#57720=AXIS2_PLACEMENT_3D('',#57690,#57700,#57710);
#57730=CIRCLE('',#57720,0.0499999999999998);
#57740=EDGE_CURVE('',#57660,#56920,#57730,.T.);
#57750=ORIENTED_EDGE('',*,*,#57740,.F.);
#57760=ORIENTED_EDGE('',*,*,#57010,.T.);
#57770=ORIENTED_EDGE('',*,*,#19880,.F.);
#57780=EDGE_LOOP('',(#57770,#57760,#57750,#57680,#57600,#57510,#57430,
#57350,#57260,#57180));
#57790=FACE_OUTER_BOUND('',#57780,.T.);
#57800=ADVANCED_FACE('',(#57790),#57100,.F.);
#57810=CARTESIAN_POINT('',(-1.39,1.99999999999999,-1.745));
#57820=DIRECTION('',(0.694135570584233,0.719844295420684,0.));
#57830=DIRECTION('',(0.719844295420684,-0.694135570584233,0.));
#57840=AXIS2_PLACEMENT_3D('',#57810,#57820,#57830);
#57850=PLANE('',#57840);
#57860=ORIENTED_EDGE('',*,*,#56760,.T.);
#57870=CARTESIAN_POINT('',(-1.39,1.99999999999999,-1.745));
#57880=DIRECTION('',(0.,0.,1.));
#57890=VECTOR('',#57880,1.);
#57900=LINE('',#57870,#57890);
#57910=EDGE_CURVE('',#57160,#56690,#57900,.T.);
#57920=ORIENTED_EDGE('',*,*,#57910,.T.);
#57930=ORIENTED_EDGE('',*,*,#57170,.F.);
#57940=ORIENTED_EDGE('',*,*,#19800,.T.);
#57950=EDGE_LOOP('',(#57940,#57930,#57920,#57860));
#57960=FACE_OUTER_BOUND('',#57950,.T.);
#57970=ADVANCED_FACE('',(#57960),#57850,.T.);
#57980=CARTESIAN_POINT('',(-1.64,1.99999999999999,-1.745));
#57990=DIRECTION('',(-1.22460635382238E-16,1.,0.));
#58000=DIRECTION('',(1.,1.22460635382238E-16,0.));
#58010=AXIS2_PLACEMENT_3D('',#57980,#57990,#58000);
#58020=PLANE('',#58010);
#58030=ORIENTED_EDGE('',*,*,#57910,.F.);
#58040=ORIENTED_EDGE('',*,*,#56700,.T.);
#58050=CARTESIAN_POINT('',(-1.64,1.99999999999999,-1.745));
#58060=DIRECTION('',(0.,0.,1.));
#58070=VECTOR('',#58060,1.);
#58080=LINE('',#58050,#58070);
#58090=EDGE_CURVE('',#57240,#56610,#58080,.T.);
#58100=ORIENTED_EDGE('',*,*,#58090,.T.);
#58110=ORIENTED_EDGE('',*,*,#57250,.F.);
#58120=EDGE_LOOP('',(#58110,#58100,#58040,#58030));
#58130=FACE_OUTER_BOUND('',#58120,.T.);
#58140=ADVANCED_FACE('',(#58130),#58020,.T.);
#58150=CARTESIAN_POINT('',(-1.64,1.94999999999999,-1.745));
#58160=DIRECTION('',(0.,0.,1.));
#58170=DIRECTION('',(-1.,-1.22460635382238E-16,0.));
#58180=AXIS2_PLACEMENT_3D('',#58150,#58160,#58170);
#58190=CYLINDRICAL_SURFACE('',#58180,0.05);
#58200=ORIENTED_EDGE('',*,*,#58090,.F.);
#58210=ORIENTED_EDGE('',*,*,#56620,.F.);
#58220=CARTESIAN_POINT('',(-1.69,1.94999999999999,-1.745));
#58230=DIRECTION('',(0.,0.,1.));
#58240=VECTOR('',#58230,1.);
#58250=LINE('',#58220,#58240);
#58260=EDGE_CURVE('',#57330,#56520,#58250,.T.);
#58270=ORIENTED_EDGE('',*,*,#58260,.T.);
#58280=ORIENTED_EDGE('',*,*,#57340,.T.);
#58290=EDGE_LOOP('',(#58280,#58270,#58210,#58200));
#58300=FACE_OUTER_BOUND('',#58290,.T.);
#58310=ADVANCED_FACE('',(#58300),#58190,.T.);
#58320=CARTESIAN_POINT('',(-1.69,1.86999999999999,-1.745));
#58330=DIRECTION('',(-1.,-1.22460635382238E-16,-0.));
#58340=DIRECTION('',(-1.22460635382238E-16,1.,0.));
#58350=AXIS2_PLACEMENT_3D('',#58320,#58330,#58340);
#58360=PLANE('',#58350);
#58370=ORIENTED_EDGE('',*,*,#58260,.F.);
#58380=ORIENTED_EDGE('',*,*,#56530,.T.);
#58390=CARTESIAN_POINT('',(-1.69,1.86999999999999,-1.745));
#58400=DIRECTION('',(0.,0.,1.));
#58410=VECTOR('',#58400,1.);
#58420=LINE('',#58390,#58410);
#58430=EDGE_CURVE('',#57410,#56440,#58420,.T.);
#58440=ORIENTED_EDGE('',*,*,#58430,.T.);
#58450=ORIENTED_EDGE('',*,*,#57420,.F.);
#58460=EDGE_LOOP('',(#58450,#58440,#58380,#58370));
#58470=FACE_OUTER_BOUND('',#58460,.T.);
#58480=ADVANCED_FACE('',(#58470),#58360,.T.);
#58490=CARTESIAN_POINT('',(-1.52,1.86999999999999,-1.745));
#58500=DIRECTION('',(6.6531843096478E-15,-1.,0.));
#58510=DIRECTION('',(-1.,-6.6531843096478E-15,0.));
#58520=AXIS2_PLACEMENT_3D('',#58490,#58500,#58510);
#58530=PLANE('',#58520);
#58540=ORIENTED_EDGE('',*,*,#58430,.F.);
#58550=ORIENTED_EDGE('',*,*,#56450,.T.);
#58560=CARTESIAN_POINT('',(-1.52,1.86999999999999,-1.745));
#58570=DIRECTION('',(0.,0.,1.));
#58580=VECTOR('',#58570,1.);
#58590=LINE('',#58560,#58580);
#58600=EDGE_CURVE('',#57490,#56360,#58590,.T.);
#58610=ORIENTED_EDGE('',*,*,#58600,.T.);
#58620=ORIENTED_EDGE('',*,*,#57500,.F.);
#58630=EDGE_LOOP('',(#58620,#58610,#58550,#58540));
#58640=FACE_OUTER_BOUND('',#58630,.T.);
#58650=ADVANCED_FACE('',(#58640),#58530,.T.);
#58660=CARTESIAN_POINT('',(-1.52,1.81999999999999,-1.745));
#58670=DIRECTION('',(0.,0.,1.));
#58680=DIRECTION('',(-1.,-1.22460635382238E-16,0.));
#58690=AXIS2_PLACEMENT_3D('',#58660,#58670,#58680);
#58700=CYLINDRICAL_SURFACE('',#58690,0.0500000000000009);
#58710=ORIENTED_EDGE('',*,*,#58600,.F.);
#58720=ORIENTED_EDGE('',*,*,#56370,.T.);
#58730=CARTESIAN_POINT('',(-1.47497605610577,1.79825501261876,-1.745));
#58740=DIRECTION('',(0.,0.,1.));
#58750=VECTOR('',#58740,1.);
#58760=LINE('',#58730,#58750);
#58770=EDGE_CURVE('',#57580,#56270,#58760,.T.);
#58780=ORIENTED_EDGE('',*,*,#58770,.T.);
#58790=ORIENTED_EDGE('',*,*,#57590,.F.);
#58800=EDGE_LOOP('',(#58790,#58780,#58720,#58710));
#58810=FACE_OUTER_BOUND('',#58800,.T.);
#58820=ADVANCED_FACE('',(#58810),#58700,.F.);
#58830=CARTESIAN_POINT('',(-1.49502394389422,1.75674498738121,-1.745));
#58840=DIRECTION('',(-0.900478877884487,0.434899747624548,0.));
#58850=DIRECTION('',(0.434899747624548,0.900478877884487,0.));
#58860=AXIS2_PLACEMENT_3D('',#58830,#58840,#58850);
#58870=PLANE('',#58860);
#58880=ORIENTED_EDGE('',*,*,#58770,.F.);
#58890=ORIENTED_EDGE('',*,*,#56280,.T.);
#58900=CARTESIAN_POINT('',(-1.49502394389422,1.75674498738121,-1.745));
#58910=DIRECTION('',(0.,0.,1.));
#58920=VECTOR('',#58910,1.);
#58930=LINE('',#58900,#58920);
#58940=EDGE_CURVE('',#57660,#56190,#58930,.T.);
#58950=ORIENTED_EDGE('',*,*,#58940,.T.);
#58960=ORIENTED_EDGE('',*,*,#57670,.F.);
#58970=EDGE_LOOP('',(#58960,#58950,#58890,#58880));
#58980=FACE_OUTER_BOUND('',#58970,.T.);
#58990=ADVANCED_FACE('',(#58980),#58870,.T.);
#59000=CARTESIAN_POINT('',(-1.45,1.73499999999999,-1.745));
#59010=DIRECTION('',(0.,0.,1.));
#59020=DIRECTION('',(-1.,-1.22460635382238E-16,0.));
#59030=AXIS2_PLACEMENT_3D('',#59000,#59010,#59020);
#59040=CYLINDRICAL_SURFACE('',#59030,0.0499999999999998);
#59050=ORIENTED_EDGE('',*,*,#58940,.F.);
#59060=ORIENTED_EDGE('',*,*,#56200,.F.);
#59070=ORIENTED_EDGE('',*,*,#56930,.T.);
#59080=ORIENTED_EDGE('',*,*,#57740,.T.);
#59090=EDGE_LOOP('',(#59080,#59070,#59060,#59050));
#59100=FACE_OUTER_BOUND('',#59090,.T.);
#59110=ADVANCED_FACE('',(#59100),#59040,.T.);
#59120=CARTESIAN_POINT('',(2.96101731916345,2.8223480408227,-2.425));
#59130=DIRECTION('',(0.,0.,1.));
#59140=DIRECTION('',(-1.,-1.22460635382238E-16,0.));
#59150=AXIS2_PLACEMENT_3D('',#59120,#59130,#59140);
#59160=PLANE('',#59150);
#59170=CARTESIAN_POINT('',(-0.554999999999995,-1.50000000000002,-2.425))
;
#59180=DIRECTION('',(1.,1.22460635382238E-16,0.));
#59190=VECTOR('',#59180,1.);
#59200=LINE('',#59170,#59190);
#59210=CARTESIAN_POINT('',(-0.554999999999996,-1.50000000000001,-2.425))
;
#59220=VERTEX_POINT('',#59210);
#59230=EDGE_CURVE('',#59220,#14400,#59200,.T.);
#59240=ORIENTED_EDGE('',*,*,#59230,.T.);
#59250=CARTESIAN_POINT('',(-0.554999999999995,-1.50000000000001,-2.425))
;
#59260=DIRECTION('',(-0.731939010275264,0.681370152881139,0.));
#59270=VECTOR('',#59260,1.);
#59280=LINE('',#59250,#59270);
#59290=CARTESIAN_POINT('',(-0.644946914281604,-1.41626741863069,-2.425))
;
#59300=VERTEX_POINT('',#59290);
#59310=EDGE_CURVE('',#59220,#59300,#59280,.T.);
#59320=ORIENTED_EDGE('',*,*,#59310,.F.);
#59330=CARTESIAN_POINT('',(-0.619999999999997,-1.38500000000002,-2.425))
;
#59340=DIRECTION('',(0.,0.,1.));
#59350=DIRECTION('',(-1.,-1.22460635382238E-16,0.));
#59360=AXIS2_PLACEMENT_3D('',#59330,#59340,#59350);
#59370=CIRCLE('',#59360,0.0399999999999978);
#59380=CARTESIAN_POINT('',(-0.659999999999996,-1.38500000000002,-2.425))
;
#59390=VERTEX_POINT('',#59380);
#59400=EDGE_CURVE('',#59390,#59300,#59370,.T.);
#59410=ORIENTED_EDGE('',*,*,#59400,.T.);
#59420=CARTESIAN_POINT('',(-0.609999999999996,-1.38500000000002,-2.425))
;
#59430=DIRECTION('',(0.,0.,1.));
#59440=DIRECTION('',(-1.,-1.22460635382238E-16,0.));
#59450=AXIS2_PLACEMENT_3D('',#59420,#59430,#59440);
#59460=CIRCLE('',#59450,0.0499999999999995);
#59470=CARTESIAN_POINT('',(-0.609870584701056,-1.3350001674835,-2.425));
#59480=VERTEX_POINT('',#59470);
#59490=EDGE_CURVE('',#59480,#59390,#59460,.T.);
#59500=ORIENTED_EDGE('',*,*,#59490,.T.);
#59510=CARTESIAN_POINT('',(-0.609870584701056,-1.3350001674835,-2.425));
#59520=DIRECTION('',(1.,1.22460635382238E-16,0.));
#59530=VECTOR('',#59520,1.);
#59540=LINE('',#59510,#59530);
#59550=CARTESIAN_POINT('',(-0.598843446820725,-1.3350001674835,-2.425));
#59560=VERTEX_POINT('',#59550);
#59570=EDGE_CURVE('',#59480,#59560,#59540,.T.);
#59580=ORIENTED_EDGE('',*,*,#59570,.F.);
#59590=CARTESIAN_POINT('',(-0.598843446820725,-1.2350001674835,-2.425));
#59600=DIRECTION('',(0.,0.,1.));
#59610=DIRECTION('',(-1.,-1.22460635382238E-16,0.));
#59620=AXIS2_PLACEMENT_3D('',#59590,#59600,#59610);
#59630=CIRCLE('',#59620,0.0999999999999996);
#59640=EDGE_CURVE('',#59560,#14500,#59630,.T.);
#59650=ORIENTED_EDGE('',*,*,#59640,.F.);
#59660=ORIENTED_EDGE('',*,*,#14510,.T.);
#59670=EDGE_LOOP('',(#59660,#59650,#59580,#59500,#59410,#59320,#59240));
#59680=FACE_OUTER_BOUND('',#59670,.T.);
#59690=ADVANCED_FACE('',(#59680),#59160,.T.);
#59700=CARTESIAN_POINT('',(-0.554999999999995,-1.50000000000001,-2.545))
;
#59710=DIRECTION('',(-0.681370152881139,-0.731939010275264,-0.));
#59720=DIRECTION('',(-0.731939010275264,0.681370152881139,0.));
#59730=AXIS2_PLACEMENT_3D('',#59700,#59710,#59720);
#59740=PLANE('',#59730);
#59750=CARTESIAN_POINT('',(-0.644946914281604,-1.41626741863069,-2.545))
;
#59760=DIRECTION('',(0.,0.,1.));
#59770=VECTOR('',#59760,1.);
#59780=LINE('',#59750,#59770);
#59790=CARTESIAN_POINT('',(-0.644946914281604,-1.41626741863069,-2.545))
;
#59800=VERTEX_POINT('',#59790);
#59810=EDGE_CURVE('',#59800,#59300,#59780,.T.);
#59820=ORIENTED_EDGE('',*,*,#59810,.F.);
#59830=ORIENTED_EDGE('',*,*,#59310,.T.);
#59840=CARTESIAN_POINT('',(-0.554999999999995,-1.50000000000002,-2.545))
;
#59850=DIRECTION('',(0.,0.,-1.));
#59860=VECTOR('',#59850,1.);
#59870=LINE('',#59840,#59860);
#59880=CARTESIAN_POINT('',(-0.554999999999996,-1.50000000000001,-2.545))
;
#59890=VERTEX_POINT('',#59880);
#59900=EDGE_CURVE('',#59220,#59890,#59870,.T.);
#59910=ORIENTED_EDGE('',*,*,#59900,.F.);
#59920=CARTESIAN_POINT('',(-0.554999999999995,-1.50000000000001,-2.545))
;
#59930=DIRECTION('',(-0.731939010275264,0.681370152881139,0.));
#59940=VECTOR('',#59930,1.);
#59950=LINE('',#59920,#59940);
#59960=EDGE_CURVE('',#59890,#59800,#59950,.T.);
#59970=ORIENTED_EDGE('',*,*,#59960,.F.);
#59980=EDGE_LOOP('',(#59970,#59910,#59830,#59820));
#59990=FACE_OUTER_BOUND('',#59980,.T.);
#60000=ADVANCED_FACE('',(#59990),#59740,.T.);
#60010=CARTESIAN_POINT('',(-0.619999999999997,-1.38500000000002,-2.545))
;
#60020=DIRECTION('',(0.,0.,1.));
#60030=DIRECTION('',(-1.,-1.22460635382238E-16,0.));
#60040=AXIS2_PLACEMENT_3D('',#60010,#60020,#60030);
#60050=CYLINDRICAL_SURFACE('',#60040,0.0399999999999978);
#60060=CARTESIAN_POINT('',(-0.659999999999996,-1.38500000000002,-2.545))
;
#60070=DIRECTION('',(0.,0.,1.));
#60080=VECTOR('',#60070,1.);
#60090=LINE('',#60060,#60080);
#60100=CARTESIAN_POINT('',(-0.659999999999996,-1.38500000000002,-2.545))
;
#60110=VERTEX_POINT('',#60100);
#60120=EDGE_CURVE('',#60110,#59390,#60090,.T.);
#60130=ORIENTED_EDGE('',*,*,#60120,.F.);
#60140=ORIENTED_EDGE('',*,*,#59400,.F.);
#60150=ORIENTED_EDGE('',*,*,#59810,.T.);
#60160=CARTESIAN_POINT('',(-0.619999999999997,-1.38500000000002,-2.545))
;
#60170=DIRECTION('',(0.,0.,1.));
#60180=DIRECTION('',(-1.,-1.22460635382238E-16,0.));
#60190=AXIS2_PLACEMENT_3D('',#60160,#60170,#60180);
#60200=CIRCLE('',#60190,0.0399999999999978);
#60210=EDGE_CURVE('',#60110,#59800,#60200,.T.);
#60220=ORIENTED_EDGE('',*,*,#60210,.T.);
#60230=EDGE_LOOP('',(#60220,#60150,#60140,#60130));
#60240=FACE_OUTER_BOUND('',#60230,.T.);
#60250=ADVANCED_FACE('',(#60240),#60050,.T.);
#60260=CARTESIAN_POINT('',(-0.609999999999996,-1.38500000000002,-2.545))
;
#60270=DIRECTION('',(0.,0.,1.));
#60280=DIRECTION('',(-1.,-1.22460635382238E-16,0.));
#60290=AXIS2_PLACEMENT_3D('',#60260,#60270,#60280);
#60300=CYLINDRICAL_SURFACE('',#60290,0.0499999999999995);
#60310=CARTESIAN_POINT('',(-0.609870584701056,-1.3350001674835,-2.545));
#60320=DIRECTION('',(0.,0.,1.));
#60330=VECTOR('',#60320,1.);
#60340=LINE('',#60310,#60330);
#60350=CARTESIAN_POINT('',(-0.609870584701056,-1.3350001674835,-2.545));
#60360=VERTEX_POINT('',#60350);
#60370=EDGE_CURVE('',#60360,#59480,#60340,.T.);
#60380=ORIENTED_EDGE('',*,*,#60370,.F.);
#60390=ORIENTED_EDGE('',*,*,#59490,.F.);
#60400=ORIENTED_EDGE('',*,*,#60120,.T.);
#60410=CARTESIAN_POINT('',(-0.609999999999996,-1.38500000000002,-2.545))
;
#60420=DIRECTION('',(0.,0.,1.));
#60430=DIRECTION('',(-1.,-1.22460635382238E-16,0.));
#60440=AXIS2_PLACEMENT_3D('',#60410,#60420,#60430);
#60450=CIRCLE('',#60440,0.0499999999999995);
#60460=EDGE_CURVE('',#60360,#60110,#60450,.T.);
#60470=ORIENTED_EDGE('',*,*,#60460,.T.);
#60480=EDGE_LOOP('',(#60470,#60400,#60390,#60380));
#60490=FACE_OUTER_BOUND('',#60480,.T.);
#60500=ADVANCED_FACE('',(#60490),#60300,.T.);
#60510=CARTESIAN_POINT('',(-0.609870584701056,-1.3350001674835,-2.545));
#60520=DIRECTION('',(-1.22460635382238E-16,1.,0.));
#60530=DIRECTION('',(1.,1.22460635382238E-16,0.));
#60540=AXIS2_PLACEMENT_3D('',#60510,#60520,#60530);
#60550=PLANE('',#60540);
#60560=CARTESIAN_POINT('',(-0.598843446820725,-1.3350001674835,-2.545));
#60570=DIRECTION('',(0.,0.,1.));
#60580=VECTOR('',#60570,1.);
#60590=LINE('',#60560,#60580);
#60600=CARTESIAN_POINT('',(-0.598843446820725,-1.3350001674835,-2.545));
#60610=VERTEX_POINT('',#60600);
#60620=EDGE_CURVE('',#60610,#59560,#60590,.T.);
#60630=ORIENTED_EDGE('',*,*,#60620,.F.);
#60640=ORIENTED_EDGE('',*,*,#59570,.T.);
#60650=ORIENTED_EDGE('',*,*,#60370,.T.);
#60660=CARTESIAN_POINT('',(-0.609870584701056,-1.3350001674835,-2.545));
#60670=DIRECTION('',(1.,1.22460635382238E-16,0.));
#60680=VECTOR('',#60670,1.);
#60690=LINE('',#60660,#60680);
#60700=EDGE_CURVE('',#60360,#60610,#60690,.T.);
#60710=ORIENTED_EDGE('',*,*,#60700,.F.);
#60720=EDGE_LOOP('',(#60710,#60650,#60640,#60630));
#60730=FACE_OUTER_BOUND('',#60720,.T.);
#60740=ADVANCED_FACE('',(#60730),#60550,.T.);
#60750=CARTESIAN_POINT('',(-0.598843446820725,-1.2350001674835,-2.545));
#60760=DIRECTION('',(0.,0.,1.));
#60770=DIRECTION('',(-1.,-1.22460635382238E-16,0.));
#60780=AXIS2_PLACEMENT_3D('',#60750,#60760,#60770);
#60790=CYLINDRICAL_SURFACE('',#60780,0.0999999999999996);
#60800=ORIENTED_EDGE('',*,*,#59640,.T.);
#60810=ORIENTED_EDGE('',*,*,#60620,.T.);
#60820=CARTESIAN_POINT('',(-0.598843446820725,-1.2350001674835,-2.545));
#60830=DIRECTION('',(0.,0.,1.));
#60840=DIRECTION('',(-1.,-1.22460635382238E-16,0.));
#60850=AXIS2_PLACEMENT_3D('',#60820,#60830,#60840);
#60860=CIRCLE('',#60850,0.0999999999999996);
#60870=EDGE_CURVE('',#60610,#14580,#60860,.T.);
#60880=ORIENTED_EDGE('',*,*,#60870,.F.);
#60890=ORIENTED_EDGE('',*,*,#14590,.F.);
#60900=EDGE_LOOP('',(#60890,#60880,#60810,#60800));
#60910=FACE_OUTER_BOUND('',#60900,.T.);
#60920=ADVANCED_FACE('',(#60910),#60790,.F.);
#60930=CARTESIAN_POINT('',(-0.554999999999995,-1.50000000000002,-2.545))
;
#60940=DIRECTION('',(-1.22460635382238E-16,1.,0.));
#60950=DIRECTION('',(-1.,-1.22460635382238E-16,0.));
#60960=AXIS2_PLACEMENT_3D('',#60930,#60940,#60950);
#60970=PLANE('',#60960);
#60980=CARTESIAN_POINT('',(-0.554999999999995,-1.50000000000002,-2.545))
;
#60990=DIRECTION('',(1.,1.22460635382238E-16,0.));
#61000=VECTOR('',#60990,1.);
#61010=LINE('',#60980,#61000);
#61020=EDGE_CURVE('',#59890,#14420,#61010,.T.);
#61030=ORIENTED_EDGE('',*,*,#61020,.T.);
#61040=ORIENTED_EDGE('',*,*,#59900,.T.);
#61050=ORIENTED_EDGE('',*,*,#59230,.F.);
#61060=ORIENTED_EDGE('',*,*,#14430,.F.);
#61070=EDGE_LOOP('',(#61060,#61050,#61040,#61030));
#61080=FACE_OUTER_BOUND('',#61070,.T.);
#61090=ADVANCED_FACE('',(#61080),#60970,.F.);
#61100=CARTESIAN_POINT('',(2.96101731916345,2.8223480408227,-2.545));
#61110=DIRECTION('',(0.,0.,1.));
#61120=DIRECTION('',(-1.,-1.22460635382238E-16,0.));
#61130=AXIS2_PLACEMENT_3D('',#61100,#61110,#61120);
#61140=PLANE('',#61130);
#61150=ORIENTED_EDGE('',*,*,#60870,.T.);
#61160=ORIENTED_EDGE('',*,*,#60700,.T.);
#61170=ORIENTED_EDGE('',*,*,#60460,.F.);
#61180=ORIENTED_EDGE('',*,*,#60210,.F.);
#61190=ORIENTED_EDGE('',*,*,#59960,.T.);
#61200=ORIENTED_EDGE('',*,*,#61020,.F.);
#61210=ORIENTED_EDGE('',*,*,#14650,.F.);
#61220=EDGE_LOOP('',(#61210,#61200,#61190,#61180,#61170,#61160,#61150));
#61230=FACE_OUTER_BOUND('',#61220,.T.);
#61240=ADVANCED_FACE('',(#61230),#61140,.F.);
#61250=CARTESIAN_POINT('',(2.96101731916345,3.3223480408227,-2.545));
#61260=DIRECTION('',(0.,0.,1.));
#61270=DIRECTION('',(-1.,-1.22460635382238E-16,0.));
#61280=AXIS2_PLACEMENT_3D('',#61250,#61260,#61270);
#61290=PLANE('',#61280);
#61300=CARTESIAN_POINT('',(-1.39,1.99999999999999,-2.545));
#61310=DIRECTION('',(0.719844295420684,-0.694135570584233,0.));
#61320=VECTOR('',#61310,1.);
#61330=LINE('',#61300,#61320);
#61340=CARTESIAN_POINT('',(-1.39,1.99999999999999,-2.545));
#61350=VERTEX_POINT('',#61340);
#61360=EDGE_CURVE('',#61350,#20290,#61330,.T.);
#61370=ORIENTED_EDGE('',*,*,#61360,.T.);
#61380=CARTESIAN_POINT('',(-1.64,1.99999999999999,-2.545));
#61390=DIRECTION('',(1.,1.22460635382238E-16,0.));
#61400=VECTOR('',#61390,1.);
#61410=LINE('',#61380,#61400);
#61420=CARTESIAN_POINT('',(-1.64,1.99999999999999,-2.545));
#61430=VERTEX_POINT('',#61420);
#61440=EDGE_CURVE('',#61430,#61350,#61410,.T.);
#61450=ORIENTED_EDGE('',*,*,#61440,.T.);
#61460=CARTESIAN_POINT('',(-1.64,1.94999999999999,-2.545));
#61470=DIRECTION('',(0.,0.,1.));
#61480=DIRECTION('',(-1.,-1.22460635382238E-16,0.));
#61490=AXIS2_PLACEMENT_3D('',#61460,#61470,#61480);
#61500=CIRCLE('',#61490,0.05);
#61510=CARTESIAN_POINT('',(-1.69,1.94999999999999,-2.545));
#61520=VERTEX_POINT('',#61510);
#61530=EDGE_CURVE('',#61430,#61520,#61500,.T.);
#61540=ORIENTED_EDGE('',*,*,#61530,.F.);
#61550=CARTESIAN_POINT('',(-1.69,1.86999999999999,-2.545));
#61560=DIRECTION('',(-1.22460635382238E-16,1.,0.));
#61570=VECTOR('',#61560,1.);
#61580=LINE('',#61550,#61570);
#61590=CARTESIAN_POINT('',(-1.69,1.86999999999999,-2.545));
#61600=VERTEX_POINT('',#61590);
#61610=EDGE_CURVE('',#61600,#61520,#61580,.T.);
#61620=ORIENTED_EDGE('',*,*,#61610,.T.);
#61630=CARTESIAN_POINT('',(-1.52,1.86999999999999,-2.545));
#61640=DIRECTION('',(-1.,-6.6531843096478E-15,0.));
#61650=VECTOR('',#61640,1.);
#61660=LINE('',#61630,#61650);
#61670=CARTESIAN_POINT('',(-1.52,1.86999999999999,-2.545));
#61680=VERTEX_POINT('',#61670);
#61690=EDGE_CURVE('',#61680,#61600,#61660,.T.);
#61700=ORIENTED_EDGE('',*,*,#61690,.T.);
#61710=CARTESIAN_POINT('',(-1.52,1.81999999999999,-2.545));
#61720=DIRECTION('',(0.,0.,1.));
#61730=DIRECTION('',(-1.,-1.22460635382238E-16,0.));
#61740=AXIS2_PLACEMENT_3D('',#61710,#61720,#61730);
#61750=CIRCLE('',#61740,0.0500000000000009);
#61760=CARTESIAN_POINT('',(-1.47497605610577,1.79825501261876,-2.545));
#61770=VERTEX_POINT('',#61760);
#61780=EDGE_CURVE('',#61770,#61680,#61750,.T.);
#61790=ORIENTED_EDGE('',*,*,#61780,.T.);
#61800=CARTESIAN_POINT('',(-1.49502394389422,1.75674498738121,-2.545));
#61810=DIRECTION('',(0.434899747624548,0.900478877884487,0.));
#61820=VECTOR('',#61810,1.);
#61830=LINE('',#61800,#61820);
#61840=CARTESIAN_POINT('',(-1.49502394389422,1.75674498738121,-2.545));
#61850=VERTEX_POINT('',#61840);
#61860=EDGE_CURVE('',#61850,#61770,#61830,.T.);
#61870=ORIENTED_EDGE('',*,*,#61860,.T.);
#61880=CARTESIAN_POINT('',(-1.45,1.73499999999999,-2.545));
#61890=DIRECTION('',(0.,0.,1.));
#61900=DIRECTION('',(-1.,-1.22460635382238E-16,0.));
#61910=AXIS2_PLACEMENT_3D('',#61880,#61890,#61900);
#61920=CIRCLE('',#61910,0.0499999999999998);
#61930=CARTESIAN_POINT('',(-1.45,1.68499999999999,-2.545));
#61940=VERTEX_POINT('',#61930);
#61950=EDGE_CURVE('',#61850,#61940,#61920,.T.);
#61960=ORIENTED_EDGE('',*,*,#61950,.F.);
#61970=CARTESIAN_POINT('',(-1.32,1.68499999999999,-2.545));
#61980=DIRECTION('',(-1.,-1.22460635382238E-16,0.));
#61990=VECTOR('',#61980,1.);
#62000=LINE('',#61970,#61990);
#62010=EDGE_CURVE('',#20110,#61940,#62000,.T.);
#62020=ORIENTED_EDGE('',*,*,#62010,.T.);
#62030=ORIENTED_EDGE('',*,*,#20360,.F.);
#62040=EDGE_LOOP('',(#62030,#62020,#61960,#61870,#61790,#61700,#61620,
#61540,#61450,#61370));
#62050=FACE_OUTER_BOUND('',#62040,.T.);
#62060=ADVANCED_FACE('',(#62050),#61290,.F.);
#62070=CARTESIAN_POINT('',(-1.32,1.68499999999999,-2.545));
#62080=DIRECTION('',(1.22460635382238E-16,-1.,0.));
#62090=DIRECTION('',(-1.,-1.22460635382238E-16,0.));
#62100=AXIS2_PLACEMENT_3D('',#62070,#62080,#62090);
#62110=PLANE('',#62100);
#62120=CARTESIAN_POINT('',(-1.45,1.68499999999999,-2.545));
#62130=DIRECTION('',(0.,0.,1.));
#62140=VECTOR('',#62130,1.);
#62150=LINE('',#62120,#62140);
#62160=CARTESIAN_POINT('',(-1.45,1.68499999999999,-2.425));
#62170=VERTEX_POINT('',#62160);
#62180=EDGE_CURVE('',#61940,#62170,#62150,.T.);
#62190=ORIENTED_EDGE('',*,*,#62180,.F.);
#62200=CARTESIAN_POINT('',(-1.32,1.68499999999999,-2.425));
#62210=DIRECTION('',(-1.,-1.22460635382238E-16,0.));
#62220=VECTOR('',#62210,1.);
#62230=LINE('',#62200,#62220);
#62240=EDGE_CURVE('',#20130,#62170,#62230,.T.);
#62250=ORIENTED_EDGE('',*,*,#62240,.T.);
#62260=ORIENTED_EDGE('',*,*,#20140,.T.);
#62270=ORIENTED_EDGE('',*,*,#62010,.F.);
#62280=EDGE_LOOP('',(#62270,#62260,#62250,#62190));
#62290=FACE_OUTER_BOUND('',#62280,.T.);
#62300=ADVANCED_FACE('',(#62290),#62110,.T.);
#62310=CARTESIAN_POINT('',(2.96101731916345,3.3223480408227,-2.425));
#62320=DIRECTION('',(0.,0.,1.));
#62330=DIRECTION('',(-1.,-1.22460635382238E-16,0.));
#62340=AXIS2_PLACEMENT_3D('',#62310,#62320,#62330);
#62350=PLANE('',#62340);
#62360=ORIENTED_EDGE('',*,*,#62240,.F.);
#62370=CARTESIAN_POINT('',(-1.45,1.73499999999999,-2.425));
#62380=DIRECTION('',(0.,0.,1.));
#62390=DIRECTION('',(-1.,-1.22460635382238E-16,0.));
#62400=AXIS2_PLACEMENT_3D('',#62370,#62380,#62390);
#62410=CIRCLE('',#62400,0.0499999999999998);
#62420=CARTESIAN_POINT('',(-1.49502394389422,1.75674498738121,-2.425));
#62430=VERTEX_POINT('',#62420);
#62440=EDGE_CURVE('',#62430,#62170,#62410,.T.);
#62450=ORIENTED_EDGE('',*,*,#62440,.T.);
#62460=CARTESIAN_POINT('',(-1.49502394389422,1.75674498738121,-2.425));
#62470=DIRECTION('',(0.434899747624548,0.900478877884487,0.));
#62480=VECTOR('',#62470,1.);
#62490=LINE('',#62460,#62480);
#62500=CARTESIAN_POINT('',(-1.47497605610577,1.79825501261876,-2.425));
#62510=VERTEX_POINT('',#62500);
#62520=EDGE_CURVE('',#62430,#62510,#62490,.T.);
#62530=ORIENTED_EDGE('',*,*,#62520,.F.);
#62540=CARTESIAN_POINT('',(-1.52,1.81999999999999,-2.425));
#62550=DIRECTION('',(0.,0.,1.));
#62560=DIRECTION('',(-1.,-1.22460635382238E-16,0.));
#62570=AXIS2_PLACEMENT_3D('',#62540,#62550,#62560);
#62580=CIRCLE('',#62570,0.0500000000000009);
#62590=CARTESIAN_POINT('',(-1.52,1.86999999999999,-2.425));
#62600=VERTEX_POINT('',#62590);
#62610=EDGE_CURVE('',#62510,#62600,#62580,.T.);
#62620=ORIENTED_EDGE('',*,*,#62610,.F.);
#62630=CARTESIAN_POINT('',(-1.52,1.86999999999999,-2.425));
#62640=DIRECTION('',(-1.,-6.6531843096478E-15,0.));
#62650=VECTOR('',#62640,1.);
#62660=LINE('',#62630,#62650);
#62670=CARTESIAN_POINT('',(-1.69,1.86999999999999,-2.425));
#62680=VERTEX_POINT('',#62670);
#62690=EDGE_CURVE('',#62600,#62680,#62660,.T.);
#62700=ORIENTED_EDGE('',*,*,#62690,.F.);
#62710=CARTESIAN_POINT('',(-1.69,1.86999999999999,-2.425));
#62720=DIRECTION('',(-1.22460635382238E-16,1.,0.));
#62730=VECTOR('',#62720,1.);
#62740=LINE('',#62710,#62730);
#62750=CARTESIAN_POINT('',(-1.69,1.94999999999999,-2.425));
#62760=VERTEX_POINT('',#62750);
#62770=EDGE_CURVE('',#62680,#62760,#62740,.T.);
#62780=ORIENTED_EDGE('',*,*,#62770,.F.);
#62790=CARTESIAN_POINT('',(-1.64,1.94999999999999,-2.425));
#62800=DIRECTION('',(0.,0.,1.));
#62810=DIRECTION('',(-1.,-1.22460635382238E-16,0.));
#62820=AXIS2_PLACEMENT_3D('',#62790,#62800,#62810);
#62830=CIRCLE('',#62820,0.05);
#62840=CARTESIAN_POINT('',(-1.64,1.99999999999999,-2.425));
#62850=VERTEX_POINT('',#62840);
#62860=EDGE_CURVE('',#62850,#62760,#62830,.T.);
#62870=ORIENTED_EDGE('',*,*,#62860,.T.);
#62880=CARTESIAN_POINT('',(-1.64,1.99999999999999,-2.425));
#62890=DIRECTION('',(1.,1.22460635382238E-16,0.));
#62900=VECTOR('',#62890,1.);
#62910=LINE('',#62880,#62900);
#62920=CARTESIAN_POINT('',(-1.39,1.99999999999999,-2.425));
#62930=VERTEX_POINT('',#62920);
#62940=EDGE_CURVE('',#62850,#62930,#62910,.T.);
#62950=ORIENTED_EDGE('',*,*,#62940,.F.);
#62960=CARTESIAN_POINT('',(-1.39,1.99999999999999,-2.425));
#62970=DIRECTION('',(0.719844295420684,-0.694135570584233,0.));
#62980=VECTOR('',#62970,1.);
#62990=LINE('',#62960,#62980);
#63000=EDGE_CURVE('',#62930,#20210,#62990,.T.);
#63010=ORIENTED_EDGE('',*,*,#63000,.F.);
#63020=ORIENTED_EDGE('',*,*,#20220,.T.);
#63030=EDGE_LOOP('',(#63020,#63010,#62950,#62870,#62780,#62700,#62620,
#62530,#62450,#62360));
#63040=FACE_OUTER_BOUND('',#63030,.T.);
#63050=ADVANCED_FACE('',(#63040),#62350,.T.);
#63060=CARTESIAN_POINT('',(-1.39,1.99999999999999,-2.545));
#63070=DIRECTION('',(0.694135570584233,0.719844295420684,0.));
#63080=DIRECTION('',(0.719844295420684,-0.694135570584233,0.));
#63090=AXIS2_PLACEMENT_3D('',#63060,#63070,#63080);
#63100=PLANE('',#63090);
#63110=ORIENTED_EDGE('',*,*,#63000,.T.);
#63120=CARTESIAN_POINT('',(-1.39,1.99999999999999,-2.545));
#63130=DIRECTION('',(0.,0.,1.));
#63140=VECTOR('',#63130,1.);
#63150=LINE('',#63120,#63140);
#63160=EDGE_CURVE('',#61350,#62930,#63150,.T.);
#63170=ORIENTED_EDGE('',*,*,#63160,.T.);
#63180=ORIENTED_EDGE('',*,*,#61360,.F.);
#63190=ORIENTED_EDGE('',*,*,#20300,.T.);
#63200=EDGE_LOOP('',(#63190,#63180,#63170,#63110));
#63210=FACE_OUTER_BOUND('',#63200,.T.);
#63220=ADVANCED_FACE('',(#63210),#63100,.T.);
#63230=CARTESIAN_POINT('',(-1.64,1.99999999999999,-2.545));
#63240=DIRECTION('',(-1.22460635382238E-16,1.,0.));
#63250=DIRECTION('',(1.,1.22460635382238E-16,0.));
#63260=AXIS2_PLACEMENT_3D('',#63230,#63240,#63250);
#63270=PLANE('',#63260);
#63280=ORIENTED_EDGE('',*,*,#63160,.F.);
#63290=ORIENTED_EDGE('',*,*,#62940,.T.);
#63300=CARTESIAN_POINT('',(-1.64,1.99999999999999,-2.545));
#63310=DIRECTION('',(0.,0.,1.));
#63320=VECTOR('',#63310,1.);
#63330=LINE('',#63300,#63320);
#63340=EDGE_CURVE('',#61430,#62850,#63330,.T.);
#63350=ORIENTED_EDGE('',*,*,#63340,.T.);
#63360=ORIENTED_EDGE('',*,*,#61440,.F.);
#63370=EDGE_LOOP('',(#63360,#63350,#63290,#63280));
#63380=FACE_OUTER_BOUND('',#63370,.T.);
#63390=ADVANCED_FACE('',(#63380),#63270,.T.);
#63400=CARTESIAN_POINT('',(-1.64,1.94999999999999,-2.545));
#63410=DIRECTION('',(0.,0.,1.));
#63420=DIRECTION('',(-1.,-1.22460635382238E-16,0.));
#63430=AXIS2_PLACEMENT_3D('',#63400,#63410,#63420);
#63440=CYLINDRICAL_SURFACE('',#63430,0.05);
#63450=ORIENTED_EDGE('',*,*,#63340,.F.);
#63460=ORIENTED_EDGE('',*,*,#62860,.F.);
#63470=CARTESIAN_POINT('',(-1.69,1.94999999999999,-2.545));
#63480=DIRECTION('',(0.,0.,1.));
#63490=VECTOR('',#63480,1.);
#63500=LINE('',#63470,#63490);
#63510=EDGE_CURVE('',#61520,#62760,#63500,.T.);
#63520=ORIENTED_EDGE('',*,*,#63510,.T.);
#63530=ORIENTED_EDGE('',*,*,#61530,.T.);
#63540=EDGE_LOOP('',(#63530,#63520,#63460,#63450));
#63550=FACE_OUTER_BOUND('',#63540,.T.);
#63560=ADVANCED_FACE('',(#63550),#63440,.T.);
#63570=CARTESIAN_POINT('',(-1.69,1.86999999999999,-2.545));
#63580=DIRECTION('',(-1.,-1.22460635382238E-16,-0.));
#63590=DIRECTION('',(-1.22460635382238E-16,1.,0.));
#63600=AXIS2_PLACEMENT_3D('',#63570,#63580,#63590);
#63610=PLANE('',#63600);
#63620=ORIENTED_EDGE('',*,*,#63510,.F.);
#63630=ORIENTED_EDGE('',*,*,#62770,.T.);
#63640=CARTESIAN_POINT('',(-1.69,1.86999999999999,-2.545));
#63650=DIRECTION('',(0.,0.,1.));
#63660=VECTOR('',#63650,1.);
#63670=LINE('',#63640,#63660);
#63680=EDGE_CURVE('',#61600,#62680,#63670,.T.);
#63690=ORIENTED_EDGE('',*,*,#63680,.T.);
#63700=ORIENTED_EDGE('',*,*,#61610,.F.);
#63710=EDGE_LOOP('',(#63700,#63690,#63630,#63620));
#63720=FACE_OUTER_BOUND('',#63710,.T.);
#63730=ADVANCED_FACE('',(#63720),#63610,.T.);
#63740=CARTESIAN_POINT('',(-1.52,1.86999999999999,-2.545));
#63750=DIRECTION('',(6.6531843096478E-15,-1.,0.));
#63760=DIRECTION('',(-1.,-6.6531843096478E-15,0.));
#63770=AXIS2_PLACEMENT_3D('',#63740,#63750,#63760);
#63780=PLANE('',#63770);
#63790=ORIENTED_EDGE('',*,*,#63680,.F.);
#63800=ORIENTED_EDGE('',*,*,#62690,.T.);
#63810=CARTESIAN_POINT('',(-1.52,1.86999999999999,-2.545));
#63820=DIRECTION('',(0.,0.,1.));
#63830=VECTOR('',#63820,1.);
#63840=LINE('',#63810,#63830);
#63850=EDGE_CURVE('',#61680,#62600,#63840,.T.);
#63860=ORIENTED_EDGE('',*,*,#63850,.T.);
#63870=ORIENTED_EDGE('',*,*,#61690,.F.);
#63880=EDGE_LOOP('',(#63870,#63860,#63800,#63790));
#63890=FACE_OUTER_BOUND('',#63880,.T.);
#63900=ADVANCED_FACE('',(#63890),#63780,.T.);
#63910=CARTESIAN_POINT('',(-1.52,1.81999999999999,-2.545));
#63920=DIRECTION('',(0.,0.,1.));
#63930=DIRECTION('',(-1.,-1.22460635382238E-16,0.));
#63940=AXIS2_PLACEMENT_3D('',#63910,#63920,#63930);
#63950=CYLINDRICAL_SURFACE('',#63940,0.0500000000000009);
#63960=ORIENTED_EDGE('',*,*,#63850,.F.);
#63970=ORIENTED_EDGE('',*,*,#62610,.T.);
#63980=CARTESIAN_POINT('',(-1.47497605610577,1.79825501261876,-2.545));
#63990=DIRECTION('',(0.,0.,1.));
#64000=VECTOR('',#63990,1.);
#64010=LINE('',#63980,#64000);
#64020=EDGE_CURVE('',#61770,#62510,#64010,.T.);
#64030=ORIENTED_EDGE('',*,*,#64020,.T.);
#64040=ORIENTED_EDGE('',*,*,#61780,.F.);
#64050=EDGE_LOOP('',(#64040,#64030,#63970,#63960));
#64060=FACE_OUTER_BOUND('',#64050,.T.);
#64070=ADVANCED_FACE('',(#64060),#63950,.F.);
#64080=CARTESIAN_POINT('',(-1.49502394389422,1.75674498738121,-2.545));
#64090=DIRECTION('',(-0.900478877884487,0.434899747624548,0.));
#64100=DIRECTION('',(0.434899747624548,0.900478877884487,0.));
#64110=AXIS2_PLACEMENT_3D('',#64080,#64090,#64100);
#64120=PLANE('',#64110);
#64130=ORIENTED_EDGE('',*,*,#64020,.F.);
#64140=ORIENTED_EDGE('',*,*,#62520,.T.);
#64150=CARTESIAN_POINT('',(-1.49502394389422,1.75674498738121,-2.545));
#64160=DIRECTION('',(0.,0.,1.));
#64170=VECTOR('',#64160,1.);
#64180=LINE('',#64150,#64170);
#64190=EDGE_CURVE('',#61850,#62430,#64180,.T.);
#64200=ORIENTED_EDGE('',*,*,#64190,.T.);
#64210=ORIENTED_EDGE('',*,*,#61860,.F.);
#64220=EDGE_LOOP('',(#64210,#64200,#64140,#64130));
#64230=FACE_OUTER_BOUND('',#64220,.T.);
#64240=ADVANCED_FACE('',(#64230),#64120,.T.);
#64250=CARTESIAN_POINT('',(-1.45,1.73499999999999,-2.545));
#64260=DIRECTION('',(0.,0.,1.));
#64270=DIRECTION('',(-1.,-1.22460635382238E-16,0.));
#64280=AXIS2_PLACEMENT_3D('',#64250,#64260,#64270);
#64290=CYLINDRICAL_SURFACE('',#64280,0.0499999999999998);
#64300=ORIENTED_EDGE('',*,*,#64190,.F.);
#64310=ORIENTED_EDGE('',*,*,#62440,.F.);
#64320=ORIENTED_EDGE('',*,*,#62180,.T.);
#64330=ORIENTED_EDGE('',*,*,#61950,.T.);
#64340=EDGE_LOOP('',(#64330,#64320,#64310,#64300));
#64350=FACE_OUTER_BOUND('',#64340,.T.);
#64360=ADVANCED_FACE('',(#64350),#64290,.T.);
#64370=CARTESIAN_POINT('',(2.96101731916345,2.8223480408227,-2.025));
#64380=DIRECTION('',(0.,0.,1.));
#64390=DIRECTION('',(-1.,-1.22460635382238E-16,0.));
#64400=AXIS2_PLACEMENT_3D('',#64370,#64380,#64390);
#64410=PLANE('',#64400);
#64420=CARTESIAN_POINT('',(-0.554999999999995,-1.50000000000002,-2.025))
;
#64430=DIRECTION('',(1.,1.22460635382238E-16,0.));
#64440=VECTOR('',#64430,1.);
#64450=LINE('',#64420,#64440);
#64460=CARTESIAN_POINT('',(-0.554999999999996,-1.50000000000001,-2.025))
;
#64470=VERTEX_POINT('',#64460);
#64480=EDGE_CURVE('',#64470,#17370,#64450,.T.);
#64490=ORIENTED_EDGE('',*,*,#64480,.T.);
#64500=CARTESIAN_POINT('',(-0.554999999999995,-1.50000000000001,-2.025))
;
#64510=DIRECTION('',(-0.731939010275264,0.681370152881139,0.));
#64520=VECTOR('',#64510,1.);
#64530=LINE('',#64500,#64520);
#64540=CARTESIAN_POINT('',(-0.644946914281604,-1.41626741863069,-2.025))
;
#64550=VERTEX_POINT('',#64540);
#64560=EDGE_CURVE('',#64470,#64550,#64530,.T.);
#64570=ORIENTED_EDGE('',*,*,#64560,.F.);
#64580=CARTESIAN_POINT('',(-0.619999999999997,-1.38500000000002,-2.025))
;
#64590=DIRECTION('',(0.,0.,1.));
#64600=DIRECTION('',(-1.,-1.22460635382238E-16,0.));
#64610=AXIS2_PLACEMENT_3D('',#64580,#64590,#64600);
#64620=CIRCLE('',#64610,0.0399999999999978);
#64630=CARTESIAN_POINT('',(-0.659999999999996,-1.38500000000002,-2.025))
;
#64640=VERTEX_POINT('',#64630);
#64650=EDGE_CURVE('',#64640,#64550,#64620,.T.);
#64660=ORIENTED_EDGE('',*,*,#64650,.T.);
#64670=CARTESIAN_POINT('',(-0.609999999999996,-1.38500000000002,-2.025))
;
#64680=DIRECTION('',(0.,0.,1.));
#64690=DIRECTION('',(-1.,-1.22460635382238E-16,0.));
#64700=AXIS2_PLACEMENT_3D('',#64670,#64680,#64690);
#64710=CIRCLE('',#64700,0.0499999999999995);
#64720=CARTESIAN_POINT('',(-0.609870584701056,-1.3350001674835,-2.025));
#64730=VERTEX_POINT('',#64720);
#64740=EDGE_CURVE('',#64730,#64640,#64710,.T.);
#64750=ORIENTED_EDGE('',*,*,#64740,.T.);
#64760=CARTESIAN_POINT('',(-0.609870584701056,-1.3350001674835,-2.025));
#64770=DIRECTION('',(1.,1.22460635382238E-16,0.));
#64780=VECTOR('',#64770,1.);
#64790=LINE('',#64760,#64780);
#64800=CARTESIAN_POINT('',(-0.598843446820725,-1.3350001674835,-2.025));
#64810=VERTEX_POINT('',#64800);
#64820=EDGE_CURVE('',#64730,#64810,#64790,.T.);
#64830=ORIENTED_EDGE('',*,*,#64820,.F.);
#64840=CARTESIAN_POINT('',(-0.598843446820725,-1.2350001674835,-2.025));
#64850=DIRECTION('',(0.,0.,1.));
#64860=DIRECTION('',(-1.,-1.22460635382238E-16,0.));
#64870=AXIS2_PLACEMENT_3D('',#64840,#64850,#64860);
#64880=CIRCLE('',#64870,0.0999999999999996);
#64890=EDGE_CURVE('',#64810,#17470,#64880,.T.);
#64900=ORIENTED_EDGE('',*,*,#64890,.F.);
#64910=ORIENTED_EDGE('',*,*,#17480,.T.);
#64920=EDGE_LOOP('',(#64910,#64900,#64830,#64750,#64660,#64570,#64490));
#64930=FACE_OUTER_BOUND('',#64920,.T.);
#64940=ADVANCED_FACE('',(#64930),#64410,.T.);
#64950=CARTESIAN_POINT('',(-0.554999999999995,-1.50000000000001,-2.145))
;
#64960=DIRECTION('',(-0.681370152881139,-0.731939010275264,-0.));
#64970=DIRECTION('',(-0.731939010275264,0.681370152881139,0.));
#64980=AXIS2_PLACEMENT_3D('',#64950,#64960,#64970);
#64990=PLANE('',#64980);
#65000=CARTESIAN_POINT('',(-0.644946914281604,-1.41626741863069,-2.145))
;
#65010=DIRECTION('',(0.,0.,1.));
#65020=VECTOR('',#65010,1.);
#65030=LINE('',#65000,#65020);
#65040=CARTESIAN_POINT('',(-0.644946914281604,-1.41626741863069,-2.145))
;
#65050=VERTEX_POINT('',#65040);
#65060=EDGE_CURVE('',#65050,#64550,#65030,.T.);
#65070=ORIENTED_EDGE('',*,*,#65060,.F.);
#65080=ORIENTED_EDGE('',*,*,#64560,.T.);
#65090=CARTESIAN_POINT('',(-0.554999999999995,-1.50000000000002,-2.145))
;
#65100=DIRECTION('',(0.,0.,-1.));
#65110=VECTOR('',#65100,1.);
#65120=LINE('',#65090,#65110);
#65130=CARTESIAN_POINT('',(-0.554999999999996,-1.50000000000001,-2.145))
;
#65140=VERTEX_POINT('',#65130);
#65150=EDGE_CURVE('',#64470,#65140,#65120,.T.);
#65160=ORIENTED_EDGE('',*,*,#65150,.F.);
#65170=CARTESIAN_POINT('',(-0.554999999999995,-1.50000000000001,-2.145))
;
#65180=DIRECTION('',(-0.731939010275264,0.681370152881139,0.));
#65190=VECTOR('',#65180,1.);
#65200=LINE('',#65170,#65190);
#65210=EDGE_CURVE('',#65140,#65050,#65200,.T.);
#65220=ORIENTED_EDGE('',*,*,#65210,.F.);
#65230=EDGE_LOOP('',(#65220,#65160,#65080,#65070));
#65240=FACE_OUTER_BOUND('',#65230,.T.);
#65250=ADVANCED_FACE('',(#65240),#64990,.T.);
#65260=CARTESIAN_POINT('',(-0.619999999999997,-1.38500000000002,-2.145))
;
#65270=DIRECTION('',(0.,0.,1.));
#65280=DIRECTION('',(-1.,-1.22460635382238E-16,0.));
#65290=AXIS2_PLACEMENT_3D('',#65260,#65270,#65280);
#65300=CYLINDRICAL_SURFACE('',#65290,0.0399999999999978);
#65310=CARTESIAN_POINT('',(-0.659999999999996,-1.38500000000002,-2.145))
;
#65320=DIRECTION('',(0.,0.,1.));
#65330=VECTOR('',#65320,1.);
#65340=LINE('',#65310,#65330);
#65350=CARTESIAN_POINT('',(-0.659999999999996,-1.38500000000002,-2.145))
;
#65360=VERTEX_POINT('',#65350);
#65370=EDGE_CURVE('',#65360,#64640,#65340,.T.);
#65380=ORIENTED_EDGE('',*,*,#65370,.F.);
#65390=ORIENTED_EDGE('',*,*,#64650,.F.);
#65400=ORIENTED_EDGE('',*,*,#65060,.T.);
#65410=CARTESIAN_POINT('',(-0.619999999999997,-1.38500000000002,-2.145))
;
#65420=DIRECTION('',(0.,0.,1.));
#65430=DIRECTION('',(-1.,-1.22460635382238E-16,0.));
#65440=AXIS2_PLACEMENT_3D('',#65410,#65420,#65430);
#65450=CIRCLE('',#65440,0.0399999999999978);
#65460=EDGE_CURVE('',#65360,#65050,#65450,.T.);
#65470=ORIENTED_EDGE('',*,*,#65460,.T.);
#65480=EDGE_LOOP('',(#65470,#65400,#65390,#65380));
#65490=FACE_OUTER_BOUND('',#65480,.T.);
#65500=ADVANCED_FACE('',(#65490),#65300,.T.);
#65510=CARTESIAN_POINT('',(-0.609999999999996,-1.38500000000002,-2.145))
;
#65520=DIRECTION('',(0.,0.,1.));
#65530=DIRECTION('',(-1.,-1.22460635382238E-16,0.));
#65540=AXIS2_PLACEMENT_3D('',#65510,#65520,#65530);
#65550=CYLINDRICAL_SURFACE('',#65540,0.0499999999999995);
#65560=CARTESIAN_POINT('',(-0.609870584701056,-1.3350001674835,-2.145));
#65570=DIRECTION('',(0.,0.,1.));
#65580=VECTOR('',#65570,1.);
#65590=LINE('',#65560,#65580);
#65600=CARTESIAN_POINT('',(-0.609870584701056,-1.3350001674835,-2.145));
#65610=VERTEX_POINT('',#65600);
#65620=EDGE_CURVE('',#65610,#64730,#65590,.T.);
#65630=ORIENTED_EDGE('',*,*,#65620,.F.);
#65640=ORIENTED_EDGE('',*,*,#64740,.F.);
#65650=ORIENTED_EDGE('',*,*,#65370,.T.);
#65660=CARTESIAN_POINT('',(-0.609999999999996,-1.38500000000002,-2.145))
;
#65670=DIRECTION('',(0.,0.,1.));
#65680=DIRECTION('',(-1.,-1.22460635382238E-16,0.));
#65690=AXIS2_PLACEMENT_3D('',#65660,#65670,#65680);
#65700=CIRCLE('',#65690,0.0499999999999995);
#65710=EDGE_CURVE('',#65610,#65360,#65700,.T.);
#65720=ORIENTED_EDGE('',*,*,#65710,.T.);
#65730=EDGE_LOOP('',(#65720,#65650,#65640,#65630));
#65740=FACE_OUTER_BOUND('',#65730,.T.);
#65750=ADVANCED_FACE('',(#65740),#65550,.T.);
#65760=CARTESIAN_POINT('',(-0.609870584701056,-1.3350001674835,-2.145));
#65770=DIRECTION('',(-1.22460635382238E-16,1.,0.));
#65780=DIRECTION('',(1.,1.22460635382238E-16,0.));
#65790=AXIS2_PLACEMENT_3D('',#65760,#65770,#65780);
#65800=PLANE('',#65790);
#65810=CARTESIAN_POINT('',(-0.598843446820725,-1.3350001674835,-2.145));
#65820=DIRECTION('',(0.,0.,1.));
#65830=VECTOR('',#65820,1.);
#65840=LINE('',#65810,#65830);
#65850=CARTESIAN_POINT('',(-0.598843446820725,-1.3350001674835,-2.145));
#65860=VERTEX_POINT('',#65850);
#65870=EDGE_CURVE('',#65860,#64810,#65840,.T.);
#65880=ORIENTED_EDGE('',*,*,#65870,.F.);
#65890=ORIENTED_EDGE('',*,*,#64820,.T.);
#65900=ORIENTED_EDGE('',*,*,#65620,.T.);
#65910=CARTESIAN_POINT('',(-0.609870584701056,-1.3350001674835,-2.145));
#65920=DIRECTION('',(1.,1.22460635382238E-16,0.));
#65930=VECTOR('',#65920,1.);
#65940=LINE('',#65910,#65930);
#65950=EDGE_CURVE('',#65610,#65860,#65940,.T.);
#65960=ORIENTED_EDGE('',*,*,#65950,.F.);
#65970=EDGE_LOOP('',(#65960,#65900,#65890,#65880));
#65980=FACE_OUTER_BOUND('',#65970,.T.);
#65990=ADVANCED_FACE('',(#65980),#65800,.T.);
#66000=CARTESIAN_POINT('',(-0.598843446820725,-1.2350001674835,-2.145));
#66010=DIRECTION('',(0.,0.,1.));
#66020=DIRECTION('',(-1.,-1.22460635382238E-16,0.));
#66030=AXIS2_PLACEMENT_3D('',#66000,#66010,#66020);
#66040=CYLINDRICAL_SURFACE('',#66030,0.0999999999999996);
#66050=ORIENTED_EDGE('',*,*,#64890,.T.);
#66060=ORIENTED_EDGE('',*,*,#65870,.T.);
#66070=CARTESIAN_POINT('',(-0.598843446820725,-1.2350001674835,-2.145));
#66080=DIRECTION('',(0.,0.,1.));
#66090=DIRECTION('',(-1.,-1.22460635382238E-16,0.));
#66100=AXIS2_PLACEMENT_3D('',#66070,#66080,#66090);
#66110=CIRCLE('',#66100,0.0999999999999996);
#66120=EDGE_CURVE('',#65860,#17550,#66110,.T.);
#66130=ORIENTED_EDGE('',*,*,#66120,.F.);
#66140=ORIENTED_EDGE('',*,*,#17560,.F.);
#66150=EDGE_LOOP('',(#66140,#66130,#66060,#66050));
#66160=FACE_OUTER_BOUND('',#66150,.T.);
#66170=ADVANCED_FACE('',(#66160),#66040,.F.);
#66180=CARTESIAN_POINT('',(-0.554999999999995,-1.50000000000002,-2.145))
;
#66190=DIRECTION('',(-1.22460635382238E-16,1.,0.));
#66200=DIRECTION('',(-1.,-1.22460635382238E-16,0.));
#66210=AXIS2_PLACEMENT_3D('',#66180,#66190,#66200);
#66220=PLANE('',#66210);
#66230=CARTESIAN_POINT('',(-0.554999999999995,-1.50000000000002,-2.145))
;
#66240=DIRECTION('',(1.,1.22460635382238E-16,0.));
#66250=VECTOR('',#66240,1.);
#66260=LINE('',#66230,#66250);
#66270=EDGE_CURVE('',#65140,#17390,#66260,.T.);
#66280=ORIENTED_EDGE('',*,*,#66270,.T.);
#66290=ORIENTED_EDGE('',*,*,#65150,.T.);
#66300=ORIENTED_EDGE('',*,*,#64480,.F.);
#66310=ORIENTED_EDGE('',*,*,#17400,.F.);
#66320=EDGE_LOOP('',(#66310,#66300,#66290,#66280));
#66330=FACE_OUTER_BOUND('',#66320,.T.);
#66340=ADVANCED_FACE('',(#66330),#66220,.F.);
#66350=CARTESIAN_POINT('',(2.96101731916345,2.8223480408227,-2.145));
#66360=DIRECTION('',(0.,0.,1.));
#66370=DIRECTION('',(-1.,-1.22460635382238E-16,0.));
#66380=AXIS2_PLACEMENT_3D('',#66350,#66360,#66370);
#66390=PLANE('',#66380);
#66400=ORIENTED_EDGE('',*,*,#66120,.T.);
#66410=ORIENTED_EDGE('',*,*,#65950,.T.);
#66420=ORIENTED_EDGE('',*,*,#65710,.F.);
#66430=ORIENTED_EDGE('',*,*,#65460,.F.);
#66440=ORIENTED_EDGE('',*,*,#65210,.T.);
#66450=ORIENTED_EDGE('',*,*,#66270,.F.);
#66460=ORIENTED_EDGE('',*,*,#17620,.F.);
#66470=EDGE_LOOP('',(#66460,#66450,#66440,#66430,#66420,#66410,#66400));
#66480=FACE_OUTER_BOUND('',#66470,.T.);
#66490=ADVANCED_FACE('',(#66480),#66390,.F.);
#66500=CARTESIAN_POINT('',(2.96101731916345,3.3223480408227,-2.025));
#66510=DIRECTION('',(0.,0.,1.));
#66520=DIRECTION('',(-1.,-1.22460635382238E-16,0.));
#66530=AXIS2_PLACEMENT_3D('',#66500,#66510,#66520);
#66540=PLANE('',#66530);
#66550=CARTESIAN_POINT('',(-1.32,1.68499999999999,-2.025));
#66560=DIRECTION('',(-1.,-1.22460635382238E-16,0.));
#66570=VECTOR('',#66560,1.);
#66580=LINE('',#66550,#66570);
#66590=CARTESIAN_POINT('',(-1.45,1.68499999999999,-2.025));
#66600=VERTEX_POINT('',#66590);
#66610=EDGE_CURVE('',#20630,#66600,#66580,.T.);
#66620=ORIENTED_EDGE('',*,*,#66610,.F.);
#66630=CARTESIAN_POINT('',(-1.45,1.73499999999999,-2.025));
#66640=DIRECTION('',(0.,0.,1.));
#66650=DIRECTION('',(-1.,-1.22460635382238E-16,0.));
#66660=AXIS2_PLACEMENT_3D('',#66630,#66640,#66650);
#66670=CIRCLE('',#66660,0.0499999999999998);
#66680=CARTESIAN_POINT('',(-1.49502394389422,1.75674498738121,-2.025));
#66690=VERTEX_POINT('',#66680);
#66700=EDGE_CURVE('',#66690,#66600,#66670,.T.);
#66710=ORIENTED_EDGE('',*,*,#66700,.T.);
#66720=CARTESIAN_POINT('',(-1.49502394389422,1.75674498738121,-2.025));
#66730=DIRECTION('',(0.434899747624548,0.900478877884487,0.));
#66740=VECTOR('',#66730,1.);
#66750=LINE('',#66720,#66740);
#66760=CARTESIAN_POINT('',(-1.47497605610577,1.79825501261876,-2.025));
#66770=VERTEX_POINT('',#66760);
#66780=EDGE_CURVE('',#66690,#66770,#66750,.T.);
#66790=ORIENTED_EDGE('',*,*,#66780,.F.);
#66800=CARTESIAN_POINT('',(-1.52,1.81999999999999,-2.025));
#66810=DIRECTION('',(0.,0.,1.));
#66820=DIRECTION('',(-1.,-1.22460635382238E-16,0.));
#66830=AXIS2_PLACEMENT_3D('',#66800,#66810,#66820);
#66840=CIRCLE('',#66830,0.0500000000000009);
#66850=CARTESIAN_POINT('',(-1.52,1.86999999999999,-2.025));
#66860=VERTEX_POINT('',#66850);
#66870=EDGE_CURVE('',#66770,#66860,#66840,.T.);
#66880=ORIENTED_EDGE('',*,*,#66870,.F.);
#66890=CARTESIAN_POINT('',(-1.52,1.86999999999999,-2.025));
#66900=DIRECTION('',(-1.,-6.6531843096478E-15,0.));
#66910=VECTOR('',#66900,1.);
#66920=LINE('',#66890,#66910);
#66930=CARTESIAN_POINT('',(-1.69,1.86999999999999,-2.025));
#66940=VERTEX_POINT('',#66930);
#66950=EDGE_CURVE('',#66860,#66940,#66920,.T.);
#66960=ORIENTED_EDGE('',*,*,#66950,.F.);
#66970=CARTESIAN_POINT('',(-1.69,1.86999999999999,-2.025));
#66980=DIRECTION('',(-1.22460635382238E-16,1.,0.));
#66990=VECTOR('',#66980,1.);
#67000=LINE('',#66970,#66990);
#67010=CARTESIAN_POINT('',(-1.69,1.94999999999999,-2.025));
#67020=VERTEX_POINT('',#67010);
#67030=EDGE_CURVE('',#66940,#67020,#67000,.T.);
#67040=ORIENTED_EDGE('',*,*,#67030,.F.);
#67050=CARTESIAN_POINT('',(-1.64,1.94999999999999,-2.025));
#67060=DIRECTION('',(0.,0.,1.));
#67070=DIRECTION('',(-1.,-1.22460635382238E-16,0.));
#67080=AXIS2_PLACEMENT_3D('',#67050,#67060,#67070);
#67090=CIRCLE('',#67080,0.05);
#67100=CARTESIAN_POINT('',(-1.64,1.99999999999999,-2.025));
#67110=VERTEX_POINT('',#67100);
#67120=EDGE_CURVE('',#67110,#67020,#67090,.T.);
#67130=ORIENTED_EDGE('',*,*,#67120,.T.);
#67140=CARTESIAN_POINT('',(-1.64,1.99999999999999,-2.025));
#67150=DIRECTION('',(1.,1.22460635382238E-16,0.));
#67160=VECTOR('',#67150,1.);
#67170=LINE('',#67140,#67160);
#67180=CARTESIAN_POINT('',(-1.39,1.99999999999999,-2.025));
#67190=VERTEX_POINT('',#67180);
#67200=EDGE_CURVE('',#67110,#67190,#67170,.T.);
#67210=ORIENTED_EDGE('',*,*,#67200,.F.);
#67220=CARTESIAN_POINT('',(-1.39,1.99999999999999,-2.025));
#67230=DIRECTION('',(0.719844295420684,-0.694135570584233,0.));
#67240=VECTOR('',#67230,1.);
#67250=LINE('',#67220,#67240);
#67260=EDGE_CURVE('',#67190,#20450,#67250,.T.);
#67270=ORIENTED_EDGE('',*,*,#67260,.F.);
#67280=ORIENTED_EDGE('',*,*,#20700,.T.);
#67290=EDGE_LOOP('',(#67280,#67270,#67210,#67130,#67040,#66960,#66880,
#66790,#66710,#66620));
#67300=FACE_OUTER_BOUND('',#67290,.T.);
#67310=ADVANCED_FACE('',(#67300),#66540,.T.);
#67320=CARTESIAN_POINT('',(-1.32,1.68499999999999,-2.145));
#67330=DIRECTION('',(1.22460635382238E-16,-1.,0.));
#67340=DIRECTION('',(-1.,-1.22460635382238E-16,0.));
#67350=AXIS2_PLACEMENT_3D('',#67320,#67330,#67340);
#67360=PLANE('',#67350);
#67370=CARTESIAN_POINT('',(-1.45,1.68499999999999,-2.145));
#67380=DIRECTION('',(0.,0.,1.));
#67390=VECTOR('',#67380,1.);
#67400=LINE('',#67370,#67390);
#67410=CARTESIAN_POINT('',(-1.45,1.68499999999999,-2.145));
#67420=VERTEX_POINT('',#67410);
#67430=EDGE_CURVE('',#67420,#66600,#67400,.T.);
#67440=ORIENTED_EDGE('',*,*,#67430,.F.);
#67450=ORIENTED_EDGE('',*,*,#66610,.T.);
#67460=ORIENTED_EDGE('',*,*,#20640,.T.);
#67470=CARTESIAN_POINT('',(-1.32,1.68499999999999,-2.145));
#67480=DIRECTION('',(-1.,-1.22460635382238E-16,0.));
#67490=VECTOR('',#67480,1.);
#67500=LINE('',#67470,#67490);
#67510=EDGE_CURVE('',#20550,#67420,#67500,.T.);
#67520=ORIENTED_EDGE('',*,*,#67510,.F.);
#67530=EDGE_LOOP('',(#67520,#67460,#67450,#67440));
#67540=FACE_OUTER_BOUND('',#67530,.T.);
#67550=ADVANCED_FACE('',(#67540),#67360,.T.);
#67560=CARTESIAN_POINT('',(2.96101731916345,3.3223480408227,-2.145));
#67570=DIRECTION('',(0.,0.,1.));
#67580=DIRECTION('',(-1.,-1.22460635382238E-16,0.));
#67590=AXIS2_PLACEMENT_3D('',#67560,#67570,#67580);
#67600=PLANE('',#67590);
#67610=CARTESIAN_POINT('',(-1.39,1.99999999999999,-2.145));
#67620=DIRECTION('',(0.719844295420684,-0.694135570584233,0.));
#67630=VECTOR('',#67620,1.);
#67640=LINE('',#67610,#67630);
#67650=CARTESIAN_POINT('',(-1.39,1.99999999999999,-2.145));
#67660=VERTEX_POINT('',#67650);
#67670=EDGE_CURVE('',#67660,#20470,#67640,.T.);
#67680=ORIENTED_EDGE('',*,*,#67670,.T.);
#67690=CARTESIAN_POINT('',(-1.64,1.99999999999999,-2.145));
#67700=DIRECTION('',(1.,1.22460635382238E-16,0.));
#67710=VECTOR('',#67700,1.);
#67720=LINE('',#67690,#67710);
#67730=CARTESIAN_POINT('',(-1.64,1.99999999999999,-2.145));
#67740=VERTEX_POINT('',#67730);
#67750=EDGE_CURVE('',#67740,#67660,#67720,.T.);
#67760=ORIENTED_EDGE('',*,*,#67750,.T.);
#67770=CARTESIAN_POINT('',(-1.64,1.94999999999999,-2.145));
#67780=DIRECTION('',(0.,0.,1.));
#67790=DIRECTION('',(-1.,-1.22460635382238E-16,0.));
#67800=AXIS2_PLACEMENT_3D('',#67770,#67780,#67790);
#67810=CIRCLE('',#67800,0.05);
#67820=CARTESIAN_POINT('',(-1.69,1.94999999999999,-2.145));
#67830=VERTEX_POINT('',#67820);
#67840=EDGE_CURVE('',#67740,#67830,#67810,.T.);
#67850=ORIENTED_EDGE('',*,*,#67840,.F.);
#67860=CARTESIAN_POINT('',(-1.69,1.86999999999999,-2.145));
#67870=DIRECTION('',(-1.22460635382238E-16,1.,0.));
#67880=VECTOR('',#67870,1.);
#67890=LINE('',#67860,#67880);
#67900=CARTESIAN_POINT('',(-1.69,1.86999999999999,-2.145));
#67910=VERTEX_POINT('',#67900);
#67920=EDGE_CURVE('',#67910,#67830,#67890,.T.);
#67930=ORIENTED_EDGE('',*,*,#67920,.T.);
#67940=CARTESIAN_POINT('',(-1.52,1.86999999999999,-2.145));
#67950=DIRECTION('',(-1.,-6.6531843096478E-15,0.));
#67960=VECTOR('',#67950,1.);
#67970=LINE('',#67940,#67960);
#67980=CARTESIAN_POINT('',(-1.52,1.86999999999999,-2.145));
#67990=VERTEX_POINT('',#67980);
#68000=EDGE_CURVE('',#67990,#67910,#67970,.T.);
#68010=ORIENTED_EDGE('',*,*,#68000,.T.);
#68020=CARTESIAN_POINT('',(-1.52,1.81999999999999,-2.145));
#68030=DIRECTION('',(0.,0.,1.));
#68040=DIRECTION('',(-1.,-1.22460635382238E-16,0.));
#68050=AXIS2_PLACEMENT_3D('',#68020,#68030,#68040);
#68060=CIRCLE('',#68050,0.0500000000000009);
#68070=CARTESIAN_POINT('',(-1.47497605610577,1.79825501261876,-2.145));
#68080=VERTEX_POINT('',#68070);
#68090=EDGE_CURVE('',#68080,#67990,#68060,.T.);
#68100=ORIENTED_EDGE('',*,*,#68090,.T.);
#68110=CARTESIAN_POINT('',(-1.49502394389422,1.75674498738121,-2.145));
#68120=DIRECTION('',(0.434899747624548,0.900478877884487,0.));
#68130=VECTOR('',#68120,1.);
#68140=LINE('',#68110,#68130);
#68150=CARTESIAN_POINT('',(-1.49502394389422,1.75674498738121,-2.145));
#68160=VERTEX_POINT('',#68150);
#68170=EDGE_CURVE('',#68160,#68080,#68140,.T.);
#68180=ORIENTED_EDGE('',*,*,#68170,.T.);
#68190=CARTESIAN_POINT('',(-1.45,1.73499999999999,-2.145));
#68200=DIRECTION('',(0.,0.,1.));
#68210=DIRECTION('',(-1.,-1.22460635382238E-16,0.));
#68220=AXIS2_PLACEMENT_3D('',#68190,#68200,#68210);
#68230=CIRCLE('',#68220,0.0499999999999998);
#68240=EDGE_CURVE('',#68160,#67420,#68230,.T.);
#68250=ORIENTED_EDGE('',*,*,#68240,.F.);
#68260=ORIENTED_EDGE('',*,*,#67510,.T.);
#68270=ORIENTED_EDGE('',*,*,#20560,.F.);
#68280=EDGE_LOOP('',(#68270,#68260,#68250,#68180,#68100,#68010,#67930,
#67850,#67760,#67680));
#68290=FACE_OUTER_BOUND('',#68280,.T.);
#68300=ADVANCED_FACE('',(#68290),#67600,.F.);
#68310=CARTESIAN_POINT('',(-1.39,1.99999999999999,-2.145));
#68320=DIRECTION('',(0.694135570584233,0.719844295420684,0.));
#68330=DIRECTION('',(0.719844295420684,-0.694135570584233,0.));
#68340=AXIS2_PLACEMENT_3D('',#68310,#68320,#68330);
#68350=PLANE('',#68340);
#68360=ORIENTED_EDGE('',*,*,#67260,.T.);
#68370=CARTESIAN_POINT('',(-1.39,1.99999999999999,-2.145));
#68380=DIRECTION('',(0.,0.,1.));
#68390=VECTOR('',#68380,1.);
#68400=LINE('',#68370,#68390);
#68410=EDGE_CURVE('',#67660,#67190,#68400,.T.);
#68420=ORIENTED_EDGE('',*,*,#68410,.T.);
#68430=ORIENTED_EDGE('',*,*,#67670,.F.);
#68440=ORIENTED_EDGE('',*,*,#20480,.T.);
#68450=EDGE_LOOP('',(#68440,#68430,#68420,#68360));
#68460=FACE_OUTER_BOUND('',#68450,.T.);
#68470=ADVANCED_FACE('',(#68460),#68350,.T.);
#68480=CARTESIAN_POINT('',(-1.64,1.99999999999999,-2.145));
#68490=DIRECTION('',(-1.22460635382238E-16,1.,0.));
#68500=DIRECTION('',(1.,1.22460635382238E-16,0.));
#68510=AXIS2_PLACEMENT_3D('',#68480,#68490,#68500);
#68520=PLANE('',#68510);
#68530=ORIENTED_EDGE('',*,*,#68410,.F.);
#68540=ORIENTED_EDGE('',*,*,#67200,.T.);
#68550=CARTESIAN_POINT('',(-1.64,1.99999999999999,-2.145));
#68560=DIRECTION('',(0.,0.,1.));
#68570=VECTOR('',#68560,1.);
#68580=LINE('',#68550,#68570);
#68590=EDGE_CURVE('',#67740,#67110,#68580,.T.);
#68600=ORIENTED_EDGE('',*,*,#68590,.T.);
#68610=ORIENTED_EDGE('',*,*,#67750,.F.);
#68620=EDGE_LOOP('',(#68610,#68600,#68540,#68530));
#68630=FACE_OUTER_BOUND('',#68620,.T.);
#68640=ADVANCED_FACE('',(#68630),#68520,.T.);
#68650=CARTESIAN_POINT('',(-1.64,1.94999999999999,-2.145));
#68660=DIRECTION('',(0.,0.,1.));
#68670=DIRECTION('',(-1.,-1.22460635382238E-16,0.));
#68680=AXIS2_PLACEMENT_3D('',#68650,#68660,#68670);
#68690=CYLINDRICAL_SURFACE('',#68680,0.05);
#68700=ORIENTED_EDGE('',*,*,#68590,.F.);
#68710=ORIENTED_EDGE('',*,*,#67120,.F.);
#68720=CARTESIAN_POINT('',(-1.69,1.94999999999999,-2.145));
#68730=DIRECTION('',(0.,0.,1.));
#68740=VECTOR('',#68730,1.);
#68750=LINE('',#68720,#68740);
#68760=EDGE_CURVE('',#67830,#67020,#68750,.T.);
#68770=ORIENTED_EDGE('',*,*,#68760,.T.);
#68780=ORIENTED_EDGE('',*,*,#67840,.T.);
#68790=EDGE_LOOP('',(#68780,#68770,#68710,#68700));
#68800=FACE_OUTER_BOUND('',#68790,.T.);
#68810=ADVANCED_FACE('',(#68800),#68690,.T.);
#68820=CARTESIAN_POINT('',(-1.69,1.86999999999999,-2.145));
#68830=DIRECTION('',(-1.,-1.22460635382238E-16,-0.));
#68840=DIRECTION('',(-1.22460635382238E-16,1.,0.));
#68850=AXIS2_PLACEMENT_3D('',#68820,#68830,#68840);
#68860=PLANE('',#68850);
#68870=ORIENTED_EDGE('',*,*,#68760,.F.);
#68880=ORIENTED_EDGE('',*,*,#67030,.T.);
#68890=CARTESIAN_POINT('',(-1.69,1.86999999999999,-2.145));
#68900=DIRECTION('',(0.,0.,1.));
#68910=VECTOR('',#68900,1.);
#68920=LINE('',#68890,#68910);
#68930=EDGE_CURVE('',#67910,#66940,#68920,.T.);
#68940=ORIENTED_EDGE('',*,*,#68930,.T.);
#68950=ORIENTED_EDGE('',*,*,#67920,.F.);
#68960=EDGE_LOOP('',(#68950,#68940,#68880,#68870));
#68970=FACE_OUTER_BOUND('',#68960,.T.);
#68980=ADVANCED_FACE('',(#68970),#68860,.T.);
#68990=CARTESIAN_POINT('',(-1.52,1.86999999999999,-2.145));
#69000=DIRECTION('',(6.6531843096478E-15,-1.,0.));
#69010=DIRECTION('',(-1.,-6.6531843096478E-15,0.));
#69020=AXIS2_PLACEMENT_3D('',#68990,#69000,#69010);
#69030=PLANE('',#69020);
#69040=ORIENTED_EDGE('',*,*,#68930,.F.);
#69050=ORIENTED_EDGE('',*,*,#66950,.T.);
#69060=CARTESIAN_POINT('',(-1.52,1.86999999999999,-2.145));
#69070=DIRECTION('',(0.,0.,1.));
#69080=VECTOR('',#69070,1.);
#69090=LINE('',#69060,#69080);
#69100=EDGE_CURVE('',#67990,#66860,#69090,.T.);
#69110=ORIENTED_EDGE('',*,*,#69100,.T.);
#69120=ORIENTED_EDGE('',*,*,#68000,.F.);
#69130=EDGE_LOOP('',(#69120,#69110,#69050,#69040));
#69140=FACE_OUTER_BOUND('',#69130,.T.);
#69150=ADVANCED_FACE('',(#69140),#69030,.T.);
#69160=CARTESIAN_POINT('',(-1.52,1.81999999999999,-2.145));
#69170=DIRECTION('',(0.,0.,1.));
#69180=DIRECTION('',(-1.,-1.22460635382238E-16,0.));
#69190=AXIS2_PLACEMENT_3D('',#69160,#69170,#69180);
#69200=CYLINDRICAL_SURFACE('',#69190,0.0500000000000009);
#69210=ORIENTED_EDGE('',*,*,#69100,.F.);
#69220=ORIENTED_EDGE('',*,*,#66870,.T.);
#69230=CARTESIAN_POINT('',(-1.47497605610577,1.79825501261876,-2.145));
#69240=DIRECTION('',(0.,0.,1.));
#69250=VECTOR('',#69240,1.);
#69260=LINE('',#69230,#69250);
#69270=EDGE_CURVE('',#68080,#66770,#69260,.T.);
#69280=ORIENTED_EDGE('',*,*,#69270,.T.);
#69290=ORIENTED_EDGE('',*,*,#68090,.F.);
#69300=EDGE_LOOP('',(#69290,#69280,#69220,#69210));
#69310=FACE_OUTER_BOUND('',#69300,.T.);
#69320=ADVANCED_FACE('',(#69310),#69200,.F.);
#69330=CARTESIAN_POINT('',(-1.49502394389422,1.75674498738121,-2.145));
#69340=DIRECTION('',(-0.900478877884487,0.434899747624548,0.));
#69350=DIRECTION('',(0.434899747624548,0.900478877884487,0.));
#69360=AXIS2_PLACEMENT_3D('',#69330,#69340,#69350);
#69370=PLANE('',#69360);
#69380=ORIENTED_EDGE('',*,*,#69270,.F.);
#69390=ORIENTED_EDGE('',*,*,#66780,.T.);
#69400=CARTESIAN_POINT('',(-1.49502394389422,1.75674498738121,-2.145));
#69410=DIRECTION('',(0.,0.,1.));
#69420=VECTOR('',#69410,1.);
#69430=LINE('',#69400,#69420);
#69440=EDGE_CURVE('',#68160,#66690,#69430,.T.);
#69450=ORIENTED_EDGE('',*,*,#69440,.T.);
#69460=ORIENTED_EDGE('',*,*,#68170,.F.);
#69470=EDGE_LOOP('',(#69460,#69450,#69390,#69380));
#69480=FACE_OUTER_BOUND('',#69470,.T.);
#69490=ADVANCED_FACE('',(#69480),#69370,.T.);
#69500=CARTESIAN_POINT('',(-1.45,1.73499999999999,-2.145));
#69510=DIRECTION('',(0.,0.,1.));
#69520=DIRECTION('',(-1.,-1.22460635382238E-16,0.));
#69530=AXIS2_PLACEMENT_3D('',#69500,#69510,#69520);
#69540=CYLINDRICAL_SURFACE('',#69530,0.0499999999999998);
#69550=ORIENTED_EDGE('',*,*,#69440,.F.);
#69560=ORIENTED_EDGE('',*,*,#66700,.F.);
#69570=ORIENTED_EDGE('',*,*,#67430,.T.);
#69580=ORIENTED_EDGE('',*,*,#68240,.T.);
#69590=EDGE_LOOP('',(#69580,#69570,#69560,#69550));
#69600=FACE_OUTER_BOUND('',#69590,.T.);
#69610=ADVANCED_FACE('',(#69600),#69540,.T.);
#69620=CARTESIAN_POINT('',(-2.96101731916344,2.8223480408227,
-0.024999999999999));
#69630=DIRECTION('',(0.,0.,-1.));
#69640=DIRECTION('',(1.,1.22460635382238E-16,0.));
#69650=AXIS2_PLACEMENT_3D('',#69620,#69630,#69640);
#69660=PLANE('',#69650);
#69670=CARTESIAN_POINT('',(0.598843446820732,-1.2350001674835,
-0.024999999999999));
#69680=DIRECTION('',(0.,0.,-1.));
#69690=DIRECTION('',(1.,1.22460635382238E-16,0.));
#69700=AXIS2_PLACEMENT_3D('',#69670,#69680,#69690);
#69710=CIRCLE('',#69700,0.0999999999999996);
#69720=CARTESIAN_POINT('',(0.598843446820732,-1.3350001674835,
-0.024999999999999));
#69730=VERTEX_POINT('',#69720);
#69740=EDGE_CURVE('',#69730,#28360,#69710,.T.);
#69750=ORIENTED_EDGE('',*,*,#69740,.T.);
#69760=CARTESIAN_POINT('',(0.609870584701063,-1.3350001674835,
-0.024999999999999));
#69770=DIRECTION('',(-1.,-1.22460635382238E-16,0.));
#69780=VECTOR('',#69770,1.);
#69790=LINE('',#69760,#69780);
#69800=CARTESIAN_POINT('',(0.609870584701063,-1.3350001674835,
-0.024999999999999));
#69810=VERTEX_POINT('',#69800);
#69820=EDGE_CURVE('',#69810,#69730,#69790,.T.);
#69830=ORIENTED_EDGE('',*,*,#69820,.T.);
#69840=CARTESIAN_POINT('',(0.610000000000003,-1.38500000000002,
-0.024999999999999));
#69850=DIRECTION('',(0.,0.,-1.));
#69860=DIRECTION('',(1.,1.22460635382238E-16,0.));
#69870=AXIS2_PLACEMENT_3D('',#69840,#69850,#69860);
#69880=CIRCLE('',#69870,0.0499999999999995);
#69890=CARTESIAN_POINT('',(0.660000000000003,-1.38500000000002,
-0.024999999999999));
#69900=VERTEX_POINT('',#69890);
#69910=EDGE_CURVE('',#69810,#69900,#69880,.T.);
#69920=ORIENTED_EDGE('',*,*,#69910,.F.);
#69930=CARTESIAN_POINT('',(0.620000000000005,-1.38500000000002,
-0.024999999999999));
#69940=DIRECTION('',(0.,0.,-1.));
#69950=DIRECTION('',(1.,1.22460635382238E-16,0.));
#69960=AXIS2_PLACEMENT_3D('',#69930,#69940,#69950);
#69970=CIRCLE('',#69960,0.0399999999999978);
#69980=CARTESIAN_POINT('',(0.644946914281611,-1.4162674186307,
-0.024999999999999));
#69990=VERTEX_POINT('',#69980);
#70000=EDGE_CURVE('',#69900,#69990,#69970,.T.);
#70010=ORIENTED_EDGE('',*,*,#70000,.F.);
#70020=CARTESIAN_POINT('',(0.555000000000002,-1.50000000000002,
-0.024999999999999));
#70030=DIRECTION('',(0.731939010275264,0.681370152881139,0.));
#70040=VECTOR('',#70030,1.);
#70050=LINE('',#70020,#70040);
#70060=CARTESIAN_POINT('',(0.555000000000003,-1.50000000000002,
-0.024999999999999));
#70070=VERTEX_POINT('',#70060);
#70080=EDGE_CURVE('',#70070,#69990,#70050,.T.);
#70090=ORIENTED_EDGE('',*,*,#70080,.T.);
#70100=CARTESIAN_POINT('',(0.555000000000002,-1.50000000000002,
-0.024999999999999));
#70110=DIRECTION('',(-1.,-1.22460635382238E-16,0.));
#70120=VECTOR('',#70110,1.);
#70130=LINE('',#70100,#70120);
#70140=EDGE_CURVE('',#70070,#28440,#70130,.T.);
#70150=ORIENTED_EDGE('',*,*,#70140,.F.);
#70160=ORIENTED_EDGE('',*,*,#28450,.F.);
#70170=EDGE_LOOP('',(#70160,#70150,#70090,#70010,#69920,#69830,#69750));
#70180=FACE_OUTER_BOUND('',#70170,.T.);
#70190=ADVANCED_FACE('',(#70180),#69660,.F.);
#70200=CARTESIAN_POINT('',(0.598843446820732,-1.2350001674835,
-0.024999999999999));
#70210=DIRECTION('',(0.,0.,-1.));
#70220=DIRECTION('',(1.,1.22460635382238E-16,0.));
#70230=AXIS2_PLACEMENT_3D('',#70200,#70210,#70220);
#70240=CYLINDRICAL_SURFACE('',#70230,0.0999999999999996);
#70250=CARTESIAN_POINT('',(0.598843446820732,-1.2350001674835,
-0.144999999999999));
#70260=DIRECTION('',(0.,0.,-1.));
#70270=DIRECTION('',(1.,1.22460635382238E-16,0.));
#70280=AXIS2_PLACEMENT_3D('',#70250,#70260,#70270);
#70290=CIRCLE('',#70280,0.0999999999999996);
#70300=CARTESIAN_POINT('',(0.598843446820732,-1.3350001674835,
-0.144999999999999));
#70310=VERTEX_POINT('',#70300);
#70320=EDGE_CURVE('',#70310,#28280,#70290,.T.);
#70330=ORIENTED_EDGE('',*,*,#70320,.T.);
#70340=CARTESIAN_POINT('',(0.598843446820732,-1.3350001674835,
-0.024999999999999));
#70350=DIRECTION('',(0.,0.,-1.));
#70360=VECTOR('',#70350,1.);
#70370=LINE('',#70340,#70360);
#70380=EDGE_CURVE('',#69730,#70310,#70370,.T.);
#70390=ORIENTED_EDGE('',*,*,#70380,.T.);
#70400=ORIENTED_EDGE('',*,*,#69740,.F.);
#70410=ORIENTED_EDGE('',*,*,#28370,.F.);
#70420=EDGE_LOOP('',(#70410,#70400,#70390,#70330));
#70430=FACE_OUTER_BOUND('',#70420,.T.);
#70440=ADVANCED_FACE('',(#70430),#70240,.F.);
#70450=CARTESIAN_POINT('',(-2.96101731916344,2.8223480408227,
-0.144999999999999));
#70460=DIRECTION('',(0.,0.,-1.));
#70470=DIRECTION('',(1.,1.22460635382238E-16,0.));
#70480=AXIS2_PLACEMENT_3D('',#70450,#70460,#70470);
#70490=PLANE('',#70480);
#70500=CARTESIAN_POINT('',(0.555000000000002,-1.50000000000002,
-0.144999999999999));
#70510=DIRECTION('',(-1.,-1.22460635382238E-16,0.));
#70520=VECTOR('',#70510,1.);
#70530=LINE('',#70500,#70520);
#70540=CARTESIAN_POINT('',(0.555000000000003,-1.50000000000002,
-0.144999999999999));
#70550=VERTEX_POINT('',#70540);
#70560=EDGE_CURVE('',#70550,#28260,#70530,.T.);
#70570=ORIENTED_EDGE('',*,*,#70560,.T.);
#70580=CARTESIAN_POINT('',(0.555000000000002,-1.50000000000002,
-0.144999999999999));
#70590=DIRECTION('',(0.731939010275264,0.681370152881139,0.));
#70600=VECTOR('',#70590,1.);
#70610=LINE('',#70580,#70600);
#70620=CARTESIAN_POINT('',(0.644946914281611,-1.4162674186307,
-0.144999999999999));
#70630=VERTEX_POINT('',#70620);
#70640=EDGE_CURVE('',#70550,#70630,#70610,.T.);
#70650=ORIENTED_EDGE('',*,*,#70640,.F.);
#70660=CARTESIAN_POINT('',(0.620000000000005,-1.38500000000002,
-0.144999999999999));
#70670=DIRECTION('',(0.,0.,-1.));
#70680=DIRECTION('',(1.,1.22460635382238E-16,0.));
#70690=AXIS2_PLACEMENT_3D('',#70660,#70670,#70680);
#70700=CIRCLE('',#70690,0.0399999999999978);
#70710=CARTESIAN_POINT('',(0.660000000000003,-1.38500000000002,
-0.144999999999999));
#70720=VERTEX_POINT('',#70710);
#70730=EDGE_CURVE('',#70720,#70630,#70700,.T.);
#70740=ORIENTED_EDGE('',*,*,#70730,.T.);
#70750=CARTESIAN_POINT('',(0.610000000000003,-1.38500000000002,
-0.144999999999999));
#70760=DIRECTION('',(0.,0.,-1.));
#70770=DIRECTION('',(1.,1.22460635382238E-16,0.));
#70780=AXIS2_PLACEMENT_3D('',#70750,#70760,#70770);
#70790=CIRCLE('',#70780,0.0499999999999995);
#70800=CARTESIAN_POINT('',(0.609870584701063,-1.3350001674835,
-0.144999999999999));
#70810=VERTEX_POINT('',#70800);
#70820=EDGE_CURVE('',#70810,#70720,#70790,.T.);
#70830=ORIENTED_EDGE('',*,*,#70820,.T.);
#70840=CARTESIAN_POINT('',(0.609870584701063,-1.3350001674835,
-0.144999999999999));
#70850=DIRECTION('',(-1.,-1.22460635382238E-16,0.));
#70860=VECTOR('',#70850,1.);
#70870=LINE('',#70840,#70860);
#70880=EDGE_CURVE('',#70810,#70310,#70870,.T.);
#70890=ORIENTED_EDGE('',*,*,#70880,.F.);
#70900=ORIENTED_EDGE('',*,*,#70320,.F.);
#70910=ORIENTED_EDGE('',*,*,#28290,.T.);
#70920=EDGE_LOOP('',(#70910,#70900,#70890,#70830,#70740,#70650,#70570));
#70930=FACE_OUTER_BOUND('',#70920,.T.);
#70940=ADVANCED_FACE('',(#70930),#70490,.T.);
#70950=CARTESIAN_POINT('',(0.555000000000002,-1.50000000000002,
-0.024999999999999));
#70960=DIRECTION('',(-1.22460635382238E-16,1.,0.));
#70970=DIRECTION('',(1.,1.22460635382238E-16,0.));
#70980=AXIS2_PLACEMENT_3D('',#70950,#70960,#70970);
#70990=PLANE('',#70980);
#71000=ORIENTED_EDGE('',*,*,#70140,.T.);
#71010=CARTESIAN_POINT('',(0.555000000000002,-1.50000000000002,
-0.024999999999999));
#71020=DIRECTION('',(0.,0.,1.));
#71030=VECTOR('',#71020,1.);
#71040=LINE('',#71010,#71030);
#71050=EDGE_CURVE('',#70550,#70070,#71040,.T.);
#71060=ORIENTED_EDGE('',*,*,#71050,.T.);
#71070=ORIENTED_EDGE('',*,*,#70560,.F.);
#71080=ORIENTED_EDGE('',*,*,#28510,.F.);
#71090=EDGE_LOOP('',(#71080,#71070,#71060,#71000));
#71100=FACE_OUTER_BOUND('',#71090,.T.);
#71110=ADVANCED_FACE('',(#71100),#70990,.F.);
#71120=CARTESIAN_POINT('',(0.555000000000002,-1.50000000000002,
-0.024999999999999));
#71130=DIRECTION('',(0.681370152881139,-0.731939010275264,0.));
#71140=DIRECTION('',(0.731939010275264,0.681370152881139,0.));
#71150=AXIS2_PLACEMENT_3D('',#71120,#71130,#71140);
#71160=PLANE('',#71150);
#71170=CARTESIAN_POINT('',(0.644946914281611,-1.4162674186307,
-0.024999999999999));
#71180=DIRECTION('',(0.,0.,-1.));
#71190=VECTOR('',#71180,1.);
#71200=LINE('',#71170,#71190);
#71210=EDGE_CURVE('',#69990,#70630,#71200,.T.);
#71220=ORIENTED_EDGE('',*,*,#71210,.F.);
#71230=ORIENTED_EDGE('',*,*,#70640,.T.);
#71240=ORIENTED_EDGE('',*,*,#71050,.F.);
#71250=ORIENTED_EDGE('',*,*,#70080,.F.);
#71260=EDGE_LOOP('',(#71250,#71240,#71230,#71220));
#71270=FACE_OUTER_BOUND('',#71260,.T.);
#71280=ADVANCED_FACE('',(#71270),#71160,.T.);
#71290=CARTESIAN_POINT('',(0.620000000000005,-1.38500000000002,
-0.024999999999999));
#71300=DIRECTION('',(0.,0.,-1.));
#71310=DIRECTION('',(1.,1.22460635382238E-16,0.));
#71320=AXIS2_PLACEMENT_3D('',#71290,#71300,#71310);
#71330=CYLINDRICAL_SURFACE('',#71320,0.0399999999999978);
#71340=CARTESIAN_POINT('',(0.660000000000003,-1.38500000000002,
-0.024999999999999));
#71350=DIRECTION('',(0.,0.,-1.));
#71360=VECTOR('',#71350,1.);
#71370=LINE('',#71340,#71360);
#71380=EDGE_CURVE('',#69900,#70720,#71370,.T.);
#71390=ORIENTED_EDGE('',*,*,#71380,.F.);
#71400=ORIENTED_EDGE('',*,*,#70730,.F.);
#71410=ORIENTED_EDGE('',*,*,#71210,.T.);
#71420=ORIENTED_EDGE('',*,*,#70000,.T.);
#71430=EDGE_LOOP('',(#71420,#71410,#71400,#71390));
#71440=FACE_OUTER_BOUND('',#71430,.T.);
#71450=ADVANCED_FACE('',(#71440),#71330,.T.);
#71460=CARTESIAN_POINT('',(0.610000000000003,-1.38500000000002,
-0.024999999999999));
#71470=DIRECTION('',(0.,0.,-1.));
#71480=DIRECTION('',(1.,1.22460635382238E-16,0.));
#71490=AXIS2_PLACEMENT_3D('',#71460,#71470,#71480);
#71500=CYLINDRICAL_SURFACE('',#71490,0.0499999999999995);
#71510=CARTESIAN_POINT('',(0.609870584701063,-1.3350001674835,
-0.024999999999999));
#71520=DIRECTION('',(0.,0.,-1.));
#71530=VECTOR('',#71520,1.);
#71540=LINE('',#71510,#71530);
#71550=EDGE_CURVE('',#69810,#70810,#71540,.T.);
#71560=ORIENTED_EDGE('',*,*,#71550,.F.);
#71570=ORIENTED_EDGE('',*,*,#70820,.F.);
#71580=ORIENTED_EDGE('',*,*,#71380,.T.);
#71590=ORIENTED_EDGE('',*,*,#69910,.T.);
#71600=EDGE_LOOP('',(#71590,#71580,#71570,#71560));
#71610=FACE_OUTER_BOUND('',#71600,.T.);
#71620=ADVANCED_FACE('',(#71610),#71500,.T.);
#71630=CARTESIAN_POINT('',(0.609870584701063,-1.3350001674835,
-0.024999999999999));
#71640=DIRECTION('',(-1.22460635382238E-16,1.,0.));
#71650=DIRECTION('',(-1.,-1.22460635382238E-16,0.));
#71660=AXIS2_PLACEMENT_3D('',#71630,#71640,#71650);
#71670=PLANE('',#71660);
#71680=ORIENTED_EDGE('',*,*,#70380,.F.);
#71690=ORIENTED_EDGE('',*,*,#70880,.T.);
#71700=ORIENTED_EDGE('',*,*,#71550,.T.);
#71710=ORIENTED_EDGE('',*,*,#69820,.F.);
#71720=EDGE_LOOP('',(#71710,#71700,#71690,#71680));
#71730=FACE_OUTER_BOUND('',#71720,.T.);
#71740=ADVANCED_FACE('',(#71730),#71670,.T.);
#71750=CARTESIAN_POINT('',(-2.96101731916344,3.3223480408227,
-0.024999999999999));
#71760=DIRECTION('',(0.,0.,-1.));
#71770=DIRECTION('',(1.,1.22460635382238E-16,0.));
#71780=AXIS2_PLACEMENT_3D('',#71750,#71760,#71770);
#71790=PLANE('',#71780);
#71800=CARTESIAN_POINT('',(1.39,1.99999999999999,-0.024999999999999));
#71810=DIRECTION('',(-0.719844295420684,-0.694135570584234,0.));
#71820=VECTOR('',#71810,1.);
#71830=LINE('',#71800,#71820);
#71840=CARTESIAN_POINT('',(1.39,1.99999999999999,-0.024999999999999));
#71850=VERTEX_POINT('',#71840);
#71860=EDGE_CURVE('',#71850,#29550,#71830,.T.);
#71870=ORIENTED_EDGE('',*,*,#71860,.T.);
#71880=CARTESIAN_POINT('',(1.64,1.99999999999999,-0.024999999999999));
#71890=DIRECTION('',(-1.,-1.22460635382238E-16,0.));
#71900=VECTOR('',#71890,1.);
#71910=LINE('',#71880,#71900);
#71920=CARTESIAN_POINT('',(1.64,1.99999999999999,-0.024999999999999));
#71930=VERTEX_POINT('',#71920);
#71940=EDGE_CURVE('',#71930,#71850,#71910,.T.);
#71950=ORIENTED_EDGE('',*,*,#71940,.T.);
#71960=CARTESIAN_POINT('',(1.64,1.94999999999999,-0.024999999999999));
#71970=DIRECTION('',(0.,0.,-1.));
#71980=DIRECTION('',(1.,1.22460635382238E-16,0.));
#71990=AXIS2_PLACEMENT_3D('',#71960,#71970,#71980);
#72000=CIRCLE('',#71990,0.05);
#72010=CARTESIAN_POINT('',(1.69,1.94999999999999,-0.024999999999999));
#72020=VERTEX_POINT('',#72010);
#72030=EDGE_CURVE('',#71930,#72020,#72000,.T.);
#72040=ORIENTED_EDGE('',*,*,#72030,.F.);
#72050=CARTESIAN_POINT('',(1.69000000000001,1.86999999999999,
-0.024999999999999));
#72060=DIRECTION('',(-1.22460635382238E-16,1.,0.));
#72070=VECTOR('',#72060,1.);
#72080=LINE('',#72050,#72070);
#72090=CARTESIAN_POINT('',(1.69000000000001,1.86999999999999,
-0.024999999999999));
#72100=VERTEX_POINT('',#72090);
#72110=EDGE_CURVE('',#72100,#72020,#72080,.T.);
#72120=ORIENTED_EDGE('',*,*,#72110,.T.);
#72130=CARTESIAN_POINT('',(1.52,1.86999999999999,-0.024999999999999));
#72140=DIRECTION('',(1.,-6.40826303888332E-15,0.));
#72150=VECTOR('',#72140,1.);
#72160=LINE('',#72130,#72150);
#72170=CARTESIAN_POINT('',(1.52,1.86999999999999,-0.024999999999999));
#72180=VERTEX_POINT('',#72170);
#72190=EDGE_CURVE('',#72180,#72100,#72160,.T.);
#72200=ORIENTED_EDGE('',*,*,#72190,.T.);
#72210=CARTESIAN_POINT('',(1.52,1.81999999999999,-0.024999999999999));
#72220=DIRECTION('',(0.,0.,-1.));
#72230=DIRECTION('',(1.,1.22460635382238E-16,0.));
#72240=AXIS2_PLACEMENT_3D('',#72210,#72220,#72230);
#72250=CIRCLE('',#72240,0.0500000000000009);
#72260=CARTESIAN_POINT('',(1.47497605610578,1.79825501261876,
-0.024999999999999));
#72270=VERTEX_POINT('',#72260);
#72280=EDGE_CURVE('',#72270,#72180,#72250,.T.);
#72290=ORIENTED_EDGE('',*,*,#72280,.T.);
#72300=CARTESIAN_POINT('',(1.49502394389423,1.75674498738121,
-0.024999999999999));
#72310=DIRECTION('',(-0.434899747624548,0.900478877884487,0.));
#72320=VECTOR('',#72310,1.);
#72330=LINE('',#72300,#72320);
#72340=CARTESIAN_POINT('',(1.49502394389423,1.75674498738121,
-0.024999999999999));
#72350=VERTEX_POINT('',#72340);
#72360=EDGE_CURVE('',#72350,#72270,#72330,.T.);
#72370=ORIENTED_EDGE('',*,*,#72360,.T.);
#72380=CARTESIAN_POINT('',(1.45,1.73499999999999,-0.024999999999999));
#72390=DIRECTION('',(0.,0.,-1.));
#72400=DIRECTION('',(1.,1.22460635382238E-16,0.));
#72410=AXIS2_PLACEMENT_3D('',#72380,#72390,#72400);
#72420=CIRCLE('',#72410,0.0499999999999998);
#72430=CARTESIAN_POINT('',(1.45,1.68499999999999,-0.024999999999999));
#72440=VERTEX_POINT('',#72430);
#72450=EDGE_CURVE('',#72350,#72440,#72420,.T.);
#72460=ORIENTED_EDGE('',*,*,#72450,.F.);
#72470=CARTESIAN_POINT('',(1.32,1.68499999999999,-0.024999999999999));
#72480=DIRECTION('',(1.,1.22460635382238E-16,0.));
#72490=VECTOR('',#72480,1.);
#72500=LINE('',#72470,#72490);
#72510=EDGE_CURVE('',#29390,#72440,#72500,.T.);
#72520=ORIENTED_EDGE('',*,*,#72510,.T.);
#72530=ORIENTED_EDGE('',*,*,#29620,.T.);
#72540=EDGE_LOOP('',(#72530,#72520,#72460,#72370,#72290,#72200,#72120,
#72040,#71950,#71870));
#72550=FACE_OUTER_BOUND('',#72540,.T.);
#72560=ADVANCED_FACE('',(#72550),#71790,.F.);
#72570=CARTESIAN_POINT('',(1.39,1.99999999999999,-0.024999999999999));
#72580=DIRECTION('',(-0.694135570584234,0.719844295420684,0.));
#72590=DIRECTION('',(-0.719844295420684,-0.694135570584234,0.));
#72600=AXIS2_PLACEMENT_3D('',#72570,#72580,#72590);
#72610=PLANE('',#72600);
#72620=CARTESIAN_POINT('',(1.39,1.99999999999999,-0.144999999999999));
#72630=DIRECTION('',(-0.719844295420684,-0.694135570584234,0.));
#72640=VECTOR('',#72630,1.);
#72650=LINE('',#72620,#72640);
#72660=CARTESIAN_POINT('',(1.39,1.99999999999999,-0.144999999999999));
#72670=VERTEX_POINT('',#72660);
#72680=EDGE_CURVE('',#72670,#29470,#72650,.T.);
#72690=ORIENTED_EDGE('',*,*,#72680,.T.);
#72700=CARTESIAN_POINT('',(1.39,1.99999999999999,-0.024999999999999));
#72710=DIRECTION('',(0.,0.,-1.));
#72720=VECTOR('',#72710,1.);
#72730=LINE('',#72700,#72720);
#72740=EDGE_CURVE('',#71850,#72670,#72730,.T.);
#72750=ORIENTED_EDGE('',*,*,#72740,.T.);
#72760=ORIENTED_EDGE('',*,*,#71860,.F.);
#72770=ORIENTED_EDGE('',*,*,#29560,.F.);
#72780=EDGE_LOOP('',(#72770,#72760,#72750,#72690));
#72790=FACE_OUTER_BOUND('',#72780,.T.);
#72800=ADVANCED_FACE('',(#72790),#72610,.T.);
#72810=CARTESIAN_POINT('',(-2.96101731916344,3.3223480408227,
-0.144999999999999));
#72820=DIRECTION('',(0.,0.,-1.));
#72830=DIRECTION('',(1.,1.22460635382238E-16,0.));
#72840=AXIS2_PLACEMENT_3D('',#72810,#72820,#72830);
#72850=PLANE('',#72840);
#72860=CARTESIAN_POINT('',(1.32,1.68499999999999,-0.144999999999999));
#72870=DIRECTION('',(1.,1.22460635382238E-16,0.));
#72880=VECTOR('',#72870,1.);
#72890=LINE('',#72860,#72880);
#72900=CARTESIAN_POINT('',(1.45,1.68499999999999,-0.144999999999999));
#72910=VERTEX_POINT('',#72900);
#72920=EDGE_CURVE('',#29370,#72910,#72890,.T.);
#72930=ORIENTED_EDGE('',*,*,#72920,.F.);
#72940=CARTESIAN_POINT('',(1.45,1.73499999999999,-0.144999999999999));
#72950=DIRECTION('',(0.,0.,-1.));
#72960=DIRECTION('',(1.,1.22460635382238E-16,0.));
#72970=AXIS2_PLACEMENT_3D('',#72940,#72950,#72960);
#72980=CIRCLE('',#72970,0.0499999999999998);
#72990=CARTESIAN_POINT('',(1.49502394389423,1.75674498738121,
-0.144999999999999));
#73000=VERTEX_POINT('',#72990);
#73010=EDGE_CURVE('',#73000,#72910,#72980,.T.);
#73020=ORIENTED_EDGE('',*,*,#73010,.T.);
#73030=CARTESIAN_POINT('',(1.49502394389423,1.75674498738121,
-0.144999999999999));
#73040=DIRECTION('',(-0.434899747624548,0.900478877884487,0.));
#73050=VECTOR('',#73040,1.);
#73060=LINE('',#73030,#73050);
#73070=CARTESIAN_POINT('',(1.47497605610578,1.79825501261876,
-0.144999999999999));
#73080=VERTEX_POINT('',#73070);
#73090=EDGE_CURVE('',#73000,#73080,#73060,.T.);
#73100=ORIENTED_EDGE('',*,*,#73090,.F.);
#73110=CARTESIAN_POINT('',(1.52,1.81999999999999,-0.144999999999999));
#73120=DIRECTION('',(0.,0.,-1.));
#73130=DIRECTION('',(1.,1.22460635382238E-16,0.));
#73140=AXIS2_PLACEMENT_3D('',#73110,#73120,#73130);
#73150=CIRCLE('',#73140,0.0500000000000009);
#73160=CARTESIAN_POINT('',(1.52,1.86999999999999,-0.144999999999999));
#73170=VERTEX_POINT('',#73160);
#73180=EDGE_CURVE('',#73080,#73170,#73150,.T.);
#73190=ORIENTED_EDGE('',*,*,#73180,.F.);
#73200=CARTESIAN_POINT('',(1.52,1.86999999999999,-0.144999999999999));
#73210=DIRECTION('',(1.,-6.40826303888332E-15,0.));
#73220=VECTOR('',#73210,1.);
#73230=LINE('',#73200,#73220);
#73240=CARTESIAN_POINT('',(1.69000000000001,1.86999999999999,
-0.144999999999999));
#73250=VERTEX_POINT('',#73240);
#73260=EDGE_CURVE('',#73170,#73250,#73230,.T.);
#73270=ORIENTED_EDGE('',*,*,#73260,.F.);
#73280=CARTESIAN_POINT('',(1.69000000000001,1.86999999999999,
-0.144999999999999));
#73290=DIRECTION('',(-1.22460635382238E-16,1.,0.));
#73300=VECTOR('',#73290,1.);
#73310=LINE('',#73280,#73300);
#73320=CARTESIAN_POINT('',(1.69,1.94999999999999,-0.144999999999999));
#73330=VERTEX_POINT('',#73320);
#73340=EDGE_CURVE('',#73250,#73330,#73310,.T.);
#73350=ORIENTED_EDGE('',*,*,#73340,.F.);
#73360=CARTESIAN_POINT('',(1.64,1.94999999999999,-0.144999999999999));
#73370=DIRECTION('',(0.,0.,-1.));
#73380=DIRECTION('',(1.,1.22460635382238E-16,0.));
#73390=AXIS2_PLACEMENT_3D('',#73360,#73370,#73380);
#73400=CIRCLE('',#73390,0.05);
#73410=CARTESIAN_POINT('',(1.64,1.99999999999999,-0.144999999999999));
#73420=VERTEX_POINT('',#73410);
#73430=EDGE_CURVE('',#73420,#73330,#73400,.T.);
#73440=ORIENTED_EDGE('',*,*,#73430,.T.);
#73450=CARTESIAN_POINT('',(1.64,1.99999999999999,-0.144999999999999));
#73460=DIRECTION('',(-1.,-1.22460635382238E-16,0.));
#73470=VECTOR('',#73460,1.);
#73480=LINE('',#73450,#73470);
#73490=EDGE_CURVE('',#73420,#72670,#73480,.T.);
#73500=ORIENTED_EDGE('',*,*,#73490,.F.);
#73510=ORIENTED_EDGE('',*,*,#72680,.F.);
#73520=ORIENTED_EDGE('',*,*,#29480,.F.);
#73530=EDGE_LOOP('',(#73520,#73510,#73500,#73440,#73350,#73270,#73190,
#73100,#73020,#72930));
#73540=FACE_OUTER_BOUND('',#73530,.T.);
#73550=ADVANCED_FACE('',(#73540),#72850,.T.);
#73560=CARTESIAN_POINT('',(1.32,1.68499999999999,-0.024999999999999));
#73570=DIRECTION('',(1.22460635382238E-16,-1.,0.));
#73580=DIRECTION('',(1.,1.22460635382238E-16,0.));
#73590=AXIS2_PLACEMENT_3D('',#73560,#73570,#73580);
#73600=PLANE('',#73590);
#73610=CARTESIAN_POINT('',(1.45,1.68499999999999,-0.024999999999999));
#73620=DIRECTION('',(0.,0.,-1.));
#73630=VECTOR('',#73620,1.);
#73640=LINE('',#73610,#73630);
#73650=EDGE_CURVE('',#72440,#72910,#73640,.T.);
#73660=ORIENTED_EDGE('',*,*,#73650,.F.);
#73670=ORIENTED_EDGE('',*,*,#72920,.T.);
#73680=ORIENTED_EDGE('',*,*,#29400,.F.);
#73690=ORIENTED_EDGE('',*,*,#72510,.F.);
#73700=EDGE_LOOP('',(#73690,#73680,#73670,#73660));
#73710=FACE_OUTER_BOUND('',#73700,.T.);
#73720=ADVANCED_FACE('',(#73710),#73600,.T.);
#73730=CARTESIAN_POINT('',(1.45,1.73499999999999,-0.024999999999999));
#73740=DIRECTION('',(0.,0.,-1.));
#73750=DIRECTION('',(1.,1.22460635382238E-16,0.));
#73760=AXIS2_PLACEMENT_3D('',#73730,#73740,#73750);
#73770=CYLINDRICAL_SURFACE('',#73760,0.0499999999999998);
#73780=CARTESIAN_POINT('',(1.49502394389423,1.75674498738121,
-0.024999999999999));
#73790=DIRECTION('',(0.,0.,-1.));
#73800=VECTOR('',#73790,1.);
#73810=LINE('',#73780,#73800);
#73820=EDGE_CURVE('',#72350,#73000,#73810,.T.);
#73830=ORIENTED_EDGE('',*,*,#73820,.F.);
#73840=ORIENTED_EDGE('',*,*,#73010,.F.);
#73850=ORIENTED_EDGE('',*,*,#73650,.T.);
#73860=ORIENTED_EDGE('',*,*,#72450,.T.);
#73870=EDGE_LOOP('',(#73860,#73850,#73840,#73830));
#73880=FACE_OUTER_BOUND('',#73870,.T.);
#73890=ADVANCED_FACE('',(#73880),#73770,.T.);
#73900=CARTESIAN_POINT('',(1.49502394389423,1.75674498738121,
-0.024999999999999));
#73910=DIRECTION('',(0.900478877884487,0.434899747624548,-0.));
#73920=DIRECTION('',(-0.434899747624548,0.900478877884487,0.));
#73930=AXIS2_PLACEMENT_3D('',#73900,#73910,#73920);
#73940=PLANE('',#73930);
#73950=CARTESIAN_POINT('',(1.47497605610578,1.79825501261876,
-0.024999999999999));
#73960=DIRECTION('',(0.,0.,-1.));
#73970=VECTOR('',#73960,1.);
#73980=LINE('',#73950,#73970);
#73990=EDGE_CURVE('',#72270,#73080,#73980,.T.);
#74000=ORIENTED_EDGE('',*,*,#73990,.F.);
#74010=ORIENTED_EDGE('',*,*,#73090,.T.);
#74020=ORIENTED_EDGE('',*,*,#73820,.T.);
#74030=ORIENTED_EDGE('',*,*,#72360,.F.);
#74040=EDGE_LOOP('',(#74030,#74020,#74010,#74000));
#74050=FACE_OUTER_BOUND('',#74040,.T.);
#74060=ADVANCED_FACE('',(#74050),#73940,.T.);
#74070=CARTESIAN_POINT('',(1.52,1.81999999999999,-0.024999999999999));
#74080=DIRECTION('',(0.,0.,-1.));
#74090=DIRECTION('',(1.,1.22460635382238E-16,0.));
#74100=AXIS2_PLACEMENT_3D('',#74070,#74080,#74090);
#74110=CYLINDRICAL_SURFACE('',#74100,0.0500000000000009);
#74120=CARTESIAN_POINT('',(1.52,1.86999999999999,-0.024999999999999));
#74130=DIRECTION('',(0.,0.,-1.));
#74140=VECTOR('',#74130,1.);
#74150=LINE('',#74120,#74140);
#74160=EDGE_CURVE('',#72180,#73170,#74150,.T.);
#74170=ORIENTED_EDGE('',*,*,#74160,.F.);
#74180=ORIENTED_EDGE('',*,*,#73180,.T.);
#74190=ORIENTED_EDGE('',*,*,#73990,.T.);
#74200=ORIENTED_EDGE('',*,*,#72280,.F.);
#74210=EDGE_LOOP('',(#74200,#74190,#74180,#74170));
#74220=FACE_OUTER_BOUND('',#74210,.T.);
#74230=ADVANCED_FACE('',(#74220),#74110,.F.);
#74240=CARTESIAN_POINT('',(1.52,1.86999999999999,-0.024999999999999));
#74250=DIRECTION('',(-6.40826303888332E-15,-1.,0.));
#74260=DIRECTION('',(1.,-6.40826303888332E-15,0.));
#74270=AXIS2_PLACEMENT_3D('',#74240,#74250,#74260);
#74280=PLANE('',#74270);
#74290=CARTESIAN_POINT('',(1.69000000000001,1.86999999999999,
-0.024999999999999));
#74300=DIRECTION('',(0.,0.,-1.));
#74310=VECTOR('',#74300,1.);
#74320=LINE('',#74290,#74310);
#74330=EDGE_CURVE('',#72100,#73250,#74320,.T.);
#74340=ORIENTED_EDGE('',*,*,#74330,.F.);
#74350=ORIENTED_EDGE('',*,*,#73260,.T.);
#74360=ORIENTED_EDGE('',*,*,#74160,.T.);
#74370=ORIENTED_EDGE('',*,*,#72190,.F.);
#74380=EDGE_LOOP('',(#74370,#74360,#74350,#74340));
#74390=FACE_OUTER_BOUND('',#74380,.T.);
#74400=ADVANCED_FACE('',(#74390),#74280,.T.);
#74410=CARTESIAN_POINT('',(1.69000000000001,1.86999999999999,
-0.024999999999999));
#74420=DIRECTION('',(1.,1.22460635382238E-16,-0.));
#74430=DIRECTION('',(-1.22460635382238E-16,1.,0.));
#74440=AXIS2_PLACEMENT_3D('',#74410,#74420,#74430);
#74450=PLANE('',#74440);
#74460=CARTESIAN_POINT('',(1.69,1.94999999999999,-0.024999999999999));
#74470=DIRECTION('',(0.,0.,-1.));
#74480=VECTOR('',#74470,1.);
#74490=LINE('',#74460,#74480);
#74500=EDGE_CURVE('',#72020,#73330,#74490,.T.);
#74510=ORIENTED_EDGE('',*,*,#74500,.F.);
#74520=ORIENTED_EDGE('',*,*,#73340,.T.);
#74530=ORIENTED_EDGE('',*,*,#74330,.T.);
#74540=ORIENTED_EDGE('',*,*,#72110,.F.);
#74550=EDGE_LOOP('',(#74540,#74530,#74520,#74510));
#74560=FACE_OUTER_BOUND('',#74550,.T.);
#74570=ADVANCED_FACE('',(#74560),#74450,.T.);
#74580=CARTESIAN_POINT('',(1.64,1.94999999999999,-0.024999999999999));
#74590=DIRECTION('',(0.,0.,-1.));
#74600=DIRECTION('',(1.,1.22460635382238E-16,0.));
#74610=AXIS2_PLACEMENT_3D('',#74580,#74590,#74600);
#74620=CYLINDRICAL_SURFACE('',#74610,0.05);
#74630=CARTESIAN_POINT('',(1.64,1.99999999999999,-0.024999999999999));
#74640=DIRECTION('',(0.,0.,-1.));
#74650=VECTOR('',#74640,1.);
#74660=LINE('',#74630,#74650);
#74670=EDGE_CURVE('',#71930,#73420,#74660,.T.);
#74680=ORIENTED_EDGE('',*,*,#74670,.F.);
#74690=ORIENTED_EDGE('',*,*,#73430,.F.);
#74700=ORIENTED_EDGE('',*,*,#74500,.T.);
#74710=ORIENTED_EDGE('',*,*,#72030,.T.);
#74720=EDGE_LOOP('',(#74710,#74700,#74690,#74680));
#74730=FACE_OUTER_BOUND('',#74720,.T.);
#74740=ADVANCED_FACE('',(#74730),#74620,.T.);
#74750=CARTESIAN_POINT('',(1.64,1.99999999999999,-0.024999999999999));
#74760=DIRECTION('',(-1.22460635382238E-16,1.,0.));
#74770=DIRECTION('',(-1.,-1.22460635382238E-16,0.));
#74780=AXIS2_PLACEMENT_3D('',#74750,#74760,#74770);
#74790=PLANE('',#74780);
#74800=ORIENTED_EDGE('',*,*,#72740,.F.);
#74810=ORIENTED_EDGE('',*,*,#73490,.T.);
#74820=ORIENTED_EDGE('',*,*,#74670,.T.);
#74830=ORIENTED_EDGE('',*,*,#71940,.F.);
#74840=EDGE_LOOP('',(#74830,#74820,#74810,#74800));
#74850=FACE_OUTER_BOUND('',#74840,.T.);
#74860=ADVANCED_FACE('',(#74850),#74790,.T.);
#74870=CARTESIAN_POINT('',(2.96101731916345,2.8223480408227,
-0.0249999999999991));
#74880=DIRECTION('',(0.,0.,1.));
#74890=DIRECTION('',(-1.,-1.22460635382238E-16,0.));
#74900=AXIS2_PLACEMENT_3D('',#74870,#74880,#74890);
#74910=PLANE('',#74900);
#74920=CARTESIAN_POINT('',(-0.554999999999995,-1.50000000000002,
-0.024999999999999));
#74930=DIRECTION('',(1.,1.22460635382238E-16,0.));
#74940=VECTOR('',#74930,1.);
#74950=LINE('',#74920,#74940);
#74960=CARTESIAN_POINT('',(-0.554999999999996,-1.50000000000001,
-0.024999999999999));
#74970=VERTEX_POINT('',#74960);
#74980=EDGE_CURVE('',#74970,#17030,#74950,.T.);
#74990=ORIENTED_EDGE('',*,*,#74980,.T.);
#75000=CARTESIAN_POINT('',(-0.554999999999995,-1.50000000000001,
-0.0249999999999991));
#75010=DIRECTION('',(-0.731939010275264,0.681370152881139,0.));
#75020=VECTOR('',#75010,1.);
#75030=LINE('',#75000,#75020);
#75040=CARTESIAN_POINT('',(-0.644946914281604,-1.41626741863069,
-0.0249999999999991));
#75050=VERTEX_POINT('',#75040);
#75060=EDGE_CURVE('',#74970,#75050,#75030,.T.);
#75070=ORIENTED_EDGE('',*,*,#75060,.F.);
#75080=CARTESIAN_POINT('',(-0.619999999999997,-1.38500000000002,
-0.0249999999999991));
#75090=DIRECTION('',(0.,0.,1.));
#75100=DIRECTION('',(-1.,-1.22460635382238E-16,0.));
#75110=AXIS2_PLACEMENT_3D('',#75080,#75090,#75100);
#75120=CIRCLE('',#75110,0.0399999999999978);
#75130=CARTESIAN_POINT('',(-0.659999999999996,-1.38500000000002,
-0.0249999999999991));
#75140=VERTEX_POINT('',#75130);
#75150=EDGE_CURVE('',#75140,#75050,#75120,.T.);
#75160=ORIENTED_EDGE('',*,*,#75150,.T.);
#75170=CARTESIAN_POINT('',(-0.609999999999996,-1.38500000000002,
-0.0249999999999991));
#75180=DIRECTION('',(0.,0.,1.));
#75190=DIRECTION('',(-1.,-1.22460635382238E-16,0.));
#75200=AXIS2_PLACEMENT_3D('',#75170,#75180,#75190);
#75210=CIRCLE('',#75200,0.0499999999999995);
#75220=CARTESIAN_POINT('',(-0.609870584701056,-1.3350001674835,
-0.0249999999999991));
#75230=VERTEX_POINT('',#75220);
#75240=EDGE_CURVE('',#75230,#75140,#75210,.T.);
#75250=ORIENTED_EDGE('',*,*,#75240,.T.);
#75260=CARTESIAN_POINT('',(-0.609870584701056,-1.3350001674835,
-0.0249999999999991));
#75270=DIRECTION('',(1.,1.22460635382238E-16,0.));
#75280=VECTOR('',#75270,1.);
#75290=LINE('',#75260,#75280);
#75300=CARTESIAN_POINT('',(-0.598843446820725,-1.3350001674835,
-0.0249999999999991));
#75310=VERTEX_POINT('',#75300);
#75320=EDGE_CURVE('',#75230,#75310,#75290,.T.);
#75330=ORIENTED_EDGE('',*,*,#75320,.F.);
#75340=CARTESIAN_POINT('',(-0.598843446820725,-1.2350001674835,
-0.0249999999999991));
#75350=DIRECTION('',(0.,0.,1.));
#75360=DIRECTION('',(-1.,-1.22460635382238E-16,0.));
#75370=AXIS2_PLACEMENT_3D('',#75340,#75350,#75360);
#75380=CIRCLE('',#75370,0.0999999999999996);
#75390=EDGE_CURVE('',#75310,#17130,#75380,.T.);
#75400=ORIENTED_EDGE('',*,*,#75390,.F.);
#75410=ORIENTED_EDGE('',*,*,#17140,.T.);
#75420=EDGE_LOOP('',(#75410,#75400,#75330,#75250,#75160,#75070,#74990));
#75430=FACE_OUTER_BOUND('',#75420,.T.);
#75440=ADVANCED_FACE('',(#75430),#74910,.T.);
#75450=CARTESIAN_POINT('',(-0.554999999999995,-1.50000000000001,
-0.144999999999999));
#75460=DIRECTION('',(-0.681370152881139,-0.731939010275264,-0.));
#75470=DIRECTION('',(-0.731939010275264,0.681370152881139,0.));
#75480=AXIS2_PLACEMENT_3D('',#75450,#75460,#75470);
#75490=PLANE('',#75480);
#75500=CARTESIAN_POINT('',(-0.644946914281604,-1.41626741863069,
-0.144999999999999));
#75510=DIRECTION('',(0.,0.,1.));
#75520=VECTOR('',#75510,1.);
#75530=LINE('',#75500,#75520);
#75540=CARTESIAN_POINT('',(-0.644946914281604,-1.41626741863069,
-0.144999999999999));
#75550=VERTEX_POINT('',#75540);
#75560=EDGE_CURVE('',#75550,#75050,#75530,.T.);
#75570=ORIENTED_EDGE('',*,*,#75560,.F.);
#75580=ORIENTED_EDGE('',*,*,#75060,.T.);
#75590=CARTESIAN_POINT('',(-0.554999999999995,-1.50000000000002,
-0.144999999999999));
#75600=DIRECTION('',(0.,0.,-1.));
#75610=VECTOR('',#75600,1.);
#75620=LINE('',#75590,#75610);
#75630=CARTESIAN_POINT('',(-0.554999999999996,-1.50000000000001,
-0.144999999999999));
#75640=VERTEX_POINT('',#75630);
#75650=EDGE_CURVE('',#74970,#75640,#75620,.T.);
#75660=ORIENTED_EDGE('',*,*,#75650,.F.);
#75670=CARTESIAN_POINT('',(-0.554999999999995,-1.50000000000001,
-0.144999999999999));
#75680=DIRECTION('',(-0.731939010275264,0.681370152881139,0.));
#75690=VECTOR('',#75680,1.);
#75700=LINE('',#75670,#75690);
#75710=EDGE_CURVE('',#75640,#75550,#75700,.T.);
#75720=ORIENTED_EDGE('',*,*,#75710,.F.);
#75730=EDGE_LOOP('',(#75720,#75660,#75580,#75570));
#75740=FACE_OUTER_BOUND('',#75730,.T.);
#75750=ADVANCED_FACE('',(#75740),#75490,.T.);
#75760=CARTESIAN_POINT('',(-0.619999999999997,-1.38500000000002,
-0.144999999999999));
#75770=DIRECTION('',(0.,0.,1.));
#75780=DIRECTION('',(-1.,-1.22460635382238E-16,0.));
#75790=AXIS2_PLACEMENT_3D('',#75760,#75770,#75780);
#75800=CYLINDRICAL_SURFACE('',#75790,0.0399999999999978);
#75810=CARTESIAN_POINT('',(-0.659999999999996,-1.38500000000002,
-0.144999999999999));
#75820=DIRECTION('',(0.,0.,1.));
#75830=VECTOR('',#75820,1.);
#75840=LINE('',#75810,#75830);
#75850=CARTESIAN_POINT('',(-0.659999999999996,-1.38500000000002,
-0.144999999999999));
#75860=VERTEX_POINT('',#75850);
#75870=EDGE_CURVE('',#75860,#75140,#75840,.T.);
#75880=ORIENTED_EDGE('',*,*,#75870,.F.);
#75890=ORIENTED_EDGE('',*,*,#75150,.F.);
#75900=ORIENTED_EDGE('',*,*,#75560,.T.);
#75910=CARTESIAN_POINT('',(-0.619999999999997,-1.38500000000002,
-0.144999999999999));
#75920=DIRECTION('',(0.,0.,1.));
#75930=DIRECTION('',(-1.,-1.22460635382238E-16,0.));
#75940=AXIS2_PLACEMENT_3D('',#75910,#75920,#75930);
#75950=CIRCLE('',#75940,0.0399999999999978);
#75960=EDGE_CURVE('',#75860,#75550,#75950,.T.);
#75970=ORIENTED_EDGE('',*,*,#75960,.T.);
#75980=EDGE_LOOP('',(#75970,#75900,#75890,#75880));
#75990=FACE_OUTER_BOUND('',#75980,.T.);
#76000=ADVANCED_FACE('',(#75990),#75800,.T.);
#76010=CARTESIAN_POINT('',(-0.609999999999996,-1.38500000000002,
-0.144999999999999));
#76020=DIRECTION('',(0.,0.,1.));
#76030=DIRECTION('',(-1.,-1.22460635382238E-16,0.));
#76040=AXIS2_PLACEMENT_3D('',#76010,#76020,#76030);
#76050=CYLINDRICAL_SURFACE('',#76040,0.0499999999999995);
#76060=CARTESIAN_POINT('',(-0.609870584701056,-1.3350001674835,
-0.144999999999999));
#76070=DIRECTION('',(0.,0.,1.));
#76080=VECTOR('',#76070,1.);
#76090=LINE('',#76060,#76080);
#76100=CARTESIAN_POINT('',(-0.609870584701056,-1.3350001674835,
-0.144999999999999));
#76110=VERTEX_POINT('',#76100);
#76120=EDGE_CURVE('',#76110,#75230,#76090,.T.);
#76130=ORIENTED_EDGE('',*,*,#76120,.F.);
#76140=ORIENTED_EDGE('',*,*,#75240,.F.);
#76150=ORIENTED_EDGE('',*,*,#75870,.T.);
#76160=CARTESIAN_POINT('',(-0.609999999999996,-1.38500000000002,
-0.144999999999999));
#76170=DIRECTION('',(0.,0.,1.));
#76180=DIRECTION('',(-1.,-1.22460635382238E-16,0.));
#76190=AXIS2_PLACEMENT_3D('',#76160,#76170,#76180);
#76200=CIRCLE('',#76190,0.0499999999999995);
#76210=EDGE_CURVE('',#76110,#75860,#76200,.T.);
#76220=ORIENTED_EDGE('',*,*,#76210,.T.);
#76230=EDGE_LOOP('',(#76220,#76150,#76140,#76130));
#76240=FACE_OUTER_BOUND('',#76230,.T.);
#76250=ADVANCED_FACE('',(#76240),#76050,.T.);
#76260=CARTESIAN_POINT('',(-0.609870584701056,-1.3350001674835,
-0.144999999999999));
#76270=DIRECTION('',(-1.22460635382238E-16,1.,0.));
#76280=DIRECTION('',(1.,1.22460635382238E-16,0.));
#76290=AXIS2_PLACEMENT_3D('',#76260,#76270,#76280);
#76300=PLANE('',#76290);
#76310=CARTESIAN_POINT('',(-0.598843446820725,-1.3350001674835,
-0.144999999999999));
#76320=DIRECTION('',(0.,0.,1.));
#76330=VECTOR('',#76320,1.);
#76340=LINE('',#76310,#76330);
#76350=CARTESIAN_POINT('',(-0.598843446820725,-1.3350001674835,
-0.144999999999999));
#76360=VERTEX_POINT('',#76350);
#76370=EDGE_CURVE('',#76360,#75310,#76340,.T.);
#76380=ORIENTED_EDGE('',*,*,#76370,.F.);
#76390=ORIENTED_EDGE('',*,*,#75320,.T.);
#76400=ORIENTED_EDGE('',*,*,#76120,.T.);
#76410=CARTESIAN_POINT('',(-0.609870584701056,-1.3350001674835,
-0.144999999999999));
#76420=DIRECTION('',(1.,1.22460635382238E-16,0.));
#76430=VECTOR('',#76420,1.);
#76440=LINE('',#76410,#76430);
#76450=EDGE_CURVE('',#76110,#76360,#76440,.T.);
#76460=ORIENTED_EDGE('',*,*,#76450,.F.);
#76470=EDGE_LOOP('',(#76460,#76400,#76390,#76380));
#76480=FACE_OUTER_BOUND('',#76470,.T.);
#76490=ADVANCED_FACE('',(#76480),#76300,.T.);
#76500=CARTESIAN_POINT('',(-0.598843446820725,-1.2350001674835,
-0.144999999999999));
#76510=DIRECTION('',(0.,0.,1.));
#76520=DIRECTION('',(-1.,-1.22460635382238E-16,0.));
#76530=AXIS2_PLACEMENT_3D('',#76500,#76510,#76520);
#76540=CYLINDRICAL_SURFACE('',#76530,0.0999999999999996);
#76550=ORIENTED_EDGE('',*,*,#75390,.T.);
#76560=ORIENTED_EDGE('',*,*,#76370,.T.);
#76570=CARTESIAN_POINT('',(-0.598843446820725,-1.2350001674835,
-0.144999999999999));
#76580=DIRECTION('',(0.,0.,1.));
#76590=DIRECTION('',(-1.,-1.22460635382238E-16,0.));
#76600=AXIS2_PLACEMENT_3D('',#76570,#76580,#76590);
#76610=CIRCLE('',#76600,0.0999999999999996);
#76620=EDGE_CURVE('',#76360,#17210,#76610,.T.);
#76630=ORIENTED_EDGE('',*,*,#76620,.F.);
#76640=ORIENTED_EDGE('',*,*,#17220,.F.);
#76650=EDGE_LOOP('',(#76640,#76630,#76560,#76550));
#76660=FACE_OUTER_BOUND('',#76650,.T.);
#76670=ADVANCED_FACE('',(#76660),#76540,.F.);
#76680=CARTESIAN_POINT('',(-0.554999999999995,-1.50000000000002,
-0.144999999999999));
#76690=DIRECTION('',(-1.22460635382238E-16,1.,0.));
#76700=DIRECTION('',(-1.,-1.22460635382238E-16,0.));
#76710=AXIS2_PLACEMENT_3D('',#76680,#76690,#76700);
#76720=PLANE('',#76710);
#76730=CARTESIAN_POINT('',(-0.554999999999995,-1.50000000000002,
-0.144999999999999));
#76740=DIRECTION('',(1.,1.22460635382238E-16,0.));
#76750=VECTOR('',#76740,1.);
#76760=LINE('',#76730,#76750);
#76770=EDGE_CURVE('',#75640,#17050,#76760,.T.);
#76780=ORIENTED_EDGE('',*,*,#76770,.T.);
#76790=ORIENTED_EDGE('',*,*,#75650,.T.);
#76800=ORIENTED_EDGE('',*,*,#74980,.F.);
#76810=ORIENTED_EDGE('',*,*,#17060,.F.);
#76820=EDGE_LOOP('',(#76810,#76800,#76790,#76780));
#76830=FACE_OUTER_BOUND('',#76820,.T.);
#76840=ADVANCED_FACE('',(#76830),#76720,.F.);
#76850=CARTESIAN_POINT('',(2.96101731916345,2.8223480408227,
-0.144999999999999));
#76860=DIRECTION('',(0.,0.,1.));
#76870=DIRECTION('',(-1.,-1.22460635382238E-16,0.));
#76880=AXIS2_PLACEMENT_3D('',#76850,#76860,#76870);
#76890=PLANE('',#76880);
#76900=ORIENTED_EDGE('',*,*,#76620,.T.);
#76910=ORIENTED_EDGE('',*,*,#76450,.T.);
#76920=ORIENTED_EDGE('',*,*,#76210,.F.);
#76930=ORIENTED_EDGE('',*,*,#75960,.F.);
#76940=ORIENTED_EDGE('',*,*,#75710,.T.);
#76950=ORIENTED_EDGE('',*,*,#76770,.F.);
#76960=ORIENTED_EDGE('',*,*,#17280,.F.);
#76970=EDGE_LOOP('',(#76960,#76950,#76940,#76930,#76920,#76910,#76900));
#76980=FACE_OUTER_BOUND('',#76970,.T.);
#76990=ADVANCED_FACE('',(#76980),#76890,.F.);
#77000=CARTESIAN_POINT('',(2.96101731916345,3.3223480408227,
-0.144999999999999));
#77010=DIRECTION('',(0.,0.,1.));
#77020=DIRECTION('',(-1.,-1.22460635382238E-16,0.));
#77030=AXIS2_PLACEMENT_3D('',#77000,#77010,#77020);
#77040=PLANE('',#77030);
#77050=CARTESIAN_POINT('',(-1.39,1.99999999999999,-0.144999999999999));
#77060=DIRECTION('',(0.719844295420684,-0.694135570584233,0.));
#77070=VECTOR('',#77060,1.);
#77080=LINE('',#77050,#77070);
#77090=CARTESIAN_POINT('',(-1.39,1.99999999999999,-0.144999999999999));
#77100=VERTEX_POINT('',#77090);
#77110=EDGE_CURVE('',#77100,#20970,#77080,.T.);
#77120=ORIENTED_EDGE('',*,*,#77110,.T.);
#77130=CARTESIAN_POINT('',(-1.64,1.99999999999999,-0.144999999999999));
#77140=DIRECTION('',(1.,1.22460635382238E-16,0.));
#77150=VECTOR('',#77140,1.);
#77160=LINE('',#77130,#77150);
#77170=CARTESIAN_POINT('',(-1.64,1.99999999999999,-0.144999999999999));
#77180=VERTEX_POINT('',#77170);
#77190=EDGE_CURVE('',#77180,#77100,#77160,.T.);
#77200=ORIENTED_EDGE('',*,*,#77190,.T.);
#77210=CARTESIAN_POINT('',(-1.64,1.94999999999999,-0.144999999999999));
#77220=DIRECTION('',(0.,0.,1.));
#77230=DIRECTION('',(-1.,-1.22460635382238E-16,0.));
#77240=AXIS2_PLACEMENT_3D('',#77210,#77220,#77230);
#77250=CIRCLE('',#77240,0.05);
#77260=CARTESIAN_POINT('',(-1.69,1.94999999999999,-0.144999999999999));
#77270=VERTEX_POINT('',#77260);
#77280=EDGE_CURVE('',#77180,#77270,#77250,.T.);
#77290=ORIENTED_EDGE('',*,*,#77280,.F.);
#77300=CARTESIAN_POINT('',(-1.69,1.86999999999999,-0.144999999999999));
#77310=DIRECTION('',(-1.22460635382238E-16,1.,0.));
#77320=VECTOR('',#77310,1.);
#77330=LINE('',#77300,#77320);
#77340=CARTESIAN_POINT('',(-1.69,1.86999999999999,-0.144999999999999));
#77350=VERTEX_POINT('',#77340);
#77360=EDGE_CURVE('',#77350,#77270,#77330,.T.);
#77370=ORIENTED_EDGE('',*,*,#77360,.T.);
#77380=CARTESIAN_POINT('',(-1.52,1.86999999999999,-0.144999999999999));
#77390=DIRECTION('',(-1.,-6.6531843096478E-15,0.));
#77400=VECTOR('',#77390,1.);
#77410=LINE('',#77380,#77400);
#77420=CARTESIAN_POINT('',(-1.52,1.86999999999999,-0.144999999999999));
#77430=VERTEX_POINT('',#77420);
#77440=EDGE_CURVE('',#77430,#77350,#77410,.T.);
#77450=ORIENTED_EDGE('',*,*,#77440,.T.);
#77460=CARTESIAN_POINT('',(-1.52,1.81999999999999,-0.144999999999999));
#77470=DIRECTION('',(0.,0.,1.));
#77480=DIRECTION('',(-1.,-1.22460635382238E-16,0.));
#77490=AXIS2_PLACEMENT_3D('',#77460,#77470,#77480);
#77500=CIRCLE('',#77490,0.0500000000000009);
#77510=CARTESIAN_POINT('',(-1.47497605610577,1.79825501261876,
-0.144999999999999));
#77520=VERTEX_POINT('',#77510);
#77530=EDGE_CURVE('',#77520,#77430,#77500,.T.);
#77540=ORIENTED_EDGE('',*,*,#77530,.T.);
#77550=CARTESIAN_POINT('',(-1.49502394389422,1.75674498738121,
-0.144999999999999));
#77560=DIRECTION('',(0.434899747624548,0.900478877884487,0.));
#77570=VECTOR('',#77560,1.);
#77580=LINE('',#77550,#77570);
#77590=CARTESIAN_POINT('',(-1.49502394389422,1.75674498738121,
-0.144999999999999));
#77600=VERTEX_POINT('',#77590);
#77610=EDGE_CURVE('',#77600,#77520,#77580,.T.);
#77620=ORIENTED_EDGE('',*,*,#77610,.T.);
#77630=CARTESIAN_POINT('',(-1.45,1.73499999999999,-0.144999999999999));
#77640=DIRECTION('',(0.,0.,1.));
#77650=DIRECTION('',(-1.,-1.22460635382238E-16,0.));
#77660=AXIS2_PLACEMENT_3D('',#77630,#77640,#77650);
#77670=CIRCLE('',#77660,0.0499999999999998);
#77680=CARTESIAN_POINT('',(-1.45,1.68499999999999,-0.144999999999999));
#77690=VERTEX_POINT('',#77680);
#77700=EDGE_CURVE('',#77600,#77690,#77670,.T.);
#77710=ORIENTED_EDGE('',*,*,#77700,.F.);
#77720=CARTESIAN_POINT('',(-1.32,1.68499999999999,-0.144999999999999));
#77730=DIRECTION('',(-1.,-1.22460635382238E-16,0.));
#77740=VECTOR('',#77730,1.);
#77750=LINE('',#77720,#77740);
#77760=EDGE_CURVE('',#20790,#77690,#77750,.T.);
#77770=ORIENTED_EDGE('',*,*,#77760,.T.);
#77780=ORIENTED_EDGE('',*,*,#21040,.F.);
#77790=EDGE_LOOP('',(#77780,#77770,#77710,#77620,#77540,#77450,#77370,
#77290,#77200,#77120));
#77800=FACE_OUTER_BOUND('',#77790,.T.);
#77810=ADVANCED_FACE('',(#77800),#77040,.F.);
#77820=CARTESIAN_POINT('',(-1.32,1.68499999999999,-0.144999999999999));
#77830=DIRECTION('',(1.22460635382238E-16,-1.,0.));
#77840=DIRECTION('',(-1.,-1.22460635382238E-16,0.));
#77850=AXIS2_PLACEMENT_3D('',#77820,#77830,#77840);
#77860=PLANE('',#77850);
#77870=CARTESIAN_POINT('',(-1.45,1.68499999999999,-0.144999999999999));
#77880=DIRECTION('',(0.,0.,1.));
#77890=VECTOR('',#77880,1.);
#77900=LINE('',#77870,#77890);
#77910=CARTESIAN_POINT('',(-1.45,1.68499999999999,-0.0249999999999991));
#77920=VERTEX_POINT('',#77910);
#77930=EDGE_CURVE('',#77690,#77920,#77900,.T.);
#77940=ORIENTED_EDGE('',*,*,#77930,.F.);
#77950=CARTESIAN_POINT('',(-1.32,1.68499999999999,-0.0249999999999991));
#77960=DIRECTION('',(-1.,-1.22460635382238E-16,0.));
#77970=VECTOR('',#77960,1.);
#77980=LINE('',#77950,#77970);
#77990=EDGE_CURVE('',#20810,#77920,#77980,.T.);
#78000=ORIENTED_EDGE('',*,*,#77990,.T.);
#78010=ORIENTED_EDGE('',*,*,#20820,.T.);
#78020=ORIENTED_EDGE('',*,*,#77760,.F.);
#78030=EDGE_LOOP('',(#78020,#78010,#78000,#77940));
#78040=FACE_OUTER_BOUND('',#78030,.T.);
#78050=ADVANCED_FACE('',(#78040),#77860,.T.);
#78060=CARTESIAN_POINT('',(2.96101731916345,3.3223480408227,
-0.0249999999999991));
#78070=DIRECTION('',(0.,0.,1.));
#78080=DIRECTION('',(-1.,-1.22460635382238E-16,0.));
#78090=AXIS2_PLACEMENT_3D('',#78060,#78070,#78080);
#78100=PLANE('',#78090);
#78110=ORIENTED_EDGE('',*,*,#77990,.F.);
#78120=CARTESIAN_POINT('',(-1.45,1.73499999999999,-0.0249999999999991));
#78130=DIRECTION('',(0.,0.,1.));
#78140=DIRECTION('',(-1.,-1.22460635382238E-16,0.));
#78150=AXIS2_PLACEMENT_3D('',#78120,#78130,#78140);
#78160=CIRCLE('',#78150,0.0499999999999998);
#78170=CARTESIAN_POINT('',(-1.49502394389422,1.75674498738121,
-0.0249999999999991));
#78180=VERTEX_POINT('',#78170);
#78190=EDGE_CURVE('',#78180,#77920,#78160,.T.);
#78200=ORIENTED_EDGE('',*,*,#78190,.T.);
#78210=CARTESIAN_POINT('',(-1.49502394389422,1.75674498738121,
-0.0249999999999991));
#78220=DIRECTION('',(0.434899747624548,0.900478877884487,0.));
#78230=VECTOR('',#78220,1.);
#78240=LINE('',#78210,#78230);
#78250=CARTESIAN_POINT('',(-1.47497605610577,1.79825501261876,
-0.0249999999999991));
#78260=VERTEX_POINT('',#78250);
#78270=EDGE_CURVE('',#78180,#78260,#78240,.T.);
#78280=ORIENTED_EDGE('',*,*,#78270,.F.);
#78290=CARTESIAN_POINT('',(-1.52,1.81999999999999,-0.0249999999999991));
#78300=DIRECTION('',(0.,0.,1.));
#78310=DIRECTION('',(-1.,-1.22460635382238E-16,0.));
#78320=AXIS2_PLACEMENT_3D('',#78290,#78300,#78310);
#78330=CIRCLE('',#78320,0.0500000000000009);
#78340=CARTESIAN_POINT('',(-1.52,1.86999999999999,-0.0249999999999991));
#78350=VERTEX_POINT('',#78340);
#78360=EDGE_CURVE('',#78260,#78350,#78330,.T.);
#78370=ORIENTED_EDGE('',*,*,#78360,.F.);
#78380=CARTESIAN_POINT('',(-1.52,1.86999999999999,-0.0249999999999991));
#78390=DIRECTION('',(-1.,-6.6531843096478E-15,0.));
#78400=VECTOR('',#78390,1.);
#78410=LINE('',#78380,#78400);
#78420=CARTESIAN_POINT('',(-1.69,1.86999999999999,-0.0249999999999991));
#78430=VERTEX_POINT('',#78420);
#78440=EDGE_CURVE('',#78350,#78430,#78410,.T.);
#78450=ORIENTED_EDGE('',*,*,#78440,.F.);
#78460=CARTESIAN_POINT('',(-1.69,1.86999999999999,-0.0249999999999991));
#78470=DIRECTION('',(-1.22460635382238E-16,1.,0.));
#78480=VECTOR('',#78470,1.);
#78490=LINE('',#78460,#78480);
#78500=CARTESIAN_POINT('',(-1.69,1.94999999999999,-0.0249999999999991));
#78510=VERTEX_POINT('',#78500);
#78520=EDGE_CURVE('',#78430,#78510,#78490,.T.);
#78530=ORIENTED_EDGE('',*,*,#78520,.F.);
#78540=CARTESIAN_POINT('',(-1.64,1.94999999999999,-0.0249999999999991));
#78550=DIRECTION('',(0.,0.,1.));
#78560=DIRECTION('',(-1.,-1.22460635382238E-16,0.));
#78570=AXIS2_PLACEMENT_3D('',#78540,#78550,#78560);
#78580=CIRCLE('',#78570,0.05);
#78590=CARTESIAN_POINT('',(-1.64,1.99999999999999,-0.0249999999999991));
#78600=VERTEX_POINT('',#78590);
#78610=EDGE_CURVE('',#78600,#78510,#78580,.T.);
#78620=ORIENTED_EDGE('',*,*,#78610,.T.);
#78630=CARTESIAN_POINT('',(-1.64,1.99999999999999,-0.0249999999999991));
#78640=DIRECTION('',(1.,1.22460635382238E-16,0.));
#78650=VECTOR('',#78640,1.);
#78660=LINE('',#78630,#78650);
#78670=CARTESIAN_POINT('',(-1.39,1.99999999999999,-0.0249999999999991));
#78680=VERTEX_POINT('',#78670);
#78690=EDGE_CURVE('',#78600,#78680,#78660,.T.);
#78700=ORIENTED_EDGE('',*,*,#78690,.F.);
#78710=CARTESIAN_POINT('',(-1.39,1.99999999999999,-0.0249999999999991));
#78720=DIRECTION('',(0.719844295420684,-0.694135570584233,0.));
#78730=VECTOR('',#78720,1.);
#78740=LINE('',#78710,#78730);
#78750=EDGE_CURVE('',#78680,#20890,#78740,.T.);
#78760=ORIENTED_EDGE('',*,*,#78750,.F.);
#78770=ORIENTED_EDGE('',*,*,#20900,.T.);
#78780=EDGE_LOOP('',(#78770,#78760,#78700,#78620,#78530,#78450,#78370,
#78280,#78200,#78110));
#78790=FACE_OUTER_BOUND('',#78780,.T.);
#78800=ADVANCED_FACE('',(#78790),#78100,.T.);
#78810=CARTESIAN_POINT('',(-1.39,1.99999999999999,-0.144999999999999));
#78820=DIRECTION('',(0.694135570584233,0.719844295420684,0.));
#78830=DIRECTION('',(0.719844295420684,-0.694135570584233,0.));
#78840=AXIS2_PLACEMENT_3D('',#78810,#78820,#78830);
#78850=PLANE('',#78840);
#78860=ORIENTED_EDGE('',*,*,#78750,.T.);
#78870=CARTESIAN_POINT('',(-1.39,1.99999999999999,-0.144999999999999));
#78880=DIRECTION('',(0.,0.,1.));
#78890=VECTOR('',#78880,1.);
#78900=LINE('',#78870,#78890);
#78910=EDGE_CURVE('',#77100,#78680,#78900,.T.);
#78920=ORIENTED_EDGE('',*,*,#78910,.T.);
#78930=ORIENTED_EDGE('',*,*,#77110,.F.);
#78940=ORIENTED_EDGE('',*,*,#20980,.T.);
#78950=EDGE_LOOP('',(#78940,#78930,#78920,#78860));
#78960=FACE_OUTER_BOUND('',#78950,.T.);
#78970=ADVANCED_FACE('',(#78960),#78850,.T.);
#78980=CARTESIAN_POINT('',(-1.64,1.99999999999999,-0.144999999999999));
#78990=DIRECTION('',(-1.22460635382238E-16,1.,0.));
#79000=DIRECTION('',(1.,1.22460635382238E-16,0.));
#79010=AXIS2_PLACEMENT_3D('',#78980,#78990,#79000);
#79020=PLANE('',#79010);
#79030=ORIENTED_EDGE('',*,*,#78910,.F.);
#79040=ORIENTED_EDGE('',*,*,#78690,.T.);
#79050=CARTESIAN_POINT('',(-1.64,1.99999999999999,-0.144999999999999));
#79060=DIRECTION('',(0.,0.,1.));
#79070=VECTOR('',#79060,1.);
#79080=LINE('',#79050,#79070);
#79090=EDGE_CURVE('',#77180,#78600,#79080,.T.);
#79100=ORIENTED_EDGE('',*,*,#79090,.T.);
#79110=ORIENTED_EDGE('',*,*,#77190,.F.);
#79120=EDGE_LOOP('',(#79110,#79100,#79040,#79030));
#79130=FACE_OUTER_BOUND('',#79120,.T.);
#79140=ADVANCED_FACE('',(#79130),#79020,.T.);
#79150=CARTESIAN_POINT('',(-1.64,1.94999999999999,-0.144999999999999));
#79160=DIRECTION('',(0.,0.,1.));
#79170=DIRECTION('',(-1.,-1.22460635382238E-16,0.));
#79180=AXIS2_PLACEMENT_3D('',#79150,#79160,#79170);
#79190=CYLINDRICAL_SURFACE('',#79180,0.05);
#79200=ORIENTED_EDGE('',*,*,#79090,.F.);
#79210=ORIENTED_EDGE('',*,*,#78610,.F.);
#79220=CARTESIAN_POINT('',(-1.69,1.94999999999999,-0.144999999999999));
#79230=DIRECTION('',(0.,0.,1.));
#79240=VECTOR('',#79230,1.);
#79250=LINE('',#79220,#79240);
#79260=EDGE_CURVE('',#77270,#78510,#79250,.T.);
#79270=ORIENTED_EDGE('',*,*,#79260,.T.);
#79280=ORIENTED_EDGE('',*,*,#77280,.T.);
#79290=EDGE_LOOP('',(#79280,#79270,#79210,#79200));
#79300=FACE_OUTER_BOUND('',#79290,.T.);
#79310=ADVANCED_FACE('',(#79300),#79190,.T.);
#79320=CARTESIAN_POINT('',(-1.69,1.86999999999999,-0.144999999999999));
#79330=DIRECTION('',(-1.,-1.22460635382238E-16,-0.));
#79340=DIRECTION('',(-1.22460635382238E-16,1.,0.));
#79350=AXIS2_PLACEMENT_3D('',#79320,#79330,#79340);
#79360=PLANE('',#79350);
#79370=ORIENTED_EDGE('',*,*,#79260,.F.);
#79380=ORIENTED_EDGE('',*,*,#78520,.T.);
#79390=CARTESIAN_POINT('',(-1.69,1.86999999999999,-0.144999999999999));
#79400=DIRECTION('',(0.,0.,1.));
#79410=VECTOR('',#79400,1.);
#79420=LINE('',#79390,#79410);
#79430=EDGE_CURVE('',#77350,#78430,#79420,.T.);
#79440=ORIENTED_EDGE('',*,*,#79430,.T.);
#79450=ORIENTED_EDGE('',*,*,#77360,.F.);
#79460=EDGE_LOOP('',(#79450,#79440,#79380,#79370));
#79470=FACE_OUTER_BOUND('',#79460,.T.);
#79480=ADVANCED_FACE('',(#79470),#79360,.T.);
#79490=CARTESIAN_POINT('',(-1.52,1.86999999999999,-0.144999999999999));
#79500=DIRECTION('',(6.6531843096478E-15,-1.,0.));
#79510=DIRECTION('',(-1.,-6.6531843096478E-15,0.));
#79520=AXIS2_PLACEMENT_3D('',#79490,#79500,#79510);
#79530=PLANE('',#79520);
#79540=ORIENTED_EDGE('',*,*,#79430,.F.);
#79550=ORIENTED_EDGE('',*,*,#78440,.T.);
#79560=CARTESIAN_POINT('',(-1.52,1.86999999999999,-0.144999999999999));
#79570=DIRECTION('',(0.,0.,1.));
#79580=VECTOR('',#79570,1.);
#79590=LINE('',#79560,#79580);
#79600=EDGE_CURVE('',#77430,#78350,#79590,.T.);
#79610=ORIENTED_EDGE('',*,*,#79600,.T.);
#79620=ORIENTED_EDGE('',*,*,#77440,.F.);
#79630=EDGE_LOOP('',(#79620,#79610,#79550,#79540));
#79640=FACE_OUTER_BOUND('',#79630,.T.);
#79650=ADVANCED_FACE('',(#79640),#79530,.T.);
#79660=CARTESIAN_POINT('',(-1.52,1.81999999999999,-0.144999999999999));
#79670=DIRECTION('',(0.,0.,1.));
#79680=DIRECTION('',(-1.,-1.22460635382238E-16,0.));
#79690=AXIS2_PLACEMENT_3D('',#79660,#79670,#79680);
#79700=CYLINDRICAL_SURFACE('',#79690,0.0500000000000009);
#79710=ORIENTED_EDGE('',*,*,#79600,.F.);
#79720=ORIENTED_EDGE('',*,*,#78360,.T.);
#79730=CARTESIAN_POINT('',(-1.47497605610577,1.79825501261876,
-0.144999999999999));
#79740=DIRECTION('',(0.,0.,1.));
#79750=VECTOR('',#79740,1.);
#79760=LINE('',#79730,#79750);
#79770=EDGE_CURVE('',#77520,#78260,#79760,.T.);
#79780=ORIENTED_EDGE('',*,*,#79770,.T.);
#79790=ORIENTED_EDGE('',*,*,#77530,.F.);
#79800=EDGE_LOOP('',(#79790,#79780,#79720,#79710));
#79810=FACE_OUTER_BOUND('',#79800,.T.);
#79820=ADVANCED_FACE('',(#79810),#79700,.F.);
#79830=CARTESIAN_POINT('',(-1.49502394389422,1.75674498738121,
-0.144999999999999));
#79840=DIRECTION('',(-0.900478877884487,0.434899747624548,0.));
#79850=DIRECTION('',(0.434899747624548,0.900478877884487,0.));
#79860=AXIS2_PLACEMENT_3D('',#79830,#79840,#79850);
#79870=PLANE('',#79860);
#79880=ORIENTED_EDGE('',*,*,#79770,.F.);
#79890=ORIENTED_EDGE('',*,*,#78270,.T.);
#79900=CARTESIAN_POINT('',(-1.49502394389422,1.75674498738121,
-0.144999999999999));
#79910=DIRECTION('',(0.,0.,1.));
#79920=VECTOR('',#79910,1.);
#79930=LINE('',#79900,#79920);
#79940=EDGE_CURVE('',#77600,#78180,#79930,.T.);
#79950=ORIENTED_EDGE('',*,*,#79940,.T.);
#79960=ORIENTED_EDGE('',*,*,#77610,.F.);
#79970=EDGE_LOOP('',(#79960,#79950,#79890,#79880));
#79980=FACE_OUTER_BOUND('',#79970,.T.);
#79990=ADVANCED_FACE('',(#79980),#79870,.T.);
#80000=CARTESIAN_POINT('',(-1.45,1.73499999999999,-0.144999999999999));
#80010=DIRECTION('',(0.,0.,1.));
#80020=DIRECTION('',(-1.,-1.22460635382238E-16,0.));
#80030=AXIS2_PLACEMENT_3D('',#80000,#80010,#80020);
#80040=CYLINDRICAL_SURFACE('',#80030,0.0499999999999998);
#80050=ORIENTED_EDGE('',*,*,#79940,.F.);
#80060=ORIENTED_EDGE('',*,*,#78190,.F.);
#80070=ORIENTED_EDGE('',*,*,#77930,.T.);
#80080=ORIENTED_EDGE('',*,*,#77700,.T.);
#80090=EDGE_LOOP('',(#80080,#80070,#80060,#80050));
#80100=FACE_OUTER_BOUND('',#80090,.T.);
#80110=ADVANCED_FACE('',(#80100),#80040,.T.);
#80120=CARTESIAN_POINT('',(2.96101731916345,2.8223480408227,-3.345));
#80130=DIRECTION('',(0.,0.,1.));
#80140=DIRECTION('',(-1.,-1.22460635382238E-16,0.));
#80150=AXIS2_PLACEMENT_3D('',#80120,#80130,#80140);
#80160=PLANE('',#80150);
#80170=CARTESIAN_POINT('',(-0.598843446820725,-1.2350001674835,-3.345));
#80180=DIRECTION('',(0.,0.,1.));
#80190=DIRECTION('',(-1.,-1.22460635382238E-16,0.));
#80200=AXIS2_PLACEMENT_3D('',#80170,#80180,#80190);
#80210=CIRCLE('',#80200,0.0999999999999996);
#80220=CARTESIAN_POINT('',(-0.598843446820725,-1.3350001674835,-3.345));
#80230=VERTEX_POINT('',#80220);
#80240=EDGE_CURVE('',#80230,#16790,#80210,.T.);
#80250=ORIENTED_EDGE('',*,*,#80240,.T.);
#80260=CARTESIAN_POINT('',(-0.609870584701056,-1.3350001674835,-3.345));
#80270=DIRECTION('',(1.,1.22460635382238E-16,0.));
#80280=VECTOR('',#80270,1.);
#80290=LINE('',#80260,#80280);
#80300=CARTESIAN_POINT('',(-0.609870584701056,-1.3350001674835,-3.345));
#80310=VERTEX_POINT('',#80300);
#80320=EDGE_CURVE('',#80310,#80230,#80290,.T.);
#80330=ORIENTED_EDGE('',*,*,#80320,.T.);
#80340=CARTESIAN_POINT('',(-0.609999999999996,-1.38500000000002,-3.345))
;
#80350=DIRECTION('',(0.,0.,1.));
#80360=DIRECTION('',(-1.,-1.22460635382238E-16,0.));
#80370=AXIS2_PLACEMENT_3D('',#80340,#80350,#80360);
#80380=CIRCLE('',#80370,0.0499999999999995);
#80390=CARTESIAN_POINT('',(-0.659999999999996,-1.38500000000002,-3.345))
;
#80400=VERTEX_POINT('',#80390);
#80410=EDGE_CURVE('',#80310,#80400,#80380,.T.);
#80420=ORIENTED_EDGE('',*,*,#80410,.F.);
#80430=CARTESIAN_POINT('',(-0.619999999999997,-1.38500000000002,-3.345))
;
#80440=DIRECTION('',(0.,0.,1.));
#80450=DIRECTION('',(-1.,-1.22460635382238E-16,0.));
#80460=AXIS2_PLACEMENT_3D('',#80430,#80440,#80450);
#80470=CIRCLE('',#80460,0.0399999999999978);
#80480=CARTESIAN_POINT('',(-0.644946914281604,-1.41626741863069,-3.345))
;
#80490=VERTEX_POINT('',#80480);
#80500=EDGE_CURVE('',#80400,#80490,#80470,.T.);
#80510=ORIENTED_EDGE('',*,*,#80500,.F.);
#80520=CARTESIAN_POINT('',(-0.554999999999995,-1.50000000000001,-3.345))
;
#80530=DIRECTION('',(-0.731939010275264,0.681370152881139,0.));
#80540=VECTOR('',#80530,1.);
#80550=LINE('',#80520,#80540);
#80560=CARTESIAN_POINT('',(-0.554999999999996,-1.50000000000001,-3.345))
;
#80570=VERTEX_POINT('',#80560);
#80580=EDGE_CURVE('',#80570,#80490,#80550,.T.);
#80590=ORIENTED_EDGE('',*,*,#80580,.T.);
#80600=CARTESIAN_POINT('',(-0.554999999999995,-1.50000000000002,-3.345))
;
#80610=DIRECTION('',(1.,1.22460635382238E-16,0.));
#80620=VECTOR('',#80610,1.);
#80630=LINE('',#80600,#80620);
#80640=EDGE_CURVE('',#80570,#16870,#80630,.T.);
#80650=ORIENTED_EDGE('',*,*,#80640,.F.);
#80660=ORIENTED_EDGE('',*,*,#16880,.F.);
#80670=EDGE_LOOP('',(#80660,#80650,#80590,#80510,#80420,#80330,#80250));
#80680=FACE_OUTER_BOUND('',#80670,.T.);
#80690=ADVANCED_FACE('',(#80680),#80160,.F.);
#80700=CARTESIAN_POINT('',(-0.598843446820725,-1.2350001674835,-3.345));
#80710=DIRECTION('',(0.,0.,1.));
#80720=DIRECTION('',(-1.,-1.22460635382238E-16,0.));
#80730=AXIS2_PLACEMENT_3D('',#80700,#80710,#80720);
#80740=CYLINDRICAL_SURFACE('',#80730,0.0999999999999996);
#80750=CARTESIAN_POINT('',(-0.598843446820725,-1.2350001674835,-3.225));
#80760=DIRECTION('',(0.,0.,1.));
#80770=DIRECTION('',(-1.,-1.22460635382238E-16,0.));
#80780=AXIS2_PLACEMENT_3D('',#80750,#80760,#80770);
#80790=CIRCLE('',#80780,0.0999999999999996);
#80800=CARTESIAN_POINT('',(-0.598843446820725,-1.3350001674835,-3.225));
#80810=VERTEX_POINT('',#80800);
#80820=EDGE_CURVE('',#80810,#16710,#80790,.T.);
#80830=ORIENTED_EDGE('',*,*,#80820,.T.);
#80840=CARTESIAN_POINT('',(-0.598843446820725,-1.3350001674835,-3.345));
#80850=DIRECTION('',(0.,0.,1.));
#80860=VECTOR('',#80850,1.);
#80870=LINE('',#80840,#80860);
#80880=EDGE_CURVE('',#80230,#80810,#80870,.T.);
#80890=ORIENTED_EDGE('',*,*,#80880,.T.);
#80900=ORIENTED_EDGE('',*,*,#80240,.F.);
#80910=ORIENTED_EDGE('',*,*,#16800,.F.);
#80920=EDGE_LOOP('',(#80910,#80900,#80890,#80830));
#80930=FACE_OUTER_BOUND('',#80920,.T.);
#80940=ADVANCED_FACE('',(#80930),#80740,.F.);
#80950=CARTESIAN_POINT('',(2.96101731916345,2.8223480408227,-3.225));
#80960=DIRECTION('',(0.,0.,1.));
#80970=DIRECTION('',(-1.,-1.22460635382238E-16,0.));
#80980=AXIS2_PLACEMENT_3D('',#80950,#80960,#80970);
#80990=PLANE('',#80980);
#81000=CARTESIAN_POINT('',(-0.554999999999995,-1.50000000000002,-3.225))
;
#81010=DIRECTION('',(1.,1.22460635382238E-16,0.));
#81020=VECTOR('',#81010,1.);
#81030=LINE('',#81000,#81020);
#81040=CARTESIAN_POINT('',(-0.554999999999996,-1.50000000000001,-3.225))
;
#81050=VERTEX_POINT('',#81040);
#81060=EDGE_CURVE('',#81050,#16690,#81030,.T.);
#81070=ORIENTED_EDGE('',*,*,#81060,.T.);
#81080=CARTESIAN_POINT('',(-0.554999999999995,-1.50000000000001,-3.225))
;
#81090=DIRECTION('',(-0.731939010275264,0.681370152881139,0.));
#81100=VECTOR('',#81090,1.);
#81110=LINE('',#81080,#81100);
#81120=CARTESIAN_POINT('',(-0.644946914281604,-1.41626741863069,-3.225))
;
#81130=VERTEX_POINT('',#81120);
#81140=EDGE_CURVE('',#81050,#81130,#81110,.T.);
#81150=ORIENTED_EDGE('',*,*,#81140,.F.);
#81160=CARTESIAN_POINT('',(-0.619999999999997,-1.38500000000002,-3.225))
;
#81170=DIRECTION('',(0.,0.,1.));
#81180=DIRECTION('',(-1.,-1.22460635382238E-16,0.));
#81190=AXIS2_PLACEMENT_3D('',#81160,#81170,#81180);
#81200=CIRCLE('',#81190,0.0399999999999978);
#81210=CARTESIAN_POINT('',(-0.659999999999996,-1.38500000000002,-3.225))
;
#81220=VERTEX_POINT('',#81210);
#81230=EDGE_CURVE('',#81220,#81130,#81200,.T.);
#81240=ORIENTED_EDGE('',*,*,#81230,.T.);
#81250=CARTESIAN_POINT('',(-0.609999999999996,-1.38500000000002,-3.225))
;
#81260=DIRECTION('',(0.,0.,1.));
#81270=DIRECTION('',(-1.,-1.22460635382238E-16,0.));
#81280=AXIS2_PLACEMENT_3D('',#81250,#81260,#81270);
#81290=CIRCLE('',#81280,0.0499999999999995);
#81300=CARTESIAN_POINT('',(-0.609870584701056,-1.3350001674835,-3.225));
#81310=VERTEX_POINT('',#81300);
#81320=EDGE_CURVE('',#81310,#81220,#81290,.T.);
#81330=ORIENTED_EDGE('',*,*,#81320,.T.);
#81340=CARTESIAN_POINT('',(-0.609870584701056,-1.3350001674835,-3.225));
#81350=DIRECTION('',(1.,1.22460635382238E-16,0.));
#81360=VECTOR('',#81350,1.);
#81370=LINE('',#81340,#81360);
#81380=EDGE_CURVE('',#81310,#80810,#81370,.T.);
#81390=ORIENTED_EDGE('',*,*,#81380,.F.);
#81400=ORIENTED_EDGE('',*,*,#80820,.F.);
#81410=ORIENTED_EDGE('',*,*,#16720,.T.);
#81420=EDGE_LOOP('',(#81410,#81400,#81390,#81330,#81240,#81150,#81070));
#81430=FACE_OUTER_BOUND('',#81420,.T.);
#81440=ADVANCED_FACE('',(#81430),#80990,.T.);
#81450=CARTESIAN_POINT('',(-0.554999999999995,-1.50000000000002,-3.345))
;
#81460=DIRECTION('',(-1.22460635382238E-16,1.,0.));
#81470=DIRECTION('',(-1.,-1.22460635382238E-16,0.));
#81480=AXIS2_PLACEMENT_3D('',#81450,#81460,#81470);
#81490=PLANE('',#81480);
#81500=ORIENTED_EDGE('',*,*,#80640,.T.);
#81510=CARTESIAN_POINT('',(-0.554999999999995,-1.50000000000002,-3.345))
;
#81520=DIRECTION('',(0.,0.,-1.));
#81530=VECTOR('',#81520,1.);
#81540=LINE('',#81510,#81530);
#81550=EDGE_CURVE('',#81050,#80570,#81540,.T.);
#81560=ORIENTED_EDGE('',*,*,#81550,.T.);
#81570=ORIENTED_EDGE('',*,*,#81060,.F.);
#81580=ORIENTED_EDGE('',*,*,#16940,.F.);
#81590=EDGE_LOOP('',(#81580,#81570,#81560,#81500));
#81600=FACE_OUTER_BOUND('',#81590,.T.);
#81610=ADVANCED_FACE('',(#81600),#81490,.F.);
#81620=CARTESIAN_POINT('',(-0.554999999999995,-1.50000000000001,-3.345))
;
#81630=DIRECTION('',(-0.681370152881139,-0.731939010275264,-0.));
#81640=DIRECTION('',(-0.731939010275264,0.681370152881139,0.));
#81650=AXIS2_PLACEMENT_3D('',#81620,#81630,#81640);
#81660=PLANE('',#81650);
#81670=CARTESIAN_POINT('',(-0.644946914281604,-1.41626741863069,-3.345))
;
#81680=DIRECTION('',(0.,0.,1.));
#81690=VECTOR('',#81680,1.);
#81700=LINE('',#81670,#81690);
#81710=EDGE_CURVE('',#80490,#81130,#81700,.T.);
#81720=ORIENTED_EDGE('',*,*,#81710,.F.);
#81730=ORIENTED_EDGE('',*,*,#81140,.T.);
#81740=ORIENTED_EDGE('',*,*,#81550,.F.);
#81750=ORIENTED_EDGE('',*,*,#80580,.F.);
#81760=EDGE_LOOP('',(#81750,#81740,#81730,#81720));
#81770=FACE_OUTER_BOUND('',#81760,.T.);
#81780=ADVANCED_FACE('',(#81770),#81660,.T.);
#81790=CARTESIAN_POINT('',(-0.619999999999997,-1.38500000000002,-3.345))
;
#81800=DIRECTION('',(0.,0.,1.));
#81810=DIRECTION('',(-1.,-1.22460635382238E-16,0.));
#81820=AXIS2_PLACEMENT_3D('',#81790,#81800,#81810);
#81830=CYLINDRICAL_SURFACE('',#81820,0.0399999999999978);
#81840=CARTESIAN_POINT('',(-0.659999999999996,-1.38500000000002,-3.345))
;
#81850=DIRECTION('',(0.,0.,1.));
#81860=VECTOR('',#81850,1.);
#81870=LINE('',#81840,#81860);
#81880=EDGE_CURVE('',#80400,#81220,#81870,.T.);
#81890=ORIENTED_EDGE('',*,*,#81880,.F.);
#81900=ORIENTED_EDGE('',*,*,#81230,.F.);
#81910=ORIENTED_EDGE('',*,*,#81710,.T.);
#81920=ORIENTED_EDGE('',*,*,#80500,.T.);
#81930=EDGE_LOOP('',(#81920,#81910,#81900,#81890));
#81940=FACE_OUTER_BOUND('',#81930,.T.);
#81950=ADVANCED_FACE('',(#81940),#81830,.T.);
#81960=CARTESIAN_POINT('',(-0.609999999999996,-1.38500000000002,-3.345))
;
#81970=DIRECTION('',(0.,0.,1.));
#81980=DIRECTION('',(-1.,-1.22460635382238E-16,0.));
#81990=AXIS2_PLACEMENT_3D('',#81960,#81970,#81980);
#82000=CYLINDRICAL_SURFACE('',#81990,0.0499999999999995);
#82010=CARTESIAN_POINT('',(-0.609870584701056,-1.3350001674835,-3.345));
#82020=DIRECTION('',(0.,0.,1.));
#82030=VECTOR('',#82020,1.);
#82040=LINE('',#82010,#82030);
#82050=EDGE_CURVE('',#80310,#81310,#82040,.T.);
#82060=ORIENTED_EDGE('',*,*,#82050,.F.);
#82070=ORIENTED_EDGE('',*,*,#81320,.F.);
#82080=ORIENTED_EDGE('',*,*,#81880,.T.);
#82090=ORIENTED_EDGE('',*,*,#80410,.T.);
#82100=EDGE_LOOP('',(#82090,#82080,#82070,#82060));
#82110=FACE_OUTER_BOUND('',#82100,.T.);
#82120=ADVANCED_FACE('',(#82110),#82000,.T.);
#82130=CARTESIAN_POINT('',(-0.609870584701056,-1.3350001674835,-3.345));
#82140=DIRECTION('',(-1.22460635382238E-16,1.,0.));
#82150=DIRECTION('',(1.,1.22460635382238E-16,0.));
#82160=AXIS2_PLACEMENT_3D('',#82130,#82140,#82150);
#82170=PLANE('',#82160);
#82180=ORIENTED_EDGE('',*,*,#80880,.F.);
#82190=ORIENTED_EDGE('',*,*,#81380,.T.);
#82200=ORIENTED_EDGE('',*,*,#82050,.T.);
#82210=ORIENTED_EDGE('',*,*,#80320,.F.);
#82220=EDGE_LOOP('',(#82210,#82200,#82190,#82180));
#82230=FACE_OUTER_BOUND('',#82220,.T.);
#82240=ADVANCED_FACE('',(#82230),#82170,.T.);
#82250=CARTESIAN_POINT('',(2.96101731916345,3.3223480408227,-3.225));
#82260=DIRECTION('',(0.,0.,1.));
#82270=DIRECTION('',(-1.,-1.22460635382238E-16,0.));
#82280=AXIS2_PLACEMENT_3D('',#82250,#82260,#82270);
#82290=PLANE('',#82280);
#82300=CARTESIAN_POINT('',(-1.32,1.68499999999999,-3.225));
#82310=DIRECTION('',(-1.,-1.22460635382238E-16,0.));
#82320=VECTOR('',#82310,1.);
#82330=LINE('',#82300,#82320);
#82340=CARTESIAN_POINT('',(-1.45,1.68499999999999,-3.225));
#82350=VERTEX_POINT('',#82340);
#82360=EDGE_CURVE('',#21310,#82350,#82330,.T.);
#82370=ORIENTED_EDGE('',*,*,#82360,.F.);
#82380=CARTESIAN_POINT('',(-1.45,1.73499999999999,-3.225));
#82390=DIRECTION('',(0.,0.,1.));
#82400=DIRECTION('',(-1.,-1.22460635382238E-16,0.));
#82410=AXIS2_PLACEMENT_3D('',#82380,#82390,#82400);
#82420=CIRCLE('',#82410,0.0499999999999998);
#82430=CARTESIAN_POINT('',(-1.49502394389422,1.75674498738121,-3.225));
#82440=VERTEX_POINT('',#82430);
#82450=EDGE_CURVE('',#82440,#82350,#82420,.T.);
#82460=ORIENTED_EDGE('',*,*,#82450,.T.);
#82470=CARTESIAN_POINT('',(-1.49502394389422,1.75674498738121,-3.225));
#82480=DIRECTION('',(0.434899747624548,0.900478877884487,0.));
#82490=VECTOR('',#82480,1.);
#82500=LINE('',#82470,#82490);
#82510=CARTESIAN_POINT('',(-1.47497605610577,1.79825501261876,-3.225));
#82520=VERTEX_POINT('',#82510);
#82530=EDGE_CURVE('',#82440,#82520,#82500,.T.);
#82540=ORIENTED_EDGE('',*,*,#82530,.F.);
#82550=CARTESIAN_POINT('',(-1.52,1.81999999999999,-3.225));
#82560=DIRECTION('',(0.,0.,1.));
#82570=DIRECTION('',(-1.,-1.22460635382238E-16,0.));
#82580=AXIS2_PLACEMENT_3D('',#82550,#82560,#82570);
#82590=CIRCLE('',#82580,0.0500000000000009);
#82600=CARTESIAN_POINT('',(-1.52,1.86999999999999,-3.225));
#82610=VERTEX_POINT('',#82600);
#82620=EDGE_CURVE('',#82520,#82610,#82590,.T.);
#82630=ORIENTED_EDGE('',*,*,#82620,.F.);
#82640=CARTESIAN_POINT('',(-1.52,1.86999999999999,-3.225));
#82650=DIRECTION('',(-1.,-6.6531843096478E-15,0.));
#82660=VECTOR('',#82650,1.);
#82670=LINE('',#82640,#82660);
#82680=CARTESIAN_POINT('',(-1.69,1.86999999999999,-3.225));
#82690=VERTEX_POINT('',#82680);
#82700=EDGE_CURVE('',#82610,#82690,#82670,.T.);
#82710=ORIENTED_EDGE('',*,*,#82700,.F.);
#82720=CARTESIAN_POINT('',(-1.69,1.86999999999999,-3.225));
#82730=DIRECTION('',(-1.22460635382238E-16,1.,0.));
#82740=VECTOR('',#82730,1.);
#82750=LINE('',#82720,#82740);
#82760=CARTESIAN_POINT('',(-1.69,1.94999999999999,-3.225));
#82770=VERTEX_POINT('',#82760);
#82780=EDGE_CURVE('',#82690,#82770,#82750,.T.);
#82790=ORIENTED_EDGE('',*,*,#82780,.F.);
#82800=CARTESIAN_POINT('',(-1.64,1.94999999999999,-3.225));
#82810=DIRECTION('',(0.,0.,1.));
#82820=DIRECTION('',(-1.,-1.22460635382238E-16,0.));
#82830=AXIS2_PLACEMENT_3D('',#82800,#82810,#82820);
#82840=CIRCLE('',#82830,0.05);
#82850=CARTESIAN_POINT('',(-1.64,1.99999999999999,-3.225));
#82860=VERTEX_POINT('',#82850);
#82870=EDGE_CURVE('',#82860,#82770,#82840,.T.);
#82880=ORIENTED_EDGE('',*,*,#82870,.T.);
#82890=CARTESIAN_POINT('',(-1.64,1.99999999999999,-3.225));
#82900=DIRECTION('',(1.,1.22460635382238E-16,0.));
#82910=VECTOR('',#82900,1.);
#82920=LINE('',#82890,#82910);
#82930=CARTESIAN_POINT('',(-1.39,1.99999999999999,-3.225));
#82940=VERTEX_POINT('',#82930);
#82950=EDGE_CURVE('',#82860,#82940,#82920,.T.);
#82960=ORIENTED_EDGE('',*,*,#82950,.F.);
#82970=CARTESIAN_POINT('',(-1.39,1.99999999999999,-3.225));
#82980=DIRECTION('',(0.719844295420684,-0.694135570584233,0.));
#82990=VECTOR('',#82980,1.);
#83000=LINE('',#82970,#82990);
#83010=EDGE_CURVE('',#82940,#21130,#83000,.T.);
#83020=ORIENTED_EDGE('',*,*,#83010,.F.);
#83030=ORIENTED_EDGE('',*,*,#21380,.T.);
#83040=EDGE_LOOP('',(#83030,#83020,#82960,#82880,#82790,#82710,#82630,
#82540,#82460,#82370));
#83050=FACE_OUTER_BOUND('',#83040,.T.);
#83060=ADVANCED_FACE('',(#83050),#82290,.T.);
#83070=CARTESIAN_POINT('',(-1.32,1.68499999999999,-3.345));
#83080=DIRECTION('',(1.22460635382238E-16,-1.,0.));
#83090=DIRECTION('',(-1.,-1.22460635382238E-16,0.));
#83100=AXIS2_PLACEMENT_3D('',#83070,#83080,#83090);
#83110=PLANE('',#83100);
#83120=CARTESIAN_POINT('',(-1.45,1.68499999999999,-3.345));
#83130=DIRECTION('',(0.,0.,1.));
#83140=VECTOR('',#83130,1.);
#83150=LINE('',#83120,#83140);
#83160=CARTESIAN_POINT('',(-1.45,1.68499999999999,-3.345));
#83170=VERTEX_POINT('',#83160);
#83180=EDGE_CURVE('',#83170,#82350,#83150,.T.);
#83190=ORIENTED_EDGE('',*,*,#83180,.F.);
#83200=ORIENTED_EDGE('',*,*,#82360,.T.);
#83210=ORIENTED_EDGE('',*,*,#21320,.T.);
#83220=CARTESIAN_POINT('',(-1.32,1.68499999999999,-3.345));
#83230=DIRECTION('',(-1.,-1.22460635382238E-16,0.));
#83240=VECTOR('',#83230,1.);
#83250=LINE('',#83220,#83240);
#83260=EDGE_CURVE('',#21230,#83170,#83250,.T.);
#83270=ORIENTED_EDGE('',*,*,#83260,.F.);
#83280=EDGE_LOOP('',(#83270,#83210,#83200,#83190));
#83290=FACE_OUTER_BOUND('',#83280,.T.);
#83300=ADVANCED_FACE('',(#83290),#83110,.T.);
#83310=CARTESIAN_POINT('',(2.96101731916345,3.3223480408227,-3.345));
#83320=DIRECTION('',(0.,0.,1.));
#83330=DIRECTION('',(-1.,-1.22460635382238E-16,0.));
#83340=AXIS2_PLACEMENT_3D('',#83310,#83320,#83330);
#83350=PLANE('',#83340);
#83360=CARTESIAN_POINT('',(-1.39,1.99999999999999,-3.345));
#83370=DIRECTION('',(0.719844295420684,-0.694135570584233,0.));
#83380=VECTOR('',#83370,1.);
#83390=LINE('',#83360,#83380);
#83400=CARTESIAN_POINT('',(-1.39,1.99999999999999,-3.345));
#83410=VERTEX_POINT('',#83400);
#83420=EDGE_CURVE('',#83410,#21150,#83390,.T.);
#83430=ORIENTED_EDGE('',*,*,#83420,.T.);
#83440=CARTESIAN_POINT('',(-1.64,1.99999999999999,-3.345));
#83450=DIRECTION('',(1.,1.22460635382238E-16,0.));
#83460=VECTOR('',#83450,1.);
#83470=LINE('',#83440,#83460);
#83480=CARTESIAN_POINT('',(-1.64,1.99999999999999,-3.345));
#83490=VERTEX_POINT('',#83480);
#83500=EDGE_CURVE('',#83490,#83410,#83470,.T.);
#83510=ORIENTED_EDGE('',*,*,#83500,.T.);
#83520=CARTESIAN_POINT('',(-1.64,1.94999999999999,-3.345));
#83530=DIRECTION('',(0.,0.,1.));
#83540=DIRECTION('',(-1.,-1.22460635382238E-16,0.));
#83550=AXIS2_PLACEMENT_3D('',#83520,#83530,#83540);
#83560=CIRCLE('',#83550,0.05);
#83570=CARTESIAN_POINT('',(-1.69,1.94999999999999,-3.345));
#83580=VERTEX_POINT('',#83570);
#83590=EDGE_CURVE('',#83490,#83580,#83560,.T.);
#83600=ORIENTED_EDGE('',*,*,#83590,.F.);
#83610=CARTESIAN_POINT('',(-1.69,1.86999999999999,-3.345));
#83620=DIRECTION('',(-1.22460635382238E-16,1.,0.));
#83630=VECTOR('',#83620,1.);
#83640=LINE('',#83610,#83630);
#83650=CARTESIAN_POINT('',(-1.69,1.86999999999999,-3.345));
#83660=VERTEX_POINT('',#83650);
#83670=EDGE_CURVE('',#83660,#83580,#83640,.T.);
#83680=ORIENTED_EDGE('',*,*,#83670,.T.);
#83690=CARTESIAN_POINT('',(-1.52,1.86999999999999,-3.345));
#83700=DIRECTION('',(-1.,-6.6531843096478E-15,0.));
#83710=VECTOR('',#83700,1.);
#83720=LINE('',#83690,#83710);
#83730=CARTESIAN_POINT('',(-1.52,1.86999999999999,-3.345));
#83740=VERTEX_POINT('',#83730);
#83750=EDGE_CURVE('',#83740,#83660,#83720,.T.);
#83760=ORIENTED_EDGE('',*,*,#83750,.T.);
#83770=CARTESIAN_POINT('',(-1.52,1.81999999999999,-3.345));
#83780=DIRECTION('',(0.,0.,1.));
#83790=DIRECTION('',(-1.,-1.22460635382238E-16,0.));
#83800=AXIS2_PLACEMENT_3D('',#83770,#83780,#83790);
#83810=CIRCLE('',#83800,0.0500000000000009);
#83820=CARTESIAN_POINT('',(-1.47497605610577,1.79825501261876,-3.345));
#83830=VERTEX_POINT('',#83820);
#83840=EDGE_CURVE('',#83830,#83740,#83810,.T.);
#83850=ORIENTED_EDGE('',*,*,#83840,.T.);
#83860=CARTESIAN_POINT('',(-1.49502394389422,1.75674498738121,-3.345));
#83870=DIRECTION('',(0.434899747624548,0.900478877884487,0.));
#83880=VECTOR('',#83870,1.);
#83890=LINE('',#83860,#83880);
#83900=CARTESIAN_POINT('',(-1.49502394389422,1.75674498738121,-3.345));
#83910=VERTEX_POINT('',#83900);
#83920=EDGE_CURVE('',#83910,#83830,#83890,.T.);
#83930=ORIENTED_EDGE('',*,*,#83920,.T.);
#83940=CARTESIAN_POINT('',(-1.45,1.73499999999999,-3.345));
#83950=DIRECTION('',(0.,0.,1.));
#83960=DIRECTION('',(-1.,-1.22460635382238E-16,0.));
#83970=AXIS2_PLACEMENT_3D('',#83940,#83950,#83960);
#83980=CIRCLE('',#83970,0.0499999999999998);
#83990=EDGE_CURVE('',#83910,#83170,#83980,.T.);
#84000=ORIENTED_EDGE('',*,*,#83990,.F.);
#84010=ORIENTED_EDGE('',*,*,#83260,.T.);
#84020=ORIENTED_EDGE('',*,*,#21240,.F.);
#84030=EDGE_LOOP('',(#84020,#84010,#84000,#83930,#83850,#83760,#83680,
#83600,#83510,#83430));
#84040=FACE_OUTER_BOUND('',#84030,.T.);
#84050=ADVANCED_FACE('',(#84040),#83350,.F.);
#84060=CARTESIAN_POINT('',(-1.39,1.99999999999999,-3.345));
#84070=DIRECTION('',(0.694135570584233,0.719844295420684,0.));
#84080=DIRECTION('',(0.719844295420684,-0.694135570584233,0.));
#84090=AXIS2_PLACEMENT_3D('',#84060,#84070,#84080);
#84100=PLANE('',#84090);
#84110=ORIENTED_EDGE('',*,*,#83010,.T.);
#84120=CARTESIAN_POINT('',(-1.39,1.99999999999999,-3.345));
#84130=DIRECTION('',(0.,0.,1.));
#84140=VECTOR('',#84130,1.);
#84150=LINE('',#84120,#84140);
#84160=EDGE_CURVE('',#83410,#82940,#84150,.T.);
#84170=ORIENTED_EDGE('',*,*,#84160,.T.);
#84180=ORIENTED_EDGE('',*,*,#83420,.F.);
#84190=ORIENTED_EDGE('',*,*,#21160,.T.);
#84200=EDGE_LOOP('',(#84190,#84180,#84170,#84110));
#84210=FACE_OUTER_BOUND('',#84200,.T.);
#84220=ADVANCED_FACE('',(#84210),#84100,.T.);
#84230=CARTESIAN_POINT('',(-1.64,1.99999999999999,-3.345));
#84240=DIRECTION('',(-1.22460635382238E-16,1.,0.));
#84250=DIRECTION('',(1.,1.22460635382238E-16,0.));
#84260=AXIS2_PLACEMENT_3D('',#84230,#84240,#84250);
#84270=PLANE('',#84260);
#84280=ORIENTED_EDGE('',*,*,#84160,.F.);
#84290=ORIENTED_EDGE('',*,*,#82950,.T.);
#84300=CARTESIAN_POINT('',(-1.64,1.99999999999999,-3.345));
#84310=DIRECTION('',(0.,0.,1.));
#84320=VECTOR('',#84310,1.);
#84330=LINE('',#84300,#84320);
#84340=EDGE_CURVE('',#83490,#82860,#84330,.T.);
#84350=ORIENTED_EDGE('',*,*,#84340,.T.);
#84360=ORIENTED_EDGE('',*,*,#83500,.F.);
#84370=EDGE_LOOP('',(#84360,#84350,#84290,#84280));
#84380=FACE_OUTER_BOUND('',#84370,.T.);
#84390=ADVANCED_FACE('',(#84380),#84270,.T.);
#84400=CARTESIAN_POINT('',(-1.64,1.94999999999999,-3.345));
#84410=DIRECTION('',(0.,0.,1.));
#84420=DIRECTION('',(-1.,-1.22460635382238E-16,0.));
#84430=AXIS2_PLACEMENT_3D('',#84400,#84410,#84420);
#84440=CYLINDRICAL_SURFACE('',#84430,0.05);
#84450=ORIENTED_EDGE('',*,*,#84340,.F.);
#84460=ORIENTED_EDGE('',*,*,#82870,.F.);
#84470=CARTESIAN_POINT('',(-1.69,1.94999999999999,-3.345));
#84480=DIRECTION('',(0.,0.,1.));
#84490=VECTOR('',#84480,1.);
#84500=LINE('',#84470,#84490);
#84510=EDGE_CURVE('',#83580,#82770,#84500,.T.);
#84520=ORIENTED_EDGE('',*,*,#84510,.T.);
#84530=ORIENTED_EDGE('',*,*,#83590,.T.);
#84540=EDGE_LOOP('',(#84530,#84520,#84460,#84450));
#84550=FACE_OUTER_BOUND('',#84540,.T.);
#84560=ADVANCED_FACE('',(#84550),#84440,.T.);
#84570=CARTESIAN_POINT('',(-1.69,1.86999999999999,-3.345));
#84580=DIRECTION('',(-1.,-1.22460635382238E-16,-0.));
#84590=DIRECTION('',(-1.22460635382238E-16,1.,0.));
#84600=AXIS2_PLACEMENT_3D('',#84570,#84580,#84590);
#84610=PLANE('',#84600);
#84620=ORIENTED_EDGE('',*,*,#84510,.F.);
#84630=ORIENTED_EDGE('',*,*,#82780,.T.);
#84640=CARTESIAN_POINT('',(-1.69,1.86999999999999,-3.345));
#84650=DIRECTION('',(0.,0.,1.));
#84660=VECTOR('',#84650,1.);
#84670=LINE('',#84640,#84660);
#84680=EDGE_CURVE('',#83660,#82690,#84670,.T.);
#84690=ORIENTED_EDGE('',*,*,#84680,.T.);
#84700=ORIENTED_EDGE('',*,*,#83670,.F.);
#84710=EDGE_LOOP('',(#84700,#84690,#84630,#84620));
#84720=FACE_OUTER_BOUND('',#84710,.T.);
#84730=ADVANCED_FACE('',(#84720),#84610,.T.);
#84740=CARTESIAN_POINT('',(-1.52,1.86999999999999,-3.345));
#84750=DIRECTION('',(6.6531843096478E-15,-1.,0.));
#84760=DIRECTION('',(-1.,-6.6531843096478E-15,0.));
#84770=AXIS2_PLACEMENT_3D('',#84740,#84750,#84760);
#84780=PLANE('',#84770);
#84790=ORIENTED_EDGE('',*,*,#84680,.F.);
#84800=ORIENTED_EDGE('',*,*,#82700,.T.);
#84810=CARTESIAN_POINT('',(-1.52,1.86999999999999,-3.345));
#84820=DIRECTION('',(0.,0.,1.));
#84830=VECTOR('',#84820,1.);
#84840=LINE('',#84810,#84830);
#84850=EDGE_CURVE('',#83740,#82610,#84840,.T.);
#84860=ORIENTED_EDGE('',*,*,#84850,.T.);
#84870=ORIENTED_EDGE('',*,*,#83750,.F.);
#84880=EDGE_LOOP('',(#84870,#84860,#84800,#84790));
#84890=FACE_OUTER_BOUND('',#84880,.T.);
#84900=ADVANCED_FACE('',(#84890),#84780,.T.);
#84910=CARTESIAN_POINT('',(-1.52,1.81999999999999,-3.345));
#84920=DIRECTION('',(0.,0.,1.));
#84930=DIRECTION('',(-1.,-1.22460635382238E-16,0.));
#84940=AXIS2_PLACEMENT_3D('',#84910,#84920,#84930);
#84950=CYLINDRICAL_SURFACE('',#84940,0.0500000000000009);
#84960=ORIENTED_EDGE('',*,*,#84850,.F.);
#84970=ORIENTED_EDGE('',*,*,#82620,.T.);
#84980=CARTESIAN_POINT('',(-1.47497605610577,1.79825501261876,-3.345));
#84990=DIRECTION('',(0.,0.,1.));
#85000=VECTOR('',#84990,1.);
#85010=LINE('',#84980,#85000);
#85020=EDGE_CURVE('',#83830,#82520,#85010,.T.);
#85030=ORIENTED_EDGE('',*,*,#85020,.T.);
#85040=ORIENTED_EDGE('',*,*,#83840,.F.);
#85050=EDGE_LOOP('',(#85040,#85030,#84970,#84960));
#85060=FACE_OUTER_BOUND('',#85050,.T.);
#85070=ADVANCED_FACE('',(#85060),#84950,.F.);
#85080=CARTESIAN_POINT('',(-1.49502394389422,1.75674498738121,-3.345));
#85090=DIRECTION('',(-0.900478877884487,0.434899747624548,0.));
#85100=DIRECTION('',(0.434899747624548,0.900478877884487,0.));
#85110=AXIS2_PLACEMENT_3D('',#85080,#85090,#85100);
#85120=PLANE('',#85110);
#85130=ORIENTED_EDGE('',*,*,#85020,.F.);
#85140=ORIENTED_EDGE('',*,*,#82530,.T.);
#85150=CARTESIAN_POINT('',(-1.49502394389422,1.75674498738121,-3.345));
#85160=DIRECTION('',(0.,0.,1.));
#85170=VECTOR('',#85160,1.);
#85180=LINE('',#85150,#85170);
#85190=EDGE_CURVE('',#83910,#82440,#85180,.T.);
#85200=ORIENTED_EDGE('',*,*,#85190,.T.);
#85210=ORIENTED_EDGE('',*,*,#83920,.F.);
#85220=EDGE_LOOP('',(#85210,#85200,#85140,#85130));
#85230=FACE_OUTER_BOUND('',#85220,.T.);
#85240=ADVANCED_FACE('',(#85230),#85120,.T.);
#85250=CARTESIAN_POINT('',(-1.45,1.73499999999999,-3.345));
#85260=DIRECTION('',(0.,0.,1.));
#85270=DIRECTION('',(-1.,-1.22460635382238E-16,0.));
#85280=AXIS2_PLACEMENT_3D('',#85250,#85260,#85270);
#85290=CYLINDRICAL_SURFACE('',#85280,0.0499999999999998);
#85300=ORIENTED_EDGE('',*,*,#85190,.F.);
#85310=ORIENTED_EDGE('',*,*,#82450,.F.);
#85320=ORIENTED_EDGE('',*,*,#83180,.T.);
#85330=ORIENTED_EDGE('',*,*,#83990,.T.);
#85340=EDGE_LOOP('',(#85330,#85320,#85310,#85300));
#85350=FACE_OUTER_BOUND('',#85340,.T.);
#85360=ADVANCED_FACE('',(#85350),#85290,.T.);
#85370=CARTESIAN_POINT('',(2.96101731916345,2.8223480408227,-2.825));
#85380=DIRECTION('',(0.,0.,1.));
#85390=DIRECTION('',(-1.,-1.22460635382238E-16,0.));
#85400=AXIS2_PLACEMENT_3D('',#85370,#85380,#85390);
#85410=PLANE('',#85400);
#85420=CARTESIAN_POINT('',(-0.554999999999995,-1.50000000000002,-2.825))
;
#85430=DIRECTION('',(1.,1.22460635382238E-16,0.));
#85440=VECTOR('',#85430,1.);
#85450=LINE('',#85420,#85440);
#85460=CARTESIAN_POINT('',(-0.554999999999996,-1.50000000000001,-2.825))
;
#85470=VERTEX_POINT('',#85460);
#85480=EDGE_CURVE('',#85470,#16350,#85450,.T.);
#85490=ORIENTED_EDGE('',*,*,#85480,.T.);
#85500=CARTESIAN_POINT('',(-0.554999999999995,-1.50000000000001,-2.825))
;
#85510=DIRECTION('',(-0.731939010275264,0.681370152881139,0.));
#85520=VECTOR('',#85510,1.);
#85530=LINE('',#85500,#85520);
#85540=CARTESIAN_POINT('',(-0.644946914281604,-1.41626741863069,-2.825))
;
#85550=VERTEX_POINT('',#85540);
#85560=EDGE_CURVE('',#85470,#85550,#85530,.T.);
#85570=ORIENTED_EDGE('',*,*,#85560,.F.);
#85580=CARTESIAN_POINT('',(-0.619999999999997,-1.38500000000002,-2.825))
;
#85590=DIRECTION('',(0.,0.,1.));
#85600=DIRECTION('',(-1.,-1.22460635382238E-16,0.));
#85610=AXIS2_PLACEMENT_3D('',#85580,#85590,#85600);
#85620=CIRCLE('',#85610,0.0399999999999978);
#85630=CARTESIAN_POINT('',(-0.659999999999996,-1.38500000000002,-2.825))
;
#85640=VERTEX_POINT('',#85630);
#85650=EDGE_CURVE('',#85640,#85550,#85620,.T.);
#85660=ORIENTED_EDGE('',*,*,#85650,.T.);
#85670=CARTESIAN_POINT('',(-0.609999999999996,-1.38500000000002,-2.825))
;
#85680=DIRECTION('',(0.,0.,1.));
#85690=DIRECTION('',(-1.,-1.22460635382238E-16,0.));
#85700=AXIS2_PLACEMENT_3D('',#85670,#85680,#85690);
#85710=CIRCLE('',#85700,0.0499999999999995);
#85720=CARTESIAN_POINT('',(-0.609870584701056,-1.3350001674835,-2.825));
#85730=VERTEX_POINT('',#85720);
#85740=EDGE_CURVE('',#85730,#85640,#85710,.T.);
#85750=ORIENTED_EDGE('',*,*,#85740,.T.);
#85760=CARTESIAN_POINT('',(-0.609870584701056,-1.3350001674835,-2.825));
#85770=DIRECTION('',(1.,1.22460635382238E-16,0.));
#85780=VECTOR('',#85770,1.);
#85790=LINE('',#85760,#85780);
#85800=CARTESIAN_POINT('',(-0.598843446820725,-1.3350001674835,-2.825));
#85810=VERTEX_POINT('',#85800);
#85820=EDGE_CURVE('',#85730,#85810,#85790,.T.);
#85830=ORIENTED_EDGE('',*,*,#85820,.F.);
#85840=CARTESIAN_POINT('',(-0.598843446820725,-1.2350001674835,-2.825));
#85850=DIRECTION('',(0.,0.,1.));
#85860=DIRECTION('',(-1.,-1.22460635382238E-16,0.));
#85870=AXIS2_PLACEMENT_3D('',#85840,#85850,#85860);
#85880=CIRCLE('',#85870,0.0999999999999996);
#85890=EDGE_CURVE('',#85810,#16450,#85880,.T.);
#85900=ORIENTED_EDGE('',*,*,#85890,.F.);
#85910=ORIENTED_EDGE('',*,*,#16460,.T.);
#85920=EDGE_LOOP('',(#85910,#85900,#85830,#85750,#85660,#85570,#85490));
#85930=FACE_OUTER_BOUND('',#85920,.T.);
#85940=ADVANCED_FACE('',(#85930),#85410,.T.);
#85950=CARTESIAN_POINT('',(-0.554999999999995,-1.50000000000001,-2.945))
;
#85960=DIRECTION('',(-0.681370152881139,-0.731939010275264,-0.));
#85970=DIRECTION('',(-0.731939010275264,0.681370152881139,0.));
#85980=AXIS2_PLACEMENT_3D('',#85950,#85960,#85970);
#85990=PLANE('',#85980);
#86000=CARTESIAN_POINT('',(-0.644946914281604,-1.41626741863069,-2.945))
;
#86010=DIRECTION('',(0.,0.,1.));
#86020=VECTOR('',#86010,1.);
#86030=LINE('',#86000,#86020);
#86040=CARTESIAN_POINT('',(-0.644946914281604,-1.41626741863069,-2.945))
;
#86050=VERTEX_POINT('',#86040);
#86060=EDGE_CURVE('',#86050,#85550,#86030,.T.);
#86070=ORIENTED_EDGE('',*,*,#86060,.F.);
#86080=ORIENTED_EDGE('',*,*,#85560,.T.);
#86090=CARTESIAN_POINT('',(-0.554999999999995,-1.50000000000002,-2.945))
;
#86100=DIRECTION('',(0.,0.,-1.));
#86110=VECTOR('',#86100,1.);
#86120=LINE('',#86090,#86110);
#86130=CARTESIAN_POINT('',(-0.554999999999996,-1.50000000000001,-2.945))
;
#86140=VERTEX_POINT('',#86130);
#86150=EDGE_CURVE('',#85470,#86140,#86120,.T.);
#86160=ORIENTED_EDGE('',*,*,#86150,.F.);
#86170=CARTESIAN_POINT('',(-0.554999999999995,-1.50000000000001,-2.945))
;
#86180=DIRECTION('',(-0.731939010275264,0.681370152881139,0.));
#86190=VECTOR('',#86180,1.);
#86200=LINE('',#86170,#86190);
#86210=EDGE_CURVE('',#86140,#86050,#86200,.T.);
#86220=ORIENTED_EDGE('',*,*,#86210,.F.);
#86230=EDGE_LOOP('',(#86220,#86160,#86080,#86070));
#86240=FACE_OUTER_BOUND('',#86230,.T.);
#86250=ADVANCED_FACE('',(#86240),#85990,.T.);
#86260=CARTESIAN_POINT('',(-0.619999999999997,-1.38500000000002,-2.945))
;
#86270=DIRECTION('',(0.,0.,1.));
#86280=DIRECTION('',(-1.,-1.22460635382238E-16,0.));
#86290=AXIS2_PLACEMENT_3D('',#86260,#86270,#86280);
#86300=CYLINDRICAL_SURFACE('',#86290,0.0399999999999978);
#86310=CARTESIAN_POINT('',(-0.659999999999996,-1.38500000000002,-2.945))
;
#86320=DIRECTION('',(0.,0.,1.));
#86330=VECTOR('',#86320,1.);
#86340=LINE('',#86310,#86330);
#86350=CARTESIAN_POINT('',(-0.659999999999996,-1.38500000000002,-2.945))
;
#86360=VERTEX_POINT('',#86350);
#86370=EDGE_CURVE('',#86360,#85640,#86340,.T.);
#86380=ORIENTED_EDGE('',*,*,#86370,.F.);
#86390=ORIENTED_EDGE('',*,*,#85650,.F.);
#86400=ORIENTED_EDGE('',*,*,#86060,.T.);
#86410=CARTESIAN_POINT('',(-0.619999999999997,-1.38500000000002,-2.945))
;
#86420=DIRECTION('',(0.,0.,1.));
#86430=DIRECTION('',(-1.,-1.22460635382238E-16,0.));
#86440=AXIS2_PLACEMENT_3D('',#86410,#86420,#86430);
#86450=CIRCLE('',#86440,0.0399999999999978);
#86460=EDGE_CURVE('',#86360,#86050,#86450,.T.);
#86470=ORIENTED_EDGE('',*,*,#86460,.T.);
#86480=EDGE_LOOP('',(#86470,#86400,#86390,#86380));
#86490=FACE_OUTER_BOUND('',#86480,.T.);
#86500=ADVANCED_FACE('',(#86490),#86300,.T.);
#86510=CARTESIAN_POINT('',(-0.609999999999996,-1.38500000000002,-2.945))
;
#86520=DIRECTION('',(0.,0.,1.));
#86530=DIRECTION('',(-1.,-1.22460635382238E-16,0.));
#86540=AXIS2_PLACEMENT_3D('',#86510,#86520,#86530);
#86550=CYLINDRICAL_SURFACE('',#86540,0.0499999999999995);
#86560=CARTESIAN_POINT('',(-0.609870584701056,-1.3350001674835,-2.945));
#86570=DIRECTION('',(0.,0.,1.));
#86580=VECTOR('',#86570,1.);
#86590=LINE('',#86560,#86580);
#86600=CARTESIAN_POINT('',(-0.609870584701056,-1.3350001674835,-2.945));
#86610=VERTEX_POINT('',#86600);
#86620=EDGE_CURVE('',#86610,#85730,#86590,.T.);
#86630=ORIENTED_EDGE('',*,*,#86620,.F.);
#86640=ORIENTED_EDGE('',*,*,#85740,.F.);
#86650=ORIENTED_EDGE('',*,*,#86370,.T.);
#86660=CARTESIAN_POINT('',(-0.609999999999996,-1.38500000000002,-2.945))
;
#86670=DIRECTION('',(0.,0.,1.));
#86680=DIRECTION('',(-1.,-1.22460635382238E-16,0.));
#86690=AXIS2_PLACEMENT_3D('',#86660,#86670,#86680);
#86700=CIRCLE('',#86690,0.0499999999999995);
#86710=EDGE_CURVE('',#86610,#86360,#86700,.T.);
#86720=ORIENTED_EDGE('',*,*,#86710,.T.);
#86730=EDGE_LOOP('',(#86720,#86650,#86640,#86630));
#86740=FACE_OUTER_BOUND('',#86730,.T.);
#86750=ADVANCED_FACE('',(#86740),#86550,.T.);
#86760=CARTESIAN_POINT('',(-0.609870584701056,-1.3350001674835,-2.945));
#86770=DIRECTION('',(-1.22460635382238E-16,1.,0.));
#86780=DIRECTION('',(1.,1.22460635382238E-16,0.));
#86790=AXIS2_PLACEMENT_3D('',#86760,#86770,#86780);
#86800=PLANE('',#86790);
#86810=CARTESIAN_POINT('',(-0.598843446820725,-1.3350001674835,-2.945));
#86820=DIRECTION('',(0.,0.,1.));
#86830=VECTOR('',#86820,1.);
#86840=LINE('',#86810,#86830);
#86850=CARTESIAN_POINT('',(-0.598843446820725,-1.3350001674835,-2.945));
#86860=VERTEX_POINT('',#86850);
#86870=EDGE_CURVE('',#86860,#85810,#86840,.T.);
#86880=ORIENTED_EDGE('',*,*,#86870,.F.);
#86890=ORIENTED_EDGE('',*,*,#85820,.T.);
#86900=ORIENTED_EDGE('',*,*,#86620,.T.);
#86910=CARTESIAN_POINT('',(-0.609870584701056,-1.3350001674835,-2.945));
#86920=DIRECTION('',(1.,1.22460635382238E-16,0.));
#86930=VECTOR('',#86920,1.);
#86940=LINE('',#86910,#86930);
#86950=EDGE_CURVE('',#86610,#86860,#86940,.T.);
#86960=ORIENTED_EDGE('',*,*,#86950,.F.);
#86970=EDGE_LOOP('',(#86960,#86900,#86890,#86880));
#86980=FACE_OUTER_BOUND('',#86970,.T.);
#86990=ADVANCED_FACE('',(#86980),#86800,.T.);
#87000=CARTESIAN_POINT('',(-0.598843446820725,-1.2350001674835,-2.945));
#87010=DIRECTION('',(0.,0.,1.));
#87020=DIRECTION('',(-1.,-1.22460635382238E-16,0.));
#87030=AXIS2_PLACEMENT_3D('',#87000,#87010,#87020);
#87040=CYLINDRICAL_SURFACE('',#87030,0.0999999999999996);
#87050=ORIENTED_EDGE('',*,*,#85890,.T.);
#87060=ORIENTED_EDGE('',*,*,#86870,.T.);
#87070=CARTESIAN_POINT('',(-0.598843446820725,-1.2350001674835,-2.945));
#87080=DIRECTION('',(0.,0.,1.));
#87090=DIRECTION('',(-1.,-1.22460635382238E-16,0.));
#87100=AXIS2_PLACEMENT_3D('',#87070,#87080,#87090);
#87110=CIRCLE('',#87100,0.0999999999999996);
#87120=EDGE_CURVE('',#86860,#16530,#87110,.T.);
#87130=ORIENTED_EDGE('',*,*,#87120,.F.);
#87140=ORIENTED_EDGE('',*,*,#16540,.F.);
#87150=EDGE_LOOP('',(#87140,#87130,#87060,#87050));
#87160=FACE_OUTER_BOUND('',#87150,.T.);
#87170=ADVANCED_FACE('',(#87160),#87040,.F.);
#87180=CARTESIAN_POINT('',(-0.554999999999995,-1.50000000000002,-2.945))
;
#87190=DIRECTION('',(-1.22460635382238E-16,1.,0.));
#87200=DIRECTION('',(-1.,-1.22460635382238E-16,0.));
#87210=AXIS2_PLACEMENT_3D('',#87180,#87190,#87200);
#87220=PLANE('',#87210);
#87230=CARTESIAN_POINT('',(-0.554999999999995,-1.50000000000002,-2.945))
;
#87240=DIRECTION('',(1.,1.22460635382238E-16,0.));
#87250=VECTOR('',#87240,1.);
#87260=LINE('',#87230,#87250);
#87270=EDGE_CURVE('',#86140,#16370,#87260,.T.);
#87280=ORIENTED_EDGE('',*,*,#87270,.T.);
#87290=ORIENTED_EDGE('',*,*,#86150,.T.);
#87300=ORIENTED_EDGE('',*,*,#85480,.F.);
#87310=ORIENTED_EDGE('',*,*,#16380,.F.);
#87320=EDGE_LOOP('',(#87310,#87300,#87290,#87280));
#87330=FACE_OUTER_BOUND('',#87320,.T.);
#87340=ADVANCED_FACE('',(#87330),#87220,.F.);
#87350=CARTESIAN_POINT('',(2.96101731916345,2.8223480408227,-2.945));
#87360=DIRECTION('',(0.,0.,1.));
#87370=DIRECTION('',(-1.,-1.22460635382238E-16,0.));
#87380=AXIS2_PLACEMENT_3D('',#87350,#87360,#87370);
#87390=PLANE('',#87380);
#87400=ORIENTED_EDGE('',*,*,#87120,.T.);
#87410=ORIENTED_EDGE('',*,*,#86950,.T.);
#87420=ORIENTED_EDGE('',*,*,#86710,.F.);
#87430=ORIENTED_EDGE('',*,*,#86460,.F.);
#87440=ORIENTED_EDGE('',*,*,#86210,.T.);
#87450=ORIENTED_EDGE('',*,*,#87270,.F.);
#87460=ORIENTED_EDGE('',*,*,#16600,.F.);
#87470=EDGE_LOOP('',(#87460,#87450,#87440,#87430,#87420,#87410,#87400));
#87480=FACE_OUTER_BOUND('',#87470,.T.);
#87490=ADVANCED_FACE('',(#87480),#87390,.F.);
#87500=CARTESIAN_POINT('',(2.96101731916345,3.3223480408227,-2.945));
#87510=DIRECTION('',(0.,0.,1.));
#87520=DIRECTION('',(-1.,-1.22460635382238E-16,0.));
#87530=AXIS2_PLACEMENT_3D('',#87500,#87510,#87520);
#87540=PLANE('',#87530);
#87550=CARTESIAN_POINT('',(-1.39,1.99999999999999,-2.945));
#87560=DIRECTION('',(0.719844295420684,-0.694135570584233,0.));
#87570=VECTOR('',#87560,1.);
#87580=LINE('',#87550,#87570);
#87590=CARTESIAN_POINT('',(-1.39,1.99999999999999,-2.945));
#87600=VERTEX_POINT('',#87590);
#87610=EDGE_CURVE('',#87600,#21650,#87580,.T.);
#87620=ORIENTED_EDGE('',*,*,#87610,.T.);
#87630=CARTESIAN_POINT('',(-1.64,1.99999999999999,-2.945));
#87640=DIRECTION('',(1.,1.22460635382238E-16,0.));
#87650=VECTOR('',#87640,1.);
#87660=LINE('',#87630,#87650);
#87670=CARTESIAN_POINT('',(-1.64,1.99999999999999,-2.945));
#87680=VERTEX_POINT('',#87670);
#87690=EDGE_CURVE('',#87680,#87600,#87660,.T.);
#87700=ORIENTED_EDGE('',*,*,#87690,.T.);
#87710=CARTESIAN_POINT('',(-1.64,1.94999999999999,-2.945));
#87720=DIRECTION('',(0.,0.,1.));
#87730=DIRECTION('',(-1.,-1.22460635382238E-16,0.));
#87740=AXIS2_PLACEMENT_3D('',#87710,#87720,#87730);
#87750=CIRCLE('',#87740,0.05);
#87760=CARTESIAN_POINT('',(-1.69,1.94999999999999,-2.945));
#87770=VERTEX_POINT('',#87760);
#87780=EDGE_CURVE('',#87680,#87770,#87750,.T.);
#87790=ORIENTED_EDGE('',*,*,#87780,.F.);
#87800=CARTESIAN_POINT('',(-1.69,1.86999999999999,-2.945));
#87810=DIRECTION('',(-1.22460635382238E-16,1.,0.));
#87820=VECTOR('',#87810,1.);
#87830=LINE('',#87800,#87820);
#87840=CARTESIAN_POINT('',(-1.69,1.86999999999999,-2.945));
#87850=VERTEX_POINT('',#87840);
#87860=EDGE_CURVE('',#87850,#87770,#87830,.T.);
#87870=ORIENTED_EDGE('',*,*,#87860,.T.);
#87880=CARTESIAN_POINT('',(-1.52,1.86999999999999,-2.945));
#87890=DIRECTION('',(-1.,-6.6531843096478E-15,0.));
#87900=VECTOR('',#87890,1.);
#87910=LINE('',#87880,#87900);
#87920=CARTESIAN_POINT('',(-1.52,1.86999999999999,-2.945));
#87930=VERTEX_POINT('',#87920);
#87940=EDGE_CURVE('',#87930,#87850,#87910,.T.);
#87950=ORIENTED_EDGE('',*,*,#87940,.T.);
#87960=CARTESIAN_POINT('',(-1.52,1.81999999999999,-2.945));
#87970=DIRECTION('',(0.,0.,1.));
#87980=DIRECTION('',(-1.,-1.22460635382238E-16,0.));
#87990=AXIS2_PLACEMENT_3D('',#87960,#87970,#87980);
#88000=CIRCLE('',#87990,0.0500000000000009);
#88010=CARTESIAN_POINT('',(-1.47497605610577,1.79825501261876,-2.945));
#88020=VERTEX_POINT('',#88010);
#88030=EDGE_CURVE('',#88020,#87930,#88000,.T.);
#88040=ORIENTED_EDGE('',*,*,#88030,.T.);
#88050=CARTESIAN_POINT('',(-1.49502394389422,1.75674498738121,-2.945));
#88060=DIRECTION('',(0.434899747624548,0.900478877884487,0.));
#88070=VECTOR('',#88060,1.);
#88080=LINE('',#88050,#88070);
#88090=CARTESIAN_POINT('',(-1.49502394389422,1.75674498738121,-2.945));
#88100=VERTEX_POINT('',#88090);
#88110=EDGE_CURVE('',#88100,#88020,#88080,.T.);
#88120=ORIENTED_EDGE('',*,*,#88110,.T.);
#88130=CARTESIAN_POINT('',(-1.45,1.73499999999999,-2.945));
#88140=DIRECTION('',(0.,0.,1.));
#88150=DIRECTION('',(-1.,-1.22460635382238E-16,0.));
#88160=AXIS2_PLACEMENT_3D('',#88130,#88140,#88150);
#88170=CIRCLE('',#88160,0.0499999999999998);
#88180=CARTESIAN_POINT('',(-1.45,1.68499999999999,-2.945));
#88190=VERTEX_POINT('',#88180);
#88200=EDGE_CURVE('',#88100,#88190,#88170,.T.);
#88210=ORIENTED_EDGE('',*,*,#88200,.F.);
#88220=CARTESIAN_POINT('',(-1.32,1.68499999999999,-2.945));
#88230=DIRECTION('',(-1.,-1.22460635382238E-16,0.));
#88240=VECTOR('',#88230,1.);
#88250=LINE('',#88220,#88240);
#88260=EDGE_CURVE('',#21470,#88190,#88250,.T.);
#88270=ORIENTED_EDGE('',*,*,#88260,.T.);
#88280=ORIENTED_EDGE('',*,*,#21720,.F.);
#88290=EDGE_LOOP('',(#88280,#88270,#88210,#88120,#88040,#87950,#87870,
#87790,#87700,#87620));
#88300=FACE_OUTER_BOUND('',#88290,.T.);
#88310=ADVANCED_FACE('',(#88300),#87540,.F.);
#88320=CARTESIAN_POINT('',(-1.32,1.68499999999999,-2.945));
#88330=DIRECTION('',(1.22460635382238E-16,-1.,0.));
#88340=DIRECTION('',(-1.,-1.22460635382238E-16,0.));
#88350=AXIS2_PLACEMENT_3D('',#88320,#88330,#88340);
#88360=PLANE('',#88350);
#88370=CARTESIAN_POINT('',(-1.45,1.68499999999999,-2.945));
#88380=DIRECTION('',(0.,0.,1.));
#88390=VECTOR('',#88380,1.);
#88400=LINE('',#88370,#88390);
#88410=CARTESIAN_POINT('',(-1.45,1.68499999999999,-2.825));
#88420=VERTEX_POINT('',#88410);
#88430=EDGE_CURVE('',#88190,#88420,#88400,.T.);
#88440=ORIENTED_EDGE('',*,*,#88430,.F.);
#88450=CARTESIAN_POINT('',(-1.32,1.68499999999999,-2.825));
#88460=DIRECTION('',(-1.,-1.22460635382238E-16,0.));
#88470=VECTOR('',#88460,1.);
#88480=LINE('',#88450,#88470);
#88490=EDGE_CURVE('',#21490,#88420,#88480,.T.);
#88500=ORIENTED_EDGE('',*,*,#88490,.T.);
#88510=ORIENTED_EDGE('',*,*,#21500,.T.);
#88520=ORIENTED_EDGE('',*,*,#88260,.F.);
#88530=EDGE_LOOP('',(#88520,#88510,#88500,#88440));
#88540=FACE_OUTER_BOUND('',#88530,.T.);
#88550=ADVANCED_FACE('',(#88540),#88360,.T.);
#88560=CARTESIAN_POINT('',(2.96101731916345,3.3223480408227,-2.825));
#88570=DIRECTION('',(0.,0.,1.));
#88580=DIRECTION('',(-1.,-1.22460635382238E-16,0.));
#88590=AXIS2_PLACEMENT_3D('',#88560,#88570,#88580);
#88600=PLANE('',#88590);
#88610=ORIENTED_EDGE('',*,*,#88490,.F.);
#88620=CARTESIAN_POINT('',(-1.45,1.73499999999999,-2.825));
#88630=DIRECTION('',(0.,0.,1.));
#88640=DIRECTION('',(-1.,-1.22460635382238E-16,0.));
#88650=AXIS2_PLACEMENT_3D('',#88620,#88630,#88640);
#88660=CIRCLE('',#88650,0.0499999999999998);
#88670=CARTESIAN_POINT('',(-1.49502394389422,1.75674498738121,-2.825));
#88680=VERTEX_POINT('',#88670);
#88690=EDGE_CURVE('',#88680,#88420,#88660,.T.);
#88700=ORIENTED_EDGE('',*,*,#88690,.T.);
#88710=CARTESIAN_POINT('',(-1.49502394389422,1.75674498738121,-2.825));
#88720=DIRECTION('',(0.434899747624548,0.900478877884487,0.));
#88730=VECTOR('',#88720,1.);
#88740=LINE('',#88710,#88730);
#88750=CARTESIAN_POINT('',(-1.47497605610577,1.79825501261876,-2.825));
#88760=VERTEX_POINT('',#88750);
#88770=EDGE_CURVE('',#88680,#88760,#88740,.T.);
#88780=ORIENTED_EDGE('',*,*,#88770,.F.);
#88790=CARTESIAN_POINT('',(-1.52,1.81999999999999,-2.825));
#88800=DIRECTION('',(0.,0.,1.));
#88810=DIRECTION('',(-1.,-1.22460635382238E-16,0.));
#88820=AXIS2_PLACEMENT_3D('',#88790,#88800,#88810);
#88830=CIRCLE('',#88820,0.0500000000000009);
#88840=CARTESIAN_POINT('',(-1.52,1.86999999999999,-2.825));
#88850=VERTEX_POINT('',#88840);
#88860=EDGE_CURVE('',#88760,#88850,#88830,.T.);
#88870=ORIENTED_EDGE('',*,*,#88860,.F.);
#88880=CARTESIAN_POINT('',(-1.52,1.86999999999999,-2.825));
#88890=DIRECTION('',(-1.,-6.6531843096478E-15,0.));
#88900=VECTOR('',#88890,1.);
#88910=LINE('',#88880,#88900);
#88920=CARTESIAN_POINT('',(-1.69,1.86999999999999,-2.825));
#88930=VERTEX_POINT('',#88920);
#88940=EDGE_CURVE('',#88850,#88930,#88910,.T.);
#88950=ORIENTED_EDGE('',*,*,#88940,.F.);
#88960=CARTESIAN_POINT('',(-1.69,1.86999999999999,-2.825));
#88970=DIRECTION('',(-1.22460635382238E-16,1.,0.));
#88980=VECTOR('',#88970,1.);
#88990=LINE('',#88960,#88980);
#89000=CARTESIAN_POINT('',(-1.69,1.94999999999999,-2.825));
#89010=VERTEX_POINT('',#89000);
#89020=EDGE_CURVE('',#88930,#89010,#88990,.T.);
#89030=ORIENTED_EDGE('',*,*,#89020,.F.);
#89040=CARTESIAN_POINT('',(-1.64,1.94999999999999,-2.825));
#89050=DIRECTION('',(0.,0.,1.));
#89060=DIRECTION('',(-1.,-1.22460635382238E-16,0.));
#89070=AXIS2_PLACEMENT_3D('',#89040,#89050,#89060);
#89080=CIRCLE('',#89070,0.05);
#89090=CARTESIAN_POINT('',(-1.64,1.99999999999999,-2.825));
#89100=VERTEX_POINT('',#89090);
#89110=EDGE_CURVE('',#89100,#89010,#89080,.T.);
#89120=ORIENTED_EDGE('',*,*,#89110,.T.);
#89130=CARTESIAN_POINT('',(-1.64,1.99999999999999,-2.825));
#89140=DIRECTION('',(1.,1.22460635382238E-16,0.));
#89150=VECTOR('',#89140,1.);
#89160=LINE('',#89130,#89150);
#89170=CARTESIAN_POINT('',(-1.39,1.99999999999999,-2.825));
#89180=VERTEX_POINT('',#89170);
#89190=EDGE_CURVE('',#89100,#89180,#89160,.T.);
#89200=ORIENTED_EDGE('',*,*,#89190,.F.);
#89210=CARTESIAN_POINT('',(-1.39,1.99999999999999,-2.825));
#89220=DIRECTION('',(0.719844295420684,-0.694135570584233,0.));
#89230=VECTOR('',#89220,1.);
#89240=LINE('',#89210,#89230);
#89250=EDGE_CURVE('',#89180,#21570,#89240,.T.);
#89260=ORIENTED_EDGE('',*,*,#89250,.F.);
#89270=ORIENTED_EDGE('',*,*,#21580,.T.);
#89280=EDGE_LOOP('',(#89270,#89260,#89200,#89120,#89030,#88950,#88870,
#88780,#88700,#88610));
#89290=FACE_OUTER_BOUND('',#89280,.T.);
#89300=ADVANCED_FACE('',(#89290),#88600,.T.);
#89310=CARTESIAN_POINT('',(-1.39,1.99999999999999,-2.945));
#89320=DIRECTION('',(0.694135570584233,0.719844295420684,0.));
#89330=DIRECTION('',(0.719844295420684,-0.694135570584233,0.));
#89340=AXIS2_PLACEMENT_3D('',#89310,#89320,#89330);
#89350=PLANE('',#89340);
#89360=ORIENTED_EDGE('',*,*,#89250,.T.);
#89370=CARTESIAN_POINT('',(-1.39,1.99999999999999,-2.945));
#89380=DIRECTION('',(0.,0.,1.));
#89390=VECTOR('',#89380,1.);
#89400=LINE('',#89370,#89390);
#89410=EDGE_CURVE('',#87600,#89180,#89400,.T.);
#89420=ORIENTED_EDGE('',*,*,#89410,.T.);
#89430=ORIENTED_EDGE('',*,*,#87610,.F.);
#89440=ORIENTED_EDGE('',*,*,#21660,.T.);
#89450=EDGE_LOOP('',(#89440,#89430,#89420,#89360));
#89460=FACE_OUTER_BOUND('',#89450,.T.);
#89470=ADVANCED_FACE('',(#89460),#89350,.T.);
#89480=CARTESIAN_POINT('',(-1.64,1.99999999999999,-2.945));
#89490=DIRECTION('',(-1.22460635382238E-16,1.,0.));
#89500=DIRECTION('',(1.,1.22460635382238E-16,0.));
#89510=AXIS2_PLACEMENT_3D('',#89480,#89490,#89500);
#89520=PLANE('',#89510);
#89530=ORIENTED_EDGE('',*,*,#89410,.F.);
#89540=ORIENTED_EDGE('',*,*,#89190,.T.);
#89550=CARTESIAN_POINT('',(-1.64,1.99999999999999,-2.945));
#89560=DIRECTION('',(0.,0.,1.));
#89570=VECTOR('',#89560,1.);
#89580=LINE('',#89550,#89570);
#89590=EDGE_CURVE('',#87680,#89100,#89580,.T.);
#89600=ORIENTED_EDGE('',*,*,#89590,.T.);
#89610=ORIENTED_EDGE('',*,*,#87690,.F.);
#89620=EDGE_LOOP('',(#89610,#89600,#89540,#89530));
#89630=FACE_OUTER_BOUND('',#89620,.T.);
#89640=ADVANCED_FACE('',(#89630),#89520,.T.);
#89650=CARTESIAN_POINT('',(-1.64,1.94999999999999,-2.945));
#89660=DIRECTION('',(0.,0.,1.));
#89670=DIRECTION('',(-1.,-1.22460635382238E-16,0.));
#89680=AXIS2_PLACEMENT_3D('',#89650,#89660,#89670);
#89690=CYLINDRICAL_SURFACE('',#89680,0.05);
#89700=ORIENTED_EDGE('',*,*,#89590,.F.);
#89710=ORIENTED_EDGE('',*,*,#89110,.F.);
#89720=CARTESIAN_POINT('',(-1.69,1.94999999999999,-2.945));
#89730=DIRECTION('',(0.,0.,1.));
#89740=VECTOR('',#89730,1.);
#89750=LINE('',#89720,#89740);
#89760=EDGE_CURVE('',#87770,#89010,#89750,.T.);
#89770=ORIENTED_EDGE('',*,*,#89760,.T.);
#89780=ORIENTED_EDGE('',*,*,#87780,.T.);
#89790=EDGE_LOOP('',(#89780,#89770,#89710,#89700));
#89800=FACE_OUTER_BOUND('',#89790,.T.);
#89810=ADVANCED_FACE('',(#89800),#89690,.T.);
#89820=CARTESIAN_POINT('',(-1.69,1.86999999999999,-2.945));
#89830=DIRECTION('',(-1.,-1.22460635382238E-16,-0.));
#89840=DIRECTION('',(-1.22460635382238E-16,1.,0.));
#89850=AXIS2_PLACEMENT_3D('',#89820,#89830,#89840);
#89860=PLANE('',#89850);
#89870=ORIENTED_EDGE('',*,*,#89760,.F.);
#89880=ORIENTED_EDGE('',*,*,#89020,.T.);
#89890=CARTESIAN_POINT('',(-1.69,1.86999999999999,-2.945));
#89900=DIRECTION('',(0.,0.,1.));
#89910=VECTOR('',#89900,1.);
#89920=LINE('',#89890,#89910);
#89930=EDGE_CURVE('',#87850,#88930,#89920,.T.);
#89940=ORIENTED_EDGE('',*,*,#89930,.T.);
#89950=ORIENTED_EDGE('',*,*,#87860,.F.);
#89960=EDGE_LOOP('',(#89950,#89940,#89880,#89870));
#89970=FACE_OUTER_BOUND('',#89960,.T.);
#89980=ADVANCED_FACE('',(#89970),#89860,.T.);
#89990=CARTESIAN_POINT('',(-1.52,1.86999999999999,-2.945));
#90000=DIRECTION('',(6.6531843096478E-15,-1.,0.));
#90010=DIRECTION('',(-1.,-6.6531843096478E-15,0.));
#90020=AXIS2_PLACEMENT_3D('',#89990,#90000,#90010);
#90030=PLANE('',#90020);
#90040=ORIENTED_EDGE('',*,*,#89930,.F.);
#90050=ORIENTED_EDGE('',*,*,#88940,.T.);
#90060=CARTESIAN_POINT('',(-1.52,1.86999999999999,-2.945));
#90070=DIRECTION('',(0.,0.,1.));
#90080=VECTOR('',#90070,1.);
#90090=LINE('',#90060,#90080);
#90100=EDGE_CURVE('',#87930,#88850,#90090,.T.);
#90110=ORIENTED_EDGE('',*,*,#90100,.T.);
#90120=ORIENTED_EDGE('',*,*,#87940,.F.);
#90130=EDGE_LOOP('',(#90120,#90110,#90050,#90040));
#90140=FACE_OUTER_BOUND('',#90130,.T.);
#90150=ADVANCED_FACE('',(#90140),#90030,.T.);
#90160=CARTESIAN_POINT('',(-1.52,1.81999999999999,-2.945));
#90170=DIRECTION('',(0.,0.,1.));
#90180=DIRECTION('',(-1.,-1.22460635382238E-16,0.));
#90190=AXIS2_PLACEMENT_3D('',#90160,#90170,#90180);
#90200=CYLINDRICAL_SURFACE('',#90190,0.0500000000000009);
#90210=ORIENTED_EDGE('',*,*,#90100,.F.);
#90220=ORIENTED_EDGE('',*,*,#88860,.T.);
#90230=CARTESIAN_POINT('',(-1.47497605610577,1.79825501261876,-2.945));
#90240=DIRECTION('',(0.,0.,1.));
#90250=VECTOR('',#90240,1.);
#90260=LINE('',#90230,#90250);
#90270=EDGE_CURVE('',#88020,#88760,#90260,.T.);
#90280=ORIENTED_EDGE('',*,*,#90270,.T.);
#90290=ORIENTED_EDGE('',*,*,#88030,.F.);
#90300=EDGE_LOOP('',(#90290,#90280,#90220,#90210));
#90310=FACE_OUTER_BOUND('',#90300,.T.);
#90320=ADVANCED_FACE('',(#90310),#90200,.F.);
#90330=CARTESIAN_POINT('',(-1.49502394389422,1.75674498738121,-2.945));
#90340=DIRECTION('',(-0.900478877884487,0.434899747624548,0.));
#90350=DIRECTION('',(0.434899747624548,0.900478877884487,0.));
#90360=AXIS2_PLACEMENT_3D('',#90330,#90340,#90350);
#90370=PLANE('',#90360);
#90380=ORIENTED_EDGE('',*,*,#90270,.F.);
#90390=ORIENTED_EDGE('',*,*,#88770,.T.);
#90400=CARTESIAN_POINT('',(-1.49502394389422,1.75674498738121,-2.945));
#90410=DIRECTION('',(0.,0.,1.));
#90420=VECTOR('',#90410,1.);
#90430=LINE('',#90400,#90420);
#90440=EDGE_CURVE('',#88100,#88680,#90430,.T.);
#90450=ORIENTED_EDGE('',*,*,#90440,.T.);
#90460=ORIENTED_EDGE('',*,*,#88110,.F.);
#90470=EDGE_LOOP('',(#90460,#90450,#90390,#90380));
#90480=FACE_OUTER_BOUND('',#90470,.T.);
#90490=ADVANCED_FACE('',(#90480),#90370,.T.);
#90500=CARTESIAN_POINT('',(-1.45,1.73499999999999,-2.945));
#90510=DIRECTION('',(0.,0.,1.));
#90520=DIRECTION('',(-1.,-1.22460635382238E-16,0.));
#90530=AXIS2_PLACEMENT_3D('',#90500,#90510,#90520);
#90540=CYLINDRICAL_SURFACE('',#90530,0.0499999999999998);
#90550=ORIENTED_EDGE('',*,*,#90440,.F.);
#90560=ORIENTED_EDGE('',*,*,#88690,.F.);
#90570=ORIENTED_EDGE('',*,*,#88430,.T.);
#90580=ORIENTED_EDGE('',*,*,#88200,.T.);
#90590=EDGE_LOOP('',(#90580,#90570,#90560,#90550));
#90600=FACE_OUTER_BOUND('',#90590,.T.);
#90610=ADVANCED_FACE('',(#90600),#90540,.T.);
#90620=CARTESIAN_POINT('',(-2.96101731916344,2.8223480408227,-3.345));
#90630=DIRECTION('',(0.,0.,-1.));
#90640=DIRECTION('',(1.,1.22460635382238E-16,0.));
#90650=AXIS2_PLACEMENT_3D('',#90620,#90630,#90640);
#90660=PLANE('',#90650);
#90670=CARTESIAN_POINT('',(0.555000000000002,-1.50000000000002,-3.345));
#90680=DIRECTION('',(-1.,-1.22460635382238E-16,0.));
#90690=VECTOR('',#90680,1.);
#90700=LINE('',#90670,#90690);
#90710=CARTESIAN_POINT('',(0.555000000000003,-1.50000000000002,-3.345));
#90720=VERTEX_POINT('',#90710);
#90730=EDGE_CURVE('',#90720,#28600,#90700,.T.);
#90740=ORIENTED_EDGE('',*,*,#90730,.T.);
#90750=CARTESIAN_POINT('',(0.555000000000002,-1.50000000000002,-3.345));
#90760=DIRECTION('',(0.731939010275264,0.681370152881139,0.));
#90770=VECTOR('',#90760,1.);
#90780=LINE('',#90750,#90770);
#90790=CARTESIAN_POINT('',(0.644946914281611,-1.4162674186307,-3.345));
#90800=VERTEX_POINT('',#90790);
#90810=EDGE_CURVE('',#90720,#90800,#90780,.T.);
#90820=ORIENTED_EDGE('',*,*,#90810,.F.);
#90830=CARTESIAN_POINT('',(0.620000000000005,-1.38500000000002,-3.345));
#90840=DIRECTION('',(0.,0.,-1.));
#90850=DIRECTION('',(1.,1.22460635382238E-16,0.));
#90860=AXIS2_PLACEMENT_3D('',#90830,#90840,#90850);
#90870=CIRCLE('',#90860,0.0399999999999978);
#90880=CARTESIAN_POINT('',(0.660000000000003,-1.38500000000002,-3.345));
#90890=VERTEX_POINT('',#90880);
#90900=EDGE_CURVE('',#90890,#90800,#90870,.T.);
#90910=ORIENTED_EDGE('',*,*,#90900,.T.);
#90920=CARTESIAN_POINT('',(0.610000000000003,-1.38500000000002,-3.345));
#90930=DIRECTION('',(0.,0.,-1.));
#90940=DIRECTION('',(1.,1.22460635382238E-16,0.));
#90950=AXIS2_PLACEMENT_3D('',#90920,#90930,#90940);
#90960=CIRCLE('',#90950,0.0499999999999995);
#90970=CARTESIAN_POINT('',(0.609870584701063,-1.3350001674835,-3.345));
#90980=VERTEX_POINT('',#90970);
#90990=EDGE_CURVE('',#90980,#90890,#90960,.T.);
#91000=ORIENTED_EDGE('',*,*,#90990,.T.);
#91010=CARTESIAN_POINT('',(0.609870584701063,-1.3350001674835,-3.345));
#91020=DIRECTION('',(-1.,-1.22460635382238E-16,0.));
#91030=VECTOR('',#91020,1.);
#91040=LINE('',#91010,#91030);
#91050=CARTESIAN_POINT('',(0.598843446820732,-1.3350001674835,-3.345));
#91060=VERTEX_POINT('',#91050);
#91070=EDGE_CURVE('',#90980,#91060,#91040,.T.);
#91080=ORIENTED_EDGE('',*,*,#91070,.F.);
#91090=CARTESIAN_POINT('',(0.598843446820732,-1.2350001674835,-3.345));
#91100=DIRECTION('',(0.,0.,-1.));
#91110=DIRECTION('',(1.,1.22460635382238E-16,0.));
#91120=AXIS2_PLACEMENT_3D('',#91090,#91100,#91110);
#91130=CIRCLE('',#91120,0.0999999999999996);
#91140=EDGE_CURVE('',#91060,#28700,#91130,.T.);
#91150=ORIENTED_EDGE('',*,*,#91140,.F.);
#91160=ORIENTED_EDGE('',*,*,#28710,.T.);
#91170=EDGE_LOOP('',(#91160,#91150,#91080,#91000,#90910,#90820,#90740));
#91180=FACE_OUTER_BOUND('',#91170,.T.);
#91190=ADVANCED_FACE('',(#91180),#90660,.T.);
#91200=CARTESIAN_POINT('',(0.555000000000002,-1.50000000000002,-3.225));
#91210=DIRECTION('',(0.681370152881139,-0.731939010275264,0.));
#91220=DIRECTION('',(0.731939010275264,0.681370152881139,0.));
#91230=AXIS2_PLACEMENT_3D('',#91200,#91210,#91220);
#91240=PLANE('',#91230);
#91250=CARTESIAN_POINT('',(0.644946914281611,-1.4162674186307,-3.225));
#91260=DIRECTION('',(0.,0.,-1.));
#91270=VECTOR('',#91260,1.);
#91280=LINE('',#91250,#91270);
#91290=CARTESIAN_POINT('',(0.644946914281611,-1.4162674186307,-3.225));
#91300=VERTEX_POINT('',#91290);
#91310=EDGE_CURVE('',#91300,#90800,#91280,.T.);
#91320=ORIENTED_EDGE('',*,*,#91310,.F.);
#91330=ORIENTED_EDGE('',*,*,#90810,.T.);
#91340=CARTESIAN_POINT('',(0.555000000000002,-1.50000000000002,-3.225));
#91350=DIRECTION('',(0.,0.,1.));
#91360=VECTOR('',#91350,1.);
#91370=LINE('',#91340,#91360);
#91380=CARTESIAN_POINT('',(0.555000000000003,-1.50000000000002,-3.225));
#91390=VERTEX_POINT('',#91380);
#91400=EDGE_CURVE('',#90720,#91390,#91370,.T.);
#91410=ORIENTED_EDGE('',*,*,#91400,.F.);
#91420=CARTESIAN_POINT('',(0.555000000000002,-1.50000000000002,-3.225));
#91430=DIRECTION('',(0.731939010275264,0.681370152881139,0.));
#91440=VECTOR('',#91430,1.);
#91450=LINE('',#91420,#91440);
#91460=EDGE_CURVE('',#91390,#91300,#91450,.T.);
#91470=ORIENTED_EDGE('',*,*,#91460,.F.);
#91480=EDGE_LOOP('',(#91470,#91410,#91330,#91320));
#91490=FACE_OUTER_BOUND('',#91480,.T.);
#91500=ADVANCED_FACE('',(#91490),#91240,.T.);
#91510=CARTESIAN_POINT('',(0.620000000000005,-1.38500000000002,-3.225));
#91520=DIRECTION('',(0.,0.,-1.));
#91530=DIRECTION('',(1.,1.22460635382238E-16,0.));
#91540=AXIS2_PLACEMENT_3D('',#91510,#91520,#91530);
#91550=CYLINDRICAL_SURFACE('',#91540,0.0399999999999978);
#91560=CARTESIAN_POINT('',(0.660000000000003,-1.38500000000002,-3.225));
#91570=DIRECTION('',(0.,0.,-1.));
#91580=VECTOR('',#91570,1.);
#91590=LINE('',#91560,#91580);
#91600=CARTESIAN_POINT('',(0.660000000000003,-1.38500000000002,-3.225));
#91610=VERTEX_POINT('',#91600);
#91620=EDGE_CURVE('',#91610,#90890,#91590,.T.);
#91630=ORIENTED_EDGE('',*,*,#91620,.F.);
#91640=ORIENTED_EDGE('',*,*,#90900,.F.);
#91650=ORIENTED_EDGE('',*,*,#91310,.T.);
#91660=CARTESIAN_POINT('',(0.620000000000005,-1.38500000000002,-3.225));
#91670=DIRECTION('',(0.,0.,-1.));
#91680=DIRECTION('',(1.,1.22460635382238E-16,0.));
#91690=AXIS2_PLACEMENT_3D('',#91660,#91670,#91680);
#91700=CIRCLE('',#91690,0.0399999999999978);
#91710=EDGE_CURVE('',#91610,#91300,#91700,.T.);
#91720=ORIENTED_EDGE('',*,*,#91710,.T.);
#91730=EDGE_LOOP('',(#91720,#91650,#91640,#91630));
#91740=FACE_OUTER_BOUND('',#91730,.T.);
#91750=ADVANCED_FACE('',(#91740),#91550,.T.);
#91760=CARTESIAN_POINT('',(0.610000000000003,-1.38500000000002,-3.225));
#91770=DIRECTION('',(0.,0.,-1.));
#91780=DIRECTION('',(1.,1.22460635382238E-16,0.));
#91790=AXIS2_PLACEMENT_3D('',#91760,#91770,#91780);
#91800=CYLINDRICAL_SURFACE('',#91790,0.0499999999999995);
#91810=CARTESIAN_POINT('',(0.609870584701063,-1.3350001674835,-3.225));
#91820=DIRECTION('',(0.,0.,-1.));
#91830=VECTOR('',#91820,1.);
#91840=LINE('',#91810,#91830);
#91850=CARTESIAN_POINT('',(0.609870584701063,-1.3350001674835,-3.225));
#91860=VERTEX_POINT('',#91850);
#91870=EDGE_CURVE('',#91860,#90980,#91840,.T.);
#91880=ORIENTED_EDGE('',*,*,#91870,.F.);
#91890=ORIENTED_EDGE('',*,*,#90990,.F.);
#91900=ORIENTED_EDGE('',*,*,#91620,.T.);
#91910=CARTESIAN_POINT('',(0.610000000000003,-1.38500000000002,-3.225));
#91920=DIRECTION('',(0.,0.,-1.));
#91930=DIRECTION('',(1.,1.22460635382238E-16,0.));
#91940=AXIS2_PLACEMENT_3D('',#91910,#91920,#91930);
#91950=CIRCLE('',#91940,0.0499999999999995);
#91960=EDGE_CURVE('',#91860,#91610,#91950,.T.);
#91970=ORIENTED_EDGE('',*,*,#91960,.T.);
#91980=EDGE_LOOP('',(#91970,#91900,#91890,#91880));
#91990=FACE_OUTER_BOUND('',#91980,.T.);
#92000=ADVANCED_FACE('',(#91990),#91800,.T.);
#92010=CARTESIAN_POINT('',(0.609870584701063,-1.3350001674835,-3.225));
#92020=DIRECTION('',(-1.22460635382238E-16,1.,0.));
#92030=DIRECTION('',(-1.,-1.22460635382238E-16,0.));
#92040=AXIS2_PLACEMENT_3D('',#92010,#92020,#92030);
#92050=PLANE('',#92040);
#92060=CARTESIAN_POINT('',(0.598843446820732,-1.3350001674835,-3.225));
#92070=DIRECTION('',(0.,0.,-1.));
#92080=VECTOR('',#92070,1.);
#92090=LINE('',#92060,#92080);
#92100=CARTESIAN_POINT('',(0.598843446820732,-1.3350001674835,-3.225));
#92110=VERTEX_POINT('',#92100);
#92120=EDGE_CURVE('',#92110,#91060,#92090,.T.);
#92130=ORIENTED_EDGE('',*,*,#92120,.F.);
#92140=ORIENTED_EDGE('',*,*,#91070,.T.);
#92150=ORIENTED_EDGE('',*,*,#91870,.T.);
#92160=CARTESIAN_POINT('',(0.609870584701063,-1.3350001674835,-3.225));
#92170=DIRECTION('',(-1.,-1.22460635382238E-16,0.));
#92180=VECTOR('',#92170,1.);
#92190=LINE('',#92160,#92180);
#92200=EDGE_CURVE('',#91860,#92110,#92190,.T.);
#92210=ORIENTED_EDGE('',*,*,#92200,.F.);
#92220=EDGE_LOOP('',(#92210,#92150,#92140,#92130));
#92230=FACE_OUTER_BOUND('',#92220,.T.);
#92240=ADVANCED_FACE('',(#92230),#92050,.T.);
#92250=CARTESIAN_POINT('',(0.598843446820732,-1.2350001674835,-3.225));
#92260=DIRECTION('',(0.,0.,-1.));
#92270=DIRECTION('',(1.,1.22460635382238E-16,0.));
#92280=AXIS2_PLACEMENT_3D('',#92250,#92260,#92270);
#92290=CYLINDRICAL_SURFACE('',#92280,0.0999999999999996);
#92300=ORIENTED_EDGE('',*,*,#91140,.T.);
#92310=ORIENTED_EDGE('',*,*,#92120,.T.);
#92320=CARTESIAN_POINT('',(0.598843446820732,-1.2350001674835,-3.225));
#92330=DIRECTION('',(0.,0.,-1.));
#92340=DIRECTION('',(1.,1.22460635382238E-16,0.));
#92350=AXIS2_PLACEMENT_3D('',#92320,#92330,#92340);
#92360=CIRCLE('',#92350,0.0999999999999996);
#92370=EDGE_CURVE('',#92110,#28780,#92360,.T.);
#92380=ORIENTED_EDGE('',*,*,#92370,.F.);
#92390=ORIENTED_EDGE('',*,*,#28790,.F.);
#92400=EDGE_LOOP('',(#92390,#92380,#92310,#92300));
#92410=FACE_OUTER_BOUND('',#92400,.T.);
#92420=ADVANCED_FACE('',(#92410),#92290,.F.);
#92430=CARTESIAN_POINT('',(0.555000000000002,-1.50000000000002,-3.225));
#92440=DIRECTION('',(-1.22460635382238E-16,1.,0.));
#92450=DIRECTION('',(1.,1.22460635382238E-16,0.));
#92460=AXIS2_PLACEMENT_3D('',#92430,#92440,#92450);
#92470=PLANE('',#92460);
#92480=CARTESIAN_POINT('',(0.555000000000002,-1.50000000000002,-3.225));
#92490=DIRECTION('',(-1.,-1.22460635382238E-16,0.));
#92500=VECTOR('',#92490,1.);
#92510=LINE('',#92480,#92500);
#92520=EDGE_CURVE('',#91390,#28620,#92510,.T.);
#92530=ORIENTED_EDGE('',*,*,#92520,.T.);
#92540=ORIENTED_EDGE('',*,*,#91400,.T.);
#92550=ORIENTED_EDGE('',*,*,#90730,.F.);
#92560=ORIENTED_EDGE('',*,*,#28630,.F.);
#92570=EDGE_LOOP('',(#92560,#92550,#92540,#92530));
#92580=FACE_OUTER_BOUND('',#92570,.T.);
#92590=ADVANCED_FACE('',(#92580),#92470,.F.);
#92600=CARTESIAN_POINT('',(-2.96101731916344,2.8223480408227,-3.225));
#92610=DIRECTION('',(0.,0.,-1.));
#92620=DIRECTION('',(1.,1.22460635382238E-16,0.));
#92630=AXIS2_PLACEMENT_3D('',#92600,#92610,#92620);
#92640=PLANE('',#92630);
#92650=ORIENTED_EDGE('',*,*,#92370,.T.);
#92660=ORIENTED_EDGE('',*,*,#92200,.T.);
#92670=ORIENTED_EDGE('',*,*,#91960,.F.);
#92680=ORIENTED_EDGE('',*,*,#91710,.F.);
#92690=ORIENTED_EDGE('',*,*,#91460,.T.);
#92700=ORIENTED_EDGE('',*,*,#92520,.F.);
#92710=ORIENTED_EDGE('',*,*,#28850,.F.);
#92720=EDGE_LOOP('',(#92710,#92700,#92690,#92680,#92670,#92660,#92650));
#92730=FACE_OUTER_BOUND('',#92720,.T.);
#92740=ADVANCED_FACE('',(#92730),#92640,.F.);
#92750=CARTESIAN_POINT('',(-2.96101731916344,3.3223480408227,-3.225));
#92760=DIRECTION('',(0.,0.,-1.));
#92770=DIRECTION('',(1.,1.22460635382238E-16,0.));
#92780=AXIS2_PLACEMENT_3D('',#92750,#92760,#92770);
#92790=PLANE('',#92780);
#92800=CARTESIAN_POINT('',(1.39,1.99999999999999,-3.225));
#92810=DIRECTION('',(-0.719844295420684,-0.694135570584234,0.));
#92820=VECTOR('',#92810,1.);
#92830=LINE('',#92800,#92820);
#92840=CARTESIAN_POINT('',(1.39,1.99999999999999,-3.225));
#92850=VERTEX_POINT('',#92840);
#92860=EDGE_CURVE('',#92850,#29890,#92830,.T.);
#92870=ORIENTED_EDGE('',*,*,#92860,.T.);
#92880=CARTESIAN_POINT('',(1.64,1.99999999999999,-3.225));
#92890=DIRECTION('',(-1.,-1.22460635382238E-16,0.));
#92900=VECTOR('',#92890,1.);
#92910=LINE('',#92880,#92900);
#92920=CARTESIAN_POINT('',(1.64,1.99999999999999,-3.225));
#92930=VERTEX_POINT('',#92920);
#92940=EDGE_CURVE('',#92930,#92850,#92910,.T.);
#92950=ORIENTED_EDGE('',*,*,#92940,.T.);
#92960=CARTESIAN_POINT('',(1.64,1.94999999999999,-3.225));
#92970=DIRECTION('',(0.,0.,-1.));
#92980=DIRECTION('',(1.,1.22460635382238E-16,0.));
#92990=AXIS2_PLACEMENT_3D('',#92960,#92970,#92980);
#93000=CIRCLE('',#92990,0.05);
#93010=CARTESIAN_POINT('',(1.69,1.94999999999999,-3.225));
#93020=VERTEX_POINT('',#93010);
#93030=EDGE_CURVE('',#92930,#93020,#93000,.T.);
#93040=ORIENTED_EDGE('',*,*,#93030,.F.);
#93050=CARTESIAN_POINT('',(1.69000000000001,1.86999999999999,-3.225));
#93060=DIRECTION('',(-1.22460635382238E-16,1.,0.));
#93070=VECTOR('',#93060,1.);
#93080=LINE('',#93050,#93070);
#93090=CARTESIAN_POINT('',(1.69000000000001,1.86999999999999,-3.225));
#93100=VERTEX_POINT('',#93090);
#93110=EDGE_CURVE('',#93100,#93020,#93080,.T.);
#93120=ORIENTED_EDGE('',*,*,#93110,.T.);
#93130=CARTESIAN_POINT('',(1.52,1.86999999999999,-3.225));
#93140=DIRECTION('',(1.,-6.40826303888332E-15,0.));
#93150=VECTOR('',#93140,1.);
#93160=LINE('',#93130,#93150);
#93170=CARTESIAN_POINT('',(1.52,1.86999999999999,-3.225));
#93180=VERTEX_POINT('',#93170);
#93190=EDGE_CURVE('',#93180,#93100,#93160,.T.);
#93200=ORIENTED_EDGE('',*,*,#93190,.T.);
#93210=CARTESIAN_POINT('',(1.52,1.81999999999999,-3.225));
#93220=DIRECTION('',(0.,0.,-1.));
#93230=DIRECTION('',(1.,1.22460635382238E-16,0.));
#93240=AXIS2_PLACEMENT_3D('',#93210,#93220,#93230);
#93250=CIRCLE('',#93240,0.0500000000000009);
#93260=CARTESIAN_POINT('',(1.47497605610578,1.79825501261876,-3.225));
#93270=VERTEX_POINT('',#93260);
#93280=EDGE_CURVE('',#93270,#93180,#93250,.T.);
#93290=ORIENTED_EDGE('',*,*,#93280,.T.);
#93300=CARTESIAN_POINT('',(1.49502394389423,1.75674498738121,-3.225));
#93310=DIRECTION('',(-0.434899747624548,0.900478877884487,0.));
#93320=VECTOR('',#93310,1.);
#93330=LINE('',#93300,#93320);
#93340=CARTESIAN_POINT('',(1.49502394389423,1.75674498738121,-3.225));
#93350=VERTEX_POINT('',#93340);
#93360=EDGE_CURVE('',#93350,#93270,#93330,.T.);
#93370=ORIENTED_EDGE('',*,*,#93360,.T.);
#93380=CARTESIAN_POINT('',(1.45,1.73499999999999,-3.225));
#93390=DIRECTION('',(0.,0.,-1.));
#93400=DIRECTION('',(1.,1.22460635382238E-16,0.));
#93410=AXIS2_PLACEMENT_3D('',#93380,#93390,#93400);
#93420=CIRCLE('',#93410,0.0499999999999998);
#93430=CARTESIAN_POINT('',(1.45,1.68499999999999,-3.225));
#93440=VERTEX_POINT('',#93430);
#93450=EDGE_CURVE('',#93350,#93440,#93420,.T.);
#93460=ORIENTED_EDGE('',*,*,#93450,.F.);
#93470=CARTESIAN_POINT('',(1.32,1.68499999999999,-3.225));
#93480=DIRECTION('',(1.,1.22460635382238E-16,0.));
#93490=VECTOR('',#93480,1.);
#93500=LINE('',#93470,#93490);
#93510=EDGE_CURVE('',#29730,#93440,#93500,.T.);
#93520=ORIENTED_EDGE('',*,*,#93510,.T.);
#93530=ORIENTED_EDGE('',*,*,#29960,.T.);
#93540=EDGE_LOOP('',(#93530,#93520,#93460,#93370,#93290,#93200,#93120,
#93040,#92950,#92870));
#93550=FACE_OUTER_BOUND('',#93540,.T.);
#93560=ADVANCED_FACE('',(#93550),#92790,.F.);
#93570=CARTESIAN_POINT('',(1.39,1.99999999999999,-3.225));
#93580=DIRECTION('',(-0.694135570584234,0.719844295420684,0.));
#93590=DIRECTION('',(-0.719844295420684,-0.694135570584234,0.));
#93600=AXIS2_PLACEMENT_3D('',#93570,#93580,#93590);
#93610=PLANE('',#93600);
#93620=CARTESIAN_POINT('',(1.39,1.99999999999999,-3.345));
#93630=DIRECTION('',(-0.719844295420684,-0.694135570584234,0.));
#93640=VECTOR('',#93630,1.);
#93650=LINE('',#93620,#93640);
#93660=CARTESIAN_POINT('',(1.39,1.99999999999999,-3.345));
#93670=VERTEX_POINT('',#93660);
#93680=EDGE_CURVE('',#93670,#29810,#93650,.T.);
#93690=ORIENTED_EDGE('',*,*,#93680,.T.);
#93700=CARTESIAN_POINT('',(1.39,1.99999999999999,-3.225));
#93710=DIRECTION('',(0.,0.,-1.));
#93720=VECTOR('',#93710,1.);
#93730=LINE('',#93700,#93720);
#93740=EDGE_CURVE('',#92850,#93670,#93730,.T.);
#93750=ORIENTED_EDGE('',*,*,#93740,.T.);
#93760=ORIENTED_EDGE('',*,*,#92860,.F.);
#93770=ORIENTED_EDGE('',*,*,#29900,.F.);
#93780=EDGE_LOOP('',(#93770,#93760,#93750,#93690));
#93790=FACE_OUTER_BOUND('',#93780,.T.);
#93800=ADVANCED_FACE('',(#93790),#93610,.T.);
#93810=CARTESIAN_POINT('',(-2.96101731916344,3.3223480408227,-3.345));
#93820=DIRECTION('',(0.,0.,-1.));
#93830=DIRECTION('',(1.,1.22460635382238E-16,0.));
#93840=AXIS2_PLACEMENT_3D('',#93810,#93820,#93830);
#93850=PLANE('',#93840);
#93860=CARTESIAN_POINT('',(1.32,1.68499999999999,-3.345));
#93870=DIRECTION('',(1.,1.22460635382238E-16,0.));
#93880=VECTOR('',#93870,1.);
#93890=LINE('',#93860,#93880);
#93900=CARTESIAN_POINT('',(1.45,1.68499999999999,-3.345));
#93910=VERTEX_POINT('',#93900);
#93920=EDGE_CURVE('',#29710,#93910,#93890,.T.);
#93930=ORIENTED_EDGE('',*,*,#93920,.F.);
#93940=CARTESIAN_POINT('',(1.45,1.73499999999999,-3.345));
#93950=DIRECTION('',(0.,0.,-1.));
#93960=DIRECTION('',(1.,1.22460635382238E-16,0.));
#93970=AXIS2_PLACEMENT_3D('',#93940,#93950,#93960);
#93980=CIRCLE('',#93970,0.0499999999999998);
#93990=CARTESIAN_POINT('',(1.49502394389423,1.75674498738121,-3.345));
#94000=VERTEX_POINT('',#93990);
#94010=EDGE_CURVE('',#94000,#93910,#93980,.T.);
#94020=ORIENTED_EDGE('',*,*,#94010,.T.);
#94030=CARTESIAN_POINT('',(1.49502394389423,1.75674498738121,-3.345));
#94040=DIRECTION('',(-0.434899747624548,0.900478877884487,0.));
#94050=VECTOR('',#94040,1.);
#94060=LINE('',#94030,#94050);
#94070=CARTESIAN_POINT('',(1.47497605610578,1.79825501261876,-3.345));
#94080=VERTEX_POINT('',#94070);
#94090=EDGE_CURVE('',#94000,#94080,#94060,.T.);
#94100=ORIENTED_EDGE('',*,*,#94090,.F.);
#94110=CARTESIAN_POINT('',(1.52,1.81999999999999,-3.345));
#94120=DIRECTION('',(0.,0.,-1.));
#94130=DIRECTION('',(1.,1.22460635382238E-16,0.));
#94140=AXIS2_PLACEMENT_3D('',#94110,#94120,#94130);
#94150=CIRCLE('',#94140,0.0500000000000009);
#94160=CARTESIAN_POINT('',(1.52,1.86999999999999,-3.345));
#94170=VERTEX_POINT('',#94160);
#94180=EDGE_CURVE('',#94080,#94170,#94150,.T.);
#94190=ORIENTED_EDGE('',*,*,#94180,.F.);
#94200=CARTESIAN_POINT('',(1.52,1.86999999999999,-3.345));
#94210=DIRECTION('',(1.,-6.40826303888332E-15,0.));
#94220=VECTOR('',#94210,1.);
#94230=LINE('',#94200,#94220);
#94240=CARTESIAN_POINT('',(1.69000000000001,1.86999999999999,-3.345));
#94250=VERTEX_POINT('',#94240);
#94260=EDGE_CURVE('',#94170,#94250,#94230,.T.);
#94270=ORIENTED_EDGE('',*,*,#94260,.F.);
#94280=CARTESIAN_POINT('',(1.69000000000001,1.86999999999999,-3.345));
#94290=DIRECTION('',(-1.22460635382238E-16,1.,0.));
#94300=VECTOR('',#94290,1.);
#94310=LINE('',#94280,#94300);
#94320=CARTESIAN_POINT('',(1.69,1.94999999999999,-3.345));
#94330=VERTEX_POINT('',#94320);
#94340=EDGE_CURVE('',#94250,#94330,#94310,.T.);
#94350=ORIENTED_EDGE('',*,*,#94340,.F.);
#94360=CARTESIAN_POINT('',(1.64,1.94999999999999,-3.345));
#94370=DIRECTION('',(0.,0.,-1.));
#94380=DIRECTION('',(1.,1.22460635382238E-16,0.));
#94390=AXIS2_PLACEMENT_3D('',#94360,#94370,#94380);
#94400=CIRCLE('',#94390,0.05);
#94410=CARTESIAN_POINT('',(1.64,1.99999999999999,-3.345));
#94420=VERTEX_POINT('',#94410);
#94430=EDGE_CURVE('',#94420,#94330,#94400,.T.);
#94440=ORIENTED_EDGE('',*,*,#94430,.T.);
#94450=CARTESIAN_POINT('',(1.64,1.99999999999999,-3.345));
#94460=DIRECTION('',(-1.,-1.22460635382238E-16,0.));
#94470=VECTOR('',#94460,1.);
#94480=LINE('',#94450,#94470);
#94490=EDGE_CURVE('',#94420,#93670,#94480,.T.);
#94500=ORIENTED_EDGE('',*,*,#94490,.F.);
#94510=ORIENTED_EDGE('',*,*,#93680,.F.);
#94520=ORIENTED_EDGE('',*,*,#29820,.F.);
#94530=EDGE_LOOP('',(#94520,#94510,#94500,#94440,#94350,#94270,#94190,
#94100,#94020,#93930));
#94540=FACE_OUTER_BOUND('',#94530,.T.);
#94550=ADVANCED_FACE('',(#94540),#93850,.T.);
#94560=CARTESIAN_POINT('',(1.32,1.68499999999999,-3.225));
#94570=DIRECTION('',(1.22460635382238E-16,-1.,0.));
#94580=DIRECTION('',(1.,1.22460635382238E-16,0.));
#94590=AXIS2_PLACEMENT_3D('',#94560,#94570,#94580);
#94600=PLANE('',#94590);
#94610=CARTESIAN_POINT('',(1.45,1.68499999999999,-3.225));
#94620=DIRECTION('',(0.,0.,-1.));
#94630=VECTOR('',#94620,1.);
#94640=LINE('',#94610,#94630);
#94650=EDGE_CURVE('',#93440,#93910,#94640,.T.);
#94660=ORIENTED_EDGE('',*,*,#94650,.F.);
#94670=ORIENTED_EDGE('',*,*,#93920,.T.);
#94680=ORIENTED_EDGE('',*,*,#29740,.F.);
#94690=ORIENTED_EDGE('',*,*,#93510,.F.);
#94700=EDGE_LOOP('',(#94690,#94680,#94670,#94660));
#94710=FACE_OUTER_BOUND('',#94700,.T.);
#94720=ADVANCED_FACE('',(#94710),#94600,.T.);
#94730=CARTESIAN_POINT('',(1.45,1.73499999999999,-3.225));
#94740=DIRECTION('',(0.,0.,-1.));
#94750=DIRECTION('',(1.,1.22460635382238E-16,0.));
#94760=AXIS2_PLACEMENT_3D('',#94730,#94740,#94750);
#94770=CYLINDRICAL_SURFACE('',#94760,0.0499999999999998);
#94780=CARTESIAN_POINT('',(1.49502394389423,1.75674498738121,-3.225));
#94790=DIRECTION('',(0.,0.,-1.));
#94800=VECTOR('',#94790,1.);
#94810=LINE('',#94780,#94800);
#94820=EDGE_CURVE('',#93350,#94000,#94810,.T.);
#94830=ORIENTED_EDGE('',*,*,#94820,.F.);
#94840=ORIENTED_EDGE('',*,*,#94010,.F.);
#94850=ORIENTED_EDGE('',*,*,#94650,.T.);
#94860=ORIENTED_EDGE('',*,*,#93450,.T.);
#94870=EDGE_LOOP('',(#94860,#94850,#94840,#94830));
#94880=FACE_OUTER_BOUND('',#94870,.T.);
#94890=ADVANCED_FACE('',(#94880),#94770,.T.);
#94900=CARTESIAN_POINT('',(1.49502394389423,1.75674498738121,-3.225));
#94910=DIRECTION('',(0.900478877884487,0.434899747624548,-0.));
#94920=DIRECTION('',(-0.434899747624548,0.900478877884487,0.));
#94930=AXIS2_PLACEMENT_3D('',#94900,#94910,#94920);
#94940=PLANE('',#94930);
#94950=CARTESIAN_POINT('',(1.47497605610578,1.79825501261876,-3.225));
#94960=DIRECTION('',(0.,0.,-1.));
#94970=VECTOR('',#94960,1.);
#94980=LINE('',#94950,#94970);
#94990=EDGE_CURVE('',#93270,#94080,#94980,.T.);
#95000=ORIENTED_EDGE('',*,*,#94990,.F.);
#95010=ORIENTED_EDGE('',*,*,#94090,.T.);
#95020=ORIENTED_EDGE('',*,*,#94820,.T.);
#95030=ORIENTED_EDGE('',*,*,#93360,.F.);
#95040=EDGE_LOOP('',(#95030,#95020,#95010,#95000));
#95050=FACE_OUTER_BOUND('',#95040,.T.);
#95060=ADVANCED_FACE('',(#95050),#94940,.T.);
#95070=CARTESIAN_POINT('',(1.52,1.81999999999999,-3.225));
#95080=DIRECTION('',(0.,0.,-1.));
#95090=DIRECTION('',(1.,1.22460635382238E-16,0.));
#95100=AXIS2_PLACEMENT_3D('',#95070,#95080,#95090);
#95110=CYLINDRICAL_SURFACE('',#95100,0.0500000000000009);
#95120=CARTESIAN_POINT('',(1.52,1.86999999999999,-3.225));
#95130=DIRECTION('',(0.,0.,-1.));
#95140=VECTOR('',#95130,1.);
#95150=LINE('',#95120,#95140);
#95160=EDGE_CURVE('',#93180,#94170,#95150,.T.);
#95170=ORIENTED_EDGE('',*,*,#95160,.F.);
#95180=ORIENTED_EDGE('',*,*,#94180,.T.);
#95190=ORIENTED_EDGE('',*,*,#94990,.T.);
#95200=ORIENTED_EDGE('',*,*,#93280,.F.);
#95210=EDGE_LOOP('',(#95200,#95190,#95180,#95170));
#95220=FACE_OUTER_BOUND('',#95210,.T.);
#95230=ADVANCED_FACE('',(#95220),#95110,.F.);
#95240=CARTESIAN_POINT('',(1.52,1.86999999999999,-3.225));
#95250=DIRECTION('',(-6.40826303888332E-15,-1.,0.));
#95260=DIRECTION('',(1.,-6.40826303888332E-15,0.));
#95270=AXIS2_PLACEMENT_3D('',#95240,#95250,#95260);
#95280=PLANE('',#95270);
#95290=CARTESIAN_POINT('',(1.69000000000001,1.86999999999999,-3.225));
#95300=DIRECTION('',(0.,0.,-1.));
#95310=VECTOR('',#95300,1.);
#95320=LINE('',#95290,#95310);
#95330=EDGE_CURVE('',#93100,#94250,#95320,.T.);
#95340=ORIENTED_EDGE('',*,*,#95330,.F.);
#95350=ORIENTED_EDGE('',*,*,#94260,.T.);
#95360=ORIENTED_EDGE('',*,*,#95160,.T.);
#95370=ORIENTED_EDGE('',*,*,#93190,.F.);
#95380=EDGE_LOOP('',(#95370,#95360,#95350,#95340));
#95390=FACE_OUTER_BOUND('',#95380,.T.);
#95400=ADVANCED_FACE('',(#95390),#95280,.T.);
#95410=CARTESIAN_POINT('',(1.69000000000001,1.86999999999999,-3.225));
#95420=DIRECTION('',(1.,1.22460635382238E-16,-0.));
#95430=DIRECTION('',(-1.22460635382238E-16,1.,0.));
#95440=AXIS2_PLACEMENT_3D('',#95410,#95420,#95430);
#95450=PLANE('',#95440);
#95460=CARTESIAN_POINT('',(1.69,1.94999999999999,-3.225));
#95470=DIRECTION('',(0.,0.,-1.));
#95480=VECTOR('',#95470,1.);
#95490=LINE('',#95460,#95480);
#95500=EDGE_CURVE('',#93020,#94330,#95490,.T.);
#95510=ORIENTED_EDGE('',*,*,#95500,.F.);
#95520=ORIENTED_EDGE('',*,*,#94340,.T.);
#95530=ORIENTED_EDGE('',*,*,#95330,.T.);
#95540=ORIENTED_EDGE('',*,*,#93110,.F.);
#95550=EDGE_LOOP('',(#95540,#95530,#95520,#95510));
#95560=FACE_OUTER_BOUND('',#95550,.T.);
#95570=ADVANCED_FACE('',(#95560),#95450,.T.);
#95580=CARTESIAN_POINT('',(1.64,1.94999999999999,-3.225));
#95590=DIRECTION('',(0.,0.,-1.));
#95600=DIRECTION('',(1.,1.22460635382238E-16,0.));
#95610=AXIS2_PLACEMENT_3D('',#95580,#95590,#95600);
#95620=CYLINDRICAL_SURFACE('',#95610,0.05);
#95630=CARTESIAN_POINT('',(1.64,1.99999999999999,-3.225));
#95640=DIRECTION('',(0.,0.,-1.));
#95650=VECTOR('',#95640,1.);
#95660=LINE('',#95630,#95650);
#95670=EDGE_CURVE('',#92930,#94420,#95660,.T.);
#95680=ORIENTED_EDGE('',*,*,#95670,.F.);
#95690=ORIENTED_EDGE('',*,*,#94430,.F.);
#95700=ORIENTED_EDGE('',*,*,#95500,.T.);
#95710=ORIENTED_EDGE('',*,*,#93030,.T.);
#95720=EDGE_LOOP('',(#95710,#95700,#95690,#95680));
#95730=FACE_OUTER_BOUND('',#95720,.T.);
#95740=ADVANCED_FACE('',(#95730),#95620,.T.);
#95750=CARTESIAN_POINT('',(1.64,1.99999999999999,-3.225));
#95760=DIRECTION('',(-1.22460635382238E-16,1.,0.));
#95770=DIRECTION('',(-1.,-1.22460635382238E-16,0.));
#95780=AXIS2_PLACEMENT_3D('',#95750,#95760,#95770);
#95790=PLANE('',#95780);
#95800=ORIENTED_EDGE('',*,*,#93740,.F.);
#95810=ORIENTED_EDGE('',*,*,#94490,.T.);
#95820=ORIENTED_EDGE('',*,*,#95670,.T.);
#95830=ORIENTED_EDGE('',*,*,#92940,.F.);
#95840=EDGE_LOOP('',(#95830,#95820,#95810,#95800));
#95850=FACE_OUTER_BOUND('',#95840,.T.);
#95860=ADVANCED_FACE('',(#95850),#95790,.T.);
#95870=CARTESIAN_POINT('',(2.96101731916345,2.8223480408227,-1.225));
#95880=DIRECTION('',(0.,0.,1.));
#95890=DIRECTION('',(-1.,-1.22460635382238E-16,0.));
#95900=AXIS2_PLACEMENT_3D('',#95870,#95880,#95890);
#95910=PLANE('',#95900);
#95920=CARTESIAN_POINT('',(-0.554999999999995,-1.50000000000002,-1.225))
;
#95930=DIRECTION('',(1.,1.22460635382238E-16,0.));
#95940=VECTOR('',#95930,1.);
#95950=LINE('',#95920,#95940);
#95960=CARTESIAN_POINT('',(-0.554999999999996,-1.50000000000001,-1.225))
;
#95970=VERTEX_POINT('',#95960);
#95980=EDGE_CURVE('',#95970,#16010,#95950,.T.);
#95990=ORIENTED_EDGE('',*,*,#95980,.T.);
#96000=CARTESIAN_POINT('',(-0.554999999999995,-1.50000000000001,-1.225))
;
#96010=DIRECTION('',(-0.731939010275264,0.681370152881139,0.));
#96020=VECTOR('',#96010,1.);
#96030=LINE('',#96000,#96020);
#96040=CARTESIAN_POINT('',(-0.644946914281604,-1.41626741863069,-1.225))
;
#96050=VERTEX_POINT('',#96040);
#96060=EDGE_CURVE('',#95970,#96050,#96030,.T.);
#96070=ORIENTED_EDGE('',*,*,#96060,.F.);
#96080=CARTESIAN_POINT('',(-0.619999999999997,-1.38500000000002,-1.225))
;
#96090=DIRECTION('',(0.,0.,1.));
#96100=DIRECTION('',(-1.,-1.22460635382238E-16,0.));
#96110=AXIS2_PLACEMENT_3D('',#96080,#96090,#96100);
#96120=CIRCLE('',#96110,0.0399999999999978);
#96130=CARTESIAN_POINT('',(-0.659999999999996,-1.38500000000002,-1.225))
;
#96140=VERTEX_POINT('',#96130);
#96150=EDGE_CURVE('',#96140,#96050,#96120,.T.);
#96160=ORIENTED_EDGE('',*,*,#96150,.T.);
#96170=CARTESIAN_POINT('',(-0.609999999999996,-1.38500000000002,-1.225))
;
#96180=DIRECTION('',(0.,0.,1.));
#96190=DIRECTION('',(-1.,-1.22460635382238E-16,0.));
#96200=AXIS2_PLACEMENT_3D('',#96170,#96180,#96190);
#96210=CIRCLE('',#96200,0.0499999999999995);
#96220=CARTESIAN_POINT('',(-0.609870584701056,-1.3350001674835,-1.225));
#96230=VERTEX_POINT('',#96220);
#96240=EDGE_CURVE('',#96230,#96140,#96210,.T.);
#96250=ORIENTED_EDGE('',*,*,#96240,.T.);
#96260=CARTESIAN_POINT('',(-0.609870584701056,-1.3350001674835,-1.225));
#96270=DIRECTION('',(1.,1.22460635382238E-16,0.));
#96280=VECTOR('',#96270,1.);
#96290=LINE('',#96260,#96280);
#96300=CARTESIAN_POINT('',(-0.598843446820725,-1.3350001674835,-1.225));
#96310=VERTEX_POINT('',#96300);
#96320=EDGE_CURVE('',#96230,#96310,#96290,.T.);
#96330=ORIENTED_EDGE('',*,*,#96320,.F.);
#96340=CARTESIAN_POINT('',(-0.598843446820725,-1.2350001674835,-1.225));
#96350=DIRECTION('',(0.,0.,1.));
#96360=DIRECTION('',(-1.,-1.22460635382238E-16,0.));
#96370=AXIS2_PLACEMENT_3D('',#96340,#96350,#96360);
#96380=CIRCLE('',#96370,0.0999999999999996);
#96390=EDGE_CURVE('',#96310,#16110,#96380,.T.);
#96400=ORIENTED_EDGE('',*,*,#96390,.F.);
#96410=ORIENTED_EDGE('',*,*,#16120,.T.);
#96420=EDGE_LOOP('',(#96410,#96400,#96330,#96250,#96160,#96070,#95990));
#96430=FACE_OUTER_BOUND('',#96420,.T.);
#96440=ADVANCED_FACE('',(#96430),#95910,.T.);
#96450=CARTESIAN_POINT('',(-0.554999999999995,-1.50000000000001,-1.345))
;
#96460=DIRECTION('',(-0.681370152881139,-0.731939010275264,-0.));
#96470=DIRECTION('',(-0.731939010275264,0.681370152881139,0.));
#96480=AXIS2_PLACEMENT_3D('',#96450,#96460,#96470);
#96490=PLANE('',#96480);
#96500=CARTESIAN_POINT('',(-0.644946914281604,-1.41626741863069,-1.345))
;
#96510=DIRECTION('',(0.,0.,1.));
#96520=VECTOR('',#96510,1.);
#96530=LINE('',#96500,#96520);
#96540=CARTESIAN_POINT('',(-0.644946914281604,-1.41626741863069,-1.345))
;
#96550=VERTEX_POINT('',#96540);
#96560=EDGE_CURVE('',#96550,#96050,#96530,.T.);
#96570=ORIENTED_EDGE('',*,*,#96560,.F.);
#96580=ORIENTED_EDGE('',*,*,#96060,.T.);
#96590=CARTESIAN_POINT('',(-0.554999999999995,-1.50000000000002,-1.345))
;
#96600=DIRECTION('',(0.,0.,-1.));
#96610=VECTOR('',#96600,1.);
#96620=LINE('',#96590,#96610);
#96630=CARTESIAN_POINT('',(-0.554999999999996,-1.50000000000001,-1.345))
;
#96640=VERTEX_POINT('',#96630);
#96650=EDGE_CURVE('',#95970,#96640,#96620,.T.);
#96660=ORIENTED_EDGE('',*,*,#96650,.F.);
#96670=CARTESIAN_POINT('',(-0.554999999999995,-1.50000000000001,-1.345))
;
#96680=DIRECTION('',(-0.731939010275264,0.681370152881139,0.));
#96690=VECTOR('',#96680,1.);
#96700=LINE('',#96670,#96690);
#96710=EDGE_CURVE('',#96640,#96550,#96700,.T.);
#96720=ORIENTED_EDGE('',*,*,#96710,.F.);
#96730=EDGE_LOOP('',(#96720,#96660,#96580,#96570));
#96740=FACE_OUTER_BOUND('',#96730,.T.);
#96750=ADVANCED_FACE('',(#96740),#96490,.T.);
#96760=CARTESIAN_POINT('',(-0.619999999999997,-1.38500000000002,-1.345))
;
#96770=DIRECTION('',(0.,0.,1.));
#96780=DIRECTION('',(-1.,-1.22460635382238E-16,0.));
#96790=AXIS2_PLACEMENT_3D('',#96760,#96770,#96780);
#96800=CYLINDRICAL_SURFACE('',#96790,0.0399999999999978);
#96810=CARTESIAN_POINT('',(-0.659999999999996,-1.38500000000002,-1.345))
;
#96820=DIRECTION('',(0.,0.,1.));
#96830=VECTOR('',#96820,1.);
#96840=LINE('',#96810,#96830);
#96850=CARTESIAN_POINT('',(-0.659999999999996,-1.38500000000002,-1.345))
;
#96860=VERTEX_POINT('',#96850);
#96870=EDGE_CURVE('',#96860,#96140,#96840,.T.);
#96880=ORIENTED_EDGE('',*,*,#96870,.F.);
#96890=ORIENTED_EDGE('',*,*,#96150,.F.);
#96900=ORIENTED_EDGE('',*,*,#96560,.T.);
#96910=CARTESIAN_POINT('',(-0.619999999999997,-1.38500000000002,-1.345))
;
#96920=DIRECTION('',(0.,0.,1.));
#96930=DIRECTION('',(-1.,-1.22460635382238E-16,0.));
#96940=AXIS2_PLACEMENT_3D('',#96910,#96920,#96930);
#96950=CIRCLE('',#96940,0.0399999999999978);
#96960=EDGE_CURVE('',#96860,#96550,#96950,.T.);
#96970=ORIENTED_EDGE('',*,*,#96960,.T.);
#96980=EDGE_LOOP('',(#96970,#96900,#96890,#96880));
#96990=FACE_OUTER_BOUND('',#96980,.T.);
#97000=ADVANCED_FACE('',(#96990),#96800,.T.);
#97010=CARTESIAN_POINT('',(-0.609999999999996,-1.38500000000002,-1.345))
;
#97020=DIRECTION('',(0.,0.,1.));
#97030=DIRECTION('',(-1.,-1.22460635382238E-16,0.));
#97040=AXIS2_PLACEMENT_3D('',#97010,#97020,#97030);
#97050=CYLINDRICAL_SURFACE('',#97040,0.0499999999999995);
#97060=CARTESIAN_POINT('',(-0.609870584701056,-1.3350001674835,-1.345));
#97070=DIRECTION('',(0.,0.,1.));
#97080=VECTOR('',#97070,1.);
#97090=LINE('',#97060,#97080);
#97100=CARTESIAN_POINT('',(-0.609870584701056,-1.3350001674835,-1.345));
#97110=VERTEX_POINT('',#97100);
#97120=EDGE_CURVE('',#97110,#96230,#97090,.T.);
#97130=ORIENTED_EDGE('',*,*,#97120,.F.);
#97140=ORIENTED_EDGE('',*,*,#96240,.F.);
#97150=ORIENTED_EDGE('',*,*,#96870,.T.);
#97160=CARTESIAN_POINT('',(-0.609999999999996,-1.38500000000002,-1.345))
;
#97170=DIRECTION('',(0.,0.,1.));
#97180=DIRECTION('',(-1.,-1.22460635382238E-16,0.));
#97190=AXIS2_PLACEMENT_3D('',#97160,#97170,#97180);
#97200=CIRCLE('',#97190,0.0499999999999995);
#97210=EDGE_CURVE('',#97110,#96860,#97200,.T.);
#97220=ORIENTED_EDGE('',*,*,#97210,.T.);
#97230=EDGE_LOOP('',(#97220,#97150,#97140,#97130));
#97240=FACE_OUTER_BOUND('',#97230,.T.);
#97250=ADVANCED_FACE('',(#97240),#97050,.T.);
#97260=CARTESIAN_POINT('',(-0.609870584701056,-1.3350001674835,-1.345));
#97270=DIRECTION('',(-1.22460635382238E-16,1.,0.));
#97280=DIRECTION('',(1.,1.22460635382238E-16,0.));
#97290=AXIS2_PLACEMENT_3D('',#97260,#97270,#97280);
#97300=PLANE('',#97290);
#97310=CARTESIAN_POINT('',(-0.598843446820725,-1.3350001674835,-1.345));
#97320=DIRECTION('',(0.,0.,1.));
#97330=VECTOR('',#97320,1.);
#97340=LINE('',#97310,#97330);
#97350=CARTESIAN_POINT('',(-0.598843446820725,-1.3350001674835,-1.345));
#97360=VERTEX_POINT('',#97350);
#97370=EDGE_CURVE('',#97360,#96310,#97340,.T.);
#97380=ORIENTED_EDGE('',*,*,#97370,.F.);
#97390=ORIENTED_EDGE('',*,*,#96320,.T.);
#97400=ORIENTED_EDGE('',*,*,#97120,.T.);
#97410=CARTESIAN_POINT('',(-0.609870584701056,-1.3350001674835,-1.345));
#97420=DIRECTION('',(1.,1.22460635382238E-16,0.));
#97430=VECTOR('',#97420,1.);
#97440=LINE('',#97410,#97430);
#97450=EDGE_CURVE('',#97110,#97360,#97440,.T.);
#97460=ORIENTED_EDGE('',*,*,#97450,.F.);
#97470=EDGE_LOOP('',(#97460,#97400,#97390,#97380));
#97480=FACE_OUTER_BOUND('',#97470,.T.);
#97490=ADVANCED_FACE('',(#97480),#97300,.T.);
#97500=CARTESIAN_POINT('',(-0.598843446820725,-1.2350001674835,-1.345));
#97510=DIRECTION('',(0.,0.,1.));
#97520=DIRECTION('',(-1.,-1.22460635382238E-16,0.));
#97530=AXIS2_PLACEMENT_3D('',#97500,#97510,#97520);
#97540=CYLINDRICAL_SURFACE('',#97530,0.0999999999999996);
#97550=ORIENTED_EDGE('',*,*,#96390,.T.);
#97560=ORIENTED_EDGE('',*,*,#97370,.T.);
#97570=CARTESIAN_POINT('',(-0.598843446820725,-1.2350001674835,-1.345));
#97580=DIRECTION('',(0.,0.,1.));
#97590=DIRECTION('',(-1.,-1.22460635382238E-16,0.));
#97600=AXIS2_PLACEMENT_3D('',#97570,#97580,#97590);
#97610=CIRCLE('',#97600,0.0999999999999996);
#97620=EDGE_CURVE('',#97360,#16190,#97610,.T.);
#97630=ORIENTED_EDGE('',*,*,#97620,.F.);
#97640=ORIENTED_EDGE('',*,*,#16200,.F.);
#97650=EDGE_LOOP('',(#97640,#97630,#97560,#97550));
#97660=FACE_OUTER_BOUND('',#97650,.T.);
#97670=ADVANCED_FACE('',(#97660),#97540,.F.);
#97680=CARTESIAN_POINT('',(-0.554999999999995,-1.50000000000002,-1.345))
;
#97690=DIRECTION('',(-1.22460635382238E-16,1.,0.));
#97700=DIRECTION('',(-1.,-1.22460635382238E-16,0.));
#97710=AXIS2_PLACEMENT_3D('',#97680,#97690,#97700);
#97720=PLANE('',#97710);
#97730=CARTESIAN_POINT('',(-0.554999999999995,-1.50000000000002,-1.345))
;
#97740=DIRECTION('',(1.,1.22460635382238E-16,0.));
#97750=VECTOR('',#97740,1.);
#97760=LINE('',#97730,#97750);
#97770=EDGE_CURVE('',#96640,#16030,#97760,.T.);
#97780=ORIENTED_EDGE('',*,*,#97770,.T.);
#97790=ORIENTED_EDGE('',*,*,#96650,.T.);
#97800=ORIENTED_EDGE('',*,*,#95980,.F.);
#97810=ORIENTED_EDGE('',*,*,#16040,.F.);
#97820=EDGE_LOOP('',(#97810,#97800,#97790,#97780));
#97830=FACE_OUTER_BOUND('',#97820,.T.);
#97840=ADVANCED_FACE('',(#97830),#97720,.F.);
#97850=CARTESIAN_POINT('',(2.96101731916345,2.8223480408227,-1.345));
#97860=DIRECTION('',(0.,0.,1.));
#97870=DIRECTION('',(-1.,-1.22460635382238E-16,0.));
#97880=AXIS2_PLACEMENT_3D('',#97850,#97860,#97870);
#97890=PLANE('',#97880);
#97900=ORIENTED_EDGE('',*,*,#97620,.T.);
#97910=ORIENTED_EDGE('',*,*,#97450,.T.);
#97920=ORIENTED_EDGE('',*,*,#97210,.F.);
#97930=ORIENTED_EDGE('',*,*,#96960,.F.);
#97940=ORIENTED_EDGE('',*,*,#96710,.T.);
#97950=ORIENTED_EDGE('',*,*,#97770,.F.);
#97960=ORIENTED_EDGE('',*,*,#16260,.F.);
#97970=EDGE_LOOP('',(#97960,#97950,#97940,#97930,#97920,#97910,#97900));
#97980=FACE_OUTER_BOUND('',#97970,.T.);
#97990=ADVANCED_FACE('',(#97980),#97890,.F.);
#98000=CARTESIAN_POINT('',(2.96101731916345,3.3223480408227,-1.225));
#98010=DIRECTION('',(0.,0.,1.));
#98020=DIRECTION('',(-1.,-1.22460635382238E-16,0.));
#98030=AXIS2_PLACEMENT_3D('',#98000,#98010,#98020);
#98040=PLANE('',#98030);
#98050=CARTESIAN_POINT('',(-1.32,1.68499999999999,-1.225));
#98060=DIRECTION('',(-1.,-1.22460635382238E-16,0.));
#98070=VECTOR('',#98060,1.);
#98080=LINE('',#98050,#98070);
#98090=CARTESIAN_POINT('',(-1.45,1.68499999999999,-1.225));
#98100=VERTEX_POINT('',#98090);
#98110=EDGE_CURVE('',#21990,#98100,#98080,.T.);
#98120=ORIENTED_EDGE('',*,*,#98110,.F.);
#98130=CARTESIAN_POINT('',(-1.45,1.73499999999999,-1.225));
#98140=DIRECTION('',(0.,0.,1.));
#98150=DIRECTION('',(-1.,-1.22460635382238E-16,0.));
#98160=AXIS2_PLACEMENT_3D('',#98130,#98140,#98150);
#98170=CIRCLE('',#98160,0.0499999999999998);
#98180=CARTESIAN_POINT('',(-1.49502394389422,1.75674498738121,-1.225));
#98190=VERTEX_POINT('',#98180);
#98200=EDGE_CURVE('',#98190,#98100,#98170,.T.);
#98210=ORIENTED_EDGE('',*,*,#98200,.T.);
#98220=CARTESIAN_POINT('',(-1.49502394389422,1.75674498738121,-1.225));
#98230=DIRECTION('',(0.434899747624548,0.900478877884487,0.));
#98240=VECTOR('',#98230,1.);
#98250=LINE('',#98220,#98240);
#98260=CARTESIAN_POINT('',(-1.47497605610577,1.79825501261876,-1.225));
#98270=VERTEX_POINT('',#98260);
#98280=EDGE_CURVE('',#98190,#98270,#98250,.T.);
#98290=ORIENTED_EDGE('',*,*,#98280,.F.);
#98300=CARTESIAN_POINT('',(-1.52,1.81999999999999,-1.225));
#98310=DIRECTION('',(0.,0.,1.));
#98320=DIRECTION('',(-1.,-1.22460635382238E-16,0.));
#98330=AXIS2_PLACEMENT_3D('',#98300,#98310,#98320);
#98340=CIRCLE('',#98330,0.0500000000000009);
#98350=CARTESIAN_POINT('',(-1.52,1.86999999999999,-1.225));
#98360=VERTEX_POINT('',#98350);
#98370=EDGE_CURVE('',#98270,#98360,#98340,.T.);
#98380=ORIENTED_EDGE('',*,*,#98370,.F.);
#98390=CARTESIAN_POINT('',(-1.52,1.86999999999999,-1.225));
#98400=DIRECTION('',(-1.,-6.6531843096478E-15,0.));
#98410=VECTOR('',#98400,1.);
#98420=LINE('',#98390,#98410);
#98430=CARTESIAN_POINT('',(-1.69,1.86999999999999,-1.225));
#98440=VERTEX_POINT('',#98430);
#98450=EDGE_CURVE('',#98360,#98440,#98420,.T.);
#98460=ORIENTED_EDGE('',*,*,#98450,.F.);
#98470=CARTESIAN_POINT('',(-1.69,1.86999999999999,-1.225));
#98480=DIRECTION('',(-1.22460635382238E-16,1.,0.));
#98490=VECTOR('',#98480,1.);
#98500=LINE('',#98470,#98490);
#98510=CARTESIAN_POINT('',(-1.69,1.94999999999999,-1.225));
#98520=VERTEX_POINT('',#98510);
#98530=EDGE_CURVE('',#98440,#98520,#98500,.T.);
#98540=ORIENTED_EDGE('',*,*,#98530,.F.);
#98550=CARTESIAN_POINT('',(-1.64,1.94999999999999,-1.225));
#98560=DIRECTION('',(0.,0.,1.));
#98570=DIRECTION('',(-1.,-1.22460635382238E-16,0.));
#98580=AXIS2_PLACEMENT_3D('',#98550,#98560,#98570);
#98590=CIRCLE('',#98580,0.05);
#98600=CARTESIAN_POINT('',(-1.64,1.99999999999999,-1.225));
#98610=VERTEX_POINT('',#98600);
#98620=EDGE_CURVE('',#98610,#98520,#98590,.T.);
#98630=ORIENTED_EDGE('',*,*,#98620,.T.);
#98640=CARTESIAN_POINT('',(-1.64,1.99999999999999,-1.225));
#98650=DIRECTION('',(1.,1.22460635382238E-16,0.));
#98660=VECTOR('',#98650,1.);
#98670=LINE('',#98640,#98660);
#98680=CARTESIAN_POINT('',(-1.39,1.99999999999999,-1.225));
#98690=VERTEX_POINT('',#98680);
#98700=EDGE_CURVE('',#98610,#98690,#98670,.T.);
#98710=ORIENTED_EDGE('',*,*,#98700,.F.);
#98720=CARTESIAN_POINT('',(-1.39,1.99999999999999,-1.225));
#98730=DIRECTION('',(0.719844295420684,-0.694135570584233,0.));
#98740=VECTOR('',#98730,1.);
#98750=LINE('',#98720,#98740);
#98760=EDGE_CURVE('',#98690,#21810,#98750,.T.);
#98770=ORIENTED_EDGE('',*,*,#98760,.F.);
#98780=ORIENTED_EDGE('',*,*,#22060,.T.);
#98790=EDGE_LOOP('',(#98780,#98770,#98710,#98630,#98540,#98460,#98380,
#98290,#98210,#98120));
#98800=FACE_OUTER_BOUND('',#98790,.T.);
#98810=ADVANCED_FACE('',(#98800),#98040,.T.);
#98820=CARTESIAN_POINT('',(-1.32,1.68499999999999,-1.345));
#98830=DIRECTION('',(1.22460635382238E-16,-1.,0.));
#98840=DIRECTION('',(-1.,-1.22460635382238E-16,0.));
#98850=AXIS2_PLACEMENT_3D('',#98820,#98830,#98840);
#98860=PLANE('',#98850);
#98870=CARTESIAN_POINT('',(-1.45,1.68499999999999,-1.345));
#98880=DIRECTION('',(0.,0.,1.));
#98890=VECTOR('',#98880,1.);
#98900=LINE('',#98870,#98890);
#98910=CARTESIAN_POINT('',(-1.45,1.68499999999999,-1.345));
#98920=VERTEX_POINT('',#98910);
#98930=EDGE_CURVE('',#98920,#98100,#98900,.T.);
#98940=ORIENTED_EDGE('',*,*,#98930,.F.);
#98950=ORIENTED_EDGE('',*,*,#98110,.T.);
#98960=ORIENTED_EDGE('',*,*,#22000,.T.);
#98970=CARTESIAN_POINT('',(-1.32,1.68499999999999,-1.345));
#98980=DIRECTION('',(-1.,-1.22460635382238E-16,0.));
#98990=VECTOR('',#98980,1.);
#99000=LINE('',#98970,#98990);
#99010=EDGE_CURVE('',#21910,#98920,#99000,.T.);
#99020=ORIENTED_EDGE('',*,*,#99010,.F.);
#99030=EDGE_LOOP('',(#99020,#98960,#98950,#98940));
#99040=FACE_OUTER_BOUND('',#99030,.T.);
#99050=ADVANCED_FACE('',(#99040),#98860,.T.);
#99060=CARTESIAN_POINT('',(2.96101731916345,3.3223480408227,-1.345));
#99070=DIRECTION('',(0.,0.,1.));
#99080=DIRECTION('',(-1.,-1.22460635382238E-16,0.));
#99090=AXIS2_PLACEMENT_3D('',#99060,#99070,#99080);
#99100=PLANE('',#99090);
#99110=CARTESIAN_POINT('',(-1.39,1.99999999999999,-1.345));
#99120=DIRECTION('',(0.719844295420684,-0.694135570584233,0.));
#99130=VECTOR('',#99120,1.);
#99140=LINE('',#99110,#99130);
#99150=CARTESIAN_POINT('',(-1.39,1.99999999999999,-1.345));
#99160=VERTEX_POINT('',#99150);
#99170=EDGE_CURVE('',#99160,#21830,#99140,.T.);
#99180=ORIENTED_EDGE('',*,*,#99170,.T.);
#99190=CARTESIAN_POINT('',(-1.64,1.99999999999999,-1.345));
#99200=DIRECTION('',(1.,1.22460635382238E-16,0.));
#99210=VECTOR('',#99200,1.);
#99220=LINE('',#99190,#99210);
#99230=CARTESIAN_POINT('',(-1.64,1.99999999999999,-1.345));
#99240=VERTEX_POINT('',#99230);
#99250=EDGE_CURVE('',#99240,#99160,#99220,.T.);
#99260=ORIENTED_EDGE('',*,*,#99250,.T.);
#99270=CARTESIAN_POINT('',(-1.64,1.94999999999999,-1.345));
#99280=DIRECTION('',(0.,0.,1.));
#99290=DIRECTION('',(-1.,-1.22460635382238E-16,0.));
#99300=AXIS2_PLACEMENT_3D('',#99270,#99280,#99290);
#99310=CIRCLE('',#99300,0.05);
#99320=CARTESIAN_POINT('',(-1.69,1.94999999999999,-1.345));
#99330=VERTEX_POINT('',#99320);
#99340=EDGE_CURVE('',#99240,#99330,#99310,.T.);
#99350=ORIENTED_EDGE('',*,*,#99340,.F.);
#99360=CARTESIAN_POINT('',(-1.69,1.86999999999999,-1.345));
#99370=DIRECTION('',(-1.22460635382238E-16,1.,0.));
#99380=VECTOR('',#99370,1.);
#99390=LINE('',#99360,#99380);
#99400=CARTESIAN_POINT('',(-1.69,1.86999999999999,-1.345));
#99410=VERTEX_POINT('',#99400);
#99420=EDGE_CURVE('',#99410,#99330,#99390,.T.);
#99430=ORIENTED_EDGE('',*,*,#99420,.T.);
#99440=CARTESIAN_POINT('',(-1.52,1.86999999999999,-1.345));
#99450=DIRECTION('',(-1.,-6.6531843096478E-15,0.));
#99460=VECTOR('',#99450,1.);
#99470=LINE('',#99440,#99460);
#99480=CARTESIAN_POINT('',(-1.52,1.86999999999999,-1.345));
#99490=VERTEX_POINT('',#99480);
#99500=EDGE_CURVE('',#99490,#99410,#99470,.T.);
#99510=ORIENTED_EDGE('',*,*,#99500,.T.);
#99520=CARTESIAN_POINT('',(-1.52,1.81999999999999,-1.345));
#99530=DIRECTION('',(0.,0.,1.));
#99540=DIRECTION('',(-1.,-1.22460635382238E-16,0.));
#99550=AXIS2_PLACEMENT_3D('',#99520,#99530,#99540);
#99560=CIRCLE('',#99550,0.0500000000000009);
#99570=CARTESIAN_POINT('',(-1.47497605610577,1.79825501261876,-1.345));
#99580=VERTEX_POINT('',#99570);
#99590=EDGE_CURVE('',#99580,#99490,#99560,.T.);
#99600=ORIENTED_EDGE('',*,*,#99590,.T.);
#99610=CARTESIAN_POINT('',(-1.49502394389422,1.75674498738121,-1.345));
#99620=DIRECTION('',(0.434899747624548,0.900478877884487,0.));
#99630=VECTOR('',#99620,1.);
#99640=LINE('',#99610,#99630);
#99650=CARTESIAN_POINT('',(-1.49502394389422,1.75674498738121,-1.345));
#99660=VERTEX_POINT('',#99650);
#99670=EDGE_CURVE('',#99660,#99580,#99640,.T.);
#99680=ORIENTED_EDGE('',*,*,#99670,.T.);
#99690=CARTESIAN_POINT('',(-1.45,1.73499999999999,-1.345));
#99700=DIRECTION('',(0.,0.,1.));
#99710=DIRECTION('',(-1.,-1.22460635382238E-16,0.));
#99720=AXIS2_PLACEMENT_3D('',#99690,#99700,#99710);
#99730=CIRCLE('',#99720,0.0499999999999998);
#99740=EDGE_CURVE('',#99660,#98920,#99730,.T.);
#99750=ORIENTED_EDGE('',*,*,#99740,.F.);
#99760=ORIENTED_EDGE('',*,*,#99010,.T.);
#99770=ORIENTED_EDGE('',*,*,#21920,.F.);
#99780=EDGE_LOOP('',(#99770,#99760,#99750,#99680,#99600,#99510,#99430,
#99350,#99260,#99180));
#99790=FACE_OUTER_BOUND('',#99780,.T.);
#99800=ADVANCED_FACE('',(#99790),#99100,.F.);
#99810=CARTESIAN_POINT('',(-1.39,1.99999999999999,-1.345));
#99820=DIRECTION('',(0.694135570584233,0.719844295420684,0.));
#99830=DIRECTION('',(0.719844295420684,-0.694135570584233,0.));
#99840=AXIS2_PLACEMENT_3D('',#99810,#99820,#99830);
#99850=PLANE('',#99840);
#99860=ORIENTED_EDGE('',*,*,#98760,.T.);
#99870=CARTESIAN_POINT('',(-1.39,1.99999999999999,-1.345));
#99880=DIRECTION('',(0.,0.,1.));
#99890=VECTOR('',#99880,1.);
#99900=LINE('',#99870,#99890);
#99910=EDGE_CURVE('',#99160,#98690,#99900,.T.);
#99920=ORIENTED_EDGE('',*,*,#99910,.T.);
#99930=ORIENTED_EDGE('',*,*,#99170,.F.);
#99940=ORIENTED_EDGE('',*,*,#21840,.T.);
#99950=EDGE_LOOP('',(#99940,#99930,#99920,#99860));
#99960=FACE_OUTER_BOUND('',#99950,.T.);
#99970=ADVANCED_FACE('',(#99960),#99850,.T.);
#99980=CARTESIAN_POINT('',(-1.64,1.99999999999999,-1.345));
#99990=DIRECTION('',(-1.22460635382238E-16,1.,0.));
#100000=DIRECTION('',(1.,1.22460635382238E-16,0.));
#100010=AXIS2_PLACEMENT_3D('',#99980,#99990,#100000);
#100020=PLANE('',#100010);
#100030=ORIENTED_EDGE('',*,*,#99910,.F.);
#100040=ORIENTED_EDGE('',*,*,#98700,.T.);
#100050=CARTESIAN_POINT('',(-1.64,1.99999999999999,-1.345));
#100060=DIRECTION('',(0.,0.,1.));
#100070=VECTOR('',#100060,1.);
#100080=LINE('',#100050,#100070);
#100090=EDGE_CURVE('',#99240,#98610,#100080,.T.);
#100100=ORIENTED_EDGE('',*,*,#100090,.T.);
#100110=ORIENTED_EDGE('',*,*,#99250,.F.);
#100120=EDGE_LOOP('',(#100110,#100100,#100040,#100030));
#100130=FACE_OUTER_BOUND('',#100120,.T.);
#100140=ADVANCED_FACE('',(#100130),#100020,.T.);
#100150=CARTESIAN_POINT('',(-1.64,1.94999999999999,-1.345));
#100160=DIRECTION('',(0.,0.,1.));
#100170=DIRECTION('',(-1.,-1.22460635382238E-16,0.));
#100180=AXIS2_PLACEMENT_3D('',#100150,#100160,#100170);
#100190=CYLINDRICAL_SURFACE('',#100180,0.05);
#100200=ORIENTED_EDGE('',*,*,#100090,.F.);
#100210=ORIENTED_EDGE('',*,*,#98620,.F.);
#100220=CARTESIAN_POINT('',(-1.69,1.94999999999999,-1.345));
#100230=DIRECTION('',(0.,0.,1.));
#100240=VECTOR('',#100230,1.);
#100250=LINE('',#100220,#100240);
#100260=EDGE_CURVE('',#99330,#98520,#100250,.T.);
#100270=ORIENTED_EDGE('',*,*,#100260,.T.);
#100280=ORIENTED_EDGE('',*,*,#99340,.T.);
#100290=EDGE_LOOP('',(#100280,#100270,#100210,#100200));
#100300=FACE_OUTER_BOUND('',#100290,.T.);
#100310=ADVANCED_FACE('',(#100300),#100190,.T.);
#100320=CARTESIAN_POINT('',(-1.69,1.86999999999999,-1.345));
#100330=DIRECTION('',(-1.,-1.22460635382238E-16,-0.));
#100340=DIRECTION('',(-1.22460635382238E-16,1.,0.));
#100350=AXIS2_PLACEMENT_3D('',#100320,#100330,#100340);
#100360=PLANE('',#100350);
#100370=ORIENTED_EDGE('',*,*,#100260,.F.);
#100380=ORIENTED_EDGE('',*,*,#98530,.T.);
#100390=CARTESIAN_POINT('',(-1.69,1.86999999999999,-1.345));
#100400=DIRECTION('',(0.,0.,1.));
#100410=VECTOR('',#100400,1.);
#100420=LINE('',#100390,#100410);
#100430=EDGE_CURVE('',#99410,#98440,#100420,.T.);
#100440=ORIENTED_EDGE('',*,*,#100430,.T.);
#100450=ORIENTED_EDGE('',*,*,#99420,.F.);
#100460=EDGE_LOOP('',(#100450,#100440,#100380,#100370));
#100470=FACE_OUTER_BOUND('',#100460,.T.);
#100480=ADVANCED_FACE('',(#100470),#100360,.T.);
#100490=CARTESIAN_POINT('',(-1.52,1.86999999999999,-1.345));
#100500=DIRECTION('',(6.6531843096478E-15,-1.,0.));
#100510=DIRECTION('',(-1.,-6.6531843096478E-15,0.));
#100520=AXIS2_PLACEMENT_3D('',#100490,#100500,#100510);
#100530=PLANE('',#100520);
#100540=ORIENTED_EDGE('',*,*,#100430,.F.);
#100550=ORIENTED_EDGE('',*,*,#98450,.T.);
#100560=CARTESIAN_POINT('',(-1.52,1.86999999999999,-1.345));
#100570=DIRECTION('',(0.,0.,1.));
#100580=VECTOR('',#100570,1.);
#100590=LINE('',#100560,#100580);
#100600=EDGE_CURVE('',#99490,#98360,#100590,.T.);
#100610=ORIENTED_EDGE('',*,*,#100600,.T.);
#100620=ORIENTED_EDGE('',*,*,#99500,.F.);
#100630=EDGE_LOOP('',(#100620,#100610,#100550,#100540));
#100640=FACE_OUTER_BOUND('',#100630,.T.);
#100650=ADVANCED_FACE('',(#100640),#100530,.T.);
#100660=CARTESIAN_POINT('',(-1.52,1.81999999999999,-1.345));
#100670=DIRECTION('',(0.,0.,1.));
#100680=DIRECTION('',(-1.,-1.22460635382238E-16,0.));
#100690=AXIS2_PLACEMENT_3D('',#100660,#100670,#100680);
#100700=CYLINDRICAL_SURFACE('',#100690,0.0500000000000009);
#100710=ORIENTED_EDGE('',*,*,#100600,.F.);
#100720=ORIENTED_EDGE('',*,*,#98370,.T.);
#100730=CARTESIAN_POINT('',(-1.47497605610577,1.79825501261876,-1.345));
#100740=DIRECTION('',(0.,0.,1.));
#100750=VECTOR('',#100740,1.);
#100760=LINE('',#100730,#100750);
#100770=EDGE_CURVE('',#99580,#98270,#100760,.T.);
#100780=ORIENTED_EDGE('',*,*,#100770,.T.);
#100790=ORIENTED_EDGE('',*,*,#99590,.F.);
#100800=EDGE_LOOP('',(#100790,#100780,#100720,#100710));
#100810=FACE_OUTER_BOUND('',#100800,.T.);
#100820=ADVANCED_FACE('',(#100810),#100700,.F.);
#100830=CARTESIAN_POINT('',(-1.49502394389422,1.75674498738121,-1.345));
#100840=DIRECTION('',(-0.900478877884487,0.434899747624548,0.));
#100850=DIRECTION('',(0.434899747624548,0.900478877884487,0.));
#100860=AXIS2_PLACEMENT_3D('',#100830,#100840,#100850);
#100870=PLANE('',#100860);
#100880=ORIENTED_EDGE('',*,*,#100770,.F.);
#100890=ORIENTED_EDGE('',*,*,#98280,.T.);
#100900=CARTESIAN_POINT('',(-1.49502394389422,1.75674498738121,-1.345));
#100910=DIRECTION('',(0.,0.,1.));
#100920=VECTOR('',#100910,1.);
#100930=LINE('',#100900,#100920);
#100940=EDGE_CURVE('',#99660,#98190,#100930,.T.);
#100950=ORIENTED_EDGE('',*,*,#100940,.T.);
#100960=ORIENTED_EDGE('',*,*,#99670,.F.);
#100970=EDGE_LOOP('',(#100960,#100950,#100890,#100880));
#100980=FACE_OUTER_BOUND('',#100970,.T.);
#100990=ADVANCED_FACE('',(#100980),#100870,.T.);
#101000=CARTESIAN_POINT('',(-1.45,1.73499999999999,-1.345));
#101010=DIRECTION('',(0.,0.,1.));
#101020=DIRECTION('',(-1.,-1.22460635382238E-16,0.));
#101030=AXIS2_PLACEMENT_3D('',#101000,#101010,#101020);
#101040=CYLINDRICAL_SURFACE('',#101030,0.0499999999999998);
#101050=ORIENTED_EDGE('',*,*,#100940,.F.);
#101060=ORIENTED_EDGE('',*,*,#98200,.F.);
#101070=ORIENTED_EDGE('',*,*,#98930,.T.);
#101080=ORIENTED_EDGE('',*,*,#99740,.T.);
#101090=EDGE_LOOP('',(#101080,#101070,#101060,#101050));
#101100=FACE_OUTER_BOUND('',#101090,.T.);
#101110=ADVANCED_FACE('',(#101100),#101040,.T.);
#101120=CARTESIAN_POINT('',(-2.96101731916344,2.8223480408227,-3.625));
#101130=DIRECTION('',(0.,0.,-1.));
#101140=DIRECTION('',(1.,1.22460635382238E-16,0.));
#101150=AXIS2_PLACEMENT_3D('',#101120,#101130,#101140);
#101160=PLANE('',#101150);
#101170=CARTESIAN_POINT('',(0.598843446820732,-1.2350001674835,-3.625));
#101180=DIRECTION('',(0.,0.,-1.));
#101190=DIRECTION('',(1.,1.22460635382238E-16,0.));
#101200=AXIS2_PLACEMENT_3D('',#101170,#101180,#101190);
#101210=CIRCLE('',#101200,0.0999999999999996);
#101220=CARTESIAN_POINT('',(0.598843446820732,-1.3350001674835,-3.625));
#101230=VERTEX_POINT('',#101220);
#101240=EDGE_CURVE('',#101230,#25640,#101210,.T.);
#101250=ORIENTED_EDGE('',*,*,#101240,.T.);
#101260=CARTESIAN_POINT('',(0.609870584701063,-1.3350001674835,-3.625));
#101270=DIRECTION('',(-1.,-1.22460635382238E-16,0.));
#101280=VECTOR('',#101270,1.);
#101290=LINE('',#101260,#101280);
#101300=CARTESIAN_POINT('',(0.609870584701063,-1.3350001674835,-3.625));
#101310=VERTEX_POINT('',#101300);
#101320=EDGE_CURVE('',#101310,#101230,#101290,.T.);
#101330=ORIENTED_EDGE('',*,*,#101320,.T.);
#101340=CARTESIAN_POINT('',(0.610000000000003,-1.38500000000002,-3.625))
;
#101350=DIRECTION('',(0.,0.,-1.));
#101360=DIRECTION('',(1.,1.22460635382238E-16,0.));
#101370=AXIS2_PLACEMENT_3D('',#101340,#101350,#101360);
#101380=CIRCLE('',#101370,0.0499999999999995);
#101390=CARTESIAN_POINT('',(0.660000000000003,-1.38500000000002,-3.625))
;
#101400=VERTEX_POINT('',#101390);
#101410=EDGE_CURVE('',#101310,#101400,#101380,.T.);
#101420=ORIENTED_EDGE('',*,*,#101410,.F.);
#101430=CARTESIAN_POINT('',(0.620000000000005,-1.38500000000002,-3.625))
;
#101440=DIRECTION('',(0.,0.,-1.));
#101450=DIRECTION('',(1.,1.22460635382238E-16,0.));
#101460=AXIS2_PLACEMENT_3D('',#101430,#101440,#101450);
#101470=CIRCLE('',#101460,0.0399999999999978);
#101480=CARTESIAN_POINT('',(0.644946914281611,-1.4162674186307,-3.625));
#101490=VERTEX_POINT('',#101480);
#101500=EDGE_CURVE('',#101400,#101490,#101470,.T.);
#101510=ORIENTED_EDGE('',*,*,#101500,.F.);
#101520=CARTESIAN_POINT('',(0.555000000000002,-1.50000000000002,-3.625))
;
#101530=DIRECTION('',(0.731939010275264,0.681370152881139,0.));
#101540=VECTOR('',#101530,1.);
#101550=LINE('',#101520,#101540);
#101560=CARTESIAN_POINT('',(0.555000000000003,-1.50000000000002,-3.625))
;
#101570=VERTEX_POINT('',#101560);
#101580=EDGE_CURVE('',#101570,#101490,#101550,.T.);
#101590=ORIENTED_EDGE('',*,*,#101580,.T.);
#101600=CARTESIAN_POINT('',(0.555000000000002,-1.50000000000002,-3.625))
;
#101610=DIRECTION('',(-1.,-1.22460635382238E-16,0.));
#101620=VECTOR('',#101610,1.);
#101630=LINE('',#101600,#101620);
#101640=EDGE_CURVE('',#101570,#25720,#101630,.T.);
#101650=ORIENTED_EDGE('',*,*,#101640,.F.);
#101660=ORIENTED_EDGE('',*,*,#25730,.F.);
#101670=EDGE_LOOP('',(#101660,#101650,#101590,#101510,#101420,#101330,
#101250));
#101680=FACE_OUTER_BOUND('',#101670,.T.);
#101690=ADVANCED_FACE('',(#101680),#101160,.F.);
#101700=CARTESIAN_POINT('',(0.598843446820732,-1.2350001674835,-3.625));
#101710=DIRECTION('',(0.,0.,-1.));
#101720=DIRECTION('',(1.,1.22460635382238E-16,0.));
#101730=AXIS2_PLACEMENT_3D('',#101700,#101710,#101720);
#101740=CYLINDRICAL_SURFACE('',#101730,0.0999999999999996);
#101750=CARTESIAN_POINT('',(0.598843446820732,-1.2350001674835,-3.745));
#101760=DIRECTION('',(0.,0.,-1.));
#101770=DIRECTION('',(1.,1.22460635382238E-16,0.));
#101780=AXIS2_PLACEMENT_3D('',#101750,#101760,#101770);
#101790=CIRCLE('',#101780,0.0999999999999996);
#101800=CARTESIAN_POINT('',(0.598843446820732,-1.3350001674835,-3.745));
#101810=VERTEX_POINT('',#101800);
#101820=EDGE_CURVE('',#101810,#25560,#101790,.T.);
#101830=ORIENTED_EDGE('',*,*,#101820,.T.);
#101840=CARTESIAN_POINT('',(0.598843446820732,-1.3350001674835,-3.625));
#101850=DIRECTION('',(0.,0.,-1.));
#101860=VECTOR('',#101850,1.);
#101870=LINE('',#101840,#101860);
#101880=EDGE_CURVE('',#101230,#101810,#101870,.T.);
#101890=ORIENTED_EDGE('',*,*,#101880,.T.);
#101900=ORIENTED_EDGE('',*,*,#101240,.F.);
#101910=ORIENTED_EDGE('',*,*,#25650,.F.);
#101920=EDGE_LOOP('',(#101910,#101900,#101890,#101830));
#101930=FACE_OUTER_BOUND('',#101920,.T.);
#101940=ADVANCED_FACE('',(#101930),#101740,.F.);
#101950=CARTESIAN_POINT('',(-2.96101731916344,2.8223480408227,-3.745));
#101960=DIRECTION('',(0.,0.,-1.));
#101970=DIRECTION('',(1.,1.22460635382238E-16,0.));
#101980=AXIS2_PLACEMENT_3D('',#101950,#101960,#101970);
#101990=PLANE('',#101980);
#102000=CARTESIAN_POINT('',(0.555000000000002,-1.50000000000002,-3.745))
;
#102010=DIRECTION('',(-1.,-1.22460635382238E-16,0.));
#102020=VECTOR('',#102010,1.);
#102030=LINE('',#102000,#102020);
#102040=CARTESIAN_POINT('',(0.555000000000003,-1.50000000000002,-3.745))
;
#102050=VERTEX_POINT('',#102040);
#102060=EDGE_CURVE('',#102050,#25540,#102030,.T.);
#102070=ORIENTED_EDGE('',*,*,#102060,.T.);
#102080=CARTESIAN_POINT('',(0.555000000000002,-1.50000000000002,-3.745))
;
#102090=DIRECTION('',(0.731939010275264,0.681370152881139,0.));
#102100=VECTOR('',#102090,1.);
#102110=LINE('',#102080,#102100);
#102120=CARTESIAN_POINT('',(0.644946914281611,-1.4162674186307,-3.745));
#102130=VERTEX_POINT('',#102120);
#102140=EDGE_CURVE('',#102050,#102130,#102110,.T.);
#102150=ORIENTED_EDGE('',*,*,#102140,.F.);
#102160=CARTESIAN_POINT('',(0.620000000000005,-1.38500000000002,-3.745))
;
#102170=DIRECTION('',(0.,0.,-1.));
#102180=DIRECTION('',(1.,1.22460635382238E-16,0.));
#102190=AXIS2_PLACEMENT_3D('',#102160,#102170,#102180);
#102200=CIRCLE('',#102190,0.0399999999999978);
#102210=CARTESIAN_POINT('',(0.660000000000003,-1.38500000000002,-3.745))
;
#102220=VERTEX_POINT('',#102210);
#102230=EDGE_CURVE('',#102220,#102130,#102200,.T.);
#102240=ORIENTED_EDGE('',*,*,#102230,.T.);
#102250=CARTESIAN_POINT('',(0.610000000000003,-1.38500000000002,-3.745))
;
#102260=DIRECTION('',(0.,0.,-1.));
#102270=DIRECTION('',(1.,1.22460635382238E-16,0.));
#102280=AXIS2_PLACEMENT_3D('',#102250,#102260,#102270);
#102290=CIRCLE('',#102280,0.0499999999999995);
#102300=CARTESIAN_POINT('',(0.609870584701063,-1.3350001674835,-3.745));
#102310=VERTEX_POINT('',#102300);
#102320=EDGE_CURVE('',#102310,#102220,#102290,.T.);
#102330=ORIENTED_EDGE('',*,*,#102320,.T.);
#102340=CARTESIAN_POINT('',(0.609870584701063,-1.3350001674835,-3.745));
#102350=DIRECTION('',(-1.,-1.22460635382238E-16,0.));
#102360=VECTOR('',#102350,1.);
#102370=LINE('',#102340,#102360);
#102380=EDGE_CURVE('',#102310,#101810,#102370,.T.);
#102390=ORIENTED_EDGE('',*,*,#102380,.F.);
#102400=ORIENTED_EDGE('',*,*,#101820,.F.);
#102410=ORIENTED_EDGE('',*,*,#25570,.T.);
#102420=EDGE_LOOP('',(#102410,#102400,#102390,#102330,#102240,#102150,
#102070));
#102430=FACE_OUTER_BOUND('',#102420,.T.);
#102440=ADVANCED_FACE('',(#102430),#101990,.T.);
#102450=CARTESIAN_POINT('',(0.555000000000002,-1.50000000000002,-3.625))
;
#102460=DIRECTION('',(-1.22460635382238E-16,1.,0.));
#102470=DIRECTION('',(1.,1.22460635382238E-16,0.));
#102480=AXIS2_PLACEMENT_3D('',#102450,#102460,#102470);
#102490=PLANE('',#102480);
#102500=ORIENTED_EDGE('',*,*,#101640,.T.);
#102510=CARTESIAN_POINT('',(0.555000000000002,-1.50000000000002,-3.625))
;
#102520=DIRECTION('',(0.,0.,1.));
#102530=VECTOR('',#102520,1.);
#102540=LINE('',#102510,#102530);
#102550=EDGE_CURVE('',#102050,#101570,#102540,.T.);
#102560=ORIENTED_EDGE('',*,*,#102550,.T.);
#102570=ORIENTED_EDGE('',*,*,#102060,.F.);
#102580=ORIENTED_EDGE('',*,*,#25790,.F.);
#102590=EDGE_LOOP('',(#102580,#102570,#102560,#102500));
#102600=FACE_OUTER_BOUND('',#102590,.T.);
#102610=ADVANCED_FACE('',(#102600),#102490,.F.);
#102620=CARTESIAN_POINT('',(0.555000000000002,-1.50000000000002,-3.625))
;
#102630=DIRECTION('',(0.681370152881139,-0.731939010275264,0.));
#102640=DIRECTION('',(0.731939010275264,0.681370152881139,0.));
#102650=AXIS2_PLACEMENT_3D('',#102620,#102630,#102640);
#102660=PLANE('',#102650);
#102670=CARTESIAN_POINT('',(0.644946914281611,-1.4162674186307,-3.625));
#102680=DIRECTION('',(0.,0.,-1.));
#102690=VECTOR('',#102680,1.);
#102700=LINE('',#102670,#102690);
#102710=EDGE_CURVE('',#101490,#102130,#102700,.T.);
#102720=ORIENTED_EDGE('',*,*,#102710,.F.);
#102730=ORIENTED_EDGE('',*,*,#102140,.T.);
#102740=ORIENTED_EDGE('',*,*,#102550,.F.);
#102750=ORIENTED_EDGE('',*,*,#101580,.F.);
#102760=EDGE_LOOP('',(#102750,#102740,#102730,#102720));
#102770=FACE_OUTER_BOUND('',#102760,.T.);
#102780=ADVANCED_FACE('',(#102770),#102660,.T.);
#102790=CARTESIAN_POINT('',(0.620000000000005,-1.38500000000002,-3.625))
;
#102800=DIRECTION('',(0.,0.,-1.));
#102810=DIRECTION('',(1.,1.22460635382238E-16,0.));
#102820=AXIS2_PLACEMENT_3D('',#102790,#102800,#102810);
#102830=CYLINDRICAL_SURFACE('',#102820,0.0399999999999978);
#102840=CARTESIAN_POINT('',(0.660000000000003,-1.38500000000002,-3.625))
;
#102850=DIRECTION('',(0.,0.,-1.));
#102860=VECTOR('',#102850,1.);
#102870=LINE('',#102840,#102860);
#102880=EDGE_CURVE('',#101400,#102220,#102870,.T.);
#102890=ORIENTED_EDGE('',*,*,#102880,.F.);
#102900=ORIENTED_EDGE('',*,*,#102230,.F.);
#102910=ORIENTED_EDGE('',*,*,#102710,.T.);
#102920=ORIENTED_EDGE('',*,*,#101500,.T.);
#102930=EDGE_LOOP('',(#102920,#102910,#102900,#102890));
#102940=FACE_OUTER_BOUND('',#102930,.T.);
#102950=ADVANCED_FACE('',(#102940),#102830,.T.);
#102960=CARTESIAN_POINT('',(0.610000000000003,-1.38500000000002,-3.625))
;
#102970=DIRECTION('',(0.,0.,-1.));
#102980=DIRECTION('',(1.,1.22460635382238E-16,0.));
#102990=AXIS2_PLACEMENT_3D('',#102960,#102970,#102980);
#103000=CYLINDRICAL_SURFACE('',#102990,0.0499999999999995);
#103010=CARTESIAN_POINT('',(0.609870584701063,-1.3350001674835,-3.625));
#103020=DIRECTION('',(0.,0.,-1.));
#103030=VECTOR('',#103020,1.);
#103040=LINE('',#103010,#103030);
#103050=EDGE_CURVE('',#101310,#102310,#103040,.T.);
#103060=ORIENTED_EDGE('',*,*,#103050,.F.);
#103070=ORIENTED_EDGE('',*,*,#102320,.F.);
#103080=ORIENTED_EDGE('',*,*,#102880,.T.);
#103090=ORIENTED_EDGE('',*,*,#101410,.T.);
#103100=EDGE_LOOP('',(#103090,#103080,#103070,#103060));
#103110=FACE_OUTER_BOUND('',#103100,.T.);
#103120=ADVANCED_FACE('',(#103110),#103000,.T.);
#103130=CARTESIAN_POINT('',(0.609870584701063,-1.3350001674835,-3.625));
#103140=DIRECTION('',(-1.22460635382238E-16,1.,0.));
#103150=DIRECTION('',(-1.,-1.22460635382238E-16,0.));
#103160=AXIS2_PLACEMENT_3D('',#103130,#103140,#103150);
#103170=PLANE('',#103160);
#103180=ORIENTED_EDGE('',*,*,#101880,.F.);
#103190=ORIENTED_EDGE('',*,*,#102380,.T.);
#103200=ORIENTED_EDGE('',*,*,#103050,.T.);
#103210=ORIENTED_EDGE('',*,*,#101320,.F.);
#103220=EDGE_LOOP('',(#103210,#103200,#103190,#103180));
#103230=FACE_OUTER_BOUND('',#103220,.T.);
#103240=ADVANCED_FACE('',(#103230),#103170,.T.);
#103250=CARTESIAN_POINT('',(-2.96101731916344,3.3223480408227,-3.625));
#103260=DIRECTION('',(0.,0.,-1.));
#103270=DIRECTION('',(1.,1.22460635382238E-16,0.));
#103280=AXIS2_PLACEMENT_3D('',#103250,#103260,#103270);
#103290=PLANE('',#103280);
#103300=CARTESIAN_POINT('',(1.39,1.99999999999999,-3.625));
#103310=DIRECTION('',(-0.719844295420684,-0.694135570584234,0.));
#103320=VECTOR('',#103310,1.);
#103330=LINE('',#103300,#103320);
#103340=CARTESIAN_POINT('',(1.39,1.99999999999999,-3.625));
#103350=VERTEX_POINT('',#103340);
#103360=EDGE_CURVE('',#103350,#30230,#103330,.T.);
#103370=ORIENTED_EDGE('',*,*,#103360,.T.);
#103380=CARTESIAN_POINT('',(1.64,1.99999999999999,-3.625));
#103390=DIRECTION('',(-1.,-1.22460635382238E-16,0.));
#103400=VECTOR('',#103390,1.);
#103410=LINE('',#103380,#103400);
#103420=CARTESIAN_POINT('',(1.64,1.99999999999999,-3.625));
#103430=VERTEX_POINT('',#103420);
#103440=EDGE_CURVE('',#103430,#103350,#103410,.T.);
#103450=ORIENTED_EDGE('',*,*,#103440,.T.);
#103460=CARTESIAN_POINT('',(1.64,1.94999999999999,-3.625));
#103470=DIRECTION('',(0.,0.,-1.));
#103480=DIRECTION('',(1.,1.22460635382238E-16,0.));
#103490=AXIS2_PLACEMENT_3D('',#103460,#103470,#103480);
#103500=CIRCLE('',#103490,0.05);
#103510=CARTESIAN_POINT('',(1.69,1.94999999999999,-3.625));
#103520=VERTEX_POINT('',#103510);
#103530=EDGE_CURVE('',#103430,#103520,#103500,.T.);
#103540=ORIENTED_EDGE('',*,*,#103530,.F.);
#103550=CARTESIAN_POINT('',(1.69000000000001,1.86999999999999,-3.625));
#103560=DIRECTION('',(-1.22460635382238E-16,1.,0.));
#103570=VECTOR('',#103560,1.);
#103580=LINE('',#103550,#103570);
#103590=CARTESIAN_POINT('',(1.69000000000001,1.86999999999999,-3.625));
#103600=VERTEX_POINT('',#103590);
#103610=EDGE_CURVE('',#103600,#103520,#103580,.T.);
#103620=ORIENTED_EDGE('',*,*,#103610,.T.);
#103630=CARTESIAN_POINT('',(1.52,1.86999999999999,-3.625));
#103640=DIRECTION('',(1.,-6.40826303888332E-15,0.));
#103650=VECTOR('',#103640,1.);
#103660=LINE('',#103630,#103650);
#103670=CARTESIAN_POINT('',(1.52,1.86999999999999,-3.625));
#103680=VERTEX_POINT('',#103670);
#103690=EDGE_CURVE('',#103680,#103600,#103660,.T.);
#103700=ORIENTED_EDGE('',*,*,#103690,.T.);
#103710=CARTESIAN_POINT('',(1.52,1.81999999999999,-3.625));
#103720=DIRECTION('',(0.,0.,-1.));
#103730=DIRECTION('',(1.,1.22460635382238E-16,0.));
#103740=AXIS2_PLACEMENT_3D('',#103710,#103720,#103730);
#103750=CIRCLE('',#103740,0.0500000000000009);
#103760=CARTESIAN_POINT('',(1.47497605610578,1.79825501261876,-3.625));
#103770=VERTEX_POINT('',#103760);
#103780=EDGE_CURVE('',#103770,#103680,#103750,.T.);
#103790=ORIENTED_EDGE('',*,*,#103780,.T.);
#103800=CARTESIAN_POINT('',(1.49502394389423,1.75674498738121,-3.625));
#103810=DIRECTION('',(-0.434899747624548,0.900478877884487,0.));
#103820=VECTOR('',#103810,1.);
#103830=LINE('',#103800,#103820);
#103840=CARTESIAN_POINT('',(1.49502394389423,1.75674498738121,-3.625));
#103850=VERTEX_POINT('',#103840);
#103860=EDGE_CURVE('',#103850,#103770,#103830,.T.);
#103870=ORIENTED_EDGE('',*,*,#103860,.T.);
#103880=CARTESIAN_POINT('',(1.45,1.73499999999999,-3.625));
#103890=DIRECTION('',(0.,0.,-1.));
#103900=DIRECTION('',(1.,1.22460635382238E-16,0.));
#103910=AXIS2_PLACEMENT_3D('',#103880,#103890,#103900);
#103920=CIRCLE('',#103910,0.0499999999999998);
#103930=CARTESIAN_POINT('',(1.45,1.68499999999999,-3.625));
#103940=VERTEX_POINT('',#103930);
#103950=EDGE_CURVE('',#103850,#103940,#103920,.T.);
#103960=ORIENTED_EDGE('',*,*,#103950,.F.);
#103970=CARTESIAN_POINT('',(1.32,1.68499999999999,-3.625));
#103980=DIRECTION('',(1.,1.22460635382238E-16,0.));
#103990=VECTOR('',#103980,1.);
#104000=LINE('',#103970,#103990);
#104010=EDGE_CURVE('',#30070,#103940,#104000,.T.);
#104020=ORIENTED_EDGE('',*,*,#104010,.T.);
#104030=ORIENTED_EDGE('',*,*,#30300,.T.);
#104040=EDGE_LOOP('',(#104030,#104020,#103960,#103870,#103790,#103700,
#103620,#103540,#103450,#103370));
#104050=FACE_OUTER_BOUND('',#104040,.T.);
#104060=ADVANCED_FACE('',(#104050),#103290,.F.);
#104070=CARTESIAN_POINT('',(1.39,1.99999999999999,-3.625));
#104080=DIRECTION('',(-0.694135570584234,0.719844295420684,0.));
#104090=DIRECTION('',(-0.719844295420684,-0.694135570584234,0.));
#104100=AXIS2_PLACEMENT_3D('',#104070,#104080,#104090);
#104110=PLANE('',#104100);
#104120=CARTESIAN_POINT('',(1.39,1.99999999999999,-3.745));
#104130=DIRECTION('',(-0.719844295420684,-0.694135570584234,0.));
#104140=VECTOR('',#104130,1.);
#104150=LINE('',#104120,#104140);
#104160=CARTESIAN_POINT('',(1.39,1.99999999999999,-3.745));
#104170=VERTEX_POINT('',#104160);
#104180=EDGE_CURVE('',#104170,#30150,#104150,.T.);
#104190=ORIENTED_EDGE('',*,*,#104180,.T.);
#104200=CARTESIAN_POINT('',(1.39,1.99999999999999,-3.625));
#104210=DIRECTION('',(0.,0.,-1.));
#104220=VECTOR('',#104210,1.);
#104230=LINE('',#104200,#104220);
#104240=EDGE_CURVE('',#103350,#104170,#104230,.T.);
#104250=ORIENTED_EDGE('',*,*,#104240,.T.);
#104260=ORIENTED_EDGE('',*,*,#103360,.F.);
#104270=ORIENTED_EDGE('',*,*,#30240,.F.);
#104280=EDGE_LOOP('',(#104270,#104260,#104250,#104190));
#104290=FACE_OUTER_BOUND('',#104280,.T.);
#104300=ADVANCED_FACE('',(#104290),#104110,.T.);
#104310=CARTESIAN_POINT('',(-2.96101731916344,3.3223480408227,-3.745));
#104320=DIRECTION('',(0.,0.,-1.));
#104330=DIRECTION('',(1.,1.22460635382238E-16,0.));
#104340=AXIS2_PLACEMENT_3D('',#104310,#104320,#104330);
#104350=PLANE('',#104340);
#104360=CARTESIAN_POINT('',(1.32,1.68499999999999,-3.745));
#104370=DIRECTION('',(1.,1.22460635382238E-16,0.));
#104380=VECTOR('',#104370,1.);
#104390=LINE('',#104360,#104380);
#104400=CARTESIAN_POINT('',(1.45,1.68499999999999,-3.745));
#104410=VERTEX_POINT('',#104400);
#104420=EDGE_CURVE('',#30050,#104410,#104390,.T.);
#104430=ORIENTED_EDGE('',*,*,#104420,.F.);
#104440=CARTESIAN_POINT('',(1.45,1.73499999999999,-3.745));
#104450=DIRECTION('',(0.,0.,-1.));
#104460=DIRECTION('',(1.,1.22460635382238E-16,0.));
#104470=AXIS2_PLACEMENT_3D('',#104440,#104450,#104460);
#104480=CIRCLE('',#104470,0.0499999999999998);
#104490=CARTESIAN_POINT('',(1.49502394389423,1.75674498738121,-3.745));
#104500=VERTEX_POINT('',#104490);
#104510=EDGE_CURVE('',#104500,#104410,#104480,.T.);
#104520=ORIENTED_EDGE('',*,*,#104510,.T.);
#104530=CARTESIAN_POINT('',(1.49502394389423,1.75674498738121,-3.745));
#104540=DIRECTION('',(-0.434899747624548,0.900478877884487,0.));
#104550=VECTOR('',#104540,1.);
#104560=LINE('',#104530,#104550);
#104570=CARTESIAN_POINT('',(1.47497605610578,1.79825501261876,-3.745));
#104580=VERTEX_POINT('',#104570);
#104590=EDGE_CURVE('',#104500,#104580,#104560,.T.);
#104600=ORIENTED_EDGE('',*,*,#104590,.F.);
#104610=CARTESIAN_POINT('',(1.52,1.81999999999999,-3.745));
#104620=DIRECTION('',(0.,0.,-1.));
#104630=DIRECTION('',(1.,1.22460635382238E-16,0.));
#104640=AXIS2_PLACEMENT_3D('',#104610,#104620,#104630);
#104650=CIRCLE('',#104640,0.0500000000000009);
#104660=CARTESIAN_POINT('',(1.52,1.86999999999999,-3.745));
#104670=VERTEX_POINT('',#104660);
#104680=EDGE_CURVE('',#104580,#104670,#104650,.T.);
#104690=ORIENTED_EDGE('',*,*,#104680,.F.);
#104700=CARTESIAN_POINT('',(1.52,1.86999999999999,-3.745));
#104710=DIRECTION('',(1.,-6.40826303888332E-15,0.));
#104720=VECTOR('',#104710,1.);
#104730=LINE('',#104700,#104720);
#104740=CARTESIAN_POINT('',(1.69000000000001,1.86999999999999,-3.745));
#104750=VERTEX_POINT('',#104740);
#104760=EDGE_CURVE('',#104670,#104750,#104730,.T.);
#104770=ORIENTED_EDGE('',*,*,#104760,.F.);
#104780=CARTESIAN_POINT('',(1.69000000000001,1.86999999999999,-3.745));
#104790=DIRECTION('',(-1.22460635382238E-16,1.,0.));
#104800=VECTOR('',#104790,1.);
#104810=LINE('',#104780,#104800);
#104820=CARTESIAN_POINT('',(1.69,1.94999999999999,-3.745));
#104830=VERTEX_POINT('',#104820);
#104840=EDGE_CURVE('',#104750,#104830,#104810,.T.);
#104850=ORIENTED_EDGE('',*,*,#104840,.F.);
#104860=CARTESIAN_POINT('',(1.64,1.94999999999999,-3.745));
#104870=DIRECTION('',(0.,0.,-1.));
#104880=DIRECTION('',(1.,1.22460635382238E-16,0.));
#104890=AXIS2_PLACEMENT_3D('',#104860,#104870,#104880);
#104900=CIRCLE('',#104890,0.05);
#104910=CARTESIAN_POINT('',(1.64,1.99999999999999,-3.745));
#104920=VERTEX_POINT('',#104910);
#104930=EDGE_CURVE('',#104920,#104830,#104900,.T.);
#104940=ORIENTED_EDGE('',*,*,#104930,.T.);
#104950=CARTESIAN_POINT('',(1.64,1.99999999999999,-3.745));
#104960=DIRECTION('',(-1.,-1.22460635382238E-16,0.));
#104970=VECTOR('',#104960,1.);
#104980=LINE('',#104950,#104970);
#104990=EDGE_CURVE('',#104920,#104170,#104980,.T.);
#105000=ORIENTED_EDGE('',*,*,#104990,.F.);
#105010=ORIENTED_EDGE('',*,*,#104180,.F.);
#105020=ORIENTED_EDGE('',*,*,#30160,.F.);
#105030=EDGE_LOOP('',(#105020,#105010,#105000,#104940,#104850,#104770,
#104690,#104600,#104520,#104430));
#105040=FACE_OUTER_BOUND('',#105030,.T.);
#105050=ADVANCED_FACE('',(#105040),#104350,.T.);
#105060=CARTESIAN_POINT('',(1.32,1.68499999999999,-3.625));
#105070=DIRECTION('',(1.22460635382238E-16,-1.,0.));
#105080=DIRECTION('',(1.,1.22460635382238E-16,0.));
#105090=AXIS2_PLACEMENT_3D('',#105060,#105070,#105080);
#105100=PLANE('',#105090);
#105110=CARTESIAN_POINT('',(1.45,1.68499999999999,-3.625));
#105120=DIRECTION('',(0.,0.,-1.));
#105130=VECTOR('',#105120,1.);
#105140=LINE('',#105110,#105130);
#105150=EDGE_CURVE('',#103940,#104410,#105140,.T.);
#105160=ORIENTED_EDGE('',*,*,#105150,.F.);
#105170=ORIENTED_EDGE('',*,*,#104420,.T.);
#105180=ORIENTED_EDGE('',*,*,#30080,.F.);
#105190=ORIENTED_EDGE('',*,*,#104010,.F.);
#105200=EDGE_LOOP('',(#105190,#105180,#105170,#105160));
#105210=FACE_OUTER_BOUND('',#105200,.T.);
#105220=ADVANCED_FACE('',(#105210),#105100,.T.);
#105230=CARTESIAN_POINT('',(1.45,1.73499999999999,-3.625));
#105240=DIRECTION('',(0.,0.,-1.));
#105250=DIRECTION('',(1.,1.22460635382238E-16,0.));
#105260=AXIS2_PLACEMENT_3D('',#105230,#105240,#105250);
#105270=CYLINDRICAL_SURFACE('',#105260,0.0499999999999998);
#105280=CARTESIAN_POINT('',(1.49502394389423,1.75674498738121,-3.625));
#105290=DIRECTION('',(0.,0.,-1.));
#105300=VECTOR('',#105290,1.);
#105310=LINE('',#105280,#105300);
#105320=EDGE_CURVE('',#103850,#104500,#105310,.T.);
#105330=ORIENTED_EDGE('',*,*,#105320,.F.);
#105340=ORIENTED_EDGE('',*,*,#104510,.F.);
#105350=ORIENTED_EDGE('',*,*,#105150,.T.);
#105360=ORIENTED_EDGE('',*,*,#103950,.T.);
#105370=EDGE_LOOP('',(#105360,#105350,#105340,#105330));
#105380=FACE_OUTER_BOUND('',#105370,.T.);
#105390=ADVANCED_FACE('',(#105380),#105270,.T.);
#105400=CARTESIAN_POINT('',(1.49502394389423,1.75674498738121,-3.625));
#105410=DIRECTION('',(0.900478877884487,0.434899747624548,-0.));
#105420=DIRECTION('',(-0.434899747624548,0.900478877884487,0.));
#105430=AXIS2_PLACEMENT_3D('',#105400,#105410,#105420);
#105440=PLANE('',#105430);
#105450=CARTESIAN_POINT('',(1.47497605610578,1.79825501261876,-3.625));
#105460=DIRECTION('',(0.,0.,-1.));
#105470=VECTOR('',#105460,1.);
#105480=LINE('',#105450,#105470);
#105490=EDGE_CURVE('',#103770,#104580,#105480,.T.);
#105500=ORIENTED_EDGE('',*,*,#105490,.F.);
#105510=ORIENTED_EDGE('',*,*,#104590,.T.);
#105520=ORIENTED_EDGE('',*,*,#105320,.T.);
#105530=ORIENTED_EDGE('',*,*,#103860,.F.);
#105540=EDGE_LOOP('',(#105530,#105520,#105510,#105500));
#105550=FACE_OUTER_BOUND('',#105540,.T.);
#105560=ADVANCED_FACE('',(#105550),#105440,.T.);
#105570=CARTESIAN_POINT('',(1.52,1.81999999999999,-3.625));
#105580=DIRECTION('',(0.,0.,-1.));
#105590=DIRECTION('',(1.,1.22460635382238E-16,0.));
#105600=AXIS2_PLACEMENT_3D('',#105570,#105580,#105590);
#105610=CYLINDRICAL_SURFACE('',#105600,0.0500000000000009);
#105620=CARTESIAN_POINT('',(1.52,1.86999999999999,-3.625));
#105630=DIRECTION('',(0.,0.,-1.));
#105640=VECTOR('',#105630,1.);
#105650=LINE('',#105620,#105640);
#105660=EDGE_CURVE('',#103680,#104670,#105650,.T.);
#105670=ORIENTED_EDGE('',*,*,#105660,.F.);
#105680=ORIENTED_EDGE('',*,*,#104680,.T.);
#105690=ORIENTED_EDGE('',*,*,#105490,.T.);
#105700=ORIENTED_EDGE('',*,*,#103780,.F.);
#105710=EDGE_LOOP('',(#105700,#105690,#105680,#105670));
#105720=FACE_OUTER_BOUND('',#105710,.T.);
#105730=ADVANCED_FACE('',(#105720),#105610,.F.);
#105740=CARTESIAN_POINT('',(1.52,1.86999999999999,-3.625));
#105750=DIRECTION('',(-6.40826303888332E-15,-1.,0.));
#105760=DIRECTION('',(1.,-6.40826303888332E-15,0.));
#105770=AXIS2_PLACEMENT_3D('',#105740,#105750,#105760);
#105780=PLANE('',#105770);
#105790=CARTESIAN_POINT('',(1.69000000000001,1.86999999999999,-3.625));
#105800=DIRECTION('',(0.,0.,-1.));
#105810=VECTOR('',#105800,1.);
#105820=LINE('',#105790,#105810);
#105830=EDGE_CURVE('',#103600,#104750,#105820,.T.);
#105840=ORIENTED_EDGE('',*,*,#105830,.F.);
#105850=ORIENTED_EDGE('',*,*,#104760,.T.);
#105860=ORIENTED_EDGE('',*,*,#105660,.T.);
#105870=ORIENTED_EDGE('',*,*,#103690,.F.);
#105880=EDGE_LOOP('',(#105870,#105860,#105850,#105840));
#105890=FACE_OUTER_BOUND('',#105880,.T.);
#105900=ADVANCED_FACE('',(#105890),#105780,.T.);
#105910=CARTESIAN_POINT('',(1.69000000000001,1.86999999999999,-3.625));
#105920=DIRECTION('',(1.,1.22460635382238E-16,-0.));
#105930=DIRECTION('',(-1.22460635382238E-16,1.,0.));
#105940=AXIS2_PLACEMENT_3D('',#105910,#105920,#105930);
#105950=PLANE('',#105940);
#105960=CARTESIAN_POINT('',(1.69,1.94999999999999,-3.625));
#105970=DIRECTION('',(0.,0.,-1.));
#105980=VECTOR('',#105970,1.);
#105990=LINE('',#105960,#105980);
#106000=EDGE_CURVE('',#103520,#104830,#105990,.T.);
#106010=ORIENTED_EDGE('',*,*,#106000,.F.);
#106020=ORIENTED_EDGE('',*,*,#104840,.T.);
#106030=ORIENTED_EDGE('',*,*,#105830,.T.);
#106040=ORIENTED_EDGE('',*,*,#103610,.F.);
#106050=EDGE_LOOP('',(#106040,#106030,#106020,#106010));
#106060=FACE_OUTER_BOUND('',#106050,.T.);
#106070=ADVANCED_FACE('',(#106060),#105950,.T.);
#106080=CARTESIAN_POINT('',(1.64,1.94999999999999,-3.625));
#106090=DIRECTION('',(0.,0.,-1.));
#106100=DIRECTION('',(1.,1.22460635382238E-16,0.));
#106110=AXIS2_PLACEMENT_3D('',#106080,#106090,#106100);
#106120=CYLINDRICAL_SURFACE('',#106110,0.05);
#106130=CARTESIAN_POINT('',(1.64,1.99999999999999,-3.625));
#106140=DIRECTION('',(0.,0.,-1.));
#106150=VECTOR('',#106140,1.);
#106160=LINE('',#106130,#106150);
#106170=EDGE_CURVE('',#103430,#104920,#106160,.T.);
#106180=ORIENTED_EDGE('',*,*,#106170,.F.);
#106190=ORIENTED_EDGE('',*,*,#104930,.F.);
#106200=ORIENTED_EDGE('',*,*,#106000,.T.);
#106210=ORIENTED_EDGE('',*,*,#103530,.T.);
#106220=EDGE_LOOP('',(#106210,#106200,#106190,#106180));
#106230=FACE_OUTER_BOUND('',#106220,.T.);
#106240=ADVANCED_FACE('',(#106230),#106120,.T.);
#106250=CARTESIAN_POINT('',(1.64,1.99999999999999,-3.625));
#106260=DIRECTION('',(-1.22460635382238E-16,1.,0.));
#106270=DIRECTION('',(-1.,-1.22460635382238E-16,0.));
#106280=AXIS2_PLACEMENT_3D('',#106250,#106260,#106270);
#106290=PLANE('',#106280);
#106300=ORIENTED_EDGE('',*,*,#104240,.F.);
#106310=ORIENTED_EDGE('',*,*,#104990,.T.);
#106320=ORIENTED_EDGE('',*,*,#106170,.T.);
#106330=ORIENTED_EDGE('',*,*,#103440,.F.);
#106340=EDGE_LOOP('',(#106330,#106320,#106310,#106300));
#106350=FACE_OUTER_BOUND('',#106340,.T.);
#106360=ADVANCED_FACE('',(#106350),#106290,.T.);
#106370=CARTESIAN_POINT('',(-2.96101731916344,2.8223480408227,-2.025));
#106380=DIRECTION('',(0.,0.,-1.));
#106390=DIRECTION('',(1.,1.22460635382238E-16,0.));
#106400=AXIS2_PLACEMENT_3D('',#106370,#106380,#106390);
#106410=PLANE('',#106400);
#106420=CARTESIAN_POINT('',(0.598843446820732,-1.2350001674835,-2.025));
#106430=DIRECTION('',(0.,0.,-1.));
#106440=DIRECTION('',(1.,1.22460635382238E-16,0.));
#106450=AXIS2_PLACEMENT_3D('',#106420,#106430,#106440);
#106460=CIRCLE('',#106450,0.0999999999999996);
#106470=CARTESIAN_POINT('',(0.598843446820732,-1.3350001674835,-2.025));
#106480=VERTEX_POINT('',#106470);
#106490=EDGE_CURVE('',#106480,#25980,#106460,.T.);
#106500=ORIENTED_EDGE('',*,*,#106490,.T.);
#106510=CARTESIAN_POINT('',(0.609870584701063,-1.3350001674835,-2.025));
#106520=DIRECTION('',(-1.,-1.22460635382238E-16,0.));
#106530=VECTOR('',#106520,1.);
#106540=LINE('',#106510,#106530);
#106550=CARTESIAN_POINT('',(0.609870584701063,-1.3350001674835,-2.025));
#106560=VERTEX_POINT('',#106550);
#106570=EDGE_CURVE('',#106560,#106480,#106540,.T.);
#106580=ORIENTED_EDGE('',*,*,#106570,.T.);
#106590=CARTESIAN_POINT('',(0.610000000000003,-1.38500000000002,-2.025))
;
#106600=DIRECTION('',(0.,0.,-1.));
#106610=DIRECTION('',(1.,1.22460635382238E-16,0.));
#106620=AXIS2_PLACEMENT_3D('',#106590,#106600,#106610);
#106630=CIRCLE('',#106620,0.0499999999999995);
#106640=CARTESIAN_POINT('',(0.660000000000003,-1.38500000000002,-2.025))
;
#106650=VERTEX_POINT('',#106640);
#106660=EDGE_CURVE('',#106560,#106650,#106630,.T.);
#106670=ORIENTED_EDGE('',*,*,#106660,.F.);
#106680=CARTESIAN_POINT('',(0.620000000000005,-1.38500000000002,-2.025))
;
#106690=DIRECTION('',(0.,0.,-1.));
#106700=DIRECTION('',(1.,1.22460635382238E-16,0.));
#106710=AXIS2_PLACEMENT_3D('',#106680,#106690,#106700);
#106720=CIRCLE('',#106710,0.0399999999999978);
#106730=CARTESIAN_POINT('',(0.644946914281611,-1.4162674186307,-2.025));
#106740=VERTEX_POINT('',#106730);
#106750=EDGE_CURVE('',#106650,#106740,#106720,.T.);
#106760=ORIENTED_EDGE('',*,*,#106750,.F.);
#106770=CARTESIAN_POINT('',(0.555000000000002,-1.50000000000002,-2.025))
;
#106780=DIRECTION('',(0.731939010275264,0.681370152881139,0.));
#106790=VECTOR('',#106780,1.);
#106800=LINE('',#106770,#106790);
#106810=CARTESIAN_POINT('',(0.555000000000003,-1.50000000000002,-2.025))
;
#106820=VERTEX_POINT('',#106810);
#106830=EDGE_CURVE('',#106820,#106740,#106800,.T.);
#106840=ORIENTED_EDGE('',*,*,#106830,.T.);
#106850=CARTESIAN_POINT('',(0.555000000000002,-1.50000000000002,-2.025))
;
#106860=DIRECTION('',(-1.,-1.22460635382238E-16,0.));
#106870=VECTOR('',#106860,1.);
#106880=LINE('',#106850,#106870);
#106890=EDGE_CURVE('',#106820,#26060,#106880,.T.);
#106900=ORIENTED_EDGE('',*,*,#106890,.F.);
#106910=ORIENTED_EDGE('',*,*,#26070,.F.);
#106920=EDGE_LOOP('',(#106910,#106900,#106840,#106760,#106670,#106580,
#106500));
#106930=FACE_OUTER_BOUND('',#106920,.T.);
#106940=ADVANCED_FACE('',(#106930),#106410,.F.);
#106950=CARTESIAN_POINT('',(0.598843446820732,-1.2350001674835,-2.025));
#106960=DIRECTION('',(0.,0.,-1.));
#106970=DIRECTION('',(1.,1.22460635382238E-16,0.));
#106980=AXIS2_PLACEMENT_3D('',#106950,#106960,#106970);
#106990=CYLINDRICAL_SURFACE('',#106980,0.0999999999999996);
#107000=CARTESIAN_POINT('',(0.598843446820732,-1.2350001674835,-2.145));
#107010=DIRECTION('',(0.,0.,-1.));
#107020=DIRECTION('',(1.,1.22460635382238E-16,0.));
#107030=AXIS2_PLACEMENT_3D('',#107000,#107010,#107020);
#107040=CIRCLE('',#107030,0.0999999999999996);
#107050=CARTESIAN_POINT('',(0.598843446820732,-1.3350001674835,-2.145));
#107060=VERTEX_POINT('',#107050);
#107070=EDGE_CURVE('',#107060,#25900,#107040,.T.);
#107080=ORIENTED_EDGE('',*,*,#107070,.T.);
#107090=CARTESIAN_POINT('',(0.598843446820732,-1.3350001674835,-2.025));
#107100=DIRECTION('',(0.,0.,-1.));
#107110=VECTOR('',#107100,1.);
#107120=LINE('',#107090,#107110);
#107130=EDGE_CURVE('',#106480,#107060,#107120,.T.);
#107140=ORIENTED_EDGE('',*,*,#107130,.T.);
#107150=ORIENTED_EDGE('',*,*,#106490,.F.);
#107160=ORIENTED_EDGE('',*,*,#25990,.F.);
#107170=EDGE_LOOP('',(#107160,#107150,#107140,#107080));
#107180=FACE_OUTER_BOUND('',#107170,.T.);
#107190=ADVANCED_FACE('',(#107180),#106990,.F.);
#107200=CARTESIAN_POINT('',(-2.96101731916344,2.8223480408227,-2.145));
#107210=DIRECTION('',(0.,0.,-1.));
#107220=DIRECTION('',(1.,1.22460635382238E-16,0.));
#107230=AXIS2_PLACEMENT_3D('',#107200,#107210,#107220);
#107240=PLANE('',#107230);
#107250=CARTESIAN_POINT('',(0.555000000000002,-1.50000000000002,-2.145))
;
#107260=DIRECTION('',(-1.,-1.22460635382238E-16,0.));
#107270=VECTOR('',#107260,1.);
#107280=LINE('',#107250,#107270);
#107290=CARTESIAN_POINT('',(0.555000000000003,-1.50000000000002,-2.145))
;
#107300=VERTEX_POINT('',#107290);
#107310=EDGE_CURVE('',#107300,#25880,#107280,.T.);
#107320=ORIENTED_EDGE('',*,*,#107310,.T.);
#107330=CARTESIAN_POINT('',(0.555000000000002,-1.50000000000002,-2.145))
;
#107340=DIRECTION('',(0.731939010275264,0.681370152881139,0.));
#107350=VECTOR('',#107340,1.);
#107360=LINE('',#107330,#107350);
#107370=CARTESIAN_POINT('',(0.644946914281611,-1.4162674186307,-2.145));
#107380=VERTEX_POINT('',#107370);
#107390=EDGE_CURVE('',#107300,#107380,#107360,.T.);
#107400=ORIENTED_EDGE('',*,*,#107390,.F.);
#107410=CARTESIAN_POINT('',(0.620000000000005,-1.38500000000002,-2.145))
;
#107420=DIRECTION('',(0.,0.,-1.));
#107430=DIRECTION('',(1.,1.22460635382238E-16,0.));
#107440=AXIS2_PLACEMENT_3D('',#107410,#107420,#107430);
#107450=CIRCLE('',#107440,0.0399999999999978);
#107460=CARTESIAN_POINT('',(0.660000000000003,-1.38500000000002,-2.145))
;
#107470=VERTEX_POINT('',#107460);
#107480=EDGE_CURVE('',#107470,#107380,#107450,.T.);
#107490=ORIENTED_EDGE('',*,*,#107480,.T.);
#107500=CARTESIAN_POINT('',(0.610000000000003,-1.38500000000002,-2.145))
;
#107510=DIRECTION('',(0.,0.,-1.));
#107520=DIRECTION('',(1.,1.22460635382238E-16,0.));
#107530=AXIS2_PLACEMENT_3D('',#107500,#107510,#107520);
#107540=CIRCLE('',#107530,0.0499999999999995);
#107550=CARTESIAN_POINT('',(0.609870584701063,-1.3350001674835,-2.145));
#107560=VERTEX_POINT('',#107550);
#107570=EDGE_CURVE('',#107560,#107470,#107540,.T.);
#107580=ORIENTED_EDGE('',*,*,#107570,.T.);
#107590=CARTESIAN_POINT('',(0.609870584701063,-1.3350001674835,-2.145));
#107600=DIRECTION('',(-1.,-1.22460635382238E-16,0.));
#107610=VECTOR('',#107600,1.);
#107620=LINE('',#107590,#107610);
#107630=EDGE_CURVE('',#107560,#107060,#107620,.T.);
#107640=ORIENTED_EDGE('',*,*,#107630,.F.);
#107650=ORIENTED_EDGE('',*,*,#107070,.F.);
#107660=ORIENTED_EDGE('',*,*,#25910,.T.);
#107670=EDGE_LOOP('',(#107660,#107650,#107640,#107580,#107490,#107400,
#107320));
#107680=FACE_OUTER_BOUND('',#107670,.T.);
#107690=ADVANCED_FACE('',(#107680),#107240,.T.);
#107700=CARTESIAN_POINT('',(0.555000000000002,-1.50000000000002,-2.025))
;
#107710=DIRECTION('',(-1.22460635382238E-16,1.,0.));
#107720=DIRECTION('',(1.,1.22460635382238E-16,0.));
#107730=AXIS2_PLACEMENT_3D('',#107700,#107710,#107720);
#107740=PLANE('',#107730);
#107750=ORIENTED_EDGE('',*,*,#106890,.T.);
#107760=CARTESIAN_POINT('',(0.555000000000002,-1.50000000000002,-2.025))
;
#107770=DIRECTION('',(0.,0.,1.));
#107780=VECTOR('',#107770,1.);
#107790=LINE('',#107760,#107780);
#107800=EDGE_CURVE('',#107300,#106820,#107790,.T.);
#107810=ORIENTED_EDGE('',*,*,#107800,.T.);
#107820=ORIENTED_EDGE('',*,*,#107310,.F.);
#107830=ORIENTED_EDGE('',*,*,#26130,.F.);
#107840=EDGE_LOOP('',(#107830,#107820,#107810,#107750));
#107850=FACE_OUTER_BOUND('',#107840,.T.);
#107860=ADVANCED_FACE('',(#107850),#107740,.F.);
#107870=CARTESIAN_POINT('',(0.555000000000002,-1.50000000000002,-2.025))
;
#107880=DIRECTION('',(0.681370152881139,-0.731939010275264,0.));
#107890=DIRECTION('',(0.731939010275264,0.681370152881139,0.));
#107900=AXIS2_PLACEMENT_3D('',#107870,#107880,#107890);
#107910=PLANE('',#107900);
#107920=CARTESIAN_POINT('',(0.644946914281611,-1.4162674186307,-2.025));
#107930=DIRECTION('',(0.,0.,-1.));
#107940=VECTOR('',#107930,1.);
#107950=LINE('',#107920,#107940);
#107960=EDGE_CURVE('',#106740,#107380,#107950,.T.);
#107970=ORIENTED_EDGE('',*,*,#107960,.F.);
#107980=ORIENTED_EDGE('',*,*,#107390,.T.);
#107990=ORIENTED_EDGE('',*,*,#107800,.F.);
#108000=ORIENTED_EDGE('',*,*,#106830,.F.);
#108010=EDGE_LOOP('',(#108000,#107990,#107980,#107970));
#108020=FACE_OUTER_BOUND('',#108010,.T.);
#108030=ADVANCED_FACE('',(#108020),#107910,.T.);
#108040=CARTESIAN_POINT('',(0.620000000000005,-1.38500000000002,-2.025))
;
#108050=DIRECTION('',(0.,0.,-1.));
#108060=DIRECTION('',(1.,1.22460635382238E-16,0.));
#108070=AXIS2_PLACEMENT_3D('',#108040,#108050,#108060);
#108080=CYLINDRICAL_SURFACE('',#108070,0.0399999999999978);
#108090=CARTESIAN_POINT('',(0.660000000000003,-1.38500000000002,-2.025))
;
#108100=DIRECTION('',(0.,0.,-1.));
#108110=VECTOR('',#108100,1.);
#108120=LINE('',#108090,#108110);
#108130=EDGE_CURVE('',#106650,#107470,#108120,.T.);
#108140=ORIENTED_EDGE('',*,*,#108130,.F.);
#108150=ORIENTED_EDGE('',*,*,#107480,.F.);
#108160=ORIENTED_EDGE('',*,*,#107960,.T.);
#108170=ORIENTED_EDGE('',*,*,#106750,.T.);
#108180=EDGE_LOOP('',(#108170,#108160,#108150,#108140));
#108190=FACE_OUTER_BOUND('',#108180,.T.);
#108200=ADVANCED_FACE('',(#108190),#108080,.T.);
#108210=CARTESIAN_POINT('',(0.610000000000003,-1.38500000000002,-2.025))
;
#108220=DIRECTION('',(0.,0.,-1.));
#108230=DIRECTION('',(1.,1.22460635382238E-16,0.));
#108240=AXIS2_PLACEMENT_3D('',#108210,#108220,#108230);
#108250=CYLINDRICAL_SURFACE('',#108240,0.0499999999999995);
#108260=CARTESIAN_POINT('',(0.609870584701063,-1.3350001674835,-2.025));
#108270=DIRECTION('',(0.,0.,-1.));
#108280=VECTOR('',#108270,1.);
#108290=LINE('',#108260,#108280);
#108300=EDGE_CURVE('',#106560,#107560,#108290,.T.);
#108310=ORIENTED_EDGE('',*,*,#108300,.F.);
#108320=ORIENTED_EDGE('',*,*,#107570,.F.);
#108330=ORIENTED_EDGE('',*,*,#108130,.T.);
#108340=ORIENTED_EDGE('',*,*,#106660,.T.);
#108350=EDGE_LOOP('',(#108340,#108330,#108320,#108310));
#108360=FACE_OUTER_BOUND('',#108350,.T.);
#108370=ADVANCED_FACE('',(#108360),#108250,.T.);
#108380=CARTESIAN_POINT('',(0.609870584701063,-1.3350001674835,-2.025));
#108390=DIRECTION('',(-1.22460635382238E-16,1.,0.));
#108400=DIRECTION('',(-1.,-1.22460635382238E-16,0.));
#108410=AXIS2_PLACEMENT_3D('',#108380,#108390,#108400);
#108420=PLANE('',#108410);
#108430=ORIENTED_EDGE('',*,*,#107130,.F.);
#108440=ORIENTED_EDGE('',*,*,#107630,.T.);
#108450=ORIENTED_EDGE('',*,*,#108300,.T.);
#108460=ORIENTED_EDGE('',*,*,#106570,.F.);
#108470=EDGE_LOOP('',(#108460,#108450,#108440,#108430));
#108480=FACE_OUTER_BOUND('',#108470,.T.);
#108490=ADVANCED_FACE('',(#108480),#108420,.T.);
#108500=CARTESIAN_POINT('',(-2.96101731916344,3.3223480408227,-2.145));
#108510=DIRECTION('',(0.,0.,-1.));
#108520=DIRECTION('',(1.,1.22460635382238E-16,0.));
#108530=AXIS2_PLACEMENT_3D('',#108500,#108510,#108520);
#108540=PLANE('',#108530);
#108550=CARTESIAN_POINT('',(1.32,1.68499999999999,-2.145));
#108560=DIRECTION('',(1.,1.22460635382238E-16,0.));
#108570=VECTOR('',#108560,1.);
#108580=LINE('',#108550,#108570);
#108590=CARTESIAN_POINT('',(1.45,1.68499999999999,-2.145));
#108600=VERTEX_POINT('',#108590);
#108610=EDGE_CURVE('',#30570,#108600,#108580,.T.);
#108620=ORIENTED_EDGE('',*,*,#108610,.F.);
#108630=CARTESIAN_POINT('',(1.45,1.73499999999999,-2.145));
#108640=DIRECTION('',(0.,0.,-1.));
#108650=DIRECTION('',(1.,1.22460635382238E-16,0.));
#108660=AXIS2_PLACEMENT_3D('',#108630,#108640,#108650);
#108670=CIRCLE('',#108660,0.0499999999999998);
#108680=CARTESIAN_POINT('',(1.49502394389423,1.75674498738121,-2.145));
#108690=VERTEX_POINT('',#108680);
#108700=EDGE_CURVE('',#108690,#108600,#108670,.T.);
#108710=ORIENTED_EDGE('',*,*,#108700,.T.);
#108720=CARTESIAN_POINT('',(1.49502394389423,1.75674498738121,-2.145));
#108730=DIRECTION('',(-0.434899747624548,0.900478877884487,0.));
#108740=VECTOR('',#108730,1.);
#108750=LINE('',#108720,#108740);
#108760=CARTESIAN_POINT('',(1.47497605610578,1.79825501261876,-2.145));
#108770=VERTEX_POINT('',#108760);
#108780=EDGE_CURVE('',#108690,#108770,#108750,.T.);
#108790=ORIENTED_EDGE('',*,*,#108780,.F.);
#108800=CARTESIAN_POINT('',(1.52,1.81999999999999,-2.145));
#108810=DIRECTION('',(0.,0.,-1.));
#108820=DIRECTION('',(1.,1.22460635382238E-16,0.));
#108830=AXIS2_PLACEMENT_3D('',#108800,#108810,#108820);
#108840=CIRCLE('',#108830,0.0500000000000009);
#108850=CARTESIAN_POINT('',(1.52,1.86999999999999,-2.145));
#108860=VERTEX_POINT('',#108850);
#108870=EDGE_CURVE('',#108770,#108860,#108840,.T.);
#108880=ORIENTED_EDGE('',*,*,#108870,.F.);
#108890=CARTESIAN_POINT('',(1.52,1.86999999999999,-2.145));
#108900=DIRECTION('',(1.,-6.40826303888332E-15,0.));
#108910=VECTOR('',#108900,1.);
#108920=LINE('',#108890,#108910);
#108930=CARTESIAN_POINT('',(1.69000000000001,1.86999999999999,-2.145));
#108940=VERTEX_POINT('',#108930);
#108950=EDGE_CURVE('',#108860,#108940,#108920,.T.);
#108960=ORIENTED_EDGE('',*,*,#108950,.F.);
#108970=CARTESIAN_POINT('',(1.69000000000001,1.86999999999999,-2.145));
#108980=DIRECTION('',(-1.22460635382238E-16,1.,0.));
#108990=VECTOR('',#108980,1.);
#109000=LINE('',#108970,#108990);
#109010=CARTESIAN_POINT('',(1.69000000000001,1.94999999999999,-2.145));
#109020=VERTEX_POINT('',#109010);
#109030=EDGE_CURVE('',#108940,#109020,#109000,.T.);
#109040=ORIENTED_EDGE('',*,*,#109030,.F.);
#109050=CARTESIAN_POINT('',(1.64,1.94999999999999,-2.145));
#109060=DIRECTION('',(0.,0.,-1.));
#109070=DIRECTION('',(1.,1.22460635382238E-16,0.));
#109080=AXIS2_PLACEMENT_3D('',#109050,#109060,#109070);
#109090=CIRCLE('',#109080,0.05);
#109100=CARTESIAN_POINT('',(1.64,1.99999999999999,-2.145));
#109110=VERTEX_POINT('',#109100);
#109120=EDGE_CURVE('',#109110,#109020,#109090,.T.);
#109130=ORIENTED_EDGE('',*,*,#109120,.T.);
#109140=CARTESIAN_POINT('',(1.64,1.99999999999999,-2.145));
#109150=DIRECTION('',(-1.,-1.22460635382238E-16,0.));
#109160=VECTOR('',#109150,1.);
#109170=LINE('',#109140,#109160);
#109180=CARTESIAN_POINT('',(1.39,1.99999999999999,-2.145));
#109190=VERTEX_POINT('',#109180);
#109200=EDGE_CURVE('',#109110,#109190,#109170,.T.);
#109210=ORIENTED_EDGE('',*,*,#109200,.F.);
#109220=CARTESIAN_POINT('',(1.39,1.99999999999999,-2.145));
#109230=DIRECTION('',(-0.719844295420684,-0.694135570584234,0.));
#109240=VECTOR('',#109230,1.);
#109250=LINE('',#109220,#109240);
#109260=EDGE_CURVE('',#109190,#30410,#109250,.T.);
#109270=ORIENTED_EDGE('',*,*,#109260,.F.);
#109280=ORIENTED_EDGE('',*,*,#30640,.F.);
#109290=EDGE_LOOP('',(#109280,#109270,#109210,#109130,#109040,#108960,
#108880,#108790,#108710,#108620));
#109300=FACE_OUTER_BOUND('',#109290,.T.);
#109310=ADVANCED_FACE('',(#109300),#108540,.T.);
#109320=CARTESIAN_POINT('',(1.39,1.99999999999999,-2.025));
#109330=DIRECTION('',(-0.694135570584234,0.719844295420684,0.));
#109340=DIRECTION('',(-0.719844295420684,-0.694135570584234,0.));
#109350=AXIS2_PLACEMENT_3D('',#109320,#109330,#109340);
#109360=PLANE('',#109350);
#109370=ORIENTED_EDGE('',*,*,#109260,.T.);
#109380=CARTESIAN_POINT('',(1.39,1.99999999999999,-2.025));
#109390=DIRECTION('',(0.,0.,-1.));
#109400=VECTOR('',#109390,1.);
#109410=LINE('',#109380,#109400);
#109420=CARTESIAN_POINT('',(1.39,1.99999999999999,-2.025));
#109430=VERTEX_POINT('',#109420);
#109440=EDGE_CURVE('',#109430,#109190,#109410,.T.);
#109450=ORIENTED_EDGE('',*,*,#109440,.T.);
#109460=CARTESIAN_POINT('',(1.39,1.99999999999999,-2.025));
#109470=DIRECTION('',(-0.719844295420684,-0.694135570584234,0.));
#109480=VECTOR('',#109470,1.);
#109490=LINE('',#109460,#109480);
#109500=EDGE_CURVE('',#109430,#30390,#109490,.T.);
#109510=ORIENTED_EDGE('',*,*,#109500,.F.);
#109520=ORIENTED_EDGE('',*,*,#30420,.F.);
#109530=EDGE_LOOP('',(#109520,#109510,#109450,#109370));
#109540=FACE_OUTER_BOUND('',#109530,.T.);
#109550=ADVANCED_FACE('',(#109540),#109360,.T.);
#109560=CARTESIAN_POINT('',(-2.96101731916344,3.3223480408227,-2.025));
#109570=DIRECTION('',(0.,0.,-1.));
#109580=DIRECTION('',(1.,1.22460635382238E-16,0.));
#109590=AXIS2_PLACEMENT_3D('',#109560,#109570,#109580);
#109600=PLANE('',#109590);
#109610=ORIENTED_EDGE('',*,*,#109500,.T.);
#109620=CARTESIAN_POINT('',(1.64,1.99999999999999,-2.025));
#109630=DIRECTION('',(-1.,-1.22460635382238E-16,0.));
#109640=VECTOR('',#109630,1.);
#109650=LINE('',#109620,#109640);
#109660=CARTESIAN_POINT('',(1.64,1.99999999999999,-2.025));
#109670=VERTEX_POINT('',#109660);
#109680=EDGE_CURVE('',#109670,#109430,#109650,.T.);
#109690=ORIENTED_EDGE('',*,*,#109680,.T.);
#109700=CARTESIAN_POINT('',(1.64,1.94999999999999,-2.025));
#109710=DIRECTION('',(0.,0.,-1.));
#109720=DIRECTION('',(1.,1.22460635382238E-16,0.));
#109730=AXIS2_PLACEMENT_3D('',#109700,#109710,#109720);
#109740=CIRCLE('',#109730,0.05);
#109750=CARTESIAN_POINT('',(1.69000000000001,1.94999999999999,-2.025));
#109760=VERTEX_POINT('',#109750);
#109770=EDGE_CURVE('',#109670,#109760,#109740,.T.);
#109780=ORIENTED_EDGE('',*,*,#109770,.F.);
#109790=CARTESIAN_POINT('',(1.69000000000001,1.86999999999999,-2.025));
#109800=DIRECTION('',(-1.22460635382238E-16,1.,0.));
#109810=VECTOR('',#109800,1.);
#109820=LINE('',#109790,#109810);
#109830=CARTESIAN_POINT('',(1.69000000000001,1.86999999999999,-2.025));
#109840=VERTEX_POINT('',#109830);
#109850=EDGE_CURVE('',#109840,#109760,#109820,.T.);
#109860=ORIENTED_EDGE('',*,*,#109850,.T.);
#109870=CARTESIAN_POINT('',(1.52,1.86999999999999,-2.025));
#109880=DIRECTION('',(1.,-6.40826303888332E-15,0.));
#109890=VECTOR('',#109880,1.);
#109900=LINE('',#109870,#109890);
#109910=CARTESIAN_POINT('',(1.52,1.86999999999999,-2.025));
#109920=VERTEX_POINT('',#109910);
#109930=EDGE_CURVE('',#109920,#109840,#109900,.T.);
#109940=ORIENTED_EDGE('',*,*,#109930,.T.);
#109950=CARTESIAN_POINT('',(1.52,1.81999999999999,-2.025));
#109960=DIRECTION('',(0.,0.,-1.));
#109970=DIRECTION('',(1.,1.22460635382238E-16,0.));
#109980=AXIS2_PLACEMENT_3D('',#109950,#109960,#109970);
#109990=CIRCLE('',#109980,0.0500000000000009);
#110000=CARTESIAN_POINT('',(1.47497605610578,1.79825501261876,-2.025));
#110010=VERTEX_POINT('',#110000);
#110020=EDGE_CURVE('',#110010,#109920,#109990,.T.);
#110030=ORIENTED_EDGE('',*,*,#110020,.T.);
#110040=CARTESIAN_POINT('',(1.49502394389423,1.75674498738121,-2.025));
#110050=DIRECTION('',(-0.434899747624548,0.900478877884487,0.));
#110060=VECTOR('',#110050,1.);
#110070=LINE('',#110040,#110060);
#110080=CARTESIAN_POINT('',(1.49502394389423,1.75674498738121,-2.025));
#110090=VERTEX_POINT('',#110080);
#110100=EDGE_CURVE('',#110090,#110010,#110070,.T.);
#110110=ORIENTED_EDGE('',*,*,#110100,.T.);
#110120=CARTESIAN_POINT('',(1.45,1.73499999999999,-2.025));
#110130=DIRECTION('',(0.,0.,-1.));
#110140=DIRECTION('',(1.,1.22460635382238E-16,0.));
#110150=AXIS2_PLACEMENT_3D('',#110120,#110130,#110140);
#110160=CIRCLE('',#110150,0.0499999999999998);
#110170=CARTESIAN_POINT('',(1.45,1.68499999999999,-2.025));
#110180=VERTEX_POINT('',#110170);
#110190=EDGE_CURVE('',#110090,#110180,#110160,.T.);
#110200=ORIENTED_EDGE('',*,*,#110190,.F.);
#110210=CARTESIAN_POINT('',(1.32,1.68499999999999,-2.025));
#110220=DIRECTION('',(1.,1.22460635382238E-16,0.));
#110230=VECTOR('',#110220,1.);
#110240=LINE('',#110210,#110230);
#110250=EDGE_CURVE('',#30490,#110180,#110240,.T.);
#110260=ORIENTED_EDGE('',*,*,#110250,.T.);
#110270=ORIENTED_EDGE('',*,*,#30500,.T.);
#110280=EDGE_LOOP('',(#110270,#110260,#110200,#110110,#110030,#109940,
#109860,#109780,#109690,#109610));
#110290=FACE_OUTER_BOUND('',#110280,.T.);
#110300=ADVANCED_FACE('',(#110290),#109600,.F.);
#110310=CARTESIAN_POINT('',(1.32,1.68499999999999,-2.025));
#110320=DIRECTION('',(1.22460635382238E-16,-1.,0.));
#110330=DIRECTION('',(1.,1.22460635382238E-16,0.));
#110340=AXIS2_PLACEMENT_3D('',#110310,#110320,#110330);
#110350=PLANE('',#110340);
#110360=CARTESIAN_POINT('',(1.45,1.68499999999999,-2.025));
#110370=DIRECTION('',(0.,0.,-1.));
#110380=VECTOR('',#110370,1.);
#110390=LINE('',#110360,#110380);
#110400=EDGE_CURVE('',#110180,#108600,#110390,.T.);
#110410=ORIENTED_EDGE('',*,*,#110400,.F.);
#110420=ORIENTED_EDGE('',*,*,#108610,.T.);
#110430=ORIENTED_EDGE('',*,*,#30580,.F.);
#110440=ORIENTED_EDGE('',*,*,#110250,.F.);
#110450=EDGE_LOOP('',(#110440,#110430,#110420,#110410));
#110460=FACE_OUTER_BOUND('',#110450,.T.);
#110470=ADVANCED_FACE('',(#110460),#110350,.T.);
#110480=CARTESIAN_POINT('',(1.45,1.73499999999999,-2.025));
#110490=DIRECTION('',(0.,0.,-1.));
#110500=DIRECTION('',(1.,1.22460635382238E-16,0.));
#110510=AXIS2_PLACEMENT_3D('',#110480,#110490,#110500);
#110520=CYLINDRICAL_SURFACE('',#110510,0.0499999999999998);
#110530=CARTESIAN_POINT('',(1.49502394389423,1.75674498738121,-2.025));
#110540=DIRECTION('',(0.,0.,-1.));
#110550=VECTOR('',#110540,1.);
#110560=LINE('',#110530,#110550);
#110570=EDGE_CURVE('',#110090,#108690,#110560,.T.);
#110580=ORIENTED_EDGE('',*,*,#110570,.F.);
#110590=ORIENTED_EDGE('',*,*,#108700,.F.);
#110600=ORIENTED_EDGE('',*,*,#110400,.T.);
#110610=ORIENTED_EDGE('',*,*,#110190,.T.);
#110620=EDGE_LOOP('',(#110610,#110600,#110590,#110580));
#110630=FACE_OUTER_BOUND('',#110620,.T.);
#110640=ADVANCED_FACE('',(#110630),#110520,.T.);
#110650=CARTESIAN_POINT('',(1.49502394389423,1.75674498738121,-2.025));
#110660=DIRECTION('',(0.900478877884487,0.434899747624548,-0.));
#110670=DIRECTION('',(-0.434899747624548,0.900478877884487,0.));
#110680=AXIS2_PLACEMENT_3D('',#110650,#110660,#110670);
#110690=PLANE('',#110680);
#110700=CARTESIAN_POINT('',(1.47497605610578,1.79825501261876,-2.025));
#110710=DIRECTION('',(0.,0.,-1.));
#110720=VECTOR('',#110710,1.);
#110730=LINE('',#110700,#110720);
#110740=EDGE_CURVE('',#110010,#108770,#110730,.T.);
#110750=ORIENTED_EDGE('',*,*,#110740,.F.);
#110760=ORIENTED_EDGE('',*,*,#108780,.T.);
#110770=ORIENTED_EDGE('',*,*,#110570,.T.);
#110780=ORIENTED_EDGE('',*,*,#110100,.F.);
#110790=EDGE_LOOP('',(#110780,#110770,#110760,#110750));
#110800=FACE_OUTER_BOUND('',#110790,.T.);
#110810=ADVANCED_FACE('',(#110800),#110690,.T.);
#110820=CARTESIAN_POINT('',(1.52,1.81999999999999,-2.025));
#110830=DIRECTION('',(0.,0.,-1.));
#110840=DIRECTION('',(1.,1.22460635382238E-16,0.));
#110850=AXIS2_PLACEMENT_3D('',#110820,#110830,#110840);
#110860=CYLINDRICAL_SURFACE('',#110850,0.0500000000000009);
#110870=CARTESIAN_POINT('',(1.52,1.86999999999999,-2.025));
#110880=DIRECTION('',(0.,0.,-1.));
#110890=VECTOR('',#110880,1.);
#110900=LINE('',#110870,#110890);
#110910=EDGE_CURVE('',#109920,#108860,#110900,.T.);
#110920=ORIENTED_EDGE('',*,*,#110910,.F.);
#110930=ORIENTED_EDGE('',*,*,#108870,.T.);
#110940=ORIENTED_EDGE('',*,*,#110740,.T.);
#110950=ORIENTED_EDGE('',*,*,#110020,.F.);
#110960=EDGE_LOOP('',(#110950,#110940,#110930,#110920));
#110970=FACE_OUTER_BOUND('',#110960,.T.);
#110980=ADVANCED_FACE('',(#110970),#110860,.F.);
#110990=CARTESIAN_POINT('',(1.52,1.86999999999999,-2.025));
#111000=DIRECTION('',(-6.40826303888332E-15,-1.,0.));
#111010=DIRECTION('',(1.,-6.40826303888332E-15,0.));
#111020=AXIS2_PLACEMENT_3D('',#110990,#111000,#111010);
#111030=PLANE('',#111020);
#111040=CARTESIAN_POINT('',(1.69000000000001,1.86999999999999,-2.025));
#111050=DIRECTION('',(0.,0.,-1.));
#111060=VECTOR('',#111050,1.);
#111070=LINE('',#111040,#111060);
#111080=EDGE_CURVE('',#109840,#108940,#111070,.T.);
#111090=ORIENTED_EDGE('',*,*,#111080,.F.);
#111100=ORIENTED_EDGE('',*,*,#108950,.T.);
#111110=ORIENTED_EDGE('',*,*,#110910,.T.);
#111120=ORIENTED_EDGE('',*,*,#109930,.F.);
#111130=EDGE_LOOP('',(#111120,#111110,#111100,#111090));
#111140=FACE_OUTER_BOUND('',#111130,.T.);
#111150=ADVANCED_FACE('',(#111140),#111030,.T.);
#111160=CARTESIAN_POINT('',(1.69000000000001,1.86999999999999,-2.025));
#111170=DIRECTION('',(1.,1.22460635382238E-16,-0.));
#111180=DIRECTION('',(-1.22460635382238E-16,1.,0.));
#111190=AXIS2_PLACEMENT_3D('',#111160,#111170,#111180);
#111200=PLANE('',#111190);
#111210=CARTESIAN_POINT('',(1.69,1.94999999999999,-2.025));
#111220=DIRECTION('',(0.,0.,-1.));
#111230=VECTOR('',#111220,1.);
#111240=LINE('',#111210,#111230);
#111250=EDGE_CURVE('',#109760,#109020,#111240,.T.);
#111260=ORIENTED_EDGE('',*,*,#111250,.F.);
#111270=ORIENTED_EDGE('',*,*,#109030,.T.);
#111280=ORIENTED_EDGE('',*,*,#111080,.T.);
#111290=ORIENTED_EDGE('',*,*,#109850,.F.);
#111300=EDGE_LOOP('',(#111290,#111280,#111270,#111260));
#111310=FACE_OUTER_BOUND('',#111300,.T.);
#111320=ADVANCED_FACE('',(#111310),#111200,.T.);
#111330=CARTESIAN_POINT('',(1.64,1.94999999999999,-2.025));
#111340=DIRECTION('',(0.,0.,-1.));
#111350=DIRECTION('',(1.,1.22460635382238E-16,0.));
#111360=AXIS2_PLACEMENT_3D('',#111330,#111340,#111350);
#111370=CYLINDRICAL_SURFACE('',#111360,0.05);
#111380=CARTESIAN_POINT('',(1.64,1.99999999999999,-2.025));
#111390=DIRECTION('',(0.,0.,-1.));
#111400=VECTOR('',#111390,1.);
#111410=LINE('',#111380,#111400);
#111420=EDGE_CURVE('',#109670,#109110,#111410,.T.);
#111430=ORIENTED_EDGE('',*,*,#111420,.F.);
#111440=ORIENTED_EDGE('',*,*,#109120,.F.);
#111450=ORIENTED_EDGE('',*,*,#111250,.T.);
#111460=ORIENTED_EDGE('',*,*,#109770,.T.);
#111470=EDGE_LOOP('',(#111460,#111450,#111440,#111430));
#111480=FACE_OUTER_BOUND('',#111470,.T.);
#111490=ADVANCED_FACE('',(#111480),#111370,.T.);
#111500=CARTESIAN_POINT('',(1.64,1.99999999999999,-2.025));
#111510=DIRECTION('',(-1.22460635382238E-16,1.,0.));
#111520=DIRECTION('',(-1.,-1.22460635382238E-16,0.));
#111530=AXIS2_PLACEMENT_3D('',#111500,#111510,#111520);
#111540=PLANE('',#111530);
#111550=ORIENTED_EDGE('',*,*,#109440,.F.);
#111560=ORIENTED_EDGE('',*,*,#109200,.T.);
#111570=ORIENTED_EDGE('',*,*,#111420,.T.);
#111580=ORIENTED_EDGE('',*,*,#109680,.F.);
#111590=EDGE_LOOP('',(#111580,#111570,#111560,#111550));
#111600=FACE_OUTER_BOUND('',#111590,.T.);
#111610=ADVANCED_FACE('',(#111600),#111540,.T.);
#111620=CARTESIAN_POINT('',(-2.96101731916344,2.8223480408227,
-0.824999999999999));
#111630=DIRECTION('',(0.,0.,-1.));
#111640=DIRECTION('',(1.,1.22460635382238E-16,0.));
#111650=AXIS2_PLACEMENT_3D('',#111620,#111630,#111640);
#111660=PLANE('',#111650);
#111670=CARTESIAN_POINT('',(0.598843446820732,-1.2350001674835,
-0.824999999999999));
#111680=DIRECTION('',(0.,0.,-1.));
#111690=DIRECTION('',(1.,1.22460635382238E-16,0.));
#111700=AXIS2_PLACEMENT_3D('',#111670,#111680,#111690);
#111710=CIRCLE('',#111700,0.0999999999999996);
#111720=CARTESIAN_POINT('',(0.598843446820732,-1.3350001674835,
-0.824999999999999));
#111730=VERTEX_POINT('',#111720);
#111740=EDGE_CURVE('',#111730,#26320,#111710,.T.);
#111750=ORIENTED_EDGE('',*,*,#111740,.T.);
#111760=CARTESIAN_POINT('',(0.609870584701063,-1.3350001674835,
-0.824999999999999));
#111770=DIRECTION('',(-1.,-1.22460635382238E-16,0.));
#111780=VECTOR('',#111770,1.);
#111790=LINE('',#111760,#111780);
#111800=CARTESIAN_POINT('',(0.609870584701063,-1.3350001674835,
-0.824999999999999));
#111810=VERTEX_POINT('',#111800);
#111820=EDGE_CURVE('',#111810,#111730,#111790,.T.);
#111830=ORIENTED_EDGE('',*,*,#111820,.T.);
#111840=CARTESIAN_POINT('',(0.610000000000003,-1.38500000000002,
-0.824999999999999));
#111850=DIRECTION('',(0.,0.,-1.));
#111860=DIRECTION('',(1.,1.22460635382238E-16,0.));
#111870=AXIS2_PLACEMENT_3D('',#111840,#111850,#111860);
#111880=CIRCLE('',#111870,0.0499999999999995);
#111890=CARTESIAN_POINT('',(0.660000000000003,-1.38500000000002,
-0.824999999999999));
#111900=VERTEX_POINT('',#111890);
#111910=EDGE_CURVE('',#111810,#111900,#111880,.T.);
#111920=ORIENTED_EDGE('',*,*,#111910,.F.);
#111930=CARTESIAN_POINT('',(0.620000000000005,-1.38500000000002,
-0.824999999999999));
#111940=DIRECTION('',(0.,0.,-1.));
#111950=DIRECTION('',(1.,1.22460635382238E-16,0.));
#111960=AXIS2_PLACEMENT_3D('',#111930,#111940,#111950);
#111970=CIRCLE('',#111960,0.0399999999999978);
#111980=CARTESIAN_POINT('',(0.644946914281611,-1.4162674186307,
-0.824999999999999));
#111990=VERTEX_POINT('',#111980);
#112000=EDGE_CURVE('',#111900,#111990,#111970,.T.);
#112010=ORIENTED_EDGE('',*,*,#112000,.F.);
#112020=CARTESIAN_POINT('',(0.555000000000002,-1.50000000000002,
-0.824999999999999));
#112030=DIRECTION('',(0.731939010275264,0.681370152881139,0.));
#112040=VECTOR('',#112030,1.);
#112050=LINE('',#112020,#112040);
#112060=CARTESIAN_POINT('',(0.555000000000003,-1.50000000000002,
-0.824999999999999));
#112070=VERTEX_POINT('',#112060);
#112080=EDGE_CURVE('',#112070,#111990,#112050,.T.);
#112090=ORIENTED_EDGE('',*,*,#112080,.T.);
#112100=CARTESIAN_POINT('',(0.555000000000002,-1.50000000000002,
-0.824999999999999));
#112110=DIRECTION('',(-1.,-1.22460635382238E-16,0.));
#112120=VECTOR('',#112110,1.);
#112130=LINE('',#112100,#112120);
#112140=EDGE_CURVE('',#112070,#26400,#112130,.T.);
#112150=ORIENTED_EDGE('',*,*,#112140,.F.);
#112160=ORIENTED_EDGE('',*,*,#26410,.F.);
#112170=EDGE_LOOP('',(#112160,#112150,#112090,#112010,#111920,#111830,
#111750));
#112180=FACE_OUTER_BOUND('',#112170,.T.);
#112190=ADVANCED_FACE('',(#112180),#111660,.F.);
#112200=CARTESIAN_POINT('',(0.598843446820732,-1.2350001674835,
-0.824999999999999));
#112210=DIRECTION('',(0.,0.,-1.));
#112220=DIRECTION('',(1.,1.22460635382238E-16,0.));
#112230=AXIS2_PLACEMENT_3D('',#112200,#112210,#112220);
#112240=CYLINDRICAL_SURFACE('',#112230,0.0999999999999996);
#112250=CARTESIAN_POINT('',(0.598843446820732,-1.2350001674835,
-0.944999999999999));
#112260=DIRECTION('',(0.,0.,-1.));
#112270=DIRECTION('',(1.,1.22460635382238E-16,0.));
#112280=AXIS2_PLACEMENT_3D('',#112250,#112260,#112270);
#112290=CIRCLE('',#112280,0.0999999999999996);
#112300=CARTESIAN_POINT('',(0.598843446820732,-1.3350001674835,
-0.944999999999999));
#112310=VERTEX_POINT('',#112300);
#112320=EDGE_CURVE('',#112310,#26240,#112290,.T.);
#112330=ORIENTED_EDGE('',*,*,#112320,.T.);
#112340=CARTESIAN_POINT('',(0.598843446820732,-1.3350001674835,
-0.824999999999999));
#112350=DIRECTION('',(0.,0.,-1.));
#112360=VECTOR('',#112350,1.);
#112370=LINE('',#112340,#112360);
#112380=EDGE_CURVE('',#111730,#112310,#112370,.T.);
#112390=ORIENTED_EDGE('',*,*,#112380,.T.);
#112400=ORIENTED_EDGE('',*,*,#111740,.F.);
#112410=ORIENTED_EDGE('',*,*,#26330,.F.);
#112420=EDGE_LOOP('',(#112410,#112400,#112390,#112330));
#112430=FACE_OUTER_BOUND('',#112420,.T.);
#112440=ADVANCED_FACE('',(#112430),#112240,.F.);
#112450=CARTESIAN_POINT('',(-2.96101731916344,2.8223480408227,
-0.944999999999999));
#112460=DIRECTION('',(0.,0.,-1.));
#112470=DIRECTION('',(1.,1.22460635382238E-16,0.));
#112480=AXIS2_PLACEMENT_3D('',#112450,#112460,#112470);
#112490=PLANE('',#112480);
#112500=CARTESIAN_POINT('',(0.555000000000002,-1.50000000000002,
-0.944999999999999));
#112510=DIRECTION('',(-1.,-1.22460635382238E-16,0.));
#112520=VECTOR('',#112510,1.);
#112530=LINE('',#112500,#112520);
#112540=CARTESIAN_POINT('',(0.555000000000003,-1.50000000000002,
-0.944999999999999));
#112550=VERTEX_POINT('',#112540);
#112560=EDGE_CURVE('',#112550,#26220,#112530,.T.);
#112570=ORIENTED_EDGE('',*,*,#112560,.T.);
#112580=CARTESIAN_POINT('',(0.555000000000002,-1.50000000000002,
-0.944999999999999));
#112590=DIRECTION('',(0.731939010275264,0.681370152881139,0.));
#112600=VECTOR('',#112590,1.);
#112610=LINE('',#112580,#112600);
#112620=CARTESIAN_POINT('',(0.644946914281611,-1.4162674186307,
-0.944999999999999));
#112630=VERTEX_POINT('',#112620);
#112640=EDGE_CURVE('',#112550,#112630,#112610,.T.);
#112650=ORIENTED_EDGE('',*,*,#112640,.F.);
#112660=CARTESIAN_POINT('',(0.620000000000005,-1.38500000000002,
-0.944999999999999));
#112670=DIRECTION('',(0.,0.,-1.));
#112680=DIRECTION('',(1.,1.22460635382238E-16,0.));
#112690=AXIS2_PLACEMENT_3D('',#112660,#112670,#112680);
#112700=CIRCLE('',#112690,0.0399999999999978);
#112710=CARTESIAN_POINT('',(0.660000000000003,-1.38500000000002,
-0.944999999999999));
#112720=VERTEX_POINT('',#112710);
#112730=EDGE_CURVE('',#112720,#112630,#112700,.T.);
#112740=ORIENTED_EDGE('',*,*,#112730,.T.);
#112750=CARTESIAN_POINT('',(0.610000000000003,-1.38500000000002,
-0.944999999999999));
#112760=DIRECTION('',(0.,0.,-1.));
#112770=DIRECTION('',(1.,1.22460635382238E-16,0.));
#112780=AXIS2_PLACEMENT_3D('',#112750,#112760,#112770);
#112790=CIRCLE('',#112780,0.0499999999999995);
#112800=CARTESIAN_POINT('',(0.609870584701063,-1.3350001674835,
-0.944999999999999));
#112810=VERTEX_POINT('',#112800);
#112820=EDGE_CURVE('',#112810,#112720,#112790,.T.);
#112830=ORIENTED_EDGE('',*,*,#112820,.T.);
#112840=CARTESIAN_POINT('',(0.609870584701063,-1.3350001674835,
-0.944999999999999));
#112850=DIRECTION('',(-1.,-1.22460635382238E-16,0.));
#112860=VECTOR('',#112850,1.);
#112870=LINE('',#112840,#112860);
#112880=EDGE_CURVE('',#112810,#112310,#112870,.T.);
#112890=ORIENTED_EDGE('',*,*,#112880,.F.);
#112900=ORIENTED_EDGE('',*,*,#112320,.F.);
#112910=ORIENTED_EDGE('',*,*,#26250,.T.);
#112920=EDGE_LOOP('',(#112910,#112900,#112890,#112830,#112740,#112650,
#112570));
#112930=FACE_OUTER_BOUND('',#112920,.T.);
#112940=ADVANCED_FACE('',(#112930),#112490,.T.);
#112950=CARTESIAN_POINT('',(0.555000000000002,-1.50000000000002,
-0.824999999999999));
#112960=DIRECTION('',(-1.22460635382238E-16,1.,0.));
#112970=DIRECTION('',(1.,1.22460635382238E-16,0.));
#112980=AXIS2_PLACEMENT_3D('',#112950,#112960,#112970);
#112990=PLANE('',#112980);
#113000=ORIENTED_EDGE('',*,*,#112140,.T.);
#113010=CARTESIAN_POINT('',(0.555000000000002,-1.50000000000002,
-0.824999999999999));
#113020=DIRECTION('',(0.,0.,1.));
#113030=VECTOR('',#113020,1.);
#113040=LINE('',#113010,#113030);
#113050=EDGE_CURVE('',#112550,#112070,#113040,.T.);
#113060=ORIENTED_EDGE('',*,*,#113050,.T.);
#113070=ORIENTED_EDGE('',*,*,#112560,.F.);
#113080=ORIENTED_EDGE('',*,*,#26470,.F.);
#113090=EDGE_LOOP('',(#113080,#113070,#113060,#113000));
#113100=FACE_OUTER_BOUND('',#113090,.T.);
#113110=ADVANCED_FACE('',(#113100),#112990,.F.);
#113120=CARTESIAN_POINT('',(0.555000000000002,-1.50000000000002,
-0.824999999999999));
#113130=DIRECTION('',(0.681370152881139,-0.731939010275264,0.));
#113140=DIRECTION('',(0.731939010275264,0.681370152881139,0.));
#113150=AXIS2_PLACEMENT_3D('',#113120,#113130,#113140);
#113160=PLANE('',#113150);
#113170=CARTESIAN_POINT('',(0.644946914281611,-1.4162674186307,
-0.824999999999999));
#113180=DIRECTION('',(0.,0.,-1.));
#113190=VECTOR('',#113180,1.);
#113200=LINE('',#113170,#113190);
#113210=EDGE_CURVE('',#111990,#112630,#113200,.T.);
#113220=ORIENTED_EDGE('',*,*,#113210,.F.);
#113230=ORIENTED_EDGE('',*,*,#112640,.T.);
#113240=ORIENTED_EDGE('',*,*,#113050,.F.);
#113250=ORIENTED_EDGE('',*,*,#112080,.F.);
#113260=EDGE_LOOP('',(#113250,#113240,#113230,#113220));
#113270=FACE_OUTER_BOUND('',#113260,.T.);
#113280=ADVANCED_FACE('',(#113270),#113160,.T.);
#113290=CARTESIAN_POINT('',(0.620000000000005,-1.38500000000002,
-0.824999999999999));
#113300=DIRECTION('',(0.,0.,-1.));
#113310=DIRECTION('',(1.,1.22460635382238E-16,0.));
#113320=AXIS2_PLACEMENT_3D('',#113290,#113300,#113310);
#113330=CYLINDRICAL_SURFACE('',#113320,0.0399999999999978);
#113340=CARTESIAN_POINT('',(0.660000000000003,-1.38500000000002,
-0.824999999999999));
#113350=DIRECTION('',(0.,0.,-1.));
#113360=VECTOR('',#113350,1.);
#113370=LINE('',#113340,#113360);
#113380=EDGE_CURVE('',#111900,#112720,#113370,.T.);
#113390=ORIENTED_EDGE('',*,*,#113380,.F.);
#113400=ORIENTED_EDGE('',*,*,#112730,.F.);
#113410=ORIENTED_EDGE('',*,*,#113210,.T.);
#113420=ORIENTED_EDGE('',*,*,#112000,.T.);
#113430=EDGE_LOOP('',(#113420,#113410,#113400,#113390));
#113440=FACE_OUTER_BOUND('',#113430,.T.);
#113450=ADVANCED_FACE('',(#113440),#113330,.T.);
#113460=CARTESIAN_POINT('',(0.610000000000003,-1.38500000000002,
-0.824999999999999));
#113470=DIRECTION('',(0.,0.,-1.));
#113480=DIRECTION('',(1.,1.22460635382238E-16,0.));
#113490=AXIS2_PLACEMENT_3D('',#113460,#113470,#113480);
#113500=CYLINDRICAL_SURFACE('',#113490,0.0499999999999995);
#113510=CARTESIAN_POINT('',(0.609870584701063,-1.3350001674835,
-0.824999999999999));
#113520=DIRECTION('',(0.,0.,-1.));
#113530=VECTOR('',#113520,1.);
#113540=LINE('',#113510,#113530);
#113550=EDGE_CURVE('',#111810,#112810,#113540,.T.);
#113560=ORIENTED_EDGE('',*,*,#113550,.F.);
#113570=ORIENTED_EDGE('',*,*,#112820,.F.);
#113580=ORIENTED_EDGE('',*,*,#113380,.T.);
#113590=ORIENTED_EDGE('',*,*,#111910,.T.);
#113600=EDGE_LOOP('',(#113590,#113580,#113570,#113560));
#113610=FACE_OUTER_BOUND('',#113600,.T.);
#113620=ADVANCED_FACE('',(#113610),#113500,.T.);
#113630=CARTESIAN_POINT('',(0.609870584701063,-1.3350001674835,
-0.824999999999999));
#113640=DIRECTION('',(-1.22460635382238E-16,1.,0.));
#113650=DIRECTION('',(-1.,-1.22460635382238E-16,0.));
#113660=AXIS2_PLACEMENT_3D('',#113630,#113640,#113650);
#113670=PLANE('',#113660);
#113680=ORIENTED_EDGE('',*,*,#112380,.F.);
#113690=ORIENTED_EDGE('',*,*,#112880,.T.);
#113700=ORIENTED_EDGE('',*,*,#113550,.T.);
#113710=ORIENTED_EDGE('',*,*,#111820,.F.);
#113720=EDGE_LOOP('',(#113710,#113700,#113690,#113680));
#113730=FACE_OUTER_BOUND('',#113720,.T.);
#113740=ADVANCED_FACE('',(#113730),#113670,.T.);
#113750=CARTESIAN_POINT('',(-2.96101731916344,3.3223480408227,
-0.944999999999999));
#113760=DIRECTION('',(0.,0.,-1.));
#113770=DIRECTION('',(1.,1.22460635382238E-16,0.));
#113780=AXIS2_PLACEMENT_3D('',#113750,#113760,#113770);
#113790=PLANE('',#113780);
#113800=CARTESIAN_POINT('',(1.32,1.68499999999999,-0.944999999999999));
#113810=DIRECTION('',(1.,1.22460635382238E-16,0.));
#113820=VECTOR('',#113810,1.);
#113830=LINE('',#113800,#113820);
#113840=CARTESIAN_POINT('',(1.45,1.68499999999999,-0.944999999999999));
#113850=VERTEX_POINT('',#113840);
#113860=EDGE_CURVE('',#30910,#113850,#113830,.T.);
#113870=ORIENTED_EDGE('',*,*,#113860,.F.);
#113880=CARTESIAN_POINT('',(1.45,1.73499999999999,-0.944999999999999));
#113890=DIRECTION('',(0.,0.,-1.));
#113900=DIRECTION('',(1.,1.22460635382238E-16,0.));
#113910=AXIS2_PLACEMENT_3D('',#113880,#113890,#113900);
#113920=CIRCLE('',#113910,0.0499999999999998);
#113930=CARTESIAN_POINT('',(1.49502394389423,1.75674498738121,
-0.944999999999999));
#113940=VERTEX_POINT('',#113930);
#113950=EDGE_CURVE('',#113940,#113850,#113920,.T.);
#113960=ORIENTED_EDGE('',*,*,#113950,.T.);
#113970=CARTESIAN_POINT('',(1.49502394389423,1.75674498738121,
-0.944999999999999));
#113980=DIRECTION('',(-0.434899747624548,0.900478877884487,0.));
#113990=VECTOR('',#113980,1.);
#114000=LINE('',#113970,#113990);
#114010=CARTESIAN_POINT('',(1.47497605610578,1.79825501261876,
-0.944999999999999));
#114020=VERTEX_POINT('',#114010);
#114030=EDGE_CURVE('',#113940,#114020,#114000,.T.);
#114040=ORIENTED_EDGE('',*,*,#114030,.F.);
#114050=CARTESIAN_POINT('',(1.52,1.81999999999999,-0.944999999999999));
#114060=DIRECTION('',(0.,0.,-1.));
#114070=DIRECTION('',(1.,1.22460635382238E-16,0.));
#114080=AXIS2_PLACEMENT_3D('',#114050,#114060,#114070);
#114090=CIRCLE('',#114080,0.0500000000000009);
#114100=CARTESIAN_POINT('',(1.52,1.86999999999999,-0.944999999999999));
#114110=VERTEX_POINT('',#114100);
#114120=EDGE_CURVE('',#114020,#114110,#114090,.T.);
#114130=ORIENTED_EDGE('',*,*,#114120,.F.);
#114140=CARTESIAN_POINT('',(1.52,1.86999999999999,-0.944999999999999));
#114150=DIRECTION('',(1.,-6.40826303888332E-15,0.));
#114160=VECTOR('',#114150,1.);
#114170=LINE('',#114140,#114160);
#114180=CARTESIAN_POINT('',(1.69000000000001,1.86999999999999,
-0.944999999999999));
#114190=VERTEX_POINT('',#114180);
#114200=EDGE_CURVE('',#114110,#114190,#114170,.T.);
#114210=ORIENTED_EDGE('',*,*,#114200,.F.);
#114220=CARTESIAN_POINT('',(1.69000000000001,1.86999999999999,
-0.944999999999999));
#114230=DIRECTION('',(-1.22460635382238E-16,1.,0.));
#114240=VECTOR('',#114230,1.);
#114250=LINE('',#114220,#114240);
#114260=CARTESIAN_POINT('',(1.69000000000001,1.94999999999999,
-0.944999999999999));
#114270=VERTEX_POINT('',#114260);
#114280=EDGE_CURVE('',#114190,#114270,#114250,.T.);
#114290=ORIENTED_EDGE('',*,*,#114280,.F.);
#114300=CARTESIAN_POINT('',(1.64,1.94999999999999,-0.944999999999999));
#114310=DIRECTION('',(0.,0.,-1.));
#114320=DIRECTION('',(1.,1.22460635382238E-16,0.));
#114330=AXIS2_PLACEMENT_3D('',#114300,#114310,#114320);
#114340=CIRCLE('',#114330,0.05);
#114350=CARTESIAN_POINT('',(1.64,1.99999999999999,-0.944999999999999));
#114360=VERTEX_POINT('',#114350);
#114370=EDGE_CURVE('',#114360,#114270,#114340,.T.);
#114380=ORIENTED_EDGE('',*,*,#114370,.T.);
#114390=CARTESIAN_POINT('',(1.64,1.99999999999999,-0.944999999999999));
#114400=DIRECTION('',(-1.,-1.22460635382238E-16,0.));
#114410=VECTOR('',#114400,1.);
#114420=LINE('',#114390,#114410);
#114430=CARTESIAN_POINT('',(1.39,1.99999999999999,-0.944999999999999));
#114440=VERTEX_POINT('',#114430);
#114450=EDGE_CURVE('',#114360,#114440,#114420,.T.);
#114460=ORIENTED_EDGE('',*,*,#114450,.F.);
#114470=CARTESIAN_POINT('',(1.39,1.99999999999999,-0.944999999999999));
#114480=DIRECTION('',(-0.719844295420684,-0.694135570584234,0.));
#114490=VECTOR('',#114480,1.);
#114500=LINE('',#114470,#114490);
#114510=EDGE_CURVE('',#114440,#30750,#114500,.T.);
#114520=ORIENTED_EDGE('',*,*,#114510,.F.);
#114530=ORIENTED_EDGE('',*,*,#30980,.F.);
#114540=EDGE_LOOP('',(#114530,#114520,#114460,#114380,#114290,#114210,
#114130,#114040,#113960,#113870));
#114550=FACE_OUTER_BOUND('',#114540,.T.);
#114560=ADVANCED_FACE('',(#114550),#113790,.T.);
#114570=CARTESIAN_POINT('',(1.39,1.99999999999999,-0.824999999999999));
#114580=DIRECTION('',(-0.694135570584234,0.719844295420684,0.));
#114590=DIRECTION('',(-0.719844295420684,-0.694135570584234,0.));
#114600=AXIS2_PLACEMENT_3D('',#114570,#114580,#114590);
#114610=PLANE('',#114600);
#114620=ORIENTED_EDGE('',*,*,#114510,.T.);
#114630=CARTESIAN_POINT('',(1.39,1.99999999999999,-0.824999999999999));
#114640=DIRECTION('',(0.,0.,-1.));
#114650=VECTOR('',#114640,1.);
#114660=LINE('',#114630,#114650);
#114670=CARTESIAN_POINT('',(1.39,1.99999999999999,-0.824999999999999));
#114680=VERTEX_POINT('',#114670);
#114690=EDGE_CURVE('',#114680,#114440,#114660,.T.);
#114700=ORIENTED_EDGE('',*,*,#114690,.T.);
#114710=CARTESIAN_POINT('',(1.39,1.99999999999999,-0.824999999999999));
#114720=DIRECTION('',(-0.719844295420684,-0.694135570584234,0.));
#114730=VECTOR('',#114720,1.);
#114740=LINE('',#114710,#114730);
#114750=EDGE_CURVE('',#114680,#30730,#114740,.T.);
#114760=ORIENTED_EDGE('',*,*,#114750,.F.);
#114770=ORIENTED_EDGE('',*,*,#30760,.F.);
#114780=EDGE_LOOP('',(#114770,#114760,#114700,#114620));
#114790=FACE_OUTER_BOUND('',#114780,.T.);
#114800=ADVANCED_FACE('',(#114790),#114610,.T.);
#114810=CARTESIAN_POINT('',(-2.96101731916344,3.3223480408227,
-0.824999999999999));
#114820=DIRECTION('',(0.,0.,-1.));
#114830=DIRECTION('',(1.,1.22460635382238E-16,0.));
#114840=AXIS2_PLACEMENT_3D('',#114810,#114820,#114830);
#114850=PLANE('',#114840);
#114860=ORIENTED_EDGE('',*,*,#114750,.T.);
#114870=CARTESIAN_POINT('',(1.64,1.99999999999999,-0.824999999999999));
#114880=DIRECTION('',(-1.,-1.22460635382238E-16,0.));
#114890=VECTOR('',#114880,1.);
#114900=LINE('',#114870,#114890);
#114910=CARTESIAN_POINT('',(1.64,1.99999999999999,-0.824999999999999));
#114920=VERTEX_POINT('',#114910);
#114930=EDGE_CURVE('',#114920,#114680,#114900,.T.);
#114940=ORIENTED_EDGE('',*,*,#114930,.T.);
#114950=CARTESIAN_POINT('',(1.64,1.94999999999999,-0.824999999999999));
#114960=DIRECTION('',(0.,0.,-1.));
#114970=DIRECTION('',(1.,1.22460635382238E-16,0.));
#114980=AXIS2_PLACEMENT_3D('',#114950,#114960,#114970);
#114990=CIRCLE('',#114980,0.05);
#115000=CARTESIAN_POINT('',(1.69000000000001,1.94999999999999,
-0.824999999999999));
#115010=VERTEX_POINT('',#115000);
#115020=EDGE_CURVE('',#114920,#115010,#114990,.T.);
#115030=ORIENTED_EDGE('',*,*,#115020,.F.);
#115040=CARTESIAN_POINT('',(1.69000000000001,1.86999999999999,
-0.824999999999999));
#115050=DIRECTION('',(-1.22460635382238E-16,1.,0.));
#115060=VECTOR('',#115050,1.);
#115070=LINE('',#115040,#115060);
#115080=CARTESIAN_POINT('',(1.69000000000001,1.86999999999999,
-0.824999999999999));
#115090=VERTEX_POINT('',#115080);
#115100=EDGE_CURVE('',#115090,#115010,#115070,.T.);
#115110=ORIENTED_EDGE('',*,*,#115100,.T.);
#115120=CARTESIAN_POINT('',(1.52,1.86999999999999,-0.824999999999999));
#115130=DIRECTION('',(1.,-6.40826303888332E-15,0.));
#115140=VECTOR('',#115130,1.);
#115150=LINE('',#115120,#115140);
#115160=CARTESIAN_POINT('',(1.52,1.86999999999999,-0.824999999999999));
#115170=VERTEX_POINT('',#115160);
#115180=EDGE_CURVE('',#115170,#115090,#115150,.T.);
#115190=ORIENTED_EDGE('',*,*,#115180,.T.);
#115200=CARTESIAN_POINT('',(1.52,1.81999999999999,-0.824999999999999));
#115210=DIRECTION('',(0.,0.,-1.));
#115220=DIRECTION('',(1.,1.22460635382238E-16,0.));
#115230=AXIS2_PLACEMENT_3D('',#115200,#115210,#115220);
#115240=CIRCLE('',#115230,0.0500000000000009);
#115250=CARTESIAN_POINT('',(1.47497605610578,1.79825501261876,
-0.824999999999999));
#115260=VERTEX_POINT('',#115250);
#115270=EDGE_CURVE('',#115260,#115170,#115240,.T.);
#115280=ORIENTED_EDGE('',*,*,#115270,.T.);
#115290=CARTESIAN_POINT('',(1.49502394389423,1.75674498738121,
-0.824999999999999));
#115300=DIRECTION('',(-0.434899747624548,0.900478877884487,0.));
#115310=VECTOR('',#115300,1.);
#115320=LINE('',#115290,#115310);
#115330=CARTESIAN_POINT('',(1.49502394389423,1.75674498738121,
-0.824999999999999));
#115340=VERTEX_POINT('',#115330);
#115350=EDGE_CURVE('',#115340,#115260,#115320,.T.);
#115360=ORIENTED_EDGE('',*,*,#115350,.T.);
#115370=CARTESIAN_POINT('',(1.45,1.73499999999999,-0.824999999999999));
#115380=DIRECTION('',(0.,0.,-1.));
#115390=DIRECTION('',(1.,1.22460635382238E-16,0.));
#115400=AXIS2_PLACEMENT_3D('',#115370,#115380,#115390);
#115410=CIRCLE('',#115400,0.0499999999999998);
#115420=CARTESIAN_POINT('',(1.45,1.68499999999999,-0.824999999999999));
#115430=VERTEX_POINT('',#115420);
#115440=EDGE_CURVE('',#115340,#115430,#115410,.T.);
#115450=ORIENTED_EDGE('',*,*,#115440,.F.);
#115460=CARTESIAN_POINT('',(1.32,1.68499999999999,-0.824999999999999));
#115470=DIRECTION('',(1.,1.22460635382238E-16,0.));
#115480=VECTOR('',#115470,1.);
#115490=LINE('',#115460,#115480);
#115500=EDGE_CURVE('',#30830,#115430,#115490,.T.);
#115510=ORIENTED_EDGE('',*,*,#115500,.T.);
#115520=ORIENTED_EDGE('',*,*,#30840,.T.);
#115530=EDGE_LOOP('',(#115520,#115510,#115450,#115360,#115280,#115190,
#115110,#115030,#114940,#114860));
#115540=FACE_OUTER_BOUND('',#115530,.T.);
#115550=ADVANCED_FACE('',(#115540),#114850,.F.);
#115560=CARTESIAN_POINT('',(1.32,1.68499999999999,-0.824999999999999));
#115570=DIRECTION('',(1.22460635382238E-16,-1.,0.));
#115580=DIRECTION('',(1.,1.22460635382238E-16,0.));
#115590=AXIS2_PLACEMENT_3D('',#115560,#115570,#115580);
#115600=PLANE('',#115590);
#115610=CARTESIAN_POINT('',(1.45,1.68499999999999,-0.824999999999999));
#115620=DIRECTION('',(0.,0.,-1.));
#115630=VECTOR('',#115620,1.);
#115640=LINE('',#115610,#115630);
#115650=EDGE_CURVE('',#115430,#113850,#115640,.T.);
#115660=ORIENTED_EDGE('',*,*,#115650,.F.);
#115670=ORIENTED_EDGE('',*,*,#113860,.T.);
#115680=ORIENTED_EDGE('',*,*,#30920,.F.);
#115690=ORIENTED_EDGE('',*,*,#115500,.F.);
#115700=EDGE_LOOP('',(#115690,#115680,#115670,#115660));
#115710=FACE_OUTER_BOUND('',#115700,.T.);
#115720=ADVANCED_FACE('',(#115710),#115600,.T.);
#115730=CARTESIAN_POINT('',(1.45,1.73499999999999,-0.824999999999999));
#115740=DIRECTION('',(0.,0.,-1.));
#115750=DIRECTION('',(1.,1.22460635382238E-16,0.));
#115760=AXIS2_PLACEMENT_3D('',#115730,#115740,#115750);
#115770=CYLINDRICAL_SURFACE('',#115760,0.0499999999999998);
#115780=CARTESIAN_POINT('',(1.49502394389423,1.75674498738121,
-0.824999999999999));
#115790=DIRECTION('',(0.,0.,-1.));
#115800=VECTOR('',#115790,1.);
#115810=LINE('',#115780,#115800);
#115820=EDGE_CURVE('',#115340,#113940,#115810,.T.);
#115830=ORIENTED_EDGE('',*,*,#115820,.F.);
#115840=ORIENTED_EDGE('',*,*,#113950,.F.);
#115850=ORIENTED_EDGE('',*,*,#115650,.T.);
#115860=ORIENTED_EDGE('',*,*,#115440,.T.);
#115870=EDGE_LOOP('',(#115860,#115850,#115840,#115830));
#115880=FACE_OUTER_BOUND('',#115870,.T.);
#115890=ADVANCED_FACE('',(#115880),#115770,.T.);
#115900=CARTESIAN_POINT('',(1.49502394389423,1.75674498738121,
-0.824999999999999));
#115910=DIRECTION('',(0.900478877884487,0.434899747624548,-0.));
#115920=DIRECTION('',(-0.434899747624548,0.900478877884487,0.));
#115930=AXIS2_PLACEMENT_3D('',#115900,#115910,#115920);
#115940=PLANE('',#115930);
#115950=CARTESIAN_POINT('',(1.47497605610578,1.79825501261876,
-0.824999999999999));
#115960=DIRECTION('',(0.,0.,-1.));
#115970=VECTOR('',#115960,1.);
#115980=LINE('',#115950,#115970);
#115990=EDGE_CURVE('',#115260,#114020,#115980,.T.);
#116000=ORIENTED_EDGE('',*,*,#115990,.F.);
#116010=ORIENTED_EDGE('',*,*,#114030,.T.);
#116020=ORIENTED_EDGE('',*,*,#115820,.T.);
#116030=ORIENTED_EDGE('',*,*,#115350,.F.);
#116040=EDGE_LOOP('',(#116030,#116020,#116010,#116000));
#116050=FACE_OUTER_BOUND('',#116040,.T.);
#116060=ADVANCED_FACE('',(#116050),#115940,.T.);
#116070=CARTESIAN_POINT('',(1.52,1.81999999999999,-0.824999999999999));
#116080=DIRECTION('',(0.,0.,-1.));
#116090=DIRECTION('',(1.,1.22460635382238E-16,0.));
#116100=AXIS2_PLACEMENT_3D('',#116070,#116080,#116090);
#116110=CYLINDRICAL_SURFACE('',#116100,0.0500000000000009);
#116120=CARTESIAN_POINT('',(1.52,1.86999999999999,-0.824999999999999));
#116130=DIRECTION('',(0.,0.,-1.));
#116140=VECTOR('',#116130,1.);
#116150=LINE('',#116120,#116140);
#116160=EDGE_CURVE('',#115170,#114110,#116150,.T.);
#116170=ORIENTED_EDGE('',*,*,#116160,.F.);
#116180=ORIENTED_EDGE('',*,*,#114120,.T.);
#116190=ORIENTED_EDGE('',*,*,#115990,.T.);
#116200=ORIENTED_EDGE('',*,*,#115270,.F.);
#116210=EDGE_LOOP('',(#116200,#116190,#116180,#116170));
#116220=FACE_OUTER_BOUND('',#116210,.T.);
#116230=ADVANCED_FACE('',(#116220),#116110,.F.);
#116240=CARTESIAN_POINT('',(1.52,1.86999999999999,-0.824999999999999));
#116250=DIRECTION('',(-6.40826303888332E-15,-1.,0.));
#116260=DIRECTION('',(1.,-6.40826303888332E-15,0.));
#116270=AXIS2_PLACEMENT_3D('',#116240,#116250,#116260);
#116280=PLANE('',#116270);
#116290=CARTESIAN_POINT('',(1.69000000000001,1.86999999999999,
-0.824999999999999));
#116300=DIRECTION('',(0.,0.,-1.));
#116310=VECTOR('',#116300,1.);
#116320=LINE('',#116290,#116310);
#116330=EDGE_CURVE('',#115090,#114190,#116320,.T.);
#116340=ORIENTED_EDGE('',*,*,#116330,.F.);
#116350=ORIENTED_EDGE('',*,*,#114200,.T.);
#116360=ORIENTED_EDGE('',*,*,#116160,.T.);
#116370=ORIENTED_EDGE('',*,*,#115180,.F.);
#116380=EDGE_LOOP('',(#116370,#116360,#116350,#116340));
#116390=FACE_OUTER_BOUND('',#116380,.T.);
#116400=ADVANCED_FACE('',(#116390),#116280,.T.);
#116410=CARTESIAN_POINT('',(1.69000000000001,1.86999999999999,
-0.824999999999999));
#116420=DIRECTION('',(1.,1.22460635382238E-16,-0.));
#116430=DIRECTION('',(-1.22460635382238E-16,1.,0.));
#116440=AXIS2_PLACEMENT_3D('',#116410,#116420,#116430);
#116450=PLANE('',#116440);
#116460=CARTESIAN_POINT('',(1.69,1.94999999999999,-0.824999999999999));
#116470=DIRECTION('',(0.,0.,-1.));
#116480=VECTOR('',#116470,1.);
#116490=LINE('',#116460,#116480);
#116500=EDGE_CURVE('',#115010,#114270,#116490,.T.);
#116510=ORIENTED_EDGE('',*,*,#116500,.F.);
#116520=ORIENTED_EDGE('',*,*,#114280,.T.);
#116530=ORIENTED_EDGE('',*,*,#116330,.T.);
#116540=ORIENTED_EDGE('',*,*,#115100,.F.);
#116550=EDGE_LOOP('',(#116540,#116530,#116520,#116510));
#116560=FACE_OUTER_BOUND('',#116550,.T.);
#116570=ADVANCED_FACE('',(#116560),#116450,.T.);
#116580=CARTESIAN_POINT('',(1.64,1.94999999999999,-0.824999999999999));
#116590=DIRECTION('',(0.,0.,-1.));
#116600=DIRECTION('',(1.,1.22460635382238E-16,0.));
#116610=AXIS2_PLACEMENT_3D('',#116580,#116590,#116600);
#116620=CYLINDRICAL_SURFACE('',#116610,0.05);
#116630=CARTESIAN_POINT('',(1.64,1.99999999999999,-0.824999999999999));
#116640=DIRECTION('',(0.,0.,-1.));
#116650=VECTOR('',#116640,1.);
#116660=LINE('',#116630,#116650);
#116670=EDGE_CURVE('',#114920,#114360,#116660,.T.);
#116680=ORIENTED_EDGE('',*,*,#116670,.F.);
#116690=ORIENTED_EDGE('',*,*,#114370,.F.);
#116700=ORIENTED_EDGE('',*,*,#116500,.T.);
#116710=ORIENTED_EDGE('',*,*,#115020,.T.);
#116720=EDGE_LOOP('',(#116710,#116700,#116690,#116680));
#116730=FACE_OUTER_BOUND('',#116720,.T.);
#116740=ADVANCED_FACE('',(#116730),#116620,.T.);
#116750=CARTESIAN_POINT('',(1.64,1.99999999999999,-0.824999999999999));
#116760=DIRECTION('',(-1.22460635382238E-16,1.,0.));
#116770=DIRECTION('',(-1.,-1.22460635382238E-16,0.));
#116780=AXIS2_PLACEMENT_3D('',#116750,#116760,#116770);
#116790=PLANE('',#116780);
#116800=ORIENTED_EDGE('',*,*,#114690,.F.);
#116810=ORIENTED_EDGE('',*,*,#114450,.T.);
#116820=ORIENTED_EDGE('',*,*,#116670,.T.);
#116830=ORIENTED_EDGE('',*,*,#114930,.F.);
#116840=EDGE_LOOP('',(#116830,#116820,#116810,#116800));
#116850=FACE_OUTER_BOUND('',#116840,.T.);
#116860=ADVANCED_FACE('',(#116850),#116790,.T.);
#116870=CARTESIAN_POINT('',(-2.96101731916344,2.8223480408227,-1.225));
#116880=DIRECTION('',(0.,0.,-1.));
#116890=DIRECTION('',(1.,1.22460635382238E-16,0.));
#116900=AXIS2_PLACEMENT_3D('',#116870,#116880,#116890);
#116910=PLANE('',#116900);
#116920=CARTESIAN_POINT('',(0.598843446820732,-1.2350001674835,-1.225));
#116930=DIRECTION('',(0.,0.,-1.));
#116940=DIRECTION('',(1.,1.22460635382238E-16,0.));
#116950=AXIS2_PLACEMENT_3D('',#116920,#116930,#116940);
#116960=CIRCLE('',#116950,0.0999999999999996);
#116970=CARTESIAN_POINT('',(0.598843446820732,-1.3350001674835,-1.225));
#116980=VERTEX_POINT('',#116970);
#116990=EDGE_CURVE('',#116980,#26660,#116960,.T.);
#117000=ORIENTED_EDGE('',*,*,#116990,.T.);
#117010=CARTESIAN_POINT('',(0.609870584701063,-1.3350001674835,-1.225));
#117020=DIRECTION('',(-1.,-1.22460635382238E-16,0.));
#117030=VECTOR('',#117020,1.);
#117040=LINE('',#117010,#117030);
#117050=CARTESIAN_POINT('',(0.609870584701063,-1.3350001674835,-1.225));
#117060=VERTEX_POINT('',#117050);
#117070=EDGE_CURVE('',#117060,#116980,#117040,.T.);
#117080=ORIENTED_EDGE('',*,*,#117070,.T.);
#117090=CARTESIAN_POINT('',(0.610000000000003,-1.38500000000002,-1.225))
;
#117100=DIRECTION('',(0.,0.,-1.));
#117110=DIRECTION('',(1.,1.22460635382238E-16,0.));
#117120=AXIS2_PLACEMENT_3D('',#117090,#117100,#117110);
#117130=CIRCLE('',#117120,0.0499999999999995);
#117140=CARTESIAN_POINT('',(0.660000000000003,-1.38500000000002,-1.225))
;
#117150=VERTEX_POINT('',#117140);
#117160=EDGE_CURVE('',#117060,#117150,#117130,.T.);
#117170=ORIENTED_EDGE('',*,*,#117160,.F.);
#117180=CARTESIAN_POINT('',(0.620000000000005,-1.38500000000002,-1.225))
;
#117190=DIRECTION('',(0.,0.,-1.));
#117200=DIRECTION('',(1.,1.22460635382238E-16,0.));
#117210=AXIS2_PLACEMENT_3D('',#117180,#117190,#117200);
#117220=CIRCLE('',#117210,0.0399999999999978);
#117230=CARTESIAN_POINT('',(0.644946914281611,-1.4162674186307,-1.225));
#117240=VERTEX_POINT('',#117230);
#117250=EDGE_CURVE('',#117150,#117240,#117220,.T.);
#117260=ORIENTED_EDGE('',*,*,#117250,.F.);
#117270=CARTESIAN_POINT('',(0.555000000000002,-1.50000000000002,-1.225))
;
#117280=DIRECTION('',(0.731939010275264,0.681370152881139,0.));
#117290=VECTOR('',#117280,1.);
#117300=LINE('',#117270,#117290);
#117310=CARTESIAN_POINT('',(0.555000000000003,-1.50000000000002,-1.225))
;
#117320=VERTEX_POINT('',#117310);
#117330=EDGE_CURVE('',#117320,#117240,#117300,.T.);
#117340=ORIENTED_EDGE('',*,*,#117330,.T.);
#117350=CARTESIAN_POINT('',(0.555000000000002,-1.50000000000002,-1.225))
;
#117360=DIRECTION('',(-1.,-1.22460635382238E-16,0.));
#117370=VECTOR('',#117360,1.);
#117380=LINE('',#117350,#117370);
#117390=EDGE_CURVE('',#117320,#26740,#117380,.T.);
#117400=ORIENTED_EDGE('',*,*,#117390,.F.);
#117410=ORIENTED_EDGE('',*,*,#26750,.F.);
#117420=EDGE_LOOP('',(#117410,#117400,#117340,#117260,#117170,#117080,
#117000));
#117430=FACE_OUTER_BOUND('',#117420,.T.);
#117440=ADVANCED_FACE('',(#117430),#116910,.F.);
#117450=CARTESIAN_POINT('',(0.598843446820732,-1.2350001674835,-1.225));
#117460=DIRECTION('',(0.,0.,-1.));
#117470=DIRECTION('',(1.,1.22460635382238E-16,0.));
#117480=AXIS2_PLACEMENT_3D('',#117450,#117460,#117470);
#117490=CYLINDRICAL_SURFACE('',#117480,0.0999999999999996);
#117500=CARTESIAN_POINT('',(0.598843446820732,-1.2350001674835,-1.345));
#117510=DIRECTION('',(0.,0.,-1.));
#117520=DIRECTION('',(1.,1.22460635382238E-16,0.));
#117530=AXIS2_PLACEMENT_3D('',#117500,#117510,#117520);
#117540=CIRCLE('',#117530,0.0999999999999996);
#117550=CARTESIAN_POINT('',(0.598843446820732,-1.3350001674835,-1.345));
#117560=VERTEX_POINT('',#117550);
#117570=EDGE_CURVE('',#117560,#26580,#117540,.T.);
#117580=ORIENTED_EDGE('',*,*,#117570,.T.);
#117590=CARTESIAN_POINT('',(0.598843446820732,-1.3350001674835,-1.225));
#117600=DIRECTION('',(0.,0.,-1.));
#117610=VECTOR('',#117600,1.);
#117620=LINE('',#117590,#117610);
#117630=EDGE_CURVE('',#116980,#117560,#117620,.T.);
#117640=ORIENTED_EDGE('',*,*,#117630,.T.);
#117650=ORIENTED_EDGE('',*,*,#116990,.F.);
#117660=ORIENTED_EDGE('',*,*,#26670,.F.);
#117670=EDGE_LOOP('',(#117660,#117650,#117640,#117580));
#117680=FACE_OUTER_BOUND('',#117670,.T.);
#117690=ADVANCED_FACE('',(#117680),#117490,.F.);
#117700=CARTESIAN_POINT('',(-2.96101731916344,2.8223480408227,-1.345));
#117710=DIRECTION('',(0.,0.,-1.));
#117720=DIRECTION('',(1.,1.22460635382238E-16,0.));
#117730=AXIS2_PLACEMENT_3D('',#117700,#117710,#117720);
#117740=PLANE('',#117730);
#117750=CARTESIAN_POINT('',(0.555000000000002,-1.50000000000002,-1.345))
;
#117760=DIRECTION('',(-1.,-1.22460635382238E-16,0.));
#117770=VECTOR('',#117760,1.);
#117780=LINE('',#117750,#117770);
#117790=CARTESIAN_POINT('',(0.555000000000003,-1.50000000000002,-1.345))
;
#117800=VERTEX_POINT('',#117790);
#117810=EDGE_CURVE('',#117800,#26560,#117780,.T.);
#117820=ORIENTED_EDGE('',*,*,#117810,.T.);
#117830=CARTESIAN_POINT('',(0.555000000000002,-1.50000000000002,-1.345))
;
#117840=DIRECTION('',(0.731939010275264,0.681370152881139,0.));
#117850=VECTOR('',#117840,1.);
#117860=LINE('',#117830,#117850);
#117870=CARTESIAN_POINT('',(0.644946914281611,-1.4162674186307,-1.345));
#117880=VERTEX_POINT('',#117870);
#117890=EDGE_CURVE('',#117800,#117880,#117860,.T.);
#117900=ORIENTED_EDGE('',*,*,#117890,.F.);
#117910=CARTESIAN_POINT('',(0.620000000000005,-1.38500000000002,-1.345))
;
#117920=DIRECTION('',(0.,0.,-1.));
#117930=DIRECTION('',(1.,1.22460635382238E-16,0.));
#117940=AXIS2_PLACEMENT_3D('',#117910,#117920,#117930);
#117950=CIRCLE('',#117940,0.0399999999999978);
#117960=CARTESIAN_POINT('',(0.660000000000003,-1.38500000000002,-1.345))
;
#117970=VERTEX_POINT('',#117960);
#117980=EDGE_CURVE('',#117970,#117880,#117950,.T.);
#117990=ORIENTED_EDGE('',*,*,#117980,.T.);
#118000=CARTESIAN_POINT('',(0.610000000000003,-1.38500000000002,-1.345))
;
#118010=DIRECTION('',(0.,0.,-1.));
#118020=DIRECTION('',(1.,1.22460635382238E-16,0.));
#118030=AXIS2_PLACEMENT_3D('',#118000,#118010,#118020);
#118040=CIRCLE('',#118030,0.0499999999999995);
#118050=CARTESIAN_POINT('',(0.609870584701063,-1.3350001674835,-1.345));
#118060=VERTEX_POINT('',#118050);
#118070=EDGE_CURVE('',#118060,#117970,#118040,.T.);
#118080=ORIENTED_EDGE('',*,*,#118070,.T.);
#118090=CARTESIAN_POINT('',(0.609870584701063,-1.3350001674835,-1.345));
#118100=DIRECTION('',(-1.,-1.22460635382238E-16,0.));
#118110=VECTOR('',#118100,1.);
#118120=LINE('',#118090,#118110);
#118130=EDGE_CURVE('',#118060,#117560,#118120,.T.);
#118140=ORIENTED_EDGE('',*,*,#118130,.F.);
#118150=ORIENTED_EDGE('',*,*,#117570,.F.);
#118160=ORIENTED_EDGE('',*,*,#26590,.T.);
#118170=EDGE_LOOP('',(#118160,#118150,#118140,#118080,#117990,#117900,
#117820));
#118180=FACE_OUTER_BOUND('',#118170,.T.);
#118190=ADVANCED_FACE('',(#118180),#117740,.T.);
#118200=CARTESIAN_POINT('',(0.555000000000002,-1.50000000000002,-1.225))
;
#118210=DIRECTION('',(-1.22460635382238E-16,1.,0.));
#118220=DIRECTION('',(1.,1.22460635382238E-16,0.));
#118230=AXIS2_PLACEMENT_3D('',#118200,#118210,#118220);
#118240=PLANE('',#118230);
#118250=ORIENTED_EDGE('',*,*,#117390,.T.);
#118260=CARTESIAN_POINT('',(0.555000000000002,-1.50000000000002,-1.225))
;
#118270=DIRECTION('',(0.,0.,1.));
#118280=VECTOR('',#118270,1.);
#118290=LINE('',#118260,#118280);
#118300=EDGE_CURVE('',#117800,#117320,#118290,.T.);
#118310=ORIENTED_EDGE('',*,*,#118300,.T.);
#118320=ORIENTED_EDGE('',*,*,#117810,.F.);
#118330=ORIENTED_EDGE('',*,*,#26810,.F.);
#118340=EDGE_LOOP('',(#118330,#118320,#118310,#118250));
#118350=FACE_OUTER_BOUND('',#118340,.T.);
#118360=ADVANCED_FACE('',(#118350),#118240,.F.);
#118370=CARTESIAN_POINT('',(0.555000000000002,-1.50000000000002,-1.225))
;
#118380=DIRECTION('',(0.681370152881139,-0.731939010275264,0.));
#118390=DIRECTION('',(0.731939010275264,0.681370152881139,0.));
#118400=AXIS2_PLACEMENT_3D('',#118370,#118380,#118390);
#118410=PLANE('',#118400);
#118420=CARTESIAN_POINT('',(0.644946914281611,-1.4162674186307,-1.225));
#118430=DIRECTION('',(0.,0.,-1.));
#118440=VECTOR('',#118430,1.);
#118450=LINE('',#118420,#118440);
#118460=EDGE_CURVE('',#117240,#117880,#118450,.T.);
#118470=ORIENTED_EDGE('',*,*,#118460,.F.);
#118480=ORIENTED_EDGE('',*,*,#117890,.T.);
#118490=ORIENTED_EDGE('',*,*,#118300,.F.);
#118500=ORIENTED_EDGE('',*,*,#117330,.F.);
#118510=EDGE_LOOP('',(#118500,#118490,#118480,#118470));
#118520=FACE_OUTER_BOUND('',#118510,.T.);
#118530=ADVANCED_FACE('',(#118520),#118410,.T.);
#118540=CARTESIAN_POINT('',(0.620000000000005,-1.38500000000002,-1.225))
;
#118550=DIRECTION('',(0.,0.,-1.));
#118560=DIRECTION('',(1.,1.22460635382238E-16,0.));
#118570=AXIS2_PLACEMENT_3D('',#118540,#118550,#118560);
#118580=CYLINDRICAL_SURFACE('',#118570,0.0399999999999978);
#118590=CARTESIAN_POINT('',(0.660000000000003,-1.38500000000002,-1.225))
;
#118600=DIRECTION('',(0.,0.,-1.));
#118610=VECTOR('',#118600,1.);
#118620=LINE('',#118590,#118610);
#118630=EDGE_CURVE('',#117150,#117970,#118620,.T.);
#118640=ORIENTED_EDGE('',*,*,#118630,.F.);
#118650=ORIENTED_EDGE('',*,*,#117980,.F.);
#118660=ORIENTED_EDGE('',*,*,#118460,.T.);
#118670=ORIENTED_EDGE('',*,*,#117250,.T.);
#118680=EDGE_LOOP('',(#118670,#118660,#118650,#118640));
#118690=FACE_OUTER_BOUND('',#118680,.T.);
#118700=ADVANCED_FACE('',(#118690),#118580,.T.);
#118710=CARTESIAN_POINT('',(0.610000000000003,-1.38500000000002,-1.225))
;
#118720=DIRECTION('',(0.,0.,-1.));
#118730=DIRECTION('',(1.,1.22460635382238E-16,0.));
#118740=AXIS2_PLACEMENT_3D('',#118710,#118720,#118730);
#118750=CYLINDRICAL_SURFACE('',#118740,0.0499999999999995);
#118760=CARTESIAN_POINT('',(0.609870584701063,-1.3350001674835,-1.225));
#118770=DIRECTION('',(0.,0.,-1.));
#118780=VECTOR('',#118770,1.);
#118790=LINE('',#118760,#118780);
#118800=EDGE_CURVE('',#117060,#118060,#118790,.T.);
#118810=ORIENTED_EDGE('',*,*,#118800,.F.);
#118820=ORIENTED_EDGE('',*,*,#118070,.F.);
#118830=ORIENTED_EDGE('',*,*,#118630,.T.);
#118840=ORIENTED_EDGE('',*,*,#117160,.T.);
#118850=EDGE_LOOP('',(#118840,#118830,#118820,#118810));
#118860=FACE_OUTER_BOUND('',#118850,.T.);
#118870=ADVANCED_FACE('',(#118860),#118750,.T.);
#118880=CARTESIAN_POINT('',(0.609870584701063,-1.3350001674835,-1.225));
#118890=DIRECTION('',(-1.22460635382238E-16,1.,0.));
#118900=DIRECTION('',(-1.,-1.22460635382238E-16,0.));
#118910=AXIS2_PLACEMENT_3D('',#118880,#118890,#118900);
#118920=PLANE('',#118910);
#118930=ORIENTED_EDGE('',*,*,#117630,.F.);
#118940=ORIENTED_EDGE('',*,*,#118130,.T.);
#118950=ORIENTED_EDGE('',*,*,#118800,.T.);
#118960=ORIENTED_EDGE('',*,*,#117070,.F.);
#118970=EDGE_LOOP('',(#118960,#118950,#118940,#118930));
#118980=FACE_OUTER_BOUND('',#118970,.T.);
#118990=ADVANCED_FACE('',(#118980),#118920,.T.);
#119000=CARTESIAN_POINT('',(-2.96101731916344,3.3223480408227,-1.225));
#119010=DIRECTION('',(0.,0.,-1.));
#119020=DIRECTION('',(1.,1.22460635382238E-16,0.));
#119030=AXIS2_PLACEMENT_3D('',#119000,#119010,#119020);
#119040=PLANE('',#119030);
#119050=CARTESIAN_POINT('',(1.39,1.99999999999999,-1.225));
#119060=DIRECTION('',(-0.719844295420684,-0.694135570584234,0.));
#119070=VECTOR('',#119060,1.);
#119080=LINE('',#119050,#119070);
#119090=CARTESIAN_POINT('',(1.39,1.99999999999999,-1.225));
#119100=VERTEX_POINT('',#119090);
#119110=EDGE_CURVE('',#119100,#31250,#119080,.T.);
#119120=ORIENTED_EDGE('',*,*,#119110,.T.);
#119130=CARTESIAN_POINT('',(1.64,1.99999999999999,-1.225));
#119140=DIRECTION('',(-1.,-1.22460635382238E-16,0.));
#119150=VECTOR('',#119140,1.);
#119160=LINE('',#119130,#119150);
#119170=CARTESIAN_POINT('',(1.64,1.99999999999999,-1.225));
#119180=VERTEX_POINT('',#119170);
#119190=EDGE_CURVE('',#119180,#119100,#119160,.T.);
#119200=ORIENTED_EDGE('',*,*,#119190,.T.);
#119210=CARTESIAN_POINT('',(1.64,1.94999999999999,-1.225));
#119220=DIRECTION('',(0.,0.,-1.));
#119230=DIRECTION('',(1.,1.22460635382238E-16,0.));
#119240=AXIS2_PLACEMENT_3D('',#119210,#119220,#119230);
#119250=CIRCLE('',#119240,0.05);
#119260=CARTESIAN_POINT('',(1.69,1.94999999999999,-1.225));
#119270=VERTEX_POINT('',#119260);
#119280=EDGE_CURVE('',#119180,#119270,#119250,.T.);
#119290=ORIENTED_EDGE('',*,*,#119280,.F.);
#119300=CARTESIAN_POINT('',(1.69000000000001,1.86999999999999,-1.225));
#119310=DIRECTION('',(-1.22460635382238E-16,1.,0.));
#119320=VECTOR('',#119310,1.);
#119330=LINE('',#119300,#119320);
#119340=CARTESIAN_POINT('',(1.69000000000001,1.86999999999999,-1.225));
#119350=VERTEX_POINT('',#119340);
#119360=EDGE_CURVE('',#119350,#119270,#119330,.T.);
#119370=ORIENTED_EDGE('',*,*,#119360,.T.);
#119380=CARTESIAN_POINT('',(1.52,1.86999999999999,-1.225));
#119390=DIRECTION('',(1.,-6.40826303888332E-15,0.));
#119400=VECTOR('',#119390,1.);
#119410=LINE('',#119380,#119400);
#119420=CARTESIAN_POINT('',(1.52,1.86999999999999,-1.225));
#119430=VERTEX_POINT('',#119420);
#119440=EDGE_CURVE('',#119430,#119350,#119410,.T.);
#119450=ORIENTED_EDGE('',*,*,#119440,.T.);
#119460=CARTESIAN_POINT('',(1.52,1.81999999999999,-1.225));
#119470=DIRECTION('',(0.,0.,-1.));
#119480=DIRECTION('',(1.,1.22460635382238E-16,0.));
#119490=AXIS2_PLACEMENT_3D('',#119460,#119470,#119480);
#119500=CIRCLE('',#119490,0.0500000000000009);
#119510=CARTESIAN_POINT('',(1.47497605610578,1.79825501261876,-1.225));
#119520=VERTEX_POINT('',#119510);
#119530=EDGE_CURVE('',#119520,#119430,#119500,.T.);
#119540=ORIENTED_EDGE('',*,*,#119530,.T.);
#119550=CARTESIAN_POINT('',(1.49502394389423,1.75674498738121,-1.225));
#119560=DIRECTION('',(-0.434899747624548,0.900478877884487,0.));
#119570=VECTOR('',#119560,1.);
#119580=LINE('',#119550,#119570);
#119590=CARTESIAN_POINT('',(1.49502394389423,1.75674498738121,-1.225));
#119600=VERTEX_POINT('',#119590);
#119610=EDGE_CURVE('',#119600,#119520,#119580,.T.);
#119620=ORIENTED_EDGE('',*,*,#119610,.T.);
#119630=CARTESIAN_POINT('',(1.45,1.73499999999999,-1.225));
#119640=DIRECTION('',(0.,0.,-1.));
#119650=DIRECTION('',(1.,1.22460635382238E-16,0.));
#119660=AXIS2_PLACEMENT_3D('',#119630,#119640,#119650);
#119670=CIRCLE('',#119660,0.0499999999999998);
#119680=CARTESIAN_POINT('',(1.45,1.68499999999999,-1.225));
#119690=VERTEX_POINT('',#119680);
#119700=EDGE_CURVE('',#119600,#119690,#119670,.T.);
#119710=ORIENTED_EDGE('',*,*,#119700,.F.);
#119720=CARTESIAN_POINT('',(1.32,1.68499999999999,-1.225));
#119730=DIRECTION('',(1.,1.22460635382238E-16,0.));
#119740=VECTOR('',#119730,1.);
#119750=LINE('',#119720,#119740);
#119760=EDGE_CURVE('',#31090,#119690,#119750,.T.);
#119770=ORIENTED_EDGE('',*,*,#119760,.T.);
#119780=ORIENTED_EDGE('',*,*,#31320,.T.);
#119790=EDGE_LOOP('',(#119780,#119770,#119710,#119620,#119540,#119450,
#119370,#119290,#119200,#119120));
#119800=FACE_OUTER_BOUND('',#119790,.T.);
#119810=ADVANCED_FACE('',(#119800),#119040,.F.);
#119820=CARTESIAN_POINT('',(1.39,1.99999999999999,-1.225));
#119830=DIRECTION('',(-0.694135570584234,0.719844295420684,0.));
#119840=DIRECTION('',(-0.719844295420684,-0.694135570584234,0.));
#119850=AXIS2_PLACEMENT_3D('',#119820,#119830,#119840);
#119860=PLANE('',#119850);
#119870=CARTESIAN_POINT('',(1.39,1.99999999999999,-1.345));
#119880=DIRECTION('',(-0.719844295420684,-0.694135570584234,0.));
#119890=VECTOR('',#119880,1.);
#119900=LINE('',#119870,#119890);
#119910=CARTESIAN_POINT('',(1.39,1.99999999999999,-1.345));
#119920=VERTEX_POINT('',#119910);
#119930=EDGE_CURVE('',#119920,#31170,#119900,.T.);
#119940=ORIENTED_EDGE('',*,*,#119930,.T.);
#119950=CARTESIAN_POINT('',(1.39,1.99999999999999,-1.225));
#119960=DIRECTION('',(0.,0.,-1.));
#119970=VECTOR('',#119960,1.);
#119980=LINE('',#119950,#119970);
#119990=EDGE_CURVE('',#119100,#119920,#119980,.T.);
#120000=ORIENTED_EDGE('',*,*,#119990,.T.);
#120010=ORIENTED_EDGE('',*,*,#119110,.F.);
#120020=ORIENTED_EDGE('',*,*,#31260,.F.);
#120030=EDGE_LOOP('',(#120020,#120010,#120000,#119940));
#120040=FACE_OUTER_BOUND('',#120030,.T.);
#120050=ADVANCED_FACE('',(#120040),#119860,.T.);
#120060=CARTESIAN_POINT('',(-2.96101731916344,3.3223480408227,-1.345));
#120070=DIRECTION('',(0.,0.,-1.));
#120080=DIRECTION('',(1.,1.22460635382238E-16,0.));
#120090=AXIS2_PLACEMENT_3D('',#120060,#120070,#120080);
#120100=PLANE('',#120090);
#120110=CARTESIAN_POINT('',(1.32,1.68499999999999,-1.345));
#120120=DIRECTION('',(1.,1.22460635382238E-16,0.));
#120130=VECTOR('',#120120,1.);
#120140=LINE('',#120110,#120130);
#120150=CARTESIAN_POINT('',(1.45,1.68499999999999,-1.345));
#120160=VERTEX_POINT('',#120150);
#120170=EDGE_CURVE('',#31070,#120160,#120140,.T.);
#120180=ORIENTED_EDGE('',*,*,#120170,.F.);
#120190=CARTESIAN_POINT('',(1.45,1.73499999999999,-1.345));
#120200=DIRECTION('',(0.,0.,-1.));
#120210=DIRECTION('',(1.,1.22460635382238E-16,0.));
#120220=AXIS2_PLACEMENT_3D('',#120190,#120200,#120210);
#120230=CIRCLE('',#120220,0.0499999999999998);
#120240=CARTESIAN_POINT('',(1.49502394389423,1.75674498738121,-1.345));
#120250=VERTEX_POINT('',#120240);
#120260=EDGE_CURVE('',#120250,#120160,#120230,.T.);
#120270=ORIENTED_EDGE('',*,*,#120260,.T.);
#120280=CARTESIAN_POINT('',(1.49502394389423,1.75674498738121,-1.345));
#120290=DIRECTION('',(-0.434899747624548,0.900478877884487,0.));
#120300=VECTOR('',#120290,1.);
#120310=LINE('',#120280,#120300);
#120320=CARTESIAN_POINT('',(1.47497605610578,1.79825501261876,-1.345));
#120330=VERTEX_POINT('',#120320);
#120340=EDGE_CURVE('',#120250,#120330,#120310,.T.);
#120350=ORIENTED_EDGE('',*,*,#120340,.F.);
#120360=CARTESIAN_POINT('',(1.52,1.81999999999999,-1.345));
#120370=DIRECTION('',(0.,0.,-1.));
#120380=DIRECTION('',(1.,1.22460635382238E-16,0.));
#120390=AXIS2_PLACEMENT_3D('',#120360,#120370,#120380);
#120400=CIRCLE('',#120390,0.0500000000000009);
#120410=CARTESIAN_POINT('',(1.52,1.86999999999999,-1.345));
#120420=VERTEX_POINT('',#120410);
#120430=EDGE_CURVE('',#120330,#120420,#120400,.T.);
#120440=ORIENTED_EDGE('',*,*,#120430,.F.);
#120450=CARTESIAN_POINT('',(1.52,1.86999999999999,-1.345));
#120460=DIRECTION('',(1.,-6.40826303888332E-15,0.));
#120470=VECTOR('',#120460,1.);
#120480=LINE('',#120450,#120470);
#120490=CARTESIAN_POINT('',(1.69000000000001,1.86999999999999,-1.345));
#120500=VERTEX_POINT('',#120490);
#120510=EDGE_CURVE('',#120420,#120500,#120480,.T.);
#120520=ORIENTED_EDGE('',*,*,#120510,.F.);
#120530=CARTESIAN_POINT('',(1.69000000000001,1.86999999999999,-1.345));
#120540=DIRECTION('',(-1.22460635382238E-16,1.,0.));
#120550=VECTOR('',#120540,1.);
#120560=LINE('',#120530,#120550);
#120570=CARTESIAN_POINT('',(1.69000000000001,1.94999999999999,-1.345));
#120580=VERTEX_POINT('',#120570);
#120590=EDGE_CURVE('',#120500,#120580,#120560,.T.);
#120600=ORIENTED_EDGE('',*,*,#120590,.F.);
#120610=CARTESIAN_POINT('',(1.64,1.94999999999999,-1.345));
#120620=DIRECTION('',(0.,0.,-1.));
#120630=DIRECTION('',(1.,1.22460635382238E-16,0.));
#120640=AXIS2_PLACEMENT_3D('',#120610,#120620,#120630);
#120650=CIRCLE('',#120640,0.05);
#120660=CARTESIAN_POINT('',(1.64,1.99999999999999,-1.345));
#120670=VERTEX_POINT('',#120660);
#120680=EDGE_CURVE('',#120670,#120580,#120650,.T.);
#120690=ORIENTED_EDGE('',*,*,#120680,.T.);
#120700=CARTESIAN_POINT('',(1.64,1.99999999999999,-1.345));
#120710=DIRECTION('',(-1.,-1.22460635382238E-16,0.));
#120720=VECTOR('',#120710,1.);
#120730=LINE('',#120700,#120720);
#120740=EDGE_CURVE('',#120670,#119920,#120730,.T.);
#120750=ORIENTED_EDGE('',*,*,#120740,.F.);
#120760=ORIENTED_EDGE('',*,*,#119930,.F.);
#120770=ORIENTED_EDGE('',*,*,#31180,.F.);
#120780=EDGE_LOOP('',(#120770,#120760,#120750,#120690,#120600,#120520,
#120440,#120350,#120270,#120180));
#120790=FACE_OUTER_BOUND('',#120780,.T.);
#120800=ADVANCED_FACE('',(#120790),#120100,.T.);
#120810=CARTESIAN_POINT('',(1.32,1.68499999999999,-1.225));
#120820=DIRECTION('',(1.22460635382238E-16,-1.,0.));
#120830=DIRECTION('',(1.,1.22460635382238E-16,0.));
#120840=AXIS2_PLACEMENT_3D('',#120810,#120820,#120830);
#120850=PLANE('',#120840);
#120860=CARTESIAN_POINT('',(1.45,1.68499999999999,-1.225));
#120870=DIRECTION('',(0.,0.,-1.));
#120880=VECTOR('',#120870,1.);
#120890=LINE('',#120860,#120880);
#120900=EDGE_CURVE('',#119690,#120160,#120890,.T.);
#120910=ORIENTED_EDGE('',*,*,#120900,.F.);
#120920=ORIENTED_EDGE('',*,*,#120170,.T.);
#120930=ORIENTED_EDGE('',*,*,#31100,.F.);
#120940=ORIENTED_EDGE('',*,*,#119760,.F.);
#120950=EDGE_LOOP('',(#120940,#120930,#120920,#120910));
#120960=FACE_OUTER_BOUND('',#120950,.T.);
#120970=ADVANCED_FACE('',(#120960),#120850,.T.);
#120980=CARTESIAN_POINT('',(1.45,1.73499999999999,-1.225));
#120990=DIRECTION('',(0.,0.,-1.));
#121000=DIRECTION('',(1.,1.22460635382238E-16,0.));
#121010=AXIS2_PLACEMENT_3D('',#120980,#120990,#121000);
#121020=CYLINDRICAL_SURFACE('',#121010,0.0499999999999998);
#121030=CARTESIAN_POINT('',(1.49502394389423,1.75674498738121,-1.225));
#121040=DIRECTION('',(0.,0.,-1.));
#121050=VECTOR('',#121040,1.);
#121060=LINE('',#121030,#121050);
#121070=EDGE_CURVE('',#119600,#120250,#121060,.T.);
#121080=ORIENTED_EDGE('',*,*,#121070,.F.);
#121090=ORIENTED_EDGE('',*,*,#120260,.F.);
#121100=ORIENTED_EDGE('',*,*,#120900,.T.);
#121110=ORIENTED_EDGE('',*,*,#119700,.T.);
#121120=EDGE_LOOP('',(#121110,#121100,#121090,#121080));
#121130=FACE_OUTER_BOUND('',#121120,.T.);
#121140=ADVANCED_FACE('',(#121130),#121020,.T.);
#121150=CARTESIAN_POINT('',(1.49502394389423,1.75674498738121,-1.225));
#121160=DIRECTION('',(0.900478877884487,0.434899747624548,-0.));
#121170=DIRECTION('',(-0.434899747624548,0.900478877884487,0.));
#121180=AXIS2_PLACEMENT_3D('',#121150,#121160,#121170);
#121190=PLANE('',#121180);
#121200=CARTESIAN_POINT('',(1.47497605610578,1.79825501261876,-1.225));
#121210=DIRECTION('',(0.,0.,-1.));
#121220=VECTOR('',#121210,1.);
#121230=LINE('',#121200,#121220);
#121240=EDGE_CURVE('',#119520,#120330,#121230,.T.);
#121250=ORIENTED_EDGE('',*,*,#121240,.F.);
#121260=ORIENTED_EDGE('',*,*,#120340,.T.);
#121270=ORIENTED_EDGE('',*,*,#121070,.T.);
#121280=ORIENTED_EDGE('',*,*,#119610,.F.);
#121290=EDGE_LOOP('',(#121280,#121270,#121260,#121250));
#121300=FACE_OUTER_BOUND('',#121290,.T.);
#121310=ADVANCED_FACE('',(#121300),#121190,.T.);
#121320=CARTESIAN_POINT('',(1.52,1.81999999999999,-1.225));
#121330=DIRECTION('',(0.,0.,-1.));
#121340=DIRECTION('',(1.,1.22460635382238E-16,0.));
#121350=AXIS2_PLACEMENT_3D('',#121320,#121330,#121340);
#121360=CYLINDRICAL_SURFACE('',#121350,0.0500000000000009);
#121370=CARTESIAN_POINT('',(1.52,1.86999999999999,-1.225));
#121380=DIRECTION('',(0.,0.,-1.));
#121390=VECTOR('',#121380,1.);
#121400=LINE('',#121370,#121390);
#121410=EDGE_CURVE('',#119430,#120420,#121400,.T.);
#121420=ORIENTED_EDGE('',*,*,#121410,.F.);
#121430=ORIENTED_EDGE('',*,*,#120430,.T.);
#121440=ORIENTED_EDGE('',*,*,#121240,.T.);
#121450=ORIENTED_EDGE('',*,*,#119530,.F.);
#121460=EDGE_LOOP('',(#121450,#121440,#121430,#121420));
#121470=FACE_OUTER_BOUND('',#121460,.T.);
#121480=ADVANCED_FACE('',(#121470),#121360,.F.);
#121490=CARTESIAN_POINT('',(1.52,1.86999999999999,-1.225));
#121500=DIRECTION('',(-6.40826303888332E-15,-1.,0.));
#121510=DIRECTION('',(1.,-6.40826303888332E-15,0.));
#121520=AXIS2_PLACEMENT_3D('',#121490,#121500,#121510);
#121530=PLANE('',#121520);
#121540=CARTESIAN_POINT('',(1.69000000000001,1.86999999999999,-1.225));
#121550=DIRECTION('',(0.,0.,-1.));
#121560=VECTOR('',#121550,1.);
#121570=LINE('',#121540,#121560);
#121580=EDGE_CURVE('',#119350,#120500,#121570,.T.);
#121590=ORIENTED_EDGE('',*,*,#121580,.F.);
#121600=ORIENTED_EDGE('',*,*,#120510,.T.);
#121610=ORIENTED_EDGE('',*,*,#121410,.T.);
#121620=ORIENTED_EDGE('',*,*,#119440,.F.);
#121630=EDGE_LOOP('',(#121620,#121610,#121600,#121590));
#121640=FACE_OUTER_BOUND('',#121630,.T.);
#121650=ADVANCED_FACE('',(#121640),#121530,.T.);
#121660=CARTESIAN_POINT('',(1.69000000000001,1.86999999999999,-1.225));
#121670=DIRECTION('',(1.,1.22460635382238E-16,-0.));
#121680=DIRECTION('',(-1.22460635382238E-16,1.,0.));
#121690=AXIS2_PLACEMENT_3D('',#121660,#121670,#121680);
#121700=PLANE('',#121690);
#121710=CARTESIAN_POINT('',(1.69,1.94999999999999,-1.225));
#121720=DIRECTION('',(0.,0.,-1.));
#121730=VECTOR('',#121720,1.);
#121740=LINE('',#121710,#121730);
#121750=EDGE_CURVE('',#119270,#120580,#121740,.T.);
#121760=ORIENTED_EDGE('',*,*,#121750,.F.);
#121770=ORIENTED_EDGE('',*,*,#120590,.T.);
#121780=ORIENTED_EDGE('',*,*,#121580,.T.);
#121790=ORIENTED_EDGE('',*,*,#119360,.F.);
#121800=EDGE_LOOP('',(#121790,#121780,#121770,#121760));
#121810=FACE_OUTER_BOUND('',#121800,.T.);
#121820=ADVANCED_FACE('',(#121810),#121700,.T.);
#121830=CARTESIAN_POINT('',(1.64,1.94999999999999,-1.225));
#121840=DIRECTION('',(0.,0.,-1.));
#121850=DIRECTION('',(1.,1.22460635382238E-16,0.));
#121860=AXIS2_PLACEMENT_3D('',#121830,#121840,#121850);
#121870=CYLINDRICAL_SURFACE('',#121860,0.05);
#121880=CARTESIAN_POINT('',(1.64,1.99999999999999,-1.225));
#121890=DIRECTION('',(0.,0.,-1.));
#121900=VECTOR('',#121890,1.);
#121910=LINE('',#121880,#121900);
#121920=EDGE_CURVE('',#119180,#120670,#121910,.T.);
#121930=ORIENTED_EDGE('',*,*,#121920,.F.);
#121940=ORIENTED_EDGE('',*,*,#120680,.F.);
#121950=ORIENTED_EDGE('',*,*,#121750,.T.);
#121960=ORIENTED_EDGE('',*,*,#119280,.T.);
#121970=EDGE_LOOP('',(#121960,#121950,#121940,#121930));
#121980=FACE_OUTER_BOUND('',#121970,.T.);
#121990=ADVANCED_FACE('',(#121980),#121870,.T.);
#122000=CARTESIAN_POINT('',(1.64,1.99999999999999,-1.225));
#122010=DIRECTION('',(-1.22460635382238E-16,1.,0.));
#122020=DIRECTION('',(-1.,-1.22460635382238E-16,0.));
#122030=AXIS2_PLACEMENT_3D('',#122000,#122010,#122020);
#122040=PLANE('',#122030);
#122050=ORIENTED_EDGE('',*,*,#119990,.F.);
#122060=ORIENTED_EDGE('',*,*,#120740,.T.);
#122070=ORIENTED_EDGE('',*,*,#121920,.T.);
#122080=ORIENTED_EDGE('',*,*,#119190,.F.);
#122090=EDGE_LOOP('',(#122080,#122070,#122060,#122050));
#122100=FACE_OUTER_BOUND('',#122090,.T.);
#122110=ADVANCED_FACE('',(#122100),#122040,.T.);
#122120=CARTESIAN_POINT('',(-2.96101731916344,2.8223480408227,-1.625));
#122130=DIRECTION('',(0.,0.,-1.));
#122140=DIRECTION('',(1.,1.22460635382238E-16,0.));
#122150=AXIS2_PLACEMENT_3D('',#122120,#122130,#122140);
#122160=PLANE('',#122150);
#122170=CARTESIAN_POINT('',(0.598843446820732,-1.2350001674835,-1.625));
#122180=DIRECTION('',(0.,0.,-1.));
#122190=DIRECTION('',(1.,1.22460635382238E-16,0.));
#122200=AXIS2_PLACEMENT_3D('',#122170,#122180,#122190);
#122210=CIRCLE('',#122200,0.0999999999999996);
#122220=CARTESIAN_POINT('',(0.598843446820732,-1.3350001674835,-1.625));
#122230=VERTEX_POINT('',#122220);
#122240=EDGE_CURVE('',#122230,#27000,#122210,.T.);
#122250=ORIENTED_EDGE('',*,*,#122240,.T.);
#122260=CARTESIAN_POINT('',(0.609870584701063,-1.3350001674835,-1.625));
#122270=DIRECTION('',(-1.,-1.22460635382238E-16,0.));
#122280=VECTOR('',#122270,1.);
#122290=LINE('',#122260,#122280);
#122300=CARTESIAN_POINT('',(0.609870584701063,-1.3350001674835,-1.625));
#122310=VERTEX_POINT('',#122300);
#122320=EDGE_CURVE('',#122310,#122230,#122290,.T.);
#122330=ORIENTED_EDGE('',*,*,#122320,.T.);
#122340=CARTESIAN_POINT('',(0.610000000000003,-1.38500000000002,-1.625))
;
#122350=DIRECTION('',(0.,0.,-1.));
#122360=DIRECTION('',(1.,1.22460635382238E-16,0.));
#122370=AXIS2_PLACEMENT_3D('',#122340,#122350,#122360);
#122380=CIRCLE('',#122370,0.0499999999999995);
#122390=CARTESIAN_POINT('',(0.660000000000003,-1.38500000000002,-1.625))
;
#122400=VERTEX_POINT('',#122390);
#122410=EDGE_CURVE('',#122310,#122400,#122380,.T.);
#122420=ORIENTED_EDGE('',*,*,#122410,.F.);
#122430=CARTESIAN_POINT('',(0.620000000000005,-1.38500000000002,-1.625))
;
#122440=DIRECTION('',(0.,0.,-1.));
#122450=DIRECTION('',(1.,1.22460635382238E-16,0.));
#122460=AXIS2_PLACEMENT_3D('',#122430,#122440,#122450);
#122470=CIRCLE('',#122460,0.0399999999999978);
#122480=CARTESIAN_POINT('',(0.644946914281611,-1.4162674186307,-1.625));
#122490=VERTEX_POINT('',#122480);
#122500=EDGE_CURVE('',#122400,#122490,#122470,.T.);
#122510=ORIENTED_EDGE('',*,*,#122500,.F.);
#122520=CARTESIAN_POINT('',(0.555000000000002,-1.50000000000002,-1.625))
;
#122530=DIRECTION('',(0.731939010275264,0.681370152881139,0.));
#122540=VECTOR('',#122530,1.);
#122550=LINE('',#122520,#122540);
#122560=CARTESIAN_POINT('',(0.555000000000003,-1.50000000000002,-1.625))
;
#122570=VERTEX_POINT('',#122560);
#122580=EDGE_CURVE('',#122570,#122490,#122550,.T.);
#122590=ORIENTED_EDGE('',*,*,#122580,.T.);
#122600=CARTESIAN_POINT('',(0.555000000000002,-1.50000000000002,-1.625))
;
#122610=DIRECTION('',(-1.,-1.22460635382238E-16,0.));
#122620=VECTOR('',#122610,1.);
#122630=LINE('',#122600,#122620);
#122640=EDGE_CURVE('',#122570,#27080,#122630,.T.);
#122650=ORIENTED_EDGE('',*,*,#122640,.F.);
#122660=ORIENTED_EDGE('',*,*,#27090,.F.);
#122670=EDGE_LOOP('',(#122660,#122650,#122590,#122510,#122420,#122330,
#122250));
#122680=FACE_OUTER_BOUND('',#122670,.T.);
#122690=ADVANCED_FACE('',(#122680),#122160,.F.);
#122700=CARTESIAN_POINT('',(0.598843446820732,-1.2350001674835,-1.625));
#122710=DIRECTION('',(0.,0.,-1.));
#122720=DIRECTION('',(1.,1.22460635382238E-16,0.));
#122730=AXIS2_PLACEMENT_3D('',#122700,#122710,#122720);
#122740=CYLINDRICAL_SURFACE('',#122730,0.0999999999999996);
#122750=CARTESIAN_POINT('',(0.598843446820732,-1.2350001674835,-1.745));
#122760=DIRECTION('',(0.,0.,-1.));
#122770=DIRECTION('',(1.,1.22460635382238E-16,0.));
#122780=AXIS2_PLACEMENT_3D('',#122750,#122760,#122770);
#122790=CIRCLE('',#122780,0.0999999999999996);
#122800=CARTESIAN_POINT('',(0.598843446820732,-1.3350001674835,-1.745));
#122810=VERTEX_POINT('',#122800);
#122820=EDGE_CURVE('',#122810,#26920,#122790,.T.);
#122830=ORIENTED_EDGE('',*,*,#122820,.T.);
#122840=CARTESIAN_POINT('',(0.598843446820732,-1.3350001674835,-1.625));
#122850=DIRECTION('',(0.,0.,-1.));
#122860=VECTOR('',#122850,1.);
#122870=LINE('',#122840,#122860);
#122880=EDGE_CURVE('',#122230,#122810,#122870,.T.);
#122890=ORIENTED_EDGE('',*,*,#122880,.T.);
#122900=ORIENTED_EDGE('',*,*,#122240,.F.);
#122910=ORIENTED_EDGE('',*,*,#27010,.F.);
#122920=EDGE_LOOP('',(#122910,#122900,#122890,#122830));
#122930=FACE_OUTER_BOUND('',#122920,.T.);
#122940=ADVANCED_FACE('',(#122930),#122740,.F.);
#122950=CARTESIAN_POINT('',(-2.96101731916344,2.8223480408227,-1.745));
#122960=DIRECTION('',(0.,0.,-1.));
#122970=DIRECTION('',(1.,1.22460635382238E-16,0.));
#122980=AXIS2_PLACEMENT_3D('',#122950,#122960,#122970);
#122990=PLANE('',#122980);
#123000=CARTESIAN_POINT('',(0.555000000000002,-1.50000000000002,-1.745))
;
#123010=DIRECTION('',(-1.,-1.22460635382238E-16,0.));
#123020=VECTOR('',#123010,1.);
#123030=LINE('',#123000,#123020);
#123040=CARTESIAN_POINT('',(0.555000000000003,-1.50000000000002,-1.745))
;
#123050=VERTEX_POINT('',#123040);
#123060=EDGE_CURVE('',#123050,#26900,#123030,.T.);
#123070=ORIENTED_EDGE('',*,*,#123060,.T.);
#123080=CARTESIAN_POINT('',(0.555000000000002,-1.50000000000002,-1.745))
;
#123090=DIRECTION('',(0.731939010275264,0.681370152881139,0.));
#123100=VECTOR('',#123090,1.);
#123110=LINE('',#123080,#123100);
#123120=CARTESIAN_POINT('',(0.644946914281611,-1.4162674186307,-1.745));
#123130=VERTEX_POINT('',#123120);
#123140=EDGE_CURVE('',#123050,#123130,#123110,.T.);
#123150=ORIENTED_EDGE('',*,*,#123140,.F.);
#123160=CARTESIAN_POINT('',(0.620000000000005,-1.38500000000002,-1.745))
;
#123170=DIRECTION('',(0.,0.,-1.));
#123180=DIRECTION('',(1.,1.22460635382238E-16,0.));
#123190=AXIS2_PLACEMENT_3D('',#123160,#123170,#123180);
#123200=CIRCLE('',#123190,0.0399999999999978);
#123210=CARTESIAN_POINT('',(0.660000000000003,-1.38500000000002,-1.745))
;
#123220=VERTEX_POINT('',#123210);
#123230=EDGE_CURVE('',#123220,#123130,#123200,.T.);
#123240=ORIENTED_EDGE('',*,*,#123230,.T.);
#123250=CARTESIAN_POINT('',(0.610000000000003,-1.38500000000002,-1.745))
;
#123260=DIRECTION('',(0.,0.,-1.));
#123270=DIRECTION('',(1.,1.22460635382238E-16,0.));
#123280=AXIS2_PLACEMENT_3D('',#123250,#123260,#123270);
#123290=CIRCLE('',#123280,0.0499999999999995);
#123300=CARTESIAN_POINT('',(0.609870584701063,-1.3350001674835,-1.745));
#123310=VERTEX_POINT('',#123300);
#123320=EDGE_CURVE('',#123310,#123220,#123290,.T.);
#123330=ORIENTED_EDGE('',*,*,#123320,.T.);
#123340=CARTESIAN_POINT('',(0.609870584701063,-1.3350001674835,-1.745));
#123350=DIRECTION('',(-1.,-1.22460635382238E-16,0.));
#123360=VECTOR('',#123350,1.);
#123370=LINE('',#123340,#123360);
#123380=EDGE_CURVE('',#123310,#122810,#123370,.T.);
#123390=ORIENTED_EDGE('',*,*,#123380,.F.);
#123400=ORIENTED_EDGE('',*,*,#122820,.F.);
#123410=ORIENTED_EDGE('',*,*,#26930,.T.);
#123420=EDGE_LOOP('',(#123410,#123400,#123390,#123330,#123240,#123150,
#123070));
#123430=FACE_OUTER_BOUND('',#123420,.T.);
#123440=ADVANCED_FACE('',(#123430),#122990,.T.);
#123450=CARTESIAN_POINT('',(0.555000000000002,-1.50000000000002,-1.625))
;
#123460=DIRECTION('',(-1.22460635382238E-16,1.,0.));
#123470=DIRECTION('',(1.,1.22460635382238E-16,0.));
#123480=AXIS2_PLACEMENT_3D('',#123450,#123460,#123470);
#123490=PLANE('',#123480);
#123500=ORIENTED_EDGE('',*,*,#122640,.T.);
#123510=CARTESIAN_POINT('',(0.555000000000002,-1.50000000000002,-1.625))
;
#123520=DIRECTION('',(0.,0.,1.));
#123530=VECTOR('',#123520,1.);
#123540=LINE('',#123510,#123530);
#123550=EDGE_CURVE('',#123050,#122570,#123540,.T.);
#123560=ORIENTED_EDGE('',*,*,#123550,.T.);
#123570=ORIENTED_EDGE('',*,*,#123060,.F.);
#123580=ORIENTED_EDGE('',*,*,#27150,.F.);
#123590=EDGE_LOOP('',(#123580,#123570,#123560,#123500));
#123600=FACE_OUTER_BOUND('',#123590,.T.);
#123610=ADVANCED_FACE('',(#123600),#123490,.F.);
#123620=CARTESIAN_POINT('',(0.555000000000002,-1.50000000000002,-1.625))
;
#123630=DIRECTION('',(0.681370152881139,-0.731939010275264,0.));
#123640=DIRECTION('',(0.731939010275264,0.681370152881139,0.));
#123650=AXIS2_PLACEMENT_3D('',#123620,#123630,#123640);
#123660=PLANE('',#123650);
#123670=CARTESIAN_POINT('',(0.644946914281611,-1.4162674186307,-1.625));
#123680=DIRECTION('',(0.,0.,-1.));
#123690=VECTOR('',#123680,1.);
#123700=LINE('',#123670,#123690);
#123710=EDGE_CURVE('',#122490,#123130,#123700,.T.);
#123720=ORIENTED_EDGE('',*,*,#123710,.F.);
#123730=ORIENTED_EDGE('',*,*,#123140,.T.);
#123740=ORIENTED_EDGE('',*,*,#123550,.F.);
#123750=ORIENTED_EDGE('',*,*,#122580,.F.);
#123760=EDGE_LOOP('',(#123750,#123740,#123730,#123720));
#123770=FACE_OUTER_BOUND('',#123760,.T.);
#123780=ADVANCED_FACE('',(#123770),#123660,.T.);
#123790=CARTESIAN_POINT('',(0.620000000000005,-1.38500000000002,-1.625))
;
#123800=DIRECTION('',(0.,0.,-1.));
#123810=DIRECTION('',(1.,1.22460635382238E-16,0.));
#123820=AXIS2_PLACEMENT_3D('',#123790,#123800,#123810);
#123830=CYLINDRICAL_SURFACE('',#123820,0.0399999999999978);
#123840=CARTESIAN_POINT('',(0.660000000000003,-1.38500000000002,-1.625))
;
#123850=DIRECTION('',(0.,0.,-1.));
#123860=VECTOR('',#123850,1.);
#123870=LINE('',#123840,#123860);
#123880=EDGE_CURVE('',#122400,#123220,#123870,.T.);
#123890=ORIENTED_EDGE('',*,*,#123880,.F.);
#123900=ORIENTED_EDGE('',*,*,#123230,.F.);
#123910=ORIENTED_EDGE('',*,*,#123710,.T.);
#123920=ORIENTED_EDGE('',*,*,#122500,.T.);
#123930=EDGE_LOOP('',(#123920,#123910,#123900,#123890));
#123940=FACE_OUTER_BOUND('',#123930,.T.);
#123950=ADVANCED_FACE('',(#123940),#123830,.T.);
#123960=CARTESIAN_POINT('',(0.610000000000003,-1.38500000000002,-1.625))
;
#123970=DIRECTION('',(0.,0.,-1.));
#123980=DIRECTION('',(1.,1.22460635382238E-16,0.));
#123990=AXIS2_PLACEMENT_3D('',#123960,#123970,#123980);
#124000=CYLINDRICAL_SURFACE('',#123990,0.0499999999999995);
#124010=CARTESIAN_POINT('',(0.609870584701063,-1.3350001674835,-1.625));
#124020=DIRECTION('',(0.,0.,-1.));
#124030=VECTOR('',#124020,1.);
#124040=LINE('',#124010,#124030);
#124050=EDGE_CURVE('',#122310,#123310,#124040,.T.);
#124060=ORIENTED_EDGE('',*,*,#124050,.F.);
#124070=ORIENTED_EDGE('',*,*,#123320,.F.);
#124080=ORIENTED_EDGE('',*,*,#123880,.T.);
#124090=ORIENTED_EDGE('',*,*,#122410,.T.);
#124100=EDGE_LOOP('',(#124090,#124080,#124070,#124060));
#124110=FACE_OUTER_BOUND('',#124100,.T.);
#124120=ADVANCED_FACE('',(#124110),#124000,.T.);
#124130=CARTESIAN_POINT('',(0.609870584701063,-1.3350001674835,-1.625));
#124140=DIRECTION('',(-1.22460635382238E-16,1.,0.));
#124150=DIRECTION('',(-1.,-1.22460635382238E-16,0.));
#124160=AXIS2_PLACEMENT_3D('',#124130,#124140,#124150);
#124170=PLANE('',#124160);
#124180=ORIENTED_EDGE('',*,*,#122880,.F.);
#124190=ORIENTED_EDGE('',*,*,#123380,.T.);
#124200=ORIENTED_EDGE('',*,*,#124050,.T.);
#124210=ORIENTED_EDGE('',*,*,#122320,.F.);
#124220=EDGE_LOOP('',(#124210,#124200,#124190,#124180));
#124230=FACE_OUTER_BOUND('',#124220,.T.);
#124240=ADVANCED_FACE('',(#124230),#124170,.T.);
#124250=CARTESIAN_POINT('',(-2.96101731916344,3.3223480408227,-1.745));
#124260=DIRECTION('',(0.,0.,-1.));
#124270=DIRECTION('',(1.,1.22460635382238E-16,0.));
#124280=AXIS2_PLACEMENT_3D('',#124250,#124260,#124270);
#124290=PLANE('',#124280);
#124300=CARTESIAN_POINT('',(1.32,1.68499999999999,-1.745));
#124310=DIRECTION('',(1.,1.22460635382238E-16,0.));
#124320=VECTOR('',#124310,1.);
#124330=LINE('',#124300,#124320);
#124340=CARTESIAN_POINT('',(1.45,1.68499999999999,-1.745));
#124350=VERTEX_POINT('',#124340);
#124360=EDGE_CURVE('',#31590,#124350,#124330,.T.);
#124370=ORIENTED_EDGE('',*,*,#124360,.F.);
#124380=CARTESIAN_POINT('',(1.45,1.73499999999999,-1.745));
#124390=DIRECTION('',(0.,0.,-1.));
#124400=DIRECTION('',(1.,1.22460635382238E-16,0.));
#124410=AXIS2_PLACEMENT_3D('',#124380,#124390,#124400);
#124420=CIRCLE('',#124410,0.0499999999999998);
#124430=CARTESIAN_POINT('',(1.49502394389423,1.75674498738121,-1.745));
#124440=VERTEX_POINT('',#124430);
#124450=EDGE_CURVE('',#124440,#124350,#124420,.T.);
#124460=ORIENTED_EDGE('',*,*,#124450,.T.);
#124470=CARTESIAN_POINT('',(1.49502394389423,1.75674498738121,-1.745));
#124480=DIRECTION('',(-0.434899747624548,0.900478877884487,0.));
#124490=VECTOR('',#124480,1.);
#124500=LINE('',#124470,#124490);
#124510=CARTESIAN_POINT('',(1.47497605610578,1.79825501261876,-1.745));
#124520=VERTEX_POINT('',#124510);
#124530=EDGE_CURVE('',#124440,#124520,#124500,.T.);
#124540=ORIENTED_EDGE('',*,*,#124530,.F.);
#124550=CARTESIAN_POINT('',(1.52,1.81999999999999,-1.745));
#124560=DIRECTION('',(0.,0.,-1.));
#124570=DIRECTION('',(1.,1.22460635382238E-16,0.));
#124580=AXIS2_PLACEMENT_3D('',#124550,#124560,#124570);
#124590=CIRCLE('',#124580,0.0500000000000009);
#124600=CARTESIAN_POINT('',(1.52,1.86999999999999,-1.745));
#124610=VERTEX_POINT('',#124600);
#124620=EDGE_CURVE('',#124520,#124610,#124590,.T.);
#124630=ORIENTED_EDGE('',*,*,#124620,.F.);
#124640=CARTESIAN_POINT('',(1.52,1.86999999999999,-1.745));
#124650=DIRECTION('',(1.,-6.40826303888332E-15,0.));
#124660=VECTOR('',#124650,1.);
#124670=LINE('',#124640,#124660);
#124680=CARTESIAN_POINT('',(1.69000000000001,1.86999999999999,-1.745));
#124690=VERTEX_POINT('',#124680);
#124700=EDGE_CURVE('',#124610,#124690,#124670,.T.);
#124710=ORIENTED_EDGE('',*,*,#124700,.F.);
#124720=CARTESIAN_POINT('',(1.69000000000001,1.86999999999999,-1.745));
#124730=DIRECTION('',(-1.22460635382238E-16,1.,0.));
#124740=VECTOR('',#124730,1.);
#124750=LINE('',#124720,#124740);
#124760=CARTESIAN_POINT('',(1.69000000000001,1.94999999999999,-1.745));
#124770=VERTEX_POINT('',#124760);
#124780=EDGE_CURVE('',#124690,#124770,#124750,.T.);
#124790=ORIENTED_EDGE('',*,*,#124780,.F.);
#124800=CARTESIAN_POINT('',(1.64,1.94999999999999,-1.745));
#124810=DIRECTION('',(0.,0.,-1.));
#124820=DIRECTION('',(1.,1.22460635382238E-16,0.));
#124830=AXIS2_PLACEMENT_3D('',#124800,#124810,#124820);
#124840=CIRCLE('',#124830,0.05);
#124850=CARTESIAN_POINT('',(1.64,1.99999999999999,-1.745));
#124860=VERTEX_POINT('',#124850);
#124870=EDGE_CURVE('',#124860,#124770,#124840,.T.);
#124880=ORIENTED_EDGE('',*,*,#124870,.T.);
#124890=CARTESIAN_POINT('',(1.64,1.99999999999999,-1.745));
#124900=DIRECTION('',(-1.,-1.22460635382238E-16,0.));
#124910=VECTOR('',#124900,1.);
#124920=LINE('',#124890,#124910);
#124930=CARTESIAN_POINT('',(1.39,1.99999999999999,-1.745));
#124940=VERTEX_POINT('',#124930);
#124950=EDGE_CURVE('',#124860,#124940,#124920,.T.);
#124960=ORIENTED_EDGE('',*,*,#124950,.F.);
#124970=CARTESIAN_POINT('',(1.39,1.99999999999999,-1.745));
#124980=DIRECTION('',(-0.719844295420684,-0.694135570584234,0.));
#124990=VECTOR('',#124980,1.);
#125000=LINE('',#124970,#124990);
#125010=EDGE_CURVE('',#124940,#31430,#125000,.T.);
#125020=ORIENTED_EDGE('',*,*,#125010,.F.);
#125030=ORIENTED_EDGE('',*,*,#31660,.F.);
#125040=EDGE_LOOP('',(#125030,#125020,#124960,#124880,#124790,#124710,
#124630,#124540,#124460,#124370));
#125050=FACE_OUTER_BOUND('',#125040,.T.);
#125060=ADVANCED_FACE('',(#125050),#124290,.T.);
#125070=CARTESIAN_POINT('',(1.39,1.99999999999999,-1.625));
#125080=DIRECTION('',(-0.694135570584234,0.719844295420684,0.));
#125090=DIRECTION('',(-0.719844295420684,-0.694135570584234,0.));
#125100=AXIS2_PLACEMENT_3D('',#125070,#125080,#125090);
#125110=PLANE('',#125100);
#125120=ORIENTED_EDGE('',*,*,#125010,.T.);
#125130=CARTESIAN_POINT('',(1.39,1.99999999999999,-1.625));
#125140=DIRECTION('',(0.,0.,-1.));
#125150=VECTOR('',#125140,1.);
#125160=LINE('',#125130,#125150);
#125170=CARTESIAN_POINT('',(1.39,1.99999999999999,-1.625));
#125180=VERTEX_POINT('',#125170);
#125190=EDGE_CURVE('',#125180,#124940,#125160,.T.);
#125200=ORIENTED_EDGE('',*,*,#125190,.T.);
#125210=CARTESIAN_POINT('',(1.39,1.99999999999999,-1.625));
#125220=DIRECTION('',(-0.719844295420684,-0.694135570584234,0.));
#125230=VECTOR('',#125220,1.);
#125240=LINE('',#125210,#125230);
#125250=EDGE_CURVE('',#125180,#31410,#125240,.T.);
#125260=ORIENTED_EDGE('',*,*,#125250,.F.);
#125270=ORIENTED_EDGE('',*,*,#31440,.F.);
#125280=EDGE_LOOP('',(#125270,#125260,#125200,#125120));
#125290=FACE_OUTER_BOUND('',#125280,.T.);
#125300=ADVANCED_FACE('',(#125290),#125110,.T.);
#125310=CARTESIAN_POINT('',(-2.96101731916344,3.3223480408227,-1.625));
#125320=DIRECTION('',(0.,0.,-1.));
#125330=DIRECTION('',(1.,1.22460635382238E-16,0.));
#125340=AXIS2_PLACEMENT_3D('',#125310,#125320,#125330);
#125350=PLANE('',#125340);
#125360=ORIENTED_EDGE('',*,*,#125250,.T.);
#125370=CARTESIAN_POINT('',(1.64,1.99999999999999,-1.625));
#125380=DIRECTION('',(-1.,-1.22460635382238E-16,0.));
#125390=VECTOR('',#125380,1.);
#125400=LINE('',#125370,#125390);
#125410=CARTESIAN_POINT('',(1.64,1.99999999999999,-1.625));
#125420=VERTEX_POINT('',#125410);
#125430=EDGE_CURVE('',#125420,#125180,#125400,.T.);
#125440=ORIENTED_EDGE('',*,*,#125430,.T.);
#125450=CARTESIAN_POINT('',(1.64,1.94999999999999,-1.625));
#125460=DIRECTION('',(0.,0.,-1.));
#125470=DIRECTION('',(1.,1.22460635382238E-16,0.));
#125480=AXIS2_PLACEMENT_3D('',#125450,#125460,#125470);
#125490=CIRCLE('',#125480,0.05);
#125500=CARTESIAN_POINT('',(1.69000000000001,1.94999999999999,-1.625));
#125510=VERTEX_POINT('',#125500);
#125520=EDGE_CURVE('',#125420,#125510,#125490,.T.);
#125530=ORIENTED_EDGE('',*,*,#125520,.F.);
#125540=CARTESIAN_POINT('',(1.69000000000001,1.86999999999999,-1.625));
#125550=DIRECTION('',(-1.22460635382238E-16,1.,0.));
#125560=VECTOR('',#125550,1.);
#125570=LINE('',#125540,#125560);
#125580=CARTESIAN_POINT('',(1.69000000000001,1.86999999999999,-1.625));
#125590=VERTEX_POINT('',#125580);
#125600=EDGE_CURVE('',#125590,#125510,#125570,.T.);
#125610=ORIENTED_EDGE('',*,*,#125600,.T.);
#125620=CARTESIAN_POINT('',(1.52,1.86999999999999,-1.625));
#125630=DIRECTION('',(1.,-6.40826303888332E-15,0.));
#125640=VECTOR('',#125630,1.);
#125650=LINE('',#125620,#125640);
#125660=CARTESIAN_POINT('',(1.52,1.86999999999999,-1.625));
#125670=VERTEX_POINT('',#125660);
#125680=EDGE_CURVE('',#125670,#125590,#125650,.T.);
#125690=ORIENTED_EDGE('',*,*,#125680,.T.);
#125700=CARTESIAN_POINT('',(1.52,1.81999999999999,-1.625));
#125710=DIRECTION('',(0.,0.,-1.));
#125720=DIRECTION('',(1.,1.22460635382238E-16,0.));
#125730=AXIS2_PLACEMENT_3D('',#125700,#125710,#125720);
#125740=CIRCLE('',#125730,0.0500000000000009);
#125750=CARTESIAN_POINT('',(1.47497605610578,1.79825501261876,-1.625));
#125760=VERTEX_POINT('',#125750);
#125770=EDGE_CURVE('',#125760,#125670,#125740,.T.);
#125780=ORIENTED_EDGE('',*,*,#125770,.T.);
#125790=CARTESIAN_POINT('',(1.49502394389423,1.75674498738121,-1.625));
#125800=DIRECTION('',(-0.434899747624548,0.900478877884487,0.));
#125810=VECTOR('',#125800,1.);
#125820=LINE('',#125790,#125810);
#125830=CARTESIAN_POINT('',(1.49502394389423,1.75674498738121,-1.625));
#125840=VERTEX_POINT('',#125830);
#125850=EDGE_CURVE('',#125840,#125760,#125820,.T.);
#125860=ORIENTED_EDGE('',*,*,#125850,.T.);
#125870=CARTESIAN_POINT('',(1.45,1.73499999999999,-1.625));
#125880=DIRECTION('',(0.,0.,-1.));
#125890=DIRECTION('',(1.,1.22460635382238E-16,0.));
#125900=AXIS2_PLACEMENT_3D('',#125870,#125880,#125890);
#125910=CIRCLE('',#125900,0.0499999999999998);
#125920=CARTESIAN_POINT('',(1.45,1.68499999999999,-1.625));
#125930=VERTEX_POINT('',#125920);
#125940=EDGE_CURVE('',#125840,#125930,#125910,.T.);
#125950=ORIENTED_EDGE('',*,*,#125940,.F.);
#125960=CARTESIAN_POINT('',(1.32,1.68499999999999,-1.625));
#125970=DIRECTION('',(1.,1.22460635382238E-16,0.));
#125980=VECTOR('',#125970,1.);
#125990=LINE('',#125960,#125980);
#126000=EDGE_CURVE('',#31510,#125930,#125990,.T.);
#126010=ORIENTED_EDGE('',*,*,#126000,.T.);
#126020=ORIENTED_EDGE('',*,*,#31520,.T.);
#126030=EDGE_LOOP('',(#126020,#126010,#125950,#125860,#125780,#125690,
#125610,#125530,#125440,#125360));
#126040=FACE_OUTER_BOUND('',#126030,.T.);
#126050=ADVANCED_FACE('',(#126040),#125350,.F.);
#126060=CARTESIAN_POINT('',(1.32,1.68499999999999,-1.625));
#126070=DIRECTION('',(1.22460635382238E-16,-1.,0.));
#126080=DIRECTION('',(1.,1.22460635382238E-16,0.));
#126090=AXIS2_PLACEMENT_3D('',#126060,#126070,#126080);
#126100=PLANE('',#126090);
#126110=CARTESIAN_POINT('',(1.45,1.68499999999999,-1.625));
#126120=DIRECTION('',(0.,0.,-1.));
#126130=VECTOR('',#126120,1.);
#126140=LINE('',#126110,#126130);
#126150=EDGE_CURVE('',#125930,#124350,#126140,.T.);
#126160=ORIENTED_EDGE('',*,*,#126150,.F.);
#126170=ORIENTED_EDGE('',*,*,#124360,.T.);
#126180=ORIENTED_EDGE('',*,*,#31600,.F.);
#126190=ORIENTED_EDGE('',*,*,#126000,.F.);
#126200=EDGE_LOOP('',(#126190,#126180,#126170,#126160));
#126210=FACE_OUTER_BOUND('',#126200,.T.);
#126220=ADVANCED_FACE('',(#126210),#126100,.T.);
#126230=CARTESIAN_POINT('',(1.45,1.73499999999999,-1.625));
#126240=DIRECTION('',(0.,0.,-1.));
#126250=DIRECTION('',(1.,1.22460635382238E-16,0.));
#126260=AXIS2_PLACEMENT_3D('',#126230,#126240,#126250);
#126270=CYLINDRICAL_SURFACE('',#126260,0.0499999999999998);
#126280=CARTESIAN_POINT('',(1.49502394389423,1.75674498738121,-1.625));
#126290=DIRECTION('',(0.,0.,-1.));
#126300=VECTOR('',#126290,1.);
#126310=LINE('',#126280,#126300);
#126320=EDGE_CURVE('',#125840,#124440,#126310,.T.);
#126330=ORIENTED_EDGE('',*,*,#126320,.F.);
#126340=ORIENTED_EDGE('',*,*,#124450,.F.);
#126350=ORIENTED_EDGE('',*,*,#126150,.T.);
#126360=ORIENTED_EDGE('',*,*,#125940,.T.);
#126370=EDGE_LOOP('',(#126360,#126350,#126340,#126330));
#126380=FACE_OUTER_BOUND('',#126370,.T.);
#126390=ADVANCED_FACE('',(#126380),#126270,.T.);
#126400=CARTESIAN_POINT('',(1.49502394389423,1.75674498738121,-1.625));
#126410=DIRECTION('',(0.900478877884487,0.434899747624548,-0.));
#126420=DIRECTION('',(-0.434899747624548,0.900478877884487,0.));
#126430=AXIS2_PLACEMENT_3D('',#126400,#126410,#126420);
#126440=PLANE('',#126430);
#126450=CARTESIAN_POINT('',(1.47497605610578,1.79825501261876,-1.625));
#126460=DIRECTION('',(0.,0.,-1.));
#126470=VECTOR('',#126460,1.);
#126480=LINE('',#126450,#126470);
#126490=EDGE_CURVE('',#125760,#124520,#126480,.T.);
#126500=ORIENTED_EDGE('',*,*,#126490,.F.);
#126510=ORIENTED_EDGE('',*,*,#124530,.T.);
#126520=ORIENTED_EDGE('',*,*,#126320,.T.);
#126530=ORIENTED_EDGE('',*,*,#125850,.F.);
#126540=EDGE_LOOP('',(#126530,#126520,#126510,#126500));
#126550=FACE_OUTER_BOUND('',#126540,.T.);
#126560=ADVANCED_FACE('',(#126550),#126440,.T.);
#126570=CARTESIAN_POINT('',(1.52,1.81999999999999,-1.625));
#126580=DIRECTION('',(0.,0.,-1.));
#126590=DIRECTION('',(1.,1.22460635382238E-16,0.));
#126600=AXIS2_PLACEMENT_3D('',#126570,#126580,#126590);
#126610=CYLINDRICAL_SURFACE('',#126600,0.0500000000000009);
#126620=CARTESIAN_POINT('',(1.52,1.86999999999999,-1.625));
#126630=DIRECTION('',(0.,0.,-1.));
#126640=VECTOR('',#126630,1.);
#126650=LINE('',#126620,#126640);
#126660=EDGE_CURVE('',#125670,#124610,#126650,.T.);
#126670=ORIENTED_EDGE('',*,*,#126660,.F.);
#126680=ORIENTED_EDGE('',*,*,#124620,.T.);
#126690=ORIENTED_EDGE('',*,*,#126490,.T.);
#126700=ORIENTED_EDGE('',*,*,#125770,.F.);
#126710=EDGE_LOOP('',(#126700,#126690,#126680,#126670));
#126720=FACE_OUTER_BOUND('',#126710,.T.);
#126730=ADVANCED_FACE('',(#126720),#126610,.F.);
#126740=CARTESIAN_POINT('',(1.52,1.86999999999999,-1.625));
#126750=DIRECTION('',(-6.40826303888332E-15,-1.,0.));
#126760=DIRECTION('',(1.,-6.40826303888332E-15,0.));
#126770=AXIS2_PLACEMENT_3D('',#126740,#126750,#126760);
#126780=PLANE('',#126770);
#126790=CARTESIAN_POINT('',(1.69000000000001,1.86999999999999,-1.625));
#126800=DIRECTION('',(0.,0.,-1.));
#126810=VECTOR('',#126800,1.);
#126820=LINE('',#126790,#126810);
#126830=EDGE_CURVE('',#125590,#124690,#126820,.T.);
#126840=ORIENTED_EDGE('',*,*,#126830,.F.);
#126850=ORIENTED_EDGE('',*,*,#124700,.T.);
#126860=ORIENTED_EDGE('',*,*,#126660,.T.);
#126870=ORIENTED_EDGE('',*,*,#125680,.F.);
#126880=EDGE_LOOP('',(#126870,#126860,#126850,#126840));
#126890=FACE_OUTER_BOUND('',#126880,.T.);
#126900=ADVANCED_FACE('',(#126890),#126780,.T.);
#126910=CARTESIAN_POINT('',(1.69000000000001,1.86999999999999,-1.625));
#126920=DIRECTION('',(1.,1.22460635382238E-16,-0.));
#126930=DIRECTION('',(-1.22460635382238E-16,1.,0.));
#126940=AXIS2_PLACEMENT_3D('',#126910,#126920,#126930);
#126950=PLANE('',#126940);
#126960=CARTESIAN_POINT('',(1.69,1.94999999999999,-1.625));
#126970=DIRECTION('',(0.,0.,-1.));
#126980=VECTOR('',#126970,1.);
#126990=LINE('',#126960,#126980);
#127000=EDGE_CURVE('',#125510,#124770,#126990,.T.);
#127010=ORIENTED_EDGE('',*,*,#127000,.F.);
#127020=ORIENTED_EDGE('',*,*,#124780,.T.);
#127030=ORIENTED_EDGE('',*,*,#126830,.T.);
#127040=ORIENTED_EDGE('',*,*,#125600,.F.);
#127050=EDGE_LOOP('',(#127040,#127030,#127020,#127010));
#127060=FACE_OUTER_BOUND('',#127050,.T.);
#127070=ADVANCED_FACE('',(#127060),#126950,.T.);
#127080=CARTESIAN_POINT('',(1.64,1.94999999999999,-1.625));
#127090=DIRECTION('',(0.,0.,-1.));
#127100=DIRECTION('',(1.,1.22460635382238E-16,0.));
#127110=AXIS2_PLACEMENT_3D('',#127080,#127090,#127100);
#127120=CYLINDRICAL_SURFACE('',#127110,0.05);
#127130=CARTESIAN_POINT('',(1.64,1.99999999999999,-1.625));
#127140=DIRECTION('',(0.,0.,-1.));
#127150=VECTOR('',#127140,1.);
#127160=LINE('',#127130,#127150);
#127170=EDGE_CURVE('',#125420,#124860,#127160,.T.);
#127180=ORIENTED_EDGE('',*,*,#127170,.F.);
#127190=ORIENTED_EDGE('',*,*,#124870,.F.);
#127200=ORIENTED_EDGE('',*,*,#127000,.T.);
#127210=ORIENTED_EDGE('',*,*,#125520,.T.);
#127220=EDGE_LOOP('',(#127210,#127200,#127190,#127180));
#127230=FACE_OUTER_BOUND('',#127220,.T.);
#127240=ADVANCED_FACE('',(#127230),#127120,.T.);
#127250=CARTESIAN_POINT('',(1.64,1.99999999999999,-1.625));
#127260=DIRECTION('',(-1.22460635382238E-16,1.,0.));
#127270=DIRECTION('',(-1.,-1.22460635382238E-16,0.));
#127280=AXIS2_PLACEMENT_3D('',#127250,#127260,#127270);
#127290=PLANE('',#127280);
#127300=ORIENTED_EDGE('',*,*,#125190,.F.);
#127310=ORIENTED_EDGE('',*,*,#124950,.T.);
#127320=ORIENTED_EDGE('',*,*,#127170,.T.);
#127330=ORIENTED_EDGE('',*,*,#125430,.F.);
#127340=EDGE_LOOP('',(#127330,#127320,#127310,#127300));
#127350=FACE_OUTER_BOUND('',#127340,.T.);
#127360=ADVANCED_FACE('',(#127350),#127290,.T.);
#127370=CARTESIAN_POINT('',(-2.96101731916344,2.8223480408227,-2.945));
#127380=DIRECTION('',(0.,0.,-1.));
#127390=DIRECTION('',(1.,1.22460635382238E-16,0.));
#127400=AXIS2_PLACEMENT_3D('',#127370,#127380,#127390);
#127410=PLANE('',#127400);
#127420=CARTESIAN_POINT('',(0.555000000000002,-1.50000000000002,-2.945))
;
#127430=DIRECTION('',(-1.,-1.22460635382238E-16,0.));
#127440=VECTOR('',#127430,1.);
#127450=LINE('',#127420,#127440);
#127460=CARTESIAN_POINT('',(0.555000000000003,-1.50000000000002,-2.945))
;
#127470=VERTEX_POINT('',#127460);
#127480=EDGE_CURVE('',#127470,#27240,#127450,.T.);
#127490=ORIENTED_EDGE('',*,*,#127480,.T.);
#127500=CARTESIAN_POINT('',(0.555000000000002,-1.50000000000002,-2.945))
;
#127510=DIRECTION('',(0.731939010275264,0.681370152881139,0.));
#127520=VECTOR('',#127510,1.);
#127530=LINE('',#127500,#127520);
#127540=CARTESIAN_POINT('',(0.644946914281611,-1.4162674186307,-2.945));
#127550=VERTEX_POINT('',#127540);
#127560=EDGE_CURVE('',#127470,#127550,#127530,.T.);
#127570=ORIENTED_EDGE('',*,*,#127560,.F.);
#127580=CARTESIAN_POINT('',(0.620000000000005,-1.38500000000002,-2.945))
;
#127590=DIRECTION('',(0.,0.,-1.));
#127600=DIRECTION('',(1.,1.22460635382238E-16,0.));
#127610=AXIS2_PLACEMENT_3D('',#127580,#127590,#127600);
#127620=CIRCLE('',#127610,0.0399999999999978);
#127630=CARTESIAN_POINT('',(0.660000000000003,-1.38500000000002,-2.945))
;
#127640=VERTEX_POINT('',#127630);
#127650=EDGE_CURVE('',#127640,#127550,#127620,.T.);
#127660=ORIENTED_EDGE('',*,*,#127650,.T.);
#127670=CARTESIAN_POINT('',(0.610000000000003,-1.38500000000002,-2.945))
;
#127680=DIRECTION('',(0.,0.,-1.));
#127690=DIRECTION('',(1.,1.22460635382238E-16,0.));
#127700=AXIS2_PLACEMENT_3D('',#127670,#127680,#127690);
#127710=CIRCLE('',#127700,0.0499999999999995);
#127720=CARTESIAN_POINT('',(0.609870584701063,-1.3350001674835,-2.945));
#127730=VERTEX_POINT('',#127720);
#127740=EDGE_CURVE('',#127730,#127640,#127710,.T.);
#127750=ORIENTED_EDGE('',*,*,#127740,.T.);
#127760=CARTESIAN_POINT('',(0.609870584701063,-1.3350001674835,-2.945));
#127770=DIRECTION('',(-1.,-1.22460635382238E-16,0.));
#127780=VECTOR('',#127770,1.);
#127790=LINE('',#127760,#127780);
#127800=CARTESIAN_POINT('',(0.598843446820732,-1.3350001674835,-2.945));
#127810=VERTEX_POINT('',#127800);
#127820=EDGE_CURVE('',#127730,#127810,#127790,.T.);
#127830=ORIENTED_EDGE('',*,*,#127820,.F.);
#127840=CARTESIAN_POINT('',(0.598843446820732,-1.2350001674835,-2.945));
#127850=DIRECTION('',(0.,0.,-1.));
#127860=DIRECTION('',(1.,1.22460635382238E-16,0.));
#127870=AXIS2_PLACEMENT_3D('',#127840,#127850,#127860);
#127880=CIRCLE('',#127870,0.0999999999999996);
#127890=EDGE_CURVE('',#127810,#27340,#127880,.T.);
#127900=ORIENTED_EDGE('',*,*,#127890,.F.);
#127910=ORIENTED_EDGE('',*,*,#27350,.T.);
#127920=EDGE_LOOP('',(#127910,#127900,#127830,#127750,#127660,#127570,
#127490));
#127930=FACE_OUTER_BOUND('',#127920,.T.);
#127940=ADVANCED_FACE('',(#127930),#127410,.T.);
#127950=CARTESIAN_POINT('',(0.555000000000002,-1.50000000000002,-2.825))
;
#127960=DIRECTION('',(0.681370152881139,-0.731939010275264,0.));
#127970=DIRECTION('',(0.731939010275264,0.681370152881139,0.));
#127980=AXIS2_PLACEMENT_3D('',#127950,#127960,#127970);
#127990=PLANE('',#127980);
#128000=CARTESIAN_POINT('',(0.644946914281611,-1.4162674186307,-2.825));
#128010=DIRECTION('',(0.,0.,-1.));
#128020=VECTOR('',#128010,1.);
#128030=LINE('',#128000,#128020);
#128040=CARTESIAN_POINT('',(0.644946914281611,-1.4162674186307,-2.825));
#128050=VERTEX_POINT('',#128040);
#128060=EDGE_CURVE('',#128050,#127550,#128030,.T.);
#128070=ORIENTED_EDGE('',*,*,#128060,.F.);
#128080=ORIENTED_EDGE('',*,*,#127560,.T.);
#128090=CARTESIAN_POINT('',(0.555000000000002,-1.50000000000002,-2.825))
;
#128100=DIRECTION('',(0.,0.,1.));
#128110=VECTOR('',#128100,1.);
#128120=LINE('',#128090,#128110);
#128130=CARTESIAN_POINT('',(0.555000000000003,-1.50000000000002,-2.825))
;
#128140=VERTEX_POINT('',#128130);
#128150=EDGE_CURVE('',#127470,#128140,#128120,.T.);
#128160=ORIENTED_EDGE('',*,*,#128150,.F.);
#128170=CARTESIAN_POINT('',(0.555000000000002,-1.50000000000002,-2.825))
;
#128180=DIRECTION('',(0.731939010275264,0.681370152881139,0.));
#128190=VECTOR('',#128180,1.);
#128200=LINE('',#128170,#128190);
#128210=EDGE_CURVE('',#128140,#128050,#128200,.T.);
#128220=ORIENTED_EDGE('',*,*,#128210,.F.);
#128230=EDGE_LOOP('',(#128220,#128160,#128080,#128070));
#128240=FACE_OUTER_BOUND('',#128230,.T.);
#128250=ADVANCED_FACE('',(#128240),#127990,.T.);
#128260=CARTESIAN_POINT('',(0.620000000000005,-1.38500000000002,-2.825))
;
#128270=DIRECTION('',(0.,0.,-1.));
#128280=DIRECTION('',(1.,1.22460635382238E-16,0.));
#128290=AXIS2_PLACEMENT_3D('',#128260,#128270,#128280);
#128300=CYLINDRICAL_SURFACE('',#128290,0.0399999999999978);
#128310=CARTESIAN_POINT('',(0.660000000000003,-1.38500000000002,-2.825))
;
#128320=DIRECTION('',(0.,0.,-1.));
#128330=VECTOR('',#128320,1.);
#128340=LINE('',#128310,#128330);
#128350=CARTESIAN_POINT('',(0.660000000000003,-1.38500000000002,-2.825))
;
#128360=VERTEX_POINT('',#128350);
#128370=EDGE_CURVE('',#128360,#127640,#128340,.T.);
#128380=ORIENTED_EDGE('',*,*,#128370,.F.);
#128390=ORIENTED_EDGE('',*,*,#127650,.F.);
#128400=ORIENTED_EDGE('',*,*,#128060,.T.);
#128410=CARTESIAN_POINT('',(0.620000000000005,-1.38500000000002,-2.825))
;
#128420=DIRECTION('',(0.,0.,-1.));
#128430=DIRECTION('',(1.,1.22460635382238E-16,0.));
#128440=AXIS2_PLACEMENT_3D('',#128410,#128420,#128430);
#128450=CIRCLE('',#128440,0.0399999999999978);
#128460=EDGE_CURVE('',#128360,#128050,#128450,.T.);
#128470=ORIENTED_EDGE('',*,*,#128460,.T.);
#128480=EDGE_LOOP('',(#128470,#128400,#128390,#128380));
#128490=FACE_OUTER_BOUND('',#128480,.T.);
#128500=ADVANCED_FACE('',(#128490),#128300,.T.);
#128510=CARTESIAN_POINT('',(0.610000000000003,-1.38500000000002,-2.825))
;
#128520=DIRECTION('',(0.,0.,-1.));
#128530=DIRECTION('',(1.,1.22460635382238E-16,0.));
#128540=AXIS2_PLACEMENT_3D('',#128510,#128520,#128530);
#128550=CYLINDRICAL_SURFACE('',#128540,0.0499999999999995);
#128560=CARTESIAN_POINT('',(0.609870584701063,-1.3350001674835,-2.825));
#128570=DIRECTION('',(0.,0.,-1.));
#128580=VECTOR('',#128570,1.);
#128590=LINE('',#128560,#128580);
#128600=CARTESIAN_POINT('',(0.609870584701063,-1.3350001674835,-2.825));
#128610=VERTEX_POINT('',#128600);
#128620=EDGE_CURVE('',#128610,#127730,#128590,.T.);
#128630=ORIENTED_EDGE('',*,*,#128620,.F.);
#128640=ORIENTED_EDGE('',*,*,#127740,.F.);
#128650=ORIENTED_EDGE('',*,*,#128370,.T.);
#128660=CARTESIAN_POINT('',(0.610000000000003,-1.38500000000002,-2.825))
;
#128670=DIRECTION('',(0.,0.,-1.));
#128680=DIRECTION('',(1.,1.22460635382238E-16,0.));
#128690=AXIS2_PLACEMENT_3D('',#128660,#128670,#128680);
#128700=CIRCLE('',#128690,0.0499999999999995);
#128710=EDGE_CURVE('',#128610,#128360,#128700,.T.);
#128720=ORIENTED_EDGE('',*,*,#128710,.T.);
#128730=EDGE_LOOP('',(#128720,#128650,#128640,#128630));
#128740=FACE_OUTER_BOUND('',#128730,.T.);
#128750=ADVANCED_FACE('',(#128740),#128550,.T.);
#128760=CARTESIAN_POINT('',(0.609870584701063,-1.3350001674835,-2.825));
#128770=DIRECTION('',(-1.22460635382238E-16,1.,0.));
#128780=DIRECTION('',(-1.,-1.22460635382238E-16,0.));
#128790=AXIS2_PLACEMENT_3D('',#128760,#128770,#128780);
#128800=PLANE('',#128790);
#128810=CARTESIAN_POINT('',(0.598843446820732,-1.3350001674835,-2.825));
#128820=DIRECTION('',(0.,0.,-1.));
#128830=VECTOR('',#128820,1.);
#128840=LINE('',#128810,#128830);
#128850=CARTESIAN_POINT('',(0.598843446820732,-1.3350001674835,-2.825));
#128860=VERTEX_POINT('',#128850);
#128870=EDGE_CURVE('',#128860,#127810,#128840,.T.);
#128880=ORIENTED_EDGE('',*,*,#128870,.F.);
#128890=ORIENTED_EDGE('',*,*,#127820,.T.);
#128900=ORIENTED_EDGE('',*,*,#128620,.T.);
#128910=CARTESIAN_POINT('',(0.609870584701063,-1.3350001674835,-2.825));
#128920=DIRECTION('',(-1.,-1.22460635382238E-16,0.));
#128930=VECTOR('',#128920,1.);
#128940=LINE('',#128910,#128930);
#128950=EDGE_CURVE('',#128610,#128860,#128940,.T.);
#128960=ORIENTED_EDGE('',*,*,#128950,.F.);
#128970=EDGE_LOOP('',(#128960,#128900,#128890,#128880));
#128980=FACE_OUTER_BOUND('',#128970,.T.);
#128990=ADVANCED_FACE('',(#128980),#128800,.T.);
#129000=CARTESIAN_POINT('',(0.598843446820732,-1.2350001674835,-2.825));
#129010=DIRECTION('',(0.,0.,-1.));
#129020=DIRECTION('',(1.,1.22460635382238E-16,0.));
#129030=AXIS2_PLACEMENT_3D('',#129000,#129010,#129020);
#129040=CYLINDRICAL_SURFACE('',#129030,0.0999999999999996);
#129050=ORIENTED_EDGE('',*,*,#127890,.T.);
#129060=ORIENTED_EDGE('',*,*,#128870,.T.);
#129070=CARTESIAN_POINT('',(0.598843446820732,-1.2350001674835,-2.825));
#129080=DIRECTION('',(0.,0.,-1.));
#129090=DIRECTION('',(1.,1.22460635382238E-16,0.));
#129100=AXIS2_PLACEMENT_3D('',#129070,#129080,#129090);
#129110=CIRCLE('',#129100,0.0999999999999996);
#129120=EDGE_CURVE('',#128860,#27420,#129110,.T.);
#129130=ORIENTED_EDGE('',*,*,#129120,.F.);
#129140=ORIENTED_EDGE('',*,*,#27430,.F.);
#129150=EDGE_LOOP('',(#129140,#129130,#129060,#129050));
#129160=FACE_OUTER_BOUND('',#129150,.T.);
#129170=ADVANCED_FACE('',(#129160),#129040,.F.);
#129180=CARTESIAN_POINT('',(0.555000000000002,-1.50000000000002,-2.825))
;
#129190=DIRECTION('',(-1.22460635382238E-16,1.,0.));
#129200=DIRECTION('',(1.,1.22460635382238E-16,0.));
#129210=AXIS2_PLACEMENT_3D('',#129180,#129190,#129200);
#129220=PLANE('',#129210);
#129230=CARTESIAN_POINT('',(0.555000000000002,-1.50000000000002,-2.825))
;
#129240=DIRECTION('',(-1.,-1.22460635382238E-16,0.));
#129250=VECTOR('',#129240,1.);
#129260=LINE('',#129230,#129250);
#129270=EDGE_CURVE('',#128140,#27260,#129260,.T.);
#129280=ORIENTED_EDGE('',*,*,#129270,.T.);
#129290=ORIENTED_EDGE('',*,*,#128150,.T.);
#129300=ORIENTED_EDGE('',*,*,#127480,.F.);
#129310=ORIENTED_EDGE('',*,*,#27270,.F.);
#129320=EDGE_LOOP('',(#129310,#129300,#129290,#129280));
#129330=FACE_OUTER_BOUND('',#129320,.T.);
#129340=ADVANCED_FACE('',(#129330),#129220,.F.);
#129350=CARTESIAN_POINT('',(-2.96101731916344,2.8223480408227,-2.825));
#129360=DIRECTION('',(0.,0.,-1.));
#129370=DIRECTION('',(1.,1.22460635382238E-16,0.));
#129380=AXIS2_PLACEMENT_3D('',#129350,#129360,#129370);
#129390=PLANE('',#129380);
#129400=ORIENTED_EDGE('',*,*,#129120,.T.);
#129410=ORIENTED_EDGE('',*,*,#128950,.T.);
#129420=ORIENTED_EDGE('',*,*,#128710,.F.);
#129430=ORIENTED_EDGE('',*,*,#128460,.F.);
#129440=ORIENTED_EDGE('',*,*,#128210,.T.);
#129450=ORIENTED_EDGE('',*,*,#129270,.F.);
#129460=ORIENTED_EDGE('',*,*,#27490,.F.);
#129470=EDGE_LOOP('',(#129460,#129450,#129440,#129430,#129420,#129410,
#129400));
#129480=FACE_OUTER_BOUND('',#129470,.T.);
#129490=ADVANCED_FACE('',(#129480),#129390,.F.);
#129500=CARTESIAN_POINT('',(-2.96101731916344,3.3223480408227,-2.825));
#129510=DIRECTION('',(0.,0.,-1.));
#129520=DIRECTION('',(1.,1.22460635382238E-16,0.));
#129530=AXIS2_PLACEMENT_3D('',#129500,#129510,#129520);
#129540=PLANE('',#129530);
#129550=CARTESIAN_POINT('',(1.39,1.99999999999999,-2.825));
#129560=DIRECTION('',(-0.719844295420684,-0.694135570584234,0.));
#129570=VECTOR('',#129560,1.);
#129580=LINE('',#129550,#129570);
#129590=CARTESIAN_POINT('',(1.39,1.99999999999999,-2.825));
#129600=VERTEX_POINT('',#129590);
#129610=EDGE_CURVE('',#129600,#31930,#129580,.T.);
#129620=ORIENTED_EDGE('',*,*,#129610,.T.);
#129630=CARTESIAN_POINT('',(1.64,1.99999999999999,-2.825));
#129640=DIRECTION('',(-1.,-1.22460635382238E-16,0.));
#129650=VECTOR('',#129640,1.);
#129660=LINE('',#129630,#129650);
#129670=CARTESIAN_POINT('',(1.64,1.99999999999999,-2.825));
#129680=VERTEX_POINT('',#129670);
#129690=EDGE_CURVE('',#129680,#129600,#129660,.T.);
#129700=ORIENTED_EDGE('',*,*,#129690,.T.);
#129710=CARTESIAN_POINT('',(1.64,1.94999999999999,-2.825));
#129720=DIRECTION('',(0.,0.,-1.));
#129730=DIRECTION('',(1.,1.22460635382238E-16,0.));
#129740=AXIS2_PLACEMENT_3D('',#129710,#129720,#129730);
#129750=CIRCLE('',#129740,0.05);
#129760=CARTESIAN_POINT('',(1.69,1.94999999999999,-2.825));
#129770=VERTEX_POINT('',#129760);
#129780=EDGE_CURVE('',#129680,#129770,#129750,.T.);
#129790=ORIENTED_EDGE('',*,*,#129780,.F.);
#129800=CARTESIAN_POINT('',(1.69000000000001,1.86999999999999,-2.825));
#129810=DIRECTION('',(-1.22460635382238E-16,1.,0.));
#129820=VECTOR('',#129810,1.);
#129830=LINE('',#129800,#129820);
#129840=CARTESIAN_POINT('',(1.69000000000001,1.86999999999999,-2.825));
#129850=VERTEX_POINT('',#129840);
#129860=EDGE_CURVE('',#129850,#129770,#129830,.T.);
#129870=ORIENTED_EDGE('',*,*,#129860,.T.);
#129880=CARTESIAN_POINT('',(1.52,1.86999999999999,-2.825));
#129890=DIRECTION('',(1.,-6.40826303888332E-15,0.));
#129900=VECTOR('',#129890,1.);
#129910=LINE('',#129880,#129900);
#129920=CARTESIAN_POINT('',(1.52,1.86999999999999,-2.825));
#129930=VERTEX_POINT('',#129920);
#129940=EDGE_CURVE('',#129930,#129850,#129910,.T.);
#129950=ORIENTED_EDGE('',*,*,#129940,.T.);
#129960=CARTESIAN_POINT('',(1.52,1.81999999999999,-2.825));
#129970=DIRECTION('',(0.,0.,-1.));
#129980=DIRECTION('',(1.,1.22460635382238E-16,0.));
#129990=AXIS2_PLACEMENT_3D('',#129960,#129970,#129980);
#130000=CIRCLE('',#129990,0.0500000000000009);
#130010=CARTESIAN_POINT('',(1.47497605610578,1.79825501261876,-2.825));
#130020=VERTEX_POINT('',#130010);
#130030=EDGE_CURVE('',#130020,#129930,#130000,.T.);
#130040=ORIENTED_EDGE('',*,*,#130030,.T.);
#130050=CARTESIAN_POINT('',(1.49502394389423,1.75674498738121,-2.825));
#130060=DIRECTION('',(-0.434899747624548,0.900478877884487,0.));
#130070=VECTOR('',#130060,1.);
#130080=LINE('',#130050,#130070);
#130090=CARTESIAN_POINT('',(1.49502394389423,1.75674498738121,-2.825));
#130100=VERTEX_POINT('',#130090);
#130110=EDGE_CURVE('',#130100,#130020,#130080,.T.);
#130120=ORIENTED_EDGE('',*,*,#130110,.T.);
#130130=CARTESIAN_POINT('',(1.45,1.73499999999999,-2.825));
#130140=DIRECTION('',(0.,0.,-1.));
#130150=DIRECTION('',(1.,1.22460635382238E-16,0.));
#130160=AXIS2_PLACEMENT_3D('',#130130,#130140,#130150);
#130170=CIRCLE('',#130160,0.0499999999999998);
#130180=CARTESIAN_POINT('',(1.45,1.68499999999999,-2.825));
#130190=VERTEX_POINT('',#130180);
#130200=EDGE_CURVE('',#130100,#130190,#130170,.T.);
#130210=ORIENTED_EDGE('',*,*,#130200,.F.);
#130220=CARTESIAN_POINT('',(1.32,1.68499999999999,-2.825));
#130230=DIRECTION('',(1.,1.22460635382238E-16,0.));
#130240=VECTOR('',#130230,1.);
#130250=LINE('',#130220,#130240);
#130260=EDGE_CURVE('',#31770,#130190,#130250,.T.);
#130270=ORIENTED_EDGE('',*,*,#130260,.T.);
#130280=ORIENTED_EDGE('',*,*,#32000,.T.);
#130290=EDGE_LOOP('',(#130280,#130270,#130210,#130120,#130040,#129950,
#129870,#129790,#129700,#129620));
#130300=FACE_OUTER_BOUND('',#130290,.T.);
#130310=ADVANCED_FACE('',(#130300),#129540,.F.);
#130320=CARTESIAN_POINT('',(1.39,1.99999999999999,-2.825));
#130330=DIRECTION('',(-0.694135570584234,0.719844295420684,0.));
#130340=DIRECTION('',(-0.719844295420684,-0.694135570584234,0.));
#130350=AXIS2_PLACEMENT_3D('',#130320,#130330,#130340);
#130360=PLANE('',#130350);
#130370=CARTESIAN_POINT('',(1.39,1.99999999999999,-2.945));
#130380=DIRECTION('',(-0.719844295420684,-0.694135570584234,0.));
#130390=VECTOR('',#130380,1.);
#130400=LINE('',#130370,#130390);
#130410=CARTESIAN_POINT('',(1.39,1.99999999999999,-2.945));
#130420=VERTEX_POINT('',#130410);
#130430=EDGE_CURVE('',#130420,#31850,#130400,.T.);
#130440=ORIENTED_EDGE('',*,*,#130430,.T.);
#130450=CARTESIAN_POINT('',(1.39,1.99999999999999,-2.825));
#130460=DIRECTION('',(0.,0.,-1.));
#130470=VECTOR('',#130460,1.);
#130480=LINE('',#130450,#130470);
#130490=EDGE_CURVE('',#129600,#130420,#130480,.T.);
#130500=ORIENTED_EDGE('',*,*,#130490,.T.);
#130510=ORIENTED_EDGE('',*,*,#129610,.F.);
#130520=ORIENTED_EDGE('',*,*,#31940,.F.);
#130530=EDGE_LOOP('',(#130520,#130510,#130500,#130440));
#130540=FACE_OUTER_BOUND('',#130530,.T.);
#130550=ADVANCED_FACE('',(#130540),#130360,.T.);
#130560=CARTESIAN_POINT('',(-2.96101731916344,3.3223480408227,-2.945));
#130570=DIRECTION('',(0.,0.,-1.));
#130580=DIRECTION('',(1.,1.22460635382238E-16,0.));
#130590=AXIS2_PLACEMENT_3D('',#130560,#130570,#130580);
#130600=PLANE('',#130590);
#130610=CARTESIAN_POINT('',(1.32,1.68499999999999,-2.945));
#130620=DIRECTION('',(1.,1.22460635382238E-16,0.));
#130630=VECTOR('',#130620,1.);
#130640=LINE('',#130610,#130630);
#130650=CARTESIAN_POINT('',(1.45,1.68499999999999,-2.945));
#130660=VERTEX_POINT('',#130650);
#130670=EDGE_CURVE('',#31750,#130660,#130640,.T.);
#130680=ORIENTED_EDGE('',*,*,#130670,.F.);
#130690=CARTESIAN_POINT('',(1.45,1.73499999999999,-2.945));
#130700=DIRECTION('',(0.,0.,-1.));
#130710=DIRECTION('',(1.,1.22460635382238E-16,0.));
#130720=AXIS2_PLACEMENT_3D('',#130690,#130700,#130710);
#130730=CIRCLE('',#130720,0.0499999999999998);
#130740=CARTESIAN_POINT('',(1.49502394389423,1.75674498738121,-2.945));
#130750=VERTEX_POINT('',#130740);
#130760=EDGE_CURVE('',#130750,#130660,#130730,.T.);
#130770=ORIENTED_EDGE('',*,*,#130760,.T.);
#130780=CARTESIAN_POINT('',(1.49502394389423,1.75674498738121,-2.945));
#130790=DIRECTION('',(-0.434899747624548,0.900478877884487,0.));
#130800=VECTOR('',#130790,1.);
#130810=LINE('',#130780,#130800);
#130820=CARTESIAN_POINT('',(1.47497605610578,1.79825501261876,-2.945));
#130830=VERTEX_POINT('',#130820);
#130840=EDGE_CURVE('',#130750,#130830,#130810,.T.);
#130850=ORIENTED_EDGE('',*,*,#130840,.F.);
#130860=CARTESIAN_POINT('',(1.52,1.81999999999999,-2.945));
#130870=DIRECTION('',(0.,0.,-1.));
#130880=DIRECTION('',(1.,1.22460635382238E-16,0.));
#130890=AXIS2_PLACEMENT_3D('',#130860,#130870,#130880);
#130900=CIRCLE('',#130890,0.0500000000000009);
#130910=CARTESIAN_POINT('',(1.52,1.86999999999999,-2.945));
#130920=VERTEX_POINT('',#130910);
#130930=EDGE_CURVE('',#130830,#130920,#130900,.T.);
#130940=ORIENTED_EDGE('',*,*,#130930,.F.);
#130950=CARTESIAN_POINT('',(1.52,1.86999999999999,-2.945));
#130960=DIRECTION('',(1.,-6.40826303888332E-15,0.));
#130970=VECTOR('',#130960,1.);
#130980=LINE('',#130950,#130970);
#130990=CARTESIAN_POINT('',(1.69000000000001,1.86999999999999,-2.945));
#131000=VERTEX_POINT('',#130990);
#131010=EDGE_CURVE('',#130920,#131000,#130980,.T.);
#131020=ORIENTED_EDGE('',*,*,#131010,.F.);
#131030=CARTESIAN_POINT('',(1.69000000000001,1.86999999999999,-2.945));
#131040=DIRECTION('',(-1.22460635382238E-16,1.,0.));
#131050=VECTOR('',#131040,1.);
#131060=LINE('',#131030,#131050);
#131070=CARTESIAN_POINT('',(1.69,1.94999999999999,-2.945));
#131080=VERTEX_POINT('',#131070);
#131090=EDGE_CURVE('',#131000,#131080,#131060,.T.);
#131100=ORIENTED_EDGE('',*,*,#131090,.F.);
#131110=CARTESIAN_POINT('',(1.64,1.94999999999999,-2.945));
#131120=DIRECTION('',(0.,0.,-1.));
#131130=DIRECTION('',(1.,1.22460635382238E-16,0.));
#131140=AXIS2_PLACEMENT_3D('',#131110,#131120,#131130);
#131150=CIRCLE('',#131140,0.05);
#131160=CARTESIAN_POINT('',(1.64,1.99999999999999,-2.945));
#131170=VERTEX_POINT('',#131160);
#131180=EDGE_CURVE('',#131170,#131080,#131150,.T.);
#131190=ORIENTED_EDGE('',*,*,#131180,.T.);
#131200=CARTESIAN_POINT('',(1.64,1.99999999999999,-2.945));
#131210=DIRECTION('',(-1.,-1.22460635382238E-16,0.));
#131220=VECTOR('',#131210,1.);
#131230=LINE('',#131200,#131220);
#131240=EDGE_CURVE('',#131170,#130420,#131230,.T.);
#131250=ORIENTED_EDGE('',*,*,#131240,.F.);
#131260=ORIENTED_EDGE('',*,*,#130430,.F.);
#131270=ORIENTED_EDGE('',*,*,#31860,.F.);
#131280=EDGE_LOOP('',(#131270,#131260,#131250,#131190,#131100,#131020,
#130940,#130850,#130770,#130680));
#131290=FACE_OUTER_BOUND('',#131280,.T.);
#131300=ADVANCED_FACE('',(#131290),#130600,.T.);
#131310=CARTESIAN_POINT('',(1.32,1.68499999999999,-2.825));
#131320=DIRECTION('',(1.22460635382238E-16,-1.,0.));
#131330=DIRECTION('',(1.,1.22460635382238E-16,0.));
#131340=AXIS2_PLACEMENT_3D('',#131310,#131320,#131330);
#131350=PLANE('',#131340);
#131360=CARTESIAN_POINT('',(1.45,1.68499999999999,-2.825));
#131370=DIRECTION('',(0.,0.,-1.));
#131380=VECTOR('',#131370,1.);
#131390=LINE('',#131360,#131380);
#131400=EDGE_CURVE('',#130190,#130660,#131390,.T.);
#131410=ORIENTED_EDGE('',*,*,#131400,.F.);
#131420=ORIENTED_EDGE('',*,*,#130670,.T.);
#131430=ORIENTED_EDGE('',*,*,#31780,.F.);
#131440=ORIENTED_EDGE('',*,*,#130260,.F.);
#131450=EDGE_LOOP('',(#131440,#131430,#131420,#131410));
#131460=FACE_OUTER_BOUND('',#131450,.T.);
#131470=ADVANCED_FACE('',(#131460),#131350,.T.);
#131480=CARTESIAN_POINT('',(1.45,1.73499999999999,-2.825));
#131490=DIRECTION('',(0.,0.,-1.));
#131500=DIRECTION('',(1.,1.22460635382238E-16,0.));
#131510=AXIS2_PLACEMENT_3D('',#131480,#131490,#131500);
#131520=CYLINDRICAL_SURFACE('',#131510,0.0499999999999998);
#131530=CARTESIAN_POINT('',(1.49502394389423,1.75674498738121,-2.825));
#131540=DIRECTION('',(0.,0.,-1.));
#131550=VECTOR('',#131540,1.);
#131560=LINE('',#131530,#131550);
#131570=EDGE_CURVE('',#130100,#130750,#131560,.T.);
#131580=ORIENTED_EDGE('',*,*,#131570,.F.);
#131590=ORIENTED_EDGE('',*,*,#130760,.F.);
#131600=ORIENTED_EDGE('',*,*,#131400,.T.);
#131610=ORIENTED_EDGE('',*,*,#130200,.T.);
#131620=EDGE_LOOP('',(#131610,#131600,#131590,#131580));
#131630=FACE_OUTER_BOUND('',#131620,.T.);
#131640=ADVANCED_FACE('',(#131630),#131520,.T.);
#131650=CARTESIAN_POINT('',(1.49502394389423,1.75674498738121,-2.825));
#131660=DIRECTION('',(0.900478877884487,0.434899747624548,-0.));
#131670=DIRECTION('',(-0.434899747624548,0.900478877884487,0.));
#131680=AXIS2_PLACEMENT_3D('',#131650,#131660,#131670);
#131690=PLANE('',#131680);
#131700=CARTESIAN_POINT('',(1.47497605610578,1.79825501261876,-2.825));
#131710=DIRECTION('',(0.,0.,-1.));
#131720=VECTOR('',#131710,1.);
#131730=LINE('',#131700,#131720);
#131740=EDGE_CURVE('',#130020,#130830,#131730,.T.);
#131750=ORIENTED_EDGE('',*,*,#131740,.F.);
#131760=ORIENTED_EDGE('',*,*,#130840,.T.);
#131770=ORIENTED_EDGE('',*,*,#131570,.T.);
#131780=ORIENTED_EDGE('',*,*,#130110,.F.);
#131790=EDGE_LOOP('',(#131780,#131770,#131760,#131750));
#131800=FACE_OUTER_BOUND('',#131790,.T.);
#131810=ADVANCED_FACE('',(#131800),#131690,.T.);
#131820=CARTESIAN_POINT('',(1.52,1.81999999999999,-2.825));
#131830=DIRECTION('',(0.,0.,-1.));
#131840=DIRECTION('',(1.,1.22460635382238E-16,0.));
#131850=AXIS2_PLACEMENT_3D('',#131820,#131830,#131840);
#131860=CYLINDRICAL_SURFACE('',#131850,0.0500000000000009);
#131870=CARTESIAN_POINT('',(1.52,1.86999999999999,-2.825));
#131880=DIRECTION('',(0.,0.,-1.));
#131890=VECTOR('',#131880,1.);
#131900=LINE('',#131870,#131890);
#131910=EDGE_CURVE('',#129930,#130920,#131900,.T.);
#131920=ORIENTED_EDGE('',*,*,#131910,.F.);
#131930=ORIENTED_EDGE('',*,*,#130930,.T.);
#131940=ORIENTED_EDGE('',*,*,#131740,.T.);
#131950=ORIENTED_EDGE('',*,*,#130030,.F.);
#131960=EDGE_LOOP('',(#131950,#131940,#131930,#131920));
#131970=FACE_OUTER_BOUND('',#131960,.T.);
#131980=ADVANCED_FACE('',(#131970),#131860,.F.);
#131990=CARTESIAN_POINT('',(1.52,1.86999999999999,-2.825));
#132000=DIRECTION('',(-6.40826303888332E-15,-1.,0.));
#132010=DIRECTION('',(1.,-6.40826303888332E-15,0.));
#132020=AXIS2_PLACEMENT_3D('',#131990,#132000,#132010);
#132030=PLANE('',#132020);
#132040=CARTESIAN_POINT('',(1.69000000000001,1.86999999999999,-2.825));
#132050=DIRECTION('',(0.,0.,-1.));
#132060=VECTOR('',#132050,1.);
#132070=LINE('',#132040,#132060);
#132080=EDGE_CURVE('',#129850,#131000,#132070,.T.);
#132090=ORIENTED_EDGE('',*,*,#132080,.F.);
#132100=ORIENTED_EDGE('',*,*,#131010,.T.);
#132110=ORIENTED_EDGE('',*,*,#131910,.T.);
#132120=ORIENTED_EDGE('',*,*,#129940,.F.);
#132130=EDGE_LOOP('',(#132120,#132110,#132100,#132090));
#132140=FACE_OUTER_BOUND('',#132130,.T.);
#132150=ADVANCED_FACE('',(#132140),#132030,.T.);
#132160=CARTESIAN_POINT('',(1.69000000000001,1.86999999999999,-2.825));
#132170=DIRECTION('',(1.,1.22460635382238E-16,-0.));
#132180=DIRECTION('',(-1.22460635382238E-16,1.,0.));
#132190=AXIS2_PLACEMENT_3D('',#132160,#132170,#132180);
#132200=PLANE('',#132190);
#132210=CARTESIAN_POINT('',(1.69,1.94999999999999,-2.825));
#132220=DIRECTION('',(0.,0.,-1.));
#132230=VECTOR('',#132220,1.);
#132240=LINE('',#132210,#132230);
#132250=EDGE_CURVE('',#129770,#131080,#132240,.T.);
#132260=ORIENTED_EDGE('',*,*,#132250,.F.);
#132270=ORIENTED_EDGE('',*,*,#131090,.T.);
#132280=ORIENTED_EDGE('',*,*,#132080,.T.);
#132290=ORIENTED_EDGE('',*,*,#129860,.F.);
#132300=EDGE_LOOP('',(#132290,#132280,#132270,#132260));
#132310=FACE_OUTER_BOUND('',#132300,.T.);
#132320=ADVANCED_FACE('',(#132310),#132200,.T.);
#132330=CARTESIAN_POINT('',(1.64,1.94999999999999,-2.825));
#132340=DIRECTION('',(0.,0.,-1.));
#132350=DIRECTION('',(1.,1.22460635382238E-16,0.));
#132360=AXIS2_PLACEMENT_3D('',#132330,#132340,#132350);
#132370=CYLINDRICAL_SURFACE('',#132360,0.05);
#132380=CARTESIAN_POINT('',(1.64,1.99999999999999,-2.825));
#132390=DIRECTION('',(0.,0.,-1.));
#132400=VECTOR('',#132390,1.);
#132410=LINE('',#132380,#132400);
#132420=EDGE_CURVE('',#129680,#131170,#132410,.T.);
#132430=ORIENTED_EDGE('',*,*,#132420,.F.);
#132440=ORIENTED_EDGE('',*,*,#131180,.F.);
#132450=ORIENTED_EDGE('',*,*,#132250,.T.);
#132460=ORIENTED_EDGE('',*,*,#129780,.T.);
#132470=EDGE_LOOP('',(#132460,#132450,#132440,#132430));
#132480=FACE_OUTER_BOUND('',#132470,.T.);
#132490=ADVANCED_FACE('',(#132480),#132370,.T.);
#132500=CARTESIAN_POINT('',(1.64,1.99999999999999,-2.825));
#132510=DIRECTION('',(-1.22460635382238E-16,1.,0.));
#132520=DIRECTION('',(-1.,-1.22460635382238E-16,0.));
#132530=AXIS2_PLACEMENT_3D('',#132500,#132510,#132520);
#132540=PLANE('',#132530);
#132550=ORIENTED_EDGE('',*,*,#130490,.F.);
#132560=ORIENTED_EDGE('',*,*,#131240,.T.);
#132570=ORIENTED_EDGE('',*,*,#132420,.T.);
#132580=ORIENTED_EDGE('',*,*,#129690,.F.);
#132590=EDGE_LOOP('',(#132580,#132570,#132560,#132550));
#132600=FACE_OUTER_BOUND('',#132590,.T.);
#132610=ADVANCED_FACE('',(#132600),#132540,.T.);
#132620=CARTESIAN_POINT('',(-2.96101731916344,2.8223480408227,-2.425));
#132630=DIRECTION('',(0.,0.,-1.));
#132640=DIRECTION('',(1.,1.22460635382238E-16,0.));
#132650=AXIS2_PLACEMENT_3D('',#132620,#132630,#132640);
#132660=PLANE('',#132650);
#132670=CARTESIAN_POINT('',(0.598843446820732,-1.2350001674835,-2.425));
#132680=DIRECTION('',(0.,0.,-1.));
#132690=DIRECTION('',(1.,1.22460635382238E-16,0.));
#132700=AXIS2_PLACEMENT_3D('',#132670,#132680,#132690);
#132710=CIRCLE('',#132700,0.0999999999999996);
#132720=CARTESIAN_POINT('',(0.598843446820732,-1.3350001674835,-2.425));
#132730=VERTEX_POINT('',#132720);
#132740=EDGE_CURVE('',#132730,#27680,#132710,.T.);
#132750=ORIENTED_EDGE('',*,*,#132740,.T.);
#132760=CARTESIAN_POINT('',(0.609870584701063,-1.3350001674835,-2.425));
#132770=DIRECTION('',(-1.,-1.22460635382238E-16,0.));
#132780=VECTOR('',#132770,1.);
#132790=LINE('',#132760,#132780);
#132800=CARTESIAN_POINT('',(0.609870584701063,-1.3350001674835,-2.425));
#132810=VERTEX_POINT('',#132800);
#132820=EDGE_CURVE('',#132810,#132730,#132790,.T.);
#132830=ORIENTED_EDGE('',*,*,#132820,.T.);
#132840=CARTESIAN_POINT('',(0.610000000000003,-1.38500000000002,-2.425))
;
#132850=DIRECTION('',(0.,0.,-1.));
#132860=DIRECTION('',(1.,1.22460635382238E-16,0.));
#132870=AXIS2_PLACEMENT_3D('',#132840,#132850,#132860);
#132880=CIRCLE('',#132870,0.0499999999999995);
#132890=CARTESIAN_POINT('',(0.660000000000003,-1.38500000000002,-2.425))
;
#132900=VERTEX_POINT('',#132890);
#132910=EDGE_CURVE('',#132810,#132900,#132880,.T.);
#132920=ORIENTED_EDGE('',*,*,#132910,.F.);
#132930=CARTESIAN_POINT('',(0.620000000000005,-1.38500000000002,-2.425))
;
#132940=DIRECTION('',(0.,0.,-1.));
#132950=DIRECTION('',(1.,1.22460635382238E-16,0.));
#132960=AXIS2_PLACEMENT_3D('',#132930,#132940,#132950);
#132970=CIRCLE('',#132960,0.0399999999999978);
#132980=CARTESIAN_POINT('',(0.644946914281611,-1.4162674186307,-2.425));
#132990=VERTEX_POINT('',#132980);
#133000=EDGE_CURVE('',#132900,#132990,#132970,.T.);
#133010=ORIENTED_EDGE('',*,*,#133000,.F.);
#133020=CARTESIAN_POINT('',(0.555000000000002,-1.50000000000002,-2.425))
;
#133030=DIRECTION('',(0.731939010275264,0.681370152881139,0.));
#133040=VECTOR('',#133030,1.);
#133050=LINE('',#133020,#133040);
#133060=CARTESIAN_POINT('',(0.555000000000003,-1.50000000000002,-2.425))
;
#133070=VERTEX_POINT('',#133060);
#133080=EDGE_CURVE('',#133070,#132990,#133050,.T.);
#133090=ORIENTED_EDGE('',*,*,#133080,.T.);
#133100=CARTESIAN_POINT('',(0.555000000000002,-1.50000000000002,-2.425))
;
#133110=DIRECTION('',(-1.,-1.22460635382238E-16,0.));
#133120=VECTOR('',#133110,1.);
#133130=LINE('',#133100,#133120);
#133140=EDGE_CURVE('',#133070,#27760,#133130,.T.);
#133150=ORIENTED_EDGE('',*,*,#133140,.F.);
#133160=ORIENTED_EDGE('',*,*,#27770,.F.);
#133170=EDGE_LOOP('',(#133160,#133150,#133090,#133010,#132920,#132830,
#132750));
#133180=FACE_OUTER_BOUND('',#133170,.T.);
#133190=ADVANCED_FACE('',(#133180),#132660,.F.);
#133200=CARTESIAN_POINT('',(0.598843446820732,-1.2350001674835,-2.425));
#133210=DIRECTION('',(0.,0.,-1.));
#133220=DIRECTION('',(1.,1.22460635382238E-16,0.));
#133230=AXIS2_PLACEMENT_3D('',#133200,#133210,#133220);
#133240=CYLINDRICAL_SURFACE('',#133230,0.0999999999999996);
#133250=CARTESIAN_POINT('',(0.598843446820732,-1.2350001674835,-2.545));
#133260=DIRECTION('',(0.,0.,-1.));
#133270=DIRECTION('',(1.,1.22460635382238E-16,0.));
#133280=AXIS2_PLACEMENT_3D('',#133250,#133260,#133270);
#133290=CIRCLE('',#133280,0.0999999999999996);
#133300=CARTESIAN_POINT('',(0.598843446820732,-1.3350001674835,-2.545));
#133310=VERTEX_POINT('',#133300);
#133320=EDGE_CURVE('',#133310,#27600,#133290,.T.);
#133330=ORIENTED_EDGE('',*,*,#133320,.T.);
#133340=CARTESIAN_POINT('',(0.598843446820732,-1.3350001674835,-2.425));
#133350=DIRECTION('',(0.,0.,-1.));
#133360=VECTOR('',#133350,1.);
#133370=LINE('',#133340,#133360);
#133380=EDGE_CURVE('',#132730,#133310,#133370,.T.);
#133390=ORIENTED_EDGE('',*,*,#133380,.T.);
#133400=ORIENTED_EDGE('',*,*,#132740,.F.);
#133410=ORIENTED_EDGE('',*,*,#27690,.F.);
#133420=EDGE_LOOP('',(#133410,#133400,#133390,#133330));
#133430=FACE_OUTER_BOUND('',#133420,.T.);
#133440=ADVANCED_FACE('',(#133430),#133240,.F.);
#133450=CARTESIAN_POINT('',(-2.96101731916344,2.8223480408227,-2.545));
#133460=DIRECTION('',(0.,0.,-1.));
#133470=DIRECTION('',(1.,1.22460635382238E-16,0.));
#133480=AXIS2_PLACEMENT_3D('',#133450,#133460,#133470);
#133490=PLANE('',#133480);
#133500=CARTESIAN_POINT('',(0.555000000000002,-1.50000000000002,-2.545))
;
#133510=DIRECTION('',(-1.,-1.22460635382238E-16,0.));
#133520=VECTOR('',#133510,1.);
#133530=LINE('',#133500,#133520);
#133540=CARTESIAN_POINT('',(0.555000000000003,-1.50000000000002,-2.545))
;
#133550=VERTEX_POINT('',#133540);
#133560=EDGE_CURVE('',#133550,#27580,#133530,.T.);
#133570=ORIENTED_EDGE('',*,*,#133560,.T.);
#133580=CARTESIAN_POINT('',(0.555000000000002,-1.50000000000002,-2.545))
;
#133590=DIRECTION('',(0.731939010275264,0.681370152881139,0.));
#133600=VECTOR('',#133590,1.);
#133610=LINE('',#133580,#133600);
#133620=CARTESIAN_POINT('',(0.644946914281611,-1.4162674186307,-2.545));
#133630=VERTEX_POINT('',#133620);
#133640=EDGE_CURVE('',#133550,#133630,#133610,.T.);
#133650=ORIENTED_EDGE('',*,*,#133640,.F.);
#133660=CARTESIAN_POINT('',(0.620000000000005,-1.38500000000002,-2.545))
;
#133670=DIRECTION('',(0.,0.,-1.));
#133680=DIRECTION('',(1.,1.22460635382238E-16,0.));
#133690=AXIS2_PLACEMENT_3D('',#133660,#133670,#133680);
#133700=CIRCLE('',#133690,0.0399999999999978);
#133710=CARTESIAN_POINT('',(0.660000000000003,-1.38500000000002,-2.545))
;
#133720=VERTEX_POINT('',#133710);
#133730=EDGE_CURVE('',#133720,#133630,#133700,.T.);
#133740=ORIENTED_EDGE('',*,*,#133730,.T.);
#133750=CARTESIAN_POINT('',(0.610000000000003,-1.38500000000002,-2.545))
;
#133760=DIRECTION('',(0.,0.,-1.));
#133770=DIRECTION('',(1.,1.22460635382238E-16,0.));
#133780=AXIS2_PLACEMENT_3D('',#133750,#133760,#133770);
#133790=CIRCLE('',#133780,0.0499999999999995);
#133800=CARTESIAN_POINT('',(0.609870584701063,-1.3350001674835,-2.545));
#133810=VERTEX_POINT('',#133800);
#133820=EDGE_CURVE('',#133810,#133720,#133790,.T.);
#133830=ORIENTED_EDGE('',*,*,#133820,.T.);
#133840=CARTESIAN_POINT('',(0.609870584701063,-1.3350001674835,-2.545));
#133850=DIRECTION('',(-1.,-1.22460635382238E-16,0.));
#133860=VECTOR('',#133850,1.);
#133870=LINE('',#133840,#133860);
#133880=EDGE_CURVE('',#133810,#133310,#133870,.T.);
#133890=ORIENTED_EDGE('',*,*,#133880,.F.);
#133900=ORIENTED_EDGE('',*,*,#133320,.F.);
#133910=ORIENTED_EDGE('',*,*,#27610,.T.);
#133920=EDGE_LOOP('',(#133910,#133900,#133890,#133830,#133740,#133650,
#133570));
#133930=FACE_OUTER_BOUND('',#133920,.T.);
#133940=ADVANCED_FACE('',(#133930),#133490,.T.);
#133950=CARTESIAN_POINT('',(0.555000000000002,-1.50000000000002,-2.425))
;
#133960=DIRECTION('',(-1.22460635382238E-16,1.,0.));
#133970=DIRECTION('',(1.,1.22460635382238E-16,0.));
#133980=AXIS2_PLACEMENT_3D('',#133950,#133960,#133970);
#133990=PLANE('',#133980);
#134000=ORIENTED_EDGE('',*,*,#133140,.T.);
#134010=CARTESIAN_POINT('',(0.555000000000002,-1.50000000000002,-2.425))
;
#134020=DIRECTION('',(0.,0.,1.));
#134030=VECTOR('',#134020,1.);
#134040=LINE('',#134010,#134030);
#134050=EDGE_CURVE('',#133550,#133070,#134040,.T.);
#134060=ORIENTED_EDGE('',*,*,#134050,.T.);
#134070=ORIENTED_EDGE('',*,*,#133560,.F.);
#134080=ORIENTED_EDGE('',*,*,#27830,.F.);
#134090=EDGE_LOOP('',(#134080,#134070,#134060,#134000));
#134100=FACE_OUTER_BOUND('',#134090,.T.);
#134110=ADVANCED_FACE('',(#134100),#133990,.F.);
#134120=CARTESIAN_POINT('',(0.555000000000002,-1.50000000000002,-2.425))
;
#134130=DIRECTION('',(0.681370152881139,-0.731939010275264,0.));
#134140=DIRECTION('',(0.731939010275264,0.681370152881139,0.));
#134150=AXIS2_PLACEMENT_3D('',#134120,#134130,#134140);
#134160=PLANE('',#134150);
#134170=CARTESIAN_POINT('',(0.644946914281611,-1.4162674186307,-2.425));
#134180=DIRECTION('',(0.,0.,-1.));
#134190=VECTOR('',#134180,1.);
#134200=LINE('',#134170,#134190);
#134210=EDGE_CURVE('',#132990,#133630,#134200,.T.);
#134220=ORIENTED_EDGE('',*,*,#134210,.F.);
#134230=ORIENTED_EDGE('',*,*,#133640,.T.);
#134240=ORIENTED_EDGE('',*,*,#134050,.F.);
#134250=ORIENTED_EDGE('',*,*,#133080,.F.);
#134260=EDGE_LOOP('',(#134250,#134240,#134230,#134220));
#134270=FACE_OUTER_BOUND('',#134260,.T.);
#134280=ADVANCED_FACE('',(#134270),#134160,.T.);
#134290=CARTESIAN_POINT('',(0.620000000000005,-1.38500000000002,-2.425))
;
#134300=DIRECTION('',(0.,0.,-1.));
#134310=DIRECTION('',(1.,1.22460635382238E-16,0.));
#134320=AXIS2_PLACEMENT_3D('',#134290,#134300,#134310);
#134330=CYLINDRICAL_SURFACE('',#134320,0.0399999999999978);
#134340=CARTESIAN_POINT('',(0.660000000000003,-1.38500000000002,-2.425))
;
#134350=DIRECTION('',(0.,0.,-1.));
#134360=VECTOR('',#134350,1.);
#134370=LINE('',#134340,#134360);
#134380=EDGE_CURVE('',#132900,#133720,#134370,.T.);
#134390=ORIENTED_EDGE('',*,*,#134380,.F.);
#134400=ORIENTED_EDGE('',*,*,#133730,.F.);
#134410=ORIENTED_EDGE('',*,*,#134210,.T.);
#134420=ORIENTED_EDGE('',*,*,#133000,.T.);
#134430=EDGE_LOOP('',(#134420,#134410,#134400,#134390));
#134440=FACE_OUTER_BOUND('',#134430,.T.);
#134450=ADVANCED_FACE('',(#134440),#134330,.T.);
#134460=CARTESIAN_POINT('',(0.610000000000003,-1.38500000000002,-2.425))
;
#134470=DIRECTION('',(0.,0.,-1.));
#134480=DIRECTION('',(1.,1.22460635382238E-16,0.));
#134490=AXIS2_PLACEMENT_3D('',#134460,#134470,#134480);
#134500=CYLINDRICAL_SURFACE('',#134490,0.0499999999999995);
#134510=CARTESIAN_POINT('',(0.609870584701063,-1.3350001674835,-2.425));
#134520=DIRECTION('',(0.,0.,-1.));
#134530=VECTOR('',#134520,1.);
#134540=LINE('',#134510,#134530);
#134550=EDGE_CURVE('',#132810,#133810,#134540,.T.);
#134560=ORIENTED_EDGE('',*,*,#134550,.F.);
#134570=ORIENTED_EDGE('',*,*,#133820,.F.);
#134580=ORIENTED_EDGE('',*,*,#134380,.T.);
#134590=ORIENTED_EDGE('',*,*,#132910,.T.);
#134600=EDGE_LOOP('',(#134590,#134580,#134570,#134560));
#134610=FACE_OUTER_BOUND('',#134600,.T.);
#134620=ADVANCED_FACE('',(#134610),#134500,.T.);
#134630=CARTESIAN_POINT('',(0.609870584701063,-1.3350001674835,-2.425));
#134640=DIRECTION('',(-1.22460635382238E-16,1.,0.));
#134650=DIRECTION('',(-1.,-1.22460635382238E-16,0.));
#134660=AXIS2_PLACEMENT_3D('',#134630,#134640,#134650);
#134670=PLANE('',#134660);
#134680=ORIENTED_EDGE('',*,*,#133380,.F.);
#134690=ORIENTED_EDGE('',*,*,#133880,.T.);
#134700=ORIENTED_EDGE('',*,*,#134550,.T.);
#134710=ORIENTED_EDGE('',*,*,#132820,.F.);
#134720=EDGE_LOOP('',(#134710,#134700,#134690,#134680));
#134730=FACE_OUTER_BOUND('',#134720,.T.);
#134740=ADVANCED_FACE('',(#134730),#134670,.T.);
#134750=CARTESIAN_POINT('',(-2.96101731916344,3.3223480408227,-2.545));
#134760=DIRECTION('',(0.,0.,-1.));
#134770=DIRECTION('',(1.,1.22460635382238E-16,0.));
#134780=AXIS2_PLACEMENT_3D('',#134750,#134760,#134770);
#134790=PLANE('',#134780);
#134800=CARTESIAN_POINT('',(1.32,1.68499999999999,-2.545));
#134810=DIRECTION('',(1.,1.22460635382238E-16,0.));
#134820=VECTOR('',#134810,1.);
#134830=LINE('',#134800,#134820);
#134840=CARTESIAN_POINT('',(1.45,1.68499999999999,-2.545));
#134850=VERTEX_POINT('',#134840);
#134860=EDGE_CURVE('',#32270,#134850,#134830,.T.);
#134870=ORIENTED_EDGE('',*,*,#134860,.F.);
#134880=CARTESIAN_POINT('',(1.45,1.73499999999999,-2.545));
#134890=DIRECTION('',(0.,0.,-1.));
#134900=DIRECTION('',(1.,1.22460635382238E-16,0.));
#134910=AXIS2_PLACEMENT_3D('',#134880,#134890,#134900);
#134920=CIRCLE('',#134910,0.0499999999999998);
#134930=CARTESIAN_POINT('',(1.49502394389423,1.75674498738121,-2.545));
#134940=VERTEX_POINT('',#134930);
#134950=EDGE_CURVE('',#134940,#134850,#134920,.T.);
#134960=ORIENTED_EDGE('',*,*,#134950,.T.);
#134970=CARTESIAN_POINT('',(1.49502394389423,1.75674498738121,-2.545));
#134980=DIRECTION('',(-0.434899747624548,0.900478877884487,0.));
#134990=VECTOR('',#134980,1.);
#135000=LINE('',#134970,#134990);
#135010=CARTESIAN_POINT('',(1.47497605610578,1.79825501261876,-2.545));
#135020=VERTEX_POINT('',#135010);
#135030=EDGE_CURVE('',#134940,#135020,#135000,.T.);
#135040=ORIENTED_EDGE('',*,*,#135030,.F.);
#135050=CARTESIAN_POINT('',(1.52,1.81999999999999,-2.545));
#135060=DIRECTION('',(0.,0.,-1.));
#135070=DIRECTION('',(1.,1.22460635382238E-16,0.));
#135080=AXIS2_PLACEMENT_3D('',#135050,#135060,#135070);
#135090=CIRCLE('',#135080,0.0500000000000009);
#135100=CARTESIAN_POINT('',(1.52,1.86999999999999,-2.545));
#135110=VERTEX_POINT('',#135100);
#135120=EDGE_CURVE('',#135020,#135110,#135090,.T.);
#135130=ORIENTED_EDGE('',*,*,#135120,.F.);
#135140=CARTESIAN_POINT('',(1.52,1.86999999999999,-2.545));
#135150=DIRECTION('',(1.,-6.40826303888332E-15,0.));
#135160=VECTOR('',#135150,1.);
#135170=LINE('',#135140,#135160);
#135180=CARTESIAN_POINT('',(1.69000000000001,1.86999999999999,-2.545));
#135190=VERTEX_POINT('',#135180);
#135200=EDGE_CURVE('',#135110,#135190,#135170,.T.);
#135210=ORIENTED_EDGE('',*,*,#135200,.F.);
#135220=CARTESIAN_POINT('',(1.69000000000001,1.86999999999999,-2.545));
#135230=DIRECTION('',(-1.22460635382238E-16,1.,0.));
#135240=VECTOR('',#135230,1.);
#135250=LINE('',#135220,#135240);
#135260=CARTESIAN_POINT('',(1.69000000000001,1.94999999999999,-2.545));
#135270=VERTEX_POINT('',#135260);
#135280=EDGE_CURVE('',#135190,#135270,#135250,.T.);
#135290=ORIENTED_EDGE('',*,*,#135280,.F.);
#135300=CARTESIAN_POINT('',(1.64,1.94999999999999,-2.545));
#135310=DIRECTION('',(0.,0.,-1.));
#135320=DIRECTION('',(1.,1.22460635382238E-16,0.));
#135330=AXIS2_PLACEMENT_3D('',#135300,#135310,#135320);
#135340=CIRCLE('',#135330,0.05);
#135350=CARTESIAN_POINT('',(1.64,1.99999999999999,-2.545));
#135360=VERTEX_POINT('',#135350);
#135370=EDGE_CURVE('',#135360,#135270,#135340,.T.);
#135380=ORIENTED_EDGE('',*,*,#135370,.T.);
#135390=CARTESIAN_POINT('',(1.64,1.99999999999999,-2.545));
#135400=DIRECTION('',(-1.,-1.22460635382238E-16,0.));
#135410=VECTOR('',#135400,1.);
#135420=LINE('',#135390,#135410);
#135430=CARTESIAN_POINT('',(1.39,1.99999999999999,-2.545));
#135440=VERTEX_POINT('',#135430);
#135450=EDGE_CURVE('',#135360,#135440,#135420,.T.);
#135460=ORIENTED_EDGE('',*,*,#135450,.F.);
#135470=CARTESIAN_POINT('',(1.39,1.99999999999999,-2.545));
#135480=DIRECTION('',(-0.719844295420684,-0.694135570584234,0.));
#135490=VECTOR('',#135480,1.);
#135500=LINE('',#135470,#135490);
#135510=EDGE_CURVE('',#135440,#32110,#135500,.T.);
#135520=ORIENTED_EDGE('',*,*,#135510,.F.);
#135530=ORIENTED_EDGE('',*,*,#32340,.F.);
#135540=EDGE_LOOP('',(#135530,#135520,#135460,#135380,#135290,#135210,
#135130,#135040,#134960,#134870));
#135550=FACE_OUTER_BOUND('',#135540,.T.);
#135560=ADVANCED_FACE('',(#135550),#134790,.T.);
#135570=CARTESIAN_POINT('',(1.39,1.99999999999999,-2.425));
#135580=DIRECTION('',(-0.694135570584234,0.719844295420684,0.));
#135590=DIRECTION('',(-0.719844295420684,-0.694135570584234,0.));
#135600=AXIS2_PLACEMENT_3D('',#135570,#135580,#135590);
#135610=PLANE('',#135600);
#135620=ORIENTED_EDGE('',*,*,#135510,.T.);
#135630=CARTESIAN_POINT('',(1.39,1.99999999999999,-2.425));
#135640=DIRECTION('',(0.,0.,-1.));
#135650=VECTOR('',#135640,1.);
#135660=LINE('',#135630,#135650);
#135670=CARTESIAN_POINT('',(1.39,1.99999999999999,-2.425));
#135680=VERTEX_POINT('',#135670);
#135690=EDGE_CURVE('',#135680,#135440,#135660,.T.);
#135700=ORIENTED_EDGE('',*,*,#135690,.T.);
#135710=CARTESIAN_POINT('',(1.39,1.99999999999999,-2.425));
#135720=DIRECTION('',(-0.719844295420684,-0.694135570584234,0.));
#135730=VECTOR('',#135720,1.);
#135740=LINE('',#135710,#135730);
#135750=EDGE_CURVE('',#135680,#32090,#135740,.T.);
#135760=ORIENTED_EDGE('',*,*,#135750,.F.);
#135770=ORIENTED_EDGE('',*,*,#32120,.F.);
#135780=EDGE_LOOP('',(#135770,#135760,#135700,#135620));
#135790=FACE_OUTER_BOUND('',#135780,.T.);
#135800=ADVANCED_FACE('',(#135790),#135610,.T.);
#135810=CARTESIAN_POINT('',(-2.96101731916344,3.3223480408227,-2.425));
#135820=DIRECTION('',(0.,0.,-1.));
#135830=DIRECTION('',(1.,1.22460635382238E-16,0.));
#135840=AXIS2_PLACEMENT_3D('',#135810,#135820,#135830);
#135850=PLANE('',#135840);
#135860=ORIENTED_EDGE('',*,*,#135750,.T.);
#135870=CARTESIAN_POINT('',(1.64,1.99999999999999,-2.425));
#135880=DIRECTION('',(-1.,-1.22460635382238E-16,0.));
#135890=VECTOR('',#135880,1.);
#135900=LINE('',#135870,#135890);
#135910=CARTESIAN_POINT('',(1.64,1.99999999999999,-2.425));
#135920=VERTEX_POINT('',#135910);
#135930=EDGE_CURVE('',#135920,#135680,#135900,.T.);
#135940=ORIENTED_EDGE('',*,*,#135930,.T.);
#135950=CARTESIAN_POINT('',(1.64,1.94999999999999,-2.425));
#135960=DIRECTION('',(0.,0.,-1.));
#135970=DIRECTION('',(1.,1.22460635382238E-16,0.));
#135980=AXIS2_PLACEMENT_3D('',#135950,#135960,#135970);
#135990=CIRCLE('',#135980,0.05);
#136000=CARTESIAN_POINT('',(1.69000000000001,1.94999999999999,-2.425));
#136010=VERTEX_POINT('',#136000);
#136020=EDGE_CURVE('',#135920,#136010,#135990,.T.);
#136030=ORIENTED_EDGE('',*,*,#136020,.F.);
#136040=CARTESIAN_POINT('',(1.69000000000001,1.86999999999999,-2.425));
#136050=DIRECTION('',(-1.22460635382238E-16,1.,0.));
#136060=VECTOR('',#136050,1.);
#136070=LINE('',#136040,#136060);
#136080=CARTESIAN_POINT('',(1.69000000000001,1.86999999999999,-2.425));
#136090=VERTEX_POINT('',#136080);
#136100=EDGE_CURVE('',#136090,#136010,#136070,.T.);
#136110=ORIENTED_EDGE('',*,*,#136100,.T.);
#136120=CARTESIAN_POINT('',(1.52,1.86999999999999,-2.425));
#136130=DIRECTION('',(1.,-6.40826303888332E-15,0.));
#136140=VECTOR('',#136130,1.);
#136150=LINE('',#136120,#136140);
#136160=CARTESIAN_POINT('',(1.52,1.86999999999999,-2.425));
#136170=VERTEX_POINT('',#136160);
#136180=EDGE_CURVE('',#136170,#136090,#136150,.T.);
#136190=ORIENTED_EDGE('',*,*,#136180,.T.);
#136200=CARTESIAN_POINT('',(1.52,1.81999999999999,-2.425));
#136210=DIRECTION('',(0.,0.,-1.));
#136220=DIRECTION('',(1.,1.22460635382238E-16,0.));
#136230=AXIS2_PLACEMENT_3D('',#136200,#136210,#136220);
#136240=CIRCLE('',#136230,0.0500000000000009);
#136250=CARTESIAN_POINT('',(1.47497605610578,1.79825501261876,-2.425));
#136260=VERTEX_POINT('',#136250);
#136270=EDGE_CURVE('',#136260,#136170,#136240,.T.);
#136280=ORIENTED_EDGE('',*,*,#136270,.T.);
#136290=CARTESIAN_POINT('',(1.49502394389423,1.75674498738121,-2.425));
#136300=DIRECTION('',(-0.434899747624548,0.900478877884487,0.));
#136310=VECTOR('',#136300,1.);
#136320=LINE('',#136290,#136310);
#136330=CARTESIAN_POINT('',(1.49502394389423,1.75674498738121,-2.425));
#136340=VERTEX_POINT('',#136330);
#136350=EDGE_CURVE('',#136340,#136260,#136320,.T.);
#136360=ORIENTED_EDGE('',*,*,#136350,.T.);
#136370=CARTESIAN_POINT('',(1.45,1.73499999999999,-2.425));
#136380=DIRECTION('',(0.,0.,-1.));
#136390=DIRECTION('',(1.,1.22460635382238E-16,0.));
#136400=AXIS2_PLACEMENT_3D('',#136370,#136380,#136390);
#136410=CIRCLE('',#136400,0.0499999999999998);
#136420=CARTESIAN_POINT('',(1.45,1.68499999999999,-2.425));
#136430=VERTEX_POINT('',#136420);
#136440=EDGE_CURVE('',#136340,#136430,#136410,.T.);
#136450=ORIENTED_EDGE('',*,*,#136440,.F.);
#136460=CARTESIAN_POINT('',(1.32,1.68499999999999,-2.425));
#136470=DIRECTION('',(1.,1.22460635382238E-16,0.));
#136480=VECTOR('',#136470,1.);
#136490=LINE('',#136460,#136480);
#136500=EDGE_CURVE('',#32190,#136430,#136490,.T.);
#136510=ORIENTED_EDGE('',*,*,#136500,.T.);
#136520=ORIENTED_EDGE('',*,*,#32200,.T.);
#136530=EDGE_LOOP('',(#136520,#136510,#136450,#136360,#136280,#136190,
#136110,#136030,#135940,#135860));
#136540=FACE_OUTER_BOUND('',#136530,.T.);
#136550=ADVANCED_FACE('',(#136540),#135850,.F.);
#136560=CARTESIAN_POINT('',(1.32,1.68499999999999,-2.425));
#136570=DIRECTION('',(1.22460635382238E-16,-1.,0.));
#136580=DIRECTION('',(1.,1.22460635382238E-16,0.));
#136590=AXIS2_PLACEMENT_3D('',#136560,#136570,#136580);
#136600=PLANE('',#136590);
#136610=CARTESIAN_POINT('',(1.45,1.68499999999999,-2.425));
#136620=DIRECTION('',(0.,0.,-1.));
#136630=VECTOR('',#136620,1.);
#136640=LINE('',#136610,#136630);
#136650=EDGE_CURVE('',#136430,#134850,#136640,.T.);
#136660=ORIENTED_EDGE('',*,*,#136650,.F.);
#136670=ORIENTED_EDGE('',*,*,#134860,.T.);
#136680=ORIENTED_EDGE('',*,*,#32280,.F.);
#136690=ORIENTED_EDGE('',*,*,#136500,.F.);
#136700=EDGE_LOOP('',(#136690,#136680,#136670,#136660));
#136710=FACE_OUTER_BOUND('',#136700,.T.);
#136720=ADVANCED_FACE('',(#136710),#136600,.T.);
#136730=CARTESIAN_POINT('',(1.45,1.73499999999999,-2.425));
#136740=DIRECTION('',(0.,0.,-1.));
#136750=DIRECTION('',(1.,1.22460635382238E-16,0.));
#136760=AXIS2_PLACEMENT_3D('',#136730,#136740,#136750);
#136770=CYLINDRICAL_SURFACE('',#136760,0.0499999999999998);
#136780=CARTESIAN_POINT('',(1.49502394389423,1.75674498738121,-2.425));
#136790=DIRECTION('',(0.,0.,-1.));
#136800=VECTOR('',#136790,1.);
#136810=LINE('',#136780,#136800);
#136820=EDGE_CURVE('',#136340,#134940,#136810,.T.);
#136830=ORIENTED_EDGE('',*,*,#136820,.F.);
#136840=ORIENTED_EDGE('',*,*,#134950,.F.);
#136850=ORIENTED_EDGE('',*,*,#136650,.T.);
#136860=ORIENTED_EDGE('',*,*,#136440,.T.);
#136870=EDGE_LOOP('',(#136860,#136850,#136840,#136830));
#136880=FACE_OUTER_BOUND('',#136870,.T.);
#136890=ADVANCED_FACE('',(#136880),#136770,.T.);
#136900=CARTESIAN_POINT('',(1.49502394389423,1.75674498738121,-2.425));
#136910=DIRECTION('',(0.900478877884487,0.434899747624548,-0.));
#136920=DIRECTION('',(-0.434899747624548,0.900478877884487,0.));
#136930=AXIS2_PLACEMENT_3D('',#136900,#136910,#136920);
#136940=PLANE('',#136930);
#136950=CARTESIAN_POINT('',(1.47497605610578,1.79825501261876,-2.425));
#136960=DIRECTION('',(0.,0.,-1.));
#136970=VECTOR('',#136960,1.);
#136980=LINE('',#136950,#136970);
#136990=EDGE_CURVE('',#136260,#135020,#136980,.T.);
#137000=ORIENTED_EDGE('',*,*,#136990,.F.);
#137010=ORIENTED_EDGE('',*,*,#135030,.T.);
#137020=ORIENTED_EDGE('',*,*,#136820,.T.);
#137030=ORIENTED_EDGE('',*,*,#136350,.F.);
#137040=EDGE_LOOP('',(#137030,#137020,#137010,#137000));
#137050=FACE_OUTER_BOUND('',#137040,.T.);
#137060=ADVANCED_FACE('',(#137050),#136940,.T.);
#137070=CARTESIAN_POINT('',(1.52,1.81999999999999,-2.425));
#137080=DIRECTION('',(0.,0.,-1.));
#137090=DIRECTION('',(1.,1.22460635382238E-16,0.));
#137100=AXIS2_PLACEMENT_3D('',#137070,#137080,#137090);
#137110=CYLINDRICAL_SURFACE('',#137100,0.0500000000000009);
#137120=CARTESIAN_POINT('',(1.52,1.86999999999999,-2.425));
#137130=DIRECTION('',(0.,0.,-1.));
#137140=VECTOR('',#137130,1.);
#137150=LINE('',#137120,#137140);
#137160=EDGE_CURVE('',#136170,#135110,#137150,.T.);
#137170=ORIENTED_EDGE('',*,*,#137160,.F.);
#137180=ORIENTED_EDGE('',*,*,#135120,.T.);
#137190=ORIENTED_EDGE('',*,*,#136990,.T.);
#137200=ORIENTED_EDGE('',*,*,#136270,.F.);
#137210=EDGE_LOOP('',(#137200,#137190,#137180,#137170));
#137220=FACE_OUTER_BOUND('',#137210,.T.);
#137230=ADVANCED_FACE('',(#137220),#137110,.F.);
#137240=CARTESIAN_POINT('',(1.52,1.86999999999999,-2.425));
#137250=DIRECTION('',(-6.40826303888332E-15,-1.,0.));
#137260=DIRECTION('',(1.,-6.40826303888332E-15,0.));
#137270=AXIS2_PLACEMENT_3D('',#137240,#137250,#137260);
#137280=PLANE('',#137270);
#137290=CARTESIAN_POINT('',(1.69000000000001,1.86999999999999,-2.425));
#137300=DIRECTION('',(0.,0.,-1.));
#137310=VECTOR('',#137300,1.);
#137320=LINE('',#137290,#137310);
#137330=EDGE_CURVE('',#136090,#135190,#137320,.T.);
#137340=ORIENTED_EDGE('',*,*,#137330,.F.);
#137350=ORIENTED_EDGE('',*,*,#135200,.T.);
#137360=ORIENTED_EDGE('',*,*,#137160,.T.);
#137370=ORIENTED_EDGE('',*,*,#136180,.F.);
#137380=EDGE_LOOP('',(#137370,#137360,#137350,#137340));
#137390=FACE_OUTER_BOUND('',#137380,.T.);
#137400=ADVANCED_FACE('',(#137390),#137280,.T.);
#137410=CARTESIAN_POINT('',(1.69000000000001,1.86999999999999,-2.425));
#137420=DIRECTION('',(1.,1.22460635382238E-16,-0.));
#137430=DIRECTION('',(-1.22460635382238E-16,1.,0.));
#137440=AXIS2_PLACEMENT_3D('',#137410,#137420,#137430);
#137450=PLANE('',#137440);
#137460=CARTESIAN_POINT('',(1.69,1.94999999999999,-2.425));
#137470=DIRECTION('',(0.,0.,-1.));
#137480=VECTOR('',#137470,1.);
#137490=LINE('',#137460,#137480);
#137500=EDGE_CURVE('',#136010,#135270,#137490,.T.);
#137510=ORIENTED_EDGE('',*,*,#137500,.F.);
#137520=ORIENTED_EDGE('',*,*,#135280,.T.);
#137530=ORIENTED_EDGE('',*,*,#137330,.T.);
#137540=ORIENTED_EDGE('',*,*,#136100,.F.);
#137550=EDGE_LOOP('',(#137540,#137530,#137520,#137510));
#137560=FACE_OUTER_BOUND('',#137550,.T.);
#137570=ADVANCED_FACE('',(#137560),#137450,.T.);
#137580=CARTESIAN_POINT('',(1.64,1.94999999999999,-2.425));
#137590=DIRECTION('',(0.,0.,-1.));
#137600=DIRECTION('',(1.,1.22460635382238E-16,0.));
#137610=AXIS2_PLACEMENT_3D('',#137580,#137590,#137600);
#137620=CYLINDRICAL_SURFACE('',#137610,0.05);
#137630=CARTESIAN_POINT('',(1.64,1.99999999999999,-2.425));
#137640=DIRECTION('',(0.,0.,-1.));
#137650=VECTOR('',#137640,1.);
#137660=LINE('',#137630,#137650);
#137670=EDGE_CURVE('',#135920,#135360,#137660,.T.);
#137680=ORIENTED_EDGE('',*,*,#137670,.F.);
#137690=ORIENTED_EDGE('',*,*,#135370,.F.);
#137700=ORIENTED_EDGE('',*,*,#137500,.T.);
#137710=ORIENTED_EDGE('',*,*,#136020,.T.);
#137720=EDGE_LOOP('',(#137710,#137700,#137690,#137680));
#137730=FACE_OUTER_BOUND('',#137720,.T.);
#137740=ADVANCED_FACE('',(#137730),#137620,.T.);
#137750=CARTESIAN_POINT('',(1.64,1.99999999999999,-2.425));
#137760=DIRECTION('',(-1.22460635382238E-16,1.,0.));
#137770=DIRECTION('',(-1.,-1.22460635382238E-16,0.));
#137780=AXIS2_PLACEMENT_3D('',#137750,#137760,#137770);
#137790=PLANE('',#137780);
#137800=ORIENTED_EDGE('',*,*,#135690,.F.);
#137810=ORIENTED_EDGE('',*,*,#135450,.T.);
#137820=ORIENTED_EDGE('',*,*,#137670,.T.);
#137830=ORIENTED_EDGE('',*,*,#135930,.F.);
#137840=EDGE_LOOP('',(#137830,#137820,#137810,#137800));
#137850=FACE_OUTER_BOUND('',#137840,.T.);
#137860=ADVANCED_FACE('',(#137850),#137790,.T.);
#137870=CARTESIAN_POINT('',(2.96101731916345,2.8223480408227,
-0.544999999999999));
#137880=DIRECTION('',(0.,0.,1.));
#137890=DIRECTION('',(-1.,-1.22460635382238E-16,0.));
#137900=AXIS2_PLACEMENT_3D('',#137870,#137880,#137890);
#137910=PLANE('',#137900);
#137920=CARTESIAN_POINT('',(-0.598843446820725,-1.2350001674835,
-0.544999999999999));
#137930=DIRECTION('',(0.,0.,1.));
#137940=DIRECTION('',(-1.,-1.22460635382238E-16,0.));
#137950=AXIS2_PLACEMENT_3D('',#137920,#137930,#137940);
#137960=CIRCLE('',#137950,0.0999999999999996);
#137970=CARTESIAN_POINT('',(-0.598843446820725,-1.3350001674835,
-0.544999999999999));
#137980=VERTEX_POINT('',#137970);
#137990=EDGE_CURVE('',#137980,#15770,#137960,.T.);
#138000=ORIENTED_EDGE('',*,*,#137990,.T.);
#138010=CARTESIAN_POINT('',(-0.609870584701056,-1.3350001674835,
-0.544999999999999));
#138020=DIRECTION('',(1.,1.22460635382238E-16,0.));
#138030=VECTOR('',#138020,1.);
#138040=LINE('',#138010,#138030);
#138050=CARTESIAN_POINT('',(-0.609870584701056,-1.3350001674835,
-0.544999999999999));
#138060=VERTEX_POINT('',#138050);
#138070=EDGE_CURVE('',#138060,#137980,#138040,.T.);
#138080=ORIENTED_EDGE('',*,*,#138070,.T.);
#138090=CARTESIAN_POINT('',(-0.609999999999996,-1.38500000000002,
-0.544999999999999));
#138100=DIRECTION('',(0.,0.,1.));
#138110=DIRECTION('',(-1.,-1.22460635382238E-16,0.));
#138120=AXIS2_PLACEMENT_3D('',#138090,#138100,#138110);
#138130=CIRCLE('',#138120,0.0499999999999995);
#138140=CARTESIAN_POINT('',(-0.659999999999996,-1.38500000000002,
-0.544999999999999));
#138150=VERTEX_POINT('',#138140);
#138160=EDGE_CURVE('',#138060,#138150,#138130,.T.);
#138170=ORIENTED_EDGE('',*,*,#138160,.F.);
#138180=CARTESIAN_POINT('',(-0.619999999999997,-1.38500000000002,
-0.544999999999999));
#138190=DIRECTION('',(0.,0.,1.));
#138200=DIRECTION('',(-1.,-1.22460635382238E-16,0.));
#138210=AXIS2_PLACEMENT_3D('',#138180,#138190,#138200);
#138220=CIRCLE('',#138210,0.0399999999999978);
#138230=CARTESIAN_POINT('',(-0.644946914281604,-1.41626741863069,
-0.544999999999999));
#138240=VERTEX_POINT('',#138230);
#138250=EDGE_CURVE('',#138150,#138240,#138220,.T.);
#138260=ORIENTED_EDGE('',*,*,#138250,.F.);
#138270=CARTESIAN_POINT('',(-0.554999999999995,-1.50000000000001,
-0.544999999999999));
#138280=DIRECTION('',(-0.731939010275264,0.681370152881139,0.));
#138290=VECTOR('',#138280,1.);
#138300=LINE('',#138270,#138290);
#138310=CARTESIAN_POINT('',(-0.554999999999996,-1.50000000000001,
-0.544999999999999));
#138320=VERTEX_POINT('',#138310);
#138330=EDGE_CURVE('',#138320,#138240,#138300,.T.);
#138340=ORIENTED_EDGE('',*,*,#138330,.T.);
#138350=CARTESIAN_POINT('',(-0.554999999999995,-1.50000000000002,
-0.544999999999999));
#138360=DIRECTION('',(1.,1.22460635382238E-16,0.));
#138370=VECTOR('',#138360,1.);
#138380=LINE('',#138350,#138370);
#138390=EDGE_CURVE('',#138320,#15850,#138380,.T.);
#138400=ORIENTED_EDGE('',*,*,#138390,.F.);
#138410=ORIENTED_EDGE('',*,*,#15860,.F.);
#138420=EDGE_LOOP('',(#138410,#138400,#138340,#138260,#138170,#138080,
#138000));
#138430=FACE_OUTER_BOUND('',#138420,.T.);
#138440=ADVANCED_FACE('',(#138430),#137910,.F.);
#138450=CARTESIAN_POINT('',(-0.598843446820725,-1.2350001674835,
-0.544999999999999));
#138460=DIRECTION('',(0.,0.,1.));
#138470=DIRECTION('',(-1.,-1.22460635382238E-16,0.));
#138480=AXIS2_PLACEMENT_3D('',#138450,#138460,#138470);
#138490=CYLINDRICAL_SURFACE('',#138480,0.0999999999999996);
#138500=CARTESIAN_POINT('',(-0.598843446820725,-1.2350001674835,
-0.424999999999999));
#138510=DIRECTION('',(0.,0.,1.));
#138520=DIRECTION('',(-1.,-1.22460635382238E-16,0.));
#138530=AXIS2_PLACEMENT_3D('',#138500,#138510,#138520);
#138540=CIRCLE('',#138530,0.0999999999999996);
#138550=CARTESIAN_POINT('',(-0.598843446820725,-1.3350001674835,
-0.424999999999999));
#138560=VERTEX_POINT('',#138550);
#138570=EDGE_CURVE('',#138560,#15690,#138540,.T.);
#138580=ORIENTED_EDGE('',*,*,#138570,.T.);
#138590=CARTESIAN_POINT('',(-0.598843446820725,-1.3350001674835,
-0.544999999999999));
#138600=DIRECTION('',(0.,0.,1.));
#138610=VECTOR('',#138600,1.);
#138620=LINE('',#138590,#138610);
#138630=EDGE_CURVE('',#137980,#138560,#138620,.T.);
#138640=ORIENTED_EDGE('',*,*,#138630,.T.);
#138650=ORIENTED_EDGE('',*,*,#137990,.F.);
#138660=ORIENTED_EDGE('',*,*,#15780,.F.);
#138670=EDGE_LOOP('',(#138660,#138650,#138640,#138580));
#138680=FACE_OUTER_BOUND('',#138670,.T.);
#138690=ADVANCED_FACE('',(#138680),#138490,.F.);
#138700=CARTESIAN_POINT('',(2.96101731916345,2.8223480408227,
-0.424999999999999));
#138710=DIRECTION('',(0.,0.,1.));
#138720=DIRECTION('',(-1.,-1.22460635382238E-16,0.));
#138730=AXIS2_PLACEMENT_3D('',#138700,#138710,#138720);
#138740=PLANE('',#138730);
#138750=CARTESIAN_POINT('',(-0.554999999999995,-1.50000000000002,
-0.424999999999999));
#138760=DIRECTION('',(1.,1.22460635382238E-16,0.));
#138770=VECTOR('',#138760,1.);
#138780=LINE('',#138750,#138770);
#138790=CARTESIAN_POINT('',(-0.554999999999996,-1.50000000000001,
-0.424999999999999));
#138800=VERTEX_POINT('',#138790);
#138810=EDGE_CURVE('',#138800,#15670,#138780,.T.);
#138820=ORIENTED_EDGE('',*,*,#138810,.T.);
#138830=CARTESIAN_POINT('',(-0.554999999999995,-1.50000000000001,
-0.424999999999999));
#138840=DIRECTION('',(-0.731939010275264,0.681370152881139,0.));
#138850=VECTOR('',#138840,1.);
#138860=LINE('',#138830,#138850);
#138870=CARTESIAN_POINT('',(-0.644946914281604,-1.41626741863069,
-0.424999999999999));
#138880=VERTEX_POINT('',#138870);
#138890=EDGE_CURVE('',#138800,#138880,#138860,.T.);
#138900=ORIENTED_EDGE('',*,*,#138890,.F.);
#138910=CARTESIAN_POINT('',(-0.619999999999997,-1.38500000000002,
-0.424999999999999));
#138920=DIRECTION('',(0.,0.,1.));
#138930=DIRECTION('',(-1.,-1.22460635382238E-16,0.));
#138940=AXIS2_PLACEMENT_3D('',#138910,#138920,#138930);
#138950=CIRCLE('',#138940,0.0399999999999978);
#138960=CARTESIAN_POINT('',(-0.659999999999996,-1.38500000000002,
-0.424999999999999));
#138970=VERTEX_POINT('',#138960);
#138980=EDGE_CURVE('',#138970,#138880,#138950,.T.);
#138990=ORIENTED_EDGE('',*,*,#138980,.T.);
#139000=CARTESIAN_POINT('',(-0.609999999999996,-1.38500000000002,
-0.424999999999999));
#139010=DIRECTION('',(0.,0.,1.));
#139020=DIRECTION('',(-1.,-1.22460635382238E-16,0.));
#139030=AXIS2_PLACEMENT_3D('',#139000,#139010,#139020);
#139040=CIRCLE('',#139030,0.0499999999999995);
#139050=CARTESIAN_POINT('',(-0.609870584701056,-1.3350001674835,
-0.424999999999999));
#139060=VERTEX_POINT('',#139050);
#139070=EDGE_CURVE('',#139060,#138970,#139040,.T.);
#139080=ORIENTED_EDGE('',*,*,#139070,.T.);
#139090=CARTESIAN_POINT('',(-0.609870584701056,-1.3350001674835,
-0.424999999999999));
#139100=DIRECTION('',(1.,1.22460635382238E-16,0.));
#139110=VECTOR('',#139100,1.);
#139120=LINE('',#139090,#139110);
#139130=EDGE_CURVE('',#139060,#138560,#139120,.T.);
#139140=ORIENTED_EDGE('',*,*,#139130,.F.);
#139150=ORIENTED_EDGE('',*,*,#138570,.F.);
#139160=ORIENTED_EDGE('',*,*,#15700,.T.);
#139170=EDGE_LOOP('',(#139160,#139150,#139140,#139080,#138990,#138900,
#138820));
#139180=FACE_OUTER_BOUND('',#139170,.T.);
#139190=ADVANCED_FACE('',(#139180),#138740,.T.);
#139200=CARTESIAN_POINT('',(-0.554999999999995,-1.50000000000002,
-0.544999999999999));
#139210=DIRECTION('',(-1.22460635382238E-16,1.,0.));
#139220=DIRECTION('',(-1.,-1.22460635382238E-16,0.));
#139230=AXIS2_PLACEMENT_3D('',#139200,#139210,#139220);
#139240=PLANE('',#139230);
#139250=ORIENTED_EDGE('',*,*,#138390,.T.);
#139260=CARTESIAN_POINT('',(-0.554999999999995,-1.50000000000002,
-0.544999999999999));
#139270=DIRECTION('',(0.,0.,-1.));
#139280=VECTOR('',#139270,1.);
#139290=LINE('',#139260,#139280);
#139300=EDGE_CURVE('',#138800,#138320,#139290,.T.);
#139310=ORIENTED_EDGE('',*,*,#139300,.T.);
#139320=ORIENTED_EDGE('',*,*,#138810,.F.);
#139330=ORIENTED_EDGE('',*,*,#15920,.F.);
#139340=EDGE_LOOP('',(#139330,#139320,#139310,#139250));
#139350=FACE_OUTER_BOUND('',#139340,.T.);
#139360=ADVANCED_FACE('',(#139350),#139240,.F.);
#139370=CARTESIAN_POINT('',(-0.554999999999995,-1.50000000000001,
-0.544999999999999));
#139380=DIRECTION('',(-0.681370152881139,-0.731939010275264,-0.));
#139390=DIRECTION('',(-0.731939010275264,0.681370152881139,0.));
#139400=AXIS2_PLACEMENT_3D('',#139370,#139380,#139390);
#139410=PLANE('',#139400);
#139420=CARTESIAN_POINT('',(-0.644946914281604,-1.41626741863069,
-0.544999999999999));
#139430=DIRECTION('',(0.,0.,1.));
#139440=VECTOR('',#139430,1.);
#139450=LINE('',#139420,#139440);
#139460=EDGE_CURVE('',#138240,#138880,#139450,.T.);
#139470=ORIENTED_EDGE('',*,*,#139460,.F.);
#139480=ORIENTED_EDGE('',*,*,#138890,.T.);
#139490=ORIENTED_EDGE('',*,*,#139300,.F.);
#139500=ORIENTED_EDGE('',*,*,#138330,.F.);
#139510=EDGE_LOOP('',(#139500,#139490,#139480,#139470));
#139520=FACE_OUTER_BOUND('',#139510,.T.);
#139530=ADVANCED_FACE('',(#139520),#139410,.T.);
#139540=CARTESIAN_POINT('',(-0.619999999999997,-1.38500000000002,
-0.544999999999999));
#139550=DIRECTION('',(0.,0.,1.));
#139560=DIRECTION('',(-1.,-1.22460635382238E-16,0.));
#139570=AXIS2_PLACEMENT_3D('',#139540,#139550,#139560);
#139580=CYLINDRICAL_SURFACE('',#139570,0.0399999999999978);
#139590=CARTESIAN_POINT('',(-0.659999999999996,-1.38500000000002,
-0.544999999999999));
#139600=DIRECTION('',(0.,0.,1.));
#139610=VECTOR('',#139600,1.);
#139620=LINE('',#139590,#139610);
#139630=EDGE_CURVE('',#138150,#138970,#139620,.T.);
#139640=ORIENTED_EDGE('',*,*,#139630,.F.);
#139650=ORIENTED_EDGE('',*,*,#138980,.F.);
#139660=ORIENTED_EDGE('',*,*,#139460,.T.);
#139670=ORIENTED_EDGE('',*,*,#138250,.T.);
#139680=EDGE_LOOP('',(#139670,#139660,#139650,#139640));
#139690=FACE_OUTER_BOUND('',#139680,.T.);
#139700=ADVANCED_FACE('',(#139690),#139580,.T.);
#139710=CARTESIAN_POINT('',(-0.609999999999996,-1.38500000000002,
-0.544999999999999));
#139720=DIRECTION('',(0.,0.,1.));
#139730=DIRECTION('',(-1.,-1.22460635382238E-16,0.));
#139740=AXIS2_PLACEMENT_3D('',#139710,#139720,#139730);
#139750=CYLINDRICAL_SURFACE('',#139740,0.0499999999999995);
#139760=CARTESIAN_POINT('',(-0.609870584701056,-1.3350001674835,
-0.544999999999999));
#139770=DIRECTION('',(0.,0.,1.));
#139780=VECTOR('',#139770,1.);
#139790=LINE('',#139760,#139780);
#139800=EDGE_CURVE('',#138060,#139060,#139790,.T.);
#139810=ORIENTED_EDGE('',*,*,#139800,.F.);
#139820=ORIENTED_EDGE('',*,*,#139070,.F.);
#139830=ORIENTED_EDGE('',*,*,#139630,.T.);
#139840=ORIENTED_EDGE('',*,*,#138160,.T.);
#139850=EDGE_LOOP('',(#139840,#139830,#139820,#139810));
#139860=FACE_OUTER_BOUND('',#139850,.T.);
#139870=ADVANCED_FACE('',(#139860),#139750,.T.);
#139880=CARTESIAN_POINT('',(-0.609870584701056,-1.3350001674835,
-0.544999999999999));
#139890=DIRECTION('',(-1.22460635382238E-16,1.,0.));
#139900=DIRECTION('',(1.,1.22460635382238E-16,0.));
#139910=AXIS2_PLACEMENT_3D('',#139880,#139890,#139900);
#139920=PLANE('',#139910);
#139930=ORIENTED_EDGE('',*,*,#138630,.F.);
#139940=ORIENTED_EDGE('',*,*,#139130,.T.);
#139950=ORIENTED_EDGE('',*,*,#139800,.T.);
#139960=ORIENTED_EDGE('',*,*,#138070,.F.);
#139970=EDGE_LOOP('',(#139960,#139950,#139940,#139930));
#139980=FACE_OUTER_BOUND('',#139970,.T.);
#139990=ADVANCED_FACE('',(#139980),#139920,.T.);
#140000=CARTESIAN_POINT('',(2.96101731916345,3.3223480408227,
-0.544999999999999));
#140010=DIRECTION('',(0.,0.,1.));
#140020=DIRECTION('',(-1.,-1.22460635382238E-16,0.));
#140030=AXIS2_PLACEMENT_3D('',#140000,#140010,#140020);
#140040=PLANE('',#140030);
#140050=CARTESIAN_POINT('',(-1.39,1.99999999999999,-0.544999999999999));
#140060=DIRECTION('',(0.719844295420684,-0.694135570584233,0.));
#140070=VECTOR('',#140060,1.);
#140080=LINE('',#140050,#140070);
#140090=CARTESIAN_POINT('',(-1.39,1.99999999999999,-0.544999999999999));
#140100=VERTEX_POINT('',#140090);
#140110=EDGE_CURVE('',#140100,#22330,#140080,.T.);
#140120=ORIENTED_EDGE('',*,*,#140110,.T.);
#140130=CARTESIAN_POINT('',(-1.64,1.99999999999999,-0.544999999999999));
#140140=DIRECTION('',(1.,1.22460635382238E-16,0.));
#140150=VECTOR('',#140140,1.);
#140160=LINE('',#140130,#140150);
#140170=CARTESIAN_POINT('',(-1.64,1.99999999999999,-0.544999999999999));
#140180=VERTEX_POINT('',#140170);
#140190=EDGE_CURVE('',#140180,#140100,#140160,.T.);
#140200=ORIENTED_EDGE('',*,*,#140190,.T.);
#140210=CARTESIAN_POINT('',(-1.64,1.94999999999999,-0.544999999999999));
#140220=DIRECTION('',(0.,0.,1.));
#140230=DIRECTION('',(-1.,-1.22460635382238E-16,0.));
#140240=AXIS2_PLACEMENT_3D('',#140210,#140220,#140230);
#140250=CIRCLE('',#140240,0.05);
#140260=CARTESIAN_POINT('',(-1.69,1.94999999999999,-0.544999999999999));
#140270=VERTEX_POINT('',#140260);
#140280=EDGE_CURVE('',#140180,#140270,#140250,.T.);
#140290=ORIENTED_EDGE('',*,*,#140280,.F.);
#140300=CARTESIAN_POINT('',(-1.69,1.86999999999999,-0.544999999999999));
#140310=DIRECTION('',(-1.22460635382238E-16,1.,0.));
#140320=VECTOR('',#140310,1.);
#140330=LINE('',#140300,#140320);
#140340=CARTESIAN_POINT('',(-1.69,1.86999999999999,-0.544999999999999));
#140350=VERTEX_POINT('',#140340);
#140360=EDGE_CURVE('',#140350,#140270,#140330,.T.);
#140370=ORIENTED_EDGE('',*,*,#140360,.T.);
#140380=CARTESIAN_POINT('',(-1.52,1.86999999999999,-0.544999999999999));
#140390=DIRECTION('',(-1.,-6.6531843096478E-15,0.));
#140400=VECTOR('',#140390,1.);
#140410=LINE('',#140380,#140400);
#140420=CARTESIAN_POINT('',(-1.52,1.86999999999999,-0.544999999999999));
#140430=VERTEX_POINT('',#140420);
#140440=EDGE_CURVE('',#140430,#140350,#140410,.T.);
#140450=ORIENTED_EDGE('',*,*,#140440,.T.);
#140460=CARTESIAN_POINT('',(-1.52,1.81999999999999,-0.544999999999999));
#140470=DIRECTION('',(0.,0.,1.));
#140480=DIRECTION('',(-1.,-1.22460635382238E-16,0.));
#140490=AXIS2_PLACEMENT_3D('',#140460,#140470,#140480);
#140500=CIRCLE('',#140490,0.0500000000000009);
#140510=CARTESIAN_POINT('',(-1.47497605610577,1.79825501261876,
-0.544999999999999));
#140520=VERTEX_POINT('',#140510);
#140530=EDGE_CURVE('',#140520,#140430,#140500,.T.);
#140540=ORIENTED_EDGE('',*,*,#140530,.T.);
#140550=CARTESIAN_POINT('',(-1.49502394389422,1.75674498738121,
-0.544999999999999));
#140560=DIRECTION('',(0.434899747624548,0.900478877884487,0.));
#140570=VECTOR('',#140560,1.);
#140580=LINE('',#140550,#140570);
#140590=CARTESIAN_POINT('',(-1.49502394389422,1.75674498738121,
-0.544999999999999));
#140600=VERTEX_POINT('',#140590);
#140610=EDGE_CURVE('',#140600,#140520,#140580,.T.);
#140620=ORIENTED_EDGE('',*,*,#140610,.T.);
#140630=CARTESIAN_POINT('',(-1.45,1.73499999999999,-0.544999999999999));
#140640=DIRECTION('',(0.,0.,1.));
#140650=DIRECTION('',(-1.,-1.22460635382238E-16,0.));
#140660=AXIS2_PLACEMENT_3D('',#140630,#140640,#140650);
#140670=CIRCLE('',#140660,0.0499999999999998);
#140680=CARTESIAN_POINT('',(-1.45,1.68499999999999,-0.544999999999999));
#140690=VERTEX_POINT('',#140680);
#140700=EDGE_CURVE('',#140600,#140690,#140670,.T.);
#140710=ORIENTED_EDGE('',*,*,#140700,.F.);
#140720=CARTESIAN_POINT('',(-1.32,1.68499999999999,-0.544999999999999));
#140730=DIRECTION('',(-1.,-1.22460635382238E-16,0.));
#140740=VECTOR('',#140730,1.);
#140750=LINE('',#140720,#140740);
#140760=EDGE_CURVE('',#22150,#140690,#140750,.T.);
#140770=ORIENTED_EDGE('',*,*,#140760,.T.);
#140780=ORIENTED_EDGE('',*,*,#22400,.F.);
#140790=EDGE_LOOP('',(#140780,#140770,#140710,#140620,#140540,#140450,
#140370,#140290,#140200,#140120));
#140800=FACE_OUTER_BOUND('',#140790,.T.);
#140810=ADVANCED_FACE('',(#140800),#140040,.F.);
#140820=CARTESIAN_POINT('',(-1.32,1.68499999999999,-0.544999999999999));
#140830=DIRECTION('',(1.22460635382238E-16,-1.,0.));
#140840=DIRECTION('',(-1.,-1.22460635382238E-16,0.));
#140850=AXIS2_PLACEMENT_3D('',#140820,#140830,#140840);
#140860=PLANE('',#140850);
#140870=CARTESIAN_POINT('',(-1.45,1.68499999999999,-0.544999999999999));
#140880=DIRECTION('',(0.,0.,1.));
#140890=VECTOR('',#140880,1.);
#140900=LINE('',#140870,#140890);
#140910=CARTESIAN_POINT('',(-1.45,1.68499999999999,-0.424999999999999));
#140920=VERTEX_POINT('',#140910);
#140930=EDGE_CURVE('',#140690,#140920,#140900,.T.);
#140940=ORIENTED_EDGE('',*,*,#140930,.F.);
#140950=CARTESIAN_POINT('',(-1.32,1.68499999999999,-0.424999999999999));
#140960=DIRECTION('',(-1.,-1.22460635382238E-16,0.));
#140970=VECTOR('',#140960,1.);
#140980=LINE('',#140950,#140970);
#140990=EDGE_CURVE('',#22170,#140920,#140980,.T.);
#141000=ORIENTED_EDGE('',*,*,#140990,.T.);
#141010=ORIENTED_EDGE('',*,*,#22180,.T.);
#141020=ORIENTED_EDGE('',*,*,#140760,.F.);
#141030=EDGE_LOOP('',(#141020,#141010,#141000,#140940));
#141040=FACE_OUTER_BOUND('',#141030,.T.);
#141050=ADVANCED_FACE('',(#141040),#140860,.T.);
#141060=CARTESIAN_POINT('',(2.96101731916345,3.3223480408227,
-0.424999999999999));
#141070=DIRECTION('',(0.,0.,1.));
#141080=DIRECTION('',(-1.,-1.22460635382238E-16,0.));
#141090=AXIS2_PLACEMENT_3D('',#141060,#141070,#141080);
#141100=PLANE('',#141090);
#141110=ORIENTED_EDGE('',*,*,#140990,.F.);
#141120=CARTESIAN_POINT('',(-1.45,1.73499999999999,-0.424999999999999));
#141130=DIRECTION('',(0.,0.,1.));
#141140=DIRECTION('',(-1.,-1.22460635382238E-16,0.));
#141150=AXIS2_PLACEMENT_3D('',#141120,#141130,#141140);
#141160=CIRCLE('',#141150,0.0499999999999998);
#141170=CARTESIAN_POINT('',(-1.49502394389422,1.75674498738121,
-0.424999999999999));
#141180=VERTEX_POINT('',#141170);
#141190=EDGE_CURVE('',#141180,#140920,#141160,.T.);
#141200=ORIENTED_EDGE('',*,*,#141190,.T.);
#141210=CARTESIAN_POINT('',(-1.49502394389422,1.75674498738121,
-0.424999999999999));
#141220=DIRECTION('',(0.434899747624548,0.900478877884487,0.));
#141230=VECTOR('',#141220,1.);
#141240=LINE('',#141210,#141230);
#141250=CARTESIAN_POINT('',(-1.47497605610577,1.79825501261876,
-0.424999999999999));
#141260=VERTEX_POINT('',#141250);
#141270=EDGE_CURVE('',#141180,#141260,#141240,.T.);
#141280=ORIENTED_EDGE('',*,*,#141270,.F.);
#141290=CARTESIAN_POINT('',(-1.52,1.81999999999999,-0.424999999999999));
#141300=DIRECTION('',(0.,0.,1.));
#141310=DIRECTION('',(-1.,-1.22460635382238E-16,0.));
#141320=AXIS2_PLACEMENT_3D('',#141290,#141300,#141310);
#141330=CIRCLE('',#141320,0.0500000000000009);
#141340=CARTESIAN_POINT('',(-1.52,1.86999999999999,-0.424999999999999));
#141350=VERTEX_POINT('',#141340);
#141360=EDGE_CURVE('',#141260,#141350,#141330,.T.);
#141370=ORIENTED_EDGE('',*,*,#141360,.F.);
#141380=CARTESIAN_POINT('',(-1.52,1.86999999999999,-0.424999999999999));
#141390=DIRECTION('',(-1.,-6.6531843096478E-15,0.));
#141400=VECTOR('',#141390,1.);
#141410=LINE('',#141380,#141400);
#141420=CARTESIAN_POINT('',(-1.69,1.86999999999999,-0.424999999999999));
#141430=VERTEX_POINT('',#141420);
#141440=EDGE_CURVE('',#141350,#141430,#141410,.T.);
#141450=ORIENTED_EDGE('',*,*,#141440,.F.);
#141460=CARTESIAN_POINT('',(-1.69,1.86999999999999,-0.424999999999999));
#141470=DIRECTION('',(-1.22460635382238E-16,1.,0.));
#141480=VECTOR('',#141470,1.);
#141490=LINE('',#141460,#141480);
#141500=CARTESIAN_POINT('',(-1.69,1.94999999999999,-0.424999999999999));
#141510=VERTEX_POINT('',#141500);
#141520=EDGE_CURVE('',#141430,#141510,#141490,.T.);
#141530=ORIENTED_EDGE('',*,*,#141520,.F.);
#141540=CARTESIAN_POINT('',(-1.64,1.94999999999999,-0.424999999999999));
#141550=DIRECTION('',(0.,0.,1.));
#141560=DIRECTION('',(-1.,-1.22460635382238E-16,0.));
#141570=AXIS2_PLACEMENT_3D('',#141540,#141550,#141560);
#141580=CIRCLE('',#141570,0.05);
#141590=CARTESIAN_POINT('',(-1.64,1.99999999999999,-0.424999999999999));
#141600=VERTEX_POINT('',#141590);
#141610=EDGE_CURVE('',#141600,#141510,#141580,.T.);
#141620=ORIENTED_EDGE('',*,*,#141610,.T.);
#141630=CARTESIAN_POINT('',(-1.64,1.99999999999999,-0.424999999999999));
#141640=DIRECTION('',(1.,1.22460635382238E-16,0.));
#141650=VECTOR('',#141640,1.);
#141660=LINE('',#141630,#141650);
#141670=CARTESIAN_POINT('',(-1.39,1.99999999999999,-0.424999999999999));
#141680=VERTEX_POINT('',#141670);
#141690=EDGE_CURVE('',#141600,#141680,#141660,.T.);
#141700=ORIENTED_EDGE('',*,*,#141690,.F.);
#141710=CARTESIAN_POINT('',(-1.39,1.99999999999999,-0.424999999999999));
#141720=DIRECTION('',(0.719844295420684,-0.694135570584233,0.));
#141730=VECTOR('',#141720,1.);
#141740=LINE('',#141710,#141730);
#141750=EDGE_CURVE('',#141680,#22250,#141740,.T.);
#141760=ORIENTED_EDGE('',*,*,#141750,.F.);
#141770=ORIENTED_EDGE('',*,*,#22260,.T.);
#141780=EDGE_LOOP('',(#141770,#141760,#141700,#141620,#141530,#141450,
#141370,#141280,#141200,#141110));
#141790=FACE_OUTER_BOUND('',#141780,.T.);
#141800=ADVANCED_FACE('',(#141790),#141100,.T.);
#141810=CARTESIAN_POINT('',(-1.39,1.99999999999999,-0.544999999999999));
#141820=DIRECTION('',(0.694135570584233,0.719844295420684,0.));
#141830=DIRECTION('',(0.719844295420684,-0.694135570584233,0.));
#141840=AXIS2_PLACEMENT_3D('',#141810,#141820,#141830);
#141850=PLANE('',#141840);
#141860=ORIENTED_EDGE('',*,*,#141750,.T.);
#141870=CARTESIAN_POINT('',(-1.39,1.99999999999999,-0.544999999999999));
#141880=DIRECTION('',(0.,0.,1.));
#141890=VECTOR('',#141880,1.);
#141900=LINE('',#141870,#141890);
#141910=EDGE_CURVE('',#140100,#141680,#141900,.T.);
#141920=ORIENTED_EDGE('',*,*,#141910,.T.);
#141930=ORIENTED_EDGE('',*,*,#140110,.F.);
#141940=ORIENTED_EDGE('',*,*,#22340,.T.);
#141950=EDGE_LOOP('',(#141940,#141930,#141920,#141860));
#141960=FACE_OUTER_BOUND('',#141950,.T.);
#141970=ADVANCED_FACE('',(#141960),#141850,.T.);
#141980=CARTESIAN_POINT('',(-1.64,1.99999999999999,-0.544999999999999));
#141990=DIRECTION('',(-1.22460635382238E-16,1.,0.));
#142000=DIRECTION('',(1.,1.22460635382238E-16,0.));
#142010=AXIS2_PLACEMENT_3D('',#141980,#141990,#142000);
#142020=PLANE('',#142010);
#142030=ORIENTED_EDGE('',*,*,#141910,.F.);
#142040=ORIENTED_EDGE('',*,*,#141690,.T.);
#142050=CARTESIAN_POINT('',(-1.64,1.99999999999999,-0.544999999999999));
#142060=DIRECTION('',(0.,0.,1.));
#142070=VECTOR('',#142060,1.);
#142080=LINE('',#142050,#142070);
#142090=EDGE_CURVE('',#140180,#141600,#142080,.T.);
#142100=ORIENTED_EDGE('',*,*,#142090,.T.);
#142110=ORIENTED_EDGE('',*,*,#140190,.F.);
#142120=EDGE_LOOP('',(#142110,#142100,#142040,#142030));
#142130=FACE_OUTER_BOUND('',#142120,.T.);
#142140=ADVANCED_FACE('',(#142130),#142020,.T.);
#142150=CARTESIAN_POINT('',(-1.64,1.94999999999999,-0.544999999999999));
#142160=DIRECTION('',(0.,0.,1.));
#142170=DIRECTION('',(-1.,-1.22460635382238E-16,0.));
#142180=AXIS2_PLACEMENT_3D('',#142150,#142160,#142170);
#142190=CYLINDRICAL_SURFACE('',#142180,0.05);
#142200=ORIENTED_EDGE('',*,*,#142090,.F.);
#142210=ORIENTED_EDGE('',*,*,#141610,.F.);
#142220=CARTESIAN_POINT('',(-1.69,1.94999999999999,-0.544999999999999));
#142230=DIRECTION('',(0.,0.,1.));
#142240=VECTOR('',#142230,1.);
#142250=LINE('',#142220,#142240);
#142260=EDGE_CURVE('',#140270,#141510,#142250,.T.);
#142270=ORIENTED_EDGE('',*,*,#142260,.T.);
#142280=ORIENTED_EDGE('',*,*,#140280,.T.);
#142290=EDGE_LOOP('',(#142280,#142270,#142210,#142200));
#142300=FACE_OUTER_BOUND('',#142290,.T.);
#142310=ADVANCED_FACE('',(#142300),#142190,.T.);
#142320=CARTESIAN_POINT('',(-1.69,1.86999999999999,-0.544999999999999));
#142330=DIRECTION('',(-1.,-1.22460635382238E-16,-0.));
#142340=DIRECTION('',(-1.22460635382238E-16,1.,0.));
#142350=AXIS2_PLACEMENT_3D('',#142320,#142330,#142340);
#142360=PLANE('',#142350);
#142370=ORIENTED_EDGE('',*,*,#142260,.F.);
#142380=ORIENTED_EDGE('',*,*,#141520,.T.);
#142390=CARTESIAN_POINT('',(-1.69,1.86999999999999,-0.544999999999999));
#142400=DIRECTION('',(0.,0.,1.));
#142410=VECTOR('',#142400,1.);
#142420=LINE('',#142390,#142410);
#142430=EDGE_CURVE('',#140350,#141430,#142420,.T.);
#142440=ORIENTED_EDGE('',*,*,#142430,.T.);
#142450=ORIENTED_EDGE('',*,*,#140360,.F.);
#142460=EDGE_LOOP('',(#142450,#142440,#142380,#142370));
#142470=FACE_OUTER_BOUND('',#142460,.T.);
#142480=ADVANCED_FACE('',(#142470),#142360,.T.);
#142490=CARTESIAN_POINT('',(-1.52,1.86999999999999,-0.544999999999999));
#142500=DIRECTION('',(6.6531843096478E-15,-1.,0.));
#142510=DIRECTION('',(-1.,-6.6531843096478E-15,0.));
#142520=AXIS2_PLACEMENT_3D('',#142490,#142500,#142510);
#142530=PLANE('',#142520);
#142540=ORIENTED_EDGE('',*,*,#142430,.F.);
#142550=ORIENTED_EDGE('',*,*,#141440,.T.);
#142560=CARTESIAN_POINT('',(-1.52,1.86999999999999,-0.544999999999999));
#142570=DIRECTION('',(0.,0.,1.));
#142580=VECTOR('',#142570,1.);
#142590=LINE('',#142560,#142580);
#142600=EDGE_CURVE('',#140430,#141350,#142590,.T.);
#142610=ORIENTED_EDGE('',*,*,#142600,.T.);
#142620=ORIENTED_EDGE('',*,*,#140440,.F.);
#142630=EDGE_LOOP('',(#142620,#142610,#142550,#142540));
#142640=FACE_OUTER_BOUND('',#142630,.T.);
#142650=ADVANCED_FACE('',(#142640),#142530,.T.);
#142660=CARTESIAN_POINT('',(-1.52,1.81999999999999,-0.544999999999999));
#142670=DIRECTION('',(0.,0.,1.));
#142680=DIRECTION('',(-1.,-1.22460635382238E-16,0.));
#142690=AXIS2_PLACEMENT_3D('',#142660,#142670,#142680);
#142700=CYLINDRICAL_SURFACE('',#142690,0.0500000000000009);
#142710=ORIENTED_EDGE('',*,*,#142600,.F.);
#142720=ORIENTED_EDGE('',*,*,#141360,.T.);
#142730=CARTESIAN_POINT('',(-1.47497605610577,1.79825501261876,
-0.544999999999999));
#142740=DIRECTION('',(0.,0.,1.));
#142750=VECTOR('',#142740,1.);
#142760=LINE('',#142730,#142750);
#142770=EDGE_CURVE('',#140520,#141260,#142760,.T.);
#142780=ORIENTED_EDGE('',*,*,#142770,.T.);
#142790=ORIENTED_EDGE('',*,*,#140530,.F.);
#142800=EDGE_LOOP('',(#142790,#142780,#142720,#142710));
#142810=FACE_OUTER_BOUND('',#142800,.T.);
#142820=ADVANCED_FACE('',(#142810),#142700,.F.);
#142830=CARTESIAN_POINT('',(-1.49502394389422,1.75674498738121,
-0.544999999999999));
#142840=DIRECTION('',(-0.900478877884487,0.434899747624548,0.));
#142850=DIRECTION('',(0.434899747624548,0.900478877884487,0.));
#142860=AXIS2_PLACEMENT_3D('',#142830,#142840,#142850);
#142870=PLANE('',#142860);
#142880=ORIENTED_EDGE('',*,*,#142770,.F.);
#142890=ORIENTED_EDGE('',*,*,#141270,.T.);
#142900=CARTESIAN_POINT('',(-1.49502394389422,1.75674498738121,
-0.544999999999999));
#142910=DIRECTION('',(0.,0.,1.));
#142920=VECTOR('',#142910,1.);
#142930=LINE('',#142900,#142920);
#142940=EDGE_CURVE('',#140600,#141180,#142930,.T.);
#142950=ORIENTED_EDGE('',*,*,#142940,.T.);
#142960=ORIENTED_EDGE('',*,*,#140610,.F.);
#142970=EDGE_LOOP('',(#142960,#142950,#142890,#142880));
#142980=FACE_OUTER_BOUND('',#142970,.T.);
#142990=ADVANCED_FACE('',(#142980),#142870,.T.);
#143000=CARTESIAN_POINT('',(-1.45,1.73499999999999,-0.544999999999999));
#143010=DIRECTION('',(0.,0.,1.));
#143020=DIRECTION('',(-1.,-1.22460635382238E-16,0.));
#143030=AXIS2_PLACEMENT_3D('',#143000,#143010,#143020);
#143040=CYLINDRICAL_SURFACE('',#143030,0.0499999999999998);
#143050=ORIENTED_EDGE('',*,*,#142940,.F.);
#143060=ORIENTED_EDGE('',*,*,#141190,.F.);
#143070=ORIENTED_EDGE('',*,*,#140930,.T.);
#143080=ORIENTED_EDGE('',*,*,#140700,.T.);
#143090=EDGE_LOOP('',(#143080,#143070,#143060,#143050));
#143100=FACE_OUTER_BOUND('',#143090,.T.);
#143110=ADVANCED_FACE('',(#143100),#143040,.T.);
#143120=CARTESIAN_POINT('',(2.96101731916345,2.8223480408227,-3.625));
#143130=DIRECTION('',(0.,0.,1.));
#143140=DIRECTION('',(-1.,-1.22460635382238E-16,0.));
#143150=AXIS2_PLACEMENT_3D('',#143120,#143130,#143140);
#143160=PLANE('',#143150);
#143170=ORIENTED_EDGE('',*,*,#10770,.T.);
#143180=CARTESIAN_POINT('',(-0.554999999999995,-1.50000000000001,-3.625)
);
#143190=DIRECTION('',(-0.731939010275264,0.681370152881139,0.));
#143200=VECTOR('',#143190,1.);
#143210=LINE('',#143180,#143200);
#143220=CARTESIAN_POINT('',(-0.644946914281604,-1.41626741863069,-3.625)
);
#143230=VERTEX_POINT('',#143220);
#143240=EDGE_CURVE('',#10680,#143230,#143210,.T.);
#143250=ORIENTED_EDGE('',*,*,#143240,.F.);
#143260=CARTESIAN_POINT('',(-0.619999999999997,-1.38500000000002,-3.625)
);
#143270=DIRECTION('',(0.,0.,1.));
#143280=DIRECTION('',(-1.,-1.22460635382238E-16,0.));
#143290=AXIS2_PLACEMENT_3D('',#143260,#143270,#143280);
#143300=CIRCLE('',#143290,0.0399999999999978);
#143310=CARTESIAN_POINT('',(-0.659999999999996,-1.38500000000002,-3.625)
);
#143320=VERTEX_POINT('',#143310);
#143330=EDGE_CURVE('',#143320,#143230,#143300,.T.);
#143340=ORIENTED_EDGE('',*,*,#143330,.T.);
#143350=CARTESIAN_POINT('',(-0.609999999999996,-1.38500000000002,-3.625)
);
#143360=DIRECTION('',(0.,0.,1.));
#143370=DIRECTION('',(-1.,-1.22460635382238E-16,0.));
#143380=AXIS2_PLACEMENT_3D('',#143350,#143360,#143370);
#143390=CIRCLE('',#143380,0.0499999999999995);
#143400=EDGE_CURVE('',#24330,#143320,#143390,.T.);
#143410=ORIENTED_EDGE('',*,*,#143400,.T.);
#143420=ORIENTED_EDGE('',*,*,#24340,.F.);
#143430=ORIENTED_EDGE('',*,*,#18040,.F.);
#143440=ORIENTED_EDGE('',*,*,#15440,.T.);
#143450=EDGE_LOOP('',(#143440,#143430,#143420,#143410,#143340,#143250,
#143170));
#143460=FACE_OUTER_BOUND('',#143450,.T.);
#143470=ADVANCED_FACE('',(#143460),#143160,.T.);
#143480=CARTESIAN_POINT('',(-0.554999999999995,-1.50000000000001,-3.745)
);
#143490=DIRECTION('',(-0.681370152881139,-0.731939010275264,-0.));
#143500=DIRECTION('',(-0.731939010275264,0.681370152881139,0.));
#143510=AXIS2_PLACEMENT_3D('',#143480,#143490,#143500);
#143520=PLANE('',#143510);
#143530=CARTESIAN_POINT('',(-0.644946914281604,-1.41626741863069,-3.745)
);
#143540=DIRECTION('',(0.,0.,1.));
#143550=VECTOR('',#143540,1.);
#143560=LINE('',#143530,#143550);
#143570=EDGE_CURVE('',#33310,#143230,#143560,.T.);
#143580=ORIENTED_EDGE('',*,*,#143570,.F.);
#143590=ORIENTED_EDGE('',*,*,#143240,.T.);
#143600=ORIENTED_EDGE('',*,*,#10690,.F.);
#143610=ORIENTED_EDGE('',*,*,#33380,.F.);
#143620=EDGE_LOOP('',(#143610,#143600,#143590,#143580));
#143630=FACE_OUTER_BOUND('',#143620,.T.);
#143640=ADVANCED_FACE('',(#143630),#143520,.T.);
#143650=CARTESIAN_POINT('',(-0.619999999999997,-1.38500000000002,-3.745)
);
#143660=DIRECTION('',(0.,0.,1.));
#143670=DIRECTION('',(-1.,-1.22460635382238E-16,0.));
#143680=AXIS2_PLACEMENT_3D('',#143650,#143660,#143670);
#143690=CYLINDRICAL_SURFACE('',#143680,0.0399999999999978);
#143700=CARTESIAN_POINT('',(-0.659999999999996,-1.38500000000002,-3.745)
);
#143710=DIRECTION('',(0.,0.,1.));
#143720=VECTOR('',#143710,1.);
#143730=LINE('',#143700,#143720);
#143740=EDGE_CURVE('',#33220,#143320,#143730,.T.);
#143750=ORIENTED_EDGE('',*,*,#143740,.F.);
#143760=ORIENTED_EDGE('',*,*,#143330,.F.);
#143770=ORIENTED_EDGE('',*,*,#143570,.T.);
#143780=ORIENTED_EDGE('',*,*,#33320,.T.);
#143790=EDGE_LOOP('',(#143780,#143770,#143760,#143750));
#143800=FACE_OUTER_BOUND('',#143790,.T.);
#143810=ADVANCED_FACE('',(#143800),#143690,.T.);
#143820=CARTESIAN_POINT('',(-0.609999999999996,-1.38500000000002,-3.745)
);
#143830=DIRECTION('',(0.,0.,1.));
#143840=DIRECTION('',(-1.,-1.22460635382238E-16,0.));
#143850=AXIS2_PLACEMENT_3D('',#143820,#143830,#143840);
#143860=CYLINDRICAL_SURFACE('',#143850,0.0499999999999995);
#143870=ORIENTED_EDGE('',*,*,#24420,.F.);
#143880=ORIENTED_EDGE('',*,*,#143400,.F.);
#143890=ORIENTED_EDGE('',*,*,#143740,.T.);
#143900=ORIENTED_EDGE('',*,*,#33230,.T.);
#143910=EDGE_LOOP('',(#143900,#143890,#143880,#143870));
#143920=FACE_OUTER_BOUND('',#143910,.T.);
#143930=ADVANCED_FACE('',(#143920),#143860,.T.);
#143940=CARTESIAN_POINT('',(0.495,-0.9625,0.154999999999997));
#143950=DIRECTION('',(0.707106781186546,8.65927457071934E-17,
0.707106781186549));
#143960=DIRECTION('',(-0.707106781186549,-7.85046229341889E-16,
0.707106781186546));
#143970=AXIS2_PLACEMENT_3D('',#143940,#143950,#143960);
#143980=PLANE('',#143970);
#143990=ORIENTED_EDGE('',*,*,#29040,.F.);
#144000=ORIENTED_EDGE('',*,*,#11130,.F.);
#144010=ORIENTED_EDGE('',*,*,#10300,.T.);
#144020=CARTESIAN_POINT('',(0.52,-0.475,0.129999999999996));
#144030=DIRECTION('',(0.707106781186549,3.33066907387547E-16,
-0.707106781186546));
#144040=VECTOR('',#144030,1.);
#144050=LINE('',#144020,#144040);
#144060=EDGE_CURVE('',#10270,#29030,#144050,.T.);
#144070=ORIENTED_EDGE('',*,*,#144060,.F.);
#144080=EDGE_LOOP('',(#144070,#144010,#144000,#143990));
#144090=FACE_OUTER_BOUND('',#144080,.T.);
#144100=ADVANCED_FACE('',(#144090),#143980,.T.);
#144110=CARTESIAN_POINT('',(0.495,-0.9625,-3.925));
#144120=DIRECTION('',(-0.707106781186548,-8.65927457071936E-17,
0.707106781186547));
#144130=DIRECTION('',(0.707106781186547,7.85046229341887E-16,
0.707106781186548));
#144140=AXIS2_PLACEMENT_3D('',#144110,#144120,#144130);
#144150=PLANE('',#144140);
#144160=ORIENTED_EDGE('',*,*,#19150,.T.);
#144170=ORIENTED_EDGE('',*,*,#23870,.F.);
#144180=ORIENTED_EDGE('',*,*,#28950,.F.);
#144190=CARTESIAN_POINT('',(0.47,-0.474999999999999,-3.95));
#144200=DIRECTION('',(0.707106781186547,1.66533453693774E-16,
0.707106781186548));
#144210=VECTOR('',#144200,1.);
#144220=LINE('',#144190,#144210);
#144230=EDGE_CURVE('',#18900,#28940,#144220,.T.);
#144240=ORIENTED_EDGE('',*,*,#144230,.T.);
#144250=EDGE_LOOP('',(#144240,#144180,#144170,#144160));
#144260=FACE_OUTER_BOUND('',#144250,.T.);
#144270=ADVANCED_FACE('',(#144260),#144150,.F.);
#144280=CARTESIAN_POINT('',(-0.494999999999999,-0.9625,-3.925));
#144290=DIRECTION('',(0.707106781186548,-7.87962071035974E-17,
0.707106781186548));
#144300=DIRECTION('',(0.707106781186547,0.,-0.707106781186547));
#144310=AXIS2_PLACEMENT_3D('',#144280,#144290,#144300);
#144320=PLANE('',#144310);
#144330=ORIENTED_EDGE('',*,*,#17810,.T.);
#144340=ORIENTED_EDGE('',*,*,#23940,.F.);
#144350=ORIENTED_EDGE('',*,*,#19010,.F.);
#144360=CARTESIAN_POINT('',(-0.469999999999999,-0.475,-3.95));
#144370=DIRECTION('',(0.707106781186548,2.77555756156289E-16,
-0.707106781186548));
#144380=VECTOR('',#144370,1.);
#144390=LINE('',#144360,#144380);
#144400=EDGE_CURVE('',#17800,#18920,#144390,.T.);
#144410=ORIENTED_EDGE('',*,*,#144400,.T.);
#144420=EDGE_LOOP('',(#144410,#144350,#144340,#144330));
#144430=FACE_OUTER_BOUND('',#144420,.T.);
#144440=ADVANCED_FACE('',(#144430),#144320,.F.);
#144450=CARTESIAN_POINT('',(5.55111512312578E-16,-0.45,-4.));
#144460=DIRECTION('',(2.62395290203238E-16,-0.707106781186546,
-0.707106781186549));
#144470=DIRECTION('',(0.,-0.707106781186549,0.707106781186546));
#144480=AXIS2_PLACEMENT_3D('',#144450,#144460,#144470);
#144490=PLANE('',#144480);
#144500=CARTESIAN_POINT('',(-0.64175144212723,0.,-4.45));
#144510=DIRECTION('',(0.281084637714834,-0.678598344545845,
0.678598344545843));
#144520=VECTOR('',#144510,1.);
#144530=LINE('',#144500,#144520);
#144540=EDGE_CURVE('',#6210,#18920,#144530,.T.);
#144550=ORIENTED_EDGE('',*,*,#144540,.F.);
#144560=ORIENTED_EDGE('',*,*,#18930,.T.);
#144570=CARTESIAN_POINT('',(0.641751442127236,0.,-4.45));
#144580=DIRECTION('',(0.281084637714842,0.678598344545844,
-0.678598344545842));
#144590=VECTOR('',#144580,1.);
#144600=LINE('',#144570,#144590);
#144610=EDGE_CURVE('',#18900,#5710,#144600,.T.);
#144620=ORIENTED_EDGE('',*,*,#144610,.F.);
#144630=ORIENTED_EDGE('',*,*,#6280,.F.);
#144640=EDGE_LOOP('',(#144630,#144620,#144560,#144550));
#144650=FACE_OUTER_BOUND('',#144640,.T.);
#144660=ADVANCED_FACE('',(#144650),#144490,.T.);
#144670=CARTESIAN_POINT('',(-0.487677669529663,-0.45,-3.96767766952966))
;
#144680=DIRECTION('',(-0.499999999999997,-0.707106781186552,
-0.499999999999997));
#144690=DIRECTION('',(-0.500000000000003,0.707106781186543,
-0.500000000000003));
#144700=AXIS2_PLACEMENT_3D('',#144670,#144680,#144690);
#144710=PLANE('',#144700);
#144720=ORIENTED_EDGE('',*,*,#144540,.T.);
#144730=ORIENTED_EDGE('',*,*,#6220,.T.);
#144740=CARTESIAN_POINT('',(-1.02,0.,-4.07175144212723));
#144750=DIRECTION('',(0.678598344545844,-0.678598344545845,
0.281084637714833));
#144760=VECTOR('',#144750,1.);
#144770=LINE('',#144740,#144760);
#144780=EDGE_CURVE('',#6130,#17800,#144770,.T.);
#144790=ORIENTED_EDGE('',*,*,#144780,.F.);
#144800=ORIENTED_EDGE('',*,*,#144400,.F.);
#144810=EDGE_LOOP('',(#144800,#144790,#144730,#144720));
#144820=FACE_OUTER_BOUND('',#144810,.T.);
#144830=ADVANCED_FACE('',(#144820),#144710,.T.);
#144840=CARTESIAN_POINT('',(-0.569999999999999,-0.45,-1.92035533905933))
;
#144850=DIRECTION('',(-0.707106781186548,-0.707106781186547,
-8.65927457071935E-17));
#144860=DIRECTION('',(-0.707106781186547,0.707106781186548,0.));
#144870=AXIS2_PLACEMENT_3D('',#144840,#144850,#144860);
#144880=PLANE('',#144870);
#144890=ORIENTED_EDGE('',*,*,#144780,.T.);
#144900=ORIENTED_EDGE('',*,*,#6140,.T.);
#144910=CARTESIAN_POINT('',(-1.02,0.,0.30175144212722));
#144920=DIRECTION('',(0.678598344545846,-0.678598344545846,
-0.281084637714825));
#144930=VECTOR('',#144920,1.);
#144940=LINE('',#144910,#144930);
#144950=EDGE_CURVE('',#6050,#10050,#144940,.T.);
#144960=ORIENTED_EDGE('',*,*,#144950,.F.);
#144970=ORIENTED_EDGE('',*,*,#17870,.F.);
#144980=EDGE_LOOP('',(#144970,#144960,#144900,#144890));
#144990=FACE_OUTER_BOUND('',#144980,.T.);
#145000=ADVANCED_FACE('',(#144990),#144880,.T.);
#145010=CARTESIAN_POINT('',(0.487677669529664,-0.449999999999999,
-3.96767766952966));
#145020=DIRECTION('',(0.499999999999995,-0.707106781186555,
-0.499999999999995));
#145030=DIRECTION('',(0.499999999999999,0.70710678118654,
-0.500000000000012));
#145040=AXIS2_PLACEMENT_3D('',#145010,#145020,#145030);
#145050=PLANE('',#145040);
#145060=CARTESIAN_POINT('',(1.02,0.,-4.07175144212723));
#145070=DIRECTION('',(-0.678598344545843,-0.678598344545843,
0.28108463771484));
#145080=VECTOR('',#145070,1.);
#145090=LINE('',#145060,#145080);
#145100=EDGE_CURVE('',#5730,#28940,#145090,.T.);
#145110=ORIENTED_EDGE('',*,*,#145100,.T.);
#145120=ORIENTED_EDGE('',*,*,#5740,.T.);
#145130=ORIENTED_EDGE('',*,*,#144610,.T.);
#145140=ORIENTED_EDGE('',*,*,#144230,.F.);
#145150=EDGE_LOOP('',(#145140,#145130,#145120,#145110));
#145160=FACE_OUTER_BOUND('',#145150,.T.);
#145170=ADVANCED_FACE('',(#145160),#145050,.T.);
#145180=CARTESIAN_POINT('',(0.57,-0.45,-1.92035533905933));
#145190=DIRECTION('',(-0.707106781186548,0.707106781186547,
8.65927457071935E-17));
#145200=DIRECTION('',(0.707106781186547,0.707106781186548,0.));
#145210=AXIS2_PLACEMENT_3D('',#145180,#145190,#145200);
#145220=PLANE('',#145210);
#145230=CARTESIAN_POINT('',(1.02,0.,0.301751442127217));
#145240=DIRECTION('',(0.678598344545847,0.678598344545847,
0.281084637714821));
#145250=VECTOR('',#145240,1.);
#145260=LINE('',#145230,#145250);
#145270=EDGE_CURVE('',#29030,#5810,#145260,.T.);
#145280=ORIENTED_EDGE('',*,*,#145270,.F.);
#145290=ORIENTED_EDGE('',*,*,#5820,.F.);
#145300=ORIENTED_EDGE('',*,*,#145100,.F.);
#145310=ORIENTED_EDGE('',*,*,#29100,.T.);
#145320=EDGE_LOOP('',(#145310,#145300,#145290,#145280));
#145330=FACE_OUTER_BOUND('',#145320,.T.);
#145340=ADVANCED_FACE('',(#145330),#145220,.F.);
#145350=CARTESIAN_POINT('',(0.537677669529664,-0.45,0.14767766952966));
#145360=DIRECTION('',(-0.5,0.707106781186547,-0.500000000000001));
#145370=DIRECTION('',(0.499999999999996,0.707106781186548,
0.500000000000004));
#145380=AXIS2_PLACEMENT_3D('',#145350,#145360,#145370);
#145390=PLANE('',#145380);
#145400=CARTESIAN_POINT('',(0.641751442127219,0.,0.679999999999996));
#145410=DIRECTION('',(0.281084637714819,0.678598344545847,
0.678598344545847));
#145420=VECTOR('',#145410,1.);
#145430=LINE('',#145400,#145420);
#145440=EDGE_CURVE('',#10270,#5890,#145430,.T.);
#145450=ORIENTED_EDGE('',*,*,#145440,.F.);
#145460=ORIENTED_EDGE('',*,*,#5900,.F.);
#145470=ORIENTED_EDGE('',*,*,#145270,.T.);
#145480=ORIENTED_EDGE('',*,*,#144060,.T.);
#145490=EDGE_LOOP('',(#145480,#145470,#145460,#145450));
#145500=FACE_OUTER_BOUND('',#145490,.T.);
#145510=ADVANCED_FACE('',(#145500),#145390,.F.);
#145520=CARTESIAN_POINT('',(0.0353553390593279,-0.45,0.229999999999997))
;
#145530=DIRECTION('',(-2.62395290203238E-16,0.707106781186548,
-0.707106781186548));
#145540=DIRECTION('',(0.,0.707106781186547,0.707106781186547));
#145550=AXIS2_PLACEMENT_3D('',#145520,#145530,#145540);
#145560=PLANE('',#145550);
#145570=CARTESIAN_POINT('',(-0.360086219713515,-0.679999999999997,0.));
#145580=DIRECTION('',(0.281084637714823,-0.678598344545847,
-0.678598344545847));
#145590=VECTOR('',#145580,1.);
#145600=LINE('',#145570,#145590);
#145610=EDGE_CURVE('',#5970,#9870,#145600,.T.);
#145620=ORIENTED_EDGE('',*,*,#145610,.T.);
#145630=ORIENTED_EDGE('',*,*,#5980,.F.);
#145640=ORIENTED_EDGE('',*,*,#145440,.T.);
#145650=ORIENTED_EDGE('',*,*,#10430,.T.);
#145660=EDGE_LOOP('',(#145650,#145640,#145630,#145620));
#145670=FACE_OUTER_BOUND('',#145660,.T.);
#145680=ADVANCED_FACE('',(#145670),#145560,.F.);
#145690=CARTESIAN_POINT('',(-0.512677669529662,-0.45,0.172677669529661))
;
#145700=DIRECTION('',(-0.499999999999998,-0.707106781186549,0.5));
#145710=DIRECTION('',(-0.500000000000009,0.707106781186546,
0.499999999999993));
#145720=AXIS2_PLACEMENT_3D('',#145690,#145700,#145710);
#145730=PLANE('',#145720);
#145740=ORIENTED_EDGE('',*,*,#144950,.T.);
#145750=ORIENTED_EDGE('',*,*,#6060,.T.);
#145760=ORIENTED_EDGE('',*,*,#145610,.F.);
#145770=ORIENTED_EDGE('',*,*,#10120,.F.);
#145780=EDGE_LOOP('',(#145770,#145760,#145750,#145740));
#145790=FACE_OUTER_BOUND('',#145780,.T.);
#145800=ADVANCED_FACE('',(#145790),#145730,.T.);
#145810=CLOSED_SHELL('',(#320,#700,#1010,#1410,#1720,#2120,#2520,#2920,
#3320,#3720,#4120,#4520,#4970,#5350,#5600,#6660,#7300,#7550,#8110,#8280,
#8960,#9360,#9760,#10160,#10470,#10870,#11180,#12860,#13260,#13570,
#13950,#14120,#14290,#17910,#18240,#18450,#18620,#18790,#19190,#19430,
#19660,#22950,#23060,#23230,#23580,#23750,#23990,#24210,#24520,#24780,
#24950,#25080,#25200,#25320,#25430,#29140,#29260,#32830,#32950,#33080,
#33440,#33600,#33720,#34030,#34280,#34530,#34780,#35020,#35270,#35520,
#35700,#36010,#36520,#36690,#37040,#37290,#37530,#37780,#38110,#38230,
#38400,#38540,#39140,#39640,#40140,#40390,#40690,#40930,#41180,#41430,
#41680,#41900,#42070,#42190,#42360,#42530,#42700,#42950,#43120,#43240,
#43360,#43940,#44250,#44500,#44750,#44990,#45170,#45340,#45490,#46310,
#46550,#47300,#47470,#47640,#47810,#47980,#48150,#48320,#48490,#48610,
#49190,#49440,#49940,#50110,#50280,#50450,#50620,#50740,#51560,#51800,
#52550,#52720,#52890,#53060,#53230,#53400,#53570,#53740,#53860,#54440,
#54690,#55190,#55360,#55530,#55700,#55870,#55990,#56810,#57050,#57800,
#57970,#58140,#58310,#58480,#58650,#58820,#58990,#59110,#59690,#60000,
#60250,#60500,#60740,#60920,#61090,#61240,#62060,#62300,#63050,#63220,
#63390,#63560,#63730,#63900,#64070,#64240,#64360,#64940,#65250,#65500,
#65750,#65990,#66170,#66340,#66490,#67310,#67550,#68300,#68470,#68640,
#68810,#68980,#69150,#69320,#69490,#69610,#70190,#70440,#70940,#71110,
#71280,#71450,#71620,#71740,#72560,#72800,#73550,#73720,#73890,#74060,
#74230,#74400,#74570,#74740,#74860,#75440,#75750,#76000,#76250,#76490,
#76670,#76840,#76990,#77810,#78050,#78800,#78970,#79140,#79310,#79480,
#79650,#79820,#79990,#80110,#80690,#80940,#81440,#81610,#81780,#81950,
#82120,#82240,#83060,#83300,#84050,#84220,#84390,#84560,#84730,#84900,
#85070,#85240,#85360,#85940,#86250,#86500,#86750,#86990,#87170,#87340,
#87490,#88310,#88550,#89300,#89470,#89640,#89810,#89980,#90150,#90320,
#90490,#90610,#91190,#91500,#91750,#92000,#92240,#92420,#92590,#92740,
#93560,#93800,#94550,#94720,#94890,#95060,#95230,#95400,#95570,#95740,
#95860,#96440,#96750,#97000,#97250,#97490,#97670,#97840,#97990,#98810,
#99050,#99800,#99970,#100140,#100310,#100480,#100650,#100820,#100990,
#101110,#101690,#101940,#102440,#102610,#102780,#102950,#103120,#103240,
#104060,#104300,#105050,#105220,#105390,#105560,#105730,#105900,#106070,
#106240,#106360,#106940,#107190,#107690,#107860,#108030,#108200,#108370,
#108490,#109310,#109550,#110300,#110470,#110640,#110810,#110980,#111150,
#111320,#111490,#111610,#112190,#112440,#112940,#113110,#113280,#113450,
#113620,#113740,#114560,#114800,#115550,#115720,#115890,#116060,#116230,
#116400,#116570,#116740,#116860,#117440,#117690,#118190,#118360,#118530,
#118700,#118870,#118990,#119810,#120050,#120800,#120970,#121140,#121310,
#121480,#121650,#121820,#121990,#122110,#122690,#122940,#123440,#123610,
#123780,#123950,#124120,#124240,#125060,#125300,#126050,#126220,#126390,
#126560,#126730,#126900,#127070,#127240,#127360,#127940,#128250,#128500,
#128750,#128990,#129170,#129340,#129490,#130310,#130550,#131300,#131470,
#131640,#131810,#131980,#132150,#132320,#132490,#132610,#133190,#133440,
#133940,#134110,#134280,#134450,#134620,#134740,#135560,#135800,#136550,
#136720,#136890,#137060,#137230,#137400,#137570,#137740,#137860,#138440,
#138690,#139190,#139360,#139530,#139700,#139870,#139990,#140810,#141050,
#141800,#141970,#142140,#142310,#142480,#142650,#142820,#142990,#143110,
#143470,#143640,#143810,#143930,#144100,#144270,#144440,#144660,#144830,
#145000,#145170,#145340,#145510,#145680,#145800));
#145820=MANIFOLD_SOLID_BREP('',#145810);
#145830=CARTESIAN_POINT('',(0.,0.,0.));
#145840=DIRECTION('',(0.,0.,1.));
#145850=DIRECTION('',(1.,0.,0.));
#145860=AXIS2_PLACEMENT_3D('',#145830,#145840,#145850);
#145870=APPLICATION_CONTEXT(' ');
#145880=APPLICATION_PROTOCOL_DEFINITION(' ','automotive_design',1998,
#145870);
#145890=PRODUCT_CONTEXT('',#145870,'mechanical');
#145900=PRODUCT_DEFINITION_CONTEXT('part definition',#145870,'design');
#145910=PRODUCT('DF40TC(4.0)-20DS-0.4V','DF40TC(4.0)-20DS-0.4V','',(
#145890));
#145920=PRODUCT_RELATED_PRODUCT_CATEGORY('part',' ',(#145910));
#145930=PRODUCT_DEFINITION_FORMATION_WITH_SPECIFIED_SOURCE('','',#145910
,.BOUGHT.);
#145940=PRODUCT_DEFINITION('',' ',#145930,#145900);
#145950=PRODUCT_DEFINITION_SHAPE('','',#145940);
#145960=DIMENSIONAL_EXPONENTS(1.,0.,0.,0.,0.,0.,0.);
#145970=DIMENSIONAL_EXPONENTS(0.,0.,0.,0.,0.,0.,0.);
#145980=DIMENSIONAL_EXPONENTS(0.,0.,0.,0.,0.,0.,0.);
#145990=(LENGTH_UNIT() NAMED_UNIT(*) SI_UNIT(.MILLI.,.METRE.));
#146000=(NAMED_UNIT(*) PLANE_ANGLE_UNIT() SI_UNIT($,.RADIAN.));
#146010=(NAMED_UNIT(*) SI_UNIT($,.STERADIAN.) SOLID_ANGLE_UNIT());
#146020=(GEOMETRIC_REPRESENTATION_CONTEXT(3) 
GLOBAL_UNCERTAINTY_ASSIGNED_CONTEXT((#146030)) 
GLOBAL_UNIT_ASSIGNED_CONTEXT((#145990,#146000,#146010)) 
REPRESENTATION_CONTEXT('',''));
#146030=UNCERTAINTY_MEASURE_WITH_UNIT(LENGTH_MEASURE(1.E-6),#145990,
'distance_accuracy_value','maximum gap value');
#146040=ADVANCED_BREP_SHAPE_REPRESENTATION('',(#145860,#145820),#146020)
;
#146050=SHAPE_DEFINITION_REPRESENTATION(#145950,#146040);
#146060=COLOUR_RGB('',0.411764740943909,0.411764740943909,
0.411764740943909);
#146070=FILL_AREA_STYLE_COLOUR('',#146060);
#146080=FILL_AREA_STYLE('',(#146070));
#146090=SURFACE_STYLE_FILL_AREA(#146080);
#146100=SURFACE_SIDE_STYLE('',(#146090));
#146110=SURFACE_STYLE_USAGE(.BOTH.,#146100);
#146120=PRESENTATION_STYLE_ASSIGNMENT((#146110));
#146130=STYLED_ITEM('',(#146120),#145820);
#146140=DRAUGHTING_MODEL('',(#146130),#146020);
#146150=CARTESIAN_POINT('',(1.77635683940025E-15,-0.499999999999999,3.77
));
#146160=DIRECTION('',(0.,0.,1.));
#146170=DIRECTION('',(-1.,1.22460635382238E-16,0.));
#146180=AXIS2_PLACEMENT_3D('',#146150,#146160,#146170);
#146190=ITEM_DEFINED_TRANSFORMATION('DF40TC(4.0)-20DS-0.4V','',#145860,
#146180);
#146200=APPLICATION_CONTEXT(' ');
#146210=APPLICATION_PROTOCOL_DEFINITION(' ','automotive_design',1998,
#146200);
#146220=PRODUCT_CONTEXT('',#146200,'mechanical');
#146230=PRODUCT_DEFINITION_CONTEXT('part definition',#146200,'design');
#146240=PRODUCT('DF40TC(4.0)-20DS-0.4V','DF40TC(4.0)-20DS-0.4V','',(
#146220));
#146250=PRODUCT_RELATED_PRODUCT_CATEGORY('part',' ',(#146240));
#146260=PRODUCT_DEFINITION_FORMATION_WITH_SPECIFIED_SOURCE('','',#146240
,.BOUGHT.);
#146270=PRODUCT_DEFINITION('',' ',#146260,#146230);
#146280=PRODUCT_DEFINITION_SHAPE('','',#146270);
#146290=DIMENSIONAL_EXPONENTS(1.,0.,0.,0.,0.,0.,0.);
#146300=DIMENSIONAL_EXPONENTS(0.,0.,0.,0.,0.,0.,0.);
#146310=DIMENSIONAL_EXPONENTS(0.,0.,0.,0.,0.,0.,0.);
#146320=(LENGTH_UNIT() NAMED_UNIT(*) SI_UNIT(.MILLI.,.METRE.));
#146330=(NAMED_UNIT(*) PLANE_ANGLE_UNIT() SI_UNIT($,.RADIAN.));
#146340=(NAMED_UNIT(*) SI_UNIT($,.STERADIAN.) SOLID_ANGLE_UNIT());
#146350=(GEOMETRIC_REPRESENTATION_CONTEXT(3) 
GLOBAL_UNCERTAINTY_ASSIGNED_CONTEXT((#146360)) 
GLOBAL_UNIT_ASSIGNED_CONTEXT((#146320,#146330,#146340)) 
REPRESENTATION_CONTEXT('',''));
#146360=UNCERTAINTY_MEASURE_WITH_UNIT(LENGTH_MEASURE(1.E-6),#146320,
'distance_accuracy_value','maximum gap value');
#146370=SHAPE_REPRESENTATION('',(#145860,#146180),#146350);
#146380=SHAPE_DEFINITION_REPRESENTATION(#146280,#146370);
#146390=(REPRESENTATION_RELATIONSHIP('','',#146040,#146370) 
REPRESENTATION_RELATIONSHIP_WITH_TRANSFORMATION(#146190) 
SHAPE_REPRESENTATION_RELATIONSHIP());
#146400=NEXT_ASSEMBLY_USAGE_OCCURRENCE('1','','DF40TC(4.0)-20DS-0.4V',
#146270,#145940,'');
#146410=PRODUCT_DEFINITION_SHAPE('','',#146400);
#146420=CONTEXT_DEPENDENT_SHAPE_REPRESENTATION(#146390,#146410);
ENDSEC;
END-ISO-10303-21;
