ISO-10303-21;
HEADER;
FILE_DESCRIPTION((''),'2;1');
FILE_NAME('K164','2021-06-14T09:21:05',('ED9772'),(''),
'CREO PARAMETRIC BY PTC INC, 2017380','CREO PARAMETRIC BY PTC INC, 2017380','');
FILE_SCHEMA(('CONFIG_CONTROL_DESIGN','SHAPE_APPEARANCE_LAYERS_GROUPS'));
ENDSEC;
DATA;
#239=DIRECTION('',(1.E0,-1.654129504487E-7,2.290037376923E-8));
#240=VECTOR('',#239,1.508030357765E0);
#241=CARTESIAN_POINT('',(-4.775528090456E0,0.E0,2.549999965409E0));
#242=LINE('',#241,#240);
#243=DIRECTION('',(0.E0,0.E0,-1.E0));
#244=VECTOR('',#243,9.999993090521E-2);
#245=CARTESIAN_POINT('',(-4.775528090456E0,0.E0,2.549999965409E0));
#246=LINE('',#245,#244);
#247=DIRECTION('',(-1.E0,0.E0,2.279815532974E-8));
#248=VECTOR('',#247,1.508030408134E0);
#249=CARTESIAN_POINT('',(-3.267497682322E0,-1.705580121580E-14,
2.450000000123E0));
#250=LINE('',#249,#248);
#251=DIRECTION('',(5.036918668991E-7,2.494477409951E-6,-9.999999999968E-1));
#252=VECTOR('',#251,9.999999982030E-2);
#253=CARTESIAN_POINT('',(-3.267497732692E0,-2.494477576026E-7,
2.549999999943E0));
#254=LINE('',#253,#252);
#255=CARTESIAN_POINT('',(-3.682073813216E0,-7.602439276444E-7,
3.554516438010E-4));
#256=CARTESIAN_POINT('',(-3.682078432717E0,-7.602439276444E-7,
-3.912041473589E-2));
#257=CARTESIAN_POINT('',(-3.680013308463E0,3.528304347184E-7,
-1.146796261989E-1));
#258=CARTESIAN_POINT('',(-3.672248424091E0,-9.454063004793E-8,
-2.175588235989E-1));
#259=CARTESIAN_POINT('',(-3.661072085334E0,2.533208547327E-8,
-3.108362716887E-1));
#260=CARTESIAN_POINT('',(-3.647483143292E0,-6.787711845160E-9,
-3.951737310455E-1));
#261=CARTESIAN_POINT('',(-3.632242792587E0,1.818761907369E-9,
-4.714439990696E-1));
#262=CARTESIAN_POINT('',(-3.615932465211E0,-4.873357843148E-10,
-5.404520991329E-1));
#263=CARTESIAN_POINT('',(-3.598893277254E0,1.305812298906E-10,
-6.033160402412E-1));
#264=CARTESIAN_POINT('',(-3.581366848622E0,-3.498913524752E-11,
-6.608876621681E-1));
#265=CARTESIAN_POINT('',(-3.563661436545E0,9.375311099487E-12,
-7.134615746736E-1));
#266=CARTESIAN_POINT('',(-3.546040066441E0,-2.512109150431E-12,
-7.613311007207E-1));
#267=CARTESIAN_POINT('',(-3.528682061462E0,6.731255022371E-13,
-8.048776642180E-1));
#268=CARTESIAN_POINT('',(-3.511709626965E0,-1.803928585171E-13,
-8.444921789063E-1));
#269=CARTESIAN_POINT('',(-3.495189177063E0,4.844593183127E-14,
-8.805778287982E-1));
#270=CARTESIAN_POINT('',(-3.479139184833E0,-1.339086880800E-14,
-9.135361528138E-1));
#271=CARTESIAN_POINT('',(-3.463535266734E0,0.E0,-9.437617869644E-1));
#272=CARTESIAN_POINT('',(-3.448314753989E0,0.E0,-9.716372019844E-1));
#273=CARTESIAN_POINT('',(-3.433379456471E0,2.319967577895E-14,
-9.975313813988E-1));
#274=CARTESIAN_POINT('',(-3.418600242219E0,-8.571939832087E-14,
-1.021790948598E0));
#275=CARTESIAN_POINT('',(-3.403801366940E0,3.196779175045E-13,
-1.044756636128E0));
#276=CARTESIAN_POINT('',(-3.388811871924E0,-1.192992271697E-12,
-1.066681289010E0));
#277=CARTESIAN_POINT('',(-3.373239899930E0,4.452291169285E-12,
-1.088021283551E0));
#278=CARTESIAN_POINT('',(-3.357112326032E0,-1.661617240544E-11,
-1.108484562366E0));
#279=CARTESIAN_POINT('',(-3.341449424892E0,6.201239845248E-11,
-1.126646538035E0));
#280=CARTESIAN_POINT('',(-3.326339791813E0,-2.314334214045E-10,
-1.142408399994E0));
#281=CARTESIAN_POINT('',(-3.311484024790E0,8.637212871654E-10,
-1.155964865966E0));
#282=CARTESIAN_POINT('',(-3.296432725906E0,-3.223451727257E-9,
-1.167160561249E0));
#283=CARTESIAN_POINT('',(-3.281074756555E0,1.203008562186E-8,
-1.175222236983E0));
#284=CARTESIAN_POINT('',(-3.264672321806E0,-4.489689076020E-8,
-1.176651155807E0));
#285=CARTESIAN_POINT('',(-3.254253423320E0,1.675574774189E-7,
-1.165338951927E0));
#286=CARTESIAN_POINT('',(-3.250632907498E0,-6.253330189155E-7,
-1.149562812762E0));
#287=CARTESIAN_POINT('',(-3.250007641516E0,1.347405392524E-6,
-1.138850089384E0));
#288=CARTESIAN_POINT('',(-3.250007641516E0,1.347405392524E-6,
-1.132843859293E0));
#290=DIRECTION('',(-2.743198405745E-6,4.836998923907E-7,-9.999999999961E-1));
#291=VECTOR('',#290,2.265272232163E0);
#292=CARTESIAN_POINT('',(-3.250001427425E0,2.516934575906E-7,1.132428372862E0));
#293=LINE('',#292,#291);
#294=CARTESIAN_POINT('',(-3.250001427425E0,2.516934575906E-7,1.132428372862E0));
#295=CARTESIAN_POINT('',(-3.250001427425E0,2.516934575906E-7,1.138957843447E0));
#296=CARTESIAN_POINT('',(-3.250703805177E0,-1.168113401874E-7,
1.151070048690E0));
#297=CARTESIAN_POINT('',(-3.255550304863E0,3.129950427001E-8,1.169708346366E0));
#298=CARTESIAN_POINT('',(-3.271770566880E0,-8.386676892646E-9,
1.178299007259E0));
#299=CARTESIAN_POINT('',(-3.291246794157E0,2.247203300571E-9,1.170580139560E0));
#300=CARTESIAN_POINT('',(-3.309065244614E0,-6.021363096396E-10,
1.158108309785E0));
#301=CARTESIAN_POINT('',(-3.326309875921E0,1.613419379870E-10,
1.142532989080E0));
#302=CARTESIAN_POINT('',(-3.343067881890E0,-4.323144230826E-11,
1.124920082562E0));
#303=CARTESIAN_POINT('',(-3.360486253339E0,1.158383124608E-11,
1.104424486615E0));
#304=CARTESIAN_POINT('',(-3.378737672916E0,-3.103882676065E-12,
1.080779281394E0));
#305=CARTESIAN_POINT('',(-3.397837134212E0,8.316994581793E-13,
1.053805717074E0));
#306=CARTESIAN_POINT('',(-3.417159865868E0,-2.229151566520E-13,
1.024244940271E0));
#307=CARTESIAN_POINT('',(-3.436082621190E0,5.996116842875E-14,
9.930739811105E-1));
#308=CARTESIAN_POINT('',(-3.454046060092E0,-1.692951706300E-14,
9.613847132088E-1));
#309=CARTESIAN_POINT('',(-3.470841115184E0,0.E0,9.298273210887E-1));
#310=CARTESIAN_POINT('',(-3.486854773961E0,-1.409808222995E-14,
8.978944379606E-1));
#311=CARTESIAN_POINT('',(-3.502471524124E0,4.863542909656E-14,
8.648716213487E-1));
#312=CARTESIAN_POINT('',(-3.517961090577E0,-1.804436341563E-13,
8.301032923496E-1));
#313=CARTESIAN_POINT('',(-3.533541888906E0,6.731391075286E-13,
7.928766282336E-1));
#314=CARTESIAN_POINT('',(-3.549361738090E0,-2.512112795958E-12,
7.524574931487E-1));
#315=CARTESIAN_POINT('',(-3.565495508919E0,9.375312076303E-12,
7.080845757059E-1));
#316=CARTESIAN_POINT('',(-3.581933921520E0,-3.498913550926E-11,
6.589747514944E-1));
#317=CARTESIAN_POINT('',(-3.598570429838E0,1.305812299607E-10,
6.043269682658E-1));
#318=CARTESIAN_POINT('',(-3.615185215344E0,-4.873357843336E-10,
5.433297645747E-1));
#319=CARTESIAN_POINT('',(-3.631423579793E0,1.818761907374E-9,
4.751731656781E-1));
#320=CARTESIAN_POINT('',(-3.646782147901E0,-6.787711845161E-9,
3.990673149605E-1));
#321=CARTESIAN_POINT('',(-3.660595252157E0,2.533208547327E-8,
3.142793265879E-1));
#322=CARTESIAN_POINT('',(-3.672006134922E0,-9.454063004793E-8,
2.201430883494E-1));
#323=CARTESIAN_POINT('',(-3.679939664205E0,3.528304347184E-7,
1.162162889862E-1));
#324=CARTESIAN_POINT('',(-3.682063442171E0,-7.602439276444E-7,
4.009815180780E-2));
#325=CARTESIAN_POINT('',(-3.682073813216E0,-7.602439276444E-7,
3.554516438010E-4));
#327=CARTESIAN_POINT('',(-2.483084035276E0,-3.227312512127E-1,
2.898936146305E0));
#328=CARTESIAN_POINT('',(-2.508212077419E0,-3.123923841220E-1,
2.898128148014E0));
#329=CARTESIAN_POINT('',(-2.556588607301E0,-2.924889642621E-1,
2.895648732370E0));
#330=CARTESIAN_POINT('',(-2.623297261821E0,-2.650430694378E-1,
2.889892951560E0));
#331=CARTESIAN_POINT('',(-2.684602900752E0,-2.398201667282E-1,
2.882529416494E0));
#332=CARTESIAN_POINT('',(-2.740687490096E0,-2.167453497220E-1,
2.873932724356E0));
#333=CARTESIAN_POINT('',(-2.791836788176E0,-1.957010597810E-1,
2.864417718466E0));
#334=CARTESIAN_POINT('',(-2.838389836302E0,-1.765478021586E-1,
2.854239441137E0));
#335=CARTESIAN_POINT('',(-2.880733447638E0,-1.591264313726E-1,
2.843595162724E0));
#336=CARTESIAN_POINT('',(-2.919246079982E0,-1.432812379980E-1,
2.832637933280E0));
#337=CARTESIAN_POINT('',(-2.954303091101E0,-1.288577892844E-1,
2.821479689789E0));
#338=CARTESIAN_POINT('',(-2.986260236203E0,-1.157097178821E-1,
2.810198435121E0));
#339=CARTESIAN_POINT('',(-3.015404212465E0,-1.037190656982E-1,
2.798861739618E0));
#340=CARTESIAN_POINT('',(-3.041959779377E0,-9.279335768153E-2,
2.787536250285E0));
#341=CARTESIAN_POINT('',(-3.066144739723E0,-8.284298435085E-2,
2.776272232898E0));
#342=CARTESIAN_POINT('',(-3.088192696990E0,-7.377183576734E-2,
2.765091490812E0));
#343=CARTESIAN_POINT('',(-3.108343578692E0,-6.548120090529E-2,
2.753987479841E0));
#344=CARTESIAN_POINT('',(-3.126837468745E0,-5.787230513039E-2,
2.742924705733E0));
#345=CARTESIAN_POINT('',(-3.143908857319E0,-5.084867797291E-2,
2.731837818606E0));
#346=CARTESIAN_POINT('',(-3.159788847926E0,-4.431523637847E-2,2.720625001E0));
#347=CARTESIAN_POINT('',(-3.174715715661E0,-3.817398093435E-2,
2.709128923597E0));
#348=CARTESIAN_POINT('',(-3.188802309570E0,-3.237839654098E-2,
2.697226408643E0));
#349=CARTESIAN_POINT('',(-3.201832641160E0,-2.701717157916E-2,
2.685056585023E0));
#350=CARTESIAN_POINT('',(-3.213517760214E0,-2.220930162581E-2,
2.672917361411E0));
#351=CARTESIAN_POINT('',(-3.223857786846E0,-1.795479705473E-2,
2.660901002612E0));
#352=CARTESIAN_POINT('',(-3.232955527035E0,-1.421136184311E-2,
2.648979575997E0));
#353=CARTESIAN_POINT('',(-3.240831625882E0,-1.097051548597E-2,
2.637218207686E0));
#354=CARTESIAN_POINT('',(-3.247481269362E0,-8.234395689913E-3,
2.625767170974E0));
#355=CARTESIAN_POINT('',(-3.253007895375E0,-5.960532072961E-3,
2.614643176723E0));
#356=CARTESIAN_POINT('',(-3.257607986375E0,-4.067877994816E-3,
2.603603507833E0));
#357=CARTESIAN_POINT('',(-3.261465605653E0,-2.481127869416E-3,
2.592166360824E0));
#358=CARTESIAN_POINT('',(-3.264617068925E0,-1.184363408362E-3,
2.579746977477E0));
#359=CARTESIAN_POINT('',(-3.266884616913E0,-2.564007144106E-4,
2.565874116690E0));
#360=CARTESIAN_POINT('',(-3.267486341648E0,-8.717145945614E-7,
2.555470677747E0));
#361=CARTESIAN_POINT('',(-3.267497732692E0,-2.494477576026E-7,
2.549999999943E0));
#363=CARTESIAN_POINT('',(-4.775528090456E0,-3.5E-1,2.55E0));
#364=DIRECTION('',(-1.E0,0.E0,0.E0));
#365=DIRECTION('',(0.E0,0.E0,1.E0));
#366=AXIS2_PLACEMENT_3D('',#363,#364,#365);
#368=DIRECTION('',(-1.660061428387E-6,-9.999999999977E-1,1.393199277189E-6));
#369=VECTOR('',#368,7.094027807659E-2);
#370=CARTESIAN_POINT('',(-2.123428704348E0,-3.790597219265E-1,
2.597149477074E0));
#371=LINE('',#370,#369);
#372=DIRECTION('',(7.660444431190E-1,-6.216190733663E-12,-6.427876096865E-1));
#373=VECTOR('',#372,4.711516207347E-1);
#374=CARTESIAN_POINT('',(-2.484351903044E0,-4.5E-1,2.9E0));
#375=LINE('',#374,#373);
#376=CARTESIAN_POINT('',(-2.483084035276E0,-3.227312512127E-1,
2.898936146305E0));
#377=CARTESIAN_POINT('',(-2.483501716901E0,-3.272159786844E-1,
2.899286622802E0));
#378=CARTESIAN_POINT('',(-2.484135355761E0,-3.362451392174E-1,
2.899818288415E0));
#379=CARTESIAN_POINT('',(-2.484351903044E0,-3.453949129110E-1,2.9E0));
#380=CARTESIAN_POINT('',(-2.484351903044E0,-3.5E-1,2.9E0));
#382=CARTESIAN_POINT('',(-2.482290332480E0,-3.157850904210E-1,
2.898270136901E0));
#383=CARTESIAN_POINT('',(-2.482446778590E0,-3.169384595373E-1,
2.898401410774E0));
#384=CARTESIAN_POINT('',(-2.482735508481E0,-3.192498191489E-1,
2.898643677078E0));
#385=CARTESIAN_POINT('',(-2.482975799649E0,-3.215691069453E-1,
2.898845325830E0));
#386=CARTESIAN_POINT('',(-2.483084035276E0,-3.227312512127E-1,
2.898936146305E0));
#388=DIRECTION('',(-7.591508781927E-1,1.338537985370E-1,6.370032219357E-1));
#389=VECTOR('',#388,4.727145004256E-1);
#390=CARTESIAN_POINT('',(-2.123428704348E0,-3.790597219265E-1,
2.597149477074E0));
#391=LINE('',#390,#389);
#392=CARTESIAN_POINT('',(-1.973889667849E0,-4.405900713363E-1,
2.571777384364E0));
#393=CARTESIAN_POINT('',(-1.987939296319E0,-4.348446793583E-1,
2.566458400870E0));
#394=CARTESIAN_POINT('',(-2.016033155059E0,-4.232143086955E-1,
2.560707155911E0));
#395=CARTESIAN_POINT('',(-2.053235468186E0,-4.079416952833E-1,
2.562964215384E0));
#396=CARTESIAN_POINT('',(-2.087976224444E0,-3.936796862963E-1,
2.573201406401E0));
#397=CARTESIAN_POINT('',(-2.112158185415E0,-3.836653487183E-1,
2.587693769498E0));
#398=CARTESIAN_POINT('',(-2.123428704348E0,-3.790597219265E-1,
2.597149477074E0));
#400=CARTESIAN_POINT('',(-3.035482476468E0,-3.500000000003E-1,
1.849137931034E0));
#401=CARTESIAN_POINT('',(-3.035482419004E0,-3.401974360109E-1,
1.849137996163E0));
#402=CARTESIAN_POINT('',(-3.034985823967E0,-3.210523768822E-1,
1.849683880381E0));
#403=CARTESIAN_POINT('',(-3.032953404404E0,-2.937330305901E-1,
1.851922684359E0));
#404=CARTESIAN_POINT('',(-3.030841774347E0,-2.764149847608E-1,
1.854227242382E0));
#405=CARTESIAN_POINT('',(-3.029624424166E0,-2.679715874271E-1,
1.855558867097E0));
#407=DIRECTION('',(-6.356692914328E-11,1.E0,-6.986411410382E-11));
#408=VECTOR('',#407,1.000000005579E-1);
#409=CARTESIAN_POINT('',(-3.035482476462E0,-4.500000005583E-1,
1.849137931041E0));
#410=LINE('',#409,#408);
#411=CARTESIAN_POINT('',(-2.471356268399E0,-9.499999999999E-1,
2.323275862106E0));
#412=CARTESIAN_POINT('',(-2.514313268163E0,-9.499995630746E-1,
2.296070526890E0));
#413=CARTESIAN_POINT('',(-2.593952808969E0,-9.450258703551E-1,
2.242294945844E0));
#414=CARTESIAN_POINT('',(-2.69519976E0,-9.242039835983E-1,2.166440723219E0));
#415=CARTESIAN_POINT('',(-2.781133837030E0,-8.913118246210E-1,
2.096094803147E0));
#416=CARTESIAN_POINT('',(-2.852913540200E0,-8.477344277124E-1,
2.032683981206E0));
#417=CARTESIAN_POINT('',(-2.911811349319E0,-7.947112098608E-1,
1.977179815258E0));
#418=CARTESIAN_POINT('',(-2.957704828246E0,-7.350080951531E-1,
1.931564285981E0));
#419=CARTESIAN_POINT('',(-2.991566459893E0,-6.717883418900E-1,
1.896503467281E0));
#420=CARTESIAN_POINT('',(-3.015468999051E0,-6.055025331361E-1,
1.871002987476E0));
#421=CARTESIAN_POINT('',(-3.030894790221E0,-5.353601560936E-1,
1.854198344953E0));
#422=CARTESIAN_POINT('',(-3.035480816230E0,-4.796056286406E-1,
1.849139481013E0));
#423=CARTESIAN_POINT('',(-3.035482476462E0,-4.500000005583E-1,
1.849137931041E0));
#425=CARTESIAN_POINT('',(-1.E0,-9.5E-1,0.E0));
#426=DIRECTION('',(0.E0,-1.E0,0.E0));
#427=DIRECTION('',(-5.233593163841E-1,0.E0,8.521120970588E-1));
#428=AXIS2_PLACEMENT_3D('',#425,#426,#427);
#430=CARTESIAN_POINT('',(-1.973889438557E0,-4.500000000156E-1,
2.571777471219E0));
#431=CARTESIAN_POINT('',(-1.973889754145E0,-4.721429344593E-1,
2.571777364111E0));
#432=CARTESIAN_POINT('',(-1.976883955687E0,-5.162981873176E-1,
2.570646391476E0));
#433=CARTESIAN_POINT('',(-1.990194125672E0,-5.816528546780E-1,
2.565566408410E0));
#434=CARTESIAN_POINT('',(-2.013095777961E0,-6.475885071700E-1,
2.556646130195E0));
#435=CARTESIAN_POINT('',(-2.047726255217E0,-7.149352156213E-1,
2.542717944276E0));
#436=CARTESIAN_POINT('',(-2.095469106932E0,-7.810973159695E-1,
2.522619105410E0));
#437=CARTESIAN_POINT('',(-2.157251075450E0,-8.430673457236E-1,
2.495036117704E0));
#438=CARTESIAN_POINT('',(-2.235127930348E0,-8.977017803428E-1,
2.457649158757E0));
#439=CARTESIAN_POINT('',(-2.329253076470E0,-9.382718975741E-1,
2.408322426292E0));
#440=CARTESIAN_POINT('',(-2.401147395863E0,-9.499969598654E-1,
2.366703112949E0));
#441=CARTESIAN_POINT('',(-2.439238120048E0,-9.499999999999E-1,
2.343308266917E0));
#443=DIRECTION('',(2.436700156387E-5,-9.999999996605E-1,9.230084132793E-6));
#444=VECTOR('',#443,9.409928682511E-3);
#445=CARTESIAN_POINT('',(-1.973889667849E0,-4.405900713363E-1,
2.571777384364E0));
#446=LINE('',#445,#444);
#447=CARTESIAN_POINT('',(-2.054880963066E0,-4.273445546087E-1,
-2.539631105842E0));
#448=CARTESIAN_POINT('',(-1.865775855719E0,-4.582632286766E-1,
-2.618172765706E0));
#449=CARTESIAN_POINT('',(-1.472960582397E0,-5.224913857779E-1,
-2.731293561009E0));
#450=CARTESIAN_POINT('',(-8.755871953714E-1,-6.201624279965E-1,
-2.768775210623E0));
#451=CARTESIAN_POINT('',(-2.809403540609E-1,-7.173897953606E-1,
-2.676834513125E0));
#452=CARTESIAN_POINT('',(2.769025386198E-1,-8.085985852144E-1,
-2.459774926796E0));
#453=CARTESIAN_POINT('',(7.739142655622E-1,-8.898617072316E-1,
-2.129239792176E0));
#454=CARTESIAN_POINT('',(1.187279737936E0,-9.574482474831E-1,
-1.701585711895E0));
#455=CARTESIAN_POINT('',(1.499214742165E0,-1.008450635152E0,-1.197090160746E0));
#456=CARTESIAN_POINT('',(1.696471331260E0,-1.040702718867E0,
-6.386892018947E-1));
#457=CARTESIAN_POINT('',(1.770636426210E0,-1.052828952450E0,
-5.122095823499E-2));
#458=CARTESIAN_POINT('',(1.718179299501E0,-1.044252041742E0,5.394134309469E-1));
#459=CARTESIAN_POINT('',(1.540758180957E0,-1.015243121782E0,1.106747135692E0));
#460=CARTESIAN_POINT('',(1.245040002812E0,-9.668922362771E-1,1.624993905889E0));
#461=CARTESIAN_POINT('',(8.443810637061E-1,-9.013832477881E-1,
2.068956844788E0));
#462=CARTESIAN_POINT('',(3.541491270890E-1,-8.212286854852E-1,
2.418341156847E0));
#463=CARTESIAN_POINT('',(-1.961298321400E-1,-7.312564298593E-1,
2.652407803911E0));
#464=CARTESIAN_POINT('',(-7.921100031545E-1,-6.338117574228E-1,
2.765232008026E0));
#465=CARTESIAN_POINT('',(-1.413557986642E0,-5.322021607605E-1,
2.741360405592E0));
#466=CARTESIAN_POINT('',(-1.793515100087E0,-4.700814620076E-1,
2.640075846341E0));
#467=CARTESIAN_POINT('',(-1.973889667849E0,-4.405900713363E-1,
2.571777384364E0));
#469=CARTESIAN_POINT('',(-1.973889438557E0,-4.549999999998E0,
-2.571777471218E0));
#470=CARTESIAN_POINT('',(-1.973889549092E0,-4.531958360986E0,
-2.571777432660E0));
#471=CARTESIAN_POINT('',(-1.975879289834E0,-4.495958241565E0,
-2.571025205674E0));
#472=CARTESIAN_POINT('',(-1.984713135674E0,-4.442562726360E0,
-2.567662579915E0));
#473=CARTESIAN_POINT('',(-1.999785326637E0,-4.388706305881E0,
-2.561846369803E0));
#474=CARTESIAN_POINT('',(-2.022112423005E0,-4.333668827685E0,
-2.553047529258E0));
#475=CARTESIAN_POINT('',(-2.042847552549E0,-4.296116378927E0,
-2.544629453720E0));
#476=CARTESIAN_POINT('',(-2.054880973588E0,-4.277368134283E0,
-2.539631101481E0));
#478=DIRECTION('',(-2.905522204177E-4,9.999996023966E-1,-8.430812533262E-4));
#479=VECTOR('',#478,9.409867233700E-3);
#480=CARTESIAN_POINT('',(-1.973886704499E0,-4.559409863490E0,
-2.571769537936E0));
#481=LINE('',#480,#479);
#482=CARTESIAN_POINT('',(-3.749986316061E0,-4.849760377031E0,
1.747486968057E-3));
#483=CARTESIAN_POINT('',(-3.749813075864E0,-4.849756635810E0,
1.880109603713E-1));
#484=CARTESIAN_POINT('',(-3.711159287787E0,-4.843470260821E0,
5.721972200451E-1));
#485=CARTESIAN_POINT('',(-3.526843717060E0,-4.813320477789E0,1.140254451160E0));
#486=CARTESIAN_POINT('',(-3.214098021770E0,-4.762190578579E0,1.668988280647E0));
#487=CARTESIAN_POINT('',(-2.794498492875E0,-4.693583996092E0,2.113410686651E0));
#488=CARTESIAN_POINT('',(-2.285258944379E0,-4.610322601581E0,2.456883150739E0));
#489=CARTESIAN_POINT('',(-1.711968055670E0,-4.516587938722E0,2.679785425914E0));
#490=CARTESIAN_POINT('',(-1.103410511686E0,-4.417087102422E0,2.770815415835E0));
#491=CARTESIAN_POINT('',(-4.905513823887E-1,-4.316882808191E0,
2.725444200876E0));
#492=CARTESIAN_POINT('',(9.576722997712E-2,-4.221017897453E0,2.546784580448E0));
#493=CARTESIAN_POINT('',(6.267882753261E-1,-4.134194225053E0,2.244879392792E0));
#494=CARTESIAN_POINT('',(1.077353887608E0,-4.060525196708E0,1.835669673199E0));
#495=CARTESIAN_POINT('',(1.426883808185E0,-4.003375791355E0,1.339658584519E0));
#496=CARTESIAN_POINT('',(1.659834676410E0,-3.965287473163E0,7.806539469453E-1));
#497=CARTESIAN_POINT('',(1.765879397723E0,-3.947948842713E0,1.847191786240E-1));
#498=CARTESIAN_POINT('',(1.740016761076E0,-3.952177630621E0,
-4.206766058887E-1));
#499=CARTESIAN_POINT('',(1.582734334001E0,-3.977894036339E0,-1.007393234270E0));
#500=CARTESIAN_POINT('',(1.300358105115E0,-4.024063710545E0,-1.547480126048E0));
#501=CARTESIAN_POINT('',(9.050525293737E-1,-4.088697457714E0,
-2.014378581579E0));
#502=CARTESIAN_POINT('',(4.156899842452E-1,-4.168710009346E0,
-2.384136036021E0));
#503=CARTESIAN_POINT('',(-1.456038419033E-1,-4.260482878373E0,
-2.637678399402E0));
#504=CARTESIAN_POINT('',(-7.453783383098E-1,-4.358547607674E0,
-2.761115180968E0));
#505=CARTESIAN_POINT('',(-1.368426332114E0,-4.460420183615E0,
-2.749130174062E0));
#506=CARTESIAN_POINT('',(-1.776725949402E0,-4.527171578100E0,
-2.646406860386E0));
#507=CARTESIAN_POINT('',(-1.973886704499E0,-4.559409863490E0,
-2.571769537936E0));
#509=CARTESIAN_POINT('',(-3.029625471648E0,-4.732028464556E0,
-1.855559855360E0));
#510=CARTESIAN_POINT('',(-3.130766238255E0,-4.748566959514E0,
-1.744947677389E0));
#511=CARTESIAN_POINT('',(-3.319809965260E0,-4.779479075870E0,
-1.500101323328E0));
#512=CARTESIAN_POINT('',(-3.541512047817E0,-4.815712816083E0,
-1.089547894416E0));
#513=CARTESIAN_POINT('',(-3.708649695705E0,-4.843083303396E0,
-5.741973732646E-1));
#514=CARTESIAN_POINT('',(-3.750163661497E0,-4.849761551730E0,
-1.969139531943E-1));
#515=CARTESIAN_POINT('',(-3.749986316061E0,-4.849760377031E0,
1.747486968057E-3));
#517=CARTESIAN_POINT('',(-3.035482476468E0,-4.65E0,-1.849137931034E0));
#518=CARTESIAN_POINT('',(-3.035482425057E0,-4.659775496166E0,
-1.849137989695E0));
#519=CARTESIAN_POINT('',(-3.034988771820E0,-4.678884579958E0,
-1.849680920339E0));
#520=CARTESIAN_POINT('',(-3.032958947830E0,-4.706209643783E0,
-1.851915598405E0));
#521=CARTESIAN_POINT('',(-3.030846328153E0,-4.723560784295E0,
-1.854224398551E0));
#522=CARTESIAN_POINT('',(-3.029625471648E0,-4.732028464556E0,
-1.855559855360E0));
#524=DIRECTION('',(-3.108624468955E-14,-1.E0,3.552713678806E-14));
#525=VECTOR('',#524,9.999999999986E-2);
#526=CARTESIAN_POINT('',(-3.035482476468E0,-4.55E0,-1.849137931034E0));
#527=LINE('',#526,#525);
#528=CARTESIAN_POINT('',(-2.775528090494E0,-4.108910645137E0,
-2.099999999979E0));
#529=CARTESIAN_POINT('',(-2.797048010766E0,-4.119152789511E0,
-2.081805125655E0));
#530=CARTESIAN_POINT('',(-2.836692672925E0,-4.141884044284E0,
-2.047156052482E0));
#531=CARTESIAN_POINT('',(-2.886708917984E0,-4.181476798676E0,
-2.001036508931E0));
#532=CARTESIAN_POINT('',(-2.928491430527E0,-4.225914401822E0,
-1.960700600820E0));
#533=CARTESIAN_POINT('',(-2.961896012147E0,-4.273220594408E0,
-1.927183129733E0));
#534=CARTESIAN_POINT('',(-2.987058736558E0,-4.320303366080E0,
-1.901162086377E0));
#535=CARTESIAN_POINT('',(-3.005521625597E0,-4.365998341610E0,
-1.881635285477E0));
#536=CARTESIAN_POINT('',(-3.018435048313E0,-4.409057918849E0,
-1.867752160213E0));
#537=CARTESIAN_POINT('',(-3.027004887145E0,-4.448930087612E0,
-1.858435702473E0));
#538=CARTESIAN_POINT('',(-3.032245295019E0,-4.485549140129E0,
-1.852697826256E0));
#539=CARTESIAN_POINT('',(-3.034962875811E0,-4.519127826588E0,
-1.849710166006E0));
#540=CARTESIAN_POINT('',(-3.035482450031E0,-4.539990758274E0,
-1.849137966718E0));
#541=CARTESIAN_POINT('',(-3.035482476468E0,-4.55E0,-1.849137931034E0));
#543=CARTESIAN_POINT('',(-3.749998327907E0,-1.501673922665E-1,
1.696334712901E-5));
#544=CARTESIAN_POINT('',(-3.749977857874E0,-1.501616202080E-1,
-1.865701945414E-1));
#545=CARTESIAN_POINT('',(-3.711365358103E0,-1.565176934317E-1,
-5.414681618300E-1));
#546=CARTESIAN_POINT('',(-3.579861606295E0,-1.780014911645E-1,
-9.848636340906E-1));
#547=CARTESIAN_POINT('',(-3.396784402526E0,-2.079410848598E-1,
-1.370510966107E0));
#548=CARTESIAN_POINT('',(-3.147498605650E0,-2.486957800161E-1,
-1.739501710304E0));
#549=CARTESIAN_POINT('',(-2.911353067361E0,-2.873103684142E-1,
-1.985141201898E0));
#550=CARTESIAN_POINT('',(-2.775526720434E0,-3.095165884070E-1,
-2.099998371240E0));
#552=CARTESIAN_POINT('',(-3.029624424166E0,-2.679715874271E-1,
1.855558867097E0));
#553=CARTESIAN_POINT('',(-3.146704757033E0,-2.488283604751E-1,
1.727495354637E0));
#554=CARTESIAN_POINT('',(-3.354940893346E0,-2.147849029935E-1,
1.450891098575E0));
#555=CARTESIAN_POINT('',(-3.581520078807E0,-1.777338443013E-1,
9.920298035466E-1));
#556=CARTESIAN_POINT('',(-3.718908150936E0,-1.552751896653E-1,
5.048546183566E-1));
#557=CARTESIAN_POINT('',(-3.750006700015E0,-1.501763902399E-1,
1.688275174774E-1));
#558=CARTESIAN_POINT('',(-3.749998327907E0,-1.501673922665E-1,
1.696334712901E-5));
#560=CARTESIAN_POINT('',(-3.146508793367E0,-3.499999968402E-1,1.95E0));
#561=DIRECTION('',(5.741054327110E-9,1.E0,6.319594020216E-9));
#562=DIRECTION('',(-1.065814103640E-13,-6.319594107277E-9,1.E0));
#563=AXIS2_PLACEMENT_3D('',#560,#561,#562);
#565=CARTESIAN_POINT('',(-3.009227227936E0,-1.062597740051E-1,
2.198821355248E0));
#566=CARTESIAN_POINT('',(-2.997978600098E0,-1.034871687477E-1,
2.201511886256E0));
#567=CARTESIAN_POINT('',(-2.977194327090E0,-9.920566006020E-2,
2.205013160147E0));
#568=CARTESIAN_POINT('',(-2.950901172407E0,-9.586729335720E-2,
2.204273383151E0));
#569=CARTESIAN_POINT('',(-2.930968256084E0,-9.601679606483E-2,
2.195752288483E0));
#570=CARTESIAN_POINT('',(-2.920203922767E0,-1.009385301509E-1,
2.176760044046E0));
#571=CARTESIAN_POINT('',(-2.920357345308E0,-1.120391367277E-1,
2.145908899357E0));
#572=CARTESIAN_POINT('',(-2.930659856647E0,-1.306301898800E-1,
2.105680000483E0));
#573=CARTESIAN_POINT('',(-2.947367137438E0,-1.587433158109E-1,
2.058726719028E0));
#574=CARTESIAN_POINT('',(-2.962755589473E0,-1.907397428670E-1,
2.015402804341E0));
#575=CARTESIAN_POINT('',(-2.973376880913E0,-2.178054710972E-1,
1.981064926368E0));
#576=CARTESIAN_POINT('',(-2.981033931096E0,-2.370067681427E-1,
1.953806263641E0));
#577=CARTESIAN_POINT('',(-2.987928533492E0,-2.497769791083E-1,
1.930862085770E0));
#578=CARTESIAN_POINT('',(-2.995030796603E0,-2.578752684078E-1,
1.911364908864E0));
#579=CARTESIAN_POINT('',(-3.002660800301E0,-2.628791695930E-1,
1.894581458329E0));
#580=CARTESIAN_POINT('',(-3.010901261130E0,-2.658617036952E-1,
1.879952447765E0));
#581=CARTESIAN_POINT('',(-3.019768534427E0,-2.674695212139E-1,
1.867051539416E0));
#582=CARTESIAN_POINT('',(-3.026270732835E0,-2.678920938607E-1,
1.859227203785E0));
#583=CARTESIAN_POINT('',(-3.029624424166E0,-2.679715874271E-1,
1.855558867097E0));
#585=CARTESIAN_POINT('',(-3.146508793367E0,-3.500000000001E-1,2.1E0));
#586=CARTESIAN_POINT('',(-3.146508718845E0,-3.408579138975E-1,
2.100000024090E0));
#587=CARTESIAN_POINT('',(-3.145576734940E0,-3.230902889988E-1,
2.100718493328E0));
#588=CARTESIAN_POINT('',(-3.141876920029E0,-2.982358814264E-1,
2.103563488526E0));
#589=CARTESIAN_POINT('',(-3.136222650293E0,-2.749406803523E-1,
2.107889319978E0));
#590=CARTESIAN_POINT('',(-3.129089617737E0,-2.535969158597E-1,
2.113310704522E0));
#591=CARTESIAN_POINT('',(-3.120501819158E0,-2.333434654071E-1,
2.119785852679E0));
#592=CARTESIAN_POINT('',(-3.110082808259E0,-2.132523524226E-1,
2.127568023249E0));
#593=CARTESIAN_POINT('',(-3.097119995829E0,-1.925062738183E-1,
2.137138985546E0));
#594=CARTESIAN_POINT('',(-3.081006212154E0,-1.710271682902E-1,
2.148866637082E0));
#595=CARTESIAN_POINT('',(-3.061340535537E0,-1.491858618571E-1,
2.162928867201E0));
#596=CARTESIAN_POINT('',(-3.037831739212E0,-1.274469270868E-1,
2.179389048184E0));
#597=CARTESIAN_POINT('',(-3.019260723482E0,-1.132139787681E-1,
2.192073067668E0));
#598=CARTESIAN_POINT('',(-3.009227227936E0,-1.062597740051E-1,
2.198821355248E0));
#600=CARTESIAN_POINT('',(-3.267497682322E0,-1.705580121580E-14,
2.450000000123E0));
#601=CARTESIAN_POINT('',(-3.267503536107E0,2.832076581681E-7,2.443471755216E0));
#602=CARTESIAN_POINT('',(-3.266582131206E0,-3.677946790510E-4,
2.430362388343E0));
#603=CARTESIAN_POINT('',(-3.262579614147E0,-2.020643683298E-3,
2.410708213256E0));
#604=CARTESIAN_POINT('',(-3.255719313038E0,-4.852072899245E-3,
2.390810473244E0));
#605=CARTESIAN_POINT('',(-3.246442218276E0,-8.664350161476E-3,
2.371809589699E0));
#606=CARTESIAN_POINT('',(-3.234665950361E0,-1.351156429598E-2,
2.353040591754E0));
#607=CARTESIAN_POINT('',(-3.220358637066E0,-1.939587693647E-2,
2.334559420553E0));
#608=CARTESIAN_POINT('',(-3.203528728370E0,-2.632029611885E-2,
2.316364753371E0));
#609=CARTESIAN_POINT('',(-3.184153401843E0,-3.429118525771E-2,
2.298485631747E0));
#610=CARTESIAN_POINT('',(-3.162176786347E0,-4.333285499142E-2,
2.280923493445E0));
#611=CARTESIAN_POINT('',(-3.137491900553E0,-5.348873910076E-2,
2.263676168031E0));
#612=CARTESIAN_POINT('',(-3.110008934425E0,-6.479586280664E-2,
2.246779091766E0));
#613=CARTESIAN_POINT('',(-3.079633109033E0,-7.729357348237E-2,
2.230280514240E0));
#614=CARTESIAN_POINT('',(-3.046258612586E0,-9.102360278031E-2,
2.214238997729E0));
#615=CARTESIAN_POINT('',(-3.021917102277E0,-1.010414425995E-1,
2.203885147401E0));
#616=CARTESIAN_POINT('',(-3.009227227936E0,-1.062597740051E-1,
2.198821355248E0));
#618=CARTESIAN_POINT('',(-4.775528090456E0,-3.5E-1,2.45E0));
#619=DIRECTION('',(-1.E0,0.E0,0.E0));
#620=DIRECTION('',(0.E0,1.E0,0.E0));
#621=AXIS2_PLACEMENT_3D('',#618,#619,#620);
#623=CARTESIAN_POINT('',(-3.267497732712E0,-1.999999999987E-1,
2.450000164978E0));
#624=DIRECTION('',(-6.236513461147E-6,1.099665588752E-6,-9.999999999799E-1));
#625=DIRECTION('',(4.771072426024E-11,9.999999999994E-1,1.099665587478E-6));
#626=AXIS2_PLACEMENT_3D('',#623,#624,#625);
#628=CARTESIAN_POINT('',(-3.009227526740E0,-2.455400056389E-1,
2.342351903021E0));
#629=DIRECTION('',(9.711174833177E-1,-1.712342137466E-1,-1.661616009714E-1));
#630=DIRECTION('',(1.482064196640E-6,6.964013369108E-1,-7.176525468126E-1));
#631=AXIS2_PLACEMENT_3D('',#628,#629,#630);
#633=CARTESIAN_POINT('',(-2.882005472624E0,-2.679726863067E-1,
1.720600345881E0));
#634=DIRECTION('',(-6.700226573321E-1,1.181430721736E-1,-7.328791531753E-1));
#635=DIRECTION('',(-7.380474036454E-1,7.564293089957E-6,6.747488643303E-1));
#636=AXIS2_PLACEMENT_3D('',#633,#634,#635);
#638=CARTESIAN_POINT('',(-3.250007641516E0,1.347405392524E-6,
-1.132843859293E0));
#639=CARTESIAN_POINT('',(-3.203522388398E0,-8.195256924389E-3,
-1.226635067588E0));
#640=CARTESIAN_POINT('',(-3.095747713362E0,-2.719883997797E-2,
-1.413940299219E0));
#641=CARTESIAN_POINT('',(-2.890868059304E0,-6.332465075177E-2,
-1.684271625774E0));
#642=CARTESIAN_POINT('',(-2.712450526775E0,-9.478447565340E-2,
-1.862036597356E0));
#643=CARTESIAN_POINT('',(-2.611669139263E0,-1.125549534250E-1,
-1.947272727273E0));
#645=CARTESIAN_POINT('',(-2.611669139263E0,-1.125549534250E-1,
-1.947272727273E0));
#646=CARTESIAN_POINT('',(-2.547347261698E0,-1.238966358895E-1,
-2.001656304244E0));
#647=CARTESIAN_POINT('',(-2.412323681145E0,-1.477049360875E-1,
-2.104465922112E0));
#648=CARTESIAN_POINT('',(-2.202582278265E0,-1.846880044219E-1,
-2.234757479920E0));
#649=CARTESIAN_POINT('',(-2.033781809951E0,-2.144520813340E-1,
-2.317402307116E0));
#650=CARTESIAN_POINT('',(-1.943432721778E0,-2.303830632613E-1,
-2.354930657735E0));
#652=CARTESIAN_POINT('',(-1.943432721778E0,-2.303830632613E-1,
-2.354930657735E0));
#653=CARTESIAN_POINT('',(-1.765490094004E0,-2.617591495561E-1,
-2.428828657664E0));
#654=CARTESIAN_POINT('',(-1.405036032027E0,-3.253169259886E-1,
-2.532158169402E0));
#655=CARTESIAN_POINT('',(-8.495836660210E-1,-4.232581646138E-1,
-2.567542608360E0));
#656=CARTESIAN_POINT('',(-2.985922604209E-1,-5.204128155596E-1,
-2.482120034454E0));
#657=CARTESIAN_POINT('',(2.187896532008E-1,-6.116412062617E-1,
-2.280891747447E0));
#658=CARTESIAN_POINT('',(6.796257591451E-1,-6.928990454243E-1,
-1.974383432728E0));
#659=CARTESIAN_POINT('',(1.062936143277E0,-7.604870081325E-1,
-1.577834709511E0));
#660=CARTESIAN_POINT('',(1.352182858281E0,-8.114890080689E-1,
-1.110028875711E0));
#661=CARTESIAN_POINT('',(1.535094089231E0,-8.437411931600E-1,
-5.922391238878E-1));
#662=CARTESIAN_POINT('',(1.603865164532E0,-8.558673892279E-1,
-4.749579735770E-2));
#663=CARTESIAN_POINT('',(1.555223304308E0,-8.472905168785E-1,
5.001834078949E-1));
#664=CARTESIAN_POINT('',(1.390704923467E0,-8.182814875138E-1,1.026256256216E0));
#665=CARTESIAN_POINT('',(1.116495784159E0,-7.699310178970E-1,1.506813202347E0));
#666=CARTESIAN_POINT('',(7.449672418336E-1,-7.044205117817E-1,
1.918484753343E0));
#667=CARTESIAN_POINT('',(2.904200161270E-1,-6.242715718835E-1,
2.242471141557E0));
#668=CARTESIAN_POINT('',(-2.199561534151E-1,-5.342784828826E-1,
2.459470565329E0));
#669=CARTESIAN_POINT('',(-7.721537502955E-1,-4.369111478702E-1,
2.564254286741E0));
#670=CARTESIAN_POINT('',(-1.350042376501E0,-3.350137912255E-1,
2.541503354233E0));
#671=CARTESIAN_POINT('',(-1.698293486812E0,-2.736077244162E-1,
2.449116206687E0));
#672=CARTESIAN_POINT('',(-1.868329223268E0,-2.436258363943E-1,
2.384739782160E0));
#674=CARTESIAN_POINT('',(-1.868329223268E0,-2.436258363943E-1,
2.384739782160E0));
#675=CARTESIAN_POINT('',(-1.901539940346E0,-2.377711807288E-1,
2.372169166638E0));
#676=CARTESIAN_POINT('',(-1.966495203650E0,-2.263158924170E-1,
2.358991211786E0));
#677=CARTESIAN_POINT('',(-2.053483565997E0,-2.109784111385E-1,
2.364121789832E0));
#678=CARTESIAN_POINT('',(-2.134661845518E0,-1.966637184462E-1,
2.388191315540E0));
#679=CARTESIAN_POINT('',(-2.190624581926E0,-1.867974268034E-1,
2.421599036304E0));
#680=CARTESIAN_POINT('',(-2.217256949718E0,-1.821004639039E-1,
2.443940954312E0));
#682=DIRECTION('',(-7.591504501455E-1,1.338587067777E-1,6.370027006722E-1));
#683=VECTOR('',#682,3.988569952775E-1);
#684=CARTESIAN_POINT('',(-2.217256949718E0,-1.821004639039E-1,
2.443940954312E0));
#685=LINE('',#684,#683);
#686=CARTESIAN_POINT('',(-2.520049417227E0,-1.287099823268E-1,
2.698013937486E0));
#687=CARTESIAN_POINT('',(-2.543250663506E0,-1.246189766217E-1,
2.697341484190E0));
#688=CARTESIAN_POINT('',(-2.587845208524E0,-1.167557551426E-1,
2.695701000551E0));
#689=CARTESIAN_POINT('',(-2.649210248296E0,-1.059354429586E-1,
2.692551471850E0));
#690=CARTESIAN_POINT('',(-2.705378762383E0,-9.603141845864E-2,
2.688870655543E0));
#691=CARTESIAN_POINT('',(-2.756596819627E0,-8.700029306710E-2,
2.684794820425E0));
#692=CARTESIAN_POINT('',(-2.803213438625E0,-7.878052538841E-2,
2.680433443571E0));
#693=CARTESIAN_POINT('',(-2.845612848173E0,-7.130436551893E-2,
2.675871466352E0));
#694=CARTESIAN_POINT('',(-2.884174960235E0,-6.450482472930E-2,
2.671174695191E0));
#695=CARTESIAN_POINT('',(-2.919275259090E0,-5.831569501033E-2,
2.666391339677E0));
#696=CARTESIAN_POINT('',(-2.951270228498E0,-5.267411865676E-2,
2.661554984257E0));
#697=CARTESIAN_POINT('',(-2.980447804842E0,-4.752932471546E-2,
2.656694593173E0));
#698=CARTESIAN_POINT('',(-3.007033394972E0,-4.284156787756E-2,
2.651838764555E0));
#699=CARTESIAN_POINT('',(-3.031244819913E0,-3.857244041917E-2,
2.647009170099E0));
#700=CARTESIAN_POINT('',(-3.053315835762E0,-3.468072483331E-2,
2.642215263772E0));
#701=CARTESIAN_POINT('',(-3.073486648014E0,-3.112406641047E-2,
2.637454318444E0));
#702=CARTESIAN_POINT('',(-3.091997600764E0,-2.786008600199E-2,
2.632711195601E0));
#703=CARTESIAN_POINT('',(-3.109083579351E0,-2.484736698531E-2,
2.627957916198E0));
#704=CARTESIAN_POINT('',(-3.124975886763E0,-2.204512440289E-2,
2.623150907270E0));
#705=CARTESIAN_POINT('',(-3.139911919589E0,-1.941149883078E-2,
2.618223172047E0));
#706=CARTESIAN_POINT('',(-3.154006989803E0,-1.692615765709E-2,
2.613121361695E0));
#707=CARTESIAN_POINT('',(-3.167048469873E0,-1.462659285244E-2,
2.607903858678E0));
#708=CARTESIAN_POINT('',(-3.178744914232E0,-1.256419413353E-2,
2.602698887916E0));
#709=CARTESIAN_POINT('',(-3.189094039360E0,-1.073936414687E-2,
2.597547045405E0));
#710=CARTESIAN_POINT('',(-3.198199538880E0,-9.133818908626E-3,
2.592436142736E0));
#711=CARTESIAN_POINT('',(-3.206083188207E0,-7.743718825862E-3,
2.587393431697E0));
#712=CARTESIAN_POINT('',(-3.212739643258E0,-6.570006204380E-3,
2.582483217448E0));
#713=CARTESIAN_POINT('',(-3.218271325849E0,-5.594621314939E-3,
2.577713200624E0));
#714=CARTESIAN_POINT('',(-3.222875171184E0,-4.782839167386E-3,
2.572979672800E0));
#715=CARTESIAN_POINT('',(-3.226734469941E0,-4.102340669794E-3,
2.568075932063E0));
#716=CARTESIAN_POINT('',(-3.229888575613E0,-3.546186739872E-3,
2.562751437544E0));
#717=CARTESIAN_POINT('',(-3.232143974933E0,-3.148498987502E-3,
2.556803146914E0));
#718=CARTESIAN_POINT('',(-3.232767465032E0,-3.038560861086E-3,
2.552346382654E0));
#719=CARTESIAN_POINT('',(-3.232768097172E0,-3.038449397764E-3,2.55E0));
#721=DIRECTION('',(3.552713678800E-13,2.056410597362E-12,-1.E0));
#722=VECTOR('',#721,1.E-1);
#723=CARTESIAN_POINT('',(-3.232768097172E0,-3.038449397764E-3,2.55E0));
#724=LINE('',#723,#722);
#725=CARTESIAN_POINT('',(-3.232768097172E0,-3.038449397558E-3,2.45E0));
#726=CARTESIAN_POINT('',(-3.232767967033E0,-3.038472344535E-3,
2.447198792875E0));
#727=CARTESIAN_POINT('',(-3.231874447402E0,-3.196023963197E-3,
2.441584564821E0));
#728=CARTESIAN_POINT('',(-3.227855626140E0,-3.904650582413E-3,
2.433158964133E0));
#729=CARTESIAN_POINT('',(-3.220976972431E0,-5.117542822333E-3,
2.424635403716E0));
#730=CARTESIAN_POINT('',(-3.211709947830E0,-6.751569290317E-3,
2.416490489598E0));
#731=CARTESIAN_POINT('',(-3.199930237803E0,-8.828649993066E-3,
2.408447634300E0));
#732=CARTESIAN_POINT('',(-3.185626970637E0,-1.135070190640E-2,
2.400526180943E0));
#733=CARTESIAN_POINT('',(-3.168797054561E0,-1.431827019447E-2,
2.392728495857E0));
#734=CARTESIAN_POINT('',(-3.149422814395E0,-1.773447146360E-2,
2.385065672877E0));
#735=CARTESIAN_POINT('',(-3.127446437356E0,-2.160949968473E-2,
2.377538953969E0));
#736=CARTESIAN_POINT('',(-3.102761840767E0,-2.596206003050E-2,
2.370147135370E0));
#737=CARTESIAN_POINT('',(-3.075279019393E0,-3.080802309704E-2,
2.362905449165E0));
#738=CARTESIAN_POINT('',(-3.044903215151E0,-3.616409637677E-2,
2.355834690146E0));
#739=CARTESIAN_POINT('',(-3.011529127510E0,-4.204885060764E-2,
2.348959301912E0));
#740=CARTESIAN_POINT('',(-2.987186666421E0,-4.634107799147E-2,
2.344523032272E0));
#741=CARTESIAN_POINT('',(-2.974497536209E0,-4.857851400959E-2,
2.342351858539E0));
#743=CARTESIAN_POINT('',(-2.974497536209E0,-4.857851400959E-2,
2.342351858539E0));
#744=CARTESIAN_POINT('',(-2.957881186024E0,-5.150797892801E-2,
2.339510266538E0));
#745=CARTESIAN_POINT('',(-2.926184981051E0,-5.709753323549E-2,
2.331511433942E0));
#746=CARTESIAN_POINT('',(-2.883530176355E0,-6.461846162011E-2,
2.312499175093E0));
#747=CARTESIAN_POINT('',(-2.845212915911E0,-7.137489934655E-2,
2.284967035490E0));
#748=CARTESIAN_POINT('',(-2.812496124059E0,-7.714373347921E-2,
2.247365691277E0));
#749=CARTESIAN_POINT('',(-2.787059689434E0,-8.162886828580E-2,
2.199710978459E0));
#750=CARTESIAN_POINT('',(-2.769317173369E0,-8.475735121007E-2,
2.145924812088E0));
#751=CARTESIAN_POINT('',(-2.757286420897E0,-8.687869783433E-2,
2.086869948822E0));
#752=CARTESIAN_POINT('',(-2.750873771897E0,-8.800942077368E-2,
2.029846851658E0));
#753=CARTESIAN_POINT('',(-2.749519191258E0,-8.824826991169E-2,
1.977366733860E0));
#754=CARTESIAN_POINT('',(-2.752986615669E0,-8.763686943620E-2,
1.929085280496E0));
#755=CARTESIAN_POINT('',(-2.761057554668E0,-8.621374510025E-2,
1.884253224682E0));
#756=CARTESIAN_POINT('',(-2.773048764189E0,-8.409937145196E-2,
1.843737680388E0));
#757=CARTESIAN_POINT('',(-2.788089719844E0,-8.144724469871E-2,
1.807588590641E0));
#758=CARTESIAN_POINT('',(-2.805549540027E0,-7.836860902316E-2,
1.775386269662E0));
#759=CARTESIAN_POINT('',(-2.825082115756E0,-7.492448257064E-2,
1.746540020886E0));
#760=CARTESIAN_POINT('',(-2.839654506472E0,-7.235499270979E-2,
1.728962881879E0));
#761=CARTESIAN_POINT('',(-2.847288803108E0,-7.100884193758E-2,
1.720612306534E0));
#763=CARTESIAN_POINT('',(-2.847288803108E0,-7.100884193758E-2,
1.720612306534E0));
#764=CARTESIAN_POINT('',(-2.929608243623E0,-5.649370353793E-2,
1.630570355009E0));
#765=CARTESIAN_POINT('',(-3.078495063769E0,-3.024095133611E-2,
1.441885464995E0));
#766=CARTESIAN_POINT('',(-3.197604993644E0,-9.238653274899E-3,
1.238114695270E0));
#767=CARTESIAN_POINT('',(-3.250001427425E0,2.516934575906E-7,1.132428372862E0));
#769=CARTESIAN_POINT('',(-3.749998327907E0,-1.501673922665E-1,
1.696334712901E-5));
#770=CARTESIAN_POINT('',(-3.749992450536E0,-1.218726054483E-1,
-1.547303862309E-5));
#771=CARTESIAN_POINT('',(-3.737790456283E0,-6.525361934040E-2,
7.338789053451E-4));
#772=CARTESIAN_POINT('',(-3.703342800525E0,-1.870473899572E-2,
3.907852857174E-4));
#773=CARTESIAN_POINT('',(-3.682073813216E0,-7.602439276444E-7,
3.554516438010E-4));
#775=CARTESIAN_POINT('',(-2.646398776965E0,-3.095165035868E-1,
-1.947272725431E0));
#776=DIRECTION('',(7.568065254645E-1,-1.334454096156E-1,-6.398720228818E-1));
#777=DIRECTION('',(-6.456465791871E-1,1.455002784922E-10,-7.636363629267E-1));
#778=AXIS2_PLACEMENT_3D('',#775,#776,#777);
#780=CARTESIAN_POINT('',(-2.775526720434E0,-3.095165884070E-1,
-2.099998371240E0));
#781=CARTESIAN_POINT('',(-2.706385400854E0,-3.208212987266E-1,
-2.158456707133E0));
#782=CARTESIAN_POINT('',(-2.560407273301E0,-3.446896659445E-1,
-2.269626707105E0));
#783=CARTESIAN_POINT('',(-2.334511419428E0,-3.816239537186E-1,
-2.409954714347E0));
#784=CARTESIAN_POINT('',(-2.152047177977E0,-4.114577431770E-1,
-2.499271284650E0));
#785=CARTESIAN_POINT('',(-2.054880963066E0,-4.273445546087E-1,
-2.539631105842E0));
#787=DIRECTION('',(-3.605994092251E-7,-9.999999999998E-1,-4.286838888873E-7));
#788=VECTOR('',#787,3.799394056730E0);
#789=CARTESIAN_POINT('',(-2.775526720434E0,-3.095165884070E-1,
-2.099998371240E0));
#790=LINE('',#789,#788);
#791=CARTESIAN_POINT('',(-2.471356268446E0,-4.05E0,-2.323275862076E0));
#792=CARTESIAN_POINT('',(-2.497407359371E0,-4.050000139400E0,
-2.306777375975E0));
#793=CARTESIAN_POINT('',(-2.549231492679E0,-4.051807630720E0,
-2.272729080482E0));
#794=CARTESIAN_POINT('',(-2.626008887299E0,-4.061132827330E0,
-2.218461100333E0));
#795=CARTESIAN_POINT('',(-2.701629794210E0,-4.078643988409E0,
-2.161017874903E0));
#796=CARTESIAN_POINT('',(-2.751170934913E0,-4.097319014279E0,
-2.120593807233E0));
#797=CARTESIAN_POINT('',(-2.775528090494E0,-4.108910645137E0,
-2.099999999979E0));
#799=CARTESIAN_POINT('',(-1.E0,-4.05E0,0.E0));
#800=DIRECTION('',(0.E0,1.E0,0.E0));
#801=DIRECTION('',(-5.233593163840E-1,0.E0,-8.521120970588E-1));
#802=AXIS2_PLACEMENT_3D('',#799,#800,#801);
#804=CARTESIAN_POINT('',(-2.054880973588E0,-4.277368134283E0,
-2.539631101481E0));
#805=CARTESIAN_POINT('',(-2.070754969098E0,-4.252638651248E0,
-2.533037575447E0));
#806=CARTESIAN_POINT('',(-2.104542546904E0,-4.209078368303E0,
-2.518640849703E0));
#807=CARTESIAN_POINT('',(-2.156628091022E0,-4.158971298594E0,
-2.495160086336E0));
#808=CARTESIAN_POINT('',(-2.209224066726E0,-4.120238582942E0,
-2.470105155484E0));
#809=CARTESIAN_POINT('',(-2.261764972424E0,-4.090915994683E0,
-2.443689743844E0));
#810=CARTESIAN_POINT('',(-2.315291655645E0,-4.069224728236E0,
-2.415328321861E0));
#811=CARTESIAN_POINT('',(-2.373088879323E0,-4.054265230719E0,
-2.383021701883E0));
#812=CARTESIAN_POINT('',(-2.416539088312E0,-4.050000406828E0,
-2.357249785525E0));
#813=CARTESIAN_POINT('',(-2.439238120056E0,-4.05E0,-2.343308266912E0));
#815=DIRECTION('',(2.732894417816E-9,1.E0,-1.132726104080E-9));
#816=VECTOR('',#815,3.850023579674E0);
#817=CARTESIAN_POINT('',(-2.054880973588E0,-4.277368134283E0,
-2.539631101481E0));
#818=LINE('',#817,#816);
#819=CARTESIAN_POINT('',(-2.551611992634E0,-4.05E0,-2.450000045778E0));
#820=DIRECTION('',(-8.448276019926E-1,4.898664896137E-8,5.350386181496E-1));
#821=DIRECTION('',(-4.138437148523E-8,-1.E0,2.621117249170E-8));
#822=AXIS2_PLACEMENT_3D('',#819,#820,#821);
#824=CARTESIAN_POINT('',(-2.551612064912E0,-4.2E0,-2.450000000003E0));
#825=CARTESIAN_POINT('',(-2.579075325838E0,-4.200000047651E0,
-2.437825663804E0));
#826=CARTESIAN_POINT('',(-2.633739614894E0,-4.201265556361E0,
-2.412684953939E0));
#827=CARTESIAN_POINT('',(-2.714697542589E0,-4.207792295231E0,
-2.372629230209E0));
#828=CARTESIAN_POINT('',(-2.794452707793E0,-4.220053205929E0,
-2.330220824745E0));
#829=CARTESIAN_POINT('',(-2.846675080908E0,-4.233118438255E0,
-2.300389883582E0));
#830=CARTESIAN_POINT('',(-2.872375077221E0,-4.241236389871E0,
-2.285181818174E0));
#832=CARTESIAN_POINT('',(-2.872375077221E0,-4.241236389871E0,
-2.285181818174E0));
#833=CARTESIAN_POINT('',(-2.894999180045E0,-4.248383324168E0,
-2.271793278115E0));
#834=CARTESIAN_POINT('',(-2.936908324118E0,-4.264329725463E0,
-2.246153708205E0));
#835=CARTESIAN_POINT('',(-2.989611384098E0,-4.292031016722E0,
-2.212133812249E0));
#836=CARTESIAN_POINT('',(-3.033684088236E0,-4.323140935222E0,
-2.182352029156E0));
#837=CARTESIAN_POINT('',(-3.068907727885E0,-4.356254309813E0,
-2.157611812898E0));
#838=CARTESIAN_POINT('',(-3.095443844347E0,-4.389212461770E0,
-2.138403143049E0));
#839=CARTESIAN_POINT('',(-3.114913624871E0,-4.421198813915E0,
-2.123988965500E0));
#840=CARTESIAN_POINT('',(-3.128531534989E0,-4.451340647659E0,
-2.113740678712E0));
#841=CARTESIAN_POINT('',(-3.137568768707E0,-4.479250665768E0,
-2.106863446252E0));
#842=CARTESIAN_POINT('',(-3.143095088278E0,-4.504885877463E0,
-2.102627850816E0));
#843=CARTESIAN_POINT('',(-3.145960819673E0,-4.528383931673E0,
-2.100422419031E0));
#844=CARTESIAN_POINT('',(-3.146508758995E0,-4.543005491206E0,
-2.100000011781E0));
#845=CARTESIAN_POINT('',(-3.146508793367E0,-4.550000000001E0,-2.1E0));
#847=CARTESIAN_POINT('',(-4.775528090456E0,-4.55E0,-2.45E0));
#848=DIRECTION('',(-1.E0,0.E0,0.E0));
#849=DIRECTION('',(0.E0,0.E0,1.E0));
#850=AXIS2_PLACEMENT_3D('',#847,#848,#849);
#852=DIRECTION('',(-1.E0,0.E0,1.333870649123E-8));
#853=VECTOR('',#852,2.223916025544E0);
#854=CARTESIAN_POINT('',(-2.551612064912E0,-4.2E0,-2.450000000003E0));
#855=LINE('',#854,#853);
#856=DIRECTION('',(0.E0,0.E0,-1.E0));
#857=VECTOR('',#856,1.000000593305E-1);
#858=CARTESIAN_POINT('',(-4.775528090456E0,-4.2E0,-2.449999970339E0));
#859=LINE('',#858,#857);
#860=DIRECTION('',(1.E0,0.E0,1.371163415714E-8));
#861=VECTOR('',#860,2.163786605420E0);
#862=CARTESIAN_POINT('',(-4.775528090456E0,-4.2E0,-2.550000029669E0));
#863=LINE('',#862,#861);
#864=DIRECTION('',(7.660444431181E-1,0.E0,6.427876096876E-1));
#865=VECTOR('',#864,1.227075900977E-1);
#866=CARTESIAN_POINT('',(-2.611741485037E0,-4.2E0,-2.55E0));
#867=LINE('',#866,#865);
#868=CARTESIAN_POINT('',(-1.E0,-4.2E0,0.E0));
#869=DIRECTION('',(0.E0,1.E0,0.E0));
#870=DIRECTION('',(-5.233593163840E-1,0.E0,-8.521120970588E-1));
#871=AXIS2_PLACEMENT_3D('',#868,#869,#870);
#873=CARTESIAN_POINT('',(-4.775528090456E0,-4.4E0,-2.45E0));
#874=DIRECTION('',(0.E0,0.E0,-1.E0));
#875=DIRECTION('',(-1.E0,0.E0,0.E0));
#876=AXIS2_PLACEMENT_3D('',#873,#874,#875);
#878=CARTESIAN_POINT('',(-4.975528090456E0,-4.6E0,-2.5E0));
#879=DIRECTION('',(-1.E0,0.E0,0.E0));
#880=DIRECTION('',(0.E0,0.E0,-1.E0));
#881=AXIS2_PLACEMENT_3D('',#878,#879,#880);
#883=DIRECTION('',(-1.776356839400E-14,-2.449596081533E-11,1.E0));
#884=VECTOR('',#883,5.E-2);
#885=CARTESIAN_POINT('',(-4.975528090456E0,-4.799999999999E0,-2.55E0));
#886=LINE('',#885,#884);
#887=CARTESIAN_POINT('',(-4.975528090456E0,-4.65E0,-2.55E0));
#888=DIRECTION('',(-1.E0,0.E0,0.E0));
#889=DIRECTION('',(0.E0,0.E0,-1.E0));
#890=AXIS2_PLACEMENT_3D('',#887,#888,#889);
#892=DIRECTION('',(3.552713678800E-14,-1.E0,2.374100915858E-11));
#893=VECTOR('',#892,5.E-2);
#894=CARTESIAN_POINT('',(-4.975528090456E0,-4.6E0,-2.7E0));
#895=LINE('',#894,#893);
#896=CARTESIAN_POINT('',(-4.975528090456E0,-4.6E0,-2.5E0));
#897=DIRECTION('',(-1.E0,0.E0,0.E0));
#898=DIRECTION('',(0.E0,-1.E0,0.E0));
#899=AXIS2_PLACEMENT_3D('',#896,#897,#898);
#901=DIRECTION('',(-3.552713678800E-14,1.E0,2.379429986377E-11));
#902=VECTOR('',#901,5.E-2);
#903=CARTESIAN_POINT('',(-4.975528090456E0,-4.65E0,-2.300000000001E0));
#904=LINE('',#903,#902);
#905=CARTESIAN_POINT('',(-4.975528090456E0,-4.65E0,-2.45E0));
#906=DIRECTION('',(-1.E0,0.E0,0.E0));
#907=DIRECTION('',(0.E0,-1.E0,0.E0));
#908=AXIS2_PLACEMENT_3D('',#905,#906,#907);
#910=DIRECTION('',(1.776356839400E-14,2.449596081533E-11,1.E0));
#911=VECTOR('',#910,5.E-2);
#912=CARTESIAN_POINT('',(-4.975528090456E0,-4.8E0,-2.5E0));
#913=LINE('',#912,#911);
#914=CARTESIAN_POINT('',(-4.975528090456E0,-4.6E0,-2.5E0));
#915=DIRECTION('',(-1.E0,0.E0,0.E0));
#916=DIRECTION('',(0.E0,0.E0,1.E0));
#917=AXIS2_PLACEMENT_3D('',#914,#915,#916);
#919=DIRECTION('',(-1.776356839400E-14,2.382094521636E-11,-1.E0));
#920=VECTOR('',#919,5.E-2);
#921=CARTESIAN_POINT('',(-4.975528090456E0,-4.400000000001E0,-2.45E0));
#922=LINE('',#921,#920);
#923=CARTESIAN_POINT('',(-4.975528090456E0,-4.55E0,-2.45E0));
#924=DIRECTION('',(-1.E0,0.E0,0.E0));
#925=DIRECTION('',(0.E0,0.E0,1.E0));
#926=AXIS2_PLACEMENT_3D('',#923,#924,#925);
#928=DIRECTION('',(3.552713678801E-14,1.E0,-2.446043367854E-11));
#929=VECTOR('',#928,5.E-2);
#930=CARTESIAN_POINT('',(-4.975528090456E0,-4.6E0,-2.3E0));
#931=LINE('',#930,#929);
#932=CARTESIAN_POINT('',(-4.975528090456E0,-4.6E0,-2.5E0));
#933=DIRECTION('',(-1.E0,0.E0,0.E0));
#934=DIRECTION('',(0.E0,1.E0,0.E0));
#935=AXIS2_PLACEMENT_3D('',#932,#933,#934);
#937=DIRECTION('',(-3.552713678801E-14,-1.E0,-2.450484259953E-11));
#938=VECTOR('',#937,5.E-2);
#939=CARTESIAN_POINT('',(-4.975528090456E0,-4.55E0,-2.699999999999E0));
#940=LINE('',#939,#938);
#941=CARTESIAN_POINT('',(-4.975528090456E0,-4.55E0,-2.55E0));
#942=DIRECTION('',(-1.E0,0.E0,0.E0));
#943=DIRECTION('',(0.E0,1.E0,0.E0));
#944=AXIS2_PLACEMENT_3D('',#941,#942,#943);
#946=DIRECTION('',(1.776356839400E-14,-2.374989094278E-11,-1.E0));
#947=VECTOR('',#946,5.E-2);
#948=CARTESIAN_POINT('',(-4.975528090456E0,-4.4E0,-2.5E0));
#949=LINE('',#948,#947);
#950=DIRECTION('',(-1.E0,0.E0,0.E0));
#951=VECTOR('',#950,2.927447190954E1);
#952=CARTESIAN_POINT('',(-4.975528090456E0,-4.6E0,-2.3E0));
#953=LINE('',#952,#951);
#954=DIRECTION('',(1.E0,0.E0,0.E0));
#955=VECTOR('',#954,2.927447190954E1);
#956=CARTESIAN_POINT('',(-3.425E1,-4.6E0,-2.7E0));
#957=LINE('',#956,#955);
#958=CARTESIAN_POINT('',(-3.425E1,-4.6E0,-2.5E0));
#959=DIRECTION('',(-1.E0,0.E0,0.E0));
#960=DIRECTION('',(0.E0,0.E0,-1.E0));
#961=AXIS2_PLACEMENT_3D('',#958,#959,#960);
#963=CARTESIAN_POINT('',(-3.425E1,-4.6E0,-2.5E0));
#964=DIRECTION('',(-1.E0,0.E0,0.E0));
#965=DIRECTION('',(0.E0,0.E0,1.E0));
#966=AXIS2_PLACEMENT_3D('',#963,#964,#965);
#968=CARTESIAN_POINT('',(-4.775528090456E0,-4.8E0,-2.55E0));
#969=DIRECTION('',(0.E0,0.E0,1.E0));
#970=DIRECTION('',(-1.E0,0.E0,0.E0));
#971=AXIS2_PLACEMENT_3D('',#968,#969,#970);
#973=CARTESIAN_POINT('',(-4.775528090456E0,-4.8E0,-2.45E0));
#974=DIRECTION('',(0.E0,0.E0,1.E0));
#975=DIRECTION('',(-1.E0,0.E0,0.E0));
#976=AXIS2_PLACEMENT_3D('',#973,#974,#975);
#978=CARTESIAN_POINT('',(-4.775528090456E0,-4.65E0,-2.3E0));
#979=DIRECTION('',(0.E0,1.E0,0.E0));
#980=DIRECTION('',(-1.E0,0.E0,0.E0));
#981=AXIS2_PLACEMENT_3D('',#978,#979,#980);
#983=CARTESIAN_POINT('',(-4.775528090456E0,-4.55E0,-2.3E0));
#984=DIRECTION('',(0.E0,1.E0,0.E0));
#985=DIRECTION('',(-1.E0,0.E0,0.E0));
#986=AXIS2_PLACEMENT_3D('',#983,#984,#985);
#988=DIRECTION('',(-1.E0,-1.820824721303E-8,0.E0));
#989=VECTOR('',#988,1.629019297090E0);
#990=CARTESIAN_POINT('',(-3.146508793367E0,-4.65E0,-2.1E0));
#991=LINE('',#990,#989);
#992=DIRECTION('',(0.E0,1.E0,-1.776356925413E-14));
#993=VECTOR('',#992,9.999999515792E-2);
#994=CARTESIAN_POINT('',(-4.775528090456E0,-4.650000029661E0,-2.1E0));
#995=LINE('',#994,#993);
#996=DIRECTION('',(-1.E0,-2.118012897077E-8,0.E0));
#997=VECTOR('',#996,1.629019297090E0);
#998=CARTESIAN_POINT('',(-3.146508793367E0,-4.550000000001E0,-2.1E0));
#999=LINE('',#998,#997);
#1000=DIRECTION('',(0.E0,-1.E0,0.E0));
#1001=VECTOR('',#1000,9.999999999917E-2);
#1002=CARTESIAN_POINT('',(-3.146508793367E0,-4.550000000001E0,-2.1E0));
#1003=LINE('',#1002,#1001);
#1004=CARTESIAN_POINT('',(-3.146508793367E0,-4.65E0,-2.1E0));
#1005=CARTESIAN_POINT('',(-3.146508731659E0,-4.658337117967E0,
-2.100000020002E0));
#1006=CARTESIAN_POINT('',(-3.145733442458E0,-4.674595910803E0,
-2.100597577754E0));
#1007=CARTESIAN_POINT('',(-3.142612077289E0,-4.697535248878E0,
-2.102998661547E0));
#1008=CARTESIAN_POINT('',(-3.137783902506E0,-4.719236430814E0,
-2.106696565004E0));
#1009=CARTESIAN_POINT('',(-3.131646370086E0,-4.739234827644E0,
-2.111370927700E0));
#1010=CARTESIAN_POINT('',(-3.124321895617E0,-4.758061331288E0,
-2.116910875877E0));
#1011=CARTESIAN_POINT('',(-3.115626533115E0,-4.776434017891E0,
-2.123435262186E0));
#1012=CARTESIAN_POINT('',(-3.105061226680E0,-4.795148110125E0,
-2.131287374498E0));
#1013=CARTESIAN_POINT('',(-3.092078463932E0,-4.814547720468E0,
-2.140824113822E0));
#1014=CARTESIAN_POINT('',(-3.076315267011E0,-4.834454512695E0,
-2.152239440356E0));
#1015=CARTESIAN_POINT('',(-3.057543240627E0,-4.854500509383E0,
-2.165604150584E0));
#1016=CARTESIAN_POINT('',(-3.035537282120E0,-4.874363032514E0,
-2.180963215983E0));
#1017=CARTESIAN_POINT('',(-3.018415976072E0,-4.887371568213E0,
-2.192641352098E0));
#1018=CARTESIAN_POINT('',(-3.009227667235E0,-4.893739832837E0,
-2.198820994464E0));
#1020=CARTESIAN_POINT('',(-3.267497440345E0,-5.E0,-2.450000001147E0));
#1021=CARTESIAN_POINT('',(-3.267518752487E0,-5.000001033661E0,
-2.440706361803E0));
#1022=CARTESIAN_POINT('',(-3.265559604763E0,-4.999255413011E0,
-2.422528591905E0));
#1023=CARTESIAN_POINT('',(-3.258466005291E0,-4.996245981421E0,
-2.396795058405E0));
#1024=CARTESIAN_POINT('',(-3.246910280053E0,-4.991533088158E0,
-2.372220691863E0));
#1025=CARTESIAN_POINT('',(-3.232482416241E0,-4.985584638805E0,
-2.349728091316E0));
#1026=CARTESIAN_POINT('',(-3.215249872280E0,-4.978501917167E0,
-2.328573137455E0));
#1027=CARTESIAN_POINT('',(-3.195957687983E0,-4.970564404809E0,
-2.309011320330E0));
#1028=CARTESIAN_POINT('',(-3.175206682927E0,-4.962027881139E0,
-2.291054306443E0));
#1029=CARTESIAN_POINT('',(-3.153058866812E0,-4.952915958979E0,
-2.274330482767E0));
#1030=CARTESIAN_POINT('',(-3.129195114853E0,-4.943097836919E0,
-2.258402172997E0));
#1031=CARTESIAN_POINT('',(-3.103289048978E0,-4.932439523125E0,
-2.243006395550E0));
#1032=CARTESIAN_POINT('',(-3.074914962476E0,-4.920765311479E0,
-2.227941425124E0));
#1033=CARTESIAN_POINT('',(-3.043794079756E0,-4.907962535811E0,
-2.213174264718E0));
#1034=CARTESIAN_POINT('',(-3.021074566713E0,-4.898611844596E0,
-2.203548708505E0));
#1035=CARTESIAN_POINT('',(-3.009227667235E0,-4.893739832837E0,
-2.198820994464E0));
#1037=CARTESIAN_POINT('',(-4.775528090456E0,-4.65E0,-2.45E0));
#1038=DIRECTION('',(-1.E0,0.E0,0.E0));
#1039=DIRECTION('',(0.E0,-1.E0,0.E0));
#1040=AXIS2_PLACEMENT_3D('',#1037,#1038,#1039);
#1042=CARTESIAN_POINT('',(-3.146508793367E0,-4.650000003101E0,-1.95E0));
#1043=DIRECTION('',(5.634624893187E-9,-1.E0,-6.202440324113E-9));
#1044=DIRECTION('',(-9.769962616702E-14,6.202440043050E-9,-1.E0));
#1045=AXIS2_PLACEMENT_3D('',#1042,#1043,#1044);
#1047=CARTESIAN_POINT('',(-3.009227667235E0,-4.893739832837E0,
-2.198820994464E0));
#1048=CARTESIAN_POINT('',(-2.997907800788E0,-4.896530256652E0,
-2.201528810756E0));
#1049=CARTESIAN_POINT('',(-2.976967490675E0,-4.900846538460E0,
-2.205059202438E0));
#1050=CARTESIAN_POINT('',(-2.950167030590E0,-4.904209437854E0,
-2.204224067478E0));
#1051=CARTESIAN_POINT('',(-2.929954192401E0,-4.903870309710E0,
-2.194991668715E0));
#1052=CARTESIAN_POINT('',(-2.919937534888E0,-4.898554876249E0,
-2.175176154436E0));
#1053=CARTESIAN_POINT('',(-2.920676525185E0,-4.887193182493E0,
-2.144060767865E0));
#1054=CARTESIAN_POINT('',(-2.931378646608E0,-4.868200926891E0,
-2.103360016600E0));
#1055=CARTESIAN_POINT('',(-2.949124226809E0,-4.838191857988E0,
-2.054065032100E0));
#1056=CARTESIAN_POINT('',(-2.965361265704E0,-4.803191712884E0,
-2.007606292492E0));
#1057=CARTESIAN_POINT('',(-2.976133028206E0,-4.774848387351E0,
-1.971401559491E0));
#1058=CARTESIAN_POINT('',(-2.984167999375E0,-4.756249044588E0,
-1.942799836270E0));
#1059=CARTESIAN_POINT('',(-2.992071420598E0,-4.744760241602E0,
-1.918740951411E0));
#1060=CARTESIAN_POINT('',(-3.000639191302E0,-4.738045239372E0,
-1.898489599065E0));
#1061=CARTESIAN_POINT('',(-3.009895574535E0,-4.734343666807E0,
-1.881462849551E0));
#1062=CARTESIAN_POINT('',(-3.019596315222E0,-4.732527764336E0,
-1.867225832856E0));
#1063=CARTESIAN_POINT('',(-3.026300620731E0,-4.732107558766E0,
-1.859196651754E0));
#1064=CARTESIAN_POINT('',(-3.029625471648E0,-4.732028464556E0,
-1.855559855360E0));
#1066=CARTESIAN_POINT('',(-3.146508793367E0,-4.55E0,-1.95E0));
#1067=DIRECTION('',(0.E0,-1.E0,0.E0));
#1068=DIRECTION('',(0.E0,0.E0,-1.E0));
#1069=AXIS2_PLACEMENT_3D('',#1066,#1067,#1068);
#1071=CARTESIAN_POINT('',(-2.872374641717E0,-4.108908931827E0,
-2.214545822751E0));
#1072=DIRECTION('',(-7.219666474090E-1,-3.258346088129E-1,6.104063955504E-1));
#1073=DIRECTION('',(-4.169715417340E-7,-8.821819314593E-1,-4.709087382992E-1));
#1074=AXIS2_PLACEMENT_3D('',#1071,#1072,#1073);
#1076=CARTESIAN_POINT('',(-3.009227692348E0,-4.754460023537E0,
-2.342351947914E0));
#1077=DIRECTION('',(9.711172334995E-1,1.712341696969E-1,1.661631064001E-1));
#1078=DIRECTION('',(-4.459152030871E-7,-6.963990472947E-1,7.176547686227E-1));
#1079=AXIS2_PLACEMENT_3D('',#1076,#1077,#1078);
#1081=CARTESIAN_POINT('',(-2.882009268191E0,-4.732027982954E0,
-1.720603679769E0));
#1082=DIRECTION('',(-6.700239931838E-1,-1.181433077203E-1,7.328778939216E-1));
#1083=DIRECTION('',(-7.380464192303E-1,-4.289746637909E-6,-6.747499411211E-1));
#1084=AXIS2_PLACEMENT_3D('',#1081,#1082,#1083);
#1086=DIRECTION('',(1.E0,6.027384889599E-8,-2.293036832902E-8));
#1087=VECTOR('',#1086,1.508030357753E0);
#1088=CARTESIAN_POINT('',(-4.775528090456E0,-5.E0,-2.549999965409E0));
#1089=LINE('',#1088,#1087);
#1090=DIRECTION('',(0.E0,0.E0,1.E0));
#1091=VECTOR('',#1090,9.999993090521E-2);
#1092=CARTESIAN_POINT('',(-4.775528090456E0,-5.E0,-2.549999965409E0));
#1093=LINE('',#1092,#1091);
#1094=DIRECTION('',(-1.E0,-3.062621958049E-13,-2.211910418621E-8));
#1095=VECTOR('',#1094,1.508030650111E0);
#1096=CARTESIAN_POINT('',(-3.267497440345E0,-5.E0,-2.450000001147E0));
#1097=LINE('',#1096,#1095);
#1098=DIRECTION('',(2.923580718076E-6,-9.089433222569E-7,9.999999999953E-1));
#1099=VECTOR('',#1098,9.999999884165E-2);
#1100=CARTESIAN_POINT('',(-3.267497732703E0,-4.999999909105E0,
-2.549999999988E0));
#1101=LINE('',#1100,#1099);
#1102=CARTESIAN_POINT('',(-3.682058044676E0,-4.999997692183E0,
3.726860639843E-4));
#1103=CARTESIAN_POINT('',(-3.682048159795E0,-4.999997692183E0,
4.114932287610E-2));
#1104=CARTESIAN_POINT('',(-3.679827811438E0,-5.000001071062E0,
1.191687638837E-1));
#1105=CARTESIAN_POINT('',(-3.671535598137E0,-4.999999713010E0,
2.252966275329E-1));
#1106=CARTESIAN_POINT('',(-3.659615913839E0,-5.000000076899E0,
3.214375908271E-1));
#1107=CARTESIAN_POINT('',(-3.645120212249E0,-4.999999979395E0,
4.083026019298E-1));
#1108=CARTESIAN_POINT('',(-3.628854809946E0,-5.000000005521E0,
4.868262633692E-1));
#1109=CARTESIAN_POINT('',(-3.611445039642E0,-4.999999998521E0,
5.578815280611E-1));
#1110=CARTESIAN_POINT('',(-3.593211924535E0,-5.000000000396E0,
6.227375924598E-1));
#1111=CARTESIAN_POINT('',(-3.574440470179E0,-4.999999999894E0,
6.821131410687E-1));
#1112=CARTESIAN_POINT('',(-3.555483812322E0,-5.000000000028E0,
7.362407168339E-1));
#1113=CARTESIAN_POINT('',(-3.536600071909E0,-4.999999999992E0,
7.854884397919E-1));
#1114=CARTESIAN_POINT('',(-3.517971419523E0,-5.000000000002E0,
8.302639705657E-1));
#1115=CARTESIAN_POINT('',(-3.499712679665E0,-4.999999999999E0,
8.709962762343E-1));
#1116=CARTESIAN_POINT('',(-3.481878461318E0,-5.E0,9.081202377509E-1));
#1117=CARTESIAN_POINT('',(-3.464469991632E0,-5.E0,9.420662520932E-1));
#1118=CARTESIAN_POINT('',(-3.447440690425E0,-5.000000000001E0,
9.732528238218E-1));
#1119=CARTESIAN_POINT('',(-3.430701161385E0,-4.999999999997E0,
1.002081972087E0));
#1120=CARTESIAN_POINT('',(-3.414119300023E0,-5.000000000010E0,
1.028932688544E0));
#1121=CARTESIAN_POINT('',(-3.397515968321E0,-4.999999999962E0,
1.054156399242E0));
#1122=CARTESIAN_POINT('',(-3.380670599749E0,-5.000000000144E0,
1.078061548288E0));
#1123=CARTESIAN_POINT('',(-3.363192898671E0,-4.999999999464E0,
1.101012364399E0));
#1124=CARTESIAN_POINT('',(-3.345429561282E0,-5.000000001999E0,
1.122266614304E0));
#1125=CARTESIAN_POINT('',(-3.327503694190E0,-4.999999992540E0,
1.141397162232E0));
#1126=CARTESIAN_POINT('',(-3.309156656228E0,-5.000000027840E0,
1.158047443691E0));
#1127=CARTESIAN_POINT('',(-3.291847022917E0,-4.999999896098E0,
1.170082951230E0));
#1128=CARTESIAN_POINT('',(-3.273193005475E0,-5.000000387767E0,
1.178103054874E0));
#1129=CARTESIAN_POINT('',(-3.255960745045E0,-4.999998552834E0,
1.170639484799E0));
#1130=CARTESIAN_POINT('',(-3.250789036976E0,-5.000005400896E0,
1.151672755481E0));
#1131=CARTESIAN_POINT('',(-3.249934001520E0,-4.999988362687E0,
1.139215285762E0));
#1132=CARTESIAN_POINT('',(-3.249934001520E0,-4.999988362687E0,
1.132419130084E0));
#1134=DIRECTION('',(-7.048358322952E-6,-1.242815742584E-6,-9.999999999744E-1));
#1135=VECTOR('',#1134,2.265399827642E0);
#1136=CARTESIAN_POINT('',(-3.249934001520E0,-4.999988362687E0,
1.132419130084E0));
#1137=LINE('',#1136,#1135);
#1138=CARTESIAN_POINT('',(-3.249949968869E0,-4.999991178162E0,
-1.132980697499E0));
#1139=CARTESIAN_POINT('',(-3.249949968869E0,-4.999991178162E0,
-1.139697042003E0));
#1140=CARTESIAN_POINT('',(-3.250786741295E0,-5.000004094229E0,
-1.151242191141E0));
#1141=CARTESIAN_POINT('',(-3.255706405691E0,-4.999998902955E0,
-1.170168788151E0));
#1142=CARTESIAN_POINT('',(-3.272462566622E0,-5.000000293952E0,
-1.178231123336E0));
#1143=CARTESIAN_POINT('',(-3.291627557200E0,-4.999999921236E0,
-1.170330605697E0));
#1144=CARTESIAN_POINT('',(-3.309582556578E0,-5.000000021105E0,
-1.157691689755E0));
#1145=CARTESIAN_POINT('',(-3.326722084482E0,-4.999999994345E0,
-1.142107454014E0));
#1146=CARTESIAN_POINT('',(-3.343545951279E0,-5.000000001515E0,
-1.124370036398E0));
#1147=CARTESIAN_POINT('',(-3.361006197351E0,-4.999999999594E0,
-1.103755547580E0));
#1148=CARTESIAN_POINT('',(-3.379328035266E0,-5.000000000109E0,
-1.079950881551E0));
#1149=CARTESIAN_POINT('',(-3.398448024272E0,-4.999999999971E0,
-1.052874875754E0));
#1150=CARTESIAN_POINT('',(-3.417738005711E0,-5.000000000008E0,
-1.023299810237E0));
#1151=CARTESIAN_POINT('',(-3.436610095830E0,-4.999999999998E0,
-9.921594092946E-1));
#1152=CARTESIAN_POINT('',(-3.454503228126E0,-5.000000000001E0,
-9.605533573837E-1));
#1153=CARTESIAN_POINT('',(-3.471254646561E0,-5.E0,-9.290458575243E-1));
#1154=CARTESIAN_POINT('',(-3.487243839837E0,-5.E0,-8.971300794088E-1));
#1155=CARTESIAN_POINT('',(-3.502846791385E0,-5.E0,-8.640991028972E-1));
#1156=CARTESIAN_POINT('',(-3.518328354224E0,-4.999999999999E0,
-8.293001892667E-1));
#1157=CARTESIAN_POINT('',(-3.533903142952E0,-5.000000000002E0,
-7.920259872739E-1));
#1158=CARTESIAN_POINT('',(-3.549715591048E0,-4.999999999992E0,
-7.515475959312E-1));
#1159=CARTESIAN_POINT('',(-3.565837816952E0,-5.000000000028E0,
-7.071094340502E-1));
#1160=CARTESIAN_POINT('',(-3.582258656220E0,-4.999999999894E0,
-6.579344779148E-1));
#1161=CARTESIAN_POINT('',(-3.598871117018E0,-5.000000000396E0,
-6.032283195278E-1));
#1162=CARTESIAN_POINT('',(-3.615456468490E0,-4.999999998521E0,
-5.421866083710E-1));
#1163=CARTESIAN_POINT('',(-3.631665383867E0,-5.000000005521E0,
-4.740074842858E-1));
#1164=CARTESIAN_POINT('',(-3.646996940308E0,-4.999999979395E0,
-3.979081946195E-1));
#1165=CARTESIAN_POINT('',(-3.660773684973E0,-5.000000076899E0,
-3.131601849233E-1));
#1166=CARTESIAN_POINT('',(-3.672123423605E0,-4.999999713010E0,
-2.191017640340E-1));
#1167=CARTESIAN_POINT('',(-3.679975235258E0,-5.000001071062E0,
-1.152997981883E-1));
#1168=CARTESIAN_POINT('',(-3.682064115028E0,-4.999997692183E0,
-3.930135259209E-2));
#1169=CARTESIAN_POINT('',(-3.682058044676E0,-4.999997692183E0,
3.726860639843E-4));
#1171=CARTESIAN_POINT('',(-2.483084027908E0,-4.677268802560E0,
-2.898936141855E0));
#1172=CARTESIAN_POINT('',(-2.510475931536E0,-4.688538813373E0,
-2.898055335602E0));
#1173=CARTESIAN_POINT('',(-2.562766315297E0,-4.710053125133E0,
-2.895274394525E0));
#1174=CARTESIAN_POINT('',(-2.633210801570E0,-4.739035780556E0,
-2.888883981714E0));
#1175=CARTESIAN_POINT('',(-2.696982406472E0,-4.765273313049E0,
-2.880824514498E0));
#1176=CARTESIAN_POINT('',(-2.754749020356E0,-4.789040136342E0,
-2.871512961137E0));
#1177=CARTESIAN_POINT('',(-2.807268710035E0,-4.810648238816E0,
-2.861241734710E0));
#1178=CARTESIAN_POINT('',(-2.855068370518E0,-4.830314368511E0,
-2.850243722839E0));
#1179=CARTESIAN_POINT('',(-2.898572651671E0,-4.848213247430E0,
-2.838711754413E0));
#1180=CARTESIAN_POINT('',(-2.938184169602E0,-4.864510521869E0,
-2.826792989188E0));
#1181=CARTESIAN_POINT('',(-2.974304009818E0,-4.879371209219E0,
-2.814587423498E0));
#1182=CARTESIAN_POINT('',(-3.007268832930E0,-4.892933820731E0,
-2.802172582113E0));
#1183=CARTESIAN_POINT('',(-3.037334916265E0,-4.905303799766E0,
-2.789623124387E0));
#1184=CARTESIAN_POINT('',(-3.064740855055E0,-4.916579310625E0,
-2.776996486370E0));
#1185=CARTESIAN_POINT('',(-3.089742350269E0,-4.926865553111E0,
-2.764316260096E0));
#1186=CARTESIAN_POINT('',(-3.112607363530E0,-4.936272767682E0,
-2.751567566061E0));
#1187=CARTESIAN_POINT('',(-3.133600384012E0,-4.944909762276E0,
-2.738698310687E0));
#1188=CARTESIAN_POINT('',(-3.152983744404E0,-4.952884454974E0,
-2.725610811419E0));
#1189=CARTESIAN_POINT('',(-3.171026601096E0,-4.960307532288E0,
-2.712139438475E0));
#1190=CARTESIAN_POINT('',(-3.187876834783E0,-4.967239862616E0,
-2.698127492269E0));
#1191=CARTESIAN_POINT('',(-3.203391744711E0,-4.973623023380E0,
-2.683612729754E0));
#1192=CARTESIAN_POINT('',(-3.217288847308E0,-4.979340801161E0,
-2.668818213914E0));
#1193=CARTESIAN_POINT('',(-3.229380732661E0,-4.984316629320E0,
-2.653980897018E0));
#1194=CARTESIAN_POINT('',(-3.239637020017E0,-4.988537300684E0,
-2.639273467375E0));
#1195=CARTESIAN_POINT('',(-3.248405866873E0,-4.992145493605E0,
-2.624292064818E0));
#1196=CARTESIAN_POINT('',(-3.255853044647E0,-4.995211456689E0,
-2.608461147397E0));
#1197=CARTESIAN_POINT('',(-3.261508233268E0,-4.997538787080E0,
-2.592441545411E0));
#1198=CARTESIAN_POINT('',(-3.265176424167E0,-4.999044535561E0,
-2.577174701248E0));
#1199=CARTESIAN_POINT('',(-3.267100143010E0,-4.999835010509E0,
-2.563298924783E0));
#1200=CARTESIAN_POINT('',(-3.267492647634E0,-4.999999633258E0,
-2.554345200026E0));
#1201=CARTESIAN_POINT('',(-3.267497732703E0,-4.999999909105E0,
-2.549999999988E0));
#1203=CARTESIAN_POINT('',(-4.775528090456E0,-4.65E0,-2.55E0));
#1204=DIRECTION('',(-1.E0,0.E0,0.E0));
#1205=DIRECTION('',(0.E0,0.E0,-1.E0));
#1206=AXIS2_PLACEMENT_3D('',#1203,#1204,#1205);
#1208=DIRECTION('',(-1.660061409671E-6,9.999999999977E-1,-1.393199277243E-6));
#1209=VECTOR('',#1208,7.094027807386E-2);
#1210=CARTESIAN_POINT('',(-2.123428704348E0,-4.620940278073E0,
-2.597149477074E0));
#1211=LINE('',#1210,#1209);
#1212=DIRECTION('',(7.660444431190E-1,4.128417803403E-13,6.427876096865E-1));
#1213=VECTOR('',#1212,4.711516207347E-1);
#1214=CARTESIAN_POINT('',(-2.484351903044E0,-4.55E0,-2.9E0));
#1215=LINE('',#1214,#1213);
#1216=DIRECTION('',(0.E0,-1.E0,0.E0));
#1217=VECTOR('',#1216,1.E-1);
#1218=CARTESIAN_POINT('',(-2.484351903044E0,-4.55E0,-2.9E0));
#1219=LINE('',#1218,#1217);
#1220=CARTESIAN_POINT('',(-2.483084027908E0,-4.677268802560E0,
-2.898936141855E0));
#1221=CARTESIAN_POINT('',(-2.483501709372E0,-4.672784076465E0,
-2.899286618217E0));
#1222=CARTESIAN_POINT('',(-2.484135347764E0,-4.663755056384E0,
-2.899818280838E0));
#1223=CARTESIAN_POINT('',(-2.484351903044E0,-4.654605143682E0,-2.9E0));
#1224=CARTESIAN_POINT('',(-2.484351903044E0,-4.65E0,-2.9E0));
#1226=CARTESIAN_POINT('',(-2.482290331990E0,-4.684214909492E0,
-2.898270136489E0));
#1227=CARTESIAN_POINT('',(-2.482446781906E0,-4.683061513390E0,
-2.898401413557E0));
#1228=CARTESIAN_POINT('',(-2.482735506935E0,-4.680750208540E0,
-2.898643674915E0));
#1229=CARTESIAN_POINT('',(-2.482975799604E0,-4.678430864985E0,
-2.898845327525E0));
#1230=CARTESIAN_POINT('',(-2.483084027908E0,-4.677268802560E0,
-2.898936141855E0));
#1232=DIRECTION('',(-7.591508781927E-1,-1.338537985370E-1,-6.370032219357E-1));
#1233=VECTOR('',#1232,4.727144997789E-1);
#1234=CARTESIAN_POINT('',(-2.123428704348E0,-4.620940278073E0,
-2.597149477074E0));
#1235=LINE('',#1234,#1233);
#1236=CARTESIAN_POINT('',(-1.973886704499E0,-4.559409863490E0,
-2.571769537936E0));
#1237=CARTESIAN_POINT('',(-1.987936332970E0,-4.565155255468E0,
-2.566450554442E0));
#1238=CARTESIAN_POINT('',(-2.016034530899E0,-4.576785721564E0,
-2.560710798895E0));
#1239=CARTESIAN_POINT('',(-2.053235097767E0,-4.592058296570E0,
-2.562963234580E0));
#1240=CARTESIAN_POINT('',(-2.087976330278E0,-4.606320316031E0,
-2.573201686631E0));
#1241=CARTESIAN_POINT('',(-2.112158185415E0,-4.616334651282E0,
-2.587693769498E0));
#1242=CARTESIAN_POINT('',(-2.123428704348E0,-4.620940278073E0,
-2.597149477074E0));
#1244=CARTESIAN_POINT('',(-2.027010680660E0,-4.549999990936E0,
-2.712056242376E0));
#1245=DIRECTION('',(-1.943138800660E-8,1.E0,7.358334681830E-9));
#1246=DIRECTION('',(-6.427876096863E-1,-1.812706429405E-8,7.660444431191E-1));
#1247=AXIS2_PLACEMENT_3D('',#1244,#1245,#1246);
#1249=CARTESIAN_POINT('',(-2.123428822113E0,-4.55E0,-2.597149575908E0));
#1250=CARTESIAN_POINT('',(-2.123428924844E0,-4.537420501722E0,
-2.597149596354E0));
#1251=CARTESIAN_POINT('',(-2.125150502900E0,-4.512147174741E0,
-2.596805937969E0));
#1252=CARTESIAN_POINT('',(-2.132785323901E0,-4.474802047349E0,
-2.595260420439E0));
#1253=CARTESIAN_POINT('',(-2.145811357740E0,-4.437085383707E0,
-2.592553592484E0));
#1254=CARTESIAN_POINT('',(-2.165038784636E0,-4.398596367646E0,
-2.588391631014E0));
#1255=CARTESIAN_POINT('',(-2.182952560763E0,-4.372221430914E0,
-2.584292871587E0));
#1256=CARTESIAN_POINT('',(-2.193243644108E0,-4.359156566463E0,
-2.581834489507E0));
#1258=CARTESIAN_POINT('',(-2.193243644108E0,-4.359156566463E0,
-2.581834489507E0));
#1259=CARTESIAN_POINT('',(-2.206848629135E0,-4.341885032146E0,
-2.578584222914E0));
#1260=CARTESIAN_POINT('',(-2.235868907883E0,-4.311337755419E0,
-2.571331358547E0));
#1261=CARTESIAN_POINT('',(-2.280308454174E0,-4.276284338431E0,
-2.559043498771E0));
#1262=CARTESIAN_POINT('',(-2.325001954426E0,-4.249165895415E0,
-2.545467318103E0));
#1263=CARTESIAN_POINT('',(-2.369421414178E0,-4.228641440779E0,
-2.530699833735E0));
#1264=CARTESIAN_POINT('',(-2.414463562147E0,-4.213457292706E0,
-2.514392477291E0));
#1265=CARTESIAN_POINT('',(-2.462788849276E0,-4.202985645818E0,
-2.495337601539E0));
#1266=CARTESIAN_POINT('',(-2.499004634529E0,-4.200000140650E0,
-2.479677361863E0));
#1267=CARTESIAN_POINT('',(-2.517742017514E0,-4.2E0,-2.471125081471E0));
#1269=CARTESIAN_POINT('',(-2.611741485037E0,-4.2E0,-2.55E0));
#1270=CARTESIAN_POINT('',(-2.588374255750E0,-4.2E0,-2.614200934821E0));
#1271=CARTESIAN_POINT('',(-2.543108718856E0,-4.235334161076E0,
-2.738566975317E0));
#1272=CARTESIAN_POINT('',(-2.495022229739E0,-4.373516787177E0,
-2.870683518347E0));
#1273=CARTESIAN_POINT('',(-2.484351903044E0,-4.491946169872E0,-2.9E0));
#1274=CARTESIAN_POINT('',(-2.484351903044E0,-4.55E0,-2.9E0));
#1276=CARTESIAN_POINT('',(-4.775528090456E0,-4.55E0,-2.55E0));
#1277=DIRECTION('',(-1.E0,0.E0,0.E0));
#1278=DIRECTION('',(0.E0,1.E0,0.E0));
#1279=AXIS2_PLACEMENT_3D('',#1276,#1277,#1278);
#1281=DIRECTION('',(1.E0,1.294926579739E-8,0.E0));
#1282=VECTOR('',#1281,2.291176187413E0);
#1283=CARTESIAN_POINT('',(-4.775528090456E0,-4.650000029669E0,-2.9E0));
#1284=LINE('',#1283,#1282);
#1285=DIRECTION('',(1.E0,1.509758828478E-8,0.E0));
#1286=VECTOR('',#1285,2.291176187413E0);
#1287=CARTESIAN_POINT('',(-4.775528090456E0,-4.550000034591E0,-2.9E0));
#1288=LINE('',#1287,#1286);
#1289=DIRECTION('',(0.E0,-1.E0,-2.220446158545E-14));
#1290=VECTOR('',#1289,9.999999507782E-2);
#1291=CARTESIAN_POINT('',(-4.775528090456E0,-4.550000034591E0,-2.9E0));
#1292=LINE('',#1291,#1290);
#1293=CARTESIAN_POINT('',(-4.775528090456E0,-4.55E0,-2.7E0));
#1294=DIRECTION('',(0.E0,-1.E0,0.E0));
#1295=DIRECTION('',(-1.E0,0.E0,0.E0));
#1296=AXIS2_PLACEMENT_3D('',#1293,#1294,#1295);
#1298=CARTESIAN_POINT('',(-4.775528090456E0,-4.65E0,-2.7E0));
#1299=DIRECTION('',(0.E0,-1.E0,0.E0));
#1300=DIRECTION('',(-1.E0,0.E0,0.E0));
#1301=AXIS2_PLACEMENT_3D('',#1298,#1299,#1300);
#1303=CARTESIAN_POINT('',(-4.775528090456E0,-4.4E0,-2.55E0));
#1304=DIRECTION('',(0.E0,0.E0,-1.E0));
#1305=DIRECTION('',(-1.E0,0.E0,0.E0));
#1306=AXIS2_PLACEMENT_3D('',#1303,#1304,#1305);
#1308=CARTESIAN_POINT('',(-2.112419825433E0,-4.277366686517E0,
-2.678156480116E0));
#1309=DIRECTION('',(-5.459425502269E-1,8.065503657135E-1,2.267669275251E-1));
#1310=DIRECTION('',(-5.388249265497E-1,-5.452666511576E-1,6.421463833613E-1));
#1311=AXIS2_PLACEMENT_3D('',#1308,#1309,#1310);
#1313=CARTESIAN_POINT('',(-2.517742017514E0,-4.05E0,-2.471125081471E0));
#1314=DIRECTION('',(-8.521120970588E-1,0.E0,5.233593163841E-1));
#1315=DIRECTION('',(0.E0,-1.E0,0.E0));
#1316=AXIS2_PLACEMENT_3D('',#1313,#1314,#1315);
#1318=CARTESIAN_POINT('',(-1.903061150333E0,-4.559413017062E0,
-2.384739096587E0));
#1319=DIRECTION('',(-9.227306059068E-1,-1.627023017468E-1,3.494226522839E-1));
#1320=DIRECTION('',(-3.541462097779E-1,3.044316229825E-5,-9.351900668704E-1));
#1321=AXIS2_PLACEMENT_3D('',#1318,#1319,#1320);
#1323=CARTESIAN_POINT('',(-2.251986344075E0,-4.620937942968E0,
-2.443940687305E0));
#1324=DIRECTION('',(-7.591503717798E-1,-1.338586929596E-1,-6.370027969685E-1));
#1325=DIRECTION('',(6.427876096865E-1,0.E0,-7.660444431190E-1));
#1326=AXIS2_PLACEMENT_3D('',#1323,#1324,#1325);
#1328=CARTESIAN_POINT('',(-2.520049417227E0,-4.871290017673E0,
-2.698013937486E0));
#1329=CARTESIAN_POINT('',(-2.511364885518E0,-4.869758705326E0,
-2.723672980028E0));
#1330=CARTESIAN_POINT('',(-2.495957767703E0,-4.857177573165E0,
-2.773920140124E0));
#1331=CARTESIAN_POINT('',(-2.481032586676E0,-4.814247403790E0,
-2.837490531087E0));
#1332=CARTESIAN_POINT('',(-2.475870317384E0,-4.753683132880E0,
-2.881966439715E0));
#1333=CARTESIAN_POINT('',(-2.479148681375E0,-4.707376107950E0,
-2.895633978617E0));
#1334=CARTESIAN_POINT('',(-2.482290331990E0,-4.684214909492E0,
-2.898270136489E0));
#1336=CARTESIAN_POINT('',(-3.249934001520E0,-4.999988362687E0,
1.132419130084E0));
#1337=CARTESIAN_POINT('',(-3.165813763892E0,-4.985155695170E0,
1.302046061320E0));
#1338=CARTESIAN_POINT('',(-2.965812353642E0,-4.949890050363E0,
1.613704209030E0));
#1339=CARTESIAN_POINT('',(-2.565048593188E0,-4.879224586505E0,
2.012381383709E0));
#1340=CARTESIAN_POINT('',(-2.086926992758E0,-4.794918848290E0,
2.313072812147E0));
#1341=CARTESIAN_POINT('',(-1.553368910732E0,-4.700838162653E0,
2.502628702297E0));
#1342=CARTESIAN_POINT('',(-9.913088025815E-1,-4.601731800806E0,
2.570613971562E0));
#1343=CARTESIAN_POINT('',(-4.287776916543E-1,-4.502542388462E0,
2.514061766767E0));
#1344=CARTESIAN_POINT('',(1.063728950640E-1,-4.408180901282E0,
2.336501904752E0));
#1345=CARTESIAN_POINT('',(5.883863252308E-1,-4.323188928479E0,
2.047699545601E0));
#1346=CARTESIAN_POINT('',(9.948484022603E-1,-4.251518697664E0,
1.662579816054E0));
#1347=CARTESIAN_POINT('',(1.307522579588E0,-4.196385804031E0,1.200062701096E0));
#1348=CARTESIAN_POINT('',(1.512725114052E0,-4.160203060695E0,
6.819472734304E-1));
#1349=CARTESIAN_POINT('',(1.601474919446E0,-4.144554075471E0,
1.319940208756E-1));
#1350=CARTESIAN_POINT('',(1.569593096333E0,-4.150175701080E0,
-4.248219992914E-1));
#1351=CARTESIAN_POINT('',(1.417856860209E0,-4.176930893460E0,
-9.629680643029E-1));
#1352=CARTESIAN_POINT('',(1.152316339391E0,-4.223752851751E0,
-1.457143899159E0));
#1353=CARTESIAN_POINT('',(7.842759179048E-1,-4.288648308053E0,
-1.883345092491E0));
#1354=CARTESIAN_POINT('',(3.311137121882E-1,-4.368553031548E0,
-2.220034779909E0));
#1355=CARTESIAN_POINT('',(-1.871213600057E-1,-4.459931857163E0,
-2.449969375305E0));
#1356=CARTESIAN_POINT('',(-7.392030556146E-1,-4.557278755514E0,
-2.561094541763E0));
#1357=CARTESIAN_POINT('',(-1.315064627189E0,-4.658818688258E0,
-2.547437367086E0));
#1358=CARTESIAN_POINT('',(-1.685006451763E0,-4.724049411923E0,
-2.454115113548E0));
#1359=CARTESIAN_POINT('',(-1.868328760716E0,-4.756374081158E0,
-2.384739885798E0));
#1361=CARTESIAN_POINT('',(-1.868328760716E0,-4.756374081158E0,
-2.384739885798E0));
#1362=CARTESIAN_POINT('',(-1.901540139971E0,-4.762228853557E0,
-2.372169019635E0));
#1363=CARTESIAN_POINT('',(-1.966495110967E0,-4.773684091664E0,
-2.358991280037E0));
#1364=CARTESIAN_POINT('',(-2.053483590951E0,-4.789021593147E0,
-2.364121771457E0));
#1365=CARTESIAN_POINT('',(-2.134661838388E0,-4.803336280329E0,
-2.388191320790E0));
#1366=CARTESIAN_POINT('',(-2.190624581926E0,-4.813202573197E0,
-2.421599036304E0));
#1367=CARTESIAN_POINT('',(-2.217256949718E0,-4.817899536096E0,
-2.443940954312E0));
#1369=DIRECTION('',(-7.591504501455E-1,-1.338587067777E-1,-6.370027006722E-1));
#1370=VECTOR('',#1369,3.988569952775E-1);
#1371=CARTESIAN_POINT('',(-2.217256949718E0,-4.817899536096E0,
-2.443940954312E0));
#1372=LINE('',#1371,#1370);
#1373=CARTESIAN_POINT('',(-2.520049417227E0,-4.871290017673E0,
-2.698013937486E0));
#1374=CARTESIAN_POINT('',(-2.545055727823E0,-4.875699304919E0,
-2.697289140763E0));
#1375=CARTESIAN_POINT('',(-2.592801845096E0,-4.884118233619E0,
-2.695500222363E0));
#1376=CARTESIAN_POINT('',(-2.657235074901E0,-4.895479550487E0,
-2.692089420932E0));
#1377=CARTESIAN_POINT('',(-2.715671577670E0,-4.905783482584E0,
-2.688122892513E0));
#1378=CARTESIAN_POINT('',(-2.768742408946E0,-4.915141302026E0,
-2.683734657475E0));
#1379=CARTESIAN_POINT('',(-2.817035027953E0,-4.923656593726E0,
-2.679025716447E0));
#1380=CARTESIAN_POINT('',(-2.860973283963E0,-4.931404093746E0,
-2.674081006843E0));
#1381=CARTESIAN_POINT('',(-2.900965750332E0,-4.938455844592E0,
-2.668965682224E0));
#1382=CARTESIAN_POINT('',(-2.937417163018E0,-4.944883212134E0,
-2.663724372940E0));
#1383=CARTESIAN_POINT('',(-2.970674095259E0,-4.950747306583E0,
-2.658390809417E0));
#1384=CARTESIAN_POINT('',(-3.001000032759E0,-4.956094587580E0,
-2.652997214672E0));
#1385=CARTESIAN_POINT('',(-3.028634434015E0,-4.960967278117E0,
-2.647569279562E0));
#1386=CARTESIAN_POINT('',(-3.053834570782E0,-4.965410742147E0,
-2.642118089296E0));
#1387=CARTESIAN_POINT('',(-3.076870594566E0,-4.969472614668E0,
-2.636638092017E0));
#1388=CARTESIAN_POINT('',(-3.098010456003E0,-4.973200142608E0,
-2.631107404737E0));
#1389=CARTESIAN_POINT('',(-3.117518489214E0,-4.976639935203E0,
-2.625484860064E0));
#1390=CARTESIAN_POINT('',(-3.135664699757E0,-4.979839601720E0,
-2.619700704620E0));
#1391=CARTESIAN_POINT('',(-3.152610477316E0,-4.982827599512E0,
-2.613684598880E0));
#1392=CARTESIAN_POINT('',(-3.168222985853E0,-4.985580506004E0,
-2.607448726101E0));
#1393=CARTESIAN_POINT('',(-3.182214027525E0,-4.988047504139E0,
-2.601089507443E0));
#1394=CARTESIAN_POINT('',(-3.194396152005E0,-4.990195541367E0,
-2.594707591140E0));
#1395=CARTESIAN_POINT('',(-3.204724301097E0,-4.992016672713E0,
-2.588383403333E0));
#1396=CARTESIAN_POINT('',(-3.213543492426E0,-4.993571734092E0,
-2.581948960472E0));
#1397=CARTESIAN_POINT('',(-3.221040677125E0,-4.994893690034E0,
-2.575148956860E0));
#1398=CARTESIAN_POINT('',(-3.226740338178E0,-4.995898694059E0,
-2.568258671404E0));
#1399=CARTESIAN_POINT('',(-3.230429628083E0,-4.996549215409E0,
-2.561687743777E0));
#1400=CARTESIAN_POINT('',(-3.232364136021E0,-4.996890321352E0,
-2.555717319365E0));
#1401=CARTESIAN_POINT('',(-3.232767831080E0,-4.996961503683E0,
-2.551869035929E0));
#1402=CARTESIAN_POINT('',(-3.232768097172E0,-4.996961550602E0,-2.55E0));
#1404=DIRECTION('',(4.440892098501E-14,-2.131628207281E-13,1.E0));
#1405=VECTOR('',#1404,9.999999999998E-2);
#1406=CARTESIAN_POINT('',(-3.232768097172E0,-4.996961550602E0,-2.55E0));
#1407=LINE('',#1406,#1405);
#1408=CARTESIAN_POINT('',(-3.232768097172E0,-4.996961550602E0,-2.45E0));
#1409=CARTESIAN_POINT('',(-3.232768124027E0,-4.996961555338E0,
-2.446005854454E0));
#1410=CARTESIAN_POINT('',(-3.230953813192E0,-4.996641643386E0,
-2.438221104221E0));
#1411=CARTESIAN_POINT('',(-3.223651704861E0,-4.995354084671E0,
-2.427207325024E0));
#1412=CARTESIAN_POINT('',(-3.212189977139E0,-4.993333072828E0,
-2.416666289148E0));
#1413=CARTESIAN_POINT('',(-3.197736755216E0,-4.990784579845E0,
-2.407030030459E0));
#1414=CARTESIAN_POINT('',(-3.180518471403E0,-4.987748531847E0,
-2.397960936358E0));
#1415=CARTESIAN_POINT('',(-3.161225521975E0,-4.984346664326E0,
-2.389577142065E0));
#1416=CARTESIAN_POINT('',(-3.140476215368E0,-4.980688001740E0,
-2.381880815453E0));
#1417=CARTESIAN_POINT('',(-3.118328729122E0,-4.976782802361E0,
-2.374713282428E0));
#1418=CARTESIAN_POINT('',(-3.094465166998E0,-4.972575012498E0,
-2.367886797614E0));
#1419=CARTESIAN_POINT('',(-3.068559286589E0,-4.968007106841E0,
-2.361288524602E0));
#1420=CARTESIAN_POINT('',(-3.040185002908E0,-4.963003955002E0,
-2.354832178056E0));
#1421=CARTESIAN_POINT('',(-3.009065115912E0,-4.957516679543E0,
-2.348503015963E0));
#1422=CARTESIAN_POINT('',(-2.986343132641E0,-4.953510180202E0,
-2.344378718447E0));
#1423=CARTESIAN_POINT('',(-2.974497515911E0,-4.951421478369E0,
-2.342351879191E0));
#1425=CARTESIAN_POINT('',(-2.974497515911E0,-4.951421478369E0,
-2.342351879191E0));
#1426=CARTESIAN_POINT('',(-2.957808841866E0,-4.948479497546E0,
-2.339498709675E0));
#1427=CARTESIAN_POINT('',(-2.925833700135E0,-4.942840418464E0,
-2.331427156515E0));
#1428=CARTESIAN_POINT('',(-2.882324306251E0,-4.935168939883E0,
-2.311933782819E0));
#1429=CARTESIAN_POINT('',(-2.843009113896E0,-4.928236503144E0,
-2.283044764738E0));
#1430=CARTESIAN_POINT('',(-2.810743149203E0,-4.922547171835E0,
-2.244687585889E0));
#1431=CARTESIAN_POINT('',(-2.786021570394E0,-4.918188082762E0,
-2.197119231953E0));
#1432=CARTESIAN_POINT('',(-2.768494940975E0,-4.915097667184E0,
-2.142920904327E0));
#1433=CARTESIAN_POINT('',(-2.756281504864E0,-4.912944108315E0,
-2.081031745383E0));
#1434=CARTESIAN_POINT('',(-2.750017705663E0,-4.911839631666E0,
-2.019090309644E0));
#1435=CARTESIAN_POINT('',(-2.749895041256E0,-4.911818002569E0,
-1.961265854788E0));
#1436=CARTESIAN_POINT('',(-2.755882522792E0,-4.912873757167E0,
-1.908156508994E0));
#1437=CARTESIAN_POINT('',(-2.767589235994E0,-4.914937966387E0,
-1.859384479027E0));
#1438=CARTESIAN_POINT('',(-2.783898370510E0,-4.917813707470E0,
-1.816130189584E0));
#1439=CARTESIAN_POINT('',(-2.803342323402E0,-4.921242198607E0,
-1.778758639569E0));
#1440=CARTESIAN_POINT('',(-2.824699908261E0,-4.925008125902E0,
-1.746927145239E0));
#1441=CARTESIAN_POINT('',(-2.839699622582E0,-4.927652958241E0,
-1.728913572595E0));
#1442=CARTESIAN_POINT('',(-2.847288809256E0,-4.928991163857E0,
-1.720612318799E0));
#1444=CARTESIAN_POINT('',(-2.847288809256E0,-4.928991163857E0,
-1.720612318799E0));
#1445=CARTESIAN_POINT('',(-2.926210084149E0,-4.942907113973E0,
-1.634313658794E0));
#1446=CARTESIAN_POINT('',(-3.072304155421E0,-4.968667422132E0,
-1.450739560909E0));
#1447=CARTESIAN_POINT('',(-3.195492243564E0,-4.990388811882E0,
-1.242824953558E0));
#1448=CARTESIAN_POINT('',(-3.249949968869E0,-4.999991178162E0,
-1.132980697499E0));
#1450=CARTESIAN_POINT('',(-3.549988524107E0,-4.849810748326E0,
3.167710069924E-4));
#1451=DIRECTION('',(1.239380167466E-4,2.185361628693E-5,9.999999920809E-1));
#1452=DIRECTION('',(-9.999999871461E-1,-1.017182189322E-4,1.239402390459E-4));
#1453=AXIS2_PLACEMENT_3D('',#1450,#1451,#1452);
#1455=CARTESIAN_POINT('',(-3.267497732705E0,-4.8E0,-2.55E0));
#1456=DIRECTION('',(0.E0,0.E0,1.E0));
#1457=DIRECTION('',(0.E0,-1.E0,0.E0));
#1458=AXIS2_PLACEMENT_3D('',#1455,#1456,#1457);
#1460=CARTESIAN_POINT('',(-3.267497732671E0,-4.799999999994E0,
-2.450001161096E0));
#1461=DIRECTION('',(-4.395859387397E-5,-7.751086133987E-6,9.999999990038E-1));
#1462=DIRECTION('',(4.251554663881E-10,-9.999999999700E-1,-7.751086121832E-6));
#1463=AXIS2_PLACEMENT_3D('',#1460,#1461,#1462);
#1465=CARTESIAN_POINT('',(-1.978162366795E0,-4.273446121915E-1,
-2.354930653796E0));
#1466=DIRECTION('',(9.114965633352E-1,-1.607214369390E-1,-3.786061736639E-1));
#1467=DIRECTION('',(-3.835928696009E-1,5.744722497703E-7,-9.235023066517E-1));
#1468=AXIS2_PLACEMENT_3D('',#1465,#1466,#1467);
#1470=CARTESIAN_POINT('',(-1.903061148841E0,-4.405869832009E-1,
2.384739097152E0));
#1471=DIRECTION('',(-9.227306043560E-1,1.627023014734E-1,-3.494226565065E-1));
#1472=DIRECTION('',(-3.541462139284E-1,-3.044243029044E-5,9.351900652987E-1));
#1473=AXIS2_PLACEMENT_3D('',#1470,#1471,#1472);
#1475=CARTESIAN_POINT('',(-2.251986344075E0,-3.790620570323E-1,
2.443940687305E0));
#1476=DIRECTION('',(-7.591503717798E-1,1.338586929596E-1,6.370027969685E-1));
#1477=DIRECTION('',(6.427876096865E-1,0.E0,7.660444431190E-1));
#1478=AXIS2_PLACEMENT_3D('',#1475,#1476,#1477);
#1480=CARTESIAN_POINT('',(-2.520049417227E0,-1.287099823268E-1,
2.698013937486E0));
#1481=CARTESIAN_POINT('',(-2.511364872898E0,-1.302412979413E-1,
2.723672973067E0));
#1482=CARTESIAN_POINT('',(-2.495957692966E0,-1.428224507207E-1,
2.773920105740E0));
#1483=CARTESIAN_POINT('',(-2.481032613344E0,-1.857525779309E-1,
2.837490527854E0));
#1484=CARTESIAN_POINT('',(-2.475870339444E0,-2.463168413833E-1,
2.881966450528E0));
#1485=CARTESIAN_POINT('',(-2.479148683436E0,-2.926238818086E-1,
2.895633980347E0));
#1486=CARTESIAN_POINT('',(-2.482290332480E0,-3.157850904210E-1,
2.898270136901E0));
#1488=CARTESIAN_POINT('',(-3.267497732705E0,-2.E-1,2.55E0));
#1489=DIRECTION('',(0.E0,0.E0,-1.E0));
#1490=DIRECTION('',(0.E0,1.E0,0.E0));
#1491=AXIS2_PLACEMENT_3D('',#1488,#1489,#1490);
#1493=CARTESIAN_POINT('',(-4.775528090456E0,-2.E-1,2.45E0));
#1494=DIRECTION('',(0.E0,0.E0,-1.E0));
#1495=DIRECTION('',(-1.E0,0.E0,0.E0));
#1496=AXIS2_PLACEMENT_3D('',#1493,#1494,#1495);
#1498=CARTESIAN_POINT('',(-4.975528090456E0,-4.E-1,2.5E0));
#1499=DIRECTION('',(1.E0,0.E0,0.E0));
#1500=DIRECTION('',(0.E0,0.E0,1.E0));
#1501=AXIS2_PLACEMENT_3D('',#1498,#1499,#1500);
#1503=DIRECTION('',(-1.776356839400E-14,1.E0,2.451372438372E-11));
#1504=VECTOR('',#1503,5.E-2);
#1505=CARTESIAN_POINT('',(-4.975528090456E0,-4.5E-1,2.699999999999E0));
#1506=LINE('',#1505,#1504);
#1507=CARTESIAN_POINT('',(-4.975528090456E0,-4.5E-1,2.55E0));
#1508=DIRECTION('',(-1.E0,0.E0,0.E0));
#1509=DIRECTION('',(0.E0,-1.E0,0.E0));
#1510=AXIS2_PLACEMENT_3D('',#1507,#1508,#1509);
#1512=DIRECTION('',(1.776356839400E-14,2.373878871253E-11,1.E0));
#1513=VECTOR('',#1512,5.E-2);
#1514=CARTESIAN_POINT('',(-4.975528090456E0,-6.E-1,2.5E0));
#1515=LINE('',#1514,#1513);
#1516=CARTESIAN_POINT('',(-4.975528090456E0,-4.E-1,2.5E0));
#1517=DIRECTION('',(1.E0,0.E0,0.E0));
#1518=DIRECTION('',(0.E0,-1.E0,0.E0));
#1519=AXIS2_PLACEMENT_3D('',#1516,#1517,#1518);
#1521=DIRECTION('',(-1.776356839400E-14,-2.380096120191E-11,1.E0));
#1522=VECTOR('',#1521,5.E-2);
#1523=CARTESIAN_POINT('',(-4.975528090456E0,-5.999999999988E-1,2.45E0));
#1524=LINE('',#1523,#1522);
#1525=CARTESIAN_POINT('',(-4.975528090456E0,-4.5E-1,2.45E0));
#1526=DIRECTION('',(-1.E0,0.E0,0.E0));
#1527=DIRECTION('',(0.E0,0.E0,-1.E0));
#1528=AXIS2_PLACEMENT_3D('',#1525,#1526,#1527);
#1530=DIRECTION('',(1.776356839400E-14,-1.E0,2.448707903113E-11));
#1531=VECTOR('',#1530,5.E-2);
#1532=CARTESIAN_POINT('',(-4.975528090456E0,-4.E-1,2.3E0));
#1533=LINE('',#1532,#1531);
#1534=CARTESIAN_POINT('',(-4.975528090456E0,-4.E-1,2.5E0));
#1535=DIRECTION('',(1.E0,0.E0,0.E0));
#1536=DIRECTION('',(0.E0,0.E0,-1.E0));
#1537=AXIS2_PLACEMENT_3D('',#1534,#1535,#1536);
#1539=DIRECTION('',(-1.776356839400E-14,-1.E0,-2.380318164796E-11));
#1540=VECTOR('',#1539,5.E-2);
#1541=CARTESIAN_POINT('',(-4.975528090456E0,-3.5E-1,2.300000000001E0));
#1542=LINE('',#1541,#1540);
#1543=CARTESIAN_POINT('',(-4.975528090456E0,-3.5E-1,2.45E0));
#1544=DIRECTION('',(-1.E0,0.E0,0.E0));
#1545=DIRECTION('',(0.E0,1.E0,0.E0));
#1546=AXIS2_PLACEMENT_3D('',#1543,#1544,#1545);
#1548=DIRECTION('',(1.776356839400E-14,-2.446709501669E-11,-1.E0));
#1549=VECTOR('',#1548,5.E-2);
#1550=CARTESIAN_POINT('',(-4.975528090456E0,-2.E-1,2.5E0));
#1551=LINE('',#1550,#1549);
#1552=CARTESIAN_POINT('',(-4.975528090456E0,-4.E-1,2.5E0));
#1553=DIRECTION('',(1.E0,0.E0,0.E0));
#1554=DIRECTION('',(0.E0,1.E0,0.E0));
#1555=AXIS2_PLACEMENT_3D('',#1552,#1553,#1554);
#1557=DIRECTION('',(-1.776356839400E-14,2.450317726499E-11,-1.E0));
#1558=VECTOR('',#1557,5.E-2);
#1559=CARTESIAN_POINT('',(-4.975528090456E0,-2.000000000012E-1,2.55E0));
#1560=LINE('',#1559,#1558);
#1561=CARTESIAN_POINT('',(-4.975528090456E0,-3.5E-1,2.55E0));
#1562=DIRECTION('',(-1.E0,0.E0,0.E0));
#1563=DIRECTION('',(0.E0,0.E0,1.E0));
#1564=AXIS2_PLACEMENT_3D('',#1561,#1562,#1563);
#1566=DIRECTION('',(1.776356839400E-14,1.E0,-2.374100915858E-11));
#1567=VECTOR('',#1566,5.E-2);
#1568=CARTESIAN_POINT('',(-4.975528090456E0,-4.E-1,2.7E0));
#1569=LINE('',#1568,#1567);
#1570=DIRECTION('',(1.E0,0.E0,0.E0));
#1571=VECTOR('',#1570,3.027447190954E1);
#1572=CARTESIAN_POINT('',(-3.525E1,-4.E-1,2.3E0));
#1573=LINE('',#1572,#1571);
#1574=DIRECTION('',(-1.E0,0.E0,0.E0));
#1575=VECTOR('',#1574,3.027447190954E1);
#1576=CARTESIAN_POINT('',(-4.975528090456E0,-4.E-1,2.7E0));
#1577=LINE('',#1576,#1575);
#1578=CARTESIAN_POINT('',(-3.525E1,-4.E-1,2.5E0));
#1579=DIRECTION('',(1.E0,0.E0,0.E0));
#1580=DIRECTION('',(0.E0,0.E0,1.E0));
#1581=AXIS2_PLACEMENT_3D('',#1578,#1579,#1580);
#1583=CARTESIAN_POINT('',(-3.525E1,-4.E-1,2.5E0));
#1584=DIRECTION('',(1.E0,0.E0,0.E0));
#1585=DIRECTION('',(0.E0,0.E0,-1.E0));
#1586=AXIS2_PLACEMENT_3D('',#1583,#1584,#1585);
#1588=CARTESIAN_POINT('',(-4.775528090456E0,-4.5E-1,2.7E0));
#1589=DIRECTION('',(0.E0,1.E0,0.E0));
#1590=DIRECTION('',(-1.E0,0.E0,0.E0));
#1591=AXIS2_PLACEMENT_3D('',#1588,#1589,#1590);
#1593=CARTESIAN_POINT('',(-4.775528090456E0,-3.5E-1,2.7E0));
#1594=DIRECTION('',(0.E0,1.E0,0.E0));
#1595=DIRECTION('',(-1.E0,0.E0,0.E0));
#1596=AXIS2_PLACEMENT_3D('',#1593,#1594,#1595);
#1598=CARTESIAN_POINT('',(-4.775528090456E0,-2.E-1,2.55E0));
#1599=DIRECTION('',(0.E0,0.E0,-1.E0));
#1600=DIRECTION('',(-1.E0,0.E0,0.E0));
#1601=AXIS2_PLACEMENT_3D('',#1598,#1599,#1600);
#1603=DIRECTION('',(1.E0,-1.509758813941E-8,0.E0));
#1604=VECTOR('',#1603,2.291176187413E0);
#1605=CARTESIAN_POINT('',(-4.775528090456E0,-4.499999654088E-1,2.9E0));
#1606=LINE('',#1605,#1604);
#1607=DIRECTION('',(0.E0,1.E0,2.220446158545E-14));
#1608=VECTOR('',#1607,9.999999507782E-2);
#1609=CARTESIAN_POINT('',(-4.775528090456E0,-4.499999654088E-1,2.9E0));
#1610=LINE('',#1609,#1608);
#1611=DIRECTION('',(1.E0,-1.294926606390E-8,0.E0));
#1612=VECTOR('',#1611,2.291176187413E0);
#1613=CARTESIAN_POINT('',(-4.775528090456E0,-3.499999703310E-1,2.9E0));
#1614=LINE('',#1613,#1612);
#1615=DIRECTION('',(0.E0,-1.E0,0.E0));
#1616=VECTOR('',#1615,1.E-1);
#1617=CARTESIAN_POINT('',(-2.484351903044E0,-3.5E-1,2.9E0));
#1618=LINE('',#1617,#1616);
#1619=CARTESIAN_POINT('',(-2.611741485037E0,-8.E-1,2.55E0));
#1620=CARTESIAN_POINT('',(-2.588165387072E0,-8.E-1,2.614774796798E0));
#1621=CARTESIAN_POINT('',(-2.542708176253E0,-7.637997257904E-1,
2.739667457072E0));
#1622=CARTESIAN_POINT('',(-2.495224822034E0,-6.270254614754E-1,
2.870126900589E0));
#1623=CARTESIAN_POINT('',(-2.484351903044E0,-5.083827513613E-1,2.9E0));
#1624=CARTESIAN_POINT('',(-2.484351903044E0,-4.5E-1,2.9E0));
#1626=CARTESIAN_POINT('',(-4.775528090456E0,-4.5E-1,2.55E0));
#1627=DIRECTION('',(-1.E0,0.E0,0.E0));
#1628=DIRECTION('',(0.E0,-1.E0,0.E0));
#1629=AXIS2_PLACEMENT_3D('',#1626,#1627,#1628);
#1631=CARTESIAN_POINT('',(-2.123428822113E0,-4.500000000029E-1,
2.597149575908E0));
#1632=CARTESIAN_POINT('',(-2.123429102590E0,-4.654071489223E-1,
2.597149629056E0));
#1633=CARTESIAN_POINT('',(-2.126019300953E0,-4.964518077882E-1,
2.596633471805E0));
#1634=CARTESIAN_POINT('',(-2.137523803117E0,-5.421455004874E-1,
2.594292556281E0));
#1635=CARTESIAN_POINT('',(-2.157292119062E0,-5.883149738391E-1,
2.590109762771E0));
#1636=CARTESIAN_POINT('',(-2.187113979733E0,-6.354538708731E-1,
2.583402242042E0));
#1637=CARTESIAN_POINT('',(-2.228093026917E0,-6.817681479350E-1,
2.573375386881E0));
#1638=CARTESIAN_POINT('',(-2.280859393796E0,-7.251474116501E-1,
2.559035511021E0));
#1639=CARTESIAN_POINT('',(-2.347026742094E0,-7.633907853912E-1,
2.538668497278E0));
#1640=CARTESIAN_POINT('',(-2.426129625973E0,-7.917906820340E-1,
2.510529606044E0));
#1641=CARTESIAN_POINT('',(-2.486476389532E0,-7.999989393324E-1,
2.485402225847E0));
#1642=CARTESIAN_POINT('',(-2.517742405071E0,-8.000000000011E-1,
2.471125523058E0));
#1644=DIRECTION('',(-1.E0,0.E0,-1.334377956320E-8));
#1645=VECTOR('',#1644,2.223916025570E0);
#1646=CARTESIAN_POINT('',(-2.551612064887E0,-8.E-1,2.450000000014E0));
#1647=LINE('',#1646,#1645);
#1648=DIRECTION('',(0.E0,0.E0,1.E0));
#1649=VECTOR('',#1648,1.000000593305E-1);
#1650=CARTESIAN_POINT('',(-4.775528090456E0,-8.E-1,2.449999970339E0));
#1651=LINE('',#1650,#1649);
#1652=DIRECTION('',(1.E0,0.E0,-1.371163395191E-8));
#1653=VECTOR('',#1652,2.163786605420E0);
#1654=CARTESIAN_POINT('',(-4.775528090456E0,-8.E-1,2.550000029669E0));
#1655=LINE('',#1654,#1653);
#1656=DIRECTION('',(7.660449101673E-1,-8.604415525133E-12,-6.427870530796E-1));
#1657=VECTOR('',#1656,1.227070093645E-1);
#1658=CARTESIAN_POINT('',(-2.611741485037E0,-8.E-1,2.55E0));
#1659=LINE('',#1658,#1657);
#1660=CARTESIAN_POINT('',(-1.E0,-8.E-1,0.E0));
#1661=DIRECTION('',(0.E0,-1.E0,0.E0));
#1662=DIRECTION('',(-5.233593163841E-1,0.E0,8.521120970588E-1));
#1663=AXIS2_PLACEMENT_3D('',#1660,#1661,#1662);
#1665=CARTESIAN_POINT('',(-2.551612064887E0,-8.E-1,2.450000000014E0));
#1666=CARTESIAN_POINT('',(-2.596804636160E0,-7.999998524809E-1,
2.429967726010E0));
#1667=CARTESIAN_POINT('',(-2.680945716925E0,-7.965180740197E-1,
2.390198285554E0));
#1668=CARTESIAN_POINT('',(-2.787651701642E0,-7.819427236987E-1,
2.334233181847E0));
#1669=CARTESIAN_POINT('',(-2.878290097239E0,-7.589182255613E-1,
2.282297322292E0));
#1670=CARTESIAN_POINT('',(-2.953980406960E0,-7.284138763423E-1,
2.235490581367E0));
#1671=CARTESIAN_POINT('',(-3.016091642019E0,-6.912977516980E-1,
2.194517620121E0));
#1672=CARTESIAN_POINT('',(-3.064488650965E0,-6.495045278176E-1,
2.160845536216E0));
#1673=CARTESIAN_POINT('',(-3.100195924327E0,-6.052552119315E-1,
2.134963892102E0));
#1674=CARTESIAN_POINT('',(-3.125405192072E0,-5.588371545234E-1,
2.116140567536E0));
#1675=CARTESIAN_POINT('',(-3.141668179838E0,-5.098079782377E-1,
2.103735377244E0));
#1676=CARTESIAN_POINT('',(-3.146507716133E0,-4.706023679822E-1,
2.100000315500E0));
#1677=CARTESIAN_POINT('',(-3.146508793367E0,-4.500000005610E-1,2.1E0));
#1679=CARTESIAN_POINT('',(-4.775528090456E0,-4.5E-1,2.45E0));
#1680=DIRECTION('',(-1.E0,0.E0,0.E0));
#1681=DIRECTION('',(0.E0,0.E0,-1.E0));
#1682=AXIS2_PLACEMENT_3D('',#1679,#1680,#1681);
#1684=CARTESIAN_POINT('',(-2.551611937410E0,-9.500000000012E-1,
2.450000080754E0));
#1685=DIRECTION('',(-8.448276140533E-1,-8.641341186119E-8,-5.350385991056E-1));
#1686=DIRECTION('',(-7.300114586885E-8,1.E0,-4.623970835845E-8));
#1687=AXIS2_PLACEMENT_3D('',#1684,#1685,#1686);
#1689=CARTESIAN_POINT('',(-2.517742017514E0,-9.5E-1,2.471125081471E0));
#1690=DIRECTION('',(-8.521120970588E-1,0.E0,-5.233593163841E-1));
#1691=DIRECTION('',(0.E0,1.E0,0.E0));
#1692=AXIS2_PLACEMENT_3D('',#1689,#1690,#1691);
#1694=CARTESIAN_POINT('',(-2.027010680661E0,-4.500000170917E-1,
2.712056242376E0));
#1695=DIRECTION('',(-3.664269288067E-8,-1.E0,-1.387611701136E-8));
#1696=DIRECTION('',(-6.427876096857E-1,3.418319146263E-8,-7.660444431197E-1));
#1697=AXIS2_PLACEMENT_3D('',#1694,#1695,#1696);
#1699=CARTESIAN_POINT('',(-3.146508793367E0,-4.5E-1,1.95E0));
#1700=DIRECTION('',(0.E0,1.E0,0.E0));
#1701=DIRECTION('',(0.E0,0.E0,1.E0));
#1702=AXIS2_PLACEMENT_3D('',#1699,#1700,#1701);
#1704=DIRECTION('',(-1.E0,1.820822887991E-8,0.E0));
#1705=VECTOR('',#1704,1.629019297090E0);
#1706=CARTESIAN_POINT('',(-3.146508793367E0,-3.500000000001E-1,2.1E0));
#1707=LINE('',#1706,#1705);
#1708=DIRECTION('',(0.E0,-1.E0,1.776356925413E-14));
#1709=VECTOR('',#1708,9.999999515792E-2);
#1710=CARTESIAN_POINT('',(-4.775528090456E0,-3.499999703385E-1,2.1E0));
#1711=LINE('',#1710,#1709);
#1712=DIRECTION('',(-1.E0,2.152497845640E-8,0.E0));
#1713=VECTOR('',#1712,1.629019297090E0);
#1714=CARTESIAN_POINT('',(-3.146508793367E0,-4.500000005610E-1,2.1E0));
#1715=LINE('',#1714,#1713);
#1716=DIRECTION('',(-3.996802866230E-13,1.E0,-1.731947908700E-13));
#1717=VECTOR('',#1716,1.000000005610E-1);
#1718=CARTESIAN_POINT('',(-3.146508793367E0,-4.500000005610E-1,2.1E0));
#1719=LINE('',#1718,#1717);
#1720=CARTESIAN_POINT('',(-4.775528090456E0,-3.5E-1,2.3E0));
#1721=DIRECTION('',(0.E0,-1.E0,0.E0));
#1722=DIRECTION('',(-1.E0,0.E0,0.E0));
#1723=AXIS2_PLACEMENT_3D('',#1720,#1721,#1722);
#1725=CARTESIAN_POINT('',(-4.775528090456E0,-4.5E-1,2.3E0));
#1726=DIRECTION('',(0.E0,-1.E0,0.E0));
#1727=DIRECTION('',(-1.E0,0.E0,0.E0));
#1728=AXIS2_PLACEMENT_3D('',#1725,#1726,#1727);
#1730=CARTESIAN_POINT('',(-4.775528090456E0,-6.E-1,2.45E0));
#1731=DIRECTION('',(0.E0,0.E0,1.E0));
#1732=DIRECTION('',(-1.E0,0.E0,0.E0));
#1733=AXIS2_PLACEMENT_3D('',#1730,#1731,#1732);
#1735=CARTESIAN_POINT('',(-4.775528090456E0,-6.E-1,2.55E0));
#1736=DIRECTION('',(0.E0,0.E0,1.E0));
#1737=DIRECTION('',(-1.E0,0.E0,0.E0));
#1738=AXIS2_PLACEMENT_3D('',#1735,#1736,#1737);
#1740=VERTEX_POINT('',#1269);
#1741=VERTEX_POINT('',#1274);
#1742=VERTEX_POINT('',#1619);
#1743=VERTEX_POINT('',#1624);
#1744=CARTESIAN_POINT('',(-2.517742017514E0,-4.2E0,-2.471125081471E0));
#1745=VERTEX_POINT('',#1744);
#1746=CARTESIAN_POINT('',(-2.123428822113E0,-4.55E0,-2.597149575908E0));
#1747=VERTEX_POINT('',#1746);
#1748=CARTESIAN_POINT('',(-2.517742405071E0,-8.000000000011E-1,
2.471125523058E0));
#1749=VERTEX_POINT('',#1748);
#1750=CARTESIAN_POINT('',(-2.123428822113E0,-4.500000000029E-1,
2.597149575908E0));
#1751=VERTEX_POINT('',#1750);
#1752=CARTESIAN_POINT('',(-3.146508793367E0,-4.500000005610E-1,2.1E0));
#1753=CARTESIAN_POINT('',(-3.146508793367E0,-3.500000000001E-1,2.1E0));
#1754=VERTEX_POINT('',#1752);
#1755=VERTEX_POINT('',#1753);
#1756=CARTESIAN_POINT('',(-3.035482476462E0,-4.500000005583E-1,
1.849137931041E0));
#1757=CARTESIAN_POINT('',(-3.035482476468E0,-3.500000000003E-1,
1.849137931034E0));
#1758=VERTEX_POINT('',#1756);
#1759=VERTEX_POINT('',#1757);
#1760=VERTEX_POINT('',#1665);
#1761=VERTEX_POINT('',#411);
#1762=CARTESIAN_POINT('',(-2.439238120056E0,-9.5E-1,2.343308266912E0));
#1763=VERTEX_POINT('',#1762);
#1764=CARTESIAN_POINT('',(-3.146508793367E0,-4.550000000001E0,-2.1E0));
#1765=CARTESIAN_POINT('',(-3.146508793367E0,-4.65E0,-2.1E0));
#1766=VERTEX_POINT('',#1764);
#1767=VERTEX_POINT('',#1765);
#1768=CARTESIAN_POINT('',(-3.035482476468E0,-4.55E0,-1.849137931034E0));
#1769=CARTESIAN_POINT('',(-3.035482476468E0,-4.65E0,-1.849137931034E0));
#1770=VERTEX_POINT('',#1768);
#1771=VERTEX_POINT('',#1769);
#1772=VERTEX_POINT('',#832);
#1773=VERTEX_POINT('',#528);
#1774=VERTEX_POINT('',#824);
#1775=VERTEX_POINT('',#791);
#1776=CARTESIAN_POINT('',(-2.439238120056E0,-4.05E0,-2.343308266912E0));
#1777=VERTEX_POINT('',#1776);
#1778=CARTESIAN_POINT('',(-4.775528090456E0,-4.650000029669E0,-2.9E0));
#1779=CARTESIAN_POINT('',(-2.484351903044E0,-4.65E0,-2.9E0));
#1780=VERTEX_POINT('',#1778);
#1781=VERTEX_POINT('',#1779);
#1782=CARTESIAN_POINT('',(-4.775528090456E0,-4.550000034591E0,-2.9E0));
#1783=VERTEX_POINT('',#1782);
#1784=CARTESIAN_POINT('',(-4.775528090456E0,-4.499999654088E-1,2.9E0));
#1785=VERTEX_POINT('',#1784);
#1786=CARTESIAN_POINT('',(-4.775528090456E0,-3.499999703310E-1,2.9E0));
#1787=CARTESIAN_POINT('',(-2.484351903044E0,-3.5E-1,2.9E0));
#1788=VERTEX_POINT('',#1786);
#1789=VERTEX_POINT('',#1787);
#1790=CARTESIAN_POINT('',(-4.775528090456E0,-3.499999703385E-1,2.1E0));
#1791=VERTEX_POINT('',#1790);
#1792=CARTESIAN_POINT('',(-4.775528090456E0,-8.E-1,2.449999970339E0));
#1793=VERTEX_POINT('',#1792);
#1794=CARTESIAN_POINT('',(-4.775528090456E0,-4.499999654964E-1,2.1E0));
#1795=VERTEX_POINT('',#1794);
#1796=CARTESIAN_POINT('',(-4.775528090456E0,-4.650000029661E0,-2.1E0));
#1797=VERTEX_POINT('',#1796);
#1798=CARTESIAN_POINT('',(-4.775528090456E0,-4.2E0,-2.449999970339E0));
#1799=VERTEX_POINT('',#1798);
#1800=CARTESIAN_POINT('',(-4.775528090456E0,-4.550000034504E0,-2.1E0));
#1801=VERTEX_POINT('',#1800);
#1802=CARTESIAN_POINT('',(-4.775528090456E0,-5.E0,-2.549999965409E0));
#1803=CARTESIAN_POINT('',(-4.775528090456E0,-5.E0,-2.450000034504E0));
#1804=VERTEX_POINT('',#1802);
#1805=VERTEX_POINT('',#1803);
#1806=CARTESIAN_POINT('',(-4.975528090456E0,-4.8E0,-2.45E0));
#1807=CARTESIAN_POINT('',(-4.975528090456E0,-4.65E0,-2.3E0));
#1808=VERTEX_POINT('',#1806);
#1809=VERTEX_POINT('',#1807);
#1810=CARTESIAN_POINT('',(-4.975528090456E0,-4.55E0,-2.3E0));
#1811=CARTESIAN_POINT('',(-4.975528090456E0,-4.4E0,-2.45E0));
#1812=VERTEX_POINT('',#1810);
#1813=VERTEX_POINT('',#1811);
#1814=CARTESIAN_POINT('',(-4.775528090456E0,-4.2E0,-2.550000029669E0));
#1815=VERTEX_POINT('',#1814);
#1816=CARTESIAN_POINT('',(-4.975528090456E0,-4.4E0,-2.55E0));
#1817=CARTESIAN_POINT('',(-4.975528090456E0,-4.55E0,-2.7E0));
#1818=VERTEX_POINT('',#1816);
#1819=VERTEX_POINT('',#1817);
#1820=CARTESIAN_POINT('',(-4.975528090456E0,-4.65E0,-2.7E0));
#1821=CARTESIAN_POINT('',(-4.975528090456E0,-4.8E0,-2.55E0));
#1822=VERTEX_POINT('',#1820);
#1823=VERTEX_POINT('',#1821);
#1824=CARTESIAN_POINT('',(-4.775528090456E0,-8.E-1,2.550000029669E0));
#1825=VERTEX_POINT('',#1824);
#1826=CARTESIAN_POINT('',(-4.975528090456E0,-6.E-1,2.55E0));
#1827=CARTESIAN_POINT('',(-4.975528090456E0,-4.5E-1,2.7E0));
#1828=VERTEX_POINT('',#1826);
#1829=VERTEX_POINT('',#1827);
#1830=CARTESIAN_POINT('',(-4.975528090456E0,-3.5E-1,2.7E0));
#1831=CARTESIAN_POINT('',(-4.975528090456E0,-2.E-1,2.55E0));
#1832=VERTEX_POINT('',#1830);
#1833=VERTEX_POINT('',#1831);
#1834=CARTESIAN_POINT('',(-4.775528090456E0,0.E0,2.55E0));
#1835=VERTEX_POINT('',#1834);
#1836=CARTESIAN_POINT('',(-4.775528090456E0,0.E0,2.450000034504E0));
#1837=VERTEX_POINT('',#1836);
#1838=CARTESIAN_POINT('',(-4.975528090456E0,-2.E-1,2.45E0));
#1839=CARTESIAN_POINT('',(-4.975528090456E0,-3.5E-1,2.3E0));
#1840=VERTEX_POINT('',#1838);
#1841=VERTEX_POINT('',#1839);
#1842=CARTESIAN_POINT('',(-4.975528090456E0,-4.5E-1,2.3E0));
#1843=CARTESIAN_POINT('',(-4.975528090456E0,-6.E-1,2.45E0));
#1844=VERTEX_POINT('',#1842);
#1845=VERTEX_POINT('',#1843);
#1846=CARTESIAN_POINT('',(-3.525E1,-4.E-1,2.7E0));
#1847=CARTESIAN_POINT('',(-3.525E1,-4.E-1,2.3E0));
#1848=VERTEX_POINT('',#1846);
#1849=VERTEX_POINT('',#1847);
#1850=CARTESIAN_POINT('',(-4.975528090456E0,-4.E-1,2.7E0));
#1851=CARTESIAN_POINT('',(-4.975528090456E0,-6.E-1,2.5E0));
#1852=VERTEX_POINT('',#1850);
#1853=VERTEX_POINT('',#1851);
#1854=CARTESIAN_POINT('',(-4.975528090456E0,-4.E-1,2.3E0));
#1855=VERTEX_POINT('',#1854);
#1856=CARTESIAN_POINT('',(-4.975528090456E0,-2.E-1,2.5E0));
#1857=VERTEX_POINT('',#1856);
#1858=VERTEX_POINT('',#430);
#1859=VERTEX_POINT('',#598);
#1860=VERTEX_POINT('',#405);
#1861=VERTEX_POINT('',#1018);
#1862=VERTEX_POINT('',#522);
#1863=CARTESIAN_POINT('',(-1.973889667849E0,-4.405900713363E-1,
2.571777384364E0));
#1864=VERTEX_POINT('',#1863);
#1865=CARTESIAN_POINT('',(-2.123428704348E0,-3.790597219265E-1,
2.597149477074E0));
#1866=VERTEX_POINT('',#1865);
#1867=CARTESIAN_POINT('',(-3.267497732703E0,-4.999999909105E0,
-2.549999999988E0));
#1868=VERTEX_POINT('',#1867);
#1869=CARTESIAN_POINT('',(-3.267497732692E0,-2.494477576026E-7,
2.549999999943E0));
#1870=VERTEX_POINT('',#1869);
#1871=CARTESIAN_POINT('',(-3.425E1,-4.6E0,-2.7E0));
#1872=CARTESIAN_POINT('',(-3.425E1,-4.6E0,-2.3E0));
#1873=VERTEX_POINT('',#1871);
#1874=VERTEX_POINT('',#1872);
#1875=CARTESIAN_POINT('',(-4.975528090456E0,-4.6E0,-2.7E0));
#1876=CARTESIAN_POINT('',(-4.975528090456E0,-4.8E0,-2.5E0));
#1877=VERTEX_POINT('',#1875);
#1878=VERTEX_POINT('',#1876);
#1879=CARTESIAN_POINT('',(-4.975528090456E0,-4.6E0,-2.3E0));
#1880=VERTEX_POINT('',#1879);
#1881=CARTESIAN_POINT('',(-4.975528090456E0,-4.4E0,-2.5E0));
#1882=VERTEX_POINT('',#1881);
#1883=VERTEX_POINT('',#1256);
#1884=VERTEX_POINT('',#469);
#1885=VERTEX_POINT('',#476);
#1886=CARTESIAN_POINT('',(-1.973886704499E0,-4.559409863490E0,
-2.571769537936E0));
#1887=VERTEX_POINT('',#1886);
#1888=CARTESIAN_POINT('',(-2.123428704348E0,-4.620940278073E0,
-2.597149477074E0));
#1889=VERTEX_POINT('',#1888);
#1890=VERTEX_POINT('',#1102);
#1891=VERTEX_POINT('',#1132);
#1892=VERTEX_POINT('',#482);
#1893=VERTEX_POINT('',#1359);
#1894=VERTEX_POINT('',#1367);
#1895=CARTESIAN_POINT('',(-2.520049417227E0,-4.871290017673E0,
-2.698013937486E0));
#1896=VERTEX_POINT('',#1895);
#1897=CARTESIAN_POINT('',(-2.482290331990E0,-4.684214909492E0,
-2.898270136489E0));
#1898=VERTEX_POINT('',#1897);
#1899=VERTEX_POINT('',#1138);
#1900=VERTEX_POINT('',#1444);
#1901=VERTEX_POINT('',#1425);
#1902=VERTEX_POINT('',#1020);
#1903=VERTEX_POINT('',#1408);
#1904=CARTESIAN_POINT('',(-3.232768097172E0,-4.996961550602E0,-2.55E0));
#1905=VERTEX_POINT('',#1904);
#1906=VERTEX_POINT('',#1230);
#1907=VERTEX_POINT('',#255);
#1908=VERTEX_POINT('',#288);
#1909=VERTEX_POINT('',#543);
#1910=VERTEX_POINT('',#550);
#1911=VERTEX_POINT('',#643);
#1912=VERTEX_POINT('',#785);
#1913=VERTEX_POINT('',#650);
#1914=VERTEX_POINT('',#672);
#1915=VERTEX_POINT('',#680);
#1916=CARTESIAN_POINT('',(-2.520049417227E0,-1.287099823268E-1,
2.698013937486E0));
#1917=VERTEX_POINT('',#1916);
#1918=CARTESIAN_POINT('',(-2.482290332480E0,-3.157850904210E-1,
2.898270136901E0));
#1919=VERTEX_POINT('',#1918);
#1920=VERTEX_POINT('',#294);
#1921=VERTEX_POINT('',#763);
#1922=VERTEX_POINT('',#743);
#1923=VERTEX_POINT('',#600);
#1924=VERTEX_POINT('',#725);
#1925=CARTESIAN_POINT('',(-3.232768097172E0,-3.038449397764E-3,2.55E0));
#1926=VERTEX_POINT('',#1925);
#1927=VERTEX_POINT('',#386);
#1928=CARTESIAN_POINT('',(0.E0,0.E0,0.E0));
#1929=DIRECTION('',(0.E0,-1.E0,0.E0));
#1930=DIRECTION('',(0.E0,0.E0,-1.E0));
#1931=AXIS2_PLACEMENT_3D('',#1928,#1929,#1930);
#1932=PLANE('',#1931);
#1934=ORIENTED_EDGE('',*,*,#1933,.F.);
#1936=ORIENTED_EDGE('',*,*,#1935,.T.);
#1938=ORIENTED_EDGE('',*,*,#1937,.F.);
#1940=ORIENTED_EDGE('',*,*,#1939,.F.);
#1941=EDGE_LOOP('',(#1934,#1936,#1938,#1940));
#1942=FACE_OUTER_BOUND('',#1941,.F.);
#1943=ADVANCED_FACE('',(#1942),#1932,.F.);
#1944=FILL_AREA_STYLE_COLOUR('',#1);
#1945=FILL_AREA_STYLE('',(#1944));
#1946=SURFACE_STYLE_FILL_AREA(#1945);
#1947=SURFACE_SIDE_STYLE('',(#1946));
#1948=SURFACE_STYLE_USAGE(.POSITIVE.,#1947);
#1949=PRESENTATION_STYLE_ASSIGNMENT((#1948));
#1950=STYLED_ITEM('',(#1949),#1943);
#1951=CARTESIAN_POINT('',(0.E0,0.E0,0.E0));
#1952=DIRECTION('',(0.E0,-1.E0,0.E0));
#1953=DIRECTION('',(0.E0,0.E0,-1.E0));
#1954=AXIS2_PLACEMENT_3D('',#1951,#1952,#1953);
#1955=PLANE('',#1954);
#1957=ORIENTED_EDGE('',*,*,#1956,.T.);
#1959=ORIENTED_EDGE('',*,*,#1958,.F.);
#1961=ORIENTED_EDGE('',*,*,#1960,.T.);
#1962=EDGE_LOOP('',(#1957,#1959,#1961));
#1963=FACE_OUTER_BOUND('',#1962,.F.);
#1964=ADVANCED_FACE('',(#1963),#1955,.F.);
#1965=FILL_AREA_STYLE_COLOUR('',#1);
#1966=FILL_AREA_STYLE('',(#1965));
#1967=SURFACE_STYLE_FILL_AREA(#1966);
#1968=SURFACE_SIDE_STYLE('',(#1967));
#1969=SURFACE_STYLE_USAGE(.POSITIVE.,#1968);
#1970=PRESENTATION_STYLE_ASSIGNMENT((#1969));
#1971=STYLED_ITEM('',(#1970),#1964);
#1972=CARTESIAN_POINT('',(-1.374342344263E1,-3.5E-1,2.55E0));
#1973=DIRECTION('',(1.E0,0.E0,0.E0));
#1974=DIRECTION('',(0.E0,1.E0,0.E0));
#1975=AXIS2_PLACEMENT_3D('',#1972,#1973,#1974);
#1976=CYLINDRICAL_SURFACE('',#1975,3.5E-1);
#1977=ORIENTED_EDGE('',*,*,#1933,.T.);
#1979=ORIENTED_EDGE('',*,*,#1978,.F.);
#1981=ORIENTED_EDGE('',*,*,#1980,.T.);
#1983=ORIENTED_EDGE('',*,*,#1982,.F.);
#1985=ORIENTED_EDGE('',*,*,#1984,.T.);
#1986=EDGE_LOOP('',(#1977,#1979,#1981,#1983,#1985));
#1987=FACE_OUTER_BOUND('',#1986,.F.);
#1988=ADVANCED_FACE('',(#1987),#1976,.T.);
#1989=FILL_AREA_STYLE_COLOUR('',#1);
#1990=FILL_AREA_STYLE('',(#1989));
#1991=SURFACE_STYLE_FILL_AREA(#1990);
#1992=SURFACE_SIDE_STYLE('',(#1991));
#1993=SURFACE_STYLE_USAGE(.POSITIVE.,#1992);
#1994=PRESENTATION_STYLE_ASSIGNMENT((#1993));
#1995=STYLED_ITEM('',(#1994),#1988);
#1996=CARTESIAN_POINT('',(-2.455724002977E0,-3.881015387797E-1,
2.894939163666E0));
#1997=CARTESIAN_POINT('',(-2.478096718573E0,-3.841566253884E-1,
2.894799795010E0));
#1998=CARTESIAN_POINT('',(-2.525529080333E0,-3.757930202513E-1,
2.894186402532E0));
#1999=CARTESIAN_POINT('',(-2.596018279241E0,-3.633638726353E-1,
2.892258392643E0));
#2000=CARTESIAN_POINT('',(-2.665281184607E0,-3.511509536572E-1,
2.889310726600E0));
#2001=CARTESIAN_POINT('',(-2.728813371730E0,-3.399485149239E-1,
2.885668541640E0));
#2002=CARTESIAN_POINT('',(-2.786934248348E0,-3.297002362337E-1,
2.881493106269E0));
#2003=CARTESIAN_POINT('',(-2.840004793012E0,-3.203424673286E-1,
2.876916657069E0));
#2004=CARTESIAN_POINT('',(-2.888427591748E0,-3.118042214300E-1,
2.872043928078E0));
#2005=CARTESIAN_POINT('',(-2.932631520775E0,-3.040098760892E-1,
2.866953960928E0));
#2006=CARTESIAN_POINT('',(-2.973044246952E0,-2.968840221002E-1,
2.861703968224E0));
#2007=CARTESIAN_POINT('',(-3.010069477297E0,-2.903554750235E-1,
2.856333784062E0));
#2008=CARTESIAN_POINT('',(-3.044064392758E0,-2.843612542208E-1,
2.850871566421E0));
#2009=CARTESIAN_POINT('',(-3.075332911626E0,-2.788477706976E-1,
2.845338604904E0));
#2010=CARTESIAN_POINT('',(-3.104147940783E0,-2.737669036073E-1,
2.839748886499E0));
#2011=CARTESIAN_POINT('',(-3.130783892478E0,-2.690702666666E-1,
2.834103789465E0));
#2012=CARTESIAN_POINT('',(-3.155531544904E0,-2.647065878346E-1,
2.828387158624E0));
#2013=CARTESIAN_POINT('',(-3.178697446544E0,-2.606218143431E-1,
2.822562120975E0));
#2014=CARTESIAN_POINT('',(-3.200604540094E0,-2.567590026813E-1,
2.816566484369E0));
#2015=CARTESIAN_POINT('',(-3.221598198965E0,-2.530572541986E-1,
2.810304571174E0));
#2016=CARTESIAN_POINT('',(-3.242016031402E0,-2.494570394524E-1,
2.803646801934E0));
#2017=CARTESIAN_POINT('',(-3.262060583549E0,-2.459226440927E-1,
2.796464863658E0));
#2018=CARTESIAN_POINT('',(-3.281731888777E0,-2.424540622352E-1,
2.788668769904E0));
#2019=CARTESIAN_POINT('',(-3.300944591027E0,-2.390663444562E-1,
2.780189378414E0));
#2020=CARTESIAN_POINT('',(-3.319707263954E0,-2.357579789889E-1,
2.770905286958E0));
#2021=CARTESIAN_POINT('',(-3.338161965710E0,-2.325039171484E-1,
2.760583182784E0));
#2022=CARTESIAN_POINT('',(-3.356441018786E0,-2.292808269093E-1,
2.748905721399E0));
#2023=CARTESIAN_POINT('',(-3.374631252526E0,-2.260733979157E-1,
2.735463933113E0));
#2024=CARTESIAN_POINT('',(-3.392889229758E0,-2.228540239165E-1,
2.719605645017E0));
#2025=CARTESIAN_POINT('',(-3.411537396369E0,-2.195658490022E-1,
2.700101331602E0));
#2026=CARTESIAN_POINT('',(-3.430844367110E0,-2.161615091448E-1,
2.674704028724E0));
#2027=CARTESIAN_POINT('',(-3.450137255204E0,-2.127596524381E-1,
2.639834691457E0));
#2028=CARTESIAN_POINT('',(-3.465832560690E0,-2.099921466103E-1,
2.591325657238E0));
#2029=CARTESIAN_POINT('',(-3.469443186219E0,-2.093554959124E-1,
2.529408273048E0));
#2030=CARTESIAN_POINT('',(-3.454139579170E0,-2.120539347372E-1,
2.466260457671E0));
#2031=CARTESIAN_POINT('',(-3.430393365788E0,-2.162410328462E-1,
2.424212472500E0));
#2032=CARTESIAN_POINT('',(-3.415144926103E0,-2.189297441764E-1,
2.404805679234E0));
#2033=CARTESIAN_POINT('',(-3.409398064572E0,-2.199430709186E-1,
2.398200774008E0));
#2034=CARTESIAN_POINT('',(-2.426631520732E0,-2.217547072047E-1,
2.933278816010E0));
#2035=CARTESIAN_POINT('',(-2.449170452404E0,-2.177804854345E-1,
2.933138413389E0));
#2036=CARTESIAN_POINT('',(-2.496956538135E0,-2.093545092178E-1,
2.932520461053E0));
#2037=CARTESIAN_POINT('',(-2.567984757302E0,-1.968303177869E-1,
2.930577786282E0));
#2038=CARTESIAN_POINT('',(-2.637802261253E0,-1.845196081147E-1,
2.927606630061E0));
#2039=CARTESIAN_POINT('',(-2.701875236748E0,-1.732218138006E-1,
2.923933576624E0));
#2040=CARTESIAN_POINT('',(-2.760528623927E0,-1.628796391310E-1,
2.919720037254E0));
#2041=CARTESIAN_POINT('',(-2.814127931252E0,-1.534286351022E-1,
2.915098158797E0));
#2042=CARTESIAN_POINT('',(-2.863079822902E0,-1.447970958477E-1,
2.910172370930E0));
#2043=CARTESIAN_POINT('',(-2.907817168669E0,-1.369086947437E-1,
2.905021181659E0));
#2044=CARTESIAN_POINT('',(-2.948771671020E0,-1.296873109978E-1,
2.899701024892E0));
#2045=CARTESIAN_POINT('',(-2.986351155355E0,-1.230610339883E-1,
2.894250690453E0));
#2046=CARTESIAN_POINT('',(-3.020916863590E0,-1.169661670192E-1,
2.888697024558E0));
#2047=CARTESIAN_POINT('',(-3.052776561234E0,-1.113484427274E-1,
2.883059749660E0));
#2048=CARTESIAN_POINT('',(-3.082207055471E0,-1.061590525379E-1,
2.877350970622E0));
#2049=CARTESIAN_POINT('',(-3.109487502277E0,-1.013487737200E-1,
2.871569656436E0));
#2050=CARTESIAN_POINT('',(-3.134915156954E0,-9.686519214436E-2,
2.865696376052E0));
#2051=CARTESIAN_POINT('',(-3.158805641334E0,-9.265265516596E-2,
2.859689645477E0));
#2052=CARTESIAN_POINT('',(-3.181494783734E0,-8.865194719177E-2,
2.853480581111E0));
#2053=CARTESIAN_POINT('',(-3.203346570727E0,-8.479888756815E-2,
2.846963472446E0));
#2054=CARTESIAN_POINT('',(-3.224724043030E0,-8.102946242190E-2,
2.839993798901E0));
#2055=CARTESIAN_POINT('',(-3.245857394384E0,-7.730308238526E-2,
2.832423145080E0));
#2056=CARTESIAN_POINT('',(-3.266768858452E0,-7.361582706401E-2,
2.824137483221E0));
#2057=CARTESIAN_POINT('',(-3.287387778597E0,-6.998015512934E-2,
2.815040010029E0));
#2058=CARTESIAN_POINT('',(-3.307737690690E0,-6.639191657232E-2,
2.804973802340E0));
#2059=CARTESIAN_POINT('',(-3.327982821502E0,-6.282215378227E-2,
2.793654493949E0));
#2060=CARTESIAN_POINT('',(-3.348273776547E0,-5.924431094343E-2,
2.780697094708E0));
#2061=CARTESIAN_POINT('',(-3.368703358756E0,-5.564202439545E-2,
2.765607097070E0));
#2062=CARTESIAN_POINT('',(-3.389434492856E0,-5.198656611287E-2,
2.747608717855E0));
#2063=CARTESIAN_POINT('',(-3.410817874966E0,-4.821609890809E-2,
2.725253998826E0));
#2064=CARTESIAN_POINT('',(-3.433148313792E0,-4.427864005210E-2,
2.695894662565E0));
#2065=CARTESIAN_POINT('',(-3.455625820101E0,-4.031524923068E-2,
2.655294910463E0));
#2066=CARTESIAN_POINT('',(-3.474014456350E0,-3.707283652163E-2,
2.598507012252E0));
#2067=CARTESIAN_POINT('',(-3.478257011569E0,-3.632475956936E-2,
2.525822837026E0));
#2068=CARTESIAN_POINT('',(-3.460296360580E0,-3.949170692977E-2,
2.451793522928E0));
#2069=CARTESIAN_POINT('',(-3.432609644253E0,-4.437362202546E-2,
2.402833291280E0));
#2070=CARTESIAN_POINT('',(-3.414998402210E0,-4.747895916142E-2,
2.380425519244E0));
#2071=CARTESIAN_POINT('',(-3.408386534162E0,-4.864480989110E-2,
2.372826747887E0));
#2072=CARTESIAN_POINT('',(-2.405432460590E0,-1.060198805595E-1,
2.806221269463E0));
#2073=CARTESIAN_POINT('',(-2.427420552451E0,-1.021427867101E-1,
2.806084293399E0));
#2074=CARTESIAN_POINT('',(-2.474034397512E0,-9.392350815133E-2,
2.805481452424E0));
#2075=CARTESIAN_POINT('',(-2.543276304401E0,-8.171429177114E-2,
2.803587377051E0));
#2076=CARTESIAN_POINT('',(-2.611255869527E0,-6.972766030256E-2,
2.800694067242E0));
#2077=CARTESIAN_POINT('',(-2.673536673222E0,-5.874587423084E-2,
2.797123311888E0));
#2078=CARTESIAN_POINT('',(-2.730425321255E0,-4.871487068664E-2,
2.793036049107E0));
#2079=CARTESIAN_POINT('',(-2.782272309963E0,-3.957284770884E-2,
2.788564723135E0));
#2080=CARTESIAN_POINT('',(-2.829470788544E0,-3.125048248664E-2,
2.783814772299E0));
#2081=CARTESIAN_POINT('',(-2.872440392089E0,-2.367378203141E-2,
2.778866473042E0));
#2082=CARTESIAN_POINT('',(-2.911599449067E0,-1.676898374701E-2,
2.773778839864E0));
#2083=CARTESIAN_POINT('',(-2.947342136563E0,-1.046658357842E-2,
2.768594123318E0));
#2084=CARTESIAN_POINT('',(-2.980016238459E0,-4.705257843719E-3,
2.763343516790E0));
#2085=CARTESIAN_POINT('',(-3.009916770585E0,5.670127075262E-4,
2.758051936271E0));
#2086=CARTESIAN_POINT('',(-3.037307614532E0,5.396757519866E-3,
2.752737723978E0));
#2087=CARTESIAN_POINT('',(-3.062452205569E0,9.830427338407E-3,
2.747407833219E0));
#2088=CARTESIAN_POINT('',(-3.085626333876E0,1.391665141344E-2,
2.742053689169E0));
#2089=CARTESIAN_POINT('',(-3.107115552214E0,1.770578040072E-2,
2.736649088658E0));
#2090=CARTESIAN_POINT('',(-3.127212985976E0,2.124950021594E-2,
2.731147323548E0));
#2091=CARTESIAN_POINT('',(-3.146220937744E0,2.460111496077E-2,
2.725475932261E0));
#2092=CARTESIAN_POINT('',(-3.164418165067E0,2.780977711180E-2,
2.719539909087E0));
#2093=CARTESIAN_POINT('',(-3.181943237588E0,3.089992023608E-2,
2.713257457959E0));
#2094=CARTESIAN_POINT('',(-3.198744817245E0,3.386249204811E-2,
2.706594224015E0));
#2095=CARTESIAN_POINT('',(-3.214703533535E0,3.667644430766E-2,
2.699545072598E0));
#2096=CARTESIAN_POINT('',(-3.229793337572E0,3.933718389284E-2,
2.692070796852E0));
#2097=CARTESIAN_POINT('',(-3.244104989356E0,4.186071424102E-2,
2.684056221642E0));
#2098=CARTESIAN_POINT('',(-3.257728504494E0,4.426290753177E-2,
2.675340534408E0));
#2099=CARTESIAN_POINT('',(-3.270736889457E0,4.655663677622E-2,
2.665712699927E0));
#2100=CARTESIAN_POINT('',(-3.283271985651E0,4.876691244103E-2,
2.654806579259E0));
#2101=CARTESIAN_POINT('',(-3.295590867973E0,5.093906376661E-2,
2.641898099875E0));
#2102=CARTESIAN_POINT('',(-3.307901538402E0,5.310976711386E-2,
2.625668935910E0));
#2103=CARTESIAN_POINT('',(-3.319825225038E0,5.521223477726E-2,
2.604059769402E0));
#2104=CARTESIAN_POINT('',(-3.329288167449E0,5.688080684114E-2,
2.574708013220E0));
#2105=CARTESIAN_POINT('',(-3.331436508684E0,5.725961736473E-2,
2.537704966266E0));
#2106=CARTESIAN_POINT('',(-3.322281297063E0,5.564530654192E-2,
2.499736921528E0));
#2107=CARTESIAN_POINT('',(-3.307653401193E0,5.306601382897E-2,
2.473683863650E0));
#2108=CARTESIAN_POINT('',(-3.297872482385E0,5.134137394707E-2,
2.461221330456E0));
#2109=CARTESIAN_POINT('',(-3.294127244551E0,5.068098746774E-2,
2.456916229869E0));
#2110=CARTESIAN_POINT('',(-2.413320611665E0,-1.566031086649E-1,
2.640792478417E0));
#2111=CARTESIAN_POINT('',(-2.434591510673E0,-1.528524752657E-1,
2.640659963726E0));
#2112=CARTESIAN_POINT('',(-2.479679099625E0,-1.449023168385E-1,
2.640076797727E0));
#2113=CARTESIAN_POINT('',(-2.546595229818E0,-1.331031976408E-1,
2.638245998719E0));
#2114=CARTESIAN_POINT('',(-2.612181800542E0,-1.215385156501E-1,
2.635454044856E0));
#2115=CARTESIAN_POINT('',(-2.672129198451E0,-1.109681719753E-1,
2.632016481498E0));
#2116=CARTESIAN_POINT('',(-2.726720157985E0,-1.013423129068E-1,
2.628093630701E0));
#2117=CARTESIAN_POINT('',(-2.776285629710E0,-9.260258293018E-2,
2.623818323904E0));
#2118=CARTESIAN_POINT('',(-2.821201166332E0,-8.468276197065E-2,
2.619297312698E0));
#2119=CARTESIAN_POINT('',(-2.861869171375E0,-7.751189543E-2,2.614613176025E0));
#2120=CARTESIAN_POINT('',(-2.898690560380E0,-7.101929108123E-2,
2.609828288313E0));
#2121=CARTESIAN_POINT('',(-2.932041740337E0,-6.513857821643E-2,
2.604989405982E0));
#2122=CARTESIAN_POINT('',(-2.962252972783E0,-5.981152281570E-2,
2.600133382427E0));
#2123=CARTESIAN_POINT('',(-2.989602673478E0,-5.498903266889E-2,
2.595291895626E0));
#2124=CARTESIAN_POINT('',(-3.014337894909E0,-5.062754575674E-2,
2.590491408816E0));
#2125=CARTESIAN_POINT('',(-3.036701603994E0,-4.668422045642E-2,
2.585749270881E0));
#2126=CARTESIAN_POINT('',(-3.056941643355E0,-4.311535542641E-2,
2.581071041788E0));
#2127=CARTESIAN_POINT('',(-3.075304415849E0,-3.987750319517E-2,
2.576450413983E0));
#2128=CARTESIAN_POINT('',(-3.092027447709E0,-3.692878147897E-2,
2.571869551755E0));
#2129=CARTESIAN_POINT('',(-3.107332729027E0,-3.423004743530E-2,
2.567299283598E0));
#2130=CARTESIAN_POINT('',(-3.121389280753E0,-3.175149811016E-2,
2.562709072114E0));
#2131=CARTESIAN_POINT('',(-3.134216378054E0,-2.948973477197E-2,
2.558103859526E0));
#2132=CARTESIAN_POINT('',(-3.145666892560E0,-2.747070012151E-2,
2.553553025012E0));
#2133=CARTESIAN_POINT('',(-3.155558028368E0,-2.572662600875E-2,
2.549170786375E0));
#2134=CARTESIAN_POINT('',(-3.163799177285E0,-2.427348910263E-2,
2.545071203275E0));
#2135=CARTESIAN_POINT('',(-3.170385445661E0,-2.311215228580E-2,
2.541359387165E0));
#2136=CARTESIAN_POINT('',(-3.175327961098E0,-2.224065346159E-2,
2.538166404472E0));
#2137=CARTESIAN_POINT('',(-3.178673955107E0,-2.165066444055E-2,
2.535650300637E0));
#2138=CARTESIAN_POINT('',(-3.180537818627E0,-2.132201501359E-2,
2.533978293086E0));
#2139=CARTESIAN_POINT('',(-3.181054731825E0,-2.123086927006E-2,
2.533368807718E0));
#2140=CARTESIAN_POINT('',(-3.180319674413E0,-2.136047972415E-2,
2.534235114177E0));
#2141=CARTESIAN_POINT('',(-3.178502299011E0,-2.168093204171E-2,2.53735167E0));
#2142=CARTESIAN_POINT('',(-3.176343997497E0,-2.206149883110E-2,
2.543721741684E0));
#2143=CARTESIAN_POINT('',(-3.175765674344E0,-2.216347280658E-2,
2.553175485953E0));
#2144=CARTESIAN_POINT('',(-3.178075135455E0,-2.175625250174E-2,
2.562159175730E0));
#2145=CARTESIAN_POINT('',(-3.180449809990E0,-2.133753331090E-2,
2.565931233844E0));
#2146=CARTESIAN_POINT('',(-3.180863963742E0,-2.126450683021E-2,
2.566417391089E0));
#2147=CARTESIAN_POINT('',(-3.180851075410E0,-2.126677939088E-2,
2.566400646355E0));
#2148=(BOUNDED_SURFACE()B_SPLINE_SURFACE(3,3,((#1996,#1997,#1998,#1999,#2000,
#2001,#2002,#2003,#2004,#2005,#2006,#2007,#2008,#2009,#2010,#2011,#2012,#2013,
#2014,#2015,#2016,#2017,#2018,#2019,#2020,#2021,#2022,#2023,#2024,#2025,#2026,
#2027,#2028,#2029,#2030,#2031,#2032,#2033),(#2034,#2035,#2036,#2037,#2038,#2039,
#2040,#2041,#2042,#2043,#2044,#2045,#2046,#2047,#2048,#2049,#2050,#2051,#2052,
#2053,#2054,#2055,#2056,#2057,#2058,#2059,#2060,#2061,#2062,#2063,#2064,#2065,
#2066,#2067,#2068,#2069,#2070,#2071),(#2072,#2073,#2074,#2075,#2076,#2077,#2078,
#2079,#2080,#2081,#2082,#2083,#2084,#2085,#2086,#2087,#2088,#2089,#2090,#2091,
#2092,#2093,#2094,#2095,#2096,#2097,#2098,#2099,#2100,#2101,#2102,#2103,#2104,
#2105,#2106,#2107,#2108,#2109),(#2110,#2111,#2112,#2113,#2114,#2115,#2116,#2117,
#2118,#2119,#2120,#2121,#2122,#2123,#2124,#2125,#2126,#2127,#2128,#2129,#2130,
#2131,#2132,#2133,#2134,#2135,#2136,#2137,#2138,#2139,#2140,#2141,#2142,#2143,
#2144,#2145,#2146,#2147)),.UNSPECIFIED.,.F.,.F.,.F.)B_SPLINE_SURFACE_WITH_KNOTS(
(4,4),(4,1,1,1,1,1,1,1,1,1,1,1,1,1,1,1,1,1,1,1,1,1,1,1,1,1,1,1,1,1,1,1,1,1,1,4),
(0.E0,1.E0),(7.423682021536E-1,7.599393095356E-1,7.796188407995E-1,
7.977070517750E-1,8.142784364538E-1,8.294128755125E-1,8.431997929013E-1,
8.557476412034E-1,8.671696182310E-1,8.775757982164E-1,8.870732023107E-1,
8.957553672941E-1,9.036948873744E-1,9.109561685292E-1,9.176074029326E-1,
9.237202272045E-1,9.293679181986E-1,9.346247393350E-1,9.395654406615E-1,
9.442656866485E-1,9.487733938362E-1,9.530433404395E-1,9.569954013410E-1,
9.606244031482E-1,9.639603323364E-1,9.670133508950E-1,9.697864168415E-1,
9.723217177246E-1,9.747121444287E-1,9.770815054068E-1,9.795508174693E-1,
9.822134180874E-1,9.851380263244E-1,9.883638938334E-1,9.919204879751E-1,
9.941303117238E-1),.UNSPECIFIED.)GEOMETRIC_REPRESENTATION_ITEM()RATIONAL_B_SPLINE_SURFACE(((1.333222833839E0,1.333222833839E0,1.333222833839E0,1.333222833839E0,
1.333222833839E0,1.333222833839E0,1.333222833839E0,1.333222833839E0,
1.333222833839E0,1.333222833839E0,1.333222833839E0,1.333222833839E0,
1.333222833839E0,1.333222833839E0,1.333222833839E0,1.333222833839E0,
1.333222833839E0,1.333222833839E0,1.333222833839E0,1.333222833839E0,
1.333222833839E0,1.333222833839E0,1.333222833839E0,1.333222833839E0,
1.333222833839E0,1.333222833839E0,1.333222833839E0,1.333222833839E0,
1.333222833839E0,1.333222833839E0,1.333222833839E0,1.333222833839E0,
1.333222833839E0,1.333222833839E0,1.333222833839E0,1.333222833839E0,
1.333222833839E0,1.333222833839E0),(8.889257220536E-1,8.889257220536E-1,
8.889257220536E-1,8.889257220536E-1,8.889257220536E-1,8.889257220536E-1,
8.889257220536E-1,8.889257220536E-1,8.889257220536E-1,8.889257220536E-1,
8.889257220536E-1,8.889257220536E-1,8.889257220536E-1,8.889257220536E-1,
8.889257220536E-1,8.889257220536E-1,8.889257220536E-1,8.889257220536E-1,
8.889257220536E-1,8.889257220536E-1,8.889257220536E-1,8.889257220536E-1,
8.889257220536E-1,8.889257220536E-1,8.889257220536E-1,8.889257220536E-1,
8.889257220536E-1,8.889257220536E-1,8.889257220536E-1,8.889257220536E-1,
8.889257220536E-1,8.889257220536E-1,8.889257220536E-1,8.889257220536E-1,
8.889257220536E-1,8.889257220536E-1,8.889257220536E-1,8.889257220536E-1),(
8.889257220536E-1,8.889257220536E-1,8.889257220536E-1,8.889257220536E-1,
8.889257220536E-1,8.889257220536E-1,8.889257220536E-1,8.889257220536E-1,
8.889257220536E-1,8.889257220536E-1,8.889257220536E-1,8.889257220536E-1,
8.889257220536E-1,8.889257220536E-1,8.889257220536E-1,8.889257220536E-1,
8.889257220536E-1,8.889257220536E-1,8.889257220536E-1,8.889257220536E-1,
8.889257220536E-1,8.889257220536E-1,8.889257220536E-1,8.889257220536E-1,
8.889257220536E-1,8.889257220536E-1,8.889257220536E-1,8.889257220536E-1,
8.889257220536E-1,8.889257220536E-1,8.889257220536E-1,8.889257220536E-1,
8.889257220536E-1,8.889257220536E-1,8.889257220536E-1,8.889257220536E-1,
8.889257220536E-1,8.889257220536E-1),(1.333222833839E0,1.333222833839E0,
1.333222833839E0,1.333222833839E0,1.333222833839E0,1.333222833839E0,
1.333222833839E0,1.333222833839E0,1.333222833839E0,1.333222833839E0,
1.333222833839E0,1.333222833839E0,1.333222833839E0,1.333222833839E0,
1.333222833839E0,1.333222833839E0,1.333222833839E0,1.333222833839E0,
1.333222833839E0,1.333222833839E0,1.333222833839E0,1.333222833839E0,
1.333222833839E0,1.333222833839E0,1.333222833839E0,1.333222833839E0,
1.333222833839E0,1.333222833839E0,1.333222833839E0,1.333222833839E0,
1.333222833839E0,1.333222833839E0,1.333222833839E0,1.333222833839E0,
1.333222833839E0,1.333222833839E0,1.333222833839E0,1.333222833839E0)))REPRESENTATION_ITEM('')SURFACE());
#2150=ORIENTED_EDGE('',*,*,#2149,.T.);
#2151=ORIENTED_EDGE('',*,*,#1978,.T.);
#2153=ORIENTED_EDGE('',*,*,#2152,.T.);
#2155=ORIENTED_EDGE('',*,*,#2154,.F.);
#2157=ORIENTED_EDGE('',*,*,#2156,.T.);
#2158=EDGE_LOOP('',(#2150,#2151,#2153,#2155,#2157));
#2159=FACE_OUTER_BOUND('',#2158,.F.);
#2160=ADVANCED_FACE('',(#2159),#2148,.T.);
#2161=FILL_AREA_STYLE_COLOUR('',#1);
#2162=FILL_AREA_STYLE('',(#2161));
#2163=SURFACE_STYLE_FILL_AREA(#2162);
#2164=SURFACE_SIDE_STYLE('',(#2163));
#2165=SURFACE_STYLE_USAGE(.POSITIVE.,#2164);
#2166=PRESENTATION_STYLE_ASSIGNMENT((#2165));
#2167=STYLED_ITEM('',(#2166),#2160);
#2168=CARTESIAN_POINT('',(-2.054880973571E0,0.E0,2.539631101479E0));
#2169=DIRECTION('',(6.427876096865E-1,0.E0,7.660444431190E-1));
#2170=DIRECTION('',(-7.660444431190E-1,0.E0,6.427876096865E-1));
#2171=AXIS2_PLACEMENT_3D('',#2168,#2169,#2170);
#2172=PLANE('',#2171);
#2174=ORIENTED_EDGE('',*,*,#2173,.T.);
#2176=ORIENTED_EDGE('',*,*,#2175,.F.);
#2178=ORIENTED_EDGE('',*,*,#2177,.F.);
#2179=ORIENTED_EDGE('',*,*,#1980,.F.);
#2180=ORIENTED_EDGE('',*,*,#2149,.F.);
#2182=ORIENTED_EDGE('',*,*,#2181,.F.);
#2183=EDGE_LOOP('',(#2174,#2176,#2178,#2179,#2180,#2182));
#2184=FACE_OUTER_BOUND('',#2183,.F.);
#2185=ADVANCED_FACE('',(#2184),#2172,.T.);
#2186=FILL_AREA_STYLE_COLOUR('',#1);
#2187=FILL_AREA_STYLE('',(#2186));
#2188=SURFACE_STYLE_FILL_AREA(#2187);
#2189=SURFACE_SIDE_STYLE('',(#2188));
#2190=SURFACE_STYLE_USAGE(.POSITIVE.,#2189);
#2191=PRESENTATION_STYLE_ASSIGNMENT((#2190));
#2192=STYLED_ITEM('',(#2191),#2185);
#2193=CARTESIAN_POINT('',(-2.027010680660E0,6.518E0,2.712056242376E0));
#2194=DIRECTION('',(0.E0,-1.E0,0.E0));
#2195=DIRECTION('',(-6.427876096865E-1,0.E0,-7.660444431190E-1));
#2196=AXIS2_PLACEMENT_3D('',#2193,#2194,#2195);
#2197=CYLINDRICAL_SURFACE('',#2196,1.5E-1);
#2199=ORIENTED_EDGE('',*,*,#2198,.T.);
#2201=ORIENTED_EDGE('',*,*,#2200,.F.);
#2202=ORIENTED_EDGE('',*,*,#2173,.F.);
#2204=ORIENTED_EDGE('',*,*,#2203,.F.);
#2205=EDGE_LOOP('',(#2199,#2201,#2202,#2204));
#2206=FACE_OUTER_BOUND('',#2205,.F.);
#2207=ADVANCED_FACE('',(#2206),#2197,.F.);
#2208=FILL_AREA_STYLE_COLOUR('',#1);
#2209=FILL_AREA_STYLE('',(#2208));
#2210=SURFACE_STYLE_FILL_AREA(#2209);
#2211=SURFACE_SIDE_STYLE('',(#2210));
#2212=SURFACE_STYLE_USAGE(.POSITIVE.,#2211);
#2213=PRESENTATION_STYLE_ASSIGNMENT((#2212));
#2214=STYLED_ITEM('',(#2213),#2207);
#2215=CARTESIAN_POINT('',(-1.E0,0.E0,0.E0));
#2216=DIRECTION('',(0.E0,-1.E0,0.E0));
#2217=DIRECTION('',(0.E0,0.E0,-1.E0));
#2218=AXIS2_PLACEMENT_3D('',#2215,#2216,#2217);
#2219=CYLINDRICAL_SURFACE('',#2218,2.75E0);
#2221=ORIENTED_EDGE('',*,*,#2220,.F.);
#2223=ORIENTED_EDGE('',*,*,#2222,.F.);
#2225=ORIENTED_EDGE('',*,*,#2224,.F.);
#2227=ORIENTED_EDGE('',*,*,#2226,.F.);
#2229=ORIENTED_EDGE('',*,*,#2228,.F.);
#2230=ORIENTED_EDGE('',*,*,#2198,.F.);
#2232=ORIENTED_EDGE('',*,*,#2231,.F.);
#2234=ORIENTED_EDGE('',*,*,#2233,.F.);
#2236=ORIENTED_EDGE('',*,*,#2235,.F.);
#2238=ORIENTED_EDGE('',*,*,#2237,.F.);
#2240=ORIENTED_EDGE('',*,*,#2239,.F.);
#2242=ORIENTED_EDGE('',*,*,#2241,.F.);
#2244=ORIENTED_EDGE('',*,*,#2243,.F.);
#2246=ORIENTED_EDGE('',*,*,#2245,.F.);
#2248=ORIENTED_EDGE('',*,*,#2247,.F.);
#2250=ORIENTED_EDGE('',*,*,#2249,.F.);
#2252=ORIENTED_EDGE('',*,*,#2251,.F.);
#2254=ORIENTED_EDGE('',*,*,#2253,.F.);
#2255=EDGE_LOOP('',(#2221,#2223,#2225,#2227,#2229,#2230,#2232,#2234,#2236,#2238,
#2240,#2242,#2244,#2246,#2248,#2250,#2252,#2254));
#2256=FACE_OUTER_BOUND('',#2255,.F.);
#2257=ADVANCED_FACE('',(#2256),#2219,.T.);
#2258=FILL_AREA_STYLE_COLOUR('',#1);
#2259=FILL_AREA_STYLE('',(#2258));
#2260=SURFACE_STYLE_FILL_AREA(#2259);
#2261=SURFACE_SIDE_STYLE('',(#2260));
#2262=SURFACE_STYLE_USAGE(.POSITIVE.,#2261);
#2263=PRESENTATION_STYLE_ASSIGNMENT((#2262));
#2264=STYLED_ITEM('',(#2263),#2257);
#2265=CARTESIAN_POINT('',(-3.204845508177E0,-3.573062577803E-1,
2.088230979245E0));
#2266=CARTESIAN_POINT('',(-3.204897761278E0,-3.548718797561E-1,
2.088182427117E0));
#2267=CARTESIAN_POINT('',(-3.205040209969E0,-3.415532556729E-1,
2.088049773959E0));
#2268=CARTESIAN_POINT('',(-3.203912737536E0,-3.179438241043E-1,
2.089100861916E0));
#2269=CARTESIAN_POINT('',(-3.199598483757E0,-2.874701347420E-1,
2.093107007714E0));
#2270=CARTESIAN_POINT('',(-3.193045903565E0,-2.593416336077E-1,
2.099147241900E0));
#2271=CARTESIAN_POINT('',(-3.184601244933E0,-2.332504642159E-1,
2.106855230226E0));
#2272=CARTESIAN_POINT('',(-3.174290885364E0,-2.084959962198E-1,
2.116153899529E0));
#2273=CARTESIAN_POINT('',(-3.161687880164E0,-1.841291839244E-1,
2.127357789791E0));
#2274=CARTESIAN_POINT('',(-3.146125917133E0,-1.595650925147E-1,
2.140951382470E0));
#2275=CARTESIAN_POINT('',(-3.126958945378E0,-1.348017812513E-1,
2.157336852675E0));
#2276=CARTESIAN_POINT('',(-3.103703663890E0,-1.102719997110E-1,
2.176705076795E0));
#2277=CARTESIAN_POINT('',(-3.075955329543E0,-8.652139531938E-2,
2.199111686889E0));
#2278=CARTESIAN_POINT('',(-3.045521736079E0,-6.560994292063E-2,
2.222817512921E0));
#2279=CARTESIAN_POINT('',(-3.023812788249E0,-5.354621797769E-2,
2.239105912819E0));
#2280=CARTESIAN_POINT('',(-3.013376647434E0,-4.828852739662E-2,
2.246793861303E0));
#2281=CARTESIAN_POINT('',(-2.937505380520E0,-3.510390029031E-1,
2.201187653683E0));
#2282=CARTESIAN_POINT('',(-2.937534155380E0,-3.506923322514E-1,
2.201201036184E0));
#2283=CARTESIAN_POINT('',(-2.937613438923E0,-3.487996732023E-1,
2.201238154724E0));
#2284=CARTESIAN_POINT('',(-2.936982999674E0,-3.454442063653E-1,
2.200942316025E0));
#2285=CARTESIAN_POINT('',(-2.934546897582E0,-3.407564585818E-1,
2.199845820811E0));
#2286=CARTESIAN_POINT('',(-2.930788522206E0,-3.358330055016E-1,
2.198277843916E0));
#2287=CARTESIAN_POINT('',(-2.925845814849E0,-3.305156314377E-1,
2.196421201289E0));
#2288=CARTESIAN_POINT('',(-2.919669283619E0,-3.245978043036E-1,
2.194389062670E0));
#2289=CARTESIAN_POINT('',(-2.911920225830E0,-3.177328771775E-1,
2.192233819564E0));
#2290=CARTESIAN_POINT('',(-2.902067402193E0,-3.095215272567E-1,
2.190040987066E0));
#2291=CARTESIAN_POINT('',(-2.889528725409E0,-2.996255781781E-1,
2.188001976854E0));
#2292=CARTESIAN_POINT('',(-2.873767752276E0,-2.878432352541E-1,
2.186421978665E0));
#2293=CARTESIAN_POINT('',(-2.854256342795E0,-2.740839938366E-1,
2.185678750393E0));
#2294=CARTESIAN_POINT('',(-2.832049285856E0,-2.594162834317E-1,
2.186158346174E0));
#2295=CARTESIAN_POINT('',(-2.815677507385E0,-2.493119030468E-1,
2.187337136340E0));
#2296=CARTESIAN_POINT('',(-2.807695486865E0,-2.445474457077E-1,
2.188078545409E0));
#2297=CARTESIAN_POINT('',(-2.820035434101E0,-3.538345270680E-1,
1.935739854614E0));
#2298=CARTESIAN_POINT('',(-2.820053892560E0,-3.525561016456E-1,
1.935747717042E0));
#2299=CARTESIAN_POINT('',(-2.820105421174E0,-3.455683299998E-1,
1.935770111042E0));
#2300=CARTESIAN_POINT('',(-2.819693379596E0,-3.331806753166E-1,
1.935589831926E0));
#2301=CARTESIAN_POINT('',(-2.818082542233E0,-3.166051213275E-1,
1.934953782467E0));
#2302=CARTESIAN_POINT('',(-2.815551947710E0,-3.003248291186E-1,
1.934134910223E0));
#2303=CARTESIAN_POINT('',(-2.812148006838E0,-2.839901380610E-1,
1.933327056273E0));
#2304=CARTESIAN_POINT('',(-2.807787890517E0,-2.670576399221E-1,
1.932693792404E0));
#2305=CARTESIAN_POINT('',(-2.802171669828E0,-2.486813196044E-1,
1.932412790707E0));
#2306=CARTESIAN_POINT('',(-2.794827456867E0,-2.280345737072E-1,
1.932765634598E0));
#2307=CARTESIAN_POINT('',(-2.785201270109E0,-2.045610060238E-1,
1.934184001675E0));
#2308=CARTESIAN_POINT('',(-2.772733315531E0,-1.780549148652E-1,
1.937225068907E0));
#2309=CARTESIAN_POINT('',(-2.756841232228E0,-1.485263802498E-1,
1.942525918467E0));
#2310=CARTESIAN_POINT('',(-2.738248936804E0,-1.183311337505E-1,
1.950214812226E0));
#2311=CARTESIAN_POINT('',(-2.724222324411E0,-9.821175885864E-2,
1.956893743175E0));
#2312=CARTESIAN_POINT('',(-2.717318650722E0,-8.885034983162E-2,
1.960350248842E0));
#2313=CARTESIAN_POINT('',(-3.083464129034E0,-3.601948653680E-1,
1.813944483649E0));
#2314=CARTESIAN_POINT('',(-3.083505722227E0,-3.567977076497E-1,
1.813890227644E0));
#2315=CARTESIAN_POINT('',(-3.083619491823E0,-3.382143174478E-1,
1.813742359658E0));
#2316=CARTESIAN_POINT('',(-3.082717689116E0,-3.052719505126E-1,
1.814912855021E0));
#2317=CARTESIAN_POINT('',(-3.079256179159E0,-2.625146230268E-1,
1.819394778178E0));
#2318=CARTESIAN_POINT('',(-3.073972261614E0,-2.226511306189E-1,
1.826209060181E0));
#2319=CARTESIAN_POINT('',(-3.067117606245E0,-1.851757972609E-1,
1.835000759021E0));
#2320=CARTESIAN_POINT('',(-3.058684143308E0,-1.490398993917E-1,
1.845744881835E0));
#2321=CARTESIAN_POINT('',(-3.048284992936E0,-1.127783955260E-1,
1.858885420695E0));
#2322=CARTESIAN_POINT('',(-3.035315170558E0,-7.536484295781E-2,
1.875109453929E0));
#2323=CARTESIAN_POINT('',(-3.019157666900E0,-3.657181497159E-2,
1.895067422771E0));
#2324=CARTESIAN_POINT('',(-2.999305052612E0,3.171975950133E-3,
1.919210581340E0));
#2325=CARTESIAN_POINT('',(-2.975296558254E0,4.321694851674E-2,
1.947862520773E0));
#2326=CARTESIAN_POINT('',(-2.948598088125E0,8.017296212692E-2,
1.979017694982E0));
#2327=CARTESIAN_POINT('',(-2.929312394085E0,1.025851539111E-1,
2.000989375533E0));
#2328=CARTESIAN_POINT('',(-2.919990506145E0,1.125928622859E-1,
2.011482826017E0));
#2329=(BOUNDED_SURFACE()B_SPLINE_SURFACE(3,3,((#2265,#2266,#2267,#2268,#2269,
#2270,#2271,#2272,#2273,#2274,#2275,#2276,#2277,#2278,#2279,#2280),(#2281,#2282,
#2283,#2284,#2285,#2286,#2287,#2288,#2289,#2290,#2291,#2292,#2293,#2294,#2295,
#2296),(#2297,#2298,#2299,#2300,#2301,#2302,#2303,#2304,#2305,#2306,#2307,#2308,
#2309,#2310,#2311,#2312),(#2313,#2314,#2315,#2316,#2317,#2318,#2319,#2320,#2321,
#2322,#2323,#2324,#2325,#2326,#2327,#2328)),.UNSPECIFIED.,.F.,.F.,.F.)B_SPLINE_SURFACE_WITH_KNOTS((4,4),(4,1,1,1,1,1,1,1,1,1,1,1,1,4),(0.E0,1.E0),(
-1.526614904794E-3,0.E0,6.820838377989E-3,1.325880259090E-2,1.937548559849E-2,
2.518817003954E-2,3.092660578405E-2,3.690138156366E-2,4.339393315753E-2,
5.053480928468E-2,5.835521894931E-2,6.688594327706E-2,7.620213633213E-2,
8.446836540511E-2),.UNSPECIFIED.)GEOMETRIC_REPRESENTATION_ITEM()RATIONAL_B_SPLINE_SURFACE(((1.967247971401E0,1.967247971401E0,1.967247971401E0,1.967247971401E0,
1.967247971401E0,1.967247971401E0,1.967247971401E0,1.967247971401E0,
1.967247971401E0,1.967247971401E0,1.967247971401E0,1.967247971401E0,
1.967247971401E0,1.967247971401E0,1.967247971401E0,1.967247971401E0),(
6.775840095331E-1,6.775840095331E-1,6.775840095331E-1,6.775840095331E-1,
6.775840095331E-1,6.775840095331E-1,6.775840095331E-1,6.775840095331E-1,
6.775840095331E-1,6.775840095331E-1,6.775840095331E-1,6.775840095331E-1,
6.775840095331E-1,6.775840095331E-1,6.775840095331E-1,6.775840095331E-1),(
6.775840095331E-1,6.775840095331E-1,6.775840095331E-1,6.775840095331E-1,
6.775840095331E-1,6.775840095331E-1,6.775840095331E-1,6.775840095331E-1,
6.775840095331E-1,6.775840095331E-1,6.775840095331E-1,6.775840095331E-1,
6.775840095331E-1,6.775840095331E-1,6.775840095331E-1,6.775840095331E-1),(
1.967247971401E0,1.967247971401E0,1.967247971401E0,1.967247971401E0,
1.967247971401E0,1.967247971401E0,1.967247971401E0,1.967247971401E0,
1.967247971401E0,1.967247971401E0,1.967247971401E0,1.967247971401E0,
1.967247971401E0,1.967247971401E0,1.967247971401E0,1.967247971401E0)))REPRESENTATION_ITEM('')SURFACE());
#2331=ORIENTED_EDGE('',*,*,#2330,.F.);
#2333=ORIENTED_EDGE('',*,*,#2332,.T.);
#2334=ORIENTED_EDGE('',*,*,#2220,.T.);
#2336=ORIENTED_EDGE('',*,*,#2335,.F.);
#2337=EDGE_LOOP('',(#2331,#2333,#2334,#2336));
#2338=FACE_OUTER_BOUND('',#2337,.F.);
#2339=ADVANCED_FACE('',(#2338),#2329,.F.);
#2340=FILL_AREA_STYLE_COLOUR('',#1);
#2341=FILL_AREA_STYLE('',(#2340));
#2342=SURFACE_STYLE_FILL_AREA(#2341);
#2343=SURFACE_SIDE_STYLE('',(#2342));
#2344=SURFACE_STYLE_USAGE(.POSITIVE.,#2343);
#2345=PRESENTATION_STYLE_ASSIGNMENT((#2344));
#2346=STYLED_ITEM('',(#2345),#2339);
#2347=CARTESIAN_POINT('',(1.051827655304E1,-3.5E-1,2.45E0));
#2348=DIRECTION('',(-1.E0,0.E0,0.E0));
#2349=DIRECTION('',(0.E0,1.E0,0.E0));
#2350=AXIS2_PLACEMENT_3D('',#2347,#2348,#2349);
#2351=CYLINDRICAL_SURFACE('',#2350,3.5E-1);
#2352=ORIENTED_EDGE('',*,*,#2330,.T.);
#2354=ORIENTED_EDGE('',*,*,#2353,.F.);
#2355=ORIENTED_EDGE('',*,*,#1937,.T.);
#2357=ORIENTED_EDGE('',*,*,#2356,.T.);
#2359=ORIENTED_EDGE('',*,*,#2358,.F.);
#2360=EDGE_LOOP('',(#2352,#2354,#2355,#2357,#2359));
#2361=FACE_OUTER_BOUND('',#2360,.F.);
#2362=ADVANCED_FACE('',(#2361),#2351,.T.);
#2363=FILL_AREA_STYLE_COLOUR('',#1);
#2364=FILL_AREA_STYLE('',(#2363));
#2365=SURFACE_STYLE_FILL_AREA(#2364);
#2366=SURFACE_SIDE_STYLE('',(#2365));
#2367=SURFACE_STYLE_USAGE(.POSITIVE.,#2366);
#2368=PRESENTATION_STYLE_ASSIGNMENT((#2367));
#2369=STYLED_ITEM('',(#2368),#2362);
#2370=CARTESIAN_POINT('',(-3.330834257672E0,-9.945245979138E-2,
2.575329056899E0));
#2371=CARTESIAN_POINT('',(-3.404903447125E0,-8.639206325168E-2,
2.561573713983E0));
#2372=CARTESIAN_POINT('',(-3.438722951749E0,-8.042877211222E-2,
2.482903515536E0));
#2373=CARTESIAN_POINT('',(-3.421173164456E0,-8.352327311777E-2,
2.382366681629E0));
#2374=CARTESIAN_POINT('',(-3.394521824492E0,-8.822262342535E-2,
2.330808642971E0));
#2375=CARTESIAN_POINT('',(-3.364779601907E0,-9.346697973335E-2,
2.295827016990E0));
#2376=CARTESIAN_POINT('',(-3.336130539619E0,-9.851858238675E-2,
2.271424557174E0));
#2377=CARTESIAN_POINT('',(-3.308856113868E0,-1.033277995301E-1,
2.253261394679E0));
#2378=CARTESIAN_POINT('',(-3.282142496225E0,-1.080381310727E-1,
2.238721717503E0));
#2379=CARTESIAN_POINT('',(-3.255229364472E0,-1.127836423363E-1,
2.226416581724E0));
#2380=CARTESIAN_POINT('',(-3.227510596879E0,-1.176712089348E-1,
2.215566419704E0));
#2381=CARTESIAN_POINT('',(-3.198494725176E0,-1.227874899848E-1,
2.205714057938E0));
#2382=CARTESIAN_POINT('',(-3.167783156833E0,-1.282027681037E-1,
2.196585441522E0));
#2383=CARTESIAN_POINT('',(-3.135051138470E0,-1.339743060738E-1,
2.188016898320E0));
#2384=CARTESIAN_POINT('',(-3.100029832859E0,-1.401495071537E-1,
2.179913089972E0));
#2385=CARTESIAN_POINT('',(-3.062488417854E0,-1.467690715090E-1,
2.172222341774E0));
#2386=CARTESIAN_POINT('',(-3.021849743597E0,-1.539347662575E-1,
2.164855083669E0));
#2387=CARTESIAN_POINT('',(-2.993790659952E0,-1.588823397474E-1,
2.160372561534E0));
#2388=CARTESIAN_POINT('',(-2.979074377437E0,-1.614772173871E-1,
2.158148657974E0));
#2389=CARTESIAN_POINT('',(-3.292563040262E0,-1.212787991439E-2,
2.548675774367E0));
#2390=CARTESIAN_POINT('',(-3.349490528177E0,-2.090027851093E-3,
2.536906240664E0));
#2391=CARTESIAN_POINT('',(-3.375767307297E0,2.543277273862E-3,
2.475650560762E0));
#2392=CARTESIAN_POINT('',(-3.362128139586E0,1.383240120871E-4,
2.397290510337E0));
#2393=CARTESIAN_POINT('',(-3.341154265086E0,-3.559935952306E-3,
2.356599516485E0));
#2394=CARTESIAN_POINT('',(-3.317184131454E0,-7.786517242833E-3,
2.328328425436E0));
#2395=CARTESIAN_POINT('',(-3.293380477090E0,-1.198374374656E-2,
2.308009292293E0));
#2396=CARTESIAN_POINT('',(-3.269983529067E0,-1.610925694929E-2,
2.292401097684E0));
#2397=CARTESIAN_POINT('',(-3.246378031189E0,-2.027154311829E-2,
2.279536698750E0));
#2398=CARTESIAN_POINT('',(-3.221989054090E0,-2.457197781267E-2,
2.268375259472E0));
#2399=CARTESIAN_POINT('',(-3.196355078929E0,-2.909193925643E-2,
2.258334536251E0));
#2400=CARTESIAN_POINT('',(-3.169092911434E0,-3.389899493828E-2,
2.249073252158E0));
#2401=CARTESIAN_POINT('',(-3.139882788907E0,-3.904952764958E-2,
2.240387928512E0));
#2402=CARTESIAN_POINT('',(-3.108457279608E0,-4.459069282157E-2,
2.232159300310E0));
#2403=CARTESIAN_POINT('',(-3.074589798984E0,-5.056244342428E-2,
2.224320969302E0));
#2404=CARTESIAN_POINT('',(-3.038081332687E0,-5.699987105605E-2,
2.216840715045E0));
#2405=CARTESIAN_POINT('',(-2.998387875367E0,-6.399889854203E-2,
2.209643953787E0));
#2406=CARTESIAN_POINT('',(-2.970886078712E0,-6.884820730847E-2,
2.205250030726E0));
#2407=CARTESIAN_POINT('',(-2.956447147062E0,-7.139418052692E-2,
2.203069099781E0));
#2408=CARTESIAN_POINT('',(-3.239184991617E0,1.998306492334E-2,
2.493074903188E0));
#2409=CARTESIAN_POINT('',(-3.260353524218E0,2.371564836285E-2,
2.485447925737E0));
#2410=CARTESIAN_POINT('',(-3.270895576907E0,2.557449668402E-2,
2.460520319163E0));
#2411=CARTESIAN_POINT('',(-3.265414273257E0,2.460799496113E-2,
2.428422806201E0));
#2412=CARTESIAN_POINT('',(-3.256284044112E0,2.299808922270E-2,
2.410401333733E0));
#2413=CARTESIAN_POINT('',(-3.244354947974E0,2.089466771819E-2,
2.396128953271E0));
#2414=CARTESIAN_POINT('',(-3.230659200640E0,1.847973794212E-2,
2.384327964941E0));
#2415=CARTESIAN_POINT('',(-3.215350980127E0,1.578048563918E-2,
2.374049636927E0));
#2416=CARTESIAN_POINT('',(-3.198229267741E0,1.276146578957E-2,
2.364680001898E0));
#2417=CARTESIAN_POINT('',(-3.179105878386E0,9.389496283686E-3,
2.355904404656E0));
#2418=CARTESIAN_POINT('',(-3.157820946359E0,5.636388484667E-3,
2.347552235269E0));
#2419=CARTESIAN_POINT('',(-3.134217145584E0,1.474401560880E-3,
2.339523986299E0));
#2420=CARTESIAN_POINT('',(-3.108139158671E0,-3.123851134522E-3,
2.331763406695E0));
#2421=CARTESIAN_POINT('',(-3.079439131383E0,-8.184440292489E-3,
2.324243868268E0));
#2422=CARTESIAN_POINT('',(-3.047978621625E0,-1.373177698942E-2,
2.316959344147E0));
#2423=CARTESIAN_POINT('',(-3.013624968640E0,-1.978925289739E-2,
2.309918197025E0));
#2424=CARTESIAN_POINT('',(-2.975903309173E0,-2.644059921524E-2,
2.303077105775E0));
#2425=CARTESIAN_POINT('',(-2.949564057583E0,-3.108491992441E-2,
2.298868007442E0));
#2426=CARTESIAN_POINT('',(-2.935703701932E0,-3.352887459240E-2,
2.296776720797E0));
#2427=CARTESIAN_POINT('',(-3.196325816818E0,-1.853543052327E-2,
2.435219279896E0));
#2428=CARTESIAN_POINT('',(-3.180285280495E0,-2.136380986209E-2,
2.431902849545E0));
#2429=CARTESIAN_POINT('',(-3.174454524887E0,-2.239192939366E-2,
2.444776509046E0));
#2430=CARTESIAN_POINT('',(-3.177461906756E0,-2.186164682897E-2,
2.460817593253E0));
#2431=CARTESIAN_POINT('',(-3.180655611921E0,-2.129851043993E-2,
2.466384947031E0));
#2432=CARTESIAN_POINT('',(-3.181255846971E0,-2.119267280583E-2,
2.466678959309E0));
#2433=CARTESIAN_POINT('',(-3.178077907162E0,-2.175302933724E-2,
2.463741547519E0));
#2434=CARTESIAN_POINT('',(-3.171186431961E0,-2.296818235210E-2,
2.459009225304E0));
#2435=CARTESIAN_POINT('',(-3.160811438519E0,-2.479757362046E-2,
2.453276075453E0));
#2436=CARTESIAN_POINT('',(-3.147167169445E0,-2.720342639031E-2,
2.446983072011E0));
#2437=CARTESIAN_POINT('',(-3.130407644950E0,-3.015858274272E-2,
2.440387931471E0));
#2438=CARTESIAN_POINT('',(-3.110610566666E0,-3.364934178334E-2,
2.433642720231E0));
#2439=CARTESIAN_POINT('',(-3.087791731170E0,-3.767291814954E-2,
2.426844385315E0));
#2440=CARTESIAN_POINT('',(-3.061927710895E0,-4.223344275370E-2,
2.420062691999E0));
#2441=CARTESIAN_POINT('',(-3.032971780593E0,-4.733915451745E-2,
2.413354432994E0));
#2442=CARTESIAN_POINT('',(-3.000860323900E0,-5.300127072201E-2,
2.406770199882E0));
#2443=CARTESIAN_POINT('',(-2.965190423543E0,-5.929083655552E-2,
2.400299201934E0));
#2444=CARTESIAN_POINT('',(-2.940060861078E0,-6.372185643066E-2,
2.396282423428E0));
#2445=CARTESIAN_POINT('',(-2.926802544103E0,-6.605965543017E-2,
2.394284416378E0));
#2446=(BOUNDED_SURFACE()B_SPLINE_SURFACE(3,3,((#2370,#2371,#2372,#2373,#2374,
#2375,#2376,#2377,#2378,#2379,#2380,#2381,#2382,#2383,#2384,#2385,#2386,#2387,
#2388),(#2389,#2390,#2391,#2392,#2393,#2394,#2395,#2396,#2397,#2398,#2399,#2400,
#2401,#2402,#2403,#2404,#2405,#2406,#2407),(#2408,#2409,#2410,#2411,#2412,#2413,
#2414,#2415,#2416,#2417,#2418,#2419,#2420,#2421,#2422,#2423,#2424,#2425,#2426),(
#2427,#2428,#2429,#2430,#2431,#2432,#2433,#2434,#2435,#2436,#2437,#2438,#2439,
#2440,#2441,#2442,#2443,#2444,#2445)),.UNSPECIFIED.,.F.,.F.,.F.)B_SPLINE_SURFACE_WITH_KNOTS((4,4),(4,1,1,1,1,1,1,1,1,1,1,1,1,1,1,1,4),(0.E0,1.E0),(
-9.936848714024E-2,0.E0,3.991939183498E-2,8.168039183623E-2,1.267733451820E-1,
1.750046633977E-1,2.277219656529E-1,2.857955045675E-1,3.497438874413E-1,
4.200005784013E-1,4.970291327962E-1,5.813381451455E-1,6.733714302771E-1,
7.735426809161E-1,8.822847138602E-1,1.E0,1.130330328858E0),.UNSPECIFIED.)GEOMETRIC_REPRESENTATION_ITEM()RATIONAL_B_SPLINE_SURFACE(((1.136389290944E0,
1.136389290944E0,1.136389290944E0,1.136389290944E0,1.136389290944E0,
1.136389290944E0,1.136389290944E0,1.136389290944E0,1.136389290944E0,
1.136389290944E0,1.136389290944E0,1.136389290944E0,1.136389290944E0,
1.136389290944E0,1.136389290944E0,1.136389290944E0,1.136389290944E0,
1.136389290944E0,1.136389290944E0),(9.545369030188E-1,9.545369030188E-1,
9.545369030188E-1,9.545369030188E-1,9.545369030188E-1,9.545369030188E-1,
9.545369030188E-1,9.545369030188E-1,9.545369030188E-1,9.545369030188E-1,
9.545369030188E-1,9.545369030188E-1,9.545369030188E-1,9.545369030188E-1,
9.545369030188E-1,9.545369030188E-1,9.545369030188E-1,9.545369030188E-1,
9.545369030188E-1),(9.545369030188E-1,9.545369030188E-1,9.545369030188E-1,
9.545369030188E-1,9.545369030188E-1,9.545369030188E-1,9.545369030188E-1,
9.545369030188E-1,9.545369030188E-1,9.545369030188E-1,9.545369030188E-1,
9.545369030188E-1,9.545369030188E-1,9.545369030188E-1,9.545369030188E-1,
9.545369030188E-1,9.545369030188E-1,9.545369030188E-1,9.545369030188E-1),(
1.136389290944E0,1.136389290944E0,1.136389290944E0,1.136389290944E0,
1.136389290944E0,1.136389290944E0,1.136389290944E0,1.136389290944E0,
1.136389290944E0,1.136389290944E0,1.136389290944E0,1.136389290944E0,
1.136389290944E0,1.136389290944E0,1.136389290944E0,1.136389290944E0,
1.136389290944E0,1.136389290944E0,1.136389290944E0)))REPRESENTATION_ITEM('')SURFACE());
#2447=ORIENTED_EDGE('',*,*,#2353,.T.);
#2449=ORIENTED_EDGE('',*,*,#2448,.T.);
#2451=ORIENTED_EDGE('',*,*,#2450,.F.);
#2453=ORIENTED_EDGE('',*,*,#2452,.F.);
#2454=EDGE_LOOP('',(#2447,#2449,#2451,#2453));
#2455=FACE_OUTER_BOUND('',#2454,.F.);
#2456=ADVANCED_FACE('',(#2455),#2446,.T.);
#2457=FILL_AREA_STYLE_COLOUR('',#1);
#2458=FILL_AREA_STYLE('',(#2457));
#2459=SURFACE_STYLE_FILL_AREA(#2458);
#2460=SURFACE_SIDE_STYLE('',(#2459));
#2461=SURFACE_STYLE_USAGE(.POSITIVE.,#2460);
#2462=PRESENTATION_STYLE_ASSIGNMENT((#2461));
#2463=STYLED_ITEM('',(#2462),#2456);
#2464=CARTESIAN_POINT('',(-3.056878218068E0,-1.688177219759E-1,
2.159283606722E0));
#2465=CARTESIAN_POINT('',(-3.045581116957E0,-1.635371726411E-1,
2.161547799189E0));
#2466=CARTESIAN_POINT('',(-3.024584626701E0,-1.542149174877E-1,
2.165391012135E0));
#2467=CARTESIAN_POINT('',(-2.997760951202E0,-1.427791562978E-1,
2.168363981300E0));
#2468=CARTESIAN_POINT('',(-2.978309722895E0,-1.352717551586E-1,
2.168132890842E0));
#2469=CARTESIAN_POINT('',(-2.966181384768E0,-1.328082377826E-1,
2.163861100858E0));
#2470=CARTESIAN_POINT('',(-2.961420251565E0,-1.381872320686E-1,
2.152558411180E0));
#2471=CARTESIAN_POINT('',(-2.962992967269E0,-1.533022441567E-1,
2.130150363722E0));
#2472=CARTESIAN_POINT('',(-2.969276570593E0,-1.779305418251E-1,
2.096462980931E0));
#2473=CARTESIAN_POINT('',(-2.977107569087E0,-2.103927033870E-1,
2.056448553958E0));
#2474=CARTESIAN_POINT('',(-2.982514854042E0,-2.455511551682E-1,
2.017206136458E0));
#2475=CARTESIAN_POINT('',(-2.984758035851E0,-2.752616973455E-1,
1.983261772591E0));
#2476=CARTESIAN_POINT('',(-2.986369113636E0,-2.959434048436E-1,
1.954595786353E0));
#2477=CARTESIAN_POINT('',(-2.989267135188E0,-3.091762766468E-1,
1.929894522106E0));
#2478=CARTESIAN_POINT('',(-2.993983199428E0,-3.173846042227E-1,
1.908274498740E0));
#2479=CARTESIAN_POINT('',(-3.000384458509E0,-3.223231408667E-1,
1.889286664691E0));
#2480=CARTESIAN_POINT('',(-3.008198168745E0,-3.251441792459E-1,
1.872528871109E0));
#2481=CARTESIAN_POINT('',(-3.017251577258E0,-3.265353470107E-1,
1.857598147865E0));
#2482=CARTESIAN_POINT('',(-3.033370662535E0,-3.271033601274E-1,
1.836471520956E0));
#2483=CARTESIAN_POINT('',(-3.048968038155E0,-3.257360721669E-1,
1.822770691934E0));
#2484=CARTESIAN_POINT('',(-3.061535467451E0,-3.241928209634E-1,
1.814667900025E0));
#2485=CARTESIAN_POINT('',(-3.022967030952E0,1.779140842615E-2,
2.227381602642E0));
#2486=CARTESIAN_POINT('',(-3.009067995576E0,1.952973474528E-2,
2.236296159932E0));
#2487=CARTESIAN_POINT('',(-2.980932701497E0,2.205678823735E-2,
2.252545578120E0));
#2488=CARTESIAN_POINT('',(-2.936718902802E0,2.145929440877E-2,
2.267631603744E0));
#2489=CARTESIAN_POINT('',(-2.895043534735E0,1.779627124882E-2,
2.269287313007E0));
#2490=CARTESIAN_POINT('',(-2.858479774403E0,1.254253098992E-2,
2.252883736703E0));
#2491=CARTESIAN_POINT('',(-2.837589294875E0,7.715669103455E-3,
2.216020830124E0));
#2492=CARTESIAN_POINT('',(-2.841132148944E0,3.092850518981E-3,
2.166694975083E0));
#2493=CARTESIAN_POINT('',(-2.865791148167E0,-5.475569301083E-3,
2.113693116041E0));
#2494=CARTESIAN_POINT('',(-2.903262791688E0,-2.235738730029E-2,
2.061836835871E0));
#2495=CARTESIAN_POINT('',(-2.942825069178E0,-4.761696030370E-2,
2.016608475880E0));
#2496=CARTESIAN_POINT('',(-2.974856833527E0,-7.405327756195E-2,
1.982756826984E0));
#2497=CARTESIAN_POINT('',(-2.997385769568E0,-9.511994505047E-2,
1.959437246268E0));
#2498=CARTESIAN_POINT('',(-3.013169812596E0,-1.099694265992E-1,
1.943063057279E0));
#2499=CARTESIAN_POINT('',(-3.024907473341E0,-1.200501943142E-1,
1.930888665022E0));
#2500=CARTESIAN_POINT('',(-3.034261233900E0,-1.268132059685E-1,
1.921354328767E0));
#2501=CARTESIAN_POINT('',(-3.042238760179E0,-1.313552627542E-1,
1.913553604154E0));
#2502=CARTESIAN_POINT('',(-3.049457462555E0,-1.343775914836E-1,
1.906925331433E0));
#2503=CARTESIAN_POINT('',(-3.060261695875E0,-1.374450002398E-1,
1.897812968709E0));
#2504=CARTESIAN_POINT('',(-3.068670536576E0,-1.379425965057E-1,
1.892040188025E0));
#2505=CARTESIAN_POINT('',(-3.075213722811E0,-1.382878543346E-1,
1.888637834474E0));
#2506=CARTESIAN_POINT('',(-3.017658863829E0,3.288937120703E-2,
2.427963397386E0));
#2507=CARTESIAN_POINT('',(-2.995816901100E0,2.529883898569E-2,
2.437074969498E0));
#2508=CARTESIAN_POINT('',(-2.951840418511E0,1.082789666661E-2,
2.452186371111E0));
#2509=CARTESIAN_POINT('',(-2.879504031850E0,-1.321478194811E-2,
2.458325629923E0));
#2510=CARTESIAN_POINT('',(-2.806326629102E0,-3.542400506736E-2,
2.443269140920E0));
#2511=CARTESIAN_POINT('',(-2.734546052872E0,-5.249988768135E-2,
2.399643461431E0));
#2512=CARTESIAN_POINT('',(-2.680775067479E0,-5.757448828629E-2,
2.326697551708E0));
#2513=CARTESIAN_POINT('',(-2.660829205761E0,-4.808033378177E-2,
2.242852182054E0));
#2514=CARTESIAN_POINT('',(-2.671443042934E0,-3.028883716881E-2,
2.163708927397E0));
#2515=CARTESIAN_POINT('',(-2.703577364124E0,-1.284923699410E-2,
2.092783138458E0));
#2516=CARTESIAN_POINT('',(-2.746280992616E0,-2.858186606936E-3,
2.030868724054E0));
#2517=CARTESIAN_POINT('',(-2.786889204034E0,-9.845132123251E-4,
1.980012993693E0));
#2518=CARTESIAN_POINT('',(-2.819471396580E0,-2.717946686493E-3,
1.940060188503E0));
#2519=CARTESIAN_POINT('',(-2.845106237933E0,-4.816662199900E-3,
1.908361794506E0));
#2520=CARTESIAN_POINT('',(-2.866275468966E0,-6.215985396638E-3,
1.882417271459E0));
#2521=CARTESIAN_POINT('',(-2.884753330971E0,-6.764832256752E-3,
1.860636917677E0));
#2522=CARTESIAN_POINT('',(-2.901735358070E0,-6.583940431009E-3,
1.841937051149E0));
#2523=CARTESIAN_POINT('',(-2.918042815814E0,-5.798475253282E-3,
1.825505944443E0));
#2524=CARTESIAN_POINT('',(-2.943603871249E0,-3.775057566873E-3,
1.802379034331E0));
#2525=CARTESIAN_POINT('',(-2.964831724878E0,-9.882539705230E-4,
1.787245550494E0));
#2526=CARTESIAN_POINT('',(-2.981465075021E0,7.249519129436E-4,
1.778410195461E0));
#2527=CARTESIAN_POINT('',(-3.047232831244E0,-1.413834517438E-1,
2.523757624874E0));
#2528=CARTESIAN_POINT('',(-3.021502762017E0,-1.530542242443E-1,
2.526379809869E0));
#2529=CARTESIAN_POINT('',(-2.971721497768E0,-1.746187593986E-1,
2.528155150832E0));
#2530=CARTESIAN_POINT('',(-2.893796710876E0,-2.057848739982E-1,
2.514871091019E0));
#2531=CARTESIAN_POINT('',(-2.817103631806E0,-2.319774805254E-1,
2.484272528468E0));
#2532=CARTESIAN_POINT('',(-2.740983372512E0,-2.509957917112E-1,
2.430535883794E0));
#2533=CARTESIAN_POINT('',(-2.676475590285E0,-2.568249481183E-1,
2.353667337756E0));
#2534=CARTESIAN_POINT('',(-2.635367330704E0,-2.462882308834E-1,
2.268534424307E0));
#2535=CARTESIAN_POINT('',(-2.616129691411E0,-2.230183398217E-1,
2.187345923518E0));
#2536=CARTESIAN_POINT('',(-2.614262325614E0,-1.931155933097E-1,
2.112680592690E0));
#2537=CARTESIAN_POINT('',(-2.625377709967E0,-1.642206928617E-1,
2.043118208680E0));
#2538=CARTESIAN_POINT('',(-2.643205018582E0,-1.424895971763E-1,
1.978275996359E0));
#2539=CARTESIAN_POINT('',(-2.663083710329E0,-1.280411898299E-1,
1.919386040062E0));
#2540=CARTESIAN_POINT('',(-2.683881462274E0,-1.181048456166E-1,
1.866839404398E0));
#2541=CARTESIAN_POINT('',(-2.705735484247E0,-1.105382571740E-1,
1.820197893384E0));
#2542=CARTESIAN_POINT('',(-2.728716004274E0,-1.041851329029E-1,
1.778958013877E0));
#2543=CARTESIAN_POINT('',(-2.752891651043E0,-9.842417579181E-2,
1.742395561289E0));
#2544=CARTESIAN_POINT('',(-2.778460093699E0,-9.289626125692E-2,
1.709652262897E0));
#2545=CARTESIAN_POINT('',(-2.821393567881E0,-8.421381387402E-2,
1.663060022792E0));
#2546=CARTESIAN_POINT('',(-2.860284169872E0,-7.687849468433E-2,
1.632350007593E0));
#2547=CARTESIAN_POINT('',(-2.891186276987E0,-7.159484150955E-2,
1.614374994311E0));
#2548=(BOUNDED_SURFACE()B_SPLINE_SURFACE(3,3,((#2464,#2465,#2466,#2467,#2468,
#2469,#2470,#2471,#2472,#2473,#2474,#2475,#2476,#2477,#2478,#2479,#2480,#2481,
#2482,#2483,#2484),(#2485,#2486,#2487,#2488,#2489,#2490,#2491,#2492,#2493,#2494,
#2495,#2496,#2497,#2498,#2499,#2500,#2501,#2502,#2503,#2504,#2505),(#2506,#2507,
#2508,#2509,#2510,#2511,#2512,#2513,#2514,#2515,#2516,#2517,#2518,#2519,#2520,
#2521,#2522,#2523,#2524,#2525,#2526),(#2527,#2528,#2529,#2530,#2531,#2532,#2533,
#2534,#2535,#2536,#2537,#2538,#2539,#2540,#2541,#2542,#2543,#2544,#2545,#2546,
#2547)),.UNSPECIFIED.,.F.,.F.,.F.)B_SPLINE_SURFACE_WITH_KNOTS((4,4),(4,1,1,1,1,
1,1,1,1,1,1,1,1,1,1,1,1,1,4),(0.E0,1.E0),(-7.837598459679E-2,0.E0,
6.554070825888E-2,1.266367519302E-1,1.865348723233E-1,2.493860280177E-1,
3.192523071920E-1,3.971913012453E-1,4.819576582565E-1,5.643000734533E-1,
6.379165469232E-1,7.031068445812E-1,7.622757595115E-1,8.163692572310E-1,
8.661564283921E-1,9.125947276405E-1,9.567966417470E-1,1.E0,1.117663123627E0),
.UNSPECIFIED.)GEOMETRIC_REPRESENTATION_ITEM()RATIONAL_B_SPLINE_SURFACE(((
1.419907840368E0,1.419907840368E0,1.419907840368E0,1.419907840368E0,
1.419907840368E0,1.419907840368E0,1.419907840368E0,1.419907840368E0,
1.419907840368E0,1.419907840368E0,1.419907840368E0,1.419907840368E0,
1.419907840368E0,1.419907840368E0,1.419907840368E0,1.419907840368E0,
1.419907840368E0,1.419907840368E0,1.419907840368E0,1.419907840368E0,
1.419907840368E0),(8.600307198772E-1,8.600307198772E-1,8.600307198772E-1,
8.600307198772E-1,8.600307198772E-1,8.600307198772E-1,8.600307198772E-1,
8.600307198772E-1,8.600307198772E-1,8.600307198772E-1,8.600307198772E-1,
8.600307198772E-1,8.600307198772E-1,8.600307198772E-1,8.600307198772E-1,
8.600307198772E-1,8.600307198772E-1,8.600307198772E-1,8.600307198772E-1,
8.600307198772E-1,8.600307198772E-1),(8.600307198772E-1,8.600307198772E-1,
8.600307198772E-1,8.600307198772E-1,8.600307198772E-1,8.600307198772E-1,
8.600307198772E-1,8.600307198772E-1,8.600307198772E-1,8.600307198772E-1,
8.600307198772E-1,8.600307198772E-1,8.600307198772E-1,8.600307198772E-1,
8.600307198772E-1,8.600307198772E-1,8.600307198772E-1,8.600307198772E-1,
8.600307198772E-1,8.600307198772E-1,8.600307198772E-1),(1.419907840368E0,
1.419907840368E0,1.419907840368E0,1.419907840368E0,1.419907840368E0,
1.419907840368E0,1.419907840368E0,1.419907840368E0,1.419907840368E0,
1.419907840368E0,1.419907840368E0,1.419907840368E0,1.419907840368E0,
1.419907840368E0,1.419907840368E0,1.419907840368E0,1.419907840368E0,
1.419907840368E0,1.419907840368E0,1.419907840368E0,1.419907840368E0)))REPRESENTATION_ITEM('')SURFACE());
#2549=ORIENTED_EDGE('',*,*,#2335,.T.);
#2551=ORIENTED_EDGE('',*,*,#2550,.T.);
#2553=ORIENTED_EDGE('',*,*,#2552,.F.);
#2554=ORIENTED_EDGE('',*,*,#2448,.F.);
#2555=EDGE_LOOP('',(#2549,#2551,#2553,#2554));
#2556=FACE_OUTER_BOUND('',#2555,.F.);
#2557=ADVANCED_FACE('',(#2556),#2548,.T.);
#2558=FILL_AREA_STYLE_COLOUR('',#1);
#2559=FILL_AREA_STYLE('',(#2558));
#2560=SURFACE_STYLE_FILL_AREA(#2559);
#2561=SURFACE_SIDE_STYLE('',(#2560));
#2562=SURFACE_STYLE_USAGE(.POSITIVE.,#2561);
#2563=PRESENTATION_STYLE_ASSIGNMENT((#2562));
#2564=STYLED_ITEM('',(#2563),#2557);
#2565=CARTESIAN_POINT('',(-3.004577923984E0,-3.391589901792E-1,
1.865086744282E0));
#2566=CARTESIAN_POINT('',(-3.082772959192E0,-3.253710957146E-1,
1.781538809933E0));
#2567=CARTESIAN_POINT('',(-3.283617596331E0,-2.899567672564E-1,
1.538015544702E0));
#2568=CARTESIAN_POINT('',(-3.538707052120E0,-2.449776137065E-1,
1.088481822524E0));
#2569=CARTESIAN_POINT('',(-3.709486479721E0,-2.148645928705E-1,
5.296039170546E-1));
#2570=CARTESIAN_POINT('',(-3.742980111363E0,-2.089587619300E-1,
1.493618289463E-1));
#2571=CARTESIAN_POINT('',(-3.740878227714E0,-2.093293807278E-1,
-3.184688277996E-2));
#2572=CARTESIAN_POINT('',(-3.040243113220E0,-1.452823095520E-1,
1.930465497239E0));
#2573=CARTESIAN_POINT('',(-3.121142557568E0,-1.310175547890E-1,
1.844028046628E0));
#2574=CARTESIAN_POINT('',(-3.328953305367E0,-9.437491307089E-2,
1.592061388516E0));
#2575=CARTESIAN_POINT('',(-3.592960052222E0,-4.782340051134E-2,
1.126830061302E0));
#2576=CARTESIAN_POINT('',(-3.769752478718E0,-1.665012573506E-2,
5.482952853685E-1));
#2577=CARTESIAN_POINT('',(-3.804429060181E0,-1.053570882451E-2,
1.546328159877E-1));
#2578=CARTESIAN_POINT('',(-3.802253102268E0,-1.091938891347E-2,
-3.297080472993E-2));
#2579=CARTESIAN_POINT('',(-2.917319288856E0,-5.403956304490E-3,
1.838496957200E0));
#2580=CARTESIAN_POINT('',(-2.994414430598E0,8.189997266071E-3,
1.756124200087E0));
#2581=CARTESIAN_POINT('',(-3.192425924079E0,4.310476605729E-2,
1.516034894801E0));
#2582=CARTESIAN_POINT('',(-3.443888683732E0,8.744443522738E-2,
1.072885448198E0));
#2583=CARTESIAN_POINT('',(-3.612222601850E0,1.171262467600E-1,
5.220020665871E-1));
#2584=CARTESIAN_POINT('',(-3.645235123308E0,1.229472449944E-1,
1.472180985017E-1));
#2585=CARTESIAN_POINT('',(-3.643163365943E0,1.225819382733E-1,
-3.138977945519E-2));
#2586=CARTESIAN_POINT('',(-2.786345970430E0,-9.082693211613E-2,
1.701811038679E0));
#2587=CARTESIAN_POINT('',(-2.857787063559E0,-7.822993986621E-2,
1.625479329562E0));
#2588=CARTESIAN_POINT('',(-3.041234662946E0,-4.588317854803E-2,
1.403042439763E0));
#2589=CARTESIAN_POINT('',(-3.274054238614E0,-4.830805720607E-3,
9.927116301915E-1));
#2590=CARTESIAN_POINT('',(-3.429816912408E0,2.263435625654E-2,
4.829244346223E-1));
#2591=CARTESIAN_POINT('',(-3.460356266738E0,2.801926839828E-2,
1.361981620135E-1));
#2592=CARTESIAN_POINT('',(-3.458439374803E0,2.768126863102E-2,
-2.904002059427E-2));
#2593=(BOUNDED_SURFACE()B_SPLINE_SURFACE(3,3,((#2565,#2566,#2567,#2568,#2569,
#2570,#2571),(#2572,#2573,#2574,#2575,#2576,#2577,#2578),(#2579,#2580,#2581,
#2582,#2583,#2584,#2585),(#2586,#2587,#2588,#2589,#2590,#2591,#2592)),
.UNSPECIFIED.,.F.,.F.,.F.)B_SPLINE_SURFACE_WITH_KNOTS((4,4),(4,1,1,1,4),(0.E0,
1.E0),(6.985930226242E-1,7.186208831929E-1,7.536718113194E-1,7.881453069393E-1,
8.196047615678E-1),.UNSPECIFIED.)GEOMETRIC_REPRESENTATION_ITEM()RATIONAL_B_SPLINE_SURFACE(((1.441263285808E0,1.441263285808E0,1.441263285808E0,1.441263285808E0,
1.441263285808E0,1.441263285808E0,1.441263285808E0),(8.529122380641E-1,
8.529122380641E-1,8.529122380641E-1,8.529122380641E-1,8.529122380641E-1,
8.529122380641E-1,8.529122380641E-1),(8.529122380641E-1,8.529122380641E-1,
8.529122380641E-1,8.529122380641E-1,8.529122380641E-1,8.529122380641E-1,
8.529122380641E-1),(1.441263285808E0,1.441263285808E0,1.441263285808E0,
1.441263285808E0,1.441263285808E0,1.441263285808E0,1.441263285808E0)))REPRESENTATION_ITEM('')SURFACE());
#2594=ORIENTED_EDGE('',*,*,#1960,.F.);
#2596=ORIENTED_EDGE('',*,*,#2595,.F.);
#2597=ORIENTED_EDGE('',*,*,#2550,.F.);
#2598=ORIENTED_EDGE('',*,*,#2253,.T.);
#2600=ORIENTED_EDGE('',*,*,#2599,.T.);
#2601=EDGE_LOOP('',(#2594,#2596,#2597,#2598,#2600));
#2602=FACE_OUTER_BOUND('',#2601,.F.);
#2603=ADVANCED_FACE('',(#2602),#2593,.T.);
#2604=FILL_AREA_STYLE_COLOUR('',#1);
#2605=FILL_AREA_STYLE('',(#2604));
#2606=SURFACE_STYLE_FILL_AREA(#2605);
#2607=SURFACE_SIDE_STYLE('',(#2606));
#2608=SURFACE_STYLE_USAGE(.POSITIVE.,#2607);
#2609=PRESENTATION_STYLE_ASSIGNMENT((#2608));
#2610=STYLED_ITEM('',(#2609),#2603);
#2611=CARTESIAN_POINT('',(-3.25E0,0.E0,-4.E0));
#2612=DIRECTION('',(-1.736481776669E-1,-9.848077530122E-1,0.E0));
#2613=DIRECTION('',(9.848077530122E-1,-1.736481776669E-1,0.E0));
#2614=AXIS2_PLACEMENT_3D('',#2611,#2612,#2613);
#2615=PLANE('',#2614);
#2617=ORIENTED_EDGE('',*,*,#2616,.T.);
#2619=ORIENTED_EDGE('',*,*,#2618,.T.);
#2621=ORIENTED_EDGE('',*,*,#2620,.T.);
#2623=ORIENTED_EDGE('',*,*,#2622,.T.);
#2625=ORIENTED_EDGE('',*,*,#2624,.T.);
#2626=ORIENTED_EDGE('',*,*,#2154,.T.);
#2628=ORIENTED_EDGE('',*,*,#2627,.T.);
#2629=ORIENTED_EDGE('',*,*,#2450,.T.);
#2630=ORIENTED_EDGE('',*,*,#2552,.T.);
#2631=ORIENTED_EDGE('',*,*,#2595,.T.);
#2632=ORIENTED_EDGE('',*,*,#1958,.T.);
#2633=EDGE_LOOP('',(#2617,#2619,#2621,#2623,#2625,#2626,#2628,#2629,#2630,#2631,
#2632));
#2634=FACE_OUTER_BOUND('',#2633,.F.);
#2635=ADVANCED_FACE('',(#2634),#2615,.F.);
#2636=FILL_AREA_STYLE_COLOUR('',#1);
#2637=FILL_AREA_STYLE('',(#2636));
#2638=SURFACE_STYLE_FILL_AREA(#2637);
#2639=SURFACE_SIDE_STYLE('',(#2638));
#2640=SURFACE_STYLE_USAGE(.POSITIVE.,#2639);
#2641=PRESENTATION_STYLE_ASSIGNMENT((#2640));
#2642=STYLED_ITEM('',(#2641),#2635);
#2643=CARTESIAN_POINT('',(-3.740882223493E0,-2.092885883742E-1,
3.277319636143E-2));
#2644=CARTESIAN_POINT('',(-3.743072912449E0,-2.089023108050E-1,
-1.495971899780E-1));
#2645=CARTESIAN_POINT('',(-3.712631741983E0,-2.142699104825E-1,
-4.935059773178E-1));
#2646=CARTESIAN_POINT('',(-3.577396913696E0,-2.381154594409E-1,
-9.694187989201E-1));
#2647=CARTESIAN_POINT('',(-3.374627809792E0,-2.738691233132E-1,
-1.391880419271E0));
#2648=CARTESIAN_POINT('',(-3.102998321383E0,-3.217647308759E-1,
-1.775902087665E0));
#2649=CARTESIAN_POINT('',(-2.875051401516E0,-3.619579230177E-1,
-2.001088670224E0));
#2650=CARTESIAN_POINT('',(-2.749932906925E0,-3.840196893998E-1,
-2.104418862123E0));
#2651=CARTESIAN_POINT('',(-3.802202296378E0,-1.089890946864E-2,
3.392908432810E-2));
#2652=CARTESIAN_POINT('',(-3.804470264302E0,-1.049900553237E-2,
-1.548732641093E-1));
#2653=CARTESIAN_POINT('',(-3.772954342177E0,-1.605611292486E-2,
-5.109125982854E-1));
#2654=CARTESIAN_POINT('',(-3.632960855100E0,-4.074074182008E-2,
-1.003559983890E0));
#2655=CARTESIAN_POINT('',(-3.423093514056E0,-7.774601641558E-2,
-1.440801902898E0));
#2656=CARTESIAN_POINT('',(-3.142016107669E0,-1.273075468292E-1,
-1.838171619719E0));
#2657=CARTESIAN_POINT('',(-2.906201620230E0,-1.688880034066E-1,
-2.071126077155E0));
#2658=CARTESIAN_POINT('',(-2.776781889525E0,-1.917081937659E-1,
-2.178008030546E0));
#2659=CARTESIAN_POINT('',(-3.643126151694E0,1.225630175058E-1,
3.230218631925E-2));
#2660=CARTESIAN_POINT('',(-3.645285350426E0,1.229437424990E-1,
-1.474472550615E-1));
#2661=CARTESIAN_POINT('',(-3.615282127961E0,1.176533648702E-1,
-4.864129946822E-1));
#2662=CARTESIAN_POINT('',(-3.481986394243E0,9.414973060240E-2,
-9.555066885455E-1));
#2663=CARTESIAN_POINT('',(-3.282109734132E0,5.890608261092E-2,
-1.371945520101E0));
#2664=CARTESIAN_POINT('',(-3.014330155379E0,1.168931799406E-2,
-1.750528023945E0));
#2665=CARTESIAN_POINT('',(-2.789589171937E0,-2.793858105779E-2,
-1.972549293620E0));
#2666=CARTESIAN_POINT('',(-2.666223377833E0,-4.969129905474E-2,
-2.074432186664E0));
#2667=CARTESIAN_POINT('',(-3.458433180859E0,2.768090555430E-2,
2.988454334577E-2));
#2668=CARTESIAN_POINT('',(-3.460430743725E0,2.803312978318E-2,
-1.364118745414E-1));
#2669=CARTESIAN_POINT('',(-3.432675460394E0,2.313912447487E-2,
-4.500054914570E-1));
#2670=CARTESIAN_POINT('',(-3.309332886776E0,1.390500875874E-3,
-8.840973492930E-1));
#2671=CARTESIAN_POINT('',(-3.124302823947E0,-3.123529144308E-2,
-1.269621865427E0));
#2672=CARTESIAN_POINT('',(-2.876284409919E0,-7.496762954875E-2,
-1.620285733193E0));
#2673=CARTESIAN_POINT('',(-2.667999147107E0,-1.116939410663E-1,
-1.826059798418E0));
#2674=CARTESIAN_POINT('',(-2.553629772697E0,-1.318603475416E-1,
-1.920513864912E0));
#2675=(BOUNDED_SURFACE()B_SPLINE_SURFACE(3,3,((#2643,#2644,#2645,#2646,#2647,
#2648,#2649,#2650),(#2651,#2652,#2653,#2654,#2655,#2656,#2657,#2658),(#2659,
#2660,#2661,#2662,#2663,#2664,#2665,#2666),(#2667,#2668,#2669,#2670,#2671,#2672,
#2673,#2674)),.UNSPECIFIED.,.F.,.F.,.F.)B_SPLINE_SURFACE_WITH_KNOTS((4,4),(4,1,
1,1,1,4),(0.E0,1.E0),(8.560125819986E-1,8.876730589652E-1,9.156527768754E-1,
9.417230829305E-1,9.690700665766E-1,9.975693404030E-1),.UNSPECIFIED.)GEOMETRIC_REPRESENTATION_ITEM()RATIONAL_B_SPLINE_SURFACE(((1.441151257084E0,
1.441151257084E0,1.441151257084E0,1.441151257084E0,1.441151257084E0,
1.441151257084E0,1.441151257084E0,1.441151257084E0),(8.529495809720E-1,
8.529495809720E-1,8.529495809720E-1,8.529495809720E-1,8.529495809720E-1,
8.529495809720E-1,8.529495809720E-1,8.529495809720E-1),(8.529495809720E-1,
8.529495809720E-1,8.529495809720E-1,8.529495809720E-1,8.529495809720E-1,
8.529495809720E-1,8.529495809720E-1,8.529495809720E-1),(1.441151257084E0,
1.441151257084E0,1.441151257084E0,1.441151257084E0,1.441151257084E0,
1.441151257084E0,1.441151257084E0,1.441151257084E0)))REPRESENTATION_ITEM('')SURFACE());
#2676=ORIENTED_EDGE('',*,*,#1956,.F.);
#2677=ORIENTED_EDGE('',*,*,#2599,.F.);
#2678=ORIENTED_EDGE('',*,*,#2251,.T.);
#2680=ORIENTED_EDGE('',*,*,#2679,.T.);
#2681=ORIENTED_EDGE('',*,*,#2616,.F.);
#2682=EDGE_LOOP('',(#2676,#2677,#2678,#2680,#2681));
#2683=FACE_OUTER_BOUND('',#2682,.F.);
#2684=ADVANCED_FACE('',(#2683),#2675,.T.);
#2685=FILL_AREA_STYLE_COLOUR('',#1);
#2686=FILL_AREA_STYLE('',(#2685));
#2687=SURFACE_STYLE_FILL_AREA(#2686);
#2688=SURFACE_SIDE_STYLE('',(#2687));
#2689=SURFACE_STYLE_USAGE(.POSITIVE.,#2688);
#2690=PRESENTATION_STYLE_ASSIGNMENT((#2689));
#2691=STYLED_ITEM('',(#2690),#2684);
#2692=CARTESIAN_POINT('',(-2.799994033330E0,-3.638252169224E-1,
-2.067371850927E0));
#2693=CARTESIAN_POINT('',(-2.791964084552E0,-3.652411135457E-1,
-2.074323728121E0));
#2694=CARTESIAN_POINT('',(-2.715375077525E0,-3.787458219102E-1,
-2.139850276794E0));
#2695=CARTESIAN_POINT('',(-2.563031286918E0,-4.056081425376E-1,
-2.256214394474E0));
#2696=CARTESIAN_POINT('',(-2.324147341976E0,-4.477298272889E-1,
-2.403680565124E0));
#2697=CARTESIAN_POINT('',(-2.142900837258E0,-4.796884762298E-1,
-2.490885703282E0));
#2698=CARTESIAN_POINT('',(-2.040861978065E0,-4.976806801862E-1,
-2.532574877609E0));
#2699=CARTESIAN_POINT('',(-2.031059956262E0,-4.994090410956E-1,
-2.536513147384E0));
#2700=CARTESIAN_POINT('',(-2.819242750072E0,-1.757620806239E-1,
-2.127911960052E0));
#2701=CARTESIAN_POINT('',(-2.810981488645E0,-1.772187639081E-1,
-2.135064096440E0));
#2702=CARTESIAN_POINT('',(-2.732186788579E0,-1.911123954665E-1,
-2.202477760048E0));
#2703=CARTESIAN_POINT('',(-2.575465572585E0,-2.187465742957E-1,
-2.322184752224E0));
#2704=CARTESIAN_POINT('',(-2.329744875607E0,-2.620737628915E-1,
-2.473870434323E0));
#2705=CARTESIAN_POINT('',(-2.143330783259E0,-2.949435969566E-1,
-2.563561303552E0));
#2706=CARTESIAN_POINT('',(-2.038388094325E0,-3.134478244438E-1,
-2.606436844787E0));
#2707=CARTESIAN_POINT('',(-2.028307174201E0,-3.152253626521E-1,
-2.610487168579E0));
#2708=CARTESIAN_POINT('',(-2.709035783912E0,-4.488896019070E-2,
-2.027264021039E0));
#2709=CARTESIAN_POINT('',(-2.701159079792E0,-4.627783564608E-2,
-2.034083226492E0));
#2710=CARTESIAN_POINT('',(-2.626031344680E0,-5.952488234581E-2,
-2.098359561285E0));
#2711=CARTESIAN_POINT('',(-2.476587598941E0,-8.587584681782E-2,
-2.212509024191E0));
#2712=CARTESIAN_POINT('',(-2.242233003081E0,-1.271988851210E-1,
-2.357179767978E0));
#2713=CARTESIAN_POINT('',(-2.064410025816E0,-1.585538738028E-1,
-2.442738108989E0));
#2714=CARTESIAN_POINT('',(-1.964294954190E0,-1.762068621058E-1,
-2.483641315092E0));
#2715=CARTESIAN_POINT('',(-1.954677702560E0,-1.779026430486E-1,
-2.487505349066E0));
#2716=CARTESIAN_POINT('',(-2.598061162661E0,-1.240256305315E-1,
-1.882954041780E0));
#2717=CARTESIAN_POINT('',(-2.590735840492E0,-1.253172824723E-1,
-1.889295887669E0));
#2718=CARTESIAN_POINT('',(-2.520865834864E0,-1.376372496068E-1,
-1.949073890348E0));
#2719=CARTESIAN_POINT('',(-2.381856595701E0,-1.621483290390E-1,
-2.055254914541E0));
#2720=CARTESIAN_POINT('',(-2.163798824522E0,-2.005977974510E-1,
-2.189867572566E0));
#2721=CARTESIAN_POINT('',(-1.998293870373E0,-2.297807863085E-1,
-2.269500655025E0));
#2722=CARTESIAN_POINT('',(-1.905100682698E0,-2.462132597137E-1,
-2.307575908120E0));
#2723=CARTESIAN_POINT('',(-1.896148243397E0,-2.477918163057E-1,
-2.311172837967E0));
#2724=(BOUNDED_SURFACE()B_SPLINE_SURFACE(3,3,((#2692,#2693,#2694,#2695,#2696,
#2697,#2698,#2699),(#2700,#2701,#2702,#2703,#2704,#2705,#2706,#2707),(#2708,
#2709,#2710,#2711,#2712,#2713,#2714,#2715),(#2716,#2717,#2718,#2719,#2720,#2721,
#2722,#2723)),.UNSPECIFIED.,.F.,.F.,.F.)B_SPLINE_SURFACE_WITH_KNOTS((4,4),(4,1,
1,1,1,4),(0.E0,1.E0),(-3.778994791681E-2,0.E0,3.208395406094E-1,
6.436695078592E-1,1.E0,1.037776078310E0),.UNSPECIFIED.)GEOMETRIC_REPRESENTATION_ITEM()RATIONAL_B_SPLINE_SURFACE(((1.412276847190E0,1.412276847190E0,
1.412276847190E0,1.412276847190E0,1.412276847190E0,1.412276847190E0,
1.412276847190E0,1.412276847190E0),(8.625743842700E-1,8.625743842700E-1,
8.625743842700E-1,8.625743842700E-1,8.625743842700E-1,8.625743842700E-1,
8.625743842700E-1,8.625743842700E-1),(8.625743842700E-1,8.625743842700E-1,
8.625743842700E-1,8.625743842700E-1,8.625743842700E-1,8.625743842700E-1,
8.625743842700E-1,8.625743842700E-1),(1.412276847190E0,1.412276847190E0,
1.412276847190E0,1.412276847190E0,1.412276847190E0,1.412276847190E0,
1.412276847190E0,1.412276847190E0)))REPRESENTATION_ITEM('')SURFACE());
#2726=ORIENTED_EDGE('',*,*,#2725,.T.);
#2728=ORIENTED_EDGE('',*,*,#2727,.T.);
#2729=ORIENTED_EDGE('',*,*,#2618,.F.);
#2730=ORIENTED_EDGE('',*,*,#2679,.F.);
#2731=EDGE_LOOP('',(#2726,#2728,#2729,#2730));
#2732=FACE_OUTER_BOUND('',#2731,.F.);
#2733=ADVANCED_FACE('',(#2732),#2724,.T.);
#2734=FILL_AREA_STYLE_COLOUR('',#1);
#2735=FILL_AREA_STYLE('',(#2734));
#2736=SURFACE_STYLE_FILL_AREA(#2735);
#2737=SURFACE_SIDE_STYLE('',(#2736));
#2738=SURFACE_STYLE_USAGE(.POSITIVE.,#2737);
#2739=PRESENTATION_STYLE_ASSIGNMENT((#2738));
#2740=STYLED_ITEM('',(#2739),#2733);
#2741=CARTESIAN_POINT('',(-1.E0,0.E0,0.E0));
#2742=DIRECTION('',(0.E0,1.E0,0.E0));
#2743=DIRECTION('',(1.E0,0.E0,0.E0));
#2744=AXIS2_PLACEMENT_3D('',#2741,#2742,#2743);
#2745=CYLINDRICAL_SURFACE('',#2744,2.75E0);
#2746=ORIENTED_EDGE('',*,*,#2725,.F.);
#2747=ORIENTED_EDGE('',*,*,#2249,.T.);
#2749=ORIENTED_EDGE('',*,*,#2748,.F.);
#2751=ORIENTED_EDGE('',*,*,#2750,.F.);
#2753=ORIENTED_EDGE('',*,*,#2752,.F.);
#2754=ORIENTED_EDGE('',*,*,#2233,.T.);
#2755=EDGE_LOOP('',(#2746,#2747,#2749,#2751,#2753,#2754));
#2756=FACE_OUTER_BOUND('',#2755,.F.);
#2757=ADVANCED_FACE('',(#2756),#2745,.T.);
#2758=FILL_AREA_STYLE_COLOUR('',#1);
#2759=FILL_AREA_STYLE('',(#2758));
#2760=SURFACE_STYLE_FILL_AREA(#2759);
#2761=SURFACE_SIDE_STYLE('',(#2760));
#2762=SURFACE_STYLE_USAGE(.POSITIVE.,#2761);
#2763=PRESENTATION_STYLE_ASSIGNMENT((#2762));
#2764=STYLED_ITEM('',(#2763),#2757);
#2765=CARTESIAN_POINT('',(-2.554087842728E0,-4.190136645743E0,
-2.512438763064E0));
#2766=CARTESIAN_POINT('',(-2.563703539750E0,-4.189405796089E0,
-2.508132257041E0));
#2767=CARTESIAN_POINT('',(-2.601516643546E0,-4.186799299119E0,
-2.490936717656E0));
#2768=CARTESIAN_POINT('',(-2.667202987360E0,-4.184269174170E0,
-2.459232557899E0));
#2769=CARTESIAN_POINT('',(-2.750448971665E0,-4.185844174542E0,
-2.415332748435E0));
#2770=CARTESIAN_POINT('',(-2.832956572114E0,-4.193581733196E0,
-2.367808156948E0));
#2771=CARTESIAN_POINT('',(-2.895282639481E0,-4.205722914333E0,
-2.328573245522E0));
#2772=CARTESIAN_POINT('',(-2.929865579836E0,-4.215615264359E0,
-2.305503618381E0));
#2773=CARTESIAN_POINT('',(-2.938273475802E0,-4.218231358617E0,
-2.299815740988E0));
#2774=CARTESIAN_POINT('',(-2.452473202789E0,-4.266030514129E0,
-2.345159350179E0));
#2775=CARTESIAN_POINT('',(-2.461491037043E0,-4.267262333856E0,
-2.342108078776E0));
#2776=CARTESIAN_POINT('',(-2.496893636601E0,-4.272354738942E0,
-2.330075260795E0));
#2777=CARTESIAN_POINT('',(-2.557975539326E0,-4.282994336488E0,
-2.309000503884E0));
#2778=CARTESIAN_POINT('',(-2.634394311882E0,-4.300334372277E0,
-2.282275442850E0));
#2779=CARTESIAN_POINT('',(-2.708870140159E0,-4.321933830796E0,
-2.256184524371E0));
#2780=CARTESIAN_POINT('',(-2.763884938565E0,-4.342160356874E0,
-2.237218519169E0));
#2781=CARTESIAN_POINT('',(-2.793826014793E0,-4.355035365145E0,
-2.227174727342E0));
#2782=CARTESIAN_POINT('',(-2.801063738689E0,-4.358269515257E0,
-2.224764239632E0));
#2783=CARTESIAN_POINT('',(-2.390044994987E0,-4.089490113863E0,
-2.250271071529E0));
#2784=CARTESIAN_POINT('',(-2.398695524873E0,-4.091836396862E0,
-2.245389758988E0));
#2785=CARTESIAN_POINT('',(-2.432617201410E0,-4.101472936560E0,
-2.226172445997E0));
#2786=CARTESIAN_POINT('',(-2.490870308941E0,-4.121163080130E0,
-2.192755933882E0));
#2787=CARTESIAN_POINT('',(-2.563094699723E0,-4.152386480364E0,
-2.150942383685E0));
#2788=CARTESIAN_POINT('',(-2.632636109667E0,-4.190400995096E0,
-2.110830891120E0));
#2789=CARTESIAN_POINT('',(-2.683159139779E0,-4.225254457085E0,
-2.082386272859E0));
#2790=CARTESIAN_POINT('',(-2.710248429507E0,-4.247110906288E0,
-2.067671593238E0));
#2791=CARTESIAN_POINT('',(-2.716767243754E0,-4.252581202835E0,
-2.064163107077E0));
#2792=CARTESIAN_POINT('',(-2.466675826820E0,-3.942944666032E0,
-2.379576135498E0));
#2793=CARTESIAN_POINT('',(-2.475777224035E0,-3.943774288554E0,
-2.372707204721E0));
#2794=CARTESIAN_POINT('',(-2.511516738484E0,-3.947530491732E0,
-2.345451930894E0));
#2795=CARTESIAN_POINT('',(-2.573242201485E0,-3.957672947030E0,
-2.296466837722E0));
#2796=CARTESIAN_POINT('',(-2.650615209786E0,-3.978687443047E0,
-2.231440116224E0));
#2797=CARTESIAN_POINT('',(-2.726213634576E0,-4.009409373755E0,
-2.164283908065E0));
#2798=CARTESIAN_POINT('',(-2.782250325145E0,-4.042031199773E0,
-2.111777036661E0));
#2799=CARTESIAN_POINT('',(-2.812840192247E0,-4.064499369052E0,
-2.082167229488E0));
#2800=CARTESIAN_POINT('',(-2.820241470469E0,-4.070246516957E0,
-2.074941933972E0));
#2801=(BOUNDED_SURFACE()B_SPLINE_SURFACE(3,3,((#2765,#2766,#2767,#2768,#2769,
#2770,#2771,#2772,#2773),(#2774,#2775,#2776,#2777,#2778,#2779,#2780,#2781,
#2782),(#2783,#2784,#2785,#2786,#2787,#2788,#2789,#2790,#2791),(#2792,#2793,
#2794,#2795,#2796,#2797,#2798,#2799,#2800)),.UNSPECIFIED.,.F.,.F.,.F.)B_SPLINE_SURFACE_WITH_KNOTS((4,4),(4,1,1,1,1,1,4),(0.E0,1.E0),(-8.299007984928E-2,0.E0,
2.441088225113E-1,4.910453257971E-1,7.422759715053E-1,1.E0,1.083927274988E0),
.UNSPECIFIED.)GEOMETRIC_REPRESENTATION_ITEM()RATIONAL_B_SPLINE_SURFACE(((
1.666527351776E0,1.666527351776E0,1.666527351776E0,1.666527351776E0,
1.666527351776E0,1.666527351776E0,1.666527351776E0,1.666527351776E0,
1.666527351776E0),(7.778242160747E-1,7.778242160747E-1,7.778242160747E-1,
7.778242160747E-1,7.778242160747E-1,7.778242160747E-1,7.778242160747E-1,
7.778242160747E-1,7.778242160747E-1),(7.778242160747E-1,7.778242160747E-1,
7.778242160747E-1,7.778242160747E-1,7.778242160747E-1,7.778242160747E-1,
7.778242160747E-1,7.778242160747E-1,7.778242160747E-1),(1.666527351776E0,
1.666527351776E0,1.666527351776E0,1.666527351776E0,1.666527351776E0,
1.666527351776E0,1.666527351776E0,1.666527351776E0,1.666527351776E0)))REPRESENTATION_ITEM('')SURFACE());
#2803=ORIENTED_EDGE('',*,*,#2802,.F.);
#2805=ORIENTED_EDGE('',*,*,#2804,.T.);
#2806=ORIENTED_EDGE('',*,*,#2748,.T.);
#2808=ORIENTED_EDGE('',*,*,#2807,.F.);
#2809=EDGE_LOOP('',(#2803,#2805,#2806,#2808));
#2810=FACE_OUTER_BOUND('',#2809,.F.);
#2811=ADVANCED_FACE('',(#2810),#2801,.F.);
#2812=FILL_AREA_STYLE_COLOUR('',#1);
#2813=FILL_AREA_STYLE('',(#2812));
#2814=SURFACE_STYLE_FILL_AREA(#2813);
#2815=SURFACE_SIDE_STYLE('',(#2814));
#2816=SURFACE_STYLE_USAGE(.POSITIVE.,#2815);
#2817=PRESENTATION_STYLE_ASSIGNMENT((#2816));
#2818=STYLED_ITEM('',(#2817),#2811);
#2819=CARTESIAN_POINT('',(1.051827655304E1,-4.55E0,-2.45E0));
#2820=DIRECTION('',(-1.E0,0.E0,0.E0));
#2821=DIRECTION('',(0.E0,0.E0,1.E0));
#2822=AXIS2_PLACEMENT_3D('',#2819,#2820,#2821);
#2823=CYLINDRICAL_SURFACE('',#2822,3.5E-1);
#2825=ORIENTED_EDGE('',*,*,#2824,.F.);
#2826=ORIENTED_EDGE('',*,*,#2802,.T.);
#2828=ORIENTED_EDGE('',*,*,#2827,.T.);
#2830=ORIENTED_EDGE('',*,*,#2829,.T.);
#2832=ORIENTED_EDGE('',*,*,#2831,.T.);
#2833=EDGE_LOOP('',(#2825,#2826,#2828,#2830,#2832));
#2834=FACE_OUTER_BOUND('',#2833,.F.);
#2835=ADVANCED_FACE('',(#2834),#2823,.T.);
#2836=FILL_AREA_STYLE_COLOUR('',#1);
#2837=FILL_AREA_STYLE('',(#2836));
#2838=SURFACE_STYLE_FILL_AREA(#2837);
#2839=SURFACE_SIDE_STYLE('',(#2838));
#2840=SURFACE_STYLE_USAGE(.POSITIVE.,#2839);
#2841=PRESENTATION_STYLE_ASSIGNMENT((#2840));
#2842=STYLED_ITEM('',(#2841),#2835);
#2843=CARTESIAN_POINT('',(0.E0,-4.2E0,0.E0));
#2844=DIRECTION('',(0.E0,1.E0,0.E0));
#2845=DIRECTION('',(1.E0,0.E0,0.E0));
#2846=AXIS2_PLACEMENT_3D('',#2843,#2844,#2845);
#2847=PLANE('',#2846);
#2848=ORIENTED_EDGE('',*,*,#2824,.T.);
#2850=ORIENTED_EDGE('',*,*,#2849,.T.);
#2852=ORIENTED_EDGE('',*,*,#2851,.T.);
#2854=ORIENTED_EDGE('',*,*,#2853,.T.);
#2856=ORIENTED_EDGE('',*,*,#2855,.T.);
#2857=EDGE_LOOP('',(#2848,#2850,#2852,#2854,#2856));
#2858=FACE_OUTER_BOUND('',#2857,.F.);
#2859=ADVANCED_FACE('',(#2858),#2847,.T.);
#2860=FILL_AREA_STYLE_COLOUR('',#1);
#2861=FILL_AREA_STYLE('',(#2860));
#2862=SURFACE_STYLE_FILL_AREA(#2861);
#2863=SURFACE_SIDE_STYLE('',(#2862));
#2864=SURFACE_STYLE_USAGE(.POSITIVE.,#2863);
#2865=PRESENTATION_STYLE_ASSIGNMENT((#2864));
#2866=STYLED_ITEM('',(#2865),#2859);
#2867=CARTESIAN_POINT('',(-4.775528090456E0,-4.4E0,-2.383148E0));
#2868=DIRECTION('',(0.E0,0.E0,-1.E0));
#2869=DIRECTION('',(-1.E0,0.E0,0.E0));
#2870=AXIS2_PLACEMENT_3D('',#2867,#2868,#2869);
#2871=CYLINDRICAL_SURFACE('',#2870,2.E-1);
#2873=ORIENTED_EDGE('',*,*,#2872,.T.);
#2875=ORIENTED_EDGE('',*,*,#2874,.T.);
#2877=ORIENTED_EDGE('',*,*,#2876,.T.);
#2878=ORIENTED_EDGE('',*,*,#2849,.F.);
#2880=ORIENTED_EDGE('',*,*,#2879,.F.);
#2881=EDGE_LOOP('',(#2873,#2875,#2877,#2878,#2880));
#2882=FACE_OUTER_BOUND('',#2881,.F.);
#2883=ADVANCED_FACE('',(#2882),#2871,.T.);
#2884=FILL_AREA_STYLE_COLOUR('',#1);
#2885=FILL_AREA_STYLE('',(#2884));
#2886=SURFACE_STYLE_FILL_AREA(#2885);
#2887=SURFACE_SIDE_STYLE('',(#2886));
#2888=SURFACE_STYLE_USAGE(.POSITIVE.,#2887);
#2889=PRESENTATION_STYLE_ASSIGNMENT((#2888));
#2890=STYLED_ITEM('',(#2889),#2883);
#2891=CARTESIAN_POINT('',(-4.975528090456E0,0.E0,-2.1E0));
#2892=DIRECTION('',(-1.E0,0.E0,0.E0));
#2893=DIRECTION('',(0.E0,0.E0,-1.E0));
#2894=AXIS2_PLACEMENT_3D('',#2891,#2892,#2893);
#2895=PLANE('',#2894);
#2897=ORIENTED_EDGE('',*,*,#2896,.T.);
#2899=ORIENTED_EDGE('',*,*,#2898,.F.);
#2901=ORIENTED_EDGE('',*,*,#2900,.F.);
#2903=ORIENTED_EDGE('',*,*,#2902,.F.);
#2904=EDGE_LOOP('',(#2897,#2899,#2901,#2903));
#2905=FACE_OUTER_BOUND('',#2904,.F.);
#2906=ADVANCED_FACE('',(#2905),#2895,.T.);
#2907=FILL_AREA_STYLE_COLOUR('',#1);
#2908=FILL_AREA_STYLE('',(#2907));
#2909=SURFACE_STYLE_FILL_AREA(#2908);
#2910=SURFACE_SIDE_STYLE('',(#2909));
#2911=SURFACE_STYLE_USAGE(.POSITIVE.,#2910);
#2912=PRESENTATION_STYLE_ASSIGNMENT((#2911));
#2913=STYLED_ITEM('',(#2912),#2906);
#2914=CARTESIAN_POINT('',(-4.975528090456E0,0.E0,-2.1E0));
#2915=DIRECTION('',(-1.E0,0.E0,0.E0));
#2916=DIRECTION('',(0.E0,0.E0,-1.E0));
#2917=AXIS2_PLACEMENT_3D('',#2914,#2915,#2916);
#2918=PLANE('',#2917);
#2920=ORIENTED_EDGE('',*,*,#2919,.T.);
#2922=ORIENTED_EDGE('',*,*,#2921,.F.);
#2924=ORIENTED_EDGE('',*,*,#2923,.F.);
#2926=ORIENTED_EDGE('',*,*,#2925,.F.);
#2927=EDGE_LOOP('',(#2920,#2922,#2924,#2926));
#2928=FACE_OUTER_BOUND('',#2927,.F.);
#2929=ADVANCED_FACE('',(#2928),#2918,.T.);
#2930=FILL_AREA_STYLE_COLOUR('',#1);
#2931=FILL_AREA_STYLE('',(#2930));
#2932=SURFACE_STYLE_FILL_AREA(#2931);
#2933=SURFACE_SIDE_STYLE('',(#2932));
#2934=SURFACE_STYLE_USAGE(.POSITIVE.,#2933);
#2935=PRESENTATION_STYLE_ASSIGNMENT((#2934));
#2936=STYLED_ITEM('',(#2935),#2929);
#2937=CARTESIAN_POINT('',(-4.975528090456E0,0.E0,-2.1E0));
#2938=DIRECTION('',(-1.E0,0.E0,0.E0));
#2939=DIRECTION('',(0.E0,0.E0,-1.E0));
#2940=AXIS2_PLACEMENT_3D('',#2937,#2938,#2939);
#2941=PLANE('',#2940);
#2943=ORIENTED_EDGE('',*,*,#2942,.T.);
#2944=ORIENTED_EDGE('',*,*,#2872,.F.);
#2946=ORIENTED_EDGE('',*,*,#2945,.F.);
#2948=ORIENTED_EDGE('',*,*,#2947,.F.);
#2949=EDGE_LOOP('',(#2943,#2944,#2946,#2948));
#2950=FACE_OUTER_BOUND('',#2949,.F.);
#2951=ADVANCED_FACE('',(#2950),#2941,.T.);
#2952=FILL_AREA_STYLE_COLOUR('',#1);
#2953=FILL_AREA_STYLE('',(#2952));
#2954=SURFACE_STYLE_FILL_AREA(#2953);
#2955=SURFACE_SIDE_STYLE('',(#2954));
#2956=SURFACE_STYLE_USAGE(.POSITIVE.,#2955);
#2957=PRESENTATION_STYLE_ASSIGNMENT((#2956));
#2958=STYLED_ITEM('',(#2957),#2951);
#2959=CARTESIAN_POINT('',(-4.975528090456E0,0.E0,-2.1E0));
#2960=DIRECTION('',(-1.E0,0.E0,0.E0));
#2961=DIRECTION('',(0.E0,0.E0,-1.E0));
#2962=AXIS2_PLACEMENT_3D('',#2959,#2960,#2961);
#2963=PLANE('',#2962);
#2965=ORIENTED_EDGE('',*,*,#2964,.T.);
#2967=ORIENTED_EDGE('',*,*,#2966,.F.);
#2969=ORIENTED_EDGE('',*,*,#2968,.F.);
#2970=ORIENTED_EDGE('',*,*,#2874,.F.);
#2971=EDGE_LOOP('',(#2965,#2967,#2969,#2970));
#2972=FACE_OUTER_BOUND('',#2971,.F.);
#2973=ADVANCED_FACE('',(#2972),#2963,.T.);
#2974=FILL_AREA_STYLE_COLOUR('',#1);
#2975=FILL_AREA_STYLE('',(#2974));
#2976=SURFACE_STYLE_FILL_AREA(#2975);
#2977=SURFACE_SIDE_STYLE('',(#2976));
#2978=SURFACE_STYLE_USAGE(.POSITIVE.,#2977);
#2979=PRESENTATION_STYLE_ASSIGNMENT((#2978));
#2980=STYLED_ITEM('',(#2979),#2973);
#2981=CARTESIAN_POINT('',(-3.E0,-4.6E0,-2.5E0));
#2982=DIRECTION('',(-1.E0,0.E0,0.E0));
#2983=DIRECTION('',(0.E0,0.E0,-1.E0));
#2984=AXIS2_PLACEMENT_3D('',#2981,#2982,#2983);
#2985=CYLINDRICAL_SURFACE('',#2984,2.E-1);
#2987=ORIENTED_EDGE('',*,*,#2986,.F.);
#2989=ORIENTED_EDGE('',*,*,#2988,.T.);
#2991=ORIENTED_EDGE('',*,*,#2990,.F.);
#2992=ORIENTED_EDGE('',*,*,#2919,.F.);
#2993=ORIENTED_EDGE('',*,*,#2896,.F.);
#2994=EDGE_LOOP('',(#2987,#2989,#2991,#2992,#2993));
#2995=FACE_OUTER_BOUND('',#2994,.F.);
#2996=ADVANCED_FACE('',(#2995),#2985,.T.);
#2997=CARTESIAN_POINT('',(-3.E0,-4.6E0,-2.5E0));
#2998=DIRECTION('',(-1.E0,0.E0,0.E0));
#2999=DIRECTION('',(0.E0,0.E0,-1.E0));
#3000=AXIS2_PLACEMENT_3D('',#2997,#2998,#2999);
#3001=CYLINDRICAL_SURFACE('',#3000,2.E-1);
#3002=ORIENTED_EDGE('',*,*,#2990,.T.);
#3004=ORIENTED_EDGE('',*,*,#3003,.T.);
#3005=ORIENTED_EDGE('',*,*,#2986,.T.);
#3006=ORIENTED_EDGE('',*,*,#2964,.F.);
#3007=ORIENTED_EDGE('',*,*,#2942,.F.);
#3008=EDGE_LOOP('',(#3002,#3004,#3005,#3006,#3007));
#3009=FACE_OUTER_BOUND('',#3008,.F.);
#3010=ADVANCED_FACE('',(#3009),#3001,.T.);
#3011=CARTESIAN_POINT('',(-3.425E1,-4.6E0,-2.5E0));
#3012=DIRECTION('',(-1.E0,0.E0,0.E0));
#3013=DIRECTION('',(0.E0,0.E0,-1.E0));
#3014=AXIS2_PLACEMENT_3D('',#3011,#3012,#3013);
#3015=PLANE('',#3014);
#3016=ORIENTED_EDGE('',*,*,#2988,.F.);
#3017=ORIENTED_EDGE('',*,*,#3003,.F.);
#3018=EDGE_LOOP('',(#3016,#3017));
#3019=FACE_OUTER_BOUND('',#3018,.F.);
#3020=ADVANCED_FACE('',(#3019),#3015,.T.);
#3021=CARTESIAN_POINT('',(-4.775528090456E0,-4.8E0,-2.659218E0));
#3022=DIRECTION('',(0.E0,0.E0,1.E0));
#3023=DIRECTION('',(-1.E0,0.E0,0.E0));
#3024=AXIS2_PLACEMENT_3D('',#3021,#3022,#3023);
#3025=CYLINDRICAL_SURFACE('',#3024,2.E-1);
#3026=ORIENTED_EDGE('',*,*,#2898,.T.);
#3027=ORIENTED_EDGE('',*,*,#2925,.T.);
#3029=ORIENTED_EDGE('',*,*,#3028,.T.);
#3031=ORIENTED_EDGE('',*,*,#3030,.F.);
#3033=ORIENTED_EDGE('',*,*,#3032,.F.);
#3034=EDGE_LOOP('',(#3026,#3027,#3029,#3031,#3033));
#3035=FACE_OUTER_BOUND('',#3034,.F.);
#3036=ADVANCED_FACE('',(#3035),#3025,.T.);
#3037=FILL_AREA_STYLE_COLOUR('',#1);
#3038=FILL_AREA_STYLE('',(#3037));
#3039=SURFACE_STYLE_FILL_AREA(#3038);
#3040=SURFACE_SIDE_STYLE('',(#3039));
#3041=SURFACE_STYLE_USAGE(.POSITIVE.,#3040);
#3042=PRESENTATION_STYLE_ASSIGNMENT((#3041));
#3043=STYLED_ITEM('',(#3042),#3036);
#3044=CARTESIAN_POINT('',(-4.716421756229E0,-4.964140953473E0,
-2.582822735875E0));
#3045=CARTESIAN_POINT('',(-4.891267777515E0,-5.013959426311E0,
-2.603886611140E0));
#3046=CARTESIAN_POINT('',(-5.020683190499E0,-4.894760763655E0,
-2.553487921279E0));
#3047=CARTESIAN_POINT('',(-4.966594678990E0,-4.733718029820E0,
-2.485397033210E0));
#3048=CARTESIAN_POINT('',(-4.716421756229E0,-5.104658137031E0,
-2.250483534071E0));
#3049=CARTESIAN_POINT('',(-4.891267777515E0,-5.176760719644E0,
-2.218842942392E0));
#3050=CARTESIAN_POINT('',(-5.020683190499E0,-5.004243760934E0,
-2.294548117581E0));
#3051=CARTESIAN_POINT('',(-4.966594678990E0,-4.771165620251E0,
-2.396829201161E0));
#3052=CARTESIAN_POINT('',(-4.716421756229E0,-4.849516630371E0,
-1.995341935131E0));
#3053=CARTESIAN_POINT('',(-4.891267777515E0,-4.881157248128E0,
-1.923239363962E0));
#3054=CARTESIAN_POINT('',(-5.020683190499E0,-4.805452010543E0,
-2.095756295291E0));
#3055=CARTESIAN_POINT('',(-4.966594678990E0,-4.703170842662E0,
-2.328834398980E0));
#3056=CARTESIAN_POINT('',(-4.716421756229E0,-4.517177377744E0,
-2.135858998487E0));
#3057=CARTESIAN_POINT('',(-4.891267777515E0,-4.496113520498E0,
-2.086040518031E0));
#3058=CARTESIAN_POINT('',(-5.020683190499E0,-4.546512167247E0,
-2.205239198915E0));
#3059=CARTESIAN_POINT('',(-4.966594678990E0,-4.614602997069E0,
-2.366281957378E0));
#3060=(BOUNDED_SURFACE()B_SPLINE_SURFACE(3,3,((#3044,#3045,#3046,#3047),(#3048,
#3049,#3050,#3051),(#3052,#3053,#3054,#3055),(#3056,#3057,#3058,#3059)),
.UNSPECIFIED.,.F.,.F.,.F.)B_SPLINE_SURFACE_WITH_KNOTS((4,4),(4,4),(0.E0,1.E0),(
0.E0,1.E0),.UNSPECIFIED.)GEOMETRIC_REPRESENTATION_ITEM()RATIONAL_B_SPLINE_SURFACE(((1.982312527454E0,1.277336053931E0,1.277336053931E0,1.982312527454E0),(
1.157555673166E0,7.458902545838E-1,7.458902545838E-1,1.157555673166E0),(
1.157555673166E0,7.458902545838E-1,7.458902545838E-1,1.157555673166E0),(
1.982312527454E0,1.277336053931E0,1.277336053931E0,1.982312527454E0)))REPRESENTATION_ITEM('')SURFACE());
#3061=ORIENTED_EDGE('',*,*,#2923,.T.);
#3063=ORIENTED_EDGE('',*,*,#3062,.T.);
#3065=ORIENTED_EDGE('',*,*,#3064,.F.);
#3066=ORIENTED_EDGE('',*,*,#3028,.F.);
#3067=EDGE_LOOP('',(#3061,#3063,#3065,#3066));
#3068=FACE_OUTER_BOUND('',#3067,.F.);
#3069=ADVANCED_FACE('',(#3068),#3060,.T.);
#3070=FILL_AREA_STYLE_COLOUR('',#1);
#3071=FILL_AREA_STYLE('',(#3070));
#3072=SURFACE_STYLE_FILL_AREA(#3071);
#3073=SURFACE_SIDE_STYLE('',(#3072));
#3074=SURFACE_STYLE_USAGE(.POSITIVE.,#3073);
#3075=PRESENTATION_STYLE_ASSIGNMENT((#3074));
#3076=STYLED_ITEM('',(#3075),#3069);
#3077=CARTESIAN_POINT('',(-4.775528090456E0,-4.765404E0,-2.3E0));
#3078=DIRECTION('',(0.E0,1.E0,0.E0));
#3079=DIRECTION('',(-1.E0,0.E0,0.E0));
#3080=AXIS2_PLACEMENT_3D('',#3077,#3078,#3079);
#3081=CYLINDRICAL_SURFACE('',#3080,2.E-1);
#3082=ORIENTED_EDGE('',*,*,#2921,.T.);
#3083=ORIENTED_EDGE('',*,*,#2947,.T.);
#3085=ORIENTED_EDGE('',*,*,#3084,.T.);
#3087=ORIENTED_EDGE('',*,*,#3086,.F.);
#3088=ORIENTED_EDGE('',*,*,#3062,.F.);
#3089=EDGE_LOOP('',(#3082,#3083,#3085,#3087,#3088));
#3090=FACE_OUTER_BOUND('',#3089,.F.);
#3091=ADVANCED_FACE('',(#3090),#3081,.T.);
#3092=FILL_AREA_STYLE_COLOUR('',#1);
#3093=FILL_AREA_STYLE('',(#3092));
#3094=SURFACE_STYLE_FILL_AREA(#3093);
#3095=SURFACE_SIDE_STYLE('',(#3094));
#3096=SURFACE_STYLE_USAGE(.POSITIVE.,#3095);
#3097=PRESENTATION_STYLE_ASSIGNMENT((#3096));
#3098=STYLED_ITEM('',(#3097),#3091);
#3099=CARTESIAN_POINT('',(-4.716421756229E0,-4.682822735875E0,
-2.135859046527E0));
#3100=CARTESIAN_POINT('',(-4.891267777515E0,-4.703886611140E0,
-2.086040573689E0));
#3101=CARTESIAN_POINT('',(-5.020683190499E0,-4.653487921279E0,
-2.205239236345E0));
#3102=CARTESIAN_POINT('',(-4.966594678990E0,-4.585397033210E0,
-2.366281970180E0));
#3103=CARTESIAN_POINT('',(-4.716421756229E0,-4.350483534071E0,
-1.995341862969E0));
#3104=CARTESIAN_POINT('',(-4.891267777515E0,-4.318842942392E0,
-1.923239280356E0));
#3105=CARTESIAN_POINT('',(-5.020683190499E0,-4.394548117581E0,
-2.095756239066E0));
#3106=CARTESIAN_POINT('',(-4.966594678990E0,-4.496829201161E0,
-2.328834379749E0));
#3107=CARTESIAN_POINT('',(-4.716421756229E0,-4.095341935131E0,
-2.250483369629E0));
#3108=CARTESIAN_POINT('',(-4.891267777515E0,-4.023239363962E0,
-2.218842751872E0));
#3109=CARTESIAN_POINT('',(-5.020683190499E0,-4.195756295291E0,
-2.294547989457E0));
#3110=CARTESIAN_POINT('',(-4.966594678990E0,-4.428834398980E0,
-2.396829157338E0));
#3111=CARTESIAN_POINT('',(-4.716421756229E0,-4.235858998487E0,
-2.582822622256E0));
#3112=CARTESIAN_POINT('',(-4.891267777515E0,-4.186040518031E0,
-2.603886479502E0));
#3113=CARTESIAN_POINT('',(-5.020683190499E0,-4.305239198915E0,
-2.553487832753E0));
#3114=CARTESIAN_POINT('',(-4.966594678990E0,-4.466281957378E0,
-2.485397002931E0));
#3115=(BOUNDED_SURFACE()B_SPLINE_SURFACE(3,3,((#3099,#3100,#3101,#3102),(#3103,
#3104,#3105,#3106),(#3107,#3108,#3109,#3110),(#3111,#3112,#3113,#3114)),
.UNSPECIFIED.,.F.,.F.,.F.)B_SPLINE_SURFACE_WITH_KNOTS((4,4),(4,4),(0.E0,1.E0),(
0.E0,1.E0),.UNSPECIFIED.)GEOMETRIC_REPRESENTATION_ITEM()RATIONAL_B_SPLINE_SURFACE(((1.982312527454E0,1.277336053931E0,1.277336053931E0,1.982312527454E0),(
1.157555673166E0,7.458902545838E-1,7.458902545838E-1,1.157555673166E0),(
1.157555673166E0,7.458902545838E-1,7.458902545838E-1,1.157555673166E0),(
1.982312527454E0,1.277336053931E0,1.277336053931E0,1.982312527454E0)))REPRESENTATION_ITEM('')SURFACE());
#3116=ORIENTED_EDGE('',*,*,#2945,.T.);
#3117=ORIENTED_EDGE('',*,*,#2879,.T.);
#3118=ORIENTED_EDGE('',*,*,#2831,.F.);
#3119=ORIENTED_EDGE('',*,*,#3084,.F.);
#3120=EDGE_LOOP('',(#3116,#3117,#3118,#3119));
#3121=FACE_OUTER_BOUND('',#3120,.F.);
#3122=ADVANCED_FACE('',(#3121),#3115,.T.);
#3123=FILL_AREA_STYLE_COLOUR('',#1);
#3124=FILL_AREA_STYLE('',(#3123));
#3125=SURFACE_STYLE_FILL_AREA(#3124);
#3126=SURFACE_SIDE_STYLE('',(#3125));
#3127=SURFACE_STYLE_USAGE(.POSITIVE.,#3126);
#3128=PRESENTATION_STYLE_ASSIGNMENT((#3127));
#3129=STYLED_ITEM('',(#3128),#3122);
#3130=CARTESIAN_POINT('',(-2.775528090456E0,0.E0,-2.1E0));
#3131=DIRECTION('',(0.E0,0.E0,1.E0));
#3132=DIRECTION('',(-1.E0,0.E0,0.E0));
#3133=AXIS2_PLACEMENT_3D('',#3130,#3131,#3132);
#3134=PLANE('',#3133);
#3136=ORIENTED_EDGE('',*,*,#3135,.T.);
#3137=ORIENTED_EDGE('',*,*,#3086,.T.);
#3138=ORIENTED_EDGE('',*,*,#2829,.F.);
#3140=ORIENTED_EDGE('',*,*,#3139,.T.);
#3141=EDGE_LOOP('',(#3136,#3137,#3138,#3140));
#3142=FACE_OUTER_BOUND('',#3141,.F.);
#3143=ADVANCED_FACE('',(#3142),#3134,.T.);
#3144=FILL_AREA_STYLE_COLOUR('',#1);
#3145=FILL_AREA_STYLE('',(#3144));
#3146=SURFACE_STYLE_FILL_AREA(#3145);
#3147=SURFACE_SIDE_STYLE('',(#3146));
#3148=SURFACE_STYLE_USAGE(.POSITIVE.,#3147);
#3149=PRESENTATION_STYLE_ASSIGNMENT((#3148));
#3150=STYLED_ITEM('',(#3149),#3143);
#3151=CARTESIAN_POINT('',(1.051827655304E1,-4.65E0,-2.45E0));
#3152=DIRECTION('',(-1.E0,0.E0,0.E0));
#3153=DIRECTION('',(0.E0,-1.E0,0.E0));
#3154=AXIS2_PLACEMENT_3D('',#3151,#3152,#3153);
#3155=CYLINDRICAL_SURFACE('',#3154,3.5E-1);
#3157=ORIENTED_EDGE('',*,*,#3156,.T.);
#3159=ORIENTED_EDGE('',*,*,#3158,.F.);
#3161=ORIENTED_EDGE('',*,*,#3160,.T.);
#3162=ORIENTED_EDGE('',*,*,#3064,.T.);
#3163=ORIENTED_EDGE('',*,*,#3135,.F.);
#3164=EDGE_LOOP('',(#3157,#3159,#3161,#3162,#3163));
#3165=FACE_OUTER_BOUND('',#3164,.F.);
#3166=ADVANCED_FACE('',(#3165),#3155,.T.);
#3167=FILL_AREA_STYLE_COLOUR('',#1);
#3168=FILL_AREA_STYLE('',(#3167));
#3169=SURFACE_STYLE_FILL_AREA(#3168);
#3170=SURFACE_SIDE_STYLE('',(#3169));
#3171=SURFACE_STYLE_USAGE(.POSITIVE.,#3170);
#3172=PRESENTATION_STYLE_ASSIGNMENT((#3171));
#3173=STYLED_ITEM('',(#3172),#3166);
#3174=CARTESIAN_POINT('',(-3.203157371869E0,-4.615523942430E0,
-2.089793015661E0));
#3175=CARTESIAN_POINT('',(-3.204339939697E0,-4.626935641582E0,
-2.088702705939E0));
#3176=CARTESIAN_POINT('',(-3.205456251044E0,-4.648973594095E0,
-2.087661728334E0));
#3177=CARTESIAN_POINT('',(-3.203978209638E0,-4.681013856766E0,
-2.089039819891E0));
#3178=CARTESIAN_POINT('',(-3.199928917661E0,-4.710593510757E0,
-2.092800621426E0));
#3179=CARTESIAN_POINT('',(-3.193751066124E0,-4.737994251916E0,
-2.098499065326E0));
#3180=CARTESIAN_POINT('',(-3.185784434809E0,-4.763427316683E0,
-2.105779281498E0));
#3181=CARTESIAN_POINT('',(-3.176095716352E0,-4.787499695084E0,
-2.114533480142E0));
#3182=CARTESIAN_POINT('',(-3.164318502444E0,-4.811135623179E0,
-2.125031895589E0));
#3183=CARTESIAN_POINT('',(-3.149838609003E0,-4.834962868735E0,
-2.137729668976E0));
#3184=CARTESIAN_POINT('',(-3.132058759487E0,-4.859035828434E0,
-2.153011214262E0));
#3185=CARTESIAN_POINT('',(-3.110552072436E0,-4.882964292987E0,
-2.171052601908E0));
#3186=CARTESIAN_POINT('',(-3.084977207278E0,-4.906248528406E0,
-2.191900134901E0));
#3187=CARTESIAN_POINT('',(-3.054932184848E0,-4.928446967510E0,
-2.215589291616E0));
#3188=CARTESIAN_POINT('',(-3.022883762676E0,-4.947395361373E0,
-2.239909057426E0));
#3189=CARTESIAN_POINT('',(-3.000409952193E0,-4.958134199762E0,
-2.256319968394E0));
#3190=CARTESIAN_POINT('',(-2.989956211553E0,-4.962668493701E0,
-2.263816612781E0));
#3191=CARTESIAN_POINT('',(-2.936595338649E0,-4.645023249186E0,
-2.200769299847E0));
#3192=CARTESIAN_POINT('',(-2.937221841992E0,-4.646722358007E0,
-2.201054059772E0));
#3193=CARTESIAN_POINT('',(-2.937846547997E0,-4.649854054339E0,
-2.201347787448E0));
#3194=CARTESIAN_POINT('',(-2.937019429513E0,-4.654407595794E0,
-2.200959555567E0));
#3195=CARTESIAN_POINT('',(-2.934734092497E0,-4.658935363512E0,
-2.199928855821E0));
#3196=CARTESIAN_POINT('',(-2.931195382047E0,-4.663676661512E0,
-2.198442610716E0));
#3197=CARTESIAN_POINT('',(-2.926543474883E0,-4.668768828091E0,
-2.196672855403E0));
#3198=CARTESIAN_POINT('',(-2.920759565732E0,-4.674389083940E0,
-2.194729794941E0));
#3199=CARTESIAN_POINT('',(-2.913552933070E0,-4.680852840553E0,
-2.192658549780E0));
#3200=CARTESIAN_POINT('',(-2.904442705209E0,-4.688535630247E0,
-2.190523602274E0));
#3201=CARTESIAN_POINT('',(-2.892902371147E0,-4.697757644385E0,
-2.188483252694E0));
#3202=CARTESIAN_POINT('',(-2.878462166086E0,-4.708708105853E0,
-2.186801096900E0));
#3203=CARTESIAN_POINT('',(-2.860671137479E0,-4.721475482732E0,
-2.185806104849E0));
#3204=CARTESIAN_POINT('',(-2.839006481322E0,-4.736102350094E0,
-2.185865587264E0));
#3205=CARTESIAN_POINT('',(-2.815063410899E0,-4.751187459499E0,
-2.187253936800E0));
#3206=CARTESIAN_POINT('',(-2.797755562493E0,-4.761356439632E0,
-2.189033423368E0));
#3207=CARTESIAN_POINT('',(-2.789603595596E0,-4.765990125519E0,
-2.190017576173E0));
#3208=CARTESIAN_POINT('',(-2.819467268462E0,-4.631784370088E0,
-1.935506898138E0));
#3209=CARTESIAN_POINT('',(-2.819849435584E0,-4.637898925976E0,
-1.935657550840E0));
#3210=CARTESIAN_POINT('',(-2.820258128887E0,-4.649461341095E0,
-1.935837303343E0));
#3211=CARTESIAN_POINT('',(-2.819717027675E0,-4.666272332979E0,
-1.935600354280E0));
#3212=CARTESIAN_POINT('',(-2.818206777186E0,-4.682324694350E0,
-1.935001028798E0));
#3213=CARTESIAN_POINT('',(-2.815827712387E0,-4.698093748557E0,
-1.934216998784E0));
#3214=CARTESIAN_POINT('',(-2.812632303879E0,-4.713866716374E0,
-1.933427431926E0));
#3215=CARTESIAN_POINT('',(-2.808564178377E0,-4.730111571331E0,
-1.932782085809E0));
#3216=CARTESIAN_POINT('',(-2.803365871337E0,-4.747615767675E0,
-1.932433784619E0));
#3217=CARTESIAN_POINT('',(-2.796615088891E0,-4.767179274921E0,
-1.932621001301E0));
#3218=CARTESIAN_POINT('',(-2.787816414603E0,-4.789344198550E0,
-1.933715820956E0));
#3219=CARTESIAN_POINT('',(-2.776481240625E0,-4.814307960312E0,
-1.936202746421E0));
#3220=CARTESIAN_POINT('',(-2.762110450612E0,-4.842070497992E0,
-1.940635955766E0));
#3221=CARTESIAN_POINT('',(-2.744128149804E0,-4.872573251001E0,
-1.947629493488E0));
#3222=CARTESIAN_POINT('',(-2.723746592614E0,-4.902883108233E0,
-1.956990742018E0));
#3223=CARTESIAN_POINT('',(-2.708708681758E0,-4.922722995363E0,
-1.964692648487E0));
#3224=CARTESIAN_POINT('',(-2.701568120399E0,-4.931658891018E0,
-1.968492443843E0));
#3225=CARTESIAN_POINT('',(-3.082129265708E0,-4.601844245818E0,
-1.815698120532E0));
#3226=CARTESIAN_POINT('',(-3.083059361605E0,-4.617818414031E0,
-1.814469238193E0));
#3227=CARTESIAN_POINT('',(-3.083952467633E0,-4.648567804601E0,
-1.813310490362E0));
#3228=CARTESIAN_POINT('',(-3.082769967072E0,-4.693273656397E0,
-1.814844902029E0));
#3229=CARTESIAN_POINT('',(-3.079521569827E0,-4.734761640661E0,
-1.819051441381E0));
#3230=CARTESIAN_POINT('',(-3.074541976886E0,-4.773557331354E0,
-1.825475482164E0));
#3231=CARTESIAN_POINT('',(-3.068080341544E0,-4.810026838062E0,
-1.833768524315E0));
#3232=CARTESIAN_POINT('',(-3.060164537517E0,-4.845077584899E0,
-1.843863647549E0));
#3233=CARTESIAN_POINT('',(-3.050462520836E0,-4.880121568379E0,
-1.856142376166E0));
#3234=CARTESIAN_POINT('',(-3.038420635720E0,-4.916225126035E0,
-1.871239635290E0));
#3235=CARTESIAN_POINT('',(-3.023473735553E0,-4.953671957782E0,
-1.889760742147E0));
#3236=CARTESIAN_POINT('',(-3.005175468404E0,-4.992080326195E0,
-1.912110029756E0));
#3237=CARTESIAN_POINT('',(-2.983134726186E0,-5.030859019180E0,
-1.938566508015E0));
#3238=CARTESIAN_POINT('',(-2.956894671203E0,-5.069461966361E0,
-1.969420604615E0));
#3239=CARTESIAN_POINT('',(-2.928526350657E0,-5.104142049419E0,
-2.001978744577E0));
#3240=CARTESIAN_POINT('',(-2.908398060273E0,-5.124873808864E0,
-2.024509275404E0));
#3241=CARTESIAN_POINT('',(-2.898989402137E0,-5.133853564081E0,
-2.034915315337E0));
#3242=(BOUNDED_SURFACE()B_SPLINE_SURFACE(3,3,((#3174,#3175,#3176,#3177,#3178,
#3179,#3180,#3181,#3182,#3183,#3184,#3185,#3186,#3187,#3188,#3189,#3190),(#3191,
#3192,#3193,#3194,#3195,#3196,#3197,#3198,#3199,#3200,#3201,#3202,#3203,#3204,
#3205,#3206,#3207),(#3208,#3209,#3210,#3211,#3212,#3213,#3214,#3215,#3216,#3217,
#3218,#3219,#3220,#3221,#3222,#3223,#3224),(#3225,#3226,#3227,#3228,#3229,#3230,
#3231,#3232,#3233,#3234,#3235,#3236,#3237,#3238,#3239,#3240,#3241)),
.UNSPECIFIED.,.F.,.F.,.F.)B_SPLINE_SURFACE_WITH_KNOTS((4,4),(4,1,1,1,1,1,1,1,1,
1,1,1,1,1,4),(0.E0,1.E0),(-3.500420949668E-2,0.E0,3.191106194949E-2,
6.215758740811E-2,9.097969664559E-2,1.183299870582E-1,1.451743912666E-1,
1.729253697995E-1,2.029563326291E-1,2.359130156779E-1,2.718495766636E-1,
3.108566494943E-1,3.532807532890E-1,3.995879945260E-1,4.384908751053E-1),
.UNSPECIFIED.)GEOMETRIC_REPRESENTATION_ITEM()RATIONAL_B_SPLINE_SURFACE(((
1.967248080368E0,1.967248080368E0,1.967248080368E0,1.967248080368E0,
1.967248080368E0,1.967248080368E0,1.967248080368E0,1.967248080368E0,
1.967248080368E0,1.967248080368E0,1.967248080368E0,1.967248080368E0,
1.967248080368E0,1.967248080368E0,1.967248080368E0,1.967248080368E0,
1.967248080368E0),(6.775839732108E-1,6.775839732108E-1,6.775839732108E-1,
6.775839732108E-1,6.775839732108E-1,6.775839732108E-1,6.775839732108E-1,
6.775839732108E-1,6.775839732108E-1,6.775839732108E-1,6.775839732108E-1,
6.775839732108E-1,6.775839732108E-1,6.775839732108E-1,6.775839732108E-1,
6.775839732108E-1,6.775839732108E-1),(6.775839732108E-1,6.775839732108E-1,
6.775839732108E-1,6.775839732108E-1,6.775839732108E-1,6.775839732108E-1,
6.775839732108E-1,6.775839732108E-1,6.775839732108E-1,6.775839732108E-1,
6.775839732108E-1,6.775839732108E-1,6.775839732108E-1,6.775839732108E-1,
6.775839732108E-1,6.775839732108E-1,6.775839732108E-1),(1.967248080368E0,
1.967248080368E0,1.967248080368E0,1.967248080368E0,1.967248080368E0,
1.967248080368E0,1.967248080368E0,1.967248080368E0,1.967248080368E0,
1.967248080368E0,1.967248080368E0,1.967248080368E0,1.967248080368E0,
1.967248080368E0,1.967248080368E0,1.967248080368E0,1.967248080368E0)))REPRESENTATION_ITEM('')SURFACE());
#3243=ORIENTED_EDGE('',*,*,#3156,.F.);
#3245=ORIENTED_EDGE('',*,*,#3244,.T.);
#3246=ORIENTED_EDGE('',*,*,#2243,.T.);
#3248=ORIENTED_EDGE('',*,*,#3247,.F.);
#3249=EDGE_LOOP('',(#3243,#3245,#3246,#3248));
#3250=FACE_OUTER_BOUND('',#3249,.F.);
#3251=ADVANCED_FACE('',(#3250),#3242,.F.);
#3252=FILL_AREA_STYLE_COLOUR('',#1);
#3253=FILL_AREA_STYLE('',(#3252));
#3254=SURFACE_STYLE_FILL_AREA(#3253);
#3255=SURFACE_SIDE_STYLE('',(#3254));
#3256=SURFACE_STYLE_USAGE(.POSITIVE.,#3255);
#3257=PRESENTATION_STYLE_ASSIGNMENT((#3256));
#3258=STYLED_ITEM('',(#3257),#3251);
#3259=CARTESIAN_POINT('',(-3.146508793367E0,-4.474598E0,-1.95E0));
#3260=DIRECTION('',(0.E0,-1.E0,0.E0));
#3261=DIRECTION('',(0.E0,0.E0,-1.E0));
#3262=AXIS2_PLACEMENT_3D('',#3259,#3260,#3261);
#3263=CYLINDRICAL_SURFACE('',#3262,1.5E-1);
#3264=ORIENTED_EDGE('',*,*,#3139,.F.);
#3266=ORIENTED_EDGE('',*,*,#3265,.T.);
#3267=ORIENTED_EDGE('',*,*,#2245,.T.);
#3268=ORIENTED_EDGE('',*,*,#3244,.F.);
#3269=EDGE_LOOP('',(#3264,#3266,#3267,#3268));
#3270=FACE_OUTER_BOUND('',#3269,.F.);
#3271=ADVANCED_FACE('',(#3270),#3263,.F.);
#3272=FILL_AREA_STYLE_COLOUR('',#1);
#3273=FILL_AREA_STYLE('',(#3272));
#3274=SURFACE_STYLE_FILL_AREA(#3273);
#3275=SURFACE_SIDE_STYLE('',(#3274));
#3276=SURFACE_STYLE_USAGE(.POSITIVE.,#3275);
#3277=PRESENTATION_STYLE_ASSIGNMENT((#3276));
#3278=STYLED_ITEM('',(#3277),#3271);
#3279=CARTESIAN_POINT('',(-2.884138605511E0,-4.204089200814E0,
-2.335359370905E0));
#3280=CARTESIAN_POINT('',(-2.893772208225E0,-4.206165787103E0,
-2.329221427876E0));
#3281=CARTESIAN_POINT('',(-2.926025280877E0,-4.213842529400E0,
-2.308342252111E0));
#3282=CARTESIAN_POINT('',(-2.977140646737E0,-4.230421978544E0,
-2.273437145155E0));
#3283=CARTESIAN_POINT('',(-3.033397653511E0,-4.257394637518E0,
-2.232261381278E0));
#3284=CARTESIAN_POINT('',(-3.080325942514E0,-4.289026641845E0,
-2.195780888730E0));
#3285=CARTESIAN_POINT('',(-3.118172228793E0,-4.323975361629E0,
-2.164821204260E0));
#3286=CARTESIAN_POINT('',(-3.147419590924E0,-4.360452035291E0,
-2.139893145803E0));
#3287=CARTESIAN_POINT('',(-3.169042799852E0,-4.396744534511E0,
-2.120874046370E0));
#3288=CARTESIAN_POINT('',(-3.184345603737E0,-4.431697703655E0,
-2.107100425304E0));
#3289=CARTESIAN_POINT('',(-3.194594331771E0,-4.464573385765E0,
-2.097727206539E0));
#3290=CARTESIAN_POINT('',(-3.200919022005E0,-4.495078301779E0,
-2.091882665059E0));
#3291=CARTESIAN_POINT('',(-3.204238506679E0,-4.523278837480E0,
-2.088796948913E0));
#3292=CARTESIAN_POINT('',(-3.205366832250E0,-4.553029615169E0,
-2.087745081919E0));
#3293=CARTESIAN_POINT('',(-3.204326162890E0,-4.573352464706E0,
-2.088715835808E0));
#3294=CARTESIAN_POINT('',(-3.203118190609E0,-4.584909799449E0,
-2.089831109054E0));
#3295=CARTESIAN_POINT('',(-2.704093577651E0,-4.390418770808E0,
-2.204437633573E0));
#3296=CARTESIAN_POINT('',(-2.712122718499E0,-4.394082127067E0,
-2.202782675265E0));
#3297=CARTESIAN_POINT('',(-2.738790331014E0,-4.406629311826E0,
-2.197498693848E0));
#3298=CARTESIAN_POINT('',(-2.779918821860E0,-4.428014352339E0,
-2.190752388180E0));
#3299=CARTESIAN_POINT('',(-2.823194818614E0,-4.453563847296E0,
-2.186363314385E0));
#3300=CARTESIAN_POINT('',(-2.857517738904E0,-4.476159237047E0,
-2.185493342047E0));
#3301=CARTESIAN_POINT('',(-2.883747672711E0,-4.495106296325E0,
-2.187121677779E0));
#3302=CARTESIAN_POINT('',(-2.902968449756E0,-4.510159619587E0,
-2.190088643691E0));
#3303=CARTESIAN_POINT('',(-2.916508685245E0,-4.521651960916E0,
-2.193382304550E0));
#3304=CARTESIAN_POINT('',(-2.925711255916E0,-4.530293734465E0,
-2.196340067533E0));
#3305=CARTESIAN_POINT('',(-2.931686241871E0,-4.536843183249E0,
-2.198632453231E0));
#3306=CARTESIAN_POINT('',(-2.935295108444E0,-4.541970895258E0,
-2.200177266754E0));
#3307=CARTESIAN_POINT('',(-2.937164706577E0,-4.546202635266E0,
-2.201028276007E0));
#3308=CARTESIAN_POINT('',(-2.937797075254E0,-4.550430538540E0,
-2.201324260715E0));
#3309=CARTESIAN_POINT('',(-2.937212797497E0,-4.553318644310E0,
-2.201049866581E0));
#3310=CARTESIAN_POINT('',(-2.936566112083E0,-4.555041463686E0,
-2.200755918359E0));
#3311=CARTESIAN_POINT('',(-2.624981321852E0,-4.187017558827E0,
-2.013019148145E0));
#3312=CARTESIAN_POINT('',(-2.632305457962E0,-4.193643182916E0,
-2.008512317732E0));
#3313=CARTESIAN_POINT('',(-2.656518804695E0,-4.216500560428E0,
-1.993749691094E0));
#3314=CARTESIAN_POINT('',(-2.693259036559E0,-4.256475482661E0,
-1.972500703993E0));
#3315=CARTESIAN_POINT('',(-2.730831143583E0,-4.306320559987E0,
-1.953300744735E0));
#3316=CARTESIAN_POINT('',(-2.759615231916E0,-4.352666537197E0,
-1.941251593906E0));
#3317=CARTESIAN_POINT('',(-2.780740910087E0,-4.393981544675E0,
-1.934915770373E0));
#3318=CARTESIAN_POINT('',(-2.795555979441E0,-4.429341532764E0,
-1.932535907783E0));
#3319=CARTESIAN_POINT('',(-2.805544535275E0,-4.458795030332E0,
-1.932413067969E0));
#3320=CARTESIAN_POINT('',(-2.812066647528E0,-4.483173424895E0,
-1.933265069099E0));
#3321=CARTESIAN_POINT('',(-2.816163740044E0,-4.503508101946E0,
-1.934304377752E0));
#3322=CARTESIAN_POINT('',(-2.818579266603E0,-4.520815877270E0,
-1.935142143368E0));
#3323=CARTESIAN_POINT('',(-2.819811780800E0,-4.535980229524E0,
-1.935642640326E0));
#3324=CARTESIAN_POINT('',(-2.820226224721E0,-4.551589541805E0,
-1.935822932657E0));
#3325=CARTESIAN_POINT('',(-2.819842486627E0,-4.562252331346E0,
-1.935654515349E0));
#3326=CARTESIAN_POINT('',(-2.819442432129E0,-4.568448251537E0,
-1.935496027393E0));
#3327=CARTESIAN_POINT('',(-2.802392126642E0,-3.993915281372E0,
-2.137567170237E0));
#3328=CARTESIAN_POINT('',(-2.811297249877E0,-3.999052770959E0,
-2.128482395516E0));
#3329=CARTESIAN_POINT('',(-2.841014336368E0,-4.017383007401E0,
-2.097808961409E0));
#3330=CARTESIAN_POINT('',(-2.887595326150E0,-4.053171330793E0,
-2.047918273150E0));
#3331=CARTESIAN_POINT('',(-2.937958519170E0,-4.105248548988E0,
-1.991438461584E0));
#3332=CARTESIAN_POINT('',(-2.979163548168E0,-4.161421970776E0,
-1.943406554288E0));
#3333=CARTESIAN_POINT('',(-3.011735620973E0,-4.219483430632E0,
-1.904217525700E0));
#3334=CARTESIAN_POINT('',(-3.036430577322E0,-4.276942925861E0,
-1.873764603884E0));
#3335=CARTESIAN_POINT('',(-3.054383845318E0,-4.331794639001E0,
-1.851215243594E0));
#3336=CARTESIAN_POINT('',(-3.066916938806E0,-4.383008415862E0,
-1.835265744529E0));
#3337=CARTESIAN_POINT('',(-3.075225244654E0,-4.430128336868E0,
-1.824597724660E0));
#3338=CARTESIAN_POINT('',(-3.080316859895E0,-4.473218879197E0,
-1.818022592500E0));
#3339=CARTESIAN_POINT('',(-3.082978047469E0,-4.512716053414E0,
-1.814574692951E0));
#3340=CARTESIAN_POINT('',(-3.083881191983E0,-4.554227210093E0,
-1.813403281340E0));
#3341=CARTESIAN_POINT('',(-3.083047739712E0,-4.582583619237E0,
-1.814483540796E0));
#3342=CARTESIAN_POINT('',(-3.082094610487E0,-4.598762996892E0,
-1.815738784765E0));
#3343=(BOUNDED_SURFACE()B_SPLINE_SURFACE(3,3,((#3279,#3280,#3281,#3282,#3283,
#3284,#3285,#3286,#3287,#3288,#3289,#3290,#3291,#3292,#3293,#3294),(#3295,#3296,
#3297,#3298,#3299,#3300,#3301,#3302,#3303,#3304,#3305,#3306,#3307,#3308,#3309,
#3310),(#3311,#3312,#3313,#3314,#3315,#3316,#3317,#3318,#3319,#3320,#3321,#3322,
#3323,#3324,#3325,#3326),(#3327,#3328,#3329,#3330,#3331,#3332,#3333,#3334,#3335,
#3336,#3337,#3338,#3339,#3340,#3341,#3342)),.UNSPECIFIED.,.F.,.F.,.F.)B_SPLINE_SURFACE_WITH_KNOTS((4,4),(4,1,1,1,1,1,1,1,1,1,1,1,1,4),(0.E0,1.E0),(
-6.185585256432E-2,0.E0,1.468884244309E-1,2.801773157727E-1,4.019756145293E-1,
5.119121021777E-1,6.090318251448E-1,6.947206155632E-1,7.702765121686E-1,
8.371064860870E-1,8.966885623806E-1,9.504999079E-1,1.E0,1.066805866865E0),
.UNSPECIFIED.)GEOMETRIC_REPRESENTATION_ITEM()RATIONAL_B_SPLINE_SURFACE(((
1.967247994638E0,1.967247994638E0,1.967247994638E0,1.967247994638E0,
1.967247994638E0,1.967247994638E0,1.967247994638E0,1.967247994638E0,
1.967247994638E0,1.967247994638E0,1.967247994638E0,1.967247994638E0,
1.967247994638E0,1.967247994638E0,1.967247994638E0,1.967247994638E0),(
6.775840017873E-1,6.775840017873E-1,6.775840017873E-1,6.775840017873E-1,
6.775840017873E-1,6.775840017873E-1,6.775840017873E-1,6.775840017873E-1,
6.775840017873E-1,6.775840017873E-1,6.775840017873E-1,6.775840017873E-1,
6.775840017873E-1,6.775840017873E-1,6.775840017873E-1,6.775840017873E-1),(
6.775840017873E-1,6.775840017873E-1,6.775840017873E-1,6.775840017873E-1,
6.775840017873E-1,6.775840017873E-1,6.775840017873E-1,6.775840017873E-1,
6.775840017873E-1,6.775840017873E-1,6.775840017873E-1,6.775840017873E-1,
6.775840017873E-1,6.775840017873E-1,6.775840017873E-1,6.775840017873E-1),(
1.967247994638E0,1.967247994638E0,1.967247994638E0,1.967247994638E0,
1.967247994638E0,1.967247994638E0,1.967247994638E0,1.967247994638E0,
1.967247994638E0,1.967247994638E0,1.967247994638E0,1.967247994638E0,
1.967247994638E0,1.967247994638E0,1.967247994638E0,1.967247994638E0)))REPRESENTATION_ITEM('')SURFACE());
#3344=ORIENTED_EDGE('',*,*,#2827,.F.);
#3345=ORIENTED_EDGE('',*,*,#2807,.T.);
#3346=ORIENTED_EDGE('',*,*,#2247,.T.);
#3347=ORIENTED_EDGE('',*,*,#3265,.F.);
#3348=EDGE_LOOP('',(#3344,#3345,#3346,#3347));
#3349=FACE_OUTER_BOUND('',#3348,.F.);
#3350=ADVANCED_FACE('',(#3349),#3343,.F.);
#3351=FILL_AREA_STYLE_COLOUR('',#1);
#3352=FILL_AREA_STYLE('',(#3351));
#3353=SURFACE_STYLE_FILL_AREA(#3352);
#3354=SURFACE_SIDE_STYLE('',(#3353));
#3355=SURFACE_STYLE_USAGE(.POSITIVE.,#3354);
#3356=PRESENTATION_STYLE_ASSIGNMENT((#3355));
#3357=STYLED_ITEM('',(#3356),#3350);
#3358=CARTESIAN_POINT('',(-3.056869464937E0,-4.831197894153E0,
-2.159293150385E0));
#3359=CARTESIAN_POINT('',(-3.045586726062E0,-4.836461596032E0,
-2.161547650343E0));
#3360=CARTESIAN_POINT('',(-3.024509135739E0,-4.845811778472E0,
-2.165401800873E0));
#3361=CARTESIAN_POINT('',(-2.997447792742E0,-4.857352266145E0,
-2.168395037183E0));
#3362=CARTESIAN_POINT('',(-2.977760026857E0,-4.864927943674E0,
-2.168096253311E0));
#3363=CARTESIAN_POINT('',(-2.965749399601E0,-4.867171574475E0,
-2.163541310103E0));
#3364=CARTESIAN_POINT('',(-2.961363758892E0,-4.861220990108E0,
-2.151622280580E0));
#3365=CARTESIAN_POINT('',(-2.963243456042E0,-4.845537415704E0,
-2.128503602048E0));
#3366=CARTESIAN_POINT('',(-2.969839815725E0,-4.819957951222E0,
-2.093678482043E0));
#3367=CARTESIAN_POINT('',(-2.978010613655E0,-4.785452126588E0,
-2.051553050788E0));
#3368=CARTESIAN_POINT('',(-2.983261727667E0,-4.747669053241E0,
-2.009821110347E0));
#3369=CARTESIAN_POINT('',(-2.985190860115E0,-4.716958286409E0,
-1.973651988828E0));
#3370=CARTESIAN_POINT('',(-2.987354874425E0,-4.697112464204E0,
-1.943046754006E0));
#3371=CARTESIAN_POINT('',(-2.991711112761E0,-4.685332357543E0,
-1.916761045955E0));
#3372=CARTESIAN_POINT('',(-2.998420824935E0,-4.678648335395E0,
-1.894083291039E0));
#3373=CARTESIAN_POINT('',(-3.006964768224E0,-4.675092774870E0,
-1.874700733718E0));
#3374=CARTESIAN_POINT('',(-3.016729811391E0,-4.673484061149E0,
-1.858295855872E0));
#3375=CARTESIAN_POINT('',(-3.030404217616E0,-4.672983542747E0,
-1.840318117774E0));
#3376=CARTESIAN_POINT('',(-3.042083086948E0,-4.673740053361E0,
-1.829091145462E0));
#3377=CARTESIAN_POINT('',(-3.050255469648E0,-4.674542868821E0,
-1.822691252927E0));
#3378=CARTESIAN_POINT('',(-3.022982115183E0,-5.017806328125E0,
-2.227410036722E0));
#3379=CARTESIAN_POINT('',(-3.009082743903E0,-5.019530632537E0,
-2.236293511744E0));
#3380=CARTESIAN_POINT('',(-2.980827316605E0,-5.022066730336E0,
-2.252596774431E0));
#3381=CARTESIAN_POINT('',(-2.936195483829E0,-5.021450148645E0,
-2.267800103929E0));
#3382=CARTESIAN_POINT('',(-2.893747740016E0,-5.017659408223E0,
-2.269217452692E0));
#3383=CARTESIAN_POINT('',(-2.856893818927E0,-5.012278986880E0,
-2.251618541294E0));
#3384=CARTESIAN_POINT('',(-2.837148112404E0,-5.007481352238E0,
-2.213478418668E0));
#3385=CARTESIAN_POINT('',(-2.842031751617E0,-5.002757426378E0,
-2.163707292265E0));
#3386=CARTESIAN_POINT('',(-2.868128088776E0,-4.993669066710E0,
-2.109714517783E0));
#3387=CARTESIAN_POINT('',(-2.908081100042E0,-4.975191666295E0,
-2.055798039171E0));
#3388=CARTESIAN_POINT('',(-2.950270590527E0,-4.946948477704E0,
-2.008520896100E0));
#3389=CARTESIAN_POINT('',(-2.983177142733E0,-4.918411724470E0,
-1.974131160291E0));
#3390=CARTESIAN_POINT('',(-3.005297511492E0,-4.897319207118E0,
-1.951247649269E0));
#3391=CARTESIAN_POINT('',(-3.020558972029E0,-4.883449181351E0,
-1.935392000106E0));
#3392=CARTESIAN_POINT('',(-3.031973150652E0,-4.874640313900E0,
-1.923646761632E0));
#3393=CARTESIAN_POINT('',(-3.041203741285E0,-4.869117797444E0,
-1.914527677163E0));
#3394=CARTESIAN_POINT('',(-3.049106291836E0,-4.865724736088E0,
-1.907229846809E0));
#3395=CARTESIAN_POINT('',(-3.058290028414E0,-4.863105489693E0,
-1.899472280911E0));
#3396=CARTESIAN_POINT('',(-3.064875579746E0,-4.862360827438E0,
-1.894725148087E0));
#3397=CARTESIAN_POINT('',(-3.069264027615E0,-4.862055185841E0,
-1.892022983633E0));
#3398=CARTESIAN_POINT('',(-3.017731068858E0,-5.032893066620E0,
-2.427995727161E0));
#3399=CARTESIAN_POINT('',(-2.995851557731E0,-5.025301815886E0,
-2.437075993564E0));
#3400=CARTESIAN_POINT('',(-2.951667139989E0,-5.010780598924E0,
-2.452237997640E0));
#3401=CARTESIAN_POINT('',(-2.878648024371E0,-4.986499869389E0,
-2.458384175106E0));
#3402=CARTESIAN_POINT('',(-2.803996025761E0,-4.963896634985E0,
-2.442608247714E0));
#3403=CARTESIAN_POINT('',(-2.731191509014E0,-4.946852748678E0,
-2.396793787621E0));
#3404=CARTESIAN_POINT('',(-2.678751810901E0,-4.942615205935E0,
-2.322083960745E0));
#3405=CARTESIAN_POINT('',(-2.660676064163E0,-4.952789293954E0,
-2.238121671192E0));
#3406=CARTESIAN_POINT('',(-2.672989382493E0,-4.971125401273E0,
-2.158028796226E0));
#3407=CARTESIAN_POINT('',(-2.708146547183E0,-4.989023214460E0,
-2.084671325398E0));
#3408=CARTESIAN_POINT('',(-2.754960685989E0,-4.998327217374E0,
-2.019481204012E0));
#3409=CARTESIAN_POINT('',(-2.798269461618E0,-4.998754340317E0,
-1.966095759078E0));
#3410=CARTESIAN_POINT('',(-2.831826886982E0,-4.996279675879E0,
-1.924809446735E0));
#3411=CARTESIAN_POINT('',(-2.858078209627E0,-4.994214544517E0,
-1.892364947430E0));
#3412=CARTESIAN_POINT('',(-2.880015504368E0,-4.993268209455E0,
-1.866037943814E0));
#3413=CARTESIAN_POINT('',(-2.899423001285E0,-4.993328950540E0,
-1.844332338795E0));
#3414=CARTESIAN_POINT('',(-2.917209502500E0,-4.994137942085E0,
-1.826273204427E0));
#3415=CARTESIAN_POINT('',(-2.938925444065E0,-4.995856330079E0,
-1.806589716712E0));
#3416=CARTESIAN_POINT('',(-2.955314885946E0,-4.997788607755E0,
-1.794243874546E0));
#3417=CARTESIAN_POINT('',(-2.966383996536E0,-4.999065894841E0,
-1.787211007741E0));
#3418=CARTESIAN_POINT('',(-3.047327987162E0,-4.858611436358E0,
-2.523769825871E0));
#3419=CARTESIAN_POINT('',(-3.021544837838E0,-4.846948195131E0,
-2.526381908009E0));
#3420=CARTESIAN_POINT('',(-2.971523281135E0,-4.825304175725E0,
-2.528162320659E0));
#3421=CARTESIAN_POINT('',(-2.892880479590E0,-4.793845434912E0,
-2.514698148394E0));
#3422=CARTESIAN_POINT('',(-2.814675579710E0,-4.767237640782E0,
-2.483158112367E0));
#3423=CARTESIAN_POINT('',(-2.737340484100E0,-4.748288030303E0,
-2.427333762239E0));
#3424=CARTESIAN_POINT('',(-2.673547827183E0,-4.743355167754E0,
-2.348965305544E0));
#3425=CARTESIAN_POINT('',(-2.633708892041E0,-4.754742211190E0,
-2.263719156958E0));
#3426=CARTESIAN_POINT('',(-2.615260649238E0,-4.778994708962E0,
-2.181468531007E0));
#3427=CARTESIAN_POINT('',(-2.614717095651E0,-4.810584909895E0,
-2.104017607714E0));
#3428=CARTESIAN_POINT('',(-2.628371483304E0,-4.841027418858E0,
-2.029736671529E0));
#3429=CARTESIAN_POINT('',(-2.649202102705E0,-4.862945816526E0,
-1.959051165041E0));
#3430=CARTESIAN_POINT('',(-2.672147960224E0,-4.876929791050E0,
-1.895006895607E0));
#3431=CARTESIAN_POINT('',(-2.696473461553E0,-4.886599911761E0,
-1.838578215062E0));
#3432=CARTESIAN_POINT('',(-2.722304330227E0,-4.894202599995E0,
-1.789404485930E0));
#3433=CARTESIAN_POINT('',(-2.749340345214E0,-4.900792165688E0,
-1.747151437917E0));
#3434=CARTESIAN_POINT('',(-2.777065141496E0,-4.906818843447E0,
-1.711192601350E0));
#3435=CARTESIAN_POINT('',(-2.813511343658E0,-4.914200076520E0,
-1.671544721547E0));
#3436=CARTESIAN_POINT('',(-2.843004491896E0,-4.919820753487E0,
-1.646510421737E0));
#3437=CARTESIAN_POINT('',(-2.863316054281E0,-4.923499848818E0,
-1.632241373673E0));
#3438=(BOUNDED_SURFACE()B_SPLINE_SURFACE(3,3,((#3358,#3359,#3360,#3361,#3362,
#3363,#3364,#3365,#3366,#3367,#3368,#3369,#3370,#3371,#3372,#3373,#3374,#3375,
#3376,#3377),(#3378,#3379,#3380,#3381,#3382,#3383,#3384,#3385,#3386,#3387,#3388,
#3389,#3390,#3391,#3392,#3393,#3394,#3395,#3396,#3397),(#3398,#3399,#3400,#3401,
#3402,#3403,#3404,#3405,#3406,#3407,#3408,#3409,#3410,#3411,#3412,#3413,#3414,
#3415,#3416,#3417),(#3418,#3419,#3420,#3421,#3422,#3423,#3424,#3425,#3426,#3427,
#3428,#3429,#3430,#3431,#3432,#3433,#3434,#3435,#3436,#3437)),.UNSPECIFIED.,.F.,
.F.,.F.)B_SPLINE_SURFACE_WITH_KNOTS((4,4),(4,1,1,1,1,1,1,1,1,1,1,1,1,1,1,1,1,4),
(0.E0,1.E0),(-7.842142739329E-2,0.E0,6.613769665226E-2,1.284619133350E-1,
1.899019545580E-1,2.532992474958E-1,3.231529758554E-1,4.021779015562E-1,
4.910561171504E-1,5.797662408929E-1,6.597305551377E-1,7.306600472715E-1,
7.950904345098E-1,8.537901336594E-1,9.070900014533E-1,9.555714327425E-1,1.E0,
1.081386290954E0),.UNSPECIFIED.)GEOMETRIC_REPRESENTATION_ITEM()RATIONAL_B_SPLINE_SURFACE(((1.419918950789E0,1.419918950789E0,1.419918950789E0,1.419918950789E0,
1.419918950789E0,1.419918950789E0,1.419918950789E0,1.419918950789E0,
1.419918950789E0,1.419918950789E0,1.419918950789E0,1.419918950789E0,
1.419918950789E0,1.419918950789E0,1.419918950789E0,1.419918950789E0,
1.419918950789E0,1.419918950789E0,1.419918950789E0,1.419918950789E0),(
8.600270164036E-1,8.600270164036E-1,8.600270164036E-1,8.600270164036E-1,
8.600270164036E-1,8.600270164036E-1,8.600270164036E-1,8.600270164036E-1,
8.600270164036E-1,8.600270164036E-1,8.600270164036E-1,8.600270164036E-1,
8.600270164036E-1,8.600270164036E-1,8.600270164036E-1,8.600270164036E-1,
8.600270164036E-1,8.600270164036E-1,8.600270164036E-1,8.600270164036E-1),(
8.600270164036E-1,8.600270164036E-1,8.600270164036E-1,8.600270164036E-1,
8.600270164036E-1,8.600270164036E-1,8.600270164036E-1,8.600270164036E-1,
8.600270164036E-1,8.600270164036E-1,8.600270164036E-1,8.600270164036E-1,
8.600270164036E-1,8.600270164036E-1,8.600270164036E-1,8.600270164036E-1,
8.600270164036E-1,8.600270164036E-1,8.600270164036E-1,8.600270164036E-1),(
1.419918950789E0,1.419918950789E0,1.419918950789E0,1.419918950789E0,
1.419918950789E0,1.419918950789E0,1.419918950789E0,1.419918950789E0,
1.419918950789E0,1.419918950789E0,1.419918950789E0,1.419918950789E0,
1.419918950789E0,1.419918950789E0,1.419918950789E0,1.419918950789E0,
1.419918950789E0,1.419918950789E0,1.419918950789E0,1.419918950789E0)))REPRESENTATION_ITEM('')SURFACE());
#3439=ORIENTED_EDGE('',*,*,#3247,.T.);
#3441=ORIENTED_EDGE('',*,*,#3440,.T.);
#3443=ORIENTED_EDGE('',*,*,#3442,.F.);
#3445=ORIENTED_EDGE('',*,*,#3444,.F.);
#3446=EDGE_LOOP('',(#3439,#3441,#3443,#3445));
#3447=FACE_OUTER_BOUND('',#3446,.F.);
#3448=ADVANCED_FACE('',(#3447),#3438,.T.);
#3449=FILL_AREA_STYLE_COLOUR('',#1);
#3450=FILL_AREA_STYLE('',(#3449));
#3451=SURFACE_STYLE_FILL_AREA(#3450);
#3452=SURFACE_SIDE_STYLE('',(#3451));
#3453=SURFACE_STYLE_USAGE(.POSITIVE.,#3452);
#3454=PRESENTATION_STYLE_ASSIGNMENT((#3453));
#3455=STYLED_ITEM('',(#3454),#3448);
#3456=CARTESIAN_POINT('',(-3.004558485368E0,-4.660731669786E0,
-1.865050019495E0));
#3457=CARTESIAN_POINT('',(-3.033694526982E0,-4.665869140033E0,
-1.833929394215E0));
#3458=CARTESIAN_POINT('',(-3.170852984683E0,-4.690053876758E0,
-1.680380464787E0));
#3459=CARTESIAN_POINT('',(-3.391574591519E0,-4.728973051269E0,
-1.368400698114E0));
#3460=CARTESIAN_POINT('',(-3.615786424703E0,-4.768507646853E0,
-8.792434419908E-1));
#3461=CARTESIAN_POINT('',(-3.725772667291E0,-4.787901188928E0,
-3.990725130142E-1));
#3462=CARTESIAN_POINT('',(-3.742206296542E0,-4.790798881156E0,
-8.453285258210E-2));
#3463=CARTESIAN_POINT('',(-3.740813141769E0,-4.790553230381E0,
3.258870157757E-2));
#3464=CARTESIAN_POINT('',(-3.040325931914E0,-4.854649697023E0,
-1.930531488789E0));
#3465=CARTESIAN_POINT('',(-3.070471187901E0,-4.859965118994E0,
-1.898332831455E0));
#3466=CARTESIAN_POINT('',(-3.212385395110E0,-4.884988422671E0,
-1.739459673511E0));
#3467=CARTESIAN_POINT('',(-3.440801429579E0,-4.925264332374E0,
-1.416612313643E0));
#3468=CARTESIAN_POINT('',(-3.672886217889E0,-4.966187142365E0,
-9.102928388247E-1));
#3469=CARTESIAN_POINT('',(-3.786757447468E0,-4.986265712466E0,
-4.131792301133E-1));
#3470=CARTESIAN_POINT('',(-3.803771630541E0,-4.989265771997E0,
-8.752081166926E-2));
#3471=CARTESIAN_POINT('',(-3.802329271611E0,-4.989011445202E0,
3.374062061894E-2));
#3472=CARTESIAN_POINT('',(-2.917376342711E0,-4.994632248106E0,
-1.838555774165E0));
#3473=CARTESIAN_POINT('',(-2.946104049364E0,-4.999697717883E0,
-1.807871327945E0));
#3474=CARTESIAN_POINT('',(-3.081338298651E0,-5.023543164748E0,
-1.656476617382E0));
#3475=CARTESIAN_POINT('',(-3.298946688028E0,-5.061913395024E0,
-1.348893952414E0));
#3476=CARTESIAN_POINT('',(-3.519973070324E0,-5.100886309671E0,
-8.666806460437E-1));
#3477=CARTESIAN_POINT('',(-3.628387420901E0,-5.120002684774E0,
-3.933648398717E-1));
#3478=CARTESIAN_POINT('',(-3.644586154150E0,-5.122858958499E0,
-8.332390412777E-2));
#3479=CARTESIAN_POINT('',(-3.643212907710E0,-5.122616818100E0,
3.212262734297E-2));
#3480=CARTESIAN_POINT('',(-2.786346935157E0,-4.909173406537E0,
-1.701811057900E0));
#3481=CARTESIAN_POINT('',(-2.812967103072E0,-4.913867260372E0,
-1.673377862131E0));
#3482=CARTESIAN_POINT('',(-2.938269937806E0,-4.935961530895E0,
-1.533101718785E0));
#3483=CARTESIAN_POINT('',(-3.139810081694E0,-4.971498495958E0,
-1.248213809510E0));
#3484=CARTESIAN_POINT('',(-3.344395400184E0,-5.007572407465E0,
-8.018403025691E-1));
#3485=CARTESIAN_POINT('',(-3.444696746433E0,-5.025258241010E0,
-3.639058334087E-1));
#3486=CARTESIAN_POINT('',(-3.459683111228E0,-5.027900741466E0,
-7.708415993772E-2));
#3487=CARTESIAN_POINT('',(-3.458412617652E0,-5.027676719170E0,
2.971707896156E-2));
#3488=(BOUNDED_SURFACE()B_SPLINE_SURFACE(3,3,((#3456,#3457,#3458,#3459,#3460,
#3461,#3462,#3463),(#3464,#3465,#3466,#3467,#3468,#3469,#3470,#3471),(#3472,
#3473,#3474,#3475,#3476,#3477,#3478,#3479),(#3480,#3481,#3482,#3483,#3484,#3485,
#3486,#3487)),.UNSPECIFIED.,.F.,.F.,.F.)B_SPLINE_SURFACE_WITH_KNOTS((4,4),(4,1,
1,1,1,4),(0.E0,1.E0),(2.286420588397E-2,3.032609894385E-2,5.887836543634E-2,
8.940002868450E-2,1.236248445586E-1,1.439545816198E-1),.UNSPECIFIED.)GEOMETRIC_REPRESENTATION_ITEM()RATIONAL_B_SPLINE_SURFACE(((1.441542719827E0,
1.441542719827E0,1.441542719827E0,1.441542719827E0,1.441542719827E0,
1.441542719827E0,1.441542719827E0,1.441542719827E0),(8.528190933910E-1,
8.528190933910E-1,8.528190933910E-1,8.528190933910E-1,8.528190933910E-1,
8.528190933910E-1,8.528190933910E-1,8.528190933910E-1),(8.528190933910E-1,
8.528190933910E-1,8.528190933910E-1,8.528190933910E-1,8.528190933910E-1,
8.528190933910E-1,8.528190933910E-1,8.528190933910E-1),(1.441542719827E0,
1.441542719827E0,1.441542719827E0,1.441542719827E0,1.441542719827E0,
1.441542719827E0,1.441542719827E0,1.441542719827E0)))REPRESENTATION_ITEM('')SURFACE());
#3490=ORIENTED_EDGE('',*,*,#3489,.F.);
#3492=ORIENTED_EDGE('',*,*,#3491,.F.);
#3493=ORIENTED_EDGE('',*,*,#3440,.F.);
#3494=ORIENTED_EDGE('',*,*,#2241,.T.);
#3496=ORIENTED_EDGE('',*,*,#3495,.T.);
#3497=EDGE_LOOP('',(#3490,#3492,#3493,#3494,#3496));
#3498=FACE_OUTER_BOUND('',#3497,.F.);
#3499=ADVANCED_FACE('',(#3498),#3488,.T.);
#3500=FILL_AREA_STYLE_COLOUR('',#1);
#3501=FILL_AREA_STYLE('',(#3500));
#3502=SURFACE_STYLE_FILL_AREA(#3501);
#3503=SURFACE_SIDE_STYLE('',(#3502));
#3504=SURFACE_STYLE_USAGE(.POSITIVE.,#3503);
#3505=PRESENTATION_STYLE_ASSIGNMENT((#3504));
#3506=STYLED_ITEM('',(#3505),#3499);
#3507=CARTESIAN_POINT('',(0.E0,-5.E0,0.E0));
#3508=DIRECTION('',(0.E0,-1.E0,0.E0));
#3509=DIRECTION('',(0.E0,0.E0,-1.E0));
#3510=AXIS2_PLACEMENT_3D('',#3507,#3508,#3509);
#3511=PLANE('',#3510);
#3513=ORIENTED_EDGE('',*,*,#3512,.F.);
#3514=ORIENTED_EDGE('',*,*,#3030,.T.);
#3515=ORIENTED_EDGE('',*,*,#3160,.F.);
#3517=ORIENTED_EDGE('',*,*,#3516,.F.);
#3518=EDGE_LOOP('',(#3513,#3514,#3515,#3517));
#3519=FACE_OUTER_BOUND('',#3518,.F.);
#3520=ADVANCED_FACE('',(#3519),#3511,.T.);
#3521=FILL_AREA_STYLE_COLOUR('',#1);
#3522=FILL_AREA_STYLE('',(#3521));
#3523=SURFACE_STYLE_FILL_AREA(#3522);
#3524=SURFACE_SIDE_STYLE('',(#3523));
#3525=SURFACE_STYLE_USAGE(.POSITIVE.,#3524);
#3526=PRESENTATION_STYLE_ASSIGNMENT((#3525));
#3527=STYLED_ITEM('',(#3526),#3520);
#3528=CARTESIAN_POINT('',(0.E0,-5.E0,0.E0));
#3529=DIRECTION('',(0.E0,-1.E0,0.E0));
#3530=DIRECTION('',(0.E0,0.E0,-1.E0));
#3531=AXIS2_PLACEMENT_3D('',#3528,#3529,#3530);
#3532=PLANE('',#3531);
#3534=ORIENTED_EDGE('',*,*,#3533,.T.);
#3536=ORIENTED_EDGE('',*,*,#3535,.T.);
#3537=ORIENTED_EDGE('',*,*,#3489,.T.);
#3538=EDGE_LOOP('',(#3534,#3536,#3537));
#3539=FACE_OUTER_BOUND('',#3538,.F.);
#3540=ADVANCED_FACE('',(#3539),#3532,.T.);
#3541=FILL_AREA_STYLE_COLOUR('',#1);
#3542=FILL_AREA_STYLE('',(#3541));
#3543=SURFACE_STYLE_FILL_AREA(#3542);
#3544=SURFACE_SIDE_STYLE('',(#3543));
#3545=SURFACE_STYLE_USAGE(.POSITIVE.,#3544);
#3546=PRESENTATION_STYLE_ASSIGNMENT((#3545));
#3547=STYLED_ITEM('',(#3546),#3540);
#3548=CARTESIAN_POINT('',(-1.374342344263E1,-4.65E0,-2.55E0));
#3549=DIRECTION('',(1.E0,0.E0,0.E0));
#3550=DIRECTION('',(0.E0,-1.E0,0.E0));
#3551=AXIS2_PLACEMENT_3D('',#3548,#3549,#3550);
#3552=CYLINDRICAL_SURFACE('',#3551,3.5E-1);
#3553=ORIENTED_EDGE('',*,*,#3512,.T.);
#3555=ORIENTED_EDGE('',*,*,#3554,.F.);
#3557=ORIENTED_EDGE('',*,*,#3556,.T.);
#3559=ORIENTED_EDGE('',*,*,#3558,.F.);
#3561=ORIENTED_EDGE('',*,*,#3560,.T.);
#3562=EDGE_LOOP('',(#3553,#3555,#3557,#3559,#3561));
#3563=FACE_OUTER_BOUND('',#3562,.F.);
#3564=ADVANCED_FACE('',(#3563),#3552,.T.);
#3565=FILL_AREA_STYLE_COLOUR('',#1);
#3566=FILL_AREA_STYLE('',(#3565));
#3567=SURFACE_STYLE_FILL_AREA(#3566);
#3568=SURFACE_SIDE_STYLE('',(#3567));
#3569=SURFACE_STYLE_USAGE(.POSITIVE.,#3568);
#3570=PRESENTATION_STYLE_ASSIGNMENT((#3569));
#3571=STYLED_ITEM('',(#3570),#3564);
#3572=CARTESIAN_POINT('',(-2.455743574859E0,-4.611907564465E0,
-2.894940390215E0));
#3573=CARTESIAN_POINT('',(-2.475351550242E0,-4.615364979562E0,
-2.894818170011E0));
#3574=CARTESIAN_POINT('',(-2.522390485698E0,-4.623659213026E0,
-2.894248265211E0));
#3575=CARTESIAN_POINT('',(-2.594115530675E0,-4.636306273648E0,
-2.892357127365E0));
#3576=CARTESIAN_POINT('',(-2.668571253115E0,-4.649434826383E0,
-2.889168950249E0));
#3577=CARTESIAN_POINT('',(-2.735844343598E0,-4.661296887310E0,
-2.885227700622E0));
#3578=CARTESIAN_POINT('',(-2.796871601409E0,-4.672057639421E0,
-2.880712100643E0));
#3579=CARTESIAN_POINT('',(-2.852391339100E0,-4.681847267138E0,
-2.875754425814E0));
#3580=CARTESIAN_POINT('',(-2.903024407714E0,-4.690775243251E0,
-2.870452696130E0));
#3581=CARTESIAN_POINT('',(-2.949285493332E0,-4.698932320802E0,
-2.864882375196E0));
#3582=CARTESIAN_POINT('',(-2.991645645142E0,-4.706401558473E0,
-2.859097037388E0));
#3583=CARTESIAN_POINT('',(-3.030532891925E0,-4.713258429286E0,
-2.853131968072E0));
#3584=CARTESIAN_POINT('',(-3.066318153766E0,-4.719568336461E0,
-2.847010027801E0));
#3585=CARTESIAN_POINT('',(-3.099330541212E0,-4.725389311065E0,
-2.840743155078E0));
#3586=CARTESIAN_POINT('',(-3.129895820516E0,-4.730778794479E0,
-2.834326588732E0));
#3587=CARTESIAN_POINT('',(-3.158364457200E0,-4.735798583230E0,
-2.827730168418E0));
#3588=CARTESIAN_POINT('',(-3.185114970441E0,-4.740515420463E0,
-2.820891157723E0));
#3589=CARTESIAN_POINT('',(-3.210560188380E0,-4.745002098915E0,
-2.813702997780E0));
#3590=CARTESIAN_POINT('',(-3.235128289690E0,-4.749334118041E0,
-2.806005883230E0));
#3591=CARTESIAN_POINT('',(-3.259163100087E0,-4.753572103590E0,
-2.797600954875E0));
#3592=CARTESIAN_POINT('',(-3.282842484324E0,-4.757747417918E0,
-2.788272830997E0));
#3593=CARTESIAN_POINT('',(-3.306212635318E0,-4.761868206081E0,
-2.777784639096E0));
#3594=CARTESIAN_POINT('',(-3.329354081294E0,-4.765948667380E0,
-2.765798426396E0));
#3595=CARTESIAN_POINT('',(-3.352690986436E0,-4.770063593402E0,
-2.751624811669E0));
#3596=CARTESIAN_POINT('',(-3.376970097969E0,-4.774344655833E0,
-2.733928602965E0));
#3597=CARTESIAN_POINT('',(-3.402645395533E0,-4.778871903531E0,
-2.710559579486E0));
#3598=CARTESIAN_POINT('',(-3.428687313259E0,-4.783463796256E0,
-2.678896535072E0));
#3599=CARTESIAN_POINT('',(-3.451392102382E0,-4.787467263169E0,
-2.637683732008E0));
#3600=CARTESIAN_POINT('',(-3.465870154836E0,-4.790020134445E0,
-2.588726552592E0));
#3601=CARTESIAN_POINT('',(-3.468846480110E0,-4.790544940894E0,
-2.536052388435E0));
#3602=CARTESIAN_POINT('',(-3.459481579436E0,-4.788893656234E0,
-2.484455144457E0));
#3603=CARTESIAN_POINT('',(-3.440062735539E0,-4.785469590121E0,
-2.439361351030E0));
#3604=CARTESIAN_POINT('',(-3.422024119729E0,-4.782288895459E0,
-2.413291646127E0));
#3605=CARTESIAN_POINT('',(-3.411752579083E0,-4.780477745710E0,
-2.400945753697E0));
#3606=CARTESIAN_POINT('',(-3.409453597533E0,-4.780072373234E0,
-2.398293860321E0));
#3607=CARTESIAN_POINT('',(-2.426652219996E0,-4.778248652179E0,
-2.933273647713E0));
#3608=CARTESIAN_POINT('',(-2.446405848832E0,-4.781731749909E0,
-2.933150520987E0));
#3609=CARTESIAN_POINT('',(-2.493795365847E0,-4.790087800362E0,
-2.932576373272E0));
#3610=CARTESIAN_POINT('',(-2.566067233876E0,-4.802831280642E0,
-2.930670909776E0));
#3611=CARTESIAN_POINT('',(-2.641119382091E0,-4.816064999332E0,
-2.927457333550E0));
#3612=CARTESIAN_POINT('',(-2.708968211991E0,-4.828028578653E0,
-2.923482517697E0));
#3613=CARTESIAN_POINT('',(-2.770561061012E0,-4.838889059754E0,
-2.918925252917E0));
#3614=CARTESIAN_POINT('',(-2.826644328724E0,-4.848778053018E0,
-2.913917464326E0));
#3615=CARTESIAN_POINT('',(-2.877845732556E0,-4.857806241964E0,
-2.908556456339E0));
#3616=CARTESIAN_POINT('',(-2.924685901119E0,-4.866065427462E0,
-2.902916667211E0));
#3617=CARTESIAN_POINT('',(-2.967641802840E0,-4.873639711916E0,
-2.897050258289E0));
#3618=CARTESIAN_POINT('',(-3.007147675834E0,-4.880605663222E0,
-2.890990631426E0));
#3619=CARTESIAN_POINT('',(-3.043580901320E0,-4.887029823869E0,
-2.884758230523E0));
#3620=CARTESIAN_POINT('',(-3.077277568034E0,-4.892971455371E0,
-2.878361914478E0));
#3621=CARTESIAN_POINT('',(-3.108571934843E0,-4.898489496583E0,
-2.871792833374E0));
#3622=CARTESIAN_POINT('',(-3.137825997439E0,-4.903647777114E0,
-2.865015083120E0));
#3623=CARTESIAN_POINT('',(-3.165434540675E0,-4.908515908185E0,
-2.857957537149E0));
#3624=CARTESIAN_POINT('',(-3.191834013547E0,-4.913170847529E0,
-2.850500887496E0));
#3625=CARTESIAN_POINT('',(-3.217486444230E0,-4.917694063179E0,
-2.842465550883E0));
#3626=CARTESIAN_POINT('',(-3.242779122673E0,-4.922153844803E0,
-2.833622930751E0));
#3627=CARTESIAN_POINT('',(-3.267938355659E0,-4.926590096392E0,
-2.823715112399E0));
#3628=CARTESIAN_POINT('',(-3.293057930009E0,-4.931019355094E0,
-2.812446632897E0));
#3629=CARTESIAN_POINT('',(-3.318266396101E0,-4.935464287808E0,
-2.799396757045E0));
#3630=CARTESIAN_POINT('',(-3.344062358458E0,-4.940012811965E0,
-2.783739540926E0));
#3631=CARTESIAN_POINT('',(-3.371310274846E0,-4.944817354792E0,
-2.763894409785E0));
#3632=CARTESIAN_POINT('',(-3.400559584075E0,-4.949974797177E0,
-2.737296783320E0));
#3633=CARTESIAN_POINT('',(-3.430622394703E0,-4.955275681806E0,
-2.700781095111E0));
#3634=CARTESIAN_POINT('',(-3.457086865785E0,-4.959942082088E0,
-2.652786301360E0));
#3635=CARTESIAN_POINT('',(-3.474055128164E0,-4.962934044561E0,
-2.595450367156E0));
#3636=CARTESIAN_POINT('',(-3.477550737117E0,-4.963550414734E0,
-2.533627049341E0));
#3637=CARTESIAN_POINT('',(-3.466559847592E0,-4.961612424369E0,
-2.473113490245E0));
#3638=CARTESIAN_POINT('',(-3.443856668634E0,-4.957609241370E0,
-2.420436186904E0));
#3639=CARTESIAN_POINT('',(-3.422927742194E0,-4.953918906962E0,
-2.390216633371E0));
#3640=CARTESIAN_POINT('',(-3.411091258868E0,-4.951831815595E0,
-2.375990008679E0));
#3641=CARTESIAN_POINT('',(-3.408446227432E0,-4.951365425188E0,
-2.372938816070E0));
#3642=CARTESIAN_POINT('',(-2.405453536262E0,-4.893978625486E0,
-2.806221317784E0));
#3643=CARTESIAN_POINT('',(-2.424724409086E0,-4.897376600307E0,
-2.806101195650E0));
#3644=CARTESIAN_POINT('',(-2.470951953263E0,-4.905527763597E0,
-2.805541110714E0));
#3645=CARTESIAN_POINT('',(-2.541411422680E0,-4.917951669102E0,
-2.803683128371E0));
#3646=CARTESIAN_POINT('',(-2.614486768262E0,-4.930836824152E0,
-2.800553735342E0));
#3647=CARTESIAN_POINT('',(-2.680427358706E0,-4.942463929371E0,
-2.796690171895E0));
#3648=CARTESIAN_POINT('',(-2.740145603646E0,-4.952993867195E0,
-2.792271001563E0));
#3649=CARTESIAN_POINT('',(-2.794361098908E0,-4.962553521782E0,
-2.787429310784E0));
#3650=CARTESIAN_POINT('',(-2.843678803875E0,-4.971249563794E0,
-2.782264775702E0));
#3651=CARTESIAN_POINT('',(-2.888599651146E0,-4.979170321165E0,
-2.776855233012E0));
#3652=CARTESIAN_POINT('',(-2.929580990328E0,-4.986396436968E0,
-2.771257527419E0));
#3653=CARTESIAN_POINT('',(-2.967036479228E0,-4.993000850237E0,
-2.765511303524E0));
#3654=CARTESIAN_POINT('',(-3.001322084184E0,-4.999046327440E0,
-2.759645015016E0));
#3655=CARTESIAN_POINT('',(-3.032750765314E0,-5.004588051892E0,
-2.753677727879E0));
#3656=CARTESIAN_POINT('',(-3.061628633442E0,-5.009679999188E0,
-2.747614144004E0));
#3657=CARTESIAN_POINT('',(-3.088279468485E0,-5.014379260464E0,
-2.741437396451E0));
#3658=CARTESIAN_POINT('',(-3.113044144093E0,-5.018745940943E0,
-2.735104167111E0));
#3659=CARTESIAN_POINT('',(-3.136280819948E0,-5.022843193838E0,
-2.728537403827E0));
#3660=CARTESIAN_POINT('',(-3.158339332912E0,-5.026732704828E0,
-2.721623075545E0));
#3661=CARTESIAN_POINT('',(-3.179462914430E0,-5.030457362178E0,
-2.714231147675E0));
#3662=CARTESIAN_POINT('',(-3.199717314282E0,-5.034028759351E0,
-2.706244677480E0));
#3663=CARTESIAN_POINT('',(-3.219038573333E0,-5.037435618622E0,
-2.697562395036E0));
#3664=CARTESIAN_POINT('',(-3.237396076611E0,-5.040672541749E0,
-2.688037940463E0));
#3665=CARTESIAN_POINT('',(-3.255041702445E0,-5.043783941675E0,
-2.677297995295E0));
#3666=CARTESIAN_POINT('',(-3.272449767001E0,-5.046853453138E0,
-2.664575285265E0));
#3667=CARTESIAN_POINT('',(-3.289853317775E0,-5.049922168700E0,
-2.648678589496E0));
#3668=CARTESIAN_POINT('',(-3.306589219995E0,-5.052873159807E0,
-2.628246577464E0));
#3669=CARTESIAN_POINT('',(-3.320592544180E0,-5.055342323681E0,
-2.602730116486E0));
#3670=CARTESIAN_POINT('',(-3.329307217025E0,-5.056878955631E0,
-2.573164854205E0));
#3671=CARTESIAN_POINT('',(-3.331081704276E0,-5.057191845611E0,
-2.541665630009E0));
#3672=CARTESIAN_POINT('',(-3.325480016853E0,-5.056204116981E0,
-2.510704440947E0));
#3673=CARTESIAN_POINT('',(-3.313662487825E0,-5.054120367768E0,
-2.483162037861E0));
#3674=CARTESIAN_POINT('',(-3.302313250765E0,-5.052119191064E0,
-2.466696805554E0));
#3675=CARTESIAN_POINT('',(-3.295663637189E0,-5.050946684779E0,
-2.458703708389E0));
#3676=CARTESIAN_POINT('',(-3.294165558742E0,-5.050682533129E0,
-2.456975959213E0));
#3677=CARTESIAN_POINT('',(-2.413339890138E0,-4.843401998864E0,
-2.640797868484E0));
#3678=CARTESIAN_POINT('',(-2.431982209634E0,-4.846689142775E0,
-2.640681658360E0));
#3679=CARTESIAN_POINT('',(-2.476696853143E0,-4.854573540858E0,
-2.640139883309E0));
#3680=CARTESIAN_POINT('',(-2.544796560799E0,-4.866581356696E0,
-2.638343721918E0));
#3681=CARTESIAN_POINT('',(-2.615298088880E0,-4.879012678278E0,
-2.635323936285E0));
#3682=CARTESIAN_POINT('',(-2.678754131790E0,-4.890201690732E0,
-2.631605224622E0));
#3683=CARTESIAN_POINT('',(-2.736031622806E0,-4.900301257785E0,
-2.627365854692E0));
#3684=CARTESIAN_POINT('',(-2.787815258994E0,-4.909432110005E0,
-2.622740424983E0));
#3685=CARTESIAN_POINT('',(-2.834680368531E0,-4.917695693270E0,
-2.617831699658E0));
#3686=CARTESIAN_POINT('',(-2.877102239604E0,-4.925175813712E0,
-2.612721940216E0));
#3687=CARTESIAN_POINT('',(-2.915512677913E0,-4.931948610327E0,
-2.607474089139E0));
#3688=CARTESIAN_POINT('',(-2.950298545490E0,-4.938082297328E0,
-2.602135919154E0));
#3689=CARTESIAN_POINT('',(-2.981787926275E0,-4.943634724766E0,
-2.596746312774E0));
#3690=CARTESIAN_POINT('',(-3.010263666688E0,-4.948655766097E0,
-2.591337625720E0));
#3691=CARTESIAN_POINT('',(-3.035995228508E0,-4.953192934701E0,
-2.585932204471E0));
#3692=CARTESIAN_POINT('',(-3.059256634318E0,-4.957294548155E0,
-2.580537968659E0));
#3693=CARTESIAN_POINT('',(-3.080318564823E0,-4.961008334769E0,
-2.575147807074E0));
#3694=CARTESIAN_POINT('',(-3.099437246209E0,-4.964379474133E0,
-2.569739685058E0));
#3695=CARTESIAN_POINT('',(-3.116816441085E0,-4.967443895092E0,
-2.564284921232E0));
#3696=CARTESIAN_POINT('',(-3.132511815232E0,-4.970211413027E0,
-2.558781809710E0));
#3697=CARTESIAN_POINT('',(-3.146380071551E0,-4.972656760791E0,
-2.553296954711E0));
#3698=CARTESIAN_POINT('',(-3.158151864035E0,-4.974732445417E0,
-2.547981927620E0));
#3699=CARTESIAN_POINT('',(-3.167589342784E0,-4.976396527551E0,
-2.543047608062E0));
#3700=CARTESIAN_POINT('',(-3.174623146060E0,-4.977636776845E0,
-2.538710000594E0));
#3701=CARTESIAN_POINT('',(-3.179219621631E0,-4.978447259505E0,
-2.535260756608E0));
#3702=CARTESIAN_POINT('',(-3.181199872224E0,-4.978796431113E0,
-2.533296783422E0));
#3703=CARTESIAN_POINT('',(-3.180584001686E0,-4.978687836520E0,
-2.533805884332E0));
#3704=CARTESIAN_POINT('',(-3.178362783566E0,-4.978296175836E0,
-2.537556445407E0));
#3705=CARTESIAN_POINT('',(-3.176331197364E0,-4.977937952375E0,
-2.544148885558E0));
#3706=CARTESIAN_POINT('',(-3.175864766336E0,-4.977855708E0,-2.552131945285E0));
#3707=CARTESIAN_POINT('',(-3.177279875859E0,-4.978105229989E0,
-2.559648248046E0));
#3708=CARTESIAN_POINT('',(-3.179635575770E0,-4.978520603442E0,
-2.564831745384E0));
#3709=CARTESIAN_POINT('',(-3.180759193488E0,-4.978718727562E0,
-2.566274781752E0));
#3710=CARTESIAN_POINT('',(-3.180862938042E0,-4.978737020526E0,
-2.566397801981E0));
#3711=CARTESIAN_POINT('',(-3.180858204262E0,-4.978736185833E0,
-2.566393189858E0));
#3712=(BOUNDED_SURFACE()B_SPLINE_SURFACE(3,3,((#3572,#3573,#3574,#3575,#3576,
#3577,#3578,#3579,#3580,#3581,#3582,#3583,#3584,#3585,#3586,#3587,#3588,#3589,
#3590,#3591,#3592,#3593,#3594,#3595,#3596,#3597,#3598,#3599,#3600,#3601,#3602,
#3603,#3604,#3605,#3606),(#3607,#3608,#3609,#3610,#3611,#3612,#3613,#3614,#3615,
#3616,#3617,#3618,#3619,#3620,#3621,#3622,#3623,#3624,#3625,#3626,#3627,#3628,
#3629,#3630,#3631,#3632,#3633,#3634,#3635,#3636,#3637,#3638,#3639,#3640,#3641),(
#3642,#3643,#3644,#3645,#3646,#3647,#3648,#3649,#3650,#3651,#3652,#3653,#3654,
#3655,#3656,#3657,#3658,#3659,#3660,#3661,#3662,#3663,#3664,#3665,#3666,#3667,
#3668,#3669,#3670,#3671,#3672,#3673,#3674,#3675,#3676),(#3677,#3678,#3679,#3680,
#3681,#3682,#3683,#3684,#3685,#3686,#3687,#3688,#3689,#3690,#3691,#3692,#3693,
#3694,#3695,#3696,#3697,#3698,#3699,#3700,#3701,#3702,#3703,#3704,#3705,#3706,
#3707,#3708,#3709,#3710,#3711)),.UNSPECIFIED.,.F.,.F.,.F.)B_SPLINE_SURFACE_WITH_KNOTS((4,4),(4,1,1,1,1,1,1,1,1,1,1,1,1,1,1,1,1,1,1,1,1,1,1,1,1,1,1,1,1,1,1,1,4),(
0.E0,1.E0),(7.423736220381E-1,7.577732289995E-1,7.793151587951E-1,
7.986846008035E-1,8.161854621441E-1,8.320359178017E-1,8.464413895233E-1,
8.595505053656E-1,8.714889193084E-1,8.823780984108E-1,8.923310876273E-1,
9.014377928089E-1,9.097725655724E-1,9.174128664004E-1,9.244415462784E-1,
9.309446680549E-1,9.370094043012E-1,9.427257634564E-1,9.481622317994E-1,
9.533054967366E-1,9.580870518023E-1,9.624592066779E-1,9.664281449135E-1,
9.701324271387E-1,9.736771733977E-1,9.769543226663E-1,9.798672260727E-1,
9.824503750279E-1,9.849009818985E-1,9.874319368459E-1,9.901928147228E-1,
9.932327880031E-1,9.941187661159E-1),.UNSPECIFIED.)GEOMETRIC_REPRESENTATION_ITEM()RATIONAL_B_SPLINE_SURFACE(((1.333200901072E0,1.333200901072E0,1.333200901072E0,
1.333200901072E0,1.333200901072E0,1.333200901072E0,1.333200901072E0,
1.333200901072E0,1.333200901072E0,1.333200901072E0,1.333200901072E0,
1.333200901072E0,1.333200901072E0,1.333200901072E0,1.333200901072E0,
1.333200901072E0,1.333200901072E0,1.333200901072E0,1.333200901072E0,
1.333200901072E0,1.333200901072E0,1.333200901072E0,1.333200901072E0,
1.333200901072E0,1.333200901072E0,1.333200901072E0,1.333200901072E0,
1.333200901072E0,1.333200901072E0,1.333200901072E0,1.333200901072E0,
1.333200901072E0,1.333200901072E0,1.333200901072E0,1.333200901072E0),(
8.889330329759E-1,8.889330329759E-1,8.889330329759E-1,8.889330329759E-1,
8.889330329759E-1,8.889330329759E-1,8.889330329759E-1,8.889330329759E-1,
8.889330329759E-1,8.889330329759E-1,8.889330329759E-1,8.889330329759E-1,
8.889330329759E-1,8.889330329759E-1,8.889330329759E-1,8.889330329759E-1,
8.889330329759E-1,8.889330329759E-1,8.889330329759E-1,8.889330329759E-1,
8.889330329759E-1,8.889330329759E-1,8.889330329759E-1,8.889330329759E-1,
8.889330329759E-1,8.889330329759E-1,8.889330329759E-1,8.889330329759E-1,
8.889330329759E-1,8.889330329759E-1,8.889330329759E-1,8.889330329759E-1,
8.889330329759E-1,8.889330329759E-1,8.889330329759E-1),(8.889330329759E-1,
8.889330329759E-1,8.889330329759E-1,8.889330329759E-1,8.889330329759E-1,
8.889330329759E-1,8.889330329759E-1,8.889330329759E-1,8.889330329759E-1,
8.889330329759E-1,8.889330329759E-1,8.889330329759E-1,8.889330329759E-1,
8.889330329759E-1,8.889330329759E-1,8.889330329759E-1,8.889330329759E-1,
8.889330329759E-1,8.889330329759E-1,8.889330329759E-1,8.889330329759E-1,
8.889330329759E-1,8.889330329759E-1,8.889330329759E-1,8.889330329759E-1,
8.889330329759E-1,8.889330329759E-1,8.889330329759E-1,8.889330329759E-1,
8.889330329759E-1,8.889330329759E-1,8.889330329759E-1,8.889330329759E-1,
8.889330329759E-1,8.889330329759E-1),(1.333200901072E0,1.333200901072E0,
1.333200901072E0,1.333200901072E0,1.333200901072E0,1.333200901072E0,
1.333200901072E0,1.333200901072E0,1.333200901072E0,1.333200901072E0,
1.333200901072E0,1.333200901072E0,1.333200901072E0,1.333200901072E0,
1.333200901072E0,1.333200901072E0,1.333200901072E0,1.333200901072E0,
1.333200901072E0,1.333200901072E0,1.333200901072E0,1.333200901072E0,
1.333200901072E0,1.333200901072E0,1.333200901072E0,1.333200901072E0,
1.333200901072E0,1.333200901072E0,1.333200901072E0,1.333200901072E0,
1.333200901072E0,1.333200901072E0,1.333200901072E0,1.333200901072E0,
1.333200901072E0)))REPRESENTATION_ITEM('')SURFACE());
#3714=ORIENTED_EDGE('',*,*,#3713,.T.);
#3715=ORIENTED_EDGE('',*,*,#3554,.T.);
#3717=ORIENTED_EDGE('',*,*,#3716,.T.);
#3719=ORIENTED_EDGE('',*,*,#3718,.F.);
#3721=ORIENTED_EDGE('',*,*,#3720,.T.);
#3722=EDGE_LOOP('',(#3714,#3715,#3717,#3719,#3721));
#3723=FACE_OUTER_BOUND('',#3722,.F.);
#3724=ADVANCED_FACE('',(#3723),#3712,.T.);
#3725=FILL_AREA_STYLE_COLOUR('',#1);
#3726=FILL_AREA_STYLE('',(#3725));
#3727=SURFACE_STYLE_FILL_AREA(#3726);
#3728=SURFACE_SIDE_STYLE('',(#3727));
#3729=SURFACE_STYLE_USAGE(.POSITIVE.,#3728);
#3730=PRESENTATION_STYLE_ASSIGNMENT((#3729));
#3731=STYLED_ITEM('',(#3730),#3724);
#3732=CARTESIAN_POINT('',(-2.484351903044E0,0.E0,-2.9E0));
#3733=DIRECTION('',(6.427876096865E-1,0.E0,-7.660444431190E-1));
#3734=DIRECTION('',(7.660444431190E-1,0.E0,6.427876096865E-1));
#3735=AXIS2_PLACEMENT_3D('',#3732,#3733,#3734);
#3736=PLANE('',#3735);
#3738=ORIENTED_EDGE('',*,*,#3737,.T.);
#3740=ORIENTED_EDGE('',*,*,#3739,.F.);
#3742=ORIENTED_EDGE('',*,*,#3741,.T.);
#3743=ORIENTED_EDGE('',*,*,#3556,.F.);
#3744=ORIENTED_EDGE('',*,*,#3713,.F.);
#3746=ORIENTED_EDGE('',*,*,#3745,.F.);
#3747=EDGE_LOOP('',(#3738,#3740,#3742,#3743,#3744,#3746));
#3748=FACE_OUTER_BOUND('',#3747,.F.);
#3749=ADVANCED_FACE('',(#3748),#3736,.T.);
#3750=FILL_AREA_STYLE_COLOUR('',#1);
#3751=FILL_AREA_STYLE('',(#3750));
#3752=SURFACE_STYLE_FILL_AREA(#3751);
#3753=SURFACE_SIDE_STYLE('',(#3752));
#3754=SURFACE_STYLE_USAGE(.POSITIVE.,#3753);
#3755=PRESENTATION_STYLE_ASSIGNMENT((#3754));
#3756=STYLED_ITEM('',(#3755),#3749);
#3757=CARTESIAN_POINT('',(-2.027010680660E0,-1.1518E1,-2.712056242376E0));
#3758=DIRECTION('',(0.E0,1.E0,0.E0));
#3759=DIRECTION('',(-6.427876096865E-1,0.E0,7.660444431190E-1));
#3760=AXIS2_PLACEMENT_3D('',#3757,#3758,#3759);
#3761=CYLINDRICAL_SURFACE('',#3760,1.5E-1);
#3762=ORIENTED_EDGE('',*,*,#2237,.T.);
#3764=ORIENTED_EDGE('',*,*,#3763,.F.);
#3765=ORIENTED_EDGE('',*,*,#3737,.F.);
#3767=ORIENTED_EDGE('',*,*,#3766,.F.);
#3768=EDGE_LOOP('',(#3762,#3764,#3765,#3767));
#3769=FACE_OUTER_BOUND('',#3768,.F.);
#3770=ADVANCED_FACE('',(#3769),#3761,.F.);
#3771=FILL_AREA_STYLE_COLOUR('',#1);
#3772=FILL_AREA_STYLE('',(#3771));
#3773=SURFACE_STYLE_FILL_AREA(#3772);
#3774=SURFACE_SIDE_STYLE('',(#3773));
#3775=SURFACE_STYLE_USAGE(.POSITIVE.,#3774);
#3776=PRESENTATION_STYLE_ASSIGNMENT((#3775));
#3777=STYLED_ITEM('',(#3776),#3770);
#3778=CARTESIAN_POINT('',(-2.162012941503E0,-4.578182169426E0,
-2.643546829915E0));
#3779=CARTESIAN_POINT('',(-2.161046315826E0,-4.568816738109E0,
-2.643697458261E0));
#3780=CARTESIAN_POINT('',(-2.159959689396E0,-4.547559111804E0,
-2.643860166396E0));
#3781=CARTESIAN_POINT('',(-2.162099937889E0,-4.514297044477E0,
-2.643540686519E0));
#3782=CARTESIAN_POINT('',(-2.169075925758E0,-4.478361358026E0,
-2.642467517918E0));
#3783=CARTESIAN_POINT('',(-2.181125361145E0,-4.441686182320E0,
-2.640500852178E0));
#3784=CARTESIAN_POINT('',(-2.199129122888E0,-4.403704053372E0,
-2.637306759911E0));
#3785=CARTESIAN_POINT('',(-2.220416421547E0,-4.370400029200E0,
-2.633111584783E0));
#3786=CARTESIAN_POINT('',(-2.236327095563E0,-4.350250133610E0,
-2.629646319013E0));
#3787=CARTESIAN_POINT('',(-2.242797326849E0,-4.342656665889E0,
-2.628178651739E0));
#3788=CARTESIAN_POINT('',(-2.108091084006E0,-4.579438028004E0,
-2.537405054975E0));
#3789=CARTESIAN_POINT('',(-2.106932047667E0,-4.569678480268E0,
-2.537632241099E0));
#3790=CARTESIAN_POINT('',(-2.105632809054E0,-4.547447185795E0,
-2.537896419900E0));
#3791=CARTESIAN_POINT('',(-2.108191651995E0,-4.512662609027E0,
-2.537375236618E0));
#3792=CARTESIAN_POINT('',(-2.116466226862E0,-4.475508849602E0,
-2.535676444005E0));
#3793=CARTESIAN_POINT('',(-2.130543242192E0,-4.438426745684E0,
-2.532742588756E0));
#3794=CARTESIAN_POINT('',(-2.151122057682E0,-4.401264891686E0,
-2.528348016185E0));
#3795=CARTESIAN_POINT('',(-2.174776102499E0,-4.370075674134E0,
-2.523111622574E0));
#3796=CARTESIAN_POINT('',(-2.191989636086E0,-4.351967106354E0,
-2.519142192079E0));
#3797=CARTESIAN_POINT('',(-2.198915664006E0,-4.345256779613E0,
-2.517517181166E0));
#3798=CARTESIAN_POINT('',(-1.990265317458E0,-4.589804672532E0,
-2.523791249026E0));
#3799=CARTESIAN_POINT('',(-1.988760858797E0,-4.576625060797E0,
-2.524292019300E0));
#3800=CARTESIAN_POINT('',(-1.987076656261E0,-4.546545930184E0,
-2.524877663280E0));
#3801=CARTESIAN_POINT('',(-1.990393564740E0,-4.499482823882E0,
-2.523721663416E0));
#3802=CARTESIAN_POINT('',(-2.001077244112E0,-4.449522133728E0,
-2.519985211868E0));
#3803=CARTESIAN_POINT('',(-2.019113819112E0,-4.400267942997E0,
-2.513642503357E0));
#3804=CARTESIAN_POINT('',(-2.045185767706E0,-4.351834269794E0,
-2.504390330927E0));
#3805=CARTESIAN_POINT('',(-2.074708435793E0,-4.312260865478E0,
-2.493768405218E0));
#3806=CARTESIAN_POINT('',(-2.095883123092E0,-4.289898075642E0,
-2.486026049235E0));
#3807=CARTESIAN_POINT('',(-2.104353081014E0,-4.281706884970E0,
-2.482909839766E0));
#3808=CARTESIAN_POINT('',(-1.914313202303E0,-4.599975493765E0,
-2.614927146107E0));
#3809=CARTESIAN_POINT('',(-1.912620411022E0,-4.583420217771E0,
-2.615652917944E0));
#3810=CARTESIAN_POINT('',(-1.910724492482E0,-4.545664443208E0,
-2.616491427673E0));
#3811=CARTESIAN_POINT('',(-1.914458387606E0,-4.486589782824E0,
-2.614837401828E0));
#3812=CARTESIAN_POINT('',(-1.926498926084E0,-4.423730669568E0,
-2.609480555712E0));
#3813=CARTESIAN_POINT('',(-1.946872363313E0,-4.361466670488E0,
-2.600347613115E0));
#3814=CARTESIAN_POINT('',(-1.976424088433E0,-4.299788309729E0,
-2.586941610046E0));
#3815=CARTESIAN_POINT('',(-2.010048726337E0,-4.248858591827E0,
-2.571424676229E0));
#3816=CARTESIAN_POINT('',(-2.034286753275E0,-4.219765239091E0,
-2.560027761154E0));
#3817=CARTESIAN_POINT('',(-2.044002718239E0,-4.209058618615E0,
-2.555425215114E0));
#3818=(BOUNDED_SURFACE()B_SPLINE_SURFACE(3,3,((#3778,#3779,#3780,#3781,#3782,
#3783,#3784,#3785,#3786,#3787),(#3788,#3789,#3790,#3791,#3792,#3793,#3794,#3795,
#3796,#3797),(#3798,#3799,#3800,#3801,#3802,#3803,#3804,#3805,#3806,#3807),(
#3808,#3809,#3810,#3811,#3812,#3813,#3814,#3815,#3816,#3817)),.UNSPECIFIED.,.F.,
.F.,.F.)B_SPLINE_SURFACE_WITH_KNOTS((4,4),(4,1,1,1,1,1,1,4),(0.E0,1.E0),(
-1.466259040527E-1,0.E0,1.847750134839E-1,3.711526218084E-1,5.649370126271E-1,
7.726435460941E-1,1.E0,1.143736257600E0),.UNSPECIFIED.)GEOMETRIC_REPRESENTATION_ITEM()RATIONAL_B_SPLINE_SURFACE(((1.289384895945E0,1.289384895945E0,
1.289384895945E0,1.289384895945E0,1.289384895945E0,1.289384895945E0,
1.289384895945E0,1.289384895945E0,1.289384895945E0,1.289384895945E0),(
9.035383680185E-1,9.035383680185E-1,9.035383680185E-1,9.035383680185E-1,
9.035383680185E-1,9.035383680185E-1,9.035383680185E-1,9.035383680185E-1,
9.035383680185E-1,9.035383680185E-1),(9.035383680185E-1,9.035383680185E-1,
9.035383680185E-1,9.035383680185E-1,9.035383680185E-1,9.035383680185E-1,
9.035383680185E-1,9.035383680185E-1,9.035383680185E-1,9.035383680185E-1),(
1.289384895945E0,1.289384895945E0,1.289384895945E0,1.289384895945E0,
1.289384895945E0,1.289384895945E0,1.289384895945E0,1.289384895945E0,
1.289384895945E0,1.289384895945E0)))REPRESENTATION_ITEM('')SURFACE());
#3820=ORIENTED_EDGE('',*,*,#3819,.F.);
#3821=ORIENTED_EDGE('',*,*,#3763,.T.);
#3822=ORIENTED_EDGE('',*,*,#2235,.T.);
#3824=ORIENTED_EDGE('',*,*,#3823,.F.);
#3825=EDGE_LOOP('',(#3820,#3821,#3822,#3824));
#3826=FACE_OUTER_BOUND('',#3825,.F.);
#3827=ADVANCED_FACE('',(#3826),#3818,.F.);
#3828=FILL_AREA_STYLE_COLOUR('',#1);
#3829=FILL_AREA_STYLE('',(#3828));
#3830=SURFACE_STYLE_FILL_AREA(#3829);
#3831=SURFACE_SIDE_STYLE('',(#3830));
#3832=SURFACE_STYLE_USAGE(.POSITIVE.,#3831);
#3833=PRESENTATION_STYLE_ASSIGNMENT((#3832));
#3834=STYLED_ITEM('',(#3833),#3827);
#3835=CARTESIAN_POINT('',(-1.203956114562E1,-4.55E0,-1.046088E1));
#3836=DIRECTION('',(7.660444431190E-1,0.E0,6.427876096865E-1));
#3837=DIRECTION('',(6.427876096865E-1,0.E0,-7.660444431190E-1));
#3838=AXIS2_PLACEMENT_3D('',#3835,#3836,#3837);
#3839=CYLINDRICAL_SURFACE('',#3838,3.5E-1);
#3840=ORIENTED_EDGE('',*,*,#2853,.F.);
#3842=ORIENTED_EDGE('',*,*,#3841,.T.);
#3843=ORIENTED_EDGE('',*,*,#3739,.T.);
#3844=ORIENTED_EDGE('',*,*,#3819,.T.);
#3846=ORIENTED_EDGE('',*,*,#3845,.T.);
#3847=EDGE_LOOP('',(#3840,#3842,#3843,#3844,#3846));
#3848=FACE_OUTER_BOUND('',#3847,.F.);
#3849=ADVANCED_FACE('',(#3848),#3839,.T.);
#3850=FILL_AREA_STYLE_COLOUR('',#1);
#3851=FILL_AREA_STYLE('',(#3850));
#3852=SURFACE_STYLE_FILL_AREA(#3851);
#3853=SURFACE_SIDE_STYLE('',(#3852));
#3854=SURFACE_STYLE_USAGE(.POSITIVE.,#3853);
#3855=PRESENTATION_STYLE_ASSIGNMENT((#3854));
#3856=STYLED_ITEM('',(#3855),#3849);
#3857=CARTESIAN_POINT('',(-1.374342344263E1,-4.55E0,-2.55E0));
#3858=DIRECTION('',(1.E0,0.E0,0.E0));
#3859=DIRECTION('',(0.E0,0.E0,-1.E0));
#3860=AXIS2_PLACEMENT_3D('',#3857,#3858,#3859);
#3861=CYLINDRICAL_SURFACE('',#3860,3.5E-1);
#3863=ORIENTED_EDGE('',*,*,#3862,.T.);
#3864=ORIENTED_EDGE('',*,*,#3841,.F.);
#3865=ORIENTED_EDGE('',*,*,#2851,.F.);
#3867=ORIENTED_EDGE('',*,*,#3866,.T.);
#3868=EDGE_LOOP('',(#3863,#3864,#3865,#3867));
#3869=FACE_OUTER_BOUND('',#3868,.F.);
#3870=ADVANCED_FACE('',(#3869),#3861,.T.);
#3871=FILL_AREA_STYLE_COLOUR('',#1);
#3872=FILL_AREA_STYLE('',(#3871));
#3873=SURFACE_STYLE_FILL_AREA(#3872);
#3874=SURFACE_SIDE_STYLE('',(#3873));
#3875=SURFACE_STYLE_USAGE(.POSITIVE.,#3874);
#3876=PRESENTATION_STYLE_ASSIGNMENT((#3875));
#3877=STYLED_ITEM('',(#3876),#3870);
#3878=CARTESIAN_POINT('',(-4.975528090456E0,0.E0,-2.9E0));
#3879=DIRECTION('',(0.E0,0.E0,-1.E0));
#3880=DIRECTION('',(1.E0,0.E0,0.E0));
#3881=AXIS2_PLACEMENT_3D('',#3878,#3879,#3880);
#3882=PLANE('',#3881);
#3883=ORIENTED_EDGE('',*,*,#3558,.T.);
#3884=ORIENTED_EDGE('',*,*,#3741,.F.);
#3885=ORIENTED_EDGE('',*,*,#3862,.F.);
#3887=ORIENTED_EDGE('',*,*,#3886,.T.);
#3888=EDGE_LOOP('',(#3883,#3884,#3885,#3887));
#3889=FACE_OUTER_BOUND('',#3888,.F.);
#3890=ADVANCED_FACE('',(#3889),#3882,.T.);
#3891=FILL_AREA_STYLE_COLOUR('',#1);
#3892=FILL_AREA_STYLE('',(#3891));
#3893=SURFACE_STYLE_FILL_AREA(#3892);
#3894=SURFACE_SIDE_STYLE('',(#3893));
#3895=SURFACE_STYLE_USAGE(.POSITIVE.,#3894);
#3896=PRESENTATION_STYLE_ASSIGNMENT((#3895));
#3897=STYLED_ITEM('',(#3896),#3890);
#3898=CARTESIAN_POINT('',(-4.775528090456E0,-4.483148E0,-2.7E0));
#3899=DIRECTION('',(0.E0,-1.E0,0.E0));
#3900=DIRECTION('',(-1.E0,0.E0,0.E0));
#3901=AXIS2_PLACEMENT_3D('',#3898,#3899,#3900);
#3902=CYLINDRICAL_SURFACE('',#3901,2.E-1);
#3903=ORIENTED_EDGE('',*,*,#2966,.T.);
#3904=ORIENTED_EDGE('',*,*,#2902,.T.);
#3906=ORIENTED_EDGE('',*,*,#3905,.T.);
#3907=ORIENTED_EDGE('',*,*,#3886,.F.);
#3909=ORIENTED_EDGE('',*,*,#3908,.F.);
#3910=EDGE_LOOP('',(#3903,#3904,#3906,#3907,#3909));
#3911=FACE_OUTER_BOUND('',#3910,.F.);
#3912=ADVANCED_FACE('',(#3911),#3902,.T.);
#3913=FILL_AREA_STYLE_COLOUR('',#1);
#3914=FILL_AREA_STYLE('',(#3913));
#3915=SURFACE_STYLE_FILL_AREA(#3914);
#3916=SURFACE_SIDE_STYLE('',(#3915));
#3917=SURFACE_STYLE_USAGE(.POSITIVE.,#3916);
#3918=PRESENTATION_STYLE_ASSIGNMENT((#3917));
#3919=STYLED_ITEM('',(#3918),#3912);
#3920=CARTESIAN_POINT('',(-4.966594678990E0,-4.733718029784E0,
-2.514602966706E0));
#3921=CARTESIAN_POINT('',(-5.020683190499E0,-4.894760763551E0,
-2.446512078476E0));
#3922=CARTESIAN_POINT('',(-4.891267777515E0,-5.013959426156E0,
-2.396113388496E0));
#3923=CARTESIAN_POINT('',(-4.716421756229E0,-4.964140953340E0,
-2.417177263810E0));
#3924=CARTESIAN_POINT('',(-4.966594678990E0,-4.771165620332E0,
-2.603170798783E0));
#3925=CARTESIAN_POINT('',(-5.020683190499E0,-5.004243761170E0,
-2.705451882256E0));
#3926=CARTESIAN_POINT('',(-4.891267777515E0,-5.176760719996E0,
-2.781157057364E0));
#3927=CARTESIAN_POINT('',(-4.716421756229E0,-5.104658137335E0,
-2.749516465719E0));
#3928=CARTESIAN_POINT('',(-4.966594678990E0,-4.703170842727E0,
-2.671165601048E0));
#3929=CARTESIAN_POINT('',(-5.020683190499E0,-4.805452010732E0,
-2.904243704791E0));
#3930=CARTESIAN_POINT('',(-4.891267777515E0,-4.881157248408E0,
-3.076760636161E0));
#3931=CARTESIAN_POINT('',(-4.716421756229E0,-4.849516630613E0,
-3.004658064975E0));
#3932=CARTESIAN_POINT('',(-4.966594678990E0,-4.614602997069E0,
-2.633718042622E0));
#3933=CARTESIAN_POINT('',(-5.020683190499E0,-4.546512167245E0,
-2.794760801084E0));
#3934=CARTESIAN_POINT('',(-4.891267777515E0,-4.496113520495E0,
-2.913959481967E0));
#3935=CARTESIAN_POINT('',(-4.716421756229E0,-4.517177377742E0,
-2.864141001512E0));
#3936=(BOUNDED_SURFACE()B_SPLINE_SURFACE(3,3,((#3920,#3921,#3922,#3923),(#3924,
#3925,#3926,#3927),(#3928,#3929,#3930,#3931),(#3932,#3933,#3934,#3935)),
.UNSPECIFIED.,.F.,.F.,.F.)B_SPLINE_SURFACE_WITH_KNOTS((4,4),(4,4),(0.E0,1.E0),(
0.E0,1.E0),.UNSPECIFIED.)GEOMETRIC_REPRESENTATION_ITEM()RATIONAL_B_SPLINE_SURFACE(((1.982312528129E0,1.277336054366E0,1.277336054366E0,1.982312528129E0),(
1.157555672941E0,7.458902544390E-1,7.458902544390E-1,1.157555672941E0),(
1.157555672941E0,7.458902544390E-1,7.458902544390E-1,1.157555672941E0),(
1.982312528129E0,1.277336054366E0,1.277336054366E0,1.982312528129E0)))REPRESENTATION_ITEM('')SURFACE());
#3937=ORIENTED_EDGE('',*,*,#2900,.T.);
#3938=ORIENTED_EDGE('',*,*,#3032,.T.);
#3939=ORIENTED_EDGE('',*,*,#3560,.F.);
#3940=ORIENTED_EDGE('',*,*,#3905,.F.);
#3941=EDGE_LOOP('',(#3937,#3938,#3939,#3940));
#3942=FACE_OUTER_BOUND('',#3941,.F.);
#3943=ADVANCED_FACE('',(#3942),#3936,.T.);
#3944=FILL_AREA_STYLE_COLOUR('',#1);
#3945=FILL_AREA_STYLE('',(#3944));
#3946=SURFACE_STYLE_FILL_AREA(#3945);
#3947=SURFACE_SIDE_STYLE('',(#3946));
#3948=SURFACE_STYLE_USAGE(.POSITIVE.,#3947);
#3949=PRESENTATION_STYLE_ASSIGNMENT((#3948));
#3950=STYLED_ITEM('',(#3949),#3943);
#3951=CARTESIAN_POINT('',(-4.966594678990E0,-4.585397033294E0,
-2.633718029784E0));
#3952=CARTESIAN_POINT('',(-5.020683190499E0,-4.653487921524E0,
-2.794760763551E0));
#3953=CARTESIAN_POINT('',(-4.891267777515E0,-4.703886611504E0,
-2.913959426156E0));
#3954=CARTESIAN_POINT('',(-4.716421756229E0,-4.682822736190E0,
-2.864140953340E0));
#3955=CARTESIAN_POINT('',(-4.966594678990E0,-4.496829201217E0,
-2.671165620332E0));
#3956=CARTESIAN_POINT('',(-5.020683190499E0,-4.394548117744E0,
-2.904243761170E0));
#3957=CARTESIAN_POINT('',(-4.891267777515E0,-4.318842942636E0,
-3.076760719996E0));
#3958=CARTESIAN_POINT('',(-4.716421756229E0,-4.350483534281E0,
-3.004658137335E0));
#3959=CARTESIAN_POINT('',(-4.966594678990E0,-4.428834398952E0,
-2.603170842727E0));
#3960=CARTESIAN_POINT('',(-5.020683190499E0,-4.195756295209E0,
-2.705452010732E0));
#3961=CARTESIAN_POINT('',(-4.891267777515E0,-4.023239363839E0,
-2.781157248408E0));
#3962=CARTESIAN_POINT('',(-4.716421756229E0,-4.095341935025E0,
-2.749516630613E0));
#3963=CARTESIAN_POINT('',(-4.966594678990E0,-4.466281957378E0,
-2.514602997069E0));
#3964=CARTESIAN_POINT('',(-5.020683190499E0,-4.305239198916E0,
-2.446512167245E0));
#3965=CARTESIAN_POINT('',(-4.891267777515E0,-4.186040518033E0,
-2.396113520495E0));
#3966=CARTESIAN_POINT('',(-4.716421756229E0,-4.235858998488E0,
-2.417177377742E0));
#3967=(BOUNDED_SURFACE()B_SPLINE_SURFACE(3,3,((#3951,#3952,#3953,#3954),(#3955,
#3956,#3957,#3958),(#3959,#3960,#3961,#3962),(#3963,#3964,#3965,#3966)),
.UNSPECIFIED.,.F.,.F.,.F.)B_SPLINE_SURFACE_WITH_KNOTS((4,4),(4,4),(0.E0,1.E0),(
0.E0,1.E0),.UNSPECIFIED.)GEOMETRIC_REPRESENTATION_ITEM()RATIONAL_B_SPLINE_SURFACE(((1.982312528129E0,1.277336054366E0,1.277336054366E0,1.982312528129E0),(
1.157555672941E0,7.458902544390E-1,7.458902544390E-1,1.157555672941E0),(
1.157555672941E0,7.458902544390E-1,7.458902544390E-1,1.157555672941E0),(
1.982312528129E0,1.277336054366E0,1.277336054366E0,1.982312528129E0)))REPRESENTATION_ITEM('')SURFACE());
#3968=ORIENTED_EDGE('',*,*,#2968,.T.);
#3969=ORIENTED_EDGE('',*,*,#3908,.T.);
#3970=ORIENTED_EDGE('',*,*,#3866,.F.);
#3971=ORIENTED_EDGE('',*,*,#2876,.F.);
#3972=EDGE_LOOP('',(#3968,#3969,#3970,#3971));
#3973=FACE_OUTER_BOUND('',#3972,.F.);
#3974=ADVANCED_FACE('',(#3973),#3967,.T.);
#3975=FILL_AREA_STYLE_COLOUR('',#1);
#3976=FILL_AREA_STYLE('',(#3975));
#3977=SURFACE_STYLE_FILL_AREA(#3976);
#3978=SURFACE_SIDE_STYLE('',(#3977));
#3979=SURFACE_STYLE_USAGE(.POSITIVE.,#3978);
#3980=PRESENTATION_STYLE_ASSIGNMENT((#3979));
#3981=STYLED_ITEM('',(#3980),#3974);
#3982=CARTESIAN_POINT('',(-2.208127344001E0,-4.390181451996E0,
-2.635510507586E0));
#3983=CARTESIAN_POINT('',(-2.213172924800E0,-4.381984435679E0,
-2.634522364763E0));
#3984=CARTESIAN_POINT('',(-2.229951695311E0,-4.357023385812E0,
-2.631126631933E0));
#3985=CARTESIAN_POINT('',(-2.262233957866E0,-4.319369393327E0,
-2.623868984174E0));
#3986=CARTESIAN_POINT('',(-2.305678855602E0,-4.281040843554E0,
-2.612534260416E0));
#3987=CARTESIAN_POINT('',(-2.350110844E0,-4.250507901132E0,-2.599346284210E0));
#3988=CARTESIAN_POINT('',(-2.395412001519E0,-4.226327143105E0,
-2.584276315565E0));
#3989=CARTESIAN_POINT('',(-2.442676198939E0,-4.207435816846E0,
-2.566828615493E0));
#3990=CARTESIAN_POINT('',(-2.493847953645E0,-4.193662942118E0,
-2.545948951759E0));
#3991=CARTESIAN_POINT('',(-2.539387550113E0,-4.187847249359E0,
-2.525374892082E0));
#3992=CARTESIAN_POINT('',(-2.567663273259E0,-4.187582223775E0,
-2.511585879081E0));
#3993=CARTESIAN_POINT('',(-2.577251034772E0,-4.187899491256E0,
-2.506787028953E0));
#3994=CARTESIAN_POINT('',(-2.145431298516E0,-4.388196452136E0,
-2.489743681961E0));
#3995=CARTESIAN_POINT('',(-2.151244079101E0,-4.380624114689E0,
-2.488417456458E0));
#3996=CARTESIAN_POINT('',(-2.170342256604E0,-4.358049920261E0,
-2.484026154248E0));
#3997=CARTESIAN_POINT('',(-2.205712555772E0,-4.326345218897E0,
-2.475659453654E0));
#3998=CARTESIAN_POINT('',(-2.250835890627E0,-4.297206629970E0,
-2.464399715815E0));
#3999=CARTESIAN_POINT('',(-2.294857886320E0,-4.276387100584E0,
-2.452740122207E0));
#4000=CARTESIAN_POINT('',(-2.337876948243E0,-4.261894377538E0,
-2.440593530383E0));
#4001=CARTESIAN_POINT('',(-2.381034029918E0,-4.252480724537E0,
-2.427547393913E0));
#4002=CARTESIAN_POINT('',(-2.426017611835E0,-4.247867338736E0,
-2.412890239701E0));
#4003=CARTESIAN_POINT('',(-2.464543551615E0,-4.248741428515E0,
-2.399206829713E0));
#4004=CARTESIAN_POINT('',(-2.487826938732E0,-4.251695286431E0,
-2.390321079105E0));
#4005=CARTESIAN_POINT('',(-2.495656270751E0,-4.252983664831E0,
-2.387256250537E0));
#4006=CARTESIAN_POINT('',(-2.007068939964E0,-4.310613869097E0,
-2.485366918943E0));
#4007=CARTESIAN_POINT('',(-2.014779859402E0,-4.299757595566E0,
-2.482220962760E0));
#4008=CARTESIAN_POINT('',(-2.040007630482E0,-4.267647135787E0,
-2.471882477477E0));
#4009=CARTESIAN_POINT('',(-2.086102261696E0,-4.223804545214E0,
-2.452708918175E0));
#4010=CARTESIAN_POINT('',(-2.143781972941E0,-4.185309892598E0,
-2.428078297670E0));
#4011=CARTESIAN_POINT('',(-2.199083534006E0,-4.159326888067E0,
-2.403774494608E0));
#4012=CARTESIAN_POINT('',(-2.252277416864E0,-4.142654516142E0,
-2.379658393331E0));
#4013=CARTESIAN_POINT('',(-2.304866275552E0,-4.133364741812E0,
-2.354993335549E0));
#4014=CARTESIAN_POINT('',(-2.358916355299E0,-4.130994609175E0,
-2.328646532072E0));
#4015=CARTESIAN_POINT('',(-2.404574975015E0,-4.135516653283E0,
-2.305335789567E0));
#4016=CARTESIAN_POINT('',(-2.431926106028E0,-4.141425423712E0,
-2.290798970754E0));
#4017=CARTESIAN_POINT('',(-2.441101306586E0,-4.143793382576E0,
-2.285852596573E0));
#4018=CARTESIAN_POINT('',(-1.965741384654E0,-4.254270724431E0,
-2.627843206203E0));
#4019=CARTESIAN_POINT('',(-1.974112163229E0,-4.240320842909E0,
-2.623667222618E0));
#4020=CARTESIAN_POINT('',(-2.001628878909E0,-4.198653971821E0,
-2.609853095005E0));
#4021=CARTESIAN_POINT('',(-2.052698241788E0,-4.139736581174E0,
-2.583663775055E0));
#4022=CARTESIAN_POINT('',(-2.118139651937E0,-4.085017891071E0,
-2.548905670429E0));
#4023=CARTESIAN_POINT('',(-2.182331409554E0,-4.045439469160E0,
-2.513567314085E0));
#4024=CARTESIAN_POINT('',(-2.245457022795E0,-4.017440358437E0,
-2.477528918318E0));
#4025=CARTESIAN_POINT('',(-2.309243996665E0,-3.998766045323E0,
-2.439726958474E0));
#4026=CARTESIAN_POINT('',(-2.376298624412E0,-3.988922946554E0,
-2.398369132318E0));
#4027=CARTESIAN_POINT('',(-2.434333392885E0,-3.989497813474E0,
-2.360929718130E0));
#4028=CARTESIAN_POINT('',(-2.469735071507E0,-3.994409262994E0,
-2.337241050318E0));
#4029=CARTESIAN_POINT('',(-2.481680552564E0,-3.996617761220E0,
-2.329146070787E0));
#4030=(BOUNDED_SURFACE()B_SPLINE_SURFACE(3,3,((#3982,#3983,#3984,#3985,#3986,
#3987,#3988,#3989,#3990,#3991,#3992,#3993),(#3994,#3995,#3996,#3997,#3998,#3999,
#4000,#4001,#4002,#4003,#4004,#4005),(#4006,#4007,#4008,#4009,#4010,#4011,#4012,
#4013,#4014,#4015,#4016,#4017),(#4018,#4019,#4020,#4021,#4022,#4023,#4024,#4025,
#4026,#4027,#4028,#4029)),.UNSPECIFIED.,.F.,.F.,.F.)B_SPLINE_SURFACE_WITH_KNOTS(
(4,4),(4,1,1,1,1,1,1,1,1,4),(0.E0,1.E0),(-7.903633897423E-2,0.E0,
1.659074073588E-1,3.154927917614E-1,4.536079995767E-1,5.843000306060E-1,
7.133104921581E-1,8.493752634626E-1,1.E0,1.078137749174E0),.UNSPECIFIED.)GEOMETRIC_REPRESENTATION_ITEM()RATIONAL_B_SPLINE_SURFACE(((1.453583399298E0,
1.453583399298E0,1.453583399298E0,1.453583399298E0,1.453583399298E0,
1.453583399298E0,1.453583399298E0,1.453583399298E0,1.453583399298E0,
1.453583399298E0,1.453583399298E0,1.453583399298E0),(8.488055335675E-1,
8.488055335675E-1,8.488055335675E-1,8.488055335675E-1,8.488055335675E-1,
8.488055335675E-1,8.488055335675E-1,8.488055335675E-1,8.488055335675E-1,
8.488055335675E-1,8.488055335675E-1,8.488055335675E-1),(8.488055335675E-1,
8.488055335675E-1,8.488055335675E-1,8.488055335675E-1,8.488055335675E-1,
8.488055335675E-1,8.488055335675E-1,8.488055335675E-1,8.488055335675E-1,
8.488055335675E-1,8.488055335675E-1,8.488055335675E-1),(1.453583399298E0,
1.453583399298E0,1.453583399298E0,1.453583399298E0,1.453583399298E0,
1.453583399298E0,1.453583399298E0,1.453583399298E0,1.453583399298E0,
1.453583399298E0,1.453583399298E0,1.453583399298E0)))REPRESENTATION_ITEM('')SURFACE());
#4032=ORIENTED_EDGE('',*,*,#4031,.F.);
#4033=ORIENTED_EDGE('',*,*,#3845,.F.);
#4034=ORIENTED_EDGE('',*,*,#3823,.T.);
#4035=ORIENTED_EDGE('',*,*,#2752,.T.);
#4036=EDGE_LOOP('',(#4032,#4033,#4034,#4035));
#4037=FACE_OUTER_BOUND('',#4036,.F.);
#4038=ADVANCED_FACE('',(#4037),#4030,.F.);
#4039=FILL_AREA_STYLE_COLOUR('',#1);
#4040=FILL_AREA_STYLE('',(#4039));
#4041=SURFACE_STYLE_FILL_AREA(#4040);
#4042=SURFACE_SIDE_STYLE('',(#4041));
#4043=SURFACE_STYLE_USAGE(.POSITIVE.,#4042);
#4044=PRESENTATION_STYLE_ASSIGNMENT((#4043));
#4045=STYLED_ITEM('',(#4044),#4038);
#4046=CARTESIAN_POINT('',(-1.E0,-4.05E0,0.E0));
#4047=DIRECTION('',(0.E0,1.E0,0.E0));
#4048=DIRECTION('',(-4.226571434715E-1,0.E0,-9.062896551724E-1));
#4049=AXIS2_PLACEMENT_3D('',#4046,#4047,#4048);
#4050=TOROIDAL_SURFACE('',#4049,2.9E0,1.5E-1);
#4051=ORIENTED_EDGE('',*,*,#2855,.F.);
#4052=ORIENTED_EDGE('',*,*,#4031,.T.);
#4053=ORIENTED_EDGE('',*,*,#2750,.T.);
#4054=ORIENTED_EDGE('',*,*,#2804,.F.);
#4055=EDGE_LOOP('',(#4051,#4052,#4053,#4054));
#4056=FACE_OUTER_BOUND('',#4055,.F.);
#4057=ADVANCED_FACE('',(#4056),#4050,.F.);
#4058=FILL_AREA_STYLE_COLOUR('',#1);
#4059=FILL_AREA_STYLE('',(#4058));
#4060=SURFACE_STYLE_FILL_AREA(#4059);
#4061=SURFACE_SIDE_STYLE('',(#4060));
#4062=SURFACE_STYLE_USAGE(.POSITIVE.,#4061);
#4063=PRESENTATION_STYLE_ASSIGNMENT((#4062));
#4064=STYLED_ITEM('',(#4063),#4057);
#4065=CARTESIAN_POINT('',(-1.951147911627E0,-4.490504902731E0,
-2.572200859450E0));
#4066=CARTESIAN_POINT('',(-1.960251730859E0,-4.493815150550E0,
-2.567161719179E0));
#4067=CARTESIAN_POINT('',(-1.984116911563E0,-4.502685418228E0,
-2.557054846517E0));
#4068=CARTESIAN_POINT('',(-2.023174679600E0,-4.517527043499E0,
-2.550896107127E0));
#4069=CARTESIAN_POINT('',(-2.064565357814E0,-4.533675467811E0,
-2.555619476975E0));
#4070=CARTESIAN_POINT('',(-2.102649890672E0,-4.548918491391E0,
-2.569967807679E0));
#4071=CARTESIAN_POINT('',(-2.132936023395E0,-4.561360113869E0,
-2.591468153206E0));
#4072=CARTESIAN_POINT('',(-2.148755267821E0,-4.568001131066E0,
-2.609204051760E0));
#4073=CARTESIAN_POINT('',(-2.154398394527E0,-4.570439925994E0,
-2.616919228278E0));
#4074=CARTESIAN_POINT('',(-1.957716409396E0,-4.671108223143E0,
-2.634551229816E0));
#4075=CARTESIAN_POINT('',(-1.961987840884E0,-4.674414435779E0,
-2.630503499657E0));
#4076=CARTESIAN_POINT('',(-1.973815928281E0,-4.682955269733E0,
-2.621217333010E0));
#4077=CARTESIAN_POINT('',(-1.996000885794E0,-4.697494743478E0,
-2.610834283526E0));
#4078=CARTESIAN_POINT('',(-2.023368347259E0,-4.713715918254E0,
-2.606368946663E0));
#4079=CARTESIAN_POINT('',(-2.052018708906E0,-4.729359165429E0,
-2.609374965890E0));
#4080=CARTESIAN_POINT('',(-2.077757738919E0,-4.742426818919E0,
-2.620108656081E0));
#4081=CARTESIAN_POINT('',(-2.092412657007E0,-4.749485685528E0,
-2.631576436356E0));
#4082=CARTESIAN_POINT('',(-2.097803537661E0,-4.751929351937E0,
-2.636914043159E0));
#4083=CARTESIAN_POINT('',(-1.868082493199E0,-4.800614743867E0,
-2.526123663837E0));
#4084=CARTESIAN_POINT('',(-1.878537001179E0,-4.803918062964E0,
-2.516749791283E0));
#4085=CARTESIAN_POINT('',(-1.907286988696E0,-4.812222667510E0,
-2.495460577275E0));
#4086=CARTESIAN_POINT('',(-1.960363376121E0,-4.826545475290E0,
-2.472420710380E0));
#4087=CARTESIAN_POINT('',(-2.024829560416E0,-4.842818817764E0,
-2.463607566754E0));
#4088=CARTESIAN_POINT('',(-2.091538164683E0,-4.858749056148E0,
-2.472144936043E0));
#4089=CARTESIAN_POINT('',(-2.150884403215E0,-4.872265622194E0,
-2.498211538621E0));
#4090=CARTESIAN_POINT('',(-2.184462426105E0,-4.879624119083E0,
-2.525283029466E0));
#4091=CARTESIAN_POINT('',(-2.196788100142E0,-4.882071278721E0,
-2.537803065566E0));
#4092=CARTESIAN_POINT('',(-1.782797659602E0,-4.733743805232E0,
-2.368552409918E0));
#4093=CARTESIAN_POINT('',(-1.803514521419E0,-4.737048618413E0,
-2.353509719065E0));
#4094=CARTESIAN_POINT('',(-1.859162382951E0,-4.745475200464E0,
-2.320858745532E0));
#4095=CARTESIAN_POINT('',(-1.956240376274E0,-4.759909884128E0,
-2.290927995597E0));
#4096=CARTESIAN_POINT('',(-2.067309805604E0,-4.776156289711E0,-2.287485323E0));
#4097=CARTESIAN_POINT('',(-2.176875257835E0,-4.791938339638E0,
-2.312222624938E0));
#4098=CARTESIAN_POINT('',(-2.270282386091E0,-4.805223108831E0,
-2.362521217536E0));
#4099=CARTESIAN_POINT('',(-2.321642970200E0,-4.812426891054E0,
-2.409563975798E0));
#4100=CARTESIAN_POINT('',(-2.340311012733E0,-4.814872246957E0,
-2.430769177447E0));
#4101=(BOUNDED_SURFACE()B_SPLINE_SURFACE(3,3,((#4065,#4066,#4067,#4068,#4069,
#4070,#4071,#4072,#4073),(#4074,#4075,#4076,#4077,#4078,#4079,#4080,#4081,
#4082),(#4083,#4084,#4085,#4086,#4087,#4088,#4089,#4090,#4091),(#4092,#4093,
#4094,#4095,#4096,#4097,#4098,#4099,#4100)),.UNSPECIFIED.,.F.,.F.,.F.)B_SPLINE_SURFACE_WITH_KNOTS((4,4),(4,1,1,1,1,1,4),(0.E0,1.E0),(-1.800277506294E-1,0.E0,
2.674235029744E-1,5.054233615049E-1,7.390232209556E-1,1.E0,1.178853619425E0),
.UNSPECIFIED.)GEOMETRIC_REPRESENTATION_ITEM()RATIONAL_B_SPLINE_SURFACE(((
1.389758399749E0,1.389758399749E0,1.389758399749E0,1.389758399749E0,
1.389758399749E0,1.389758399749E0,1.389758399749E0,1.389758399749E0,
1.389758399749E0),(8.700805334169E-1,8.700805334169E-1,8.700805334169E-1,
8.700805334169E-1,8.700805334169E-1,8.700805334169E-1,8.700805334169E-1,
8.700805334169E-1,8.700805334169E-1),(8.700805334169E-1,8.700805334169E-1,
8.700805334169E-1,8.700805334169E-1,8.700805334169E-1,8.700805334169E-1,
8.700805334169E-1,8.700805334169E-1,8.700805334169E-1),(1.389758399749E0,
1.389758399749E0,1.389758399749E0,1.389758399749E0,1.389758399749E0,
1.389758399749E0,1.389758399749E0,1.389758399749E0,1.389758399749E0)))REPRESENTATION_ITEM('')SURFACE());
#4102=ORIENTED_EDGE('',*,*,#3766,.T.);
#4104=ORIENTED_EDGE('',*,*,#4103,.T.);
#4106=ORIENTED_EDGE('',*,*,#4105,.F.);
#4108=ORIENTED_EDGE('',*,*,#4107,.F.);
#4109=EDGE_LOOP('',(#4102,#4104,#4106,#4108));
#4110=FACE_OUTER_BOUND('',#4109,.F.);
#4111=ADVANCED_FACE('',(#4110),#4101,.T.);
#4112=FILL_AREA_STYLE_COLOUR('',#1);
#4113=FILL_AREA_STYLE('',(#4112));
#4114=SURFACE_STYLE_FILL_AREA(#4113);
#4115=SURFACE_SIDE_STYLE('',(#4114));
#4116=SURFACE_STYLE_USAGE(.POSITIVE.,#4115);
#4117=PRESENTATION_STYLE_ASSIGNMENT((#4116));
#4118=STYLED_ITEM('',(#4117),#4111);
#4119=CARTESIAN_POINT('',(-2.195355742548E0,-4.610952439985E0,
-2.396421970451E0));
#4120=DIRECTION('',(-7.591503717798E-1,-1.338586929596E-1,-6.370027969685E-1));
#4121=DIRECTION('',(6.427876096865E-1,0.E0,-7.660444431190E-1));
#4122=AXIS2_PLACEMENT_3D('',#4119,#4120,#4121);
#4123=CYLINDRICAL_SURFACE('',#4122,2.E-1);
#4125=ORIENTED_EDGE('',*,*,#4124,.F.);
#4126=ORIENTED_EDGE('',*,*,#4103,.F.);
#4127=ORIENTED_EDGE('',*,*,#3745,.T.);
#4128=ORIENTED_EDGE('',*,*,#3720,.F.);
#4129=EDGE_LOOP('',(#4125,#4126,#4127,#4128));
#4130=FACE_OUTER_BOUND('',#4129,.F.);
#4131=ADVANCED_FACE('',(#4130),#4123,.T.);
#4132=FILL_AREA_STYLE_COLOUR('',#1);
#4133=FILL_AREA_STYLE('',(#4132));
#4134=SURFACE_STYLE_FILL_AREA(#4133);
#4135=SURFACE_SIDE_STYLE('',(#4134));
#4136=SURFACE_STYLE_USAGE(.POSITIVE.,#4135);
#4137=PRESENTATION_STYLE_ASSIGNMENT((#4136));
#4138=STYLED_ITEM('',(#4137),#4131);
#4139=CARTESIAN_POINT('',(1.75E0,-4.118365096458E0,-4.E0));
#4140=DIRECTION('',(-1.736481776669E-1,9.848077530122E-1,0.E0));
#4141=DIRECTION('',(-9.848077530122E-1,-1.736481776669E-1,0.E0));
#4142=AXIS2_PLACEMENT_3D('',#4139,#4140,#4141);
#4143=PLANE('',#4142);
#4145=ORIENTED_EDGE('',*,*,#4144,.T.);
#4146=ORIENTED_EDGE('',*,*,#4105,.T.);
#4147=ORIENTED_EDGE('',*,*,#4124,.T.);
#4148=ORIENTED_EDGE('',*,*,#3718,.T.);
#4150=ORIENTED_EDGE('',*,*,#4149,.T.);
#4152=ORIENTED_EDGE('',*,*,#4151,.T.);
#4153=ORIENTED_EDGE('',*,*,#3442,.T.);
#4154=ORIENTED_EDGE('',*,*,#3491,.T.);
#4155=ORIENTED_EDGE('',*,*,#3535,.F.);
#4156=EDGE_LOOP('',(#4145,#4146,#4147,#4148,#4150,#4152,#4153,#4154,#4155));
#4157=FACE_OUTER_BOUND('',#4156,.F.);
#4158=ADVANCED_FACE('',(#4157),#4143,.F.);
#4159=FILL_AREA_STYLE_COLOUR('',#1);
#4160=FILL_AREA_STYLE('',(#4159));
#4161=SURFACE_STYLE_FILL_AREA(#4160);
#4162=SURFACE_SIDE_STYLE('',(#4161));
#4163=SURFACE_STYLE_USAGE(.POSITIVE.,#4162);
#4164=PRESENTATION_STYLE_ASSIGNMENT((#4163));
#4165=STYLED_ITEM('',(#4164),#4158);
#4166=CARTESIAN_POINT('',(-3.737503762849E0,-4.790096443112E0,
-1.395279292940E-1));
#4167=CARTESIAN_POINT('',(-3.746437773441E0,-4.791671750225E0,
3.529173353685E-2));
#4168=CARTESIAN_POINT('',(-3.729503509210E0,-4.788685782542E0,
4.114838054760E-1));
#4169=CARTESIAN_POINT('',(-3.584394735624E0,-4.763099190622E0,
9.774672659452E-1));
#4170=CARTESIAN_POINT('',(-3.303359768899E0,-4.713545143466E0,
1.525474465772E0));
#4171=CARTESIAN_POINT('',(-2.901819814552E0,-4.642742815682E0,
2.001714801444E0));
#4172=CARTESIAN_POINT('',(-2.402355689072E0,-4.554673814464E0,
2.375938434740E0));
#4173=CARTESIAN_POINT('',(-1.830671187522E0,-4.453870412388E0,
2.627970641440E0));
#4174=CARTESIAN_POINT('',(-1.216819101596E0,-4.345631727475E0,
2.744241814922E0));
#4175=CARTESIAN_POINT('',(-5.932602414108E-1,-4.235681476364E0,
2.718813168707E0));
#4176=CARTESIAN_POINT('',(7.304712129889E-3,-4.129785671387E0,
2.553682950598E0));
#4177=CARTESIAN_POINT('',(5.539802023084E-1,-4.033392032776E0,
2.258365964074E0));
#4178=CARTESIAN_POINT('',(1.019354872598E0,-3.951333922266E0,1.848920761830E0));
#4179=CARTESIAN_POINT('',(1.380667506594E0,-3.887624756422E0,1.346698231875E0));
#4180=CARTESIAN_POINT('',(1.620523280919E0,-3.845331711930E0,
7.770613837676E-1));
#4181=CARTESIAN_POINT('',(1.727319191756E0,-3.826500711420E0,
1.682199828330E-1));
#4182=CARTESIAN_POINT('',(1.695555590636E0,-3.832101491302E0,
-4.498218415439E-1));
#4183=CARTESIAN_POINT('',(1.526137717418E0,-3.861974433364E0,
-1.046323499611E0));
#4184=CARTESIAN_POINT('',(1.226639155894E0,-3.914784110444E0,
-1.591018684856E0));
#4185=CARTESIAN_POINT('',(8.114010147537E-1,-3.988001798146E0,
-2.055552042858E0));
#4186=CARTESIAN_POINT('',(3.011562989091E-1,-4.077971708314E0,
-2.415225687273E0));
#4187=CARTESIAN_POINT('',(-2.777031006284E-1,-4.180040238489E0,
-2.650582711394E0));
#4188=CARTESIAN_POINT('',(-8.982765050942E-1,-4.289464073206E0,
-2.749465766847E0));
#4189=CARTESIAN_POINT('',(-1.521675301916E0,-4.399386100827E0,
-2.704721169293E0));
#4190=CARTESIAN_POINT('',(-1.920836801232E0,-4.469769042817E0,
-2.581155080953E0));
#4191=CARTESIAN_POINT('',(-2.107672555168E0,-4.502713227197E0,
-2.499415097193E0));
#4192=CARTESIAN_POINT('',(-3.798731347768E0,-4.988475915493E0,
-1.444502840995E-1));
#4193=CARTESIAN_POINT('',(-3.807980409650E0,-4.990106774649E0,
3.653625253025E-2));
#4194=CARTESIAN_POINT('',(-3.790448270824E0,-4.987015385545E0,
4.260046274489E-1));
#4195=CARTESIAN_POINT('',(-3.640226329913E0,-4.960527204268E0,
1.011910355452E0));
#4196=CARTESIAN_POINT('',(-3.349353801687E0,-4.909238529594E0,
1.579078714472E0));
#4197=CARTESIAN_POINT('',(-2.933889870042E0,-4.835981028934E0,
2.071814615597E0));
#4198=CARTESIAN_POINT('',(-2.417281260165E0,-4.744888992547E0,
2.458869193017E0));
#4199=CARTESIAN_POINT('',(-1.826145883270E0,-4.640655876349E0,
2.719466782969E0));
#4200=CARTESIAN_POINT('',(-1.191527381084E0,-4.528755511957E0,
2.839666933871E0));
#4201=CARTESIAN_POINT('',(-5.469046663983E-1,-4.415091134980E0,
2.813380275857E0));
#4202=CARTESIAN_POINT('',(7.400959689387E-2,-4.305607197655E0,
2.642661131873E0));
#4203=CARTESIAN_POINT('',(6.393377959610E-1,-4.205924583204E0,
2.337279142328E0));
#4204=CARTESIAN_POINT('',(1.120742117384E0,-4.121040012707E0,1.913746545292E0));
#4205=CARTESIAN_POINT('',(1.494626043848E0,-4.055114188819E0,1.394069563027E0));
#4206=CARTESIAN_POINT('',(1.742899928674E0,-4.011336804319E0,
8.044628653109E-1));
#4207=CARTESIAN_POINT('',(1.853464791538E0,-3.991841235877E0,
1.741589352647E-1));
#4208=CARTESIAN_POINT('',(1.820578813158E0,-3.997639921153E0,
-4.656969969971E-1));
#4209=CARTESIAN_POINT('',(1.645194195367E0,-4.028564961270E0,
-1.083183131347E0));
#4210=CARTESIAN_POINT('',(1.335223168616E0,-4.083221216525E0,
-1.646902890610E0));
#4211=CARTESIAN_POINT('',(9.056047241250E-1,-4.158974539698E0,
-2.127505457833E0));
#4212=CARTESIAN_POINT('',(3.778672010818E-1,-4.252028903743E0,
-2.499495879496E0));
#4213=CARTESIAN_POINT('',(-2.206687803092E-1,-4.357566946187E0,
-2.742844076054E0));
#4214=CARTESIAN_POINT('',(-8.622268262604E-1,-4.470690939379E0,
-2.845067175453E0));
#4215=CARTESIAN_POINT('',(-1.506686675247E0,-4.584326598738E0,
-2.798812177150E0));
#4216=CARTESIAN_POINT('',(-1.919384263881E0,-4.657096318488E0,
-2.671061843719E0));
#4217=CARTESIAN_POINT('',(-2.112577344999E0,-4.691161471175E0,
-2.586539602416E0));
#4218=CARTESIAN_POINT('',(-3.639814988241E0,-5.121986451236E0,
-1.375239544965E-1));
#4219=CARTESIAN_POINT('',(-3.648620736067E0,-5.123539142163E0,
3.478506857744E-2));
#4220=CARTESIAN_POINT('',(-3.631929876805E0,-5.120596093344E0,
4.055721305923E-1));
#4221=CARTESIAN_POINT('',(-3.488902761055E0,-5.095376553864E0,
9.634448953428E-1));
#4222=CARTESIAN_POINT('',(-3.211872833807E0,-5.046528703227E0,
1.503651259669E0));
#4223=CARTESIAN_POINT('',(-2.816001568673E0,-4.976725918296E0,
1.973175968625E0));
#4224=CARTESIAN_POINT('',(-2.323517255905E0,-4.889887646380E0,
2.342175905201E0));
#4225=CARTESIAN_POINT('',(-1.759751538255E0,-4.790480539559E0,
2.590720997939E0));
#4226=CARTESIAN_POINT('',(-1.154353815426E0,-4.683732586965E0,
2.705392617540E0));
#4227=CARTESIAN_POINT('',(-5.393704105306E-1,-4.575294419994E0,
2.680313282598E0));
#4228=CARTESIAN_POINT('',(5.290999110368E-2,-4.470859405041E0,
2.517458411765E0));
#4229=CARTESIAN_POINT('',(5.919916445933E-1,-4.375804764726E0,
2.226239060050E0));
#4230=CARTESIAN_POINT('',(1.050840369852E0,-4.294897354399E0,1.822529077074E0));
#4231=CARTESIAN_POINT('',(1.407035015756E0,-4.232090627942E0,1.327412553068E0));
#4232=CARTESIAN_POINT('',(1.643463633375E0,-4.190401883645E0,
7.659057721557E-1));
#4233=CARTESIAN_POINT('',(1.748725139405E0,-4.171841440102E0,
1.658021337614E-1));
#4234=CARTESIAN_POINT('',(1.717418477256E0,-4.177361649314E0,
-4.433587943458E-1));
#4235=CARTESIAN_POINT('',(1.550429767765E0,-4.206806264271E0,
-1.031317313352E0));
#4236=CARTESIAN_POINT('',(1.255194725880E0,-4.258864167806E0,
-1.568267269257E0));
#4237=CARTESIAN_POINT('',(8.458110520900E-1,-4.331049554957E0,
-2.026258577454E0));
#4238=CARTESIAN_POINT('',(3.426879571257E-1,-4.419763731217E0,
-2.380917851275E0));
#4239=CARTESIAN_POINT('',(-2.281607695341E-1,-4.520419763630E0,
-2.613021532473E0));
#4240=CARTESIAN_POINT('',(-8.401909676826E-1,-4.628337200572E0,
-2.710544798932E0));
#4241=CARTESIAN_POINT('',(-1.455015450093E0,-4.736747345221E0,
-2.666415111347E0));
#4242=CARTESIAN_POINT('',(-1.848666176025E0,-4.806158589178E0,
-2.544552500720E0));
#4243=CARTESIAN_POINT('',(-2.032913753376E0,-4.838646408195E0,
-2.463945221572E0));
#4244=CARTESIAN_POINT('',(-3.455355949690E0,-5.027137524380E0,
-1.272305877456E-1));
#4245=CARTESIAN_POINT('',(-3.463502879004E0,-5.028574047828E0,
3.218259660347E-2));
#4246=CARTESIAN_POINT('',(-3.448062263318E0,-5.025851450684E0,
3.752069594506E-1));
#4247=CARTESIAN_POINT('',(-3.315727531316E0,-5.002517266947E0,
8.914193371835E-1));
#4248=CARTESIAN_POINT('',(-3.059269389823E0,-4.957296777179E0,
1.391556903802E0));
#4249=CARTESIAN_POINT('',(-2.692515205968E0,-4.892628119278E0,
1.826586963007E0));
#4250=CARTESIAN_POINT('',(-2.235882527758E0,-4.812111457836E0,
2.168755511184E0));
#4251=CARTESIAN_POINT('',(-1.712791446834E0,-4.719876386902E0,
2.399389129707E0));
#4252=CARTESIAN_POINT('',(-1.150819349972E0,-4.620785543819E0,
2.505844680550E0));
#4253=CARTESIAN_POINT('',(-5.798835580839E-1,-4.520114159457E0,
2.482559574279E0));
#4254=CARTESIAN_POINT('',(-3.015655145523E-2,-4.423182456165E0,
2.331391968190E0));
#4255=CARTESIAN_POINT('',(4.699195485803E-1,-4.335005547321E0,
2.061220015846E0));
#4256=CARTESIAN_POINT('',(8.952479193498E-1,-4.260008679894E0,
1.686968844127E0));
#4257=CARTESIAN_POINT('',(1.225154146597E0,-4.201837310926E0,1.228352143105E0));
#4258=CARTESIAN_POINT('',(1.443979258952E0,-4.163252539561E0,
7.086052503155E-1));
#4259=CARTESIAN_POINT('',(1.541359332819E0,-4.146081805155E0,
1.533829120861E-1));
#4260=CARTESIAN_POINT('',(1.512399726343E0,-4.151188165128E0,
-4.101615130118E-1));
#4261=CARTESIAN_POINT('',(1.357888355975E0,-4.178432688550E0,
-9.542384105206E-1));
#4262=CARTESIAN_POINT('',(1.084552776773E0,-4.226629125951E0,
-1.451405188378E0));
#4263=CARTESIAN_POINT('',(7.052404290492E-1,-4.293512126970E0,
-1.875793420316E0));
#4264=CARTESIAN_POINT('',(2.386973627722E-1,-4.375776257217E0,
-2.204696504181E0));
#4265=CARTESIAN_POINT('',(-2.910047417076E-1,-4.469177029975E0,
-2.420089470300E0));
#4266=CARTESIAN_POINT('',(-8.591529728957E-1,-4.569356892175E0,
-2.510628214381E0));
#4267=CARTESIAN_POINT('',(-1.429935702395E0,-4.670001287509E0,
-2.469656996565E0));
#4268=CARTESIAN_POINT('',(-1.795280477775E0,-4.734421428669E0,
-2.356544256883E0));
#4269=CARTESIAN_POINT('',(-1.966233950409E0,-4.764565138340E0,
-2.281755086834E0));
#4270=(BOUNDED_SURFACE()B_SPLINE_SURFACE(3,3,((#4166,#4167,#4168,#4169,#4170,
#4171,#4172,#4173,#4174,#4175,#4176,#4177,#4178,#4179,#4180,#4181,#4182,#4183,
#4184,#4185,#4186,#4187,#4188,#4189,#4190,#4191),(#4192,#4193,#4194,#4195,#4196,
#4197,#4198,#4199,#4200,#4201,#4202,#4203,#4204,#4205,#4206,#4207,#4208,#4209,
#4210,#4211,#4212,#4213,#4214,#4215,#4216,#4217),(#4218,#4219,#4220,#4221,#4222,
#4223,#4224,#4225,#4226,#4227,#4228,#4229,#4230,#4231,#4232,#4233,#4234,#4235,
#4236,#4237,#4238,#4239,#4240,#4241,#4242,#4243),(#4244,#4245,#4246,#4247,#4248,
#4249,#4250,#4251,#4252,#4253,#4254,#4255,#4256,#4257,#4258,#4259,#4260,#4261,
#4262,#4263,#4264,#4265,#4266,#4267,#4268,#4269)),.UNSPECIFIED.,.F.,.F.,.F.)B_SPLINE_SURFACE_WITH_KNOTS((4,4),(4,1,1,1,1,1,1,1,1,1,1,1,1,1,1,1,1,1,1,1,1,1,1,4),(
0.E0,1.E0),(1.741886041190E-1,2.045809149376E-1,2.392564019803E-1,
2.750996339525E-1,3.111720048214E-1,3.474757812151E-1,3.839585003483E-1,
4.205293120399E-1,4.570805810929E-1,4.935083878622E-1,5.297354640085E-1,
5.657255820633E-1,6.014903950848E-1,6.370858713530E-1,6.726008510748E-1,
7.081402792867E-1,7.438044725771E-1,7.796699913384E-1,8.157744472234E-1,
8.521027127475E-1,8.886113304012E-1,9.251911140428E-1,9.623570770933E-1,
9.983258347022E-1),.UNSPECIFIED.)GEOMETRIC_REPRESENTATION_ITEM()RATIONAL_B_SPLINE_SURFACE(((1.441208507679E0,1.441208507679E0,1.441208507679E0,1.441208507679E0,
1.441208507679E0,1.441208507679E0,1.441208507679E0,1.441208507679E0,
1.441208507679E0,1.441208507679E0,1.441208507679E0,1.441208507679E0,
1.441208507679E0,1.441208507679E0,1.441208507679E0,1.441208507679E0,
1.441208507679E0,1.441208507679E0,1.441208507679E0,1.441208507679E0,
1.441208507679E0,1.441208507679E0,1.441208507679E0,1.441208507679E0,
1.441208507679E0,1.441208507679E0),(8.529304974403E-1,8.529304974403E-1,
8.529304974403E-1,8.529304974403E-1,8.529304974403E-1,8.529304974403E-1,
8.529304974403E-1,8.529304974403E-1,8.529304974403E-1,8.529304974403E-1,
8.529304974403E-1,8.529304974403E-1,8.529304974403E-1,8.529304974403E-1,
8.529304974403E-1,8.529304974403E-1,8.529304974403E-1,8.529304974403E-1,
8.529304974403E-1,8.529304974403E-1,8.529304974403E-1,8.529304974403E-1,
8.529304974403E-1,8.529304974403E-1,8.529304974403E-1,8.529304974403E-1),(
8.529304974403E-1,8.529304974403E-1,8.529304974403E-1,8.529304974403E-1,
8.529304974403E-1,8.529304974403E-1,8.529304974403E-1,8.529304974403E-1,
8.529304974403E-1,8.529304974403E-1,8.529304974403E-1,8.529304974403E-1,
8.529304974403E-1,8.529304974403E-1,8.529304974403E-1,8.529304974403E-1,
8.529304974403E-1,8.529304974403E-1,8.529304974403E-1,8.529304974403E-1,
8.529304974403E-1,8.529304974403E-1,8.529304974403E-1,8.529304974403E-1,
8.529304974403E-1,8.529304974403E-1),(1.441208507679E0,1.441208507679E0,
1.441208507679E0,1.441208507679E0,1.441208507679E0,1.441208507679E0,
1.441208507679E0,1.441208507679E0,1.441208507679E0,1.441208507679E0,
1.441208507679E0,1.441208507679E0,1.441208507679E0,1.441208507679E0,
1.441208507679E0,1.441208507679E0,1.441208507679E0,1.441208507679E0,
1.441208507679E0,1.441208507679E0,1.441208507679E0,1.441208507679E0,
1.441208507679E0,1.441208507679E0,1.441208507679E0,1.441208507679E0)))REPRESENTATION_ITEM('')SURFACE());
#4271=ORIENTED_EDGE('',*,*,#3533,.F.);
#4272=ORIENTED_EDGE('',*,*,#3495,.F.);
#4273=ORIENTED_EDGE('',*,*,#2239,.T.);
#4274=ORIENTED_EDGE('',*,*,#4107,.T.);
#4275=ORIENTED_EDGE('',*,*,#4144,.F.);
#4276=EDGE_LOOP('',(#4271,#4272,#4273,#4274,#4275));
#4277=FACE_OUTER_BOUND('',#4276,.F.);
#4278=ADVANCED_FACE('',(#4277),#4270,.T.);
#4279=FILL_AREA_STYLE_COLOUR('',#1);
#4280=FILL_AREA_STYLE('',(#4279));
#4281=SURFACE_STYLE_FILL_AREA(#4280);
#4282=SURFACE_SIDE_STYLE('',(#4281));
#4283=SURFACE_STYLE_USAGE(.POSITIVE.,#4282);
#4284=PRESENTATION_STYLE_ASSIGNMENT((#4283));
#4285=STYLED_ITEM('',(#4284),#4278);
#4286=CARTESIAN_POINT('',(-3.267497732705E0,-4.8E0,-2.623926E0));
#4287=DIRECTION('',(0.E0,0.E0,1.E0));
#4288=DIRECTION('',(0.E0,-1.E0,0.E0));
#4289=AXIS2_PLACEMENT_3D('',#4286,#4287,#4288);
#4290=CYLINDRICAL_SURFACE('',#4289,2.E-1);
#4291=ORIENTED_EDGE('',*,*,#3516,.T.);
#4293=ORIENTED_EDGE('',*,*,#4292,.T.);
#4294=ORIENTED_EDGE('',*,*,#4149,.F.);
#4295=ORIENTED_EDGE('',*,*,#3716,.F.);
#4296=EDGE_LOOP('',(#4291,#4293,#4294,#4295));
#4297=FACE_OUTER_BOUND('',#4296,.F.);
#4298=ADVANCED_FACE('',(#4297),#4290,.T.);
#4299=FILL_AREA_STYLE_COLOUR('',#1);
#4300=FILL_AREA_STYLE('',(#4299));
#4301=SURFACE_STYLE_FILL_AREA(#4300);
#4302=SURFACE_SIDE_STYLE('',(#4301));
#4303=SURFACE_STYLE_USAGE(.POSITIVE.,#4302);
#4304=PRESENTATION_STYLE_ASSIGNMENT((#4303));
#4305=STYLED_ITEM('',(#4304),#4298);
#4306=CARTESIAN_POINT('',(-3.321736694109E0,-4.898942886375E0,
-2.593500322691E0));
#4307=CARTESIAN_POINT('',(-3.403540640206E0,-4.913367129200E0,
-2.563976148699E0));
#4308=CARTESIAN_POINT('',(-3.443172854009E0,-4.920355357799E0,
-2.473058961051E0));
#4309=CARTESIAN_POINT('',(-3.413287154287E0,-4.915085702600E0,
-2.357787001080E0));
#4310=CARTESIAN_POINT('',(-3.373286734573E0,-4.908032549365E0,
-2.303474839064E0));
#4311=CARTESIAN_POINT('',(-3.337062630972E0,-4.901645262548E0,
-2.271692761962E0));
#4312=CARTESIAN_POINT('',(-3.304351581319E0,-4.895877421927E0,
-2.250434803847E0));
#4313=CARTESIAN_POINT('',(-3.274006172310E0,-4.890526707578E0,
-2.234707855743E0));
#4314=CARTESIAN_POINT('',(-3.244853634925E0,-4.885386328681E0,
-2.222141856705E0));
#4315=CARTESIAN_POINT('',(-3.216254841763E0,-4.880343589831E0,
-2.211589510802E0));
#4316=CARTESIAN_POINT('',(-3.187598747010E0,-4.875290747164E0,
-2.202359330139E0));
#4317=CARTESIAN_POINT('',(-3.158221605121E0,-4.870110764433E0,
-2.193996093234E0));
#4318=CARTESIAN_POINT('',(-3.127474342520E0,-4.864689192454E0,
-2.186203984124E0));
#4319=CARTESIAN_POINT('',(-3.094819005941E0,-4.858931175549E0,
-2.178812061472E0));
#4320=CARTESIAN_POINT('',(-3.059845937761E0,-4.852764480041E0,
-2.171735989016E0));
#4321=CARTESIAN_POINT('',(-3.020960512327E0,-4.845907930333E0,
-2.164712715474E0));
#4322=CARTESIAN_POINT('',(-2.993795287357E0,-4.841117968267E0,
-2.160373197390E0));
#4323=CARTESIAN_POINT('',(-2.979081356240E0,-4.838523505297E0,
-2.158150385161E0));
#4324=CARTESIAN_POINT('',(-3.285658751851E0,-4.986654551694E0,
-2.562269459476E0));
#4325=CARTESIAN_POINT('',(-3.348456889496E0,-4.997727557699E0,
-2.538707199854E0));
#4326=CARTESIAN_POINT('',(-3.379213736836E0,-5.003150819727E0,
-2.468020710168E0));
#4327=CARTESIAN_POINT('',(-3.356010513952E0,-4.999059465493E0,
-2.378090968504E0));
#4328=CARTESIAN_POINT('',(-3.324198364848E0,-4.993450125292E0,
-2.334663867974E0));
#4329=CARTESIAN_POINT('',(-3.294230744007E0,-4.988166025190E0,
-2.308281137833E0));
#4330=CARTESIAN_POINT('',(-3.266092460677E0,-4.983204486648E0,
-2.289950627144E0));
#4331=CARTESIAN_POINT('',(-3.239085137170E0,-4.978442366837E0,
-2.275932510246E0));
#4332=CARTESIAN_POINT('',(-3.212454932578E0,-4.973746743265E0,
-2.264443000121E0));
#4333=CARTESIAN_POINT('',(-3.185823012740E0,-4.969050817250E0,
-2.254610623738E0));
#4334=CARTESIAN_POINT('',(-3.158760180190E0,-4.964278909697E0,
-2.245890292235E0));
#4335=CARTESIAN_POINT('',(-3.130723673599E0,-4.959335317140E0,
-2.237906557305E0));
#4336=CARTESIAN_POINT('',(-3.101142981817E0,-4.954119443071E0,
-2.230408585103E0));
#4337=CARTESIAN_POINT('',(-3.069528678247E0,-4.948544988375E0,
-2.223251197577E0));
#4338=CARTESIAN_POINT('',(-3.035501367856E0,-4.942545055474E0,
-2.216365621339E0));
#4339=CARTESIAN_POINT('',(-2.997516269435E0,-4.935847257749E0,
-2.209504254843E0));
#4340=CARTESIAN_POINT('',(-2.970890528083E0,-4.931152421173E0,
-2.205250484332E0));
#4341=CARTESIAN_POINT('',(-2.956453712774E0,-4.928606821132E0,
-2.203070532806E0));
#4342=CARTESIAN_POINT('',(-3.236855923755E0,-5.019572462307E0,
-2.497119058698E0));
#4343=CARTESIAN_POINT('',(-3.260006228765E0,-5.023654485692E0,
-2.485993890806E0));
#4344=CARTESIAN_POINT('',(-3.272248260228E0,-5.025813086138E0,
-2.457510463878E0));
#4345=CARTESIAN_POINT('',(-3.262985287448E0,-5.024179774115E0,
-2.420446877977E0));
#4346=CARTESIAN_POINT('',(-3.248254610230E0,-5.021582358278E0,
-2.399726998616E0));
#4347=CARTESIAN_POINT('',(-3.231338577380E0,-5.018599605280E0,
-2.384607793790E0));
#4348=CARTESIAN_POINT('',(-3.212739497514E0,-5.015320085683E0,
-2.372384202775E0));
#4349=CARTESIAN_POINT('',(-3.192695721790E0,-5.011785827227E0,
-2.361930862081E0));
#4350=CARTESIAN_POINT('',(-3.171327331167E0,-5.008018003426E0,
-2.352687005033E0));
#4351=CARTESIAN_POINT('',(-3.148798486691E0,-5.004045560301E0,
-2.344356550080E0));
#4352=CARTESIAN_POINT('',(-3.125059342964E0,-4.999859708763E0,
-2.336699809964E0));
#4353=CARTESIAN_POINT('',(-3.099819522664E0,-4.995409247456E0,
-2.329507750424E0));
#4354=CARTESIAN_POINT('',(-3.072672402951E0,-4.990622477802E0,
-2.322623374371E0));
#4355=CARTESIAN_POINT('',(-3.043229788240E0,-4.985430950446E0,
-2.315955248297E0));
#4356=CARTESIAN_POINT('',(-3.011175413998E0,-4.979778899415E0,
-2.309467064372E0));
#4357=CARTESIAN_POINT('',(-2.975068479037E0,-4.973412272600E0,
-2.302943450594E0));
#4358=CARTESIAN_POINT('',(-2.949568149215E0,-4.968915876429E0,
-2.298868557262E0));
#4359=CARTESIAN_POINT('',(-2.935709422487E0,-4.966472208974E0,
-2.296778017033E0));
#4360=CARTESIAN_POINT('',(-3.198757534883E0,-4.981893344957E0,
-2.429326609332E0));
#4361=CARTESIAN_POINT('',(-3.180652166035E0,-4.978700879933E0,
-2.431142895388E0));
#4362=CARTESIAN_POINT('',(-3.173628549045E0,-4.977462426756E0,
-2.446573994862E0));
#4363=CARTESIAN_POINT('',(-3.178871146271E0,-4.978386838096E0,
-2.464520449496E0));
#4364=CARTESIAN_POINT('',(-3.181914647017E0,-4.978923489393E0,
-2.467428638772E0));
#4365=CARTESIAN_POINT('',(-3.178579484083E0,-4.978335410183E0,
-2.464029729762E0));
#4366=CARTESIAN_POINT('',(-3.169906451642E0,-4.976806120559E0,
-2.458160712746E0));
#4367=CARTESIAN_POINT('',(-3.157108616923E0,-4.974549517003E0,
-2.451416710864E0));
#4368=CARTESIAN_POINT('',(-3.141215422965E0,-4.971747118099E0,
-2.444509575015E0));
#4369=CARTESIAN_POINT('',(-3.122956046142E0,-4.968527497314E0,
-2.437741949012E0));
#4370=CARTESIAN_POINT('',(-3.102675377015E0,-4.964951468160E0,
-2.431191932176E0));
#4371=CARTESIAN_POINT('',(-3.080345657213E0,-4.961014136087E0,
-2.424823652891E0));
#4372=CARTESIAN_POINT('',(-3.055730798381E0,-4.956673872349E0,
-2.418577756194E0));
#4373=CARTESIAN_POINT('',(-3.028547941174E0,-4.951880801210E0,
-2.412418732625E0));
#4374=CARTESIAN_POINT('',(-2.998546511691E0,-4.946590739734E0,
-2.406344056490E0));
#4375=CARTESIAN_POINT('',(-2.964393905484E0,-4.940568713794E0,
-2.400171892337E0));
#4376=CARTESIAN_POINT('',(-2.940064626080E0,-4.936278805417E0,
-2.396283130204E0));
#4377=CARTESIAN_POINT('',(-2.926807431189E0,-4.933941204275E0,
-2.394285627174E0));
#4378=(BOUNDED_SURFACE()B_SPLINE_SURFACE(3,3,((#4306,#4307,#4308,#4309,#4310,
#4311,#4312,#4313,#4314,#4315,#4316,#4317,#4318,#4319,#4320,#4321,#4322,#4323),(
#4324,#4325,#4326,#4327,#4328,#4329,#4330,#4331,#4332,#4333,#4334,#4335,#4336,
#4337,#4338,#4339,#4340,#4341),(#4342,#4343,#4344,#4345,#4346,#4347,#4348,#4349,
#4350,#4351,#4352,#4353,#4354,#4355,#4356,#4357,#4358,#4359),(#4360,#4361,#4362,
#4363,#4364,#4365,#4366,#4367,#4368,#4369,#4370,#4371,#4372,#4373,#4374,#4375,
#4376,#4377)),.UNSPECIFIED.,.F.,.F.,.F.)B_SPLINE_SURFACE_WITH_KNOTS((4,4),(4,1,
1,1,1,1,1,1,1,1,1,1,1,1,1,4),(0.E0,1.E0),(-9.957413561078E-2,0.E0,
5.563414949123E-2,1.123918262627E-1,1.729445393925E-1,2.369717781950E-1,
3.051610424356E-1,3.767371925364E-1,4.507927295831E-1,5.277105492372E-1,
6.087736190930E-1,6.953429596647E-1,7.887987104472E-1,8.901460254319E-1,1.E0,
1.130337227001E0),.UNSPECIFIED.)GEOMETRIC_REPRESENTATION_ITEM()RATIONAL_B_SPLINE_SURFACE(((1.136389882479E0,1.136389882479E0,1.136389882479E0,1.136389882479E0,
1.136389882479E0,1.136389882479E0,1.136389882479E0,1.136389882479E0,
1.136389882479E0,1.136389882479E0,1.136389882479E0,1.136389882479E0,
1.136389882479E0,1.136389882479E0,1.136389882479E0,1.136389882479E0,
1.136389882479E0,1.136389882479E0),(9.545367058403E-1,9.545367058403E-1,
9.545367058403E-1,9.545367058403E-1,9.545367058403E-1,9.545367058403E-1,
9.545367058403E-1,9.545367058403E-1,9.545367058403E-1,9.545367058403E-1,
9.545367058403E-1,9.545367058403E-1,9.545367058403E-1,9.545367058403E-1,
9.545367058403E-1,9.545367058403E-1,9.545367058403E-1,9.545367058403E-1),(
9.545367058403E-1,9.545367058403E-1,9.545367058403E-1,9.545367058403E-1,
9.545367058403E-1,9.545367058403E-1,9.545367058403E-1,9.545367058403E-1,
9.545367058403E-1,9.545367058403E-1,9.545367058403E-1,9.545367058403E-1,
9.545367058403E-1,9.545367058403E-1,9.545367058403E-1,9.545367058403E-1,
9.545367058403E-1,9.545367058403E-1),(1.136389882479E0,1.136389882479E0,
1.136389882479E0,1.136389882479E0,1.136389882479E0,1.136389882479E0,
1.136389882479E0,1.136389882479E0,1.136389882479E0,1.136389882479E0,
1.136389882479E0,1.136389882479E0,1.136389882479E0,1.136389882479E0,
1.136389882479E0,1.136389882479E0,1.136389882479E0,1.136389882479E0)))REPRESENTATION_ITEM('')SURFACE());
#4379=ORIENTED_EDGE('',*,*,#3158,.T.);
#4380=ORIENTED_EDGE('',*,*,#3444,.T.);
#4381=ORIENTED_EDGE('',*,*,#4151,.F.);
#4382=ORIENTED_EDGE('',*,*,#4292,.F.);
#4383=EDGE_LOOP('',(#4379,#4380,#4381,#4382));
#4384=FACE_OUTER_BOUND('',#4383,.F.);
#4385=ADVANCED_FACE('',(#4384),#4378,.T.);
#4386=FILL_AREA_STYLE_COLOUR('',#1);
#4387=FILL_AREA_STYLE('',(#4386));
#4388=SURFACE_STYLE_FILL_AREA(#4387);
#4389=SURFACE_SIDE_STYLE('',(#4388));
#4390=SURFACE_STYLE_USAGE(.POSITIVE.,#4389);
#4391=PRESENTATION_STYLE_ASSIGNMENT((#4390));
#4392=STYLED_ITEM('',(#4391),#4385);
#4393=CARTESIAN_POINT('',(-2.157371473186E0,-4.685532713602E-1,
-2.485145860602E0));
#4394=CARTESIAN_POINT('',(-2.125280498389E0,-4.742117760541E-1,
-2.499972688285E0));
#4395=CARTESIAN_POINT('',(-1.908362725041E0,-5.124602320906E-1,
-2.595066659657E0));
#4396=CARTESIAN_POINT('',(-1.487602681313E0,-5.866515802039E-1,
-2.717405257642E0));
#4397=CARTESIAN_POINT('',(-8.887565541935E-1,-6.922443097079E-1,
-2.755462128520E0));
#4398=CARTESIAN_POINT('',(-2.998793056220E-1,-7.960792569564E-1,
-2.664348970045E0));
#4399=CARTESIAN_POINT('',(2.544014755165E-1,-8.938139135593E-1,
-2.449209823422E0));
#4400=CARTESIAN_POINT('',(7.484753641425E-1,-9.809324705876E-1,
-2.121077313159E0));
#4401=CARTESIAN_POINT('',(1.160109050012E0,-1.053514595575E0,
-1.695848997074E0));
#4402=CARTESIAN_POINT('',(1.471149302860E0,-1.108359384238E0,
-1.193434709530E0));
#4403=CARTESIAN_POINT('',(1.668020976470E0,-1.143073172033E0,
-6.367185933246E-1));
#4404=CARTESIAN_POINT('',(1.742019848437E0,-1.156121169703E0,
-5.067222852591E-2));
#4405=CARTESIAN_POINT('',(1.689541554290E0,-1.146867830543E0,
5.384498120247E-1));
#4406=CARTESIAN_POINT('',(1.512316885541E0,-1.115618339796E0,1.103976213870E0));
#4407=CARTESIAN_POINT('',(1.217626237526E0,-1.063656427588E0,1.619726920464E0));
#4408=CARTESIAN_POINT('',(8.182342169497E-1,-9.932328384808E-1,
2.061403869954E0));
#4409=CARTESIAN_POINT('',(3.326990197202E-1,-9.076198831256E-1,
2.407222087866E0));
#4410=CARTESIAN_POINT('',(-2.181733894916E-1,-8.104862144537E-1,
2.641400931039E0));
#4411=CARTESIAN_POINT('',(-8.107972466660E-1,-7.059906390223E-1,
2.751554101146E0));
#4412=CARTESIAN_POINT('',(-1.410537175233E0,-6.002403082079E-1,
2.729517045362E0));
#4413=CARTESIAN_POINT('',(-1.831830812109E0,-5.259548732258E-1,
2.619745503364E0));
#4414=CARTESIAN_POINT('',(-2.045578834224E0,-4.882653298538E-1,
2.534019588117E0));
#4415=CARTESIAN_POINT('',(-2.078086025436E0,-4.825334349761E-1,
2.520236678124E0));
#4416=CARTESIAN_POINT('',(-2.154302435254E0,-2.870505744928E-1,
-2.547821501773E0));
#4417=CARTESIAN_POINT('',(-2.121420970074E0,-2.928484639693E-1,
-2.563013638072E0));
#4418=CARTESIAN_POINT('',(-1.899163442361E0,-3.320384627706E-1,
-2.660449012840E0));
#4419=CARTESIAN_POINT('',(-1.468085652912E0,-4.080491078347E-1,
-2.785783769188E0));
#4420=CARTESIAN_POINT('',(-8.546029539752E-1,-5.162226598551E-1,
-2.824770065222E0));
#4421=CARTESIAN_POINT('',(-2.513203075194E-1,-6.225976674185E-1,
-2.731430268815E0));
#4422=CARTESIAN_POINT('',(3.165842621880E-1,-7.227345655255E-1,
-2.511008541620E0));
#4423=CARTESIAN_POINT('',(8.228970692073E-1,-8.120111740813E-1,
-2.174755939180E0));
#4424=CARTESIAN_POINT('',(1.244823791995E0,-8.864082391906E-1,
-1.738905404292E0));
#4425=CARTESIAN_POINT('',(1.563714384341E0,-9.426372545153E-1,
-1.223823529286E0));
#4426=CARTESIAN_POINT('',(1.765592356086E0,-9.782337877446E-1,
-6.529649065074E-1));
#4427=CARTESIAN_POINT('',(1.841481150144E0,-9.916150296705E-1,
-5.196622498780E-2));
#4428=CARTESIAN_POINT('',(1.787662086217E0,-9.821252766237E-1,
5.521919772089E-1));
#4429=CARTESIAN_POINT('',(1.605926233661E0,-9.500803424561E-1,
1.132098909374E0));
#4430=CARTESIAN_POINT('',(1.303787399905E0,-8.968051141452E-1,
1.660871649594E0));
#4431=CARTESIAN_POINT('',(8.943931595609E-1,-8.246178638258E-1,
2.113598445833E0));
#4432=CARTESIAN_POINT('',(3.968141747171E-1,-7.368812637643E-1,
2.467985954930E0));
#4433=CARTESIAN_POINT('',(-1.676115378752E-1,-6.373577820287E-1,
2.707920495934E0));
#4434=CARTESIAN_POINT('',(-7.747387103592E-1,-5.303048807985E-1,
2.820766680062E0));
#4435=CARTESIAN_POINT('',(-1.389135039482E0,-4.219702311259E-1,
2.798191464912E0));
#4436=CARTESIAN_POINT('',(-1.820753184991E0,-3.458643067093E-1,
2.685733069405E0));
#4437=CARTESIAN_POINT('',(-2.039757878772E0,-3.072478702940E-1,
2.597898420338E0));
#4438=CARTESIAN_POINT('',(-2.073065010622E0,-3.013749242987E-1,
2.583776258972E0));
#4439=CARTESIAN_POINT('',(-2.076475530121E0,-1.583645858608E-1,
-2.428391201973E0));
#4440=CARTESIAN_POINT('',(-2.045100367896E0,-1.638968734852E-1,
-2.442887231831E0));
#4441=CARTESIAN_POINT('',(-1.833017901064E0,-2.012927345230E-1,
-2.535860992736E0));
#4442=CARTESIAN_POINT('',(-1.421600883195E0,-2.738366550959E-1,
-2.655486480143E0));
#4443=CARTESIAN_POINT('',(-8.360086075154E-1,-3.770923729927E-1,
-2.692701728878E0));
#4444=CARTESIAN_POINT('',(-2.601758755066E-1,-4.786272200209E-1,
-2.603604857327E0));
#4445=CARTESIAN_POINT('',(2.817681595691E-1,-5.741865754387E-1,
-2.393249244648E0));
#4446=CARTESIAN_POINT('',(7.647593432972E-1,-6.593509525743E-1,
-2.072469719546E0));
#4447=CARTESIAN_POINT('',(1.167072377863E0,-7.302895952590E-1,
-1.656860138758E0));
#4448=CARTESIAN_POINT('',(1.471003914629E0,-7.838809254791E-1,
-1.165916728715E0));
#4449=CARTESIAN_POINT('',(1.663342236265E0,-8.177953610076E-1,
-6.220070731641E-1));
#4450=CARTESIAN_POINT('',(1.735629727527E0,-8.305415960847E-1,
-4.950047621370E-2));
#4451=CARTESIAN_POINT('',(1.684365540322E0,-8.215023367364E-1,
5.260058724131E-1));
#4452=CARTESIAN_POINT('',(1.511225882787E0,-7.909731436824E-1,
1.078510276016E0));
#4453=CARTESIAN_POINT('',(1.223279788656E0,-7.402004782975E-1,
1.582469143559E0));
#4454=CARTESIAN_POINT('',(8.329450757970E-1,-6.713739369134E-1,
2.014140127917E0));
#4455=CARTESIAN_POINT('',(3.583158867371E-1,-5.876840050504E-1,
2.352198597596E0));
#4456=CARTESIAN_POINT('',(-1.802836028481E-1,-4.927143832407E-1,
2.581165485064E0));
#4457=CARTESIAN_POINT('',(-7.597742763168E-1,-3.905345424392E-1,
2.688880050818E0));
#4458=CARTESIAN_POINT('',(-1.346242397930E0,-2.871243892734E-1,
2.667330314357E0));
#4459=CARTESIAN_POINT('',(-1.758186884929E0,-2.144874616615E-1,
2.559991798187E0));
#4460=CARTESIAN_POINT('',(-1.967174834386E0,-1.776372475292E-1,
2.476175404180E0));
#4461=CARTESIAN_POINT('',(-1.998957655539E0,-1.720330786369E-1,
2.462699696404E0));
#4462=CARTESIAN_POINT('',(-2.011552410340E0,-2.274429479875E-1,
-2.261377301869E0));
#4463=CARTESIAN_POINT('',(-1.982283694567E0,-2.326038122689E-1,
-2.274899881508E0));
#4464=CARTESIAN_POINT('',(-1.784430251728E0,-2.674907124675E-1,
-2.361634425619E0));
#4465=CARTESIAN_POINT('',(-1.400507279727E0,-3.351866909450E-1,
-2.473275948536E0));
#4466=CARTESIAN_POINT('',(-8.539175718344E-1,-4.315652038241E-1,
-2.508014526636E0));
#4467=CARTESIAN_POINT('',(-3.164713906171E-1,-5.263314662514E-1,
-2.424851052464E0));
#4468=CARTESIAN_POINT('',(1.891688744365E-1,-6.154894875129E-1,
-2.228572110839E0));
#4469=CARTESIAN_POINT('',(6.395465985219E-1,-6.949032317792E-1,
-1.929430469903E0));
#4470=CARTESIAN_POINT('',(1.014431429601E0,-7.610055421569E-1,
-1.542126274698E0));
#4471=CARTESIAN_POINT('',(1.297443901286E0,-8.109082767920E-1,
-1.084938613261E0));
#4472=CARTESIAN_POINT('',(1.476441771018E0,-8.424704307150E-1,
-5.787149731351E-1));
#4473=CARTESIAN_POINT('',(1.543693122987E0,-8.543286585563E-1,
-4.605232009143E-2));
#4474=CARTESIAN_POINT('',(1.496001730344E0,-8.459193792856E-1,
4.893866602216E-1));
#4475=CARTESIAN_POINT('',(1.334883176825E0,-8.175098312075E-1,
1.003570778473E0));
#4476=CARTESIAN_POINT('',(1.066784515061E0,-7.702368036467E-1,
1.472829392737E0));
#4477=CARTESIAN_POINT('',(7.031030553954E-1,-7.061099499243E-1,
1.875055476864E0));
#4478=CARTESIAN_POINT('',(2.605673543942E-1,-6.280789659110E-1,
2.190279066593E0));
#4479=CARTESIAN_POINT('',(-2.419161894335E-1,-5.394775597722E-1,
2.403908551449E0));
#4480=CARTESIAN_POINT('',(-7.827593882370E-1,-4.441123114905E-1,
2.504446951692E0));
#4481=CARTESIAN_POINT('',(-1.330172103752E0,-3.475886801622E-1,
2.484331266688E0));
#4482=CARTESIAN_POINT('',(-1.714604523523E0,-2.798028722976E-1,
2.384152499907E0));
#4483=CARTESIAN_POINT('',(-1.909584842266E0,-2.454225813962E-1,
2.305955320206E0));
#4484=CARTESIAN_POINT('',(-1.939236034552E0,-2.401942761859E-1,
2.293383627035E0));
#4485=(BOUNDED_SURFACE()B_SPLINE_SURFACE(3,3,((#4393,#4394,#4395,#4396,#4397,
#4398,#4399,#4400,#4401,#4402,#4403,#4404,#4405,#4406,#4407,#4408,#4409,#4410,
#4411,#4412,#4413,#4414,#4415),(#4416,#4417,#4418,#4419,#4420,#4421,#4422,#4423,
#4424,#4425,#4426,#4427,#4428,#4429,#4430,#4431,#4432,#4433,#4434,#4435,#4436,
#4437,#4438),(#4439,#4440,#4441,#4442,#4443,#4444,#4445,#4446,#4447,#4448,#4449,
#4450,#4451,#4452,#4453,#4454,#4455,#4456,#4457,#4458,#4459,#4460,#4461),(#4462,
#4463,#4464,#4465,#4466,#4467,#4468,#4469,#4470,#4471,#4472,#4473,#4474,#4475,
#4476,#4477,#4478,#4479,#4480,#4481,#4482,#4483,#4484)),.UNSPECIFIED.,.F.,.F.,
.F.)B_SPLINE_SURFACE_WITH_KNOTS((4,4),(4,1,1,1,1,1,1,1,1,1,1,1,1,1,1,1,1,1,1,1,
4),(0.E0,1.E0),(-1.001658773359E-2,0.E0,5.706317974189E-2,1.131829220571E-1,
1.692139445441E-1,2.249856312116E-1,2.804351345166E-1,3.355362994317E-1,
3.903269468578E-1,4.449025642699E-1,4.993949261371E-1,5.539520562665E-1,
6.087096377748E-1,6.637731648475E-1,7.191745335586E-1,7.749523618E-1,
8.308241401986E-1,8.874849889235E-1,9.447601524454E-1,1.E0,1.010007672866E0),
.UNSPECIFIED.)GEOMETRIC_REPRESENTATION_ITEM()RATIONAL_B_SPLINE_SURFACE(((
1.391966165745E0,1.391966165745E0,1.391966165745E0,1.391966165745E0,
1.391966165745E0,1.391966165745E0,1.391966165745E0,1.391966165745E0,
1.391966165745E0,1.391966165745E0,1.391966165745E0,1.391966165745E0,
1.391966165745E0,1.391966165745E0,1.391966165745E0,1.391966165745E0,
1.391966165745E0,1.391966165745E0,1.391966165745E0,1.391966165745E0,
1.391966165745E0,1.391966165745E0,1.391966165745E0),(8.693446114184E-1,
8.693446114184E-1,8.693446114184E-1,8.693446114184E-1,8.693446114184E-1,
8.693446114184E-1,8.693446114184E-1,8.693446114184E-1,8.693446114184E-1,
8.693446114184E-1,8.693446114184E-1,8.693446114184E-1,8.693446114184E-1,
8.693446114184E-1,8.693446114184E-1,8.693446114184E-1,8.693446114184E-1,
8.693446114184E-1,8.693446114184E-1,8.693446114184E-1,8.693446114184E-1,
8.693446114184E-1,8.693446114184E-1),(8.693446114184E-1,8.693446114184E-1,
8.693446114184E-1,8.693446114184E-1,8.693446114184E-1,8.693446114184E-1,
8.693446114184E-1,8.693446114184E-1,8.693446114184E-1,8.693446114184E-1,
8.693446114184E-1,8.693446114184E-1,8.693446114184E-1,8.693446114184E-1,
8.693446114184E-1,8.693446114184E-1,8.693446114184E-1,8.693446114184E-1,
8.693446114184E-1,8.693446114184E-1,8.693446114184E-1,8.693446114184E-1,
8.693446114184E-1),(1.391966165745E0,1.391966165745E0,1.391966165745E0,
1.391966165745E0,1.391966165745E0,1.391966165745E0,1.391966165745E0,
1.391966165745E0,1.391966165745E0,1.391966165745E0,1.391966165745E0,
1.391966165745E0,1.391966165745E0,1.391966165745E0,1.391966165745E0,
1.391966165745E0,1.391966165745E0,1.391966165745E0,1.391966165745E0,
1.391966165745E0,1.391966165745E0,1.391966165745E0,1.391966165745E0)))REPRESENTATION_ITEM('')SURFACE());
#4486=ORIENTED_EDGE('',*,*,#2231,.T.);
#4488=ORIENTED_EDGE('',*,*,#4487,.T.);
#4489=ORIENTED_EDGE('',*,*,#2620,.F.);
#4490=ORIENTED_EDGE('',*,*,#2727,.F.);
#4491=EDGE_LOOP('',(#4486,#4488,#4489,#4490));
#4492=FACE_OUTER_BOUND('',#4491,.F.);
#4493=ADVANCED_FACE('',(#4492),#4485,.T.);
#4494=FILL_AREA_STYLE_COLOUR('',#1);
#4495=FILL_AREA_STYLE('',(#4494));
#4496=SURFACE_STYLE_FILL_AREA(#4495);
#4497=SURFACE_SIDE_STYLE('',(#4496));
#4498=SURFACE_STYLE_USAGE(.POSITIVE.,#4497);
#4499=PRESENTATION_STYLE_ASSIGNMENT((#4498));
#4500=STYLED_ITEM('',(#4499),#4493);
#4501=CARTESIAN_POINT('',(-1.951147911627E0,-5.094950972690E-1,
2.572200859450E0));
#4502=CARTESIAN_POINT('',(-1.960251730859E0,-5.061848494498E-1,
2.567161719179E0));
#4503=CARTESIAN_POINT('',(-1.984116911563E0,-4.973145817723E-1,
2.557054846517E0));
#4504=CARTESIAN_POINT('',(-2.023174679600E0,-4.824729565007E-1,
2.550896107127E0));
#4505=CARTESIAN_POINT('',(-2.064565357814E0,-4.663245321895E-1,
2.555619476975E0));
#4506=CARTESIAN_POINT('',(-2.102649890672E0,-4.510815086087E-1,
2.569967807679E0));
#4507=CARTESIAN_POINT('',(-2.132936023395E0,-4.386398861311E-1,
2.591468153206E0));
#4508=CARTESIAN_POINT('',(-2.148755267821E0,-4.319988689343E-1,
2.609204051760E0));
#4509=CARTESIAN_POINT('',(-2.154398394527E0,-4.295600740061E-1,
2.616919228278E0));
#4510=CARTESIAN_POINT('',(-1.957716409396E0,-3.288917768566E-1,
2.634551229816E0));
#4511=CARTESIAN_POINT('',(-1.961987840884E0,-3.255855642213E-1,
2.630503499657E0));
#4512=CARTESIAN_POINT('',(-1.973815928281E0,-3.170447302675E-1,
2.621217333010E0));
#4513=CARTESIAN_POINT('',(-1.996000885794E0,-3.025052565217E-1,
2.610834283526E0));
#4514=CARTESIAN_POINT('',(-2.023368347259E0,-2.862840817462E-1,
2.606368946663E0));
#4515=CARTESIAN_POINT('',(-2.052018708906E0,-2.706408345710E-1,
2.609374965890E0));
#4516=CARTESIAN_POINT('',(-2.077757738919E0,-2.575731810810E-1,
2.620108656081E0));
#4517=CARTESIAN_POINT('',(-2.092412657007E0,-2.505143144724E-1,
2.631576436356E0));
#4518=CARTESIAN_POINT('',(-2.097803537661E0,-2.480706480625E-1,
2.636914043159E0));
#4519=CARTESIAN_POINT('',(-1.868082493199E0,-1.993852561331E-1,
2.526123663837E0));
#4520=CARTESIAN_POINT('',(-1.878537001179E0,-1.960819370362E-1,
2.516749791283E0));
#4521=CARTESIAN_POINT('',(-1.907286988696E0,-1.877773324897E-1,
2.495460577275E0));
#4522=CARTESIAN_POINT('',(-1.960363376121E0,-1.734545247098E-1,
2.472420710380E0));
#4523=CARTESIAN_POINT('',(-2.024829560416E0,-1.571811822362E-1,
2.463607566754E0));
#4524=CARTESIAN_POINT('',(-2.091538164683E0,-1.412509438521E-1,
2.472144936043E0));
#4525=CARTESIAN_POINT('',(-2.150884403215E0,-1.277343778058E-1,
2.498211538621E0));
#4526=CARTESIAN_POINT('',(-2.184462426105E0,-1.203758809168E-1,
2.525283029466E0));
#4527=CARTESIAN_POINT('',(-2.196788100142E0,-1.179287212785E-1,
2.537803065566E0));
#4528=CARTESIAN_POINT('',(-1.782797659602E0,-2.662561947683E-1,
2.368552409918E0));
#4529=CARTESIAN_POINT('',(-1.803514521419E0,-2.629513815874E-1,
2.353509719065E0));
#4530=CARTESIAN_POINT('',(-1.859162382951E0,-2.545247995365E-1,
2.320858745532E0));
#4531=CARTESIAN_POINT('',(-1.956240376274E0,-2.400901158724E-1,
2.290927995597E0));
#4532=CARTESIAN_POINT('',(-2.067309805604E0,-2.238437102891E-1,2.287485323E0));
#4533=CARTESIAN_POINT('',(-2.176875257835E0,-2.080616603623E-1,
2.312222624938E0));
#4534=CARTESIAN_POINT('',(-2.270282386091E0,-1.947768911695E-1,
2.362521217536E0));
#4535=CARTESIAN_POINT('',(-2.321642970200E0,-1.875731089464E-1,
2.409563975798E0));
#4536=CARTESIAN_POINT('',(-2.340311012733E0,-1.851277530433E-1,
2.430769177447E0));
#4537=(BOUNDED_SURFACE()B_SPLINE_SURFACE(3,3,((#4501,#4502,#4503,#4504,#4505,
#4506,#4507,#4508,#4509),(#4510,#4511,#4512,#4513,#4514,#4515,#4516,#4517,
#4518),(#4519,#4520,#4521,#4522,#4523,#4524,#4525,#4526,#4527),(#4528,#4529,
#4530,#4531,#4532,#4533,#4534,#4535,#4536)),.UNSPECIFIED.,.F.,.F.,.F.)B_SPLINE_SURFACE_WITH_KNOTS((4,4),(4,1,1,1,1,1,4),(0.E0,1.E0),(-1.800277506289E-1,0.E0,
2.674235029744E-1,5.054233615049E-1,7.390232209556E-1,1.E0,1.178853619425E0),
.UNSPECIFIED.)GEOMETRIC_REPRESENTATION_ITEM()RATIONAL_B_SPLINE_SURFACE(((
1.389758399749E0,1.389758399749E0,1.389758399749E0,1.389758399749E0,
1.389758399749E0,1.389758399749E0,1.389758399749E0,1.389758399749E0,
1.389758399749E0),(8.700805334169E-1,8.700805334169E-1,8.700805334169E-1,
8.700805334169E-1,8.700805334169E-1,8.700805334169E-1,8.700805334169E-1,
8.700805334169E-1,8.700805334169E-1),(8.700805334169E-1,8.700805334169E-1,
8.700805334169E-1,8.700805334169E-1,8.700805334169E-1,8.700805334169E-1,
8.700805334169E-1,8.700805334169E-1,8.700805334169E-1),(1.389758399749E0,
1.389758399749E0,1.389758399749E0,1.389758399749E0,1.389758399749E0,
1.389758399749E0,1.389758399749E0,1.389758399749E0,1.389758399749E0)))REPRESENTATION_ITEM('')SURFACE());
#4538=ORIENTED_EDGE('',*,*,#2203,.T.);
#4540=ORIENTED_EDGE('',*,*,#4539,.T.);
#4541=ORIENTED_EDGE('',*,*,#2622,.F.);
#4542=ORIENTED_EDGE('',*,*,#4487,.F.);
#4543=EDGE_LOOP('',(#4538,#4540,#4541,#4542));
#4544=FACE_OUTER_BOUND('',#4543,.F.);
#4545=ADVANCED_FACE('',(#4544),#4537,.T.);
#4546=FILL_AREA_STYLE_COLOUR('',#1);
#4547=FILL_AREA_STYLE('',(#4546));
#4548=SURFACE_STYLE_FILL_AREA(#4547);
#4549=SURFACE_SIDE_STYLE('',(#4548));
#4550=SURFACE_STYLE_USAGE(.POSITIVE.,#4549);
#4551=PRESENTATION_STYLE_ASSIGNMENT((#4550));
#4552=STYLED_ITEM('',(#4551),#4545);
#4553=CARTESIAN_POINT('',(-2.190249290291E0,-3.899479653238E-1,
2.392137148244E0));
#4554=DIRECTION('',(-7.591503717798E-1,1.338586929596E-1,6.370027969685E-1));
#4555=DIRECTION('',(6.427876096865E-1,0.E0,7.660444431190E-1));
#4556=AXIS2_PLACEMENT_3D('',#4553,#4554,#4555);
#4557=CYLINDRICAL_SURFACE('',#4556,2.E-1);
#4558=ORIENTED_EDGE('',*,*,#2624,.F.);
#4559=ORIENTED_EDGE('',*,*,#4539,.F.);
#4560=ORIENTED_EDGE('',*,*,#2181,.T.);
#4561=ORIENTED_EDGE('',*,*,#2156,.F.);
#4562=EDGE_LOOP('',(#4558,#4559,#4560,#4561));
#4563=FACE_OUTER_BOUND('',#4562,.F.);
#4564=ADVANCED_FACE('',(#4563),#4557,.T.);
#4565=FILL_AREA_STYLE_COLOUR('',#1);
#4566=FILL_AREA_STYLE('',(#4565));
#4567=SURFACE_STYLE_FILL_AREA(#4566);
#4568=SURFACE_SIDE_STYLE('',(#4567));
#4569=SURFACE_STYLE_USAGE(.POSITIVE.,#4568);
#4570=PRESENTATION_STYLE_ASSIGNMENT((#4569));
#4571=STYLED_ITEM('',(#4570),#4564);
#4572=CARTESIAN_POINT('',(-3.267497732705E0,-2.E-1,2.630592E0));
#4573=DIRECTION('',(0.E0,0.E0,-1.E0));
#4574=DIRECTION('',(0.E0,1.E0,0.E0));
#4575=AXIS2_PLACEMENT_3D('',#4572,#4573,#4574);
#4576=CYLINDRICAL_SURFACE('',#4575,2.E-1);
#4577=ORIENTED_EDGE('',*,*,#1939,.T.);
#4578=ORIENTED_EDGE('',*,*,#2452,.T.);
#4579=ORIENTED_EDGE('',*,*,#2627,.F.);
#4580=ORIENTED_EDGE('',*,*,#2152,.F.);
#4581=EDGE_LOOP('',(#4577,#4578,#4579,#4580));
#4582=FACE_OUTER_BOUND('',#4581,.F.);
#4583=ADVANCED_FACE('',(#4582),#4576,.T.);
#4584=FILL_AREA_STYLE_COLOUR('',#1);
#4585=FILL_AREA_STYLE('',(#4584));
#4586=SURFACE_STYLE_FILL_AREA(#4585);
#4587=SURFACE_SIDE_STYLE('',(#4586));
#4588=SURFACE_STYLE_USAGE(.POSITIVE.,#4587);
#4589=PRESENTATION_STYLE_ASSIGNMENT((#4588));
#4590=STYLED_ITEM('',(#4589),#4583);
#4591=CARTESIAN_POINT('',(-4.716421756229E0,-3.585904652662E-2,
2.582822735875E0));
#4592=CARTESIAN_POINT('',(-4.891267777515E0,1.395942631057E-2,
2.603886611140E0));
#4593=CARTESIAN_POINT('',(-5.020683190499E0,-1.052392363451E-1,
2.553487921279E0));
#4594=CARTESIAN_POINT('',(-4.966594678990E0,-2.662819701803E-1,
2.485397033210E0));
#4595=CARTESIAN_POINT('',(-4.716421756229E0,1.046581370311E-1,
2.250483534071E0));
#4596=CARTESIAN_POINT('',(-4.891267777515E0,1.767607196440E-1,
2.218842942392E0));
#4597=CARTESIAN_POINT('',(-5.020683190499E0,4.243760933574E-3,
2.294548117581E0));
#4598=CARTESIAN_POINT('',(-4.966594678990E0,-2.288343797494E-1,
2.396829201161E0));
#4599=CARTESIAN_POINT('',(-4.716421756229E0,-1.504833696291E-1,
1.995341935131E0));
#4600=CARTESIAN_POINT('',(-4.891267777515E0,-1.188427518720E-1,
1.923239363962E0));
#4601=CARTESIAN_POINT('',(-5.020683190499E0,-1.945479894566E-1,
2.095756295291E0));
#4602=CARTESIAN_POINT('',(-4.966594678990E0,-2.968291573377E-1,
2.328834398980E0));
#4603=CARTESIAN_POINT('',(-4.716421756229E0,-4.828226222558E-1,
2.135858998487E0));
#4604=CARTESIAN_POINT('',(-4.891267777515E0,-5.038864795016E-1,
2.086040518031E0));
#4605=CARTESIAN_POINT('',(-5.020683190499E0,-4.534878327532E-1,
2.205239198915E0));
#4606=CARTESIAN_POINT('',(-4.966594678990E0,-3.853970029307E-1,
2.366281957378E0));
#4607=(BOUNDED_SURFACE()B_SPLINE_SURFACE(3,3,((#4591,#4592,#4593,#4594),(#4595,
#4596,#4597,#4598),(#4599,#4600,#4601,#4602),(#4603,#4604,#4605,#4606)),
.UNSPECIFIED.,.F.,.F.,.F.)B_SPLINE_SURFACE_WITH_KNOTS((4,4),(4,4),(0.E0,1.E0),(
0.E0,1.E0),.UNSPECIFIED.)GEOMETRIC_REPRESENTATION_ITEM()RATIONAL_B_SPLINE_SURFACE(((1.982312527454E0,1.277336053931E0,1.277336053931E0,1.982312527454E0),(
1.157555673166E0,7.458902545838E-1,7.458902545838E-1,1.157555673166E0),(
1.157555673166E0,7.458902545838E-1,7.458902545838E-1,1.157555673166E0),(
1.982312527454E0,1.277336053931E0,1.277336053931E0,1.982312527454E0)))REPRESENTATION_ITEM('')SURFACE());
#4609=ORIENTED_EDGE('',*,*,#4608,.T.);
#4611=ORIENTED_EDGE('',*,*,#4610,.T.);
#4612=ORIENTED_EDGE('',*,*,#2356,.F.);
#4614=ORIENTED_EDGE('',*,*,#4613,.F.);
#4615=EDGE_LOOP('',(#4609,#4611,#4612,#4614));
#4616=FACE_OUTER_BOUND('',#4615,.F.);
#4617=ADVANCED_FACE('',(#4616),#4607,.T.);
#4618=FILL_AREA_STYLE_COLOUR('',#1);
#4619=FILL_AREA_STYLE('',(#4618));
#4620=SURFACE_STYLE_FILL_AREA(#4619);
#4621=SURFACE_SIDE_STYLE('',(#4620));
#4622=SURFACE_STYLE_USAGE(.POSITIVE.,#4621);
#4623=PRESENTATION_STYLE_ASSIGNMENT((#4622));
#4624=STYLED_ITEM('',(#4623),#4617);
#4625=CARTESIAN_POINT('',(-4.975528090456E0,0.E0,2.9E0));
#4626=DIRECTION('',(-1.E0,0.E0,0.E0));
#4627=DIRECTION('',(0.E0,0.E0,-1.E0));
#4628=AXIS2_PLACEMENT_3D('',#4625,#4626,#4627);
#4629=PLANE('',#4628);
#4631=ORIENTED_EDGE('',*,*,#4630,.F.);
#4633=ORIENTED_EDGE('',*,*,#4632,.F.);
#4635=ORIENTED_EDGE('',*,*,#4634,.F.);
#4637=ORIENTED_EDGE('',*,*,#4636,.F.);
#4638=EDGE_LOOP('',(#4631,#4633,#4635,#4637));
#4639=FACE_OUTER_BOUND('',#4638,.F.);
#4640=ADVANCED_FACE('',(#4639),#4629,.T.);
#4641=FILL_AREA_STYLE_COLOUR('',#1);
#4642=FILL_AREA_STYLE('',(#4641));
#4643=SURFACE_STYLE_FILL_AREA(#4642);
#4644=SURFACE_SIDE_STYLE('',(#4643));
#4645=SURFACE_STYLE_USAGE(.POSITIVE.,#4644);
#4646=PRESENTATION_STYLE_ASSIGNMENT((#4645));
#4647=STYLED_ITEM('',(#4646),#4640);
#4648=CARTESIAN_POINT('',(-4.975528090456E0,0.E0,2.9E0));
#4649=DIRECTION('',(-1.E0,0.E0,0.E0));
#4650=DIRECTION('',(0.E0,0.E0,-1.E0));
#4651=AXIS2_PLACEMENT_3D('',#4648,#4649,#4650);
#4652=PLANE('',#4651);
#4654=ORIENTED_EDGE('',*,*,#4653,.F.);
#4656=ORIENTED_EDGE('',*,*,#4655,.F.);
#4658=ORIENTED_EDGE('',*,*,#4657,.F.);
#4660=ORIENTED_EDGE('',*,*,#4659,.F.);
#4661=EDGE_LOOP('',(#4654,#4656,#4658,#4660));
#4662=FACE_OUTER_BOUND('',#4661,.F.);
#4663=ADVANCED_FACE('',(#4662),#4652,.T.);
#4664=FILL_AREA_STYLE_COLOUR('',#1);
#4665=FILL_AREA_STYLE('',(#4664));
#4666=SURFACE_STYLE_FILL_AREA(#4665);
#4667=SURFACE_SIDE_STYLE('',(#4666));
#4668=SURFACE_STYLE_USAGE(.POSITIVE.,#4667);
#4669=PRESENTATION_STYLE_ASSIGNMENT((#4668));
#4670=STYLED_ITEM('',(#4669),#4663);
#4671=CARTESIAN_POINT('',(-4.975528090456E0,0.E0,2.9E0));
#4672=DIRECTION('',(-1.E0,0.E0,0.E0));
#4673=DIRECTION('',(0.E0,0.E0,-1.E0));
#4674=AXIS2_PLACEMENT_3D('',#4671,#4672,#4673);
#4675=PLANE('',#4674);
#4677=ORIENTED_EDGE('',*,*,#4676,.F.);
#4679=ORIENTED_EDGE('',*,*,#4678,.F.);
#4680=ORIENTED_EDGE('',*,*,#4608,.F.);
#4682=ORIENTED_EDGE('',*,*,#4681,.F.);
#4683=EDGE_LOOP('',(#4677,#4679,#4680,#4682));
#4684=FACE_OUTER_BOUND('',#4683,.F.);
#4685=ADVANCED_FACE('',(#4684),#4675,.T.);
#4686=FILL_AREA_STYLE_COLOUR('',#1);
#4687=FILL_AREA_STYLE('',(#4686));
#4688=SURFACE_STYLE_FILL_AREA(#4687);
#4689=SURFACE_SIDE_STYLE('',(#4688));
#4690=SURFACE_STYLE_USAGE(.POSITIVE.,#4689);
#4691=PRESENTATION_STYLE_ASSIGNMENT((#4690));
#4692=STYLED_ITEM('',(#4691),#4685);
#4693=CARTESIAN_POINT('',(-4.975528090456E0,0.E0,2.9E0));
#4694=DIRECTION('',(-1.E0,0.E0,0.E0));
#4695=DIRECTION('',(0.E0,0.E0,-1.E0));
#4696=AXIS2_PLACEMENT_3D('',#4693,#4694,#4695);
#4697=PLANE('',#4696);
#4699=ORIENTED_EDGE('',*,*,#4698,.F.);
#4701=ORIENTED_EDGE('',*,*,#4700,.F.);
#4703=ORIENTED_EDGE('',*,*,#4702,.F.);
#4705=ORIENTED_EDGE('',*,*,#4704,.F.);
#4706=EDGE_LOOP('',(#4699,#4701,#4703,#4705));
#4707=FACE_OUTER_BOUND('',#4706,.F.);
#4708=ADVANCED_FACE('',(#4707),#4697,.T.);
#4709=FILL_AREA_STYLE_COLOUR('',#1);
#4710=FILL_AREA_STYLE('',(#4709));
#4711=SURFACE_STYLE_FILL_AREA(#4710);
#4712=SURFACE_SIDE_STYLE('',(#4711));
#4713=SURFACE_STYLE_USAGE(.POSITIVE.,#4712);
#4714=PRESENTATION_STYLE_ASSIGNMENT((#4713));
#4715=STYLED_ITEM('',(#4714),#4708);
#4716=CARTESIAN_POINT('',(-3.525E1,-4.E-1,2.5E0));
#4717=DIRECTION('',(1.E0,0.E0,0.E0));
#4718=DIRECTION('',(0.E0,0.E0,1.E0));
#4719=AXIS2_PLACEMENT_3D('',#4716,#4717,#4718);
#4720=CYLINDRICAL_SURFACE('',#4719,2.E-1);
#4722=ORIENTED_EDGE('',*,*,#4721,.F.);
#4723=ORIENTED_EDGE('',*,*,#4630,.T.);
#4724=ORIENTED_EDGE('',*,*,#4653,.T.);
#4726=ORIENTED_EDGE('',*,*,#4725,.F.);
#4728=ORIENTED_EDGE('',*,*,#4727,.F.);
#4729=EDGE_LOOP('',(#4722,#4723,#4724,#4726,#4728));
#4730=FACE_OUTER_BOUND('',#4729,.F.);
#4731=ADVANCED_FACE('',(#4730),#4720,.T.);
#4732=CARTESIAN_POINT('',(-3.525E1,-4.E-1,2.5E0));
#4733=DIRECTION('',(1.E0,0.E0,0.E0));
#4734=DIRECTION('',(0.E0,0.E0,1.E0));
#4735=AXIS2_PLACEMENT_3D('',#4732,#4733,#4734);
#4736=CYLINDRICAL_SURFACE('',#4735,2.E-1);
#4737=ORIENTED_EDGE('',*,*,#4725,.T.);
#4738=ORIENTED_EDGE('',*,*,#4676,.T.);
#4739=ORIENTED_EDGE('',*,*,#4698,.T.);
#4740=ORIENTED_EDGE('',*,*,#4721,.T.);
#4742=ORIENTED_EDGE('',*,*,#4741,.F.);
#4743=EDGE_LOOP('',(#4737,#4738,#4739,#4740,#4742));
#4744=FACE_OUTER_BOUND('',#4743,.F.);
#4745=ADVANCED_FACE('',(#4744),#4736,.T.);
#4746=CARTESIAN_POINT('',(-3.525E1,-4.E-1,2.5E0));
#4747=DIRECTION('',(1.E0,0.E0,0.E0));
#4748=DIRECTION('',(0.E0,0.E0,1.E0));
#4749=AXIS2_PLACEMENT_3D('',#4746,#4747,#4748);
#4750=PLANE('',#4749);
#4751=ORIENTED_EDGE('',*,*,#4727,.T.);
#4752=ORIENTED_EDGE('',*,*,#4741,.T.);
#4753=EDGE_LOOP('',(#4751,#4752));
#4754=FACE_OUTER_BOUND('',#4753,.F.);
#4755=ADVANCED_FACE('',(#4754),#4750,.F.);
#4756=CARTESIAN_POINT('',(-4.775528090456E0,-5.65404E-1,2.7E0));
#4757=DIRECTION('',(0.E0,1.E0,0.E0));
#4758=DIRECTION('',(-1.E0,0.E0,0.E0));
#4759=AXIS2_PLACEMENT_3D('',#4756,#4757,#4758);
#4760=CYLINDRICAL_SURFACE('',#4759,2.E-1);
#4761=ORIENTED_EDGE('',*,*,#4632,.T.);
#4762=ORIENTED_EDGE('',*,*,#4704,.T.);
#4764=ORIENTED_EDGE('',*,*,#4763,.T.);
#4766=ORIENTED_EDGE('',*,*,#4765,.F.);
#4768=ORIENTED_EDGE('',*,*,#4767,.F.);
#4769=EDGE_LOOP('',(#4761,#4762,#4764,#4766,#4768));
#4770=FACE_OUTER_BOUND('',#4769,.F.);
#4771=ADVANCED_FACE('',(#4770),#4760,.T.);
#4772=FILL_AREA_STYLE_COLOUR('',#1);
#4773=FILL_AREA_STYLE('',(#4772));
#4774=SURFACE_STYLE_FILL_AREA(#4773);
#4775=SURFACE_SIDE_STYLE('',(#4774));
#4776=SURFACE_STYLE_USAGE(.POSITIVE.,#4775);
#4777=PRESENTATION_STYLE_ASSIGNMENT((#4776));
#4778=STYLED_ITEM('',(#4777),#4771);
#4779=CARTESIAN_POINT('',(-4.966594678990E0,-2.662819702158E-1,
2.514602966706E0));
#4780=CARTESIAN_POINT('',(-5.020683190499E0,-1.052392364488E-1,
2.446512078476E0));
#4781=CARTESIAN_POINT('',(-4.891267777515E0,1.395942615637E-2,
2.396113388496E0));
#4782=CARTESIAN_POINT('',(-4.716421756229E0,-3.585904665971E-2,
2.417177263810E0));
#4783=CARTESIAN_POINT('',(-4.966594678990E0,-2.288343796684E-1,
2.603170798783E0));
#4784=CARTESIAN_POINT('',(-5.020683190500E0,4.243761170288E-3,
2.705451882256E0));
#4785=CARTESIAN_POINT('',(-4.891267777515E0,1.767607199960E-1,
2.781157057364E0));
#4786=CARTESIAN_POINT('',(-4.716421756229E0,1.046581373349E-1,
2.749516465719E0));
#4787=CARTESIAN_POINT('',(-4.966594678990E0,-2.968291572732E-1,
2.671165601048E0));
#4788=CARTESIAN_POINT('',(-5.020683190499E0,-1.945479892681E-1,
2.904243704791E0));
#4789=CARTESIAN_POINT('',(-4.891267777515E0,-1.188427515917E-1,
3.076760636161E0));
#4790=CARTESIAN_POINT('',(-4.716421756229E0,-1.504833693871E-1,
3.004658064975E0));
#4791=CARTESIAN_POINT('',(-4.966594678990E0,-3.853970029314E-1,
2.633718042622E0));
#4792=CARTESIAN_POINT('',(-5.020683190499E0,-4.534878327552E-1,
2.794760801084E0));
#4793=CARTESIAN_POINT('',(-4.891267777515E0,-5.038864795046E-1,
2.913959481967E0));
#4794=CARTESIAN_POINT('',(-4.716421756229E0,-4.828226222584E-1,
2.864141001512E0));
#4795=(BOUNDED_SURFACE()B_SPLINE_SURFACE(3,3,((#4779,#4780,#4781,#4782),(#4783,
#4784,#4785,#4786),(#4787,#4788,#4789,#4790),(#4791,#4792,#4793,#4794)),
.UNSPECIFIED.,.F.,.F.,.F.)B_SPLINE_SURFACE_WITH_KNOTS((4,4),(4,4),(0.E0,1.E0),(
0.E0,1.E0),.UNSPECIFIED.)GEOMETRIC_REPRESENTATION_ITEM()RATIONAL_B_SPLINE_SURFACE(((1.982312528129E0,1.277336054366E0,1.277336054366E0,1.982312528129E0),(
1.157555672941E0,7.458902544390E-1,7.458902544390E-1,1.157555672941E0),(
1.157555672941E0,7.458902544390E-1,7.458902544390E-1,1.157555672941E0),(
1.982312528129E0,1.277336054366E0,1.277336054366E0,1.982312528129E0)))REPRESENTATION_ITEM('')SURFACE());
#4796=ORIENTED_EDGE('',*,*,#4702,.T.);
#4798=ORIENTED_EDGE('',*,*,#4797,.T.);
#4799=ORIENTED_EDGE('',*,*,#1984,.F.);
#4800=ORIENTED_EDGE('',*,*,#4763,.F.);
#4801=EDGE_LOOP('',(#4796,#4798,#4799,#4800));
#4802=FACE_OUTER_BOUND('',#4801,.F.);
#4803=ADVANCED_FACE('',(#4802),#4795,.T.);
#4804=FILL_AREA_STYLE_COLOUR('',#1);
#4805=FILL_AREA_STYLE('',(#4804));
#4806=SURFACE_STYLE_FILL_AREA(#4805);
#4807=SURFACE_SIDE_STYLE('',(#4806));
#4808=SURFACE_STYLE_USAGE(.POSITIVE.,#4807);
#4809=PRESENTATION_STYLE_ASSIGNMENT((#4808));
#4810=STYLED_ITEM('',(#4809),#4803);
#4811=CARTESIAN_POINT('',(-4.775528090456E0,-2.E-1,2.626884E0));
#4812=DIRECTION('',(0.E0,0.E0,-1.E0));
#4813=DIRECTION('',(-1.E0,0.E0,0.E0));
#4814=AXIS2_PLACEMENT_3D('',#4811,#4812,#4813);
#4815=CYLINDRICAL_SURFACE('',#4814,2.E-1);
#4816=ORIENTED_EDGE('',*,*,#4700,.T.);
#4817=ORIENTED_EDGE('',*,*,#4681,.T.);
#4818=ORIENTED_EDGE('',*,*,#4613,.T.);
#4819=ORIENTED_EDGE('',*,*,#1935,.F.);
#4820=ORIENTED_EDGE('',*,*,#4797,.F.);
#4821=EDGE_LOOP('',(#4816,#4817,#4818,#4819,#4820));
#4822=FACE_OUTER_BOUND('',#4821,.F.);
#4823=ADVANCED_FACE('',(#4822),#4815,.T.);
#4824=FILL_AREA_STYLE_COLOUR('',#1);
#4825=FILL_AREA_STYLE('',(#4824));
#4826=SURFACE_STYLE_FILL_AREA(#4825);
#4827=SURFACE_SIDE_STYLE('',(#4826));
#4828=SURFACE_STYLE_USAGE(.POSITIVE.,#4827);
#4829=PRESENTATION_STYLE_ASSIGNMENT((#4828));
#4830=STYLED_ITEM('',(#4829),#4823);
#4831=CARTESIAN_POINT('',(-2.484351903044E0,0.E0,2.9E0));
#4832=DIRECTION('',(0.E0,0.E0,1.E0));
#4833=DIRECTION('',(-1.E0,0.E0,0.E0));
#4834=AXIS2_PLACEMENT_3D('',#4831,#4832,#4833);
#4835=PLANE('',#4834);
#4837=ORIENTED_EDGE('',*,*,#4836,.F.);
#4838=ORIENTED_EDGE('',*,*,#4765,.T.);
#4839=ORIENTED_EDGE('',*,*,#1982,.T.);
#4840=ORIENTED_EDGE('',*,*,#2177,.T.);
#4841=EDGE_LOOP('',(#4837,#4838,#4839,#4840));
#4842=FACE_OUTER_BOUND('',#4841,.F.);
#4843=ADVANCED_FACE('',(#4842),#4835,.T.);
#4844=FILL_AREA_STYLE_COLOUR('',#1);
#4845=FILL_AREA_STYLE('',(#4844));
#4846=SURFACE_STYLE_FILL_AREA(#4845);
#4847=SURFACE_SIDE_STYLE('',(#4846));
#4848=SURFACE_STYLE_USAGE(.POSITIVE.,#4847);
#4849=PRESENTATION_STYLE_ASSIGNMENT((#4848));
#4850=STYLED_ITEM('',(#4849),#4843);
#4851=CARTESIAN_POINT('',(-1.374342344263E1,-4.5E-1,2.55E0));
#4852=DIRECTION('',(1.E0,0.E0,0.E0));
#4853=DIRECTION('',(0.E0,0.E0,1.E0));
#4854=AXIS2_PLACEMENT_3D('',#4851,#4852,#4853);
#4855=CYLINDRICAL_SURFACE('',#4854,3.5E-1);
#4856=ORIENTED_EDGE('',*,*,#4836,.T.);
#4858=ORIENTED_EDGE('',*,*,#4857,.F.);
#4860=ORIENTED_EDGE('',*,*,#4859,.F.);
#4862=ORIENTED_EDGE('',*,*,#4861,.T.);
#4863=EDGE_LOOP('',(#4856,#4858,#4860,#4862));
#4864=FACE_OUTER_BOUND('',#4863,.F.);
#4865=ADVANCED_FACE('',(#4864),#4855,.T.);
#4866=FILL_AREA_STYLE_COLOUR('',#1);
#4867=FILL_AREA_STYLE('',(#4866));
#4868=SURFACE_STYLE_FILL_AREA(#4867);
#4869=SURFACE_SIDE_STYLE('',(#4868));
#4870=SURFACE_STYLE_USAGE(.POSITIVE.,#4869);
#4871=PRESENTATION_STYLE_ASSIGNMENT((#4870));
#4872=STYLED_ITEM('',(#4871),#4865);
#4873=CARTESIAN_POINT('',(-1.203956114562E1,-4.5E-1,1.046088E1));
#4874=DIRECTION('',(7.660444431190E-1,0.E0,-6.427876096865E-1));
#4875=DIRECTION('',(6.427876096865E-1,0.E0,7.660444431190E-1));
#4876=AXIS2_PLACEMENT_3D('',#4873,#4874,#4875);
#4877=CYLINDRICAL_SURFACE('',#4876,3.5E-1);
#4879=ORIENTED_EDGE('',*,*,#4878,.F.);
#4880=ORIENTED_EDGE('',*,*,#4857,.T.);
#4881=ORIENTED_EDGE('',*,*,#2175,.T.);
#4883=ORIENTED_EDGE('',*,*,#4882,.T.);
#4884=EDGE_LOOP('',(#4879,#4880,#4881,#4883));
#4885=FACE_OUTER_BOUND('',#4884,.F.);
#4886=ADVANCED_FACE('',(#4885),#4877,.T.);
#4887=FILL_AREA_STYLE_COLOUR('',#1);
#4888=FILL_AREA_STYLE('',(#4887));
#4889=SURFACE_STYLE_FILL_AREA(#4888);
#4890=SURFACE_SIDE_STYLE('',(#4889));
#4891=SURFACE_STYLE_USAGE(.POSITIVE.,#4890);
#4892=PRESENTATION_STYLE_ASSIGNMENT((#4891));
#4893=STYLED_ITEM('',(#4892),#4886);
#4894=CARTESIAN_POINT('',(0.E0,-8.E-1,0.E0));
#4895=DIRECTION('',(0.E0,-1.E0,0.E0));
#4896=DIRECTION('',(0.E0,0.E0,-1.E0));
#4897=AXIS2_PLACEMENT_3D('',#4894,#4895,#4896);
#4898=PLANE('',#4897);
#4900=ORIENTED_EDGE('',*,*,#4899,.T.);
#4902=ORIENTED_EDGE('',*,*,#4901,.T.);
#4903=ORIENTED_EDGE('',*,*,#4859,.T.);
#4904=ORIENTED_EDGE('',*,*,#4878,.T.);
#4906=ORIENTED_EDGE('',*,*,#4905,.T.);
#4907=EDGE_LOOP('',(#4900,#4902,#4903,#4904,#4906));
#4908=FACE_OUTER_BOUND('',#4907,.F.);
#4909=ADVANCED_FACE('',(#4908),#4898,.T.);
#4910=FILL_AREA_STYLE_COLOUR('',#1);
#4911=FILL_AREA_STYLE('',(#4910));
#4912=SURFACE_STYLE_FILL_AREA(#4911);
#4913=SURFACE_SIDE_STYLE('',(#4912));
#4914=SURFACE_STYLE_USAGE(.POSITIVE.,#4913);
#4915=PRESENTATION_STYLE_ASSIGNMENT((#4914));
#4916=STYLED_ITEM('',(#4915),#4909);
#4917=CARTESIAN_POINT('',(1.051827655304E1,-4.5E-1,2.45E0));
#4918=DIRECTION('',(-1.E0,0.E0,0.E0));
#4919=DIRECTION('',(0.E0,0.E0,-1.E0));
#4920=AXIS2_PLACEMENT_3D('',#4917,#4918,#4919);
#4921=CYLINDRICAL_SURFACE('',#4920,3.5E-1);
#4922=ORIENTED_EDGE('',*,*,#4899,.F.);
#4924=ORIENTED_EDGE('',*,*,#4923,.T.);
#4926=ORIENTED_EDGE('',*,*,#4925,.T.);
#4928=ORIENTED_EDGE('',*,*,#4927,.T.);
#4929=EDGE_LOOP('',(#4922,#4924,#4926,#4928));
#4930=FACE_OUTER_BOUND('',#4929,.F.);
#4931=ADVANCED_FACE('',(#4930),#4921,.T.);
#4932=FILL_AREA_STYLE_COLOUR('',#1);
#4933=FILL_AREA_STYLE('',(#4932));
#4934=SURFACE_STYLE_FILL_AREA(#4933);
#4935=SURFACE_SIDE_STYLE('',(#4934));
#4936=SURFACE_STYLE_USAGE(.POSITIVE.,#4935);
#4937=PRESENTATION_STYLE_ASSIGNMENT((#4936));
#4938=STYLED_ITEM('',(#4937),#4931);
#4939=CARTESIAN_POINT('',(-2.550572505617E0,-8.095947873061E-1,
2.514010912678E0));
#4940=CARTESIAN_POINT('',(-2.561364021164E0,-8.104324481219E-1,
2.509195815811E0));
#4941=CARTESIAN_POINT('',(-2.615816429503E0,-8.142344684758E-1,
2.484480197628E0));
#4942=CARTESIAN_POINT('',(-2.707655134016E0,-8.166317554238E-1,
2.439086488789E0));
#4943=CARTESIAN_POINT('',(-2.819126605815E0,-8.089833205941E-1,
2.376478312856E0));
#4944=CARTESIAN_POINT('',(-2.914180472115E0,-7.909710547536E-1,
2.316824109971E0));
#4945=CARTESIAN_POINT('',(-2.994382372878E0,-7.632299726755E-1,
2.261367753079E0));
#4946=CARTESIAN_POINT('',(-3.060495789901E0,-7.266680191248E-1,
2.211651924576E0));
#4947=CARTESIAN_POINT('',(-3.113017014082E0,-6.827396329095E-1,
2.169272736118E0));
#4948=CARTESIAN_POINT('',(-3.152873191133E0,-6.331758211731E-1,
2.135250127051E0));
#4949=CARTESIAN_POINT('',(-3.181596905487E0,-5.786706362673E-1,
2.109662412445E0));
#4950=CARTESIAN_POINT('',(-3.200387762960E0,-5.174320764527E-1,
2.092402053058E0));
#4951=CARTESIAN_POINT('',(-3.206111401946E0,-4.615823463815E-1,
2.087051849677E0));
#4952=CARTESIAN_POINT('',(-3.204332194350E0,-4.269411329498E-1,
2.088707221336E0));
#4953=CARTESIAN_POINT('',(-3.203118720512E0,-4.155464715448E-1,
2.089815343418E0));
#4954=CARTESIAN_POINT('',(-2.410352329001E0,-7.056346823537E-1,
2.282053037534E0));
#4955=CARTESIAN_POINT('',(-2.420223414188E0,-7.034250497992E-1,
2.279165889381E0));
#4956=CARTESIAN_POINT('',(-2.469891708235E0,-6.918905072476E-1,
2.264674750620E0));
#4957=CARTESIAN_POINT('',(-2.552496776543E0,-6.689628024824E-1,
2.241158794212E0));
#4958=CARTESIAN_POINT('',(-2.649745539898E0,-6.340739541688E-1,
2.215987104104E0));
#4959=CARTESIAN_POINT('',(-2.729502137218E0,-5.986498038586E-1,
2.198702868728E0));
#4960=CARTESIAN_POINT('',(-2.793602551196E0,-5.645305672871E-1,
2.188759433674E0));
#4961=CARTESIAN_POINT('',(-2.843421353051E0,-5.336261440052E-1,
2.185212419227E0));
#4962=CARTESIAN_POINT('',(-2.880414807377E0,-5.075651421906E-1,
2.186510091632E0));
#4963=CARTESIAN_POINT('',(-2.906562228782E0,-4.870489162020E-1,
2.190626350714E0));
#4964=CARTESIAN_POINT('',(-2.924167005483E0,-4.715331593815E-1,
2.195627254027E0));
#4965=CARTESIAN_POINT('',(-2.935034608727E0,-4.596003971313E-1,
2.199985823468E0));
#4966=CARTESIAN_POINT('',(-2.938195779190E0,-4.516425427031E-1,
2.201520950077E0));
#4967=CARTESIAN_POINT('',(-2.937231858030E0,-4.467241112961E-1,
2.201058583194E0));
#4968=CARTESIAN_POINT('',(-2.936638332969E0,-4.450293822677E-1,
2.200787946376E0));
#4969=CARTESIAN_POINT('',(-2.348738795664E0,-9.748422855335E-1,
2.192592289278E0));
#4970=CARTESIAN_POINT('',(-2.358205438580E0,-9.714543284028E-1,
2.186445267212E0));
#4971=CARTESIAN_POINT('',(-2.405771565930E0,-9.536026742696E-1,
2.155432764164E0));
#4972=CARTESIAN_POINT('',(-2.484319322618E0,-9.166160838819E-1,
2.103567613467E0));
#4973=CARTESIAN_POINT('',(-2.575318547980E0,-8.570456673171E-1,
2.043970028703E0));
#4974=CARTESIAN_POINT('',(-2.648353439374E0,-7.935785631351E-1,
1.998196305478E0));
#4975=CARTESIAN_POINT('',(-2.705378769603E0,-7.294242355345E-1,
1.965710036459E0));
#4976=CARTESIAN_POINT('',(-2.748037626012E0,-6.679861308399E-1,
1.945408086967E0));
#4977=CARTESIAN_POINT('',(-2.778208091032E0,-6.123644407658E-1,
1.935204616208E0));
#4978=CARTESIAN_POINT('',(-2.798331808194E0,-5.642158119044E-1,
1.932066384778E0));
#4979=CARTESIAN_POINT('',(-2.811050861226E0,-5.228476459577E-1,
1.932837523836E0));
#4980=CARTESIAN_POINT('',(-2.818436942050E0,-4.854085117970E-1,
1.934976957981E0));
#4981=CARTESIAN_POINT('',(-2.820472149448E0,-4.560712734516E-1,
1.935942707304E0));
#4982=CARTESIAN_POINT('',(-2.819866469728E0,-4.379033742660E-1,
1.935664621645E0));
#4983=CARTESIAN_POINT('',(-2.819545353642E0,-4.318009604148E-1,
1.935542365932E0));
#4984=CARTESIAN_POINT('',(-2.486907680378E0,-1.087765086608E0,
2.421571758567E0));
#4985=CARTESIAN_POINT('',(-2.497281288606E0,-1.087385193030E0,
2.413388257200E0));
#4986=CARTESIAN_POINT('',(-2.549561543068E0,-1.084659786972E0,
2.371601230951E0));
#4987=CARTESIAN_POINT('',(-2.637207856376E0,-1.072530127522E0,
2.296914501530E0));
#4988=CARTESIAN_POINT('',(-2.742221725072E0,-1.039378403979E0,
2.198734293801E0));
#4989=CARTESIAN_POINT('',(-2.830330100503E0,-9.923895536001E-1,
2.109642105998E0));
#4990=CARTESIAN_POINT('',(-2.903221367611E0,-9.336134258455E-1,
2.030892399301E0));
#4991=CARTESIAN_POINT('',(-2.961936463993E0,-8.655012367255E-1,
1.963863815730E0));
#4992=CARTESIAN_POINT('',(-3.007407541911E0,-7.910280018373E-1,
1.909600577943E0));
#4993=CARTESIAN_POINT('',(-3.041039468262E0,-7.129118249864E-1,
1.868081955489E0));
#4994=CARTESIAN_POINT('',(-3.064714799141E0,-6.316935298292E-1,
1.838123655599E0));
#4995=CARTESIAN_POINT('',(-3.079908224290E0,-5.440994175537E-1,
1.818570279513E0));
#4996=CARTESIAN_POINT('',(-3.084468413660E0,-4.661585223263E-1,
1.812631742639E0));
#4997=CARTESIAN_POINT('',(-3.083059374393E0,-4.178267281903E-1,
1.814477530773E0));
#4998=CARTESIAN_POINT('',(-3.082127378809E0,-4.018776374456E-1,
1.815738973994E0));
#4999=(BOUNDED_SURFACE()B_SPLINE_SURFACE(3,3,((#4939,#4940,#4941,#4942,#4943,
#4944,#4945,#4946,#4947,#4948,#4949,#4950,#4951,#4952,#4953),(#4954,#4955,#4956,
#4957,#4958,#4959,#4960,#4961,#4962,#4963,#4964,#4965,#4966,#4967,#4968),(#4969,
#4970,#4971,#4972,#4973,#4974,#4975,#4976,#4977,#4978,#4979,#4980,#4981,#4982,
#4983),(#4984,#4985,#4986,#4987,#4988,#4989,#4990,#4991,#4992,#4993,#4994,#4995,
#4996,#4997,#4998)),.UNSPECIFIED.,.F.,.F.,.F.)B_SPLINE_SURFACE_WITH_KNOTS((4,4),
(4,1,1,1,1,1,1,1,1,1,1,1,4),(0.E0,1.E0),(-3.730092354511E-2,0.E0,
1.513548694376E-1,2.854225530663E-1,4.051852895871E-1,5.128390826060E-1,
6.101108595463E-1,6.974135110253E-1,7.758462912535E-1,8.485657800601E-1,
9.205720120186E-1,1.E0,1.039578975653E0),.UNSPECIFIED.)GEOMETRIC_REPRESENTATION_ITEM()RATIONAL_B_SPLINE_SURFACE(((1.967252254497E0,1.967252254497E0,
1.967252254497E0,1.967252254497E0,1.967252254497E0,1.967252254497E0,
1.967252254497E0,1.967252254497E0,1.967252254497E0,1.967252254497E0,
1.967252254497E0,1.967252254497E0,1.967252254497E0,1.967252254497E0,
1.967252254497E0),(6.775825818343E-1,6.775825818343E-1,6.775825818343E-1,
6.775825818343E-1,6.775825818343E-1,6.775825818343E-1,6.775825818343E-1,
6.775825818343E-1,6.775825818343E-1,6.775825818343E-1,6.775825818343E-1,
6.775825818343E-1,6.775825818343E-1,6.775825818343E-1,6.775825818343E-1),(
6.775825818343E-1,6.775825818343E-1,6.775825818343E-1,6.775825818343E-1,
6.775825818343E-1,6.775825818343E-1,6.775825818343E-1,6.775825818343E-1,
6.775825818343E-1,6.775825818343E-1,6.775825818343E-1,6.775825818343E-1,
6.775825818343E-1,6.775825818343E-1,6.775825818343E-1),(1.967252254497E0,
1.967252254497E0,1.967252254497E0,1.967252254497E0,1.967252254497E0,
1.967252254497E0,1.967252254497E0,1.967252254497E0,1.967252254497E0,
1.967252254497E0,1.967252254497E0,1.967252254497E0,1.967252254497E0,
1.967252254497E0,1.967252254497E0)))REPRESENTATION_ITEM('')SURFACE());
#5000=ORIENTED_EDGE('',*,*,#4923,.F.);
#5002=ORIENTED_EDGE('',*,*,#5001,.T.);
#5003=ORIENTED_EDGE('',*,*,#2224,.T.);
#5005=ORIENTED_EDGE('',*,*,#5004,.F.);
#5006=EDGE_LOOP('',(#5000,#5002,#5003,#5005));
#5007=FACE_OUTER_BOUND('',#5006,.F.);
#5008=ADVANCED_FACE('',(#5007),#4999,.F.);
#5009=FILL_AREA_STYLE_COLOUR('',#1);
#5010=FILL_AREA_STYLE('',(#5009));
#5011=SURFACE_STYLE_FILL_AREA(#5010);
#5012=SURFACE_SIDE_STYLE('',(#5011));
#5013=SURFACE_STYLE_USAGE(.POSITIVE.,#5012);
#5014=PRESENTATION_STYLE_ASSIGNMENT((#5013));
#5015=STYLED_ITEM('',(#5014),#5008);
#5016=CARTESIAN_POINT('',(-1.E0,-9.5E-1,0.E0));
#5017=DIRECTION('',(0.E0,-1.E0,0.E0));
#5018=DIRECTION('',(-4.209136952240E-1,0.E0,9.071006896552E-1));
#5019=AXIS2_PLACEMENT_3D('',#5016,#5017,#5018);
#5020=TOROIDAL_SURFACE('',#5019,2.9E0,1.5E-1);
#5021=ORIENTED_EDGE('',*,*,#4905,.F.);
#5023=ORIENTED_EDGE('',*,*,#5022,.T.);
#5024=ORIENTED_EDGE('',*,*,#2226,.T.);
#5025=ORIENTED_EDGE('',*,*,#5001,.F.);
#5026=EDGE_LOOP('',(#5021,#5023,#5024,#5025));
#5027=FACE_OUTER_BOUND('',#5026,.F.);
#5028=ADVANCED_FACE('',(#5027),#5020,.F.);
#5029=FILL_AREA_STYLE_COLOUR('',#1);
#5030=FILL_AREA_STYLE('',(#5029));
#5031=SURFACE_STYLE_FILL_AREA(#5030);
#5032=SURFACE_SIDE_STYLE('',(#5031));
#5033=SURFACE_STYLE_USAGE(.POSITIVE.,#5032);
#5034=PRESENTATION_STYLE_ASSIGNMENT((#5033));
#5035=STYLED_ITEM('',(#5034),#5028);
#5036=CARTESIAN_POINT('',(-2.162026065172E0,-4.217243487490E-1,
2.643545198876E0));
#5037=CARTESIAN_POINT('',(-2.161050663159E0,-4.311195016212E-1,
2.643698027513E0));
#5038=CARTESIAN_POINT('',(-2.159819042840E0,-4.551048673848E-1,
2.643882526749E0));
#5039=CARTESIAN_POINT('',(-2.162889261485E0,-4.939370831574E-1,
2.643425663718E0));
#5040=CARTESIAN_POINT('',(-2.173506297541E0,-5.382841656335E-1,
2.641773188605E0));
#5041=CARTESIAN_POINT('',(-2.192071496418E0,-5.837266920508E-1,
2.638621554885E0));
#5042=CARTESIAN_POINT('',(-2.220081452621E0,-6.305201580098E-1,
2.633266275340E0));
#5043=CARTESIAN_POINT('',(-2.259231890629E0,-6.779208553328E-1,
2.624626740592E0));
#5044=CARTESIAN_POINT('',(-2.311115075832E0,-7.241936562930E-1,
2.611207013806E0));
#5045=CARTESIAN_POINT('',(-2.377107076155E0,-7.663711967641E-1,
2.591001562269E0));
#5046=CARTESIAN_POINT('',(-2.457812418810E0,-7.996442250307E-1,
2.561573361944E0));
#5047=CARTESIAN_POINT('',(-2.527377389875E0,-8.120877420538E-1,
2.531251359211E0));
#5048=CARTESIAN_POINT('',(-2.568151681280E0,-8.124216511877E-1,
2.511346407539E0));
#5049=CARTESIAN_POINT('',(-2.577971674249E0,-8.120710524765E-1,
2.506418895087E0));
#5050=CARTESIAN_POINT('',(-2.090172803509E0,-4.200453547503E-1,
2.502093021121E0));
#5051=CARTESIAN_POINT('',(-2.088936009485E0,-4.299672677744E-1,
2.502345217779E0));
#5052=CARTESIAN_POINT('',(-2.087381282922E0,-4.554168044516E-1,
2.502681899758E0));
#5053=CARTESIAN_POINT('',(-2.091256684114E0,-4.966162318944E-1,
2.501837952848E0));
#5054=CARTESIAN_POINT('',(-2.104456538895E0,-5.426093177573E-1,
2.498942677900E0));
#5055=CARTESIAN_POINT('',(-2.126887300567E0,-5.877004555575E-1,
2.493963592017E0));
#5056=CARTESIAN_POINT('',(-2.159382759355E0,-6.311939501711E-1,
2.486591064171E0));
#5057=CARTESIAN_POINT('',(-2.202564936143E0,-6.715896636375E-1,
2.476433374525E0));
#5058=CARTESIAN_POINT('',(-2.256598667887E0,-7.068845083026E-1,
2.463000554530E0));
#5059=CARTESIAN_POINT('',(-2.321174399247E0,-7.345533844532E-1,
2.445621574477E0));
#5060=CARTESIAN_POINT('',(-2.395114312670E0,-7.513306173506E-1,
2.423471164794E0));
#5061=CARTESIAN_POINT('',(-2.454664422190E0,-7.525457876843E-1,
2.402988229405E0));
#5062=CARTESIAN_POINT('',(-2.488228984373E0,-7.482522178624E-1,
2.390167370231E0));
#5063=CARTESIAN_POINT('',(-2.496244197964E0,-7.469137360076E-1,
2.387022764798E0));
#5064=CARTESIAN_POINT('',(-1.932767395924E0,-4.050483852822E-1,
2.515344346407E0));
#5065=CARTESIAN_POINT('',(-1.931073736510E0,-4.199235616775E-1,
2.515978144148E0));
#5066=CARTESIAN_POINT('',(-1.928947499445E0,-4.581327809708E-1,
2.516817138412E0));
#5067=CARTESIAN_POINT('',(-1.934247358785E0,-5.199869513667E-1,
2.514715105861E0));
#5068=CARTESIAN_POINT('',(-1.952210594056E0,-5.885562063884E-1,
2.507552043464E0));
#5069=CARTESIAN_POINT('',(-1.982449066154E0,-6.548307876550E-1,
2.495401856939E0));
#5070=CARTESIAN_POINT('',(-2.025656187378E0,-7.173257128104E-1,
2.477818927648E0));
#5071=CARTESIAN_POINT('',(-2.082065276265E0,-7.734647588552E-1,
2.454421279111E0));
#5072=CARTESIAN_POINT('',(-2.151200296921E0,-8.201667179133E-1,
2.424949004133E0));
#5073=CARTESIAN_POINT('',(-2.231938316999E0,-8.539245105727E-1,
2.389182708539E0));
#5074=CARTESIAN_POINT('',(-2.322130138357E0,-8.706721843952E-1,
2.347061417817E0));
#5075=CARTESIAN_POINT('',(-2.392973344381E0,-8.670346853215E-1,
2.311510609862E0));
#5076=CARTESIAN_POINT('',(-2.432398333156E0,-8.584707926779E-1,
2.290547742447E0));
#5077=CARTESIAN_POINT('',(-2.441791102679E0,-8.560208878990E-1,
2.285478949945E0));
#5078=CARTESIAN_POINT('',(-1.886280781870E0,-3.954524203693E-1,
2.666759080159E0));
#5079=CARTESIAN_POINT('',(-1.884505035839E0,-4.135247783802E-1,
2.667580403612E0));
#5080=CARTESIAN_POINT('',(-1.882272234381E0,-4.598627580203E-1,
2.668644861455E0));
#5081=CARTESIAN_POINT('',(-1.887837841345E0,-5.348782792747E-1,
2.665984064093E0));
#5082=CARTESIAN_POINT('',(-1.906799442706E0,-6.187746520581E-1,
2.656855211408E0));
#5083=CARTESIAN_POINT('',(-1.939042312231E0,-7.013266698810E-1,
2.641141130130E0));
#5084=CARTESIAN_POINT('',(-1.985817128157E0,-7.814071424826E-1,
2.617899107796E0));
#5085=CARTESIAN_POINT('',(-2.048138680042E0,-8.563872588901E-1,
2.586065603593E0));
#5086=CARTESIAN_POINT('',(-2.126476542077E0,-9.226432233146E-1,
2.544547705811E0));
#5087=CARTESIAN_POINT('',(-2.220781895480E0,-9.754874240580E-1,
2.492131064005E0));
#5088=CARTESIAN_POINT('',(-2.329957587574E0,-1.008708670270E0,
2.427717558319E0));
#5089=CARTESIAN_POINT('',(-2.419305983761E0,-1.012651204251E0,
2.370999418037E0));
#5090=CARTESIAN_POINT('',(-2.470346663188E0,-1.005504294306E0,
2.336831167515E0));
#5091=CARTESIAN_POINT('',(-2.482579880431E0,-1.003206687332E0,
2.328532833715E0));
#5092=(BOUNDED_SURFACE()B_SPLINE_SURFACE(3,3,((#5036,#5037,#5038,#5039,#5040,
#5041,#5042,#5043,#5044,#5045,#5046,#5047,#5048,#5049),(#5050,#5051,#5052,#5053,
#5054,#5055,#5056,#5057,#5058,#5059,#5060,#5061,#5062,#5063),(#5064,#5065,#5066,
#5067,#5068,#5069,#5070,#5071,#5072,#5073,#5074,#5075,#5076,#5077),(#5078,#5079,
#5080,#5081,#5082,#5083,#5084,#5085,#5086,#5087,#5088,#5089,#5090,#5091)),
.UNSPECIFIED.,.F.,.F.,.F.)B_SPLINE_SURFACE_WITH_KNOTS((4,4),(4,1,1,1,1,1,1,1,1,
1,1,4),(0.E0,1.E0),(-5.264266043305E-2,0.E0,8.116294715610E-2,1.635487170429E-1,
2.506062244982E-1,3.458224365434E-1,4.505389555420E-1,5.661335364215E-1,
6.952833716040E-1,8.393942150062E-1,1.E0,1.051494492911E0),.UNSPECIFIED.)GEOMETRIC_REPRESENTATION_ITEM()RATIONAL_B_SPLINE_SURFACE(((1.453585654110E0,
1.453585654110E0,1.453585654110E0,1.453585654110E0,1.453585654110E0,
1.453585654110E0,1.453585654110E0,1.453585654110E0,1.453585654110E0,
1.453585654110E0,1.453585654110E0,1.453585654110E0,1.453585654110E0,
1.453585654110E0),(8.488047819634E-1,8.488047819634E-1,8.488047819634E-1,
8.488047819634E-1,8.488047819634E-1,8.488047819634E-1,8.488047819634E-1,
8.488047819634E-1,8.488047819634E-1,8.488047819634E-1,8.488047819634E-1,
8.488047819634E-1,8.488047819634E-1,8.488047819634E-1),(8.488047819634E-1,
8.488047819634E-1,8.488047819634E-1,8.488047819634E-1,8.488047819634E-1,
8.488047819634E-1,8.488047819634E-1,8.488047819634E-1,8.488047819634E-1,
8.488047819634E-1,8.488047819634E-1,8.488047819634E-1,8.488047819634E-1,
8.488047819634E-1),(1.453585654110E0,1.453585654110E0,1.453585654110E0,
1.453585654110E0,1.453585654110E0,1.453585654110E0,1.453585654110E0,
1.453585654110E0,1.453585654110E0,1.453585654110E0,1.453585654110E0,
1.453585654110E0,1.453585654110E0,1.453585654110E0)))REPRESENTATION_ITEM('')SURFACE());
#5093=ORIENTED_EDGE('',*,*,#4882,.F.);
#5094=ORIENTED_EDGE('',*,*,#2200,.T.);
#5095=ORIENTED_EDGE('',*,*,#2228,.T.);
#5096=ORIENTED_EDGE('',*,*,#5022,.F.);
#5097=EDGE_LOOP('',(#5093,#5094,#5095,#5096));
#5098=FACE_OUTER_BOUND('',#5097,.F.);
#5099=ADVANCED_FACE('',(#5098),#5092,.F.);
#5100=FILL_AREA_STYLE_COLOUR('',#1);
#5101=FILL_AREA_STYLE('',(#5100));
#5102=SURFACE_STYLE_FILL_AREA(#5101);
#5103=SURFACE_SIDE_STYLE('',(#5102));
#5104=SURFACE_STYLE_USAGE(.POSITIVE.,#5103);
#5105=PRESENTATION_STYLE_ASSIGNMENT((#5104));
#5106=STYLED_ITEM('',(#5105),#5099);
#5107=CARTESIAN_POINT('',(-3.146508793367E0,-5.2824E-1,1.95E0));
#5108=DIRECTION('',(0.E0,1.E0,0.E0));
#5109=DIRECTION('',(0.E0,0.E0,1.E0));
#5110=AXIS2_PLACEMENT_3D('',#5107,#5108,#5109);
#5111=CYLINDRICAL_SURFACE('',#5110,1.5E-1);
#5113=ORIENTED_EDGE('',*,*,#5112,.F.);
#5114=ORIENTED_EDGE('',*,*,#5004,.T.);
#5115=ORIENTED_EDGE('',*,*,#2222,.T.);
#5116=ORIENTED_EDGE('',*,*,#2332,.F.);
#5117=EDGE_LOOP('',(#5113,#5114,#5115,#5116));
#5118=FACE_OUTER_BOUND('',#5117,.F.);
#5119=ADVANCED_FACE('',(#5118),#5111,.F.);
#5120=FILL_AREA_STYLE_COLOUR('',#1);
#5121=FILL_AREA_STYLE('',(#5120));
#5122=SURFACE_STYLE_FILL_AREA(#5121);
#5123=SURFACE_SIDE_STYLE('',(#5122));
#5124=SURFACE_STYLE_USAGE(.POSITIVE.,#5123);
#5125=PRESENTATION_STYLE_ASSIGNMENT((#5124));
#5126=STYLED_ITEM('',(#5125),#5119);
#5127=CARTESIAN_POINT('',(-4.975528090456E0,0.E0,2.1E0));
#5128=DIRECTION('',(0.E0,0.E0,-1.E0));
#5129=DIRECTION('',(1.E0,0.E0,0.E0));
#5130=AXIS2_PLACEMENT_3D('',#5127,#5128,#5129);
#5131=PLANE('',#5130);
#5132=ORIENTED_EDGE('',*,*,#2358,.T.);
#5134=ORIENTED_EDGE('',*,*,#5133,.T.);
#5135=ORIENTED_EDGE('',*,*,#4925,.F.);
#5136=ORIENTED_EDGE('',*,*,#5112,.T.);
#5137=EDGE_LOOP('',(#5132,#5134,#5135,#5136));
#5138=FACE_OUTER_BOUND('',#5137,.F.);
#5139=ADVANCED_FACE('',(#5138),#5131,.T.);
#5140=FILL_AREA_STYLE_COLOUR('',#1);
#5141=FILL_AREA_STYLE('',(#5140));
#5142=SURFACE_STYLE_FILL_AREA(#5141);
#5143=SURFACE_SIDE_STYLE('',(#5142));
#5144=SURFACE_STYLE_USAGE(.POSITIVE.,#5143);
#5145=PRESENTATION_STYLE_ASSIGNMENT((#5144));
#5146=STYLED_ITEM('',(#5145),#5139);
#5147=CARTESIAN_POINT('',(-4.775528090456E0,-2.83148E-1,2.3E0));
#5148=DIRECTION('',(0.E0,-1.E0,0.E0));
#5149=DIRECTION('',(-1.E0,0.E0,0.E0));
#5150=AXIS2_PLACEMENT_3D('',#5147,#5148,#5149);
#5151=CYLINDRICAL_SURFACE('',#5150,2.E-1);
#5152=ORIENTED_EDGE('',*,*,#4678,.T.);
#5153=ORIENTED_EDGE('',*,*,#4659,.T.);
#5155=ORIENTED_EDGE('',*,*,#5154,.T.);
#5156=ORIENTED_EDGE('',*,*,#5133,.F.);
#5157=ORIENTED_EDGE('',*,*,#4610,.F.);
#5158=EDGE_LOOP('',(#5152,#5153,#5155,#5156,#5157));
#5159=FACE_OUTER_BOUND('',#5158,.F.);
#5160=ADVANCED_FACE('',(#5159),#5151,.T.);
#5161=FILL_AREA_STYLE_COLOUR('',#1);
#5162=FILL_AREA_STYLE('',(#5161));
#5163=SURFACE_STYLE_FILL_AREA(#5162);
#5164=SURFACE_SIDE_STYLE('',(#5163));
#5165=SURFACE_STYLE_USAGE(.POSITIVE.,#5164);
#5166=PRESENTATION_STYLE_ASSIGNMENT((#5165));
#5167=STYLED_ITEM('',(#5166),#5160);
#5168=CARTESIAN_POINT('',(-4.716421756229E0,-3.171772641247E-1,
2.135859046527E0));
#5169=CARTESIAN_POINT('',(-4.891267777515E0,-2.961133888604E-1,
2.086040573689E0));
#5170=CARTESIAN_POINT('',(-5.020683190499E0,-3.465120787210E-1,
2.205239236345E0));
#5171=CARTESIAN_POINT('',(-4.966594678990E0,-4.146029667899E-1,
2.366281970180E0));
#5172=CARTESIAN_POINT('',(-4.716421756229E0,-6.495164659288E-1,
1.995341862969E0));
#5173=CARTESIAN_POINT('',(-4.891267777515E0,-6.811570576076E-1,
1.923239280356E0));
#5174=CARTESIAN_POINT('',(-5.020683190499E0,-6.054518824194E-1,
2.095756239066E0));
#5175=CARTESIAN_POINT('',(-4.966594678990E0,-5.031707988387E-1,
2.328834379749E0));
#5176=CARTESIAN_POINT('',(-4.716421756229E0,-9.046580648694E-1,
2.250483369629E0));
#5177=CARTESIAN_POINT('',(-4.891267777515E0,-9.767606360383E-1,
2.218842751872E0));
#5178=CARTESIAN_POINT('',(-5.020683190499E0,-8.042437047092E-1,
2.294547989457E0));
#5179=CARTESIAN_POINT('',(-4.966594678990E0,-5.711656010197E-1,
2.396829157338E0));
#5180=CARTESIAN_POINT('',(-4.716421756229E0,-7.641410015131E-1,
2.582822622256E0));
#5181=CARTESIAN_POINT('',(-4.891267777515E0,-8.139594819687E-1,
2.603886479502E0));
#5182=CARTESIAN_POINT('',(-5.020683190499E0,-6.947608010848E-1,
2.553487832753E0));
#5183=CARTESIAN_POINT('',(-4.966594678990E0,-5.337180426222E-1,
2.485397002931E0));
#5184=(BOUNDED_SURFACE()B_SPLINE_SURFACE(3,3,((#5168,#5169,#5170,#5171),(#5172,
#5173,#5174,#5175),(#5176,#5177,#5178,#5179),(#5180,#5181,#5182,#5183)),
.UNSPECIFIED.,.F.,.F.,.F.)B_SPLINE_SURFACE_WITH_KNOTS((4,4),(4,4),(0.E0,1.E0),(
0.E0,1.E0),.UNSPECIFIED.)GEOMETRIC_REPRESENTATION_ITEM()RATIONAL_B_SPLINE_SURFACE(((1.982312527454E0,1.277336053931E0,1.277336053931E0,1.982312527454E0),(
1.157555673166E0,7.458902545838E-1,7.458902545838E-1,1.157555673166E0),(
1.157555673166E0,7.458902545838E-1,7.458902545838E-1,1.157555673166E0),(
1.982312527454E0,1.277336053931E0,1.277336053931E0,1.982312527454E0)))REPRESENTATION_ITEM('')SURFACE());
#5185=ORIENTED_EDGE('',*,*,#4657,.T.);
#5187=ORIENTED_EDGE('',*,*,#5186,.T.);
#5188=ORIENTED_EDGE('',*,*,#4927,.F.);
#5189=ORIENTED_EDGE('',*,*,#5154,.F.);
#5190=EDGE_LOOP('',(#5185,#5187,#5188,#5189));
#5191=FACE_OUTER_BOUND('',#5190,.F.);
#5192=ADVANCED_FACE('',(#5191),#5184,.T.);
#5193=FILL_AREA_STYLE_COLOUR('',#1);
#5194=FILL_AREA_STYLE('',(#5193));
#5195=SURFACE_STYLE_FILL_AREA(#5194);
#5196=SURFACE_SIDE_STYLE('',(#5195));
#5197=SURFACE_STYLE_USAGE(.POSITIVE.,#5196);
#5198=PRESENTATION_STYLE_ASSIGNMENT((#5197));
#5199=STYLED_ITEM('',(#5198),#5192);
#5200=CARTESIAN_POINT('',(-4.775528090456E0,-6.E-1,2.340782E0));
#5201=DIRECTION('',(0.E0,0.E0,1.E0));
#5202=DIRECTION('',(-1.E0,0.E0,0.E0));
#5203=AXIS2_PLACEMENT_3D('',#5200,#5201,#5202);
#5204=CYLINDRICAL_SURFACE('',#5203,2.E-1);
#5205=ORIENTED_EDGE('',*,*,#4655,.T.);
#5206=ORIENTED_EDGE('',*,*,#4636,.T.);
#5208=ORIENTED_EDGE('',*,*,#5207,.T.);
#5209=ORIENTED_EDGE('',*,*,#4901,.F.);
#5210=ORIENTED_EDGE('',*,*,#5186,.F.);
#5211=EDGE_LOOP('',(#5205,#5206,#5208,#5209,#5210));
#5212=FACE_OUTER_BOUND('',#5211,.F.);
#5213=ADVANCED_FACE('',(#5212),#5204,.T.);
#5214=FILL_AREA_STYLE_COLOUR('',#1);
#5215=FILL_AREA_STYLE('',(#5214));
#5216=SURFACE_STYLE_FILL_AREA(#5215);
#5217=SURFACE_SIDE_STYLE('',(#5216));
#5218=SURFACE_STYLE_USAGE(.POSITIVE.,#5217);
#5219=PRESENTATION_STYLE_ASSIGNMENT((#5218));
#5220=STYLED_ITEM('',(#5219),#5213);
#5221=CARTESIAN_POINT('',(-4.966594678990E0,-4.146029667061E-1,
2.633718029784E0));
#5222=CARTESIAN_POINT('',(-5.020683190499E0,-3.465120784757E-1,
2.794760763551E0));
#5223=CARTESIAN_POINT('',(-4.891267777515E0,-2.961133884958E-1,
2.913959426156E0));
#5224=CARTESIAN_POINT('',(-4.716421756229E0,-3.171772638099E-1,
2.864140953340E0));
#5225=CARTESIAN_POINT('',(-4.966594678990E0,-5.031707987828E-1,
2.671165620332E0));
#5226=CARTESIAN_POINT('',(-5.020683190499E0,-6.054518822559E-1,
2.904243761170E0));
#5227=CARTESIAN_POINT('',(-4.891267777515E0,-6.811570573645E-1,
3.076760719996E0));
#5228=CARTESIAN_POINT('',(-4.716421756229E0,-6.495164657190E-1,
3.004658137335E0));
#5229=CARTESIAN_POINT('',(-4.966594678990E0,-5.711656010478E-1,
2.603170842727E0));
#5230=CARTESIAN_POINT('',(-5.020683190499E0,-8.042437047915E-1,
2.705452010732E0));
#5231=CARTESIAN_POINT('',(-4.891267777515E0,-9.767606361606E-1,
2.781157248408E0));
#5232=CARTESIAN_POINT('',(-4.716421756229E0,-9.046580649749E-1,
2.749516630613E0));
#5233=CARTESIAN_POINT('',(-4.966594678990E0,-5.337180426219E-1,
2.514602997069E0));
#5234=CARTESIAN_POINT('',(-5.020683190499E0,-6.947608010839E-1,
2.446512167245E0));
#5235=CARTESIAN_POINT('',(-4.891267777515E0,-8.139594819674E-1,
2.396113520495E0));
#5236=CARTESIAN_POINT('',(-4.716421756229E0,-7.641410015120E-1,
2.417177377742E0));
#5237=(BOUNDED_SURFACE()B_SPLINE_SURFACE(3,3,((#5221,#5222,#5223,#5224),(#5225,
#5226,#5227,#5228),(#5229,#5230,#5231,#5232),(#5233,#5234,#5235,#5236)),
.UNSPECIFIED.,.F.,.F.,.F.)B_SPLINE_SURFACE_WITH_KNOTS((4,4),(4,4),(0.E0,1.E0),(
0.E0,1.E0),.UNSPECIFIED.)GEOMETRIC_REPRESENTATION_ITEM()RATIONAL_B_SPLINE_SURFACE(((1.982312528129E0,1.277336054366E0,1.277336054366E0,1.982312528129E0),(
1.157555672941E0,7.458902544390E-1,7.458902544390E-1,1.157555672941E0),(
1.157555672941E0,7.458902544390E-1,7.458902544390E-1,1.157555672941E0),(
1.982312528129E0,1.277336054366E0,1.277336054366E0,1.982312528129E0)))REPRESENTATION_ITEM('')SURFACE());
#5238=ORIENTED_EDGE('',*,*,#4634,.T.);
#5239=ORIENTED_EDGE('',*,*,#4767,.T.);
#5240=ORIENTED_EDGE('',*,*,#4861,.F.);
#5241=ORIENTED_EDGE('',*,*,#5207,.F.);
#5242=EDGE_LOOP('',(#5238,#5239,#5240,#5241));
#5243=FACE_OUTER_BOUND('',#5242,.F.);
#5244=ADVANCED_FACE('',(#5243),#5237,.T.);
#5245=FILL_AREA_STYLE_COLOUR('',#1);
#5246=FILL_AREA_STYLE('',(#5245));
#5247=SURFACE_STYLE_FILL_AREA(#5246);
#5248=SURFACE_SIDE_STYLE('',(#5247));
#5249=SURFACE_STYLE_USAGE(.POSITIVE.,#5248);
#5250=PRESENTATION_STYLE_ASSIGNMENT((#5249));
#5251=STYLED_ITEM('',(#5250),#5244);
#5252=CLOSED_SHELL('',(#1943,#1964,#1988,#2160,#2185,#2207,#2257,#2339,#2362,
#2456,#2557,#2603,#2635,#2684,#2733,#2757,#2811,#2835,#2859,#2883,#2906,#2929,
#2951,#2973,#2996,#3010,#3020,#3036,#3069,#3091,#3122,#3143,#3166,#3251,#3271,
#3350,#3448,#3499,#3520,#3540,#3564,#3724,#3749,#3770,#3827,#3849,#3870,#3890,
#3912,#3943,#3974,#4038,#4057,#4111,#4131,#4158,#4278,#4298,#4385,#4493,#4545,
#4564,#4583,#4617,#4640,#4663,#4685,#4708,#4731,#4745,#4755,#4771,#4803,#4823,
#4843,#4865,#4886,#4909,#4931,#5008,#5028,#5099,#5119,#5139,#5160,#5192,#5213,
#5244));
#5253=MANIFOLD_SOLID_BREP('',#5252);
#5255=DIMENSIONAL_EXPONENTS(0.E0,0.E0,0.E0,0.E0,0.E0,0.E0,0.E0);
#5257=PLANE_ANGLE_MEASURE_WITH_UNIT(PLANE_ANGLE_MEASURE(1.745329251994E-2),
#5256);
#5258=(CONVERSION_BASED_UNIT('DEGREE',#5257)NAMED_UNIT(*)PLANE_ANGLE_UNIT());
#5260=UNCERTAINTY_MEASURE_WITH_UNIT(LENGTH_MEASURE(5.E-3),#5254,'closure',
'Maximum model space distance between geometric entities at asserted connectivities');
#5261=(GEOMETRIC_REPRESENTATION_CONTEXT(3)GLOBAL_UNCERTAINTY_ASSIGNED_CONTEXT((
#5260))GLOBAL_UNIT_ASSIGNED_CONTEXT((#5254,#5258,#5259))REPRESENTATION_CONTEXT(
'ID1','3'));
#5263=MECHANICAL_DESIGN_GEOMETRIC_PRESENTATION_REPRESENTATION('',(#1950,#1971,
#1995,#2167,#2192,#2214,#2264,#2346,#2369,#2463,#2564,#2610,#2642,#2691,#2740,
#2764,#2818,#2842,#2866,#2890,#2913,#2936,#2958,#2980,#3043,#3076,#3098,#3129,
#3150,#3173,#3258,#3278,#3357,#3455,#3506,#3527,#3547,#3571,#3731,#3756,#3777,
#3834,#3856,#3877,#3897,#3919,#3950,#3981,#4045,#4064,#4118,#4138,#4165,#4285,
#4305,#4392,#4500,#4552,#4571,#4590,#4624,#4647,#4670,#4692,#4715,#4778,#4810,
#4830,#4850,#4872,#4893,#4916,#4938,#5015,#5035,#5106,#5126,#5146,#5167,#5199,
#5220,#5251),#5261);
#5264=APPLICATION_CONTEXT(
'CONFIGURATION CONTROLLED 3D DESIGNS OF MECHANICAL PARTS AND ASSEMBLIES');
#5265=APPLICATION_PROTOCOL_DEFINITION('international standard',
'config_control_design',1994,#5264);
#5266=DESIGN_CONTEXT('',#5264,'design');
#5267=MECHANICAL_CONTEXT('',#5264,'mechanical');
#5268=PRODUCT('K164','K164','NOT SPECIFIED',(#5267));
#5269=PRODUCT_DEFINITION_FORMATION_WITH_SPECIFIED_SOURCE('3','LAST_VERSION',
#5268,.MADE.);
#5273=PRODUCT_CATEGORY('part','');
#5274=PRODUCT_RELATED_PRODUCT_CATEGORY('detail','',(#5268));
#5275=PRODUCT_CATEGORY_RELATIONSHIP('','',#5273,#5274);
#5276=SECURITY_CLASSIFICATION_LEVEL('unclassified');
#5277=SECURITY_CLASSIFICATION('','',#5276);
#5278=CC_DESIGN_SECURITY_CLASSIFICATION(#5277,(#5269));
#5279=APPROVAL_STATUS('approved');
#5280=APPROVAL(#5279,'');
#5281=CC_DESIGN_APPROVAL(#5280,(#5277,#5269,#5270));
#5282=CALENDAR_DATE(121,14,6);
#5283=COORDINATED_UNIVERSAL_TIME_OFFSET(2,0,.AHEAD.);
#5284=LOCAL_TIME(9,21,5.E0,#5283);
#5285=DATE_AND_TIME(#5282,#5284);
#5286=APPROVAL_DATE_TIME(#5285,#5280);
#5287=DATE_TIME_ROLE('creation_date');
#5288=CC_DESIGN_DATE_AND_TIME_ASSIGNMENT(#5285,#5287,(#5270));
#5289=DATE_TIME_ROLE('classification_date');
#5290=CC_DESIGN_DATE_AND_TIME_ASSIGNMENT(#5285,#5289,(#5277));
#5291=PERSON('UNSPECIFIED','UNSPECIFIED',$,$,$,$);
#5292=ORGANIZATION('UNSPECIFIED','UNSPECIFIED','UNSPECIFIED');
#5293=PERSON_AND_ORGANIZATION(#5291,#5292);
#5294=APPROVAL_ROLE('approver');
#5295=APPROVAL_PERSON_ORGANIZATION(#5293,#5280,#5294);
#5296=PERSON_AND_ORGANIZATION_ROLE('creator');
#5297=CC_DESIGN_PERSON_AND_ORGANIZATION_ASSIGNMENT(#5293,#5296,(#5269,#5270));
#5298=PERSON_AND_ORGANIZATION_ROLE('design_supplier');
#5299=CC_DESIGN_PERSON_AND_ORGANIZATION_ASSIGNMENT(#5293,#5298,(#5269));
#5300=PERSON_AND_ORGANIZATION_ROLE('classification_officer');
#5301=CC_DESIGN_PERSON_AND_ORGANIZATION_ASSIGNMENT(#5293,#5300,(#5277));
#5302=PERSON_AND_ORGANIZATION_ROLE('design_owner');
#5303=CC_DESIGN_PERSON_AND_ORGANIZATION_ASSIGNMENT(#5293,#5302,(#5268));
#1=DRAUGHTING_PRE_DEFINED_COLOUR('black');
#2=COLOUR_RGB('',0.E0,0.E0,6.6E-1);
#3=DRAUGHTING_PRE_DEFINED_COLOUR('blue');
#4=COLOUR_RGB('',0.E0,3.3E-1,0.E0);
#5=COLOUR_RGB('',0.E0,4.5E-1,0.E0);
#6=COLOUR_RGB('',0.E0,5.4902E-1,8.E-1);
#7=COLOUR_RGB('',0.E0,5.68627E-1,8.E-1);
#8=COLOUR_RGB('',0.E0,6.E-1,0.E0);
#9=COLOUR_RGB('',0.E0,6.5098E-1,8.39216E-1);
#10=COLOUR_RGB('',0.E0,6.70588E-1,3.4902E-1);
#11=COLOUR_RGB('',0.E0,7.01961E-1,5.80392E-1);
#12=COLOUR_RGB('',0.E0,7.1E-1,1.E0);
#13=COLOUR_RGB('',0.E0,7.3E-1,1.9E-1);
#14=COLOUR_RGB('',0.E0,8.E-1,0.E0);
#15=DRAUGHTING_PRE_DEFINED_COLOUR('green');
#16=COLOUR_RGB('',6.7E-2,6.7E-2,6.7E-2);
#17=COLOUR_RGB('',7.E-2,1.E0,1.E0);
#18=COLOUR_RGB('',9.0196E-2,9.0196E-2,5.88235E-1);
#19=COLOUR_RGB('',1.01E-1,1.98E-1,9.52E-1);
#20=COLOUR_RGB('',1.06E-1,8.16E-1,2.08E-1);
#21=COLOUR_RGB('',1.18E-1,1.22E-1,2.43E-1);
#22=COLOUR_RGB('',1.45E-1,1.33E-1,2.71E-1);
#23=COLOUR_RGB('',1.60784E-1,1.9608E-2,6.31373E-1);
#24=COLOUR_RGB('',2.E-1,3.88E-1,2.67E-1);
#25=COLOUR_RGB('',2.E-1,4.E-1,1.E0);
#26=COLOUR_RGB('',2.E-1,8.E-1,1.E0);
#27=COLOUR_RGB('',2.2E-1,2.63E-1,6.12E-1);
#28=COLOUR_RGB('',2.27E-1,2.86E-1,2.39E-1);
#29=COLOUR_RGB('',2.35E-1,2.7E-2,7.8E-2);
#30=COLOUR_RGB('',2.5E-1,2.5E-1,2.5E-1);
#31=COLOUR_RGB('',2.75E-1,3.92E-1,1.49E-1);
#32=COLOUR_RGB('',3.02E-1,4.12E-1,6.E-1);
#33=COLOUR_RGB('',3.14E-1,7.4E-2,0.E0);
#34=COLOUR_RGB('',3.2549E-1,5.05882E-1,5.41176E-1);
#35=COLOUR_RGB('',3.29E-1,5.14E-1,1.84E-1);
#36=COLOUR_RGB('',3.49E-1,4.3E-2,4.3E-2);
#37=COLOUR_RGB('',3.61E-1,6.3E-2,5.5E-2);
#38=COLOUR_RGB('',3.65E-1,2.35E-1,2.27E-1);
#39=COLOUR_RGB('',4.E-1,0.E0,6.31373E-1);
#40=COLOUR_RGB('',4.E-1,1.41E-1,1.1E-1);
#41=COLOUR_RGB('',4.19608E-1,4.90196E-1,1.56863E-1);
#42=COLOUR_RGB('',4.35294E-1,4.78431E-1,4.54902E-1);
#43=COLOUR_RGB('',4.47E-1,4.3E-2,3.9E-2);
#44=COLOUR_RGB('',4.6E-1,8.3E-2,3.32E-1);
#45=COLOUR_RGB('',4.63E-1,4.43E-1,4.94E-1);
#46=COLOUR_RGB('',4.7451E-1,8.23529E-1,9.01961E-1);
#47=COLOUR_RGB('',5.E-1,5.E-1,5.E-1);
#48=COLOUR_RGB('',5.02E-1,5.96E-1,6.43E-1);
#49=COLOUR_RGB('',5.01961E-1,6.27451E-1,0.E0);
#50=COLOUR_RGB('',5.09804E-1,5.37255E-1,5.37255E-1);
#51=COLOUR_RGB('',5.09804E-1,5.41176E-1,1.1765E-2);
#52=COLOUR_RGB('',5.22E-1,4.94E-1,4.86E-1);
#53=COLOUR_RGB('',5.25E-1,2.E-1,3.45E-1);
#54=COLOUR_RGB('',5.25E-1,4.24E-1,4.55E-1);
#55=COLOUR_RGB('',5.29E-1,4.47E-1,4.98E-1);
#56=COLOUR_RGB('',5.33E-1,6.3E-2,6.3E-2);
#57=COLOUR_RGB('',5.60784E-1,5.60784E-1,5.4902E-1);
#58=COLOUR_RGB('',5.68627E-1,4.19608E-1,2.90196E-1);
#59=COLOUR_RGB('',5.80392E-1,4.94118E-1,5.05882E-1);
#60=COLOUR_RGB('',5.92157E-1,4.62745E-1,4.19608E-1);
#61=COLOUR_RGB('',5.96E-1,7.1E-2,2.47E-1);
#62=COLOUR_RGB('',5.96E-1,1.8E-1,8.6E-2);
#63=COLOUR_RGB('',6.E-1,4.E-1,2.5098E-1);
#64=COLOUR_RGB('',6.08E-1,2.3E-2,7.73E-1);
#65=COLOUR_RGB('',6.07843E-1,3.72549E-1,2.35294E-1);
#66=COLOUR_RGB('',6.12E-1,4.82E-1,2.86E-1);
#67=COLOUR_RGB('',6.12E-1,5.14E-1,5.84E-1);
#68=COLOUR_RGB('',6.24E-1,3.88E-1,2.2E-1);
#69=COLOUR_RGB('',6.31E-1,8.2E-2,7.5E-2);
#70=COLOUR_RGB('',6.35E-1,8.2E-2,5.9E-2);
#71=COLOUR_RGB('',6.35E-1,4.51E-1,3.73E-1);
#72=COLOUR_RGB('',6.35294E-1,6.86275E-1,7.4902E-1);
#73=COLOUR_RGB('',6.39216E-1,9.05882E-1,8.39216E-1);
#74=COLOUR_RGB('',6.47E-1,6.47E-1,6.47E-1);
#75=COLOUR_RGB('',6.51E-1,5.06E-1,1.37E-1);
#76=COLOUR_RGB('',6.59E-1,7.1E-2,5.9E-2);
#77=COLOUR_RGB('',6.67E-1,6.7E-2,9.E-2);
#78=COLOUR_RGB('',6.67E-1,7.5E-2,7.5E-2);
#79=COLOUR_RGB('',6.66667E-1,6.31373E-1,5.88235E-1);
#80=COLOUR_RGB('',6.82353E-1,5.4902E-1,1.9608E-2);
#81=COLOUR_RGB('',6.86275E-1,3.60784E-1,6.6667E-2);
#82=COLOUR_RGB('',6.90196E-1,3.01961E-1,2.43137E-1);
#83=COLOUR_RGB('',6.94E-1,8.2E-2,7.1E-2);
#84=COLOUR_RGB('',7.09804E-1,8.43137E-1,8.58824E-1);
#85=COLOUR_RGB('',7.15011E-1,7.66381E-1,1.E0);
#86=COLOUR_RGB('',7.22E-1,5.29E-1,2.31E-1);
#87=COLOUR_RGB('',7.29412E-1,1.21569E-1,7.09804E-1);
#88=COLOUR_RGB('',7.33333E-1,5.01961E-1,4.3137E-2);
#89=COLOUR_RGB('',7.33E-1,6.59E-1,5.88E-1);
#90=COLOUR_RGB('',7.33333E-1,8.47059E-1,8.19608E-1);
#91=COLOUR_RGB('',7.45E-1,1.22E-1,6.3E-2);
#92=COLOUR_RGB('',7.52941E-1,3.4902E-1,5.4902E-2);
#93=COLOUR_RGB('',7.52941E-1,8.31373E-1,8.03922E-1);
#94=COLOUR_RGB('',7.52941E-1,8.78431E-1,0.E0);
#95=COLOUR_RGB('',7.57E-1,0.E0,0.E0);
#96=COLOUR_RGB('',7.57E-1,8.86E-1,6.78E-1);
#97=COLOUR_RGB('',7.60784E-1,8.62745E-1,8.94118E-1);
#98=COLOUR_RGB('',7.64706E-1,8.11765E-1,8.31373E-1);
#99=COLOUR_RGB('',7.72549E-1,8.39216E-1,8.62745E-1);
#100=COLOUR_RGB('',7.72549E-1,9.09804E-1,8.86275E-1);
#101=COLOUR_RGB('',7.76471E-1,8.86275E-1,8.78431E-1);
#102=COLOUR_RGB('',7.8E-1,3.69E-1,3.18E-1);
#103=COLOUR_RGB('',7.88235E-1,8.47059E-1,8.90196E-1);
#104=COLOUR_RGB('',7.92E-1,6.51E-1,4.2E-1);
#105=COLOUR_RGB('',7.96078E-1,8.78431E-1,9.13725E-1);
#106=COLOUR_RGB('',8.E-1,4.E-1,0.E0);
#107=COLOUR_RGB('',8.E-1,6.27E-1,3.37E-1);
#108=COLOUR_RGB('',8.E-1,6.62745E-1,8.66667E-1);
#109=COLOUR_RGB('',8.E-1,8.E-1,8.E-1);
#110=COLOUR_RGB('',8.E-1,1.E0,1.E0);
#111=COLOUR_RGB('',8.03922E-1,8.90196E-1,9.09804E-1);
#112=COLOUR_RGB('',8.11765E-1,1.1765E-2,3.60784E-1);
#113=COLOUR_RGB('',8.12E-1,7.41E-1,5.1E-1);
#114=COLOUR_RGB('',8.11765E-1,8.23529E-1,8.82353E-1);
#115=COLOUR_RGB('',8.15686E-1,7.68627E-1,8.19608E-1);
#116=COLOUR_RGB('',8.15686E-1,9.17647E-1,9.05882E-1);
#117=COLOUR_RGB('',8.27451E-1,7.84314E-1,8.5098E-1);
#118=COLOUR_RGB('',8.31E-1,6.86E-1,1.96E-1);
#119=COLOUR_RGB('',8.31E-1,8.51E-1,8.59E-1);
#120=COLOUR_RGB('',8.39216E-1,0.E0,4.31373E-1);
#121=COLOUR_RGB('',8.43E-1,9.8E-2,6.3E-2);
#122=COLOUR_RGB('',8.43E-1,7.76E-1,8.24E-1);
#123=COLOUR_RGB('',8.43E-1,8.31E-1,8.16E-1);
#124=COLOUR_RGB('',8.43137E-1,8.94118E-1,8.58824E-1);
#125=COLOUR_RGB('',8.47E-1,2.2E-1,1.1E-1);
#126=COLOUR_RGB('',8.47059E-1,8.90196E-1,9.09804E-1);
#127=COLOUR_RGB('',8.51E-1,1.57E-1,1.96E-1);
#128=COLOUR_RGB('',8.5098E-1,8.5098E-1,7.72549E-1);
#129=COLOUR_RGB('',8.54902E-1,8.31373E-1,7.96078E-1);
#130=COLOUR_RGB('',8.58824E-1,8.86275E-1,8.19608E-1);
#131=COLOUR_RGB('',8.66667E-1,9.33333E-1,9.01961E-1);
#132=COLOUR_RGB('',8.70588E-1,0.E0,5.09804E-1);
#133=COLOUR_RGB('',8.70588E-1,8.70588E-1,8.39216E-1);
#134=COLOUR_RGB('',8.78E-1,2.31E-1,1.76E-1);
#135=COLOUR_RGB('',8.78E-1,3.69E-1,1.22E-1);
#136=COLOUR_RGB('',8.78431E-1,8.7451E-1,7.72549E-1);
#137=COLOUR_RGB('',8.82353E-1,8.43137E-1,9.09804E-1);
#138=COLOUR_RGB('',8.82353E-1,8.82353E-1,9.13725E-1);
#139=COLOUR_RGB('',8.86275E-1,8.58824E-1,8.27451E-1);
#140=COLOUR_RGB('',8.90196E-1,8.31373E-1,8.62745E-1);
#141=COLOUR_RGB('',8.98039E-1,9.37255E-1,8.94118E-1);
#142=COLOUR_RGB('',9.01961E-1,0.E0,5.80392E-1);
#143=COLOUR_RGB('',9.02E-1,5.02E-1,9.4E-2);
#144=COLOUR_RGB('',9.02E-1,9.02E-1,9.02E-1);
#145=COLOUR_RGB('',9.05882E-1,8.31373E-1,7.84314E-1);
#146=COLOUR_RGB('',9.05882E-1,9.37255E-1,8.7451E-1);
#147=COLOUR_RGB('',9.09804E-1,8.27451E-1,8.47059E-1);
#148=COLOUR_RGB('',9.09804E-1,8.90196E-1,7.45098E-1);
#149=COLOUR_RGB('',9.13725E-1,8.78431E-1,8.07843E-1);
#150=COLOUR_RGB('',9.13725E-1,8.90196E-1,8.58824E-1);
#151=COLOUR_RGB('',9.13725E-1,9.29412E-1,9.17647E-1);
#152=COLOUR_RGB('',9.18E-1,8.35E-1,5.65E-1);
#153=COLOUR_RGB('',9.22E-1,1.76E-1,7.1E-2);
#154=COLOUR_RGB('',9.22E-1,3.06E-1,1.14E-1);
#155=COLOUR_RGB('',9.22E-1,5.33E-1,5.96E-1);
#156=COLOUR_RGB('',9.21569E-1,8.43137E-1,8.11765E-1);
#157=COLOUR_RGB('',9.21569E-1,9.05882E-1,8.70588E-1);
#158=COLOUR_RGB('',9.21569E-1,9.21569E-1,8.03922E-1);
#159=COLOUR_RGB('',9.22E-1,1.E0,3.92E-1);
#160=COLOUR_RGB('',9.2549E-1,8.27451E-1,8.39216E-1);
#161=COLOUR_RGB('',9.2549E-1,8.31373E-1,8.07843E-1);
#162=COLOUR_RGB('',9.29412E-1,1.80392E-1,2.19608E-1);
#163=COLOUR_RGB('',9.29412E-1,4.31373E-1,0.E0);
#164=COLOUR_RGB('',9.29412E-1,8.82353E-1,9.09804E-1);
#165=COLOUR_RGB('',9.29412E-1,9.2549E-1,9.09804E-1);
#166=COLOUR_RGB('',9.29412E-1,9.37255E-1,8.70588E-1);
#167=COLOUR_RGB('',9.33333E-1,8.70588E-1,8.03922E-1);
#168=COLOUR_RGB('',9.33333E-1,8.86275E-1,8.23529E-1);
#169=COLOUR_RGB('',9.37E-1,8.51E-1,9.4E-2);
#170=COLOUR_RGB('',9.37255E-1,9.17647E-1,8.35294E-1);
#171=COLOUR_RGB('',9.41176E-1,9.01961E-1,9.13725E-1);
#172=COLOUR_RGB('',9.41176E-1,9.13725E-1,9.13725E-1);
#173=COLOUR_RGB('',9.41E-1,9.29E-1,9.18E-1);
#174=COLOUR_RGB('',9.45098E-1,8.7451E-1,8.70588E-1);
#175=COLOUR_RGB('',9.45098E-1,9.33333E-1,8.35294E-1);
#176=COLOUR_RGB('',9.4902E-1,7.21569E-1,8.47059E-1);
#177=COLOUR_RGB('',9.4902E-1,9.13725E-1,9.05882E-1);
#178=COLOUR_RGB('',9.4902E-1,9.37255E-1,8.15686E-1);
#179=COLOUR_RGB('',9.52941E-1,8.70588E-1,8.90196E-1);
#180=COLOUR_RGB('',9.52941E-1,9.33333E-1,8.58824E-1);
#181=COLOUR_RGB('',9.52941E-1,9.37255E-1,9.01961E-1);
#182=COLOUR_RGB('',9.56863E-1,9.05882E-1,8.94118E-1);
#183=COLOUR_RGB('',9.56863E-1,9.33333E-1,6.94118E-1);
#184=COLOUR_RGB('',9.60784E-1,2.5098E-1,1.60784E-1);
#185=COLOUR_RGB('',9.60784E-1,4.90196E-1,0.E0);
#186=COLOUR_RGB('',9.60784E-1,8.86275E-1,8.90196E-1);
#187=COLOUR_RGB('',9.60784E-1,8.94118E-1,8.43137E-1);
#188=COLOUR_RGB('',9.60784E-1,9.01961E-1,9.0196E-2);
#189=COLOUR_RGB('',9.60784E-1,9.01961E-1,8.31373E-1);
#190=COLOUR_RGB('',9.60784E-1,9.05882E-1,8.82353E-1);
#191=COLOUR_RGB('',9.60784E-1,9.13725E-1,8.54902E-1);
#192=COLOUR_RGB('',9.60784E-1,9.17647E-1,8.15686E-1);
#193=COLOUR_RGB('',9.65E-1,6.82E-1,1.41E-1);
#194=COLOUR_RGB('',9.68627E-1,8.5098E-1,9.0196E-2);
#195=COLOUR_RGB('',9.68627E-1,8.7451E-1,8.58824E-1);
#196=COLOUR_RGB('',9.68627E-1,8.78431E-1,9.0196E-2);
#197=COLOUR_RGB('',9.8E-1,2.8E-1,1.E0);
#198=COLOUR_RGB('',9.8E-1,5.84E-1,2.59E-1);
#199=COLOUR_RGB('',9.80392E-1,8.78431E-1,9.0196E-2);
#200=COLOUR_RGB('',9.8E-1,9.8E-1,9.8E-1);
#201=DRAUGHTING_PRE_DEFINED_COLOUR('red');
#202=COLOUR_RGB('',1.E0,0.E0,2.E-1);
#203=COLOUR_RGB('',1.E0,0.E0,4.E-1);
#204=COLOUR_RGB('',1.E0,0.E0,6.E-1);
#205=COLOUR_RGB('',1.E0,0.E0,8.E-1);
#206=COLOUR_RGB('',1.E0,9.8E-2,6.3E-2);
#207=COLOUR_RGB('',1.E0,1.88E-1,6.7E-2);
#208=COLOUR_RGB('',1.E0,2.78E-1,9.4E-2);
#209=COLOUR_RGB('',1.E0,3.53E-1,1.33E-1);
#210=COLOUR_RGB('',1.E0,4.E-1,0.E0);
#211=COLOUR_RGB('',1.E0,4.57E-1,0.E0);
#212=COLOUR_RGB('',1.E0,5.25E-1,5.9E-2);
#213=COLOUR_RGB('',1.E0,5.6E-1,1.9E-1);
#214=COLOUR_RGB('',1.E0,5.84E-1,1.37E-1);
#215=COLOUR_RGB('',1.E0,6.E-1,0.E0);
#216=COLOUR_RGB('',1.E0,7.05882E-1,7.4902E-1);
#217=COLOUR_RGB('',1.E0,7.1E-1,1.29E-1);
#218=COLOUR_RGB('',1.E0,7.14E-1,2.71E-1);
#219=COLOUR_RGB('',1.E0,7.15E-1,4.11E-1);
#220=COLOUR_RGB('',1.E0,7.61E-1,1.8E-1);
#221=COLOUR_RGB('',1.E0,7.69E-1,2.08E-1);
#222=COLOUR_RGB('',1.E0,8.E-1,0.E0);
#223=COLOUR_RGB('',1.E0,8.E-1,4.E-1);
#224=COLOUR_RGB('',1.E0,8.6E-1,6.5E-1);
#225=COLOUR_RGB('',1.E0,8.63E-1,1.76E-1);
#226=COLOUR_RGB('',1.E0,9.14E-1,1.65E-1);
#227=COLOUR_RGB('',1.E0,9.73E-1,7.88E-1);
#228=COLOUR_RGB('',1.E0,9.76E-1,1.E0);
#229=DRAUGHTING_PRE_DEFINED_COLOUR('yellow');
#230=COLOUR_RGB('',1.E0,1.E0,1.9E-1);
#231=COLOUR_RGB('',1.E0,1.E0,2.E-1);
#232=COLOUR_RGB('',1.E0,1.E0,2.63E-1);
#233=COLOUR_RGB('',1.E0,1.E0,3.1E-1);
#234=COLOUR_RGB('',1.E0,1.E0,4.E-1);
#235=COLOUR_RGB('',1.E0,1.E0,6.E-1);
#236=COLOUR_RGB('',1.E0,1.E0,8.E-1);
#237=COLOUR_RGB('',1.E0,1.E0,9.65E-1);
#238=DRAUGHTING_PRE_DEFINED_COLOUR('white');
#289=B_SPLINE_CURVE_WITH_KNOTS('',3,(#255,#256,#257,#258,#259,#260,#261,#262,
#263,#264,#265,#266,#267,#268,#269,#270,#271,#272,#273,#274,#275,#276,#277,#278,
#279,#280,#281,#282,#283,#284,#285,#286,#287,#288),.UNSPECIFIED.,.F.,.F.,(4,1,1,
1,1,1,1,1,1,1,1,1,1,1,1,1,1,1,1,1,1,1,1,1,1,1,1,1,1,1,1,4),(0.E0,
3.225806451613E-2,6.451612903226E-2,9.677419354839E-2,1.290322580645E-1,
1.612903225806E-1,1.935483870968E-1,2.258064516129E-1,2.580645161290E-1,
2.903225806452E-1,3.225806451613E-1,3.548387096774E-1,3.870967741935E-1,
4.193548387097E-1,4.516129032258E-1,4.838709677419E-1,5.161290322581E-1,
5.483870967742E-1,5.806451612903E-1,6.129032258065E-1,6.451612903226E-1,
6.774193548387E-1,7.096774193548E-1,7.419354838710E-1,7.741935483871E-1,
8.064516129032E-1,8.387096774194E-1,8.709677419355E-1,9.032258064516E-1,
9.354838709677E-1,9.677419354839E-1,1.E0),.UNSPECIFIED.);
#326=B_SPLINE_CURVE_WITH_KNOTS('',3,(#294,#295,#296,#297,#298,#299,#300,#301,
#302,#303,#304,#305,#306,#307,#308,#309,#310,#311,#312,#313,#314,#315,#316,#317,
#318,#319,#320,#321,#322,#323,#324,#325),.UNSPECIFIED.,.F.,.F.,(4,1,1,1,1,1,1,1,
1,1,1,1,1,1,1,1,1,1,1,1,1,1,1,1,1,1,1,1,1,4),(0.E0,3.448275862069E-2,
6.896551724138E-2,1.034482758621E-1,1.379310344828E-1,1.724137931034E-1,
2.068965517241E-1,2.413793103448E-1,2.758620689655E-1,3.103448275862E-1,
3.448275862069E-1,3.793103448276E-1,4.137931034483E-1,4.482758620690E-1,
4.827586206897E-1,5.172413793103E-1,5.517241379310E-1,5.862068965517E-1,
6.206896551724E-1,6.551724137931E-1,6.896551724138E-1,7.241379310345E-1,
7.586206896552E-1,7.931034482759E-1,8.275862068966E-1,8.620689655172E-1,
8.965517241379E-1,9.310344827586E-1,9.655172413793E-1,1.E0),.UNSPECIFIED.);
#362=B_SPLINE_CURVE_WITH_KNOTS('',3,(#327,#328,#329,#330,#331,#332,#333,#334,
#335,#336,#337,#338,#339,#340,#341,#342,#343,#344,#345,#346,#347,#348,#349,#350,
#351,#352,#353,#354,#355,#356,#357,#358,#359,#360,#361),.UNSPECIFIED.,.F.,.F.,
(4,1,1,1,1,1,1,1,1,1,1,1,1,1,1,1,1,1,1,1,1,1,1,1,1,1,1,1,1,1,1,1,4),(0.E0,
3.125E-2,6.25E-2,9.375E-2,1.25E-1,1.5625E-1,1.875E-1,2.1875E-1,2.5E-1,2.8125E-1,
3.125E-1,3.4375E-1,3.75E-1,4.0625E-1,4.375E-1,4.6875E-1,5.E-1,5.3125E-1,
5.625E-1,5.9375E-1,6.25E-1,6.5625E-1,6.875E-1,7.1875E-1,7.5E-1,7.8125E-1,
8.125E-1,8.4375E-1,8.75E-1,9.0625E-1,9.375E-1,9.6875E-1,1.E0),.UNSPECIFIED.);
#367=CIRCLE('',#366,3.5E-1);
#381=B_SPLINE_CURVE_WITH_KNOTS('',3,(#376,#377,#378,#379,#380),.UNSPECIFIED.,
.F.,.F.,(4,1,4),(0.E0,5.E-1,1.E0),.UNSPECIFIED.);
#387=B_SPLINE_CURVE_WITH_KNOTS('',3,(#382,#383,#384,#385,#386),.UNSPECIFIED.,
.F.,.F.,(4,1,4),(0.E0,5.E-1,1.E0),.UNSPECIFIED.);
#399=B_SPLINE_CURVE_WITH_KNOTS('',3,(#392,#393,#394,#395,#396,#397,#398),
.UNSPECIFIED.,.F.,.F.,(4,1,1,1,4),(0.E0,2.5E-1,5.E-1,7.5E-1,1.E0),
.UNSPECIFIED.);
#406=B_SPLINE_CURVE_WITH_KNOTS('',3,(#400,#401,#402,#403,#404,#405),
.UNSPECIFIED.,.F.,.F.,(4,1,1,4),(0.E0,3.333333333333E-1,6.666666666667E-1,1.E0),
.UNSPECIFIED.);
#424=B_SPLINE_CURVE_WITH_KNOTS('',3,(#411,#412,#413,#414,#415,#416,#417,#418,
#419,#420,#421,#422,#423),.UNSPECIFIED.,.F.,.F.,(4,1,1,1,1,1,1,1,1,1,4),(0.E0,
1.E-1,2.E-1,3.E-1,4.E-1,5.E-1,6.E-1,7.E-1,8.E-1,9.E-1,1.E0),.UNSPECIFIED.);
#429=CIRCLE('',#428,2.75E0);
#442=B_SPLINE_CURVE_WITH_KNOTS('',3,(#430,#431,#432,#433,#434,#435,#436,#437,
#438,#439,#440,#441),.UNSPECIFIED.,.F.,.F.,(4,1,1,1,1,1,1,1,1,4),(0.E0,
1.111111111111E-1,2.222222222222E-1,3.333333333333E-1,4.444444444444E-1,
5.555555555556E-1,6.666666666667E-1,7.777777777778E-1,8.888888888889E-1,1.E0),
.UNSPECIFIED.);
#468=B_SPLINE_CURVE_WITH_KNOTS('',3,(#447,#448,#449,#450,#451,#452,#453,#454,
#455,#456,#457,#458,#459,#460,#461,#462,#463,#464,#465,#466,#467),.UNSPECIFIED.,
.F.,.F.,(4,1,1,1,1,1,1,1,1,1,1,1,1,1,1,1,1,1,4),(0.E0,5.555555555556E-2,
1.111111111111E-1,1.666666666667E-1,2.222222222222E-1,2.777777777778E-1,
3.333333333333E-1,3.888888888889E-1,4.444444444444E-1,5.E-1,5.555555555556E-1,
6.111111111111E-1,6.666666666667E-1,7.222222222222E-1,7.777777777778E-1,
8.333333333333E-1,8.888888888889E-1,9.444444444444E-1,1.E0),.UNSPECIFIED.);
#477=B_SPLINE_CURVE_WITH_KNOTS('',3,(#469,#470,#471,#472,#473,#474,#475,#476),
.UNSPECIFIED.,.F.,.F.,(4,1,1,1,1,4),(0.E0,2.E-1,4.E-1,6.E-1,8.E-1,1.E0),
.UNSPECIFIED.);
#508=B_SPLINE_CURVE_WITH_KNOTS('',3,(#482,#483,#484,#485,#486,#487,#488,#489,
#490,#491,#492,#493,#494,#495,#496,#497,#498,#499,#500,#501,#502,#503,#504,#505,
#506,#507),.UNSPECIFIED.,.F.,.F.,(4,1,1,1,1,1,1,1,1,1,1,1,1,1,1,1,1,1,1,1,1,1,1,
4),(0.E0,4.347826086957E-2,8.695652173913E-2,1.304347826087E-1,
1.739130434783E-1,2.173913043478E-1,2.608695652174E-1,3.043478260870E-1,
3.478260869565E-1,3.913043478261E-1,4.347826086957E-1,4.782608695652E-1,
5.217391304348E-1,5.652173913043E-1,6.086956521739E-1,6.521739130435E-1,
6.956521739130E-1,7.391304347826E-1,7.826086956522E-1,8.260869565217E-1,
8.695652173913E-1,9.130434782609E-1,9.565217391304E-1,1.E0),.UNSPECIFIED.);
#516=B_SPLINE_CURVE_WITH_KNOTS('',3,(#509,#510,#511,#512,#513,#514,#515),
.UNSPECIFIED.,.F.,.F.,(4,1,1,1,4),(0.E0,2.5E-1,5.E-1,7.5E-1,1.E0),
.UNSPECIFIED.);
#523=B_SPLINE_CURVE_WITH_KNOTS('',3,(#517,#518,#519,#520,#521,#522),
.UNSPECIFIED.,.F.,.F.,(4,1,1,4),(0.E0,3.333333333333E-1,6.666666666667E-1,1.E0),
.UNSPECIFIED.);
#542=B_SPLINE_CURVE_WITH_KNOTS('',3,(#528,#529,#530,#531,#532,#533,#534,#535,
#536,#537,#538,#539,#540,#541),.UNSPECIFIED.,.F.,.F.,(4,1,1,1,1,1,1,1,1,1,1,4),(
0.E0,9.090909090909E-2,1.818181818182E-1,2.727272727273E-1,3.636363636364E-1,
4.545454545455E-1,5.454545454545E-1,6.363636363636E-1,7.272727272727E-1,
8.181818181818E-1,9.090909090909E-1,1.E0),.UNSPECIFIED.);
#551=B_SPLINE_CURVE_WITH_KNOTS('',3,(#543,#544,#545,#546,#547,#548,#549,#550),
.UNSPECIFIED.,.F.,.F.,(4,1,1,1,1,4),(0.E0,2.E-1,4.E-1,6.E-1,8.E-1,1.E0),
.UNSPECIFIED.);
#559=B_SPLINE_CURVE_WITH_KNOTS('',3,(#552,#553,#554,#555,#556,#557,#558),
.UNSPECIFIED.,.F.,.F.,(4,1,1,1,4),(0.E0,2.5E-1,5.E-1,7.5E-1,1.E0),
.UNSPECIFIED.);
#564=CIRCLE('',#563,1.5E-1);
#584=B_SPLINE_CURVE_WITH_KNOTS('',3,(#565,#566,#567,#568,#569,#570,#571,#572,
#573,#574,#575,#576,#577,#578,#579,#580,#581,#582,#583),.UNSPECIFIED.,.F.,.F.,
(4,1,1,1,1,1,1,1,1,1,1,1,1,1,1,1,4),(0.E0,6.25E-2,1.25E-1,1.875E-1,2.5E-1,
3.125E-1,3.75E-1,4.375E-1,5.E-1,5.625E-1,6.25E-1,6.875E-1,7.5E-1,8.125E-1,
8.75E-1,9.375E-1,1.E0),.UNSPECIFIED.);
#599=B_SPLINE_CURVE_WITH_KNOTS('',3,(#585,#586,#587,#588,#589,#590,#591,#592,
#593,#594,#595,#596,#597,#598),.UNSPECIFIED.,.F.,.F.,(4,1,1,1,1,1,1,1,1,1,1,4),(
0.E0,9.090909090909E-2,1.818181818182E-1,2.727272727273E-1,3.636363636364E-1,
4.545454545455E-1,5.454545454545E-1,6.363636363636E-1,7.272727272727E-1,
8.181818181818E-1,9.090909090909E-1,1.E0),.UNSPECIFIED.);
#617=B_SPLINE_CURVE_WITH_KNOTS('',3,(#600,#601,#602,#603,#604,#605,#606,#607,
#608,#609,#610,#611,#612,#613,#614,#615,#616),.UNSPECIFIED.,.F.,.F.,(4,1,1,1,1,
1,1,1,1,1,1,1,1,1,4),(0.E0,7.142857142857E-2,1.428571428571E-1,
2.142857142857E-1,2.857142857143E-1,3.571428571429E-1,4.285714285714E-1,5.E-1,
5.714285714286E-1,6.428571428571E-1,7.142857142857E-1,7.857142857143E-1,
8.571428571429E-1,9.285714285714E-1,1.E0),.UNSPECIFIED.);
#622=CIRCLE('',#621,3.5E-1);
#627=CIRCLE('',#626,2.E-1);
#632=CIRCLE('',#631,2.000000106754E-1);
#637=CIRCLE('',#636,2.E-1);
#644=B_SPLINE_CURVE_WITH_KNOTS('',3,(#638,#639,#640,#641,#642,#643),
.UNSPECIFIED.,.F.,.F.,(4,1,1,4),(0.E0,3.333333333333E-1,6.666666666667E-1,1.E0),
.UNSPECIFIED.);
#651=B_SPLINE_CURVE_WITH_KNOTS('',3,(#645,#646,#647,#648,#649,#650),
.UNSPECIFIED.,.F.,.F.,(4,1,1,4),(0.E0,3.333333333333E-1,6.666666666667E-1,1.E0),
.UNSPECIFIED.);
#673=B_SPLINE_CURVE_WITH_KNOTS('',3,(#652,#653,#654,#655,#656,#657,#658,#659,
#660,#661,#662,#663,#664,#665,#666,#667,#668,#669,#670,#671,#672),.UNSPECIFIED.,
.F.,.F.,(4,1,1,1,1,1,1,1,1,1,1,1,1,1,1,1,1,1,4),(0.E0,5.555555555556E-2,
1.111111111111E-1,1.666666666667E-1,2.222222222222E-1,2.777777777778E-1,
3.333333333333E-1,3.888888888889E-1,4.444444444444E-1,5.E-1,5.555555555556E-1,
6.111111111111E-1,6.666666666667E-1,7.222222222222E-1,7.777777777778E-1,
8.333333333333E-1,8.888888888889E-1,9.444444444444E-1,1.E0),.UNSPECIFIED.);
#681=B_SPLINE_CURVE_WITH_KNOTS('',3,(#674,#675,#676,#677,#678,#679,#680),
.UNSPECIFIED.,.F.,.F.,(4,1,1,1,4),(0.E0,2.5E-1,5.E-1,7.5E-1,1.E0),
.UNSPECIFIED.);
#720=B_SPLINE_CURVE_WITH_KNOTS('',3,(#686,#687,#688,#689,#690,#691,#692,#693,
#694,#695,#696,#697,#698,#699,#700,#701,#702,#703,#704,#705,#706,#707,#708,#709,
#710,#711,#712,#713,#714,#715,#716,#717,#718,#719),.UNSPECIFIED.,.F.,.F.,(4,1,1,
1,1,1,1,1,1,1,1,1,1,1,1,1,1,1,1,1,1,1,1,1,1,1,1,1,1,1,1,4),(0.E0,
3.225806451613E-2,6.451612903226E-2,9.677419354839E-2,1.290322580645E-1,
1.612903225806E-1,1.935483870968E-1,2.258064516129E-1,2.580645161290E-1,
2.903225806452E-1,3.225806451613E-1,3.548387096774E-1,3.870967741935E-1,
4.193548387097E-1,4.516129032258E-1,4.838709677419E-1,5.161290322581E-1,
5.483870967742E-1,5.806451612903E-1,6.129032258065E-1,6.451612903226E-1,
6.774193548387E-1,7.096774193548E-1,7.419354838710E-1,7.741935483871E-1,
8.064516129032E-1,8.387096774194E-1,8.709677419355E-1,9.032258064516E-1,
9.354838709677E-1,9.677419354839E-1,1.E0),.UNSPECIFIED.);
#742=B_SPLINE_CURVE_WITH_KNOTS('',3,(#725,#726,#727,#728,#729,#730,#731,#732,
#733,#734,#735,#736,#737,#738,#739,#740,#741),.UNSPECIFIED.,.F.,.F.,(4,1,1,1,1,
1,1,1,1,1,1,1,1,1,4),(0.E0,7.142857142857E-2,1.428571428571E-1,
2.142857142857E-1,2.857142857143E-1,3.571428571429E-1,4.285714285714E-1,5.E-1,
5.714285714286E-1,6.428571428571E-1,7.142857142857E-1,7.857142857143E-1,
8.571428571429E-1,9.285714285714E-1,1.E0),.UNSPECIFIED.);
#762=B_SPLINE_CURVE_WITH_KNOTS('',3,(#743,#744,#745,#746,#747,#748,#749,#750,
#751,#752,#753,#754,#755,#756,#757,#758,#759,#760,#761),.UNSPECIFIED.,.F.,.F.,
(4,1,1,1,1,1,1,1,1,1,1,1,1,1,1,1,4),(0.E0,6.25E-2,1.25E-1,1.875E-1,2.5E-1,
3.125E-1,3.75E-1,4.375E-1,5.E-1,5.625E-1,6.25E-1,6.875E-1,7.5E-1,8.125E-1,
8.75E-1,9.375E-1,1.E0),.UNSPECIFIED.);
#768=B_SPLINE_CURVE_WITH_KNOTS('',3,(#763,#764,#765,#766,#767),.UNSPECIFIED.,
.F.,.F.,(4,1,4),(0.E0,5.E-1,1.E0),.UNSPECIFIED.);
#774=B_SPLINE_CURVE_WITH_KNOTS('',3,(#769,#770,#771,#772,#773),.UNSPECIFIED.,
.F.,.F.,(4,1,4),(0.E0,5.E-1,1.E0),.UNSPECIFIED.);
#779=CIRCLE('',#778,2.E-1);
#786=B_SPLINE_CURVE_WITH_KNOTS('',3,(#780,#781,#782,#783,#784,#785),
.UNSPECIFIED.,.F.,.F.,(4,1,1,4),(0.E0,3.333333333333E-1,6.666666666667E-1,1.E0),
.UNSPECIFIED.);
#798=B_SPLINE_CURVE_WITH_KNOTS('',3,(#791,#792,#793,#794,#795,#796,#797),
.UNSPECIFIED.,.F.,.F.,(4,1,1,1,4),(0.E0,2.5E-1,5.E-1,7.5E-1,1.E0),
.UNSPECIFIED.);
#803=CIRCLE('',#802,2.75E0);
#814=B_SPLINE_CURVE_WITH_KNOTS('',3,(#804,#805,#806,#807,#808,#809,#810,#811,
#812,#813),.UNSPECIFIED.,.F.,.F.,(4,1,1,1,1,1,1,4),(0.E0,1.428571428571E-1,
2.857142857143E-1,4.285714285714E-1,5.714285714286E-1,7.142857142857E-1,
8.571428571429E-1,1.E0),.UNSPECIFIED.);
#823=CIRCLE('',#822,1.500000000001E-1);
#831=B_SPLINE_CURVE_WITH_KNOTS('',3,(#824,#825,#826,#827,#828,#829,#830),
.UNSPECIFIED.,.F.,.F.,(4,1,1,1,4),(0.E0,2.5E-1,5.E-1,7.5E-1,1.E0),
.UNSPECIFIED.);
#846=B_SPLINE_CURVE_WITH_KNOTS('',3,(#832,#833,#834,#835,#836,#837,#838,#839,
#840,#841,#842,#843,#844,#845),.UNSPECIFIED.,.F.,.F.,(4,1,1,1,1,1,1,1,1,1,1,4),(
0.E0,9.090909090909E-2,1.818181818182E-1,2.727272727273E-1,3.636363636364E-1,
4.545454545455E-1,5.454545454545E-1,6.363636363636E-1,7.272727272727E-1,
8.181818181818E-1,9.090909090909E-1,1.E0),.UNSPECIFIED.);
#851=CIRCLE('',#850,3.5E-1);
#872=CIRCLE('',#871,2.9E0);
#877=CIRCLE('',#876,2.E-1);
#882=CIRCLE('',#881,2.E-1);
#891=CIRCLE('',#890,1.5E-1);
#900=CIRCLE('',#899,2.E-1);
#909=CIRCLE('',#908,1.5E-1);
#918=CIRCLE('',#917,2.E-1);
#927=CIRCLE('',#926,1.5E-1);
#936=CIRCLE('',#935,2.E-1);
#945=CIRCLE('',#944,1.5E-1);
#962=CIRCLE('',#961,2.E-1);
#967=CIRCLE('',#966,2.E-1);
#972=CIRCLE('',#971,2.E-1);
#977=CIRCLE('',#976,2.E-1);
#982=CIRCLE('',#981,2.E-1);
#987=CIRCLE('',#986,2.E-1);
#1019=B_SPLINE_CURVE_WITH_KNOTS('',3,(#1004,#1005,#1006,#1007,#1008,#1009,#1010,
#1011,#1012,#1013,#1014,#1015,#1016,#1017,#1018),.UNSPECIFIED.,.F.,.F.,(4,1,1,1,
1,1,1,1,1,1,1,1,4),(0.E0,8.333333333333E-2,1.666666666667E-1,2.5E-1,
3.333333333333E-1,4.166666666667E-1,5.E-1,5.833333333333E-1,6.666666666667E-1,
7.5E-1,8.333333333333E-1,9.166666666667E-1,1.E0),.UNSPECIFIED.);
#1036=B_SPLINE_CURVE_WITH_KNOTS('',3,(#1020,#1021,#1022,#1023,#1024,#1025,#1026,
#1027,#1028,#1029,#1030,#1031,#1032,#1033,#1034,#1035),.UNSPECIFIED.,.F.,.F.,(4,
1,1,1,1,1,1,1,1,1,1,1,1,4),(0.E0,7.692307692308E-2,1.538461538462E-1,
2.307692307692E-1,3.076923076923E-1,3.846153846154E-1,4.615384615385E-1,
5.384615384615E-1,6.153846153846E-1,6.923076923077E-1,7.692307692308E-1,
8.461538461538E-1,9.230769230769E-1,1.E0),.UNSPECIFIED.);
#1041=CIRCLE('',#1040,3.5E-1);
#1046=CIRCLE('',#1045,1.5E-1);
#1065=B_SPLINE_CURVE_WITH_KNOTS('',3,(#1047,#1048,#1049,#1050,#1051,#1052,#1053,
#1054,#1055,#1056,#1057,#1058,#1059,#1060,#1061,#1062,#1063,#1064),
.UNSPECIFIED.,.F.,.F.,(4,1,1,1,1,1,1,1,1,1,1,1,1,1,1,4),(0.E0,6.666666666667E-2,
1.333333333333E-1,2.E-1,2.666666666667E-1,3.333333333333E-1,4.E-1,
4.666666666667E-1,5.333333333333E-1,6.E-1,6.666666666667E-1,7.333333333333E-1,
8.E-1,8.666666666667E-1,9.333333333333E-1,1.E0),.UNSPECIFIED.);
#1070=CIRCLE('',#1069,1.5E-1);
#1075=CIRCLE('',#1074,1.500000000018E-1);
#1080=CIRCLE('',#1079,1.999999987589E-1);
#1085=CIRCLE('',#1084,2.E-1);
#1133=B_SPLINE_CURVE_WITH_KNOTS('',3,(#1102,#1103,#1104,#1105,#1106,#1107,#1108,
#1109,#1110,#1111,#1112,#1113,#1114,#1115,#1116,#1117,#1118,#1119,#1120,#1121,
#1122,#1123,#1124,#1125,#1126,#1127,#1128,#1129,#1130,#1131,#1132),
.UNSPECIFIED.,.F.,.F.,(4,1,1,1,1,1,1,1,1,1,1,1,1,1,1,1,1,1,1,1,1,1,1,1,1,1,1,1,
4),(0.E0,3.571428571429E-2,7.142857142857E-2,1.071428571429E-1,
1.428571428571E-1,1.785714285714E-1,2.142857142857E-1,2.5E-1,2.857142857143E-1,
3.214285714286E-1,3.571428571429E-1,3.928571428571E-1,4.285714285714E-1,
4.642857142857E-1,5.E-1,5.357142857143E-1,5.714285714286E-1,6.071428571429E-1,
6.428571428571E-1,6.785714285714E-1,7.142857142857E-1,7.5E-1,7.857142857143E-1,
8.214285714286E-1,8.571428571429E-1,8.928571428571E-1,9.285714285714E-1,
9.642857142857E-1,1.E0),.UNSPECIFIED.);
#1170=B_SPLINE_CURVE_WITH_KNOTS('',3,(#1138,#1139,#1140,#1141,#1142,#1143,#1144,
#1145,#1146,#1147,#1148,#1149,#1150,#1151,#1152,#1153,#1154,#1155,#1156,#1157,
#1158,#1159,#1160,#1161,#1162,#1163,#1164,#1165,#1166,#1167,#1168,#1169),
.UNSPECIFIED.,.F.,.F.,(4,1,1,1,1,1,1,1,1,1,1,1,1,1,1,1,1,1,1,1,1,1,1,1,1,1,1,1,
1,4),(0.E0,3.448275862069E-2,6.896551724138E-2,1.034482758621E-1,
1.379310344828E-1,1.724137931034E-1,2.068965517241E-1,2.413793103448E-1,
2.758620689655E-1,3.103448275862E-1,3.448275862069E-1,3.793103448276E-1,
4.137931034483E-1,4.482758620690E-1,4.827586206897E-1,5.172413793103E-1,
5.517241379310E-1,5.862068965517E-1,6.206896551724E-1,6.551724137931E-1,
6.896551724138E-1,7.241379310345E-1,7.586206896552E-1,7.931034482759E-1,
8.275862068966E-1,8.620689655172E-1,8.965517241379E-1,9.310344827586E-1,
9.655172413793E-1,1.E0),.UNSPECIFIED.);
#1202=B_SPLINE_CURVE_WITH_KNOTS('',3,(#1171,#1172,#1173,#1174,#1175,#1176,#1177,
#1178,#1179,#1180,#1181,#1182,#1183,#1184,#1185,#1186,#1187,#1188,#1189,#1190,
#1191,#1192,#1193,#1194,#1195,#1196,#1197,#1198,#1199,#1200,#1201),
.UNSPECIFIED.,.F.,.F.,(4,1,1,1,1,1,1,1,1,1,1,1,1,1,1,1,1,1,1,1,1,1,1,1,1,1,1,1,
4),(0.E0,3.571428571429E-2,7.142857142857E-2,1.071428571429E-1,
1.428571428571E-1,1.785714285714E-1,2.142857142857E-1,2.5E-1,2.857142857143E-1,
3.214285714286E-1,3.571428571429E-1,3.928571428571E-1,4.285714285714E-1,
4.642857142857E-1,5.E-1,5.357142857143E-1,5.714285714286E-1,6.071428571429E-1,
6.428571428571E-1,6.785714285714E-1,7.142857142857E-1,7.5E-1,7.857142857143E-1,
8.214285714286E-1,8.571428571429E-1,8.928571428571E-1,9.285714285714E-1,
9.642857142857E-1,1.E0),.UNSPECIFIED.);
#1207=CIRCLE('',#1206,3.5E-1);
#1225=B_SPLINE_CURVE_WITH_KNOTS('',3,(#1220,#1221,#1222,#1223,#1224),
.UNSPECIFIED.,.F.,.F.,(4,1,4),(0.E0,5.E-1,1.E0),.UNSPECIFIED.);
#1231=B_SPLINE_CURVE_WITH_KNOTS('',3,(#1226,#1227,#1228,#1229,#1230),
.UNSPECIFIED.,.F.,.F.,(4,1,4),(0.E0,5.E-1,1.E0),.UNSPECIFIED.);
#1243=B_SPLINE_CURVE_WITH_KNOTS('',3,(#1236,#1237,#1238,#1239,#1240,#1241,
#1242),.UNSPECIFIED.,.F.,.F.,(4,1,1,1,4),(0.E0,2.5E-1,5.E-1,7.5E-1,1.E0),
.UNSPECIFIED.);
#1248=CIRCLE('',#1247,1.5E-1);
#1257=B_SPLINE_CURVE_WITH_KNOTS('',3,(#1249,#1250,#1251,#1252,#1253,#1254,#1255,
#1256),.UNSPECIFIED.,.F.,.F.,(4,1,1,1,1,4),(0.E0,2.E-1,4.E-1,6.E-1,8.E-1,1.E0),
.UNSPECIFIED.);
#1268=B_SPLINE_CURVE_WITH_KNOTS('',3,(#1258,#1259,#1260,#1261,#1262,#1263,#1264,
#1265,#1266,#1267),.UNSPECIFIED.,.F.,.F.,(4,1,1,1,1,1,1,4),(0.E0,
1.428571428571E-1,2.857142857143E-1,4.285714285714E-1,5.714285714286E-1,
7.142857142857E-1,8.571428571429E-1,1.E0),.UNSPECIFIED.);
#1275=B_SPLINE_CURVE_WITH_KNOTS('',3,(#1269,#1270,#1271,#1272,#1273,#1274),
.UNSPECIFIED.,.F.,.F.,(4,1,1,4),(0.E0,3.333333333333E-1,6.666666666667E-1,1.E0),
.UNSPECIFIED.);
#1280=CIRCLE('',#1279,3.5E-1);
#1297=CIRCLE('',#1296,2.E-1);
#1302=CIRCLE('',#1301,2.E-1);
#1307=CIRCLE('',#1306,2.E-1);
#1312=CIRCLE('',#1311,1.500000000014E-1);
#1317=CIRCLE('',#1316,1.5E-1);
#1322=CIRCLE('',#1321,1.999999999965E-1);
#1327=CIRCLE('',#1326,2.E-1);
#1335=B_SPLINE_CURVE_WITH_KNOTS('',3,(#1328,#1329,#1330,#1331,#1332,#1333,
#1334),.UNSPECIFIED.,.F.,.F.,(4,1,1,1,4),(0.E0,2.5E-1,5.E-1,7.5E-1,1.E0),
.UNSPECIFIED.);
#1360=B_SPLINE_CURVE_WITH_KNOTS('',3,(#1336,#1337,#1338,#1339,#1340,#1341,#1342,
#1343,#1344,#1345,#1346,#1347,#1348,#1349,#1350,#1351,#1352,#1353,#1354,#1355,
#1356,#1357,#1358,#1359),.UNSPECIFIED.,.F.,.F.,(4,1,1,1,1,1,1,1,1,1,1,1,1,1,1,1,
1,1,1,1,1,4),(0.E0,4.761904761905E-2,9.523809523810E-2,1.428571428571E-1,
1.904761904762E-1,2.380952380952E-1,2.857142857143E-1,3.333333333333E-1,
3.809523809524E-1,4.285714285714E-1,4.761904761905E-1,5.238095238095E-1,
5.714285714286E-1,6.190476190476E-1,6.666666666667E-1,7.142857142857E-1,
7.619047619048E-1,8.095238095238E-1,8.571428571429E-1,9.047619047619E-1,
9.523809523810E-1,1.E0),.UNSPECIFIED.);
#1368=B_SPLINE_CURVE_WITH_KNOTS('',3,(#1361,#1362,#1363,#1364,#1365,#1366,
#1367),.UNSPECIFIED.,.F.,.F.,(4,1,1,1,4),(0.E0,2.5E-1,5.E-1,7.5E-1,1.E0),
.UNSPECIFIED.);
#1403=B_SPLINE_CURVE_WITH_KNOTS('',3,(#1373,#1374,#1375,#1376,#1377,#1378,#1379,
#1380,#1381,#1382,#1383,#1384,#1385,#1386,#1387,#1388,#1389,#1390,#1391,#1392,
#1393,#1394,#1395,#1396,#1397,#1398,#1399,#1400,#1401,#1402),.UNSPECIFIED.,.F.,
.F.,(4,1,1,1,1,1,1,1,1,1,1,1,1,1,1,1,1,1,1,1,1,1,1,1,1,1,1,4),(0.E0,
3.703703703704E-2,7.407407407407E-2,1.111111111111E-1,1.481481481481E-1,
1.851851851852E-1,2.222222222222E-1,2.592592592593E-1,2.962962962963E-1,
3.333333333333E-1,3.703703703704E-1,4.074074074074E-1,4.444444444444E-1,
4.814814814815E-1,5.185185185185E-1,5.555555555556E-1,5.925925925926E-1,
6.296296296296E-1,6.666666666667E-1,7.037037037037E-1,7.407407407407E-1,
7.777777777778E-1,8.148148148148E-1,8.518518518519E-1,8.888888888889E-1,
9.259259259259E-1,9.629629629630E-1,1.E0),.UNSPECIFIED.);
#1424=B_SPLINE_CURVE_WITH_KNOTS('',3,(#1408,#1409,#1410,#1411,#1412,#1413,#1414,
#1415,#1416,#1417,#1418,#1419,#1420,#1421,#1422,#1423),.UNSPECIFIED.,.F.,.F.,(4,
1,1,1,1,1,1,1,1,1,1,1,1,4),(0.E0,7.692307692308E-2,1.538461538462E-1,
2.307692307692E-1,3.076923076923E-1,3.846153846154E-1,4.615384615385E-1,
5.384615384615E-1,6.153846153846E-1,6.923076923077E-1,7.692307692308E-1,
8.461538461538E-1,9.230769230769E-1,1.E0),.UNSPECIFIED.);
#1443=B_SPLINE_CURVE_WITH_KNOTS('',3,(#1425,#1426,#1427,#1428,#1429,#1430,#1431,
#1432,#1433,#1434,#1435,#1436,#1437,#1438,#1439,#1440,#1441,#1442),
.UNSPECIFIED.,.F.,.F.,(4,1,1,1,1,1,1,1,1,1,1,1,1,1,1,4),(0.E0,6.666666666667E-2,
1.333333333333E-1,2.E-1,2.666666666667E-1,3.333333333333E-1,4.E-1,
4.666666666667E-1,5.333333333333E-1,6.E-1,6.666666666667E-1,7.333333333333E-1,
8.E-1,8.666666666667E-1,9.333333333333E-1,1.E0),.UNSPECIFIED.);
#1449=B_SPLINE_CURVE_WITH_KNOTS('',3,(#1444,#1445,#1446,#1447,#1448),
.UNSPECIFIED.,.F.,.F.,(4,1,4),(0.E0,5.E-1,1.E0),.UNSPECIFIED.);
#1454=CIRCLE('',#1453,2.E-1);
#1459=CIRCLE('',#1458,2.E-1);
#1464=CIRCLE('',#1463,2.E-1);
#1469=CIRCLE('',#1468,2.E-1);
#1474=CIRCLE('',#1473,1.999999999967E-1);
#1479=CIRCLE('',#1478,2.E-1);
#1487=B_SPLINE_CURVE_WITH_KNOTS('',3,(#1480,#1481,#1482,#1483,#1484,#1485,
#1486),.UNSPECIFIED.,.F.,.F.,(4,1,1,1,4),(0.E0,2.5E-1,5.E-1,7.5E-1,1.E0),
.UNSPECIFIED.);
#1492=CIRCLE('',#1491,2.E-1);
#1497=CIRCLE('',#1496,2.E-1);
#1502=CIRCLE('',#1501,2.E-1);
#1511=CIRCLE('',#1510,1.5E-1);
#1520=CIRCLE('',#1519,2.E-1);
#1529=CIRCLE('',#1528,1.5E-1);
#1538=CIRCLE('',#1537,2.E-1);
#1547=CIRCLE('',#1546,1.5E-1);
#1556=CIRCLE('',#1555,2.E-1);
#1565=CIRCLE('',#1564,1.5E-1);
#1582=CIRCLE('',#1581,2.E-1);
#1587=CIRCLE('',#1586,2.E-1);
#1592=CIRCLE('',#1591,2.E-1);
#1597=CIRCLE('',#1596,2.E-1);
#1602=CIRCLE('',#1601,2.E-1);
#1625=B_SPLINE_CURVE_WITH_KNOTS('',3,(#1619,#1620,#1621,#1622,#1623,#1624),
.UNSPECIFIED.,.F.,.F.,(4,1,1,4),(0.E0,3.333333333333E-1,6.666666666667E-1,1.E0),
.UNSPECIFIED.);
#1630=CIRCLE('',#1629,3.5E-1);
#1643=B_SPLINE_CURVE_WITH_KNOTS('',3,(#1631,#1632,#1633,#1634,#1635,#1636,#1637,
#1638,#1639,#1640,#1641,#1642),.UNSPECIFIED.,.F.,.F.,(4,1,1,1,1,1,1,1,1,4),
(0.E0,1.111111111111E-1,2.222222222222E-1,3.333333333333E-1,4.444444444444E-1,
5.555555555556E-1,6.666666666667E-1,7.777777777778E-1,8.888888888889E-1,1.E0),
.UNSPECIFIED.);
#1664=CIRCLE('',#1663,2.9E0);
#1678=B_SPLINE_CURVE_WITH_KNOTS('',3,(#1665,#1666,#1667,#1668,#1669,#1670,#1671,
#1672,#1673,#1674,#1675,#1676,#1677),.UNSPECIFIED.,.F.,.F.,(4,1,1,1,1,1,1,1,1,1,
4),(0.E0,1.E-1,2.E-1,3.E-1,4.E-1,5.E-1,6.E-1,7.E-1,8.E-1,9.E-1,1.E0),
.UNSPECIFIED.);
#1683=CIRCLE('',#1682,3.5E-1);
#1688=CIRCLE('',#1687,1.500000000004E-1);
#1693=CIRCLE('',#1692,1.5E-1);
#1698=CIRCLE('',#1697,1.499999999999E-1);
#1703=CIRCLE('',#1702,1.5E-1);
#1724=CIRCLE('',#1723,2.E-1);
#1729=CIRCLE('',#1728,2.E-1);
#1734=CIRCLE('',#1733,2.E-1);
#1739=CIRCLE('',#1738,2.E-1);
#1933=EDGE_CURVE('',#1835,#1870,#242,.T.);
#1935=EDGE_CURVE('',#1835,#1837,#246,.T.);
#1937=EDGE_CURVE('',#1923,#1837,#250,.T.);
#1939=EDGE_CURVE('',#1870,#1923,#254,.T.);
#1956=EDGE_CURVE('',#1907,#1908,#289,.T.);
#1958=EDGE_CURVE('',#1920,#1908,#293,.T.);
#1960=EDGE_CURVE('',#1920,#1907,#326,.T.);
#1978=EDGE_CURVE('',#1927,#1870,#362,.T.);
#1980=EDGE_CURVE('',#1927,#1789,#381,.T.);
#1982=EDGE_CURVE('',#1788,#1789,#1614,.T.);
#1984=EDGE_CURVE('',#1788,#1835,#367,.T.);
#2149=EDGE_CURVE('',#1919,#1927,#387,.T.);
#2152=EDGE_CURVE('',#1870,#1926,#1492,.T.);
#2154=EDGE_CURVE('',#1917,#1926,#720,.T.);
#2156=EDGE_CURVE('',#1917,#1919,#1487,.T.);
#2173=EDGE_CURVE('',#1866,#1751,#371,.T.);
#2175=EDGE_CURVE('',#1743,#1751,#375,.T.);
#2177=EDGE_CURVE('',#1789,#1743,#1618,.T.);
#2181=EDGE_CURVE('',#1866,#1919,#391,.T.);
#2198=EDGE_CURVE('',#1864,#1858,#446,.T.);
#2200=EDGE_CURVE('',#1751,#1858,#1698,.T.);
#2203=EDGE_CURVE('',#1864,#1866,#399,.T.);
#2220=EDGE_CURVE('',#1759,#1860,#406,.T.);
#2222=EDGE_CURVE('',#1758,#1759,#410,.T.);
#2224=EDGE_CURVE('',#1761,#1758,#424,.T.);
#2226=EDGE_CURVE('',#1763,#1761,#429,.T.);
#2228=EDGE_CURVE('',#1858,#1763,#442,.T.);
#2231=EDGE_CURVE('',#1912,#1864,#468,.T.);
#2233=EDGE_CURVE('',#1885,#1912,#818,.T.);
#2235=EDGE_CURVE('',#1884,#1885,#477,.T.);
#2237=EDGE_CURVE('',#1887,#1884,#481,.T.);
#2239=EDGE_CURVE('',#1892,#1887,#508,.T.);
#2241=EDGE_CURVE('',#1862,#1892,#516,.T.);
#2243=EDGE_CURVE('',#1771,#1862,#523,.T.);
#2245=EDGE_CURVE('',#1770,#1771,#527,.T.);
#2247=EDGE_CURVE('',#1773,#1770,#542,.T.);
#2249=EDGE_CURVE('',#1910,#1773,#790,.T.);
#2251=EDGE_CURVE('',#1909,#1910,#551,.T.);
#2253=EDGE_CURVE('',#1860,#1909,#559,.T.);
#2330=EDGE_CURVE('',#1755,#1859,#599,.T.);
#2332=EDGE_CURVE('',#1755,#1759,#564,.T.);
#2335=EDGE_CURVE('',#1859,#1860,#584,.T.);
#2353=EDGE_CURVE('',#1923,#1859,#617,.T.);
#2356=EDGE_CURVE('',#1837,#1791,#622,.T.);
#2358=EDGE_CURVE('',#1755,#1791,#1707,.T.);
#2448=EDGE_CURVE('',#1859,#1922,#632,.T.);
#2450=EDGE_CURVE('',#1924,#1922,#742,.T.);
#2452=EDGE_CURVE('',#1923,#1924,#627,.T.);
#2550=EDGE_CURVE('',#1860,#1921,#637,.T.);
#2552=EDGE_CURVE('',#1922,#1921,#762,.T.);
#2595=EDGE_CURVE('',#1921,#1920,#768,.T.);
#2599=EDGE_CURVE('',#1909,#1907,#774,.T.);
#2616=EDGE_CURVE('',#1908,#1911,#644,.T.);
#2618=EDGE_CURVE('',#1911,#1913,#651,.T.);
#2620=EDGE_CURVE('',#1913,#1914,#673,.T.);
#2622=EDGE_CURVE('',#1914,#1915,#681,.T.);
#2624=EDGE_CURVE('',#1915,#1917,#685,.T.);
#2627=EDGE_CURVE('',#1926,#1924,#724,.T.);
#2679=EDGE_CURVE('',#1910,#1911,#779,.T.);
#2725=EDGE_CURVE('',#1910,#1912,#786,.T.);
#2727=EDGE_CURVE('',#1912,#1913,#1469,.T.);
#2748=EDGE_CURVE('',#1775,#1773,#798,.T.);
#2750=EDGE_CURVE('',#1777,#1775,#803,.T.);
#2752=EDGE_CURVE('',#1885,#1777,#814,.T.);
#2802=EDGE_CURVE('',#1774,#1772,#831,.T.);
#2804=EDGE_CURVE('',#1774,#1775,#823,.T.);
#2807=EDGE_CURVE('',#1772,#1773,#1075,.T.);
#2824=EDGE_CURVE('',#1774,#1799,#855,.T.);
#2827=EDGE_CURVE('',#1772,#1766,#846,.T.);
#2829=EDGE_CURVE('',#1766,#1801,#999,.T.);
#2831=EDGE_CURVE('',#1801,#1799,#851,.T.);
#2849=EDGE_CURVE('',#1799,#1815,#859,.T.);
#2851=EDGE_CURVE('',#1815,#1740,#863,.T.);
#2853=EDGE_CURVE('',#1740,#1745,#867,.T.);
#2855=EDGE_CURVE('',#1745,#1774,#872,.T.);
#2872=EDGE_CURVE('',#1813,#1882,#922,.T.);
#2874=EDGE_CURVE('',#1882,#1818,#949,.T.);
#2876=EDGE_CURVE('',#1818,#1815,#1307,.T.);
#2879=EDGE_CURVE('',#1813,#1799,#877,.T.);
#2896=EDGE_CURVE('',#1877,#1878,#882,.T.);
#2898=EDGE_CURVE('',#1823,#1878,#886,.T.);
#2900=EDGE_CURVE('',#1822,#1823,#891,.T.);
#2902=EDGE_CURVE('',#1877,#1822,#895,.T.);
#2919=EDGE_CURVE('',#1878,#1880,#900,.T.);
#2921=EDGE_CURVE('',#1809,#1880,#904,.T.);
#2923=EDGE_CURVE('',#1808,#1809,#909,.T.);
#2925=EDGE_CURVE('',#1878,#1808,#913,.T.);
#2942=EDGE_CURVE('',#1880,#1882,#918,.T.);
#2945=EDGE_CURVE('',#1812,#1813,#927,.T.);
#2947=EDGE_CURVE('',#1880,#1812,#931,.T.);
#2964=EDGE_CURVE('',#1882,#1877,#936,.T.);
#2966=EDGE_CURVE('',#1819,#1877,#940,.T.);
#2968=EDGE_CURVE('',#1818,#1819,#945,.T.);
#2986=EDGE_CURVE('',#1873,#1877,#957,.T.);
#2988=EDGE_CURVE('',#1873,#1874,#962,.T.);
#2990=EDGE_CURVE('',#1880,#1874,#953,.T.);
#3003=EDGE_CURVE('',#1874,#1873,#967,.T.);
#3028=EDGE_CURVE('',#1808,#1805,#977,.T.);
#3030=EDGE_CURVE('',#1804,#1805,#1093,.T.);
#3032=EDGE_CURVE('',#1823,#1804,#972,.T.);
#3062=EDGE_CURVE('',#1809,#1797,#982,.T.);
#3064=EDGE_CURVE('',#1805,#1797,#1041,.T.);
#3084=EDGE_CURVE('',#1812,#1801,#987,.T.);
#3086=EDGE_CURVE('',#1797,#1801,#995,.T.);
#3135=EDGE_CURVE('',#1767,#1797,#991,.T.);
#3139=EDGE_CURVE('',#1766,#1767,#1003,.T.);
#3156=EDGE_CURVE('',#1767,#1861,#1019,.T.);
#3158=EDGE_CURVE('',#1902,#1861,#1036,.T.);
#3160=EDGE_CURVE('',#1902,#1805,#1097,.T.);
#3244=EDGE_CURVE('',#1767,#1771,#1046,.T.);
#3247=EDGE_CURVE('',#1861,#1862,#1065,.T.);
#3265=EDGE_CURVE('',#1766,#1770,#1070,.T.);
#3440=EDGE_CURVE('',#1862,#1900,#1085,.T.);
#3442=EDGE_CURVE('',#1901,#1900,#1443,.T.);
#3444=EDGE_CURVE('',#1861,#1901,#1080,.T.);
#3489=EDGE_CURVE('',#1899,#1890,#1170,.T.);
#3491=EDGE_CURVE('',#1900,#1899,#1449,.T.);
#3495=EDGE_CURVE('',#1892,#1890,#1454,.T.);
#3512=EDGE_CURVE('',#1804,#1868,#1089,.T.);
#3516=EDGE_CURVE('',#1868,#1902,#1101,.T.);
#3533=EDGE_CURVE('',#1890,#1891,#1133,.T.);
#3535=EDGE_CURVE('',#1891,#1899,#1137,.T.);
#3554=EDGE_CURVE('',#1906,#1868,#1202,.T.);
#3556=EDGE_CURVE('',#1906,#1781,#1225,.T.);
#3558=EDGE_CURVE('',#1780,#1781,#1284,.T.);
#3560=EDGE_CURVE('',#1780,#1804,#1207,.T.);
#3713=EDGE_CURVE('',#1898,#1906,#1231,.T.);
#3716=EDGE_CURVE('',#1868,#1905,#1459,.T.);
#3718=EDGE_CURVE('',#1896,#1905,#1403,.T.);
#3720=EDGE_CURVE('',#1896,#1898,#1335,.T.);
#3737=EDGE_CURVE('',#1889,#1747,#1211,.T.);
#3739=EDGE_CURVE('',#1741,#1747,#1215,.T.);
#3741=EDGE_CURVE('',#1741,#1781,#1219,.T.);
#3745=EDGE_CURVE('',#1889,#1898,#1235,.T.);
#3763=EDGE_CURVE('',#1747,#1884,#1248,.T.);
#3766=EDGE_CURVE('',#1887,#1889,#1243,.T.);
#3819=EDGE_CURVE('',#1747,#1883,#1257,.T.);
#3823=EDGE_CURVE('',#1883,#1885,#1312,.T.);
#3841=EDGE_CURVE('',#1740,#1741,#1275,.T.);
#3845=EDGE_CURVE('',#1883,#1745,#1268,.T.);
#3862=EDGE_CURVE('',#1783,#1741,#1288,.T.);
#3866=EDGE_CURVE('',#1815,#1783,#1280,.T.);
#3886=EDGE_CURVE('',#1783,#1780,#1292,.T.);
#3905=EDGE_CURVE('',#1822,#1780,#1302,.T.);
#3908=EDGE_CURVE('',#1819,#1783,#1297,.T.);
#4031=EDGE_CURVE('',#1745,#1777,#1317,.T.);
#4103=EDGE_CURVE('',#1889,#1894,#1327,.T.);
#4105=EDGE_CURVE('',#1893,#1894,#1368,.T.);
#4107=EDGE_CURVE('',#1887,#1893,#1322,.T.);
#4124=EDGE_CURVE('',#1894,#1896,#1372,.T.);
#4144=EDGE_CURVE('',#1891,#1893,#1360,.T.);
#4149=EDGE_CURVE('',#1905,#1903,#1407,.T.);
#4151=EDGE_CURVE('',#1903,#1901,#1424,.T.);
#4292=EDGE_CURVE('',#1902,#1903,#1464,.T.);
#4487=EDGE_CURVE('',#1864,#1914,#1474,.T.);
#4539=EDGE_CURVE('',#1866,#1915,#1479,.T.);
#4608=EDGE_CURVE('',#1840,#1841,#1547,.T.);
#4610=EDGE_CURVE('',#1841,#1791,#1724,.T.);
#4613=EDGE_CURVE('',#1840,#1837,#1497,.T.);
#4630=EDGE_CURVE('',#1852,#1853,#1502,.T.);
#4632=EDGE_CURVE('',#1829,#1852,#1506,.T.);
#4634=EDGE_CURVE('',#1828,#1829,#1511,.T.);
#4636=EDGE_CURVE('',#1853,#1828,#1515,.T.);
#4653=EDGE_CURVE('',#1853,#1855,#1520,.T.);
#4655=EDGE_CURVE('',#1845,#1853,#1524,.T.);
#4657=EDGE_CURVE('',#1844,#1845,#1529,.T.);
#4659=EDGE_CURVE('',#1855,#1844,#1533,.T.);
#4676=EDGE_CURVE('',#1855,#1857,#1538,.T.);
#4678=EDGE_CURVE('',#1841,#1855,#1542,.T.);
#4681=EDGE_CURVE('',#1857,#1840,#1551,.T.);
#4698=EDGE_CURVE('',#1857,#1852,#1556,.T.);
#4700=EDGE_CURVE('',#1833,#1857,#1560,.T.);
#4702=EDGE_CURVE('',#1832,#1833,#1565,.T.);
#4704=EDGE_CURVE('',#1852,#1832,#1569,.T.);
#4721=EDGE_CURVE('',#1852,#1848,#1577,.T.);
#4725=EDGE_CURVE('',#1849,#1855,#1573,.T.);
#4727=EDGE_CURVE('',#1848,#1849,#1582,.T.);
#4741=EDGE_CURVE('',#1849,#1848,#1587,.T.);
#4763=EDGE_CURVE('',#1832,#1788,#1597,.T.);
#4765=EDGE_CURVE('',#1785,#1788,#1610,.T.);
#4767=EDGE_CURVE('',#1829,#1785,#1592,.T.);
#4797=EDGE_CURVE('',#1833,#1835,#1602,.T.);
#4836=EDGE_CURVE('',#1785,#1743,#1606,.T.);
#4857=EDGE_CURVE('',#1742,#1743,#1625,.T.);
#4859=EDGE_CURVE('',#1825,#1742,#1655,.T.);
#4861=EDGE_CURVE('',#1825,#1785,#1630,.T.);
#4878=EDGE_CURVE('',#1742,#1749,#1659,.T.);
#4882=EDGE_CURVE('',#1751,#1749,#1643,.T.);
#4899=EDGE_CURVE('',#1760,#1793,#1647,.T.);
#4901=EDGE_CURVE('',#1793,#1825,#1651,.T.);
#4905=EDGE_CURVE('',#1749,#1760,#1664,.T.);
#4923=EDGE_CURVE('',#1760,#1754,#1678,.T.);
#4925=EDGE_CURVE('',#1754,#1795,#1715,.T.);
#4927=EDGE_CURVE('',#1795,#1793,#1683,.T.);
#5001=EDGE_CURVE('',#1760,#1761,#1688,.T.);
#5004=EDGE_CURVE('',#1754,#1758,#1703,.T.);
#5022=EDGE_CURVE('',#1749,#1763,#1693,.T.);
#5112=EDGE_CURVE('',#1754,#1755,#1719,.T.);
#5133=EDGE_CURVE('',#1791,#1795,#1711,.T.);
#5154=EDGE_CURVE('',#1844,#1795,#1729,.T.);
#5186=EDGE_CURVE('',#1845,#1793,#1734,.T.);
#5207=EDGE_CURVE('',#1828,#1825,#1739,.T.);
#5254=(LENGTH_UNIT()NAMED_UNIT(*)SI_UNIT(.MILLI.,.METRE.));
#5256=(NAMED_UNIT(*)PLANE_ANGLE_UNIT()SI_UNIT($,.RADIAN.));
#5259=(NAMED_UNIT(*)SI_UNIT($,.STERADIAN.)SOLID_ANGLE_UNIT());
#5262=ADVANCED_BREP_SHAPE_REPRESENTATION('',(#5253),#5261);
#5270=PRODUCT_DEFINITION('design','',#5269,#5266);
#5271=PRODUCT_DEFINITION_SHAPE('','SHAPE FOR K164.',#5270);
#5272=SHAPE_DEFINITION_REPRESENTATION(#5271,#5262);
ENDSEC;
END-ISO-10303-21;
