ISO-10303-21;
HEADER;
FILE_DESCRIPTION (( 'STEP AP214' ),
    '1' );
FILE_NAME ('Magnetic Pogo Connector 4 Pin (Type 4).STEP',
    '2023-01-12T17:34:22',
    ( '' ),
    ( '' ),
    'SwSTEP 2.0',
    'SolidWorks 2022',
    '' );
FILE_SCHEMA (( 'AUTOMOTIVE_DESIGN' ));
ENDSEC;

DATA;
#1 = ORIENTED_EDGE ( 'NONE', *, *, #3615, .T. ) ;
#2 = COLOUR_RGB ( '',0.9529411764705881804, 0.7960784313725489669, 0.4862745098039215619 ) ;
#3 = AXIS2_PLACEMENT_3D ( 'NONE', #4774, #2631, #308 ) ;
#4 = CYLINDRICAL_SURFACE ( 'NONE', #3267, 0.7500000000000002220 ) ;
#5 = MECHANICAL_DESIGN_GEOMETRIC_PRESENTATION_REPRESENTATION (  '', ( #4167 ), #3408 ) ;
#6 = MECHANICAL_DESIGN_GEOMETRIC_PRESENTATION_REPRESENTATION (  '', ( #581 ), #1989 ) ;
#7 = SURFACE_SIDE_STYLE ('',( #450 ) ) ;
#8 = AXIS2_PLACEMENT_3D ( 'NONE', #4385, #3555, #5844 ) ;
#9 = STYLED_ITEM ( 'NONE', ( #1278 ), #612 ) ;
#10 = MECHANICAL_DESIGN_GEOMETRIC_PRESENTATION_REPRESENTATION (  '', ( #1716 ), #5021 ) ;
#11 = CARTESIAN_POINT ( 'NONE',  ( 7.000000000000004441, 6.000000000000073719, -4.499999999999977796 ) ) ;
#12 = AXIS2_PLACEMENT_3D ( 'NONE', #3968, #386, #1276 ) ;
#13 = FILL_AREA_STYLE_COLOUR ( '', #4820 ) ;
#14 = FILL_AREA_STYLE_COLOUR ( '', #1836 ) ;
#15 = STYLED_ITEM ( 'NONE', ( #432 ), #722 ) ;
#16 = SURFACE_STYLE_USAGE ( .BOTH. , #2291 ) ;
#17 = EDGE_LOOP ( 'NONE', ( #267 ) ) ;
#18 = CARTESIAN_POINT ( 'NONE',  ( 7.252460183627722046, 1.798944182135482794, -5.498999999999998778 ) ) ;
#19 = DIRECTION ( 'NONE',  ( 0.000000000000000000, 1.000000000000000000, 3.568904431242956914E-15 ) ) ;
#20 = EDGE_LOOP ( 'NONE', ( #2379 ) ) ;
#21 = CARTESIAN_POINT ( 'NONE',  ( -3.749999999999999112, 2.500000000000094147, -4.999999999999991118 ) ) ;
#22 = CARTESIAN_POINT ( 'NONE',  ( 6.657426870426536247, 2.847598293909602507, -5.499999999999987566 ) ) ;
#23 = CARTESIAN_POINT ( 'NONE',  ( 7.257486966580382060, 2.760458870832679601, -5.499999999999987566 ) ) ;
#24 = EDGE_CURVE ( 'NONE', #73, #5043, #3211, .T. ) ;
#25 = DIRECTION ( 'NONE',  ( -1.011921810038670078E-30, -2.469888551894074927E-46, 1.000000000000000000 ) ) ;
#26 = LINE ( 'NONE', #4553, #5749 ) ;
#27 = CARTESIAN_POINT ( 'NONE',  ( 7.112595538457992639, 2.485340473643901760, -5.499999999999991118 ) ) ;
#28 = CARTESIAN_POINT ( 'NONE',  ( 6.618965331964997034, 2.186240120832679601, -5.499999999999994671 ) ) ;
#29 = VERTEX_POINT ( 'NONE', #5044 ) ;
#30 = PRESENTATION_STYLE_ASSIGNMENT (( #4648 ) ) ;
#31 = SURFACE_STYLE_USAGE ( .BOTH. , #2274 ) ;
#32 = ADVANCED_FACE ( 'NONE', ( #1883 ), #2214, .F. ) ;
#33 = CARTESIAN_POINT ( 'NONE',  ( 6.409763853056002603, 2.137933008487500341, -5.498999999999995225 ) ) ;
#34 = CARTESIAN_POINT ( 'NONE',  ( 6.854375867120642063, 3.100295885187565492, -5.499999999999984013 ) ) ;
#35 = CARTESIAN_POINT ( 'NONE',  ( 3.750000000000003553, 1.300000000000115286, -1.199999999999991296 ) ) ;
#36 = STYLED_ITEM ( 'NONE', ( #2423 ), #1683 ) ;
#37 = ORIENTED_EDGE ( 'NONE', *, *, #1533, .T. ) ;
#38 = CARTESIAN_POINT ( 'NONE',  ( 6.681617806910401747, 3.222903230746647640, -5.499999999999982236 ) ) ;
#39 = CARTESIAN_POINT ( 'NONE',  ( 6.655080423761057240, 2.304149785322956223, -5.498999999999991672 ) ) ;
#40 = STYLED_ITEM ( 'NONE', ( #3240 ), #1874 ) ;
#41 = FILL_AREA_STYLE_COLOUR ( '', #3791 ) ;
#42 = FACE_OUTER_BOUND ( 'NONE', #874, .T. ) ;
#43 =( NAMED_UNIT ( * ) PLANE_ANGLE_UNIT ( ) SI_UNIT ( $, .RADIAN. ) );
#44 = DIRECTION ( 'NONE',  ( 0.000000000000000000, -3.614007241618349954E-15, 1.000000000000000000 ) ) ;
#45 = TOROIDAL_SURFACE ( 'NONE', #1936, 1.600000000000000533, 0.1000000000000000056 ) ;
#46 = EDGE_CURVE ( 'NONE', #2600, #845, #1081, .T. ) ;
#47 = ORIENTED_EDGE ( 'NONE', *, *, #1079, .F. ) ;
#48 = VECTOR ( 'NONE', #5838, 1000.000000000000000 ) ;
#49 = ORIENTED_EDGE ( 'NONE', *, *, #4372, .F. ) ;
#50 = CARTESIAN_POINT ( 'NONE',  ( 7.320312930522452355, 1.830721448984130584, -5.498999999999997002 ) ) ;
#51 = CARTESIAN_POINT ( 'NONE',  ( 6.407426870426537135, 2.196456466986525857, -5.498999999999993449 ) ) ;
#52 = ORIENTED_EDGE ( 'NONE', *, *, #3379, .T. ) ;
#53 = CARTESIAN_POINT ( 'NONE',  ( 7.136466865091332323, 3.100948230627417423, -5.498999999999984567 ) ) ;
#54 = VERTEX_POINT ( 'NONE', #3249 ) ;
#55 = B_SPLINE_CURVE_WITH_KNOTS ( 'NONE', 3,
 ( #1025, #2732, #1390, #2818, #3190, #4555, #4086, #3160, #506, #3278, #5054, #27, #997, #2766, #1475, #5076, #4642, #5848, #2302 ),
 .UNSPECIFIED., .F., .F.,
 ( 4, 1, 1, 1, 1, 1, 1, 1, 1, 1, 1, 1, 1, 1, 1, 1, 4 ),
 ( 0.000000000000000000, 0.03120011115393675136, 0.07048671901620030822, 0.1172148300204120114, 0.1715755269954915008, 0.2341219784876090171, 0.3039626396728059565, 0.3821556401561975180, 0.4676462220680259740, 0.5543353814021599879, 0.6350744656665049392, 0.7100366878785240310, 0.7790924037748320208, 0.8429656453505109948, 0.9010012068505279803, 0.9532462564590260534, 1.000000000000000000 ),
 .UNSPECIFIED. ) ;
#56 = DIRECTION ( 'NONE',  ( 1.000000000000000000, 0.000000000000000000, 0.000000000000000000 ) ) ;
#57 = DIRECTION ( 'NONE',  ( 0.000000000000000000, 3.591911631868355648E-15, -1.000000000000000000 ) ) ;
#58 = EDGE_CURVE ( 'NONE', #2167, #1785, #4691, .T. ) ;
#59 = CARTESIAN_POINT ( 'NONE',  ( 7.000000000000003553, 5.000000000000067502, -2.499999999999981348 ) ) ;
#60 = CARTESIAN_POINT ( 'NONE',  ( 7.215028999209282645, 3.066962706914142522, -5.499999999999984013 ) ) ;
#61 = FILL_AREA_STYLE ('',( #2245 ) ) ;
#62 = FACE_BOUND ( 'NONE', #1410, .T. ) ;
#63 = CARTESIAN_POINT ( 'NONE',  ( 6.834705463551086879, 2.615802821850377047, -5.498999999999989896 ) ) ;
#64 = CARTESIAN_POINT ( 'NONE',  ( 7.301357158888082566, 2.554930024678833345, -5.498999999999989896 ) ) ;
#65 = DIRECTION ( 'NONE',  ( -1.835596038252509459E-31, 3.614918832493752804E-15, -1.000000000000000000 ) ) ;
#66 = ADVANCED_FACE ( 'NONE', ( #3362, #617 ), #671, .T. ) ;
#67 = CARTESIAN_POINT ( 'NONE',  ( 6.619471763798617125, 2.197083192884904612, -5.498999999999993449 ) ) ;
#68 = B_SPLINE_SURFACE_WITH_KNOTS ( 'NONE', 3, 1, ( 
 ( #318, #2760 ),
 ( #1472, #593 ),
 ( #1385, #3216 ),
 ( #5019, #4984 ),
 ( #5511, #143 ),
 ( #53, #964 ),
 ( #3670, #77 ),
 ( #531, #1448 ),
 ( #5445, #3273 ),
 ( #5072, #3247 ),
 ( #991, #2320 ),
 ( #1885, #1916 ),
 ( #1860, #1495 ),
 ( #2727, #929 ),
 ( #3700, #3642 ),
 ( #2267, #2384 ),
 ( #2788, #2699 ),
 ( #462, #1414 ),
 ( #4196, #3302 ) ),
 .UNSPECIFIED., .F., .F., .F.,
 ( 4, 1, 1, 1, 1, 1, 1, 1, 1, 1, 1, 1, 1, 1, 1, 1, 4 ),
 ( 2, 2 ),
 ( 0.000000000000000000, 0.09151103632803719856, 0.1771428603141479985, 0.2571084852282354838, 0.3311983993883854671, 0.4005922945239575039, 0.4656249598049639893, 0.5269734913138600652, 0.5854431157040229650, 0.6413985080863310317, 0.6950441672657240444, 0.7467815514927479414, 0.7969589345766999733, 0.8475448623598800246, 0.8974385414187390220, 0.9476489188871289882, 1.000000000000000000 ),
 ( 0.000000000000000000, 1.000000000000000000 ),
 .UNSPECIFIED. ) ;
#69 = DIRECTION ( 'NONE',  ( 0.000000000000000000, 1.000000000000000000, 3.591911631868355648E-15 ) ) ;
#70 =( LENGTH_UNIT ( ) NAMED_UNIT ( * ) SI_UNIT ( .MILLI., .METRE. ) );
#71 = DIRECTION ( 'NONE',  ( 0.000000000000000000, -3.591911631868355648E-15, 1.000000000000000000 ) ) ;
#72 = DIRECTION ( 'NONE',  ( 0.000000000000000000, 3.591911631868355648E-15, -1.000000000000000000 ) ) ;
#73 = VERTEX_POINT ( 'NONE', #5561 ) ;
#74 = LINE ( 'NONE', #4981, #5194 ) ;
#75 =( LENGTH_UNIT ( ) NAMED_UNIT ( * ) SI_UNIT ( .MILLI., .METRE. ) );
#76 = SURFACE_STYLE_FILL_AREA ( #5047 ) ;
#77 = CARTESIAN_POINT ( 'NONE',  ( 7.165363462551453289, 3.091555206662183419, -5.499999999999984013 ) ) ;
#78 = SURFACE_STYLE_USAGE ( .BOTH. , #1360 ) ;
#79 =( NAMED_UNIT ( * ) SI_UNIT ( $, .STERADIAN. ) SOLID_ANGLE_UNIT ( ) );
#80 = VERTEX_POINT ( 'NONE', #3728 ) ;
#81 = AXIS2_PLACEMENT_3D ( 'NONE', #1125, #3410, #1167 ) ;
#82 = CARTESIAN_POINT ( 'NONE',  ( 6.981966863032342374, 2.654005082538093863, -5.499999999999989342 ) ) ;
#83 = FILL_AREA_STYLE_COLOUR ( '', #1881 ) ;
#84 = DIRECTION ( 'NONE',  ( 1.835596038252509459E-31, -3.614918832493752804E-15, 1.000000000000000000 ) ) ;
#85 = SURFACE_STYLE_FILL_AREA ( #4992 ) ;
#86 = CARTESIAN_POINT ( 'NONE',  ( 7.136466865091332323, 3.100948230627417423, -5.499999999999984013 ) ) ;
#87 = CARTESIAN_POINT ( 'NONE',  ( -1.249999999999995781, 2.500000000000094147, -5.949999999999992184 ) ) ;
#88 = DIRECTION ( 'NONE',  ( 0.000000000000000000, 1.000000000000000000, 2.891205793294679017E-15 ) ) ;
#89 = LINE ( 'NONE', #3709, #1816 ) ;
#90 =( LENGTH_UNIT ( ) NAMED_UNIT ( * ) SI_UNIT ( .MILLI., .METRE. ) );
#91 =( GEOMETRIC_REPRESENTATION_CONTEXT ( 3 ) GLOBAL_UNCERTAINTY_ASSIGNED_CONTEXT ( ( #4920 ) ) GLOBAL_UNIT_ASSIGNED_CONTEXT ( ( #3472, #4991, #507 ) ) REPRESENTATION_CONTEXT ( 'NONE', 'WORKASPACE' ) );
#92 = UNCERTAINTY_MEASURE_WITH_UNIT (LENGTH_MEASURE( 1.000000000000000082E-05 ), #4001, 'distance_accuracy_value', 'NONE');
#93 = STYLED_ITEM ( 'NONE', ( #4811 ), #4619 ) ;
#94 = FILL_AREA_STYLE ('',( #4596 ) ) ;
#95 = MECHANICAL_DESIGN_GEOMETRIC_PRESENTATION_REPRESENTATION (  '', ( #2078 ), #1227 ) ;
#96 = EDGE_CURVE ( 'NONE', #5319, #5319, #2194, .T. ) ;
#97 = COLOUR_RGB ( '',0.9529411764705881804, 0.7960784313725489669, 0.4862745098039215619 ) ;
#98 = CARTESIAN_POINT ( 'NONE',  ( 7.320312930522452355, 1.830721448984130584, -5.498999999999997002 ) ) ;
#99 = COLOUR_RGB ( '',0.8980392156862745390, 0.8980392156862745390, 0.8980392156862745390 ) ;
#100 =( GEOMETRIC_REPRESENTATION_CONTEXT ( 3 ) GLOBAL_UNCERTAINTY_ASSIGNED_CONTEXT ( ( #5255 ) ) GLOBAL_UNIT_ASSIGNED_CONTEXT ( ( #4238, #2884, #5153 ) ) REPRESENTATION_CONTEXT ( 'NONE', 'WORKASPACE' ) );
#101 = CARTESIAN_POINT ( 'NONE',  ( 0.6257359312880770297, 2.500000000000063061, -0.9999999999999904521 ) ) ;
#102 = ADVANCED_FACE ( 'NONE', ( #5069 ), #5596, .T. ) ;
#103 = AXIS2_PLACEMENT_3D ( 'NONE', #4317, #5607, #3347 ) ;
#104 = SURFACE_STYLE_USAGE ( .BOTH. , #1909 ) ;
#105 = UNCERTAINTY_MEASURE_WITH_UNIT (LENGTH_MEASURE( 1.000000000000000082E-05 ), #2481, 'distance_accuracy_value', 'NONE');
#106 = AXIS2_PLACEMENT_3D ( 'NONE', #1198, #730, #5687 ) ;
#107 = STYLED_ITEM ( 'NONE', ( #689 ), #5800 ) ;
#108 = VERTEX_POINT ( 'NONE', #1963 ) ;
#109 = AXIS2_PLACEMENT_3D ( 'NONE', #5424, #4223, #3303 ) ;
#110 = CARTESIAN_POINT ( 'NONE',  ( 7.579985169858791672, 2.276771181320510706, -5.499999999999992895 ) ) ;
#111 = CARTESIAN_POINT ( 'NONE',  ( 6.657426870426536247, 2.847598293909602507, -5.498999999999986343 ) ) ;
#112 = COLOUR_RGB ( '',0.1019607843137254888, 0.1019607843137254888, 0.1019607843137254888 ) ;
#113 = FILL_AREA_STYLE_COLOUR ( '', #2 ) ;
#114 = COLOUR_RGB ( '',0.8980392156862745390, 0.8980392156862745390, 0.8980392156862745390 ) ;
#115 = SURFACE_STYLE_USAGE ( .BOTH. , #3614 ) ;
#116 = CARTESIAN_POINT ( 'NONE',  ( 3.750000000000003553, 1.900000000000099609, -1.499999999999993561 ) ) ;
#117 = DIRECTION ( 'NONE',  ( -0.7071067811865429098, -2.539865072316968978E-15, 0.7071067811865521247 ) ) ;
#118 = DIRECTION ( 'NONE',  ( 1.000000000000000000, 0.000000000000000000, 0.000000000000000000 ) ) ;
#119 = COLOUR_RGB ( '',0.8980392156862745390, 0.8980392156862745390, 0.8980392156862745390 ) ;
#120 = EDGE_LOOP ( 'NONE', ( #518 ) ) ;
#121 = SURFACE_STYLE_USAGE ( .BOTH. , #3314 ) ;
#122 = CARTESIAN_POINT ( 'NONE',  ( 6.637674252345667547, 1.824594845605499671, -5.498999999999997002 ) ) ;
#123 = VECTOR ( 'NONE', #3931, 1000.000000000000000 ) ;
#124 = CARTESIAN_POINT ( 'NONE',  ( 6.825389358743927382, 3.090704034544963008, -5.498999999999984567 ) ) ;
#125 = STYLED_ITEM ( 'NONE', ( #2668 ), #3090 ) ;
#126 =( NAMED_UNIT ( * ) SI_UNIT ( $, .STERADIAN. ) SOLID_ANGLE_UNIT ( ) );
#127 = FACE_BOUND ( 'NONE', #5242, .T. ) ;
#128 = AXIS2_PLACEMENT_3D ( 'NONE', #3217, #3582, #3613 ) ;
#129 =( NAMED_UNIT ( * ) PLANE_ANGLE_UNIT ( ) SI_UNIT ( $, .RADIAN. ) );
#130 = CARTESIAN_POINT ( 'NONE',  ( 7.074160184841322696, 3.287950814755243645, -5.498999999999981014 ) ) ;
#131 = EDGE_CURVE ( 'NONE', #670, #2498, #1526, .T. ) ;
#132 = SURFACE_STYLE_FILL_AREA ( #4210 ) ;
#133 = CARTESIAN_POINT ( 'NONE',  ( 7.509893757778952406, 2.781286828853624549, -5.499999999999987566 ) ) ;
#134 = PLANE ( 'NONE',  #1708 ) ;
#135 = DIRECTION ( 'NONE',  ( 0.000000000000000000, -3.591911631868355648E-15, 1.000000000000000000 ) ) ;
#136 =( NAMED_UNIT ( * ) SI_UNIT ( $, .STERADIAN. ) SOLID_ANGLE_UNIT ( ) );
#137 = EDGE_CURVE ( 'NONE', #5337, #1645, #3336, .T. ) ;
#138 = ORIENTED_EDGE ( 'NONE', *, *, #1143, .T. ) ;
#139 = DIRECTION ( 'NONE',  ( 1.000000000000000000, 0.000000000000000000, -1.807003620809174385E-16 ) ) ;
#140 = FACE_BOUND ( 'NONE', #1469, .T. ) ;
#141 = CARTESIAN_POINT ( 'NONE',  ( -6.999999999999998224, 5.000000000000068390, -1.499999999999981570 ) ) ;
#142 =( NAMED_UNIT ( * ) SI_UNIT ( $, .STERADIAN. ) SOLID_ANGLE_UNIT ( ) );
#143 = CARTESIAN_POINT ( 'NONE',  ( 7.104678775535402835, 3.108123937176208607, -5.499999999999984013 ) ) ;
#144 = PRESENTATION_STYLE_ASSIGNMENT (( #1056 ) ) ;
#145 = SURFACE_STYLE_FILL_AREA ( #3727 ) ;
#146 = VERTEX_POINT ( 'NONE', #116 ) ;
#147 =( GEOMETRIC_REPRESENTATION_CONTEXT ( 3 ) GLOBAL_UNCERTAINTY_ASSIGNED_CONTEXT ( ( #189 ) ) GLOBAL_UNIT_ASSIGNED_CONTEXT ( ( #3318, #1159, #629 ) ) REPRESENTATION_CONTEXT ( 'NONE', 'WORKASPACE' ) );
#148 = CARTESIAN_POINT ( 'NONE',  ( 6.777306006305871655, 1.958999355969642586, -5.498999999999997002 ) ) ;
#149 = ORIENTED_EDGE ( 'NONE', *, *, #4363, .T. ) ;
#150 = EDGE_LOOP ( 'NONE', ( #3413, #2418, #5338, #1954, #4805, #4979, #4339, #1 ) ) ;
#151 = CARTESIAN_POINT ( 'NONE',  ( 0.8594875162046676786, 5.600000000000071587, -3.999999999999979128 ) ) ;
#152 = CARTESIAN_POINT ( 'NONE',  ( 7.292673772583842862, 2.979001319949787341, -5.499999999999985789 ) ) ;
#153 = PLANE ( 'NONE',  #103 ) ;
#154 = CARTESIAN_POINT ( 'NONE',  ( 6.802905941979982885, 1.764865978751083642, -5.498999999999998778 ) ) ;
#155 = STYLED_ITEM ( 'NONE', ( #2161 ), #2270 ) ;
#156 = CARTESIAN_POINT ( 'NONE',  ( 7.362168622838582088, 2.234425694897106851, -5.499999999999992895 ) ) ;
#157 = PRESENTATION_STYLE_ASSIGNMENT (( #3350 ) ) ;
#158 = SURFACE_SIDE_STYLE ('',( #5061 ) ) ;
#159 = CARTESIAN_POINT ( 'NONE',  ( 7.331109889040852146, 3.211495399046366828, -5.499999999999982236 ) ) ;
#160 = CARTESIAN_POINT ( 'NONE',  ( 1.250000000000003553, 2.500000000000094147, -5.699999999999991296 ) ) ;
#161 = FILL_AREA_STYLE ('',( #3295 ) ) ;
#162 =( LENGTH_UNIT ( ) NAMED_UNIT ( * ) SI_UNIT ( .MILLI., .METRE. ) );
#163 = EDGE_CURVE ( 'NONE', #879, #879, #4827, .T. ) ;
#164 = ORIENTED_EDGE ( 'NONE', *, *, #4682, .T. ) ;
#165 = DIRECTION ( 'NONE',  ( -1.000000000000000000, 0.000000000000000000, 0.000000000000000000 ) ) ;
#166 = DIRECTION ( 'NONE',  ( -1.835596038252509459E-31, 3.614918832493752804E-15, -1.000000000000000000 ) ) ;
#167 = CARTESIAN_POINT ( 'NONE',  ( 3.750000000000003553, -1.149996883773825695, -0.2999999999999912736 ) ) ;
#168 = ADVANCED_FACE ( 'NONE', ( #4860 ), #5712, .T. ) ;
#169 = DIRECTION ( 'NONE',  ( -0.000000000000000000, 3.591911631868355648E-15, -1.000000000000000000 ) ) ;
#170 = VERTEX_POINT ( 'NONE', #334 ) ;
#171 = ORIENTED_EDGE ( 'NONE', *, *, #3283, .T. ) ;
#172 = FACE_OUTER_BOUND ( 'NONE', #120, .T. ) ;
#173 =( NAMED_UNIT ( * ) SI_UNIT ( $, .STERADIAN. ) SOLID_ANGLE_UNIT ( ) );
#174 = SURFACE_STYLE_USAGE ( .BOTH. , #5575 ) ;
#175 = CARTESIAN_POINT ( 'NONE',  ( 6.618965331964997034, 2.186240120832679601, -5.499999999999994671 ) ) ;
#176 = LINE ( 'NONE', #3736, #4464 ) ;
#177 =( GEOMETRIC_REPRESENTATION_CONTEXT ( 3 ) GLOBAL_UNCERTAINTY_ASSIGNED_CONTEXT ( ( #5736 ) ) GLOBAL_UNIT_ASSIGNED_CONTEXT ( ( #1279, #4948, #4852 ) ) REPRESENTATION_CONTEXT ( 'NONE', 'WORKASPACE' ) );
#178 = FILL_AREA_STYLE_COLOUR ( '', #1170 ) ;
#179 = ADVANCED_FACE ( 'NONE', ( #4833 ), #2173, .T. ) ;
#180 = CARTESIAN_POINT ( 'NONE',  ( 6.422855507363276928, 2.309098353268451920, -5.499999999999992895 ) ) ;
#181 = SURFACE_STYLE_FILL_AREA ( #2965 ) ;
#182 = DIRECTION ( 'NONE',  ( 0.000000000000000000, -1.000000000000000000, 0.000000000000000000 ) ) ;
#183 = MECHANICAL_DESIGN_GEOMETRIC_PRESENTATION_REPRESENTATION (  '', ( #5269 ), #2068 ) ;
#184 = SURFACE_SIDE_STYLE ('',( #2399 ) ) ;
#185 = COLOUR_RGB ( '',0.1019607843137254888, 0.1019607843137254888, 0.1019607843137254888 ) ;
#186 = CARTESIAN_POINT ( 'NONE',  ( 7.434290014896852483, 1.917527571594187519, -5.498999999999997002 ) ) ;
#187 = AXIS2_PLACEMENT_3D ( 'NONE', #907, #84, #998 ) ;
#188 = CARTESIAN_POINT ( 'NONE',  ( 7.521215523381973078, 2.829322822835487194, -5.499999999999987566 ) ) ;
#189 = UNCERTAINTY_MEASURE_WITH_UNIT (LENGTH_MEASURE( 1.000000000000000082E-05 ), #3318, 'distance_accuracy_value', 'NONE');
#190 = CARTESIAN_POINT ( 'NONE',  ( 1.250000000000003775, 2.500000000000099476, -1.499999999999991340 ) ) ;
#191 = CARTESIAN_POINT ( 'NONE',  ( 7.333584178259022757, 2.136213800857057254, -5.498999999999995225 ) ) ;
#192 = STYLED_ITEM ( 'NONE', ( #4335 ), #4003 ) ;
#193 = VERTEX_POINT ( 'NONE', #5650 ) ;
#194 =( LENGTH_UNIT ( ) NAMED_UNIT ( * ) SI_UNIT ( .MILLI., .METRE. ) );
#195 = CARTESIAN_POINT ( 'NONE',  ( 6.765257519046332213, 2.382847675134682319, -5.499999999999991118 ) ) ;
#196 = CARTESIAN_POINT ( 'NONE',  ( 7.221078573847033333, 2.520773204586716609, -5.498999999999989896 ) ) ;
#197 = CIRCLE ( 'NONE', #3011, 0.2999999999999999334 ) ;
#198 = DIRECTION ( 'NONE',  ( 0.000000000000000000, 1.000000000000000000, 3.591911631868355648E-15 ) ) ;
#199 = B_SPLINE_CURVE_WITH_KNOTS ( 'NONE', 3,
 ( #3869, #5235, #2424, #4235, #2482, #3400, #606, #5206, #1186, #1959, #3375, #3763, #5550, #180, #1118, #2907, #4736, #3060, #743 ),
 .UNSPECIFIED., .F., .F.,
 ( 4, 1, 1, 1, 1, 1, 1, 1, 1, 1, 1, 1, 1, 1, 1, 1, 4 ),
 ( 0.000000000000000000, 0.07493130598184519209, 0.1470775964339470221, 0.2163644561730685145, 0.2825027309006234999, 0.3466877108244159622, 0.4088355551310380309, 0.4692619872876919729, 0.5284320432534620471, 0.5870013379727410108, 0.6444163938320669471, 0.7021887902662969916, 0.7597671795443350362, 0.8184897928274490475, 0.8776328274167840560, 0.9380195662701680259, 1.000000000000000000 ),
 .UNSPECIFIED. ) ;
#200 = MECHANICAL_DESIGN_GEOMETRIC_PRESENTATION_REPRESENTATION (  '', ( #2367 ), #3325 ) ;
#201 = SURFACE_SIDE_STYLE ('',( #2057 ) ) ;
#202 = COLOUR_RGB ( '',0.8980392156862745390, 0.8980392156862745390, 0.8980392156862745390 ) ;
#203 = VERTEX_POINT ( 'NONE', #1669 ) ;
#204 = EDGE_LOOP ( 'NONE', ( #1675, #2296, #1855, #1115 ) ) ;
#205 = AXIS2_PLACEMENT_3D ( 'NONE', #4602, #1945, #3828 ) ;
#206 = EDGE_CURVE ( 'NONE', #436, #436, #1228, .T. ) ;
#207 = PRESENTATION_STYLE_ASSIGNMENT (( #174 ) ) ;
#208 = CARTESIAN_POINT ( 'NONE',  ( 6.681617806910401747, 3.222903230746647640, -5.498999999999982791 ) ) ;
#209 = PRESENTATION_LAYER_ASSIGNMENT (  '', '', ( #3620 ) ) ;
#210 = CARTESIAN_POINT ( 'NONE',  ( 7.173285491209482778, 1.970025297269472730, -5.499999999999996447 ) ) ;
#211 =( NAMED_UNIT ( * ) SI_UNIT ( $, .STERADIAN. ) SOLID_ANGLE_UNIT ( ) );
#212 = UNCERTAINTY_MEASURE_WITH_UNIT (LENGTH_MEASURE( 1.000000000000000082E-05 ), #3695, 'distance_accuracy_value', 'NONE');
#213 = ADVANCED_FACE ( 'NONE', ( #2054, #2087 ), #664, .F. ) ;
#214 = FACE_OUTER_BOUND ( 'NONE', #4228, .T. ) ;
#215 = AXIS2_PLACEMENT_3D ( 'NONE', #5065, #3264, #1850 ) ;
#216 = CARTESIAN_POINT ( 'NONE',  ( 3.750000000000003109, 2.500000000000064837, -1.499999999999990452 ) ) ;
#217 =( LENGTH_UNIT ( ) NAMED_UNIT ( * ) SI_UNIT ( .MILLI., .METRE. ) );
#218 = FILL_AREA_STYLE ('',( #2454 ) ) ;
#219 = CIRCLE ( 'NONE', #128, 0.3000000000000000444 ) ;
#220 = CARTESIAN_POINT ( 'NONE',  ( 6.661400929086087608, 2.879356057693847504, -5.498999999999986343 ) ) ;
#221 = FACE_OUTER_BOUND ( 'NONE', #2636, .T. ) ;
#222 = CARTESIAN_POINT ( 'NONE',  ( 7.362168622838582088, 2.234425694897106851, -5.498999999999993449 ) ) ;
#223 =( GEOMETRIC_REPRESENTATION_CONTEXT ( 3 ) GLOBAL_UNCERTAINTY_ASSIGNED_CONTEXT ( ( #584 ) ) GLOBAL_UNIT_ASSIGNED_CONTEXT ( ( #3868, #3076, #811 ) ) REPRESENTATION_CONTEXT ( 'NONE', 'WORKASPACE' ) );
#224 = SURFACE_SIDE_STYLE ('',( #4279 ) ) ;
#225 = EDGE_LOOP ( 'NONE', ( #4578 ) ) ;
#226 = UNCERTAINTY_MEASURE_WITH_UNIT (LENGTH_MEASURE( 1.000000000000000082E-05 ), #1142, 'distance_accuracy_value', 'NONE');
#227 = DIRECTION ( 'NONE',  ( 0.000000000000000000, -1.000000000000000000, 0.000000000000000000 ) ) ;
#228 = CARTESIAN_POINT ( 'NONE',  ( 6.445888408888078125, 2.847598293909602507, -5.498999999999986343 ) ) ;
#229 = DIRECTION ( 'NONE',  ( 1.807003620809174583E-15, -1.000000000000000000, -2.891205793294679017E-15 ) ) ;
#230 = VERTEX_POINT ( 'NONE', #4800 ) ;
#231 = ORIENTED_EDGE ( 'NONE', *, *, #5126, .F. ) ;
#232 = PLANE ( 'NONE',  #3687 ) ;
#233 = CARTESIAN_POINT ( 'NONE',  ( 6.635689227024712089, 2.544403914252383547, -5.499999999999989342 ) ) ;
#234 = CARTESIAN_POINT ( 'NONE',  ( 6.555929896693291958, 3.129317194976456218, -5.498999999999982791 ) ) ;
#235 = FILL_AREA_STYLE ('',( #178 ) ) ;
#236 = CARTESIAN_POINT ( 'NONE',  ( 6.952198505041922161, 1.751444447755755585, -5.499999999999998224 ) ) ;
#237 = ADVANCED_FACE ( 'NONE', ( #4515 ), #1851, .T. ) ;
#238 = FILL_AREA_STYLE ('',( #2911 ) ) ;
#239 =( NAMED_UNIT ( * ) SI_UNIT ( $, .STERADIAN. ) SOLID_ANGLE_UNIT ( ) );
#240 = SURFACE_STYLE_USAGE ( .BOTH. , #1598 ) ;
#241 = LINE ( 'NONE', #5677, #5295 ) ;
#242 = EDGE_CURVE ( 'NONE', #2144, #831, #5010, .T. ) ;
#243 = CARTESIAN_POINT ( 'NONE',  ( 7.000000000000004441, 6.000000000000073719, -4.499999999999977796 ) ) ;
#244 = CARTESIAN_POINT ( 'NONE',  ( 6.961513408888072796, 1.924521370832678491, -5.498999999999997002 ) ) ;
#245 = EDGE_LOOP ( 'NONE', ( #3391 ) ) ;
#246 = DIRECTION ( 'NONE',  ( 5.421010862427519212E-16, 1.000000000000000000, 3.794707603699263941E-15 ) ) ;
#247 =( LENGTH_UNIT ( ) NAMED_UNIT ( * ) SI_UNIT ( .MILLI., .METRE. ) );
#248 = FILL_AREA_STYLE_COLOUR ( '', #4370 ) ;
#249 = CARTESIAN_POINT ( 'NONE',  ( 6.818654643749747279, 1.943226028869385669, -5.499999999999996447 ) ) ;
#250 = ORIENTED_EDGE ( 'NONE', *, *, #2658, .T. ) ;
#251 = VERTEX_POINT ( 'NONE', #1286 ) ;
#252 = FILL_AREA_STYLE_COLOUR ( '', #3000 ) ;
#253 = CARTESIAN_POINT ( 'NONE',  ( 7.265750513782212039, 2.769343227641024363, -5.499999999999987566 ) ) ;
#254 = ORIENTED_EDGE ( 'NONE', *, *, #4973, .T. ) ;
#255 = CARTESIAN_POINT ( 'NONE',  ( 6.407426870426537135, 2.196456466986525857, -5.498999999999993449 ) ) ;
#256 = FACE_OUTER_BOUND ( 'NONE', #5197, .T. ) ;
#257 = CARTESIAN_POINT ( 'NONE',  ( 7.074160184841322696, 3.287950814755243645, -5.498999999999981014 ) ) ;
#258 = SURFACE_SIDE_STYLE ('',( #5834 ) ) ;
#259 = CARTESIAN_POINT ( 'NONE',  ( 7.366638531611882534, 2.270912741246291944, -5.499999999999992895 ) ) ;
#260 = FACE_OUTER_BOUND ( 'NONE', #3396, .T. ) ;
#261 = CARTESIAN_POINT ( 'NONE',  ( 6.687784751493707880, 2.964391746426974894, -5.498999999999984567 ) ) ;
#262 = CARTESIAN_POINT ( 'NONE',  ( 6.533414914327827283, 1.900546554567887680, -5.498999999999997002 ) ) ;
#263 = CARTESIAN_POINT ( 'NONE',  ( 6.756011783798417270, 2.592211245176941681, -5.499999999999989342 ) ) ;
#264 = CARTESIAN_POINT ( 'NONE',  ( 7.558562385030972663, 2.138682726612546325, -5.498999999999995225 ) ) ;
#265 =( NAMED_UNIT ( * ) SI_UNIT ( $, .STERADIAN. ) SOLID_ANGLE_UNIT ( ) );
#266 = CIRCLE ( 'NONE', #2713, 0.7500000000000000000 ) ;
#267 = ORIENTED_EDGE ( 'NONE', *, *, #451, .F. ) ;
#268 = EDGE_CURVE ( 'NONE', #1061, #913, #4351, .T. ) ;
#269 = CARTESIAN_POINT ( 'NONE',  ( 7.002078312734232313, 3.289905986217294576, -5.499999999999982236 ) ) ;
#270 = SURFACE_STYLE_USAGE ( .BOTH. , #4428 ) ;
#271 = SURFACE_STYLE_USAGE ( .BOTH. , #2114 ) ;
#272 = COLOUR_RGB ( '',0.8980392156862745390, 0.8980392156862745390, 0.8980392156862745390 ) ;
#273 = ORIENTED_EDGE ( 'NONE', *, *, #3321, .T. ) ;
#274 = ADVANCED_FACE ( 'NONE', ( #4021, #832 ), #2750, .T. ) ;
#275 = CARTESIAN_POINT ( 'NONE',  ( -1.089953900083879823, 5.492055319899416865, -3.999999999999979128 ) ) ;
#276 = DIRECTION ( 'NONE',  ( -0.6401843996644827062, 0.7682212795973734076, 2.759382950034598399E-15 ) ) ;
#277 = PRESENTATION_LAYER_ASSIGNMENT (  '', '', ( #3404 ) ) ;
#278 = MECHANICAL_DESIGN_GEOMETRIC_PRESENTATION_REPRESENTATION (  '', ( #2722 ), #3977 ) ;
#279 = ORIENTED_EDGE ( 'NONE', *, *, #5700, .T. ) ;
#280 = COLOUR_RGB ( '',0.1019607843137254888, 0.1019607843137254888, 0.1019607843137254888 ) ;
#281 = ORIENTED_EDGE ( 'NONE', *, *, #3169, .F. ) ;
#282 = DIRECTION ( 'NONE',  ( -3.469446951953611724E-16, -1.000000000000000000, -3.556183125752452177E-15 ) ) ;
#283 = UNCERTAINTY_MEASURE_WITH_UNIT (LENGTH_MEASURE( 1.000000000000000082E-05 ), #2506, 'distance_accuracy_value', 'NONE');
#284 = STYLED_ITEM ( 'NONE', ( #1764 ), #422 ) ;
#285 = ORIENTED_EDGE ( 'NONE', *, *, #2542, .F. ) ;
#286 = CARTESIAN_POINT ( 'NONE',  ( 6.442744764986161776, 2.360363075615944606, -5.498999999999991672 ) ) ;
#287 = CARTESIAN_POINT ( 'NONE',  ( 6.618965331964997034, 2.186240120832679601, -5.498999999999993449 ) ) ;
#288 = DIRECTION ( 'NONE',  ( 0.000000000000000000, -1.000000000000000000, -3.614007241618348376E-15 ) ) ;
#289 = FACE_BOUND ( 'NONE', #3810, .T. ) ;
#290 = COLOUR_RGB ( '',0.1019607843137254888, 0.1019607843137254888, 0.1019607843137254888 ) ;
#291 = SURFACE_SIDE_STYLE ('',( #4347 ) ) ;
#292 = SURFACE_STYLE_USAGE ( .BOTH. , #4738 ) ;
#293 = STYLED_ITEM ( 'NONE', ( #4969 ), #678 ) ;
#294 = AXIS2_PLACEMENT_3D ( 'NONE', #2342, #4158, #165 ) ;
#295 =( GEOMETRIC_REPRESENTATION_CONTEXT ( 3 ) GLOBAL_UNCERTAINTY_ASSIGNED_CONTEXT ( ( #1106 ) ) GLOBAL_UNIT_ASSIGNED_CONTEXT ( ( #2992, #2964, #1590 ) ) REPRESENTATION_CONTEXT ( 'NONE', 'WORKASPACE' ) );
#296 = CARTESIAN_POINT ( 'NONE',  ( 6.876190622786802820, 1.753295119022531656, -5.499999999999998224 ) ) ;
#297 = CARTESIAN_POINT ( 'NONE',  ( 7.033605043267142420, 2.666945694245402176, -5.499999999999989342 ) ) ;
#298 = AXIS2_PLACEMENT_3D ( 'NONE', #4523, #25, #1300 ) ;
#299 = SURFACE_SIDE_STYLE ('',( #1166 ) ) ;
#300 =( GEOMETRIC_REPRESENTATION_CONTEXT ( 3 ) GLOBAL_UNCERTAINTY_ASSIGNED_CONTEXT ( ( #2802 ) ) GLOBAL_UNIT_ASSIGNED_CONTEXT ( ( #1455, #3162, #5374 ) ) REPRESENTATION_CONTEXT ( 'NONE', 'WORKASPACE' ) );
#301 = ORIENTED_EDGE ( 'NONE', *, *, #5585, .T. ) ;
#302 = DIRECTION ( 'NONE',  ( -4.336808689942016750E-16, -1.000000000000000000, -3.591911631868355648E-15 ) ) ;
#303 = SURFACE_STYLE_FILL_AREA ( #4368 ) ;
#304 = EDGE_CURVE ( 'NONE', #2850, #4305, #4598, .T. ) ;
#305 = ORIENTED_EDGE ( 'NONE', *, *, #2890, .T. ) ;
#306 = PRESENTATION_LAYER_ASSIGNMENT (  '', '', ( #2389 ) ) ;
#307 = SURFACE_SIDE_STYLE ('',( #4373 ) ) ;
#308 = DIRECTION ( 'NONE',  ( 5.782411586589353694E-16, 1.000000000000000000, 3.469446951953612217E-15 ) ) ;
#309 =( NAMED_UNIT ( * ) SI_UNIT ( $, .STERADIAN. ) SOLID_ANGLE_UNIT ( ) );
#310 = CARTESIAN_POINT ( 'NONE',  ( 7.002078312734232313, 3.289905986217294576, -5.499999999999982236 ) ) ;
#311 = APPLICATION_PROTOCOL_DEFINITION ( 'draft international standard', 'automotive_design', 1998, #4880 ) ;
#312 = DIRECTION ( 'NONE',  ( 0.000000000000000000, 3.591911631868355648E-15, -1.000000000000000000 ) ) ;
#313 = ADVANCED_FACE ( 'NONE', ( #3237 ), #2017, .T. ) ;
#314 = ORIENTED_EDGE ( 'NONE', *, *, #4111, .F. ) ;
#315 = EDGE_LOOP ( 'NONE', ( #3665, #4095, #539, #4884 ) ) ;
#316 = CARTESIAN_POINT ( 'NONE',  ( 7.309665332390822279, 2.855017473052577248, -5.499999999999987566 ) ) ;
#317 = ORIENTED_EDGE ( 'NONE', *, *, #1953, .T. ) ;
#318 = CARTESIAN_POINT ( 'NONE',  ( 6.993664851195772414, 3.116829063140371670, -5.498999999999982791 ) ) ;
#319 =( NAMED_UNIT ( * ) PLANE_ANGLE_UNIT ( ) SI_UNIT ( $, .RADIAN. ) );
#320 = CARTESIAN_POINT ( 'NONE',  ( 7.000000000000003553, 5.000000000000063949, -1.499999999999981570 ) ) ;
#321 = DIRECTION ( 'NONE',  ( 0.000000000000000000, 3.591911631868355648E-15, -1.000000000000000000 ) ) ;
#322 = CARTESIAN_POINT ( 'NONE',  ( -7.549359403775211419, 3.277793762384871634, -5.499999999999992895 ) ) ;
#323 = PRESENTATION_STYLE_ASSIGNMENT (( #2915 ) ) ;
#324 = SURFACE_STYLE_FILL_AREA ( #2163 ) ;
#325 = DIRECTION ( 'NONE',  ( 5.782411586589356653E-16, 1.000000000000000000, 3.614007241618348376E-15 ) ) ;
#326 = ORIENTED_EDGE ( 'NONE', *, *, #4298, .F. ) ;
#327 = AXIS2_PLACEMENT_3D ( 'NONE', #5733, #4455, #2578 ) ;
#328 = CARTESIAN_POINT ( 'NONE',  ( -3.749999999999996003, -1.249996883773825784, 8.673617379884229532E-15 ) ) ;
#329 = CARTESIAN_POINT ( 'NONE',  ( -1.500000000000000000, 5.000000000000075495, -3.999999999999980904 ) ) ;
#330 = FACE_OUTER_BOUND ( 'NONE', #648, .T. ) ;
#331 =( NAMED_UNIT ( * ) PLANE_ANGLE_UNIT ( ) SI_UNIT ( $, .RADIAN. ) );
#332 =( GEOMETRIC_REPRESENTATION_CONTEXT ( 3 ) GLOBAL_UNCERTAINTY_ASSIGNED_CONTEXT ( ( #661 ) ) GLOBAL_UNIT_ASSIGNED_CONTEXT ( ( #3845, #2135, #5638 ) ) REPRESENTATION_CONTEXT ( 'NONE', 'WORKASPACE' ) );
#333 = VERTEX_POINT ( 'NONE', #1935 ) ;
#334 = CARTESIAN_POINT ( 'NONE',  ( 6.993664851195772414, 3.116829063140371670, -5.498999999999982791 ) ) ;
#335 = SURFACE_STYLE_FILL_AREA ( #1640 ) ;
#336 =( NAMED_UNIT ( * ) PLANE_ANGLE_UNIT ( ) SI_UNIT ( $, .RADIAN. ) );
#337 = STYLED_ITEM ( 'NONE', ( #3569 ), #1968 ) ;
#338 = EDGE_CURVE ( 'NONE', #3089, #3089, #2913, .T. ) ;
#339 = EDGE_LOOP ( 'NONE', ( #5810, #4328, #500, #5146 ) ) ;
#340 = ORIENTED_EDGE ( 'NONE', *, *, #4591, .T. ) ;
#341 = CARTESIAN_POINT ( 'NONE',  ( -7.549359403775211419, 3.277793762384871634, -5.498999999999993449 ) ) ;
#342 = FACE_OUTER_BOUND ( 'NONE', #710, .T. ) ;
#343 = DIRECTION ( 'NONE',  ( 0.000000000000000000, 3.591911631868355648E-15, -1.000000000000000000 ) ) ;
#344 = EDGE_CURVE ( 'NONE', #5231, #683, #3798, .T. ) ;
#345 = CARTESIAN_POINT ( 'NONE',  ( -0.9499999999999964029, 1.300000000000115286, 8.619407271259954310E-15 ) ) ;
#346 = FACE_BOUND ( 'NONE', #2208, .T. ) ;
#347 = SURFACE_SIDE_STYLE ('',( #439 ) ) ;
#348 = CARTESIAN_POINT ( 'NONE',  ( 6.952198505041922161, 1.751444447755755585, -5.499999999999998224 ) ) ;
#349 = EDGE_CURVE ( 'NONE', #1253, #4315, #5592, .T. ) ;
#350 = FACE_OUTER_BOUND ( 'NONE', #5629, .T. ) ;
#351 = FILL_AREA_STYLE ('',( #5765 ) ) ;
#352 = SURFACE_STYLE_USAGE ( .BOTH. , #1250 ) ;
#353 =( NAMED_UNIT ( * ) PLANE_ANGLE_UNIT ( ) SI_UNIT ( $, .RADIAN. ) );
#354 = EDGE_LOOP ( 'NONE', ( #4487, #5172, #1296, #4398, #1644, #2313, #4427, #3392, #3607, #4839 ) ) ;
#355 = LINE ( 'NONE', #4886, #4683 ) ;
#356 = UNCERTAINTY_MEASURE_WITH_UNIT (LENGTH_MEASURE( 1.000000000000000082E-05 ), #2487, 'distance_accuracy_value', 'NONE');
#357 = CARTESIAN_POINT ( 'NONE',  ( 7.508081592940231808, 2.989009588374113680, -5.498999999999984567 ) ) ;
#358 = ORIENTED_EDGE ( 'NONE', *, *, #58, .F. ) ;
#359 = COLOUR_RGB ( '',0.7921568627450980005, 0.8196078431372548767, 0.9333333333333333481 ) ;
#360 =( LENGTH_UNIT ( ) NAMED_UNIT ( * ) SI_UNIT ( .MILLI., .METRE. ) );
#361 = CARTESIAN_POINT ( 'NONE',  ( 7.215028999209282645, 3.066962706914142522, -5.498999999999984567 ) ) ;
#362 = FACE_OUTER_BOUND ( 'NONE', #245, .T. ) ;
#363 = PLANE ( 'NONE',  #696 ) ;
#364 = DIRECTION ( 'NONE',  ( 0.000000000000000000, 3.568904431242956914E-15, -1.000000000000000000 ) ) ;
#365 = CIRCLE ( 'NONE', #4149, 0.7500000000000002220 ) ;
#366 = CARTESIAN_POINT ( 'NONE',  ( 3.750000000000000888, 2.500000000000094147, -4.999999999999991118 ) ) ;
#367 = ORIENTED_EDGE ( 'NONE', *, *, #5620, .F. ) ;
#368 = VERTEX_POINT ( 'NONE', #3292 ) ;
#369 = UNCERTAINTY_MEASURE_WITH_UNIT (LENGTH_MEASURE( 1.000000000000000082E-05 ), #4900, 'distance_accuracy_value', 'NONE');
#370 = CIRCLE ( 'NONE', #2262, 0.2000000000000000944 ) ;
#371 =( NAMED_UNIT ( * ) SI_UNIT ( $, .STERADIAN. ) SOLID_ANGLE_UNIT ( ) );
#372 = AXIS2_PLACEMENT_3D ( 'NONE', #2097, #3022, #1294 ) ;
#373 = ORIENTED_EDGE ( 'NONE', *, *, #3467, .F. ) ;
#374 = SURFACE_STYLE_FILL_AREA ( #5753 ) ;
#375 =( NAMED_UNIT ( * ) PLANE_ANGLE_UNIT ( ) SI_UNIT ( $, .RADIAN. ) );
#376 = VERTEX_POINT ( 'NONE', #5345 ) ;
#377 = AXIS2_PLACEMENT_3D ( 'NONE', #2402, #1043, #4151 ) ;
#378 =( NAMED_UNIT ( * ) SI_UNIT ( $, .STERADIAN. ) SOLID_ANGLE_UNIT ( ) );
#379 = VECTOR ( 'NONE', #3256, 1000.000000000000000 ) ;
#380 = SURFACE_STYLE_USAGE ( .BOTH. , #2648 ) ;
#381 = AXIS2_PLACEMENT_3D ( 'NONE', #579, #2887, #4709 ) ;
#382 = PRESENTATION_STYLE_ASSIGNMENT (( #821 ) ) ;
#383 = ADVANCED_FACE ( 'NONE', ( #2835, #4659 ), #2546, .T. ) ;
#384 = CARTESIAN_POINT ( 'NONE',  ( 6.556723606930352943, 1.879274942791234526, -5.498999999999997002 ) ) ;
#385 = STYLED_ITEM ( 'NONE', ( #3895 ), #5185 ) ;
#386 = DIRECTION ( 'NONE',  ( 1.000000000000000000, 0.000000000000000000, 0.000000000000000000 ) ) ;
#387 = AXIS2_PLACEMENT_3D ( 'NONE', #5263, #4947, #3099 ) ;
#388 = DIRECTION ( 'NONE',  ( -0.6401843996644827062, 0.7682212795973734076, 2.759382950034598399E-15 ) ) ;
#389 = COLOUR_RGB ( '',0.8980392156862745390, 0.8980392156862745390, 0.8980392156862745390 ) ;
#390 = EDGE_CURVE ( 'NONE', #203, #5231, #1638, .T. ) ;
#391 = VERTEX_POINT ( 'NONE', #5710 ) ;
#392 = SURFACE_STYLE_FILL_AREA ( #4330 ) ;
#393 = DIRECTION ( 'NONE',  ( -1.011921810038670078E-30, -2.469888551894074927E-46, 1.000000000000000000 ) ) ;
#394 = MECHANICAL_DESIGN_GEOMETRIC_PRESENTATION_REPRESENTATION (  '', ( #1441 ), #2287 ) ;
#395 = ORIENTED_EDGE ( 'NONE', *, *, #1365, .T. ) ;
#396 = FILL_AREA_STYLE ('',( #3541 ) ) ;
#397 = CARTESIAN_POINT ( 'NONE',  ( 7.032799908030922253, 3.116534081582616356, -5.498999999999982791 ) ) ;
#398 = STYLED_ITEM ( 'NONE', ( #4344 ), #1337 ) ;
#399 = CARTESIAN_POINT ( 'NONE',  ( -7.549359403775211419, 1.777793762384871412, -5.498999999999988120 ) ) ;
#400 = FACE_OUTER_BOUND ( 'NONE', #428, .T. ) ;
#401 =( GEOMETRIC_REPRESENTATION_CONTEXT ( 3 ) GLOBAL_UNCERTAINTY_ASSIGNED_CONTEXT ( ( #4600 ) ) GLOBAL_UNIT_ASSIGNED_CONTEXT ( ( #4399, #5775, #1665 ) ) REPRESENTATION_CONTEXT ( 'NONE', 'WORKASPACE' ) );
#402 = ORIENTED_EDGE ( 'NONE', *, *, #451, .T. ) ;
#403 = ORIENTED_EDGE ( 'NONE', *, *, #2924, .F. ) ;
#404 = CARTESIAN_POINT ( 'NONE',  ( -0.6257359312880754754, 4.500000000000061284, -0.9999999999999833467 ) ) ;
#405 =( LENGTH_UNIT ( ) NAMED_UNIT ( * ) SI_UNIT ( .MILLI., .METRE. ) );
#406 = EDGE_LOOP ( 'NONE', ( #2075 ) ) ;
#407 = SURFACE_STYLE_FILL_AREA ( #4473 ) ;
#408 = SURFACE_STYLE_USAGE ( .BOTH. , #2614 ) ;
#409 =( NAMED_UNIT ( * ) SI_UNIT ( $, .STERADIAN. ) SOLID_ANGLE_UNIT ( ) );
#410 = LINE ( 'NONE', #2678, #474 ) ;
#411 = MECHANICAL_DESIGN_GEOMETRIC_PRESENTATION_REPRESENTATION (  '', ( #40 ), #725 ) ;
#412 = FILL_AREA_STYLE_COLOUR ( '', #659 ) ;
#413 = SURFACE_STYLE_FILL_AREA ( #2653 ) ;
#414 = LINE ( 'NONE', #4910, #4739 ) ;
#415 = FILL_AREA_STYLE_COLOUR ( '', #4624 ) ;
#416 = FILL_AREA_STYLE_COLOUR ( '', #2709 ) ;
#417 = EDGE_LOOP ( 'NONE', ( #3666, #1664, #2608, #1585 ) ) ;
#418 = CARTESIAN_POINT ( 'NONE',  ( 6.658770954638501216, 2.858339229705086026, -5.498999999999986343 ) ) ;
#419 =( LENGTH_UNIT ( ) NAMED_UNIT ( * ) SI_UNIT ( .MILLI., .METRE. ) );
#420 =( GEOMETRIC_REPRESENTATION_CONTEXT ( 3 ) GLOBAL_UNCERTAINTY_ASSIGNED_CONTEXT ( ( #2488 ) ) GLOBAL_UNIT_ASSIGNED_CONTEXT ( ( #2967, #893, #371 ) ) REPRESENTATION_CONTEXT ( 'NONE', 'WORKASPACE' ) );
#421 = EDGE_CURVE ( 'NONE', #750, #4778, #668, .T. ) ;
#422 = ADVANCED_FACE ( 'NONE', ( #2256, #1694 ), #2689, .T. ) ;
#423 = UNCERTAINTY_MEASURE_WITH_UNIT (LENGTH_MEASURE( 1.000000000000000082E-05 ), #5540, 'distance_accuracy_value', 'NONE');
#424 = ORIENTED_EDGE ( 'NONE', *, *, #2575, .F. ) ;
#425 = LINE ( 'NONE', #1792, #3507 ) ;
#426 = FACE_OUTER_BOUND ( 'NONE', #5785, .T. ) ;
#427 = CARTESIAN_POINT ( 'NONE',  ( 3.750000000000003553, 2.500000000000099476, -1.499999999999991340 ) ) ;
#428 = EDGE_LOOP ( 'NONE', ( #4438, #3085, #5356, #1148 ) ) ;
#429 = AXIS2_PLACEMENT_3D ( 'NONE', #2409, #3776, #4131 ) ;
#430 = UNCERTAINTY_MEASURE_WITH_UNIT (LENGTH_MEASURE( 1.000000000000000082E-05 ), #3888, 'distance_accuracy_value', 'NONE');
#431 = CARTESIAN_POINT ( 'NONE',  ( 7.578957058612082243, 2.250732953452397656, -5.499999999999992895 ) ) ;
#432 = PRESENTATION_STYLE_ASSIGNMENT (( #2639 ) ) ;
#433 = ORIENTED_EDGE ( 'NONE', *, *, #844, .F. ) ;
#434 = CARTESIAN_POINT ( 'NONE',  ( 7.574237604706492100, 2.212327284999750621, -5.499999999999994671 ) ) ;
#435 = FILL_AREA_STYLE_COLOUR ( '', #5131 ) ;
#436 = VERTEX_POINT ( 'NONE', #2221 ) ;
#437 = CARTESIAN_POINT ( 'NONE',  ( 7.257486966580382060, 2.760458870832679601, -5.499999999999987566 ) ) ;
#438 = CIRCLE ( 'NONE', #3834, 0.5999999999999998668 ) ;
#439 = SURFACE_STYLE_FILL_AREA ( #1057 ) ;
#440 = DIRECTION ( 'NONE',  ( 3.407492542097298945E-16, 1.000000000000000000, 3.591911631868355648E-15 ) ) ;
#441 = CARTESIAN_POINT ( 'NONE',  ( 7.522097567008821706, 2.897744932845216947, -5.499999999999985789 ) ) ;
#442 = CARTESIAN_POINT ( 'NONE',  ( -3.749999999999996003, 1.300000000000115286, -1.199999999999991296 ) ) ;
#443 = FACE_OUTER_BOUND ( 'NONE', #470, .T. ) ;
#444 = CARTESIAN_POINT ( 'NONE',  ( 6.980840326083352032, 3.116549819806031962, -5.499999999999984013 ) ) ;
#445 = SURFACE_SIDE_STYLE ('',( #5770 ) ) ;
#446 = CARTESIAN_POINT ( 'NONE',  ( -1.000000000000000000, 5.600000000000071587, -3.999999999999979128 ) ) ;
#447 = ORIENTED_EDGE ( 'NONE', *, *, #4865, .F. ) ;
#448 = CARTESIAN_POINT ( 'NONE',  ( 0.8378679656440429779, 4.500000000000061284, -1.087867965644020440 ) ) ;
#449 = CARTESIAN_POINT ( 'NONE',  ( 6.512498334798467070, 3.072624530651463459, -5.498999999999984567 ) ) ;
#450 = SURFACE_STYLE_FILL_AREA ( #5778 ) ;
#451 = EDGE_CURVE ( 'NONE', #4056, #4056, #1042, .T. ) ;
#452 = FILL_AREA_STYLE ('',( #917 ) ) ;
#453 = SURFACE_STYLE_USAGE ( .BOTH. , #956 ) ;
#454 =( GEOMETRIC_REPRESENTATION_CONTEXT ( 3 ) GLOBAL_UNCERTAINTY_ASSIGNED_CONTEXT ( ( #1788 ) ) GLOBAL_UNIT_ASSIGNED_CONTEXT ( ( #3778, #3342, #2438 ) ) REPRESENTATION_CONTEXT ( 'NONE', 'WORKASPACE' ) );
#455 = DIRECTION ( 'NONE',  ( 0.000000000000000000, 1.000000000000000000, -3.636102851368344260E-15 ) ) ;
#456 = CIRCLE ( 'NONE', #2065, 0.5999999999999998668 ) ;
#457 = ADVANCED_FACE ( 'NONE', ( #2230 ), #4707, .T. ) ;
#458 = ORIENTED_EDGE ( 'NONE', *, *, #1580, .T. ) ;
#459 = VERTEX_POINT ( 'NONE', #1432 ) ;
#460 = FACE_OUTER_BOUND ( 'NONE', #1264, .T. ) ;
#461 =( NAMED_UNIT ( * ) SI_UNIT ( $, .STERADIAN. ) SOLID_ANGLE_UNIT ( ) );
#462 = CARTESIAN_POINT ( 'NONE',  ( 7.311065400115772661, 2.900601313063442266, -5.498999999999986343 ) ) ;
#463 = FACE_OUTER_BOUND ( 'NONE', #315, .T. ) ;
#464 = FILL_AREA_STYLE_COLOUR ( '', #842 ) ;
#465 = DIRECTION ( 'NONE',  ( 0.000000000000000000, 9.957992501029929072E-17, -1.000000000000000000 ) ) ;
#466 =( GEOMETRIC_REPRESENTATION_CONTEXT ( 3 ) GLOBAL_UNCERTAINTY_ASSIGNED_CONTEXT ( ( #2255 ) ) GLOBAL_UNIT_ASSIGNED_CONTEXT ( ( #2193, #4476, #1779 ) ) REPRESENTATION_CONTEXT ( 'NONE', 'WORKASPACE' ) );
#467 = CARTESIAN_POINT ( 'NONE',  ( 6.929800260216111951, 2.641012448577229055, -5.498999999999988120 ) ) ;
#468 = CARTESIAN_POINT ( 'NONE',  ( 6.679343979098362638, 2.027445979091536010, -5.499999999999996447 ) ) ;
#469 = DIRECTION ( 'NONE',  ( 0.000000000000000000, -3.568904431242956914E-15, 1.000000000000000000 ) ) ;
#470 = EDGE_LOOP ( 'NONE', ( #2124 ) ) ;
#471 = CARTESIAN_POINT ( 'NONE',  ( -6.999999999999996447, 2.500000000000070166, -2.499999999999990674 ) ) ;
#472 =( LENGTH_UNIT ( ) NAMED_UNIT ( * ) SI_UNIT ( .MILLI., .METRE. ) );
#473 = DIRECTION ( 'NONE',  ( -1.000000000000000000, 5.551115123125782702E-17, 4.063390949319085680E-31 ) ) ;
#474 = VECTOR ( 'NONE', #56, 1000.000000000000000 ) ;
#475 = CARTESIAN_POINT ( 'NONE',  ( 6.993664851195772414, 3.116829063140371670, -5.498999999999982791 ) ) ;
#476 = CARTESIAN_POINT ( 'NONE',  ( 6.715909544467236536, 3.010795794026205563, -5.499999999999985789 ) ) ;
#477 = CARTESIAN_POINT ( 'NONE',  ( -1.249999999999999112, 2.500000000000094147, -4.999999999999991118 ) ) ;
#478 = ORIENTED_EDGE ( 'NONE', *, *, #3720, .T. ) ;
#479 = AXIS2_PLACEMENT_3D ( 'NONE', #2175, #3739, #2858 ) ;
#480 = CIRCLE ( 'NONE', #576, 2.500000000000000888 ) ;
#481 = FACE_OUTER_BOUND ( 'NONE', #4491, .T. ) ;
#482 =( LENGTH_UNIT ( ) NAMED_UNIT ( * ) SI_UNIT ( .MILLI., .METRE. ) );
#483 = CARTESIAN_POINT ( 'NONE',  ( 7.293683714041262256, 2.551138988182752421, -5.498999999999989896 ) ) ;
#484 = ADVANCED_FACE ( 'NONE', ( #1483 ), #4125, .F. ) ;
#485 = STYLED_ITEM ( 'NONE', ( #5783 ), #5234 ) ;
#486 = DIRECTION ( 'NONE',  ( 0.000000000000000000, 3.591911631868355648E-15, -1.000000000000000000 ) ) ;
#487 = MECHANICAL_DESIGN_GEOMETRIC_PRESENTATION_REPRESENTATION (  '', ( #1241 ), #2460 ) ;
#488 = STYLED_ITEM ( 'NONE', ( #323 ), #5404 ) ;
#489 = CARTESIAN_POINT ( 'NONE',  ( 6.961513408888072796, 1.924521370832678491, -5.498999999999997002 ) ) ;
#490 = FACE_OUTER_BOUND ( 'NONE', #1265, .T. ) ;
#491 = COLOUR_RGB ( '',0.8980392156862745390, 0.8980392156862745390, 0.8980392156862745390 ) ;
#492 = EDGE_CURVE ( 'NONE', #1052, #3561, #2777, .T. ) ;
#493 = SURFACE_STYLE_USAGE ( .BOTH. , #4931 ) ;
#494 = ORIENTED_EDGE ( 'NONE', *, *, #1503, .T. ) ;
#495 = AXIS2_PLACEMENT_3D ( 'NONE', #5637, #5467, #5039 ) ;
#496 = CARTESIAN_POINT ( 'NONE',  ( 1.500000000000000000, 5.000000000000075495, -3.999999999999980904 ) ) ;
#497 = CARTESIAN_POINT ( 'NONE',  ( 7.215444903480841887, 1.786444992011475552, -5.498999999999998778 ) ) ;
#498 =( NAMED_UNIT ( * ) SI_UNIT ( $, .STERADIAN. ) SOLID_ANGLE_UNIT ( ) );
#499 = CARTESIAN_POINT ( 'NONE',  ( 7.522811485811152110, 2.879148774678832901, -5.498999999999986343 ) ) ;
#500 = ORIENTED_EDGE ( 'NONE', *, *, #4141, .T. ) ;
#501 = SURFACE_SIDE_STYLE ('',( #4638 ) ) ;
#502 =( LENGTH_UNIT ( ) NAMED_UNIT ( * ) SI_UNIT ( .MILLI., .METRE. ) );
#503 = CARTESIAN_POINT ( 'NONE',  ( 4.050000000000004263, 1.300000000000115286, 8.619407271259954310E-15 ) ) ;
#504 = EDGE_CURVE ( 'NONE', #2783, #4519, #5742, .T. ) ;
#505 = CARTESIAN_POINT ( 'NONE',  ( -1.249999999999999778, 5.000000000000061284, -0.9999999999999813483 ) ) ;
#506 = CARTESIAN_POINT ( 'NONE',  ( 6.980829551598192850, 2.449817675797688832, -5.499999999999991118 ) ) ;
#507 =( NAMED_UNIT ( * ) SI_UNIT ( $, .STERADIAN. ) SOLID_ANGLE_UNIT ( ) );
#508 = DIRECTION ( 'NONE',  ( 1.000000000000000000, 0.000000000000000000, -1.807003620809194846E-16 ) ) ;
#509 = MECHANICAL_DESIGN_GEOMETRIC_PRESENTATION_REPRESENTATION (  '', ( #4285 ), #1353 ) ;
#510 = EDGE_LOOP ( 'NONE', ( #2523, #1773, #1409, #1620 ) ) ;
#511 = CARTESIAN_POINT ( 'NONE',  ( 7.032799908030922253, 3.116534081582616356, -5.499999999999984013 ) ) ;
#512 = CARTESIAN_POINT ( 'NONE',  ( 7.000000000000003553, 5.000000000000063949, -1.499999999999981570 ) ) ;
#513 = CARTESIAN_POINT ( 'NONE',  ( 7.522811485811152110, 2.879148774678832901, -5.498999999999986343 ) ) ;
#514 = CARTESIAN_POINT ( 'NONE',  ( 1.500000000000000444, 5.000000000000076383, -4.499999999999981348 ) ) ;
#515 = CARTESIAN_POINT ( 'NONE',  ( 6.661400929086087608, 2.879356057693847504, -5.499999999999985789 ) ) ;
#516 = DIRECTION ( 'NONE',  ( 1.000000000000000000, 0.000000000000000000, 0.000000000000000000 ) ) ;
#517 = PRESENTATION_LAYER_ASSIGNMENT (  '', '', ( #4663 ) ) ;
#518 = ORIENTED_EDGE ( 'NONE', *, *, #2764, .T. ) ;
#519 = CARTESIAN_POINT ( 'NONE',  ( 6.487198837404846152, 3.028397558574170034, -5.499999999999984013 ) ) ;
#520 = CARTESIAN_POINT ( 'NONE',  ( 7.210673661873651774, 3.262582862058192479, -5.499999999999982236 ) ) ;
#521 = SURFACE_STYLE_USAGE ( .BOTH. , #1466 ) ;
#522 = DIRECTION ( 'NONE',  ( 0.000000000000000000, 3.591911631868355648E-15, -1.000000000000000000 ) ) ;
#523 = CARTESIAN_POINT ( 'NONE',  ( 6.777306006305871655, 1.958999355969642586, -5.498999999999997002 ) ) ;
#524 = LINE ( 'NONE', #1379, #2486 ) ;
#525 = VERTEX_POINT ( 'NONE', #2073 ) ;
#526 = CLOSED_SHELL ( 'NONE', ( #1722, #1615, #4250, #237, #3820, #3975, #3685, #5800, #168, #3121, #4378, #3436, #3536, #4331, #4439, #690, #3963, #1874, #2687, #3819, #909, #5196, #3755, #718, #5234, #1978, #1337, #1760, #2550, #545, #4554, #2199, #484, #2325, #2968, #2151, #3131, #614, #32, #1541, #102, #3637, #915 ) ) ;
#527 = SURFACE_STYLE_FILL_AREA ( #2694 ) ;
#528 = CARTESIAN_POINT ( 'NONE',  ( 7.135623617799073060, 1.766554342101868569, -5.498999999999998778 ) ) ;
#529 =( NAMED_UNIT ( * ) PLANE_ANGLE_UNIT ( ) SI_UNIT ( $, .RADIAN. ) );
#530 = CARTESIAN_POINT ( 'NONE',  ( 7.069860859017132348, 2.473426375560108248, -5.498999999999989896 ) ) ;
#531 = CARTESIAN_POINT ( 'NONE',  ( 7.191797434842912118, 3.080708419364799333, -5.498999999999984567 ) ) ;
#532 = DIRECTION ( 'NONE',  ( 5.782411586589355667E-16, 1.000000000000000000, 3.469446951953613006E-15 ) ) ;
#533 = FILL_AREA_STYLE_COLOUR ( '', #5475 ) ;
#534 = CARTESIAN_POINT ( 'NONE',  ( 7.000000000000001776, 3.900000000000062972, -1.499999999999985567 ) ) ;
#535 = CARTESIAN_POINT ( 'NONE',  ( 6.407426870426537135, 2.196456466986525857, -5.498999999999993449 ) ) ;
#536 =( GEOMETRIC_REPRESENTATION_CONTEXT ( 3 ) GLOBAL_UNCERTAINTY_ASSIGNED_CONTEXT ( ( #5529 ) ) GLOBAL_UNIT_ASSIGNED_CONTEXT ( ( #419, #2895, #1763 ) ) REPRESENTATION_CONTEXT ( 'NONE', 'WORKASPACE' ) );
#537 = ADVANCED_FACE ( 'NONE', ( #3881, #1663 ), #1548, .T. ) ;
#538 = LINE ( 'NONE', #4646, #3964 ) ;
#539 = ORIENTED_EDGE ( 'NONE', *, *, #1101, .F. ) ;
#540 = CARTESIAN_POINT ( 'NONE',  ( -6.607051711467516242, 1.777793762384871412, -5.499999999999987566 ) ) ;
#541 = DIRECTION ( 'NONE',  ( 1.000000000000000000, 0.000000000000000000, 0.000000000000000000 ) ) ;
#542 = DIRECTION ( 'NONE',  ( -0.000000000000000000, -3.591911631868355648E-15, 1.000000000000000000 ) ) ;
#543 = CARTESIAN_POINT ( 'NONE',  ( 6.752745695765423051, 3.049158863956539900, -5.499999999999984013 ) ) ;
#544 =( NAMED_UNIT ( * ) PLANE_ANGLE_UNIT ( ) SI_UNIT ( $, .RADIAN. ) );
#545 = ADVANCED_FACE ( 'NONE', ( #4793, #2536 ), #4919, .T. ) ;
#546 = DIRECTION ( 'NONE',  ( -1.807003620809194846E-16, 0.000000000000000000, -1.000000000000000000 ) ) ;
#547 = CARTESIAN_POINT ( 'NONE',  ( 7.252460183627722046, 1.798944182135482794, -5.498999999999998778 ) ) ;
#548 = CARTESIAN_POINT ( 'NONE',  ( 7.509893757778952406, 2.781286828853624549, -5.498999999999986343 ) ) ;
#549 = DIRECTION ( 'NONE',  ( -1.000000000000000000, 5.551115123125782702E-17, 4.063390949319085680E-31 ) ) ;
#550 = COLOUR_RGB ( '',0.1019607843137254888, 0.1019607843137254888, 0.1019607843137254888 ) ;
#551 = FILL_AREA_STYLE_COLOUR ( '', #2209 ) ;
#552 = ORIENTED_EDGE ( 'NONE', *, *, #883, .F. ) ;
#553 = CARTESIAN_POINT ( 'NONE',  ( 7.578957058612082243, 2.250732953452397656, -5.498999999999993449 ) ) ;
#554 = LINE ( 'NONE', #1053, #3130 ) ;
#555 = CARTESIAN_POINT ( 'NONE',  ( 6.869472071929282109, 2.419341782042482070, -5.499999999999991118 ) ) ;
#556 = DIRECTION ( 'NONE',  ( 5.530859633884060252E-30, 1.349966643306301775E-45, -1.000000000000000000 ) ) ;
#557 = CARTESIAN_POINT ( 'NONE',  ( 6.777624481542582124, 3.261202379328759005, -5.499999999999982236 ) ) ;
#558 =( LENGTH_UNIT ( ) NAMED_UNIT ( * ) SI_UNIT ( .MILLI., .METRE. ) );
#559 = VERTEX_POINT ( 'NONE', #931 ) ;
#560 = PRESENTATION_LAYER_ASSIGNMENT (  '', '', ( #1405 ) ) ;
#561 =( LENGTH_UNIT ( ) NAMED_UNIT ( * ) SI_UNIT ( .MILLI., .METRE. ) );
#562 = CARTESIAN_POINT ( 'NONE',  ( 7.000000000000000888, -0.9999999999999253930, -4.500000000000003553 ) ) ;
#563 = LINE ( 'NONE', #5112, #3111 ) ;
#564 = CARTESIAN_POINT ( 'NONE',  ( -7.000000000000000000, 6.548581121812446781E-14, -1.499999999999999334 ) ) ;
#565 =( LENGTH_UNIT ( ) NAMED_UNIT ( * ) SI_UNIT ( .MILLI., .METRE. ) );
#566 = CARTESIAN_POINT ( 'NONE',  ( 6.715909544467236536, 3.010795794026205563, -5.499999999999985789 ) ) ;
#567 = ADVANCED_FACE ( 'NONE', ( #2046, #4037 ), #4882, .T. ) ;
#568 = CARTESIAN_POINT ( 'NONE',  ( -0.8594875162046679007, 5.600000000000073364, -4.499999999999979572 ) ) ;
#569 = DIRECTION ( 'NONE',  ( -1.000000000000000000, 4.336808689942016750E-16, 1.557743357859049482E-30 ) ) ;
#570 = UNCERTAINTY_MEASURE_WITH_UNIT (LENGTH_MEASURE( 1.000000000000000082E-05 ), #2611, 'distance_accuracy_value', 'NONE');
#571 = AXIS2_PLACEMENT_3D ( 'NONE', #5701, #5371, #3557 ) ;
#572 = CIRCLE ( 'NONE', #1127, 0.2999999999999999889 ) ;
#573 = CIRCLE ( 'NONE', #3692, 1.750000000000000666 ) ;
#574 = PRESENTATION_LAYER_ASSIGNMENT (  '', '', ( #4913 ) ) ;
#575 = SURFACE_STYLE_FILL_AREA ( #4098 ) ;
#576 = AXIS2_PLACEMENT_3D ( 'NONE', #2258, #4976, #2716 ) ;
#577 = CARTESIAN_POINT ( 'NONE',  ( -6.395513249929057231, 3.277793762384871634, -5.498999999999993449 ) ) ;
#578 = STYLED_ITEM ( 'NONE', ( #4912 ), #567 ) ;
#579 = CARTESIAN_POINT ( 'NONE',  ( 7.000000000000001776, 2.500000000000063505, -1.499999999999990452 ) ) ;
#580 = DIRECTION ( 'NONE',  ( 0.000000000000000000, -3.591911631868355648E-15, 1.000000000000000000 ) ) ;
#581 = STYLED_ITEM ( 'NONE', ( #5554 ), #5331 ) ;
#582 = COLOUR_RGB ( '',0.9529411764705881804, 0.7960784313725489669, 0.4862745098039215619 ) ;
#583 =( NAMED_UNIT ( * ) PLANE_ANGLE_UNIT ( ) SI_UNIT ( $, .RADIAN. ) );
#584 = UNCERTAINTY_MEASURE_WITH_UNIT (LENGTH_MEASURE( 1.000000000000000082E-05 ), #3868, 'distance_accuracy_value', 'NONE');
#585 = STYLED_ITEM ( 'NONE', ( #2250 ), #614 ) ;
#586 =( GEOMETRIC_REPRESENTATION_CONTEXT ( 3 ) GLOBAL_UNCERTAINTY_ASSIGNED_CONTEXT ( ( #212 ) ) GLOBAL_UNIT_ASSIGNED_CONTEXT ( ( #3695, #1444, #4470 ) ) REPRESENTATION_CONTEXT ( 'NONE', 'WORKASPACE' ) );
#587 = AXIS2_PLACEMENT_3D ( 'NONE', #1482, #4269, #3290 ) ;
#588 = ORIENTED_EDGE ( 'NONE', *, *, #2688, .T. ) ;
#589 = DIRECTION ( 'NONE',  ( 1.000000000000000000, -2.168404344971008375E-16, -7.788716789295247410E-31 ) ) ;
#590 = DIRECTION ( 'NONE',  ( 0.000000000000000000, -3.713525943768165452E-15, 1.000000000000000000 ) ) ;
#591 = CARTESIAN_POINT ( 'NONE',  ( 6.619471763798617125, 2.197083192884904612, -5.499999999999994671 ) ) ;
#592 = CARTESIAN_POINT ( 'NONE',  ( 7.151913475151202348, 2.497434809338316519, -5.498999999999989896 ) ) ;
#593 = CARTESIAN_POINT ( 'NONE',  ( 7.006995346872562536, 3.116728584165805671, -5.499999999999984013 ) ) ;
#594 = DIRECTION ( 'NONE',  ( 1.000000000000000000, 0.000000000000000000, 0.000000000000000000 ) ) ;
#595 = FACE_OUTER_BOUND ( 'NONE', #2149, .T. ) ;
#596 = VERTEX_POINT ( 'NONE', #2323 ) ;
#597 = STYLED_ITEM ( 'NONE', ( #4002 ), #5835 ) ;
#598 = MECHANICAL_DESIGN_GEOMETRIC_PRESENTATION_REPRESENTATION (  '', ( #691 ), #3235 ) ;
#599 = ORIENTED_EDGE ( 'NONE', *, *, #4858, .F. ) ;
#600 = FILL_AREA_STYLE ('',( #5488 ) ) ;
#601 = CARTESIAN_POINT ( 'NONE',  ( 7.311273024272692211, 2.892970890063448763, -5.499999999999985789 ) ) ;
#602 = CARTESIAN_POINT ( 'NONE',  ( 7.002078312734232313, 3.289905986217294576, -5.498999999999981014 ) ) ;
#603 = CARTESIAN_POINT ( 'NONE',  ( 7.252277714530712238, 2.756018894411696341, -5.498999999999988120 ) ) ;
#604 = AXIS2_PLACEMENT_3D ( 'NONE', #5020, #2676, #532 ) ;
#605 =( NAMED_UNIT ( * ) SI_UNIT ( $, .STERADIAN. ) SOLID_ANGLE_UNIT ( ) );
#606 = CARTESIAN_POINT ( 'NONE',  ( 6.528531572587997545, 2.472466518778553279, -5.499999999999991118 ) ) ;
#607 = CARTESIAN_POINT ( 'NONE',  ( 7.353089310456432770, 2.582877223164640856, -5.498999999999989896 ) ) ;
#608 = PRESENTATION_LAYER_ASSIGNMENT (  '', '', ( #5320 ) ) ;
#609 = FACE_BOUND ( 'NONE', #5349, .T. ) ;
#610 = CARTESIAN_POINT ( 'NONE',  ( 7.263508055524002138, 3.244260124537935663, -5.498999999999982791 ) ) ;
#611 =( NAMED_UNIT ( * ) SI_UNIT ( $, .STERADIAN. ) SOLID_ANGLE_UNIT ( ) );
#612 = ADVANCED_FACE ( 'NONE', ( #2227 ), #2138, .T. ) ;
#613 = CARTESIAN_POINT ( 'NONE',  ( 7.522273571871332720, 2.862355099858300278, -5.499999999999985789 ) ) ;
#614 = ADVANCED_FACE ( 'NONE', ( #2682 ), #5730, .F. ) ;
#615 = CARTESIAN_POINT ( 'NONE',  ( 7.000000000000001776, 2.500000000000077716, -5.499999999999991118 ) ) ;
#616 = ORIENTED_EDGE ( 'NONE', *, *, #2658, .F. ) ;
#617 = FACE_OUTER_BOUND ( 'NONE', #873, .T. ) ;
#618 = SURFACE_SIDE_STYLE ('',( #76 ) ) ;
#619 =( NAMED_UNIT ( * ) PLANE_ANGLE_UNIT ( ) SI_UNIT ( $, .RADIAN. ) );
#620 = CARTESIAN_POINT ( 'NONE',  ( 3.750000000000003553, -1.149996883773825695, 8.673617379884229532E-15 ) ) ;
#621 = VERTEX_POINT ( 'NONE', #5425 ) ;
#622 = STYLED_ITEM ( 'NONE', ( #382 ), #2445 ) ;
#623 = CARTESIAN_POINT ( 'NONE',  ( 6.667643216580382948, 2.559136755448064182, -5.499999999999989342 ) ) ;
#624 = VERTEX_POINT ( 'NONE', #3738 ) ;
#625 = VERTEX_POINT ( 'NONE', #1005 ) ;
#626 =( LENGTH_UNIT ( ) NAMED_UNIT ( * ) SI_UNIT ( .MILLI., .METRE. ) );
#627 = DIRECTION ( 'NONE',  ( 0.000000000000000000, -3.591911631868355648E-15, 1.000000000000000000 ) ) ;
#628 = DIRECTION ( 'NONE',  ( 2.891205793294678326E-16, -1.000000000000000000, 0.000000000000000000 ) ) ;
#629 =( NAMED_UNIT ( * ) SI_UNIT ( $, .STERADIAN. ) SOLID_ANGLE_UNIT ( ) );
#630 = UNCERTAINTY_MEASURE_WITH_UNIT (LENGTH_MEASURE( 1.000000000000000082E-05 ), #360, 'distance_accuracy_value', 'NONE');
#631 = CARTESIAN_POINT ( 'NONE',  ( 1.250000000000003775, -1.249996883773825784, 8.673617379884229532E-15 ) ) ;
#632 = DIRECTION ( 'NONE',  ( -1.835596038252509459E-31, 3.614918832493752804E-15, -1.000000000000000000 ) ) ;
#633 = FILL_AREA_STYLE_COLOUR ( '', #3504 ) ;
#634 =( NAMED_UNIT ( * ) PLANE_ANGLE_UNIT ( ) SI_UNIT ( $, .RADIAN. ) );
#635 = SURFACE_STYLE_USAGE ( .BOTH. , #5156 ) ;
#636 = CARTESIAN_POINT ( 'NONE',  ( 0.6257359312880771407, 5.000000000000061284, -0.9999999999999813483 ) ) ;
#637 =( NAMED_UNIT ( * ) SI_UNIT ( $, .STERADIAN. ) SOLID_ANGLE_UNIT ( ) );
#638 = PRESENTATION_STYLE_ASSIGNMENT (( #271 ) ) ;
#639 = EDGE_CURVE ( 'NONE', #1443, #4452, #5184, .T. ) ;
#640 = ORIENTED_EDGE ( 'NONE', *, *, #1222, .T. ) ;
#641 = PRESENTATION_STYLE_ASSIGNMENT (( #5165 ) ) ;
#642 = CARTESIAN_POINT ( 'NONE',  ( 6.667643216580382948, 2.559136755448064182, -5.498999999999989896 ) ) ;
#643 = CARTESIAN_POINT ( 'NONE',  ( 7.112595538457992639, 2.485340473643901760, -5.499999999999991118 ) ) ;
#644 = CARTESIAN_POINT ( 'NONE',  ( -1.249999999999995781, 2.500000000000094147, -5.949999999999992184 ) ) ;
#645 = PRODUCT_CONTEXT ( 'NONE', #3055, 'mechanical' ) ;
#646 = EDGE_CURVE ( 'NONE', #1741, #3054, #3847, .T. ) ;
#647 = EDGE_LOOP ( 'NONE', ( #3181, #1564, #5433, #2675 ) ) ;
#648 = EDGE_LOOP ( 'NONE', ( #4753 ) ) ;
#649 = CARTESIAN_POINT ( 'NONE',  ( 6.656858269928776828, 2.554164202457608113, -5.499999999999989342 ) ) ;
#650 = CARTESIAN_POINT ( 'NONE',  ( 6.655080423761057240, 2.304149785322956223, -5.499999999999992895 ) ) ;
#651 = CARTESIAN_POINT ( 'NONE',  ( 7.002078312734232313, 3.289905986217294576, -5.498999999999981014 ) ) ;
#652 = MECHANICAL_DESIGN_GEOMETRIC_PRESENTATION_REPRESENTATION (  '', ( #2530 ), #2160 ) ;
#653 = CIRCLE ( 'NONE', #3095, 0.5999999999999998668 ) ;
#654 = CARTESIAN_POINT ( 'NONE',  ( 6.444167976967122513, 2.024972637049383462, -5.499999999999996447 ) ) ;
#655 = MECHANICAL_DESIGN_GEOMETRIC_PRESENTATION_REPRESENTATION (  '', ( #2715 ), #2532 ) ;
#656 = B_SPLINE_CURVE_WITH_KNOTS ( 'NONE', 3,
 ( #1067, #603, #5058, #2798, #1927, #1958, #4561, #4117, #2331, #3284, #5080, #4649, #63, #3348, #3678, #1030, #3786, #2358, #4139 ),
 .UNSPECIFIED., .F., .F.,
 ( 4, 1, 1, 1, 1, 1, 1, 1, 1, 1, 1, 1, 1, 1, 1, 1, 4 ),
 ( 0.000000000000000000, 0.03274321823113744701, 0.07240960549385719314, 0.1196114857927609992, 0.1746729151985134953, 0.2373450901947015135, 0.3083524168429155332, 0.3876300477623594865, 0.4747836155862519836, 0.5633323159904150002, 0.6451362168299870081, 0.7202025267224649863, 0.7891341563324459907, 0.8514970735699649573, 0.9073306044315619934, 0.9569686823424189415, 1.000000000000000000 ),
 .UNSPECIFIED. ) ;
#657 = PRESENTATION_STYLE_ASSIGNMENT (( #1099 ) ) ;
#658 = PRESENTATION_LAYER_ASSIGNMENT (  '', '', ( #3209 ) ) ;
#659 = COLOUR_RGB ( '',0.8980392156862745390, 0.8980392156862745390, 0.8980392156862745390 ) ;
#660 = DIRECTION ( 'NONE',  ( 0.000000000000000000, 9.957992501029929072E-17, -1.000000000000000000 ) ) ;
#661 = UNCERTAINTY_MEASURE_WITH_UNIT (LENGTH_MEASURE( 1.000000000000000082E-05 ), #3845, 'distance_accuracy_value', 'NONE');
#662 = CARTESIAN_POINT ( 'NONE',  ( 7.521215523381973078, 2.829322822835487194, -5.499999999999987566 ) ) ;
#663 = STYLED_ITEM ( 'NONE', ( #5568 ), #2869 ) ;
#664 = TOROIDAL_SURFACE ( 'NONE', #1131, 0.5999999999999999778, 0.2999999999999999889 ) ;
#665 = EDGE_CURVE ( 'NONE', #5027, #5068, #89, .T. ) ;
#666 =( LENGTH_UNIT ( ) NAMED_UNIT ( * ) SI_UNIT ( .MILLI., .METRE. ) );
#667 = MECHANICAL_DESIGN_GEOMETRIC_PRESENTATION_REPRESENTATION (  '', ( #2825 ), #3876 ) ;
#668 = CIRCLE ( 'NONE', #1235, 2.500000000000001776 ) ;
#669 = FILL_AREA_STYLE ('',( #2977 ) ) ;
#670 = VERTEX_POINT ( 'NONE', #568 ) ;
#671 = CYLINDRICAL_SURFACE ( 'NONE', #205, 1.500000000000000444 ) ;
#672 = STYLED_ITEM ( 'NONE', ( #1007 ), #5370 ) ;
#673 = SURFACE_STYLE_USAGE ( .BOTH. , #1082 ) ;
#674 =( NAMED_UNIT ( * ) PLANE_ANGLE_UNIT ( ) SI_UNIT ( $, .RADIAN. ) );
#675 =( GEOMETRIC_REPRESENTATION_CONTEXT ( 3 ) GLOBAL_UNCERTAINTY_ASSIGNED_CONTEXT ( ( #369 ) ) GLOBAL_UNIT_ASSIGNED_CONTEXT ( ( #4900, #375, #794 ) ) REPRESENTATION_CONTEXT ( 'NONE', 'WORKASPACE' ) );
#676 = SURFACE_SIDE_STYLE ('',( #2027 ) ) ;
#677 =( NAMED_UNIT ( * ) PLANE_ANGLE_UNIT ( ) SI_UNIT ( $, .RADIAN. ) );
#678 = ADVANCED_FACE ( 'NONE', ( #4594, #2773 ), #5293, .F. ) ;
#679 = CARTESIAN_POINT ( 'NONE',  ( 6.863662756611012661, 1.932798462220692626, -5.498999999999997002 ) ) ;
#680 = CIRCLE ( 'NONE', #3510, 0.7500000000000000000 ) ;
#681 = ORIENTED_EDGE ( 'NONE', *, *, #5336, .T. ) ;
#682 = VECTOR ( 'NONE', #2810, 1000.000000000000000 ) ;
#683 = VERTEX_POINT ( 'NONE', #1899 ) ;
#684 = PRESENTATION_LAYER_ASSIGNMENT (  '', '', ( #2643 ) ) ;
#685 = DIRECTION ( 'NONE',  ( 1.000000000000000000, 0.000000000000000000, 7.433064981013480826E-31 ) ) ;
#686 = CARTESIAN_POINT ( 'NONE',  ( 6.442744764986161776, 2.360363075615944606, -5.499999999999992895 ) ) ;
#687 = FACE_OUTER_BOUND ( 'NONE', #5217, .T. ) ;
#688 = ADVANCED_FACE ( 'NONE', ( #2011, #4321 ), #2092, .T. ) ;
#689 = PRESENTATION_STYLE_ASSIGNMENT (( #1093 ) ) ;
#690 = ADVANCED_FACE ( 'NONE', ( #260 ), #1160, .F. ) ;
#691 = STYLED_ITEM ( 'NONE', ( #3998 ), #1217 ) ;
#692 = CARTESIAN_POINT ( 'NONE',  ( 6.533414914327827283, 1.900546554567887680, -5.499999999999996447 ) ) ;
#693 = FILL_AREA_STYLE_COLOUR ( '', #5572 ) ;
#694 = CARTESIAN_POINT ( 'NONE',  ( 6.825389358743927382, 3.090704034544963008, -5.498999999999984567 ) ) ;
#695 =( LENGTH_UNIT ( ) NAMED_UNIT ( * ) SI_UNIT ( .MILLI., .METRE. ) );
#696 = AXIS2_PLACEMENT_3D ( 'NONE', #328, #2141, #4917 ) ;
#697 = LINE ( 'NONE', #4190, #1897 ) ;
#698 = STYLED_ITEM ( 'NONE', ( #1591 ), #1690 ) ;
#699 =( LENGTH_UNIT ( ) NAMED_UNIT ( * ) SI_UNIT ( .MILLI., .METRE. ) );
#700 = CARTESIAN_POINT ( 'NONE',  ( 7.018204502025012559, 1.926239385910018420, -5.498999999999997002 ) ) ;
#701 = VERTEX_POINT ( 'NONE', #3871 ) ;
#702 =( NAMED_UNIT ( * ) SI_UNIT ( $, .STERADIAN. ) SOLID_ANGLE_UNIT ( ) );
#703 =( LENGTH_UNIT ( ) NAMED_UNIT ( * ) SI_UNIT ( .MILLI., .METRE. ) );
#704 = DIRECTION ( 'NONE',  ( 0.000000000000000000, 1.000000000000000000, 0.000000000000000000 ) ) ;
#705 = CARTESIAN_POINT ( 'NONE',  ( 0.6257359312880770297, 2.500000000000063949, -1.299999999999990496 ) ) ;
#706 = B_SPLINE_SURFACE_WITH_KNOTS ( 'NONE', 3, 1, ( 
 ( #3817, #3450 ),
 ( #418, #3448 ),
 ( #220, #4563 ),
 ( #3195, #3680 ),
 ( #1479, #3227 ),
 ( #5081, #1369 ),
 ( #1004, #3737 ),
 ( #1031, #566 ),
 ( #4593, #2827 ),
 ( #4968, #911 ),
 ( #2309, #3286 ),
 ( #5457, #1870 ),
 ( #124, #4140 ),
 ( #4091, #34 ),
 ( #941, #1841 ),
 ( #3168, #5032 ),
 ( #2707, #4530 ),
 ( #5059, #444 ),
 ( #475, #2332 ) ),
 .UNSPECIFIED., .F., .F., .F.,
 ( 4, 1, 1, 1, 1, 1, 1, 1, 1, 1, 1, 1, 1, 1, 1, 1, 4 ),
 ( 2, 2 ),
 ( 0.000000000000000000, 0.06715546744904560272, 0.1314033464826143971, 0.1927317719102094873, 0.2512526591565255041, 0.3077037298841914792, 0.3626989162982000026, 0.4177783327854309725, 0.4723043857981140126, 0.5278725997916960955, 0.5852299868117369908, 0.6450565760102919821, 0.7079523564294419868, 0.7744342720454280293, 0.8449404313752610918, 0.9204035944750280640, 1.000000000000000000 ),
 ( 0.000000000000000000, 1.000000000000000000 ),
 .UNSPECIFIED. ) ;
#707 = CARTESIAN_POINT ( 'NONE',  ( -1.249999999999998890, 1.750000000000094147, -4.999999999999991118 ) ) ;
#708 = CARTESIAN_POINT ( 'NONE',  ( 6.640432345232551548, 2.088416259705660138, -5.499999999999994671 ) ) ;
#709 = EDGE_LOOP ( 'NONE', ( #3774 ) ) ;
#710 = EDGE_LOOP ( 'NONE', ( #4077 ) ) ;
#711 = PLANE ( 'NONE',  #1223 ) ;
#712 = CARTESIAN_POINT ( 'NONE',  ( 6.416170952994841414, 2.282080400632762185, -5.498999999999993449 ) ) ;
#713 = CIRCLE ( 'NONE', #5514, 0.2999999999999999334 ) ;
#714 = CARTESIAN_POINT ( 'NONE',  ( 7.002078312734232313, 3.289905986217294576, -5.498999999999981014 ) ) ;
#715 = CARTESIAN_POINT ( 'NONE',  ( 6.492127030697361967, 1.947161317297821492, -5.499999999999996447 ) ) ;
#716 = DIRECTION ( 'NONE',  ( 4.027036640660443984E-16, 1.000000000000000000, 3.591911631868355648E-15 ) ) ;
#717 = CARTESIAN_POINT ( 'NONE',  ( 6.854375867120642063, 3.100295885187565492, -5.498999999999984567 ) ) ;
#718 = ADVANCED_FACE ( 'NONE', ( #5670, #1070 ), #927, .F. ) ;
#719 = FACE_OUTER_BOUND ( 'NONE', #3721, .T. ) ;
#720 =( GEOMETRIC_REPRESENTATION_CONTEXT ( 3 ) GLOBAL_UNCERTAINTY_ASSIGNED_CONTEXT ( ( #1129 ) ) GLOBAL_UNIT_ASSIGNED_CONTEXT ( ( #1636, #3948, #4797 ) ) REPRESENTATION_CONTEXT ( 'NONE', 'WORKASPACE' ) );
#721 = CARTESIAN_POINT ( 'NONE',  ( 7.578957058612082243, 2.250732953452397656, -5.498999999999993449 ) ) ;
#722 = ADVANCED_FACE ( 'NONE', ( #876 ), #3152, .T. ) ;
#723 = UNCERTAINTY_MEASURE_WITH_UNIT (LENGTH_MEASURE( 1.000000000000000082E-05 ), #75, 'distance_accuracy_value', 'NONE');
#724 = ORIENTED_EDGE ( 'NONE', *, *, #2496, .T. ) ;
#725 =( GEOMETRIC_REPRESENTATION_CONTEXT ( 3 ) GLOBAL_UNCERTAINTY_ASSIGNED_CONTEXT ( ( #2340 ) ) GLOBAL_UNIT_ASSIGNED_CONTEXT ( ( #162, #43, #1407 ) ) REPRESENTATION_CONTEXT ( 'NONE', 'WORKASPACE' ) );
#726 = CARTESIAN_POINT ( 'NONE',  ( 7.210673661873651774, 3.262582862058192479, -5.499999999999982236 ) ) ;
#727 = FACE_OUTER_BOUND ( 'NONE', #225, .T. ) ;
#728 = CARTESIAN_POINT ( 'NONE',  ( 7.018204502025012559, 1.926239385910018420, -5.499999999999996447 ) ) ;
#729 = EDGE_LOOP ( 'NONE', ( #5332, #5200, #4102, #588 ) ) ;
#730 = DIRECTION ( 'NONE',  ( 0.000000000000000000, 3.591911631868355648E-15, -1.000000000000000000 ) ) ;
#731 = DIRECTION ( 'NONE',  ( 0.000000000000000000, 3.591911631868355648E-15, -1.000000000000000000 ) ) ;
#732 = CARTESIAN_POINT ( 'NONE',  ( 1.250000000000004441, 2.500000000000094147, -5.949999999999992184 ) ) ;
#733 =( LENGTH_UNIT ( ) NAMED_UNIT ( * ) SI_UNIT ( .MILLI., .METRE. ) );
#734 = DIRECTION ( 'NONE',  ( 0.000000000000000000, 3.591911631868355648E-15, -1.000000000000000000 ) ) ;
#735 = EDGE_LOOP ( 'NONE', ( #5279, #3094, #2984, #1742 ) ) ;
#736 = VERTEX_POINT ( 'NONE', #2295 ) ;
#737 = CARTESIAN_POINT ( 'NONE',  ( -7.325801711467520683, 1.777793762384871412, -5.499999999999987566 ) ) ;
#738 = ORIENTED_EDGE ( 'NONE', *, *, #5777, .T. ) ;
#739 = CARTESIAN_POINT ( 'NONE',  ( 6.605700443073192929, 2.527739690417752705, -5.498999999999989896 ) ) ;
#740 = CARTESIAN_POINT ( 'NONE',  ( -6.999999999999998224, 5.000000000000077272, -3.799999999999981171 ) ) ;
#741 = CARTESIAN_POINT ( 'NONE',  ( 6.765257519046332213, 2.382847675134682319, -5.499999999999991118 ) ) ;
#742 = CARTESIAN_POINT ( 'NONE',  ( 7.303002756588492517, 3.225911580044952931, -5.498999999999982791 ) ) ;
#743 = CARTESIAN_POINT ( 'NONE',  ( 6.407426870426537135, 2.196456466986525857, -5.499999999999994671 ) ) ;
#744 = CARTESIAN_POINT ( 'NONE',  ( 7.000000000000001776, 7.199102425303749442E-14, -4.500000000000000000 ) ) ;
#745 = DIRECTION ( 'NONE',  ( 0.000000000000000000, -3.591911631868355648E-15, 1.000000000000000000 ) ) ;
#746 = SURFACE_STYLE_FILL_AREA ( #2510 ) ;
#747 = ADVANCED_FACE ( 'NONE', ( #3183 ), #4580, .T. ) ;
#748 = CARTESIAN_POINT ( 'NONE',  ( 7.534075356448922456, 2.068903170429252647, -5.498999999999995225 ) ) ;
#749 = VECTOR ( 'NONE', #65, 1000.000000000000000 ) ;
#750 = VERTEX_POINT ( 'NONE', #1999 ) ;
#751 = STYLED_ITEM ( 'NONE', ( #1277 ), #3643 ) ;
#752 = AXIS2_PLACEMENT_3D ( 'NONE', #3703, #2734, #4557 ) ;
#753 = ORIENTED_EDGE ( 'NONE', *, *, #5546, .F. ) ;
#754 = FILL_AREA_STYLE_COLOUR ( '', #5004 ) ;
#755 =( LENGTH_UNIT ( ) NAMED_UNIT ( * ) SI_UNIT ( .MILLI., .METRE. ) );
#756 = CARTESIAN_POINT ( 'NONE',  ( 3.750000000000003109, 2.500000000000079048, -5.499999999999991118 ) ) ;
#757 = PRESENTATION_STYLE_ASSIGNMENT (( #4803 ) ) ;
#758 = PRESENTATION_LAYER_ASSIGNMENT (  '', '', ( #3595 ) ) ;
#759 = CARTESIAN_POINT ( 'NONE',  ( -1.049999999999996270, -1.249996883773825784, 8.673617379884229532E-15 ) ) ;
#760 = PRESENTATION_LAYER_ASSIGNMENT (  '', '', ( #2078 ) ) ;
#761 = CARTESIAN_POINT ( 'NONE',  ( 7.333584178259022757, 2.136213800857057254, -5.498999999999995225 ) ) ;
#762 = ORIENTED_EDGE ( 'NONE', *, *, #2786, .F. ) ;
#763 = PRESENTATION_LAYER_ASSIGNMENT (  '', '', ( #2359 ) ) ;
#764 = ORIENTED_EDGE ( 'NONE', *, *, #812, .T. ) ;
#765 = SURFACE_STYLE_USAGE ( .BOTH. , #1322 ) ;
#766 = UNCERTAINTY_MEASURE_WITH_UNIT (LENGTH_MEASURE( 1.000000000000000082E-05 ), #217, 'distance_accuracy_value', 'NONE');
#767 =( GEOMETRIC_REPRESENTATION_CONTEXT ( 3 ) GLOBAL_UNCERTAINTY_ASSIGNED_CONTEXT ( ( #5719 ) ) GLOBAL_UNIT_ASSIGNED_CONTEXT ( ( #2207, #1789, #1347 ) ) REPRESENTATION_CONTEXT ( 'NONE', 'WORKASPACE' ) );
#768 = CARTESIAN_POINT ( 'NONE',  ( 6.470943008335427571, 2.407932804949485028, -5.499999999999991118 ) ) ;
#769 = DIRECTION ( 'NONE',  ( 5.782411586589355667E-16, 1.000000000000000000, 3.469446951953613006E-15 ) ) ;
#770 = SURFACE_SIDE_STYLE ('',( #1777 ) ) ;
#771 = VECTOR ( 'NONE', #3684, 1000.000000000000000 ) ;
#772 = LINE ( 'NONE', #2104, #5240 ) ;
#773 = DIRECTION ( 'NONE',  ( 0.000000000000000000, -3.568904431242956914E-15, 1.000000000000000000 ) ) ;
#774 = COLOUR_RGB ( '',0.1019607843137254888, 0.1019607843137254888, 0.1019607843137254888 ) ;
#775 = CIRCLE ( 'NONE', #3987, 0.2999999999999999334 ) ;
#776 = DIRECTION ( 'NONE',  ( 4.956352788505163268E-16, 1.000000000000000000, 3.469446951953614583E-15 ) ) ;
#777 = FACE_OUTER_BOUND ( 'NONE', #3976, .T. ) ;
#778 = ORIENTED_EDGE ( 'NONE', *, *, #785, .T. ) ;
#779 = CARTESIAN_POINT ( 'NONE',  ( 6.975406850558803384, 3.289294850394175462, -5.498999999999981014 ) ) ;
#780 = SURFACE_STYLE_FILL_AREA ( #1221 ) ;
#781 = AXIS2_PLACEMENT_3D ( 'NONE', #2100, #1328, #3125 ) ;
#782 = EDGE_LOOP ( 'NONE', ( #1502 ) ) ;
#783 = MECHANICAL_DESIGN_GEOMETRIC_PRESENTATION_REPRESENTATION (  '', ( #2389 ), #1257 ) ;
#784 = DIRECTION ( 'NONE',  ( 8.503556842633538127E-17, -1.000000000000000000, 0.000000000000000000 ) ) ;
#785 = EDGE_CURVE ( 'NONE', #4020, #867, #3271, .T. ) ;
#786 = ORIENTED_EDGE ( 'NONE', *, *, #2575, .T. ) ;
#787 = VERTEX_POINT ( 'NONE', #141 ) ;
#788 = UNCERTAINTY_MEASURE_WITH_UNIT (LENGTH_MEASURE( 1.000000000000000082E-05 ), #1867, 'distance_accuracy_value', 'NONE');
#789 =( NAMED_UNIT ( * ) SI_UNIT ( $, .STERADIAN. ) SOLID_ANGLE_UNIT ( ) );
#790 = DIRECTION ( 'NONE',  ( 0.000000000000000000, -3.568904431242956914E-15, 1.000000000000000000 ) ) ;
#791 = ORIENTED_EDGE ( 'NONE', *, *, #1464, .T. ) ;
#792 = CARTESIAN_POINT ( 'NONE',  ( 7.480051894462723006, 1.973107437465873470, -5.499999999999996447 ) ) ;
#793 = SURFACE_SIDE_STYLE ('',( #2613 ) ) ;
#794 =( NAMED_UNIT ( * ) SI_UNIT ( $, .STERADIAN. ) SOLID_ANGLE_UNIT ( ) );
#795 = FILL_AREA_STYLE ('',( #4845 ) ) ;
#796 = SURFACE_SIDE_STYLE ('',( #5286 ) ) ;
#797 = CARTESIAN_POINT ( 'NONE',  ( -7.000000000000000000, 6.895525817007808200E-14, -2.499999999999999556 ) ) ;
#798 = CARTESIAN_POINT ( 'NONE',  ( 6.581811607778226936, 1.859560657608822609, -5.498999999999997002 ) ) ;
#799 =( LENGTH_UNIT ( ) NAMED_UNIT ( * ) SI_UNIT ( .MILLI., .METRE. ) );
#800 = CARTESIAN_POINT ( 'NONE',  ( 6.834705463551086879, 2.615802821850377047, -5.499999999999989342 ) ) ;
#801 = SURFACE_STYLE_USAGE ( .BOTH. , #1784 ) ;
#802 = ORIENTED_EDGE ( 'NONE', *, *, #5166, .F. ) ;
#803 = FILL_AREA_STYLE ('',( #3594 ) ) ;
#804 = AXIS2_PLACEMENT_3D ( 'NONE', #1247, #4819, #5325 ) ;
#805 = COLOUR_RGB ( '',0.9529411764705881804, 0.7960784313725489669, 0.4862745098039215619 ) ;
#806 = ORIENTED_EDGE ( 'NONE', *, *, #504, .F. ) ;
#807 = SURFACE_SIDE_STYLE ('',( #3044 ) ) ;
#808 = CARTESIAN_POINT ( 'NONE',  ( 7.282163878410642610, 2.998622037321830636, -5.498999999999984567 ) ) ;
#809 = CARTESIAN_POINT ( 'NONE',  ( -6.999999999999999112, 7.415942859800850329E-14, -3.799999999999999378 ) ) ;
#810 =( NAMED_UNIT ( * ) PLANE_ANGLE_UNIT ( ) SI_UNIT ( $, .RADIAN. ) );
#811 =( NAMED_UNIT ( * ) SI_UNIT ( $, .STERADIAN. ) SOLID_ANGLE_UNIT ( ) );
#812 = EDGE_CURVE ( 'NONE', #2237, #5711, #3363, .T. ) ;
#813 = FILL_AREA_STYLE_COLOUR ( '', #2711 ) ;
#814 = ORIENTED_EDGE ( 'NONE', *, *, #5405, .F. ) ;
#815 = ORIENTED_EDGE ( 'NONE', *, *, #4763, .T. ) ;
#816 = ORIENTED_EDGE ( 'NONE', *, *, #4041, .T. ) ;
#817 = DIRECTION ( 'NONE',  ( 0.000000000000000000, -3.591911631868355648E-15, 1.000000000000000000 ) ) ;
#818 = CARTESIAN_POINT ( 'NONE',  ( -3.749999999999996447, 3.250000000000068390, -1.499999999999987788 ) ) ;
#819 = EDGE_CURVE ( 'NONE', #73, #3885, #5070, .T. ) ;
#820 = SURFACE_STYLE_FILL_AREA ( #795 ) ;
#821 = SURFACE_STYLE_USAGE ( .BOTH. , #796 ) ;
#822 = DIRECTION ( 'NONE',  ( -7.433064981013270631E-31, -1.814255006657869845E-46, 1.000000000000000000 ) ) ;
#823 = CARTESIAN_POINT ( 'NONE',  ( 6.407426870426537135, 2.196456466986525857, -5.499999999999994671 ) ) ;
#824 = PLANE ( 'NONE',  #2738 ) ;
#825 =( NAMED_UNIT ( * ) PLANE_ANGLE_UNIT ( ) SI_UNIT ( $, .RADIAN. ) );
#826 = DIRECTION ( 'NONE',  ( 0.000000000000000000, -1.000000000000000000, 0.000000000000000000 ) ) ;
#827 = EDGE_LOOP ( 'NONE', ( #2985 ) ) ;
#828 = AXIS2_PLACEMENT_3D ( 'NONE', #477, #2800, #912 ) ;
#829 = UNCERTAINTY_MEASURE_WITH_UNIT (LENGTH_MEASURE( 1.000000000000000082E-05 ), #4665, 'distance_accuracy_value', 'NONE');
#830 = PRESENTATION_LAYER_ASSIGNMENT (  '', '', ( #663 ) ) ;
#831 = VERTEX_POINT ( 'NONE', #3724 ) ;
#832 = FACE_OUTER_BOUND ( 'NONE', #3518, .T. ) ;
#833 = CARTESIAN_POINT ( 'NONE',  ( 7.310658641823141402, 2.915550141164701348, -5.498999999999986343 ) ) ;
#834 = DIRECTION ( 'NONE',  ( 5.102127870520021968E-16, 1.000000000000000000, 3.591911631868355648E-15 ) ) ;
#835 = STYLED_ITEM ( 'NONE', ( #1306 ), #3656 ) ;
#836 = CARTESIAN_POINT ( 'NONE',  ( 7.313541299770182746, 2.094317602184936344, -5.498999999999995225 ) ) ;
#837 = ORIENTED_EDGE ( 'NONE', *, *, #2496, .F. ) ;
#838 = ORIENTED_EDGE ( 'NONE', *, *, #2401, .T. ) ;
#839 = UNCERTAINTY_MEASURE_WITH_UNIT (LENGTH_MEASURE( 1.000000000000000082E-05 ), #3223, 'distance_accuracy_value', 'NONE');
#840 = EDGE_CURVE ( 'NONE', #701, #2538, #1738, .T. ) ;
#841 =( GEOMETRIC_REPRESENTATION_CONTEXT ( 3 ) GLOBAL_UNCERTAINTY_ASSIGNED_CONTEXT ( ( #3799 ) ) GLOBAL_UNIT_ASSIGNED_CONTEXT ( ( #5259, #3935, #378 ) ) REPRESENTATION_CONTEXT ( 'NONE', 'WORKASPACE' ) );
#842 = COLOUR_RGB ( '',0.9529411764705881804, 0.7960784313725489669, 0.4862745098039215619 ) ;
#843 = SURFACE_STYLE_FILL_AREA ( #4104 ) ;
#844 = EDGE_CURVE ( 'NONE', #5393, #5027, #4693, .T. ) ;
#845 = VERTEX_POINT ( 'NONE', #111 ) ;
#846 = FACE_OUTER_BOUND ( 'NONE', #937, .T. ) ;
#847 = CARTESIAN_POINT ( 'NONE',  ( -7.337820942236751520, 2.158502897000255327, -5.498999999999989896 ) ) ;
#848 = AXIS2_PLACEMENT_3D ( 'NONE', #5696, #1648, #1209 ) ;
#849 = AXIS2_PLACEMENT_3D ( 'NONE', #3175, #393, #4458 ) ;
#850 = EDGE_CURVE ( 'NONE', #4315, #1747, #2870, .T. ) ;
#851 = LINE ( 'NONE', #2651, #2910 ) ;
#852 = SURFACE_SIDE_STYLE ('',( #3093 ) ) ;
#853 = ORIENTED_EDGE ( 'NONE', *, *, #4974, .T. ) ;
#854 = PRESENTATION_LAYER_ASSIGNMENT (  '', '', ( #4360 ) ) ;
#855 = FILL_AREA_STYLE_COLOUR ( '', #4409 ) ;
#856 = CARTESIAN_POINT ( 'NONE',  ( -3.749999999999996003, 2.500000000000094147, -1.499999999999991340 ) ) ;
#857 = COLOUR_RGB ( '',0.1019607843137254888, 0.1019607843137254888, 0.1019607843137254888 ) ;
#858 = STYLED_ITEM ( 'NONE', ( #4982 ), #718 ) ;
#859 = CARTESIAN_POINT ( 'NONE',  ( -7.337820942236751520, 3.277793762384871634, -5.498999999999993449 ) ) ;
#860 = PRESENTATION_LAYER_ASSIGNMENT (  '', '', ( #3416 ) ) ;
#861 = AXIS2_PLACEMENT_3D ( 'NONE', #2845, #1950, #3752 ) ;
#862 = ORIENTED_EDGE ( 'NONE', *, *, #206, .T. ) ;
#863 = AXIS2_PLACEMENT_3D ( 'NONE', #4323, #1597, #5526 ) ;
#864 = CARTESIAN_POINT ( 'NONE',  ( 1.250000000000000888, 2.500000000000094147, -4.999999999999991118 ) ) ;
#865 = MECHANICAL_DESIGN_GEOMETRIC_PRESENTATION_REPRESENTATION (  '', ( #5094 ), #2544 ) ;
#866 =( GEOMETRIC_REPRESENTATION_CONTEXT ( 3 ) GLOBAL_UNCERTAINTY_ASSIGNED_CONTEXT ( ( #3519 ) ) GLOBAL_UNIT_ASSIGNED_CONTEXT ( ( #70, #2834, #239 ) ) REPRESENTATION_CONTEXT ( 'NONE', 'WORKASPACE' ) );
#867 = VERTEX_POINT ( 'NONE', #5097 ) ;
#868 = PRESENTATION_STYLE_ASSIGNMENT (( #5805 ) ) ;
#869 = CARTESIAN_POINT ( 'NONE',  ( 6.619439067263396481, 2.175286090766406222, -5.498999999999993449 ) ) ;
#870 = VECTOR ( 'NONE', #5722, 1000.000000000000000 ) ;
#871 = AXIS2_PLACEMENT_3D ( 'NONE', #5390, #3327, #3741 ) ;
#872 = CARTESIAN_POINT ( 'NONE',  ( 7.301357158888082566, 2.554930024678833345, -5.498999999999989896 ) ) ;
#873 = EDGE_LOOP ( 'NONE', ( #4338 ) ) ;
#874 = EDGE_LOOP ( 'NONE', ( #2935 ) ) ;
#875 = CARTESIAN_POINT ( 'NONE',  ( -6.999999999999996447, 2.500000000000075051, -3.799999999999990496 ) ) ;
#876 = FACE_OUTER_BOUND ( 'NONE', #972, .T. ) ;
#877 = ORIENTED_EDGE ( 'NONE', *, *, #1372, .F. ) ;
#878 = CARTESIAN_POINT ( 'NONE',  ( 6.652626775817151561, 3.207869204767282323, -5.499999999999982236 ) ) ;
#879 = VERTEX_POINT ( 'NONE', #4032 ) ;
#880 = CARTESIAN_POINT ( 'NONE',  ( 7.081332470051942884, 2.680374225500047558, -5.499999999999989342 ) ) ;
#881 = FILL_AREA_STYLE ('',( #3466 ) ) ;
#882 = CARTESIAN_POINT ( 'NONE',  ( 7.520677587691593224, 2.934732556493369060, -5.499999999999985789 ) ) ;
#883 = EDGE_CURVE ( 'NONE', #928, #625, #554, .T. ) ;
#884 = ORIENTED_EDGE ( 'NONE', *, *, #2720, .T. ) ;
#885 = CARTESIAN_POINT ( 'NONE',  ( 6.445888408888078125, 2.847598293909602507, -5.498999999999986343 ) ) ;
#886 = MECHANICAL_DESIGN_GEOMETRIC_PRESENTATION_REPRESENTATION (  '', ( #2775 ), #5706 ) ;
#887 = UNCERTAINTY_MEASURE_WITH_UNIT (LENGTH_MEASURE( 1.000000000000000082E-05 ), #5173, 'distance_accuracy_value', 'NONE');
#888 = ADVANCED_FACE ( 'NONE', ( #5564 ), #3804, .T. ) ;
#889 = SURFACE_STYLE_FILL_AREA ( #803 ) ;
#890 = CLOSED_SHELL ( 'NONE', ( #4003, #2229, #179, #3207, #4541, #722, #1575, #5835, #2650, #3782 ) ) ;
#891 = STYLED_ITEM ( 'NONE', ( #3744 ), #2151 ) ;
#892 = B_SPLINE_CURVE_WITH_KNOTS ( 'NONE', 3,
 ( #1199, #3045, #397, #2980, #3478, #5740, #5306, #4835, #361, #5781, #4861, #4801, #808, #2605, #3988, #4890, #833, #3178, #4152 ),
 .UNSPECIFIED., .F., .F.,
 ( 4, 1, 1, 1, 1, 1, 1, 1, 1, 1, 1, 1, 1, 1, 1, 1, 4 ),
 ( 0.000000000000000000, 0.09151103632803719856, 0.1771428603141479985, 0.2571084852282354838, 0.3311983993883854671, 0.4005922945239575039, 0.4656249598049639893, 0.5269734913138600652, 0.5854431157040229650, 0.6413985080863310317, 0.6950441672657240444, 0.7467815514927479414, 0.7969589345766999733, 0.8475448623598800246, 0.8974385414187390220, 0.9476489188871289882, 1.000000000000000000 ),
 .UNSPECIFIED. ) ;
#893 =( NAMED_UNIT ( * ) PLANE_ANGLE_UNIT ( ) SI_UNIT ( $, .RADIAN. ) );
#894 = FACE_BOUND ( 'NONE', #3522, .T. ) ;
#895 = AXIS2_PLACEMENT_3D ( 'NONE', #442, #3135, #4009 ) ;
#896 = ORIENTED_EDGE ( 'NONE', *, *, #1794, .F. ) ;
#897 = UNCERTAINTY_MEASURE_WITH_UNIT (LENGTH_MEASURE( 1.000000000000000082E-05 ), #247, 'distance_accuracy_value', 'NONE');
#898 = CARTESIAN_POINT ( 'NONE',  ( 7.517981352529811367, 2.035789657548852549, -5.498999999999995225 ) ) ;
#899 = CARTESIAN_POINT ( 'NONE',  ( 3.750000000000004441, 2.500000000000094147, -5.949999999999992184 ) ) ;
#900 = ORIENTED_EDGE ( 'NONE', *, *, #3425, .T. ) ;
#901 = DIRECTION ( 'NONE',  ( 3.469446951953613696E-16, 1.000000000000000000, 3.642919299551294109E-15 ) ) ;
#902 =( NAMED_UNIT ( * ) SI_UNIT ( $, .STERADIAN. ) SOLID_ANGLE_UNIT ( ) );
#903 = FACE_OUTER_BOUND ( 'NONE', #2497, .T. ) ;
#904 = CARTESIAN_POINT ( 'NONE',  ( -1.249999999999996003, 1.750000000000094147, -1.499999999999991340 ) ) ;
#905 = DIRECTION ( 'NONE',  ( -1.000000000000000000, -1.734723475976807094E-16, -6.230973431436198979E-31 ) ) ;
#906 = CARTESIAN_POINT ( 'NONE',  ( 7.000000000000003553, 4.250000000000066613, -2.499999999999984013 ) ) ;
#907 = CARTESIAN_POINT ( 'NONE',  ( 7.000000000000001776, 2.500000000000063505, -1.499999999999990452 ) ) ;
#908 = CARTESIAN_POINT ( 'NONE',  ( 7.303002756588492517, 3.225911580044952931, -5.499999999999982236 ) ) ;
#909 = ADVANCED_FACE ( 'NONE', ( #3245 ), #5046, .F. ) ;
#910 = FILL_AREA_STYLE ('',( #2602 ) ) ;
#911 = CARTESIAN_POINT ( 'NONE',  ( 6.752745695765423051, 3.049158863956539900, -5.499999999999984013 ) ) ;
#912 = DIRECTION ( 'NONE',  ( 0.000000000000000000, -1.000000000000000000, -2.760287964870829992E-45 ) ) ;
#913 = VERTEX_POINT ( 'NONE', #1162 ) ;
#914 = FACE_OUTER_BOUND ( 'NONE', #2440, .T. ) ;
#915 = ADVANCED_FACE ( 'NONE', ( #719 ), #3688, .T. ) ;
#916 = CARTESIAN_POINT ( 'NONE',  ( 7.002078312734232313, 3.289905986217294576, -5.499999999999982236 ) ) ;
#917 = FILL_AREA_STYLE_COLOUR ( '', #4466 ) ;
#918 = CARTESIAN_POINT ( 'NONE',  ( 7.580503793503463150, 2.289905986217295020, -5.499999999999992895 ) ) ;
#919 = COLOUR_RGB ( '',0.8980392156862745390, 0.8980392156862745390, 0.8980392156862745390 ) ;
#920 = MECHANICAL_DESIGN_GEOMETRIC_PRESENTATION_REPRESENTATION (  '', ( #4144 ), #4621 ) ;
#921 = DIRECTION ( 'NONE',  ( -1.000000000000000000, -0.000000000000000000, 0.000000000000000000 ) ) ;
#922 = FILL_AREA_STYLE_COLOUR ( '', #5313 ) ;
#923 = STYLED_ITEM ( 'NONE', ( #3306 ), #3637 ) ;
#924 = EDGE_LOOP ( 'NONE', ( #5245 ) ) ;
#925 = DIRECTION ( 'NONE',  ( 0.000000000000000000, 3.591911631868355648E-15, -1.000000000000000000 ) ) ;
#926 = CARTESIAN_POINT ( 'NONE',  ( 7.534075356448922456, 2.068903170429252647, -5.498999999999995225 ) ) ;
#927 = CYLINDRICAL_SURFACE ( 'NONE', #1530, 0.7500000000000002220 ) ;
#928 = VERTEX_POINT ( 'NONE', #1010 ) ;
#929 = CARTESIAN_POINT ( 'NONE',  ( 7.292673772583842862, 2.979001319949787341, -5.499999999999985789 ) ) ;
#930 = FILL_AREA_STYLE ('',( #533 ) ) ;
#931 = CARTESIAN_POINT ( 'NONE',  ( 3.750000000000000888, 1.750000000000094147, -4.999999999999991118 ) ) ;
#932 = COLOUR_RGB ( '',0.8980392156862745390, 0.8980392156862745390, 0.8980392156862745390 ) ;
#933 = SURFACE_STYLE_USAGE ( .BOTH. , #4610 ) ;
#934 = AXIS2_PLACEMENT_3D ( 'NONE', #3913, #5798, #1688 ) ;
#935 = CARTESIAN_POINT ( 'NONE',  ( 6.619439067263396481, 2.175286090766406222, -5.499999999999994671 ) ) ;
#936 = SURFACE_SIDE_STYLE ('',( #85 ) ) ;
#937 = EDGE_LOOP ( 'NONE', ( #4779 ) ) ;
#938 = DIRECTION ( 'NONE',  ( -1.000000000000000000, 0.000000000000000000, -0.000000000000000000 ) ) ;
#939 = CARTESIAN_POINT ( 'NONE',  ( 6.492127030697361967, 1.947161317297821492, -5.498999999999997002 ) ) ;
#940 = VECTOR ( 'NONE', #4078, 1000.000000000000000 ) ;
#941 = CARTESIAN_POINT ( 'NONE',  ( 6.885749180271221626, 3.107733030987672507, -5.498999999999982791 ) ) ;
#942 = CARTESIAN_POINT ( 'NONE',  ( 7.221078573847033333, 2.520773204586716609, -5.498999999999989896 ) ) ;
#943 =( NAMED_UNIT ( * ) PLANE_ANGLE_UNIT ( ) SI_UNIT ( $, .RADIAN. ) );
#944 = EDGE_LOOP ( 'NONE', ( #5716 ) ) ;
#945 = PRESENTATION_LAYER_ASSIGNMENT (  '', '', ( #3214 ) ) ;
#946 = CARTESIAN_POINT ( 'NONE',  ( 6.600647338859062963, 3.171677010064108071, -5.498999999999982791 ) ) ;
#947 =( NAMED_UNIT ( * ) SI_UNIT ( $, .STERADIAN. ) SOLID_ANGLE_UNIT ( ) );
#948 = MECHANICAL_DESIGN_GEOMETRIC_PRESENTATION_REPRESENTATION (  '', ( #578 ), #3122 ) ;
#949 = CIRCLE ( 'NONE', #4267, 0.2999999999999999334 ) ;
#950 = COLOUR_RGB ( '',0.9529411764705881804, 0.7960784313725489669, 0.4862745098039215619 ) ;
#951 = VECTOR ( 'NONE', #4635, 1000.000000000000000 ) ;
#952 = PRESENTATION_LAYER_ASSIGNMENT (  '', '', ( #1716 ) ) ;
#953 = CARTESIAN_POINT ( 'NONE',  ( 6.407426870426537135, 2.196456466986525857, -5.498999999999993449 ) ) ;
#954 =( NAMED_UNIT ( * ) SI_UNIT ( $, .STERADIAN. ) SOLID_ANGLE_UNIT ( ) );
#955 = COLOUR_RGB ( '',0.9529411764705881804, 0.7960784313725489669, 0.4862745098039215619 ) ;
#956 = SURFACE_SIDE_STYLE ('',( #1852 ) ) ;
#957 = FACE_OUTER_BOUND ( 'NONE', #5266, .T. ) ;
#958 = CIRCLE ( 'NONE', #1158, 0.7500000000000002220 ) ;
#959 = EDGE_CURVE ( 'NONE', #4902, #4902, #3136, .T. ) ;
#960 = ORIENTED_EDGE ( 'NONE', *, *, #2016, .F. ) ;
#961 = FILL_AREA_STYLE_COLOUR ( '', #3059 ) ;
#962 = CARTESIAN_POINT ( 'NONE',  ( 7.567818619811232494, 2.174938079851820749, -5.498999999999993449 ) ) ;
#963 = SURFACE_STYLE_FILL_AREA ( #5396 ) ;
#964 = CARTESIAN_POINT ( 'NONE',  ( 7.136466865091332323, 3.100948230627417423, -5.499999999999984013 ) ) ;
#965 = CARTESIAN_POINT ( 'NONE',  ( 6.625717366120717600, 3.190487132042204355, -5.499999999999982236 ) ) ;
#966 = CARTESIAN_POINT ( 'NONE',  ( 7.310726359095542470, 2.880065549389822177, -5.498999999999986343 ) ) ;
#967 = CARTESIAN_POINT ( 'NONE',  ( 1.550000000000003597, 2.500000000000099476, -1.199999999999991296 ) ) ;
#968 =( GEOMETRIC_REPRESENTATION_CONTEXT ( 3 ) GLOBAL_UNCERTAINTY_ASSIGNED_CONTEXT ( ( #4653 ) ) GLOBAL_UNIT_ASSIGNED_CONTEXT ( ( #2642, #3489, #4784 ) ) REPRESENTATION_CONTEXT ( 'NONE', 'WORKASPACE' ) );
#969 = CARTESIAN_POINT ( 'NONE',  ( 7.033605043267142420, 2.666945694245402176, -5.498999999999988120 ) ) ;
#970 = EDGE_CURVE ( 'NONE', #170, #4452, #3662, .T. ) ;
#971 = CARTESIAN_POINT ( 'NONE',  ( 6.707173016356642314, 2.001320048533044904, -5.499999999999996447 ) ) ;
#972 = EDGE_LOOP ( 'NONE', ( #1413 ) ) ;
#973 = FACE_OUTER_BOUND ( 'NONE', #510, .T. ) ;
#974 =( NAMED_UNIT ( * ) PLANE_ANGLE_UNIT ( ) SI_UNIT ( $, .RADIAN. ) );
#975 = DIRECTION ( 'NONE',  ( 0.000000000000000000, 0.000000000000000000, 1.000000000000000000 ) ) ;
#976 = CARTESIAN_POINT ( 'NONE',  ( 0.6257359312880770297, 4.500000000000062172, -1.299999999999983169 ) ) ;
#977 = CARTESIAN_POINT ( 'NONE',  ( 6.980829551598192850, 2.449817675797688832, -5.498999999999991672 ) ) ;
#978 = DIRECTION ( 'NONE',  ( -0.000000000000000000, 3.591911631868355648E-15, -1.000000000000000000 ) ) ;
#979 = AXIS2_PLACEMENT_3D ( 'NONE', #3544, #4892, #834 ) ;
#980 = FACE_OUTER_BOUND ( 'NONE', #2641, .T. ) ;
#981 = CARTESIAN_POINT ( 'NONE',  ( 7.176530127878012699, 1.775592232435479589, -5.498999999999998778 ) ) ;
#982 = CARTESIAN_POINT ( 'NONE',  ( 7.521215523381973078, 2.829322822835487194, -5.498999999999986343 ) ) ;
#983 = AXIS2_PLACEMENT_3D ( 'NONE', #4616, #4061, #4182 ) ;
#984 = CYLINDRICAL_SURFACE ( 'NONE', #2690, 2.500000000000000888 ) ;
#985 = ORIENTED_EDGE ( 'NONE', *, *, #5166, .T. ) ;
#986 = PRESENTATION_STYLE_ASSIGNMENT (( #5531 ) ) ;
#987 = CARTESIAN_POINT ( 'NONE',  ( 7.047529871898611908, 1.755040466681806688, -5.499999999999998224 ) ) ;
#988 = FILL_AREA_STYLE_COLOUR ( '', #112 ) ;
#989 = CARTESIAN_POINT ( 'NONE',  ( 6.980829551598192850, 2.449817675797688832, -5.498999999999991672 ) ) ;
#990 = COLOUR_RGB ( '',0.1019607843137254888, 0.1019607843137254888, 0.1019607843137254888 ) ;
#991 = CARTESIAN_POINT ( 'NONE',  ( 7.253344578584611568, 3.034711066261870815, -5.498999999999984567 ) ) ;
#992 = CARTESIAN_POINT ( 'NONE',  ( 6.465323978180222753, 2.971099759564420406, -5.499999999999985789 ) ) ;
#993 = PRESENTATION_STYLE_ASSIGNMENT (( #115 ) ) ;
#994 = EDGE_CURVE ( 'NONE', #2317, #193, #1401, .T. ) ;
#995 = VERTEX_POINT ( 'NONE', #1919 ) ;
#996 = LINE ( 'NONE', #505, #2908 ) ;
#997 = CARTESIAN_POINT ( 'NONE',  ( 7.151913475151202348, 2.497434809338316519, -5.499999999999991118 ) ) ;
#998 = DIRECTION ( 'NONE',  ( 0.000000000000000000, 1.000000000000000000, 3.562378566738086561E-15 ) ) ;
#999 = DIRECTION ( 'NONE',  ( 0.000000000000000000, -3.591911631868355648E-15, 1.000000000000000000 ) ) ;
#1000 = CARTESIAN_POINT ( 'NONE',  ( -6.395513249929057231, 3.277793762384871634, -5.498999999999993449 ) ) ;
#1001 = DIRECTION ( 'NONE',  ( 2.891205793294678326E-16, -1.000000000000000000, 0.000000000000000000 ) ) ;
#1002 = EDGE_CURVE ( 'NONE', #5199, #4937, #2749, .T. ) ;
#1003 = DIRECTION ( 'NONE',  ( 1.000000000000000000, -2.478176394252580648E-16, -8.901390616337423609E-31 ) ) ;
#1004 = CARTESIAN_POINT ( 'NONE',  ( 6.700771155347952757, 2.988566810648203731, -5.498999999999984567 ) ) ;
#1005 = CARTESIAN_POINT ( 'NONE',  ( 7.257486966580382060, 2.760458870832679601, -5.499999999999987566 ) ) ;
#1006 = PLANE ( 'NONE',  #828 ) ;
#1007 = PRESENTATION_STYLE_ASSIGNMENT (( #3794 ) ) ;
#1008 = PRODUCT ( 'Magnetic Pogo Connector 4 Pin (Type 4)', 'Magnetic Pogo Connector 4 Pin (Type 4)', '', ( #645 ) ) ;
#1009 = CARTESIAN_POINT ( 'NONE',  ( 7.331109889040852146, 3.211495399046366828, -5.498999999999982791 ) ) ;
#1010 = CARTESIAN_POINT ( 'NONE',  ( 7.257486966580382060, 2.760458870832679601, -5.498999999999988120 ) ) ;
#1011 = CARTESIAN_POINT ( 'NONE',  ( -6.607051711467516242, 2.897084627769486609, -5.498999999999991672 ) ) ;
#1012 = CARTESIAN_POINT ( 'NONE',  ( 7.301357158888082566, 2.554930024678833345, -5.499999999999989342 ) ) ;
#1013 = CARTESIAN_POINT ( 'NONE',  ( 7.293683714041262256, 2.551138988182752421, -5.499999999999989342 ) ) ;
#1014 = PRESENTATION_STYLE_ASSIGNMENT (( #4977 ) ) ;
#1015 = ORIENTED_EDGE ( 'NONE', *, *, #5051, .F. ) ;
#1016 = DIRECTION ( 'NONE',  ( 0.000000000000000000, -3.591911631868355648E-15, 1.000000000000000000 ) ) ;
#1017 = CARTESIAN_POINT ( 'NONE',  ( 6.620461584096032581, 2.218275961765387994, -5.499999999999994671 ) ) ;
#1018 = CARTESIAN_POINT ( 'NONE',  ( 6.816507039710971938, 2.402317886859639984, -5.499999999999991118 ) ) ;
#1019 = DIRECTION ( 'NONE',  ( 0.000000000000000000, -3.591911631868355648E-15, 1.000000000000000000 ) ) ;
#1020 = DIRECTION ( 'NONE',  ( 0.000000000000000000, 1.000000000000000000, 0.000000000000000000 ) ) ;
#1021 =( NAMED_UNIT ( * ) PLANE_ANGLE_UNIT ( ) SI_UNIT ( $, .RADIAN. ) );
#1022 = VERTEX_POINT ( 'NONE', #1388 ) ;
#1023 = AXIS2_PLACEMENT_3D ( 'NONE', #1481, #978, #4998 ) ;
#1024 = CARTESIAN_POINT ( 'NONE',  ( 6.627873436521497297, 2.120483768616291620, -5.498999999999995225 ) ) ;
#1025 = CARTESIAN_POINT ( 'NONE',  ( 6.778821101195772414, 2.388764159294217926, -5.499999999999991118 ) ) ;
#1026 = EDGE_LOOP ( 'NONE', ( #806, #5422, #960, #3995, #3242, #4713, #2960, #4806, #5354, #2558, #1856, #3517, #5014, #2525, #5476, #5602 ) ) ;
#1027 = DIRECTION ( 'NONE',  ( 2.478176394252580155E-16, 1.000000000000000000, 3.591911631868355648E-15 ) ) ;
#1028 = PRESENTATION_STYLE_ASSIGNMENT (( #5174 ) ) ;
#1029 = CARTESIAN_POINT ( 'NONE',  ( 7.282163878410642610, 2.998622037321830636, -5.499999999999985789 ) ) ;
#1030 = CARTESIAN_POINT ( 'NONE',  ( 6.722923894247752052, 2.580676396493912783, -5.498999999999989896 ) ) ;
#1031 = CARTESIAN_POINT ( 'NONE',  ( 6.715909544467236536, 3.010795794026205563, -5.498999999999984567 ) ) ;
#1032 = CARTESIAN_POINT ( 'NONE',  ( 7.188136736077813005, 2.509079984842886635, -5.498999999999989896 ) ) ;
#1033 = MECHANICAL_DESIGN_GEOMETRIC_PRESENTATION_REPRESENTATION (  '', ( #2442 ), #1795 ) ;
#1034 = UNCERTAINTY_MEASURE_WITH_UNIT (LENGTH_MEASURE( 1.000000000000000082E-05 ), #4841, 'distance_accuracy_value', 'NONE');
#1035 = AXIS2_PLACEMENT_3D ( 'NONE', #1658, #3132, #5795 ) ;
#1036 = DIRECTION ( 'NONE',  ( 1.000000000000000000, 0.000000000000000000, -1.807003620809194846E-16 ) ) ;
#1037 = PRESENTATION_LAYER_ASSIGNMENT (  '', '', ( #2452 ) ) ;
#1038 = CARTESIAN_POINT ( 'NONE',  ( 7.403589991592331998, 3.157515652617311375, -5.499999999999984013 ) ) ;
#1039 = DIRECTION ( 'NONE',  ( 0.000000000000000000, -1.000000000000000000, -3.614007241618349165E-15 ) ) ;
#1040 = MECHANICAL_DESIGN_GEOMETRIC_PRESENTATION_REPRESENTATION (  '', ( #3600 ), #1134 ) ;
#1041 = VECTOR ( 'NONE', #1174, 1000.000000000000000 ) ;
#1042 = CIRCLE ( 'NONE', #5567, 1.500000000000000000 ) ;
#1043 = DIRECTION ( 'NONE',  ( 0.000000000000000000, 3.798426331389406065E-15, -1.000000000000000000 ) ) ;
#1044 = DIRECTION ( 'NONE',  ( 0.000000000000000000, 0.000000000000000000, 1.000000000000000000 ) ) ;
#1045 = B_SPLINE_CURVE_WITH_KNOTS ( 'NONE', 3,
 ( #1811, #3732, #2303, #5428, #5026, #2702, #4587, #971, #468, #4088, #3254, #4611, #5849, #935, #28 ),
 .UNSPECIFIED., .F., .F.,
 ( 4, 1, 1, 1, 1, 1, 1, 1, 1, 1, 1, 1, 4 ),
 ( 0.000000000000000000, 0.1055838864195037946, 0.2058681332620120041, 0.3009467177422124884, 0.3930019285950104857, 0.4809485116065860266, 0.5628738662802259540, 0.6414613436333610474, 0.7177416181792259930, 0.7917717603087840450, 0.8627163930302560457, 0.9317768462002760099, 1.000000000000000000 ),
 .UNSPECIFIED. ) ;
#1046 = SURFACE_SIDE_STYLE ('',( #5089 ) ) ;
#1047 =( GEOMETRIC_REPRESENTATION_CONTEXT ( 3 ) GLOBAL_UNCERTAINTY_ASSIGNED_CONTEXT ( ( #2150 ) ) GLOBAL_UNIT_ASSIGNED_CONTEXT ( ( #3921, #336, #947 ) ) REPRESENTATION_CONTEXT ( 'NONE', 'WORKASPACE' ) );
#1048 = FILL_AREA_STYLE ('',( #4153 ) ) ;
#1049 = UNCERTAINTY_MEASURE_WITH_UNIT (LENGTH_MEASURE( 1.000000000000000082E-05 ), #2435, 'distance_accuracy_value', 'NONE');
#1050 =( GEOMETRIC_REPRESENTATION_CONTEXT ( 3 ) GLOBAL_UNCERTAINTY_ASSIGNED_CONTEXT ( ( #2524 ) ) GLOBAL_UNIT_ASSIGNED_CONTEXT ( ( #3564, #353, #4506 ) ) REPRESENTATION_CONTEXT ( 'NONE', 'WORKASPACE' ) );
#1051 = VECTOR ( 'NONE', #5547, 1000.000000000000000 ) ;
#1052 = VERTEX_POINT ( 'NONE', #4150 ) ;
#1053 = CARTESIAN_POINT ( 'NONE',  ( 7.257486966580382060, 2.760458870832679601, -5.498999999999988120 ) ) ;
#1054 = PRESENTATION_STYLE_ASSIGNMENT (( #5510 ) ) ;
#1055 = AXIS2_PLACEMENT_3D ( 'NONE', #1357, #19, #4283 ) ;
#1056 = SURFACE_STYLE_USAGE ( .BOTH. , #2385 ) ;
#1057 = FILL_AREA_STYLE ('',( #4669 ) ) ;
#1058 = VERTEX_POINT ( 'NONE', #3859 ) ;
#1059 = CARTESIAN_POINT ( 'NONE',  ( 6.961513408888072796, 1.924521370832678491, -5.499999999999996447 ) ) ;
#1060 = STYLED_ITEM ( 'NONE', ( #2314 ), #1073 ) ;
#1061 = VERTEX_POINT ( 'NONE', #4625 ) ;
#1062 = B_SPLINE_SURFACE_WITH_KNOTS ( 'NONE', 3, 1, ( 
 ( #2610, #1744 ),
 ( #3460, #4546 ),
 ( #2294, #2319 ),
 ( #1884, #987 ),
 ( #5420, #3244 ),
 ( #528, #1914 ),
 ( #4076, #4103 ),
 ( #497, #3696 ),
 ( #18, #3723 ),
 ( #2695, #4956 ),
 ( #50, #1858 ),
 ( #2263, #1382 ),
 ( #5442, #3151 ),
 ( #4130, #3608 ),
 ( #3667, #2343 ),
 ( #5508, #1470 ),
 ( #2238, #4051 ),
 ( #5045, #5477 ),
 ( #898, #2784 ),
 ( #926, #1445 ),
 ( #1411, #3212 ),
 ( #2723, #5017 ),
 ( #962, #4603 ),
 ( #2758, #1356 ),
 ( #553, #431 ),
 ( #4160, #110 ),
 ( #3270, #3182 ) ),
 .UNSPECIFIED., .F., .F., .F.,
 ( 4, 1, 1, 1, 1, 1, 1, 1, 1, 1, 1, 1, 1, 1, 1, 1, 1, 1, 1, 1, 1, 1, 1, 1, 4 ),
 ( 2, 2 ),
 ( 0.000000000000000000, 0.05249258492129640213, 0.1028254751380331955, 0.1513973394924580107, 0.1980330772483334945, 0.2428758954632249945, 0.2859991683849085198, 0.3278486614843789670, 0.3683945968796915049, 0.4078519911389200114, 0.4468375528599380364, 0.4851660451611080060, 0.5233414044713740054, 0.5616022144094739987, 0.5999198855663570029, 0.6384964264110080112, 0.6777905770472509861, 0.7172899891758329760, 0.7566052415928190555, 0.7960678905323560484, 0.8358862309537679058, 0.8757136832726160058, 0.9162634539474130424, 0.9577596754778290311, 1.000000000000000000 ),
 ( 0.000000000000000000, 1.000000000000000000 ),
 .UNSPECIFIED. ) ;
#1063 = EDGE_LOOP ( 'NONE', ( #616, #4014, #3101, #1691 ) ) ;
#1064 = SURFACE_STYLE_FILL_AREA ( #3393 ) ;
#1065 = CARTESIAN_POINT ( 'NONE',  ( 7.311065400115772661, 2.900601313063442266, -5.499999999999985789 ) ) ;
#1066 = SURFACE_SIDE_STYLE ('',( #2101 ) ) ;
#1067 = CARTESIAN_POINT ( 'NONE',  ( 7.257486966580382060, 2.760458870832679601, -5.498999999999988120 ) ) ;
#1068 = COLOUR_RGB ( '',0.8980392156862745390, 0.8980392156862745390, 0.8980392156862745390 ) ;
#1069 = SURFACE_STYLE_USAGE ( .BOTH. , #5204 ) ;
#1070 = FACE_OUTER_BOUND ( 'NONE', #782, .T. ) ;
#1071 = CARTESIAN_POINT ( 'NONE',  ( 6.919580657161322534, 3.113203937415102818, -5.498999999999982791 ) ) ;
#1072 = COLOUR_RGB ( '',0.1019607843137254888, 0.1019607843137254888, 0.1019607843137254888 ) ;
#1073 = ADVANCED_FACE ( 'NONE', ( #4764 ), #1119, .T. ) ;
#1074 = PRESENTATION_LAYER_ASSIGNMENT (  '', '', ( #698 ) ) ;
#1075 = CARTESIAN_POINT ( 'NONE',  ( 7.517981352529811367, 2.035789657548852549, -5.498999999999995225 ) ) ;
#1076 = PRESENTATION_STYLE_ASSIGNMENT (( #16 ) ) ;
#1077 = CARTESIAN_POINT ( 'NONE',  ( 7.522811485811152110, 2.879148774678832901, -5.499999999999985789 ) ) ;
#1078 = DIRECTION ( 'NONE',  ( 3.469446951953613203E-16, 1.000000000000000000, 3.556183125752452966E-15 ) ) ;
#1079 = EDGE_CURVE ( 'NONE', #2242, #2242, #958, .T. ) ;
#1080 = EDGE_LOOP ( 'NONE', ( #4533 ) ) ;
#1081 = LINE ( 'NONE', #5507, #4645 ) ;
#1082 = SURFACE_SIDE_STYLE ('',( #4306 ) ) ;
#1083 = CARTESIAN_POINT ( 'NONE',  ( 6.939530406975621624, 2.438820074596844023, -5.499999999999991118 ) ) ;
#1084 = DIRECTION ( 'NONE',  ( 4.818676322157798361E-16, -1.000000000000000000, 0.000000000000000000 ) ) ;
#1085 = CARTESIAN_POINT ( 'NONE',  ( 3.750000000000003553, 3.250000000000079048, -5.499999999999988454 ) ) ;
#1086 = PRESENTATION_LAYER_ASSIGNMENT (  '', '', ( #4766 ) ) ;
#1087 = DIRECTION ( 'NONE',  ( 5.102127870520019010E-16, 1.000000000000000000, 3.571489509364013307E-15 ) ) ;
#1088 = ORIENTED_EDGE ( 'NONE', *, *, #850, .T. ) ;
#1089 = ORIENTED_EDGE ( 'NONE', *, *, #492, .T. ) ;
#1090 = SURFACE_STYLE_FILL_AREA ( #2879 ) ;
#1091 = CARTESIAN_POINT ( 'NONE',  ( 6.407871320485583055, 2.225672334615523607, -5.499999999999992895 ) ) ;
#1092 = CARTESIAN_POINT ( 'NONE',  ( 6.626911968838002487, 2.249129985914588570, -5.499999999999992895 ) ) ;
#1093 = SURFACE_STYLE_USAGE ( .BOTH. , #2444 ) ;
#1094 = PRESENTATION_LAYER_ASSIGNMENT (  '', '', ( #1762 ) ) ;
#1095 = DIRECTION ( 'NONE',  ( 1.673312599401593268E-49, 1.000000000000000000, 3.614918832493752804E-15 ) ) ;
#1096 = UNCERTAINTY_MEASURE_WITH_UNIT (LENGTH_MEASURE( 1.000000000000000082E-05 ), #4574, 'distance_accuracy_value', 'NONE');
#1097 = CARTESIAN_POINT ( 'NONE',  ( 7.521215523381973078, 2.829322822835487194, -5.498999999999986343 ) ) ;
#1098 = ADVANCED_FACE ( 'NONE', ( #5796, #3062 ), #5392, .T. ) ;
#1099 = SURFACE_STYLE_USAGE ( .BOTH. , #4358 ) ;
#1100 = SURFACE_SIDE_STYLE ('',( #4327 ) ) ;
#1101 = EDGE_CURVE ( 'NONE', #4305, #736, #4654, .T. ) ;
#1102 = CARTESIAN_POINT ( 'NONE',  ( 7.362168622838582088, 2.234425694897106851, -5.499999999999992895 ) ) ;
#1103 = B_SPLINE_CURVE_WITH_KNOTS ( 'NONE', 3,
 ( #1929, #1508, #2943, #4760, #654, #5609, #715, #4650, #692, #5118, #4294, #5635, #4207, #1540, #1593, #2066, #2504, #5669, #236 ),
 .UNSPECIFIED., .F., .F.,
 ( 4, 1, 1, 1, 1, 1, 1, 1, 1, 1, 1, 1, 1, 1, 1, 1, 4 ),
 ( 0.000000000000000000, 0.07481596665055580131, 0.1485345605139199998, 0.2238723272963845101, 0.3012971209351249513, 0.3408936290197579488, 0.3803400620654399655, 0.4201265887284650336, 0.4599499070829670133, 0.5008311555562169337, 0.5419071755971089921, 0.5844387941530519992, 0.6280801713306070067, 0.7172666799070609445, 0.8078600064218679488, 0.9019246558363439581, 1.000000000000000000 ),
 .UNSPECIFIED. ) ;
#1104 = EDGE_CURVE ( 'NONE', #2698, #1253, #5850, .T. ) ;
#1105 = ORIENTED_EDGE ( 'NONE', *, *, #4216, .T. ) ;
#1106 = UNCERTAINTY_MEASURE_WITH_UNIT (LENGTH_MEASURE( 1.000000000000000082E-05 ), #2992, 'distance_accuracy_value', 'NONE');
#1107 = CARTESIAN_POINT ( 'NONE',  ( -1.249999999999996447, 1.300000000000115286, 8.673617379884229532E-15 ) ) ;
#1108 = FILL_AREA_STYLE_COLOUR ( '', #5462 ) ;
#1109 = FILL_AREA_STYLE ('',( #2434 ) ) ;
#1110 = SURFACE_STYLE_FILL_AREA ( #2411 ) ;
#1111 = FILL_AREA_STYLE ('',( #3832 ) ) ;
#1112 =( NAMED_UNIT ( * ) SI_UNIT ( $, .STERADIAN. ) SOLID_ANGLE_UNIT ( ) );
#1113 = CARTESIAN_POINT ( 'NONE',  ( -3.749999999999996003, 1.300000000000115286, 8.673617379884229532E-15 ) ) ;
#1114 = VERTEX_POINT ( 'NONE', #2735 ) ;
#1115 = ORIENTED_EDGE ( 'NONE', *, *, #5126, .T. ) ;
#1116 = CARTESIAN_POINT ( 'NONE',  ( 7.144161768580692851, 3.278548803677239665, -5.498999999999981014 ) ) ;
#1117 = STYLED_ITEM ( 'NONE', ( #2774 ), #3252 ) ;
#1118 = CARTESIAN_POINT ( 'NONE',  ( 6.416170952994841414, 2.282080400632762185, -5.499999999999992895 ) ) ;
#1119 = B_SPLINE_SURFACE_WITH_KNOTS ( 'NONE', 3, 1, ( 
 ( #953, #823 ),
 ( #2619, #1719 ),
 ( #1244, #1630 ),
 ( #2159, #5675 ),
 ( #3875, #2652 ),
 ( #2533, #5237 ),
 ( #3441, #2106 ),
 ( #3031, #3966 ),
 ( #262, #4445 ),
 ( #384, #4847 ),
 ( #798, #1684 ),
 ( #2196, #2070 ),
 ( #2969, #1754 ),
 ( #3496, #5288 ),
 ( #1275, #4007 ),
 ( #1303, #5762 ),
 ( #4352, #296 ),
 ( #2595, #4790 ),
 ( #3911, #348 ) ),
 .UNSPECIFIED., .F., .F., .F.,
 ( 4, 1, 1, 1, 1, 1, 1, 1, 1, 1, 1, 1, 1, 1, 1, 1, 4 ),
 ( 2, 2 ),
 ( 0.000000000000000000, 0.07481596665055580131, 0.1485345605139199998, 0.2238723272963845101, 0.3012971209351249513, 0.3408936290197579488, 0.3803400620654399655, 0.4201265887284650336, 0.4599499070829670133, 0.5008311555562169337, 0.5419071755971089921, 0.5844387941530519992, 0.6280801713306070067, 0.7172666799070609445, 0.8078600064218679488, 0.9019246558363439581, 1.000000000000000000 ),
 ( 0.000000000000000000, 1.000000000000000000 ),
 .UNSPECIFIED. ) ;
#1120 =( NAMED_UNIT ( * ) PLANE_ANGLE_UNIT ( ) SI_UNIT ( $, .RADIAN. ) );
#1121 = CARTESIAN_POINT ( 'NONE',  ( 7.282166955574972178, 2.786992975727167199, -5.498999999999986343 ) ) ;
#1122 = PRESENTATION_LAYER_ASSIGNMENT (  '', '', ( #5182 ) ) ;
#1123 = CIRCLE ( 'NONE', #5278, 0.3000000000000003775 ) ;
#1124 =( NAMED_UNIT ( * ) SI_UNIT ( $, .STERADIAN. ) SOLID_ANGLE_UNIT ( ) );
#1125 = CARTESIAN_POINT ( 'NONE',  ( -6.999999999999996447, 2.500000000000075051, -3.799999999999990496 ) ) ;
#1126 = AXIS2_PLACEMENT_3D ( 'NONE', #4286, #169, #1087 ) ;
#1127 = AXIS2_PLACEMENT_3D ( 'NONE', #620, #2413, #5536 ) ;
#1128 = MECHANICAL_DESIGN_GEOMETRIC_PRESENTATION_REPRESENTATION (  '', ( #3404 ), #4630 ) ;
#1129 = UNCERTAINTY_MEASURE_WITH_UNIT (LENGTH_MEASURE( 1.000000000000000082E-05 ), #1636, 'distance_accuracy_value', 'NONE');
#1130 = CARTESIAN_POINT ( 'NONE',  ( 7.437599867103042328, 2.652321071515973738, -5.499999999999989342 ) ) ;
#1131 = AXIS2_PLACEMENT_3D ( 'NONE', #1402, #3206, #2691 ) ;
#1132 = DIRECTION ( 'NONE',  ( -0.7682212795973735187, -0.6401843996644828172, -2.299485791695515889E-15 ) ) ;
#1133 = CARTESIAN_POINT ( 'NONE',  ( 7.124787461752031703, 1.949945104765287596, -5.499999999999996447 ) ) ;
#1134 =( GEOMETRIC_REPRESENTATION_CONTEXT ( 3 ) GLOBAL_UNCERTAINTY_ASSIGNED_CONTEXT ( ( #1320 ) ) GLOBAL_UNIT_ASSIGNED_CONTEXT ( ( #3866, #5605, #4258 ) ) REPRESENTATION_CONTEXT ( 'NONE', 'WORKASPACE' ) );
#1135 = CIRCLE ( 'NONE', #1518, 0.2000000000000000944 ) ;
#1136 = COLOUR_RGB ( '',0.8980392156862745390, 0.8980392156862745390, 0.8980392156862745390 ) ;
#1137 = DIRECTION ( 'NONE',  ( -0.7071067811865521247, 2.539865072316935451E-15, -0.7071067811865429098 ) ) ;
#1138 = VERTEX_POINT ( 'NONE', #4113 ) ;
#1139 = PRESENTATION_STYLE_ASSIGNMENT (( #4406 ) ) ;
#1140 =( NAMED_UNIT ( * ) PLANE_ANGLE_UNIT ( ) SI_UNIT ( $, .RADIAN. ) );
#1141 = AXIS2_PLACEMENT_3D ( 'NONE', #3447, #4796, #5822 ) ;
#1142 =( LENGTH_UNIT ( ) NAMED_UNIT ( * ) SI_UNIT ( .MILLI., .METRE. ) );
#1143 = EDGE_CURVE ( 'NONE', #1384, #750, #3704, .T. ) ;
#1144 = CARTESIAN_POINT ( 'NONE',  ( 6.679343979098362638, 2.027445979091536010, -5.499999999999996447 ) ) ;
#1145 = AXIS2_PLACEMENT_3D ( 'NONE', #87, #5115, #2854 ) ;
#1146 = ADVANCED_BREP_SHAPE_REPRESENTATION ( 'Magnetic Pogo Connector 4 Pin (Type 4)', ( #5404, #3643, #1682, #1642, #3554, #5414, #1512, #3027 ), #2564 ) ;
#1147 = TOROIDAL_SURFACE ( 'NONE', #5002, 1.699999999999999734, 0.2000000000000000111 ) ;
#1148 = ORIENTED_EDGE ( 'NONE', *, *, #844, .T. ) ;
#1149 = ORIENTED_EDGE ( 'NONE', *, *, #1845, .T. ) ;
#1150 = PRESENTATION_LAYER_ASSIGNMENT (  '', '', ( #3783 ) ) ;
#1151 = DIRECTION ( 'NONE',  ( -1.665334536937733825E-16, 1.000000000000000000, 3.614918832493746493E-15 ) ) ;
#1152 =( NAMED_UNIT ( * ) PLANE_ANGLE_UNIT ( ) SI_UNIT ( $, .RADIAN. ) );
#1153 = CARTESIAN_POINT ( 'NONE',  ( 6.422855507363276928, 2.309098353268451920, -5.498999999999991672 ) ) ;
#1154 = CARTESIAN_POINT ( 'NONE',  ( 6.765257519046332213, 2.382847675134682319, -5.498999999999991672 ) ) ;
#1155 = PRESENTATION_LAYER_ASSIGNMENT (  '', '', ( #597 ) ) ;
#1156 = CARTESIAN_POINT ( 'NONE',  ( 6.625717366120717600, 3.190487132042204355, -5.498999999999982791 ) ) ;
#1157 = EDGE_CURVE ( 'NONE', #1645, #2936, #1823, .T. ) ;
#1158 = AXIS2_PLACEMENT_3D ( 'NONE', #3530, #745, #5324 ) ;
#1159 =( NAMED_UNIT ( * ) PLANE_ANGLE_UNIT ( ) SI_UNIT ( $, .RADIAN. ) );
#1160 = PLANE ( 'NONE',  #3414 ) ;
#1161 = CARTESIAN_POINT ( 'NONE',  ( -6.395513249929057231, 3.277793762384871634, -5.499999999999992895 ) ) ;
#1162 = CARTESIAN_POINT ( 'NONE',  ( 7.000000000000003553, 4.250000000000070166, -3.799999999999984279 ) ) ;
#1163 = PRESENTATION_LAYER_ASSIGNMENT (  '', '', ( #5782 ) ) ;
#1164 = CARTESIAN_POINT ( 'NONE',  ( -1.249999999999996447, -1.249996883773825784, 8.673617379884229532E-15 ) ) ;
#1165 = CARTESIAN_POINT ( 'NONE',  ( 6.793315521618622732, 2.603838849198320649, -5.499999999999989342 ) ) ;
#1166 = SURFACE_STYLE_FILL_AREA ( #5216 ) ;
#1167 = DIRECTION ( 'NONE',  ( -3.469446951953613203E-16, -1.000000000000000000, -3.642919299551293321E-15 ) ) ;
#1168 = B_SPLINE_CURVE_WITH_KNOTS ( 'NONE', 3,
 ( #3942, #5729, #3407, #1248, #3471, #2044, #3846, #1599, #297, #5215, #3034, #3377, #800, #1165, #263, #2014, #2596, #4765, #2071 ),
 .UNSPECIFIED., .F., .F.,
 ( 4, 1, 1, 1, 1, 1, 1, 1, 1, 1, 1, 1, 1, 1, 1, 1, 4 ),
 ( 0.000000000000000000, 0.03274321823113744701, 0.07240960549385719314, 0.1196114857927609992, 0.1746729151985134953, 0.2373450901947015135, 0.3083524168429155332, 0.3876300477623594865, 0.4747836155862519836, 0.5633323159904150002, 0.6451362168299870081, 0.7202025267224649863, 0.7891341563324459907, 0.8514970735699649573, 0.9073306044315619934, 0.9569686823424189415, 1.000000000000000000 ),
 .UNSPECIFIED. ) ;
#1169 = ORIENTED_EDGE ( 'NONE', *, *, #3689, .T. ) ;
#1170 = COLOUR_RGB ( '',0.8980392156862745390, 0.8980392156862745390, 0.8980392156862745390 ) ;
#1171 = DIRECTION ( 'NONE',  ( -0.5403350958123748216, -0.8414499297245389142, -2.808914749783441563E-15 ) ) ;
#1172 = CARTESIAN_POINT ( 'NONE',  ( 7.368965331965002363, 2.289905986217295020, -5.499999999999992895 ) ) ;
#1173 = EDGE_LOOP ( 'NONE', ( #4548, #231, #1972, #4840 ) ) ;
#1174 = DIRECTION ( 'NONE',  ( 0.000000000000000000, 3.591911631868355648E-15, -1.000000000000000000 ) ) ;
#1175 = PLANE ( 'NONE',  #2292 ) ;
#1176 = CARTESIAN_POINT ( 'NONE',  ( 4.200000000000004619, 2.500000000000094147, -5.949999999999992184 ) ) ;
#1177 = CARTESIAN_POINT ( 'NONE',  ( 6.618965331964997034, 2.186240120832679601, -5.499999999999994671 ) ) ;
#1178 = ORIENTED_EDGE ( 'NONE', *, *, #137, .T. ) ;
#1179 = EDGE_LOOP ( 'NONE', ( #2877 ) ) ;
#1180 = ADVANCED_FACE ( 'NONE', ( #2327 ), #5406, .T. ) ;
#1181 = CARTESIAN_POINT ( 'NONE',  ( 3.750000000000003553, 2.500000000000094147, -1.499999999999991340 ) ) ;
#1182 = CARTESIAN_POINT ( 'NONE',  ( -7.337820942236751520, 2.158502897000255327, -5.499999999999989342 ) ) ;
#1183 = UNCERTAINTY_MEASURE_WITH_UNIT (LENGTH_MEASURE( 1.000000000000000082E-05 ), #3766, 'distance_accuracy_value', 'NONE');
#1184 = ORIENTED_EDGE ( 'NONE', *, *, #2485, .F. ) ;
#1185 = CARTESIAN_POINT ( 'NONE',  ( 6.705172714700596615, 2.351193538818547868, -5.499999999999992895 ) ) ;
#1186 = CARTESIAN_POINT ( 'NONE',  ( 6.487691613459672269, 2.430704330004481051, -5.499999999999991118 ) ) ;
#1187 = CARTESIAN_POINT ( 'NONE',  ( 7.000000000000001776, 2.500000000000063949, -1.599999999999990541 ) ) ;
#1188 = CARTESIAN_POINT ( 'NONE',  ( -6.999999999999996447, 2.500000000000077716, -4.499999999999990230 ) ) ;
#1189 = EDGE_CURVE ( 'NONE', #2405, #203, #5429, .T. ) ;
#1190 = DIRECTION ( 'NONE',  ( 0.000000000000000000, -3.591911631868355648E-15, 1.000000000000000000 ) ) ;
#1191 = SURFACE_SIDE_STYLE ('',( #746 ) ) ;
#1192 = STYLED_ITEM ( 'NONE', ( #4035 ), #2233 ) ;
#1193 = FILL_AREA_STYLE ('',( #2427 ) ) ;
#1194 = ORIENTED_EDGE ( 'NONE', *, *, #4420, .F. ) ;
#1195 = CARTESIAN_POINT ( 'NONE',  ( 7.356877878932212234, 3.194723114569429256, -5.499999999999982236 ) ) ;
#1196 = DIRECTION ( 'NONE',  ( 1.797281352452778372E-31, -3.591911631868354070E-15, 1.000000000000000000 ) ) ;
#1197 = ORIENTED_EDGE ( 'NONE', *, *, #639, .T. ) ;
#1198 = CARTESIAN_POINT ( 'NONE',  ( 7.000000000000001776, 2.500000000000071498, -3.799999999999990496 ) ) ;
#1199 = CARTESIAN_POINT ( 'NONE',  ( 6.993664851195772414, 3.116829063140371670, -5.498999999999982791 ) ) ;
#1200 = CARTESIAN_POINT ( 'NONE',  ( 6.739578658345801720, 2.371646462144207046, -5.498999999999991672 ) ) ;
#1201 = DIRECTION ( 'NONE',  ( -4.336808689942016750E-16, -1.000000000000000000, -3.591911631868355648E-15 ) ) ;
#1202 =( NAMED_UNIT ( * ) SI_UNIT ( $, .STERADIAN. ) SOLID_ANGLE_UNIT ( ) );
#1203 = DIRECTION ( 'NONE',  ( 5.530859633884060252E-30, 1.349966643306301775E-45, -1.000000000000000000 ) ) ;
#1204 = VERTEX_POINT ( 'NONE', #151 ) ;
#1205 = ORIENTED_EDGE ( 'NONE', *, *, #5769, .T. ) ;
#1206 = SURFACE_STYLE_USAGE ( .BOTH. , #4870 ) ;
#1207 = FILL_AREA_STYLE_COLOUR ( '', #3032 ) ;
#1208 = ORIENTED_EDGE ( 'NONE', *, *, #5042, .F. ) ;
#1209 = DIRECTION ( 'NONE',  ( 0.000000000000000000, 0.000000000000000000, -1.000000000000000000 ) ) ;
#1210 = SURFACE_STYLE_FILL_AREA ( #2940 ) ;
#1211 =( LENGTH_UNIT ( ) NAMED_UNIT ( * ) SI_UNIT ( .MILLI., .METRE. ) );
#1212 = ADVANCED_FACE ( 'NONE', ( #4230, #3312 ), #2103, .T. ) ;
#1213 = SURFACE_STYLE_FILL_AREA ( #4389 ) ;
#1214 = VECTOR ( 'NONE', #734, 1000.000000000000000 ) ;
#1215 = FACE_OUTER_BOUND ( 'NONE', #2684, .T. ) ;
#1216 = DIRECTION ( 'NONE',  ( 0.000000000000000000, 1.000000000000000000, 2.891205793294679017E-15 ) ) ;
#1217 = ADVANCED_FACE ( 'NONE', ( #4289 ), #5079, .T. ) ;
#1218 =( NAMED_UNIT ( * ) SI_UNIT ( $, .STERADIAN. ) SOLID_ANGLE_UNIT ( ) );
#1219 =( NAMED_UNIT ( * ) SI_UNIT ( $, .STERADIAN. ) SOLID_ANGLE_UNIT ( ) );
#1220 = VERTEX_POINT ( 'NONE', #737 ) ;
#1221 = FILL_AREA_STYLE ('',( #3476 ) ) ;
#1222 = EDGE_CURVE ( 'NONE', #2184, #3836, #1745, .T. ) ;
#1223 = AXIS2_PLACEMENT_3D ( 'NONE', #1181, #4313, #685 ) ;
#1224 = ORIENTED_EDGE ( 'NONE', *, *, #4363, .F. ) ;
#1225 = CARTESIAN_POINT ( 'NONE',  ( 6.626911968838002487, 2.249129985914588570, -5.498999999999993449 ) ) ;
#1226 = DIRECTION ( 'NONE',  ( 1.000000000000000000, -4.336808689942016750E-16, -1.557743357859049482E-30 ) ) ;
#1227 =( GEOMETRIC_REPRESENTATION_CONTEXT ( 3 ) GLOBAL_UNCERTAINTY_ASSIGNED_CONTEXT ( ( #2609 ) ) GLOBAL_UNIT_ASSIGNED_CONTEXT ( ( #4194, #2893, #1964 ) ) REPRESENTATION_CONTEXT ( 'NONE', 'WORKASPACE' ) );
#1228 = CIRCLE ( 'NONE', #2356, 1.600000000000000755 ) ;
#1229 =( LENGTH_UNIT ( ) NAMED_UNIT ( * ) SI_UNIT ( .MILLI., .METRE. ) );
#1230 = AXIS2_PLACEMENT_3D ( 'NONE', #756, #1847, #1671 ) ;
#1231 = EDGE_LOOP ( 'NONE', ( #5444 ) ) ;
#1232 = AXIS2_PLACEMENT_3D ( 'NONE', #3574, #5358, #2666 ) ;
#1233 = EDGE_LOOP ( 'NONE', ( #2059, #5542, #5252, #3070 ) ) ;
#1234 = DIRECTION ( 'NONE',  ( -1.835596038252509459E-31, 3.614918832493752804E-15, -1.000000000000000000 ) ) ;
#1235 = AXIS2_PLACEMENT_3D ( 'NONE', #1282, #4952, #3633 ) ;
#1236 = ORIENTED_EDGE ( 'NONE', *, *, #5847, .F. ) ;
#1237 = SURFACE_SIDE_STYLE ('',( #407 ) ) ;
#1238 = SURFACE_SIDE_STYLE ('',( #1271 ) ) ;
#1239 = CARTESIAN_POINT ( 'NONE',  ( -3.299999999999995381, 2.500000000000094147, -5.949999999999992184 ) ) ;
#1240 = COLOUR_RGB ( '',0.7921568627450980005, 0.8196078431372548767, 0.9333333333333333481 ) ;
#1241 = STYLED_ITEM ( 'NONE', ( #2770 ), #4439 ) ;
#1242 = LINE ( 'NONE', #2222, #1848 ) ;
#1243 = SURFACE_STYLE_FILL_AREA ( #5373 ) ;
#1244 = CARTESIAN_POINT ( 'NONE',  ( 6.409763853056002603, 2.137933008487500341, -5.498999999999995225 ) ) ;
#1245 = DIRECTION ( 'NONE',  ( 7.433064981013480826E-31, 2.760287964870829992E-45, -1.000000000000000000 ) ) ;
#1246 = SURFACE_STYLE_FILL_AREA ( #1335 ) ;
#1247 = CARTESIAN_POINT ( 'NONE',  ( -3.749999999999995115, 2.500000000000094147, -5.949999999999992184 ) ) ;
#1248 = CARTESIAN_POINT ( 'NONE',  ( 7.219323152397882026, 2.733206216231323094, -5.499999999999987566 ) ) ;
#1249 = MECHANICAL_DESIGN_GEOMETRIC_PRESENTATION_REPRESENTATION (  '', ( #5117 ), #3515 ) ;
#1250 = SURFACE_SIDE_STYLE ('',( #3499 ) ) ;
#1251 = SURFACE_STYLE_USAGE ( .BOTH. , #5826 ) ;
#1252 = AXIS2_PLACEMENT_3D ( 'NONE', #4963, #4526, #469 ) ;
#1253 = VERTEX_POINT ( 'NONE', #1182 ) ;
#1254 = ADVANCED_FACE ( 'NONE', ( #5254 ), #3521, .F. ) ;
#1255 = UNCERTAINTY_MEASURE_WITH_UNIT (LENGTH_MEASURE( 1.000000000000000082E-05 ), #703, 'distance_accuracy_value', 'NONE');
#1256 = EDGE_LOOP ( 'NONE', ( #1476 ) ) ;
#1257 =( GEOMETRIC_REPRESENTATION_CONTEXT ( 3 ) GLOBAL_UNCERTAINTY_ASSIGNED_CONTEXT ( ( #1462 ) ) GLOBAL_UNIT_ASSIGNED_CONTEXT ( ( #733, #810, #2090 ) ) REPRESENTATION_CONTEXT ( 'NONE', 'WORKASPACE' ) );
#1258 = FILL_AREA_STYLE_COLOUR ( '', #3795 ) ;
#1259 = EDGE_CURVE ( 'NONE', #3106, #625, #4699, .T. ) ;
#1260 = DIRECTION ( 'NONE',  ( 0.000000000000000000, -3.591911631868355648E-15, 1.000000000000000000 ) ) ;
#1261 = CARTESIAN_POINT ( 'NONE',  ( -1.249999999999997335, 2.500000000000081268, -5.499999999999991118 ) ) ;
#1262 = COLOUR_RGB ( '',0.8980392156862745390, 0.8980392156862745390, 0.8980392156862745390 ) ;
#1263 = SURFACE_STYLE_FILL_AREA ( #4837 ) ;
#1264 = EDGE_LOOP ( 'NONE', ( #171 ) ) ;
#1265 = EDGE_LOOP ( 'NONE', ( #5603 ) ) ;
#1266 = UNCERTAINTY_MEASURE_WITH_UNIT (LENGTH_MEASURE( 1.000000000000000082E-05 ), #482, 'distance_accuracy_value', 'NONE');
#1267 = LINE ( 'NONE', #4314, #5035 ) ;
#1268 = ORIENTED_EDGE ( 'NONE', *, *, #1772, .F. ) ;
#1269 = FILL_AREA_STYLE_COLOUR ( '', #2450 ) ;
#1270 = CARTESIAN_POINT ( 'NONE',  ( 7.000000000000001776, 2.500000000000077272, -5.399999999999989697 ) ) ;
#1271 = SURFACE_STYLE_FILL_AREA ( #2644 ) ;
#1272 = VERTEX_POINT ( 'NONE', #3960 ) ;
#1273 = PRESENTATION_LAYER_ASSIGNMENT (  '', '', ( #622 ) ) ;
#1274 = DIRECTION ( 'NONE',  ( 2.891205793294678326E-16, -1.000000000000000000, 0.000000000000000000 ) ) ;
#1275 = CARTESIAN_POINT ( 'NONE',  ( 6.733367893141736893, 1.782702295529142500, -5.498999999999998778 ) ) ;
#1276 = DIRECTION ( 'NONE',  ( 0.000000000000000000, -3.636102851368344260E-15, -1.000000000000000000 ) ) ;
#1277 = PRESENTATION_STYLE_ASSIGNMENT (( #5327 ) ) ;
#1278 = PRESENTATION_STYLE_ASSIGNMENT (( #2164 ) ) ;
#1279 =( LENGTH_UNIT ( ) NAMED_UNIT ( * ) SI_UNIT ( .MILLI., .METRE. ) );
#1280 = ORIENTED_EDGE ( 'NONE', *, *, #5359, .T. ) ;
#1281 = CIRCLE ( 'NONE', #4303, 3.499999999999999556 ) ;
#1282 = CARTESIAN_POINT ( 'NONE',  ( -6.999999999999996447, 2.500000000000070166, -2.499999999999990674 ) ) ;
#1283 = MECHANICAL_DESIGN_GEOMETRIC_PRESENTATION_REPRESENTATION (  '', ( #5155 ), #4124 ) ;
#1284 = EDGE_CURVE ( 'NONE', #4528, #3429, #5277, .T. ) ;
#1285 = EDGE_LOOP ( 'NONE', ( #2930, #4888, #5573, #4380 ) ) ;
#1286 = CARTESIAN_POINT ( 'NONE',  ( 7.311273024272692211, 2.892970890063448763, -5.498999999999986343 ) ) ;
#1287 = CARTESIAN_POINT ( 'NONE',  ( 7.000000000000001776, 2.500000000000067057, -2.499999999999990674 ) ) ;
#1288 = CARTESIAN_POINT ( 'NONE',  ( 6.639171836528531934, 2.277370380017337048, -5.498999999999993449 ) ) ;
#1289 = FILL_AREA_STYLE_COLOUR ( '', #5134 ) ;
#1290 = DIRECTION ( 'NONE',  ( 5.530859633884060252E-30, 1.349966643306301775E-45, -1.000000000000000000 ) ) ;
#1291 = EDGE_CURVE ( 'NONE', #4544, #670, #4281, .T. ) ;
#1292 = ORIENTED_EDGE ( 'NONE', *, *, #3321, .F. ) ;
#1293 = EDGE_LOOP ( 'NONE', ( #447 ) ) ;
#1294 = DIRECTION ( 'NONE',  ( 1.000000000000000000, -2.478176394252581141E-16, -8.901390616337425361E-31 ) ) ;
#1295 = CARTESIAN_POINT ( 'NONE',  ( 6.432148815750462489, 2.335096187747808916, -5.498999999999991672 ) ) ;
#1296 = ORIENTED_EDGE ( 'NONE', *, *, #2206, .F. ) ;
#1297 = FILL_AREA_STYLE_COLOUR ( '', #4634 ) ;
#1298 = FILL_AREA_STYLE_COLOUR ( '', #1068 ) ;
#1299 = FACE_OUTER_BOUND ( 'NONE', #4567, .T. ) ;
#1300 = DIRECTION ( 'NONE',  ( 0.000000000000000000, -1.000000000000000000, 0.000000000000000000 ) ) ;
#1301 = SURFACE_STYLE_USAGE ( .BOTH. , #4421 ) ;
#1302 = CARTESIAN_POINT ( 'NONE',  ( 1.250000000000003997, 2.500000000000094147, -1.499999999999991340 ) ) ;
#1303 = CARTESIAN_POINT ( 'NONE',  ( 6.802905941979982885, 1.764865978751083642, -5.498999999999998778 ) ) ;
#1304 = EDGE_LOOP ( 'NONE', ( #4288 ) ) ;
#1305 = DIRECTION ( 'NONE',  ( -0.7071067811865430208, -2.539865072316968978E-15, 0.7071067811865521247 ) ) ;
#1306 = PRESENTATION_STYLE_ASSIGNMENT (( #5352 ) ) ;
#1307 =( LENGTH_UNIT ( ) NAMED_UNIT ( * ) SI_UNIT ( .MILLI., .METRE. ) );
#1308 = ORIENTED_EDGE ( 'NONE', *, *, #4177, .F. ) ;
#1309 = TOROIDAL_SURFACE ( 'NONE', #5083, 1.199999999999983746, 0.2999999999999999889 ) ;
#1310 = UNCERTAINTY_MEASURE_WITH_UNIT (LENGTH_MEASURE( 1.000000000000000082E-05 ), #1602, 'distance_accuracy_value', 'NONE');
#1311 = CIRCLE ( 'NONE', #1696, 0.7500000000000000000 ) ;
#1312 = CARTESIAN_POINT ( 'NONE',  ( 7.465121248552752498, 3.082703853233385693, -5.499999999999984013 ) ) ;
#1313 = EDGE_LOOP ( 'NONE', ( #285 ) ) ;
#1314 = PRESENTATION_LAYER_ASSIGNMENT (  '', '', ( #751 ) ) ;
#1315 = PRESENTATION_STYLE_ASSIGNMENT (( #5357 ) ) ;
#1316 = DIRECTION ( 'NONE',  ( 1.000000000000000000, 0.000000000000000000, 0.000000000000000000 ) ) ;
#1317 =( GEOMETRIC_REPRESENTATION_CONTEXT ( 3 ) GLOBAL_UNCERTAINTY_ASSIGNED_CONTEXT ( ( #2143 ) ) GLOBAL_UNIT_ASSIGNED_CONTEXT ( ( #3001, #3137, #3098 ) ) REPRESENTATION_CONTEXT ( 'NONE', 'WORKASPACE' ) );
#1318 = SURFACE_SIDE_STYLE ('',( #5360 ) ) ;
#1319 = EDGE_LOOP ( 'NONE', ( #1796, #4029, #2032, #4859 ) ) ;
#1320 = UNCERTAINTY_MEASURE_WITH_UNIT (LENGTH_MEASURE( 1.000000000000000082E-05 ), #3866, 'distance_accuracy_value', 'NONE');
#1321 = MECHANICAL_DESIGN_GEOMETRIC_PRESENTATION_REPRESENTATION (  '', ( #1905 ), #2627 ) ;
#1322 = SURFACE_SIDE_STYLE ('',( #4807 ) ) ;
#1323 = PRESENTATION_STYLE_ASSIGNMENT (( #5364 ) ) ;
#1324 = CARTESIAN_POINT ( 'NONE',  ( 6.551966942490953016, 2.492023309889373373, -5.498999999999989896 ) ) ;
#1325 =( GEOMETRIC_REPRESENTATION_CONTEXT ( 3 ) GLOBAL_UNCERTAINTY_ASSIGNED_CONTEXT ( ( #3505 ) ) GLOBAL_UNIT_ASSIGNED_CONTEXT ( ( #3997, #4416, #5314 ) ) REPRESENTATION_CONTEXT ( 'NONE', 'WORKASPACE' ) );
#1326 = ORIENTED_EDGE ( 'NONE', *, *, #850, .F. ) ;
#1327 = CARTESIAN_POINT ( 'NONE',  ( 7.287446635729752487, 1.813643013080153521, -5.499999999999998224 ) ) ;
#1328 = DIRECTION ( 'NONE',  ( -7.433064981013270631E-31, -1.814255006657869845E-46, 1.000000000000000000 ) ) ;
#1329 = EDGE_CURVE ( 'NONE', #1741, #2538, #1267, .T. ) ;
#1330 =( LENGTH_UNIT ( ) NAMED_UNIT ( * ) SI_UNIT ( .MILLI., .METRE. ) );
#1331 =( GEOMETRIC_REPRESENTATION_CONTEXT ( 3 ) GLOBAL_UNCERTAINTY_ASSIGNED_CONTEXT ( ( #3816 ) ) GLOBAL_UNIT_ASSIGNED_CONTEXT ( ( #2493, #3986, #1734 ) ) REPRESENTATION_CONTEXT ( 'NONE', 'WORKASPACE' ) );
#1332 =( LENGTH_UNIT ( ) NAMED_UNIT ( * ) SI_UNIT ( .MILLI., .METRE. ) );
#1333 = AXIS2_PLACEMENT_3D ( 'NONE', #1000, #1588, #4701 ) ;
#1334 = FILL_AREA_STYLE_COLOUR ( '', #185 ) ;
#1335 = FILL_AREA_STYLE ('',( #3475 ) ) ;
#1336 = CARTESIAN_POINT ( 'NONE',  ( 7.074160184841322696, 3.287950814755243645, -5.499999999999982236 ) ) ;
#1337 = ADVANCED_FACE ( 'NONE', ( #4871, #4440 ), #2219, .F. ) ;
#1338 = PRESENTATION_STYLE_ASSIGNMENT (( #2706 ) ) ;
#1339 = PRESENTATION_LAYER_ASSIGNMENT (  '', '', ( #4170 ) ) ;
#1340 = PRESENTATION_LAYER_ASSIGNMENT (  '', '', ( #9 ) ) ;
#1341 = MECHANICAL_DESIGN_GEOMETRIC_PRESENTATION_REPRESENTATION (  '', ( #5483 ), #1331 ) ;
#1342 = DIRECTION ( 'NONE',  ( 0.000000000000000000, -3.591911631868355648E-15, 1.000000000000000000 ) ) ;
#1343 = MECHANICAL_DESIGN_GEOMETRIC_PRESENTATION_REPRESENTATION (  '', ( #5772 ), #1820 ) ;
#1344 = EDGE_LOOP ( 'NONE', ( #458 ) ) ;
#1345 = MECHANICAL_DESIGN_GEOMETRIC_PRESENTATION_REPRESENTATION (  '', ( #15 ), #4087 ) ;
#1346 = CARTESIAN_POINT ( 'NONE',  ( 6.465323978180222753, 2.971099759564420406, -5.499999999999985789 ) ) ;
#1347 =( NAMED_UNIT ( * ) SI_UNIT ( $, .STERADIAN. ) SOLID_ANGLE_UNIT ( ) );
#1348 =( GEOMETRIC_REPRESENTATION_CONTEXT ( 3 ) GLOBAL_UNCERTAINTY_ASSIGNED_CONTEXT ( ( #5524 ) ) GLOBAL_UNIT_ASSIGNED_CONTEXT ( ( #3733, #2822, #173 ) ) REPRESENTATION_CONTEXT ( 'NONE', 'WORKASPACE' ) );
#1349 =( NAMED_UNIT ( * ) SI_UNIT ( $, .STERADIAN. ) SOLID_ANGLE_UNIT ( ) );
#1350 = FILL_AREA_STYLE ('',( #13 ) ) ;
#1351 = MECHANICAL_DESIGN_GEOMETRIC_PRESENTATION_REPRESENTATION (  '', ( #5782 ), #1539 ) ;
#1352 =( NAMED_UNIT ( * ) PLANE_ANGLE_UNIT ( ) SI_UNIT ( $, .RADIAN. ) );
#1353 =( GEOMETRIC_REPRESENTATION_CONTEXT ( 3 ) GLOBAL_UNCERTAINTY_ASSIGNED_CONTEXT ( ( #3289 ) ) GLOBAL_UNIT_ASSIGNED_CONTEXT ( ( #502, #677, #4750 ) ) REPRESENTATION_CONTEXT ( 'NONE', 'WORKASPACE' ) );
#1354 = EDGE_LOOP ( 'NONE', ( #326 ) ) ;
#1355 = VERTEX_POINT ( 'NONE', #2990 ) ;
#1356 = CARTESIAN_POINT ( 'NONE',  ( 7.574237604706492100, 2.212327284999750621, -5.499999999999994671 ) ) ;
#1357 = CARTESIAN_POINT ( 'NONE',  ( -6.607051711467516242, 1.777793762384871412, -5.498999999999988120 ) ) ;
#1358 = EDGE_LOOP ( 'NONE', ( #3597 ) ) ;
#1359 = PRESENTATION_STYLE_ASSIGNMENT (( #2590 ) ) ;
#1360 = SURFACE_SIDE_STYLE ('',( #1886 ) ) ;
#1361 = DIRECTION ( 'NONE',  ( 1.000000000000000000, 0.000000000000000000, 0.000000000000000000 ) ) ;
#1362 = PRESENTATION_LAYER_ASSIGNMENT (  '', '', ( #36 ) ) ;
#1363 = CARTESIAN_POINT ( 'NONE',  ( 6.880224449475321968, 2.628069333343674874, -5.499999999999989342 ) ) ;
#1364 = FACE_OUTER_BOUND ( 'NONE', #1618, .T. ) ;
#1365 = EDGE_CURVE ( 'NONE', #3561, #1061, #4874, .T. ) ;
#1366 =( NAMED_UNIT ( * ) SI_UNIT ( $, .STERADIAN. ) SOLID_ANGLE_UNIT ( ) );
#1367 = CARTESIAN_POINT ( 'NONE',  ( 7.381239383569412560, 3.176973034421727515, -5.499999999999984013 ) ) ;
#1368 = CARTESIAN_POINT ( 'NONE',  ( 6.407426870426537135, 2.196456466986525857, -5.498999999999993449 ) ) ;
#1369 = CARTESIAN_POINT ( 'NONE',  ( 6.687784751493707880, 2.964391746426974894, -5.499999999999985789 ) ) ;
#1370 = SURFACE_SIDE_STYLE ('',( #5458 ) ) ;
#1371 = DIRECTION ( 'NONE',  ( 0.000000000000000000, 9.957992501029929072E-17, -1.000000000000000000 ) ) ;
#1372 = EDGE_CURVE ( 'NONE', #787, #2167, #5031, .T. ) ;
#1373 = ORIENTED_EDGE ( 'NONE', *, *, #3328, .T. ) ;
#1374 = CARTESIAN_POINT ( 'NONE',  ( 6.652626775817151561, 3.207869204767282323, -5.498999999999982791 ) ) ;
#1375 = COLOUR_RGB ( '',0.8980392156862745390, 0.8980392156862745390, 0.8980392156862745390 ) ;
#1376 = CARTESIAN_POINT ( 'NONE',  ( 7.522097567008821706, 2.897744932845216947, -5.498999999999986343 ) ) ;
#1377 = SURFACE_SIDE_STYLE ('',( #4975 ) ) ;
#1378 = DIRECTION ( 'NONE',  ( 0.000000000000000000, 3.591911631868355648E-15, -1.000000000000000000 ) ) ;
#1379 = CARTESIAN_POINT ( 'NONE',  ( 7.000000000000000888, -0.9999999999999219513, -5.500000000000003553 ) ) ;
#1380 = EDGE_LOOP ( 'NONE', ( #1821, #1490, #4049, #1280 ) ) ;
#1381 = ORIENTED_EDGE ( 'NONE', *, *, #2375, .F. ) ;
#1382 = CARTESIAN_POINT ( 'NONE',  ( 7.351650037208601773, 1.849144760189333603, -5.499999999999998224 ) ) ;
#1383 =( NAMED_UNIT ( * ) SI_UNIT ( $, .STERADIAN. ) SOLID_ANGLE_UNIT ( ) );
#1384 = VERTEX_POINT ( 'NONE', #3905 ) ;
#1385 = CARTESIAN_POINT ( 'NONE',  ( 7.032799908030922253, 3.116534081582616356, -5.498999999999982791 ) ) ;
#1386 = CARTESIAN_POINT ( 'NONE',  ( 7.002078312734232313, 3.289905986217294576, -5.499999999999982236 ) ) ;
#1387 = SURFACE_STYLE_FILL_AREA ( #930 ) ;
#1388 = CARTESIAN_POINT ( 'NONE',  ( -6.999999999999996447, 1.000000000000067280, -1.599999999999995870 ) ) ;
#1389 = CARTESIAN_POINT ( 'NONE',  ( 7.219323152397882026, 2.733206216231323094, -5.499999999999987566 ) ) ;
#1390 = CARTESIAN_POINT ( 'NONE',  ( 6.796044481997387976, 2.395832066392165505, -5.499999999999991118 ) ) ;
#1391 =( NAMED_UNIT ( * ) PLANE_ANGLE_UNIT ( ) SI_UNIT ( $, .RADIAN. ) );
#1392 = FILL_AREA_STYLE ('',( #1957 ) ) ;
#1393 = ADVANCED_FACE ( 'NONE', ( #1712, #342 ), #5220, .T. ) ;
#1394 = CARTESIAN_POINT ( 'NONE',  ( -1.249999999999997335, 2.500000000000067057, -1.499999999999990452 ) ) ;
#1395 = CARTESIAN_POINT ( 'NONE',  ( 6.902404331937741944, 2.428478591519919849, -5.498999999999991672 ) ) ;
#1396 = LINE ( 'NONE', #5496, #4143 ) ;
#1397 = VERTEX_POINT ( 'NONE', #3433 ) ;
#1398 = CARTESIAN_POINT ( 'NONE',  ( 6.577183827406137162, 3.151447429331611705, -5.498999999999982791 ) ) ;
#1399 = SURFACE_STYLE_USAGE ( .BOTH. , #4836 ) ;
#1400 = CARTESIAN_POINT ( 'NONE',  ( 7.356877878932212234, 3.194723114569429256, -5.499999999999982236 ) ) ;
#1401 = LINE ( 'NONE', #577, #4933 ) ;
#1402 = CARTESIAN_POINT ( 'NONE',  ( -1.249999999999996447, 2.500000000000099476, -1.199999999999991296 ) ) ;
#1403 = CARTESIAN_POINT ( 'NONE',  ( -3.749999999999996003, -1.249996883773825784, 8.673617379884229532E-15 ) ) ;
#1404 = CIRCLE ( 'NONE', #4059, 1.500000000000000000 ) ;
#1405 = STYLED_ITEM ( 'NONE', ( #4657 ), #3043 ) ;
#1406 = EDGE_CURVE ( 'NONE', #1355, #2756, #5257, .T. ) ;
#1407 =( NAMED_UNIT ( * ) SI_UNIT ( $, .STERADIAN. ) SOLID_ANGLE_UNIT ( ) );
#1408 = AXIS2_PLACEMENT_3D ( 'NONE', #2351, #4058, #118 ) ;
#1409 = ORIENTED_EDGE ( 'NONE', *, *, #994, .T. ) ;
#1410 = EDGE_LOOP ( 'NONE', ( #3369 ) ) ;
#1411 = CARTESIAN_POINT ( 'NONE',  ( 7.547634779938952043, 2.103258737546648049, -5.498999999999995225 ) ) ;
#1412 = CARTESIAN_POINT ( 'NONE',  ( -3.749999999999996891, 2.500000000000082601, -5.499999999999991118 ) ) ;
#1413 = ORIENTED_EDGE ( 'NONE', *, *, #5847, .T. ) ;
#1414 = CARTESIAN_POINT ( 'NONE',  ( 7.311065400115772661, 2.900601313063442266, -5.499999999999985789 ) ) ;
#1415 = CARTESIAN_POINT ( 'NONE',  ( 6.555929896693291958, 3.129317194976456218, -5.499999999999984013 ) ) ;
#1416 = CARTESIAN_POINT ( 'NONE',  ( -1.249999999999996225, 2.500000000000094147, -1.499999999999991340 ) ) ;
#1417 = VERTEX_POINT ( 'NONE', #4584 ) ;
#1418 = CARTESIAN_POINT ( 'NONE',  ( 7.160852940158581426, 2.707026522904761645, -5.498999999999988120 ) ) ;
#1419 = PRESENTATION_STYLE_ASSIGNMENT (( #933 ) ) ;
#1420 = PRESENTATION_LAYER_ASSIGNMENT (  '', '', ( #5653 ) ) ;
#1421 = CARTESIAN_POINT ( 'NONE',  ( -1.249999999999997335, 2.500000000000081268, -5.499999999999991118 ) ) ;
#1422 = PRESENTATION_LAYER_ASSIGNMENT (  '', '', ( #3419 ) ) ;
#1423 = LINE ( 'NONE', #1956, #2545 ) ;
#1424 = CARTESIAN_POINT ( 'NONE',  ( 6.556723606930352943, 1.879274942791234526, -5.498999999999997002 ) ) ;
#1425 =( GEOMETRIC_REPRESENTATION_CONTEXT ( 3 ) GLOBAL_UNCERTAINTY_ASSIGNED_CONTEXT ( ( #5339 ) ) GLOBAL_UNIT_ASSIGNED_CONTEXT ( ( #3265, #1551, #1991 ) ) REPRESENTATION_CONTEXT ( 'NONE', 'WORKASPACE' ) );
#1426 = SURFACE_STYLE_FILL_AREA ( #2741 ) ;
#1427 = DIRECTION ( 'NONE',  ( 1.000000000000000000, 0.000000000000000000, 0.000000000000000000 ) ) ;
#1428 =( GEOMETRIC_REPRESENTATION_CONTEXT ( 3 ) GLOBAL_UNCERTAINTY_ASSIGNED_CONTEXT ( ( #3150 ) ) GLOBAL_UNIT_ASSIGNED_CONTEXT ( ( #3088, #3126, #3026 ) ) REPRESENTATION_CONTEXT ( 'NONE', 'WORKASPACE' ) );
#1429 =( LENGTH_UNIT ( ) NAMED_UNIT ( * ) SI_UNIT ( .MILLI., .METRE. ) );
#1430 = PRESENTATION_LAYER_ASSIGNMENT (  '', '', ( #2640 ) ) ;
#1431 = STYLED_ITEM ( 'NONE', ( #1338 ), #5455 ) ;
#1432 = CARTESIAN_POINT ( 'NONE',  ( -0.8378679656440408685, 4.500000000000061284, -1.087867965644019996 ) ) ;
#1433 = CIRCLE ( 'NONE', #5853, 0.7500000000000000000 ) ;
#1434 = MECHANICAL_DESIGN_GEOMETRIC_PRESENTATION_REPRESENTATION (  '', ( #4270 ), #3418 ) ;
#1435 =( GEOMETRIC_REPRESENTATION_CONTEXT ( 3 ) GLOBAL_UNCERTAINTY_ASSIGNED_CONTEXT ( ( #630 ) ) GLOBAL_UNIT_ASSIGNED_CONTEXT ( ( #360, #5246, #702 ) ) REPRESENTATION_CONTEXT ( 'NONE', 'WORKASPACE' ) );
#1436 = EDGE_CURVE ( 'NONE', #5715, #701, #2527, .T. ) ;
#1437 = CARTESIAN_POINT ( 'NONE',  ( 6.993664851195772414, 3.116829063140371670, -5.498999999999982791 ) ) ;
#1438 = CARTESIAN_POINT ( 'NONE',  ( 7.493363640753073263, 2.735369973891756068, -5.498999999999988120 ) ) ;
#1439 =( NAMED_UNIT ( * ) SI_UNIT ( $, .STERADIAN. ) SOLID_ANGLE_UNIT ( ) );
#1440 = CARTESIAN_POINT ( 'NONE',  ( 7.580503793503463150, 2.289905986217295020, -5.498999999999993449 ) ) ;
#1441 = STYLED_ITEM ( 'NONE', ( #3469 ), #1098 ) ;
#1442 = EDGE_CURVE ( 'NONE', #3127, #3127, #3139, .T. ) ;
#1443 = VERTEX_POINT ( 'NONE', #22 ) ;
#1444 =( NAMED_UNIT ( * ) PLANE_ANGLE_UNIT ( ) SI_UNIT ( $, .RADIAN. ) );
#1445 = CARTESIAN_POINT ( 'NONE',  ( 7.534075356448922456, 2.068903170429252647, -5.499999999999994671 ) ) ;
#1446 = DIRECTION ( 'NONE',  ( 1.000000000000000000, -5.551115123125782702E-17, -4.063390949319085680E-31 ) ) ;
#1447 = CARTESIAN_POINT ( 'NONE',  ( 6.902404331937741944, 2.428478591519919849, -5.498999999999991672 ) ) ;
#1448 = CARTESIAN_POINT ( 'NONE',  ( 7.191797434842912118, 3.080708419364799333, -5.499999999999984013 ) ) ;
#1449 = CARTESIAN_POINT ( 'NONE',  ( 6.975406850558803384, 3.289294850394175462, -5.499999999999982236 ) ) ;
#1450 = CARTESIAN_POINT ( 'NONE',  ( 7.309665332390822279, 2.855017473052577248, -5.499999999999987566 ) ) ;
#1451 = CARTESIAN_POINT ( 'NONE',  ( 7.000000000000002665, 4.100000000000077804, -5.499999999999984901 ) ) ;
#1452 = CARTESIAN_POINT ( 'NONE',  ( 6.952198505041922161, 1.751444447755755585, -5.498999999999998778 ) ) ;
#1453 = CYLINDRICAL_SURFACE ( 'NONE', #1408, 0.4500000000000000111 ) ;
#1454 = DIRECTION ( 'NONE',  ( 0.000000000000000000, -3.591911631868355648E-15, 1.000000000000000000 ) ) ;
#1455 =( LENGTH_UNIT ( ) NAMED_UNIT ( * ) SI_UNIT ( .MILLI., .METRE. ) );
#1456 = CARTESIAN_POINT ( 'NONE',  ( 7.235599723498171265, 3.051651771030712723, -5.499999999999984013 ) ) ;
#1457 = DIRECTION ( 'NONE',  ( 4.956352788505163268E-16, 1.000000000000000000, 3.469446951953614583E-15 ) ) ;
#1458 = CARTESIAN_POINT ( 'NONE',  ( 7.520677587691593224, 2.934732556493369060, -5.498999999999986343 ) ) ;
#1459 = LINE ( 'NONE', #1898, #2022 ) ;
#1460 = CARTESIAN_POINT ( 'NONE',  ( 6.840788455851996908, 2.410704714522806658, -5.498999999999991672 ) ) ;
#1461 = FILL_AREA_STYLE ('',( #4531 ) ) ;
#1462 = UNCERTAINTY_MEASURE_WITH_UNIT (LENGTH_MEASURE( 1.000000000000000082E-05 ), #733, 'distance_accuracy_value', 'NONE');
#1463 = CARTESIAN_POINT ( 'NONE',  ( -7.549359403775211419, 1.777793762384871412, -5.499999999999987566 ) ) ;
#1464 = EDGE_CURVE ( 'NONE', #3606, #2500, #4106, .T. ) ;
#1465 = CARTESIAN_POINT ( 'NONE',  ( 7.351650037208601773, 1.849144760189333603, -5.498999999999997002 ) ) ;
#1466 = SURFACE_SIDE_STYLE ('',( #2371 ) ) ;
#1467 = FACE_OUTER_BOUND ( 'NONE', #417, .T. ) ;
#1468 = UNCERTAINTY_MEASURE_WITH_UNIT (LENGTH_MEASURE( 1.000000000000000082E-05 ), #666, 'distance_accuracy_value', 'NONE');
#1469 = EDGE_LOOP ( 'NONE', ( #1089, #816, #3140, #838 ) ) ;
#1470 = CARTESIAN_POINT ( 'NONE',  ( 7.457951938127663105, 1.944477975167059558, -5.499999999999996447 ) ) ;
#1471 = CARTESIAN_POINT ( 'NONE',  ( 7.277435565302813103, 2.543111651557424135, -5.498999999999989896 ) ) ;
#1472 = CARTESIAN_POINT ( 'NONE',  ( 7.006995346872562536, 3.116728584165805671, -5.498999999999982791 ) ) ;
#1473 = VERTEX_POINT ( 'NONE', #534 ) ;
#1474 = EDGE_CURVE ( 'NONE', #1623, #4411, #2927, .T. ) ;
#1475 = CARTESIAN_POINT ( 'NONE',  ( 7.221078573847033333, 2.520773204586716609, -5.499999999999991118 ) ) ;
#1476 = ORIENTED_EDGE ( 'NONE', *, *, #4017, .F. ) ;
#1477 = CARTESIAN_POINT ( 'NONE',  ( 7.253344578584611568, 3.034711066261870815, -5.499999999999984013 ) ) ;
#1478 = CARTESIAN_POINT ( 'NONE',  ( 6.608890424281042009, 1.841396985945248588, -5.498999999999997002 ) ) ;
#1479 = CARTESIAN_POINT ( 'NONE',  ( 6.677071747364041521, 2.938038467859186209, -5.498999999999986343 ) ) ;
#1480 = CARTESIAN_POINT ( 'NONE',  ( 6.825389358743927382, 3.090704034544963008, -5.499999999999984013 ) ) ;
#1481 = CARTESIAN_POINT ( 'NONE',  ( 7.000000000000001776, 2.500000000000077272, -5.399999999999990585 ) ) ;
#1482 = CARTESIAN_POINT ( 'NONE',  ( -3.750000000000006217, 2.500000000000094147, -2.999999999999991562 ) ) ;
#1483 = FACE_OUTER_BOUND ( 'NONE', #1634, .T. ) ;
#1484 = DIRECTION ( 'NONE',  ( -0.000000000000000000, -3.591911631868355648E-15, 1.000000000000000000 ) ) ;
#1485 = DIRECTION ( 'NONE',  ( 0.000000000000000000, 1.000000000000000000, 3.338184068424586592E-15 ) ) ;
#1486 = CARTESIAN_POINT ( 'NONE',  ( 7.493363640753073263, 2.735369973891756068, -5.499999999999987566 ) ) ;
#1487 = PLANE ( 'NONE',  #327 ) ;
#1488 = TOROIDAL_SURFACE ( 'NONE', #2247, 1.399999999999999911, 0.1000000000000000056 ) ;
#1489 = CARTESIAN_POINT ( 'NONE',  ( -6.999999999999997335, 6.000000000000077272, -4.499999999999977796 ) ) ;
#1490 = ORIENTED_EDGE ( 'NONE', *, *, #1104, .F. ) ;
#1491 = CARTESIAN_POINT ( 'NONE',  ( -7.000000000000000000, 6.548581121812446781E-14, -1.499999999999999334 ) ) ;
#1492 = CYLINDRICAL_SURFACE ( 'NONE', #2725, 3.499999999999999556 ) ;
#1493 = CARTESIAN_POINT ( 'NONE',  ( 6.739578658345801720, 2.371646462144207046, -5.499999999999992895 ) ) ;
#1494 = CARTESIAN_POINT ( 'NONE',  ( 6.784105673392167191, 2.390932773329218719, -5.498999999999991672 ) ) ;
#1495 = CARTESIAN_POINT ( 'NONE',  ( 7.282163878410642610, 2.998622037321830636, -5.499999999999985789 ) ) ;
#1496 = FACE_OUTER_BOUND ( 'NONE', #1173, .T. ) ;
#1497 = CARTESIAN_POINT ( 'NONE',  ( 4.050000000000004263, 2.500000000000099476, -1.199999999999991296 ) ) ;
#1498 = MECHANICAL_DESIGN_GEOMETRIC_PRESENTATION_REPRESENTATION (  '', ( #1117 ), #3385 ) ;
#1499 = DIRECTION ( 'NONE',  ( 0.000000000000000000, -1.000000000000000000, 0.000000000000000000 ) ) ;
#1500 =( NAMED_UNIT ( * ) SI_UNIT ( $, .STERADIAN. ) SOLID_ANGLE_UNIT ( ) );
#1501 = ORIENTED_EDGE ( 'NONE', *, *, #4047, .F. ) ;
#1502 = ORIENTED_EDGE ( 'NONE', *, *, #1079, .T. ) ;
#1503 = EDGE_CURVE ( 'NONE', #4442, #4442, #3335, .T. ) ;
#1504 = AXIS2_PLACEMENT_3D ( 'NONE', #1752, #321, #5347 ) ;
#1505 = CARTESIAN_POINT ( 'NONE',  ( 7.268638015066022362, 3.016859659302447927, -5.499999999999985789 ) ) ;
#1506 = FILL_AREA_STYLE ('',( #3193 ) ) ;
#1507 = CARTESIAN_POINT ( 'NONE',  ( 6.876190622786802820, 1.753295119022531656, -5.498999999999998778 ) ) ;
#1508 = CARTESIAN_POINT ( 'NONE',  ( 6.408209692015047310, 2.176852801058690723, -5.499999999999994671 ) ) ;
#1509 = DIRECTION ( 'NONE',  ( -1.000000000000000000, 4.027036640660443984E-16, 1.446475975154831599E-30 ) ) ;
#1510 = CARTESIAN_POINT ( 'NONE',  ( 6.885749180271221626, 3.107733030987672507, -5.498999999999982791 ) ) ;
#1511 = PRESENTATION_LAYER_ASSIGNMENT (  '', '', ( #835 ) ) ;
#1512 = MANIFOLD_SOLID_BREP ( 'NONE', #5152 ) ;
#1513 = EDGE_CURVE ( 'NONE', #1220, #3185, #5482, .T. ) ;
#1514 = COLOUR_RGB ( '',0.1019607843137254888, 0.1019607843137254888, 0.1019607843137254888 ) ;
#1515 = CARTESIAN_POINT ( 'NONE',  ( 7.381239383569412560, 3.176973034421727515, -5.499999999999984013 ) ) ;
#1516 = FILL_AREA_STYLE ('',( #3180 ) ) ;
#1517 = MECHANICAL_DESIGN_GEOMETRIC_PRESENTATION_REPRESENTATION (  '', ( #4159 ), #4915 ) ;
#1518 = AXIS2_PLACEMENT_3D ( 'NONE', #1403, #2751, #1316 ) ;
#1519 = SURFACE_SIDE_STYLE ('',( #2804 ) ) ;
#1520 = CARTESIAN_POINT ( 'NONE',  ( -1.249999999999996447, 2.500000000000099476, -1.499999999999991340 ) ) ;
#1521 = MECHANICAL_DESIGN_GEOMETRIC_PRESENTATION_REPRESENTATION (  '', ( #2181 ), #3013 ) ;
#1522 = PRESENTATION_LAYER_ASSIGNMENT (  '', '', ( #4075 ) ) ;
#1523 = CARTESIAN_POINT ( 'NONE',  ( 7.313541299770182746, 2.094317602184936344, -5.499999999999994671 ) ) ;
#1524 = AXIS2_PLACEMENT_3D ( 'NONE', #2529, #3933, #3491 ) ;
#1525 = ORIENTED_EDGE ( 'NONE', *, *, #3241, .F. ) ;
#1526 = LINE ( 'NONE', #2868, #5209 ) ;
#1527 = FACE_OUTER_BOUND ( 'NONE', #1882, .T. ) ;
#1528 =( NAMED_UNIT ( * ) SI_UNIT ( $, .STERADIAN. ) SOLID_ANGLE_UNIT ( ) );
#1529 = CARTESIAN_POINT ( 'NONE',  ( 6.778821101195772414, 2.388764159294217926, -5.499999999999991118 ) ) ;
#1530 = AXIS2_PLACEMENT_3D ( 'NONE', #4028, #5815, #1800 ) ;
#1531 =( NAMED_UNIT ( * ) SI_UNIT ( $, .STERADIAN. ) SOLID_ANGLE_UNIT ( ) );
#1532 = VERTEX_POINT ( 'NONE', #4309 ) ;
#1533 = EDGE_CURVE ( 'NONE', #5441, #2184, #219, .T. ) ;
#1534 = EDGE_LOOP ( 'NONE', ( #3024, #1579, #802, #4795 ) ) ;
#1535 = ORIENTED_EDGE ( 'NONE', *, *, #840, .F. ) ;
#1536 =( NAMED_UNIT ( * ) SI_UNIT ( $, .STERADIAN. ) SOLID_ANGLE_UNIT ( ) );
#1537 = CARTESIAN_POINT ( 'NONE',  ( 6.619471763798617125, 2.197083192884904612, -5.499999999999994671 ) ) ;
#1538 = CARTESIAN_POINT ( 'NONE',  ( 6.581811607778226936, 1.859560657608822609, -5.498999999999997002 ) ) ;
#1539 =( GEOMETRIC_REPRESENTATION_CONTEXT ( 3 ) GLOBAL_UNCERTAINTY_ASSIGNED_CONTEXT ( ( #1034 ) ) GLOBAL_UNIT_ASSIGNED_CONTEXT ( ( #4841, #1152, #3958 ) ) REPRESENTATION_CONTEXT ( 'NONE', 'WORKASPACE' ) );
#1540 = CARTESIAN_POINT ( 'NONE',  ( 6.678776834994686773, 1.804120453681900660, -5.499999999999998224 ) ) ;
#1541 = ADVANCED_FACE ( 'NONE', ( #463 ), #5367, .T. ) ;
#1542 =( LENGTH_UNIT ( ) NAMED_UNIT ( * ) SI_UNIT ( .MILLI., .METRE. ) );
#1543 =( LENGTH_UNIT ( ) NAMED_UNIT ( * ) SI_UNIT ( .MILLI., .METRE. ) );
#1544 = B_SPLINE_CURVE_WITH_KNOTS ( 'NONE', 3,
 ( #3439, #5636, #5122, #3403, #1121, #5236, #5207 ),
 .UNSPECIFIED., .F., .F.,
 ( 4, 1, 1, 1, 4 ),
 ( 0.000000000000000000, 0.2627412305282674776, 0.5099565029432320262, 0.7533267184204509581, 1.000000000000000000 ),
 .UNSPECIFIED. ) ;
#1545 =( GEOMETRIC_REPRESENTATION_CONTEXT ( 3 ) GLOBAL_UNCERTAINTY_ASSIGNED_CONTEXT ( ( #3711 ) ) GLOBAL_UNIT_ASSIGNED_CONTEXT ( ( #2470, #1949, #1531 ) ) REPRESENTATION_CONTEXT ( 'NONE', 'WORKASPACE' ) );
#1546 =( LENGTH_UNIT ( ) NAMED_UNIT ( * ) SI_UNIT ( .MILLI., .METRE. ) );
#1547 = MECHANICAL_DESIGN_GEOMETRIC_PRESENTATION_REPRESENTATION (  '', ( #5692 ), #5499 ) ;
#1548 = PLANE ( 'NONE',  #2453 ) ;
#1549 = PRESENTATION_STYLE_ASSIGNMENT (( #635 ) ) ;
#1550 = UNCERTAINTY_MEASURE_WITH_UNIT (LENGTH_MEASURE( 1.000000000000000082E-05 ), #699, 'distance_accuracy_value', 'NONE');
#1551 =( NAMED_UNIT ( * ) PLANE_ANGLE_UNIT ( ) SI_UNIT ( $, .RADIAN. ) );
#1552 =( LENGTH_UNIT ( ) NAMED_UNIT ( * ) SI_UNIT ( .MILLI., .METRE. ) );
#1553 = CARTESIAN_POINT ( 'NONE',  ( 7.333584178259022757, 2.136213800857057254, -5.499999999999994671 ) ) ;
#1554 = PRESENTATION_LAYER_ASSIGNMENT (  '', '', ( #2775 ) ) ;
#1555 = EDGE_LOOP ( 'NONE', ( #281 ) ) ;
#1556 = SURFACE_STYLE_FILL_AREA ( #2381 ) ;
#1557 = CARTESIAN_POINT ( 'NONE',  ( 7.000000000000001776, 2.500000000000067057, -2.499999999999990674 ) ) ;
#1558 = CARTESIAN_POINT ( 'NONE',  ( 7.580503793503463150, 2.289905986217295020, -5.499999999999992895 ) ) ;
#1559 = SURFACE_SIDE_STYLE ('',( #1110 ) ) ;
#1560 = VERTEX_POINT ( 'NONE', #2897 ) ;
#1561 = CARTESIAN_POINT ( 'NONE',  ( 6.911492696973201788, 1.925447200934039538, -5.498999999999997002 ) ) ;
#1562 = ORIENTED_EDGE ( 'NONE', *, *, #4147, .F. ) ;
#1563 = MECHANICAL_DESIGN_GEOMETRIC_PRESENTATION_REPRESENTATION (  '', ( #1761 ), #3825 ) ;
#1564 = ORIENTED_EDGE ( 'NONE', *, *, #2999, .F. ) ;
#1565 = DIRECTION ( 'NONE',  ( 0.000000000000000000, 0.000000000000000000, 1.000000000000000000 ) ) ;
#1566 = DIRECTION ( 'NONE',  ( 1.000000000000000000, 0.000000000000000000, 0.000000000000000000 ) ) ;
#1567 = CARTESIAN_POINT ( 'NONE',  ( 6.507149509629687856, 2.451988495540383450, -5.498999999999991672 ) ) ;
#1568 = DIRECTION ( 'NONE',  ( 0.000000000000000000, -3.591911631868355648E-15, 1.000000000000000000 ) ) ;
#1569 = DIRECTION ( 'NONE',  ( -1.665334536937733825E-16, 1.000000000000000000, 3.614918832493746493E-15 ) ) ;
#1570 = CARTESIAN_POINT ( 'NONE',  ( 7.216831435753912949, 1.995600007534069409, -5.499999999999996447 ) ) ;
#1571 = UNCERTAINTY_MEASURE_WITH_UNIT (LENGTH_MEASURE( 1.000000000000000082E-05 ), #5088, 'distance_accuracy_value', 'NONE');
#1572 = CARTESIAN_POINT ( 'NONE',  ( 6.961513408888072796, 1.924521370832678491, -5.499999999999996447 ) ) ;
#1573 =( NAMED_UNIT ( * ) SI_UNIT ( $, .STERADIAN. ) SOLID_ANGLE_UNIT ( ) );
#1574 = SURFACE_SIDE_STYLE ('',( #3821 ) ) ;
#1575 = ADVANCED_FACE ( 'NONE', ( #5191, #4668 ), #3366, .T. ) ;
#1576 = PRESENTATION_STYLE_ASSIGNMENT (( #4688 ) ) ;
#1577 = SURFACE_STYLE_FILL_AREA ( #3266 ) ;
#1578 = DIRECTION ( 'NONE',  ( -0.7071067811865429098, -2.539865072316968978E-15, 0.7071067811865521247 ) ) ;
#1579 = ORIENTED_EDGE ( 'NONE', *, *, #2999, .T. ) ;
#1580 = EDGE_CURVE ( 'NONE', #1272, #1272, #3341, .T. ) ;
#1581 =( LENGTH_UNIT ( ) NAMED_UNIT ( * ) SI_UNIT ( .MILLI., .METRE. ) );
#1582 = CARTESIAN_POINT ( 'NONE',  ( 6.952198505041922161, 1.751444447755755585, -5.499999999999998224 ) ) ;
#1583 = CARTESIAN_POINT ( 'NONE',  ( 6.944556122270242327, 1.924835232147066533, -5.498999999999997002 ) ) ;
#1584 = VERTEX_POINT ( 'NONE', #5512 ) ;
#1585 = ORIENTED_EDGE ( 'NONE', *, *, #1794, .T. ) ;
#1586 = DIRECTION ( 'NONE',  ( -1.835596038252498950E-31, 3.614918832493746493E-15, -1.000000000000000000 ) ) ;
#1587 = ORIENTED_EDGE ( 'NONE', *, *, #5700, .F. ) ;
#1588 = DIRECTION ( 'NONE',  ( 0.000000000000000000, -1.000000000000000000, -3.568904431242956914E-15 ) ) ;
#1589 = FILL_AREA_STYLE ('',( #2063 ) ) ;
#1590 =( NAMED_UNIT ( * ) SI_UNIT ( $, .STERADIAN. ) SOLID_ANGLE_UNIT ( ) );
#1591 = PRESENTATION_STYLE_ASSIGNMENT (( #3285 ) ) ;
#1592 = AXIS2_PLACEMENT_3D ( 'NONE', #1643, #1705, #3516 ) ;
#1593 = CARTESIAN_POINT ( 'NONE',  ( 6.733367893141736893, 1.782702295529142500, -5.499999999999998224 ) ) ;
#1594 = B_SPLINE_SURFACE_WITH_KNOTS ( 'NONE', 3, 1, ( 
 ( #1966, #1529 ),
 ( #1494, #3698 ),
 ( #3338, #5479 ),
 ( #3751, #1018 ),
 ( #5534, #5139 ),
 ( #2811, #555 ),
 ( #1447, #5168 ),
 ( #3246, #1083 ),
 ( #989, #2871 ),
 ( #2787, #4694 ),
 ( #530, #5098 ),
 ( #2345, #643 ),
 ( #592, #4636 ),
 ( #4249, #4162 ),
 ( #196, #2000 ),
 ( #3725, #5598 ),
 ( #1471, #3272 ),
 ( #483, #1013 ),
 ( #3331, #5619 ) ),
 .UNSPECIFIED., .F., .F., .F.,
 ( 4, 1, 1, 1, 1, 1, 1, 1, 1, 1, 1, 1, 1, 1, 1, 1, 4 ),
 ( 2, 2 ),
 ( 0.000000000000000000, 0.03120011115393675136, 0.07048671901620030822, 0.1172148300204120114, 0.1715755269954915008, 0.2341219784876090171, 0.3039626396728059565, 0.3821556401561975180, 0.4676462220680259740, 0.5543353814021599879, 0.6350744656665049392, 0.7100366878785240310, 0.7790924037748320208, 0.8429656453505109948, 0.9010012068505279803, 0.9532462564590260534, 1.000000000000000000 ),
 ( 0.000000000000000000, 1.000000000000000000 ),
 .UNSPECIFIED. ) ;
#1595 =( NAMED_UNIT ( * ) SI_UNIT ( $, .STERADIAN. ) SOLID_ANGLE_UNIT ( ) );
#1596 = DIRECTION ( 'NONE',  ( 4.336808689942016750E-16, 1.000000000000000000, 3.591911631868355648E-15 ) ) ;
#1597 = DIRECTION ( 'NONE',  ( 2.168404344971008375E-16, 1.000000000000000000, 3.591911631868355648E-15 ) ) ;
#1598 = SURFACE_SIDE_STYLE ('',( #4848 ) ) ;
#1599 = CARTESIAN_POINT ( 'NONE',  ( 7.081332470051942884, 2.680374225500047558, -5.499999999999989342 ) ) ;
#1600 = STYLED_ITEM ( 'NONE', ( #4946 ), #3685 ) ;
#1601 = DIRECTION ( 'NONE',  ( 0.000000000000000000, -3.591911631868355648E-15, 1.000000000000000000 ) ) ;
#1602 =( LENGTH_UNIT ( ) NAMED_UNIT ( * ) SI_UNIT ( .MILLI., .METRE. ) );
#1603 = VERTEX_POINT ( 'NONE', #1582 ) ;
#1604 =( GEOMETRIC_REPRESENTATION_CONTEXT ( 3 ) GLOBAL_UNCERTAINTY_ASSIGNED_CONTEXT ( ( #5157 ) ) GLOBAL_UNIT_ASSIGNED_CONTEXT ( ( #1211, #2192, #5724 ) ) REPRESENTATION_CONTEXT ( 'NONE', 'WORKASPACE' ) );
#1605 = MECHANICAL_DESIGN_GEOMETRIC_PRESENTATION_REPRESENTATION (  '', ( #3595 ), #3872 ) ;
#1606 =( GEOMETRIC_REPRESENTATION_CONTEXT ( 3 ) GLOBAL_UNCERTAINTY_ASSIGNED_CONTEXT ( ( #887 ) ) GLOBAL_UNIT_ASSIGNED_CONTEXT ( ( #5173, #3082, #789 ) ) REPRESENTATION_CONTEXT ( 'NONE', 'WORKASPACE' ) );
#1607 = CARTESIAN_POINT ( 'NONE',  ( 7.403589991592331998, 3.157515652617311375, -5.499999999999984013 ) ) ;
#1608 = AXIS2_PLACEMENT_3D ( 'NONE', #341, #5399, #4384 ) ;
#1609 = ADVANCED_FACE ( 'NONE', ( #1967 ), #2813, .T. ) ;
#1610 = ORIENTED_EDGE ( 'NONE', *, *, #163, .T. ) ;
#1611 = DIRECTION ( 'NONE',  ( 0.000000000000000000, -3.591911631868355648E-15, 1.000000000000000000 ) ) ;
#1612 = CARTESIAN_POINT ( 'NONE',  ( 3.750000000000003109, 2.500000000000079048, -5.499999999999991118 ) ) ;
#1613 = CARTESIAN_POINT ( 'NONE',  ( -3.749999999999999112, 1.750000000000094147, -4.999999999999991118 ) ) ;
#1614 = CARTESIAN_POINT ( 'NONE',  ( 7.349670311448262439, 2.182710799342285402, -5.498999999999993449 ) ) ;
#1615 = ADVANCED_FACE ( 'NONE', ( #4696 ), #1175, .F. ) ;
#1616 =( GEOMETRIC_REPRESENTATION_CONTEXT ( 3 ) GLOBAL_UNCERTAINTY_ASSIGNED_CONTEXT ( ( #3361 ) ) GLOBAL_UNIT_ASSIGNED_CONTEXT ( ( #5612, #1687, #5179 ) ) REPRESENTATION_CONTEXT ( 'NONE', 'WORKASPACE' ) );
#1617 = COLOUR_RGB ( '',0.8980392156862745390, 0.8980392156862745390, 0.8980392156862745390 ) ;
#1618 = EDGE_LOOP ( 'NONE', ( #5268 ) ) ;
#1619 = STYLED_ITEM ( 'NONE', ( #3236 ), #915 ) ;
#1620 = ORIENTED_EDGE ( 'NONE', *, *, #2621, .T. ) ;
#1621 = DIRECTION ( 'NONE',  ( 1.000000000000000000, 0.000000000000000000, 0.000000000000000000 ) ) ;
#1622 = CARTESIAN_POINT ( 'NONE',  ( -6.999999999999996447, 2.500000000000067057, -1.499999999999990452 ) ) ;
#1623 = VERTEX_POINT ( 'NONE', #310 ) ;
#1624 = DIRECTION ( 'NONE',  ( -2.670276075966204687E-47, -1.000000000000000000, -3.614918832493752804E-15 ) ) ;
#1625 = CARTESIAN_POINT ( 'NONE',  ( 6.639171836528531934, 2.277370380017337048, -5.498999999999993449 ) ) ;
#1626 = FACE_BOUND ( 'NONE', #4601, .T. ) ;
#1627 = PRESENTATION_LAYER_ASSIGNMENT (  '', '', ( #691 ) ) ;
#1628 = CARTESIAN_POINT ( 'NONE',  ( 7.333584178259022757, 2.136213800857057254, -5.499999999999994671 ) ) ;
#1629 = PLANE ( 'NONE',  #1791 ) ;
#1630 = CARTESIAN_POINT ( 'NONE',  ( 6.409763853056002603, 2.137933008487500341, -5.499999999999994671 ) ) ;
#1631 = CARTESIAN_POINT ( 'NONE',  ( -6.395513249929057231, 3.277793762384871634, -5.498999999999993449 ) ) ;
#1632 = CARTESIAN_POINT ( 'NONE',  ( 1.250000000000003997, 2.500000000000094147, -1.499999999999991340 ) ) ;
#1633 = DIRECTION ( 'NONE',  ( 0.000000000000000000, -1.000000000000000000, -3.568904431242956914E-15 ) ) ;
#1634 = EDGE_LOOP ( 'NONE', ( #884, #4227, #4280, #640 ) ) ;
#1635 =( GEOMETRIC_REPRESENTATION_CONTEXT ( 3 ) GLOBAL_UNCERTAINTY_ASSIGNED_CONTEXT ( ( #1941 ) ) GLOBAL_UNIT_ASSIGNED_CONTEXT ( ( #5440, #583, #136 ) ) REPRESENTATION_CONTEXT ( 'NONE', 'WORKASPACE' ) );
#1636 =( LENGTH_UNIT ( ) NAMED_UNIT ( * ) SI_UNIT ( .MILLI., .METRE. ) );
#1637 = DIRECTION ( 'NONE',  ( 0.000000000000000000, -1.000000000000000000, -3.469446951953614189E-15 ) ) ;
#1638 = LINE ( 'NONE', #3890, #4357 ) ;
#1639 = ORIENTED_EDGE ( 'NONE', *, *, #819, .F. ) ;
#1640 = FILL_AREA_STYLE ('',( #3543 ) ) ;
#1641 = SURFACE_STYLE_USAGE ( .BOTH. , #2953 ) ;
#1642 = MANIFOLD_SOLID_BREP ( 'NONE', #890 ) ;
#1643 = CARTESIAN_POINT ( 'NONE',  ( 3.750000000000003553, 1.300000000000115286, 8.673617379884229532E-15 ) ) ;
#1644 = ORIENTED_EDGE ( 'NONE', *, *, #4853, .F. ) ;
#1645 = VERTEX_POINT ( 'NONE', #5548 ) ;
#1646 =( NAMED_UNIT ( * ) SI_UNIT ( $, .STERADIAN. ) SOLID_ANGLE_UNIT ( ) );
#1647 = ORIENTED_EDGE ( 'NONE', *, *, #5431, .T. ) ;
#1648 = DIRECTION ( 'NONE',  ( 0.000000000000000000, 1.000000000000000000, 0.000000000000000000 ) ) ;
#1649 = DIRECTION ( 'NONE',  ( 3.469446951953611724E-16, 1.000000000000000000, 3.556183125752452177E-15 ) ) ;
#1650 = AXIS2_PLACEMENT_3D ( 'NONE', #3854, #1137, #1578 ) ;
#1651 = FILL_AREA_STYLE ('',( #4345 ) ) ;
#1652 = ADVANCED_FACE ( 'NONE', ( #2253 ), #363, .T. ) ;
#1653 = FACE_BOUND ( 'NONE', #2726, .T. ) ;
#1654 = EDGE_CURVE ( 'NONE', #2701, #2701, #4660, .T. ) ;
#1655 = CLOSED_SHELL ( 'NONE', ( #678, #5160, #4186, #1098, #2307, #5185, #274, #4410, #2334, #537 ) ) ;
#1656 = FACE_OUTER_BOUND ( 'NONE', #4932, .T. ) ;
#1657 = CYLINDRICAL_SURFACE ( 'NONE', #1504, 1.750000000000000666 ) ;
#1658 = CARTESIAN_POINT ( 'NONE',  ( -7.337820942236751520, 2.158502897000255327, -5.498999999999989896 ) ) ;
#1659 =( NAMED_UNIT ( * ) SI_UNIT ( $, .STERADIAN. ) SOLID_ANGLE_UNIT ( ) );
#1660 = DIRECTION ( 'NONE',  ( 0.000000000000000000, -1.000000000000000000, -2.760287964870829992E-45 ) ) ;
#1661 = SURFACE_STYLE_USAGE ( .BOTH. , #5239 ) ;
#1662 = MECHANICAL_DESIGN_GEOMETRIC_PRESENTATION_REPRESENTATION (  '', ( #155 ), #332 ) ;
#1663 = FACE_OUTER_BOUND ( 'NONE', #3892, .T. ) ;
#1664 = ORIENTED_EDGE ( 'NONE', *, *, #4483, .F. ) ;
#1665 =( NAMED_UNIT ( * ) SI_UNIT ( $, .STERADIAN. ) SOLID_ANGLE_UNIT ( ) );
#1666 = CYLINDRICAL_SURFACE ( 'NONE', #4735, 0.7500000000000000000 ) ;
#1667 = UNCERTAINTY_MEASURE_WITH_UNIT (LENGTH_MEASURE( 1.000000000000000082E-05 ), #1542, 'distance_accuracy_value', 'NONE');
#1668 = ORIENTED_EDGE ( 'NONE', *, *, #131, .F. ) ;
#1669 = CARTESIAN_POINT ( 'NONE',  ( -7.325801711467520683, 1.777793762384871412, -5.498999999999988120 ) ) ;
#1670 = DIRECTION ( 'NONE',  ( 4.956352788505160310E-16, 1.000000000000000000, 3.469446951953611822E-15 ) ) ;
#1671 = DIRECTION ( 'NONE',  ( 5.782411586589355667E-16, 1.000000000000000000, 3.469446951953613006E-15 ) ) ;
#1672 = B_SPLINE_CURVE_WITH_KNOTS ( 'NONE', 3,
 ( #4320, #259, #156, #5150, #1628, #2446, #4264, #3788, #1570, #210, #4680, #2009, #2039, #3841, #5177 ),
 .UNSPECIFIED., .F., .F.,
 ( 4, 1, 1, 1, 1, 1, 1, 1, 1, 1, 1, 1, 4 ),
 ( 0.000000000000000000, 0.09379647069693200501, 0.1801880710186110068, 0.2603631916661889867, 0.3348466760639745021, 0.4070930058327160150, 0.4814483792884680091, 0.5592709137563659505, 0.6422698113109350793, 0.7285859445716479366, 0.8159775452756129477, 0.9060351298875350956, 1.000000000000000000 ),
 .UNSPECIFIED. ) ;
#1673 = CARTESIAN_POINT ( 'NONE',  ( 7.124787461752031703, 1.949945104765287596, -5.498999999999997002 ) ) ;
#1674 = ORIENTED_EDGE ( 'NONE', *, *, #3201, .F. ) ;
#1675 = ORIENTED_EDGE ( 'NONE', *, *, #3353, .F. ) ;
#1676 =( NAMED_UNIT ( * ) PLANE_ANGLE_UNIT ( ) SI_UNIT ( $, .RADIAN. ) );
#1677 = VERTEX_POINT ( 'NONE', #448 ) ;
#1678 = CARTESIAN_POINT ( 'NONE',  ( 7.547634779938952043, 2.103258737546648049, -5.499999999999994671 ) ) ;
#1679 = DIRECTION ( 'NONE',  ( 0.000000000000000000, -3.591911631868355648E-15, 1.000000000000000000 ) ) ;
#1680 = FILL_AREA_STYLE_COLOUR ( '', #805 ) ;
#1681 = PRESENTATION_STYLE_ASSIGNMENT (( #2132 ) ) ;
#1682 = MANIFOLD_SOLID_BREP ( 'NONE', #1849 ) ;
#1683 = ADVANCED_FACE ( 'NONE', ( #443 ), #3627, .T. ) ;
#1684 = CARTESIAN_POINT ( 'NONE',  ( 6.581811607778226936, 1.859560657608822609, -5.499999999999998224 ) ) ;
#1685 = STYLED_ITEM ( 'NONE', ( #1758 ), #3207 ) ;
#1686 = CARTESIAN_POINT ( 'NONE',  ( 7.000000000000001776, 6.591949208711866959E-14, -2.499999999999999556 ) ) ;
#1687 =( NAMED_UNIT ( * ) PLANE_ANGLE_UNIT ( ) SI_UNIT ( $, .RADIAN. ) );
#1688 = DIRECTION ( 'NONE',  ( 1.835596038252509459E-31, -3.614918832493752804E-15, 1.000000000000000000 ) ) ;
#1689 =( GEOMETRIC_REPRESENTATION_CONTEXT ( 3 ) GLOBAL_UNCERTAINTY_ASSIGNED_CONTEXT ( ( #423 ) ) GLOBAL_UNIT_ASSIGNED_CONTEXT ( ( #5540, #4672, #1500 ) ) REPRESENTATION_CONTEXT ( 'NONE', 'WORKASPACE' ) );
#1690 = ADVANCED_FACE ( 'NONE', ( #4293, #3374 ), #3040, .T. ) ;
#1691 = ORIENTED_EDGE ( 'NONE', *, *, #4226, .T. ) ;
#1692 = COLOUR_RGB ( '',0.1019607843137254888, 0.1019607843137254888, 0.1019607843137254888 ) ;
#1693 = FACE_BOUND ( 'NONE', #1293, .T. ) ;
#1694 = FACE_OUTER_BOUND ( 'NONE', #4983, .T. ) ;
#1695 = ORIENTED_EDGE ( 'NONE', *, *, #4431, .T. ) ;
#1696 = AXIS2_PLACEMENT_3D ( 'NONE', #366, #1290, #4804 ) ;
#1697 = MECHANICAL_DESIGN_GEOMETRIC_PRESENTATION_REPRESENTATION (  '', ( #3419 ), #5463 ) ;
#1698 = DIRECTION ( 'NONE',  ( -1.000000000000000000, 2.478176394252581141E-16, 8.901390616337425361E-31 ) ) ;
#1699 = DIRECTION ( 'NONE',  ( 0.000000000000000000, 3.591911631868355648E-15, -1.000000000000000000 ) ) ;
#1700 = DIRECTION ( 'NONE',  ( 0.000000000000000000, -3.591911631868355648E-15, 1.000000000000000000 ) ) ;
#1701 = VECTOR ( 'NONE', #276, 1000.000000000000114 ) ;
#1702 = TOROIDAL_SURFACE ( 'NONE', #5559, 0.5999999999999999778, 0.2999999999999999889 ) ;
#1703 =( LENGTH_UNIT ( ) NAMED_UNIT ( * ) SI_UNIT ( .MILLI., .METRE. ) );
#1704 = PRESENTATION_LAYER_ASSIGNMENT (  '', '', ( #284 ) ) ;
#1705 = DIRECTION ( 'NONE',  ( 0.000000000000000000, -1.000000000000000000, 0.000000000000000000 ) ) ;
#1706 = COLOUR_RGB ( '',0.1019607843137254888, 0.1019607843137254888, 0.1019607843137254888 ) ;
#1707 = ORIENTED_EDGE ( 'NONE', *, *, #4973, .F. ) ;
#1708 = AXIS2_PLACEMENT_3D ( 'NONE', #2543, #302, #5407 ) ;
#1709 = EDGE_LOOP ( 'NONE', ( #3657 ) ) ;
#1710 = FILL_AREA_STYLE_COLOUR ( '', #1514 ) ;
#1711 = FACE_OUTER_BOUND ( 'NONE', #2122, .T. ) ;
#1712 = FACE_OUTER_BOUND ( 'NONE', #5837, .T. ) ;
#1713 = DIRECTION ( 'NONE',  ( -1.835596038252509459E-31, 3.614918832493752804E-15, -1.000000000000000000 ) ) ;
#1714 = MECHANICAL_DESIGN_GEOMETRIC_PRESENTATION_REPRESENTATION (  '', ( #488 ), #1616 ) ;
#1715 = MECHANICAL_DESIGN_GEOMETRIC_PRESENTATION_REPRESENTATION (  '', ( #4268 ), #675 ) ;
#1716 = STYLED_ITEM ( 'NONE', ( #986 ), #102 ) ;
#1717 = AXIS2_PLACEMENT_3D ( 'NONE', #3616, #465, #1361 ) ;
#1718 = DIRECTION ( 'NONE',  ( -0.000000000000000000, -1.000000000000000000, -3.591911631868355648E-15 ) ) ;
#1719 = CARTESIAN_POINT ( 'NONE',  ( 6.408209692015047310, 2.176852801058690723, -5.499999999999994671 ) ) ;
#1720 = SURFACE_STYLE_USAGE ( .BOTH. , #4353 ) ;
#1721 = SURFACE_STYLE_USAGE ( .BOTH. , #2946 ) ;
#1722 = ADVANCED_FACE ( 'NONE', ( #5116, #1825 ), #3113, .T. ) ;
#1723 = FACE_OUTER_BOUND ( 'NONE', #735, .T. ) ;
#1724 = SURFACE_STYLE_USAGE ( .BOTH. , #445 ) ;
#1725 = FACE_OUTER_BOUND ( 'NONE', #3428, .T. ) ;
#1726 = COLOUR_RGB ( '',0.1019607843137254888, 0.1019607843137254888, 0.1019607843137254888 ) ;
#1727 = ORIENTED_EDGE ( 'NONE', *, *, #5505, .F. ) ;
#1728 = CARTESIAN_POINT ( 'NONE',  ( 6.923472374583842459, 3.288104851191490763, -5.499999999999982236 ) ) ;
#1729 = EDGE_CURVE ( 'NONE', #683, #4430, #4044, .T. ) ;
#1730 = UNCERTAINTY_MEASURE_WITH_UNIT (LENGTH_MEASURE( 1.000000000000000082E-05 ), #1819, 'distance_accuracy_value', 'NONE');
#1731 = CARTESIAN_POINT ( 'NONE',  ( 7.487990740332861606, 3.041238530199546375, -5.499999999999984013 ) ) ;
#1732 = EDGE_LOOP ( 'NONE', ( #5000 ) ) ;
#1733 = AXIS2_PLACEMENT_3D ( 'NONE', #5169, #1020, #4719 ) ;
#1734 =( NAMED_UNIT ( * ) SI_UNIT ( $, .STERADIAN. ) SOLID_ANGLE_UNIT ( ) );
#1735 = LINE ( 'NONE', #2174, #4724 ) ;
#1736 = FILL_AREA_STYLE ('',( #4376 ) ) ;
#1737 = LINE ( 'NONE', #399, #4290 ) ;
#1738 = B_SPLINE_CURVE_WITH_KNOTS ( 'NONE', 3,
 ( #1965, #591, #1017, #5509, #4717, #2344, #5533, #2408, #1493, #195, #5167 ),
 .UNSPECIFIED., .F., .F.,
 ( 4, 1, 1, 1, 1, 1, 1, 1, 4 ),
 ( 0.000000000000000000, 0.1177675192120364034, 0.2301764485440569996, 0.3398429589695389774, 0.4506252599208619980, 0.5669428888721620430, 0.6960213064547929873, 0.8394383602270610867, 1.000000000000000000 ),
 .UNSPECIFIED. ) ;
#1739 = VECTOR ( 'NONE', #5041, 1000.000000000000000 ) ;
#1740 = CARTESIAN_POINT ( 'NONE',  ( 1.089953900083879823, 5.492055319899416865, -3.999999999999979128 ) ) ;
#1741 = VERTEX_POINT ( 'NONE', #2942 ) ;
#1742 = ORIENTED_EDGE ( 'NONE', *, *, #3934, .T. ) ;
#1743 = UNCERTAINTY_MEASURE_WITH_UNIT (LENGTH_MEASURE( 1.000000000000000082E-05 ), #2780, 'distance_accuracy_value', 'NONE');
#1744 = CARTESIAN_POINT ( 'NONE',  ( 6.952198505041922161, 1.751444447755755585, -5.499999999999998224 ) ) ;
#1745 = LINE ( 'NONE', #2123, #4004 ) ;
#1746 = CARTESIAN_POINT ( 'NONE',  ( 6.635689227024712089, 2.544403914252383547, -5.498999999999989896 ) ) ;
#1747 = VERTEX_POINT ( 'NONE', #4493 ) ;
#1748 = PRESENTATION_STYLE_ASSIGNMENT (( #5788 ) ) ;
#1749 = FILL_AREA_STYLE ('',( #1298 ) ) ;
#1750 = CARTESIAN_POINT ( 'NONE',  ( -1.089953900083879823, 5.492055319899418642, -4.499999999999979572 ) ) ;
#1751 = DIRECTION ( 'NONE',  ( 1.000000000000000000, -3.407492542097298945E-16, -1.223941209746396009E-30 ) ) ;
#1752 = CARTESIAN_POINT ( 'NONE',  ( 7.000000000000001776, 2.500000000000067057, -2.499999999999990674 ) ) ;
#1753 = CIRCLE ( 'NONE', #3648, 0.7500000000000002220 ) ;
#1754 = CARTESIAN_POINT ( 'NONE',  ( 6.637674252345667547, 1.824594845605499671, -5.499999999999998224 ) ) ;
#1755 = CARTESIAN_POINT ( 'NONE',  ( 6.667643216580382948, 2.559136755448064182, -5.498999999999989896 ) ) ;
#1756 =( NAMED_UNIT ( * ) PLANE_ANGLE_UNIT ( ) SI_UNIT ( $, .RADIAN. ) );
#1757 = B_SPLINE_CURVE_WITH_KNOTS ( 'NONE', 3,
 ( #489, #4538, #2234, #4043, #5011, #523, #1768, #2692, #5833, #3664, #2288, #4492, #4099, #869, #5439 ),
 .UNSPECIFIED., .F., .F.,
 ( 4, 1, 1, 1, 1, 1, 1, 1, 1, 1, 1, 1, 4 ),
 ( 0.000000000000000000, 0.1055838864195037946, 0.2058681332620120041, 0.3009467177422124884, 0.3930019285950104857, 0.4809485116065860266, 0.5628738662802259540, 0.6414613436333610474, 0.7177416181792259930, 0.7917717603087840450, 0.8627163930302560457, 0.9317768462002760099, 1.000000000000000000 ),
 .UNSPECIFIED. ) ;
#1758 = PRESENTATION_STYLE_ASSIGNMENT (( #4450 ) ) ;
#1759 = ORIENTED_EDGE ( 'NONE', *, *, #5717, .F. ) ;
#1760 = ADVANCED_FACE ( 'NONE', ( #4759, #426 ), #3537, .T. ) ;
#1761 = STYLED_ITEM ( 'NONE', ( #2888 ), #2199 ) ;
#1762 = STYLED_ITEM ( 'NONE', ( #2567 ), #2650 ) ;
#1763 =( NAMED_UNIT ( * ) SI_UNIT ( $, .STERADIAN. ) SOLID_ANGLE_UNIT ( ) );
#1764 = PRESENTATION_STYLE_ASSIGNMENT (( #5383 ) ) ;
#1765 = EDGE_CURVE ( 'NONE', #2405, #5342, #1737, .T. ) ;
#1766 = EDGE_LOOP ( 'NONE', ( #3835, #3039, #5786, #2808 ) ) ;
#1767 = PRESENTATION_STYLE_ASSIGNMENT (( #2116 ) ) ;
#1768 = CARTESIAN_POINT ( 'NONE',  ( 6.739769375195787227, 1.978153120805116627, -5.498999999999997002 ) ) ;
#1769 = COLOUR_RGB ( '',0.8980392156862745390, 0.8980392156862745390, 0.8980392156862745390 ) ;
#1770 = CARTESIAN_POINT ( 'NONE',  ( -1.000000000000000000, 5.600000000000071587, -3.999999999999979128 ) ) ;
#1771 =( NAMED_UNIT ( * ) PLANE_ANGLE_UNIT ( ) SI_UNIT ( $, .RADIAN. ) );
#1772 = EDGE_CURVE ( 'NONE', #1204, #2498, #5808, .T. ) ;
#1773 = ORIENTED_EDGE ( 'NONE', *, *, #2688, .F. ) ;
#1774 = PRESENTATION_STYLE_ASSIGNMENT (( #2638 ) ) ;
#1775 = CARTESIAN_POINT ( 'NONE',  ( -6.999999999999996447, 2.500000000000067057, -1.499999999999990452 ) ) ;
#1776 = ORIENTED_EDGE ( 'NONE', *, *, #4298, .T. ) ;
#1777 = SURFACE_STYLE_FILL_AREA ( #2220 ) ;
#1778 = FILL_AREA_STYLE ('',( #1680 ) ) ;
#1779 =( NAMED_UNIT ( * ) SI_UNIT ( $, .STERADIAN. ) SOLID_ANGLE_UNIT ( ) );
#1780 = PLANE ( 'NONE',  #1035 ) ;
#1781 = CARTESIAN_POINT ( 'NONE',  ( 1.250000000000003775, 1.300000000000115286, -1.199999999999991296 ) ) ;
#1782 = SURFACE_STYLE_USAGE ( .BOTH. , #4400 ) ;
#1783 =( NAMED_UNIT ( * ) SI_UNIT ( $, .STERADIAN. ) SOLID_ANGLE_UNIT ( ) );
#1784 = SURFACE_SIDE_STYLE ('',( #5825 ) ) ;
#1785 = VERTEX_POINT ( 'NONE', #5528 ) ;
#1786 = CARTESIAN_POINT ( 'NONE',  ( 6.722425654344166723, 3.242170463374235645, -5.498999999999982791 ) ) ;
#1787 = VECTOR ( 'NONE', #516, 1000.000000000000000 ) ;
#1788 = UNCERTAINTY_MEASURE_WITH_UNIT (LENGTH_MEASURE( 1.000000000000000082E-05 ), #3778, 'distance_accuracy_value', 'NONE');
#1789 =( NAMED_UNIT ( * ) PLANE_ANGLE_UNIT ( ) SI_UNIT ( $, .RADIAN. ) );
#1790 = ORIENTED_EDGE ( 'NONE', *, *, #4041, .F. ) ;
#1791 = AXIS2_PLACEMENT_3D ( 'NONE', #5178, #3790, #1596 ) ;
#1792 = CARTESIAN_POINT ( 'NONE',  ( -6.999999999999999112, 0.7500000000000696110, -2.499999999999996891 ) ) ;
#1793 = SURFACE_STYLE_USAGE ( .BOTH. , #258 ) ;
#1794 = EDGE_CURVE ( 'NONE', #1785, #2417, #2717, .T. ) ;
#1795 =( GEOMETRIC_REPRESENTATION_CONTEXT ( 3 ) GLOBAL_UNCERTAINTY_ASSIGNED_CONTEXT ( ( #4040 ) ) GLOBAL_UNIT_ASSIGNED_CONTEXT ( ( #626, #4202, #1536 ) ) REPRESENTATION_CONTEXT ( 'NONE', 'WORKASPACE' ) );
#1796 = ORIENTED_EDGE ( 'NONE', *, *, #4489, .F. ) ;
#1797 = UNCERTAINTY_MEASURE_WITH_UNIT (LENGTH_MEASURE( 1.000000000000000082E-05 ), #5576, 'distance_accuracy_value', 'NONE');
#1798 = CIRCLE ( 'NONE', #2540, 0.4500000000000000111 ) ;
#1799 = DIRECTION ( 'NONE',  ( -1.835596038252509459E-31, 3.614918832493752804E-15, -1.000000000000000000 ) ) ;
#1800 = DIRECTION ( 'NONE',  ( 5.782411586589355667E-16, 1.000000000000000000, 3.469446951953613006E-15 ) ) ;
#1801 = CARTESIAN_POINT ( 'NONE',  ( 6.442744764986161776, 2.360363075615944606, -5.498999999999991672 ) ) ;
#1802 =( GEOMETRIC_REPRESENTATION_CONTEXT ( 3 ) GLOBAL_UNCERTAINTY_ASSIGNED_CONTEXT ( ( #4513 ) ) GLOBAL_UNIT_ASSIGNED_CONTEXT ( ( #3549, #3927, #1646 ) ) REPRESENTATION_CONTEXT ( 'NONE', 'WORKASPACE' ) );
#1803 = EDGE_LOOP ( 'NONE', ( #2660, #896, #358, #5171 ) ) ;
#1804 = CARTESIAN_POINT ( 'NONE',  ( 7.579985169858791672, 2.276771181320510706, -5.499999999999992895 ) ) ;
#1805 = CARTESIAN_POINT ( 'NONE',  ( 6.447372347789261937, 2.868820019398394372, -5.499999999999985789 ) ) ;
#1806 = SURFACE_STYLE_USAGE ( .BOTH. , #1238 ) ;
#1807 = AXIS2_PLACEMENT_3D ( 'NONE', #4559, #627, #2420 ) ;
#1808 = SURFACE_STYLE_FILL_AREA ( #3730 ) ;
#1809 = AXIS2_PLACEMENT_3D ( 'NONE', #1287, #1260, #1670 ) ;
#1810 = MECHANICAL_DESIGN_GEOMETRIC_PRESENTATION_REPRESENTATION (  '', ( #5009 ), #100 ) ;
#1811 = CARTESIAN_POINT ( 'NONE',  ( 6.961513408888072796, 1.924521370832678491, -5.499999999999996447 ) ) ;
#1812 = DIRECTION ( 'NONE',  ( 0.000000000000000000, 3.568904431242956914E-15, -1.000000000000000000 ) ) ;
#1813 = ORIENTED_EDGE ( 'NONE', *, *, #4516, .T. ) ;
#1814 = AXIS2_PLACEMENT_3D ( 'NONE', #4655, #1036, #546 ) ;
#1815 = DIRECTION ( 'NONE',  ( 0.000000000000000000, -1.000000000000000000, -3.302791052538885695E-15 ) ) ;
#1816 = VECTOR ( 'NONE', #1427, 1000.000000000000000 ) ;
#1817 = SURFACE_STYLE_USAGE ( .BOTH. , #4119 ) ;
#1818 = CARTESIAN_POINT ( 'NONE',  ( 7.069860859017132348, 2.473426375560108248, -5.498999999999989896 ) ) ;
#1819 =( LENGTH_UNIT ( ) NAMED_UNIT ( * ) SI_UNIT ( .MILLI., .METRE. ) );
#1820 =( GEOMETRIC_REPRESENTATION_CONTEXT ( 3 ) GLOBAL_UNCERTAINTY_ASSIGNED_CONTEXT ( ( #4247 ) ) GLOBAL_UNIT_ASSIGNED_CONTEXT ( ( #695, #4355, #1573 ) ) REPRESENTATION_CONTEXT ( 'NONE', 'WORKASPACE' ) );
#1821 = ORIENTED_EDGE ( 'NONE', *, *, #349, .F. ) ;
#1822 = CARTESIAN_POINT ( 'NONE',  ( 6.450295694736602137, 2.910626637161039199, -5.498999999999986343 ) ) ;
#1823 = CIRCLE ( 'NONE', #4743, 3.499999999999999556 ) ;
#1824 = FACE_BOUND ( 'NONE', #4754, .T. ) ;
#1825 = FACE_BOUND ( 'NONE', #3334, .T. ) ;
#1826 = CARTESIAN_POINT ( 'NONE',  ( -3.749999999999996003, 2.500000000000094147, -1.499999999999991340 ) ) ;
#1827 = COLOUR_RGB ( '',0.9529411764705881804, 0.7960784313725489669, 0.4862745098039215619 ) ;
#1828 = ORIENTED_EDGE ( 'NONE', *, *, #5470, .F. ) ;
#1829 = FACE_OUTER_BOUND ( 'NONE', #4064, .T. ) ;
#1830 = CARTESIAN_POINT ( 'NONE',  ( 6.656858269928776828, 2.554164202457608113, -5.498999999999989896 ) ) ;
#1831 = ORIENTED_EDGE ( 'NONE', *, *, #3576, .T. ) ;
#1832 = FILL_AREA_STYLE ('',( #113 ) ) ;
#1833 = SURFACE_STYLE_USAGE ( .BOTH. , #2268 ) ;
#1834 = CARTESIAN_POINT ( 'NONE',  ( 7.311273024272692211, 2.892970890063448763, -5.499999999999985789 ) ) ;
#1835 = VERTEX_POINT ( 'NONE', #4501 ) ;
#1836 = COLOUR_RGB ( '',0.1019607843137254888, 0.1019607843137254888, 0.1019607843137254888 ) ;
#1837 = SURFACE_STYLE_FILL_AREA ( #2301 ) ;
#1838 = LINE ( 'NONE', #3646, #5845 ) ;
#1839 = EDGE_CURVE ( 'NONE', #2936, #1584, #524, .T. ) ;
#1840 = CARTESIAN_POINT ( 'NONE',  ( 6.423145740132412129, 2.080563434257238775, -5.498999999999995225 ) ) ;
#1841 = CARTESIAN_POINT ( 'NONE',  ( 6.885749180271221626, 3.107733030987672507, -5.499999999999984013 ) ) ;
#1842 = CARTESIAN_POINT ( 'NONE',  ( 6.658770954638501216, 2.858339229705086026, -5.499999999999987566 ) ) ;
#1843 = DIRECTION ( 'NONE',  ( -1.000000000000000000, 4.336808689942016750E-16, 1.557743357859049482E-30 ) ) ;
#1844 = ORIENTED_EDGE ( 'NONE', *, *, #1291, .T. ) ;
#1845 = EDGE_CURVE ( 'NONE', #831, #1645, #3745, .T. ) ;
#1846 = CARTESIAN_POINT ( 'NONE',  ( 6.577183827406137162, 3.151447429331611705, -5.499999999999984013 ) ) ;
#1847 = DIRECTION ( 'NONE',  ( 0.000000000000000000, -3.591911631868355648E-15, 1.000000000000000000 ) ) ;
#1848 = VECTOR ( 'NONE', #2131, 1000.000000000000000 ) ;
#1849 = CLOSED_SHELL ( 'NONE', ( #5460, #1073, #5038, #2793, #4619, #5084, #2445, #888, #1968, #457, #313, #2119, #4536, #2869, #1943, #3656, #3891, #688, #1393, #66, #1683, #3792 ) ) ;
#1850 = DIRECTION ( 'NONE',  ( 0.000000000000000000, 1.000000000000000000, 2.891205793294679017E-15 ) ) ;
#1851 = CYLINDRICAL_SURFACE ( 'NONE', #4069, 3.499999999999999556 ) ;
#1852 = SURFACE_STYLE_FILL_AREA ( #1350 ) ;
#1853 = MECHANICAL_DESIGN_GEOMETRIC_PRESENTATION_REPRESENTATION (  '', ( #3364 ), #4108 ) ;
#1854 =( LENGTH_UNIT ( ) NAMED_UNIT ( * ) SI_UNIT ( .MILLI., .METRE. ) );
#1855 = ORIENTED_EDGE ( 'NONE', *, *, #1189, .T. ) ;
#1856 = ORIENTED_EDGE ( 'NONE', *, *, #3357, .F. ) ;
#1857 = PRESENTATION_LAYER_ASSIGNMENT (  '', '', ( #2601 ) ) ;
#1858 = CARTESIAN_POINT ( 'NONE',  ( 7.320312930522452355, 1.830721448984130584, -5.499999999999998224 ) ) ;
#1859 = EDGE_LOOP ( 'NONE', ( #273 ) ) ;
#1860 = CARTESIAN_POINT ( 'NONE',  ( 7.282163878410642610, 2.998622037321830636, -5.498999999999984567 ) ) ;
#1861 = CARTESIAN_POINT ( 'NONE',  ( 6.407426870426537135, 2.196456466986525857, -5.498999999999993449 ) ) ;
#1862 =( NAMED_UNIT ( * ) PLANE_ANGLE_UNIT ( ) SI_UNIT ( $, .RADIAN. ) );
#1863 = VERTEX_POINT ( 'NONE', #2414 ) ;
#1864 = SURFACE_SIDE_STYLE ('',( #1837 ) ) ;
#1865 = FACE_OUTER_BOUND ( 'NONE', #647, .T. ) ;
#1866 = FACE_OUTER_BOUND ( 'NONE', #1859, .T. ) ;
#1867 =( LENGTH_UNIT ( ) NAMED_UNIT ( * ) SI_UNIT ( .MILLI., .METRE. ) );
#1868 = DIRECTION ( 'NONE',  ( -0.000000000000000000, -1.000000000000000000, -3.591911631868355648E-15 ) ) ;
#1869 = CARTESIAN_POINT ( 'NONE',  ( 6.533414914327827283, 1.900546554567887680, -5.498999999999997002 ) ) ;
#1870 = CARTESIAN_POINT ( 'NONE',  ( 6.798783916378542180, 3.078992839572466611, -5.499999999999984013 ) ) ;
#1871 = ADVANCED_FACE ( 'NONE', ( #490, #957 ), #5090, .T. ) ;
#1872 = CARTESIAN_POINT ( 'NONE',  ( 6.774582979370162406, 3.065129680504195875, -5.499999999999984013 ) ) ;
#1873 = CARTESIAN_POINT ( 'NONE',  ( 7.437599867103042328, 2.652321071515973738, -5.498999999999988120 ) ) ;
#1874 = ADVANCED_FACE ( 'NONE', ( #1467 ), #984, .T. ) ;
#1875 = CARTESIAN_POINT ( 'NONE',  ( 6.952198505041922161, 1.751444447755755585, -5.498999999999998778 ) ) ;
#1876 = SURFACE_SIDE_STYLE ('',( #132 ) ) ;
#1877 = CARTESIAN_POINT ( 'NONE',  ( 7.398954114026691897, 2.615793912382570419, -5.499999999999989342 ) ) ;
#1878 =( NAMED_UNIT ( * ) PLANE_ANGLE_UNIT ( ) SI_UNIT ( $, .RADIAN. ) );
#1879 = PRESENTATION_LAYER_ASSIGNMENT (  '', '', ( #2805 ) ) ;
#1880 = LINE ( 'NONE', #1440, #3368 ) ;
#1881 = COLOUR_RGB ( '',0.1019607843137254888, 0.1019607843137254888, 0.1019607843137254888 ) ;
#1882 = EDGE_LOOP ( 'NONE', ( #3758, #4914, #2316, #1149 ) ) ;
#1883 = FACE_OUTER_BOUND ( 'NONE', #4872, .T. ) ;
#1884 = CARTESIAN_POINT ( 'NONE',  ( 7.047529871898611908, 1.755040466681806688, -5.498999999999998778 ) ) ;
#1885 = CARTESIAN_POINT ( 'NONE',  ( 7.268638015066022362, 3.016859659302447927, -5.498999999999984567 ) ) ;
#1886 = SURFACE_STYLE_FILL_AREA ( #5400 ) ;
#1887 = FACE_OUTER_BOUND ( 'NONE', #4462, .T. ) ;
#1888 = CARTESIAN_POINT ( 'NONE',  ( -6.999999999999995559, 4.000000000000081712, -5.399999999999985256 ) ) ;
#1889 = CARTESIAN_POINT ( 'NONE',  ( 6.834705463551086879, 2.615802821850377047, -5.498999999999989896 ) ) ;
#1890 = COLOUR_RGB ( '',0.8980392156862745390, 0.8980392156862745390, 0.8980392156862745390 ) ;
#1891 = DIRECTION ( 'NONE',  ( 0.000000000000000000, 3.591911631868355648E-15, -1.000000000000000000 ) ) ;
#1892 = PRESENTATION_STYLE_ASSIGNMENT (( #5489 ) ) ;
#1893 = VECTOR ( 'NONE', #4211, 1000.000000000000000 ) ;
#1894 = DIRECTION ( 'NONE',  ( 0.000000000000000000, 3.568904431242956914E-15, -1.000000000000000000 ) ) ;
#1895 = CARTESIAN_POINT ( 'NONE',  ( -1.249999999999999112, 2.500000000000094147, -4.999999999999991118 ) ) ;
#1896 = PRESENTATION_LAYER_ASSIGNMENT (  '', '', ( #5096 ) ) ;
#1897 = VECTOR ( 'NONE', #2489, 1000.000000000000114 ) ;
#1898 = CARTESIAN_POINT ( 'NONE',  ( 7.000000000000001776, 6.938893903907228378E-14, -3.799999999999999378 ) ) ;
#1899 = CARTESIAN_POINT ( 'NONE',  ( -6.607051711467516242, 1.777793762384871412, -5.498999999999988120 ) ) ;
#1900 =( GEOMETRIC_REPRESENTATION_CONTEXT ( 3 ) GLOBAL_UNCERTAINTY_ASSIGNED_CONTEXT ( ( #2215 ) ) GLOBAL_UNIT_ASSIGNED_CONTEXT ( ( #1926, #974, #2737 ) ) REPRESENTATION_CONTEXT ( 'NONE', 'WORKASPACE' ) );
#1901 = EDGE_CURVE ( 'NONE', #4519, #1138, #1880, .T. ) ;
#1902 = DIRECTION ( 'NONE',  ( 0.000000000000000000, -1.000000000000000000, -3.568904431242956914E-15 ) ) ;
#1903 = CIRCLE ( 'NONE', #1524, 0.2000000000000000944 ) ;
#1904 = CARTESIAN_POINT ( 'NONE',  ( 7.000521830187341976, 1.751843233876750672, -5.498999999999998778 ) ) ;
#1905 = STYLED_ITEM ( 'NONE', ( #993 ), #4656 ) ;
#1906 = FILL_AREA_STYLE ('',( #4573 ) ) ;
#1907 = SURFACE_STYLE_FILL_AREA ( #4687 ) ;
#1908 = EDGE_CURVE ( 'NONE', #2600, #4411, #4276, .T. ) ;
#1909 = SURFACE_SIDE_STYLE ('',( #4214 ) ) ;
#1910 = MECHANICAL_DESIGN_GEOMETRIC_PRESENTATION_REPRESENTATION (  '', ( #3994 ), #300 ) ;
#1911 = B_SPLINE_SURFACE_WITH_KNOTS ( 'NONE', 3, 1, ( 
 ( #5142, #1059 ),
 ( #1583, #2002 ),
 ( #1561, #5170 ),
 ( #679, #3305 ),
 ( #4200, #249 ),
 ( #148, #2472 ),
 ( #5104, #3390 ),
 ( #2848, #5195 ),
 ( #5075, #1144 ),
 ( #2934, #4671 ),
 ( #4752, #708 ),
 ( #1024, #2817 ),
 ( #4641, #4225 ),
 ( #5784, #5227 ),
 ( #3455, #1177 ) ),
 .UNSPECIFIED., .F., .F., .F.,
 ( 4, 1, 1, 1, 1, 1, 1, 1, 1, 1, 1, 1, 4 ),
 ( 2, 2 ),
 ( 0.000000000000000000, 0.1055838864195037946, 0.2058681332620120041, 0.3009467177422124884, 0.3930019285950104857, 0.4809485116065860266, 0.5628738662802259540, 0.6414613436333610474, 0.7177416181792259930, 0.7917717603087840450, 0.8627163930302560457, 0.9317768462002760099, 1.000000000000000000 ),
 ( 0.000000000000000000, 1.000000000000000000 ),
 .UNSPECIFIED. ) ;
#1912 = ORIENTED_EDGE ( 'NONE', *, *, #3815, .T. ) ;
#1913 = FILL_AREA_STYLE_COLOUR ( '', #5574 ) ;
#1914 = CARTESIAN_POINT ( 'NONE',  ( 7.135623617799073060, 1.766554342101868569, -5.499999999999998224 ) ) ;
#1915 = SURFACE_SIDE_STYLE ('',( #4604 ) ) ;
#1916 = CARTESIAN_POINT ( 'NONE',  ( 7.268638015066022362, 3.016859659302447927, -5.499999999999985789 ) ) ;
#1917 = FILL_AREA_STYLE_COLOUR ( '', #1920 ) ;
#1918 = COLOUR_RGB ( '',0.9529411764705881804, 0.7960784313725489669, 0.4862745098039215619 ) ;
#1919 = CARTESIAN_POINT ( 'NONE',  ( 1.700000000000004396, 2.500000000000094147, -5.949999999999992184 ) ) ;
#1920 = COLOUR_RGB ( '',0.9529411764705881804, 0.7960784313725489669, 0.4862745098039215619 ) ;
#1921 = FILL_AREA_STYLE_COLOUR ( '', #1890 ) ;
#1922 = CYLINDRICAL_SURFACE ( 'NONE', #4337, 0.2999999999999999334 ) ;
#1923 = VERTEX_POINT ( 'NONE', #5133 ) ;
#1924 = SURFACE_STYLE_FILL_AREA ( #2795 ) ;
#1925 = LINE ( 'NONE', #2852, #4453 ) ;
#1926 =( LENGTH_UNIT ( ) NAMED_UNIT ( * ) SI_UNIT ( .MILLI., .METRE. ) );
#1927 = CARTESIAN_POINT ( 'NONE',  ( 7.192747398978432294, 2.720077491365664901, -5.498999999999988120 ) ) ;
#1928 =( NAMED_UNIT ( * ) PLANE_ANGLE_UNIT ( ) SI_UNIT ( $, .RADIAN. ) );
#1929 = CARTESIAN_POINT ( 'NONE',  ( 6.407426870426537135, 2.196456466986525857, -5.499999999999994671 ) ) ;
#1930 = CARTESIAN_POINT ( 'NONE',  ( 6.667925546575817819, 2.909781078044739289, -5.499999999999985789 ) ) ;
#1931 = DIRECTION ( 'NONE',  ( -7.433064981013270631E-31, -1.814255006657869845E-46, 1.000000000000000000 ) ) ;
#1932 = UNCERTAINTY_MEASURE_WITH_UNIT (LENGTH_MEASURE( 1.000000000000000082E-05 ), #2996, 'distance_accuracy_value', 'NONE');
#1933 = PRESENTATION_STYLE_ASSIGNMENT (( #1960 ) ) ;
#1934 =( LENGTH_UNIT ( ) NAMED_UNIT ( * ) SI_UNIT ( .MILLI., .METRE. ) );
#1935 = CARTESIAN_POINT ( 'NONE',  ( -6.395513249929057231, 1.777793762384871412, -5.498999999999988120 ) ) ;
#1936 = AXIS2_PLACEMENT_3D ( 'NONE', #3349, #1980, #3437 ) ;
#1937 = FACE_BOUND ( 'NONE', #2693, .T. ) ;
#1938 = SURFACE_STYLE_USAGE ( .BOTH. , #5161 ) ;
#1939 = B_SPLINE_CURVE_WITH_KNOTS ( 'NONE', 3,
 ( #1368, #4089, #33, #1840, #3651, #4995, #939, #2308, #1869, #1424, #1538, #1478, #122, #3225, #5030, #154, #1507, #2739, #3706 ),
 .UNSPECIFIED., .F., .F.,
 ( 4, 1, 1, 1, 1, 1, 1, 1, 1, 1, 1, 1, 1, 1, 1, 1, 4 ),
 ( 0.000000000000000000, 0.07481596665055580131, 0.1485345605139199998, 0.2238723272963845101, 0.3012971209351249513, 0.3408936290197579488, 0.3803400620654399655, 0.4201265887284650336, 0.4599499070829670133, 0.5008311555562169337, 0.5419071755971089921, 0.5844387941530519992, 0.6280801713306070067, 0.7172666799070609445, 0.8078600064218679488, 0.9019246558363439581, 1.000000000000000000 ),
 .UNSPECIFIED. ) ;
#1940 = DIRECTION ( 'NONE',  ( 0.000000000000000000, 3.591911631868355648E-15, -1.000000000000000000 ) ) ;
#1941 = UNCERTAINTY_MEASURE_WITH_UNIT (LENGTH_MEASURE( 1.000000000000000082E-05 ), #5440, 'distance_accuracy_value', 'NONE');
#1942 = STYLED_ITEM ( 'NONE', ( #1054 ), #2119 ) ;
#1943 = ADVANCED_FACE ( 'NONE', ( #2461 ), #4295, .T. ) ;
#1944 = ORIENTED_EDGE ( 'NONE', *, *, #665, .T. ) ;
#1945 = DIRECTION ( 'NONE',  ( 1.797281352452778372E-31, -3.591911631868354070E-15, 1.000000000000000000 ) ) ;
#1946 = SURFACE_STYLE_FILL_AREA ( #2407 ) ;
#1947 = CARTESIAN_POINT ( 'NONE',  ( -1.500000000000000000, 5.000000000000075495, -3.999999999999980904 ) ) ;
#1948 =( NAMED_UNIT ( * ) SI_UNIT ( $, .STERADIAN. ) SOLID_ANGLE_UNIT ( ) );
#1949 =( NAMED_UNIT ( * ) PLANE_ANGLE_UNIT ( ) SI_UNIT ( $, .RADIAN. ) );
#1950 = DIRECTION ( 'NONE',  ( 0.000000000000000000, 0.000000000000000000, 1.000000000000000000 ) ) ;
#1951 = VERTEX_POINT ( 'NONE', #5513 ) ;
#1952 = CARTESIAN_POINT ( 'NONE',  ( 6.675932629279337505, 2.562602869007504225, -5.498999999999989896 ) ) ;
#1953 = EDGE_CURVE ( 'NONE', #2269, #2269, #2876, .T. ) ;
#1954 = ORIENTED_EDGE ( 'NONE', *, *, #3275, .T. ) ;
#1955 = ORIENTED_EDGE ( 'NONE', *, *, #349, .T. ) ;
#1956 = CARTESIAN_POINT ( 'NONE',  ( -1.500000000000000000, 5.000000000000077272, -4.499999999999981348 ) ) ;
#1957 = FILL_AREA_STYLE_COLOUR ( '', #582 ) ;
#1958 = CARTESIAN_POINT ( 'NONE',  ( 7.160852940158581426, 2.707026522904761645, -5.498999999999988120 ) ) ;
#1959 = CARTESIAN_POINT ( 'NONE',  ( 6.470943008335427571, 2.407932804949485028, -5.499999999999991118 ) ) ;
#1960 = SURFACE_STYLE_USAGE ( .BOTH. , #2369 ) ;
#1961 =( NAMED_UNIT ( * ) SI_UNIT ( $, .STERADIAN. ) SOLID_ANGLE_UNIT ( ) );
#1962 = ORIENTED_EDGE ( 'NONE', *, *, #5219, .T. ) ;
#1963 = CARTESIAN_POINT ( 'NONE',  ( -6.999999999999998224, 4.250000000000071054, -2.499999999999984013 ) ) ;
#1964 =( NAMED_UNIT ( * ) SI_UNIT ( $, .STERADIAN. ) SOLID_ANGLE_UNIT ( ) );
#1965 = CARTESIAN_POINT ( 'NONE',  ( 6.618965331964997034, 2.186240120832679601, -5.499999999999994671 ) ) ;
#1966 = CARTESIAN_POINT ( 'NONE',  ( 6.778821101195772414, 2.388764159294218370, -5.498999999999991672 ) ) ;
#1967 = FACE_OUTER_BOUND ( 'NONE', #4311, .T. ) ;
#1968 = ADVANCED_FACE ( 'NONE', ( #2976 ), #4761, .T. ) ;
#1969 = CARTESIAN_POINT ( 'NONE',  ( -3.449999999999996181, 2.500000000000099476, -1.199999999999991296 ) ) ;
#1970 = PRESENTATION_LAYER_ASSIGNMENT (  '', '', ( #5269 ) ) ;
#1971 = LINE ( 'NONE', #3756, #5652 ) ;
#1972 = ORIENTED_EDGE ( 'NONE', *, *, #390, .T. ) ;
#1973 = ORIENTED_EDGE ( 'NONE', *, *, #2932, .T. ) ;
#1974 = CARTESIAN_POINT ( 'NONE',  ( 3.750000000000000888, 2.500000000000094147, -4.999999999999991118 ) ) ;
#1975 = PRESENTATION_LAYER_ASSIGNMENT (  '', '', ( #2715 ) ) ;
#1976 = CARTESIAN_POINT ( 'NONE',  ( 6.528531572587997545, 2.472466518778553279, -5.498999999999989896 ) ) ;
#1977 = CARTESIAN_POINT ( 'NONE',  ( 6.619471763798617125, 2.197083192884904612, -5.498999999999993449 ) ) ;
#1978 = ADVANCED_FACE ( 'NONE', ( #481, #914 ), #4, .F. ) ;
#1979 = DIRECTION ( 'NONE',  ( -0.7071067811865439090, 2.539865072316965822E-15, -0.7071067811865512365 ) ) ;
#1980 = DIRECTION ( 'NONE',  ( 0.000000000000000000, -3.591911631868355648E-15, 1.000000000000000000 ) ) ;
#1981 = FILL_AREA_STYLE_COLOUR ( '', #3221 ) ;
#1982 = PRESENTATION_STYLE_ASSIGNMENT (( #292 ) ) ;
#1983 = AXIS2_PLACEMENT_3D ( 'NONE', #1974, #2060, #3345 ) ;
#1984 = VECTOR ( 'NONE', #3313, 1000.000000000000000 ) ;
#1985 = CARTESIAN_POINT ( 'NONE',  ( -6.999999999999996447, 2.500000000000081268, -5.499999999999991118 ) ) ;
#1986 =( GEOMETRIC_REPRESENTATION_CONTEXT ( 3 ) GLOBAL_UNCERTAINTY_ASSIGNED_CONTEXT ( ( #2987 ) ) GLOBAL_UNIT_ASSIGNED_CONTEXT ( ( #4278, #5622, #2052 ) ) REPRESENTATION_CONTEXT ( 'NONE', 'WORKASPACE' ) );
#1987 = FILL_AREA_STYLE_COLOUR ( '', #4821 ) ;
#1988 = CARTESIAN_POINT ( 'NONE',  ( 7.311273024272692211, 2.892970890063448763, -5.499999999999985789 ) ) ;
#1989 =( GEOMETRIC_REPRESENTATION_CONTEXT ( 3 ) GLOBAL_UNCERTAINTY_ASSIGNED_CONTEXT ( ( #5748 ) ) GLOBAL_UNIT_ASSIGNED_CONTEXT ( ( #1429, #3324, #3233 ) ) REPRESENTATION_CONTEXT ( 'NONE', 'WORKASPACE' ) );
#1990 = CARTESIAN_POINT ( 'NONE',  ( 7.468863530848252275, 2.692405734649357285, -5.498999999999988120 ) ) ;
#1991 =( NAMED_UNIT ( * ) SI_UNIT ( $, .STERADIAN. ) SOLID_ANGLE_UNIT ( ) );
#1992 = FACE_OUTER_BOUND ( 'NONE', #2849, .T. ) ;
#1993 = CIRCLE ( 'NONE', #4824, 3.499999999999999556 ) ;
#1994 =( NAMED_UNIT ( * ) SI_UNIT ( $, .STERADIAN. ) SOLID_ANGLE_UNIT ( ) );
#1995 = MECHANICAL_DESIGN_GEOMETRIC_PRESENTATION_REPRESENTATION (  '', ( #293 ), #5672 ) ;
#1996 =( NAMED_UNIT ( * ) PLANE_ANGLE_UNIT ( ) SI_UNIT ( $, .RADIAN. ) );
#1997 = ORIENTED_EDGE ( 'NONE', *, *, #2939, .T. ) ;
#1998 = UNCERTAINTY_MEASURE_WITH_UNIT (LENGTH_MEASURE( 1.000000000000000082E-05 ), #1330, 'distance_accuracy_value', 'NONE');
#1999 = CARTESIAN_POINT ( 'NONE',  ( -6.999999999999998224, 5.000000000000071942, -2.499999999999981348 ) ) ;
#2000 = CARTESIAN_POINT ( 'NONE',  ( 7.221078573847033333, 2.520773204586716609, -5.499999999999991118 ) ) ;
#2001 = SURFACE_STYLE_USAGE ( .BOTH. , #2873 ) ;
#2002 = CARTESIAN_POINT ( 'NONE',  ( 6.944556122270242327, 1.924835232147066533, -5.499999999999996447 ) ) ;
#2003 = ORIENTED_EDGE ( 'NONE', *, *, #4226, .F. ) ;
#2004 = ORIENTED_EDGE ( 'NONE', *, *, #4942, .F. ) ;
#2005 = CARTESIAN_POINT ( 'NONE',  ( 6.656858269928776828, 2.554164202457608113, -5.498999999999989896 ) ) ;
#2006 = CARTESIAN_POINT ( 'NONE',  ( 7.580503793503463150, 2.289905986217295020, -5.498999999999993449 ) ) ;
#2007 = CARTESIAN_POINT ( 'NONE',  ( 6.445888408888078125, 2.847598293909602507, -5.498999999999986343 ) ) ;
#2008 = AXIS2_PLACEMENT_3D ( 'NONE', #4810, #2126, #1649 ) ;
#2009 = CARTESIAN_POINT ( 'NONE',  ( 7.073011489940602914, 1.935059327531896578, -5.499999999999996447 ) ) ;
#2010 = PRESENTATION_LAYER_ASSIGNMENT (  '', '', ( #3035 ) ) ;
#2011 = FACE_OUTER_BOUND ( 'NONE', #1358, .T. ) ;
#2012 = CARTESIAN_POINT ( 'NONE',  ( 7.522811485811152110, 2.879148774678832901, -5.498999999999986343 ) ) ;
#2013 =( GEOMETRIC_REPRESENTATION_CONTEXT ( 3 ) GLOBAL_UNCERTAINTY_ASSIGNED_CONTEXT ( ( #2807 ) ) GLOBAL_UNIT_ASSIGNED_CONTEXT ( ( #3922, #3480, #2855 ) ) REPRESENTATION_CONTEXT ( 'NONE', 'WORKASPACE' ) );
#2014 = CARTESIAN_POINT ( 'NONE',  ( 6.722923894247752052, 2.580676396493912783, -5.499999999999989342 ) ) ;
#2015 = MECHANICAL_DESIGN_GEOMETRIC_PRESENTATION_REPRESENTATION (  '', ( #698 ), #4846 ) ;
#2016 = EDGE_CURVE ( 'NONE', #2237, #3606, #3069, .T. ) ;
#2017 = B_SPLINE_SURFACE_WITH_KNOTS ( 'NONE', 3, 1, ( 
 ( #4189, #3355 ),
 ( #5040, #5130 ),
 ( #3743, #3716 ),
 ( #4240, #1877 ),
 ( #5469, #5066 ),
 ( #1990, #2861 ),
 ( #1438, #2428 ),
 ( #548, #133 ),
 ( #982, #188 ),
 ( #5503, #2779 ),
 ( #2338, #4626 ) ),
 .UNSPECIFIED., .F., .F., .F.,
 ( 4, 1, 1, 1, 1, 1, 1, 1, 4 ),
 ( 2, 2 ),
 ( 0.000000000000000000, 0.1448052410584844130, 0.2795118010254865060, 0.4063939211311610178, 0.5275015404829180854, 0.6453932904726510378, 0.7618854106740869936, 0.8789420729184869163, 1.000000000000000000 ),
 ( 0.000000000000000000, 1.000000000000000000 ),
 .UNSPECIFIED. ) ;
#2018 = FILL_AREA_STYLE_COLOUR ( '', #97 ) ;
#2019 = UNCERTAINTY_MEASURE_WITH_UNIT (LENGTH_MEASURE( 1.000000000000000082E-05 ), #1332, 'distance_accuracy_value', 'NONE');
#2020 = FILL_AREA_STYLE_COLOUR ( '', #280 ) ;
#2021 = CARTESIAN_POINT ( 'NONE',  ( 7.173285491209482778, 1.970025297269472730, -5.498999999999997002 ) ) ;
#2022 = VECTOR ( 'NONE', #3653, 1000.000000000000000 ) ;
#2023 = EDGE_LOOP ( 'NONE', ( #5530, #3548, #5804, #3421 ) ) ;
#2024 = FILL_AREA_STYLE_COLOUR ( '', #5673 ) ;
#2025 = SURFACE_STYLE_USAGE ( .BOTH. , #4282 ) ;
#2026 = SURFACE_STYLE_USAGE ( .BOTH. , #1915 ) ;
#2027 = SURFACE_STYLE_FILL_AREA ( #3365 ) ;
#2028 = DIRECTION ( 'NONE',  ( 2.220446049250359919E-16, 1.069961080215153776E-31, -1.000000000000000000 ) ) ;
#2029 = VERTEX_POINT ( 'NONE', #707 ) ;
#2030 = DIRECTION ( 'NONE',  ( 1.000000000000000000, 0.000000000000000000, -1.807003620809174385E-16 ) ) ;
#2031 = PRESENTATION_LAYER_ASSIGNMENT (  '', '', ( #3823 ) ) ;
#2032 = ORIENTED_EDGE ( 'NONE', *, *, #344, .T. ) ;
#2033 = STYLED_ITEM ( 'NONE', ( #5683 ), #2229 ) ;
#2034 = VERTEX_POINT ( 'NONE', #499 ) ;
#2035 = SURFACE_SIDE_STYLE ('',( #5543 ) ) ;
#2036 = CARTESIAN_POINT ( 'NONE',  ( 6.551966942490953016, 2.492023309889373373, -5.498999999999989896 ) ) ;
#2037 = SURFACE_STYLE_FILL_AREA ( #235 ) ;
#2038 = COLOUR_RGB ( '',0.1019607843137254888, 0.1019607843137254888, 0.1019607843137254888 ) ;
#2039 = CARTESIAN_POINT ( 'NONE',  ( 7.018204502025012559, 1.926239385910018420, -5.499999999999996447 ) ) ;
#2040 = STYLED_ITEM ( 'NONE', ( #5840 ), #1978 ) ;
#2041 = CARTESIAN_POINT ( 'NONE',  ( 6.980840326083352032, 3.116549819806031962, -5.498999999999982791 ) ) ;
#2042 = FILL_AREA_STYLE_COLOUR ( '', #1375 ) ;
#2043 = PRESENTATION_LAYER_ASSIGNMENT (  '', '', ( #891 ) ) ;
#2044 = CARTESIAN_POINT ( 'NONE',  ( 7.160852940158581426, 2.707026522904761645, -5.499999999999987566 ) ) ;
#2045 = EDGE_CURVE ( 'NONE', #376, #376, #5812, .T. ) ;
#2046 = FACE_OUTER_BOUND ( 'NONE', #2053, .T. ) ;
#2047 = ORIENTED_EDGE ( 'NONE', *, *, #5806, .T. ) ;
#2048 = CARTESIAN_POINT ( 'NONE',  ( 7.331109889040852146, 3.211495399046366828, -5.499999999999982236 ) ) ;
#2049 = FACE_OUTER_BOUND ( 'NONE', #1534, .T. ) ;
#2050 = EDGE_CURVE ( 'NONE', #3556, #3556, #2231, .T. ) ;
#2051 = FILL_AREA_STYLE ('',( #2926 ) ) ;
#2052 =( NAMED_UNIT ( * ) SI_UNIT ( $, .STERADIAN. ) SOLID_ANGLE_UNIT ( ) );
#2053 = EDGE_LOOP ( 'NONE', ( #5831 ) ) ;
#2054 = FACE_OUTER_BOUND ( 'NONE', #2878, .T. ) ;
#2055 = SURFACE_STYLE_USAGE ( .BOTH. , #4692 ) ;
#2056 = CARTESIAN_POINT ( 'NONE',  ( 0.000000000000000000, 0.000000000000000000, 0.000000000000000000 ) ) ;
#2057 = SURFACE_STYLE_FILL_AREA ( #2415 ) ;
#2058 = ORIENTED_EDGE ( 'NONE', *, *, #338, .F. ) ;
#2059 = ORIENTED_EDGE ( 'NONE', *, *, #2580, .F. ) ;
#2060 = DIRECTION ( 'NONE',  ( 0.000000000000000000, 7.888609052210119806E-31, 1.000000000000000000 ) ) ;
#2061 =( NAMED_UNIT ( * ) SI_UNIT ( $, .STERADIAN. ) SOLID_ANGLE_UNIT ( ) );
#2062 = FILL_AREA_STYLE_COLOUR ( '', #5465 ) ;
#2063 = FILL_AREA_STYLE_COLOUR ( '', #202 ) ;
#2064 = FACE_BOUND ( 'NONE', #5164, .T. ) ;
#2065 = AXIS2_PLACEMENT_3D ( 'NONE', #2398, #5552, #2280 ) ;
#2066 = CARTESIAN_POINT ( 'NONE',  ( 6.802905941979982885, 1.764865978751083642, -5.499999999999998224 ) ) ;
#2067 = CARTESIAN_POINT ( 'NONE',  ( -6.999999999999999112, 0.7500000000000700551, -2.499999999999996891 ) ) ;
#2068 =( GEOMETRIC_REPRESENTATION_CONTEXT ( 3 ) GLOBAL_UNCERTAINTY_ASSIGNED_CONTEXT ( ( #2662 ) ) GLOBAL_UNIT_ASSIGNED_CONTEXT ( ( #1543, #2425, #4297 ) ) REPRESENTATION_CONTEXT ( 'NONE', 'WORKASPACE' ) );
#2069 = EDGE_CURVE ( 'NONE', #2144, #5337, #4666, .T. ) ;
#2070 = CARTESIAN_POINT ( 'NONE',  ( 6.608890424281042009, 1.841396985945248588, -5.499999999999998224 ) ) ;
#2071 = CARTESIAN_POINT ( 'NONE',  ( 6.667643216580382948, 2.559136755448064182, -5.499999999999989342 ) ) ;
#2072 = COLOUR_RGB ( '',0.8980392156862745390, 0.8980392156862745390, 0.8980392156862745390 ) ;
#2073 = CARTESIAN_POINT ( 'NONE',  ( 7.000000000000003553, 5.000000000000071054, -3.799999999999981171 ) ) ;
#2074 = PRESENTATION_STYLE_ASSIGNMENT (( #2885 ) ) ;
#2075 = ORIENTED_EDGE ( 'NONE', *, *, #1503, .F. ) ;
#2076 = AXIS2_PLACEMENT_3D ( 'NONE', #2390, #4310, #229 ) ;
#2077 = AXIS2_PLACEMENT_3D ( 'NONE', #2195, #4006, #3559 ) ;
#2078 = STYLED_ITEM ( 'NONE', ( #3299 ), #3975 ) ;
#2079 = DIRECTION ( 'NONE',  ( 1.000000000000000000, 0.000000000000000000, 0.000000000000000000 ) ) ;
#2080 = CARTESIAN_POINT ( 'NONE',  ( 7.313541299770182746, 2.094317602184936344, -5.498999999999995225 ) ) ;
#2081 = MECHANICAL_DESIGN_GEOMETRIC_PRESENTATION_REPRESENTATION (  '', ( #5096 ), #3316 ) ;
#2082 = DIRECTION ( 'NONE',  ( 1.000000000000000000, 0.000000000000000000, 0.000000000000000000 ) ) ;
#2083 = COLOUR_RGB ( '',0.1019607843137254888, 0.1019607843137254888, 0.1019607843137254888 ) ;
#2084 = PRESENTATION_LAYER_ASSIGNMENT (  '', '', ( #3879 ) ) ;
#2085 = AXIS2_PLACEMENT_3D ( 'NONE', #5221, #4772, #2082 ) ;
#2086 = EDGE_LOOP ( 'NONE', ( #1208 ) ) ;
#2087 = FACE_OUTER_BOUND ( 'NONE', #1709, .T. ) ;
#2088 = COLOUR_RGB ( '',0.9529411764705881804, 0.7960784313725489669, 0.4862745098039215619 ) ;
#2089 = PRESENTATION_LAYER_ASSIGNMENT (  '', '', ( #2366 ) ) ;
#2090 =( NAMED_UNIT ( * ) SI_UNIT ( $, .STERADIAN. ) SOLID_ANGLE_UNIT ( ) );
#2091 = FILL_AREA_STYLE ('',( #248 ) ) ;
#2092 = TOROIDAL_SURFACE ( 'NONE', #3984, 1.399999999999999911, 0.1000000000000000056 ) ;
#2093 = CARTESIAN_POINT ( 'NONE',  ( 7.073011489940602914, 1.935059327531896578, -5.498999999999997002 ) ) ;
#2094 = VERTEX_POINT ( 'NONE', #1558 ) ;
#2095 = AXIS2_PLACEMENT_3D ( 'NONE', #899, #2696, #5018 ) ;
#2096 = ORIENTED_EDGE ( 'NONE', *, *, #1533, .F. ) ;
#2097 = CARTESIAN_POINT ( 'NONE',  ( 7.000000000000004441, 6.000000000000073719, -4.499999999999977796 ) ) ;
#2098 = DIRECTION ( 'NONE',  ( 0.000000000000000000, -1.000000000000000000, -3.591911631868355648E-15 ) ) ;
#2099 = CARTESIAN_POINT ( 'NONE',  ( 6.407871320485583055, 2.225672334615523607, -5.498999999999993449 ) ) ;
#2100 = CARTESIAN_POINT ( 'NONE',  ( -1.249999999999996225, 2.500000000000094147, -1.499999999999991340 ) ) ;
#2101 = SURFACE_STYLE_FILL_AREA ( #1589 ) ;
#2102 = CARTESIAN_POINT ( 'NONE',  ( 7.403589991592331998, 3.157515652617311375, -5.498999999999982791 ) ) ;
#2103 = CONICAL_SURFACE ( 'NONE', #5307, 0.2000000000000000111, 0.7853981633974433940 ) ;
#2104 = CARTESIAN_POINT ( 'NONE',  ( -6.999999999999998224, 7.806255641895631925E-14, -4.500000000000000000 ) ) ;
#2105 = SURFACE_STYLE_USAGE ( .BOTH. , #291 ) ;
#2106 = CARTESIAN_POINT ( 'NONE',  ( 6.492127030697361967, 1.947161317297821492, -5.499999999999996447 ) ) ;
#2107 = CARTESIAN_POINT ( 'NONE',  ( -3.749999999999996891, 2.500000000000082601, -5.499999999999991118 ) ) ;
#2108 = PRESENTATION_LAYER_ASSIGNMENT (  '', '', ( #4658 ) ) ;
#2109 = SURFACE_SIDE_STYLE ('',( #413 ) ) ;
#2110 = FILL_AREA_STYLE ('',( #2573 ) ) ;
#2111 =( NAMED_UNIT ( * ) PLANE_ANGLE_UNIT ( ) SI_UNIT ( $, .RADIAN. ) );
#2112 = EDGE_LOOP ( 'NONE', ( #3580 ) ) ;
#2113 = DIRECTION ( 'NONE',  ( -0.6401843996644827062, -0.7682212795973734076, -2.759382950034598399E-15 ) ) ;
#2114 = SURFACE_SIDE_STYLE ('',( #5557 ) ) ;
#2115 = ORIENTED_EDGE ( 'NONE', *, *, #3353, .T. ) ;
#2116 = SURFACE_STYLE_USAGE ( .BOTH. , #307 ) ;
#2117 = SURFACE_STYLE_USAGE ( .BOTH. , #2211 ) ;
#2118 = SURFACE_STYLE_FILL_AREA ( #5309 ) ;
#2119 = ADVANCED_FACE ( 'NONE', ( #3301 ), #1594, .T. ) ;
#2120 = CARTESIAN_POINT ( 'NONE',  ( 7.287175656788942746, 2.057524536223190648, -5.498999999999995225 ) ) ;
#2121 = VERTEX_POINT ( 'NONE', #3770 ) ;
#2122 = EDGE_LOOP ( 'NONE', ( #4728, #1308, #4245, #5560 ) ) ;
#2123 = CARTESIAN_POINT ( 'NONE',  ( -0.6257359312880754754, 2.500000000000063061, -0.9999999999999904521 ) ) ;
#2124 = ORIENTED_EDGE ( 'NONE', *, *, #3740, .T. ) ;
#2125 = CARTESIAN_POINT ( 'NONE',  ( 7.047529871898611908, 1.755040466681806688, -5.499999999999998224 ) ) ;
#2126 = DIRECTION ( 'NONE',  ( 0.000000000000000000, -3.591911631868355648E-15, 1.000000000000000000 ) ) ;
#2127 = CIRCLE ( 'NONE', #5418, 0.7500000000000002220 ) ;
#2128 =( NAMED_UNIT ( * ) PLANE_ANGLE_UNIT ( ) SI_UNIT ( $, .RADIAN. ) );
#2129 = CARTESIAN_POINT ( 'NONE',  ( 7.331109889040852146, 3.211495399046366828, -5.498999999999982791 ) ) ;
#2130 = EDGE_CURVE ( 'NONE', #1835, #1835, #438, .T. ) ;
#2131 = DIRECTION ( 'NONE',  ( 0.000000000000000000, 3.568904431242956914E-15, -1.000000000000000000 ) ) ;
#2132 = SURFACE_STYLE_USAGE ( .BOTH. , #2994 ) ;
#2133 = DIRECTION ( 'NONE',  ( 0.000000000000000000, 7.888609052210119806E-31, 1.000000000000000000 ) ) ;
#2134 = DIRECTION ( 'NONE',  ( 0.000000000000000000, -3.591911631868355648E-15, 1.000000000000000000 ) ) ;
#2135 =( NAMED_UNIT ( * ) PLANE_ANGLE_UNIT ( ) SI_UNIT ( $, .RADIAN. ) );
#2136 = SURFACE_STYLE_FILL_AREA ( #2110 ) ;
#2137 = DIRECTION ( 'NONE',  ( 0.000000000000000000, 3.591911631868355648E-15, -1.000000000000000000 ) ) ;
#2138 = SPHERICAL_SURFACE ( 'NONE', #5472, 0.4500000000000000111 ) ;
#2139 = DIRECTION ( 'NONE',  ( 0.000000000000000000, -1.000000000000000000, -3.568904431242956914E-15 ) ) ;
#2140 = EDGE_LOOP ( 'NONE', ( #4498, #3487, #2669, #3746 ) ) ;
#2141 = DIRECTION ( 'NONE',  ( 8.503556842633538127E-17, -1.000000000000000000, 0.000000000000000000 ) ) ;
#2142 = LINE ( 'NONE', #329, #4163 ) ;
#2143 = UNCERTAINTY_MEASURE_WITH_UNIT (LENGTH_MEASURE( 1.000000000000000082E-05 ), #3001, 'distance_accuracy_value', 'NONE');
#2144 = VERTEX_POINT ( 'NONE', #243 ) ;
#2145 = EDGE_CURVE ( 'NONE', #1785, #4020, #3567, .T. ) ;
#2146 = DIRECTION ( 'NONE',  ( 5.782411586589355667E-16, 1.000000000000000000, 3.469446951953613006E-15 ) ) ;
#2147 = CARTESIAN_POINT ( 'NONE',  ( -6.999999999999997335, -0.9999999999999185096, -5.500000000000003553 ) ) ;
#2148 = ORIENTED_EDGE ( 'NONE', *, *, #1157, .F. ) ;
#2149 = EDGE_LOOP ( 'NONE', ( #5811 ) ) ;
#2150 = UNCERTAINTY_MEASURE_WITH_UNIT (LENGTH_MEASURE( 1.000000000000000082E-05 ), #3921, 'distance_accuracy_value', 'NONE');
#2151 = ADVANCED_FACE ( 'NONE', ( #2049 ), #5183, .F. ) ;
#2152 = CARTESIAN_POINT ( 'NONE',  ( -6.395513249929057231, 1.777793762384871412, -5.499999999999987566 ) ) ;
#2153 = DIRECTION ( 'NONE',  ( 0.000000000000000000, -1.000000000000000000, -3.568904431242956914E-15 ) ) ;
#2154 = CARTESIAN_POINT ( 'NONE',  ( 7.380945729949021761, 1.870028446841396796, -5.499999999999998224 ) ) ;
#2155 = SURFACE_STYLE_USAGE ( .BOTH. , #770 ) ;
#2156 = CARTESIAN_POINT ( 'NONE',  ( 7.000000000000002665, 4.000000000000063949, -1.699999999999985079 ) ) ;
#2157 = EDGE_CURVE ( 'NONE', #1584, #5337, #1281, .T. ) ;
#2158 = CARTESIAN_POINT ( 'NONE',  ( 0.8378679656440426449, -0.9999999999999380496, -1.087867965644040202 ) ) ;
#2159 = CARTESIAN_POINT ( 'NONE',  ( 6.423145740132412129, 2.080563434257238775, -5.498999999999995225 ) ) ;
#2160 =( GEOMETRIC_REPRESENTATION_CONTEXT ( 3 ) GLOBAL_UNCERTAINTY_ASSIGNED_CONTEXT ( ( #1730 ) ) GLOBAL_UNIT_ASSIGNED_CONTEXT ( ( #1819, #2165, #2251 ) ) REPRESENTATION_CONTEXT ( 'NONE', 'WORKASPACE' ) );
#2161 = PRESENTATION_STYLE_ASSIGNMENT (( #5262 ) ) ;
#2162 = LINE ( 'NONE', #4505, #3617 ) ;
#2163 = FILL_AREA_STYLE ('',( #5768 ) ) ;
#2164 = SURFACE_STYLE_USAGE ( .BOTH. , #4484 ) ;
#2165 =( NAMED_UNIT ( * ) PLANE_ANGLE_UNIT ( ) SI_UNIT ( $, .RADIAN. ) );
#2166 = CIRCLE ( 'NONE', #2437, 2.500000000000001332 ) ;
#2167 = VERTEX_POINT ( 'NONE', #2922 ) ;
#2168 =( GEOMETRIC_REPRESENTATION_CONTEXT ( 3 ) GLOBAL_UNCERTAINTY_ASSIGNED_CONTEXT ( ( #3142 ) ) GLOBAL_UNIT_ASSIGNED_CONTEXT ( ( #4675, #5630, #2419 ) ) REPRESENTATION_CONTEXT ( 'NONE', 'WORKASPACE' ) );
#2169 = DIRECTION ( 'NONE',  ( 0.000000000000000000, 0.000000000000000000, 1.000000000000000000 ) ) ;
#2170 = CARTESIAN_POINT ( 'NONE',  ( 7.508081592940231808, 2.989009588374113680, -5.499999999999985789 ) ) ;
#2171 = AXIS2_PLACEMENT_3D ( 'NONE', #1416, #3644, #4582 ) ;
#2172 = ORIENTED_EDGE ( 'NONE', *, *, #5052, .F. ) ;
#2173 = PLANE ( 'NONE',  #4631 ) ;
#2174 = CARTESIAN_POINT ( 'NONE',  ( -6.395513249929057231, 1.777793762384871412, -5.498999999999988120 ) ) ;
#2175 = CARTESIAN_POINT ( 'NONE',  ( 7.000000000000001776, 2.500000000000063505, -1.499999999999990452 ) ) ;
#2176 = FILL_AREA_STYLE ('',( #3015 ) ) ;
#2177 = COLOUR_RGB ( '',0.9529411764705881804, 0.7960784313725489669, 0.4862745098039215619 ) ;
#2178 = AXIS2_PLACEMENT_3D ( 'NONE', #190, #2458, #4275 ) ;
#2179 = PRESENTATION_LAYER_ASSIGNMENT (  '', '', ( #5009 ) ) ;
#2180 = CARTESIAN_POINT ( 'NONE',  ( 7.366638531611882534, 2.270912741246291944, -5.498999999999993449 ) ) ;
#2181 = STYLED_ITEM ( 'NONE', ( #2872 ), #5196 ) ;
#2182 = ORIENTED_EDGE ( 'NONE', *, *, #2924, .T. ) ;
#2183 = PRESENTATION_LAYER_ASSIGNMENT (  '', '', ( #1241 ) ) ;
#2184 = VERTEX_POINT ( 'NONE', #4213 ) ;
#2185 = SURFACE_STYLE_FILL_AREA ( #5814 ) ;
#2186 = CARTESIAN_POINT ( 'NONE',  ( 6.667643216580382948, 2.559136755448064182, -5.498999999999989896 ) ) ;
#2187 = ORIENTED_EDGE ( 'NONE', *, *, #1104, .T. ) ;
#2188 = CARTESIAN_POINT ( 'NONE',  ( 7.408261679827031543, 1.893044353654813827, -5.499999999999998224 ) ) ;
#2189 = DIRECTION ( 'NONE',  ( 0.000000000000000000, -3.591911631868355648E-15, 1.000000000000000000 ) ) ;
#2190 = CIRCLE ( 'NONE', #1145, 0.4500000000000000111 ) ;
#2191 = VECTOR ( 'NONE', #4906, 1000.000000000000000 ) ;
#2192 =( NAMED_UNIT ( * ) PLANE_ANGLE_UNIT ( ) SI_UNIT ( $, .RADIAN. ) );
#2193 =( LENGTH_UNIT ( ) NAMED_UNIT ( * ) SI_UNIT ( .MILLI., .METRE. ) );
#2194 = CIRCLE ( 'NONE', #2920, 0.2999999999999999334 ) ;
#2195 = CARTESIAN_POINT ( 'NONE',  ( -7.325801711467520683, 1.777793762384871412, -5.498999999999988120 ) ) ;
#2196 = CARTESIAN_POINT ( 'NONE',  ( 6.608890424281042009, 1.841396985945248588, -5.498999999999997002 ) ) ;
#2197 = SURFACE_STYLE_USAGE ( .BOTH. , #4481 ) ;
#2198 = CARTESIAN_POINT ( 'NONE',  ( 6.993664851195772414, 3.116829063140371670, -5.499999999999984013 ) ) ;
#2199 = ADVANCED_FACE ( 'NONE', ( #1992 ), #1487, .F. ) ;
#2200 = FILL_AREA_STYLE_COLOUR ( '', #919 ) ;
#2201 = AXIS2_PLACEMENT_3D ( 'NONE', #1622, #790, #2153 ) ;
#2202 = ORIENTED_EDGE ( 'NONE', *, *, #2298, .T. ) ;
#2203 = UNCERTAINTY_MEASURE_WITH_UNIT (LENGTH_MEASURE( 1.000000000000000082E-05 ), #2821, 'distance_accuracy_value', 'NONE');
#2204 = SURFACE_STYLE_USAGE ( .BOTH. , #4402 ) ;
#2205 = STYLED_ITEM ( 'NONE', ( #4016 ), #1682 ) ;
#2206 = EDGE_CURVE ( 'NONE', #193, #2698, #355, .T. ) ;
#2207 =( LENGTH_UNIT ( ) NAMED_UNIT ( * ) SI_UNIT ( .MILLI., .METRE. ) );
#2208 = EDGE_LOOP ( 'NONE', ( #2217 ) ) ;
#2209 = COLOUR_RGB ( '',0.9529411764705881804, 0.7960784313725489669, 0.4862745098039215619 ) ;
#2210 = DIRECTION ( 'NONE',  ( -1.000000000000000000, 2.478176394252581141E-16, 8.901390616337425361E-31 ) ) ;
#2211 = SURFACE_SIDE_STYLE ('',( #335 ) ) ;
#2212 = DIRECTION ( 'NONE',  ( 0.000000000000000000, 3.568904431242956914E-15, -1.000000000000000000 ) ) ;
#2213 = ORIENTED_EDGE ( 'NONE', *, *, #3720, .F. ) ;
#2214 = PLANE ( 'NONE',  #4172 ) ;
#2215 = UNCERTAINTY_MEASURE_WITH_UNIT (LENGTH_MEASURE( 1.000000000000000082E-05 ), #1926, 'distance_accuracy_value', 'NONE');
#2216 = LINE ( 'NONE', #2152, #2353 ) ;
#2217 = ORIENTED_EDGE ( 'NONE', *, *, #3808, .T. ) ;
#2218 = CARTESIAN_POINT ( 'NONE',  ( 6.968530258399551869, 1.751579224833925696, -5.499999999999998224 ) ) ;
#2219 = CYLINDRICAL_SURFACE ( 'NONE', #5685, 1.500000000000000444 ) ;
#2220 = FILL_AREA_STYLE ('',( #3959 ) ) ;
#2221 = CARTESIAN_POINT ( 'NONE',  ( -6.999999999999995559, 4.100000000000082245, -5.499999999999984901 ) ) ;
#2222 = CARTESIAN_POINT ( 'NONE',  ( -6.619070942236746191, 3.277793762384871634, -5.498999999999993449 ) ) ;
#2223 = MECHANICAL_DESIGN_GEOMETRIC_PRESENTATION_REPRESENTATION (  '', ( #4766 ), #147 ) ;
#2224 = CARTESIAN_POINT ( 'NONE',  ( -6.999999999999996447, 2.500000000000081268, -5.499999999999991118 ) ) ;
#2225 = SURFACE_STYLE_FILL_AREA ( #2654 ) ;
#2226 = PLANE ( 'NONE',  #934 ) ;
#2227 = FACE_OUTER_BOUND ( 'NONE', #2522, .T. ) ;
#2228 = ORIENTED_EDGE ( 'NONE', *, *, #4177, .T. ) ;
#2229 = ADVANCED_FACE ( 'NONE', ( #1693, #727 ), #2594, .T. ) ;
#2230 = FACE_OUTER_BOUND ( 'NONE', #5365, .T. ) ;
#2231 = CIRCLE ( 'NONE', #429, 1.500000000000000444 ) ;
#2232 = EDGE_LOOP ( 'NONE', ( #2901 ) ) ;
#2233 = ADVANCED_FACE ( 'NONE', ( #5709, #330 ), #5613, .T. ) ;
#2234 = CARTESIAN_POINT ( 'NONE',  ( 6.911492696973201788, 1.925447200934039538, -5.498999999999997002 ) ) ;
#2235 = FILL_AREA_STYLE ('',( #14 ) ) ;
#2236 = ORIENTED_EDGE ( 'NONE', *, *, #4369, .T. ) ;
#2237 = VERTEX_POINT ( 'NONE', #1755 ) ;
#2238 = CARTESIAN_POINT ( 'NONE',  ( 7.480051894462723006, 1.973107437465873470, -5.498999999999997002 ) ) ;
#2239 = DIRECTION ( 'NONE',  ( 5.782411586589355667E-16, 1.000000000000000000, 3.469446951953613006E-15 ) ) ;
#2240 = ORIENTED_EDGE ( 'NONE', *, *, #2862, .T. ) ;
#2241 = SURFACE_STYLE_FILL_AREA ( #4550 ) ;
#2242 = VERTEX_POINT ( 'NONE', #3158 ) ;
#2243 = CARTESIAN_POINT ( 'NONE',  ( 7.123694651498372110, 2.693894873451306626, -5.498999999999988120 ) ) ;
#2244 = CARTESIAN_POINT ( 'NONE',  ( 7.000000000000002665, 0.7500000000000643929, -2.499999999999996891 ) ) ;
#2245 = FILL_AREA_STYLE_COLOUR ( '', #1726 ) ;
#2246 = CARTESIAN_POINT ( 'NONE',  ( 7.487990740332861606, 3.041238530199546375, -5.499999999999984013 ) ) ;
#2247 = AXIS2_PLACEMENT_3D ( 'NONE', #3882, #3473, #1633 ) ;
#2248 = DIRECTION ( 'NONE',  ( 5.782411586589355667E-16, 1.000000000000000000, 3.469446951953613006E-15 ) ) ;
#2249 = DIRECTION ( 'NONE',  ( 1.000000000000000000, 0.000000000000000000, 0.000000000000000000 ) ) ;
#2250 = PRESENTATION_STYLE_ASSIGNMENT (( #1724 ) ) ;
#2251 =( NAMED_UNIT ( * ) SI_UNIT ( $, .STERADIAN. ) SOLID_ANGLE_UNIT ( ) );
#2252 = VERTEX_POINT ( 'NONE', #4060 ) ;
#2253 = FACE_OUTER_BOUND ( 'NONE', #2978, .T. ) ;
#2254 = CARTESIAN_POINT ( 'NONE',  ( 6.600647338859062963, 3.171677010064108071, -5.499999999999984013 ) ) ;
#2255 = UNCERTAINTY_MEASURE_WITH_UNIT (LENGTH_MEASURE( 1.000000000000000082E-05 ), #2193, 'distance_accuracy_value', 'NONE');
#2256 = FACE_OUTER_BOUND ( 'NONE', #5787, .T. ) ;
#2257 = MECHANICAL_DESIGN_GEOMETRIC_PRESENTATION_REPRESENTATION (  '', ( #3686 ), #466 ) ;
#2258 = CARTESIAN_POINT ( 'NONE',  ( 7.000000000000001776, 2.500000000000067057, -2.499999999999990674 ) ) ;
#2259 = FACE_BOUND ( 'NONE', #5411, .T. ) ;
#2260 = EDGE_CURVE ( 'NONE', #867, #736, #3562, .T. ) ;
#2261 = EDGE_LOOP ( 'NONE', ( #1015, #1707, #4405, #681 ) ) ;
#2262 = AXIS2_PLACEMENT_3D ( 'NONE', #3192, #2823, #4203 ) ;
#2263 = CARTESIAN_POINT ( 'NONE',  ( 7.351650037208601773, 1.849144760189333603, -5.498999999999997002 ) ) ;
#2264 = SURFACE_STYLE_USAGE ( .BOTH. , #2712 ) ;
#2265 = MECHANICAL_DESIGN_GEOMETRIC_PRESENTATION_REPRESENTATION (  '', ( #2452 ), #1325 ) ;
#2266 = EDGE_LOOP ( 'NONE', ( #4157 ) ) ;
#2267 = CARTESIAN_POINT ( 'NONE',  ( 7.306750374942781789, 2.937458962449916999, -5.498999999999986343 ) ) ;
#2268 = SURFACE_SIDE_STYLE ('',( #2241 ) ) ;
#2269 = VERTEX_POINT ( 'NONE', #3058 ) ;
#2270 = ADVANCED_FACE ( 'NONE', ( #3096 ), #4909, .T. ) ;
#2271 = VECTOR ( 'NONE', #1894, 1000.000000000000000 ) ;
#2272 = PRESENTATION_LAYER_ASSIGNMENT (  '', '', ( #3114 ) ) ;
#2273 = CARTESIAN_POINT ( 'NONE',  ( -7.549359403775211419, 1.777793762384871412, -5.498999999999988120 ) ) ;
#2274 = SURFACE_SIDE_STYLE ('',( #5113 ) ) ;
#2275 = PRESENTATION_LAYER_ASSIGNMENT (  '', '', ( #672 ) ) ;
#2276 = DIRECTION ( 'NONE',  ( -1.000000000000000000, 4.336808689942016750E-16, 1.557743357859049482E-30 ) ) ;
#2277 = AXIS2_PLACEMENT_3D ( 'NONE', #4614, #1868, #2330 ) ;
#2278 = DIRECTION ( 'NONE',  ( -0.000000000000000000, -1.000000000000000000, -3.591911631868355648E-15 ) ) ;
#2279 = DIRECTION ( 'NONE',  ( 0.7682212795973735187, -0.6401843996644828172, -2.299485791695515889E-15 ) ) ;
#2280 = DIRECTION ( 'NONE',  ( 0.000000000000000000, -1.000000000000000000, -3.614007241618349165E-15 ) ) ;
#2281 = MECHANICAL_DESIGN_GEOMETRIC_PRESENTATION_REPRESENTATION (  '', ( #1431 ), #4543 ) ;
#2282 = ORIENTED_EDGE ( 'NONE', *, *, #163, .F. ) ;
#2283 = CARTESIAN_POINT ( 'NONE',  ( 6.445888408888078125, 2.847598293909602507, -5.499999999999987566 ) ) ;
#2284 = FILL_AREA_STYLE_COLOUR ( '', #3883 ) ;
#2285 = STYLED_ITEM ( 'NONE', ( #3454 ), #1146 ) ;
#2286 = CARTESIAN_POINT ( 'NONE',  ( 6.968530258399551869, 1.751579224833925696, -5.498999999999998778 ) ) ;
#2287 =( GEOMETRIC_REPRESENTATION_CONTEXT ( 3 ) GLOBAL_UNCERTAINTY_ASSIGNED_CONTEXT ( ( #1932 ) ) GLOBAL_UNIT_ASSIGNED_CONTEXT ( ( #2996, #2570, #3938 ) ) REPRESENTATION_CONTEXT ( 'NONE', 'WORKASPACE' ) );
#2288 = CARTESIAN_POINT ( 'NONE',  ( 6.640432345232551548, 2.088416259705660138, -5.498999999999995225 ) ) ;
#2289 = MECHANICAL_DESIGN_GEOMETRIC_PRESENTATION_REPRESENTATION (  '', ( #4658 ), #4566 ) ;
#2290 = FILL_AREA_STYLE ('',( #551 ) ) ;
#2291 = SURFACE_SIDE_STYLE ('',( #4978 ) ) ;
#2292 = AXIS2_PLACEMENT_3D ( 'NONE', #3453, #1201, #1226 ) ;
#2293 = ORIENTED_EDGE ( 'NONE', *, *, #2130, .T. ) ;
#2294 = CARTESIAN_POINT ( 'NONE',  ( 7.000521830187341976, 1.751843233876750672, -5.498999999999998778 ) ) ;
#2295 = CARTESIAN_POINT ( 'NONE',  ( 0.8378679656440426449, 5.000000000000064837, -1.087867965644018442 ) ) ;
#2296 = ORIENTED_EDGE ( 'NONE', *, *, #1765, .F. ) ;
#2297 = SURFACE_STYLE_USAGE ( .BOTH. , #501 ) ;
#2298 = EDGE_CURVE ( 'NONE', #5281, #5281, #3830, .T. ) ;
#2299 = VERTEX_POINT ( 'NONE', #967 ) ;
#2300 = AXIS2_PLACEMENT_3D ( 'NONE', #5389, #364, #4072 ) ;
#2301 = FILL_AREA_STYLE ('',( #1921 ) ) ;
#2302 = CARTESIAN_POINT ( 'NONE',  ( 7.301357158888082566, 2.554930024678833345, -5.499999999999989342 ) ) ;
#2303 = CARTESIAN_POINT ( 'NONE',  ( 6.911492696973201788, 1.925447200934039538, -5.499999999999996447 ) ) ;
#2304 = CARTESIAN_POINT ( 'NONE',  ( -7.337820942236751520, 2.158502897000255327, -5.498999999999989896 ) ) ;
#2305 = SURFACE_STYLE_FILL_AREA ( #4175 ) ;
#2306 = CYLINDRICAL_SURFACE ( 'NONE', #5773, 1.750000000000000888 ) ;
#2307 = ADVANCED_FACE ( 'NONE', ( #3532, #350 ), #3912, .T. ) ;
#2308 = CARTESIAN_POINT ( 'NONE',  ( 6.511704559953938265, 1.922941482537076752, -5.498999999999997002 ) ) ;
#2309 = CARTESIAN_POINT ( 'NONE',  ( 6.774582979370162406, 3.065129680504195875, -5.498999999999984567 ) ) ;
#2310 = CARTESIAN_POINT ( 'NONE',  ( 7.250832484951762247, 2.532194333340480163, -5.498999999999989896 ) ) ;
#2311 = CARTESIAN_POINT ( 'NONE',  ( 7.301357158888082566, 2.554930024678833345, -5.498999999999989896 ) ) ;
#2312 = CIRCLE ( 'NONE', #3261, 1.750000000000001110 ) ;
#2313 = ORIENTED_EDGE ( 'NONE', *, *, #5691, .F. ) ;
#2314 = PRESENTATION_STYLE_ASSIGNMENT (( #521 ) ) ;
#2315 = DIRECTION ( 'NONE',  ( -3.469446951953613203E-16, -1.000000000000000000, -3.556183125752452966E-15 ) ) ;
#2316 = ORIENTED_EDGE ( 'NONE', *, *, #2404, .F. ) ;
#2317 = VERTEX_POINT ( 'NONE', #1631 ) ;
#2318 = AXIS2_PLACEMENT_3D ( 'NONE', #3332, #1196, #1637 ) ;
#2319 = CARTESIAN_POINT ( 'NONE',  ( 7.000521830187341976, 1.751843233876750672, -5.499999999999998224 ) ) ;
#2320 = CARTESIAN_POINT ( 'NONE',  ( 7.253344578584611568, 3.034711066261870815, -5.499999999999984013 ) ) ;
#2321 = CARTESIAN_POINT ( 'NONE',  ( 6.600647338859062963, 3.171677010064108071, -5.499999999999984013 ) ) ;
#2322 = CARTESIAN_POINT ( 'NONE',  ( 7.265750513782212039, 2.769343227641024363, -5.499999999999987566 ) ) ;
#2323 = CARTESIAN_POINT ( 'NONE',  ( -0.7999999999999991562, 2.500000000000094147, -4.999999999999991118 ) ) ;
#2324 = LINE ( 'NONE', #4990, #4532 ) ;
#2325 = ADVANCED_FACE ( 'NONE', ( #1215 ), #2491, .F. ) ;
#2326 = FACE_OUTER_BOUND ( 'NONE', #2975, .T. ) ;
#2327 = FACE_OUTER_BOUND ( 'NONE', #3269, .T. ) ;
#2328 = ORIENTED_EDGE ( 'NONE', *, *, #3615, .F. ) ;
#2329 = CARTESIAN_POINT ( 'NONE',  ( 7.070103327514511982, 3.112988542526250679, -5.499999999999984013 ) ) ;
#2330 = DIRECTION ( 'NONE',  ( 1.000000000000000000, 0.000000000000000000, 0.000000000000000000 ) ) ;
#2331 = CARTESIAN_POINT ( 'NONE',  ( 7.033605043267142420, 2.666945694245402176, -5.498999999999988120 ) ) ;
#2332 = CARTESIAN_POINT ( 'NONE',  ( 6.993664851195772414, 3.116829063140371670, -5.499999999999984013 ) ) ;
#2333 = DIRECTION ( 'NONE',  ( -1.807003620809194846E-16, 0.000000000000000000, -1.000000000000000000 ) ) ;
#2334 = ADVANCED_FACE ( 'NONE', ( #5222, #5186 ), #2534, .T. ) ;
#2335 = UNCERTAINTY_MEASURE_WITH_UNIT (LENGTH_MEASURE( 1.000000000000000082E-05 ), #2412, 'distance_accuracy_value', 'NONE');
#2336 = CARTESIAN_POINT ( 'NONE',  ( 7.303002756588492517, 3.225911580044952931, -5.499999999999982236 ) ) ;
#2337 = SURFACE_STYLE_USAGE ( .BOTH. , #1876 ) ;
#2338 = CARTESIAN_POINT ( 'NONE',  ( 7.522811485811152110, 2.879148774678832901, -5.498999999999986343 ) ) ;
#2339 = DIRECTION ( 'NONE',  ( 1.000000000000000000, 0.000000000000000000, 0.000000000000000000 ) ) ;
#2340 = UNCERTAINTY_MEASURE_WITH_UNIT (LENGTH_MEASURE( 1.000000000000000082E-05 ), #162, 'distance_accuracy_value', 'NONE');
#2341 = ORIENTED_EDGE ( 'NONE', *, *, #812, .F. ) ;
#2342 = CARTESIAN_POINT ( 'NONE',  ( -0.6257359312880754754, 2.500000000000063949, -1.299999999999990496 ) ) ;
#2343 = CARTESIAN_POINT ( 'NONE',  ( 7.434290014896852483, 1.917527571594187519, -5.499999999999996447 ) ) ;
#2344 = CARTESIAN_POINT ( 'NONE',  ( 6.655080423761057240, 2.304149785322956223, -5.499999999999992895 ) ) ;
#2345 = CARTESIAN_POINT ( 'NONE',  ( 7.112595538457992639, 2.485340473643901760, -5.498999999999989896 ) ) ;
#2346 = FACE_OUTER_BOUND ( 'NONE', #2086, .T. ) ;
#2347 = FILL_AREA_STYLE_COLOUR ( '', #3802 ) ;
#2348 =( NAMED_UNIT ( * ) SI_UNIT ( $, .STERADIAN. ) SOLID_ANGLE_UNIT ( ) );
#2349 = CARTESIAN_POINT ( 'NONE',  ( -6.999999999999995559, 4.000000000000067502, -1.699999999999985079 ) ) ;
#2350 = CARTESIAN_POINT ( 'NONE',  ( 7.000000000000001776, 2.500000000000077716, -5.499999999999991118 ) ) ;
#2351 = CARTESIAN_POINT ( 'NONE',  ( -1.249999999999996447, 2.500000000000094147, -5.699999999999991296 ) ) ;
#2352 = AXIS2_PLACEMENT_3D ( 'NONE', #1113, #1499, #2030 ) ;
#2353 = VECTOR ( 'NONE', #2559, 1000.000000000000000 ) ;
#2354 = DIRECTION ( 'NONE',  ( -1.835596038252509459E-31, 3.614918832493752804E-15, -1.000000000000000000 ) ) ;
#2355 = FILL_AREA_STYLE ('',( #5631 ) ) ;
#2356 = AXIS2_PLACEMENT_3D ( 'NONE', #5188, #1611, #246 ) ;
#2357 = FILL_AREA_STYLE_COLOUR ( '', #99 ) ;
#2358 = CARTESIAN_POINT ( 'NONE',  ( 6.675932629279337505, 2.562602869007504225, -5.498999999999989896 ) ) ;
#2359 = STYLED_ITEM ( 'NONE', ( #4575 ), #4186 ) ;
#2360 = CARTESIAN_POINT ( 'NONE',  ( -0.8594875162046679007, 5.600000000000071587, -3.999999999999979128 ) ) ;
#2361 = CARTESIAN_POINT ( 'NONE',  ( 6.687784751493707880, 2.964391746426974894, -5.499999999999985789 ) ) ;
#2362 = SURFACE_STYLE_USAGE ( .BOTH. , #158 ) ;
#2363 = AXIS2_PLACEMENT_3D ( 'NONE', #3848, #1601, #4767 ) ;
#2364 = MECHANICAL_DESIGN_GEOMETRIC_PRESENTATION_REPRESENTATION (  '', ( #5211 ), #4046 ) ;
#2365 = MECHANICAL_DESIGN_GEOMETRIC_PRESENTATION_REPRESENTATION (  '', ( #4360 ), #5667 ) ;
#2366 = STYLED_ITEM ( 'NONE', ( #5633 ), #4536 ) ;
#2367 = STYLED_ITEM ( 'NONE', ( #4788 ), #688 ) ;
#2368 = MECHANICAL_DESIGN_GEOMETRIC_PRESENTATION_REPRESENTATION (  '', ( #107 ), #295 ) ;
#2369 = SURFACE_SIDE_STYLE ('',( #575 ) ) ;
#2370 = MECHANICAL_DESIGN_GEOMETRIC_PRESENTATION_REPRESENTATION (  '', ( #1619 ), #866 ) ;
#2371 = SURFACE_STYLE_FILL_AREA ( #1906 ) ;
#2372 =( NAMED_UNIT ( * ) PLANE_ANGLE_UNIT ( ) SI_UNIT ( $, .RADIAN. ) );
#2373 = CARTESIAN_POINT ( 'NONE',  ( 7.353089310456432770, 2.582877223164640856, -5.499999999999989342 ) ) ;
#2374 =( NAMED_UNIT ( * ) PLANE_ANGLE_UNIT ( ) SI_UNIT ( $, .RADIAN. ) );
#2375 = EDGE_CURVE ( 'NONE', #3028, #3028, #2127, .T. ) ;
#2376 = CARTESIAN_POINT ( 'NONE',  ( -1.249999999999996447, 1.300000000000115286, 8.673617379884229532E-15 ) ) ;
#2377 = COLOUR_RGB ( '',0.8980392156862745390, 0.8980392156862745390, 0.8980392156862745390 ) ;
#2378 = B_SPLINE_SURFACE_WITH_KNOTS ( 'NONE', 3, 1, ( 
 ( #4474, #1834 ),
 ( #966, #5022 ),
 ( #3274, #1450 ),
 ( #3672, #5401 ),
 ( #3157, #2700 ),
 ( #2386, #2322 ),
 ( #4080, #23 ) ),
 .UNSPECIFIED., .F., .F., .F.,
 ( 4, 1, 1, 1, 4 ),
 ( 2, 2 ),
 ( 0.000000000000000000, 0.2627412305282674776, 0.5099565029432320262, 0.7533267184204509581, 1.000000000000000000 ),
 ( 0.000000000000000000, 1.000000000000000000 ),
 .UNSPECIFIED. ) ;
#2379 = ORIENTED_EDGE ( 'NONE', *, *, #4299, .F. ) ;
#2380 = AXIS2_PLACEMENT_3D ( 'NONE', #2560, #4382, #3928 ) ;
#2381 = FILL_AREA_STYLE ('',( #1913 ) ) ;
#2382 = DIRECTION ( 'NONE',  ( 0.000000000000000000, -1.000000000000000000, -3.713525943768165452E-15 ) ) ;
#2383 = CARTESIAN_POINT ( 'NONE',  ( 7.000000000000003553, 5.000000000000063949, -1.499999999999981570 ) ) ;
#2384 = CARTESIAN_POINT ( 'NONE',  ( 7.306750374942781789, 2.937458962449916999, -5.499999999999985789 ) ) ;
#2385 = SURFACE_SIDE_STYLE ('',( #4639 ) ) ;
#2386 = CARTESIAN_POINT ( 'NONE',  ( 7.265750513782212039, 2.769343227641024363, -5.498999999999988120 ) ) ;
#2387 = MECHANICAL_DESIGN_GEOMETRIC_PRESENTATION_REPRESENTATION (  '', ( #3035 ), #4284 ) ;
#2388 = VERTEX_POINT ( 'NONE', #4987 ) ;
#2389 = STYLED_ITEM ( 'NONE', ( #3047 ), #1615 ) ;
#2390 = CARTESIAN_POINT ( 'NONE',  ( 0.8594875162046676786, 5.300000000000073541, -4.499999999999980460 ) ) ;
#2391 = EDGE_LOOP ( 'NONE', ( #3985 ) ) ;
#2392 = AXIS2_PLACEMENT_3D ( 'NONE', #5149, #2856, #1569 ) ;
#2393 = CARTESIAN_POINT ( 'NONE',  ( 7.310658641823141402, 2.915550141164701348, -5.499999999999985789 ) ) ;
#2394 = DIRECTION ( 'NONE',  ( -4.956352788505160310E-16, -1.000000000000000000, -3.469446951953612611E-15 ) ) ;
#2395 = LINE ( 'NONE', #564, #1051 ) ;
#2396 =( NAMED_UNIT ( * ) SI_UNIT ( $, .STERADIAN. ) SOLID_ANGLE_UNIT ( ) );
#2397 = CARTESIAN_POINT ( 'NONE',  ( 6.919580657161322534, 3.113203937415102818, -5.499999999999984013 ) ) ;
#2398 = CARTESIAN_POINT ( 'NONE',  ( -3.749999999999996003, 2.500000000000099476, -1.499999999999991340 ) ) ;
#2399 = SURFACE_STYLE_FILL_AREA ( #94 ) ;
#2400 =( NAMED_UNIT ( * ) PLANE_ANGLE_UNIT ( ) SI_UNIT ( $, .RADIAN. ) );
#2401 = EDGE_CURVE ( 'NONE', #108, #1052, #2312, .T. ) ;
#2402 = CARTESIAN_POINT ( 'NONE',  ( -6.999999999999996447, 2.500000000000081268, -5.499999999999991118 ) ) ;
#2403 = SURFACE_STYLE_FILL_AREA ( #5504 ) ;
#2404 = EDGE_CURVE ( 'NONE', #831, #5746, #4585, .T. ) ;
#2405 = VERTEX_POINT ( 'NONE', #2571 ) ;
#2406 = SURFACE_STYLE_FILL_AREA ( #2466 ) ;
#2407 = FILL_AREA_STYLE ('',( #5189 ) ) ;
#2408 = CARTESIAN_POINT ( 'NONE',  ( 6.705172714700596615, 2.351193538818547868, -5.499999999999992895 ) ) ;
#2409 = CARTESIAN_POINT ( 'NONE',  ( 7.000000000000001776, 2.500000000000063949, -1.599999999999990541 ) ) ;
#2410 = AXIS2_PLACEMENT_3D ( 'NONE', #2430, #1132, #4242 ) ;
#2411 = FILL_AREA_STYLE ('',( #5140 ) ) ;
#2412 =( LENGTH_UNIT ( ) NAMED_UNIT ( * ) SI_UNIT ( .MILLI., .METRE. ) );
#2413 = DIRECTION ( 'NONE',  ( 0.000000000000000000, 1.000000000000000000, 0.000000000000000000 ) ) ;
#2414 = CARTESIAN_POINT ( 'NONE',  ( -6.999999999999995559, 4.200000000000067679, -1.499999999999984457 ) ) ;
#2415 = FILL_AREA_STYLE ('',( #3277 ) ) ;
#2416 = COLOUR_RGB ( '',0.8980392156862745390, 0.8980392156862745390, 0.8980392156862745390 ) ;
#2417 = VERTEX_POINT ( 'NONE', #1686 ) ;
#2418 = ORIENTED_EDGE ( 'NONE', *, *, #24, .F. ) ;
#2419 =( NAMED_UNIT ( * ) SI_UNIT ( $, .STERADIAN. ) SOLID_ANGLE_UNIT ( ) );
#2420 = DIRECTION ( 'NONE',  ( 0.000000000000000000, 1.000000000000000000, 3.469446951953614189E-15 ) ) ;
#2421 = CARTESIAN_POINT ( 'NONE',  ( -6.999999999999996447, 2.500000000000067057, -1.599999999999990541 ) ) ;
#2422 = CARTESIAN_POINT ( 'NONE',  ( 6.667643216580382948, 2.559136755448064182, -5.499999999999989342 ) ) ;
#2423 = PRESENTATION_STYLE_ASSIGNMENT (( #1069 ) ) ;
#2424 = CARTESIAN_POINT ( 'NONE',  ( 6.635689227024712089, 2.544403914252383547, -5.499999999999989342 ) ) ;
#2425 =( NAMED_UNIT ( * ) PLANE_ANGLE_UNIT ( ) SI_UNIT ( $, .RADIAN. ) );
#2426 = FILL_AREA_STYLE_COLOUR ( '', #4823 ) ;
#2427 = FILL_AREA_STYLE_COLOUR ( '', #389 ) ;
#2428 = CARTESIAN_POINT ( 'NONE',  ( 7.493363640753073263, 2.735369973891756068, -5.499999999999987566 ) ) ;
#2429 = CARTESIAN_POINT ( 'NONE',  ( -7.337820942236751520, 3.277793762384871634, -5.499999999999992895 ) ) ;
#2430 = CARTESIAN_POINT ( 'NONE',  ( 1.000000000000000000, 5.600000000000071587, -3.999999999999979128 ) ) ;
#2431 = CARTESIAN_POINT ( 'NONE',  ( 7.349670311448262439, 2.182710799342285402, -5.498999999999993449 ) ) ;
#2432 = EDGE_LOOP ( 'NONE', ( #5453 ) ) ;
#2433 = PRESENTATION_LAYER_ASSIGNMENT (  '', '', ( #1685 ) ) ;
#2434 = FILL_AREA_STYLE_COLOUR ( '', #491 ) ;
#2435 =( LENGTH_UNIT ( ) NAMED_UNIT ( * ) SI_UNIT ( .MILLI., .METRE. ) );
#2436 = VERTEX_POINT ( 'NONE', #1085 ) ;
#2437 = AXIS2_PLACEMENT_3D ( 'NONE', #1188, #4265, #3910 ) ;
#2438 =( NAMED_UNIT ( * ) SI_UNIT ( $, .STERADIAN. ) SOLID_ANGLE_UNIT ( ) );
#2439 = EDGE_LOOP ( 'NONE', ( #1236 ) ) ;
#2440 = EDGE_LOOP ( 'NONE', ( #2561 ) ) ;
#2441 = SURFACE_STYLE_USAGE ( .BOTH. , #4700 ) ;
#2442 = STYLED_ITEM ( 'NONE', ( #5111 ), #3782 ) ;
#2443 = CARTESIAN_POINT ( 'NONE',  ( 6.677211984853676618, 2.328633749653601370, -5.498999999999991672 ) ) ;
#2444 = SURFACE_SIDE_STYLE ('',( #1210 ) ) ;
#2445 = ADVANCED_FACE ( 'NONE', ( #214 ), #706, .T. ) ;
#2446 = CARTESIAN_POINT ( 'NONE',  ( 7.313541299770182746, 2.094317602184936344, -5.499999999999994671 ) ) ;
#2447 = AXIS2_PLACEMENT_3D ( 'NONE', #2350, #4109, #2730 ) ;
#2448 = COLOUR_RGB ( '',0.1019607843137254888, 0.1019607843137254888, 0.1019607843137254888 ) ;
#2449 = VECTOR ( 'NONE', #5250, 1000.000000000000000 ) ;
#2450 = COLOUR_RGB ( '',0.8980392156862745390, 0.8980392156862745390, 0.8980392156862745390 ) ;
#2451 = DIRECTION ( 'NONE',  ( 0.000000000000000000, 3.568904431242956914E-15, -1.000000000000000000 ) ) ;
#2452 = STYLED_ITEM ( 'NONE', ( #4381 ), #3891 ) ;
#2453 = AXIS2_PLACEMENT_3D ( 'NONE', #1632, #2973, #2859 ) ;
#2454 = FILL_AREA_STYLE_COLOUR ( '', #550 ) ;
#2455 = VECTOR ( 'NONE', #731, 1000.000000000000000 ) ;
#2456 = COLOUR_RGB ( '',0.9529411764705881804, 0.7960784313725489669, 0.4862745098039215619 ) ;
#2457 =( NAMED_UNIT ( * ) SI_UNIT ( $, .STERADIAN. ) SOLID_ANGLE_UNIT ( ) );
#2458 = DIRECTION ( 'NONE',  ( 0.000000000000000000, -3.614007241618349954E-15, 1.000000000000000000 ) ) ;
#2459 = VECTOR ( 'NONE', #2947, 1000.000000000000000 ) ;
#2460 =( GEOMETRIC_REPRESENTATION_CONTEXT ( 3 ) GLOBAL_UNCERTAINTY_ASSIGNED_CONTEXT ( ( #3996 ) ) GLOBAL_UNIT_ASSIGNED_CONTEXT ( ( #4176, #5029, #4590 ) ) REPRESENTATION_CONTEXT ( 'NONE', 'WORKASPACE' ) );
#2461 = FACE_OUTER_BOUND ( 'NONE', #1233, .T. ) ;
#2462 = COLOUR_RGB ( '',0.8980392156862745390, 0.8980392156862745390, 0.8980392156862745390 ) ;
#2463 = PRESENTATION_LAYER_ASSIGNMENT (  '', '', ( #5299 ) ) ;
#2464 = EDGE_LOOP ( 'NONE', ( #1373 ) ) ;
#2465 = UNCERTAINTY_MEASURE_WITH_UNIT (LENGTH_MEASURE( 1.000000000000000082E-05 ), #3194, 'distance_accuracy_value', 'NONE');
#2466 = FILL_AREA_STYLE ('',( #2024 ) ) ;
#2467 = PRESENTATION_STYLE_ASSIGNMENT (( #2894 ) ) ;
#2468 = VECTOR ( 'NONE', #1566, 1000.000000000000000 ) ;
#2469 = SURFACE_STYLE_USAGE ( .BOTH. , #676 ) ;
#2470 =( LENGTH_UNIT ( ) NAMED_UNIT ( * ) SI_UNIT ( .MILLI., .METRE. ) );
#2471 = VERTEX_POINT ( 'NONE', #5654 ) ;
#2472 = CARTESIAN_POINT ( 'NONE',  ( 6.777306006305871655, 1.958999355969642586, -5.499999999999996447 ) ) ;
#2473 = STYLED_ITEM ( 'NONE', ( #5754 ), #1393 ) ;
#2474 = ORIENTED_EDGE ( 'NONE', *, *, #1002, .F. ) ;
#2475 = ORIENTED_EDGE ( 'NONE', *, *, #242, .T. ) ;
#2476 = EDGE_CURVE ( 'NONE', #1677, #2850, #3546, .T. ) ;
#2477 = FILL_AREA_STYLE_COLOUR ( '', #1692 ) ;
#2478 = DIRECTION ( 'NONE',  ( 0.000000000000000000, 1.000000000000000000, 0.000000000000000000 ) ) ;
#2479 = ORIENTED_EDGE ( 'NONE', *, *, #2206, .T. ) ;
#2480 =( NAMED_UNIT ( * ) SI_UNIT ( $, .STERADIAN. ) SOLID_ANGLE_UNIT ( ) );
#2481 =( LENGTH_UNIT ( ) NAMED_UNIT ( * ) SI_UNIT ( .MILLI., .METRE. ) );
#2482 = CARTESIAN_POINT ( 'NONE',  ( 6.577717654150907478, 2.510434791072125638, -5.499999999999991118 ) ) ;
#2483 = CARTESIAN_POINT ( 'NONE',  ( 6.798783916378542180, 3.078992839572466611, -5.498999999999984567 ) ) ;
#2484 = STYLED_ITEM ( 'NONE', ( #144 ), #1609 ) ;
#2485 = EDGE_CURVE ( 'NONE', #4937, #3370, #1459, .T. ) ;
#2486 = VECTOR ( 'NONE', #3179, 1000.000000000000000 ) ;
#2487 =( LENGTH_UNIT ( ) NAMED_UNIT ( * ) SI_UNIT ( .MILLI., .METRE. ) );
#2488 = UNCERTAINTY_MEASURE_WITH_UNIT (LENGTH_MEASURE( 1.000000000000000082E-05 ), #2967, 'distance_accuracy_value', 'NONE');
#2489 = DIRECTION ( 'NONE',  ( -0.5403350958123748216, -0.8414499297245389142, -2.808914749783441563E-15 ) ) ;
#2490 = CARTESIAN_POINT ( 'NONE',  ( 6.980676049509452419, 1.925102091783492453, -5.498999999999997002 ) ) ;
#2491 = PLANE ( 'NONE',  #1650 ) ;
#2492 = VERTEX_POINT ( 'NONE', #5430 ) ;
#2493 =( LENGTH_UNIT ( ) NAMED_UNIT ( * ) SI_UNIT ( .MILLI., .METRE. ) );
#2494 = FILL_AREA_STYLE_COLOUR ( '', #1072 ) ;
#2495 = DIRECTION ( 'NONE',  ( 1.000000000000000000, 0.000000000000000000, 0.000000000000000000 ) ) ;
#2496 = EDGE_CURVE ( 'NONE', #2498, #230, #713, .T. ) ;
#2497 = EDGE_LOOP ( 'NONE', ( #5362 ) ) ;
#2498 = VERTEX_POINT ( 'NONE', #2360 ) ;
#2499 = CARTESIAN_POINT ( 'NONE',  ( 6.961513408888072796, 1.924521370832678491, -5.498999999999997002 ) ) ;
#2500 = VERTEX_POINT ( 'NONE', #3708 ) ;
#2501 = CARTESIAN_POINT ( 'NONE',  ( 6.410928914104491838, 2.254315229207391358, -5.498999999999993449 ) ) ;
#2502 = CARTESIAN_POINT ( 'NONE',  ( 6.722425654344166723, 3.242170463374235645, -5.498999999999982791 ) ) ;
#2503 = CARTESIAN_POINT ( 'NONE',  ( 7.000000000000001776, 2.500000000000074163, -4.499999999999990230 ) ) ;
#2504 = CARTESIAN_POINT ( 'NONE',  ( 6.876190622786802820, 1.753295119022531656, -5.499999999999998224 ) ) ;
#2505 = MECHANICAL_DESIGN_GEOMETRIC_PRESENTATION_REPRESENTATION (  '', ( #337 ), #536 ) ;
#2506 =( LENGTH_UNIT ( ) NAMED_UNIT ( * ) SI_UNIT ( .MILLI., .METRE. ) );
#2507 = DIRECTION ( 'NONE',  ( 3.469446951953613696E-16, 1.000000000000000000, 3.642919299551294109E-15 ) ) ;
#2508 = FILL_AREA_STYLE ('',( #2042 ) ) ;
#2509 = PRESENTATION_LAYER_ASSIGNMENT (  '', '', ( #1942 ) ) ;
#2510 = FILL_AREA_STYLE ('',( #4849 ) ) ;
#2511 = EDGE_CURVE ( 'NONE', #5538, #5538, #3919, .T. ) ;
#2512 = DIRECTION ( 'NONE',  ( 0.000000000000000000, 1.000000000000000000, 0.000000000000000000 ) ) ;
#2513 = ORIENTED_EDGE ( 'NONE', *, *, #5726, .T. ) ;
#2514 = FACE_OUTER_BOUND ( 'NONE', #4690, .T. ) ;
#2515 = CARTESIAN_POINT ( 'NONE',  ( 6.961513408888072796, 1.924521370832678491, -5.499999999999996447 ) ) ;
#2516 = VERTEX_POINT ( 'NONE', #514 ) ;
#2517 = SURFACE_SIDE_STYLE ('',( #3509 ) ) ;
#2518 = DIRECTION ( 'NONE',  ( 0.000000000000000000, -1.000000000000000000, -3.713525943768165452E-15 ) ) ;
#2519 = SPHERICAL_SURFACE ( 'NONE', #3605, 0.4500000000000000111 ) ;
#2520 = VERTEX_POINT ( 'NONE', #1613 ) ;
#2521 = SURFACE_SIDE_STYLE ('',( #1263 ) ) ;
#2522 = EDGE_LOOP ( 'NONE', ( #2202 ) ) ;
#2523 = ORIENTED_EDGE ( 'NONE', *, *, #4866, .F. ) ;
#2524 = UNCERTAINTY_MEASURE_WITH_UNIT (LENGTH_MEASURE( 1.000000000000000082E-05 ), #3564, 'distance_accuracy_value', 'NONE');
#2525 = ORIENTED_EDGE ( 'NONE', *, *, #4141, .F. ) ;
#2526 = CARTESIAN_POINT ( 'NONE',  ( 6.605700443073192929, 2.527739690417752705, -5.499999999999991118 ) ) ;
#2527 = LINE ( 'NONE', #287, #870 ) ;
#2528 = CYLINDRICAL_SURFACE ( 'NONE', #8, 0.3000000000000003775 ) ;
#2529 = CARTESIAN_POINT ( 'NONE',  ( -1.249999999999996447, -1.249996883773825784, 8.673617379884229532E-15 ) ) ;
#2530 = STYLED_ITEM ( 'NONE', ( #3630 ), #3174 ) ;
#2531 = SURFACE_STYLE_FILL_AREA ( #238 ) ;
#2532 =( GEOMETRIC_REPRESENTATION_CONTEXT ( 3 ) GLOBAL_UNCERTAINTY_ASSIGNED_CONTEXT ( ( #5802 ) ) GLOBAL_UNIT_ASSIGNED_CONTEXT ( ( #3129, #3962, #3936 ) ) REPRESENTATION_CONTEXT ( 'NONE', 'WORKASPACE' ) );
#2533 = CARTESIAN_POINT ( 'NONE',  ( 6.468821756967638059, 1.980858277217330432, -5.498999999999995225 ) ) ;
#2534 = PLANE ( 'NONE',  #3161 ) ;
#2535 = PRESENTATION_LAYER_ASSIGNMENT (  '', '', ( #1600 ) ) ;
#2536 = FACE_OUTER_BOUND ( 'NONE', #1555, .T. ) ;
#2537 =( NAMED_UNIT ( * ) PLANE_ANGLE_UNIT ( ) SI_UNIT ( $, .RADIAN. ) );
#2538 = VERTEX_POINT ( 'NONE', #5494 ) ;
#2539 = PRESENTATION_LAYER_ASSIGNMENT (  '', '', ( #4812 ) ) ;
#2540 = AXIS2_PLACEMENT_3D ( 'NONE', #5348, #2133, #5287 ) ;
#2541 = MECHANICAL_DESIGN_GEOMETRIC_PRESENTATION_REPRESENTATION (  '', ( #4999 ), #1606 ) ;
#2542 = EDGE_CURVE ( 'NONE', #2388, #2388, #1753, .T. ) ;
#2543 = CARTESIAN_POINT ( 'NONE',  ( 7.000000000000003553, 4.250000000000066613, -2.499999999999984013 ) ) ;
#2544 =( GEOMETRIC_REPRESENTATION_CONTEXT ( 3 ) GLOBAL_UNCERTAINTY_ASSIGNED_CONTEXT ( ( #3351 ) ) GLOBAL_UNIT_ASSIGNED_CONTEXT ( ( #4889, #3573, #1349 ) ) REPRESENTATION_CONTEXT ( 'NONE', 'WORKASPACE' ) );
#2545 = VECTOR ( 'NONE', #4993, 1000.000000000000114 ) ;
#2546 = CYLINDRICAL_SURFACE ( 'NONE', #2085, 0.2999999999999999334 ) ;
#2547 = UNCERTAINTY_MEASURE_WITH_UNIT (LENGTH_MEASURE( 1.000000000000000082E-05 ), #405, 'distance_accuracy_value', 'NONE');
#2548 = EDGE_LOOP ( 'NONE', ( #4469 ) ) ;
#2549 = FILL_AREA_STYLE ('',( #754 ) ) ;
#2550 = ADVANCED_FACE ( 'NONE', ( #3259, #5854 ), #45, .T. ) ;
#2551 = COLOUR_RGB ( '',0.8980392156862745390, 0.8980392156862745390, 0.8980392156862745390 ) ;
#2552 = CARTESIAN_POINT ( 'NONE',  ( 3.750000000000003553, 2.500000000000099476, -1.199999999999991296 ) ) ;
#2553 = SURFACE_STYLE_FILL_AREA ( #3479 ) ;
#2554 = APPLICATION_PROTOCOL_DEFINITION ( 'draft international standard', 'automotive_design', 1998, #3055 ) ;
#2555 = COLOUR_RGB ( '',0.9529411764705881804, 0.7960784313725489669, 0.4862745098039215619 ) ;
#2556 = CARTESIAN_POINT ( 'NONE',  ( 7.216831435753912949, 1.995600007534069409, -5.498999999999995225 ) ) ;
#2557 = ORIENTED_EDGE ( 'NONE', *, *, #3283, .F. ) ;
#2558 = ORIENTED_EDGE ( 'NONE', *, *, #5726, .F. ) ;
#2559 = DIRECTION ( 'NONE',  ( 0.000000000000000000, 1.000000000000000000, 3.302791052538885695E-15 ) ) ;
#2560 = CARTESIAN_POINT ( 'NONE',  ( -11.64999999999999680, 2.500000620079504632, -5.498999999999989896 ) ) ;
#2561 = ORIENTED_EDGE ( 'NONE', *, *, #959, .T. ) ;
#2562 = DIRECTION ( 'NONE',  ( 0.000000000000000000, 1.000000000000000000, 3.591911631868355648E-15 ) ) ;
#2563 = SURFACE_SIDE_STYLE ('',( #3087 ) ) ;
#2564 =( GEOMETRIC_REPRESENTATION_CONTEXT ( 3 ) GLOBAL_UNCERTAINTY_ASSIGNED_CONTEXT ( ( #5595 ) ) GLOBAL_UNIT_ASSIGNED_CONTEXT ( ( #2954, #5627, #1202 ) ) REPRESENTATION_CONTEXT ( 'NONE', 'WORKASPACE' ) );
#2565 = CARTESIAN_POINT ( 'NONE',  ( 6.777624481542582124, 3.261202379328759005, -5.498999999999982791 ) ) ;
#2566 = AXIS2_PLACEMENT_3D ( 'NONE', #4878, #440, #4479 ) ;
#2567 = PRESENTATION_STYLE_ASSIGNMENT (( #4443 ) ) ;
#2568 = FACE_OUTER_BOUND ( 'NONE', #204, .T. ) ;
#2569 = SURFACE_STYLE_USAGE ( .BOTH. , #347 ) ;
#2570 =( NAMED_UNIT ( * ) PLANE_ANGLE_UNIT ( ) SI_UNIT ( $, .RADIAN. ) );
#2571 = CARTESIAN_POINT ( 'NONE',  ( -7.549359403775211419, 1.777793762384871412, -5.498999999999988120 ) ) ;
#2572 = FILL_AREA_STYLE ('',( #3443 ) ) ;
#2573 = FILL_AREA_STYLE_COLOUR ( '', #1240 ) ;
#2574 = SURFACE_STYLE_FILL_AREA ( #4012 ) ;
#2575 = EDGE_CURVE ( 'NONE', #2500, #1603, #1103, .T. ) ;
#2576 = ORIENTED_EDGE ( 'NONE', *, *, #2900, .F. ) ;
#2577 = CARTESIAN_POINT ( 'NONE',  ( 7.263508055524002138, 3.244260124537935663, -5.499999999999982236 ) ) ;
#2578 = DIRECTION ( 'NONE',  ( 1.000000000000000000, 0.000000000000000000, 0.000000000000000000 ) ) ;
#2579 = CARTESIAN_POINT ( 'NONE',  ( 7.000000000000001776, 2.500000000000064393, -1.699999999999990630 ) ) ;
#2580 = EDGE_CURVE ( 'NONE', #1923, #3429, #1672, .T. ) ;
#2581 = EDGE_LOOP ( 'NONE', ( #3552, #2341, #3694, #791 ) ) ;
#2582 = SURFACE_STYLE_USAGE ( .BOTH. , #2517 ) ;
#2583 = CYLINDRICAL_SURFACE ( 'NONE', #3411, 0.7500000000000002220 ) ;
#2584 =( NAMED_UNIT ( * ) PLANE_ANGLE_UNIT ( ) SI_UNIT ( $, .RADIAN. ) );
#2585 = EDGE_CURVE ( 'NONE', #5711, #2500, #199, .T. ) ;
#2586 = ORIENTED_EDGE ( 'NONE', *, *, #5769, .F. ) ;
#2587 = ORIENTED_EDGE ( 'NONE', *, *, #4431, .F. ) ;
#2588 = FILL_AREA_STYLE ('',( #1207 ) ) ;
#2589 = ORIENTED_EDGE ( 'NONE', *, *, #3689, .F. ) ;
#2590 = SURFACE_STYLE_USAGE ( .BOTH. , #1237 ) ;
#2591 = CARTESIAN_POINT ( 'NONE',  ( -6.999999999999996447, 2.500000000000081268, -5.499999999999991118 ) ) ;
#2592 = CYLINDRICAL_SURFACE ( 'NONE', #298, 0.7500000000000000000 ) ;
#2593 = CLOSED_SHELL ( 'NONE', ( #5331, #1217, #567, #3109, #1690, #3174, #5078, #3565, #4721, #5455, #747, #3043, #5013, #1180, #4733, #1254 ) ) ;
#2594 = CONICAL_SURFACE ( 'NONE', #3652, 0.2000000000000000111, 0.7853981633974433940 ) ;
#2595 = CARTESIAN_POINT ( 'NONE',  ( 6.926512408403042720, 1.752069863431009678, -5.498999999999998778 ) ) ;
#2596 = CARTESIAN_POINT ( 'NONE',  ( 6.693784159426336977, 2.570067261594337182, -5.499999999999989342 ) ) ;
#2597 = AXIS2_PLACEMENT_3D ( 'NONE', #3967, #5764, #5676 ) ;
#2598 = CARTESIAN_POINT ( 'NONE',  ( 0.8594875162046676786, 5.300000000000071765, -3.999999999999980904 ) ) ;
#2599 = FACE_OUTER_BOUND ( 'NONE', #5816, .T. ) ;
#2600 = VERTEX_POINT ( 'NONE', #3527 ) ;
#2601 = STYLED_ITEM ( 'NONE', ( #638 ), #1943 ) ;
#2602 = FILL_AREA_STYLE_COLOUR ( '', #5521 ) ;
#2603 = UNCERTAINTY_MEASURE_WITH_UNIT (LENGTH_MEASURE( 1.000000000000000082E-05 ), #5241, 'distance_accuracy_value', 'NONE');
#2604 = EDGE_LOOP ( 'NONE', ( #2867 ) ) ;
#2605 = CARTESIAN_POINT ( 'NONE',  ( 7.292673772583842862, 2.979001319949787341, -5.498999999999984567 ) ) ;
#2606 = CARTESIAN_POINT ( 'NONE',  ( -0.8378679656440408685, -0.9999999999999380496, -1.087867965644039758 ) ) ;
#2607 = ORIENTED_EDGE ( 'NONE', *, *, #665, .F. ) ;
#2608 = ORIENTED_EDGE ( 'NONE', *, *, #2145, .F. ) ;
#2609 = UNCERTAINTY_MEASURE_WITH_UNIT (LENGTH_MEASURE( 1.000000000000000082E-05 ), #4194, 'distance_accuracy_value', 'NONE');
#2610 = CARTESIAN_POINT ( 'NONE',  ( 6.952198505041922161, 1.751444447755755585, -5.498999999999998778 ) ) ;
#2611 =( LENGTH_UNIT ( ) NAMED_UNIT ( * ) SI_UNIT ( .MILLI., .METRE. ) );
#2612 = FACE_OUTER_BOUND ( 'NONE', #3298, .T. ) ;
#2613 = SURFACE_STYLE_FILL_AREA ( #61 ) ;
#2614 = SURFACE_SIDE_STYLE ('',( #2853 ) ) ;
#2615 = EDGE_CURVE ( 'NONE', #29, #3370, #772, .T. ) ;
#2616 = FACE_OUTER_BOUND ( 'NONE', #3171, .T. ) ;
#2617 = FACE_OUTER_BOUND ( 'NONE', #5077, .T. ) ;
#2618 =( NAMED_UNIT ( * ) SI_UNIT ( $, .STERADIAN. ) SOLID_ANGLE_UNIT ( ) );
#2619 = CARTESIAN_POINT ( 'NONE',  ( 6.408209692015047310, 2.176852801058690723, -5.498999999999993449 ) ) ;
#2620 = AXIS2_PLACEMENT_3D ( 'NONE', #5656, #5744, #3426 ) ;
#2621 = EDGE_CURVE ( 'NONE', #193, #2492, #1242, .T. ) ;
#2622 =( LENGTH_UNIT ( ) NAMED_UNIT ( * ) SI_UNIT ( .MILLI., .METRE. ) );
#2623 =( LENGTH_UNIT ( ) NAMED_UNIT ( * ) SI_UNIT ( .MILLI., .METRE. ) );
#2624 = SURFACE_STYLE_USAGE ( .BOTH. , #3100 ) ;
#2625 = PRESENTATION_LAYER_ASSIGNMENT (  '', '', ( #923 ) ) ;
#2626 = EDGE_LOOP ( 'NONE', ( #1562 ) ) ;
#2627 =( GEOMETRIC_REPRESENTATION_CONTEXT ( 3 ) GLOBAL_UNCERTAINTY_ASSIGNED_CONTEXT ( ( #3081 ) ) GLOBAL_UNIT_ASSIGNED_CONTEXT ( ( #558, #1862, #3187 ) ) REPRESENTATION_CONTEXT ( 'NONE', 'WORKASPACE' ) );
#2628 = PRESENTATION_LAYER_ASSIGNMENT (  '', '', ( #3005 ) ) ;
#2629 = ORIENTED_EDGE ( 'NONE', *, *, #3754, .T. ) ;
#2630 = VECTOR ( 'NONE', #1485, 1000.000000000000000 ) ;
#2631 = DIRECTION ( 'NONE',  ( -0.000000000000000000, 3.591911631868355648E-15, -1.000000000000000000 ) ) ;
#2632 = CIRCLE ( 'NONE', #1807, 1.500000000000000000 ) ;
#2633 = SURFACE_STYLE_FILL_AREA ( #2235 ) ;
#2634 =( GEOMETRIC_REPRESENTATION_CONTEXT ( 3 ) GLOBAL_UNCERTAINTY_ASSIGNED_CONTEXT ( ( #766 ) ) GLOBAL_UNIT_ASSIGNED_CONTEXT ( ( #217, #5615, #1124 ) ) REPRESENTATION_CONTEXT ( 'NONE', 'WORKASPACE' ) );
#2635 = LINE ( 'NONE', #3545, #3683 ) ;
#2636 = EDGE_LOOP ( 'NONE', ( #853, #3946, #1828, #1973 ) ) ;
#2637 =( GEOMETRIC_REPRESENTATION_CONTEXT ( 3 ) GLOBAL_UNCERTAINTY_ASSIGNED_CONTEXT ( ( #839 ) ) GLOBAL_UNIT_ASSIGNED_CONTEXT ( ( #3223, #3785, #3372 ) ) REPRESENTATION_CONTEXT ( 'NONE', 'WORKASPACE' ) );
#2638 = SURFACE_STYLE_USAGE ( .BOTH. , #4026 ) ;
#2639 = SURFACE_STYLE_USAGE ( .BOTH. , #3083 ) ;
#2640 = STYLED_ITEM ( 'NONE', ( #157 ), #690 ) ;
#2641 = EDGE_LOOP ( 'NONE', ( #4725 ) ) ;
#2642 =( LENGTH_UNIT ( ) NAMED_UNIT ( * ) SI_UNIT ( .MILLI., .METRE. ) );
#2643 = STYLED_ITEM ( 'NONE', ( #3952 ), #168 ) ;
#2644 = FILL_AREA_STYLE ('',( #3524 ) ) ;
#2645 =( NAMED_UNIT ( * ) PLANE_ANGLE_UNIT ( ) SI_UNIT ( $, .RADIAN. ) );
#2646 = MECHANICAL_DESIGN_GEOMETRIC_PRESENTATION_REPRESENTATION (  '', ( #3416 ), #3224 ) ;
#2647 = CARTESIAN_POINT ( 'NONE',  ( 6.445888408888078125, 2.847598293909602507, -5.499999999999987566 ) ) ;
#2648 = SURFACE_SIDE_STYLE ('',( #3528 ) ) ;
#2649 = VECTOR ( 'NONE', #4273, 1000.000000000000000 ) ;
#2650 = ADVANCED_FACE ( 'NONE', ( #346, #1656 ), #5321, .T. ) ;
#2651 = CARTESIAN_POINT ( 'NONE',  ( -6.395513249929057231, 1.777793762384871412, -5.498999999999988120 ) ) ;
#2652 = CARTESIAN_POINT ( 'NONE',  ( 6.444167976967122513, 2.024972637049383462, -5.499999999999996447 ) ) ;
#2653 = FILL_AREA_STYLE ('',( #855 ) ) ;
#2654 = FILL_AREA_STYLE ('',( #3587 ) ) ;
#2655 = COLOUR_RGB ( '',0.9529411764705881804, 0.7960784313725489669, 0.4862745098039215619 ) ;
#2656 = FILL_AREA_STYLE_COLOUR ( '', #2072 ) ;
#2657 = SURFACE_STYLE_FILL_AREA ( #3972 ) ;
#2658 = EDGE_CURVE ( 'NONE', #4411, #1443, #4787, .T. ) ;
#2659 = AXIS2_PLACEMENT_3D ( 'NONE', #1270, #4031, #1624 ) ;
#2660 = ORIENTED_EDGE ( 'NONE', *, *, #4942, .T. ) ;
#2661 =( GEOMETRIC_REPRESENTATION_CONTEXT ( 3 ) GLOBAL_UNCERTAINTY_ASSIGNED_CONTEXT ( ( #1310 ) ) GLOBAL_UNIT_ASSIGNED_CONTEXT ( ( #1602, #634, #5154 ) ) REPRESENTATION_CONTEXT ( 'NONE', 'WORKASPACE' ) );
#2662 = UNCERTAINTY_MEASURE_WITH_UNIT (LENGTH_MEASURE( 1.000000000000000082E-05 ), #1543, 'distance_accuracy_value', 'NONE');
#2663 = PRESENTATION_LAYER_ASSIGNMENT (  '', '', ( #2205 ) ) ;
#2664 = EDGE_LOOP ( 'NONE', ( #4312, #5223, #778, #2172, #2607, #433, #5623, #4025 ) ) ;
#2665 = VECTOR ( 'NONE', #921, 1000.000000000000000 ) ;
#2666 = DIRECTION ( 'NONE',  ( 0.000000000000000000, 0.000000000000000000, -1.000000000000000000 ) ) ;
#2667 = DIRECTION ( 'NONE',  ( 4.336808689942016750E-16, 1.000000000000000000, 3.591911631868355648E-15 ) ) ;
#2668 = PRESENTATION_STYLE_ASSIGNMENT (( #3115 ) ) ;
#2669 = ORIENTED_EDGE ( 'NONE', *, *, #2401, .F. ) ;
#2670 = ORIENTED_EDGE ( 'NONE', *, *, #268, .F. ) ;
#2671 = UNCERTAINTY_MEASURE_WITH_UNIT (LENGTH_MEASURE( 1.000000000000000082E-05 ), #5481, 'distance_accuracy_value', 'NONE');
#2672 = DIRECTION ( 'NONE',  ( 0.000000000000000000, -3.591911631868355648E-15, 1.000000000000000000 ) ) ;
#2673 =( NAMED_UNIT ( * ) PLANE_ANGLE_UNIT ( ) SI_UNIT ( $, .RADIAN. ) );
#2674 = DIRECTION ( 'NONE',  ( 0.000000000000000000, -3.591911631868355648E-15, 1.000000000000000000 ) ) ;
#2675 = ORIENTED_EDGE ( 'NONE', *, *, #2939, .F. ) ;
#2676 = DIRECTION ( 'NONE',  ( 0.000000000000000000, -3.591911631868355648E-15, 1.000000000000000000 ) ) ;
#2677 = CARTESIAN_POINT ( 'NONE',  ( 1.700000000000001066, 2.500000000000094147, -4.999999999999991118 ) ) ;
#2678 = CARTESIAN_POINT ( 'NONE',  ( -1.249999999999999778, 4.500000000000061284, -0.9999999999999833467 ) ) ;
#2679 = SURFACE_SIDE_STYLE ('',( #1243 ) ) ;
#2680 = DIRECTION ( 'NONE',  ( 0.000000000000000000, -1.000000000000000000, 0.000000000000000000 ) ) ;
#2681 = AXIS2_PLACEMENT_3D ( 'NONE', #3852, #580, #1078 ) ;
#2682 = FACE_OUTER_BOUND ( 'NONE', #2891, .T. ) ;
#2683 = DIRECTION ( 'NONE',  ( -1.000000000000000000, 0.000000000000000000, -0.000000000000000000 ) ) ;
#2684 = EDGE_LOOP ( 'NONE', ( #3080, #4129, #762, #4577 ) ) ;
#2685 = FILL_AREA_STYLE ('',( #5298 ) ) ;
#2686 = FILL_AREA_STYLE_COLOUR ( '', #3465 ) ;
#2687 = ADVANCED_FACE ( 'NONE', ( #2617 ), #4388, .F. ) ;
#2688 = EDGE_CURVE ( 'NONE', #2317, #3484, #5346, .T. ) ;
#2689 = CYLINDRICAL_SURFACE ( 'NONE', #849, 0.7500000000000000000 ) ;
#2690 = AXIS2_PLACEMENT_3D ( 'NONE', #4576, #72, #2315 ) ;
#2691 = DIRECTION ( 'NONE',  ( 0.000000000000000000, -1.000000000000000000, -3.713525943768165452E-15 ) ) ;
#2692 = CARTESIAN_POINT ( 'NONE',  ( 6.707173016356642314, 2.001320048533044904, -5.498999999999995225 ) ) ;
#2693 = EDGE_LOOP ( 'NONE', ( #3065 ) ) ;
#2694 = FILL_AREA_STYLE ('',( #961 ) ) ;
#2695 = CARTESIAN_POINT ( 'NONE',  ( 7.287446635729752487, 1.813643013080153521, -5.498999999999998778 ) ) ;
#2696 = DIRECTION ( 'NONE',  ( 2.220446049250359919E-16, 0.000000000000000000, -1.000000000000000000 ) ) ;
#2697 =( LENGTH_UNIT ( ) NAMED_UNIT ( * ) SI_UNIT ( .MILLI., .METRE. ) );
#2698 = VERTEX_POINT ( 'NONE', #847 ) ;
#2699 = CARTESIAN_POINT ( 'NONE',  ( 7.310658641823141402, 2.915550141164701348, -5.499999999999985789 ) ) ;
#2700 = CARTESIAN_POINT ( 'NONE',  ( 7.282166955574972178, 2.786992975727167199, -5.499999999999987566 ) ) ;
#2701 = VERTEX_POINT ( 'NONE', #2677 ) ;
#2702 = CARTESIAN_POINT ( 'NONE',  ( 6.777306006305871655, 1.958999355969642586, -5.499999999999996447 ) ) ;
#2703 = ORIENTED_EDGE ( 'NONE', *, *, #4591, .F. ) ;
#2704 = DIRECTION ( 'NONE',  ( 0.000000000000000000, -3.591911631868355648E-15, 1.000000000000000000 ) ) ;
#2705 = SURFACE_STYLE_USAGE ( .BOTH. , #5375 ) ;
#2706 = SURFACE_STYLE_USAGE ( .BOTH. , #5351 ) ;
#2707 = CARTESIAN_POINT ( 'NONE',  ( 6.955857221398761503, 3.116005833545867354, -5.498999999999982791 ) ) ;
#2708 = FILL_AREA_STYLE ('',( #4142 ) ) ;
#2709 = COLOUR_RGB ( '',0.1019607843137254888, 0.1019607843137254888, 0.1019607843137254888 ) ;
#2710 = EDGE_LOOP ( 'NONE', ( #3929 ) ) ;
#2711 = COLOUR_RGB ( '',0.1019607843137254888, 0.1019607843137254888, 0.1019607843137254888 ) ;
#2712 = SURFACE_SIDE_STYLE ('',( #3173 ) ) ;
#2713 = AXIS2_PLACEMENT_3D ( 'NONE', #5459, #1931, #3197 ) ;
#2714 =( NAMED_UNIT ( * ) SI_UNIT ( $, .STERADIAN. ) SOLID_ANGLE_UNIT ( ) );
#2715 = STYLED_ITEM ( 'NONE', ( #4422 ), #3536 ) ;
#2716 = DIRECTION ( 'NONE',  ( 3.469446951953613203E-16, 1.000000000000000000, 3.642919299551293321E-15 ) ) ;
#2717 = LINE ( 'NONE', #2838, #1739 ) ;
#2718 = VECTOR ( 'NONE', #1891, 1000.000000000000000 ) ;
#2719 = FACE_OUTER_BOUND ( 'NONE', #729, .T. ) ;
#2720 = EDGE_CURVE ( 'NONE', #3836, #2850, #410, .T. ) ;
#2721 = ORIENTED_EDGE ( 'NONE', *, *, #5219, .F. ) ;
#2722 = STYLED_ITEM ( 'NONE', ( #1748 ), #5084 ) ;
#2723 = CARTESIAN_POINT ( 'NONE',  ( 7.558562385030972663, 2.138682726612546325, -5.498999999999995225 ) ) ;
#2724 = CARTESIAN_POINT ( 'NONE',  ( 6.577717654150907478, 2.510434791072125638, -5.498999999999989896 ) ) ;
#2725 = AXIS2_PLACEMENT_3D ( 'NONE', #3511, #1699, #5688 ) ;
#2726 = EDGE_LOOP ( 'NONE', ( #4944 ) ) ;
#2727 = CARTESIAN_POINT ( 'NONE',  ( 7.292673772583842862, 2.979001319949787341, -5.498999999999984567 ) ) ;
#2728 = VERTEX_POINT ( 'NONE', #503 ) ;
#2729 = VECTOR ( 'NONE', #5464, 1000.000000000000000 ) ;
#2730 = DIRECTION ( 'NONE',  ( 0.000000000000000000, -1.000000000000000000, -3.097720492815727067E-15 ) ) ;
#2731 =( GEOMETRIC_REPRESENTATION_CONTEXT ( 3 ) GLOBAL_UNCERTAINTY_ASSIGNED_CONTEXT ( ( #897 ) ) GLOBAL_UNIT_ASSIGNED_CONTEXT ( ( #247, #2896, #4221 ) ) REPRESENTATION_CONTEXT ( 'NONE', 'WORKASPACE' ) );
#2732 = CARTESIAN_POINT ( 'NONE',  ( 6.784105673392167191, 2.390932773329218719, -5.499999999999991118 ) ) ;
#2733 = VECTOR ( 'NONE', #2079, 1000.000000000000000 ) ;
#2734 = DIRECTION ( 'NONE',  ( 0.000000000000000000, -3.591911631868355648E-15, 1.000000000000000000 ) ) ;
#2735 = CARTESIAN_POINT ( 'NONE',  ( -6.395513249929057231, 1.777793762384871412, -5.499999999999987566 ) ) ;
#2736 =( NAMED_UNIT ( * ) SI_UNIT ( $, .STERADIAN. ) SOLID_ANGLE_UNIT ( ) );
#2737 =( NAMED_UNIT ( * ) SI_UNIT ( $, .STERADIAN. ) SOLID_ANGLE_UNIT ( ) );
#2738 = AXIS2_PLACEMENT_3D ( 'NONE', #3563, #5408, #473 ) ;
#2739 = CARTESIAN_POINT ( 'NONE',  ( 6.926512408403042720, 1.752069863431009678, -5.498999999999998778 ) ) ;
#2740 = MECHANICAL_DESIGN_GEOMETRIC_PRESENTATION_REPRESENTATION (  '', ( #585 ), #5767 ) ;
#2741 = FILL_AREA_STYLE ('',( #5522 ) ) ;
#2742 = MECHANICAL_DESIGN_GEOMETRIC_PRESENTATION_REPRESENTATION (  '', ( #3823 ), #586 ) ;
#2743 = CARTESIAN_POINT ( 'NONE',  ( 6.733384272317002761, 3.030816801207819822, -5.499999999999984013 ) ) ;
#2744 = EDGE_LOOP ( 'NONE', ( #3477, #2475, #4757, #2952 ) ) ;
#2745 = VECTOR ( 'NONE', #3750, 1000.000000000000000 ) ;
#2746 = CARTESIAN_POINT ( 'NONE',  ( 6.625717366120717600, 3.190487132042204355, -5.499999999999982236 ) ) ;
#2747 = DIRECTION ( 'NONE',  ( -0.000000000000000000, 1.000000000000000000, 3.591911631868355648E-15 ) ) ;
#2748 = CARTESIAN_POINT ( 'NONE',  ( 0.000000000000000000, 2.500000000000063061, -0.9999999999999904521 ) ) ;
#2749 = LINE ( 'NONE', #5213, #3526 ) ;
#2750 = CYLINDRICAL_SURFACE ( 'NONE', #3107, 0.4500000000000001221 ) ;
#2751 = DIRECTION ( 'NONE',  ( 0.000000000000000000, -1.000000000000000000, 0.000000000000000000 ) ) ;
#2752 = VECTOR ( 'NONE', #2789, 1000.000000000000114 ) ;
#2753 = PRESENTATION_LAYER_ASSIGNMENT (  '', '', ( #125 ) ) ;
#2754 = EDGE_CURVE ( 'NONE', #4305, #2184, #996, .T. ) ;
#2755 = COLOUR_RGB ( '',0.9529411764705881804, 0.7960784313725489669, 0.4862745098039215619 ) ;
#2756 = VERTEX_POINT ( 'NONE', #5846 ) ;
#2757 = EDGE_LOOP ( 'NONE', ( #4128 ) ) ;
#2758 = CARTESIAN_POINT ( 'NONE',  ( 7.574237604706492100, 2.212327284999750621, -5.498999999999993449 ) ) ;
#2759 = DIRECTION ( 'NONE',  ( 1.000000000000000000, 0.000000000000000000, 0.000000000000000000 ) ) ;
#2760 = CARTESIAN_POINT ( 'NONE',  ( 6.993664851195772414, 3.116829063140371670, -5.499999999999984013 ) ) ;
#2761 = CARTESIAN_POINT ( 'NONE',  ( 6.577183827406137162, 3.151447429331611705, -5.499999999999984013 ) ) ;
#2762 = PLANE ( 'NONE',  #2171 ) ;
#2763 = VERTEX_POINT ( 'NONE', #3701 ) ;
#2764 = EDGE_CURVE ( 'NONE', #2763, #2763, #3103, .T. ) ;
#2765 = CARTESIAN_POINT ( 'NONE',  ( 7.240757775251312367, 2.746200160688702763, -5.499999999999987566 ) ) ;
#2766 = CARTESIAN_POINT ( 'NONE',  ( 7.188136736077813005, 2.509079984842886635, -5.499999999999991118 ) ) ;
#2767 = LINE ( 'NONE', #562, #2718 ) ;
#2768 = DIRECTION ( 'NONE',  ( -1.807003620809194846E-16, 0.000000000000000000, -1.000000000000000000 ) ) ;
#2769 = SURFACE_SIDE_STYLE ('',( #2305 ) ) ;
#2770 = PRESENTATION_STYLE_ASSIGNMENT (( #121 ) ) ;
#2771 = DIRECTION ( 'NONE',  ( 5.421010862427523748E-15, 1.000000000000000000, 2.891205793294679017E-15 ) ) ;
#2772 = DIRECTION ( 'NONE',  ( 0.000000000000000000, -3.591911631868355648E-15, 1.000000000000000000 ) ) ;
#2773 = FACE_OUTER_BOUND ( 'NONE', #20, .T. ) ;
#2774 = PRESENTATION_STYLE_ASSIGNMENT (( #2362 ) ) ;
#2775 = STYLED_ITEM ( 'NONE', ( #2929 ), #2334 ) ;
#2776 = SURFACE_STYLE_USAGE ( .BOTH. , #184 ) ;
#2777 = LINE ( 'NONE', #4148, #2729 ) ;
#2778 =( NAMED_UNIT ( * ) PLANE_ANGLE_UNIT ( ) SI_UNIT ( $, .RADIAN. ) );
#2779 = CARTESIAN_POINT ( 'NONE',  ( 7.522273571871332720, 2.862355099858300278, -5.499999999999985789 ) ) ;
#2780 =( LENGTH_UNIT ( ) NAMED_UNIT ( * ) SI_UNIT ( .MILLI., .METRE. ) );
#2781 = DIRECTION ( 'NONE',  ( -1.000000000000000000, 5.551115123125782702E-17, 4.063390949319085680E-31 ) ) ;
#2782 = MECHANICAL_DESIGN_GEOMETRIC_PRESENTATION_REPRESENTATION (  '', ( #2040 ), #4308 ) ;
#2783 = VERTEX_POINT ( 'NONE', #1452 ) ;
#2784 = CARTESIAN_POINT ( 'NONE',  ( 7.517981352529811367, 2.035789657548852549, -5.499999999999996447 ) ) ;
#2785 = FILL_AREA_STYLE ('',( #988 ) ) ;
#2786 = EDGE_CURVE ( 'NONE', #5068, #1677, #26, .T. ) ;
#2787 = CARTESIAN_POINT ( 'NONE',  ( 7.025130450747492539, 2.461523424362236145, -5.498999999999989896 ) ) ;
#2788 = CARTESIAN_POINT ( 'NONE',  ( 7.310658641823141402, 2.915550141164701348, -5.498999999999986343 ) ) ;
#2789 = DIRECTION ( 'NONE',  ( 0.5403350958123748216, 0.8414499297245389142, 2.808914749783441563E-15 ) ) ;
#2790 = CARTESIAN_POINT ( 'NONE',  ( -3.549999999999995826, -1.249996883773825784, 8.673617379884229532E-15 ) ) ;
#2791 = CARTESIAN_POINT ( 'NONE',  ( 6.793315521618622732, 2.603838849198320649, -5.499999999999989342 ) ) ;
#2792 = B_SPLINE_SURFACE_WITH_KNOTS ( 'NONE', 3, 1, ( 
 ( #2905, #4783 ),
 ( #2005, #649 ),
 ( #4291, #233 ),
 ( #739, #2526 ),
 ( #5664, #3371 ),
 ( #2036, #4729 ),
 ( #1976, #3837 ),
 ( #1567, #2989 ),
 ( #4343, #4231 ),
 ( #5256, #768 ),
 ( #3397, #5201 ),
 ( #286, #686 ),
 ( #3432, #5632 ),
 ( #1153, #2938 ),
 ( #712, #3346 ),
 ( #2501, #4316 ),
 ( #2099, #1091 ),
 ( #2880, #4809 ),
 ( #255, #3904 ) ),
 .UNSPECIFIED., .F., .F., .F.,
 ( 4, 1, 1, 1, 1, 1, 1, 1, 1, 1, 1, 1, 1, 1, 1, 1, 4 ),
 ( 2, 2 ),
 ( 0.000000000000000000, 0.07493130598184519209, 0.1470775964339470221, 0.2163644561730685145, 0.2825027309006234999, 0.3466877108244159622, 0.4088355551310380309, 0.4692619872876919729, 0.5284320432534620471, 0.5870013379727410108, 0.6444163938320669471, 0.7021887902662969916, 0.7597671795443350362, 0.8184897928274490475, 0.8776328274167840560, 0.9380195662701680259, 1.000000000000000000 ),
 ( 0.000000000000000000, 1.000000000000000000 ),
 .UNSPECIFIED. ) ;
#2793 = ADVANCED_FACE ( 'NONE', ( #4609 ), #5643, .T. ) ;
#2794 = SURFACE_STYLE_FILL_AREA ( #600 ) ;
#2795 = FILL_AREA_STYLE ('',( #4174 ) ) ;
#2796 = CARTESIAN_POINT ( 'NONE',  ( 7.301230406111642424, 2.958740573550421527, -5.499999999999985789 ) ) ;
#2797 = CARTESIAN_POINT ( 'NONE',  ( 1.249999999999993561, 2.500000000000094147, -2.999999999999991562 ) ) ;
#2798 = CARTESIAN_POINT ( 'NONE',  ( 7.219323152397882026, 2.733206216231323094, -5.498999999999988120 ) ) ;
#2799 = CARTESIAN_POINT ( 'NONE',  ( -0.8594875162046679007, 5.300000000000071765, -3.999999999999980904 ) ) ;
#2800 = DIRECTION ( 'NONE',  ( 7.433064981013480826E-31, 2.760287964870829992E-45, -1.000000000000000000 ) ) ;
#2801 = EDGE_CURVE ( 'NONE', #1863, #1863, #4628, .T. ) ;
#2802 = UNCERTAINTY_MEASURE_WITH_UNIT (LENGTH_MEASURE( 1.000000000000000082E-05 ), #1455, 'distance_accuracy_value', 'NONE');
#2803 = CARTESIAN_POINT ( 'NONE',  ( 7.303002756588492517, 3.225911580044952931, -5.498999999999982791 ) ) ;
#2804 = SURFACE_STYLE_FILL_AREA ( #5159 ) ;
#2805 = STYLED_ITEM ( 'NONE', ( #4397 ), #3131 ) ;
#2806 = SURFACE_STYLE_FILL_AREA ( #2290 ) ;
#2807 = UNCERTAINTY_MEASURE_WITH_UNIT (LENGTH_MEASURE( 1.000000000000000082E-05 ), #3922, 'distance_accuracy_value', 'NONE');
#2808 = ORIENTED_EDGE ( 'NONE', *, *, #1406, .T. ) ;
#2809 =( NAMED_UNIT ( * ) PLANE_ANGLE_UNIT ( ) SI_UNIT ( $, .RADIAN. ) );
#2810 = DIRECTION ( 'NONE',  ( -0.000000000000000000, -1.000000000000000000, -3.591911631868355648E-15 ) ) ;
#2811 = CARTESIAN_POINT ( 'NONE',  ( 6.869472071929282109, 2.419341782042482070, -5.498999999999991672 ) ) ;
#2812 = FACE_BOUND ( 'NONE', #4769, .T. ) ;
#2813 = SPHERICAL_SURFACE ( 'NONE', #2847, 0.4500000000000000111 ) ;
#2814 = CYLINDRICAL_SURFACE ( 'NONE', #109, 0.4499999999999999001 ) ;
#2815 = CARTESIAN_POINT ( 'NONE',  ( -6.999999999999996447, 1.100000000000066924, -1.499999999999995559 ) ) ;
#2816 = VECTOR ( 'NONE', #388, 1000.000000000000114 ) ;
#2817 = CARTESIAN_POINT ( 'NONE',  ( 6.627873436521497297, 2.120483768616291620, -5.499999999999994671 ) ) ;
#2818 = CARTESIAN_POINT ( 'NONE',  ( 6.816507039710971938, 2.402317886859639984, -5.499999999999991118 ) ) ;
#2819 =( GEOMETRIC_REPRESENTATION_CONTEXT ( 3 ) GLOBAL_UNCERTAINTY_ASSIGNED_CONTEXT ( ( #3578 ) ) GLOBAL_UNIT_ASSIGNED_CONTEXT ( ( #3937, #3468, #5821 ) ) REPRESENTATION_CONTEXT ( 'NONE', 'WORKASPACE' ) );
#2820 = ORIENTED_EDGE ( 'NONE', *, *, #970, .F. ) ;
#2821 =( LENGTH_UNIT ( ) NAMED_UNIT ( * ) SI_UNIT ( .MILLI., .METRE. ) );
#2822 =( NAMED_UNIT ( * ) PLANE_ANGLE_UNIT ( ) SI_UNIT ( $, .RADIAN. ) );
#2823 = DIRECTION ( 'NONE',  ( 0.000000000000000000, -1.000000000000000000, 0.000000000000000000 ) ) ;
#2824 = CARTESIAN_POINT ( 'NONE',  ( 0.8594875162046676786, 5.300000000000071765, -3.999999999999980904 ) ) ;
#2825 = STYLED_ITEM ( 'NONE', ( #30 ), #5013 ) ;
#2826 = STYLED_ITEM ( 'NONE', ( #1576 ), #4250 ) ;
#2827 = CARTESIAN_POINT ( 'NONE',  ( 6.733384272317002761, 3.030816801207819822, -5.499999999999984013 ) ) ;
#2828 = EDGE_CURVE ( 'NONE', #5043, #2516, #1971, .T. ) ;
#2829 = CARTESIAN_POINT ( 'NONE',  ( 6.677071747364041521, 2.938038467859186209, -5.499999999999985789 ) ) ;
#2830 = CARTESIAN_POINT ( 'NONE',  ( -7.549359403775211419, 1.777793762384871412, -5.499999999999987566 ) ) ;
#2831 = PRESENTATION_LAYER_ASSIGNMENT (  '', '', ( #2181 ) ) ;
#2832 = LINE ( 'NONE', #3262, #771 ) ;
#2833 = EDGE_CURVE ( 'NONE', #4198, #4198, #5192, .T. ) ;
#2834 =( NAMED_UNIT ( * ) PLANE_ANGLE_UNIT ( ) SI_UNIT ( $, .RADIAN. ) );
#2835 = FACE_OUTER_BOUND ( 'NONE', #1344, .T. ) ;
#2836 =( GEOMETRIC_REPRESENTATION_CONTEXT ( 3 ) GLOBAL_UNCERTAINTY_ASSIGNED_CONTEXT ( ( #1998 ) ) GLOBAL_UNIT_ASSIGNED_CONTEXT ( ( #1330, #2645, #409 ) ) REPRESENTATION_CONTEXT ( 'NONE', 'WORKASPACE' ) );
#2837 = CARTESIAN_POINT ( 'NONE',  ( 7.509893757778952406, 2.781286828853624549, -5.499999999999987566 ) ) ;
#2838 = CARTESIAN_POINT ( 'NONE',  ( 7.000000000000001776, 6.245004513516505540E-14, -1.499999999999999334 ) ) ;
#2839 = EDGE_LOOP ( 'NONE', ( #494 ) ) ;
#2840 = VECTOR ( 'NONE', #1234, 1000.000000000000000 ) ;
#2841 =( NAMED_UNIT ( * ) SI_UNIT ( $, .STERADIAN. ) SOLID_ANGLE_UNIT ( ) );
#2842 = SURFACE_SIDE_STYLE ('',( #3697 ) ) ;
#2843 = DIRECTION ( 'NONE',  ( 0.000000000000000000, 3.591911631868355648E-15, -1.000000000000000000 ) ) ;
#2844 =( NAMED_UNIT ( * ) PLANE_ANGLE_UNIT ( ) SI_UNIT ( $, .RADIAN. ) );
#2845 = CARTESIAN_POINT ( 'NONE',  ( -1.249999999999996447, 2.500000000000099476, -1.199999999999991296 ) ) ;
#2846 = VERTEX_POINT ( 'NONE', #5484 ) ;
#2847 = AXIS2_PLACEMENT_3D ( 'NONE', #644, #2028, #3075 ) ;
#2848 = CARTESIAN_POINT ( 'NONE',  ( 6.707173016356642314, 2.001320048533044904, -5.498999999999995225 ) ) ;
#2849 = EDGE_LOOP ( 'NONE', ( #4371, #3801, #5518, #1695, #3215, #1944 ) ) ;
#2850 = VERTEX_POINT ( 'NONE', #3807 ) ;
#2851 = FACE_BOUND ( 'NONE', #5660, .T. ) ;
#2852 = CARTESIAN_POINT ( 'NONE',  ( -6.395513249929057231, 3.277793762384871634, -5.499999999999992895 ) ) ;
#2853 = SURFACE_STYLE_FILL_AREA ( #1651 ) ;
#2854 = DIRECTION ( 'NONE',  ( 1.000000000000000000, 0.000000000000000000, 0.000000000000000000 ) ) ;
#2855 =( NAMED_UNIT ( * ) SI_UNIT ( $, .STERADIAN. ) SOLID_ANGLE_UNIT ( ) );
#2856 = DIRECTION ( 'NONE',  ( 1.835596038252498950E-31, -3.614918832493746493E-15, 1.000000000000000000 ) ) ;
#2857 = CARTESIAN_POINT ( 'NONE',  ( 6.658770954638501216, 2.858339229705086026, -5.498999999999986343 ) ) ;
#2858 = DIRECTION ( 'NONE',  ( 5.102127870520021968E-16, 1.000000000000000000, 3.571489509364014885E-15 ) ) ;
#2859 = DIRECTION ( 'NONE',  ( 1.000000000000000000, 0.000000000000000000, 7.433064981013480826E-31 ) ) ;
#2860 =( LENGTH_UNIT ( ) NAMED_UNIT ( * ) SI_UNIT ( .MILLI., .METRE. ) );
#2861 = CARTESIAN_POINT ( 'NONE',  ( 7.468863530848252275, 2.692405734649357285, -5.499999999999989342 ) ) ;
#2862 = EDGE_CURVE ( 'NONE', #2957, #368, #3870, .T. ) ;
#2863 = SURFACE_STYLE_USAGE ( .BOTH. , #3293 ) ;
#2864 = B_SPLINE_CURVE_WITH_KNOTS ( 'NONE', 3,
 ( #2311, #4652, #607, #4121, #1873, #3682, #3230, #5034, #1097, #4349, #2012 ),
 .UNSPECIFIED., .F., .F.,
 ( 4, 1, 1, 1, 1, 1, 1, 1, 4 ),
 ( 0.000000000000000000, 0.1448052410584844130, 0.2795118010254865060, 0.4063939211311610178, 0.5275015404829180854, 0.6453932904726510378, 0.7618854106740869936, 0.8789420729184869163, 1.000000000000000000 ),
 .UNSPECIFIED. ) ;
#2865 = CARTESIAN_POINT ( 'NONE',  ( 7.255409592261151452, 2.024337752601665485, -5.499999999999996447 ) ) ;
#2866 = MECHANICAL_DESIGN_GEOMETRIC_PRESENTATION_REPRESENTATION (  '', ( #1192 ), #3359 ) ;
#2867 = ORIENTED_EDGE ( 'NONE', *, *, #2833, .F. ) ;
#2868 = CARTESIAN_POINT ( 'NONE',  ( -0.8594875162046679007, 5.600000000000071587, -3.999999999999979128 ) ) ;
#2869 = ADVANCED_FACE ( 'NONE', ( #3367 ), #1911, .T. ) ;
#2870 = LINE ( 'NONE', #3300, #3019 ) ;
#2871 = CARTESIAN_POINT ( 'NONE',  ( 6.980829551598192850, 2.449817675797688832, -5.499999999999991118 ) ) ;
#2872 = PRESENTATION_STYLE_ASSIGNMENT (( #2469 ) ) ;
#2873 = SURFACE_SIDE_STYLE ('',( #4165 ) ) ;
#2874 = VERTEX_POINT ( 'NONE', #1176 ) ;
#2875 = CARTESIAN_POINT ( 'NONE',  ( 6.693784159426336977, 2.570067261594337182, -5.499999999999989342 ) ) ;
#2876 = CIRCLE ( 'NONE', #2318, 1.500000000000000000 ) ;
#2877 = ORIENTED_EDGE ( 'NONE', *, *, #4828, .F. ) ;
#2878 = EDGE_LOOP ( 'NONE', ( #2293 ) ) ;
#2879 = FILL_AREA_STYLE ('',( #2477 ) ) ;
#2880 = CARTESIAN_POINT ( 'NONE',  ( 6.407576301211032721, 2.206279280440168744, -5.498999999999993449 ) ) ;
#2881 = PLANE ( 'NONE',  #5586 ) ;
#2882 = CARTESIAN_POINT ( 'NONE',  ( 6.752745695765423051, 3.049158863956539900, -5.498999999999984567 ) ) ;
#2883 =( NAMED_UNIT ( * ) SI_UNIT ( $, .STERADIAN. ) SOLID_ANGLE_UNIT ( ) );
#2884 =( NAMED_UNIT ( * ) PLANE_ANGLE_UNIT ( ) SI_UNIT ( $, .RADIAN. ) );
#2885 = SURFACE_STYLE_USAGE ( .BOTH. , #1100 ) ;
#2886 = UNCERTAINTY_MEASURE_WITH_UNIT (LENGTH_MEASURE( 1.000000000000000082E-05 ), #2972, 'distance_accuracy_value', 'NONE');
#2887 = DIRECTION ( 'NONE',  ( 0.000000000000000000, -3.591911631868355648E-15, 1.000000000000000000 ) ) ;
#2888 = PRESENTATION_STYLE_ASSIGNMENT (( #3800 ) ) ;
#2889 = CARTESIAN_POINT ( 'NONE',  ( 7.287175656788942746, 2.057524536223190648, -5.498999999999995225 ) ) ;
#2890 = EDGE_CURVE ( 'NONE', #3508, #1061, #4893, .T. ) ;
#2891 = EDGE_LOOP ( 'NONE', ( #49, #4074, #3117, #1639 ) ) ;
#2892 =( LENGTH_UNIT ( ) NAMED_UNIT ( * ) SI_UNIT ( .MILLI., .METRE. ) );
#2893 =( NAMED_UNIT ( * ) PLANE_ANGLE_UNIT ( ) SI_UNIT ( $, .RADIAN. ) );
#2894 = SURFACE_STYLE_USAGE ( .BOTH. , #2842 ) ;
#2895 =( NAMED_UNIT ( * ) PLANE_ANGLE_UNIT ( ) SI_UNIT ( $, .RADIAN. ) );
#2896 =( NAMED_UNIT ( * ) PLANE_ANGLE_UNIT ( ) SI_UNIT ( $, .RADIAN. ) );
#2897 = CARTESIAN_POINT ( 'NONE',  ( 3.750000000000003553, 3.250000000000064837, -1.499999999999987788 ) ) ;
#2898 = AXIS2_PLACEMENT_3D ( 'NONE', #631, #182, #5703 ) ;
#2899 = CARTESIAN_POINT ( 'NONE',  ( 6.675932629279337505, 2.562602869007504225, -5.499999999999989342 ) ) ;
#2900 = EDGE_CURVE ( 'NONE', #4107, #4107, #5756, .T. ) ;
#2901 = ORIENTED_EDGE ( 'NONE', *, *, #3542, .F. ) ;
#2902 = ORIENTED_EDGE ( 'NONE', *, *, #1143, .F. ) ;
#2903 = SURFACE_STYLE_USAGE ( .BOTH. , #5604 ) ;
#2904 = MECHANICAL_DESIGN_GEOMETRIC_PRESENTATION_REPRESENTATION (  '', ( #1600 ), #91 ) ;
#2905 = CARTESIAN_POINT ( 'NONE',  ( 6.667643216580382948, 2.559136755448064182, -5.498999999999989896 ) ) ;
#2906 = CARTESIAN_POINT ( 'NONE',  ( 7.263508055524002138, 3.244260124537935663, -5.498999999999982791 ) ) ;
#2907 = CARTESIAN_POINT ( 'NONE',  ( 6.410928914104491838, 2.254315229207391358, -5.499999999999992895 ) ) ;
#2908 = VECTOR ( 'NONE', #905, 1000.000000000000000 ) ;
#2909 = FILL_AREA_STYLE ('',( #693 ) ) ;
#2910 = VECTOR ( 'NONE', #4478, 1000.000000000000000 ) ;
#2911 = FILL_AREA_STYLE_COLOUR ( '', #4527 ) ;
#2912 =( GEOMETRIC_REPRESENTATION_CONTEXT ( 3 ) GLOBAL_UNCERTAINTY_ASSIGNED_CONTEXT ( ( #829 ) ) GLOBAL_UNIT_ASSIGNED_CONTEXT ( ( #4665, #1140, #5597 ) ) REPRESENTATION_CONTEXT ( 'NONE', 'WORKASPACE' ) );
#2913 = CIRCLE ( 'NONE', #377, 1.400000000000000133 ) ;
#2914 = PRESENTATION_LAYER_ASSIGNMENT (  '', '', ( #2825 ) ) ;
#2915 = SURFACE_STYLE_USAGE ( .BOTH. , #1191 ) ;
#2916 = CIRCLE ( 'NONE', #2178, 0.5999999999999998668 ) ;
#2917 = PRESENTATION_STYLE_ASSIGNMENT (( #4271 ) ) ;
#2918 = CIRCLE ( 'NONE', #2277, 0.2999999999999999889 ) ;
#2919 = MECHANICAL_DESIGN_GEOMETRIC_PRESENTATION_REPRESENTATION (  '', ( #2640 ), #4460 ) ;
#2920 = AXIS2_PLACEMENT_3D ( 'NONE', #1107, #227, #139 ) ;
#2921 = DIRECTION ( 'NONE',  ( 1.000000000000000000, 0.000000000000000000, 0.000000000000000000 ) ) ;
#2922 = CARTESIAN_POINT ( 'NONE',  ( -7.000000000000000000, 6.548581121812446781E-14, -1.499999999999999334 ) ) ;
#2923 = AXIS2_PLACEMENT_3D ( 'NONE', #4954, #2512, #5640 ) ;
#2924 = EDGE_CURVE ( 'NONE', #559, #559, #1311, .T. ) ;
#2925 = AXIS2_PLACEMENT_3D ( 'NONE', #216, #3818, #2248 ) ;
#2926 = FILL_AREA_STYLE_COLOUR ( '', #2416 ) ;
#2927 = B_SPLINE_CURVE_WITH_KNOTS ( 'NONE', 3,
 ( #1386, #1449, #5048, #4607, #557, #4079, #4939, #878, #965, #2321, #2761, #1415, #4055, #4132, #3156, #992, #5446, #1805, #5843 ),
 .UNSPECIFIED., .F., .F.,
 ( 4, 1, 1, 1, 1, 1, 1, 1, 1, 1, 1, 1, 1, 1, 1, 1, 4 ),
 ( 0.000000000000000000, 0.1004750608070151957, 0.1956443031597840110, 0.2860833790699320311, 0.3729828804699535372, 0.4150256681909620382, 0.4560516735090279772, 0.4959387495188999906, 0.5355660888033511036, 0.5740871099085040896, 0.6125192874870970527, 0.6510809601344450526, 0.6895131377130390149, 0.7662374603277349872, 0.8423504388672229393, 0.9199744947371040205, 1.000000000000000000 ),
 .UNSPECIFIED. ) ;
#2928 = AXIS2_PLACEMENT_3D ( 'NONE', #228, #5478, #1446 ) ;
#2929 = PRESENTATION_STYLE_ASSIGNMENT (( #3383 ) ) ;
#2930 = ORIENTED_EDGE ( 'NONE', *, *, #4260, .F. ) ;
#2931 = PRESENTATION_LAYER_ASSIGNMENT (  '', '', ( #1060 ) ) ;
#2932 = EDGE_CURVE ( 'NONE', #3566, #913, #3078, .T. ) ;
#2933 = DIRECTION ( 'NONE',  ( 0.000000000000000000, 0.000000000000000000, 1.000000000000000000 ) ) ;
#2934 = CARTESIAN_POINT ( 'NONE',  ( 6.657551825761646391, 2.057219055013304043, -5.498999999999995225 ) ) ;
#2935 = ORIENTED_EDGE ( 'NONE', *, *, #3506, .T. ) ;
#2936 = VERTEX_POINT ( 'NONE', #2147 ) ;
#2937 = EDGE_LOOP ( 'NONE', ( #2096, #4545, #2587, #3623 ) ) ;
#2938 = CARTESIAN_POINT ( 'NONE',  ( 6.422855507363276928, 2.309098353268451920, -5.499999999999992895 ) ) ;
#2939 = EDGE_CURVE ( 'NONE', #1204, #2957, #2635, .T. ) ;
#2940 = FILL_AREA_STYLE ('',( #5258 ) ) ;
#2941 = EDGE_CURVE ( 'NONE', #1138, #4528, #4643, .T. ) ;
#2942 = CARTESIAN_POINT ( 'NONE',  ( 6.778821101195772414, 2.388764159294218370, -5.498999999999991672 ) ) ;
#2943 = CARTESIAN_POINT ( 'NONE',  ( 6.409763853056002603, 2.137933008487500341, -5.499999999999994671 ) ) ;
#2944 = CARTESIAN_POINT ( 'NONE',  ( 7.000000000000001776, 2.500000000000071498, -3.799999999999990496 ) ) ;
#2945 = STYLED_ITEM ( 'NONE', ( #1014 ), #1871 ) ;
#2946 = SURFACE_SIDE_STYLE ('',( #5238 ) ) ;
#2947 = DIRECTION ( 'NONE',  ( 0.000000000000000000, 3.591911631868355648E-15, -1.000000000000000000 ) ) ;
#2948 = FACE_OUTER_BOUND ( 'NONE', #5016, .T. ) ;
#2949 = ORIENTED_EDGE ( 'NONE', *, *, #1580, .F. ) ;
#2950 = SURFACE_STYLE_FILL_AREA ( #3947 ) ;
#2951 = CARTESIAN_POINT ( 'NONE',  ( 7.287175656788942746, 2.057524536223190648, -5.499999999999996447 ) ) ;
#2952 = ORIENTED_EDGE ( 'NONE', *, *, #5614, .T. ) ;
#2953 = SURFACE_SIDE_STYLE ('',( #2118 ) ) ;
#2954 =( LENGTH_UNIT ( ) NAMED_UNIT ( * ) SI_UNIT ( .MILLI., .METRE. ) );
#2955 = PRESENTATION_STYLE_ASSIGNMENT (( #3897 ) ) ;
#2956 = ORIENTED_EDGE ( 'NONE', *, *, #5260, .T. ) ;
#2957 = VERTEX_POINT ( 'NONE', #3481 ) ;
#2958 = FACE_OUTER_BOUND ( 'NONE', #5316, .T. ) ;
#2959 = SURFACE_SIDE_STYLE ('',( #2986 ) ) ;
#2960 = ORIENTED_EDGE ( 'NONE', *, *, #3425, .F. ) ;
#2961 = SURFACE_STYLE_FILL_AREA ( #5147 ) ;
#2962 =( NAMED_UNIT ( * ) SI_UNIT ( $, .STERADIAN. ) SOLID_ANGLE_UNIT ( ) );
#2963 = CARTESIAN_POINT ( 'NONE',  ( 6.618965331964997034, 2.186240120832679601, -5.498999999999993449 ) ) ;
#2964 =( NAMED_UNIT ( * ) PLANE_ANGLE_UNIT ( ) SI_UNIT ( $, .RADIAN. ) );
#2965 = FILL_AREA_STYLE ('',( #1981 ) ) ;
#2966 = DIRECTION ( 'NONE',  ( 0.000000000000000000, -3.591911631868355648E-15, 1.000000000000000000 ) ) ;
#2967 =( LENGTH_UNIT ( ) NAMED_UNIT ( * ) SI_UNIT ( .MILLI., .METRE. ) );
#2968 = ADVANCED_FACE ( 'NONE', ( #400 ), #3992, .F. ) ;
#2969 = CARTESIAN_POINT ( 'NONE',  ( 6.637674252345667547, 1.824594845605499671, -5.498999999999997002 ) ) ;
#2970 = DIRECTION ( 'NONE',  ( 4.956352788505160310E-16, 1.000000000000000000, 3.469446951953611822E-15 ) ) ;
#2971 =( GEOMETRIC_REPRESENTATION_CONTEXT ( 3 ) GLOBAL_UNCERTAINTY_ASSIGNED_CONTEXT ( ( #1049 ) ) GLOBAL_UNIT_ASSIGNED_CONTEXT ( ( #2435, #5071, #142 ) ) REPRESENTATION_CONTEXT ( 'NONE', 'WORKASPACE' ) );
#2972 =( LENGTH_UNIT ( ) NAMED_UNIT ( * ) SI_UNIT ( .MILLI., .METRE. ) );
#2973 = DIRECTION ( 'NONE',  ( -7.433064981013480826E-31, -2.760287964870829992E-45, 1.000000000000000000 ) ) ;
#2974 = EDGE_CURVE ( 'NONE', #2728, #2728, #5737, .T. ) ;
#2975 = EDGE_LOOP ( 'NONE', ( #402 ) ) ;
#2976 = FACE_OUTER_BOUND ( 'NONE', #5398, .T. ) ;
#2977 = FILL_AREA_STYLE_COLOUR ( '', #4855 ) ;
#2978 = EDGE_LOOP ( 'NONE', ( #4894 ) ) ;
#2979 = DIRECTION ( 'NONE',  ( 0.000000000000000000, 0.000000000000000000, -1.000000000000000000 ) ) ;
#2980 = CARTESIAN_POINT ( 'NONE',  ( 7.070103327514511982, 3.112988542526250679, -5.498999999999982791 ) ) ;
#2981 = SURFACE_SIDE_STYLE ('',( #3990 ) ) ;
#2982 = VERTEX_POINT ( 'NONE', #1969 ) ;
#2983 = DIRECTION ( 'NONE',  ( 2.891205793294678326E-16, -1.000000000000000000, 0.000000000000000000 ) ) ;
#2984 = ORIENTED_EDGE ( 'NONE', *, *, #1901, .T. ) ;
#2985 = ORIENTED_EDGE ( 'NONE', *, *, #1654, .F. ) ;
#2986 = SURFACE_STYLE_FILL_AREA ( #2588 ) ;
#2987 = UNCERTAINTY_MEASURE_WITH_UNIT (LENGTH_MEASURE( 1.000000000000000082E-05 ), #4278, 'distance_accuracy_value', 'NONE');
#2988 = EDGE_LOOP ( 'NONE', ( #424, #3458, #3862, #254 ) ) ;
#2989 = CARTESIAN_POINT ( 'NONE',  ( 6.507149509629687856, 2.451988495540383450, -5.499999999999991118 ) ) ;
#2990 = CARTESIAN_POINT ( 'NONE',  ( -6.999999999999998224, 5.000000000000077272, -3.799999999999981171 ) ) ;
#2991 = CARTESIAN_POINT ( 'NONE',  ( 7.000000000000001776, 2.500000000000074163, -4.499999999999990230 ) ) ;
#2992 =( LENGTH_UNIT ( ) NAMED_UNIT ( * ) SI_UNIT ( .MILLI., .METRE. ) );
#2993 = AXIS2_PLACEMENT_3D ( 'NONE', #2944, #2966, #2507 ) ;
#2994 = SURFACE_SIDE_STYLE ('',( #1213 ) ) ;
#2995 = MECHANICAL_DESIGN_GEOMETRIC_PRESENTATION_REPRESENTATION (  '', ( #4063 ), #3773 ) ;
#2996 =( LENGTH_UNIT ( ) NAMED_UNIT ( * ) SI_UNIT ( .MILLI., .METRE. ) );
#2997 = CARTESIAN_POINT ( 'NONE',  ( -6.999999999999996447, 2.500000000000070166, -2.499999999999990674 ) ) ;
#2998 =( NAMED_UNIT ( * ) PLANE_ANGLE_UNIT ( ) SI_UNIT ( $, .RADIAN. ) );
#2999 = EDGE_CURVE ( 'NONE', #368, #624, #4864, .T. ) ;
#3000 = COLOUR_RGB ( '',0.9529411764705881804, 0.7960784313725489669, 0.4862745098039215619 ) ;
#3001 =( LENGTH_UNIT ( ) NAMED_UNIT ( * ) SI_UNIT ( .MILLI., .METRE. ) );
#3002 =( LENGTH_UNIT ( ) NAMED_UNIT ( * ) SI_UNIT ( .MILLI., .METRE. ) );
#3003 = SURFACE_SIDE_STYLE ('',( #5180 ) ) ;
#3004 = VECTOR ( 'NONE', #4904, 1000.000000000000000 ) ;
#3005 = STYLED_ITEM ( 'NONE', ( #5563 ), #3963 ) ;
#3006 = CARTESIAN_POINT ( 'NONE',  ( 7.002078312734232313, 3.289905986217294576, -5.499999999999982236 ) ) ;
#3007 =( NAMED_UNIT ( * ) SI_UNIT ( $, .STERADIAN. ) SOLID_ANGLE_UNIT ( ) );
#3008 =( GEOMETRIC_REPRESENTATION_CONTEXT ( 3 ) GLOBAL_UNCERTAINTY_ASSIGNED_CONTEXT ( ( #4704 ) ) GLOBAL_UNIT_ASSIGNED_CONTEXT ( ( #5832, #5387, #2457 ) ) REPRESENTATION_CONTEXT ( 'NONE', 'WORKASPACE' ) );
#3009 = EDGE_CURVE ( 'NONE', #146, #146, #653, .T. ) ;
#3010 = CIRCLE ( 'NONE', #479, 1.699999999999999734 ) ;
#3011 = AXIS2_PLACEMENT_3D ( 'NONE', #3717, #1044, #2921 ) ;
#3012 = ORIENTED_EDGE ( 'NONE', *, *, #3459, .T. ) ;
#3013 =( GEOMETRIC_REPRESENTATION_CONTEXT ( 3 ) GLOBAL_UNCERTAINTY_ASSIGNED_CONTEXT ( ( #4415 ) ) GLOBAL_UNIT_ASSIGNED_CONTEXT ( ( #5190, #2844, #5689 ) ) REPRESENTATION_CONTEXT ( 'NONE', 'WORKASPACE' ) );
#3014 = DIRECTION ( 'NONE',  ( 0.000000000000000000, -3.713525943768165452E-15, 1.000000000000000000 ) ) ;
#3015 = FILL_AREA_STYLE_COLOUR ( '', #5593 ) ;
#3016 = AXIS2_PLACEMENT_3D ( 'NONE', #5033, #2279, #4092 ) ;
#3017 = CARTESIAN_POINT ( 'NONE',  ( 7.173285491209482778, 1.970025297269472730, -5.498999999999997002 ) ) ;
#3018 = ORIENTED_EDGE ( 'NONE', *, *, #3858, .T. ) ;
#3019 = VECTOR ( 'NONE', #4219, 1000.000000000000000 ) ;
#3020 = ORIENTED_EDGE ( 'NONE', *, *, #4901, .F. ) ;
#3021 = UNCERTAINTY_MEASURE_WITH_UNIT (LENGTH_MEASURE( 1.000000000000000082E-05 ), #4551, 'distance_accuracy_value', 'NONE');
#3022 = DIRECTION ( 'NONE',  ( -2.478176394252581141E-16, -1.000000000000000000, -3.591911631868355648E-15 ) ) ;
#3023 = DIRECTION ( 'NONE',  ( 0.000000000000000000, -1.000000000000000000, -2.891205793294679017E-15 ) ) ;
#3024 = ORIENTED_EDGE ( 'NONE', *, *, #3679, .T. ) ;
#3025 = CARTESIAN_POINT ( 'NONE',  ( 6.952198505041922161, 1.751444447755755585, -5.499999999999998224 ) ) ;
#3026 =( NAMED_UNIT ( * ) SI_UNIT ( $, .STERADIAN. ) SOLID_ANGLE_UNIT ( ) );
#3027 = AXIS2_PLACEMENT_3D ( 'NONE', #2056, #2933, #2495 ) ;
#3028 = VERTEX_POINT ( 'NONE', #3188 ) ;
#3029 =( NAMED_UNIT ( * ) PLANE_ANGLE_UNIT ( ) SI_UNIT ( $, .RADIAN. ) );
#3030 =( NAMED_UNIT ( * ) SI_UNIT ( $, .STERADIAN. ) SOLID_ANGLE_UNIT ( ) );
#3031 = CARTESIAN_POINT ( 'NONE',  ( 6.511704559953938265, 1.922941482537076752, -5.498999999999997002 ) ) ;
#3032 = COLOUR_RGB ( '',0.5490196078431373028, 0.1803921568627450955, 0.1803921568627450955 ) ;
#3033 = FILL_AREA_STYLE_COLOUR ( '', #4595 ) ;
#3034 = CARTESIAN_POINT ( 'NONE',  ( 6.929800260216111951, 2.641012448577229055, -5.499999999999989342 ) ) ;
#3035 = STYLED_ITEM ( 'NONE', ( #1076 ), #3077 ) ;
#3036 = CARTESIAN_POINT ( 'NONE',  ( 1.000000000000000000, 5.600000000000073364, -4.499999999999979572 ) ) ;
#3037 = FILL_AREA_STYLE_COLOUR ( '', #774 ) ;
#3038 = PRESENTATION_LAYER_ASSIGNMENT (  '', '', ( #2484 ) ) ;
#3039 = ORIENTED_EDGE ( 'NONE', *, *, #3850, .F. ) ;
#3040 = TOROIDAL_SURFACE ( 'NONE', #2300, 1.399999999999999911, 0.1000000000000000056 ) ;
#3041 =( NAMED_UNIT ( * ) SI_UNIT ( $, .STERADIAN. ) SOLID_ANGLE_UNIT ( ) );
#3042 = CARTESIAN_POINT ( 'NONE',  ( 7.522097567008821706, 2.897744932845216947, -5.499999999999985789 ) ) ;
#3043 = ADVANCED_FACE ( 'NONE', ( #2719 ), #5809, .T. ) ;
#3044 = SURFACE_STYLE_FILL_AREA ( #4334 ) ;
#3045 = CARTESIAN_POINT ( 'NONE',  ( 7.006995346872562536, 3.116728584165805671, -5.498999999999982791 ) ) ;
#3046 = DIRECTION ( 'NONE',  ( 0.000000000000000000, -3.591911631868355648E-15, 1.000000000000000000 ) ) ;
#3047 = PRESENTATION_STYLE_ASSIGNMENT (( #1641 ) ) ;
#3048 = CARTESIAN_POINT ( 'NONE',  ( -6.999999999999999112, 0.7500000000000746070, -3.799999999999996714 ) ) ;
#3049 = MECHANICAL_DESIGN_GEOMETRIC_PRESENTATION_REPRESENTATION (  '', ( #622 ), #420 ) ;
#3050 = EDGE_CURVE ( 'NONE', #2846, #2846, #4568, .T. ) ;
#3051 = ORIENTED_EDGE ( 'NONE', *, *, #2621, .F. ) ;
#3052 = ORIENTED_EDGE ( 'NONE', *, *, #3201, .T. ) ;
#3053 = DIRECTION ( 'NONE',  ( -1.835596038252509459E-31, 3.614918832493752804E-15, -1.000000000000000000 ) ) ;
#3054 = VERTEX_POINT ( 'NONE', #872 ) ;
#3055 = APPLICATION_CONTEXT ( 'automotive_design' ) ;
#3056 =( LENGTH_UNIT ( ) NAMED_UNIT ( * ) SI_UNIT ( .MILLI., .METRE. ) );
#3057 = SURFACE_STYLE_USAGE ( .BOTH. , #793 ) ;
#3058 = CARTESIAN_POINT ( 'NONE',  ( 7.000000000000001776, 1.000000000000077272, -5.399999999999995026 ) ) ;
#3059 = COLOUR_RGB ( '',0.1019607843137254888, 0.1019607843137254888, 0.1019607843137254888 ) ;
#3060 = CARTESIAN_POINT ( 'NONE',  ( 6.407576301211032721, 2.206279280440168744, -5.499999999999994671 ) ) ;
#3061 = CARTESIAN_POINT ( 'NONE',  ( 7.000000000000003553, 5.000000000000063949, -1.499999999999981570 ) ) ;
#3062 = FACE_OUTER_BOUND ( 'NONE', #4332, .T. ) ;
#3063 = CARTESIAN_POINT ( 'NONE',  ( -0.8378679656440407575, 5.000000000000064837, -1.087867965644018220 ) ) ;
#3064 = PRESENTATION_LAYER_ASSIGNMENT (  '', '', ( #5155 ) ) ;
#3065 = ORIENTED_EDGE ( 'NONE', *, *, #2801, .T. ) ;
#3066 = COLOUR_RGB ( '',0.8980392156862745390, 0.8980392156862745390, 0.8980392156862745390 ) ;
#3067 = CARTESIAN_POINT ( 'NONE',  ( 7.002078312734232313, 3.289905986217294576, -5.498999999999981014 ) ) ;
#3068 = UNCERTAINTY_MEASURE_WITH_UNIT (LENGTH_MEASURE( 1.000000000000000082E-05 ), #5824, 'distance_accuracy_value', 'NONE');
#3069 = B_SPLINE_CURVE_WITH_KNOTS ( 'NONE', 3,
 ( #2186, #1830, #1746, #5341, #2724, #1324, #3640, #3551, #3184, #4936, #4497, #1801, #1295, #4896, #3610, #3153, #5397, #4547, #51 ),
 .UNSPECIFIED., .F., .F.,
 ( 4, 1, 1, 1, 1, 1, 1, 1, 1, 1, 1, 1, 1, 1, 1, 1, 4 ),
 ( 0.000000000000000000, 0.07493130598184519209, 0.1470775964339470221, 0.2163644561730685145, 0.2825027309006234999, 0.3466877108244159622, 0.4088355551310380309, 0.4692619872876919729, 0.5284320432534620471, 0.5870013379727410108, 0.6444163938320669471, 0.7021887902662969916, 0.7597671795443350362, 0.8184897928274490475, 0.8776328274167840560, 0.9380195662701680259, 1.000000000000000000 ),
 .UNSPECIFIED. ) ;
#3070 = ORIENTED_EDGE ( 'NONE', *, *, #1284, .T. ) ;
#3071 = B_SPLINE_CURVE_WITH_KNOTS ( 'NONE', 3,
 ( #1012, #4745, #2373, #4241, #1130, #3330, #1486, #2837, #662, #613, #1077 ),
 .UNSPECIFIED., .F., .F.,
 ( 4, 1, 1, 1, 1, 1, 1, 1, 4 ),
 ( 0.000000000000000000, 0.1448052410584844130, 0.2795118010254865060, 0.4063939211311610178, 0.5275015404829180854, 0.6453932904726510378, 0.7618854106740869936, 0.8789420729184869163, 1.000000000000000000 ),
 .UNSPECIFIED. ) ;
#3072 = SURFACE_SIDE_STYLE ('',( #5333 ) ) ;
#3073 = FACE_OUTER_BOUND ( 'NONE', #5379, .T. ) ;
#3074 = FACE_OUTER_BOUND ( 'NONE', #3676, .T. ) ;
#3075 = DIRECTION ( 'NONE',  ( 4.818676322157798361E-16, -1.000000000000000000, 0.000000000000000000 ) ) ;
#3076 =( NAMED_UNIT ( * ) PLANE_ANGLE_UNIT ( ) SI_UNIT ( $, .RADIAN. ) );
#3077 = ADVANCED_FACE ( 'NONE', ( #2259, #4045 ), #4518, .T. ) ;
#3078 = LINE ( 'NONE', #4377, #1214 ) ;
#3079 = ORIENTED_EDGE ( 'NONE', *, *, #1908, .T. ) ;
#3080 = ORIENTED_EDGE ( 'NONE', *, *, #2260, .T. ) ;
#3081 = UNCERTAINTY_MEASURE_WITH_UNIT (LENGTH_MEASURE( 1.000000000000000082E-05 ), #558, 'distance_accuracy_value', 'NONE');
#3082 =( NAMED_UNIT ( * ) PLANE_ANGLE_UNIT ( ) SI_UNIT ( $, .RADIAN. ) );
#3083 = SURFACE_SIDE_STYLE ('',( #843 ) ) ;
#3084 =( NAMED_UNIT ( * ) PLANE_ANGLE_UNIT ( ) SI_UNIT ( $, .RADIAN. ) );
#3085 = ORIENTED_EDGE ( 'NONE', *, *, #5265, .T. ) ;
#3086 = SURFACE_SIDE_STYLE ('',( #374 ) ) ;
#3087 = SURFACE_STYLE_FILL_AREA ( #1749 ) ;
#3088 =( LENGTH_UNIT ( ) NAMED_UNIT ( * ) SI_UNIT ( .MILLI., .METRE. ) );
#3089 = VERTEX_POINT ( 'NONE', #3525 ) ;
#3090 = ADVANCED_FACE ( 'NONE', ( #4023, #3575 ), #4542, .T. ) ;
#3091 = CARTESIAN_POINT ( 'NONE',  ( -6.395513249929057231, 3.277793762384871634, -5.498999999999993449 ) ) ;
#3092 = LINE ( 'NONE', #3061, #2191 ) ;
#3093 = SURFACE_STYLE_FILL_AREA ( #3560 ) ;
#3094 = ORIENTED_EDGE ( 'NONE', *, *, #5336, .F. ) ;
#3095 = AXIS2_PLACEMENT_3D ( 'NONE', #427, #44, #1039 ) ;
#3096 = FACE_OUTER_BOUND ( 'NONE', #3781, .T. ) ;
#3097 = PRESENTATION_STYLE_ASSIGNMENT (( #2197 ) ) ;
#3098 =( NAMED_UNIT ( * ) SI_UNIT ( $, .STERADIAN. ) SOLID_ANGLE_UNIT ( ) );
#3099 = DIRECTION ( 'NONE',  ( 0.000000000000000000, -1.000000000000000000, -3.469446951953614189E-15 ) ) ;
#3100 = SURFACE_SIDE_STYLE ('',( #4013 ) ) ;
#3101 = ORIENTED_EDGE ( 'NONE', *, *, #46, .T. ) ;
#3102 = MECHANICAL_DESIGN_GEOMETRIC_PRESENTATION_REPRESENTATION (  '', ( #4905 ), #3864 ) ;
#3103 = CIRCLE ( 'NONE', #2447, 1.399999999999999911 ) ;
#3104 = AXIS2_PLACEMENT_3D ( 'NONE', #2991, #817, #5789 ) ;
#3105 = COLOUR_RGB ( '',0.8980392156862745390, 0.8980392156862745390, 0.8980392156862745390 ) ;
#3106 = VERTEX_POINT ( 'NONE', #1988 ) ;
#3107 = AXIS2_PLACEMENT_3D ( 'NONE', #160, #660, #3329 ) ;
#3108 = DIRECTION ( 'NONE',  ( -4.956352788505163268E-16, -1.000000000000000000, -3.469446951953614583E-15 ) ) ;
#3109 = ADVANCED_FACE ( 'NONE', ( #5264, #5680 ), #1488, .T. ) ;
#3110 = LINE ( 'NONE', #3208, #5466 ) ;
#3111 = VECTOR ( 'NONE', #3734, 1000.000000000000000 ) ;
#3112 = AXIS2_PLACEMENT_3D ( 'NONE', #2552, #3014, #2518 ) ;
#3113 = PLANE ( 'NONE',  #4486 ) ;
#3114 = STYLED_ITEM ( 'NONE', ( #4403 ), #457 ) ;
#3115 = SURFACE_STYLE_USAGE ( .BOTH. , #1318 ) ;
#3116 = PRESENTATION_LAYER_ASSIGNMENT (  '', '', ( #581 ) ) ;
#3117 = ORIENTED_EDGE ( 'NONE', *, *, #4901, .T. ) ;
#3118 = ORIENTED_EDGE ( 'NONE', *, *, #4828, .T. ) ;
#3119 = PRESENTATION_STYLE_ASSIGNMENT (( #765 ) ) ;
#3120 = SURFACE_SIDE_STYLE ('',( #963 ) ) ;
#3121 = ADVANCED_FACE ( 'NONE', ( #3445 ), #4359, .T. ) ;
#3122 =( GEOMETRIC_REPRESENTATION_CONTEXT ( 3 ) GLOBAL_UNCERTAINTY_ASSIGNED_CONTEXT ( ( #3431 ) ) GLOBAL_UNIT_ASSIGNED_CONTEXT ( ( #3002, #1756, #1218 ) ) REPRESENTATION_CONTEXT ( 'NONE', 'WORKASPACE' ) );
#3123 = ORIENTED_EDGE ( 'NONE', *, *, #2801, .F. ) ;
#3124 = CARTESIAN_POINT ( 'NONE',  ( 7.457951938127663105, 1.944477975167059558, -5.499999999999996447 ) ) ;
#3125 = DIRECTION ( 'NONE',  ( 2.891205793294678326E-16, -1.000000000000000000, 0.000000000000000000 ) ) ;
#3126 =( NAMED_UNIT ( * ) PLANE_ANGLE_UNIT ( ) SI_UNIT ( $, .RADIAN. ) );
#3127 = VERTEX_POINT ( 'NONE', #904 ) ;
#3128 =( NAMED_UNIT ( * ) SI_UNIT ( $, .STERADIAN. ) SOLID_ANGLE_UNIT ( ) );
#3129 =( LENGTH_UNIT ( ) NAMED_UNIT ( * ) SI_UNIT ( .MILLI., .METRE. ) );
#3130 = VECTOR ( 'NONE', #166, 1000.000000000000000 ) ;
#3131 = ADVANCED_FACE ( 'NONE', ( #2948 ), #4768, .F. ) ;
#3132 = DIRECTION ( 'NONE',  ( -1.000000000000000000, 0.000000000000000000, -0.000000000000000000 ) ) ;
#3133 = EDGE_LOOP ( 'NONE', ( #314, #2004, #5474, #2902 ) ) ;
#3134 = SURFACE_SIDE_STYLE ('',( #2950 ) ) ;
#3135 = DIRECTION ( 'NONE',  ( 1.000000000000000000, 0.000000000000000000, -1.807003620809194846E-16 ) ) ;
#3136 = CIRCLE ( 'NONE', #495, 0.7500000000000002220 ) ;
#3137 =( NAMED_UNIT ( * ) PLANE_ANGLE_UNIT ( ) SI_UNIT ( $, .RADIAN. ) );
#3138 = FILL_AREA_STYLE ('',( #2200 ) ) ;
#3139 = CIRCLE ( 'NONE', #781, 0.7500000000000000000 ) ;
#3140 = ORIENTED_EDGE ( 'NONE', *, *, #5470, .T. ) ;
#3141 = CARTESIAN_POINT ( 'NONE',  ( 6.681617806910401747, 3.222903230746647640, -5.498999999999982791 ) ) ;
#3142 = UNCERTAINTY_MEASURE_WITH_UNIT (LENGTH_MEASURE( 1.000000000000000082E-05 ), #4675, 'distance_accuracy_value', 'NONE');
#3143 = SURFACE_STYLE_USAGE ( .BOTH. , #7 ) ;
#3144 =( GEOMETRIC_REPRESENTATION_CONTEXT ( 3 ) GLOBAL_UNCERTAINTY_ASSIGNED_CONTEXT ( ( #3719 ) ) GLOBAL_UNIT_ASSIGNED_CONTEXT ( ( #3538, #3949, #5734 ) ) REPRESENTATION_CONTEXT ( 'NONE', 'WORKASPACE' ) );
#3145 = DIRECTION ( 'NONE',  ( -1.835596038252509459E-31, 3.614918832493752804E-15, -1.000000000000000000 ) ) ;
#3146 = PRESENTATION_STYLE_ASSIGNMENT (( #1793 ) ) ;
#3147 = CARTESIAN_POINT ( 'NONE',  ( -6.395513249929057231, 1.777793762384871412, -5.498999999999988120 ) ) ;
#3148 = EDGE_LOOP ( 'NONE', ( #3280 ) ) ;
#3149 = ORIENTED_EDGE ( 'NONE', *, *, #5436, .F. ) ;
#3150 = UNCERTAINTY_MEASURE_WITH_UNIT (LENGTH_MEASURE( 1.000000000000000082E-05 ), #3088, 'distance_accuracy_value', 'NONE');
#3151 = CARTESIAN_POINT ( 'NONE',  ( 7.380945729949021761, 1.870028446841396796, -5.499999999999998224 ) ) ;
#3152 = SPHERICAL_SURFACE ( 'NONE', #2095, 0.4500000000000000111 ) ;
#3153 = CARTESIAN_POINT ( 'NONE',  ( 6.410928914104491838, 2.254315229207391358, -5.498999999999993449 ) ) ;
#3154 = ORIENTED_EDGE ( 'NONE', *, *, #646, .T. ) ;
#3155 = CARTESIAN_POINT ( 'NONE',  ( 7.580503793503463150, 2.289905986217295020, -5.499999999999992895 ) ) ;
#3156 = CARTESIAN_POINT ( 'NONE',  ( 6.487198837404846152, 3.028397558574170034, -5.499999999999984013 ) ) ;
#3157 = CARTESIAN_POINT ( 'NONE',  ( 7.282166955574972178, 2.786992975727167199, -5.498999999999986343 ) ) ;
#3158 = CARTESIAN_POINT ( 'NONE',  ( 1.250000000000003109, 3.250000000000066169, -1.499999999999987788 ) ) ;
#3159 = CARTESIAN_POINT ( 'NONE',  ( 7.252277714530712238, 2.756018894411696341, -5.499999999999987566 ) ) ;
#3160 = CARTESIAN_POINT ( 'NONE',  ( 6.939530406975621624, 2.438820074596844023, -5.499999999999991118 ) ) ;
#3161 = AXIS2_PLACEMENT_3D ( 'NONE', #3497, #1245, #1660 ) ;
#3162 =( NAMED_UNIT ( * ) PLANE_ANGLE_UNIT ( ) SI_UNIT ( $, .RADIAN. ) );
#3163 = ORIENTED_EDGE ( 'NONE', *, *, #4866, .T. ) ;
#3164 = LINE ( 'NONE', #4366, #2733 ) ;
#3165 = FACE_OUTER_BOUND ( 'NONE', #1319, .T. ) ;
#3166 = CLOSED_SHELL ( 'NONE', ( #213, #3090, #2270, #5292, #1871, #1609, #3571, #422, #3252, #4656 ) ) ;
#3167 = VECTOR ( 'NONE', #2843, 1000.000000000000000 ) ;
#3168 = CARTESIAN_POINT ( 'NONE',  ( 6.919580657161322534, 3.113203937415102818, -5.498999999999982791 ) ) ;
#3169 = EDGE_CURVE ( 'NONE', #3673, #3673, #1404, .T. ) ;
#3170 = SURFACE_STYLE_USAGE ( .BOTH. , #1370 ) ;
#3171 = EDGE_LOOP ( 'NONE', ( #1292 ) ) ;
#3172 = MECHANICAL_DESIGN_GEOMETRIC_PRESENTATION_REPRESENTATION (  '', ( #2033 ), #720 ) ;
#3173 = SURFACE_STYLE_FILL_AREA ( #5413 ) ;
#3174 = ADVANCED_FACE ( 'NONE', ( #1725 ), #5353, .T. ) ;
#3175 = CARTESIAN_POINT ( 'NONE',  ( -1.250000000000006439, 2.500000000000094147, -2.999999999999991562 ) ) ;
#3176 = MECHANICAL_DESIGN_GEOMETRIC_PRESENTATION_REPRESENTATION (  '', ( #2601 ), #4126 ) ;
#3177 = CARTESIAN_POINT ( 'NONE',  ( 7.000000000000001776, 2.500000000000071498, -3.799999999999990496 ) ) ;
#3178 = CARTESIAN_POINT ( 'NONE',  ( 7.311065400115772661, 2.900601313063442266, -5.498999999999986343 ) ) ;
#3179 = DIRECTION ( 'NONE',  ( 1.000000000000000000, -2.478176394252580648E-16, -8.901390616337423609E-31 ) ) ;
#3180 = FILL_AREA_STYLE_COLOUR ( '', #3955 ) ;
#3181 = ORIENTED_EDGE ( 'NONE', *, *, #5590, .F. ) ;
#3182 = CARTESIAN_POINT ( 'NONE',  ( 7.580503793503463150, 2.289905986217295020, -5.499999999999992895 ) ) ;
#3183 = FACE_OUTER_BOUND ( 'NONE', #2023, .T. ) ;
#3184 = CARTESIAN_POINT ( 'NONE',  ( 6.487691613459672269, 2.430704330004481051, -5.498999999999991672 ) ) ;
#3185 = VERTEX_POINT ( 'NONE', #4507 ) ;
#3186 =( NAMED_UNIT ( * ) PLANE_ANGLE_UNIT ( ) SI_UNIT ( $, .RADIAN. ) );
#3187 =( NAMED_UNIT ( * ) SI_UNIT ( $, .STERADIAN. ) SOLID_ANGLE_UNIT ( ) );
#3188 = CARTESIAN_POINT ( 'NONE',  ( -3.749999999999996447, 3.250000000000082601, -5.499999999999988454 ) ) ;
#3189 = CARTESIAN_POINT ( 'NONE',  ( 6.756011783798417270, 2.592211245176941681, -5.499999999999989342 ) ) ;
#3190 = CARTESIAN_POINT ( 'NONE',  ( 6.840788455851996908, 2.410704714522806213, -5.499999999999991118 ) ) ;
#3191 = CYLINDRICAL_SURFACE ( 'NONE', #752, 1.499999999999999556 ) ;
#3192 = CARTESIAN_POINT ( 'NONE',  ( 3.750000000000003553, -1.249996883773825784, 8.673617379884229532E-15 ) ) ;
#3193 = FILL_AREA_STYLE_COLOUR ( '', #290 ) ;
#3194 =( LENGTH_UNIT ( ) NAMED_UNIT ( * ) SI_UNIT ( .MILLI., .METRE. ) );
#3195 = CARTESIAN_POINT ( 'NONE',  ( 6.667925546575817819, 2.909781078044739289, -5.498999999999986343 ) ) ;
#3196 = CARTESIAN_POINT ( 'NONE',  ( 6.939530406975621624, 2.438820074596844023, -5.498999999999991672 ) ) ;
#3197 = DIRECTION ( 'NONE',  ( 0.000000000000000000, -1.000000000000000000, 0.000000000000000000 ) ) ;
#3198 = EDGE_LOOP ( 'NONE', ( #3123 ) ) ;
#3199 = VECTOR ( 'NONE', #1484, 1000.000000000000000 ) ;
#3200 = CARTESIAN_POINT ( 'NONE',  ( 6.555929896693291958, 3.129317194976456218, -5.499999999999984013 ) ) ;
#3201 = EDGE_CURVE ( 'NONE', #995, #995, #5836, .T. ) ;
#3202 = AXIS2_PLACEMENT_3D ( 'NONE', #3558, #773, #5793 ) ;
#3203 = CARTESIAN_POINT ( 'NONE',  ( 7.026445460874152005, 3.289245043996149587, -5.498999999999981014 ) ) ;
#3204 = B_SPLINE_CURVE_WITH_KNOTS ( 'NONE', 3,
 ( #2198, #4115, #511, #2329, #4137, #86, #5056, #3705, #60, #1456, #1477, #1505, #1029, #152, #2796, #4589, #2393, #1065, #601 ),
 .UNSPECIFIED., .F., .F.,
 ( 4, 1, 1, 1, 1, 1, 1, 1, 1, 1, 1, 1, 1, 1, 1, 1, 4 ),
 ( 0.000000000000000000, 0.09151103632803719856, 0.1771428603141479985, 0.2571084852282354838, 0.3311983993883854671, 0.4005922945239575039, 0.4656249598049639893, 0.5269734913138600652, 0.5854431157040229650, 0.6413985080863310317, 0.6950441672657240444, 0.7467815514927479414, 0.7969589345766999733, 0.8475448623598800246, 0.8974385414187390220, 0.9476489188871289882, 1.000000000000000000 ),
 .UNSPECIFIED. ) ;
#3205 = AXIS2_PLACEMENT_3D ( 'NONE', #4135, #1027, #5451 ) ;
#3206 = DIRECTION ( 'NONE',  ( 0.000000000000000000, -3.713525943768165452E-15, 1.000000000000000000 ) ) ;
#3207 = ADVANCED_FACE ( 'NONE', ( #2599, #777 ), #1309, .T. ) ;
#3208 = CARTESIAN_POINT ( 'NONE',  ( -7.549359403775211419, 3.277793762384871634, -5.498999999999993449 ) ) ;
#3209 = STYLED_ITEM ( 'NONE', ( #3729 ), #2793 ) ;
#3210 = ORIENTED_EDGE ( 'NONE', *, *, #3009, .F. ) ;
#3211 = LINE ( 'NONE', #496, #48 ) ;
#3212 = CARTESIAN_POINT ( 'NONE',  ( 7.547634779938952043, 2.103258737546648049, -5.499999999999994671 ) ) ;
#3213 = FILL_AREA_STYLE_COLOUR ( '', #2462 ) ;
#3214 = STYLED_ITEM ( 'NONE', ( #4300 ), #4378 ) ;
#3215 = ORIENTED_EDGE ( 'NONE', *, *, #4755, .T. ) ;
#3216 = CARTESIAN_POINT ( 'NONE',  ( 7.032799908030922253, 3.116534081582616356, -5.499999999999984013 ) ) ;
#3217 = CARTESIAN_POINT ( 'NONE',  ( -0.6257359312880754754, 5.000000000000065725, -1.299999999999981615 ) ) ;
#3218 = CARTESIAN_POINT ( 'NONE',  ( -0.9499999999999964029, 2.500000000000099476, -1.199999999999991296 ) ) ;
#3219 = AXIS2_PLACEMENT_3D ( 'NONE', #1985, #2451, #1902 ) ;
#3220 = MECHANICAL_DESIGN_GEOMETRIC_PRESENTATION_REPRESENTATION (  '', ( #2826 ), #1425 ) ;
#3221 = COLOUR_RGB ( '',0.8980392156862745390, 0.8980392156862745390, 0.8980392156862745390 ) ;
#3222 = ORIENTED_EDGE ( 'NONE', *, *, #2764, .F. ) ;
#3223 =( LENGTH_UNIT ( ) NAMED_UNIT ( * ) SI_UNIT ( .MILLI., .METRE. ) );
#3224 =( GEOMETRIC_REPRESENTATION_CONTEXT ( 3 ) GLOBAL_UNCERTAINTY_ASSIGNED_CONTEXT ( ( #2465 ) ) GLOBAL_UNIT_ASSIGNED_CONTEXT ( ( #3194, #5852, #4036 ) ) REPRESENTATION_CONTEXT ( 'NONE', 'WORKASPACE' ) );
#3225 = CARTESIAN_POINT ( 'NONE',  ( 6.678776834994686773, 1.804120453681900660, -5.498999999999998778 ) ) ;
#3226 = CIRCLE ( 'NONE', #3412, 1.500000000000000000 ) ;
#3227 = CARTESIAN_POINT ( 'NONE',  ( 6.677071747364041521, 2.938038467859186209, -5.499999999999985789 ) ) ;
#3228 = AXIS2_PLACEMENT_3D ( 'NONE', #3422, #5224, #5270 ) ;
#3229 = CARTESIAN_POINT ( 'NONE',  ( 7.025130450747492539, 2.461523424362236145, -5.498999999999989896 ) ) ;
#3230 = CARTESIAN_POINT ( 'NONE',  ( 7.493363640753073263, 2.735369973891756068, -5.498999999999988120 ) ) ;
#3231 = MECHANICAL_DESIGN_GEOMETRIC_PRESENTATION_REPRESENTATION (  '', ( #597 ), #2836 ) ;
#3232 = AXIS2_PLACEMENT_3D ( 'NONE', #1781, #508, #2768 ) ;
#3233 =( NAMED_UNIT ( * ) SI_UNIT ( $, .STERADIAN. ) SOLID_ANGLE_UNIT ( ) );
#3234 = CARTESIAN_POINT ( 'NONE',  ( 7.092578537431452723, 1.759665421063810742, -5.498999999999998778 ) ) ;
#3235 =( GEOMETRIC_REPRESENTATION_CONTEXT ( 3 ) GLOBAL_UNCERTAINTY_ASSIGNED_CONTEXT ( ( #570 ) ) GLOBAL_UNIT_ASSIGNED_CONTEXT ( ( #2611, #1676, #2061 ) ) REPRESENTATION_CONTEXT ( 'NONE', 'WORKASPACE' ) );
#3236 = PRESENTATION_STYLE_ASSIGNMENT (( #2337 ) ) ;
#3237 = FACE_OUTER_BOUND ( 'NONE', #1285, .T. ) ;
#3238 = LINE ( 'NONE', #918, #3699 ) ;
#3239 = MECHANICAL_DESIGN_GEOMETRIC_PRESENTATION_REPRESENTATION (  '', ( #3718 ), #5037 ) ;
#3240 = PRESENTATION_STYLE_ASSIGNMENT (( #104 ) ) ;
#3241 = EDGE_CURVE ( 'NONE', #251, #3106, #5771, .T. ) ;
#3242 = ORIENTED_EDGE ( 'NONE', *, *, #3459, .F. ) ;
#3243 = ORIENTED_EDGE ( 'NONE', *, *, #2974, .F. ) ;
#3244 = CARTESIAN_POINT ( 'NONE',  ( 7.092578537431452723, 1.759665421063810742, -5.499999999999998224 ) ) ;
#3245 = FACE_OUTER_BOUND ( 'NONE', #1803, .T. ) ;
#3246 = CARTESIAN_POINT ( 'NONE',  ( 6.939530406975621624, 2.438820074596844023, -5.498999999999991672 ) ) ;
#3247 = CARTESIAN_POINT ( 'NONE',  ( 7.235599723498171265, 3.051651771030712723, -5.499999999999984013 ) ) ;
#3248 = CARTESIAN_POINT ( 'NONE',  ( -7.325801711467520683, 1.777793762384871412, -5.499999999999987566 ) ) ;
#3249 = CARTESIAN_POINT ( 'NONE',  ( -3.749999999999996003, 1.900000000000099609, -1.499999999999993561 ) ) ;
#3250 = MECHANICAL_DESIGN_GEOMETRIC_PRESENTATION_REPRESENTATION (  '', ( #2945 ), #1635 ) ;
#3251 = CARTESIAN_POINT ( 'NONE',  ( 6.722923894247752052, 2.580676396493912783, -5.498999999999989896 ) ) ;
#3252 = ADVANCED_FACE ( 'NONE', ( #127, #3764 ), #1006, .T. ) ;
#3253 = CARTESIAN_POINT ( 'NONE',  ( -7.549359403775211419, 1.777793762384871412, -5.498999999999988120 ) ) ;
#3254 = CARTESIAN_POINT ( 'NONE',  ( 6.640432345232551548, 2.088416259705660138, -5.499999999999994671 ) ) ;
#3255 = EDGE_LOOP ( 'NONE', ( #5732 ) ) ;
#3256 = DIRECTION ( 'NONE',  ( -1.000000000000000000, 4.336808689942016750E-16, 1.557743357859049482E-30 ) ) ;
#3257 = CARTESIAN_POINT ( 'NONE',  ( 7.000000000000001776, 2.500000000000074163, -4.499999999999990230 ) ) ;
#3258 = CARTESIAN_POINT ( 'NONE',  ( 7.508081592940231808, 2.989009588374113680, -5.498999999999984567 ) ) ;
#3259 = FACE_OUTER_BOUND ( 'NONE', #1256, .T. ) ;
#3260 = CARTESIAN_POINT ( 'NONE',  ( 6.980840326083352032, 3.116549819806031962, -5.499999999999984013 ) ) ;
#3261 = AXIS2_PLACEMENT_3D ( 'NONE', #2997, #1190, #2970 ) ;
#3262 = CARTESIAN_POINT ( 'NONE',  ( -7.337820942236751520, 3.277793762384871634, -5.498999999999993449 ) ) ;
#3263 = CARTESIAN_POINT ( 'NONE',  ( 7.380945729949021761, 1.870028446841396796, -5.498999999999997002 ) ) ;
#3264 = DIRECTION ( 'NONE',  ( 0.000000000000000000, 3.591911631868355648E-15, -1.000000000000000000 ) ) ;
#3265 =( LENGTH_UNIT ( ) NAMED_UNIT ( * ) SI_UNIT ( .MILLI., .METRE. ) );
#3266 = FILL_AREA_STYLE ('',( #5647 ) ) ;
#3267 = AXIS2_PLACEMENT_3D ( 'NONE', #1412, #2674, #2239 ) ;
#3268 =( LENGTH_UNIT ( ) NAMED_UNIT ( * ) SI_UNIT ( .MILLI., .METRE. ) );
#3269 = EDGE_LOOP ( 'NONE', ( #4255, #3051, #2479, #2187 ) ) ;
#3270 = CARTESIAN_POINT ( 'NONE',  ( 7.580503793503463150, 2.289905986217295020, -5.498999999999993449 ) ) ;
#3271 = LINE ( 'NONE', #2383, #4556 ) ;
#3272 = CARTESIAN_POINT ( 'NONE',  ( 7.277435565302813103, 2.543111651557424135, -5.499999999999989342 ) ) ;
#3273 = CARTESIAN_POINT ( 'NONE',  ( 7.215028999209282645, 3.066962706914142522, -5.499999999999984013 ) ) ;
#3274 = CARTESIAN_POINT ( 'NONE',  ( 7.309665332390822279, 2.855017473052577248, -5.498999999999986343 ) ) ;
#3275 = EDGE_CURVE ( 'NONE', #3885, #2756, #1396, .T. ) ;
#3276 = CARTESIAN_POINT ( 'NONE',  ( 1.450000000000003730, -1.249996883773825784, 8.673617379884229532E-15 ) ) ;
#3277 = FILL_AREA_STYLE_COLOUR ( '', #5549 ) ;
#3278 = CARTESIAN_POINT ( 'NONE',  ( 7.025130450747492539, 2.461523424362236145, -5.499999999999991118 ) ) ;
#3279 = B_SPLINE_SURFACE_WITH_KNOTS ( 'NONE', 3, 1, ( 
 ( #2963, #175 ),
 ( #1977, #1537 ),
 ( #3813, #4678 ),
 ( #5202, #1092 ),
 ( #1625, #4702 ),
 ( #5233, #650 ),
 ( #2443, #4259 ),
 ( #3838, #1185 ),
 ( #3398, #4785 ),
 ( #1154, #741 ),
 ( #4730, #5175 ) ),
 .UNSPECIFIED., .F., .F., .F.,
 ( 4, 1, 1, 1, 1, 1, 1, 1, 4 ),
 ( 2, 2 ),
 ( 0.000000000000000000, 0.1177675192120364034, 0.2301764485440569996, 0.3398429589695389774, 0.4506252599208619980, 0.5669428888721620430, 0.6960213064547929873, 0.8394383602270610867, 1.000000000000000000 ),
 ( 0.000000000000000000, 1.000000000000000000 ),
 .UNSPECIFIED. ) ;
#3280 = ORIENTED_EDGE ( 'NONE', *, *, #3169, .T. ) ;
#3281 = DIRECTION ( 'NONE',  ( 5.782411586589355667E-16, 1.000000000000000000, 3.469446951953613006E-15 ) ) ;
#3282 = CARTESIAN_POINT ( 'NONE',  ( -3.749999999999996003, -1.249996883773825784, 8.673617379884229532E-15 ) ) ;
#3283 = EDGE_CURVE ( 'NONE', #54, #54, #456, .T. ) ;
#3284 = CARTESIAN_POINT ( 'NONE',  ( 6.981966863032342374, 2.654005082538093863, -5.498999999999988120 ) ) ;
#3285 = SURFACE_STYLE_USAGE ( .BOTH. , #3840 ) ;
#3286 = CARTESIAN_POINT ( 'NONE',  ( 6.774582979370162406, 3.065129680504195875, -5.499999999999984013 ) ) ;
#3287 = CARTESIAN_POINT ( 'NONE',  ( 6.784105673392167191, 2.390932773329218719, -5.498999999999991672 ) ) ;
#3288 =( NAMED_UNIT ( * ) SI_UNIT ( $, .STERADIAN. ) SOLID_ANGLE_UNIT ( ) );
#3289 = UNCERTAINTY_MEASURE_WITH_UNIT (LENGTH_MEASURE( 1.000000000000000082E-05 ), #502, 'distance_accuracy_value', 'NONE');
#3290 = DIRECTION ( 'NONE',  ( 0.000000000000000000, -1.000000000000000000, 0.000000000000000000 ) ) ;
#3291 = CARTESIAN_POINT ( 'NONE',  ( 7.144161768580692851, 3.278548803677239665, -5.498999999999981014 ) ) ;
#3292 = CARTESIAN_POINT ( 'NONE',  ( 1.089953900083879823, 5.492055319899418642, -4.499999999999979572 ) ) ;
#3293 = SURFACE_SIDE_STYLE ('',( #2403 ) ) ;
#3294 = MECHANICAL_DESIGN_GEOMETRIC_PRESENTATION_REPRESENTATION (  '', ( #1685 ), #3856 ) ;
#3295 = FILL_AREA_STYLE_COLOUR ( '', #990 ) ;
#3296 = UNCERTAINTY_MEASURE_WITH_UNIT (LENGTH_MEASURE( 1.000000000000000082E-05 ), #2697, 'distance_accuracy_value', 'NONE');
#3297 = MECHANICAL_DESIGN_GEOMETRIC_PRESENTATION_REPRESENTATION (  '', ( #923 ), #1689 ) ;
#3298 = EDGE_LOOP ( 'NONE', ( #599, #2820, #5658, #4832 ) ) ;
#3299 = PRESENTATION_STYLE_ASSIGNMENT (( #2055 ) ) ;
#3300 = CARTESIAN_POINT ( 'NONE',  ( -7.337820942236751520, 3.277793762384871634, -5.499999999999992895 ) ) ;
#3301 = FACE_OUTER_BOUND ( 'NONE', #3535, .T. ) ;
#3302 = CARTESIAN_POINT ( 'NONE',  ( 7.311273024272692211, 2.892970890063448763, -5.499999999999985789 ) ) ;
#3303 = DIRECTION ( 'NONE',  ( 1.000000000000000000, 0.000000000000000000, 0.000000000000000000 ) ) ;
#3304 = VERTEX_POINT ( 'NONE', #5102 ) ;
#3305 = CARTESIAN_POINT ( 'NONE',  ( 6.863662756611012661, 1.932798462220692626, -5.499999999999996447 ) ) ;
#3306 = PRESENTATION_STYLE_ASSIGNMENT (( #5403 ) ) ;
#3307 = MECHANICAL_DESIGN_GEOMETRIC_PRESENTATION_REPRESENTATION (  '', ( #93 ), #4629 ) ;
#3308 = PRODUCT_RELATED_PRODUCT_CATEGORY ( 'part', '', ( #1008 ) ) ;
#3309 = EDGE_LOOP ( 'NONE', ( #403 ) ) ;
#3310 = AXIS2_PLACEMENT_3D ( 'NONE', #1557, #1016, #3803 ) ;
#3311 = ORIENTED_EDGE ( 'NONE', *, *, #137, .F. ) ;
#3312 = FACE_OUTER_BOUND ( 'NONE', #5107, .T. ) ;
#3313 = DIRECTION ( 'NONE',  ( 1.000000000000000000, -2.168404344971008375E-16, -7.788716789295247410E-31 ) ) ;
#3314 = SURFACE_SIDE_STYLE ('',( #4994 ) ) ;
#3315 = CARTESIAN_POINT ( 'NONE',  ( -3.749999999999996003, 2.500000000000099476, -1.199999999999991296 ) ) ;
#3316 =( GEOMETRIC_REPRESENTATION_CONTEXT ( 3 ) GLOBAL_UNCERTAINTY_ASSIGNED_CONTEXT ( ( #4050 ) ) GLOBAL_UNIT_ASSIGNED_CONTEXT ( ( #4667, #3423, #4336 ) ) REPRESENTATION_CONTEXT ( 'NONE', 'WORKASPACE' ) );
#3317 = TOROIDAL_SURFACE ( 'NONE', #3112, 0.5999999999999999778, 0.2999999999999999889 ) ;
#3318 =( LENGTH_UNIT ( ) NAMED_UNIT ( * ) SI_UNIT ( .MILLI., .METRE. ) );
#3319 = FACE_OUTER_BOUND ( 'NONE', #3900, .T. ) ;
#3320 = EDGE_CURVE ( 'NONE', #525, #1355, #3655, .T. ) ;
#3321 = EDGE_CURVE ( 'NONE', #5447, #5447, #266, .T. ) ;
#3322 = VECTOR ( 'NONE', #632, 1000.000000000000000 ) ;
#3323 = MECHANICAL_DESIGN_GEOMETRIC_PRESENTATION_REPRESENTATION (  '', ( #2366 ), #3512 ) ;
#3324 =( NAMED_UNIT ( * ) PLANE_ANGLE_UNIT ( ) SI_UNIT ( $, .RADIAN. ) );
#3325 =( GEOMETRIC_REPRESENTATION_CONTEXT ( 3 ) GLOBAL_UNCERTAINTY_ASSIGNED_CONTEXT ( ( #1667 ) ) GLOBAL_UNIT_ASSIGNED_CONTEXT ( ( #1542, #3401, #4737 ) ) REPRESENTATION_CONTEXT ( 'NONE', 'WORKASPACE' ) );
#3326 = PRESENTATION_LAYER_ASSIGNMENT (  '', '', ( #1431 ) ) ;
#3327 = DIRECTION ( 'NONE',  ( 0.000000000000000000, 1.000000000000000000, 0.000000000000000000 ) ) ;
#3328 = EDGE_CURVE ( 'NONE', #1951, #1951, #3585, .T. ) ;
#3329 = DIRECTION ( 'NONE',  ( 1.000000000000000000, 0.000000000000000000, 0.000000000000000000 ) ) ;
#3330 = CARTESIAN_POINT ( 'NONE',  ( 7.468863530848252275, 2.692405734649357285, -5.499999999999989342 ) ) ;
#3331 = CARTESIAN_POINT ( 'NONE',  ( 7.301357158888082566, 2.554930024678833345, -5.498999999999989896 ) ) ;
#3332 = CARTESIAN_POINT ( 'NONE',  ( 7.000000000000001776, 2.500000000000077272, -5.399999999999989697 ) ) ;
#3333 = MECHANICAL_DESIGN_GEOMETRIC_PRESENTATION_REPRESENTATION (  '', ( #1060 ), #4277 ) ;
#3334 = EDGE_LOOP ( 'NONE', ( #5311, #2240, #4825, #2328, #2703, #5799, #373, #3757, #3020, #1844 ) ) ;
#3335 = CIRCLE ( 'NONE', #604, 0.7500000000000002220 ) ;
#3336 = LINE ( 'NONE', #5136, #5110 ) ;
#3337 = FILL_AREA_STYLE ('',( #3829 ) ) ;
#3338 = CARTESIAN_POINT ( 'NONE',  ( 6.796044481997387976, 2.395832066392165505, -5.498999999999991672 ) ) ;
#3339 = FACE_OUTER_BOUND ( 'NONE', #3384, .T. ) ;
#3340 = AXIS2_PLACEMENT_3D ( 'NONE', #1826, #3767, #3604 ) ;
#3341 = CIRCLE ( 'NONE', #1733, 0.2999999999999999889 ) ;
#3342 =( NAMED_UNIT ( * ) PLANE_ANGLE_UNIT ( ) SI_UNIT ( $, .RADIAN. ) );
#3343 = ORIENTED_EDGE ( 'NONE', *, *, #5051, .T. ) ;
#3344 = ORIENTED_EDGE ( 'NONE', *, *, #1436, .F. ) ;
#3345 = DIRECTION ( 'NONE',  ( 1.000000000000000000, 0.000000000000000000, 0.000000000000000000 ) ) ;
#3346 = CARTESIAN_POINT ( 'NONE',  ( 6.416170952994841414, 2.282080400632762185, -5.499999999999992895 ) ) ;
#3347 = DIRECTION ( 'NONE',  ( 0.000000000000000000, -1.000000000000000000, -2.760287964870829992E-45 ) ) ;
#3348 = CARTESIAN_POINT ( 'NONE',  ( 6.793315521618622732, 2.603838849198320649, -5.498999999999989896 ) ) ;
#3349 = CARTESIAN_POINT ( 'NONE',  ( -6.999999999999996447, 2.500000000000080824, -5.399999999999990585 ) ) ;
#3350 = SURFACE_STYLE_USAGE ( .BOTH. , #3376 ) ;
#3351 = UNCERTAINTY_MEASURE_WITH_UNIT (LENGTH_MEASURE( 1.000000000000000082E-05 ), #4889, 'distance_accuracy_value', 'NONE');
#3352 = CYLINDRICAL_SURFACE ( 'NONE', #587, 0.7500000000000000000 ) ;
#3353 = EDGE_CURVE ( 'NONE', #5342, #1220, #4565, .T. ) ;
#3354 = SURFACE_STYLE_FILL_AREA ( #4684 ) ;
#3355 = CARTESIAN_POINT ( 'NONE',  ( 7.301357158888082566, 2.554930024678833345, -5.499999999999989342 ) ) ;
#3356 = PLANE ( 'NONE',  #381 ) ;
#3357 = EDGE_CURVE ( 'NONE', #3054, #2034, #2864, .T. ) ;
#3358 = CARTESIAN_POINT ( 'NONE',  ( 7.366638531611882534, 2.270912741246291944, -5.498999999999993449 ) ) ;
#3359 =( GEOMETRIC_REPRESENTATION_CONTEXT ( 3 ) GLOBAL_UNCERTAINTY_ASSIGNED_CONTEXT ( ( #5617 ) ) GLOBAL_UNIT_ASSIGNED_CONTEXT ( ( #472, #4879, #1783 ) ) REPRESENTATION_CONTEXT ( 'NONE', 'WORKASPACE' ) );
#3360 = ORIENTED_EDGE ( 'NONE', *, *, #5590, .T. ) ;
#3361 = UNCERTAINTY_MEASURE_WITH_UNIT (LENGTH_MEASURE( 1.000000000000000082E-05 ), #5612, 'distance_accuracy_value', 'NONE');
#3362 = FACE_OUTER_BOUND ( 'NONE', #5187, .T. ) ;
#3363 = LINE ( 'NONE', #642, #951 ) ;
#3364 = STYLED_ITEM ( 'NONE', ( #4392 ), #2325 ) ;
#3365 = FILL_AREA_STYLE ('',( #5225 ) ) ;
#3366 = CYLINDRICAL_SURFACE ( 'NONE', #5497, 0.4499999999999999001 ) ;
#3367 = FACE_OUTER_BOUND ( 'NONE', #339, .T. ) ;
#3368 = VECTOR ( 'NONE', #2781, 1000.000000000000000 ) ;
#3369 = ORIENTED_EDGE ( 'NONE', *, *, #2045, .T. ) ;
#3370 = VERTEX_POINT ( 'NONE', #744 ) ;
#3371 = CARTESIAN_POINT ( 'NONE',  ( 6.577717654150907478, 2.510434791072125638, -5.499999999999991118 ) ) ;
#3372 =( NAMED_UNIT ( * ) SI_UNIT ( $, .STERADIAN. ) SOLID_ANGLE_UNIT ( ) );
#3373 = CARTESIAN_POINT ( 'NONE',  ( 6.535962641769426540, 3.106041350547822599, -5.498999999999982791 ) ) ;
#3374 = FACE_OUTER_BOUND ( 'NONE', #4494, .T. ) ;
#3375 = CARTESIAN_POINT ( 'NONE',  ( 6.455904479295922371, 2.384594447997137934, -5.499999999999991118 ) ) ;
#3376 = SURFACE_SIDE_STYLE ('',( #5610 ) ) ;
#3377 = CARTESIAN_POINT ( 'NONE',  ( 6.880224449475321968, 2.628069333343674874, -5.499999999999989342 ) ) ;
#3378 = UNCERTAINTY_MEASURE_WITH_UNIT (LENGTH_MEASURE( 1.000000000000000082E-05 ), #4161, 'distance_accuracy_value', 'NONE');
#3379 = EDGE_CURVE ( 'NONE', #4937, #525, #5553, .T. ) ;
#3380 = SURFACE_STYLE_USAGE ( .BOTH. , #1574 ) ;
#3381 = UNCERTAINTY_MEASURE_WITH_UNIT (LENGTH_MEASURE( 1.000000000000000082E-05 ), #1552, 'distance_accuracy_value', 'NONE');
#3382 = CARTESIAN_POINT ( 'NONE',  ( 6.445888408888078125, 2.847598293909602507, -5.498999999999986343 ) ) ;
#3383 = SURFACE_STYLE_USAGE ( .BOTH. , #224 ) ;
#3384 = EDGE_LOOP ( 'NONE', ( #5229 ) ) ;
#3385 =( GEOMETRIC_REPRESENTATION_CONTEXT ( 3 ) GLOBAL_UNCERTAINTY_ASSIGNED_CONTEXT ( ( #4856 ) ) GLOBAL_UNIT_ASSIGNED_CONTEXT ( ( #90, #943, #4970 ) ) REPRESENTATION_CONTEXT ( 'NONE', 'WORKASPACE' ) );
#3386 = DIRECTION ( 'NONE',  ( 1.000000000000000000, -5.551115123125782702E-17, -4.063390949319085680E-31 ) ) ;
#3387 = PLANE ( 'NONE',  #3310 ) ;
#3388 = SURFACE_STYLE_USAGE ( .BOTH. , #1559 ) ;
#3389 = DIRECTION ( 'NONE',  ( 1.000000000000000000, 0.000000000000000000, 0.000000000000000000 ) ) ;
#3390 = CARTESIAN_POINT ( 'NONE',  ( 6.739769375195787227, 1.978153120805116627, -5.499999999999996447 ) ) ;
#3391 = ORIENTED_EDGE ( 'NONE', *, *, #96, .F. ) ;
#3392 = ORIENTED_EDGE ( 'NONE', *, *, #390, .F. ) ;
#3393 = FILL_AREA_STYLE ('',( #3811 ) ) ;
#3394 = DIRECTION ( 'NONE',  ( 0.000000000000000000, 0.000000000000000000, 1.000000000000000000 ) ) ;
#3395 = MECHANICAL_DESIGN_GEOMETRIC_PRESENTATION_REPRESENTATION (  '', ( #835 ), #5743 ) ;
#3396 = EDGE_LOOP ( 'NONE', ( #305, #4697, #5774, #1105 ) ) ;
#3397 = CARTESIAN_POINT ( 'NONE',  ( 6.455904479295922371, 2.384594447997137934, -5.498999999999991672 ) ) ;
#3398 = CARTESIAN_POINT ( 'NONE',  ( 6.739578658345801720, 2.371646462144207046, -5.498999999999991672 ) ) ;
#3399 = CARTESIAN_POINT ( 'NONE',  ( 6.600647338859062963, 3.171677010064108071, -5.498999999999982791 ) ) ;
#3400 = CARTESIAN_POINT ( 'NONE',  ( 6.551966942490953016, 2.492023309889373373, -5.499999999999991118 ) ) ;
#3401 =( NAMED_UNIT ( * ) PLANE_ANGLE_UNIT ( ) SI_UNIT ( $, .RADIAN. ) );
#3402 = MECHANICAL_DESIGN_GEOMETRIC_PRESENTATION_REPRESENTATION (  '', ( #5653 ), #4155 ) ;
#3403 = CARTESIAN_POINT ( 'NONE',  ( 7.298830698422622554, 2.819431707109289587, -5.498999999999986343 ) ) ;
#3404 = STYLED_ITEM ( 'NONE', ( #4218 ), #3940 ) ;
#3405 = DIRECTION ( 'NONE',  ( -1.835596038252509459E-31, 3.614918832493752804E-15, -1.000000000000000000 ) ) ;
#3406 = PRESENTATION_STYLE_ASSIGNMENT (( #240 ) ) ;
#3407 = CARTESIAN_POINT ( 'NONE',  ( 7.240757775251312367, 2.746200160688702763, -5.499999999999987566 ) ) ;
#3408 =( GEOMETRIC_REPRESENTATION_CONTEXT ( 3 ) GLOBAL_UNCERTAINTY_ASSIGNED_CONTEXT ( ( #1183 ) ) GLOBAL_UNIT_ASSIGNED_CONTEXT ( ( #3766, #2400, #2714 ) ) REPRESENTATION_CONTEXT ( 'NONE', 'WORKASPACE' ) );
#3409 = CARTESIAN_POINT ( 'NONE',  ( 7.567818619811232494, 2.174938079851820749, -5.498999999999993449 ) ) ;
#3410 = DIRECTION ( 'NONE',  ( 0.000000000000000000, 3.591911631868355648E-15, -1.000000000000000000 ) ) ;
#3411 = AXIS2_PLACEMENT_3D ( 'NONE', #1261, #3046, #2146 ) ;
#3412 = AXIS2_PLACEMENT_3D ( 'NONE', #2421, #4232, #288 ) ;
#3413 = ORIENTED_EDGE ( 'NONE', *, *, #2828, .F. ) ;
#3414 = AXIS2_PLACEMENT_3D ( 'NONE', #2067, #716, #1509 ) ;
#3415 = CARTESIAN_POINT ( 'NONE',  ( 7.144161768580692851, 3.278548803677239665, -5.499999999999982236 ) ) ;
#3416 = STYLED_ITEM ( 'NONE', ( #3097 ), #5460 ) ;
#3417 = CIRCLE ( 'NONE', #861, 0.2999999999999999334 ) ;
#3418 =( GEOMETRIC_REPRESENTATION_CONTEXT ( 3 ) GLOBAL_UNCERTAINTY_ASSIGNED_CONTEXT ( ( #5747 ) ) GLOBAL_UNIT_ASSIGNED_CONTEXT ( ( #1581, #2778, #3742 ) ) REPRESENTATION_CONTEXT ( 'NONE', 'WORKASPACE' ) );
#3419 = STYLED_ITEM ( 'NONE', ( #1549 ), #313 ) ;
#3420 = PRESENTATION_LAYER_ASSIGNMENT (  '', '', ( #2285 ) ) ;
#3421 = ORIENTED_EDGE ( 'NONE', *, *, #4011, .T. ) ;
#3422 = CARTESIAN_POINT ( 'NONE',  ( 1.250000000000003775, 1.300000000000115286, 8.673617379884229532E-15 ) ) ;
#3423 =( NAMED_UNIT ( * ) PLANE_ANGLE_UNIT ( ) SI_UNIT ( $, .RADIAN. ) );
#3424 = CARTESIAN_POINT ( 'NONE',  ( -3.749999999999996003, 1.750000000000094147, -1.499999999999991340 ) ) ;
#3425 = EDGE_CURVE ( 'NONE', #845, #170, #5210, .T. ) ;
#3426 = DIRECTION ( 'NONE',  ( -0.7071067811865439090, 2.539865072316965822E-15, -0.7071067811865512365 ) ) ;
#3427 = MECHANICAL_DESIGN_GEOMETRIC_PRESENTATION_REPRESENTATION (  '', ( #2473 ), #968 ) ;
#3428 = EDGE_LOOP ( 'NONE', ( #1326, #5144, #4926, #2228 ) ) ;
#3429 = VERTEX_POINT ( 'NONE', #1572 ) ;
#3430 = SURFACE_STYLE_USAGE ( .BOTH. , #2035 ) ;
#3431 = UNCERTAINTY_MEASURE_WITH_UNIT (LENGTH_MEASURE( 1.000000000000000082E-05 ), #3002, 'distance_accuracy_value', 'NONE');
#3432 = CARTESIAN_POINT ( 'NONE',  ( 6.432148815750462489, 2.335096187747808916, -5.498999999999991672 ) ) ;
#3433 = CARTESIAN_POINT ( 'NONE',  ( 7.000000000000003553, 5.000000000000073719, -4.499999999999981348 ) ) ;
#3434 = CARTESIAN_POINT ( 'NONE',  ( 6.450295694736602137, 2.910626637161039199, -5.498999999999986343 ) ) ;
#3435 = MECHANICAL_DESIGN_GEOMETRIC_PRESENTATION_REPRESENTATION (  '', ( #2205 ), #3144 ) ;
#3436 = ADVANCED_FACE ( 'NONE', ( #5151, #3319 ), #1629, .T. ) ;
#3437 = DIRECTION ( 'NONE',  ( 5.102127870520019010E-16, 1.000000000000000000, 3.591911631868355648E-15 ) ) ;
#3438 =( LENGTH_UNIT ( ) NAMED_UNIT ( * ) SI_UNIT ( .MILLI., .METRE. ) );
#3439 = CARTESIAN_POINT ( 'NONE',  ( 7.311273024272692211, 2.892970890063448763, -5.498999999999986343 ) ) ;
#3440 = VECTOR ( 'NONE', #4517, 1000.000000000000000 ) ;
#3441 = CARTESIAN_POINT ( 'NONE',  ( 6.492127030697361967, 1.947161317297821492, -5.498999999999997002 ) ) ;
#3442 = DIRECTION ( 'NONE',  ( 5.782411586589355667E-16, 1.000000000000000000, 3.469446951953613006E-15 ) ) ;
#3443 = FILL_AREA_STYLE_COLOUR ( '', #2038 ) ;
#3444 = CARTESIAN_POINT ( 'NONE',  ( 7.457951938127663105, 1.944477975167059558, -5.498999999999997002 ) ) ;
#3445 = FACE_OUTER_BOUND ( 'NONE', #1766, .T. ) ;
#3446 = ORIENTED_EDGE ( 'NONE', *, *, #2585, .T. ) ;
#3447 = CARTESIAN_POINT ( 'NONE',  ( -6.999999999999998224, 7.546047120499110861E-14, -3.799999999999999378 ) ) ;
#3448 = CARTESIAN_POINT ( 'NONE',  ( 6.658770954638501216, 2.858339229705086026, -5.499999999999987566 ) ) ;
#3449 = DIRECTION ( 'NONE',  ( 0.5403350958123748216, 0.8414499297245389142, 2.808914749783441563E-15 ) ) ;
#3450 = CARTESIAN_POINT ( 'NONE',  ( 6.657426870426536247, 2.847598293909602507, -5.499999999999987566 ) ) ;
#3451 = ORIENTED_EDGE ( 'NONE', *, *, #1839, .T. ) ;
#3452 = CARTESIAN_POINT ( 'NONE',  ( 7.000000000000003553, 5.000000000000063949, -1.499999999999981570 ) ) ;
#3453 = CARTESIAN_POINT ( 'NONE',  ( 7.000000000000003553, 5.000000000000071054, -3.799999999999981171 ) ) ;
#3454 = PRESENTATION_STYLE_ASSIGNMENT (( #3896 ) ) ;
#3455 = CARTESIAN_POINT ( 'NONE',  ( 6.618965331964997034, 2.186240120832679601, -5.498999999999993449 ) ) ;
#3456 = ORIENTED_EDGE ( 'NONE', *, *, #4018, .T. ) ;
#3457 = PRESENTATION_LAYER_ASSIGNMENT (  '', '', ( #155 ) ) ;
#3458 = ORIENTED_EDGE ( 'NONE', *, *, #1464, .F. ) ;
#3459 = EDGE_CURVE ( 'NONE', #251, #928, #1544, .T. ) ;
#3460 = CARTESIAN_POINT ( 'NONE',  ( 6.968530258399551869, 1.751579224833925696, -5.498999999999998778 ) ) ;
#3461 = ORIENTED_EDGE ( 'NONE', *, *, #2754, .F. ) ;
#3462 = CARTESIAN_POINT ( 'NONE',  ( 1.500000000000000000, 5.000000000000075495, -3.999999999999980904 ) ) ;
#3463 = SURFACE_STYLE_USAGE ( .BOTH. , #1066 ) ;
#3464 = CARTESIAN_POINT ( 'NONE',  ( 7.381239383569412560, 3.176973034421727515, -5.498999999999982791 ) ) ;
#3465 = COLOUR_RGB ( '',0.1019607843137254888, 0.1019607843137254888, 0.1019607843137254888 ) ;
#3466 = FILL_AREA_STYLE_COLOUR ( '', #359 ) ;
#3467 = EDGE_CURVE ( 'NONE', #2756, #29, #2166, .T. ) ;
#3468 =( NAMED_UNIT ( * ) PLANE_ANGLE_UNIT ( ) SI_UNIT ( $, .RADIAN. ) );
#3469 = PRESENTATION_STYLE_ASSIGNMENT (( #5704 ) ) ;
#3470 =( NAMED_UNIT ( * ) PLANE_ANGLE_UNIT ( ) SI_UNIT ( $, .RADIAN. ) );
#3471 = CARTESIAN_POINT ( 'NONE',  ( 7.192747398978432294, 2.720077491365664901, -5.499999999999987566 ) ) ;
#3472 =( LENGTH_UNIT ( ) NAMED_UNIT ( * ) SI_UNIT ( .MILLI., .METRE. ) );
#3473 = DIRECTION ( 'NONE',  ( 0.000000000000000000, -3.568904431242956914E-15, 1.000000000000000000 ) ) ;
#3474 = ORIENTED_EDGE ( 'NONE', *, *, #1329, .T. ) ;
#3475 = FILL_AREA_STYLE_COLOUR ( '', #4749 ) ;
#3476 = FILL_AREA_STYLE_COLOUR ( '', #3884 ) ;
#3477 = ORIENTED_EDGE ( 'NONE', *, *, #4420, .T. ) ;
#3478 = CARTESIAN_POINT ( 'NONE',  ( 7.104678775535402835, 3.108123937176208607, -5.498999999999982791 ) ) ;
#3479 = FILL_AREA_STYLE ('',( #2284 ) ) ;
#3480 =( NAMED_UNIT ( * ) PLANE_ANGLE_UNIT ( ) SI_UNIT ( $, .RADIAN. ) );
#3481 = CARTESIAN_POINT ( 'NONE',  ( 0.8594875162046676786, 5.600000000000073364, -4.499999999999979572 ) ) ;
#3482 = AXIS2_PLACEMENT_3D ( 'NONE', #446, #3590, #2683 ) ;
#3483 = PRESENTATION_LAYER_ASSIGNMENT (  '', '', ( #4144 ) ) ;
#3484 = VERTEX_POINT ( 'NONE', #1161 ) ;
#3485 = ORIENTED_EDGE ( 'NONE', *, *, #4325, .T. ) ;
#3486 = CARTESIAN_POINT ( 'NONE',  ( 7.257486966580382060, 2.760458870832679601, -5.499999999999987566 ) ) ;
#3487 = ORIENTED_EDGE ( 'NONE', *, *, #4216, .F. ) ;
#3488 = CARTESIAN_POINT ( 'NONE',  ( 7.500084906291132114, 2.003677986230040453, -5.499999999999996447 ) ) ;
#3489 =( NAMED_UNIT ( * ) PLANE_ANGLE_UNIT ( ) SI_UNIT ( $, .RADIAN. ) );
#3490 = PRESENTATION_STYLE_ASSIGNMENT (( #1806 ) ) ;
#3491 = DIRECTION ( 'NONE',  ( 1.000000000000000000, 0.000000000000000000, 0.000000000000000000 ) ) ;
#3492 = MECHANICAL_DESIGN_GEOMETRIC_PRESENTATION_REPRESENTATION (  '', ( #5182 ), #5646 ) ;
#3493 = SURFACE_SIDE_STYLE ('',( #4033 ) ) ;
#3494 = SURFACE_STYLE_FILL_AREA ( #5725 ) ;
#3495 = LINE ( 'NONE', #322, #4348 ) ;
#3496 = CARTESIAN_POINT ( 'NONE',  ( 6.678776834994686773, 1.804120453681900660, -5.498999999999998778 ) ) ;
#3497 = CARTESIAN_POINT ( 'NONE',  ( 1.250000000000000888, 2.500000000000094147, -4.999999999999991118 ) ) ;
#3498 = PRESENTATION_LAYER_ASSIGNMENT (  '', '', ( #3593 ) ) ;
#3499 = SURFACE_STYLE_FILL_AREA ( #3588 ) ;
#3500 = MECHANICAL_DESIGN_GEOMETRIC_PRESENTATION_REPRESENTATION (  '', ( #663 ), #454 ) ;
#3501 = EDGE_LOOP ( 'NONE', ( #4867 ) ) ;
#3502 = CIRCLE ( 'NONE', #4722, 2.500000000000000444 ) ;
#3503 = PRESENTATION_LAYER_ASSIGNMENT (  '', '', ( #192 ) ) ;
#3504 = COLOUR_RGB ( '',0.9529411764705881804, 0.7960784313725489669, 0.4862745098039215619 ) ;
#3505 = UNCERTAINTY_MEASURE_WITH_UNIT (LENGTH_MEASURE( 1.000000000000000082E-05 ), #3997, 'distance_accuracy_value', 'NONE');
#3506 = EDGE_CURVE ( 'NONE', #3645, #3645, #5452, .T. ) ;
#3507 = VECTOR ( 'NONE', #1378, 1000.000000000000000 ) ;
#3508 = VERTEX_POINT ( 'NONE', #4005 ) ;
#3509 = SURFACE_STYLE_FILL_AREA ( #5739 ) ;
#3510 = AXIS2_PLACEMENT_3D ( 'NONE', #856, #5823, #2680 ) ;
#3511 = CARTESIAN_POINT ( 'NONE',  ( -6.999999999999996447, 2.500000000000077716, -4.499999999999990230 ) ) ;
#3512 =( GEOMETRIC_REPRESENTATION_CONTEXT ( 3 ) GLOBAL_UNCERTAINTY_ASSIGNED_CONTEXT ( ( #1797 ) ) GLOBAL_UNIT_ASSIGNED_CONTEXT ( ( #5576, #3906, #2480 ) ) REPRESENTATION_CONTEXT ( 'NONE', 'WORKASPACE' ) );
#3513 = SURFACE_STYLE_USAGE ( .BOTH. , #5308 ) ;
#3514 =( NAMED_UNIT ( * ) SI_UNIT ( $, .STERADIAN. ) SOLID_ANGLE_UNIT ( ) );
#3515 =( GEOMETRIC_REPRESENTATION_CONTEXT ( 3 ) GLOBAL_UNCERTAINTY_ASSIGNED_CONTEXT ( ( #3378 ) ) GLOBAL_UNIT_ASSIGNED_CONTEXT ( ( #4161, #674, #1528 ) ) REPRESENTATION_CONTEXT ( 'NONE', 'WORKASPACE' ) );
#3516 = DIRECTION ( 'NONE',  ( 1.000000000000000000, 0.000000000000000000, -1.807003620809171674E-16 ) ) ;
#3517 = ORIENTED_EDGE ( 'NONE', *, *, #646, .F. ) ;
#3518 = EDGE_LOOP ( 'NONE', ( #1674 ) ) ;
#3519 = UNCERTAINTY_MEASURE_WITH_UNIT (LENGTH_MEASURE( 1.000000000000000082E-05 ), #70, 'distance_accuracy_value', 'NONE');
#3520 = UNCERTAINTY_MEASURE_WITH_UNIT (LENGTH_MEASURE( 1.000000000000000082E-05 ), #5618, 'distance_accuracy_value', 'NONE');
#3521 = PLANE ( 'NONE',  #2380 ) ;
#3522 = EDGE_LOOP ( 'NONE', ( #47 ) ) ;
#3523 = CARTESIAN_POINT ( 'NONE',  ( 7.558562385030972663, 2.138682726612546325, -5.499999999999994671 ) ) ;
#3524 = FILL_AREA_STYLE_COLOUR ( '', #857 ) ;
#3525 = CARTESIAN_POINT ( 'NONE',  ( -6.999999999999996447, 3.900000000000081180, -5.499999999999985789 ) ) ;
#3526 = VECTOR ( 'NONE', #5008, 1000.000000000000000 ) ;
#3527 = CARTESIAN_POINT ( 'NONE',  ( 6.445888408888078125, 2.847598293909602507, -5.498999999999986343 ) ) ;
#3528 = SURFACE_STYLE_FILL_AREA ( #881 ) ;
#3529 =( LENGTH_UNIT ( ) NAMED_UNIT ( * ) SI_UNIT ( .MILLI., .METRE. ) );
#3530 = CARTESIAN_POINT ( 'NONE',  ( 1.250000000000002665, 2.500000000000066169, -1.499999999999990452 ) ) ;
#3531 = PRESENTATION_LAYER_ASSIGNMENT (  '', '', ( #2473 ) ) ;
#3532 = FACE_OUTER_BOUND ( 'NONE', #3638, .T. ) ;
#3533 = MECHANICAL_DESIGN_GEOMETRIC_PRESENTATION_REPRESENTATION (  '', ( #125 ), #2661 ) ;
#3534 = SURFACE_STYLE_FILL_AREA ( #4485 ) ;
#3535 = EDGE_LOOP ( 'NONE', ( #3572, #4101, #3154, #2047 ) ) ;
#3536 = ADVANCED_FACE ( 'NONE', ( #5759 ), #1657, .T. ) ;
#3537 = TOROIDAL_SURFACE ( 'NONE', #979, 1.599999999999999645, 0.1000000000000000056 ) ;
#3538 =( LENGTH_UNIT ( ) NAMED_UNIT ( * ) SI_UNIT ( .MILLI., .METRE. ) );
#3539 = CARTESIAN_POINT ( 'NONE',  ( 7.465121248552752498, 3.082703853233385693, -5.498999999999984567 ) ) ;
#3540 = EDGE_LOOP ( 'NONE', ( #164 ) ) ;
#3541 = FILL_AREA_STYLE_COLOUR ( '', #5855 ) ;
#3542 = EDGE_CURVE ( 'NONE', #4670, #4670, #5369, .T. ) ;
#3543 = FILL_AREA_STYLE_COLOUR ( '', #5285 ) ;
#3544 = CARTESIAN_POINT ( 'NONE',  ( 7.000000000000001776, 2.500000000000077272, -5.399999999999990585 ) ) ;
#3545 = CARTESIAN_POINT ( 'NONE',  ( 0.8594875162046676786, 5.600000000000071587, -3.999999999999979128 ) ) ;
#3546 = CIRCLE ( 'NONE', #4024, 0.3000000000000000444 ) ;
#3547 = ORIENTED_EDGE ( 'NONE', *, *, #1654, .T. ) ;
#3548 = ORIENTED_EDGE ( 'NONE', *, *, #1729, .F. ) ;
#3549 =( LENGTH_UNIT ( ) NAMED_UNIT ( * ) SI_UNIT ( .MILLI., .METRE. ) );
#3550 = SURFACE_STYLE_USAGE ( .BOTH. , #2959 ) ;
#3551 = CARTESIAN_POINT ( 'NONE',  ( 6.507149509629687856, 2.451988495540383450, -5.498999999999991672 ) ) ;
#3552 = ORIENTED_EDGE ( 'NONE', *, *, #2585, .F. ) ;
#3553 = CARTESIAN_POINT ( 'NONE',  ( 7.567818619811232494, 2.174938079851820749, -5.499999999999994671 ) ) ;
#3554 = MANIFOLD_SOLID_BREP ( 'NONE', #1655 ) ;
#3555 = DIRECTION ( 'NONE',  ( 0.000000000000000000, -1.000000000000000000, 0.000000000000000000 ) ) ;
#3556 = VERTEX_POINT ( 'NONE', #4081 ) ;
#3557 = DIRECTION ( 'NONE',  ( 0.000000000000000000, -1.000000000000000000, -2.760287964870829992E-45 ) ) ;
#3558 = CARTESIAN_POINT ( 'NONE',  ( -6.999999999999996447, 2.500000000000067057, -1.499999999999990452 ) ) ;
#3559 = DIRECTION ( 'NONE',  ( -4.626678502015090700E-15, -3.636102851368344260E-15, -1.000000000000000000 ) ) ;
#3560 = FILL_AREA_STYLE ('',( #4907 ) ) ;
#3561 = VERTEX_POINT ( 'NONE', #2244 ) ;
#3562 = LINE ( 'NONE', #5350, #5244 ) ;
#3563 = CARTESIAN_POINT ( 'NONE',  ( 7.391493717629251670, 1.879084144912439802, -5.498999999999997002 ) ) ;
#3564 =( LENGTH_UNIT ( ) NAMED_UNIT ( * ) SI_UNIT ( .MILLI., .METRE. ) );
#3565 = ADVANCED_FACE ( 'NONE', ( #2568 ), #3584, .T. ) ;
#3566 = VERTEX_POINT ( 'NONE', #906 ) ;
#3567 = CIRCLE ( 'NONE', #2681, 2.500000000000000888 ) ;
#3568 = DIRECTION ( 'NONE',  ( 1.000000000000000000, 0.000000000000000000, 0.000000000000000000 ) ) ;
#3569 = PRESENTATION_STYLE_ASSIGNMENT (( #2204 ) ) ;
#3570 = UNCERTAINTY_MEASURE_WITH_UNIT (LENGTH_MEASURE( 1.000000000000000082E-05 ), #1229, 'distance_accuracy_value', 'NONE');
#3571 = ADVANCED_FACE ( 'NONE', ( #1364, #5025 ), #1453, .T. ) ;
#3572 = ORIENTED_EDGE ( 'NONE', *, *, #3576, .F. ) ;
#3573 =( NAMED_UNIT ( * ) PLANE_ANGLE_UNIT ( ) SI_UNIT ( $, .RADIAN. ) );
#3574 = CARTESIAN_POINT ( 'NONE',  ( 1.250000000000003775, -1.249996883773825784, 8.673617379884229532E-15 ) ) ;
#3575 = FACE_OUTER_BOUND ( 'NONE', #1304, .T. ) ;
#3576 = EDGE_CURVE ( 'NONE', #2538, #2252, #55, .T. ) ;
#3577 = ORIENTED_EDGE ( 'NONE', *, *, #1259, .F. ) ;
#3578 = UNCERTAINTY_MEASURE_WITH_UNIT (LENGTH_MEASURE( 1.000000000000000082E-05 ), #3937, 'distance_accuracy_value', 'NONE');
#3579 = FILL_AREA_STYLE ('',( #1710 ) ) ;
#3580 = ORIENTED_EDGE ( 'NONE', *, *, #4017, .T. ) ;
#3581 = CARTESIAN_POINT ( 'NONE',  ( 7.000521830187341976, 1.751843233876750672, -5.499999999999998224 ) ) ;
#3582 = DIRECTION ( 'NONE',  ( 3.407492542097298945E-16, 1.000000000000000000, 3.591911631868355648E-15 ) ) ;
#3583 = FACE_OUTER_BOUND ( 'NONE', #3309, .T. ) ;
#3584 = PLANE ( 'NONE',  #3860 ) ;
#3585 = CIRCLE ( 'NONE', #1023, 1.499999999999999112 ) ;
#3586 = PRESENTATION_STYLE_ASSIGNMENT (( #1782 ) ) ;
#3587 = FILL_AREA_STYLE_COLOUR ( '', #5577 ) ;
#3588 = FILL_AREA_STYLE ('',( #415 ) ) ;
#3589 = CARTESIAN_POINT ( 'NONE',  ( -3.749999999999995115, 2.500000000000094147, -5.949999999999992184 ) ) ;
#3590 = DIRECTION ( 'NONE',  ( 0.000000000000000000, -1.000000000000000000, -3.591911631868355648E-15 ) ) ;
#3591 = MECHANICAL_DESIGN_GEOMETRIC_PRESENTATION_REPRESENTATION (  '', ( #751 ), #1317 ) ;
#3592 = EDGE_LOOP ( 'NONE', ( #1776 ) ) ;
#3593 = STYLED_ITEM ( 'NONE', ( #5661 ), #3792 ) ;
#3594 = FILL_AREA_STYLE_COLOUR ( '', #5103 ) ;
#3595 = STYLED_ITEM ( 'NONE', ( #4034 ), #4721 ) ;
#3596 = PRESENTATION_LAYER_ASSIGNMENT (  '', '', ( #4999 ) ) ;
#3597 = ORIENTED_EDGE ( 'NONE', *, *, #3740, .F. ) ;
#3598 =( GEOMETRIC_REPRESENTATION_CONTEXT ( 3 ) GLOBAL_UNCERTAINTY_ASSIGNED_CONTEXT ( ( #1096 ) ) GLOBAL_UNIT_ASSIGNED_CONTEXT ( ( #4574, #4463, #954 ) ) REPRESENTATION_CONTEXT ( 'NONE', 'WORKASPACE' ) );
#3599 = LINE ( 'NONE', #5388, #4637 ) ;
#3600 = STYLED_ITEM ( 'NONE', ( #207 ), #5038 ) ;
#3601 = STYLED_ITEM ( 'NONE', ( #3822 ), #4331 ) ;
#3602 = PRESENTATION_STYLE_ASSIGNMENT (( #4434 ) ) ;
#3603 = AXIS2_PLACEMENT_3D ( 'NONE', #2748, #486, #69 ) ;
#3604 = DIRECTION ( 'NONE',  ( 1.000000000000000000, 0.000000000000000000, 7.433064981013480826E-31 ) ) ;
#3605 = AXIS2_PLACEMENT_3D ( 'NONE', #732, #4718, #1084 ) ;
#3606 = VERTEX_POINT ( 'NONE', #535 ) ;
#3607 = ORIENTED_EDGE ( 'NONE', *, *, #1189, .F. ) ;
#3608 = CARTESIAN_POINT ( 'NONE',  ( 7.408261679827031543, 1.893044353654813827, -5.499999999999998224 ) ) ;
#3609 = FILL_AREA_STYLE_COLOUR ( '', #3991 ) ;
#3610 = CARTESIAN_POINT ( 'NONE',  ( 6.416170952994841414, 2.282080400632762185, -5.498999999999993449 ) ) ;
#3611 = EDGE_LOOP ( 'NONE', ( #1813 ) ) ;
#3612 = PLANE ( 'NONE',  #1608 ) ;
#3613 = DIRECTION ( 'NONE',  ( -1.000000000000000000, 0.000000000000000000, -7.228014483236695569E-16 ) ) ;
#3614 = SURFACE_SIDE_STYLE ('',( #145 ) ) ;
#3615 = EDGE_CURVE ( 'NONE', #1397, #2516, #1838, .T. ) ;
#3616 = CARTESIAN_POINT ( 'NONE',  ( 3.750000000000004441, 2.500000000000094147, -5.949999999999992184 ) ) ;
#3617 = VECTOR ( 'NONE', #1815, 1000.000000000000000 ) ;
#3618 = CARTESIAN_POINT ( 'NONE',  ( 7.257486966580382060, 2.760458870832679601, -5.498999999999988120 ) ) ;
#3619 = SURFACE_SIDE_STYLE ('',( #1808 ) ) ;
#3620 = STYLED_ITEM ( 'NONE', ( #1323 ), #747 ) ;
#3621 = VECTOR ( 'NONE', #1713, 1000.000000000000000 ) ;
#3622 = FACE_OUTER_BOUND ( 'NONE', #2464, .T. ) ;
#3623 = ORIENTED_EDGE ( 'NONE', *, *, #1222, .F. ) ;
#3624 = CARTESIAN_POINT ( 'NONE',  ( 7.442818440252431778, 3.114059744945890884, -5.499999999999984013 ) ) ;
#3625 = EDGE_CURVE ( 'NONE', #108, #4105, #2324, .T. ) ;
#3626 =( NAMED_UNIT ( * ) PLANE_ANGLE_UNIT ( ) SI_UNIT ( $, .RADIAN. ) );
#3627 = PLANE ( 'NONE',  #2392 ) ;
#3628 = PRESENTATION_STYLE_ASSIGNMENT (( #1817 ) ) ;
#3629 = CARTESIAN_POINT ( 'NONE',  ( 7.277435565302813103, 2.543111651557424135, -5.498999999999989896 ) ) ;
#3630 = PRESENTATION_STYLE_ASSIGNMENT (( #2624 ) ) ;
#3631 = ORIENTED_EDGE ( 'NONE', *, *, #4858, .T. ) ;
#3632 = CARTESIAN_POINT ( 'NONE',  ( 6.447372347789261937, 2.868820019398394372, -5.498999999999986343 ) ) ;
#3633 = DIRECTION ( 'NONE',  ( 3.469446951953611724E-16, 1.000000000000000000, 3.642919299551292532E-15 ) ) ;
#3634 = MECHANICAL_DESIGN_GEOMETRIC_PRESENTATION_REPRESENTATION (  '', ( #36 ), #3812 ) ;
#3635 = FACE_BOUND ( 'NONE', #4287, .T. ) ;
#3636 = CARTESIAN_POINT ( 'NONE',  ( -6.607051711467516242, 1.777793762384871412, -5.498999999999988120 ) ) ;
#3637 = ADVANCED_FACE ( 'NONE', ( #1865 ), #1922, .T. ) ;
#3638 = EDGE_LOOP ( 'NONE', ( #5275 ) ) ;
#3639 = FACE_OUTER_BOUND ( 'NONE', #3133, .T. ) ;
#3640 = CARTESIAN_POINT ( 'NONE',  ( 6.528531572587997545, 2.472466518778553279, -5.498999999999989896 ) ) ;
#3641 = ORIENTED_EDGE ( 'NONE', *, *, #96, .T. ) ;
#3642 = CARTESIAN_POINT ( 'NONE',  ( 7.301230406111642424, 2.958740573550421527, -5.499999999999985789 ) ) ;
#3643 = MANIFOLD_SOLID_BREP ( 'NONE', #2593 ) ;
#3644 = DIRECTION ( 'NONE',  ( -7.433064981013480826E-31, -2.760287964870829992E-45, 1.000000000000000000 ) ) ;
#3645 = VERTEX_POINT ( 'NONE', #3276 ) ;
#3646 = CARTESIAN_POINT ( 'NONE',  ( 7.000000000000003553, 5.000000000000073719, -4.499999999999981348 ) ) ;
#3647 = EDGE_CURVE ( 'NONE', #2698, #391, #3943, .T. ) ;
#3648 = AXIS2_PLACEMENT_3D ( 'NONE', #1394, #2772, #4996 ) ;
#3649 =( NAMED_UNIT ( * ) PLANE_ANGLE_UNIT ( ) SI_UNIT ( $, .RADIAN. ) );
#3650 = PRESENTATION_STYLE_ASSIGNMENT (( #31 ) ) ;
#3651 = CARTESIAN_POINT ( 'NONE',  ( 6.444167976967122513, 2.024972637049383462, -5.498999999999995225 ) ) ;
#3652 = AXIS2_PLACEMENT_3D ( 'NONE', #3917, #4854, #2169 ) ;
#3653 = DIRECTION ( 'NONE',  ( 0.000000000000000000, 3.591911631868355648E-15, -1.000000000000000000 ) ) ;
#3654 = CARTESIAN_POINT ( 'NONE',  ( 6.993664851195772414, 3.116829063140371670, -5.499999999999984013 ) ) ;
#3655 = LINE ( 'NONE', #4618, #5361 ) ;
#3656 = ADVANCED_FACE ( 'NONE', ( #1723 ), #2226, .T. ) ;
#3657 = ORIENTED_EDGE ( 'NONE', *, *, #4686, .F. ) ;
#3658 = AXIS2_PLACEMENT_3D ( 'NONE', #1164, #3941, #5290 ) ;
#3659 = CARTESIAN_POINT ( 'NONE',  ( 6.555929896693291958, 3.129317194976456218, -5.498999999999982791 ) ) ;
#3660 = CARTESIAN_POINT ( 'NONE',  ( 6.618965331964997034, 2.186240120832679601, -5.498999999999993449 ) ) ;
#3661 = CARTESIAN_POINT ( 'NONE',  ( 7.135623617799073060, 1.766554342101868569, -5.498999999999998778 ) ) ;
#3662 = LINE ( 'NONE', #1437, #5487 ) ;
#3663 = CARTESIAN_POINT ( 'NONE',  ( 7.000000000000001776, 2.500000000000074163, -4.499999999999990230 ) ) ;
#3664 = CARTESIAN_POINT ( 'NONE',  ( 6.657551825761646391, 2.057219055013304043, -5.498999999999995225 ) ) ;
#3665 = ORIENTED_EDGE ( 'NONE', *, *, #2476, .F. ) ;
#3666 = ORIENTED_EDGE ( 'NONE', *, *, #4111, .T. ) ;
#3667 = CARTESIAN_POINT ( 'NONE',  ( 7.434290014896852483, 1.917527571594187519, -5.498999999999997002 ) ) ;
#3668 = CARTESIAN_POINT ( 'NONE',  ( -3.749999999999999112, 2.500000000000094147, -4.999999999999991118 ) ) ;
#3669 = ORIENTED_EDGE ( 'NONE', *, *, #4123, .T. ) ;
#3670 = CARTESIAN_POINT ( 'NONE',  ( 7.165363462551453289, 3.091555206662183419, -5.498999999999984567 ) ) ;
#3671 = PRESENTATION_STYLE_ASSIGNMENT (( #78 ) ) ;
#3672 = CARTESIAN_POINT ( 'NONE',  ( 7.298830698422622554, 2.819431707109289587, -5.498999999999986343 ) ) ;
#3673 = VERTEX_POINT ( 'NONE', #2349 ) ;
#3674 = CARTESIAN_POINT ( 'NONE',  ( 7.192747398978432294, 2.720077491365664901, -5.498999999999988120 ) ) ;
#3675 = FILL_AREA_STYLE_COLOUR ( '', #3961 ) ;
#3676 = EDGE_LOOP ( 'NONE', ( #2589 ) ) ;
#3677 = LINE ( 'NONE', #512, #5296 ) ;
#3678 = CARTESIAN_POINT ( 'NONE',  ( 6.756011783798417270, 2.592211245176941681, -5.498999999999989896 ) ) ;
#3679 = EDGE_CURVE ( 'NONE', #2516, #368, #5705, .T. ) ;
#3680 = CARTESIAN_POINT ( 'NONE',  ( 6.667925546575817819, 2.909781078044739289, -5.499999999999985789 ) ) ;
#3681 = CARTESIAN_POINT ( 'NONE',  ( 6.657426870426536247, 2.847598293909602507, -5.499999999999987566 ) ) ;
#3682 = CARTESIAN_POINT ( 'NONE',  ( 7.468863530848252275, 2.692405734649357285, -5.498999999999988120 ) ) ;
#3683 = VECTOR ( 'NONE', #312, 1000.000000000000000 ) ;
#3684 = DIRECTION ( 'NONE',  ( 0.000000000000000000, 3.568904431242956914E-15, -1.000000000000000000 ) ) ;
#3685 = ADVANCED_FACE ( 'NONE', ( #4911 ), #4962, .F. ) ;
#3686 = STYLED_ITEM ( 'NONE', ( #5820 ), #3554 ) ;
#3687 = AXIS2_PLACEMENT_3D ( 'NONE', #4229, #1586, #1151 ) ;
#3688 = CYLINDRICAL_SURFACE ( 'NONE', #215, 0.2999999999999999334 ) ;
#3689 = EDGE_CURVE ( 'NONE', #80, #80, #365, .T. ) ;
#3690 =( GEOMETRIC_REPRESENTATION_CONTEXT ( 3 ) GLOBAL_UNCERTAINTY_ASSIGNED_CONTEXT ( ( #2019 ) ) GLOBAL_UNIT_ASSIGNED_CONTEXT ( ( #1332, #4057, #3128 ) ) REPRESENTATION_CONTEXT ( 'NONE', 'WORKASPACE' ) );
#3691 = STYLED_ITEM ( 'NONE', ( #3965 ), #4733 ) ;
#3692 = AXIS2_PLACEMENT_3D ( 'NONE', #875, #2672, #4496 ) ;
#3693 = MECHANICAL_DESIGN_GEOMETRIC_PRESENTATION_REPRESENTATION (  '', ( #3783 ), #3598 ) ;
#3694 = ORIENTED_EDGE ( 'NONE', *, *, #2016, .T. ) ;
#3695 =( LENGTH_UNIT ( ) NAMED_UNIT ( * ) SI_UNIT ( .MILLI., .METRE. ) );
#3696 = CARTESIAN_POINT ( 'NONE',  ( 7.215444903480841887, 1.786444992011475552, -5.499999999999998224 ) ) ;
#3697 = SURFACE_STYLE_FILL_AREA ( #1109 ) ;
#3698 = CARTESIAN_POINT ( 'NONE',  ( 6.784105673392167191, 2.390932773329218719, -5.499999999999991118 ) ) ;
#3699 = VECTOR ( 'NONE', #549, 1000.000000000000000 ) ;
#3700 = CARTESIAN_POINT ( 'NONE',  ( 7.301230406111642424, 2.958740573550421527, -5.498999999999984567 ) ) ;
#3701 = CARTESIAN_POINT ( 'NONE',  ( 7.000000000000001776, 1.100000000000077804, -5.499999999999995559 ) ) ;
#3702 = CARTESIAN_POINT ( 'NONE',  ( 6.793315521618622732, 2.603838849198320649, -5.498999999999989896 ) ) ;
#3703 = CARTESIAN_POINT ( 'NONE',  ( 7.000000000000001776, 2.500000000000077716, -5.499999999999991118 ) ) ;
#3704 = LINE ( 'NONE', #59, #4375 ) ;
#3705 = CARTESIAN_POINT ( 'NONE',  ( 7.191797434842912118, 3.080708419364799333, -5.499999999999984013 ) ) ;
#3706 = CARTESIAN_POINT ( 'NONE',  ( 6.952198505041922161, 1.751444447755755585, -5.498999999999998778 ) ) ;
#3707 = PRESENTATION_LAYER_ASSIGNMENT (  '', '', ( #93 ) ) ;
#3708 = CARTESIAN_POINT ( 'NONE',  ( 6.407426870426537135, 2.196456466986525857, -5.499999999999994671 ) ) ;
#3709 = CARTESIAN_POINT ( 'NONE',  ( -1.249999999999999778, 4.500000000000063061, -1.499999999999983347 ) ) ;
#3710 = DIRECTION ( 'NONE',  ( 1.000000000000000000, 0.000000000000000000, -1.807003620809194846E-16 ) ) ;
#3711 = UNCERTAINTY_MEASURE_WITH_UNIT (LENGTH_MEASURE( 1.000000000000000082E-05 ), #2470, 'distance_accuracy_value', 'NONE');
#3712 = LINE ( 'NONE', #4187, #3322 ) ;
#3713 = PRODUCT_DEFINITION_SHAPE ( 'NONE', 'NONE',  #5830 ) ;
#3714 = CARTESIAN_POINT ( 'NONE',  ( 7.287446635729752487, 1.813643013080153521, -5.498999999999998778 ) ) ;
#3715 = EDGE_CURVE ( 'NONE', #3429, #701, #1045, .T. ) ;
#3716 = CARTESIAN_POINT ( 'NONE',  ( 7.353089310456432770, 2.582877223164640856, -5.499999999999989342 ) ) ;
#3717 = CARTESIAN_POINT ( 'NONE',  ( 1.250000000000003775, 2.500000000000099476, -1.199999999999991296 ) ) ;
#3718 = STYLED_ITEM ( 'NONE', ( #4222 ), #1575 ) ;
#3719 = UNCERTAINTY_MEASURE_WITH_UNIT (LENGTH_MEASURE( 1.000000000000000082E-05 ), #3538, 'distance_accuracy_value', 'NONE');
#3720 = EDGE_CURVE ( 'NONE', #3915, #1584, #2767, .T. ) ;
#3721 = EDGE_LOOP ( 'NONE', ( #837, #1668, #4773, #1501 ) ) ;
#3722 = DIRECTION ( 'NONE',  ( -0.000000000000000000, -3.591911631868355648E-15, 1.000000000000000000 ) ) ;
#3723 = CARTESIAN_POINT ( 'NONE',  ( 7.252460183627722046, 1.798944182135482794, -5.499999999999998224 ) ) ;
#3724 = CARTESIAN_POINT ( 'NONE',  ( -6.999999999999997335, 6.000000000000077272, -4.499999999999977796 ) ) ;
#3725 = CARTESIAN_POINT ( 'NONE',  ( 7.250832484951762247, 2.532194333340480163, -5.498999999999989896 ) ) ;
#3726 = CARTESIAN_POINT ( 'NONE',  ( -6.999999999999996447, 2.500000000000075051, -3.799999999999990496 ) ) ;
#3727 = FILL_AREA_STYLE ('',( #464 ) ) ;
#3728 = CARTESIAN_POINT ( 'NONE',  ( -1.249999999999996891, 3.250000000000081268, -5.499999999999988454 ) ) ;
#3729 = PRESENTATION_STYLE_ASSIGNMENT (( #4524 ) ) ;
#3730 = FILL_AREA_STYLE ('',( #83 ) ) ;
#3731 = ORIENTED_EDGE ( 'NONE', *, *, #1474, .T. ) ;
#3732 = CARTESIAN_POINT ( 'NONE',  ( 6.944556122270242327, 1.924835232147066533, -5.499999999999996447 ) ) ;
#3733 =( LENGTH_UNIT ( ) NAMED_UNIT ( * ) SI_UNIT ( .MILLI., .METRE. ) );
#3734 = DIRECTION ( 'NONE',  ( -1.835596038252509459E-31, 3.614918832493752804E-15, -1.000000000000000000 ) ) ;
#3735 = DIRECTION ( 'NONE',  ( -1.011921810038670078E-30, -2.469888551894074927E-46, 1.000000000000000000 ) ) ;
#3736 = CARTESIAN_POINT ( 'NONE',  ( -1.249999999999999778, 5.000000000000066613, -1.499999999999981570 ) ) ;
#3737 = CARTESIAN_POINT ( 'NONE',  ( 6.700771155347952757, 2.988566810648203731, -5.499999999999985789 ) ) ;
#3738 = CARTESIAN_POINT ( 'NONE',  ( 1.089953900083879823, 5.492055319899416865, -3.999999999999979128 ) ) ;
#3739 = DIRECTION ( 'NONE',  ( -0.000000000000000000, 3.591911631868355648E-15, -1.000000000000000000 ) ) ;
#3740 = EDGE_CURVE ( 'NONE', #1473, #1473, #5087, .T. ) ;
#3741 = DIRECTION ( 'NONE',  ( 0.000000000000000000, 0.000000000000000000, -1.000000000000000000 ) ) ;
#3742 =( NAMED_UNIT ( * ) SI_UNIT ( $, .STERADIAN. ) SOLID_ANGLE_UNIT ( ) );
#3743 = CARTESIAN_POINT ( 'NONE',  ( 7.353089310456432770, 2.582877223164640856, -5.498999999999989896 ) ) ;
#3744 = PRESENTATION_STYLE_ASSIGNMENT (( #1938 ) ) ;
#3745 = LINE ( 'NONE', #1489, #4751 ) ;
#3746 = ORIENTED_EDGE ( 'NONE', *, *, #3625, .T. ) ;
#3747 = SURFACE_SIDE_STYLE ('',( #1556 ) ) ;
#3748 = MECHANICAL_DESIGN_GEOMETRIC_PRESENTATION_REPRESENTATION (  '', ( #891 ), #3925 ) ;
#3749 = FILL_AREA_STYLE ('',( #1108 ) ) ;
#3750 = DIRECTION ( 'NONE',  ( 0.000000000000000000, 3.591911631868355648E-15, -1.000000000000000000 ) ) ;
#3751 = CARTESIAN_POINT ( 'NONE',  ( 6.816507039710971938, 2.402317886859639984, -5.498999999999991672 ) ) ;
#3752 = DIRECTION ( 'NONE',  ( 1.000000000000000000, 0.000000000000000000, 0.000000000000000000 ) ) ;
#3753 = CARTESIAN_POINT ( 'NONE',  ( 1.250000000000004219, 1.750000000000094147, -1.499999999999991340 ) ) ;
#3754 = EDGE_CURVE ( 'NONE', #4472, #1623, #538, .T. ) ;
#3755 = ADVANCED_FACE ( 'NONE', ( #2326, #3622 ), #3191, .F. ) ;
#3756 = CARTESIAN_POINT ( 'NONE',  ( 1.500000000000000000, 5.000000000000075495, -3.999999999999980904 ) ) ;
#3757 = ORIENTED_EDGE ( 'NONE', *, *, #3275, .F. ) ;
#3758 = ORIENTED_EDGE ( 'NONE', *, *, #1157, .T. ) ;
#3759 = SURFACE_SIDE_STYLE ('',( #1924 ) ) ;
#3760 = CARTESIAN_POINT ( 'NONE',  ( -6.607051711467516242, 2.897084627769486609, -5.498999999999991672 ) ) ;
#3761 = FACE_OUTER_BOUND ( 'NONE', #1080, .T. ) ;
#3762 = CARTESIAN_POINT ( 'NONE',  ( 7.000000000000000888, -0.9999999999999253930, -4.500000000000003553 ) ) ;
#3763 = CARTESIAN_POINT ( 'NONE',  ( 6.442744764986161776, 2.360363075615944606, -5.499999999999992895 ) ) ;
#3764 = FACE_OUTER_BOUND ( 'NONE', #4193, .T. ) ;
#3765 = FACE_OUTER_BOUND ( 'NONE', #5506, .T. ) ;
#3766 =( LENGTH_UNIT ( ) NAMED_UNIT ( * ) SI_UNIT ( .MILLI., .METRE. ) );
#3767 = DIRECTION ( 'NONE',  ( -7.433064981013480826E-31, -2.760287964870829992E-45, 1.000000000000000000 ) ) ;
#3768 = FILL_AREA_STYLE_COLOUR ( '', #114 ) ;
#3769 = MECHANICAL_DESIGN_GEOMETRIC_PRESENTATION_REPRESENTATION (  '', ( #2805 ), #177 ) ;
#3770 = CARTESIAN_POINT ( 'NONE',  ( -7.549359403775211419, 3.277793762384871634, -5.498999999999993449 ) ) ;
#3771 = B_SPLINE_CURVE_WITH_KNOTS ( 'NONE', 3,
 ( #3025, #2218, #3581, #2125, #5317, #5366, #5842, #4054, #4842, #1327, #5721, #4499, #2154, #2188, #4873, #3124, #792, #3488, #3930, #4417, #1678, #3523, #3553, #434, #5280, #1804, #3155 ),
 .UNSPECIFIED., .F., .F.,
 ( 4, 1, 1, 1, 1, 1, 1, 1, 1, 1, 1, 1, 1, 1, 1, 1, 1, 1, 1, 1, 1, 1, 1, 1, 4 ),
 ( 0.000000000000000000, 0.05249258492129640213, 0.1028254751380331955, 0.1513973394924580107, 0.1980330772483334945, 0.2428758954632249945, 0.2859991683849085198, 0.3278486614843789670, 0.3683945968796915049, 0.4078519911389200114, 0.4468375528599380364, 0.4851660451611080060, 0.5233414044713740054, 0.5616022144094739987, 0.5999198855663570029, 0.6384964264110080112, 0.6777905770472509861, 0.7172899891758329760, 0.7566052415928190555, 0.7960678905323560484, 0.8358862309537679058, 0.8757136832726160058, 0.9162634539474130424, 0.9577596754778290311, 1.000000000000000000 ),
 .UNSPECIFIED. ) ;
#3772 = DIRECTION ( 'NONE',  ( 0.000000000000000000, -1.000000000000000000, 0.000000000000000000 ) ) ;
#3773 =( GEOMETRIC_REPRESENTATION_CONTEXT ( 3 ) GLOBAL_UNCERTAINTY_ASSIGNED_CONTEXT ( ( #4456 ) ) GLOBAL_UNIT_ASSIGNED_CONTEXT ( ( #561, #4169, #5486 ) ) REPRESENTATION_CONTEXT ( 'NONE', 'WORKASPACE' ) );
#3774 = ORIENTED_EDGE ( 'NONE', *, *, #2050, .F. ) ;
#3775 =( NAMED_UNIT ( * ) PLANE_ANGLE_UNIT ( ) SI_UNIT ( $, .RADIAN. ) );
#3776 = DIRECTION ( 'NONE',  ( -1.842420335524355964E-31, 3.619016686180493259E-15, -1.000000000000000000 ) ) ;
#3777 = DIRECTION ( 'NONE',  ( 0.000000000000000000, 0.000000000000000000, 1.000000000000000000 ) ) ;
#3778 =( LENGTH_UNIT ( ) NAMED_UNIT ( * ) SI_UNIT ( .MILLI., .METRE. ) );
#3779 = PRESENTATION_LAYER_ASSIGNMENT (  '', '', ( #3600 ) ) ;
#3780 = ORIENTED_EDGE ( 'NONE', *, *, #3506, .F. ) ;
#3781 = EDGE_LOOP ( 'NONE', ( #1205 ) ) ;
#3782 = ADVANCED_FACE ( 'NONE', ( #4112, #1866 ), #711, .T. ) ;
#3783 = STYLED_ITEM ( 'NONE', ( #1315 ), #237 ) ;
#3784 = FACE_OUTER_BOUND ( 'NONE', #2581, .T. ) ;
#3785 =( NAMED_UNIT ( * ) PLANE_ANGLE_UNIT ( ) SI_UNIT ( $, .RADIAN. ) );
#3786 = CARTESIAN_POINT ( 'NONE',  ( 6.693784159426336977, 2.570067261594337182, -5.498999999999989896 ) ) ;
#3787 = VECTOR ( 'NONE', #2747, 1000.000000000000000 ) ;
#3788 = CARTESIAN_POINT ( 'NONE',  ( 7.255409592261151452, 2.024337752601665485, -5.499999999999996447 ) ) ;
#3789 = SURFACE_STYLE_USAGE ( .BOTH. , #5551 ) ;
#3790 = DIRECTION ( 'NONE',  ( 0.000000000000000000, -3.591911631868355648E-15, 1.000000000000000000 ) ) ;
#3791 = COLOUR_RGB ( '',0.1019607843137254888, 0.1019607843137254888, 0.1019607843137254888 ) ;
#3792 = ADVANCED_FACE ( 'NONE', ( #2851, #172 ), #232, .T. ) ;
#3793 = PRESENTATION_LAYER_ASSIGNMENT (  '', '', ( #488 ) ) ;
#3794 = SURFACE_STYLE_USAGE ( .BOTH. , #4237 ) ;
#3795 = COLOUR_RGB ( '',0.1019607843137254888, 0.1019607843137254888, 0.1019607843137254888 ) ;
#3796 = CARTESIAN_POINT ( 'NONE',  ( 7.579985169858791672, 2.276771181320510706, -5.498999999999993449 ) ) ;
#3797 = PRESENTATION_LAYER_ASSIGNMENT (  '', '', ( #5117 ) ) ;
#3798 = LINE ( 'NONE', #1011, #1893 ) ;
#3799 = UNCERTAINTY_MEASURE_WITH_UNIT (LENGTH_MEASURE( 1.000000000000000082E-05 ), #5259, 'distance_accuracy_value', 'NONE');
#3800 = SURFACE_STYLE_USAGE ( .BOTH. , #1046 ) ;
#3801 = ORIENTED_EDGE ( 'NONE', *, *, #2476, .T. ) ;
#3802 = COLOUR_RGB ( '',0.7921568627450980005, 0.8196078431372548767, 0.9333333333333333481 ) ;
#3803 = DIRECTION ( 'NONE',  ( 4.336808689942016750E-16, 1.000000000000000000, 3.591911631868355648E-15 ) ) ;
#3804 = PLANE ( 'NONE',  #2928 ) ;
#3805 = FACE_OUTER_BOUND ( 'NONE', #4379, .T. ) ;
#3806 = PRESENTATION_LAYER_ASSIGNMENT (  '', '', ( #3718 ) ) ;
#3807 = CARTESIAN_POINT ( 'NONE',  ( 0.6257359312880771407, 4.500000000000061284, -0.9999999999999833467 ) ) ;
#3808 = EDGE_CURVE ( 'NONE', #1417, #1417, #4244, .T. ) ;
#3809 = ORIENTED_EDGE ( 'NONE', *, *, #131, .T. ) ;
#3810 = EDGE_LOOP ( 'NONE', ( #1962 ) ) ;
#3811 = FILL_AREA_STYLE_COLOUR ( '', #272 ) ;
#3812 =( GEOMETRIC_REPRESENTATION_CONTEXT ( 3 ) GLOBAL_UNCERTAINTY_ASSIGNED_CONTEXT ( ( #105 ) ) GLOBAL_UNIT_ASSIGNED_CONTEXT ( ( #2481, #5580, #605 ) ) REPRESENTATION_CONTEXT ( 'NONE', 'WORKASPACE' ) );
#3813 = CARTESIAN_POINT ( 'NONE',  ( 6.620461584096032581, 2.218275961765387994, -5.498999999999993449 ) ) ;
#3814 = CARTESIAN_POINT ( 'NONE',  ( 7.026445460874152005, 3.289245043996149587, -5.498999999999981014 ) ) ;
#3815 = EDGE_CURVE ( 'NONE', #5023, #5023, #1123, .T. ) ;
#3816 = UNCERTAINTY_MEASURE_WITH_UNIT (LENGTH_MEASURE( 1.000000000000000082E-05 ), #2493, 'distance_accuracy_value', 'NONE');
#3817 = CARTESIAN_POINT ( 'NONE',  ( 6.657426870426536247, 2.847598293909602507, -5.498999999999986343 ) ) ;
#3818 = DIRECTION ( 'NONE',  ( 0.000000000000000000, -3.591911631868355648E-15, 1.000000000000000000 ) ) ;
#3819 = ADVANCED_FACE ( 'NONE', ( #2958 ), #5145, .T. ) ;
#3820 = ADVANCED_FACE ( 'NONE', ( #5751 ), #5340, .F. ) ;
#3821 = SURFACE_STYLE_FILL_AREA ( #5616 ) ;
#3822 = PRESENTATION_STYLE_ASSIGNMENT (( #2863 ) ) ;
#3823 = STYLED_ITEM ( 'NONE', ( #1774 ), #32 ) ;
#3824 = CARTESIAN_POINT ( 'NONE',  ( 7.173285491209482778, 1.970025297269472730, -5.499999999999996447 ) ) ;
#3825 =( GEOMETRIC_REPRESENTATION_CONTEXT ( 3 ) GLOBAL_UNCERTAINTY_ASSIGNED_CONTEXT ( ( #3381 ) ) GLOBAL_UNIT_ASSIGNED_CONTEXT ( ( #1552, #4710, #3041 ) ) REPRESENTATION_CONTEXT ( 'NONE', 'WORKASPACE' ) );
#3826 = ORIENTED_EDGE ( 'NONE', *, *, #5431, .F. ) ;
#3827 = PRODUCT_DEFINITION_CONTEXT ( 'detailed design', #4880, 'design' ) ;
#3828 = DIRECTION ( 'NONE',  ( 0.000000000000000000, 1.000000000000000000, 3.469446951953613006E-15 ) ) ;
#3829 = FILL_AREA_STYLE_COLOUR ( '', #5752 ) ;
#3830 = CIRCLE ( 'NONE', #804, 0.4499999999999999001 ) ;
#3831 = CARTESIAN_POINT ( 'NONE',  ( 1.000000000000000000, 5.600000000000071587, -3.999999999999979128 ) ) ;
#3832 = FILL_AREA_STYLE_COLOUR ( '', #1827 ) ;
#3833 = CARTESIAN_POINT ( 'NONE',  ( -0.7999999999999957145, 2.500000000000094147, -5.949999999999992184 ) ) ;
#3834 = AXIS2_PLACEMENT_3D ( 'NONE', #1520, #5132, #4301 ) ;
#3835 = ORIENTED_EDGE ( 'NONE', *, *, #3467, .T. ) ;
#3836 = VERTEX_POINT ( 'NONE', #404 ) ;
#3837 = CARTESIAN_POINT ( 'NONE',  ( 6.528531572587997545, 2.472466518778553279, -5.499999999999991118 ) ) ;
#3838 = CARTESIAN_POINT ( 'NONE',  ( 6.705172714700596615, 2.351193538818547868, -5.498999999999991672 ) ) ;
#3839 = CARTESIAN_POINT ( 'NONE',  ( -6.999999999999997335, -0.9999999999999219513, -4.500000000000003553 ) ) ;
#3840 = SURFACE_SIDE_STYLE ('',( #2037 ) ) ;
#3841 = CARTESIAN_POINT ( 'NONE',  ( 6.980676049509452419, 1.925102091783492453, -5.499999999999996447 ) ) ;
#3842 = DIRECTION ( 'NONE',  ( 1.835596038252509459E-31, -3.614918832493752804E-15, 1.000000000000000000 ) ) ;
#3843 = CARTESIAN_POINT ( 'NONE',  ( 6.993664851195772414, 3.116829063140371670, -5.498999999999982791 ) ) ;
#3844 = FILL_AREA_STYLE_COLOUR ( '', #4181 ) ;
#3845 =( LENGTH_UNIT ( ) NAMED_UNIT ( * ) SI_UNIT ( .MILLI., .METRE. ) );
#3846 = CARTESIAN_POINT ( 'NONE',  ( 7.123694651498372110, 2.693894873451306626, -5.499999999999989342 ) ) ;
#3847 = B_SPLINE_CURVE_WITH_KNOTS ( 'NONE', 3,
 ( #4617, #3287, #4997, #4208, #1460, #5432, #1395, #3196, #977, #3229, #1818, #5082, #5495, #1032, #942, #2310, #3629, #4120, #64 ),
 .UNSPECIFIED., .F., .F.,
 ( 4, 1, 1, 1, 1, 1, 1, 1, 1, 1, 1, 1, 1, 1, 1, 1, 4 ),
 ( 0.000000000000000000, 0.03120011115393675136, 0.07048671901620030822, 0.1172148300204120114, 0.1715755269954915008, 0.2341219784876090171, 0.3039626396728059565, 0.3821556401561975180, 0.4676462220680259740, 0.5543353814021599879, 0.6350744656665049392, 0.7100366878785240310, 0.7790924037748320208, 0.8429656453505109948, 0.9010012068505279803, 0.9532462564590260534, 1.000000000000000000 ),
 .UNSPECIFIED. ) ;
#3848 = CARTESIAN_POINT ( 'NONE',  ( -6.999999999999996447, 2.500000000000067502, -1.699999999999990630 ) ) ;
#3849 = ORIENTED_EDGE ( 'NONE', *, *, #2932, .F. ) ;
#3850 = EDGE_CURVE ( 'NONE', #5199, #29, #3901, .T. ) ;
#3851 = CARTESIAN_POINT ( 'NONE',  ( 7.424329242767361947, 3.136641684961495535, -5.499999999999984013 ) ) ;
#3852 = CARTESIAN_POINT ( 'NONE',  ( 7.000000000000001776, 2.500000000000063505, -1.499999999999990452 ) ) ;
#3853 = DIRECTION ( 'NONE',  ( -1.835596038252509459E-31, 3.614918832493752804E-15, -1.000000000000000000 ) ) ;
#3854 = CARTESIAN_POINT ( 'NONE',  ( 0.7500000000000067724, -0.9999999999999384936, -1.000000000000003109 ) ) ;
#3855 = ORIENTED_EDGE ( 'NONE', *, *, #3320, .T. ) ;
#3856 =( GEOMETRIC_REPRESENTATION_CONTEXT ( 3 ) GLOBAL_UNCERTAINTY_ASSIGNED_CONTEXT ( ( #5329 ) ) GLOBAL_UNIT_ASSIGNED_CONTEXT ( ( #1307, #544, #3288 ) ) REPRESENTATION_CONTEXT ( 'NONE', 'WORKASPACE' ) );
#3857 = CARTESIAN_POINT ( 'NONE',  ( 3.750000000000003553, -1.249996883773825784, 8.673617379884229532E-15 ) ) ;
#3858 = EDGE_CURVE ( 'NONE', #1114, #3484, #2216, .T. ) ;
#3859 = CARTESIAN_POINT ( 'NONE',  ( -6.999999999999996447, 4.000000000000080824, -5.399999999999984368 ) ) ;
#3860 = AXIS2_PLACEMENT_3D ( 'NONE', #3253, #5450, #5517 ) ;
#3861 =( NAMED_UNIT ( * ) SI_UNIT ( $, .STERADIAN. ) SOLID_ANGLE_UNIT ( ) );
#3862 = ORIENTED_EDGE ( 'NONE', *, *, #5537, .T. ) ;
#3863 = CARTESIAN_POINT ( 'NONE',  ( 3.750000000000003553, 2.500000000000099476, -1.199999999999991296 ) ) ;
#3864 =( GEOMETRIC_REPRESENTATION_CONTEXT ( 3 ) GLOBAL_UNCERTAINTY_ASSIGNED_CONTEXT ( ( #2203 ) ) GLOBAL_UNIT_ASSIGNED_CONTEXT ( ( #2821, #1391, #1366 ) ) REPRESENTATION_CONTEXT ( 'NONE', 'WORKASPACE' ) );
#3865 = ORIENTED_EDGE ( 'NONE', *, *, #4299, .T. ) ;
#3866 =( LENGTH_UNIT ( ) NAMED_UNIT ( * ) SI_UNIT ( .MILLI., .METRE. ) );
#3867 = CARTESIAN_POINT ( 'NONE',  ( 6.652626775817151561, 3.207869204767282323, -5.498999999999982791 ) ) ;
#3868 =( LENGTH_UNIT ( ) NAMED_UNIT ( * ) SI_UNIT ( .MILLI., .METRE. ) );
#3869 = CARTESIAN_POINT ( 'NONE',  ( 6.667643216580382948, 2.559136755448064182, -5.499999999999989342 ) ) ;
#3870 = CIRCLE ( 'NONE', #2076, 0.2999999999999999334 ) ;
#3871 = CARTESIAN_POINT ( 'NONE',  ( 6.618965331964997034, 2.186240120832679601, -5.499999999999994671 ) ) ;
#3872 =( GEOMETRIC_REPRESENTATION_CONTEXT ( 3 ) GLOBAL_UNCERTAINTY_ASSIGNED_CONTEXT ( ( #5813 ) ) GLOBAL_UNIT_ASSIGNED_CONTEXT ( ( #3529, #4877, #3030 ) ) REPRESENTATION_CONTEXT ( 'NONE', 'WORKASPACE' ) );
#3873 = CARTESIAN_POINT ( 'NONE',  ( 6.677071747364041521, 2.938038467859186209, -5.498999999999986343 ) ) ;
#3874 = MECHANICAL_DESIGN_GEOMETRIC_PRESENTATION_REPRESENTATION (  '', ( #4913 ), #1986 ) ;
#3875 = CARTESIAN_POINT ( 'NONE',  ( 6.444167976967122513, 2.024972637049383462, -5.498999999999995225 ) ) ;
#3876 =( GEOMETRIC_REPRESENTATION_CONTEXT ( 3 ) GLOBAL_UNCERTAINTY_ASSIGNED_CONTEXT ( ( #788 ) ) GLOBAL_UNIT_ASSIGNED_CONTEXT ( ( #1867, #3649, #2736 ) ) REPRESENTATION_CONTEXT ( 'NONE', 'WORKASPACE' ) );
#3877 = CARTESIAN_POINT ( 'NONE',  ( 7.000000000000003553, 5.000000000000071054, -3.799999999999981171 ) ) ;
#3878 =( GEOMETRIC_REPRESENTATION_CONTEXT ( 3 ) GLOBAL_UNCERTAINTY_ASSIGNED_CONTEXT ( ( #5394 ) ) GLOBAL_UNIT_ASSIGNED_CONTEXT ( ( #755, #4432, #5713 ) ) REPRESENTATION_CONTEXT ( 'NONE', 'WORKASPACE' ) );
#3879 = STYLED_ITEM ( 'NONE', ( #2917 ), #3121 ) ;
#3880 = PRESENTATION_LAYER_ASSIGNMENT (  '', '', ( #578 ) ) ;
#3881 = FACE_BOUND ( 'NONE', #1354, .T. ) ;
#3882 = CARTESIAN_POINT ( 'NONE',  ( -6.999999999999996447, 2.500000000000067057, -1.599999999999990541 ) ) ;
#3883 = COLOUR_RGB ( '',0.1019607843137254888, 0.1019607843137254888, 0.1019607843137254888 ) ;
#3884 = COLOUR_RGB ( '',0.9529411764705881804, 0.7960784313725489669, 0.4862745098039215619 ) ;
#3885 = VERTEX_POINT ( 'NONE', #4027 ) ;
#3886 = AXIS2_PLACEMENT_3D ( 'NONE', #4296, #4236, #5120 ) ;
#3887 = PRESENTATION_LAYER_ASSIGNMENT (  '', '', ( #5483 ) ) ;
#3888 =( LENGTH_UNIT ( ) NAMED_UNIT ( * ) SI_UNIT ( .MILLI., .METRE. ) );
#3889 = CARTESIAN_POINT ( 'NONE',  ( 7.073011489940602914, 1.935059327531896578, -5.498999999999997002 ) ) ;
#3890 = CARTESIAN_POINT ( 'NONE',  ( -7.325801711467520683, 1.777793762384871412, -5.498999999999988120 ) ) ;
#3891 = ADVANCED_FACE ( 'NONE', ( #4340 ), #1062, .T. ) ;
#3892 = EDGE_LOOP ( 'NONE', ( #3118 ) ) ;
#3893 = DIRECTION ( 'NONE',  ( -1.000000000000000000, 0.000000000000000000, -0.000000000000000000 ) ) ;
#3894 = COLOUR_RGB ( '',0.9529411764705881804, 0.7960784313725489669, 0.4862745098039215619 ) ;
#3895 = PRESENTATION_STYLE_ASSIGNMENT (( #3388 ) ) ;
#3896 = SURFACE_STYLE_USAGE ( .BOTH. , #5249 ) ;
#3897 = SURFACE_STYLE_USAGE ( .BOTH. , #2521 ) ;
#3898 = EDGE_CURVE ( 'NONE', #4105, #3508, #573, .T. ) ;
#3899 = ORIENTED_EDGE ( 'NONE', *, *, #5644, .T. ) ;
#3900 = EDGE_LOOP ( 'NONE', ( #52, #3855, #5694, #4964 ) ) ;
#3901 = LINE ( 'NONE', #5695, #4448 ) ;
#3902 = CARTESIAN_POINT ( 'NONE',  ( 7.311273024272692211, 2.892970890063448763, -5.499999999999985789 ) ) ;
#3903 = UNCERTAINTY_MEASURE_WITH_UNIT (LENGTH_MEASURE( 1.000000000000000082E-05 ), #3950, 'distance_accuracy_value', 'NONE');
#3904 = CARTESIAN_POINT ( 'NONE',  ( 6.407426870426537135, 2.196456466986525857, -5.499999999999994671 ) ) ;
#3905 = CARTESIAN_POINT ( 'NONE',  ( 7.000000000000003553, 5.000000000000067502, -2.499999999999981348 ) ) ;
#3906 =( NAMED_UNIT ( * ) PLANE_ANGLE_UNIT ( ) SI_UNIT ( $, .RADIAN. ) );
#3907 = CARTESIAN_POINT ( 'NONE',  ( 6.923472374583842459, 3.288104851191490763, -5.498999999999981014 ) ) ;
#3908 = MECHANICAL_DESIGN_GEOMETRIC_PRESENTATION_REPRESENTATION (  '', ( #5320 ), #401 ) ;
#3909 = FILL_AREA_STYLE ('',( #5702 ) ) ;
#3910 = DIRECTION ( 'NONE',  ( 3.469446951953612217E-16, 1.000000000000000000, 3.469446951953612217E-15 ) ) ;
#3911 = CARTESIAN_POINT ( 'NONE',  ( 6.952198505041922161, 1.751444447755755585, -5.498999999999998778 ) ) ;
#3912 = CYLINDRICAL_SURFACE ( 'NONE', #2597, 0.2999999999999999334 ) ;
#3913 = CARTESIAN_POINT ( 'NONE',  ( 7.580503793503463150, 2.289905986217295020, -5.498999999999993449 ) ) ;
#3914 = CARTESIAN_POINT ( 'NONE',  ( 7.408261679827031543, 1.893044353654813827, -5.498999999999997002 ) ) ;
#3915 = VERTEX_POINT ( 'NONE', #4579 ) ;
#3916 = FACE_OUTER_BOUND ( 'NONE', #4122, .T. ) ;
#3917 = CARTESIAN_POINT ( 'NONE',  ( 3.750000000000003553, -1.249996883773825784, 8.673617379884229532E-15 ) ) ;
#3918 = PRESENTATION_STYLE_ASSIGNMENT (( #3380 ) ) ;
#3919 = CIRCLE ( 'NONE', #983, 1.599999999999999867 ) ;
#3920 = ORIENTED_EDGE ( 'NONE', *, *, #1442, .F. ) ;
#3921 =( LENGTH_UNIT ( ) NAMED_UNIT ( * ) SI_UNIT ( .MILLI., .METRE. ) );
#3922 =( LENGTH_UNIT ( ) NAMED_UNIT ( * ) SI_UNIT ( .MILLI., .METRE. ) );
#3923 = CARTESIAN_POINT ( 'NONE',  ( 7.368965331965002363, 2.289905986217295020, -5.498999999999993449 ) ) ;
#3924 = ORIENTED_EDGE ( 'NONE', *, *, #4583, .T. ) ;
#3925 =( GEOMETRIC_REPRESENTATION_CONTEXT ( 3 ) GLOBAL_UNCERTAINTY_ASSIGNED_CONTEXT ( ( #1550 ) ) GLOBAL_UNIT_ASSIGNED_CONTEXT ( ( #699, #2374, #637 ) ) REPRESENTATION_CONTEXT ( 'NONE', 'WORKASPACE' ) );
#3926 = EDGE_LOOP ( 'NONE', ( #2058 ) ) ;
#3927 =( NAMED_UNIT ( * ) PLANE_ANGLE_UNIT ( ) SI_UNIT ( $, .RADIAN. ) );
#3928 = DIRECTION ( 'NONE',  ( 0.000000000000000000, -1.000000000000000000, -3.302791052538885695E-15 ) ) ;
#3929 = ORIENTED_EDGE ( 'NONE', *, *, #4516, .F. ) ;
#3930 = CARTESIAN_POINT ( 'NONE',  ( 7.517981352529811367, 2.035789657548852549, -5.499999999999996447 ) ) ;
#3931 = DIRECTION ( 'NONE',  ( 0.000000000000000000, 3.591911631868355648E-15, -1.000000000000000000 ) ) ;
#3932 = EDGE_CURVE ( 'NONE', #2034, #5720, #74, .T. ) ;
#3933 = DIRECTION ( 'NONE',  ( 0.000000000000000000, -1.000000000000000000, 0.000000000000000000 ) ) ;
#3934 = EDGE_CURVE ( 'NONE', #1138, #1923, #5839, .T. ) ;
#3935 =( NAMED_UNIT ( * ) PLANE_ANGLE_UNIT ( ) SI_UNIT ( $, .RADIAN. ) );
#3936 =( NAMED_UNIT ( * ) SI_UNIT ( $, .STERADIAN. ) SOLID_ANGLE_UNIT ( ) );
#3937 =( LENGTH_UNIT ( ) NAMED_UNIT ( * ) SI_UNIT ( .MILLI., .METRE. ) );
#3938 =( NAMED_UNIT ( * ) SI_UNIT ( $, .STERADIAN. ) SOLID_ANGLE_UNIT ( ) );
#3939 = CARTESIAN_POINT ( 'NONE',  ( -6.999999999999996447, 2.500000000000077716, -4.499999999999990230 ) ) ;
#3940 = ADVANCED_FACE ( 'NONE', ( #460, #1829 ), #1702, .F. ) ;
#3941 = DIRECTION ( 'NONE',  ( 8.503556842633538127E-17, -1.000000000000000000, 0.000000000000000000 ) ) ;
#3942 = CARTESIAN_POINT ( 'NONE',  ( 7.257486966580382060, 2.760458870832679601, -5.499999999999987566 ) ) ;
#3943 = LINE ( 'NONE', #4482, #4066 ) ;
#3944 = DIRECTION ( 'NONE',  ( 2.220446049250359919E-16, 0.000000000000000000, -1.000000000000000000 ) ) ;
#3945 = CARTESIAN_POINT ( 'NONE',  ( -6.999999999999996447, 2.500000000000067502, -1.699999999999990630 ) ) ;
#3946 = ORIENTED_EDGE ( 'NONE', *, *, #3625, .F. ) ;
#3947 = FILL_AREA_STYLE ('',( #4329 ) ) ;
#3948 =( NAMED_UNIT ( * ) PLANE_ANGLE_UNIT ( ) SI_UNIT ( $, .RADIAN. ) );
#3949 =( NAMED_UNIT ( * ) PLANE_ANGLE_UNIT ( ) SI_UNIT ( $, .RADIAN. ) );
#3950 =( LENGTH_UNIT ( ) NAMED_UNIT ( * ) SI_UNIT ( .MILLI., .METRE. ) );
#3951 = ORIENTED_EDGE ( 'NONE', *, *, #268, .T. ) ;
#3952 = PRESENTATION_STYLE_ASSIGNMENT (( #2582 ) ) ;
#3953 = LINE ( 'NONE', #5334, #1041 ) ;
#3954 = FACE_OUTER_BOUND ( 'NONE', #4521, .T. ) ;
#3955 = COLOUR_RGB ( '',0.8980392156862745390, 0.8980392156862745390, 0.8980392156862745390 ) ;
#3956 = ORIENTED_EDGE ( 'NONE', *, *, #4686, .T. ) ;
#3957 = ORIENTED_EDGE ( 'NONE', *, *, #2580, .T. ) ;
#3958 =( NAMED_UNIT ( * ) SI_UNIT ( $, .STERADIAN. ) SOLID_ANGLE_UNIT ( ) );
#3959 = FILL_AREA_STYLE_COLOUR ( '', #1617 ) ;
#3960 = CARTESIAN_POINT ( 'NONE',  ( -3.749999999999996003, -1.149996883773825695, -0.2999999999999912736 ) ) ;
#3961 = COLOUR_RGB ( '',0.9529411764705881804, 0.7960784313725489669, 0.4862745098039215619 ) ;
#3962 =( NAMED_UNIT ( * ) PLANE_ANGLE_UNIT ( ) SI_UNIT ( $, .RADIAN. ) );
#3963 = ADVANCED_FACE ( 'NONE', ( #3639, #140 ), #3387, .F. ) ;
#3964 = VECTOR ( 'NONE', #2354, 1000.000000000000000 ) ;
#3965 = PRESENTATION_STYLE_ASSIGNMENT (( #5261 ) ) ;
#3966 = CARTESIAN_POINT ( 'NONE',  ( 6.511704559953938265, 1.922941482537076752, -5.499999999999996447 ) ) ;
#3967 = CARTESIAN_POINT ( 'NONE',  ( 1.250000000000003775, 1.300000000000115286, 8.673617379884229532E-15 ) ) ;
#3968 = CARTESIAN_POINT ( 'NONE',  ( -6.607051711467516242, 2.897084627769486609, -5.498999999999991672 ) ) ;
#3969 = MECHANICAL_DESIGN_GEOMETRIC_PRESENTATION_REPRESENTATION (  '', ( #3209 ), #3690 ) ;
#3970 = VECTOR ( 'NONE', #4391, 999.9999999999998863 ) ;
#3971 = MECHANICAL_DESIGN_GEOMETRIC_PRESENTATION_REPRESENTATION (  '', ( #4068 ), #1802 ) ;
#3972 = FILL_AREA_STYLE ('',( #4851 ) ) ;
#3973 = FILL_AREA_STYLE ('',( #4883 ) ) ;
#3974 = PRESENTATION_LAYER_ASSIGNMENT (  '', '', ( #4183 ) ) ;
#3975 = ADVANCED_FACE ( 'NONE', ( #1527 ), #1492, .T. ) ;
#3976 = EDGE_LOOP ( 'NONE', ( #1912 ) ) ;
#3977 =( GEOMETRIC_REPRESENTATION_CONTEXT ( 3 ) GLOBAL_UNCERTAINTY_ASSIGNED_CONTEXT ( ( #2671 ) ) GLOBAL_UNIT_ASSIGNED_CONTEXT ( ( #5481, #5535, #1948 ) ) REPRESENTATION_CONTEXT ( 'NONE', 'WORKASPACE' ) );
#3978 = CIRCLE ( 'NONE', #3, 1.500000000000000888 ) ;
#3979 = SURFACE_SIDE_STYLE ('',( #4488 ) ) ;
#3980 = CARTESIAN_POINT ( 'NONE',  ( 6.923472374583842459, 3.288104851191490763, -5.498999999999981014 ) ) ;
#3981 = FILL_AREA_STYLE_COLOUR ( '', #5421 ) ;
#3982 = UNCERTAINTY_MEASURE_WITH_UNIT (LENGTH_MEASURE( 1.000000000000000082E-05 ), #2860, 'distance_accuracy_value', 'NONE');
#3983 =( GEOMETRIC_REPRESENTATION_CONTEXT ( 3 ) GLOBAL_UNCERTAINTY_ASSIGNED_CONTEXT ( ( #4869 ) ) GLOBAL_UNIT_ASSIGNED_CONTEXT ( ( #1546, #129, #2883 ) ) REPRESENTATION_CONTEXT ( 'NONE', 'WORKASPACE' ) );
#3984 = AXIS2_PLACEMENT_3D ( 'NONE', #1187, #3842, #1095 ) ;
#3985 = ORIENTED_EDGE ( 'NONE', *, *, #3009, .T. ) ;
#3986 =( NAMED_UNIT ( * ) PLANE_ANGLE_UNIT ( ) SI_UNIT ( $, .RADIAN. ) );
#3987 = AXIS2_PLACEMENT_3D ( 'NONE', #2824, #5456, #2771 ) ;
#3988 = CARTESIAN_POINT ( 'NONE',  ( 7.301230406111642424, 2.958740573550421527, -5.498999999999984567 ) ) ;
#3989 = FACE_OUTER_BOUND ( 'NONE', #4042, .T. ) ;
#3990 = SURFACE_STYLE_FILL_AREA ( #2176 ) ;
#3991 = COLOUR_RGB ( '',0.9529411764705881804, 0.7960784313725489669, 0.4862745098039215619 ) ;
#3992 = PLANE ( 'NONE',  #2620 ) ;
#3993 = ORIENTED_EDGE ( 'NONE', *, *, #421, .T. ) ;
#3994 = STYLED_ITEM ( 'NONE', ( #1892 ), #1180 ) ;
#3995 = ORIENTED_EDGE ( 'NONE', *, *, #5585, .F. ) ;
#3996 = UNCERTAINTY_MEASURE_WITH_UNIT (LENGTH_MEASURE( 1.000000000000000082E-05 ), #4176, 'distance_accuracy_value', 'NONE');
#3997 =( LENGTH_UNIT ( ) NAMED_UNIT ( * ) SI_UNIT ( .MILLI., .METRE. ) );
#3998 = PRESENTATION_STYLE_ASSIGNMENT (( #4612 ) ) ;
#3999 =( NAMED_UNIT ( * ) SI_UNIT ( $, .STERADIAN. ) SOLID_ANGLE_UNIT ( ) );
#4000 = ORIENTED_EDGE ( 'NONE', *, *, #2260, .F. ) ;
#4001 =( LENGTH_UNIT ( ) NAMED_UNIT ( * ) SI_UNIT ( .MILLI., .METRE. ) );
#4002 = PRESENTATION_STYLE_ASSIGNMENT (( #5818 ) ) ;
#4003 = ADVANCED_FACE ( 'NONE', ( #5807, #3073 ), #3317, .F. ) ;
#4004 = VECTOR ( 'NONE', #2098, 1000.000000000000000 ) ;
#4005 = CARTESIAN_POINT ( 'NONE',  ( -6.999999999999999112, 0.7500000000000741629, -3.799999999999996714 ) ) ;
#4006 = DIRECTION ( 'NONE',  ( -0.8414499297245390252, 0.5403350958123749326, 1.928404317800869527E-15 ) ) ;
#4007 = CARTESIAN_POINT ( 'NONE',  ( 6.733367893141736893, 1.782702295529142500, -5.499999999999998224 ) ) ;
#4008 = AXIS2_PLACEMENT_3D ( 'NONE', #864, #4510, #3568 ) ;
#4009 = DIRECTION ( 'NONE',  ( -1.807003620809194846E-16, 0.000000000000000000, -1.000000000000000000 ) ) ;
#4010 = FACE_OUTER_BOUND ( 'NONE', #1026, .T. ) ;
#4011 = EDGE_CURVE ( 'NONE', #333, #1114, #1735, .T. ) ;
#4012 = FILL_AREA_STYLE ('',( #2656 ) ) ;
#4013 = SURFACE_STYLE_FILL_AREA ( #3138 ) ;
#4014 = ORIENTED_EDGE ( 'NONE', *, *, #1908, .F. ) ;
#4015 = CARTESIAN_POINT ( 'NONE',  ( 6.848010113053357273, 3.278204274596913770, -5.498999999999981014 ) ) ;
#4016 = PRESENTATION_STYLE_ASSIGNMENT (( #1720 ) ) ;
#4017 = EDGE_CURVE ( 'NONE', #4166, #4166, #3978, .T. ) ;
#4018 = EDGE_CURVE ( 'NONE', #5746, #2936, #3953, .T. ) ;
#4019 = CARTESIAN_POINT ( 'NONE',  ( 7.442818440252431778, 3.114059744945890884, -5.498999999999982791 ) ) ;
#4020 = VERTEX_POINT ( 'NONE', #3452 ) ;
#4021 = FACE_OUTER_BOUND ( 'NONE', #827, .T. ) ;
#4022 =( NAMED_UNIT ( * ) PLANE_ANGLE_UNIT ( ) SI_UNIT ( $, .RADIAN. ) );
#4023 = FACE_BOUND ( 'NONE', #5251, .T. ) ;
#4024 = AXIS2_PLACEMENT_3D ( 'NONE', #976, #2278, #2249 ) ;
#4025 = ORIENTED_EDGE ( 'NONE', *, *, #1372, .T. ) ;
#4026 = SURFACE_SIDE_STYLE ('',( #527 ) ) ;
#4027 = CARTESIAN_POINT ( 'NONE',  ( -1.500000000000000444, 5.000000000000077272, -4.499999999999981348 ) ) ;
#4028 = CARTESIAN_POINT ( 'NONE',  ( 1.250000000000002665, 2.500000000000080380, -5.499999999999991118 ) ) ;
#4029 = ORIENTED_EDGE ( 'NONE', *, *, #4908, .F. ) ;
#4030 = CARTESIAN_POINT ( 'NONE',  ( 1.250000000000000222, 4.500000000000063061, -1.499999999999983347 ) ) ;
#4031 = DIRECTION ( 'NONE',  ( -1.835596038252509459E-31, 3.614918832493752804E-15, -1.000000000000000000 ) ) ;
#4032 = CARTESIAN_POINT ( 'NONE',  ( 1.550000000000003597, 1.300000000000115286, 8.619407271259954310E-15 ) ) ;
#4033 = SURFACE_STYLE_FILL_AREA ( #1778 ) ;
#4034 = PRESENTATION_STYLE_ASSIGNMENT (( #2569 ) ) ;
#4035 = PRESENTATION_STYLE_ASSIGNMENT (( #2705 ) ) ;
#4036 =( NAMED_UNIT ( * ) SI_UNIT ( $, .STERADIAN. ) SOLID_ANGLE_UNIT ( ) );
#4037 = FACE_OUTER_BOUND ( 'NONE', #3611, .T. ) ;
#4038 = ORIENTED_EDGE ( 'NONE', *, *, #4974, .F. ) ;
#4039 = CARTESIAN_POINT ( 'NONE',  ( 6.777624481542582124, 3.261202379328759005, -5.498999999999982791 ) ) ;
#4040 = UNCERTAINTY_MEASURE_WITH_UNIT (LENGTH_MEASURE( 1.000000000000000082E-05 ), #626, 'distance_accuracy_value', 'NONE');
#4041 = EDGE_CURVE ( 'NONE', #3561, #3566, #4454, .T. ) ;
#4042 = EDGE_LOOP ( 'NONE', ( #4114 ) ) ;
#4043 = CARTESIAN_POINT ( 'NONE',  ( 6.863662756611012661, 1.932798462220692626, -5.498999999999997002 ) ) ;
#4044 = LINE ( 'NONE', #3636, #3440 ) ;
#4045 = FACE_OUTER_BOUND ( 'NONE', #2757, .T. ) ;
#4046 =( GEOMETRIC_REPRESENTATION_CONTEXT ( 3 ) GLOBAL_UNCERTAINTY_ASSIGNED_CONTEXT ( ( #2603 ) ) GLOBAL_UNIT_ASSIGNED_CONTEXT ( ( #5241, #2111, #1219 ) ) REPRESENTATION_CONTEXT ( 'NONE', 'WORKASPACE' ) );
#4047 = EDGE_CURVE ( 'NONE', #230, #4544, #4407, .T. ) ;
#4048 = ORIENTED_EDGE ( 'NONE', *, *, #840, .T. ) ;
#4049 = ORIENTED_EDGE ( 'NONE', *, *, #3647, .T. ) ;
#4050 = UNCERTAINTY_MEASURE_WITH_UNIT (LENGTH_MEASURE( 1.000000000000000082E-05 ), #4667, 'distance_accuracy_value', 'NONE');
#4051 = CARTESIAN_POINT ( 'NONE',  ( 7.480051894462723006, 1.973107437465873470, -5.499999999999996447 ) ) ;
#4052 =( LENGTH_UNIT ( ) NAMED_UNIT ( * ) SI_UNIT ( .MILLI., .METRE. ) );
#4053 = ORIENTED_EDGE ( 'NONE', *, *, #5614, .F. ) ;
#4054 = CARTESIAN_POINT ( 'NONE',  ( 7.215444903480841887, 1.786444992011475552, -5.499999999999998224 ) ) ;
#4055 = CARTESIAN_POINT ( 'NONE',  ( 6.535962641769426540, 3.106041350547822599, -5.499999999999984013 ) ) ;
#4056 = VERTEX_POINT ( 'NONE', #2156 ) ;
#4057 =( NAMED_UNIT ( * ) PLANE_ANGLE_UNIT ( ) SI_UNIT ( $, .RADIAN. ) );
#4058 = DIRECTION ( 'NONE',  ( 0.000000000000000000, 9.957992501029929072E-17, -1.000000000000000000 ) ) ;
#4059 = AXIS2_PLACEMENT_3D ( 'NONE', #3945, #1342, #325 ) ;
#4060 = CARTESIAN_POINT ( 'NONE',  ( 7.301357158888082566, 2.554930024678833345, -5.499999999999989342 ) ) ;
#4061 = DIRECTION ( 'NONE',  ( 0.000000000000000000, -3.591911631868355648E-15, 1.000000000000000000 ) ) ;
#4062 = CARTESIAN_POINT ( 'NONE',  ( 1.250000000000004441, 2.500000000000094147, -5.949999999999992184 ) ) ;
#4063 = STYLED_ITEM ( 'NONE', ( #1419 ), #3571 ) ;
#4064 = EDGE_LOOP ( 'NONE', ( #753 ) ) ;
#4065 = CARTESIAN_POINT ( 'NONE',  ( 6.512498334798467070, 3.072624530651463459, -5.499999999999984013 ) ) ;
#4066 = VECTOR ( 'NONE', #4881, 1000.000000000000000 ) ;
#4067 = DIRECTION ( 'NONE',  ( 0.000000000000000000, -3.591911631868355648E-15, 1.000000000000000000 ) ) ;
#4068 = STYLED_ITEM ( 'NONE', ( #3119 ), #3820 ) ;
#4069 = AXIS2_PLACEMENT_3D ( 'NONE', #3663, #522, #3108 ) ;
#4070 = FACE_OUTER_BOUND ( 'NONE', #2664, .T. ) ;
#4071 = VECTOR ( 'NONE', #2562, 1000.000000000000000 ) ;
#4072 = DIRECTION ( 'NONE',  ( 0.000000000000000000, 1.000000000000000000, 3.568904431242956914E-15 ) ) ;
#4073 = EDGE_CURVE ( 'NONE', #391, #2121, #5247, .T. ) ;
#4074 = ORIENTED_EDGE ( 'NONE', *, *, #4047, .T. ) ;
#4075 = STYLED_ITEM ( 'NONE', ( #3586 ), #4410 ) ;
#4076 = CARTESIAN_POINT ( 'NONE',  ( 7.176530127878012699, 1.775592232435479589, -5.498999999999998778 ) ) ;
#4077 = ORIENTED_EDGE ( 'NONE', *, *, #1953, .F. ) ;
#4078 = DIRECTION ( 'NONE',  ( 0.000000000000000000, 3.568904431242956914E-15, -1.000000000000000000 ) ) ;
#4079 = CARTESIAN_POINT ( 'NONE',  ( 6.722425654344166723, 3.242170463374235645, -5.499999999999982236 ) ) ;
#4080 = CARTESIAN_POINT ( 'NONE',  ( 7.257486966580382060, 2.760458870832679601, -5.498999999999988120 ) ) ;
#4081 = CARTESIAN_POINT ( 'NONE',  ( 7.000000000000001776, 4.000000000000063949, -1.599999999999985212 ) ) ;
#4082 = B_SPLINE_CURVE_WITH_KNOTS ( 'NONE', 3,
 ( #4945, #441, #882, #5267, #2246, #5645, #3624, #3851, #1607, #1367, #1195, #2048, #908, #2577, #726, #3415, #1336, #5218, #269 ),
 .UNSPECIFIED., .F., .F.,
 ( 4, 1, 1, 1, 1, 1, 1, 1, 1, 1, 1, 1, 1, 1, 1, 1, 4 ),
 ( 0.000000000000000000, 0.07499546738983189909, 0.1491654404266559986, 0.2236642943382250170, 0.3004120221906724786, 0.3395704846106349928, 0.3789205746932789998, 0.4180957375990935199, 0.4582296767501559676, 0.4984267212184589901, 0.5397075464534800693, 0.5822159516458430550, 0.6258238199943749747, 0.7154812648736980085, 0.8073840844133599592, 0.9016341255073709871, 1.000000000000000000 ),
 .UNSPECIFIED. ) ;
#4083 = EDGE_CURVE ( 'NONE', #170, #251, #892, .T. ) ;
#4084 = VECTOR ( 'NONE', #541, 1000.000000000000000 ) ;
#4085 = CARTESIAN_POINT ( 'NONE',  ( 6.756011783798417270, 2.592211245176941681, -5.498999999999989896 ) ) ;
#4086 = CARTESIAN_POINT ( 'NONE',  ( 6.902404331937741944, 2.428478591519919849, -5.499999999999991118 ) ) ;
#4087 =( GEOMETRIC_REPRESENTATION_CONTEXT ( 3 ) GLOBAL_UNCERTAINTY_ASSIGNED_CONTEXT ( ( #723 ) ) GLOBAL_UNIT_ASSIGNED_CONTEXT ( ( #75, #5443, #498 ) ) REPRESENTATION_CONTEXT ( 'NONE', 'WORKASPACE' ) );
#4088 = CARTESIAN_POINT ( 'NONE',  ( 6.657551825761646391, 2.057219055013304043, -5.499999999999996447 ) ) ;
#4089 = CARTESIAN_POINT ( 'NONE',  ( 6.408209692015047310, 2.176852801058690723, -5.498999999999993449 ) ) ;
#4090 = PRESENTATION_LAYER_ASSIGNMENT (  '', '', ( #5587 ) ) ;
#4091 = CARTESIAN_POINT ( 'NONE',  ( 6.854375867120642063, 3.100295885187565492, -5.498999999999984567 ) ) ;
#4092 = DIRECTION ( 'NONE',  ( -0.6401843996644827062, -0.7682212795973734076, -2.759382950034598399E-15 ) ) ;
#4093 = CARTESIAN_POINT ( 'NONE',  ( 7.311273024272692211, 2.892970890063448763, -5.498999999999986343 ) ) ;
#4094 = VECTOR ( 'NONE', #5423, 1000.000000000000000 ) ;
#4095 = ORIENTED_EDGE ( 'NONE', *, *, #4794, .F. ) ;
#4096 = CARTESIAN_POINT ( 'NONE',  ( 6.535962641769426540, 3.106041350547822599, -5.499999999999984013 ) ) ;
#4097 = MECHANICAL_DESIGN_GEOMETRIC_PRESENTATION_REPRESENTATION (  '', ( #2484 ), #1545 ) ;
#4098 = FILL_AREA_STYLE ('',( #41 ) ) ;
#4099 = CARTESIAN_POINT ( 'NONE',  ( 6.620392351989922375, 2.153243592368170312, -5.498999999999993449 ) ) ;
#4100 = SURFACE_STYLE_FILL_AREA ( #1516 ) ;
#4101 = ORIENTED_EDGE ( 'NONE', *, *, #1329, .F. ) ;
#4102 = ORIENTED_EDGE ( 'NONE', *, *, #4853, .T. ) ;
#4103 = CARTESIAN_POINT ( 'NONE',  ( 7.176530127878012699, 1.775592232435479589, -5.499999999999998224 ) ) ;
#4104 = FILL_AREA_STYLE ('',( #3609 ) ) ;
#4105 = VERTEX_POINT ( 'NONE', #5415 ) ;
#4106 = LINE ( 'NONE', #1861, #4094 ) ;
#4107 = VERTEX_POINT ( 'NONE', #5074 ) ;
#4108 =( GEOMETRIC_REPRESENTATION_CONTEXT ( 3 ) GLOBAL_UNCERTAINTY_ASSIGNED_CONTEXT ( ( #2886 ) ) GLOBAL_UNIT_ASSIGNED_CONTEXT ( ( #2972, #2998, #4304 ) ) REPRESENTATION_CONTEXT ( 'NONE', 'WORKASPACE' ) );
#4109 = DIRECTION ( 'NONE',  ( -1.453365290955054431E-31, 3.385396932347303653E-15, -1.000000000000000000 ) ) ;
#4110 = DIRECTION ( 'NONE',  ( -1.000000000000000000, 4.336808689942016750E-16, 1.557743357859049482E-30 ) ) ;
#4111 = EDGE_CURVE ( 'NONE', #2417, #1384, #480, .T. ) ;
#4112 = FACE_BOUND ( 'NONE', #5841, .T. ) ;
#4113 = CARTESIAN_POINT ( 'NONE',  ( 7.368965331965002363, 2.289905986217295020, -5.498999999999993449 ) ) ;
#4114 = ORIENTED_EDGE ( 'NONE', *, *, #2542, .T. ) ;
#4115 = CARTESIAN_POINT ( 'NONE',  ( 7.006995346872562536, 3.116728584165805671, -5.499999999999984013 ) ) ;
#4116 = LINE ( 'NONE', #5545, #4923 ) ;
#4117 = CARTESIAN_POINT ( 'NONE',  ( 7.081332470051942884, 2.680374225500047558, -5.498999999999988120 ) ) ;
#4118 = PRESENTATION_LAYER_ASSIGNMENT (  '', '', ( #1761 ) ) ;
#4119 = SURFACE_SIDE_STYLE ('',( #1426 ) ) ;
#4120 = CARTESIAN_POINT ( 'NONE',  ( 7.293683714041262256, 2.551138988182752421, -5.498999999999989896 ) ) ;
#4121 = CARTESIAN_POINT ( 'NONE',  ( 7.398954114026691897, 2.615793912382570419, -5.498999999999989896 ) ) ;
#4122 = EDGE_LOOP ( 'NONE', ( #2576 ) ) ;
#4123 = EDGE_CURVE ( 'NONE', #2094, #1923, #3238, .T. ) ;
#4124 =( GEOMETRIC_REPRESENTATION_CONTEXT ( 3 ) GLOBAL_UNCERTAINTY_ASSIGNED_CONTEXT ( ( #4744 ) ) GLOBAL_UNIT_ASSIGNED_CONTEXT ( ( #799, #3470, #4424 ) ) REPRESENTATION_CONTEXT ( 'NONE', 'WORKASPACE' ) );
#4125 = PLANE ( 'NONE',  #3603 ) ;
#4126 =( GEOMETRIC_REPRESENTATION_CONTEXT ( 3 ) GLOBAL_UNCERTAINTY_ASSIGNED_CONTEXT ( ( #1468 ) ) GLOBAL_UNIT_ASSIGNED_CONTEXT ( ( #666, #4243, #1994 ) ) REPRESENTATION_CONTEXT ( 'NONE', 'WORKASPACE' ) );
#4127 = DIRECTION ( 'NONE',  ( -1.000000000000000000, 0.000000000000000000, -0.000000000000000000 ) ) ;
#4128 = ORIENTED_EDGE ( 'NONE', *, *, #5505, .T. ) ;
#4129 = ORIENTED_EDGE ( 'NONE', *, *, #4794, .T. ) ;
#4130 = CARTESIAN_POINT ( 'NONE',  ( 7.408261679827031543, 1.893044353654813827, -5.498999999999997002 ) ) ;
#4131 = DIRECTION ( 'NONE',  ( 0.000000000000000000, 1.000000000000000000, 3.614007241618346799E-15 ) ) ;
#4132 = CARTESIAN_POINT ( 'NONE',  ( 6.512498334798467070, 3.072624530651463459, -5.499999999999984013 ) ) ;
#4133 = VERTEX_POINT ( 'NONE', #3753 ) ;
#4134 = CARTESIAN_POINT ( 'NONE',  ( 7.081332470051942884, 2.680374225500047558, -5.498999999999988120 ) ) ;
#4135 = CARTESIAN_POINT ( 'NONE',  ( 7.000000000000000888, -0.9999999999999253930, -4.500000000000003553 ) ) ;
#4136 = FILL_AREA_STYLE_COLOUR ( '', #119 ) ;
#4137 = CARTESIAN_POINT ( 'NONE',  ( 7.104678775535402835, 3.108123937176208607, -5.499999999999984013 ) ) ;
#4138 = FACE_OUTER_BOUND ( 'NONE', #2140, .T. ) ;
#4139 = CARTESIAN_POINT ( 'NONE',  ( 6.667643216580382948, 2.559136755448064182, -5.498999999999989896 ) ) ;
#4140 = CARTESIAN_POINT ( 'NONE',  ( 6.825389358743927382, 3.090704034544963008, -5.499999999999984013 ) ) ;
#4141 = EDGE_CURVE ( 'NONE', #4528, #5715, #1757, .T. ) ;
#4142 = FILL_AREA_STYLE_COLOUR ( '', #2456 ) ;
#4143 = VECTOR ( 'NONE', #1843, 1000.000000000000000 ) ;
#4144 = STYLED_ITEM ( 'NONE', ( #2955 ), #2968 ) ;
#4145 = PLANE ( 'NONE',  #3219 ) ;
#4146 = PRESENTATION_LAYER_ASSIGNMENT (  '', '', ( #4063 ) ) ;
#4147 = EDGE_CURVE ( 'NONE', #5050, #5050, #1135, .T. ) ;
#4148 = CARTESIAN_POINT ( 'NONE',  ( -6.999999999999999112, 0.7500000000000700551, -2.499999999999996891 ) ) ;
#4149 = AXIS2_PLACEMENT_3D ( 'NONE', #1421, #1454, #3281 ) ;
#4150 = CARTESIAN_POINT ( 'NONE',  ( -6.999999999999999112, 0.7500000000000696110, -2.499999999999996891 ) ) ;
#4151 = DIRECTION ( 'NONE',  ( 0.000000000000000000, 1.000000000000000000, 3.717264591378872007E-15 ) ) ;
#4152 = CARTESIAN_POINT ( 'NONE',  ( 7.311273024272692211, 2.892970890063448763, -5.498999999999986343 ) ) ;
#4153 = FILL_AREA_STYLE_COLOUR ( '', #5502 ) ;
#4154 = MECHANICAL_DESIGN_GEOMETRIC_PRESENTATION_REPRESENTATION (  '', ( #4812 ), #1604 ) ;
#4155 =( GEOMETRIC_REPRESENTATION_CONTEXT ( 3 ) GLOBAL_UNCERTAINTY_ASSIGNED_CONTEXT ( ( #3021 ) ) GLOBAL_UNIT_ASSIGNED_CONTEXT ( ( #4551, #1021, #2348 ) ) REPRESENTATION_CONTEXT ( 'NONE', 'WORKASPACE' ) );
#4156 = AXIS2_PLACEMENT_3D ( 'NONE', #3177, #71, #5438 ) ;
#4157 = ORIENTED_EDGE ( 'NONE', *, *, #206, .F. ) ;
#4158 = DIRECTION ( 'NONE',  ( 0.000000000000000000, -1.000000000000000000, -3.591911631868355648E-15 ) ) ;
#4159 = STYLED_ITEM ( 'NONE', ( #1359 ), #5078 ) ;
#4160 = CARTESIAN_POINT ( 'NONE',  ( 7.579985169858791672, 2.276771181320510706, -5.498999999999993449 ) ) ;
#4161 =( LENGTH_UNIT ( ) NAMED_UNIT ( * ) SI_UNIT ( .MILLI., .METRE. ) );
#4162 = CARTESIAN_POINT ( 'NONE',  ( 7.188136736077813005, 2.509079984842886635, -5.499999999999991118 ) ) ;
#4163 = VECTOR ( 'NONE', #2113, 1000.000000000000114 ) ;
#4164 = CARTESIAN_POINT ( 'NONE',  ( 1.250000000000003775, -1.249996883773825784, 8.673617379884229532E-15 ) ) ;
#4165 = SURFACE_STYLE_FILL_AREA ( #5100 ) ;
#4166 = VERTEX_POINT ( 'NONE', #1888 ) ;
#4167 = STYLED_ITEM ( 'NONE', ( #1933 ), #484 ) ;
#4168 = CARTESIAN_POINT ( 'NONE',  ( 7.240757775251312367, 2.746200160688702763, -5.498999999999988120 ) ) ;
#4169 =( NAMED_UNIT ( * ) PLANE_ANGLE_UNIT ( ) SI_UNIT ( $, .RADIAN. ) );
#4170 = STYLED_ITEM ( 'NONE', ( #3490 ), #4554 ) ;
#4171 = PRESENTATION_LAYER_ASSIGNMENT (  '', '', ( #858 ) ) ;
#4172 = AXIS2_PLACEMENT_3D ( 'NONE', #4934, #925, #4633 ) ;
#4173 = SURFACE_STYLE_USAGE ( .BOTH. , #5055 ) ;
#4174 = FILL_AREA_STYLE_COLOUR ( '', #2655 ) ;
#4175 = FILL_AREA_STYLE ('',( #2357 ) ) ;
#4176 =( LENGTH_UNIT ( ) NAMED_UNIT ( * ) SI_UNIT ( .MILLI., .METRE. ) );
#4177 = EDGE_CURVE ( 'NONE', #2121, #1747, #3110, .T. ) ;
#4178 = CIRCLE ( 'NONE', #5473, 0.7500000000000000000 ) ;
#4179 = LINE ( 'NONE', #4679, #4084 ) ;
#4180 = PRESENTATION_LAYER_ASSIGNMENT (  '', '', ( #3691 ) ) ;
#4181 = COLOUR_RGB ( '',0.1019607843137254888, 0.1019607843137254888, 0.1019607843137254888 ) ;
#4182 = DIRECTION ( 'NONE',  ( 5.421010862427522170E-16, 1.000000000000000000, 3.794707603699265519E-15 ) ) ;
#4183 = STYLED_ITEM ( 'NONE', ( #868 ), #274 ) ;
#4184 = UNCERTAINTY_MEASURE_WITH_UNIT (LENGTH_MEASURE( 1.000000000000000082E-05 ), #4581, 'distance_accuracy_value', 'NONE');
#4185 = MECHANICAL_DESIGN_GEOMETRIC_PRESENTATION_REPRESENTATION (  '', ( #5587 ), #1348 ) ;
#4186 = ADVANCED_FACE ( 'NONE', ( #42 ), #4599, .T. ) ;
#4187 = CARTESIAN_POINT ( 'NONE',  ( 7.580503793503463150, 2.289905986217295020, -5.498999999999993449 ) ) ;
#4188 = CARTESIAN_POINT ( 'NONE',  ( 7.047529871898611908, 1.755040466681806688, -5.498999999999998778 ) ) ;
#4189 = CARTESIAN_POINT ( 'NONE',  ( 7.301357158888082566, 2.554930024678833345, -5.498999999999989896 ) ) ;
#4190 = CARTESIAN_POINT ( 'NONE',  ( -6.619070942236746191, 3.277793762384871634, -5.499999999999992895 ) ) ;
#4191 = AXIS2_PLACEMENT_3D ( 'NONE', #705, #198, #594 ) ;
#4192 = UNCERTAINTY_MEASURE_WITH_UNIT (LENGTH_MEASURE( 1.000000000000000082E-05 ), #565, 'distance_accuracy_value', 'NONE');
#4193 = EDGE_LOOP ( 'NONE', ( #279 ) ) ;
#4194 =( LENGTH_UNIT ( ) NAMED_UNIT ( * ) SI_UNIT ( .MILLI., .METRE. ) );
#4195 = DIRECTION ( 'NONE',  ( -1.000000000000000000, 3.407492542097298945E-16, 1.223941209746396009E-30 ) ) ;
#4196 = CARTESIAN_POINT ( 'NONE',  ( 7.311273024272692211, 2.892970890063448763, -5.498999999999986343 ) ) ;
#4197 = SURFACE_SIDE_STYLE ('',( #1387 ) ) ;
#4198 = VERTEX_POINT ( 'NONE', #4608 ) ;
#4199 = PRESENTATION_LAYER_ASSIGNMENT (  '', '', ( #40 ) ) ;
#4200 = CARTESIAN_POINT ( 'NONE',  ( 6.818654643749747279, 1.943226028869385669, -5.498999999999997002 ) ) ;
#4201 = ORIENTED_EDGE ( 'NONE', *, *, #2974, .T. ) ;
#4202 =( NAMED_UNIT ( * ) PLANE_ANGLE_UNIT ( ) SI_UNIT ( $, .RADIAN. ) );
#4203 = DIRECTION ( 'NONE',  ( 1.000000000000000000, 0.000000000000000000, 0.000000000000000000 ) ) ;
#4204 = DIRECTION ( 'NONE',  ( 0.000000000000000000, -1.000000000000000000, -3.338184068424586592E-15 ) ) ;
#4205 = DIRECTION ( 'NONE',  ( 1.000000000000000000, 0.000000000000000000, 0.000000000000000000 ) ) ;
#4206 = FILL_AREA_STYLE_COLOUR ( '', #1262 ) ;
#4207 = CARTESIAN_POINT ( 'NONE',  ( 6.637674252345667547, 1.824594845605499671, -5.499999999999998224 ) ) ;
#4208 = CARTESIAN_POINT ( 'NONE',  ( 6.816507039710971938, 2.402317886859639984, -5.498999999999991672 ) ) ;
#4209 = CARTESIAN_POINT ( 'NONE',  ( 7.424329242767361947, 3.136641684961495535, -5.499999999999984013 ) ) ;
#4210 = FILL_AREA_STYLE ('',( #3844 ) ) ;
#4211 = DIRECTION ( 'NONE',  ( 0.000000000000000000, -1.000000000000000000, -3.338184068424586592E-15 ) ) ;
#4212 =( NAMED_UNIT ( * ) PLANE_ANGLE_UNIT ( ) SI_UNIT ( $, .RADIAN. ) );
#4213 = CARTESIAN_POINT ( 'NONE',  ( -0.6257359312880754754, 5.000000000000061284, -0.9999999999999813483 ) ) ;
#4214 = SURFACE_STYLE_FILL_AREA ( #1048 ) ;
#4215 = PRESENTATION_LAYER_ASSIGNMENT (  '', '', ( #2040 ) ) ;
#4216 = EDGE_CURVE ( 'NONE', #1052, #3508, #425, .T. ) ;
#4217 = ORIENTED_EDGE ( 'NONE', *, *, #639, .F. ) ;
#4218 = PRESENTATION_STYLE_ASSIGNMENT (( #673 ) ) ;
#4219 = DIRECTION ( 'NONE',  ( -1.000000000000000000, 0.000000000000000000, -0.000000000000000000 ) ) ;
#4220 = DIRECTION ( 'NONE',  ( 0.000000000000000000, 7.888609052210119806E-31, 1.000000000000000000 ) ) ;
#4221 =( NAMED_UNIT ( * ) SI_UNIT ( $, .STERADIAN. ) SOLID_ANGLE_UNIT ( ) );
#4222 = PRESENTATION_STYLE_ASSIGNMENT (( #2001 ) ) ;
#4223 = DIRECTION ( 'NONE',  ( 0.000000000000000000, 9.957992501029929072E-17, -1.000000000000000000 ) ) ;
#4224 = CARTESIAN_POINT ( 'NONE',  ( 3.750000000000003553, 1.750000000000094147, -1.499999999999991340 ) ) ;
#4225 = CARTESIAN_POINT ( 'NONE',  ( 6.620392351989922375, 2.153243592368170312, -5.499999999999994671 ) ) ;
#4226 = EDGE_CURVE ( 'NONE', #845, #1443, #3599, .T. ) ;
#4227 = ORIENTED_EDGE ( 'NONE', *, *, #304, .T. ) ;
#4228 = EDGE_LOOP ( 'NONE', ( #4217, #2003, #900, #4957 ) ) ;
#4229 = CARTESIAN_POINT ( 'NONE',  ( 7.000000000000001776, 2.500000000000077716, -5.499999999999991118 ) ) ;
#4230 = FACE_BOUND ( 'NONE', #2626, .T. ) ;
#4231 = CARTESIAN_POINT ( 'NONE',  ( 6.487691613459672269, 2.430704330004481051, -5.499999999999991118 ) ) ;
#4232 = DIRECTION ( 'NONE',  ( 0.000000000000000000, 3.564806577556216459E-15, -1.000000000000000000 ) ) ;
#4233 = CARTESIAN_POINT ( 'NONE',  ( 6.618965331964997034, 2.186240120832679601, -5.498999999999993449 ) ) ;
#4234 = SURFACE_STYLE_FILL_AREA ( #4732 ) ;
#4235 = CARTESIAN_POINT ( 'NONE',  ( 6.605700443073192929, 2.527739690417752705, -5.499999999999991118 ) ) ;
#4236 = DIRECTION ( 'NONE',  ( 0.000000000000000000, -3.713525943768165452E-15, 1.000000000000000000 ) ) ;
#4237 = SURFACE_SIDE_STYLE ('',( #5036 ) ) ;
#4238 =( LENGTH_UNIT ( ) NAMED_UNIT ( * ) SI_UNIT ( .MILLI., .METRE. ) );
#4239 = COLOUR_RGB ( '',0.9529411764705881804, 0.7960784313725489669, 0.4862745098039215619 ) ;
#4240 = CARTESIAN_POINT ( 'NONE',  ( 7.398954114026691897, 2.615793912382570419, -5.498999999999989896 ) ) ;
#4241 = CARTESIAN_POINT ( 'NONE',  ( 7.398954114026691897, 2.615793912382570419, -5.499999999999989342 ) ) ;
#4242 = DIRECTION ( 'NONE',  ( -0.6401843996644827062, 0.7682212795973734076, 2.759382950034598399E-15 ) ) ;
#4243 =( NAMED_UNIT ( * ) PLANE_ANGLE_UNIT ( ) SI_UNIT ( $, .RADIAN. ) );
#4244 = CIRCLE ( 'NONE', #1983, 0.4499999999999999001 ) ;
#4245 = ORIENTED_EDGE ( 'NONE', *, *, #5516, .T. ) ;
#4246 = B_SPLINE_CURVE_WITH_KNOTS ( 'NONE', 3,
 ( #513, #5148, #1458, #3258, #4615, #5520, #4318, #4758, #2102, #3464, #4292, #2129, #742, #2906, #5176, #1116, #257, #3814, #714 ),
 .UNSPECIFIED., .F., .F.,
 ( 4, 1, 1, 1, 1, 1, 1, 1, 1, 1, 1, 1, 1, 1, 1, 1, 4 ),
 ( 0.000000000000000000, 0.07499546738983189909, 0.1491654404266559986, 0.2236642943382250170, 0.3004120221906724786, 0.3395704846106349928, 0.3789205746932789998, 0.4180957375990935199, 0.4582296767501559676, 0.4984267212184589901, 0.5397075464534800693, 0.5822159516458430550, 0.6258238199943749747, 0.7154812648736980085, 0.8073840844133599592, 0.9016341255073709871, 1.000000000000000000 ),
 .UNSPECIFIED. ) ;
#4247 = UNCERTAINTY_MEASURE_WITH_UNIT (LENGTH_MEASURE( 1.000000000000000082E-05 ), #695, 'distance_accuracy_value', 'NONE');
#4248 =( NAMED_UNIT ( * ) SI_UNIT ( $, .STERADIAN. ) SOLID_ANGLE_UNIT ( ) );
#4249 = CARTESIAN_POINT ( 'NONE',  ( 7.188136736077813005, 2.509079984842886635, -5.498999999999989896 ) ) ;
#4250 = ADVANCED_FACE ( 'NONE', ( #4953, #894, #4070, #1824, #3635, #4627, #1937 ), #3356, .T. ) ;
#4251 = VERTEX_POINT ( 'NONE', #759 ) ;
#4252 = MECHANICAL_DESIGN_GEOMETRIC_PRESENTATION_REPRESENTATION (  '', ( #3593 ), #2168 ) ;
#4253 = CARTESIAN_POINT ( 'NONE',  ( 6.693784159426336977, 2.570067261594337182, -5.498999999999989896 ) ) ;
#4254 = ORIENTED_EDGE ( 'NONE', *, *, #2069, .T. ) ;
#4255 = ORIENTED_EDGE ( 'NONE', *, *, #4325, .F. ) ;
#4256 = PRESENTATION_STYLE_ASSIGNMENT (( #2441 ) ) ;
#4257 = PRESENTATION_LAYER_ASSIGNMENT (  '', '', ( #4167 ) ) ;
#4258 =( NAMED_UNIT ( * ) SI_UNIT ( $, .STERADIAN. ) SOLID_ANGLE_UNIT ( ) );
#4259 = CARTESIAN_POINT ( 'NONE',  ( 6.677211984853676618, 2.328633749653601370, -5.499999999999992895 ) ) ;
#4260 = EDGE_CURVE ( 'NONE', #2252, #5720, #3071, .T. ) ;
#4261 = CARTESIAN_POINT ( 'NONE',  ( 6.447372347789261937, 2.868820019398394372, -5.498999999999986343 ) ) ;
#4262 = AXIS2_PLACEMENT_3D ( 'NONE', #1612, #1700, #4802 ) ;
#4263 = PRESENTATION_LAYER_ASSIGNMENT (  '', '', ( #2826 ) ) ;
#4264 = CARTESIAN_POINT ( 'NONE',  ( 7.287175656788942746, 2.057524536223190648, -5.499999999999996447 ) ) ;
#4265 = DIRECTION ( 'NONE',  ( 0.000000000000000000, -3.591911631868355648E-15, 1.000000000000000000 ) ) ;
#4266 = MECHANICAL_DESIGN_GEOMETRIC_PRESENTATION_REPRESENTATION (  '', ( #9 ), #1050 ) ;
#4267 = AXIS2_PLACEMENT_3D ( 'NONE', #3315, #975, #4205 ) ;
#4268 = STYLED_ITEM ( 'NONE', ( #4441 ), #4541 ) ;
#4269 = DIRECTION ( 'NONE',  ( -1.011921810038670078E-30, -2.469888551894074927E-46, 1.000000000000000000 ) ) ;
#4270 = STYLED_ITEM ( 'NONE', ( #5625 ), #909 ) ;
#4271 = SURFACE_STYLE_USAGE ( .BOTH. , #3003 ) ;
#4272 = PRESENTATION_LAYER_ASSIGNMENT (  '', '', ( #1441 ) ) ;
#4273 = DIRECTION ( 'NONE',  ( 0.000000000000000000, 1.000000000000000000, 3.591911631868355648E-15 ) ) ;
#4274 = UNCERTAINTY_MEASURE_WITH_UNIT (LENGTH_MEASURE( 1.000000000000000082E-05 ), #3268, 'distance_accuracy_value', 'NONE');
#4275 = DIRECTION ( 'NONE',  ( 0.000000000000000000, -1.000000000000000000, -3.614007241618349165E-15 ) ) ;
#4276 = LINE ( 'NONE', #3382, #4967 ) ;
#4277 =( GEOMETRIC_REPRESENTATION_CONTEXT ( 3 ) GLOBAL_UNCERTAINTY_ASSIGNED_CONTEXT ( ( #5062 ) ) GLOBAL_UNIT_ASSIGNED_CONTEXT ( ( #1934, #5501, #1659 ) ) REPRESENTATION_CONTEXT ( 'NONE', 'WORKASPACE' ) );
#4278 =( LENGTH_UNIT ( ) NAMED_UNIT ( * ) SI_UNIT ( .MILLI., .METRE. ) );
#4279 = SURFACE_STYLE_FILL_AREA ( #669 ) ;
#4280 = ORIENTED_EDGE ( 'NONE', *, *, #2754, .T. ) ;
#4281 = CIRCLE ( 'NONE', #4838, 0.2999999999999999334 ) ;
#4282 = SURFACE_SIDE_STYLE ('',( #5532 ) ) ;
#4283 = DIRECTION ( 'NONE',  ( 0.000000000000000000, -3.568904431242956914E-15, 1.000000000000000000 ) ) ;
#4284 =( GEOMETRIC_REPRESENTATION_CONTEXT ( 3 ) GLOBAL_UNCERTAINTY_ASSIGNED_CONTEXT ( ( #3982 ) ) GLOBAL_UNIT_ASSIGNED_CONTEXT ( ( #2860, #1352, #4685 ) ) REPRESENTATION_CONTEXT ( 'NONE', 'WORKASPACE' ) );
#4285 = STYLED_ITEM ( 'NONE', ( #4985 ), #1541 ) ;
#4286 = CARTESIAN_POINT ( 'NONE',  ( -6.999999999999996447, 2.500000000000067057, -1.499999999999990452 ) ) ;
#4287 = EDGE_LOOP ( 'NONE', ( #3149 ) ) ;
#4288 = ORIENTED_EDGE ( 'NONE', *, *, #3050, .F. ) ;
#4289 = FACE_OUTER_BOUND ( 'NONE', #2548, .T. ) ;
#4290 = VECTOR ( 'NONE', #2212, 1000.000000000000000 ) ;
#4291 = CARTESIAN_POINT ( 'NONE',  ( 6.635689227024712089, 2.544403914252383547, -5.498999999999989896 ) ) ;
#4292 = CARTESIAN_POINT ( 'NONE',  ( 7.356877878932212234, 3.194723114569429256, -5.498999999999982791 ) ) ;
#4293 = FACE_OUTER_BOUND ( 'NONE', #3926, .T. ) ;
#4294 = CARTESIAN_POINT ( 'NONE',  ( 6.581811607778226936, 1.859560657608822609, -5.499999999999998224 ) ) ;
#4295 = B_SPLINE_SURFACE_WITH_KNOTS ( 'NONE', 3, 1, ( 
 ( #5243, #1172 ),
 ( #3358, #5162 ),
 ( #222, #1102 ),
 ( #2431, #4302 ),
 ( #191, #1553 ),
 ( #2080, #1523 ),
 ( #2889, #2951 ),
 ( #4711, #2865 ),
 ( #4689, #5621 ),
 ( #2021, #3824 ),
 ( #4771, #1133 ),
 ( #3889, #4746 ),
 ( #700, #728 ),
 ( #2490, #5684 ),
 ( #244, #2515 ) ),
 .UNSPECIFIED., .F., .F., .F.,
 ( 4, 1, 1, 1, 1, 1, 1, 1, 1, 1, 1, 1, 4 ),
 ( 2, 2 ),
 ( 0.000000000000000000, 0.09379647069693200501, 0.1801880710186110068, 0.2603631916661889867, 0.3348466760639745021, 0.4070930058327160150, 0.4814483792884680091, 0.5592709137563659505, 0.6422698113109350793, 0.7285859445716479366, 0.8159775452756129477, 0.9060351298875350956, 1.000000000000000000 ),
 ( 0.000000000000000000, 1.000000000000000000 ),
 .UNSPECIFIED. ) ;
#4296 = CARTESIAN_POINT ( 'NONE',  ( 1.250000000000003775, 2.500000000000099476, -1.199999999999991296 ) ) ;
#4297 =( NAMED_UNIT ( * ) SI_UNIT ( $, .STERADIAN. ) SOLID_ANGLE_UNIT ( ) );
#4298 = EDGE_CURVE ( 'NONE', #621, #621, #2916, .T. ) ;
#4299 = EDGE_CURVE ( 'NONE', #2299, #2299, #197, .T. ) ;
#4300 = PRESENTATION_STYLE_ASSIGNMENT (( #4770 ) ) ;
#4301 = DIRECTION ( 'NONE',  ( 0.000000000000000000, -1.000000000000000000, -3.614007241618349165E-15 ) ) ;
#4302 = CARTESIAN_POINT ( 'NONE',  ( 7.349670311448262439, 2.182710799342285402, -5.499999999999994671 ) ) ;
#4303 = AXIS2_PLACEMENT_3D ( 'NONE', #615, #135, #4661 ) ;
#4304 =( NAMED_UNIT ( * ) SI_UNIT ( $, .STERADIAN. ) SOLID_ANGLE_UNIT ( ) );
#4305 = VERTEX_POINT ( 'NONE', #636 ) ;
#4306 = SURFACE_STYLE_FILL_AREA ( #3337 ) ;
#4307 = LINE ( 'NONE', #3831, #1701 ) ;
#4308 =( GEOMETRIC_REPRESENTATION_CONTEXT ( 3 ) GLOBAL_UNCERTAINTY_ASSIGNED_CONTEXT ( ( #3296 ) ) GLOBAL_UNIT_ASSIGNED_CONTEXT ( ( #2697, #3084, #3999 ) ) REPRESENTATION_CONTEXT ( 'NONE', 'WORKASPACE' ) );
#4309 = CARTESIAN_POINT ( 'NONE',  ( 7.000000000000002665, 4.200000000000063238, -1.499999999999984457 ) ) ;
#4310 = DIRECTION ( 'NONE',  ( -0.000000000000000000, 3.591911631868355648E-15, -1.000000000000000000 ) ) ;
#4311 = EDGE_LOOP ( 'NONE', ( #3899 ) ) ;
#4312 = ORIENTED_EDGE ( 'NONE', *, *, #58, .T. ) ;
#4313 = DIRECTION ( 'NONE',  ( -7.433064981013480826E-31, -2.760287964870829992E-45, 1.000000000000000000 ) ) ;
#4314 = CARTESIAN_POINT ( 'NONE',  ( 6.778821101195772414, 2.388764159294218370, -5.498999999999991672 ) ) ;
#4315 = VERTEX_POINT ( 'NONE', #2429 ) ;
#4316 = CARTESIAN_POINT ( 'NONE',  ( 6.410928914104491838, 2.254315229207391358, -5.499999999999992895 ) ) ;
#4317 = CARTESIAN_POINT ( 'NONE',  ( -3.749999999999999112, 2.500000000000094147, -4.999999999999991118 ) ) ;
#4318 = CARTESIAN_POINT ( 'NONE',  ( 7.442818440252431778, 3.114059744945890884, -5.498999999999982791 ) ) ;
#4319 = FILL_AREA_STYLE ('',( #1289 ) ) ;
#4320 = CARTESIAN_POINT ( 'NONE',  ( 7.368965331965002363, 2.289905986217295020, -5.499999999999992895 ) ) ;
#4321 = FACE_OUTER_BOUND ( 'NONE', #709, .T. ) ;
#4322 = CARTESIAN_POINT ( 'NONE',  ( 6.667925546575817819, 2.909781078044739289, -5.498999999999986343 ) ) ;
#4323 = CARTESIAN_POINT ( 'NONE',  ( -7.000000000000000000, 6.548581121812446781E-14, -1.499999999999999334 ) ) ;
#4324 = LINE ( 'NONE', #3877, #2459 ) ;
#4325 = EDGE_CURVE ( 'NONE', #2492, #1253, #697, .T. ) ;
#4326 = CARTESIAN_POINT ( 'NONE',  ( 7.500084906291132114, 2.003677986230040453, -5.498999999999995225 ) ) ;
#4327 = SURFACE_STYLE_FILL_AREA ( #1193 ) ;
#4328 = ORIENTED_EDGE ( 'NONE', *, *, #1284, .F. ) ;
#4329 = FILL_AREA_STYLE_COLOUR ( '', #5760 ) ;
#4330 = FILL_AREA_STYLE ('',( #3981 ) ) ;
#4331 = ADVANCED_FACE ( 'NONE', ( #221 ), #134, .F. ) ;
#4332 = EDGE_LOOP ( 'NONE', ( #3865 ) ) ;
#4333 = PRESENTATION_LAYER_ASSIGNMENT (  '', '', ( #2530 ) ) ;
#4334 = FILL_AREA_STYLE ('',( #5305 ) ) ;
#4335 = PRESENTATION_STYLE_ASSIGNMENT (( #2117 ) ) ;
#4336 =( NAMED_UNIT ( * ) SI_UNIT ( $, .STERADIAN. ) SOLID_ANGLE_UNIT ( ) );
#4337 = AXIS2_PLACEMENT_3D ( 'NONE', #2598, #2137, #1216 ) ;
#4338 = ORIENTED_EDGE ( 'NONE', *, *, #2050, .T. ) ;
#4339 = ORIENTED_EDGE ( 'NONE', *, *, #5405, .T. ) ;
#4340 = FACE_OUTER_BOUND ( 'NONE', #2261, .T. ) ;
#4341 = PRESENTATION_LAYER_ASSIGNMENT (  '', '', ( #2442 ) ) ;
#4342 = ORIENTED_EDGE ( 'NONE', *, *, #4834, .F. ) ;
#4343 = CARTESIAN_POINT ( 'NONE',  ( 6.487691613459672269, 2.430704330004481051, -5.498999999999991672 ) ) ;
#4344 = PRESENTATION_STYLE_ASSIGNMENT (( #3057 ) ) ;
#4345 = FILL_AREA_STYLE_COLOUR ( '', #950 ) ;
#4346 = FACE_BOUND ( 'NONE', #2839, .T. ) ;
#4347 = SURFACE_STYLE_FILL_AREA ( #3909 ) ;
#4348 = VECTOR ( 'NONE', #4943, 1000.000000000000000 ) ;
#4349 = CARTESIAN_POINT ( 'NONE',  ( 7.522273571871332720, 2.862355099858300278, -5.498999999999986343 ) ) ;
#4350 = VECTOR ( 'NONE', #1799, 1000.000000000000000 ) ;
#4351 = CIRCLE ( 'NONE', #4156, 1.750000000000000666 ) ;
#4352 = CARTESIAN_POINT ( 'NONE',  ( 6.876190622786802820, 1.753295119022531656, -5.498999999999998778 ) ) ;
#4353 = SURFACE_SIDE_STYLE ('',( #1246 ) ) ;
#4354 = PRESENTATION_LAYER_ASSIGNMENT (  '', '', ( #2722 ) ) ;
#4355 =( NAMED_UNIT ( * ) PLANE_ANGLE_UNIT ( ) SI_UNIT ( $, .RADIAN. ) );
#4356 = VECTOR ( 'NONE', #3893, 1000.000000000000000 ) ;
#4357 = VECTOR ( 'NONE', #3449, 1000.000000000000114 ) ;
#4358 = SURFACE_SIDE_STYLE ('',( #3354 ) ) ;
#4359 = CYLINDRICAL_SURFACE ( 'NONE', #81, 2.500000000000000888 ) ;
#4360 = STYLED_ITEM ( 'NONE', ( #4891 ), #5292 ) ;
#4361 = MECHANICAL_DESIGN_GEOMETRIC_PRESENTATION_REPRESENTATION (  '', ( #4170 ), #1428 ) ;
#4362 = ORIENTED_EDGE ( 'NONE', *, *, #2615, .T. ) ;
#4363 = EDGE_CURVE ( 'NONE', #5720, #1623, #4082, .T. ) ;
#4364 = PRESENTATION_LAYER_ASSIGNMENT (  '', '', ( #585 ) ) ;
#4365 = MECHANICAL_DESIGN_GEOMETRIC_PRESENTATION_REPRESENTATION (  '', ( #2643 ), #1435 ) ;
#4366 = CARTESIAN_POINT ( 'NONE',  ( -6.607051711467516242, 1.777793762384871412, -5.499999999999987566 ) ) ;
#4367 = COLOUR_RGB ( '',0.8980392156862745390, 0.8980392156862745390, 0.8980392156862745390 ) ;
#4368 = FILL_AREA_STYLE ('',( #4798 ) ) ;
#4369 = EDGE_CURVE ( 'NONE', #4430, #1114, #3164, .T. ) ;
#4370 = COLOUR_RGB ( '',0.7921568627450980005, 0.8196078431372548767, 0.9333333333333333481 ) ;
#4371 = ORIENTED_EDGE ( 'NONE', *, *, #2786, .T. ) ;
#4372 = EDGE_CURVE ( 'NONE', #230, #73, #2142, .T. ) ;
#4373 = SURFACE_STYLE_FILL_AREA ( #2549 ) ;
#4374 = CARTESIAN_POINT ( 'NONE',  ( -7.337820942236751520, 3.277793762384871634, -5.498999999999993449 ) ) ;
#4375 = VECTOR ( 'NONE', #4588, 1000.000000000000000 ) ;
#4376 = FILL_AREA_STYLE_COLOUR ( '', #2088 ) ;
#4377 = CARTESIAN_POINT ( 'NONE',  ( 7.000000000000003553, 4.250000000000066613, -2.499999999999984013 ) ) ;
#4378 = ADVANCED_FACE ( 'NONE', ( #2514 ), #4504, .F. ) ;
#4379 = EDGE_LOOP ( 'NONE', ( #3052 ) ) ;
#4380 = ORIENTED_EDGE ( 'NONE', *, *, #3932, .T. ) ;
#4381 = PRESENTATION_STYLE_ASSIGNMENT (( #1206 ) ) ;
#4382 = DIRECTION ( 'NONE',  ( 0.000000000000000000, -3.302791052538885695E-15, 1.000000000000000000 ) ) ;
#4383 = ORIENTED_EDGE ( 'NONE', *, *, #242, .F. ) ;
#4384 = DIRECTION ( 'NONE',  ( 0.000000000000000000, -3.636102851368344260E-15, -1.000000000000000000 ) ) ;
#4385 = CARTESIAN_POINT ( 'NONE',  ( 3.750000000000003553, 1.300000000000115286, 8.673617379884229532E-15 ) ) ;
#4386 = CARTESIAN_POINT ( 'NONE',  ( 6.848010113053357273, 3.278204274596913770, -5.498999999999981014 ) ) ;
#4387 = PRESENTATION_LAYER_ASSIGNMENT (  '', '', ( #5791 ) ) ;
#4388 = PLANE ( 'NONE',  #5558 ) ;
#4389 = FILL_AREA_STYLE ('',( #5372 ) ) ;
#4390 = PRESENTATION_LAYER_ASSIGNMENT (  '', '', ( #5692 ) ) ;
#4391 = DIRECTION ( 'NONE',  ( -0.7071067811865439090, 2.539865072316965822E-15, -0.7071067811865512365 ) ) ;
#4392 = PRESENTATION_STYLE_ASSIGNMENT (( #1721 ) ) ;
#4393 = CARTESIAN_POINT ( 'NONE',  ( -1.249999999999999778, 5.000000000000066613, -1.499999999999981570 ) ) ;
#4394 = AXIS2_PLACEMENT_3D ( 'NONE', #2376, #3772, #2339 ) ;
#4395 = SURFACE_SIDE_STYLE ('',( #2574 ) ) ;
#4396 = FILL_AREA_STYLE_COLOUR ( '', #5663 ) ;
#4397 = PRESENTATION_STYLE_ASSIGNMENT (( #1251 ) ) ;
#4398 = ORIENTED_EDGE ( 'NONE', *, *, #994, .F. ) ;
#4399 =( LENGTH_UNIT ( ) NAMED_UNIT ( * ) SI_UNIT ( .MILLI., .METRE. ) );
#4400 = SURFACE_SIDE_STYLE ('',( #780 ) ) ;
#4401 = UNCERTAINTY_MEASURE_WITH_UNIT (LENGTH_MEASURE( 1.000000000000000082E-05 ), #1854, 'distance_accuracy_value', 'NONE');
#4402 = SURFACE_SIDE_STYLE ('',( #303 ) ) ;
#4403 = PRESENTATION_STYLE_ASSIGNMENT (( #3143 ) ) ;
#4404 = UNCERTAINTY_MEASURE_WITH_UNIT (LENGTH_MEASURE( 1.000000000000000082E-05 ), #3438, 'distance_accuracy_value', 'NONE');
#4405 = ORIENTED_EDGE ( 'NONE', *, *, #504, .T. ) ;
#4406 = SURFACE_STYLE_USAGE ( .BOTH. , #807 ) ;
#4407 = LINE ( 'NONE', #275, #2455 ) ;
#4408 = CARTESIAN_POINT ( 'NONE',  ( 6.765257519046332213, 2.382847675134682319, -5.498999999999991672 ) ) ;
#4409 = COLOUR_RGB ( '',0.9529411764705881804, 0.7960784313725489669, 0.4862745098039215619 ) ;
#4410 = ADVANCED_FACE ( 'NONE', ( #3916, #5708 ), #1666, .T. ) ;
#4411 = VERTEX_POINT ( 'NONE', #4560 ) ;
#4412 = PRESENTATION_LAYER_ASSIGNMENT (  '', '', ( #3364 ) ) ;
#4413 = EDGE_LOOP ( 'NONE', ( #3547 ) ) ;
#4414 = MECHANICAL_DESIGN_GEOMETRIC_PRESENTATION_REPRESENTATION (  '', ( #1762 ), #841 ) ;
#4415 = UNCERTAINTY_MEASURE_WITH_UNIT (LENGTH_MEASURE( 1.000000000000000082E-05 ), #5190, 'distance_accuracy_value', 'NONE');
#4416 =( NAMED_UNIT ( * ) PLANE_ANGLE_UNIT ( ) SI_UNIT ( $, .RADIAN. ) );
#4417 = CARTESIAN_POINT ( 'NONE',  ( 7.534075356448922456, 2.068903170429252647, -5.499999999999994671 ) ) ;
#4418 = CARTESIAN_POINT ( 'NONE',  ( 7.000000000000002665, 0.7500000000000643929, -2.499999999999996891 ) ) ;
#4419 = CARTESIAN_POINT ( 'NONE',  ( 7.301357158888082566, 2.554930024678833345, -5.498999999999989896 ) ) ;
#4420 = EDGE_CURVE ( 'NONE', #3915, #2144, #1993, .T. ) ;
#4421 = SURFACE_SIDE_STYLE ('',( #820 ) ) ;
#4422 = PRESENTATION_STYLE_ASSIGNMENT (( #5284 ) ) ;
#4423 = LINE ( 'NONE', #2158, #5461 ) ;
#4424 =( NAMED_UNIT ( * ) SI_UNIT ( $, .STERADIAN. ) SOLID_ANGLE_UNIT ( ) );
#4425 =( NAMED_UNIT ( * ) SI_UNIT ( $, .STERADIAN. ) SOLID_ANGLE_UNIT ( ) );
#4426 = FILL_AREA_STYLE ('',( #3037 ) ) ;
#4427 = ORIENTED_EDGE ( 'NONE', *, *, #344, .F. ) ;
#4428 = SURFACE_SIDE_STYLE ('',( #392 ) ) ;
#4429 = CARTESIAN_POINT ( 'NONE',  ( 7.520677587691593224, 2.934732556493369060, -5.498999999999986343 ) ) ;
#4430 = VERTEX_POINT ( 'NONE', #540 ) ;
#4431 = EDGE_CURVE ( 'NONE', #3836, #459, #2918, .T. ) ;
#4432 =( NAMED_UNIT ( * ) PLANE_ANGLE_UNIT ( ) SI_UNIT ( $, .RADIAN. ) );
#4433 = CARTESIAN_POINT ( 'NONE',  ( 6.778821101195772414, 2.388764159294218370, -5.498999999999991672 ) ) ;
#4434 = SURFACE_STYLE_USAGE ( .BOTH. , #5666 ) ;
#4435 = CARTESIAN_POINT ( 'NONE',  ( 1.250000000000000888, 2.500000000000094147, -4.999999999999991118 ) ) ;
#4436 = PRESENTATION_LAYER_ASSIGNMENT (  '', '', ( #1117 ) ) ;
#4437 = ORIENTED_EDGE ( 'NONE', *, *, #3754, .F. ) ;
#4438 = ORIENTED_EDGE ( 'NONE', *, *, #4755, .F. ) ;
#4439 = ADVANCED_FACE ( 'NONE', ( #4138 ), #2306, .T. ) ;
#4440 = FACE_OUTER_BOUND ( 'NONE', #2112, .T. ) ;
#4441 = PRESENTATION_STYLE_ASSIGNMENT (( #408 ) ) ;
#4442 = VERTEX_POINT ( 'NONE', #4940 ) ;
#4443 = SURFACE_STYLE_USAGE ( .BOTH. , #3493 ) ;
#4444 = CARTESIAN_POINT ( 'NONE',  ( -0.9999999999999997780, 4.500000000000062172, -1.249999999999980682 ) ) ;
#4445 = CARTESIAN_POINT ( 'NONE',  ( 6.533414914327827283, 1.900546554567887680, -5.499999999999996447 ) ) ;
#4446 = COLOUR_RGB ( '',0.1019607843137254888, 0.1019607843137254888, 0.1019607843137254888 ) ;
#4447 = CIRCLE ( 'NONE', #3104, 2.500000000000001332 ) ;
#4448 = VECTOR ( 'NONE', #5363, 1000.000000000000000 ) ;
#4449 =( NAMED_UNIT ( * ) PLANE_ANGLE_UNIT ( ) SI_UNIT ( $, .RADIAN. ) );
#4450 = SURFACE_STYLE_USAGE ( .BOTH. , #5294 ) ;
#4451 = MECHANICAL_DESIGN_GEOMETRIC_PRESENTATION_REPRESENTATION (  '', ( #4183 ), #3008 ) ;
#4452 = VERTEX_POINT ( 'NONE', #4529 ) ;
#4453 = VECTOR ( 'NONE', #938, 1000.000000000000000 ) ;
#4454 = CIRCLE ( 'NONE', #1809, 1.750000000000001110 ) ;
#4455 = DIRECTION ( 'NONE',  ( -0.000000000000000000, 1.000000000000000000, 3.591911631868355648E-15 ) ) ;
#4456 = UNCERTAINTY_MEASURE_WITH_UNIT (LENGTH_MEASURE( 1.000000000000000082E-05 ), #561, 'distance_accuracy_value', 'NONE');
#4457 = PRESENTATION_LAYER_ASSIGNMENT (  '', '', ( #485 ) ) ;
#4458 = DIRECTION ( 'NONE',  ( 2.891205793294678326E-16, -1.000000000000000000, 0.000000000000000000 ) ) ;
#4459 = PRESENTATION_LAYER_ASSIGNMENT (  '', '', ( #5015 ) ) ;
#4460 =( GEOMETRIC_REPRESENTATION_CONTEXT ( 3 ) GLOBAL_UNCERTAINTY_ASSIGNED_CONTEXT ( ( #4404 ) ) GLOBAL_UNIT_ASSIGNED_CONTEXT ( ( #3438, #1120, #211 ) ) REPRESENTATION_CONTEXT ( 'NONE', 'WORKASPACE' ) );
#4461 = MECHANICAL_DESIGN_GEOMETRIC_PRESENTATION_REPRESENTATION (  '', ( #5299 ), #5776 ) ;
#4462 = EDGE_LOOP ( 'NONE', ( #4868 ) ) ;
#4463 =( NAMED_UNIT ( * ) PLANE_ANGLE_UNIT ( ) SI_UNIT ( $, .RADIAN. ) );
#4464 = VECTOR ( 'NONE', #1979, 999.9999999999998863 ) ;
#4465 = SHAPE_DEFINITION_REPRESENTATION ( #3713, #1146 ) ;
#4466 = COLOUR_RGB ( '',0.1019607843137254888, 0.1019607843137254888, 0.1019607843137254888 ) ;
#4467 = CARTESIAN_POINT ( 'NONE',  ( 6.961513408888072796, 1.924521370832678491, -5.498999999999997002 ) ) ;
#4468 = CIRCLE ( 'NONE', #1717, 0.4500000000000002887 ) ;
#4469 = ORIENTED_EDGE ( 'NONE', *, *, #3542, .T. ) ;
#4470 =( NAMED_UNIT ( * ) SI_UNIT ( $, .STERADIAN. ) SOLID_ANGLE_UNIT ( ) );
#4471 = UNCERTAINTY_MEASURE_WITH_UNIT (LENGTH_MEASURE( 1.000000000000000082E-05 ), #4500, 'distance_accuracy_value', 'NONE');
#4472 = VERTEX_POINT ( 'NONE', #602 ) ;
#4473 = FILL_AREA_STYLE ('',( #1269 ) ) ;
#4474 = CARTESIAN_POINT ( 'NONE',  ( 7.311273024272692211, 2.892970890063448763, -5.498999999999986343 ) ) ;
#4475 = SURFACE_SIDE_STYLE ('',( #4876 ) ) ;
#4476 =( NAMED_UNIT ( * ) PLANE_ANGLE_UNIT ( ) SI_UNIT ( $, .RADIAN. ) );
#4477 = AXIS2_PLACEMENT_3D ( 'NONE', #3147, #5128, #455 ) ;
#4478 = DIRECTION ( 'NONE',  ( 0.000000000000000000, 1.000000000000000000, 3.302791052538885695E-15 ) ) ;
#4479 = DIRECTION ( 'NONE',  ( -1.000000000000000000, 0.000000000000000000, 0.000000000000000000 ) ) ;
#4480 = SURFACE_STYLE_FILL_AREA ( #910 ) ;
#4481 = SURFACE_SIDE_STYLE ('',( #2225 ) ) ;
#4482 = CARTESIAN_POINT ( 'NONE',  ( -7.337820942236751520, 2.158502897000255327, -5.498999999999989896 ) ) ;
#4483 = EDGE_CURVE ( 'NONE', #4020, #1384, #3677, .T. ) ;
#4484 = SURFACE_SIDE_STYLE ('',( #2657 ) ) ;
#4485 = FILL_AREA_STYLE ('',( #416 ) ) ;
#4486 = AXIS2_PLACEMENT_3D ( 'NONE', #2503, #5416, #2667 ) ;
#4487 = ORIENTED_EDGE ( 'NONE', *, *, #4073, .F. ) ;
#4488 = SURFACE_STYLE_FILL_AREA ( #2685 ) ;
#4489 = EDGE_CURVE ( 'NONE', #3185, #4430, #4116, .T. ) ;
#4490 = SURFACE_SIDE_STYLE ('',( #889 ) ) ;
#4491 = EDGE_LOOP ( 'NONE', ( #1381 ) ) ;
#4492 = CARTESIAN_POINT ( 'NONE',  ( 6.627873436521497297, 2.120483768616291620, -5.498999999999995225 ) ) ;
#4493 = CARTESIAN_POINT ( 'NONE',  ( -7.549359403775211419, 3.277793762384871634, -5.499999999999992895 ) ) ;
#4494 = EDGE_LOOP ( 'NONE', ( #5738 ) ) ;
#4495 = EDGE_LOOP ( 'NONE', ( #3451, #2213, #4053, #3456 ) ) ;
#4496 = DIRECTION ( 'NONE',  ( 4.956352788505161296E-16, 1.000000000000000000, 3.469446951953613006E-15 ) ) ;
#4497 = CARTESIAN_POINT ( 'NONE',  ( 6.455904479295922371, 2.384594447997137934, -5.498999999999991672 ) ) ;
#4498 = ORIENTED_EDGE ( 'NONE', *, *, #3898, .T. ) ;
#4499 = CARTESIAN_POINT ( 'NONE',  ( 7.351650037208601773, 1.849144760189333603, -5.499999999999998224 ) ) ;
#4500 =( LENGTH_UNIT ( ) NAMED_UNIT ( * ) SI_UNIT ( .MILLI., .METRE. ) );
#4501 = CARTESIAN_POINT ( 'NONE',  ( -1.249999999999996447, 1.900000000000099609, -1.499999999999993561 ) ) ;
#4502 = CARTESIAN_POINT ( 'NONE',  ( 6.929800260216111951, 2.641012448577229055, -5.499999999999989342 ) ) ;
#4503 = PRESENTATION_LAYER_ASSIGNMENT (  '', '', ( #1192 ) ) ;
#4504 = PLANE ( 'NONE',  #1141 ) ;
#4505 = CARTESIAN_POINT ( 'NONE',  ( -7.549359403775211419, 3.277793762384871634, -5.498999999999993449 ) ) ;
#4506 =( NAMED_UNIT ( * ) SI_UNIT ( $, .STERADIAN. ) SOLID_ANGLE_UNIT ( ) );
#4507 = CARTESIAN_POINT ( 'NONE',  ( -6.607051711467516242, 2.897084627769486609, -5.499999999999992895 ) ) ;
#4508 = ORIENTED_EDGE ( 'NONE', *, *, #3850, .T. ) ;
#4509 = COLOUR_RGB ( '',0.1019607843137254888, 0.1019607843137254888, 0.1019607843137254888 ) ;
#4510 = DIRECTION ( 'NONE',  ( 0.000000000000000000, 7.888609052210119806E-31, 1.000000000000000000 ) ) ;
#4511 = CARTESIAN_POINT ( 'NONE',  ( 6.652626775817151561, 3.207869204767282323, -5.499999999999982236 ) ) ;
#4512 = ADVANCED_FACE ( 'NONE', ( #62, #3761 ), #153, .T. ) ;
#4513 = UNCERTAINTY_MEASURE_WITH_UNIT (LENGTH_MEASURE( 1.000000000000000082E-05 ), #3549, 'distance_accuracy_value', 'NONE');
#4514 = FILL_AREA_STYLE_COLOUR ( '', #1136 ) ;
#4515 = FACE_OUTER_BOUND ( 'NONE', #4799, .T. ) ;
#4516 = EDGE_CURVE ( 'NONE', #1022, #1022, #3226, .T. ) ;
#4517 = DIRECTION ( 'NONE',  ( 0.000000000000000000, 3.568904431242956914E-15, -1.000000000000000000 ) ) ;
#4518 = PLANE ( 'NONE',  #3340 ) ;
#4519 = VERTEX_POINT ( 'NONE', #2006 ) ;
#4520 = CARTESIAN_POINT ( 'NONE',  ( 7.368965331965002363, 2.289905986217295020, -5.498999999999993449 ) ) ;
#4521 = EDGE_LOOP ( 'NONE', ( #3956 ) ) ;
#4522 = DIRECTION ( 'NONE',  ( 0.000000000000000000, -1.000000000000000000, 0.000000000000000000 ) ) ;
#4523 = CARTESIAN_POINT ( 'NONE',  ( 3.749999999999993339, 2.500000000000094147, -2.999999999999991562 ) ) ;
#4524 = SURFACE_STYLE_USAGE ( .BOTH. , #1864 ) ;
#4525 = PRESENTATION_STYLE_ASSIGNMENT (( #4173 ) ) ;
#4526 = DIRECTION ( 'NONE',  ( 0.8414499297245390252, -0.5403350958123749326, -1.928404317800872683E-15 ) ) ;
#4527 = COLOUR_RGB ( '',0.1019607843137254888, 0.1019607843137254888, 0.1019607843137254888 ) ;
#4528 = VERTEX_POINT ( 'NONE', #5665 ) ;
#4529 = CARTESIAN_POINT ( 'NONE',  ( 6.993664851195772414, 3.116829063140371670, -5.499999999999984013 ) ) ;
#4530 = CARTESIAN_POINT ( 'NONE',  ( 6.955857221398761503, 3.116005833545867354, -5.499999999999984013 ) ) ;
#4531 = FILL_AREA_STYLE_COLOUR ( '', #5735 ) ;
#4532 = VECTOR ( 'NONE', #57, 1000.000000000000000 ) ;
#4533 = ORIENTED_EDGE ( 'NONE', *, *, #5158, .T. ) ;
#4534 = CARTESIAN_POINT ( 'NONE',  ( 6.447372347789261937, 2.868820019398394372, -5.499999999999985789 ) ) ;
#4535 = SURFACE_STYLE_FILL_AREA ( #1736 ) ;
#4536 = ADVANCED_FACE ( 'NONE', ( #256 ), #3279, .T. ) ;
#4537 = MECHANICAL_DESIGN_GEOMETRIC_PRESENTATION_REPRESENTATION (  '', ( #3114 ), #5381 ) ;
#4538 = CARTESIAN_POINT ( 'NONE',  ( 6.944556122270242327, 1.924835232147066533, -5.498999999999997002 ) ) ;
#4539 = MECHANICAL_DESIGN_GEOMETRIC_PRESENTATION_REPRESENTATION (  '', ( #284 ), #767 ) ;
#4540 = FILL_AREA_STYLE ('',( #922 ) ) ;
#4541 = ADVANCED_FACE ( 'NONE', ( #5698, #687 ), #2528, .T. ) ;
#4542 = CONICAL_SURFACE ( 'NONE', #2923, 0.2000000000000000111, 0.7853981633974433940 ) ;
#4543 =( GEOMETRIC_REPRESENTATION_CONTEXT ( 3 ) GLOBAL_UNCERTAINTY_ASSIGNED_CONTEXT ( ( #4714 ) ) GLOBAL_UNIT_ASSIGNED_CONTEXT ( ( #2622, #3626, #4966 ) ) REPRESENTATION_CONTEXT ( 'NONE', 'WORKASPACE' ) );
#4544 = VERTEX_POINT ( 'NONE', #1750 ) ;
#4545 = ORIENTED_EDGE ( 'NONE', *, *, #5265, .F. ) ;
#4546 = CARTESIAN_POINT ( 'NONE',  ( 6.968530258399551869, 1.751579224833925696, -5.499999999999998224 ) ) ;
#4547 = CARTESIAN_POINT ( 'NONE',  ( 6.407576301211032721, 2.206279280440168744, -5.498999999999993449 ) ) ;
#4548 = ORIENTED_EDGE ( 'NONE', *, *, #1513, .F. ) ;
#4549 = CARTESIAN_POINT ( 'NONE',  ( -7.325801711467520683, 1.777793762384871412, -5.498999999999988120 ) ) ;
#4550 = FILL_AREA_STYLE ('',( #435 ) ) ;
#4551 =( LENGTH_UNIT ( ) NAMED_UNIT ( * ) SI_UNIT ( .MILLI., .METRE. ) );
#4552 = VERTEX_POINT ( 'NONE', #167 ) ;
#4553 = CARTESIAN_POINT ( 'NONE',  ( -0.2499999999999833189, 4.500000000000057732, 2.016616040823038247E-14 ) ) ;
#4554 = ADVANCED_FACE ( 'NONE', ( #846, #5344 ), #1147, .T. ) ;
#4555 = CARTESIAN_POINT ( 'NONE',  ( 6.869472071929282109, 2.419341782042482070, -5.499999999999991118 ) ) ;
#4556 = VECTOR ( 'NONE', #4195, 1000.000000000000000 ) ;
#4557 = DIRECTION ( 'NONE',  ( 5.782411586589358625E-16, 1.000000000000000000, 3.469446951953615372E-15 ) ) ;
#4558 = DIRECTION ( 'NONE',  ( 4.956352788505163268E-16, 1.000000000000000000, 3.469446951953614583E-15 ) ) ;
#4559 = CARTESIAN_POINT ( 'NONE',  ( -6.999999999999996447, 2.500000000000080824, -5.399999999999989697 ) ) ;
#4560 = CARTESIAN_POINT ( 'NONE',  ( 6.445888408888078125, 2.847598293909602507, -5.499999999999987566 ) ) ;
#4561 = CARTESIAN_POINT ( 'NONE',  ( 7.123694651498372110, 2.693894873451306626, -5.498999999999988120 ) ) ;
#4562 = VECTOR ( 'NONE', #1812, 1000.000000000000000 ) ;
#4563 = CARTESIAN_POINT ( 'NONE',  ( 6.661400929086087608, 2.879356057693847504, -5.499999999999985789 ) ) ;
#4564 = CARTESIAN_POINT ( 'NONE',  ( 6.885749180271221626, 3.107733030987672507, -5.499999999999984013 ) ) ;
#4565 = LINE ( 'NONE', #2830, #1787 ) ;
#4566 =( GEOMETRIC_REPRESENTATION_CONTEXT ( 3 ) GLOBAL_UNCERTAINTY_ASSIGNED_CONTEXT ( ( #4184 ) ) GLOBAL_UNIT_ASSIGNED_CONTEXT ( ( #4581, #3186, #902 ) ) REPRESENTATION_CONTEXT ( 'NONE', 'WORKASPACE' ) );
#4567 = EDGE_LOOP ( 'NONE', ( #3577, #1525, #3012, #5745 ) ) ;
#4568 = CIRCLE ( 'NONE', #871, 0.2999999999999999889 ) ;
#4569 = CARTESIAN_POINT ( 'NONE',  ( 6.535962641769426540, 3.106041350547822599, -5.498999999999982791 ) ) ;
#4570 =( NAMED_UNIT ( * ) PLANE_ANGLE_UNIT ( ) SI_UNIT ( $, .RADIAN. ) );
#4571 = MECHANICAL_DESIGN_GEOMETRIC_PRESENTATION_REPRESENTATION (  '', ( #5791 ), #2013 ) ;
#4572 = CARTESIAN_POINT ( 'NONE',  ( 7.210673661873651774, 3.262582862058192479, -5.498999999999981014 ) ) ;
#4573 = FILL_AREA_STYLE_COLOUR ( '', #5779 ) ;
#4574 =( LENGTH_UNIT ( ) NAMED_UNIT ( * ) SI_UNIT ( .MILLI., .METRE. ) );
#4575 = PRESENTATION_STYLE_ASSIGNMENT (( #453 ) ) ;
#4576 = CARTESIAN_POINT ( 'NONE',  ( 7.000000000000001776, 2.500000000000063505, -1.499999999999990452 ) ) ;
#4577 = ORIENTED_EDGE ( 'NONE', *, *, #5052, .T. ) ;
#4578 = ORIENTED_EDGE ( 'NONE', *, *, #4682, .F. ) ;
#4579 = CARTESIAN_POINT ( 'NONE',  ( 7.000000000000000888, -0.9999999999999253930, -4.500000000000003553 ) ) ;
#4580 = PLANE ( 'NONE',  #1055 ) ;
#4581 =( LENGTH_UNIT ( ) NAMED_UNIT ( * ) SI_UNIT ( .MILLI., .METRE. ) );
#4582 = DIRECTION ( 'NONE',  ( 1.000000000000000000, 0.000000000000000000, 7.433064981013480826E-31 ) ) ;
#4583 = EDGE_CURVE ( 'NONE', #787, #750, #5368, .T. ) ;
#4584 = CARTESIAN_POINT ( 'NONE',  ( 4.200000000000000178, 2.500000000000094147, -4.999999999999991118 ) ) ;
#4585 = CIRCLE ( 'NONE', #5606, 3.499999999999999556 ) ;
#4586 = CARTESIAN_POINT ( 'NONE',  ( 7.033605043267142420, 2.666945694245402176, -5.499999999999989342 ) ) ;
#4587 = CARTESIAN_POINT ( 'NONE',  ( 6.739769375195787227, 1.978153120805116627, -5.499999999999996447 ) ) ;
#4588 = DIRECTION ( 'NONE',  ( -1.000000000000000000, 3.407492542097298945E-16, 1.223941209746396009E-30 ) ) ;
#4589 = CARTESIAN_POINT ( 'NONE',  ( 7.306750374942781789, 2.937458962449916999, -5.499999999999985789 ) ) ;
#4590 =( NAMED_UNIT ( * ) SI_UNIT ( $, .STERADIAN. ) SOLID_ANGLE_UNIT ( ) );
#4591 = EDGE_CURVE ( 'NONE', #3370, #1397, #4447, .T. ) ;
#4592 = LINE ( 'NONE', #3762, #4928 ) ;
#4593 = CARTESIAN_POINT ( 'NONE',  ( 6.733384272317002761, 3.030816801207819822, -5.498999999999984567 ) ) ;
#4594 = FACE_OUTER_BOUND ( 'NONE', #3592, .T. ) ;
#4595 = COLOUR_RGB ( '',0.9529411764705881804, 0.7960784313725489669, 0.4862745098039215619 ) ;
#4596 = FILL_AREA_STYLE_COLOUR ( '', #2551 ) ;
#4597 = CARTESIAN_POINT ( 'NONE',  ( 7.215444903480841887, 1.786444992011475552, -5.498999999999998778 ) ) ;
#4598 = LINE ( 'NONE', #101, #2649 ) ;
#4599 = PLANE ( 'NONE',  #1232 ) ;
#4600 = UNCERTAINTY_MEASURE_WITH_UNIT (LENGTH_MEASURE( 1.000000000000000082E-05 ), #4399, 'distance_accuracy_value', 'NONE');
#4601 = EDGE_LOOP ( 'NONE', ( #5827 ) ) ;
#4602 = CARTESIAN_POINT ( 'NONE',  ( 7.000000000000001776, 2.500000000000075939, -4.999999999999990230 ) ) ;
#4603 = CARTESIAN_POINT ( 'NONE',  ( 7.567818619811232494, 2.174938079851820749, -5.499999999999994671 ) ) ;
#4604 = SURFACE_STYLE_FILL_AREA ( #2785 ) ;
#4605 = CARTESIAN_POINT ( 'NONE',  ( 7.000000000000004441, 6.000000000000073719, -4.499999999999977796 ) ) ;
#4606 = LINE ( 'NONE', #4549, #940 ) ;
#4607 = CARTESIAN_POINT ( 'NONE',  ( 6.848010113053357273, 3.278204274596913770, -5.499999999999982236 ) ) ;
#4608 = CARTESIAN_POINT ( 'NONE',  ( -3.449999999999996181, 1.300000000000115286, 8.619407271259954310E-15 ) ) ;
#4609 = FACE_OUTER_BOUND ( 'NONE', #4723, .T. ) ;
#4610 = SURFACE_SIDE_STYLE ('',( #5427 ) ) ;
#4611 = CARTESIAN_POINT ( 'NONE',  ( 6.627873436521497297, 2.120483768616291620, -5.499999999999994671 ) ) ;
#4612 = SURFACE_STYLE_USAGE ( .BOTH. , #4676 ) ;
#4613 = LINE ( 'NONE', #4677, #1984 ) ;
#4614 = CARTESIAN_POINT ( 'NONE',  ( -0.6257359312880754754, 4.500000000000062172, -1.299999999999983169 ) ) ;
#4615 = CARTESIAN_POINT ( 'NONE',  ( 7.487990740332861606, 3.041238530199546375, -5.498999999999984567 ) ) ;
#4616 = CARTESIAN_POINT ( 'NONE',  ( 7.000000000000001776, 2.500000000000077716, -5.499999999999991118 ) ) ;
#4617 = CARTESIAN_POINT ( 'NONE',  ( 6.778821101195772414, 2.388764159294218370, -5.498999999999991672 ) ) ;
#4618 = CARTESIAN_POINT ( 'NONE',  ( 7.000000000000003553, 5.000000000000071054, -3.799999999999981171 ) ) ;
#4619 = ADVANCED_FACE ( 'NONE', ( #1299 ), #2378, .T. ) ;
#4620 = MECHANICAL_DESIGN_GEOMETRIC_PRESENTATION_REPRESENTATION (  '', ( #3879 ), #4988 ) ;
#4621 =( GEOMETRIC_REPRESENTATION_CONTEXT ( 3 ) GLOBAL_UNCERTAINTY_ASSIGNED_CONTEXT ( ( #3570 ) ) GLOBAL_UNIT_ASSIGNED_CONTEXT ( ( #1229, #2584, #3861 ) ) REPRESENTATION_CONTEXT ( 'NONE', 'WORKASPACE' ) );
#4622 = PRESENTATION_LAYER_ASSIGNMENT (  '', '', ( #3686 ) ) ;
#4623 = CARTESIAN_POINT ( 'NONE',  ( 7.263508055524002138, 3.244260124537935663, -5.499999999999982236 ) ) ;
#4624 = COLOUR_RGB ( '',0.1019607843137254888, 0.1019607843137254888, 0.1019607843137254888 ) ;
#4625 = CARTESIAN_POINT ( 'NONE',  ( 7.000000000000002665, 0.7500000000000689448, -3.799999999999996714 ) ) ;
#4626 = CARTESIAN_POINT ( 'NONE',  ( 7.522811485811152110, 2.879148774678832901, -5.499999999999985789 ) ) ;
#4627 = FACE_BOUND ( 'NONE', #944, .T. ) ;
#4628 = CIRCLE ( 'NONE', #1126, 1.700000000000000622 ) ;
#4629 =( GEOMETRIC_REPRESENTATION_CONTEXT ( 3 ) GLOBAL_UNCERTAINTY_ASSIGNED_CONTEXT ( ( #4471 ) ) GLOBAL_UNIT_ASSIGNED_CONTEXT ( ( #4500, #2128, #79 ) ) REPRESENTATION_CONTEXT ( 'NONE', 'WORKASPACE' ) );
#4630 =( GEOMETRIC_REPRESENTATION_CONTEXT ( 3 ) GLOBAL_UNCERTAINTY_ASSIGNED_CONTEXT ( ( #1255 ) ) GLOBAL_UNIT_ASSIGNED_CONTEXT ( ( #703, #3775, #4716 ) ) REPRESENTATION_CONTEXT ( 'NONE', 'WORKASPACE' ) );
#4631 = AXIS2_PLACEMENT_3D ( 'NONE', #3857, #784, #2979 ) ;
#4632 = ORIENTED_EDGE ( 'NONE', *, *, #1101, .T. ) ;
#4633 = DIRECTION ( 'NONE',  ( 0.000000000000000000, 1.000000000000000000, 3.591911631868355648E-15 ) ) ;
#4634 = COLOUR_RGB ( '',0.8980392156862745390, 0.8980392156862745390, 0.8980392156862745390 ) ;
#4635 = DIRECTION ( 'NONE',  ( -1.835596038252509459E-31, 3.614918832493752804E-15, -1.000000000000000000 ) ) ;
#4636 = CARTESIAN_POINT ( 'NONE',  ( 7.151913475151202348, 2.497434809338316519, -5.499999999999991118 ) ) ;
#4637 = VECTOR ( 'NONE', #3145, 1000.000000000000000 ) ;
#4638 = SURFACE_STYLE_FILL_AREA ( #1832 ) ;
#4639 = SURFACE_STYLE_FILL_AREA ( #1111 ) ;
#4640 = VERTEX_POINT ( 'NONE', #3218 ) ;
#4641 = CARTESIAN_POINT ( 'NONE',  ( 6.620392351989922375, 2.153243592368170312, -5.498999999999993449 ) ) ;
#4642 = CARTESIAN_POINT ( 'NONE',  ( 7.277435565302813103, 2.543111651557424135, -5.499999999999989342 ) ) ;
#4643 = B_SPLINE_CURVE_WITH_KNOTS ( 'NONE', 3,
 ( #3923, #2180, #5335, #1614, #761, #836, #2120, #5714, #2556, #3017, #1673, #2093, #5273, #5310, #4467 ),
 .UNSPECIFIED., .F., .F.,
 ( 4, 1, 1, 1, 1, 1, 1, 1, 1, 1, 1, 1, 4 ),
 ( 0.000000000000000000, 0.09379647069693200501, 0.1801880710186110068, 0.2603631916661889867, 0.3348466760639745021, 0.4070930058327160150, 0.4814483792884680091, 0.5592709137563659505, 0.6422698113109350793, 0.7285859445716479366, 0.8159775452756129477, 0.9060351298875350956, 1.000000000000000000 ),
 .UNSPECIFIED. ) ;
#4644 = ORIENTED_EDGE ( 'NONE', *, *, #3715, .T. ) ;
#4645 = VECTOR ( 'NONE', #3386, 1000.000000000000000 ) ;
#4646 = CARTESIAN_POINT ( 'NONE',  ( 7.002078312734232313, 3.289905986217294576, -5.498999999999981014 ) ) ;
#4647 = SURFACE_STYLE_FILL_AREA ( #2355 ) ;
#4648 = SURFACE_STYLE_USAGE ( .BOTH. , #2769 ) ;
#4649 = CARTESIAN_POINT ( 'NONE',  ( 6.880224449475321968, 2.628069333343674874, -5.498999999999988120 ) ) ;
#4650 = CARTESIAN_POINT ( 'NONE',  ( 6.511704559953938265, 1.922941482537076752, -5.499999999999996447 ) ) ;
#4651 = CARTESIAN_POINT ( 'NONE',  ( 6.700771155347952757, 2.988566810648203731, -5.499999999999985789 ) ) ;
#4652 = CARTESIAN_POINT ( 'NONE',  ( 7.319011615191642228, 2.564467470532459270, -5.498999999999989896 ) ) ;
#4653 = UNCERTAINTY_MEASURE_WITH_UNIT (LENGTH_MEASURE( 1.000000000000000082E-05 ), #2642, 'distance_accuracy_value', 'NONE');
#4654 = CIRCLE ( 'NONE', #2566, 0.2999999999999999889 ) ;
#4655 = CARTESIAN_POINT ( 'NONE',  ( -1.249999999999996447, 1.300000000000115286, -1.199999999999991296 ) ) ;
#4656 = ADVANCED_FACE ( 'NONE', ( #5049, #1887 ), #2762, .T. ) ;
#4657 = PRESENTATION_STYLE_ASSIGNMENT (( #493 ) ) ;
#4658 = STYLED_ITEM ( 'NONE', ( #3671 ), #1512 ) ;
#4659 = FACE_OUTER_BOUND ( 'NONE', #2432, .T. ) ;
#4660 = CIRCLE ( 'NONE', #4008, 0.4500000000000001221 ) ;
#4661 = DIRECTION ( 'NONE',  ( 4.956352788505163268E-16, 1.000000000000000000, 3.469446951953614583E-15 ) ) ;
#4662 = ADVANCED_FACE ( 'NONE', ( #595, #903 ), #2814, .T. ) ;
#4663 = STYLED_ITEM ( 'NONE', ( #3146 ), #1760 ) ;
#4664 = EDGE_LOOP ( 'NONE', ( #2670, #5304, #4895, #4038 ) ) ;
#4665 =( LENGTH_UNIT ( ) NAMED_UNIT ( * ) SI_UNIT ( .MILLI., .METRE. ) );
#4666 = LINE ( 'NONE', #4605, #3167 ) ;
#4667 =( LENGTH_UNIT ( ) NAMED_UNIT ( * ) SI_UNIT ( .MILLI., .METRE. ) );
#4668 = FACE_OUTER_BOUND ( 'NONE', #2439, .T. ) ;
#4669 = FILL_AREA_STYLE_COLOUR ( '', #5092 ) ;
#4670 = VERTEX_POINT ( 'NONE', #2815 ) ;
#4671 = CARTESIAN_POINT ( 'NONE',  ( 6.657551825761646391, 2.057219055013304043, -5.499999999999996447 ) ) ;
#4672 =( NAMED_UNIT ( * ) PLANE_ANGLE_UNIT ( ) SI_UNIT ( $, .RADIAN. ) );
#4673 = ORIENTED_EDGE ( 'NONE', *, *, #4483, .T. ) ;
#4674 = ORIENTED_EDGE ( 'NONE', *, *, #2511, .F. ) ;
#4675 =( LENGTH_UNIT ( ) NAMED_UNIT ( * ) SI_UNIT ( .MILLI., .METRE. ) );
#4676 = SURFACE_SIDE_STYLE ('',( #4647 ) ) ;
#4677 = CARTESIAN_POINT ( 'NONE',  ( -7.000000000000000000, 6.895525817007808200E-14, -2.499999999999999556 ) ) ;
#4678 = CARTESIAN_POINT ( 'NONE',  ( 6.620461584096032581, 2.218275961765387994, -5.499999999999994671 ) ) ;
#4679 = CARTESIAN_POINT ( 'NONE',  ( -6.607051711467516242, 1.777793762384871412, -5.498999999999988120 ) ) ;
#4680 = CARTESIAN_POINT ( 'NONE',  ( 7.124787461752031703, 1.949945104765287596, -5.499999999999996447 ) ) ;
#4681 = CARTESIAN_POINT ( 'NONE',  ( 6.661400929086087608, 2.879356057693847504, -5.498999999999986343 ) ) ;
#4682 = EDGE_CURVE ( 'NONE', #4552, #4552, #572, .T. ) ;
#4683 = VECTOR ( 'NONE', #1171, 1000.000000000000114 ) ;
#4684 = FILL_AREA_STYLE ('',( #1987 ) ) ;
#4685 =( NAMED_UNIT ( * ) SI_UNIT ( $, .STERADIAN. ) SOLID_ANGLE_UNIT ( ) );
#4686 = EDGE_CURVE ( 'NONE', #4640, #4640, #3417, .T. ) ;
#4687 = FILL_AREA_STYLE ('',( #3768 ) ) ;
#4688 = SURFACE_STYLE_USAGE ( .BOTH. , #1519 ) ;
#4689 = CARTESIAN_POINT ( 'NONE',  ( 7.216831435753912949, 1.995600007534069409, -5.498999999999995225 ) ) ;
#4690 = EDGE_LOOP ( 'NONE', ( #4362, #1184, #2474, #4508 ) ) ;
#4691 = LINE ( 'NONE', #1491, #4925 ) ;
#4692 = SURFACE_SIDE_STYLE ('',( #1946 ) ) ;
#4693 = LINE ( 'NONE', #5138, #682 ) ;
#4694 = CARTESIAN_POINT ( 'NONE',  ( 7.025130450747492539, 2.461523424362236145, -5.499999999999991118 ) ) ;
#4695 = PRESENTATION_STYLE_ASSIGNMENT (( #2297 ) ) ;
#4696 = FACE_OUTER_BOUND ( 'NONE', #150, .T. ) ;
#4697 = ORIENTED_EDGE ( 'NONE', *, *, #1365, .F. ) ;
#4698 = ORIENTED_EDGE ( 'NONE', *, *, #4776, .T. ) ;
#4699 = B_SPLINE_CURVE_WITH_KNOTS ( 'NONE', 3,
 ( #3902, #4756, #316, #5718, #4780, #253, #3486 ),
 .UNSPECIFIED., .F., .F.,
 ( 4, 1, 1, 1, 4 ),
 ( 0.000000000000000000, 0.2627412305282674776, 0.5099565029432320262, 0.7533267184204509581, 1.000000000000000000 ),
 .UNSPECIFIED. ) ;
#4700 = SURFACE_SIDE_STYLE ('',( #1090 ) ) ;
#4701 = DIRECTION ( 'NONE',  ( -1.000000000000000000, 0.000000000000000000, -0.000000000000000000 ) ) ;
#4702 = CARTESIAN_POINT ( 'NONE',  ( 6.639171836528531934, 2.277370380017337048, -5.499999999999992895 ) ) ;
#4703 = CARTESIAN_POINT ( 'NONE',  ( 7.000000000000001776, 2.500000000000077716, -5.499999999999991118 ) ) ;
#4704 = UNCERTAINTY_MEASURE_WITH_UNIT (LENGTH_MEASURE( 1.000000000000000082E-05 ), #5832, 'distance_accuracy_value', 'NONE');
#4705 = CARTESIAN_POINT ( 'NONE',  ( 6.955857221398761503, 3.116005833545867354, -5.498999999999982791 ) ) ;
#4706 = MECHANICAL_DESIGN_GEOMETRIC_PRESENTATION_REPRESENTATION (  '', ( #1405 ), #5591 ) ;
#4707 = B_SPLINE_SURFACE_WITH_KNOTS ( 'NONE', 3, 1, ( 
 ( #5829, #4857 ),
 ( #1376, #3042 ),
 ( #4429, #5355 ),
 ( #357, #2170 ),
 ( #4887, #1731 ),
 ( #3539, #1312 ),
 ( #4019, #5330 ),
 ( #5803, #4209 ),
 ( #5555, #1038 ),
 ( #5064, #1515 ),
 ( #5437, #1400 ),
 ( #1009, #159 ),
 ( #2803, #2336 ),
 ( #610, #4623 ),
 ( #4572, #520 ),
 ( #3291, #5085 ),
 ( #130, #5500 ),
 ( #3203, #5005 ),
 ( #5525, #916 ) ),
 .UNSPECIFIED., .F., .F., .F.,
 ( 4, 1, 1, 1, 1, 1, 1, 1, 1, 1, 1, 1, 1, 1, 1, 1, 4 ),
 ( 2, 2 ),
 ( 0.000000000000000000, 0.07499546738983189909, 0.1491654404266559986, 0.2236642943382250170, 0.3004120221906724786, 0.3395704846106349928, 0.3789205746932789998, 0.4180957375990935199, 0.4582296767501559676, 0.4984267212184589901, 0.5397075464534800693, 0.5822159516458430550, 0.6258238199943749747, 0.7154812648736980085, 0.8073840844133599592, 0.9016341255073709871, 1.000000000000000000 ),
 ( 0.000000000000000000, 1.000000000000000000 ),
 .UNSPECIFIED. ) ;
#4708 =( NAMED_UNIT ( * ) SI_UNIT ( $, .STERADIAN. ) SOLID_ANGLE_UNIT ( ) );
#4709 = DIRECTION ( 'NONE',  ( 4.336808689942016750E-16, 1.000000000000000000, 3.591911631868355648E-15 ) ) ;
#4710 =( NAMED_UNIT ( * ) PLANE_ANGLE_UNIT ( ) SI_UNIT ( $, .RADIAN. ) );
#4711 = CARTESIAN_POINT ( 'NONE',  ( 7.255409592261151452, 2.024337752601665485, -5.498999999999995225 ) ) ;
#4712 = PRESENTATION_LAYER_ASSIGNMENT (  '', '', ( #4905 ) ) ;
#4713 = ORIENTED_EDGE ( 'NONE', *, *, #4083, .F. ) ;
#4714 = UNCERTAINTY_MEASURE_WITH_UNIT (LENGTH_MEASURE( 1.000000000000000082E-05 ), #2622, 'distance_accuracy_value', 'NONE');
#4715 =( NAMED_UNIT ( * ) PLANE_ANGLE_UNIT ( ) SI_UNIT ( $, .RADIAN. ) );
#4716 =( NAMED_UNIT ( * ) SI_UNIT ( $, .STERADIAN. ) SOLID_ANGLE_UNIT ( ) );
#4717 = CARTESIAN_POINT ( 'NONE',  ( 6.639171836528531934, 2.277370380017337048, -5.499999999999992895 ) ) ;
#4718 = DIRECTION ( 'NONE',  ( 2.220446049250359919E-16, 1.069961080215153776E-31, -1.000000000000000000 ) ) ;
#4719 = DIRECTION ( 'NONE',  ( 0.000000000000000000, 0.000000000000000000, -1.000000000000000000 ) ) ;
#4720 = VECTOR ( 'NONE', #343, 1000.000000000000000 ) ;
#4721 = ADVANCED_FACE ( 'NONE', ( #1496 ), #5101, .T. ) ;
#4722 = AXIS2_PLACEMENT_3D ( 'NONE', #3726, #1019, #901 ) ;
#4723 = EDGE_LOOP ( 'NONE', ( #3826, #552, #301, #764 ) ) ;
#4724 = VECTOR ( 'NONE', #5271, 1000.000000000000000 ) ;
#4725 = ORIENTED_EDGE ( 'NONE', *, *, #338, .T. ) ;
#4726 = FILL_AREA_STYLE ('',( #252 ) ) ;
#4727 = PRESENTATION_LAYER_ASSIGNMENT (  '', '', ( #5761 ) ) ;
#4728 = ORIENTED_EDGE ( 'NONE', *, *, #4763, .F. ) ;
#4729 = CARTESIAN_POINT ( 'NONE',  ( 6.551966942490953016, 2.492023309889373373, -5.499999999999991118 ) ) ;
#4730 = CARTESIAN_POINT ( 'NONE',  ( 6.778821101195772414, 2.388764159294218370, -5.498999999999991672 ) ) ;
#4731 = CARTESIAN_POINT ( 'NONE',  ( 6.512498334798467070, 3.072624530651463459, -5.498999999999984567 ) ) ;
#4732 = FILL_AREA_STYLE ('',( #4206 ) ) ;
#4733 = ADVANCED_FACE ( 'NONE', ( #4816 ), #1780, .T. ) ;
#4734 = COLOUR_RGB ( '',0.7921568627450980005, 0.8196078431372548767, 0.9333333333333333481 ) ;
#4735 = AXIS2_PLACEMENT_3D ( 'NONE', #2797, #3735, #1001 ) ;
#4736 = CARTESIAN_POINT ( 'NONE',  ( 6.407871320485583055, 2.225672334615523607, -5.499999999999992895 ) ) ;
#4737 =( NAMED_UNIT ( * ) SI_UNIT ( $, .STERADIAN. ) SOLID_ANGLE_UNIT ( ) );
#4738 = SURFACE_SIDE_STYLE ('',( #2531 ) ) ;
#4739 = VECTOR ( 'NONE', #2276, 1000.000000000000000 ) ;
#4740 = PRESENTATION_STYLE_ASSIGNMENT (( #1661 ) ) ;
#4741 = PRESENTATION_LAYER_ASSIGNMENT (  '', '', ( #15 ) ) ;
#4742 = PRESENTATION_STYLE_ASSIGNMENT (( #5679 ) ) ;
#4743 = AXIS2_PLACEMENT_3D ( 'NONE', #2224, #999, #4558 ) ;
#4744 = UNCERTAINTY_MEASURE_WITH_UNIT (LENGTH_MEASURE( 1.000000000000000082E-05 ), #799, 'distance_accuracy_value', 'NONE');
#4745 = CARTESIAN_POINT ( 'NONE',  ( 7.319011615191642228, 2.564467470532459270, -5.499999999999989342 ) ) ;
#4746 = CARTESIAN_POINT ( 'NONE',  ( 7.073011489940602914, 1.935059327531896578, -5.499999999999996447 ) ) ;
#4747 = PRESENTATION_LAYER_ASSIGNMENT (  '', '', ( #398 ) ) ;
#4748 = ORIENTED_EDGE ( 'NONE', *, *, #2069, .F. ) ;
#4749 = COLOUR_RGB ( '',0.7921568627450980005, 0.8196078431372548767, 0.9333333333333333481 ) ;
#4750 =( NAMED_UNIT ( * ) SI_UNIT ( $, .STERADIAN. ) SOLID_ANGLE_UNIT ( ) );
#4751 = VECTOR ( 'NONE', #1940, 1000.000000000000000 ) ;
#4752 = CARTESIAN_POINT ( 'NONE',  ( 6.640432345232551548, 2.088416259705660138, -5.498999999999995225 ) ) ;
#4753 = ORIENTED_EDGE ( 'NONE', *, *, #5546, .T. ) ;
#4754 = EDGE_LOOP ( 'NONE', ( #5419 ) ) ;
#4755 = EDGE_CURVE ( 'NONE', #459, #5027, #5727, .T. ) ;
#4756 = CARTESIAN_POINT ( 'NONE',  ( 7.310726359095542470, 2.880065549389822177, -5.499999999999985789 ) ) ;
#4757 = ORIENTED_EDGE ( 'NONE', *, *, #2404, .T. ) ;
#4758 = CARTESIAN_POINT ( 'NONE',  ( 7.424329242767361947, 3.136641684961495535, -5.498999999999982791 ) ) ;
#4759 = FACE_OUTER_BOUND ( 'NONE', #3501, .T. ) ;
#4760 = CARTESIAN_POINT ( 'NONE',  ( 6.423145740132412129, 2.080563434257238775, -5.499999999999994671 ) ) ;
#4761 = B_SPLINE_SURFACE_WITH_KNOTS ( 'NONE', 3, 1, ( 
 ( #3067, #3006 ),
 ( #779, #5300 ),
 ( #3980, #1728 ),
 ( #4015, #4918 ),
 ( #4039, #5828 ),
 ( #1786, #5001 ),
 ( #3141, #38 ),
 ( #1374, #4511 ),
 ( #5434, #2746 ),
 ( #946, #2254 ),
 ( #1398, #1846 ),
 ( #3659, #3200 ),
 ( #4569, #4096 ),
 ( #449, #4065 ),
 ( #4972, #519 ),
 ( #5380, #1346 ),
 ( #1822, #4951 ),
 ( #3632, #4534 ),
 ( #885, #2283 ) ),
 .UNSPECIFIED., .F., .F., .F.,
 ( 4, 1, 1, 1, 1, 1, 1, 1, 1, 1, 1, 1, 1, 1, 1, 1, 4 ),
 ( 2, 2 ),
 ( 0.000000000000000000, 0.1004750608070151957, 0.1956443031597840110, 0.2860833790699320311, 0.3729828804699535372, 0.4150256681909620382, 0.4560516735090279772, 0.4959387495188999906, 0.5355660888033511036, 0.5740871099085040896, 0.6125192874870970527, 0.6510809601344450526, 0.6895131377130390149, 0.7662374603277349872, 0.8423504388672229393, 0.9199744947371040205, 1.000000000000000000 ),
 ( 0.000000000000000000, 1.000000000000000000 ),
 .UNSPECIFIED. ) ;
#4762 = CARTESIAN_POINT ( 'NONE',  ( 6.700771155347952757, 2.988566810648203731, -5.498999999999984567 ) ) ;
#4763 = EDGE_CURVE ( 'NONE', #1747, #5342, #3495, .T. ) ;
#4764 = FACE_OUTER_BOUND ( 'NONE', #2988, .T. ) ;
#4765 = CARTESIAN_POINT ( 'NONE',  ( 6.675932629279337505, 2.562602869007504225, -5.499999999999989342 ) ) ;
#4766 = STYLED_ITEM ( 'NONE', ( #3628 ), #2550 ) ;
#4767 = DIRECTION ( 'NONE',  ( 4.565061778886332072E-16, 1.000000000000000000, 3.591911631868355648E-15 ) ) ;
#4768 = PLANE ( 'NONE',  #3482 ) ;
#4769 = EDGE_LOOP ( 'NONE', ( #3780 ) ) ;
#4770 = SURFACE_STYLE_USAGE ( .BOTH. , #3134 ) ;
#4771 = CARTESIAN_POINT ( 'NONE',  ( 7.124787461752031703, 1.949945104765287596, -5.498999999999997002 ) ) ;
#4772 = DIRECTION ( 'NONE',  ( 0.000000000000000000, -1.000000000000000000, 0.000000000000000000 ) ) ;
#4773 = ORIENTED_EDGE ( 'NONE', *, *, #1291, .F. ) ;
#4774 = CARTESIAN_POINT ( 'NONE',  ( -6.999999999999996447, 2.500000000000080824, -5.399999999999990585 ) ) ;
#4775 = AXIS2_PLACEMENT_3D ( 'NONE', #3668, #4220, #2759 ) ;
#4776 = EDGE_CURVE ( 'NONE', #596, #596, #1798, .T. ) ;
#4777 = MECHANICAL_DESIGN_GEOMETRIC_PRESENTATION_REPRESENTATION (  '', ( #1942 ), #2971 ) ;
#4778 = VERTEX_POINT ( 'NONE', #797 ) ;
#4779 = ORIENTED_EDGE ( 'NONE', *, *, #5301, .F. ) ;
#4780 = CARTESIAN_POINT ( 'NONE',  ( 7.282166955574972178, 2.786992975727167199, -5.499999999999987566 ) ) ;
#4781 = UNCERTAINTY_MEASURE_WITH_UNIT (LENGTH_MEASURE( 1.000000000000000082E-05 ), #2623, 'distance_accuracy_value', 'NONE');
#4782 = EDGE_LOOP ( 'NONE', ( #1178, #5391, #4383, #4254 ) ) ;
#4783 = CARTESIAN_POINT ( 'NONE',  ( 6.667643216580382948, 2.559136755448064182, -5.499999999999989342 ) ) ;
#4784 =( NAMED_UNIT ( * ) SI_UNIT ( $, .STERADIAN. ) SOLID_ANGLE_UNIT ( ) );
#4785 = CARTESIAN_POINT ( 'NONE',  ( 6.739578658345801720, 2.371646462144207046, -5.499999999999992895 ) ) ;
#4786 = CARTESIAN_POINT ( 'NONE',  ( 6.487198837404846152, 3.028397558574170034, -5.498999999999984567 ) ) ;
#4787 = LINE ( 'NONE', #2647, #5091 ) ;
#4788 = PRESENTATION_STYLE_ASSIGNMENT (( #3789 ) ) ;
#4789 = CARTESIAN_POINT ( 'NONE',  ( 6.774582979370162406, 3.065129680504195875, -5.498999999999984567 ) ) ;
#4790 = CARTESIAN_POINT ( 'NONE',  ( 6.926512408403042720, 1.752069863431009678, -5.499999999999998224 ) ) ;
#4791 = FILL_AREA_STYLE ('',( #3033 ) ) ;
#4792 = DIRECTION ( 'NONE',  ( -1.000000000000000000, -0.000000000000000000, 0.000000000000000000 ) ) ;
#4793 = FACE_OUTER_BOUND ( 'NONE', #3198, .T. ) ;
#4794 = EDGE_CURVE ( 'NONE', #736, #1677, #4423, .T. ) ;
#4795 = ORIENTED_EDGE ( 'NONE', *, *, #2828, .T. ) ;
#4796 = DIRECTION ( 'NONE',  ( 4.336808689942016750E-16, 1.000000000000000000, 3.591911631868355648E-15 ) ) ;
#4797 =( NAMED_UNIT ( * ) SI_UNIT ( $, .STERADIAN. ) SOLID_ANGLE_UNIT ( ) );
#4798 = FILL_AREA_STYLE_COLOUR ( '', #3066 ) ;
#4799 = EDGE_LOOP ( 'NONE', ( #4808, #4748, #1194, #478 ) ) ;
#4800 = CARTESIAN_POINT ( 'NONE',  ( -1.089953900083879823, 5.492055319899416865, -3.999999999999979128 ) ) ;
#4801 = CARTESIAN_POINT ( 'NONE',  ( 7.268638015066022362, 3.016859659302447927, -5.498999999999984567 ) ) ;
#4802 = DIRECTION ( 'NONE',  ( 5.782411586589355667E-16, 1.000000000000000000, 3.469446951953613006E-15 ) ) ;
#4803 = SURFACE_STYLE_USAGE ( .BOTH. , #2981 ) ;
#4804 = DIRECTION ( 'NONE',  ( 0.000000000000000000, -1.000000000000000000, 0.000000000000000000 ) ) ;
#4805 = ORIENTED_EDGE ( 'NONE', *, *, #1406, .F. ) ;
#4806 = ORIENTED_EDGE ( 'NONE', *, *, #46, .F. ) ;
#4807 = SURFACE_STYLE_FILL_AREA ( #3579 ) ;
#4808 = ORIENTED_EDGE ( 'NONE', *, *, #2157, .T. ) ;
#4809 = CARTESIAN_POINT ( 'NONE',  ( 6.407576301211032721, 2.206279280440168744, -5.499999999999994671 ) ) ;
#4810 = CARTESIAN_POINT ( 'NONE',  ( -6.999999999999996447, 2.500000000000067057, -1.499999999999990452 ) ) ;
#4811 = PRESENTATION_STYLE_ASSIGNMENT (( #2155 ) ) ;
#4812 = STYLED_ITEM ( 'NONE', ( #5757 ), #2687 ) ;
#4813 = SURFACE_SIDE_STYLE ('',( #3494 ) ) ;
#4814 = AXIS2_PLACEMENT_3D ( 'NONE', #1775, #5276, #282 ) ;
#4815 = VECTOR ( 'NONE', #2210, 1000.000000000000000 ) ;
#4816 = FACE_OUTER_BOUND ( 'NONE', #1380, .T. ) ;
#4817 = DIRECTION ( 'NONE',  ( 0.000000000000000000, -3.591911631868355648E-15, 1.000000000000000000 ) ) ;
#4818 = CIRCLE ( 'NONE', #848, 0.2999999999999999889 ) ;
#4819 = DIRECTION ( 'NONE',  ( 0.000000000000000000, 9.957992501029929072E-17, -1.000000000000000000 ) ) ;
#4820 = COLOUR_RGB ( '',0.9529411764705881804, 0.7960784313725489669, 0.4862745098039215619 ) ;
#4821 = COLOUR_RGB ( '',0.1019607843137254888, 0.1019607843137254888, 0.1019607843137254888 ) ;
#4822 = DIRECTION ( 'NONE',  ( 1.000000000000000000, 0.000000000000000000, 0.000000000000000000 ) ) ;
#4823 = COLOUR_RGB ( '',0.9529411764705881804, 0.7960784313725489669, 0.4862745098039215619 ) ;
#4824 = AXIS2_PLACEMENT_3D ( 'NONE', #3257, #2704, #1457 ) ;
#4825 = ORIENTED_EDGE ( 'NONE', *, *, #3679, .F. ) ;
#4826 = COLOUR_RGB ( '',0.9529411764705881804, 0.7960784313725489669, 0.4862745098039215619 ) ;
#4827 = CIRCLE ( 'NONE', #3228, 0.2999999999999999334 ) ;
#4828 = EDGE_CURVE ( 'NONE', #4133, #4133, #1433, .T. ) ;
#4829 = PRESENTATION_LAYER_ASSIGNMENT (  '', '', ( #107 ) ) ;
#4830 = MECHANICAL_DESIGN_GEOMETRIC_PRESENTATION_REPRESENTATION (  '', ( #3620 ), #5581 ) ;
#4831 =( GEOMETRIC_REPRESENTATION_CONTEXT ( 3 ) GLOBAL_UNCERTAINTY_ASSIGNED_CONTEXT ( ( #226 ) ) GLOBAL_UNIT_ASSIGNED_CONTEXT ( ( #1142, #5690, #1112 ) ) REPRESENTATION_CONTEXT ( 'NONE', 'WORKASPACE' ) );
#4832 = ORIENTED_EDGE ( 'NONE', *, *, #3241, .T. ) ;
#4833 = FACE_OUTER_BOUND ( 'NONE', #1732, .T. ) ;
#4834 = EDGE_CURVE ( 'NONE', #5393, #787, #3092, .T. ) ;
#4835 = CARTESIAN_POINT ( 'NONE',  ( 7.191797434842912118, 3.080708419364799333, -5.498999999999984567 ) ) ;
#4836 = SURFACE_SIDE_STYLE ('',( #4535 ) ) ;
#4837 = FILL_AREA_STYLE ('',( #813 ) ) ;
#4838 = AXIS2_PLACEMENT_3D ( 'NONE', #5315, #5662, #3023 ) ;
#4839 = ORIENTED_EDGE ( 'NONE', *, *, #5516, .F. ) ;
#4840 = ORIENTED_EDGE ( 'NONE', *, *, #4908, .T. ) ;
#4841 =( LENGTH_UNIT ( ) NAMED_UNIT ( * ) SI_UNIT ( .MILLI., .METRE. ) );
#4842 = CARTESIAN_POINT ( 'NONE',  ( 7.252460183627722046, 1.798944182135482794, -5.499999999999998224 ) ) ;
#4843 = FILL_AREA_STYLE_COLOUR ( '', #955 ) ;
#4844 = PRESENTATION_LAYER_ASSIGNMENT (  '', '', ( #4285 ) ) ;
#4845 = FILL_AREA_STYLE_COLOUR ( '', #4446 ) ;
#4846 =( GEOMETRIC_REPRESENTATION_CONTEXT ( 3 ) GLOBAL_UNCERTAINTY_ASSIGNED_CONTEXT ( ( #4192 ) ) GLOBAL_UNIT_ASSIGNED_CONTEXT ( ( #565, #1928, #2396 ) ) REPRESENTATION_CONTEXT ( 'NONE', 'WORKASPACE' ) );
#4847 = CARTESIAN_POINT ( 'NONE',  ( 6.556723606930352943, 1.879274942791234526, -5.499999999999998224 ) ) ;
#4848 = SURFACE_STYLE_FILL_AREA ( #4791 ) ;
#4849 = FILL_AREA_STYLE_COLOUR ( '', #4734 ) ;
#4850 = SURFACE_SIDE_STYLE ('',( #324 ) ) ;
#4851 = FILL_AREA_STYLE_COLOUR ( '', #4826 ) ;
#4852 =( NAMED_UNIT ( * ) SI_UNIT ( $, .STERADIAN. ) SOLID_ANGLE_UNIT ( ) );
#4853 = EDGE_CURVE ( 'NONE', #333, #2317, #851, .T. ) ;
#4854 = DIRECTION ( 'NONE',  ( 0.000000000000000000, 1.000000000000000000, 0.000000000000000000 ) ) ;
#4855 = COLOUR_RGB ( '',0.9529411764705881804, 0.7960784313725489669, 0.4862745098039215619 ) ;
#4856 = UNCERTAINTY_MEASURE_WITH_UNIT (LENGTH_MEASURE( 1.000000000000000082E-05 ), #90, 'distance_accuracy_value', 'NONE');
#4857 = CARTESIAN_POINT ( 'NONE',  ( 7.522811485811152110, 2.879148774678832901, -5.499999999999985789 ) ) ;
#4858 = EDGE_CURVE ( 'NONE', #4452, #3106, #3204, .T. ) ;
#4859 = ORIENTED_EDGE ( 'NONE', *, *, #1729, .T. ) ;
#4860 = FACE_OUTER_BOUND ( 'NONE', #5274, .T. ) ;
#4861 = CARTESIAN_POINT ( 'NONE',  ( 7.253344578584611568, 3.034711066261870815, -5.498999999999984567 ) ) ;
#4862 = LINE ( 'NONE', #2606, #3787 ) ;
#4863 = PRESENTATION_LAYER_ASSIGNMENT (  '', '', ( #2033 ) ) ;
#4864 = LINE ( 'NONE', #1740, #3199 ) ;
#4865 = EDGE_CURVE ( 'NONE', #3304, #3304, #370, .T. ) ;
#4866 = EDGE_CURVE ( 'NONE', #3484, #2492, #1925, .T. ) ;
#4867 = ORIENTED_EDGE ( 'NONE', *, *, #3328, .F. ) ;
#4868 = ORIENTED_EDGE ( 'NONE', *, *, #1442, .T. ) ;
#4869 = UNCERTAINTY_MEASURE_WITH_UNIT (LENGTH_MEASURE( 1.000000000000000082E-05 ), #1546, 'distance_accuracy_value', 'NONE');
#4870 = SURFACE_SIDE_STYLE ('',( #2185 ) ) ;
#4871 = FACE_OUTER_BOUND ( 'NONE', #3148, .T. ) ;
#4872 = EDGE_LOOP ( 'NONE', ( #985, #3360, #4980, #724, #5642, #5135 ) ) ;
#4873 = CARTESIAN_POINT ( 'NONE',  ( 7.434290014896852483, 1.917527571594187519, -5.499999999999996447 ) ) ;
#4874 = LINE ( 'NONE', #4418, #5129 ) ;
#4875 = CARTESIAN_POINT ( 'NONE',  ( -6.999999999999998224, 5.000000000000068390, -1.499999999999981570 ) ) ;
#4876 = SURFACE_STYLE_FILL_AREA ( #5790 ) ;
#4877 =( NAMED_UNIT ( * ) PLANE_ANGLE_UNIT ( ) SI_UNIT ( $, .RADIAN. ) );
#4878 = CARTESIAN_POINT ( 'NONE',  ( 0.6257359312880770297, 5.000000000000064837, -1.299999999999981615 ) ) ;
#4879 =( NAMED_UNIT ( * ) PLANE_ANGLE_UNIT ( ) SI_UNIT ( $, .RADIAN. ) );
#4880 = APPLICATION_CONTEXT ( 'automotive_design' ) ;
#4881 = DIRECTION ( 'NONE',  ( 0.000000000000000000, 1.000000000000000000, 3.338184068424586592E-15 ) ) ;
#4882 = CYLINDRICAL_SURFACE ( 'NONE', #387, 1.500000000000000000 ) ;
#4883 = FILL_AREA_STYLE_COLOUR ( '', #4239 ) ;
#4884 = ORIENTED_EDGE ( 'NONE', *, *, #304, .F. ) ;
#4885 = PRESENTATION_STYLE_ASSIGNMENT (( #4950 ) ) ;
#4886 = CARTESIAN_POINT ( 'NONE',  ( -6.619070942236746191, 3.277793762384871634, -5.498999999999993449 ) ) ;
#4887 = CARTESIAN_POINT ( 'NONE',  ( 7.487990740332861606, 3.041238530199546375, -5.498999999999984567 ) ) ;
#4888 = ORIENTED_EDGE ( 'NONE', *, *, #5806, .F. ) ;
#4889 =( LENGTH_UNIT ( ) NAMED_UNIT ( * ) SI_UNIT ( .MILLI., .METRE. ) );
#4890 = CARTESIAN_POINT ( 'NONE',  ( 7.306750374942781789, 2.937458962449916999, -5.498999999999986343 ) ) ;
#4891 = PRESENTATION_STYLE_ASSIGNMENT (( #1399 ) ) ;
#4892 = DIRECTION ( 'NONE',  ( 0.000000000000000000, -3.591911631868355648E-15, 1.000000000000000000 ) ) ;
#4893 = LINE ( 'NONE', #3048, #2449 ) ;
#4894 = ORIENTED_EDGE ( 'NONE', *, *, #4147, .T. ) ;
#4895 = ORIENTED_EDGE ( 'NONE', *, *, #3898, .F. ) ;
#4896 = CARTESIAN_POINT ( 'NONE',  ( 6.422855507363276928, 2.309098353268451920, -5.498999999999991672 ) ) ;
#4897 = EDGE_LOOP ( 'NONE', ( #5386 ) ) ;
#4898 =( NAMED_UNIT ( * ) SI_UNIT ( $, .STERADIAN. ) SOLID_ANGLE_UNIT ( ) );
#4899 = SURFACE_STYLE_USAGE ( .BOTH. , #2563 ) ;
#4900 =( LENGTH_UNIT ( ) NAMED_UNIT ( * ) SI_UNIT ( .MILLI., .METRE. ) );
#4901 = EDGE_CURVE ( 'NONE', #4544, #3885, #1423, .T. ) ;
#4902 = VERTEX_POINT ( 'NONE', #818 ) ;
#4903 = COLOUR_RGB ( '',0.7921568627450980005, 0.8196078431372548767, 0.9333333333333333481 ) ;
#4904 = DIRECTION ( 'NONE',  ( 0.000000000000000000, 3.568904431242956914E-15, -1.000000000000000000 ) ) ;
#4905 = STYLED_ITEM ( 'NONE', ( #4525 ), #3755 ) ;
#4906 = DIRECTION ( 'NONE',  ( -1.000000000000000000, 3.407492542097298945E-16, 1.223941209746396009E-30 ) ) ;
#4907 = FILL_AREA_STYLE_COLOUR ( '', #3894 ) ;
#4908 = EDGE_CURVE ( 'NONE', #5231, #3185, #5454, .T. ) ;
#4909 = PLANE ( 'NONE',  #3658 ) ;
#4910 = CARTESIAN_POINT ( 'NONE',  ( 7.000000000000003553, 4.250000000000066613, -2.499999999999984013 ) ) ;
#4911 = FACE_OUTER_BOUND ( 'NONE', #4495, .T. ) ;
#4912 = PRESENTATION_STYLE_ASSIGNMENT (( #801 ) ) ;
#4913 = STYLED_ITEM ( 'NONE', ( #3918 ), #383 ) ;
#4914 = ORIENTED_EDGE ( 'NONE', *, *, #4018, .F. ) ;
#4915 =( GEOMETRIC_REPRESENTATION_CONTEXT ( 3 ) GLOBAL_UNCERTAINTY_ASSIGNED_CONTEXT ( ( #4935 ) ) GLOBAL_UNIT_ASSIGNED_CONTEXT ( ( #3056, #5343, #4898 ) ) REPRESENTATION_CONTEXT ( 'NONE', 'WORKASPACE' ) );
#4916 =( GEOMETRIC_REPRESENTATION_CONTEXT ( 3 ) GLOBAL_UNCERTAINTY_ASSIGNED_CONTEXT ( ( #430 ) ) GLOBAL_UNIT_ASSIGNED_CONTEXT ( ( #3888, #4965, #3007 ) ) REPRESENTATION_CONTEXT ( 'NONE', 'WORKASPACE' ) );
#4917 = DIRECTION ( 'NONE',  ( 0.000000000000000000, 0.000000000000000000, -1.000000000000000000 ) ) ;
#4918 = CARTESIAN_POINT ( 'NONE',  ( 6.848010113053357273, 3.278204274596913770, -5.499999999999982236 ) ) ;
#4919 = TOROIDAL_SURFACE ( 'NONE', #2363, 1.700000000000000622, 0.2000000000000000111 ) ;
#4920 = UNCERTAINTY_MEASURE_WITH_UNIT (LENGTH_MEASURE( 1.000000000000000082E-05 ), #3472, 'distance_accuracy_value', 'NONE');
#4921 = PRESENTATION_LAYER_ASSIGNMENT (  '', '', ( #385 ) ) ;
#4922 = DIRECTION ( 'NONE',  ( 5.782411586589356653E-16, 1.000000000000000000, 3.614007241618348376E-15 ) ) ;
#4923 = VECTOR ( 'NONE', #4204, 1000.000000000000000 ) ;
#4924 = MECHANICAL_DESIGN_GEOMETRIC_PRESENTATION_REPRESENTATION (  '', ( #858 ), #5303 ) ;
#4925 = VECTOR ( 'NONE', #589, 1000.000000000000000 ) ;
#4926 = ORIENTED_EDGE ( 'NONE', *, *, #4073, .T. ) ;
#4927 = PRESENTATION_LAYER_ASSIGNMENT (  '', '', ( #5211 ) ) ;
#4928 = VECTOR ( 'NONE', #1003, 1000.000000000000000 ) ;
#4929 = DIRECTION ( 'NONE',  ( 0.000000000000000000, 3.568904431242956914E-15, -1.000000000000000000 ) ) ;
#4930 = PRESENTATION_LAYER_ASSIGNMENT (  '', '', ( #1619 ) ) ;
#4931 = SURFACE_SIDE_STYLE ('',( #4100 ) ) ;
#4932 = EDGE_LOOP ( 'NONE', ( #2182 ) ) ;
#4933 = VECTOR ( 'NONE', #4127, 1000.000000000000000 ) ;
#4934 = CARTESIAN_POINT ( 'NONE',  ( 0.000000000000000000, 2.500000000000073719, -3.999999999999990674 ) ) ;
#4935 = UNCERTAINTY_MEASURE_WITH_UNIT (LENGTH_MEASURE( 1.000000000000000082E-05 ), #3056, 'distance_accuracy_value', 'NONE');
#4936 = CARTESIAN_POINT ( 'NONE',  ( 6.470943008335427571, 2.407932804949485028, -5.498999999999991672 ) ) ;
#4937 = VERTEX_POINT ( 'NONE', #5544 ) ;
#4938 = LINE ( 'NONE', #4030, #4071 ) ;
#4939 = CARTESIAN_POINT ( 'NONE',  ( 6.681617806910401747, 3.222903230746647640, -5.499999999999982236 ) ) ;
#4940 = CARTESIAN_POINT ( 'NONE',  ( 1.250000000000003109, 3.250000000000080380, -5.499999999999988454 ) ) ;
#4941 = CARTESIAN_POINT ( 'NONE',  ( 7.252277714530712238, 2.756018894411696341, -5.498999999999988120 ) ) ;
#4942 = EDGE_CURVE ( 'NONE', #4778, #2417, #4613, .T. ) ;
#4943 = DIRECTION ( 'NONE',  ( 0.000000000000000000, -1.000000000000000000, -3.302791052538885695E-15 ) ) ;
#4944 = ORIENTED_EDGE ( 'NONE', *, *, #2511, .T. ) ;
#4945 = CARTESIAN_POINT ( 'NONE',  ( 7.522811485811152110, 2.879148774678832901, -5.499999999999985789 ) ) ;
#4946 = PRESENTATION_STYLE_ASSIGNMENT (( #352 ) ) ;
#4947 = DIRECTION ( 'NONE',  ( 0.000000000000000000, -3.591911631868355648E-15, 1.000000000000000000 ) ) ;
#4948 =( NAMED_UNIT ( * ) PLANE_ANGLE_UNIT ( ) SI_UNIT ( $, .RADIAN. ) );
#4949 = EDGE_LOOP ( 'NONE', ( #2282 ) ) ;
#4950 = SURFACE_STYLE_USAGE ( .BOTH. , #3979 ) ;
#4951 = CARTESIAN_POINT ( 'NONE',  ( 6.450295694736602137, 2.910626637161039199, -5.499999999999985789 ) ) ;
#4952 = DIRECTION ( 'NONE',  ( 0.000000000000000000, -3.591911631868355648E-15, 1.000000000000000000 ) ) ;
#4953 = FACE_BOUND ( 'NONE', #1313, .T. ) ;
#4954 = CARTESIAN_POINT ( 'NONE',  ( -1.249999999999996447, -1.249996883773825784, 8.673617379884229532E-15 ) ) ;
#4955 = ORIENTED_EDGE ( 'NONE', *, *, #3815, .F. ) ;
#4956 = CARTESIAN_POINT ( 'NONE',  ( 7.287446635729752487, 1.813643013080153521, -5.499999999999998224 ) ) ;
#4957 = ORIENTED_EDGE ( 'NONE', *, *, #970, .T. ) ;
#4958 = CARTESIAN_POINT ( 'NONE',  ( 1.250000000000000222, 4.500000000000063061, -1.499999999999983347 ) ) ;
#4959 = LINE ( 'NONE', #4419, #3621 ) ;
#4960 = CARTESIAN_POINT ( 'NONE',  ( 6.834705463551086879, 2.615802821850377047, -5.499999999999989342 ) ) ;
#4961 = FILL_AREA_STYLE ('',( #3675 ) ) ;
#4962 = PLANE ( 'NONE',  #3205 ) ;
#4963 = CARTESIAN_POINT ( 'NONE',  ( -6.619070942236746191, 3.277793762384871634, -5.498999999999993449 ) ) ;
#4964 = ORIENTED_EDGE ( 'NONE', *, *, #1002, .T. ) ;
#4965 =( NAMED_UNIT ( * ) PLANE_ANGLE_UNIT ( ) SI_UNIT ( $, .RADIAN. ) );
#4966 =( NAMED_UNIT ( * ) SI_UNIT ( $, .STERADIAN. ) SOLID_ANGLE_UNIT ( ) );
#4967 = VECTOR ( 'NONE', #3853, 1000.000000000000000 ) ;
#4968 = CARTESIAN_POINT ( 'NONE',  ( 6.752745695765423051, 3.049158863956539900, -5.498999999999984567 ) ) ;
#4969 = PRESENTATION_STYLE_ASSIGNMENT (( #3170 ) ) ;
#4970 =( NAMED_UNIT ( * ) SI_UNIT ( $, .STERADIAN. ) SOLID_ANGLE_UNIT ( ) );
#4971 = EDGE_LOOP ( 'NONE', ( #5095 ) ) ;
#4972 = CARTESIAN_POINT ( 'NONE',  ( 6.487198837404846152, 3.028397558574170034, -5.498999999999984567 ) ) ;
#4973 = EDGE_CURVE ( 'NONE', #2783, #1603, #563, .T. ) ;
#4974 = EDGE_CURVE ( 'NONE', #913, #4105, #5519, .T. ) ;
#4975 = SURFACE_STYLE_FILL_AREA ( #452 ) ;
#4976 = DIRECTION ( 'NONE',  ( 0.000000000000000000, -3.591911631868355648E-15, 1.000000000000000000 ) ) ;
#4977 = SURFACE_STYLE_USAGE ( .BOTH. , #5471 ) ;
#4978 = SURFACE_STYLE_FILL_AREA ( #5086 ) ;
#4979 = ORIENTED_EDGE ( 'NONE', *, *, #3320, .F. ) ;
#4980 = ORIENTED_EDGE ( 'NONE', *, *, #1772, .T. ) ;
#4981 = CARTESIAN_POINT ( 'NONE',  ( 7.522811485811152110, 2.879148774678832901, -5.498999999999986343 ) ) ;
#4982 = PRESENTATION_STYLE_ASSIGNMENT (( #2105 ) ) ;
#4983 = EDGE_LOOP ( 'NONE', ( #3920 ) ) ;
#4984 = CARTESIAN_POINT ( 'NONE',  ( 7.070103327514511982, 3.112988542526250679, -5.499999999999984013 ) ) ;
#4985 = PRESENTATION_STYLE_ASSIGNMENT (( #1833 ) ) ;
#4986 = PRESENTATION_STYLE_ASSIGNMENT (( #5073 ) ) ;
#4987 = CARTESIAN_POINT ( 'NONE',  ( -1.249999999999996891, 3.250000000000067057, -1.499999999999987788 ) ) ;
#4988 =( GEOMETRIC_REPRESENTATION_CONTEXT ( 3 ) GLOBAL_UNCERTAINTY_ASSIGNED_CONTEXT ( ( #356 ) ) GLOBAL_UNIT_ASSIGNED_CONTEXT ( ( #2487, #2537, #265 ) ) REPRESENTATION_CONTEXT ( 'NONE', 'WORKASPACE' ) );
#4989 = CARTESIAN_POINT ( 'NONE',  ( 6.981966863032342374, 2.654005082538093863, -5.498999999999988120 ) ) ;
#4990 = CARTESIAN_POINT ( 'NONE',  ( -6.999999999999998224, 4.250000000000071054, -2.499999999999984013 ) ) ;
#4991 =( NAMED_UNIT ( * ) PLANE_ANGLE_UNIT ( ) SI_UNIT ( $, .RADIAN. ) );
#4992 = FILL_AREA_STYLE ('',( #4136 ) ) ;
#4993 = DIRECTION ( 'NONE',  ( -0.6401843996644827062, -0.7682212795973734076, -2.759382950034598399E-15 ) ) ;
#4994 = SURFACE_STYLE_FILL_AREA ( #1506 ) ;
#4995 = CARTESIAN_POINT ( 'NONE',  ( 6.468821756967638059, 1.980858277217330432, -5.498999999999995225 ) ) ;
#4996 = DIRECTION ( 'NONE',  ( 5.782411586589355667E-16, 1.000000000000000000, 3.469446951953613006E-15 ) ) ;
#4997 = CARTESIAN_POINT ( 'NONE',  ( 6.796044481997387976, 2.395832066392165505, -5.498999999999991672 ) ) ;
#4998 = DIRECTION ( 'NONE',  ( 5.782411586589360597E-16, 1.000000000000000000, 3.469446951953616161E-15 ) ) ;
#4999 = STYLED_ITEM ( 'NONE', ( #4256 ), #3819 ) ;
#5000 = ORIENTED_EDGE ( 'NONE', *, *, #4865, .T. ) ;
#5001 = CARTESIAN_POINT ( 'NONE',  ( 6.722425654344166723, 3.242170463374235645, -5.499999999999982236 ) ) ;
#5002 = AXIS2_PLACEMENT_3D ( 'NONE', #5817, #2189, #5318 ) ;
#5003 = MECHANICAL_DESIGN_GEOMETRIC_PRESENTATION_REPRESENTATION (  '', ( #192 ), #3878 ) ;
#5004 = COLOUR_RGB ( '',0.9529411764705881804, 0.7960784313725489669, 0.4862745098039215619 ) ;
#5005 = CARTESIAN_POINT ( 'NONE',  ( 7.026445460874152005, 3.289245043996149587, -5.499999999999982236 ) ) ;
#5006 = CONICAL_SURFACE ( 'NONE', #5758, 0.2000000000000000111, 0.7853981633974433940 ) ;
#5007 = EDGE_CURVE ( 'NONE', #1058, #1058, #2632, .T. ) ;
#5008 = DIRECTION ( 'NONE',  ( 1.000000000000000000, -4.336808689942016750E-16, -1.557743357859049482E-30 ) ) ;
#5009 = STYLED_ITEM ( 'NONE', ( #4742 ), #537 ) ;
#5010 = LINE ( 'NONE', #11, #4815 ) ;
#5011 = CARTESIAN_POINT ( 'NONE',  ( 6.818654643749747279, 1.943226028869385669, -5.498999999999997002 ) ) ;
#5012 = MECHANICAL_DESIGN_GEOMETRIC_PRESENTATION_REPRESENTATION (  '', ( #3214 ), #4916 ) ;
#5013 = ADVANCED_FACE ( 'NONE', ( #973 ), #5028, .T. ) ;
#5014 = ORIENTED_EDGE ( 'NONE', *, *, #5260, .F. ) ;
#5015 = STYLED_ITEM ( 'NONE', ( #3650 ), #4512 ) ;
#5016 = EDGE_LOOP ( 'NONE', ( #1268, #1997, #5682, #3809 ) ) ;
#5017 = CARTESIAN_POINT ( 'NONE',  ( 7.558562385030972663, 2.138682726612546325, -5.499999999999994671 ) ) ;
#5018 = DIRECTION ( 'NONE',  ( 0.000000000000000000, -1.000000000000000000, 0.000000000000000000 ) ) ;
#5019 = CARTESIAN_POINT ( 'NONE',  ( 7.070103327514511982, 3.112988542526250679, -5.498999999999982791 ) ) ;
#5020 = CARTESIAN_POINT ( 'NONE',  ( 1.250000000000002665, 2.500000000000080380, -5.499999999999991118 ) ) ;
#5021 =( GEOMETRIC_REPRESENTATION_CONTEXT ( 3 ) GLOBAL_UNCERTAINTY_ASSIGNED_CONTEXT ( ( #5583 ) ) GLOBAL_UNIT_ASSIGNED_CONTEXT ( ( #194, #2809, #2841 ) ) REPRESENTATION_CONTEXT ( 'NONE', 'WORKASPACE' ) );
#5022 = CARTESIAN_POINT ( 'NONE',  ( 7.310726359095542470, 2.880065549389822177, -5.499999999999985789 ) ) ;
#5023 = VERTEX_POINT ( 'NONE', #1497 ) ;
#5024 = CARTESIAN_POINT ( 'NONE',  ( 7.160852940158581426, 2.707026522904761645, -5.499999999999987566 ) ) ;
#5025 = FACE_OUTER_BOUND ( 'NONE', #1231, .T. ) ;
#5026 = CARTESIAN_POINT ( 'NONE',  ( 6.818654643749747279, 1.943226028869385669, -5.499999999999996447 ) ) ;
#5027 = VERTEX_POINT ( 'NONE', #5232 ) ;
#5028 = PLANE ( 'NONE',  #1333 ) ;
#5029 =( NAMED_UNIT ( * ) PLANE_ANGLE_UNIT ( ) SI_UNIT ( $, .RADIAN. ) );
#5030 = CARTESIAN_POINT ( 'NONE',  ( 6.733367893141736893, 1.782702295529142500, -5.498999999999998778 ) ) ;
#5031 = CIRCLE ( 'NONE', #2008, 2.500000000000001776 ) ;
#5032 = CARTESIAN_POINT ( 'NONE',  ( 6.919580657161322534, 3.113203937415102818, -5.499999999999984013 ) ) ;
#5033 = CARTESIAN_POINT ( 'NONE',  ( -1.500000000000000000, 5.000000000000075495, -3.999999999999980904 ) ) ;
#5034 = CARTESIAN_POINT ( 'NONE',  ( 7.509893757778952406, 2.781286828853624549, -5.498999999999986343 ) ) ;
#5035 = VECTOR ( 'NONE', #3053, 1000.000000000000000 ) ;
#5036 = SURFACE_STYLE_FILL_AREA ( #5125 ) ;
#5037 =( GEOMETRIC_REPRESENTATION_CONTEXT ( 3 ) GLOBAL_UNCERTAINTY_ASSIGNED_CONTEXT ( ( #2335 ) ) GLOBAL_UNIT_ASSIGNED_CONTEXT ( ( #2412, #619, #5141 ) ) REPRESENTATION_CONTEXT ( 'NONE', 'WORKASPACE' ) );
#5038 = ADVANCED_FACE ( 'NONE', ( #3784 ), #2792, .T. ) ;
#5039 = DIRECTION ( 'NONE',  ( 5.782411586589355667E-16, 1.000000000000000000, 3.469446951953613006E-15 ) ) ;
#5040 = CARTESIAN_POINT ( 'NONE',  ( 7.319011615191642228, 2.564467470532459270, -5.498999999999989896 ) ) ;
#5041 = DIRECTION ( 'NONE',  ( 0.000000000000000000, 3.591911631868355648E-15, -1.000000000000000000 ) ) ;
#5042 = EDGE_CURVE ( 'NONE', #2471, #2471, #4818, .T. ) ;
#5043 = VERTEX_POINT ( 'NONE', #3462 ) ;
#5044 = CARTESIAN_POINT ( 'NONE',  ( -6.999999999999999112, 7.676151381197371393E-14, -4.500000000000000000 ) ) ;
#5045 = CARTESIAN_POINT ( 'NONE',  ( 7.500084906291132114, 2.003677986230040453, -5.498999999999995225 ) ) ;
#5046 = PLANE ( 'NONE',  #863 ) ;
#5047 = FILL_AREA_STYLE ('',( #5565 ) ) ;
#5048 = CARTESIAN_POINT ( 'NONE',  ( 6.923472374583842459, 3.288104851191490763, -5.499999999999982236 ) ) ;
#5049 = FACE_BOUND ( 'NONE', #4971, .T. ) ;
#5050 = VERTEX_POINT ( 'NONE', #2790 ) ;
#5051 = EDGE_CURVE ( 'NONE', #1603, #2094, #3771, .T. ) ;
#5052 = EDGE_CURVE ( 'NONE', #5068, #867, #4938, .T. ) ;
#5053 = CARTESIAN_POINT ( 'NONE',  ( 6.722923894247752052, 2.580676396493912783, -5.499999999999989342 ) ) ;
#5054 = CARTESIAN_POINT ( 'NONE',  ( 7.069860859017132348, 2.473426375560108248, -5.499999999999991118 ) ) ;
#5055 = SURFACE_SIDE_STYLE ('',( #2794 ) ) ;
#5056 = CARTESIAN_POINT ( 'NONE',  ( 7.165363462551453289, 3.091555206662183419, -5.499999999999984013 ) ) ;
#5057 = DIRECTION ( 'NONE',  ( 0.000000000000000000, 3.591911631868355648E-15, -1.000000000000000000 ) ) ;
#5058 = CARTESIAN_POINT ( 'NONE',  ( 7.240757775251312367, 2.746200160688702763, -5.498999999999988120 ) ) ;
#5059 = CARTESIAN_POINT ( 'NONE',  ( 6.980840326083352032, 3.116549819806031962, -5.498999999999982791 ) ) ;
#5060 = CARTESIAN_POINT ( 'NONE',  ( 6.955857221398761503, 3.116005833545867354, -5.499999999999984013 ) ) ;
#5061 = SURFACE_STYLE_FILL_AREA ( #1461 ) ;
#5062 = UNCERTAINTY_MEASURE_WITH_UNIT (LENGTH_MEASURE( 1.000000000000000082E-05 ), #1934, 'distance_accuracy_value', 'NONE');
#5063 = FACE_OUTER_BOUND ( 'NONE', #4897, .T. ) ;
#5064 = CARTESIAN_POINT ( 'NONE',  ( 7.381239383569412560, 3.176973034421727515, -5.498999999999982791 ) ) ;
#5065 = CARTESIAN_POINT ( 'NONE',  ( -0.8594875162046679007, 5.300000000000071765, -3.999999999999980904 ) ) ;
#5066 = CARTESIAN_POINT ( 'NONE',  ( 7.437599867103042328, 2.652321071515973738, -5.499999999999989342 ) ) ;
#5067 = UNCERTAINTY_MEASURE_WITH_UNIT (LENGTH_MEASURE( 1.000000000000000082E-05 ), #1703, 'distance_accuracy_value', 'NONE');
#5068 = VERTEX_POINT ( 'NONE', #4958 ) ;
#5069 = FACE_OUTER_BOUND ( 'NONE', #2937, .T. ) ;
#5070 = LINE ( 'NONE', #1947, #2745 ) ;
#5071 =( NAMED_UNIT ( * ) PLANE_ANGLE_UNIT ( ) SI_UNIT ( $, .RADIAN. ) );
#5072 = CARTESIAN_POINT ( 'NONE',  ( 7.235599723498171265, 3.051651771030712723, -5.498999999999984567 ) ) ;
#5073 = SURFACE_STYLE_USAGE ( .BOTH. , #4197 ) ;
#5074 = CARTESIAN_POINT ( 'NONE',  ( 1.250000000000001110, 1.750000000000094147, -4.999999999999991118 ) ) ;
#5075 = CARTESIAN_POINT ( 'NONE',  ( 6.679343979098362638, 2.027445979091535566, -5.498999999999995225 ) ) ;
#5076 = CARTESIAN_POINT ( 'NONE',  ( 7.250832484951762247, 2.532194333340480163, -5.499999999999991118 ) ) ;
#5077 = EDGE_LOOP ( 'NONE', ( #3461, #4632, #4000, #5297, #4673, #138, #5571, #4342, #1759, #37 ) ) ;
#5078 = ADVANCED_FACE ( 'NONE', ( #1711 ), #3612, .T. ) ;
#5079 = PLANE ( 'NONE',  #2201 ) ;
#5080 = CARTESIAN_POINT ( 'NONE',  ( 6.929800260216111951, 2.641012448577229055, -5.498999999999988120 ) ) ;
#5081 = CARTESIAN_POINT ( 'NONE',  ( 6.687784751493707880, 2.964391746426974894, -5.498999999999984567 ) ) ;
#5082 = CARTESIAN_POINT ( 'NONE',  ( 7.112595538457992639, 2.485340473643901760, -5.498999999999989896 ) ) ;
#5083 = AXIS2_PLACEMENT_3D ( 'NONE', #35, #3710, #2333 ) ;
#5084 = ADVANCED_FACE ( 'NONE', ( #2612 ), #68, .T. ) ;
#5085 = CARTESIAN_POINT ( 'NONE',  ( 7.144161768580692851, 3.278548803677239665, -5.499999999999982236 ) ) ;
#5086 = FILL_AREA_STYLE ('',( #5417 ) ) ;
#5087 = CIRCLE ( 'NONE', #187, 1.399999999999999689 ) ;
#5088 =( LENGTH_UNIT ( ) NAMED_UNIT ( * ) SI_UNIT ( .MILLI., .METRE. ) );
#5089 = SURFACE_STYLE_FILL_AREA ( #161 ) ;
#5090 = CYLINDRICAL_SURFACE ( 'NONE', #4394, 0.2999999999999999334 ) ;
#5091 = VECTOR ( 'NONE', #5282, 1000.000000000000000 ) ;
#5092 = COLOUR_RGB ( '',0.8980392156862745390, 0.8980392156862745390, 0.8980392156862745390 ) ;
#5093 = MECHANICAL_DESIGN_GEOMETRIC_PRESENTATION_REPRESENTATION (  '', ( #3005 ), #2912 ) ;
#5094 = STYLED_ITEM ( 'NONE', ( #1767 ), #213 ) ;
#5095 = ORIENTED_EDGE ( 'NONE', *, *, #2130, .F. ) ;
#5096 = STYLED_ITEM ( 'NONE', ( #4695 ), #5160 ) ;
#5097 = CARTESIAN_POINT ( 'NONE',  ( 1.250000000000000222, 5.000000000000066613, -1.499999999999981570 ) ) ;
#5098 = CARTESIAN_POINT ( 'NONE',  ( 7.069860859017132348, 2.473426375560108248, -5.499999999999991118 ) ) ;
#5099 = PRESENTATION_LAYER_ASSIGNMENT (  '', '', ( #3601 ) ) ;
#5100 = FILL_AREA_STYLE ('',( #1917 ) ) ;
#5101 = PLANE ( 'NONE',  #2077 ) ;
#5102 = CARTESIAN_POINT ( 'NONE',  ( 3.950000000000003730, -1.249996883773825784, 8.673617379884229532E-15 ) ) ;
#5103 = COLOUR_RGB ( '',0.9529411764705881804, 0.7960784313725489669, 0.4862745098039215619 ) ;
#5104 = CARTESIAN_POINT ( 'NONE',  ( 6.739769375195787227, 1.978153120805116627, -5.498999999999997002 ) ) ;
#5105 = MECHANICAL_DESIGN_GEOMETRIC_PRESENTATION_REPRESENTATION (  '', ( #485 ), #1047 ) ;
#5106 = MECHANICAL_DESIGN_GEOMETRIC_PRESENTATION_REPRESENTATION (  '', ( #4075 ), #1900 ) ;
#5107 = EDGE_LOOP ( 'NONE', ( #2949 ) ) ;
#5108 = PRESENTATION_LAYER_ASSIGNMENT (  '', '', ( #293 ) ) ;
#5109 = ORIENTED_EDGE ( 'NONE', *, *, #2485, .T. ) ;
#5110 = VECTOR ( 'NONE', #1698, 1000.000000000000000 ) ;
#5111 = PRESENTATION_STYLE_ASSIGNMENT (( #3430 ) ) ;
#5112 = CARTESIAN_POINT ( 'NONE',  ( 6.952198505041922161, 1.751444447755755585, -5.498999999999998778 ) ) ;
#5113 = SURFACE_STYLE_FILL_AREA ( #1392 ) ;
#5114 = CIRCLE ( 'NONE', #2925, 0.7500000000000002220 ) ;
#5115 = DIRECTION ( 'NONE',  ( 0.000000000000000000, 9.957992501029929072E-17, -1.000000000000000000 ) ) ;
#5116 = FACE_OUTER_BOUND ( 'NONE', #2744, .T. ) ;
#5117 = STYLED_ITEM ( 'NONE', ( #2467 ), #888 ) ;
#5118 = CARTESIAN_POINT ( 'NONE',  ( 6.556723606930352943, 1.879274942791234526, -5.499999999999998224 ) ) ;
#5119 = EDGE_CURVE ( 'NONE', #1355, #5199, #3502, .T. ) ;
#5120 = DIRECTION ( 'NONE',  ( 0.000000000000000000, -1.000000000000000000, -3.713525943768165452E-15 ) ) ;
#5121 = UNCERTAINTY_MEASURE_WITH_UNIT (LENGTH_MEASURE( 1.000000000000000082E-05 ), #2892, 'distance_accuracy_value', 'NONE');
#5122 = CARTESIAN_POINT ( 'NONE',  ( 7.309665332390822279, 2.855017473052577248, -5.498999999999986343 ) ) ;
#5123 = PRODUCT_DEFINITION_FORMATION_WITH_SPECIFIED_SOURCE ( 'ANY', '', #1008, .NOT_KNOWN. ) ;
#5124 = PRESENTATION_LAYER_ASSIGNMENT (  '', '', ( #3994 ) ) ;
#5125 = FILL_AREA_STYLE ('',( #2426 ) ) ;
#5126 = EDGE_CURVE ( 'NONE', #203, #1220, #4606, .T. ) ;
#5127 = CARTESIAN_POINT ( 'NONE',  ( 7.480051894462723006, 1.973107437465873470, -5.498999999999997002 ) ) ;
#5128 = DIRECTION ( 'NONE',  ( -1.000000000000000000, 0.000000000000000000, -0.000000000000000000 ) ) ;
#5129 = VECTOR ( 'NONE', #5697, 1000.000000000000000 ) ;
#5130 = CARTESIAN_POINT ( 'NONE',  ( 7.319011615191642228, 2.564467470532459270, -5.499999999999989342 ) ) ;
#5131 = COLOUR_RGB ( '',0.1019607843137254888, 0.1019607843137254888, 0.1019607843137254888 ) ;
#5132 = DIRECTION ( 'NONE',  ( 0.000000000000000000, -3.614007241618349954E-15, 1.000000000000000000 ) ) ;
#5133 = CARTESIAN_POINT ( 'NONE',  ( 7.368965331965002363, 2.289905986217295020, -5.499999999999992895 ) ) ;
#5134 = COLOUR_RGB ( '',0.1019607843137254888, 0.1019607843137254888, 0.1019607843137254888 ) ;
#5135 = ORIENTED_EDGE ( 'NONE', *, *, #24, .T. ) ;
#5136 = CARTESIAN_POINT ( 'NONE',  ( 7.000000000000004441, 6.000000000000077272, -5.499999999999978684 ) ) ;
#5137 = CARTESIAN_POINT ( 'NONE',  ( -3.749999999999996003, 2.500000000000099476, -1.199999999999991296 ) ) ;
#5138 = CARTESIAN_POINT ( 'NONE',  ( -1.249999999999999778, 4.500000000000063061, -1.499999999999983347 ) ) ;
#5139 = CARTESIAN_POINT ( 'NONE',  ( 6.840788455851996908, 2.410704714522806213, -5.499999999999991118 ) ) ;
#5140 = FILL_AREA_STYLE_COLOUR ( '', #2177 ) ;
#5141 =( NAMED_UNIT ( * ) SI_UNIT ( $, .STERADIAN. ) SOLID_ANGLE_UNIT ( ) );
#5142 = CARTESIAN_POINT ( 'NONE',  ( 6.961513408888072796, 1.924521370832678491, -5.498999999999997002 ) ) ;
#5143 = EDGE_LOOP ( 'NONE', ( #3951, #3849, #1790, #395 ) ) ;
#5144 = ORIENTED_EDGE ( 'NONE', *, *, #5359, .F. ) ;
#5145 = CYLINDRICAL_SURFACE ( 'NONE', #4814, 2.500000000000001776 ) ;
#5146 = ORIENTED_EDGE ( 'NONE', *, *, #1436, .T. ) ;
#5147 = FILL_AREA_STYLE ('',( #2062 ) ) ;
#5148 = CARTESIAN_POINT ( 'NONE',  ( 7.522097567008821706, 2.897744932845216947, -5.498999999999986343 ) ) ;
#5149 = CARTESIAN_POINT ( 'NONE',  ( 7.000000000000001776, 2.500000000000063505, -1.499999999999990452 ) ) ;
#5150 = CARTESIAN_POINT ( 'NONE',  ( 7.349670311448262439, 2.182710799342285402, -5.499999999999994671 ) ) ;
#5151 = FACE_BOUND ( 'NONE', #4664, .T. ) ;
#5152 = CLOSED_SHELL ( 'NONE', ( #3940, #1212, #1652, #2233, #383, #612, #4662, #5370, #4512, #3077 ) ) ;
#5153 =( NAMED_UNIT ( * ) SI_UNIT ( $, .STERADIAN. ) SOLID_ANGLE_UNIT ( ) );
#5154 =( NAMED_UNIT ( * ) SI_UNIT ( $, .STERADIAN. ) SOLID_ANGLE_UNIT ( ) );
#5155 = STYLED_ITEM ( 'NONE', ( #3406 ), #2307 ) ;
#5156 = SURFACE_SIDE_STYLE ('',( #1907 ) ) ;
#5157 = UNCERTAINTY_MEASURE_WITH_UNIT (LENGTH_MEASURE( 1.000000000000000082E-05 ), #1211, 'distance_accuracy_value', 'NONE');
#5158 = EDGE_CURVE ( 'NONE', #2520, #2520, #5562, .T. ) ;
#5159 = FILL_AREA_STYLE ('',( #5556 ) ) ;
#5160 = ADVANCED_FACE ( 'NONE', ( #2812, #2346 ), #5006, .T. ) ;
#5161 = SURFACE_SIDE_STYLE ('',( #1577 ) ) ;
#5162 = CARTESIAN_POINT ( 'NONE',  ( 7.366638531611882534, 2.270912741246291944, -5.499999999999992895 ) ) ;
#5163 = PRESENTATION_LAYER_ASSIGNMENT (  '', '', ( #337 ) ) ;
#5164 = EDGE_LOOP ( 'NONE', ( #1169 ) ) ;
#5165 = SURFACE_STYLE_USAGE ( .BOTH. , #3747 ) ;
#5166 = EDGE_CURVE ( 'NONE', #5043, #624, #4307, .T. ) ;
#5167 = CARTESIAN_POINT ( 'NONE',  ( 6.778821101195772414, 2.388764159294217926, -5.499999999999991118 ) ) ;
#5168 = CARTESIAN_POINT ( 'NONE',  ( 6.902404331937741944, 2.428478591519919849, -5.499999999999991118 ) ) ;
#5169 = CARTESIAN_POINT ( 'NONE',  ( -3.749999999999996003, -1.149996883773825695, 8.673617379884229532E-15 ) ) ;
#5170 = CARTESIAN_POINT ( 'NONE',  ( 6.911492696973201788, 1.925447200934039538, -5.499999999999996447 ) ) ;
#5171 = ORIENTED_EDGE ( 'NONE', *, *, #5620, .T. ) ;
#5172 = ORIENTED_EDGE ( 'NONE', *, *, #3647, .F. ) ;
#5173 =( LENGTH_UNIT ( ) NAMED_UNIT ( * ) SI_UNIT ( .MILLI., .METRE. ) );
#5174 = SURFACE_STYLE_USAGE ( .BOTH. , #3759 ) ;
#5175 = CARTESIAN_POINT ( 'NONE',  ( 6.778821101195772414, 2.388764159294217926, -5.499999999999991118 ) ) ;
#5176 = CARTESIAN_POINT ( 'NONE',  ( 7.210673661873651774, 3.262582862058192479, -5.498999999999981014 ) ) ;
#5177 = CARTESIAN_POINT ( 'NONE',  ( 6.961513408888072796, 1.924521370832678491, -5.499999999999996447 ) ) ;
#5178 = CARTESIAN_POINT ( 'NONE',  ( 7.000000000000001776, 2.500000000000071498, -3.799999999999990496 ) ) ;
#5179 =( NAMED_UNIT ( * ) SI_UNIT ( $, .STERADIAN. ) SOLID_ANGLE_UNIT ( ) );
#5180 = SURFACE_STYLE_FILL_AREA ( #218 ) ;
#5181 = AXIS2_PLACEMENT_3D ( 'NONE', #859, #2139, #5410 ) ;
#5182 = STYLED_ITEM ( 'NONE', ( #1681 ), #3565 ) ;
#5183 = PLANE ( 'NONE',  #2410 ) ;
#5184 = B_SPLINE_CURVE_WITH_KNOTS ( 'NONE', 3,
 ( #3681, #1842, #515, #1930, #2829, #2361, #4651, #476, #2743, #543, #1872, #5523, #1480, #5409, #4564, #2397, #5060, #3260, #3654 ),
 .UNSPECIFIED., .F., .F.,
 ( 4, 1, 1, 1, 1, 1, 1, 1, 1, 1, 1, 1, 1, 1, 1, 1, 4 ),
 ( 0.000000000000000000, 0.06715546744904560272, 0.1314033464826143971, 0.1927317719102094873, 0.2512526591565255041, 0.3077037298841914792, 0.3626989162982000026, 0.4177783327854309725, 0.4723043857981140126, 0.5278725997916960955, 0.5852299868117369908, 0.6450565760102919821, 0.7079523564294419868, 0.7744342720454280293, 0.8449404313752610918, 0.9204035944750280640, 1.000000000000000000 ),
 .UNSPECIFIED. ) ;
#5185 = ADVANCED_FACE ( 'NONE', ( #3805 ), #2519, .T. ) ;
#5186 = FACE_OUTER_BOUND ( 'NONE', #3255, .T. ) ;
#5187 = EDGE_LOOP ( 'NONE', ( #317 ) ) ;
#5188 = CARTESIAN_POINT ( 'NONE',  ( -6.999999999999996447, 2.500000000000081268, -5.499999999999991118 ) ) ;
#5189 = FILL_AREA_STYLE_COLOUR ( '', #2448 ) ;
#5190 =( LENGTH_UNIT ( ) NAMED_UNIT ( * ) SI_UNIT ( .MILLI., .METRE. ) );
#5191 = FACE_OUTER_BOUND ( 'NONE', #924, .T. ) ;
#5192 = CIRCLE ( 'NONE', #2352, 0.2999999999999999334 ) ;
#5193 = VERTEX_POINT ( 'NONE', #3424 ) ;
#5194 = VECTOR ( 'NONE', #5395, 1000.000000000000000 ) ;
#5195 = CARTESIAN_POINT ( 'NONE',  ( 6.707173016356642314, 2.001320048533044904, -5.499999999999996447 ) ) ;
#5196 = ADVANCED_FACE ( 'NONE', ( #5651, #3339 ), #5599, .F. ) ;
#5197 = EDGE_LOOP ( 'NONE', ( #1535, #3344, #2956, #3474 ) ) ;
#5198 = MECHANICAL_DESIGN_GEOMETRIC_PRESENTATION_REPRESENTATION (  '', ( #3601 ), #5291 ) ;
#5199 = VERTEX_POINT ( 'NONE', #809 ) ;
#5200 = ORIENTED_EDGE ( 'NONE', *, *, #4011, .F. ) ;
#5201 = CARTESIAN_POINT ( 'NONE',  ( 6.455904479295922371, 2.384594447997137934, -5.499999999999991118 ) ) ;
#5202 = CARTESIAN_POINT ( 'NONE',  ( 6.626911968838002487, 2.249129985914588570, -5.498999999999993449 ) ) ;
#5203 = CARTESIAN_POINT ( 'NONE',  ( 6.577183827406137162, 3.151447429331611705, -5.498999999999982791 ) ) ;
#5204 = SURFACE_SIDE_STYLE ('',( #4234 ) ) ;
#5205 = CIRCLE ( 'NONE', #1230, 0.7500000000000002220 ) ;
#5206 = CARTESIAN_POINT ( 'NONE',  ( 6.507149509629687856, 2.451988495540383450, -5.499999999999991118 ) ) ;
#5207 = CARTESIAN_POINT ( 'NONE',  ( 7.257486966580382060, 2.760458870832679601, -5.498999999999988120 ) ) ;
#5208 = PRESENTATION_LAYER_ASSIGNMENT (  '', '', ( #2367 ) ) ;
#5209 = VECTOR ( 'NONE', #3722, 1000.000000000000000 ) ;
#5210 = B_SPLINE_CURVE_WITH_KNOTS ( 'NONE', 3,
 ( #5611, #2857, #4681, #4322, #3873, #261, #4762, #5584, #5671, #2882, #4789, #2483, #694, #717, #1510, #1071, #4705, #2041, #3843 ),
 .UNSPECIFIED., .F., .F.,
 ( 4, 1, 1, 1, 1, 1, 1, 1, 1, 1, 1, 1, 1, 1, 1, 1, 4 ),
 ( 0.000000000000000000, 0.06715546744904560272, 0.1314033464826143971, 0.1927317719102094873, 0.2512526591565255041, 0.3077037298841914792, 0.3626989162982000026, 0.4177783327854309725, 0.4723043857981140126, 0.5278725997916960955, 0.5852299868117369908, 0.6450565760102919821, 0.7079523564294419868, 0.7744342720454280293, 0.8449404313752610918, 0.9204035944750280640, 1.000000000000000000 ),
 .UNSPECIFIED. ) ;
#5211 = STYLED_ITEM ( 'NONE', ( #2074 ), #3109 ) ;
#5212 = COLOUR_RGB ( '',0.1019607843137254888, 0.1019607843137254888, 0.1019607843137254888 ) ;
#5213 = CARTESIAN_POINT ( 'NONE',  ( -6.999999999999998224, 7.546047120499110861E-14, -3.799999999999999378 ) ) ;
#5214 = PRESENTATION_LAYER_ASSIGNMENT (  '', '', ( #1905 ) ) ;
#5215 = CARTESIAN_POINT ( 'NONE',  ( 6.981966863032342374, 2.654005082538093863, -5.499999999999989342 ) ) ;
#5216 = FILL_AREA_STYLE ('',( #633 ) ) ;
#5217 = EDGE_LOOP ( 'NONE', ( #4201 ) ) ;
#5218 = CARTESIAN_POINT ( 'NONE',  ( 7.026445460874152005, 3.289245043996149587, -5.499999999999982236 ) ) ;
#5219 = EDGE_CURVE ( 'NONE', #2436, #2436, #5205, .T. ) ;
#5220 = TOROIDAL_SURFACE ( 'NONE', #2659, 1.399999999999999911, 0.1000000000000000056 ) ;
#5221 = CARTESIAN_POINT ( 'NONE',  ( -3.749999999999996003, 1.300000000000115286, 8.673617379884229532E-15 ) ) ;
#5222 = FACE_BOUND ( 'NONE', #4413, .T. ) ;
#5223 = ORIENTED_EDGE ( 'NONE', *, *, #2145, .T. ) ;
#5224 = DIRECTION ( 'NONE',  ( 0.000000000000000000, -1.000000000000000000, 0.000000000000000000 ) ) ;
#5225 = FILL_AREA_STYLE_COLOUR ( '', #1706 ) ;
#5226 = VERTEX_POINT ( 'NONE', #3833 ) ;
#5227 = CARTESIAN_POINT ( 'NONE',  ( 6.619439067263396481, 2.175286090766406222, -5.499999999999994671 ) ) ;
#5228 = ORIENTED_EDGE ( 'NONE', *, *, #1259, .T. ) ;
#5229 = ORIENTED_EDGE ( 'NONE', *, *, #5436, .T. ) ;
#5230 = PRESENTATION_STYLE_ASSIGNMENT (( #3550 ) ) ;
#5231 = VERTEX_POINT ( 'NONE', #5741 ) ;
#5232 = CARTESIAN_POINT ( 'NONE',  ( -1.249999999999999778, 4.500000000000063061, -1.499999999999983347 ) ) ;
#5233 = CARTESIAN_POINT ( 'NONE',  ( 6.655080423761057240, 2.304149785322956223, -5.498999999999991672 ) ) ;
#5234 = ADVANCED_FACE ( 'NONE', ( #3074, #3989 ), #2583, .F. ) ;
#5235 = CARTESIAN_POINT ( 'NONE',  ( 6.656858269928776828, 2.554164202457608113, -5.499999999999989342 ) ) ;
#5236 = CARTESIAN_POINT ( 'NONE',  ( 7.265750513782212039, 2.769343227641024363, -5.498999999999988120 ) ) ;
#5237 = CARTESIAN_POINT ( 'NONE',  ( 6.468821756967638059, 1.980858277217330432, -5.499999999999996447 ) ) ;
#5238 = SURFACE_STYLE_FILL_AREA ( #2572 ) ;
#5239 = SURFACE_SIDE_STYLE ('',( #2136 ) ) ;
#5240 = VECTOR ( 'NONE', #5819, 1000.000000000000000 ) ;
#5241 =( LENGTH_UNIT ( ) NAMED_UNIT ( * ) SI_UNIT ( .MILLI., .METRE. ) );
#5242 = EDGE_LOOP ( 'NONE', ( #4698 ) ) ;
#5243 = CARTESIAN_POINT ( 'NONE',  ( 7.368965331965002363, 2.289905986217295020, -5.498999999999993449 ) ) ;
#5244 = VECTOR ( 'NONE', #1305, 999.9999999999998863 ) ;
#5245 = ORIENTED_EDGE ( 'NONE', *, *, #3808, .F. ) ;
#5246 =( NAMED_UNIT ( * ) PLANE_ANGLE_UNIT ( ) SI_UNIT ( $, .RADIAN. ) );
#5247 = LINE ( 'NONE', #4374, #4356 ) ;
#5248 = CARTESIAN_POINT ( 'NONE',  ( 6.677211984853676618, 2.328633749653601370, -5.498999999999991672 ) ) ;
#5249 = SURFACE_SIDE_STYLE ('',( #5600 ) ) ;
#5250 = DIRECTION ( 'NONE',  ( 1.000000000000000000, -4.027036640660443984E-16, -1.446475975154831599E-30 ) ) ;
#5251 = EDGE_LOOP ( 'NONE', ( #2586 ) ) ;
#5252 = ORIENTED_EDGE ( 'NONE', *, *, #2941, .T. ) ;
#5253 = FILL_AREA_STYLE_COLOUR ( '', #3105 ) ;
#5254 = FACE_OUTER_BOUND ( 'NONE', #354, .T. ) ;
#5255 = UNCERTAINTY_MEASURE_WITH_UNIT (LENGTH_MEASURE( 1.000000000000000082E-05 ), #4238, 'distance_accuracy_value', 'NONE');
#5256 = CARTESIAN_POINT ( 'NONE',  ( 6.470943008335427571, 2.407932804949485028, -5.498999999999991672 ) ) ;
#5257 = LINE ( 'NONE', #740, #123 ) ;
#5258 = FILL_AREA_STYLE_COLOUR ( '', #5212 ) ;
#5259 =( LENGTH_UNIT ( ) NAMED_UNIT ( * ) SI_UNIT ( .MILLI., .METRE. ) );
#5260 = EDGE_CURVE ( 'NONE', #5715, #1741, #5668, .T. ) ;
#5261 = SURFACE_STYLE_USAGE ( .BOTH. , #2679 ) ;
#5262 = SURFACE_STYLE_USAGE ( .BOTH. , #2109 ) ;
#5263 = CARTESIAN_POINT ( 'NONE',  ( -6.999999999999996447, 2.500000000000079492, -4.999999999999990230 ) ) ;
#5264 = FACE_OUTER_BOUND ( 'NONE', #2232, .T. ) ;
#5265 = EDGE_CURVE ( 'NONE', #459, #5441, #4862, .T. ) ;
#5266 = EDGE_LOOP ( 'NONE', ( #3641 ) ) ;
#5267 = CARTESIAN_POINT ( 'NONE',  ( 7.508081592940231808, 2.989009588374113680, -5.499999999999985789 ) ) ;
#5268 = ORIENTED_EDGE ( 'NONE', *, *, #4776, .F. ) ;
#5269 = STYLED_ITEM ( 'NONE', ( #1982 ), #3436 ) ;
#5270 = DIRECTION ( 'NONE',  ( 1.000000000000000000, 0.000000000000000000, -1.807003620809174385E-16 ) ) ;
#5271 = DIRECTION ( 'NONE',  ( 0.000000000000000000, 3.568904431242956914E-15, -1.000000000000000000 ) ) ;
#5272 = CARTESIAN_POINT ( 'NONE',  ( 6.620461584096032581, 2.218275961765387994, -5.498999999999993449 ) ) ;
#5273 = CARTESIAN_POINT ( 'NONE',  ( 7.018204502025012559, 1.926239385910018420, -5.498999999999997002 ) ) ;
#5274 = EDGE_LOOP ( 'NONE', ( #340, #814, #5628, #5109 ) ) ;
#5275 = ORIENTED_EDGE ( 'NONE', *, *, #5042, .T. ) ;
#5276 = DIRECTION ( 'NONE',  ( 0.000000000000000000, 3.591911631868355648E-15, -1.000000000000000000 ) ) ;
#5277 = LINE ( 'NONE', #2499, #2840 ) ;
#5278 = AXIS2_PLACEMENT_3D ( 'NONE', #3863, #1565, #1621 ) ;
#5279 = ORIENTED_EDGE ( 'NONE', *, *, #4123, .F. ) ;
#5280 = CARTESIAN_POINT ( 'NONE',  ( 7.578957058612082243, 2.250732953452397656, -5.499999999999992895 ) ) ;
#5281 = VERTEX_POINT ( 'NONE', #1239 ) ;
#5282 = DIRECTION ( 'NONE',  ( 1.000000000000000000, -5.551115123125782702E-17, -4.063390949319085680E-31 ) ) ;
#5283 = PRESENTATION_LAYER_ASSIGNMENT (  '', '', ( #4159 ) ) ;
#5284 = SURFACE_STYLE_USAGE ( .BOTH. , #4813 ) ;
#5285 = COLOUR_RGB ( '',0.9529411764705881804, 0.7960784313725489669, 0.4862745098039215619 ) ;
#5286 = SURFACE_STYLE_FILL_AREA ( #2508 ) ;
#5287 = DIRECTION ( 'NONE',  ( 1.000000000000000000, 0.000000000000000000, 0.000000000000000000 ) ) ;
#5288 = CARTESIAN_POINT ( 'NONE',  ( 6.678776834994686773, 1.804120453681900660, -5.499999999999998224 ) ) ;
#5289 = TOROIDAL_SURFACE ( 'NONE', #1814, 1.199999999999983746, 0.2999999999999999889 ) ;
#5290 = DIRECTION ( 'NONE',  ( 0.000000000000000000, 0.000000000000000000, -1.000000000000000000 ) ) ;
#5291 =( GEOMETRIC_REPRESENTATION_CONTEXT ( 3 ) GLOBAL_UNCERTAINTY_ASSIGNED_CONTEXT ( ( #3520 ) ) GLOBAL_UNIT_ASSIGNED_CONTEXT ( ( #5618, #4212, #1961 ) ) REPRESENTATION_CONTEXT ( 'NONE', 'WORKASPACE' ) );
#5292 = ADVANCED_FACE ( 'NONE', ( #362, #3954 ), #5289, .T. ) ;
#5293 = TOROIDAL_SURFACE ( 'NONE', #3886, 0.5999999999999999778, 0.2999999999999999889 ) ;
#5294 = SURFACE_SIDE_STYLE ('',( #5731 ) ) ;
#5295 = VECTOR ( 'NONE', #4792, 1000.000000000000000 ) ;
#5296 = VECTOR ( 'NONE', #5057, 1000.000000000000000 ) ;
#5297 = ORIENTED_EDGE ( 'NONE', *, *, #785, .F. ) ;
#5298 = FILL_AREA_STYLE_COLOUR ( '', #2755 ) ;
#5299 = STYLED_ITEM ( 'NONE', ( #641 ), #66 ) ;
#5300 = CARTESIAN_POINT ( 'NONE',  ( 6.975406850558803384, 3.289294850394175462, -5.499999999999982236 ) ) ;
#5301 = EDGE_CURVE ( 'NONE', #1532, #1532, #3010, .T. ) ;
#5302 =( NAMED_UNIT ( * ) SI_UNIT ( $, .STERADIAN. ) SOLID_ANGLE_UNIT ( ) );
#5303 =( GEOMETRIC_REPRESENTATION_CONTEXT ( 3 ) GLOBAL_UNCERTAINTY_ASSIGNED_CONTEXT ( ( #2547 ) ) GLOBAL_UNIT_ASSIGNED_CONTEXT ( ( #405, #529, #1383 ) ) REPRESENTATION_CONTEXT ( 'NONE', 'WORKASPACE' ) );
#5304 = ORIENTED_EDGE ( 'NONE', *, *, #2890, .F. ) ;
#5305 = FILL_AREA_STYLE_COLOUR ( '', #2555 ) ;
#5306 = CARTESIAN_POINT ( 'NONE',  ( 7.165363462551453289, 3.091555206662183419, -5.498999999999984567 ) ) ;
#5307 = AXIS2_PLACEMENT_3D ( 'NONE', #3282, #2478, #3394 ) ;
#5308 = SURFACE_SIDE_STYLE ('',( #2553 ) ) ;
#5309 = FILL_AREA_STYLE ('',( #2494 ) ) ;
#5310 = CARTESIAN_POINT ( 'NONE',  ( 6.980676049509452419, 1.925102091783492453, -5.498999999999997002 ) ) ;
#5311 = ORIENTED_EDGE ( 'NONE', *, *, #5412, .F. ) ;
#5312 = EDGE_LOOP ( 'NONE', ( #2721 ) ) ;
#5313 = COLOUR_RGB ( '',0.9529411764705881804, 0.7960784313725489669, 0.4862745098039215619 ) ;
#5314 =( NAMED_UNIT ( * ) SI_UNIT ( $, .STERADIAN. ) SOLID_ANGLE_UNIT ( ) );
#5315 = CARTESIAN_POINT ( 'NONE',  ( -0.8594875162046679007, 5.300000000000073541, -4.499999999999980460 ) ) ;
#5316 = EDGE_LOOP ( 'NONE', ( #3993, #367, #877, #3924 ) ) ;
#5317 = CARTESIAN_POINT ( 'NONE',  ( 7.092578537431452723, 1.759665421063810742, -5.499999999999998224 ) ) ;
#5318 = DIRECTION ( 'NONE',  ( 4.565061778886336016E-16, 1.000000000000000000, 3.591911631868355648E-15 ) ) ;
#5319 = VERTEX_POINT ( 'NONE', #345 ) ;
#5320 = STYLED_ITEM ( 'NONE', ( #4885 ), #1652 ) ;
#5321 = PLANE ( 'NONE',  #571 ) ;
#5322 =( LENGTH_UNIT ( ) NAMED_UNIT ( * ) SI_UNIT ( .MILLI., .METRE. ) );
#5323 = MECHANICAL_DESIGN_GEOMETRIC_PRESENTATION_REPRESENTATION (  '', ( #4663 ), #223 ) ;
#5324 = DIRECTION ( 'NONE',  ( 5.782411586589355667E-16, 1.000000000000000000, 3.469446951953613006E-15 ) ) ;
#5325 = DIRECTION ( 'NONE',  ( 1.000000000000000000, 0.000000000000000000, 0.000000000000000000 ) ) ;
#5326 = PLANE ( 'NONE',  #12 ) ;
#5327 = SURFACE_STYLE_USAGE ( .BOTH. , #4850 ) ;
#5328 = ORIENTED_EDGE ( 'NONE', *, *, #4489, .T. ) ;
#5329 = UNCERTAINTY_MEASURE_WITH_UNIT (LENGTH_MEASURE( 1.000000000000000082E-05 ), #1307, 'distance_accuracy_value', 'NONE');
#5330 = CARTESIAN_POINT ( 'NONE',  ( 7.442818440252431778, 3.114059744945890884, -5.499999999999984013 ) ) ;
#5331 = ADVANCED_FACE ( 'NONE', ( #609, #980 ), #4145, .T. ) ;
#5332 = ORIENTED_EDGE ( 'NONE', *, *, #3858, .F. ) ;
#5333 = SURFACE_STYLE_FILL_AREA ( #396 ) ;
#5334 = CARTESIAN_POINT ( 'NONE',  ( -6.999999999999997335, -0.9999999999999219513, -4.500000000000003553 ) ) ;
#5335 = CARTESIAN_POINT ( 'NONE',  ( 7.362168622838582088, 2.234425694897106851, -5.498999999999993449 ) ) ;
#5336 = EDGE_CURVE ( 'NONE', #4519, #2094, #3712, .T. ) ;
#5337 = VERTEX_POINT ( 'NONE', #5498 ) ;
#5338 = ORIENTED_EDGE ( 'NONE', *, *, #819, .T. ) ;
#5339 = UNCERTAINTY_MEASURE_WITH_UNIT (LENGTH_MEASURE( 1.000000000000000082E-05 ), #3265, 'distance_accuracy_value', 'NONE');
#5340 = PLANE ( 'NONE',  #372 ) ;
#5341 = CARTESIAN_POINT ( 'NONE',  ( 6.605700443073192929, 2.527739690417752705, -5.498999999999989896 ) ) ;
#5342 = VERTEX_POINT ( 'NONE', #1463 ) ;
#5343 =( NAMED_UNIT ( * ) PLANE_ANGLE_UNIT ( ) SI_UNIT ( $, .RADIAN. ) );
#5344 = FACE_OUTER_BOUND ( 'NONE', #17, .T. ) ;
#5345 = CARTESIAN_POINT ( 'NONE',  ( -3.299999999999998934, 2.500000000000094147, -4.999999999999991118 ) ) ;
#5346 = LINE ( 'NONE', #3091, #3004 ) ;
#5347 = DIRECTION ( 'NONE',  ( -4.956352788505161296E-16, -1.000000000000000000, -3.469446951953613006E-15 ) ) ;
#5348 = CARTESIAN_POINT ( 'NONE',  ( -1.249999999999999112, 2.500000000000094147, -4.999999999999991118 ) ) ;
#5349 = EDGE_LOOP ( 'NONE', ( #1955, #1088, #815, #2115, #5541, #5328, #2236, #3018, #3163, #3485 ) ) ;
#5350 = CARTESIAN_POINT ( 'NONE',  ( 0.7500000000000067724, 5.000000000000064837, -0.9999999999999813483 ) ) ;
#5351 = SURFACE_SIDE_STYLE ('',( #5376 ) ) ;
#5352 = SURFACE_STYLE_USAGE ( .BOTH. , #4395 ) ;
#5353 = PLANE ( 'NONE',  #5181 ) ;
#5354 = ORIENTED_EDGE ( 'NONE', *, *, #5777, .F. ) ;
#5355 = CARTESIAN_POINT ( 'NONE',  ( 7.520677587691593224, 2.934732556493369060, -5.499999999999985789 ) ) ;
#5356 = ORIENTED_EDGE ( 'NONE', *, *, #5717, .T. ) ;
#5357 = SURFACE_STYLE_USAGE ( .BOTH. , #1377 ) ;
#5358 = DIRECTION ( 'NONE',  ( 8.503556842633538127E-17, -1.000000000000000000, 0.000000000000000000 ) ) ;
#5359 = EDGE_CURVE ( 'NONE', #391, #4315, #2832, .T. ) ;
#5360 = SURFACE_STYLE_FILL_AREA ( #4540 ) ;
#5361 = VECTOR ( 'NONE', #569, 1000.000000000000000 ) ;
#5362 = ORIENTED_EDGE ( 'NONE', *, *, #2298, .F. ) ;
#5363 = DIRECTION ( 'NONE',  ( 0.000000000000000000, 3.591911631868355648E-15, -1.000000000000000000 ) ) ;
#5364 = SURFACE_STYLE_USAGE ( .BOTH. , #3120 ) ;
#5365 = EDGE_LOOP ( 'NONE', ( #1224, #5797, #2513, #2629 ) ) ;
#5366 = CARTESIAN_POINT ( 'NONE',  ( 7.135623617799073060, 1.766554342101868569, -5.499999999999998224 ) ) ;
#5367 = CYLINDRICAL_SURFACE ( 'NONE', #4191, 0.3000000000000000444 ) ;
#5368 = LINE ( 'NONE', #4875, #4720 ) ;
#5369 = CIRCLE ( 'NONE', #3202, 1.399999999999999911 ) ;
#5370 = ADVANCED_FACE ( 'NONE', ( #5063, #3765 ), #3352, .T. ) ;
#5371 = DIRECTION ( 'NONE',  ( 7.433064981013480826E-31, 2.760287964870829992E-45, -1.000000000000000000 ) ) ;
#5372 = FILL_AREA_STYLE_COLOUR ( '', #932 ) ;
#5373 = FILL_AREA_STYLE ('',( #412 ) ) ;
#5374 =( NAMED_UNIT ( * ) SI_UNIT ( $, .STERADIAN. ) SOLID_ANGLE_UNIT ( ) );
#5375 = SURFACE_SIDE_STYLE ('',( #4480 ) ) ;
#5376 = SURFACE_STYLE_FILL_AREA ( #351 ) ;
#5377 = FILL_AREA_STYLE ('',( #4396 ) ) ;
#5378 = PRESENTATION_LAYER_ASSIGNMENT (  '', '', ( #5094 ) ) ;
#5379 = EDGE_LOOP ( 'NONE', ( #4955 ) ) ;
#5380 = CARTESIAN_POINT ( 'NONE',  ( 6.465323978180222753, 2.971099759564420406, -5.498999999999984567 ) ) ;
#5381 =( GEOMETRIC_REPRESENTATION_CONTEXT ( 3 ) GLOBAL_UNCERTAINTY_ASSIGNED_CONTEXT ( ( #3903 ) ) GLOBAL_UNIT_ASSIGNED_CONTEXT ( ( #3950, #331, #5302 ) ) REPRESENTATION_CONTEXT ( 'NONE', 'WORKASPACE' ) );
#5382 = UNCERTAINTY_MEASURE_WITH_UNIT (LENGTH_MEASURE( 1.000000000000000082E-05 ), #5322, 'distance_accuracy_value', 'NONE');
#5383 = SURFACE_STYLE_USAGE ( .BOTH. , #4490 ) ;
#5384 = PRESENTATION_LAYER_ASSIGNMENT (  '', '', ( #4268 ) ) ;
#5385 = COLOUR_RGB ( '',0.1019607843137254888, 0.1019607843137254888, 0.1019607843137254888 ) ;
#5386 = ORIENTED_EDGE ( 'NONE', *, *, #5158, .F. ) ;
#5387 =( NAMED_UNIT ( * ) PLANE_ANGLE_UNIT ( ) SI_UNIT ( $, .RADIAN. ) );
#5388 = CARTESIAN_POINT ( 'NONE',  ( 6.657426870426536247, 2.847598293909602507, -5.498999999999986343 ) ) ;
#5389 = CARTESIAN_POINT ( 'NONE',  ( -6.999999999999996447, 2.500000000000080824, -5.399999999999989697 ) ) ;
#5390 = CARTESIAN_POINT ( 'NONE',  ( -1.249999999999996447, -1.149996883773825695, 8.673617379884229532E-15 ) ) ;
#5391 = ORIENTED_EDGE ( 'NONE', *, *, #1845, .F. ) ;
#5392 = TOROIDAL_SURFACE ( 'NONE', #3232, 1.199999999999983746, 0.2999999999999999889 ) ;
#5393 = VERTEX_POINT ( 'NONE', #4393 ) ;
#5394 = UNCERTAINTY_MEASURE_WITH_UNIT (LENGTH_MEASURE( 1.000000000000000082E-05 ), #755, 'distance_accuracy_value', 'NONE');
#5395 = DIRECTION ( 'NONE',  ( -1.835596038252509459E-31, 3.614918832493752804E-15, -1.000000000000000000 ) ) ;
#5396 = FILL_AREA_STYLE ('',( #3213 ) ) ;
#5397 = CARTESIAN_POINT ( 'NONE',  ( 6.407871320485583055, 2.225672334615523607, -5.498999999999993449 ) ) ;
#5398 = EDGE_LOOP ( 'NONE', ( #5594, #4437, #738, #3079 ) ) ;
#5399 = DIRECTION ( 'NONE',  ( 1.000000000000000000, 0.000000000000000000, 0.000000000000000000 ) ) ;
#5400 = FILL_AREA_STYLE ('',( #2347 ) ) ;
#5401 = CARTESIAN_POINT ( 'NONE',  ( 7.298830698422622554, 2.819431707109289587, -5.499999999999987566 ) ) ;
#5402 = CARTESIAN_POINT ( 'NONE',  ( 6.880224449475321968, 2.628069333343674874, -5.498999999999988120 ) ) ;
#5403 = SURFACE_STYLE_USAGE ( .BOTH. , #3619 ) ;
#5404 = MANIFOLD_SOLID_BREP ( 'Корпус 4pin (Type 1)-1-solid1', #526 ) ;
#5405 = EDGE_CURVE ( 'NONE', #525, #1397, #4324, .T. ) ;
#5406 = PLANE ( 'NONE',  #1252 ) ;
#5407 = DIRECTION ( 'NONE',  ( 1.000000000000000000, -4.336808689942016750E-16, -1.557743357859049482E-30 ) ) ;
#5408 = DIRECTION ( 'NONE',  ( 1.942874599547240661E-31, 1.081992611510505398E-14, -1.000000000000000000 ) ) ;
#5409 = CARTESIAN_POINT ( 'NONE',  ( 6.854375867120642063, 3.100295885187565492, -5.499999999999984013 ) ) ;
#5410 = DIRECTION ( 'NONE',  ( -1.000000000000000000, 0.000000000000000000, -0.000000000000000000 ) ) ;
#5411 = EDGE_LOOP ( 'NONE', ( #2557 ) ) ;
#5412 = EDGE_CURVE ( 'NONE', #2957, #670, #241, .T. ) ;
#5413 = FILL_AREA_STYLE ('',( #2686 ) ) ;
#5414 = MANIFOLD_SOLID_BREP ( 'NONE', #3166 ) ;
#5415 = CARTESIAN_POINT ( 'NONE',  ( -6.999999999999998224, 4.250000000000076383, -3.799999999999984279 ) ) ;
#5416 = DIRECTION ( 'NONE',  ( 0.000000000000000000, -3.591911631868355648E-15, 1.000000000000000000 ) ) ;
#5417 = FILL_AREA_STYLE_COLOUR ( '', #1918 ) ;
#5418 = AXIS2_PLACEMENT_3D ( 'NONE', #2107, #2134, #3442 ) ;
#5419 = ORIENTED_EDGE ( 'NONE', *, *, #5301, .T. ) ;
#5420 = CARTESIAN_POINT ( 'NONE',  ( 7.092578537431452723, 1.759665421063810742, -5.498999999999998778 ) ) ;
#5421 = COLOUR_RGB ( '',0.9529411764705881804, 0.7960784313725489669, 0.4862745098039215619 ) ;
#5422 = ORIENTED_EDGE ( 'NONE', *, *, #5537, .F. ) ;
#5423 = DIRECTION ( 'NONE',  ( -1.835596038252509459E-31, 3.614918832493752804E-15, -1.000000000000000000 ) ) ;
#5424 = CARTESIAN_POINT ( 'NONE',  ( -3.749999999999996447, 2.500000000000094147, -5.699999999999991296 ) ) ;
#5425 = CARTESIAN_POINT ( 'NONE',  ( 1.250000000000003775, 1.900000000000099609, -1.499999999999993561 ) ) ;
#5426 = CARTESIAN_POINT ( 'NONE',  ( 7.219323152397882026, 2.733206216231323094, -5.498999999999988120 ) ) ;
#5427 = SURFACE_STYLE_FILL_AREA ( #4961 ) ;
#5428 = CARTESIAN_POINT ( 'NONE',  ( 6.863662756611012661, 1.932798462220692626, -5.499999999999996447 ) ) ;
#5429 = LINE ( 'NONE', #2273, #2468 ) ;
#5430 = CARTESIAN_POINT ( 'NONE',  ( -6.619070942236746191, 3.277793762384871634, -5.499999999999992895 ) ) ;
#5431 = EDGE_CURVE ( 'NONE', #625, #5711, #1168, .T. ) ;
#5432 = CARTESIAN_POINT ( 'NONE',  ( 6.869472071929282109, 2.419341782042482070, -5.498999999999991672 ) ) ;
#5433 = ORIENTED_EDGE ( 'NONE', *, *, #2862, .F. ) ;
#5434 = CARTESIAN_POINT ( 'NONE',  ( 6.625717366120717600, 3.190487132042204355, -5.498999999999982791 ) ) ;
#5435 = CARTESIAN_POINT ( 'NONE',  ( 6.705172714700596615, 2.351193538818547868, -5.498999999999991672 ) ) ;
#5436 = EDGE_CURVE ( 'NONE', #1560, #1560, #5114, .T. ) ;
#5437 = CARTESIAN_POINT ( 'NONE',  ( 7.356877878932212234, 3.194723114569429256, -5.498999999999982791 ) ) ;
#5438 = DIRECTION ( 'NONE',  ( 4.956352788505161296E-16, 1.000000000000000000, 3.469446951953613006E-15 ) ) ;
#5439 = CARTESIAN_POINT ( 'NONE',  ( 6.618965331964997034, 2.186240120832679601, -5.498999999999993449 ) ) ;
#5440 =( LENGTH_UNIT ( ) NAMED_UNIT ( * ) SI_UNIT ( .MILLI., .METRE. ) );
#5441 = VERTEX_POINT ( 'NONE', #3063 ) ;
#5442 = CARTESIAN_POINT ( 'NONE',  ( 7.380945729949021761, 1.870028446841396796, -5.498999999999997002 ) ) ;
#5443 =( NAMED_UNIT ( * ) PLANE_ANGLE_UNIT ( ) SI_UNIT ( $, .RADIAN. ) );
#5444 = ORIENTED_EDGE ( 'NONE', *, *, #5644, .F. ) ;
#5445 = CARTESIAN_POINT ( 'NONE',  ( 7.215028999209282645, 3.066962706914142522, -5.498999999999984567 ) ) ;
#5446 = CARTESIAN_POINT ( 'NONE',  ( 6.450295694736602137, 2.910626637161039199, -5.499999999999985789 ) ) ;
#5447 = VERTEX_POINT ( 'NONE', #4224 ) ;
#5448 = AXIS2_PLACEMENT_3D ( 'NONE', #4062, #1371, #4822 ) ;
#5449 = CARTESIAN_POINT ( 'NONE',  ( 7.192747398978432294, 2.720077491365664901, -5.499999999999987566 ) ) ;
#5450 = DIRECTION ( 'NONE',  ( 0.000000000000000000, 1.000000000000000000, 3.568904431242956914E-15 ) ) ;
#5451 = DIRECTION ( 'NONE',  ( -1.000000000000000000, 2.478176394252580155E-16, 8.901390616337421857E-31 ) ) ;
#5452 = CIRCLE ( 'NONE', #2898, 0.2000000000000000944 ) ;
#5453 = ORIENTED_EDGE ( 'NONE', *, *, #2833, .T. ) ;
#5454 = LINE ( 'NONE', #3760, #2271 ) ;
#5455 = ADVANCED_FACE ( 'NONE', ( #3165 ), #5326, .T. ) ;
#5456 = DIRECTION ( 'NONE',  ( -0.000000000000000000, -3.591911631868355648E-15, 1.000000000000000000 ) ) ;
#5457 = CARTESIAN_POINT ( 'NONE',  ( 6.798783916378542180, 3.078992839572466611, -5.498999999999984567 ) ) ;
#5458 = SURFACE_STYLE_FILL_AREA ( #2708 ) ;
#5459 = CARTESIAN_POINT ( 'NONE',  ( 3.750000000000003553, 2.500000000000094147, -1.499999999999991340 ) ) ;
#5460 = ADVANCED_FACE ( 'NONE', ( #4010 ), #824, .T. ) ;
#5461 = VECTOR ( 'NONE', #1718, 1000.000000000000000 ) ;
#5462 = COLOUR_RGB ( '',0.1019607843137254888, 0.1019607843137254888, 0.1019607843137254888 ) ;
#5463 =( GEOMETRIC_REPRESENTATION_CONTEXT ( 3 ) GLOBAL_UNCERTAINTY_ASSIGNED_CONTEXT ( ( #1571 ) ) GLOBAL_UNIT_ASSIGNED_CONTEXT ( ( #5088, #2372, #4708 ) ) REPRESENTATION_CONTEXT ( 'NONE', 'WORKASPACE' ) );
#5464 = DIRECTION ( 'NONE',  ( 1.000000000000000000, -4.027036640660443984E-16, -1.446475975154831599E-30 ) ) ;
#5465 = COLOUR_RGB ( '',0.8980392156862745390, 0.8980392156862745390, 0.8980392156862745390 ) ;
#5466 = VECTOR ( 'NONE', #4929, 1000.000000000000000 ) ;
#5467 = DIRECTION ( 'NONE',  ( 0.000000000000000000, -3.591911631868355648E-15, 1.000000000000000000 ) ) ;
#5468 = MECHANICAL_DESIGN_GEOMETRIC_PRESENTATION_REPRESENTATION (  '', ( #5761 ), #2634 ) ;
#5469 = CARTESIAN_POINT ( 'NONE',  ( 7.437599867103042328, 2.652321071515973738, -5.498999999999988120 ) ) ;
#5470 = EDGE_CURVE ( 'NONE', #3566, #108, #414, .T. ) ;
#5471 = SURFACE_SIDE_STYLE ('',( #2806 ) ) ;
#5472 = AXIS2_PLACEMENT_3D ( 'NONE', #3589, #3944, #826 ) ;
#5473 = AXIS2_PLACEMENT_3D ( 'NONE', #1895, #5492, #628 ) ;
#5474 = ORIENTED_EDGE ( 'NONE', *, *, #421, .F. ) ;
#5475 = COLOUR_RGB ( '',0.9529411764705881804, 0.7960784313725489669, 0.4862745098039215619 ) ;
#5476 = ORIENTED_EDGE ( 'NONE', *, *, #2941, .F. ) ;
#5477 = CARTESIAN_POINT ( 'NONE',  ( 7.500084906291132114, 2.003677986230040453, -5.499999999999996447 ) ) ;
#5478 = DIRECTION ( 'NONE',  ( 5.551115123125782702E-17, 1.000000000000000000, 3.614918832493746493E-15 ) ) ;
#5479 = CARTESIAN_POINT ( 'NONE',  ( 6.796044481997387976, 2.395832066392165505, -5.499999999999991118 ) ) ;
#5480 = PRESENTATION_LAYER_ASSIGNMENT (  '', '', ( #4270 ) ) ;
#5481 =( LENGTH_UNIT ( ) NAMED_UNIT ( * ) SI_UNIT ( .MILLI., .METRE. ) );
#5482 = LINE ( 'NONE', #3248, #2752 ) ;
#5483 = STYLED_ITEM ( 'NONE', ( #1139 ), #179 ) ;
#5484 = CARTESIAN_POINT ( 'NONE',  ( -1.249999999999996447, -1.149996883773825695, -0.2999999999999912736 ) ) ;
#5485 = CARTESIAN_POINT ( 'NONE',  ( 7.123694651498372110, 2.693894873451306626, -5.499999999999989342 ) ) ;
#5486 =( NAMED_UNIT ( * ) SI_UNIT ( $, .STERADIAN. ) SOLID_ANGLE_UNIT ( ) );
#5487 = VECTOR ( 'NONE', #3405, 1000.000000000000000 ) ;
#5488 = FILL_AREA_STYLE_COLOUR ( '', #5648 ) ;
#5489 = SURFACE_STYLE_USAGE ( .BOTH. , #936 ) ;
#5490 = CARTESIAN_POINT ( 'NONE',  ( 7.000000000000003553, 4.250000000000070166, -3.799999999999984279 ) ) ;
#5491 = DIRECTION ( 'NONE',  ( 0.000000000000000000, 3.591911631868355648E-15, -1.000000000000000000 ) ) ;
#5492 = DIRECTION ( 'NONE',  ( 5.530859633884060252E-30, 1.349966643306301775E-45, -1.000000000000000000 ) ) ;
#5493 = MECHANICAL_DESIGN_GEOMETRIC_PRESENTATION_REPRESENTATION (  '', ( #398 ), #5589 ) ;
#5494 = CARTESIAN_POINT ( 'NONE',  ( 6.778821101195772414, 2.388764159294217926, -5.499999999999991118 ) ) ;
#5495 = CARTESIAN_POINT ( 'NONE',  ( 7.151913475151202348, 2.497434809338316519, -5.498999999999989896 ) ) ;
#5496 = CARTESIAN_POINT ( 'NONE',  ( 7.000000000000003553, 5.000000000000073719, -4.499999999999981348 ) ) ;
#5497 = AXIS2_PLACEMENT_3D ( 'NONE', #5566, #5626, #3389 ) ;
#5498 = CARTESIAN_POINT ( 'NONE',  ( 7.000000000000004441, 6.000000000000077272, -5.499999999999978684 ) ) ;
#5499 =( GEOMETRIC_REPRESENTATION_CONTEXT ( 3 ) GLOBAL_UNCERTAINTY_ASSIGNED_CONTEXT ( ( #5067 ) ) GLOBAL_UNIT_ASSIGNED_CONTEXT ( ( #1703, #4022, #3514 ) ) REPRESENTATION_CONTEXT ( 'NONE', 'WORKASPACE' ) );
#5500 = CARTESIAN_POINT ( 'NONE',  ( 7.074160184841322696, 3.287950814755243645, -5.499999999999982236 ) ) ;
#5501 =( NAMED_UNIT ( * ) PLANE_ANGLE_UNIT ( ) SI_UNIT ( $, .RADIAN. ) );
#5502 = COLOUR_RGB ( '',0.1019607843137254888, 0.1019607843137254888, 0.1019607843137254888 ) ;
#5503 = CARTESIAN_POINT ( 'NONE',  ( 7.522273571871332720, 2.862355099858300278, -5.498999999999986343 ) ) ;
#5504 = FILL_AREA_STYLE ('',( #2020 ) ) ;
#5505 = EDGE_CURVE ( 'NONE', #5193, #5193, #680, .T. ) ;
#5506 = EDGE_LOOP ( 'NONE', ( #1727 ) ) ;
#5507 = CARTESIAN_POINT ( 'NONE',  ( 6.445888408888078125, 2.847598293909602507, -5.498999999999986343 ) ) ;
#5508 = CARTESIAN_POINT ( 'NONE',  ( 7.457951938127663105, 1.944477975167059558, -5.498999999999997002 ) ) ;
#5509 = CARTESIAN_POINT ( 'NONE',  ( 6.626911968838002487, 2.249129985914588570, -5.499999999999992895 ) ) ;
#5510 = SURFACE_STYLE_USAGE ( .BOTH. , #618 ) ;
#5511 = CARTESIAN_POINT ( 'NONE',  ( 7.104678775535402835, 3.108123937176208607, -5.498999999999982791 ) ) ;
#5512 = CARTESIAN_POINT ( 'NONE',  ( 7.000000000000000888, -0.9999999999999219513, -5.500000000000003553 ) ) ;
#5513 = CARTESIAN_POINT ( 'NONE',  ( 7.000000000000002665, 4.000000000000076383, -5.399999999999985256 ) ) ;
#5514 = AXIS2_PLACEMENT_3D ( 'NONE', #2799, #542, #88 ) ;
#5515 = CARTESIAN_POINT ( 'NONE',  ( 6.667643216580382948, 2.559136755448064182, -5.498999999999989896 ) ) ;
#5516 = EDGE_CURVE ( 'NONE', #2121, #2405, #2162, .T. ) ;
#5517 = DIRECTION ( 'NONE',  ( 0.000000000000000000, -3.568904431242956914E-15, 1.000000000000000000 ) ) ;
#5518 = ORIENTED_EDGE ( 'NONE', *, *, #2720, .F. ) ;
#5519 = LINE ( 'NONE', #5490, #379 ) ;
#5520 = CARTESIAN_POINT ( 'NONE',  ( 7.465121248552752498, 3.082703853233385693, -5.498999999999984567 ) ) ;
#5521 = COLOUR_RGB ( '',0.9529411764705881804, 0.7960784313725489669, 0.4862745098039215619 ) ;
#5522 = FILL_AREA_STYLE_COLOUR ( '', #5801 ) ;
#5523 = CARTESIAN_POINT ( 'NONE',  ( 6.798783916378542180, 3.078992839572466611, -5.499999999999984013 ) ) ;
#5524 = UNCERTAINTY_MEASURE_WITH_UNIT (LENGTH_MEASURE( 1.000000000000000082E-05 ), #3733, 'distance_accuracy_value', 'NONE');
#5525 = CARTESIAN_POINT ( 'NONE',  ( 7.002078312734232313, 3.289905986217294576, -5.498999999999981014 ) ) ;
#5526 = DIRECTION ( 'NONE',  ( -1.000000000000000000, 2.168404344971008375E-16, 7.788716789295247410E-31 ) ) ;
#5527 = CARTESIAN_POINT ( 'NONE',  ( -7.337820942236751520, 2.158502897000255327, -5.499999999999989342 ) ) ;
#5528 = CARTESIAN_POINT ( 'NONE',  ( 7.000000000000001776, 6.245004513516505540E-14, -1.499999999999999334 ) ) ;
#5529 = UNCERTAINTY_MEASURE_WITH_UNIT (LENGTH_MEASURE( 1.000000000000000082E-05 ), #419, 'distance_accuracy_value', 'NONE');
#5530 = ORIENTED_EDGE ( 'NONE', *, *, #4369, .F. ) ;
#5531 = SURFACE_STYLE_USAGE ( .BOTH. , #5624 ) ;
#5532 = SURFACE_STYLE_FILL_AREA ( #3749 ) ;
#5533 = CARTESIAN_POINT ( 'NONE',  ( 6.677211984853676618, 2.328633749653601370, -5.499999999999992895 ) ) ;
#5534 = CARTESIAN_POINT ( 'NONE',  ( 6.840788455851996908, 2.410704714522806658, -5.498999999999991672 ) ) ;
#5535 =( NAMED_UNIT ( * ) PLANE_ANGLE_UNIT ( ) SI_UNIT ( $, .RADIAN. ) );
#5536 = DIRECTION ( 'NONE',  ( 0.000000000000000000, 0.000000000000000000, -1.000000000000000000 ) ) ;
#5537 = EDGE_CURVE ( 'NONE', #3606, #2783, #1939, .T. ) ;
#5538 = VERTEX_POINT ( 'NONE', #1451 ) ;
#5539 = DIRECTION ( 'NONE',  ( 0.000000000000000000, 3.591911631868355648E-15, -1.000000000000000000 ) ) ;
#5540 =( LENGTH_UNIT ( ) NAMED_UNIT ( * ) SI_UNIT ( .MILLI., .METRE. ) );
#5541 = ORIENTED_EDGE ( 'NONE', *, *, #1513, .T. ) ;
#5542 = ORIENTED_EDGE ( 'NONE', *, *, #3934, .F. ) ;
#5543 = SURFACE_STYLE_FILL_AREA ( #4726 ) ;
#5544 = CARTESIAN_POINT ( 'NONE',  ( 7.000000000000001776, 6.938893903907228378E-14, -3.799999999999999378 ) ) ;
#5545 = CARTESIAN_POINT ( 'NONE',  ( -6.607051711467516242, 2.897084627769486609, -5.499999999999992895 ) ) ;
#5546 = EDGE_CURVE ( 'NONE', #2982, #2982, #949, .T. ) ;
#5547 = DIRECTION ( 'NONE',  ( 0.000000000000000000, 3.591911631868355648E-15, -1.000000000000000000 ) ) ;
#5548 = CARTESIAN_POINT ( 'NONE',  ( -6.999999999999997335, 6.000000000000080824, -5.499999999999978684 ) ) ;
#5549 = COLOUR_RGB ( '',0.8980392156862745390, 0.8980392156862745390, 0.8980392156862745390 ) ;
#5550 = CARTESIAN_POINT ( 'NONE',  ( 6.432148815750462489, 2.335096187747808916, -5.499999999999992895 ) ) ;
#5551 = SURFACE_SIDE_STYLE ('',( #181 ) ) ;
#5552 = DIRECTION ( 'NONE',  ( 0.000000000000000000, -3.614007241618349954E-15, 1.000000000000000000 ) ) ;
#5553 = CIRCLE ( 'NONE', #2993, 2.500000000000000444 ) ;
#5554 = PRESENTATION_STYLE_ASSIGNMENT (( #2776 ) ) ;
#5555 = CARTESIAN_POINT ( 'NONE',  ( 7.403589991592331998, 3.157515652617311375, -5.498999999999982791 ) ) ;
#5556 = FILL_AREA_STYLE_COLOUR ( '', #2083 ) ;
#5557 = SURFACE_STYLE_FILL_AREA ( #2051 ) ;
#5558 = AXIS2_PLACEMENT_3D ( 'NONE', #320, #5792, #1751 ) ;
#5559 = AXIS2_PLACEMENT_3D ( 'NONE', #5137, #590, #2382 ) ;
#5560 = ORIENTED_EDGE ( 'NONE', *, *, #1765, .T. ) ;
#5561 = CARTESIAN_POINT ( 'NONE',  ( -1.500000000000000444, 5.000000000000075495, -3.999999999999980904 ) ) ;
#5562 = CIRCLE ( 'NONE', #5657, 0.7500000000000000000 ) ;
#5563 = PRESENTATION_STYLE_ASSIGNMENT (( #2025 ) ) ;
#5564 = FACE_OUTER_BOUND ( 'NONE', #1063, .T. ) ;
#5565 = FILL_AREA_STYLE_COLOUR ( '', #1769 ) ;
#5566 = CARTESIAN_POINT ( 'NONE',  ( 3.750000000000003553, 2.500000000000094147, -5.699999999999991296 ) ) ;
#5567 = AXIS2_PLACEMENT_3D ( 'NONE', #2579, #4067, #4922 ) ;
#5568 = PRESENTATION_STYLE_ASSIGNMENT (( #5601 ) ) ;
#5569 = MECHANICAL_DESIGN_GEOMETRIC_PRESENTATION_REPRESENTATION (  '', ( #385 ), #2731 ) ;
#5570 = MECHANICAL_DESIGN_GEOMETRIC_PRESENTATION_REPRESENTATION (  '', ( #5015 ), #2637 ) ;
#5571 = ORIENTED_EDGE ( 'NONE', *, *, #4583, .F. ) ;
#5572 = COLOUR_RGB ( '',0.1019607843137254888, 0.1019607843137254888, 0.1019607843137254888 ) ;
#5573 = ORIENTED_EDGE ( 'NONE', *, *, #3357, .T. ) ;
#5574 = COLOUR_RGB ( '',0.8980392156862745390, 0.8980392156862745390, 0.8980392156862745390 ) ;
#5575 = SURFACE_SIDE_STYLE ('',( #2961 ) ) ;
#5576 =( LENGTH_UNIT ( ) NAMED_UNIT ( * ) SI_UNIT ( .MILLI., .METRE. ) );
#5577 = COLOUR_RGB ( '',0.3803921568627450789, 0.4784313725490195734, 0.7882352941176470340 ) ;
#5578 = CARTESIAN_POINT ( 'NONE',  ( 7.522811485811152110, 2.879148774678832901, -5.499999999999985789 ) ) ;
#5579 = B_SPLINE_CURVE_WITH_KNOTS ( 'NONE', 3,
 ( #651, #5634, #3907, #4386, #2565, #2502, #208, #3867, #1156, #3399, #5203, #234, #3373, #4731, #4786, #5699, #3434, #4261, #2007 ),
 .UNSPECIFIED., .F., .F.,
 ( 4, 1, 1, 1, 1, 1, 1, 1, 1, 1, 1, 1, 1, 1, 1, 1, 4 ),
 ( 0.000000000000000000, 0.1004750608070151957, 0.1956443031597840110, 0.2860833790699320311, 0.3729828804699535372, 0.4150256681909620382, 0.4560516735090279772, 0.4959387495188999906, 0.5355660888033511036, 0.5740871099085040896, 0.6125192874870970527, 0.6510809601344450526, 0.6895131377130390149, 0.7662374603277349872, 0.8423504388672229393, 0.9199744947371040205, 1.000000000000000000 ),
 .UNSPECIFIED. ) ;
#5580 =( NAMED_UNIT ( * ) PLANE_ANGLE_UNIT ( ) SI_UNIT ( $, .RADIAN. ) );
#5581 =( GEOMETRIC_REPRESENTATION_CONTEXT ( 3 ) GLOBAL_UNCERTAINTY_ASSIGNED_CONTEXT ( ( #5681 ) ) GLOBAL_UNIT_ASSIGNED_CONTEXT ( ( #4052, #2673, #461 ) ) REPRESENTATION_CONTEXT ( 'NONE', 'WORKASPACE' ) );
#5582 =( NAMED_UNIT ( * ) PLANE_ANGLE_UNIT ( ) SI_UNIT ( $, .RADIAN. ) );
#5583 = UNCERTAINTY_MEASURE_WITH_UNIT (LENGTH_MEASURE( 1.000000000000000082E-05 ), #194, 'distance_accuracy_value', 'NONE');
#5584 = CARTESIAN_POINT ( 'NONE',  ( 6.715909544467236536, 3.010795794026205563, -5.498999999999984567 ) ) ;
#5585 = EDGE_CURVE ( 'NONE', #928, #2237, #656, .T. ) ;
#5586 = AXIS2_PLACEMENT_3D ( 'NONE', #4703, #1568, #5755 ) ;
#5587 = STYLED_ITEM ( 'NONE', ( #1028 ), #1212 ) ;
#5588 = CARTESIAN_POINT ( 'NONE',  ( 7.580503793503463150, 2.289905986217295020, -5.498999999999993449 ) ) ;
#5589 =( GEOMETRIC_REPRESENTATION_CONTEXT ( 3 ) GLOBAL_UNCERTAINTY_ASSIGNED_CONTEXT ( ( #92 ) ) GLOBAL_UNIT_ASSIGNED_CONTEXT ( ( #4001, #319, #2962 ) ) REPRESENTATION_CONTEXT ( 'NONE', 'WORKASPACE' ) );
#5590 = EDGE_CURVE ( 'NONE', #624, #1204, #775, .T. ) ;
#5591 =( GEOMETRIC_REPRESENTATION_CONTEXT ( 3 ) GLOBAL_UNCERTAINTY_ASSIGNED_CONTEXT ( ( #4401 ) ) GLOBAL_UNIT_ASSIGNED_CONTEXT ( ( #1854, #1771, #611 ) ) REPRESENTATION_CONTEXT ( 'NONE', 'WORKASPACE' ) );
#5592 = LINE ( 'NONE', #5527, #2630 ) ;
#5593 = COLOUR_RGB ( '',0.7921568627450980005, 0.8196078431372548767, 0.9333333333333333481 ) ;
#5594 = ORIENTED_EDGE ( 'NONE', *, *, #1474, .F. ) ;
#5595 = UNCERTAINTY_MEASURE_WITH_UNIT (LENGTH_MEASURE( 1.000000000000000082E-05 ), #2954, 'distance_accuracy_value', 'NONE');
#5596 = CYLINDRICAL_SURFACE ( 'NONE', #294, 0.3000000000000000444 ) ;
#5597 =( NAMED_UNIT ( * ) SI_UNIT ( $, .STERADIAN. ) SOLID_ANGLE_UNIT ( ) );
#5598 = CARTESIAN_POINT ( 'NONE',  ( 7.250832484951762247, 2.532194333340480163, -5.499999999999991118 ) ) ;
#5599 = CYLINDRICAL_SURFACE ( 'NONE', #4262, 0.7500000000000002220 ) ;
#5600 = SURFACE_STYLE_FILL_AREA ( #2091 ) ;
#5601 = SURFACE_STYLE_USAGE ( .BOTH. , #201 ) ;
#5602 = ORIENTED_EDGE ( 'NONE', *, *, #1901, .F. ) ;
#5603 = ORIENTED_EDGE ( 'NONE', *, *, #3050, .T. ) ;
#5604 = SURFACE_SIDE_STYLE ('',( #1064 ) ) ;
#5605 =( NAMED_UNIT ( * ) PLANE_ANGLE_UNIT ( ) SI_UNIT ( $, .RADIAN. ) );
#5606 = AXIS2_PLACEMENT_3D ( 'NONE', #3939, #4817, #776 ) ;
#5607 = DIRECTION ( 'NONE',  ( 7.433064981013480826E-31, 2.760287964870829992E-45, -1.000000000000000000 ) ) ;
#5608 = FACE_BOUND ( 'NONE', #5686, .T. ) ;
#5609 = CARTESIAN_POINT ( 'NONE',  ( 6.468821756967638059, 1.980858277217330432, -5.499999999999996447 ) ) ;
#5610 = SURFACE_STYLE_FILL_AREA ( #2909 ) ;
#5611 = CARTESIAN_POINT ( 'NONE',  ( 6.657426870426536247, 2.847598293909602507, -5.498999999999986343 ) ) ;
#5612 =( LENGTH_UNIT ( ) NAMED_UNIT ( * ) SI_UNIT ( .MILLI., .METRE. ) );
#5613 = TOROIDAL_SURFACE ( 'NONE', #895, 1.199999999999983746, 0.2999999999999999889 ) ;
#5614 = EDGE_CURVE ( 'NONE', #5746, #3915, #4592, .T. ) ;
#5615 =( NAMED_UNIT ( * ) PLANE_ANGLE_UNIT ( ) SI_UNIT ( $, .RADIAN. ) );
#5616 = FILL_AREA_STYLE ('',( #2018 ) ) ;
#5617 = UNCERTAINTY_MEASURE_WITH_UNIT (LENGTH_MEASURE( 1.000000000000000082E-05 ), #472, 'distance_accuracy_value', 'NONE');
#5618 =( LENGTH_UNIT ( ) NAMED_UNIT ( * ) SI_UNIT ( .MILLI., .METRE. ) );
#5619 = CARTESIAN_POINT ( 'NONE',  ( 7.301357158888082566, 2.554930024678833345, -5.499999999999989342 ) ) ;
#5620 = EDGE_CURVE ( 'NONE', #2167, #4778, #2395, .T. ) ;
#5621 = CARTESIAN_POINT ( 'NONE',  ( 7.216831435753912949, 1.995600007534069409, -5.499999999999996447 ) ) ;
#5622 =( NAMED_UNIT ( * ) PLANE_ANGLE_UNIT ( ) SI_UNIT ( $, .RADIAN. ) );
#5623 = ORIENTED_EDGE ( 'NONE', *, *, #4834, .T. ) ;
#5624 = SURFACE_SIDE_STYLE ('',( #2406 ) ) ;
#5625 = PRESENTATION_STYLE_ASSIGNMENT (( #2026 ) ) ;
#5626 = DIRECTION ( 'NONE',  ( 0.000000000000000000, 9.957992501029929072E-17, -1.000000000000000000 ) ) ;
#5627 =( NAMED_UNIT ( * ) PLANE_ANGLE_UNIT ( ) SI_UNIT ( $, .RADIAN. ) );
#5628 = ORIENTED_EDGE ( 'NONE', *, *, #3379, .F. ) ;
#5629 = EDGE_LOOP ( 'NONE', ( #1610 ) ) ;
#5630 =( NAMED_UNIT ( * ) PLANE_ANGLE_UNIT ( ) SI_UNIT ( $, .RADIAN. ) );
#5631 = FILL_AREA_STYLE_COLOUR ( '', #2377 ) ;
#5632 = CARTESIAN_POINT ( 'NONE',  ( 6.432148815750462489, 2.335096187747808916, -5.499999999999992895 ) ) ;
#5633 = PRESENTATION_STYLE_ASSIGNMENT (( #3463 ) ) ;
#5634 = CARTESIAN_POINT ( 'NONE',  ( 6.975406850558803384, 3.289294850394175462, -5.498999999999981014 ) ) ;
#5635 = CARTESIAN_POINT ( 'NONE',  ( 6.608890424281042009, 1.841396985945248588, -5.499999999999998224 ) ) ;
#5636 = CARTESIAN_POINT ( 'NONE',  ( 7.310726359095542470, 2.880065549389822177, -5.498999999999986343 ) ) ;
#5637 = CARTESIAN_POINT ( 'NONE',  ( -3.749999999999996891, 2.500000000000067946, -1.499999999999990452 ) ) ;
#5638 =( NAMED_UNIT ( * ) SI_UNIT ( $, .STERADIAN. ) SOLID_ANGLE_UNIT ( ) );
#5639 = CARTESIAN_POINT ( 'NONE',  ( 7.547634779938952043, 2.103258737546648049, -5.498999999999995225 ) ) ;
#5640 = DIRECTION ( 'NONE',  ( 0.000000000000000000, 0.000000000000000000, 1.000000000000000000 ) ) ;
#5641 = AXIS2_PLACEMENT_3D ( 'NONE', #4435, #1203, #2983 ) ;
#5642 = ORIENTED_EDGE ( 'NONE', *, *, #4372, .T. ) ;
#5643 = B_SPLINE_SURFACE_WITH_KNOTS ( 'NONE', 3, 1, ( 
 ( #3618, #437 ),
 ( #4941, #3159 ),
 ( #4168, #2765 ),
 ( #5426, #1389 ),
 ( #3674, #5449 ),
 ( #1418, #5024 ),
 ( #2243, #5485 ),
 ( #4134, #880 ),
 ( #969, #4586 ),
 ( #4989, #82 ),
 ( #467, #4502 ),
 ( #5402, #1363 ),
 ( #1889, #4960 ),
 ( #3702, #2791 ),
 ( #4085, #3189 ),
 ( #3251, #5053 ),
 ( #4253, #2875 ),
 ( #1952, #2899 ),
 ( #5515, #623 ) ),
 .UNSPECIFIED., .F., .F., .F.,
 ( 4, 1, 1, 1, 1, 1, 1, 1, 1, 1, 1, 1, 1, 1, 1, 1, 4 ),
 ( 2, 2 ),
 ( 0.000000000000000000, 0.03274321823113744701, 0.07240960549385719314, 0.1196114857927609992, 0.1746729151985134953, 0.2373450901947015135, 0.3083524168429155332, 0.3876300477623594865, 0.4747836155862519836, 0.5633323159904150002, 0.6451362168299870081, 0.7202025267224649863, 0.7891341563324459907, 0.8514970735699649573, 0.9073306044315619934, 0.9569686823424189415, 1.000000000000000000 ),
 ( 0.000000000000000000, 1.000000000000000000 ),
 .UNSPECIFIED. ) ;
#5644 = EDGE_CURVE ( 'NONE', #5226, #5226, #2190, .T. ) ;
#5645 = CARTESIAN_POINT ( 'NONE',  ( 7.465121248552752498, 3.082703853233385693, -5.499999999999984013 ) ) ;
#5646 =( GEOMETRIC_REPRESENTATION_CONTEXT ( 3 ) GLOBAL_UNCERTAINTY_ASSIGNED_CONTEXT ( ( #5382 ) ) GLOBAL_UNIT_ASSIGNED_CONTEXT ( ( #5322, #3029, #2618 ) ) REPRESENTATION_CONTEXT ( 'NONE', 'WORKASPACE' ) );
#5647 = FILL_AREA_STYLE_COLOUR ( '', #4509 ) ;
#5648 = COLOUR_RGB ( '',0.1019607843137254888, 0.1019607843137254888, 0.1019607843137254888 ) ;
#5649 = ORIENTED_EDGE ( 'NONE', *, *, #2157, .F. ) ;
#5650 = CARTESIAN_POINT ( 'NONE',  ( -6.619070942236746191, 3.277793762384871634, -5.498999999999993449 ) ) ;
#5651 = FACE_OUTER_BOUND ( 'NONE', #5312, .T. ) ;
#5652 = VECTOR ( 'NONE', #5539, 1000.000000000000000 ) ;
#5653 = STYLED_ITEM ( 'NONE', ( #4986 ), #4662 ) ;
#5654 = CARTESIAN_POINT ( 'NONE',  ( 1.250000000000003775, -1.149996883773825695, -0.2999999999999912736 ) ) ;
#5655 = PRESENTATION_LAYER_ASSIGNMENT (  '', '', ( #4068 ) ) ;
#5656 = CARTESIAN_POINT ( 'NONE',  ( -1.249999999999999778, -0.9999999999999367173, -1.500000000000003109 ) ) ;
#5657 = AXIS2_PLACEMENT_3D ( 'NONE', #21, #556, #4522 ) ;
#5658 = ORIENTED_EDGE ( 'NONE', *, *, #4083, .T. ) ;
#5659 =( GEOMETRIC_REPRESENTATION_CONTEXT ( 3 ) GLOBAL_UNCERTAINTY_ASSIGNED_CONTEXT ( ( #1743 ) ) GLOBAL_UNIT_ASSIGNED_CONTEXT ( ( #2780, #1878, #1439 ) ) REPRESENTATION_CONTEXT ( 'NONE', 'WORKASPACE' ) );
#5660 = EDGE_LOOP ( 'NONE', ( #786, #3343, #3669, #3957, #4644, #4048, #1831, #5851, #149, #3731, #250, #1197, #3631, #5228, #1647, #3446 ) ) ;
#5661 = PRESENTATION_STYLE_ASSIGNMENT (( #2903 ) ) ;
#5662 = DIRECTION ( 'NONE',  ( -0.000000000000000000, 3.591911631868355648E-15, -1.000000000000000000 ) ) ;
#5663 = COLOUR_RGB ( '',0.8980392156862745390, 0.8980392156862745390, 0.8980392156862745390 ) ;
#5664 = CARTESIAN_POINT ( 'NONE',  ( 6.577717654150907478, 2.510434791072125638, -5.498999999999989896 ) ) ;
#5665 = CARTESIAN_POINT ( 'NONE',  ( 6.961513408888072796, 1.924521370832678491, -5.498999999999997002 ) ) ;
#5666 = SURFACE_SIDE_STYLE ('',( #2633 ) ) ;
#5667 =( GEOMETRIC_REPRESENTATION_CONTEXT ( 3 ) GLOBAL_UNCERTAINTY_ASSIGNED_CONTEXT ( ( #1266 ) ) GLOBAL_UNIT_ASSIGNED_CONTEXT ( ( #482, #4570, #309 ) ) REPRESENTATION_CONTEXT ( 'NONE', 'WORKASPACE' ) );
#5668 = B_SPLINE_CURVE_WITH_KNOTS ( 'NONE', 3,
 ( #3660, #67, #5272, #1225, #1288, #39, #5248, #5435, #1200, #4408, #4433 ),
 .UNSPECIFIED., .F., .F.,
 ( 4, 1, 1, 1, 1, 1, 1, 1, 4 ),
 ( 0.000000000000000000, 0.1177675192120364034, 0.2301764485440569996, 0.3398429589695389774, 0.4506252599208619980, 0.5669428888721620430, 0.6960213064547929873, 0.8394383602270610867, 1.000000000000000000 ),
 .UNSPECIFIED. ) ;
#5669 = CARTESIAN_POINT ( 'NONE',  ( 6.926512408403042720, 1.752069863431009678, -5.499999999999998224 ) ) ;
#5670 = FACE_OUTER_BOUND ( 'NONE', #406, .T. ) ;
#5671 = CARTESIAN_POINT ( 'NONE',  ( 6.733384272317002761, 3.030816801207819822, -5.498999999999984567 ) ) ;
#5672 =( GEOMETRIC_REPRESENTATION_CONTEXT ( 3 ) GLOBAL_UNCERTAINTY_ASSIGNED_CONTEXT ( ( #283 ) ) GLOBAL_UNIT_ASSIGNED_CONTEXT ( ( #2506, #5582, #1595 ) ) REPRESENTATION_CONTEXT ( 'NONE', 'WORKASPACE' ) );
#5673 = COLOUR_RGB ( '',0.1019607843137254888, 0.1019607843137254888, 0.1019607843137254888 ) ;
#5674 = PRESENTATION_LAYER_ASSIGNMENT (  '', '', ( #5772 ) ) ;
#5675 = CARTESIAN_POINT ( 'NONE',  ( 6.423145740132412129, 2.080563434257238775, -5.499999999999994671 ) ) ;
#5676 = DIRECTION ( 'NONE',  ( 1.000000000000000000, 0.000000000000000000, 0.000000000000000000 ) ) ;
#5677 = CARTESIAN_POINT ( 'NONE',  ( -1.000000000000000000, 5.600000000000073364, -4.499999999999979572 ) ) ;
#5678 = MECHANICAL_DESIGN_GEOMETRIC_PRESENTATION_REPRESENTATION (  '', ( #2285 ), #4831 ) ;
#5679 = SURFACE_STYLE_USAGE ( .BOTH. , #299 ) ;
#5680 = FACE_OUTER_BOUND ( 'NONE', #2710, .T. ) ;
#5681 = UNCERTAINTY_MEASURE_WITH_UNIT (LENGTH_MEASURE( 1.000000000000000082E-05 ), #4052, 'distance_accuracy_value', 'NONE');
#5682 = ORIENTED_EDGE ( 'NONE', *, *, #5412, .T. ) ;
#5683 = PRESENTATION_STYLE_ASSIGNMENT (( #270 ) ) ;
#5684 = CARTESIAN_POINT ( 'NONE',  ( 6.980676049509452419, 1.925102091783492453, -5.499999999999996447 ) ) ;
#5685 = AXIS2_PLACEMENT_3D ( 'NONE', #2591, #1679, #769 ) ;
#5686 = EDGE_LOOP ( 'NONE', ( #862 ) ) ;
#5687 = DIRECTION ( 'NONE',  ( -3.469446951953613203E-16, -1.000000000000000000, -3.642919299551293321E-15 ) ) ;
#5688 = DIRECTION ( 'NONE',  ( -4.956352788505163268E-16, -1.000000000000000000, -3.469446951953614583E-15 ) ) ;
#5689 =( NAMED_UNIT ( * ) SI_UNIT ( $, .STERADIAN. ) SOLID_ANGLE_UNIT ( ) );
#5690 =( NAMED_UNIT ( * ) PLANE_ANGLE_UNIT ( ) SI_UNIT ( $, .RADIAN. ) );
#5691 = EDGE_CURVE ( 'NONE', #683, #333, #4179, .T. ) ;
#5692 = STYLED_ITEM ( 'NONE', ( #3602 ), #1722 ) ;
#5693 = EDGE_LOOP ( 'NONE', ( #5649, #5780, #2148, #3311 ) ) ;
#5694 = ORIENTED_EDGE ( 'NONE', *, *, #5119, .T. ) ;
#5695 = CARTESIAN_POINT ( 'NONE',  ( -6.999999999999999112, 7.415942859800850329E-14, -3.799999999999999378 ) ) ;
#5696 = CARTESIAN_POINT ( 'NONE',  ( 1.250000000000003775, -1.149996883773825695, 8.673617379884229532E-15 ) ) ;
#5697 = DIRECTION ( 'NONE',  ( 0.000000000000000000, 3.591911631868355648E-15, -1.000000000000000000 ) ) ;
#5698 = FACE_OUTER_BOUND ( 'NONE', #3540, .T. ) ;
#5699 = CARTESIAN_POINT ( 'NONE',  ( 6.465323978180222753, 2.971099759564420406, -5.498999999999984567 ) ) ;
#5700 = EDGE_CURVE ( 'NONE', #2029, #2029, #4178, .T. ) ;
#5701 = CARTESIAN_POINT ( 'NONE',  ( 3.750000000000000888, 2.500000000000094147, -4.999999999999991118 ) ) ;
#5702 = FILL_AREA_STYLE_COLOUR ( '', #5385 ) ;
#5703 = DIRECTION ( 'NONE',  ( 1.000000000000000000, 0.000000000000000000, 0.000000000000000000 ) ) ;
#5704 = SURFACE_STYLE_USAGE ( .BOTH. , #852 ) ;
#5705 = LINE ( 'NONE', #3036, #2816 ) ;
#5706 =( GEOMETRIC_REPRESENTATION_CONTEXT ( 3 ) GLOBAL_UNCERTAINTY_ASSIGNED_CONTEXT ( ( #4274 ) ) GLOBAL_UNIT_ASSIGNED_CONTEXT ( ( #3268, #1996, #5728 ) ) REPRESENTATION_CONTEXT ( 'NONE', 'WORKASPACE' ) );
#5707 = CARTESIAN_POINT ( 'NONE',  ( 7.574237604706492100, 2.212327284999750621, -5.498999999999993449 ) ) ;
#5708 = FACE_OUTER_BOUND ( 'NONE', #1179, .T. ) ;
#5709 = FACE_OUTER_BOUND ( 'NONE', #2604, .T. ) ;
#5710 = CARTESIAN_POINT ( 'NONE',  ( -7.337820942236751520, 3.277793762384871634, -5.498999999999993449 ) ) ;
#5711 = VERTEX_POINT ( 'NONE', #2422 ) ;
#5712 = CYLINDRICAL_SURFACE ( 'NONE', #106, 2.500000000000000888 ) ;
#5713 =( NAMED_UNIT ( * ) SI_UNIT ( $, .STERADIAN. ) SOLID_ANGLE_UNIT ( ) );
#5714 = CARTESIAN_POINT ( 'NONE',  ( 7.255409592261151452, 2.024337752601665485, -5.498999999999995225 ) ) ;
#5715 = VERTEX_POINT ( 'NONE', #4233 ) ;
#5716 = ORIENTED_EDGE ( 'NONE', *, *, #959, .F. ) ;
#5717 = EDGE_CURVE ( 'NONE', #5441, #5393, #176, .T. ) ;
#5718 = CARTESIAN_POINT ( 'NONE',  ( 7.298830698422622554, 2.819431707109289587, -5.499999999999987566 ) ) ;
#5719 = UNCERTAINTY_MEASURE_WITH_UNIT (LENGTH_MEASURE( 1.000000000000000082E-05 ), #2207, 'distance_accuracy_value', 'NONE');
#5720 = VERTEX_POINT ( 'NONE', #5578 ) ;
#5721 = CARTESIAN_POINT ( 'NONE',  ( 7.320312930522452355, 1.830721448984130584, -5.499999999999998224 ) ) ;
#5722 = DIRECTION ( 'NONE',  ( -1.835596038252509459E-31, 3.614918832493752804E-15, -1.000000000000000000 ) ) ;
#5723 = FACE_OUTER_BOUND ( 'NONE', #5693, .T. ) ;
#5724 =( NAMED_UNIT ( * ) SI_UNIT ( $, .STERADIAN. ) SOLID_ANGLE_UNIT ( ) );
#5725 = FILL_AREA_STYLE ('',( #1334 ) ) ;
#5726 = EDGE_CURVE ( 'NONE', #2034, #4472, #4246, .T. ) ;
#5727 = LINE ( 'NONE', #4444, #3970 ) ;
#5728 =( NAMED_UNIT ( * ) SI_UNIT ( $, .STERADIAN. ) SOLID_ANGLE_UNIT ( ) );
#5729 = CARTESIAN_POINT ( 'NONE',  ( 7.252277714530712238, 2.756018894411696341, -5.499999999999987566 ) ) ;
#5730 = PLANE ( 'NONE',  #3016 ) ;
#5731 = SURFACE_STYLE_FILL_AREA ( #3973 ) ;
#5732 = ORIENTED_EDGE ( 'NONE', *, *, #2900, .T. ) ;
#5733 = CARTESIAN_POINT ( 'NONE',  ( -1.249999999999999778, 4.500000000000061284, -0.9999999999999833467 ) ) ;
#5734 =( NAMED_UNIT ( * ) SI_UNIT ( $, .STERADIAN. ) SOLID_ANGLE_UNIT ( ) );
#5735 = COLOUR_RGB ( '',0.9529411764705881804, 0.7960784313725489669, 0.4862745098039215619 ) ;
#5736 = UNCERTAINTY_MEASURE_WITH_UNIT (LENGTH_MEASURE( 1.000000000000000082E-05 ), #1279, 'distance_accuracy_value', 'NONE');
#5737 = CIRCLE ( 'NONE', #1592, 0.3000000000000003775 ) ;
#5738 = ORIENTED_EDGE ( 'NONE', *, *, #5007, .F. ) ;
#5739 = FILL_AREA_STYLE ('',( #1258 ) ) ;
#5740 = CARTESIAN_POINT ( 'NONE',  ( 7.136466865091332323, 3.100948230627417423, -5.498999999999984567 ) ) ;
#5741 = CARTESIAN_POINT ( 'NONE',  ( -6.607051711467516242, 2.897084627769486609, -5.498999999999991672 ) ) ;
#5742 = B_SPLINE_CURVE_WITH_KNOTS ( 'NONE', 3,
 ( #1875, #2286, #1904, #4188, #3234, #3661, #981, #4597, #547, #3714, #98, #1465, #3263, #3914, #186, #3444, #5127, #4326, #1075, #748, #5639, #264, #3409, #5707, #721, #3796, #5588 ),
 .UNSPECIFIED., .F., .F.,
 ( 4, 1, 1, 1, 1, 1, 1, 1, 1, 1, 1, 1, 1, 1, 1, 1, 1, 1, 1, 1, 1, 1, 1, 1, 4 ),
 ( 0.000000000000000000, 0.05249258492129640213, 0.1028254751380331955, 0.1513973394924580107, 0.1980330772483334945, 0.2428758954632249945, 0.2859991683849085198, 0.3278486614843789670, 0.3683945968796915049, 0.4078519911389200114, 0.4468375528599380364, 0.4851660451611080060, 0.5233414044713740054, 0.5616022144094739987, 0.5999198855663570029, 0.6384964264110080112, 0.6777905770472509861, 0.7172899891758329760, 0.7566052415928190555, 0.7960678905323560484, 0.8358862309537679058, 0.8757136832726160058, 0.9162634539474130424, 0.9577596754778290311, 1.000000000000000000 ),
 .UNSPECIFIED. ) ;
#5743 =( GEOMETRIC_REPRESENTATION_CONTEXT ( 3 ) GLOBAL_UNCERTAINTY_ASSIGNED_CONTEXT ( ( #3068 ) ) GLOBAL_UNIT_ASSIGNED_CONTEXT ( ( #5824, #825, #4425 ) ) REPRESENTATION_CONTEXT ( 'NONE', 'WORKASPACE' ) );
#5744 = DIRECTION ( 'NONE',  ( 0.7071067811865512365, 2.539865072316939790E-15, -0.7071067811865439090 ) ) ;
#5745 = ORIENTED_EDGE ( 'NONE', *, *, #883, .T. ) ;
#5746 = VERTEX_POINT ( 'NONE', #3839 ) ;
#5747 = UNCERTAINTY_MEASURE_WITH_UNIT (LENGTH_MEASURE( 1.000000000000000082E-05 ), #1581, 'distance_accuracy_value', 'NONE');
#5748 = UNCERTAINTY_MEASURE_WITH_UNIT (LENGTH_MEASURE( 1.000000000000000082E-05 ), #1429, 'distance_accuracy_value', 'NONE');
#5749 = VECTOR ( 'NONE', #117, 1000.000000000000114 ) ;
#5750 = MECHANICAL_DESIGN_GEOMETRIC_PRESENTATION_REPRESENTATION (  '', ( #3691 ), #2819 ) ;
#5751 = FACE_OUTER_BOUND ( 'NONE', #4782, .T. ) ;
#5752 = COLOUR_RGB ( '',0.9529411764705881804, 0.7960784313725489669, 0.4862745098039215619 ) ;
#5753 = FILL_AREA_STYLE ('',( #1297 ) ) ;
#5754 = PRESENTATION_STYLE_ASSIGNMENT (( #4899 ) ) ;
#5755 = DIRECTION ( 'NONE',  ( 4.336808689942016750E-16, 1.000000000000000000, 3.591911631868355648E-15 ) ) ;
#5756 = CIRCLE ( 'NONE', #5641, 0.7500000000000000000 ) ;
#5757 = PRESENTATION_STYLE_ASSIGNMENT (( #1301 ) ) ;
#5758 = AXIS2_PLACEMENT_3D ( 'NONE', #4164, #704, #3777 ) ;
#5759 = FACE_OUTER_BOUND ( 'NONE', #5143, .T. ) ;
#5760 = COLOUR_RGB ( '',0.1019607843137254888, 0.1019607843137254888, 0.1019607843137254888 ) ;
#5761 = STYLED_ITEM ( 'NONE', ( #657 ), #545 ) ;
#5762 = CARTESIAN_POINT ( 'NONE',  ( 6.802905941979982885, 1.764865978751083642, -5.499999999999998224 ) ) ;
#5763 = MECHANICAL_DESIGN_GEOMETRIC_PRESENTATION_REPRESENTATION (  '', ( #672 ), #3983 ) ;
#5764 = DIRECTION ( 'NONE',  ( 0.000000000000000000, -1.000000000000000000, 0.000000000000000000 ) ) ;
#5765 = FILL_AREA_STYLE_COLOUR ( '', #4367 ) ;
#5766 = MECHANICAL_DESIGN_GEOMETRIC_PRESENTATION_REPRESENTATION (  '', ( #2359 ), #5659 ) ;
#5767 =( GEOMETRIC_REPRESENTATION_CONTEXT ( 3 ) GLOBAL_UNCERTAINTY_ASSIGNED_CONTEXT ( ( #4781 ) ) GLOBAL_UNIT_ASSIGNED_CONTEXT ( ( #2623, #4449, #126 ) ) REPRESENTATION_CONTEXT ( 'NONE', 'WORKASPACE' ) );
#5768 = FILL_AREA_STYLE_COLOUR ( '', #4903 ) ;
#5769 = EDGE_CURVE ( 'NONE', #4251, #4251, #1903, .T. ) ;
#5770 = SURFACE_STYLE_FILL_AREA ( #4426 ) ;
#5771 = LINE ( 'NONE', #4093, #749 ) ;
#5772 = STYLED_ITEM ( 'NONE', ( #4740 ), #5414 ) ;
#5773 = AXIS2_PLACEMENT_3D ( 'NONE', #471, #5491, #2394 ) ;
#5774 = ORIENTED_EDGE ( 'NONE', *, *, #492, .F. ) ;
#5775 =( NAMED_UNIT ( * ) PLANE_ANGLE_UNIT ( ) SI_UNIT ( $, .RADIAN. ) );
#5776 =( GEOMETRIC_REPRESENTATION_CONTEXT ( 3 ) GLOBAL_UNCERTAINTY_ASSIGNED_CONTEXT ( ( #5121 ) ) GLOBAL_UNIT_ASSIGNED_CONTEXT ( ( #2892, #4715, #4248 ) ) REPRESENTATION_CONTEXT ( 'NONE', 'WORKASPACE' ) );
#5777 = EDGE_CURVE ( 'NONE', #4472, #2600, #5579, .T. ) ;
#5778 = FILL_AREA_STYLE ('',( #4514 ) ) ;
#5779 = COLOUR_RGB ( '',0.8980392156862745390, 0.8980392156862745390, 0.8980392156862745390 ) ;
#5780 = ORIENTED_EDGE ( 'NONE', *, *, #1839, .F. ) ;
#5781 = CARTESIAN_POINT ( 'NONE',  ( 7.235599723498171265, 3.051651771030712723, -5.498999999999984567 ) ) ;
#5782 = STYLED_ITEM ( 'NONE', ( #5230 ), #1254 ) ;
#5783 = PRESENTATION_STYLE_ASSIGNMENT (( #3513 ) ) ;
#5784 = CARTESIAN_POINT ( 'NONE',  ( 6.619439067263396481, 2.175286090766406222, -5.498999999999993449 ) ) ;
#5785 = EDGE_LOOP ( 'NONE', ( #4674 ) ) ;
#5786 = ORIENTED_EDGE ( 'NONE', *, *, #5119, .F. ) ;
#5787 = EDGE_LOOP ( 'NONE', ( #1587 ) ) ;
#5788 = SURFACE_STYLE_USAGE ( .BOTH. , #3086 ) ;
#5789 = DIRECTION ( 'NONE',  ( 3.469446951953612217E-16, 1.000000000000000000, 3.469446951953612217E-15 ) ) ;
#5790 = FILL_AREA_STYLE ('',( #4843 ) ) ;
#5791 = STYLED_ITEM ( 'NONE', ( #757 ), #1642 ) ;
#5792 = DIRECTION ( 'NONE',  ( -3.407492542097298945E-16, -1.000000000000000000, -3.591911631868355648E-15 ) ) ;
#5793 = DIRECTION ( 'NONE',  ( 0.000000000000000000, -1.000000000000000000, -3.562378566738086561E-15 ) ) ;
#5794 = PRESENTATION_LAYER_ASSIGNMENT (  '', '', ( #2945 ) ) ;
#5795 = DIRECTION ( 'NONE',  ( 0.000000000000000000, 1.000000000000000000, -3.636102851368344260E-15 ) ) ;
#5796 = FACE_OUTER_BOUND ( 'NONE', #4949, .T. ) ;
#5797 = ORIENTED_EDGE ( 'NONE', *, *, #3932, .F. ) ;
#5798 = DIRECTION ( 'NONE',  ( 1.665334536937733825E-16, -1.000000000000000000, -3.614918832493752804E-15 ) ) ;
#5799 = ORIENTED_EDGE ( 'NONE', *, *, #2615, .F. ) ;
#5800 = ADVANCED_FACE ( 'NONE', ( #1653, #5608, #1626, #2064, #4346, #289, #5723 ), #2881, .F. ) ;
#5801 = COLOUR_RGB ( '',0.1019607843137254888, 0.1019607843137254888, 0.1019607843137254888 ) ;
#5802 = UNCERTAINTY_MEASURE_WITH_UNIT (LENGTH_MEASURE( 1.000000000000000082E-05 ), #3129, 'distance_accuracy_value', 'NONE');
#5803 = CARTESIAN_POINT ( 'NONE',  ( 7.424329242767361947, 3.136641684961495535, -5.498999999999982791 ) ) ;
#5804 = ORIENTED_EDGE ( 'NONE', *, *, #5691, .T. ) ;
#5805 = SURFACE_STYLE_USAGE ( .BOTH. , #3072 ) ;
#5806 = EDGE_CURVE ( 'NONE', #3054, #2252, #4959, .T. ) ;
#5807 = FACE_OUTER_BOUND ( 'NONE', #2391, .T. ) ;
#5808 = LINE ( 'NONE', #1770, #2665 ) ;
#5809 = PLANE ( 'NONE',  #4477 ) ;
#5810 = ORIENTED_EDGE ( 'NONE', *, *, #3715, .F. ) ;
#5811 = ORIENTED_EDGE ( 'NONE', *, *, #2045, .F. ) ;
#5812 = CIRCLE ( 'NONE', #4775, 0.4499999999999999001 ) ;
#5813 = UNCERTAINTY_MEASURE_WITH_UNIT (LENGTH_MEASURE( 1.000000000000000082E-05 ), #3529, 'distance_accuracy_value', 'NONE');
#5814 = FILL_AREA_STYLE ('',( #5253 ) ) ;
#5815 = DIRECTION ( 'NONE',  ( 0.000000000000000000, -3.591911631868355648E-15, 1.000000000000000000 ) ) ;
#5816 = EDGE_LOOP ( 'NONE', ( #3243 ) ) ;
#5817 = CARTESIAN_POINT ( 'NONE',  ( 7.000000000000001776, 2.500000000000064393, -1.699999999999990630 ) ) ;
#5818 = SURFACE_STYLE_USAGE ( .BOTH. , #4475 ) ;
#5819 = DIRECTION ( 'NONE',  ( 1.000000000000000000, -4.336808689942016750E-16, -1.557743357859049482E-30 ) ) ;
#5820 = PRESENTATION_STYLE_ASSIGNMENT (( #380 ) ) ;
#5821 =( NAMED_UNIT ( * ) SI_UNIT ( $, .STERADIAN. ) SOLID_ANGLE_UNIT ( ) );
#5822 = DIRECTION ( 'NONE',  ( -1.000000000000000000, 4.336808689942016750E-16, 1.557743357859049482E-30 ) ) ;
#5823 = DIRECTION ( 'NONE',  ( -7.433064981013270631E-31, -1.814255006657869845E-46, 1.000000000000000000 ) ) ;
#5824 =( LENGTH_UNIT ( ) NAMED_UNIT ( * ) SI_UNIT ( .MILLI., .METRE. ) );
#5825 = SURFACE_STYLE_FILL_AREA ( #5377 ) ;
#5826 = SURFACE_SIDE_STYLE ('',( #3534 ) ) ;
#5827 = ORIENTED_EDGE ( 'NONE', *, *, #2375, .T. ) ;
#5828 = CARTESIAN_POINT ( 'NONE',  ( 6.777624481542582124, 3.261202379328759005, -5.499999999999982236 ) ) ;
#5829 = CARTESIAN_POINT ( 'NONE',  ( 7.522811485811152110, 2.879148774678832901, -5.498999999999986343 ) ) ;
#5830 = PRODUCT_DEFINITION ( 'UNKNOWN', '', #5123, #3827 ) ;
#5831 = ORIENTED_EDGE ( 'NONE', *, *, #5007, .T. ) ;
#5832 =( LENGTH_UNIT ( ) NAMED_UNIT ( * ) SI_UNIT ( .MILLI., .METRE. ) );
#5833 = CARTESIAN_POINT ( 'NONE',  ( 6.679343979098362638, 2.027445979091535566, -5.498999999999995225 ) ) ;
#5834 = SURFACE_STYLE_FILL_AREA ( #4319 ) ;
#5835 = ADVANCED_FACE ( 'NONE', ( #3583, #2616 ), #2592, .T. ) ;
#5836 = CIRCLE ( 'NONE', #5448, 0.4500000000000001221 ) ;
#5837 = EDGE_LOOP ( 'NONE', ( #3222 ) ) ;
#5838 = DIRECTION ( 'NONE',  ( 1.000000000000000000, 0.000000000000000000, 0.000000000000000000 ) ) ;
#5839 = LINE ( 'NONE', #4520, #4350 ) ;
#5840 = PRESENTATION_STYLE_ASSIGNMENT (( #2264 ) ) ;
#5841 = EDGE_LOOP ( 'NONE', ( #3210 ) ) ;
#5842 = CARTESIAN_POINT ( 'NONE',  ( 7.176530127878012699, 1.775592232435479589, -5.499999999999998224 ) ) ;
#5843 = CARTESIAN_POINT ( 'NONE',  ( 6.445888408888078125, 2.847598293909602507, -5.499999999999987566 ) ) ;
#5844 = DIRECTION ( 'NONE',  ( 1.000000000000000000, 0.000000000000000000, 0.000000000000000000 ) ) ;
#5845 = VECTOR ( 'NONE', #4110, 1000.000000000000000 ) ;
#5846 = CARTESIAN_POINT ( 'NONE',  ( -6.999999999999998224, 5.000000000000079936, -4.499999999999981348 ) ) ;
#5847 = EDGE_CURVE ( 'NONE', #2874, #2874, #4468, .T. ) ;
#5848 = CARTESIAN_POINT ( 'NONE',  ( 7.293683714041262256, 2.551138988182752421, -5.499999999999989342 ) ) ;
#5849 = CARTESIAN_POINT ( 'NONE',  ( 6.620392351989922375, 2.153243592368170312, -5.499999999999994671 ) ) ;
#5850 = LINE ( 'NONE', #2304, #4562 ) ;
#5851 = ORIENTED_EDGE ( 'NONE', *, *, #4260, .T. ) ;
#5852 =( NAMED_UNIT ( * ) PLANE_ANGLE_UNIT ( ) SI_UNIT ( $, .RADIAN. ) );
#5853 = AXIS2_PLACEMENT_3D ( 'NONE', #1302, #822, #1274 ) ;
#5854 = FACE_OUTER_BOUND ( 'NONE', #2266, .T. ) ;
#5855 = COLOUR_RGB ( '',0.9529411764705881804, 0.7960784313725489669, 0.4862745098039215619 ) ;
ENDSEC;
END-ISO-10303-21;
