ISO-10303-21;
HEADER;
FILE_DESCRIPTION(('Open CASCADE Model'),'2;1');
FILE_NAME('Open CASCADE Shape Model','2026-09-07T16:47:17',('Author'),(
    'Open CASCADE'),'Open CASCADE STEP processor 7.5','Open CASCADE 7.5'
  ,'Unknown');
FILE_SCHEMA(('AUTOMOTIVE_DESIGN { 1 0 10303 214 1 1 1 1 }'));
ENDSEC;
DATA;
#1 = APPLICATION_PROTOCOL_DEFINITION('international standard',
  'automotive_design',2000,#2);
#2 = APPLICATION_CONTEXT(
  'core data for automotive mechanical design processes');
#3 = SHAPE_DEFINITION_REPRESENTATION(#4,#10);
#4 = PRODUCT_DEFINITION_SHAPE('','',#5);
#5 = PRODUCT_DEFINITION('design','',#6,#9);
#6 = PRODUCT_DEFINITION_FORMATION('','',#7);
#7 = PRODUCT('Open CASCADE STEP translator 7.5 1',
  'Open CASCADE STEP translator 7.5 1','',(#8));
#8 = PRODUCT_CONTEXT('',#2,'mechanical');
#9 = PRODUCT_DEFINITION_CONTEXT('part definition',#2,'design');
#10 = ADVANCED_BREP_SHAPE_REPRESENTATION('',(#11,#15),#578);
#11 = AXIS2_PLACEMENT_3D('',#12,#13,#14);
#12 = CARTESIAN_POINT('',(0.,0.,0.));
#13 = DIRECTION('',(0.,0.,1.));
#14 = DIRECTION('',(1.,0.,-0.));
#15 = MANIFOLD_SOLID_BREP('',#16);
#16 = CLOSED_SHELL('',(#17,#59,#90,#123,#154,#187,#218,#251,#273,#306,
    #339,#372,#405,#438,#471,#504,#541));
#17 = ADVANCED_FACE('',(#18),#54,.T.);
#18 = FACE_BOUND('',#19,.T.);
#19 = EDGE_LOOP('',(#20,#30,#39,#47));
#20 = ORIENTED_EDGE('',*,*,#21,.T.);
#21 = EDGE_CURVE('',#22,#24,#26,.T.);
#22 = VERTEX_POINT('',#23);
#23 = CARTESIAN_POINT('',(1.,-1.110223024625E-16,-1.15532154));
#24 = VERTEX_POINT('',#25);
#25 = CARTESIAN_POINT('',(1.,-1.110223024625E-16,0.));
#26 = LINE('',#27,#28);
#27 = CARTESIAN_POINT('',(1.,-1.110223024625E-16,-1.15532154));
#28 = VECTOR('',#29,1.);
#29 = DIRECTION('',(0.,0.,1.));
#30 = ORIENTED_EDGE('',*,*,#31,.T.);
#31 = EDGE_CURVE('',#24,#32,#34,.T.);
#32 = VERTEX_POINT('',#33);
#33 = CARTESIAN_POINT('',(-2.220445995587E-16,1.,0.));
#34 = CIRCLE('',#35,1.000364800791);
#35 = AXIS2_PLACEMENT_3D('',#36,#37,#38);
#36 = CARTESIAN_POINT('',(1.0003647343,1.0003647343,0.));
#37 = DIRECTION('',(0.,0.,-1.));
#38 = DIRECTION('',(-3.646012926771E-04,-0.999999933533,-0.));
#39 = ORIENTED_EDGE('',*,*,#40,.F.);
#40 = EDGE_CURVE('',#41,#32,#43,.T.);
#41 = VERTEX_POINT('',#42);
#42 = CARTESIAN_POINT('',(-2.220445995587E-16,1.,-1.15532154));
#43 = LINE('',#44,#45);
#44 = CARTESIAN_POINT('',(-2.220445995587E-16,1.,-1.15532154));
#45 = VECTOR('',#46,1.);
#46 = DIRECTION('',(0.,0.,1.));
#47 = ORIENTED_EDGE('',*,*,#48,.F.);
#48 = EDGE_CURVE('',#22,#41,#49,.T.);
#49 = CIRCLE('',#50,1.000364800791);
#50 = AXIS2_PLACEMENT_3D('',#51,#52,#53);
#51 = CARTESIAN_POINT('',(1.0003647343,1.0003647343,-1.15532154));
#52 = DIRECTION('',(0.,0.,-1.));
#53 = DIRECTION('',(-3.646012926771E-04,-0.999999933533,-0.));
#54 = CYLINDRICAL_SURFACE('',#55,1.000364800791);
#55 = AXIS2_PLACEMENT_3D('',#56,#57,#58);
#56 = CARTESIAN_POINT('',(1.0003647343,1.0003647343,-1.15532154));
#57 = DIRECTION('',(0.,0.,-1.));
#58 = DIRECTION('',(-3.646012926771E-04,-0.999999933533,-0.));
#59 = ADVANCED_FACE('',(#60),#85,.T.);
#60 = FACE_BOUND('',#61,.T.);
#61 = EDGE_LOOP('',(#62,#63,#71,#79));
#62 = ORIENTED_EDGE('',*,*,#40,.T.);
#63 = ORIENTED_EDGE('',*,*,#64,.T.);
#64 = EDGE_CURVE('',#32,#65,#67,.T.);
#65 = VERTEX_POINT('',#66);
#66 = CARTESIAN_POINT('',(-2.22044604925E-16,21.,0.));
#67 = LINE('',#68,#69);
#68 = CARTESIAN_POINT('',(0.,1.,0.));
#69 = VECTOR('',#70,1.);
#70 = DIRECTION('',(0.,1.,0.));
#71 = ORIENTED_EDGE('',*,*,#72,.F.);
#72 = EDGE_CURVE('',#73,#65,#75,.T.);
#73 = VERTEX_POINT('',#74);
#74 = CARTESIAN_POINT('',(-2.22044604925E-16,21.,-1.15532154));
#75 = LINE('',#76,#77);
#76 = CARTESIAN_POINT('',(-2.22044604925E-16,21.,-1.15532154));
#77 = VECTOR('',#78,1.);
#78 = DIRECTION('',(0.,0.,1.));
#79 = ORIENTED_EDGE('',*,*,#80,.F.);
#80 = EDGE_CURVE('',#41,#73,#81,.T.);
#81 = LINE('',#82,#83);
#82 = CARTESIAN_POINT('',(0.,1.,-1.15532154));
#83 = VECTOR('',#84,1.);
#84 = DIRECTION('',(0.,1.,0.));
#85 = PLANE('',#86);
#86 = AXIS2_PLACEMENT_3D('',#87,#88,#89);
#87 = CARTESIAN_POINT('',(0.,1.,-1.15532154));
#88 = DIRECTION('',(-1.,0.,0.));
#89 = DIRECTION('',(0.,1.,0.));
#90 = ADVANCED_FACE('',(#91),#118,.T.);
#91 = FACE_BOUND('',#92,.T.);
#92 = EDGE_LOOP('',(#93,#94,#103,#111));
#93 = ORIENTED_EDGE('',*,*,#72,.T.);
#94 = ORIENTED_EDGE('',*,*,#95,.T.);
#95 = EDGE_CURVE('',#65,#96,#98,.T.);
#96 = VERTEX_POINT('',#97);
#97 = CARTESIAN_POINT('',(1.,22.,0.));
#98 = CIRCLE('',#99,1.000364800791);
#99 = AXIS2_PLACEMENT_3D('',#100,#101,#102);
#100 = CARTESIAN_POINT('',(1.0003647343,20.9996352657,0.));
#101 = DIRECTION('',(0.,0.,-1.));
#102 = DIRECTION('',(-0.999999933533,3.646012926767E-04,0.));
#103 = ORIENTED_EDGE('',*,*,#104,.F.);
#104 = EDGE_CURVE('',#105,#96,#107,.T.);
#105 = VERTEX_POINT('',#106);
#106 = CARTESIAN_POINT('',(1.,22.,-1.15532154));
#107 = LINE('',#108,#109);
#108 = CARTESIAN_POINT('',(1.,22.,-1.15532154));
#109 = VECTOR('',#110,1.);
#110 = DIRECTION('',(0.,0.,1.));
#111 = ORIENTED_EDGE('',*,*,#112,.F.);
#112 = EDGE_CURVE('',#73,#105,#113,.T.);
#113 = CIRCLE('',#114,1.000364800791);
#114 = AXIS2_PLACEMENT_3D('',#115,#116,#117);
#115 = CARTESIAN_POINT('',(1.0003647343,20.9996352657,-1.15532154));
#116 = DIRECTION('',(0.,0.,-1.));
#117 = DIRECTION('',(-0.999999933533,3.646012926767E-04,0.));
#118 = CYLINDRICAL_SURFACE('',#119,1.000364800791);
#119 = AXIS2_PLACEMENT_3D('',#120,#121,#122);
#120 = CARTESIAN_POINT('',(1.0003647343,20.9996352657,-1.15532154));
#121 = DIRECTION('',(0.,0.,-1.));
#122 = DIRECTION('',(-0.999999933533,3.646012926767E-04,0.));
#123 = ADVANCED_FACE('',(#124),#149,.T.);
#124 = FACE_BOUND('',#125,.T.);
#125 = EDGE_LOOP('',(#126,#127,#135,#143));
#126 = ORIENTED_EDGE('',*,*,#104,.T.);
#127 = ORIENTED_EDGE('',*,*,#128,.T.);
#128 = EDGE_CURVE('',#96,#129,#131,.T.);
#129 = VERTEX_POINT('',#130);
#130 = CARTESIAN_POINT('',(7.,22.,0.));
#131 = LINE('',#132,#133);
#132 = CARTESIAN_POINT('',(1.,22.,0.));
#133 = VECTOR('',#134,1.);
#134 = DIRECTION('',(1.,0.,0.));
#135 = ORIENTED_EDGE('',*,*,#136,.F.);
#136 = EDGE_CURVE('',#137,#129,#139,.T.);
#137 = VERTEX_POINT('',#138);
#138 = CARTESIAN_POINT('',(7.,22.,-1.15532154));
#139 = LINE('',#140,#141);
#140 = CARTESIAN_POINT('',(7.,22.,-1.15532154));
#141 = VECTOR('',#142,1.);
#142 = DIRECTION('',(0.,0.,1.));
#143 = ORIENTED_EDGE('',*,*,#144,.F.);
#144 = EDGE_CURVE('',#105,#137,#145,.T.);
#145 = LINE('',#146,#147);
#146 = CARTESIAN_POINT('',(1.,22.,-1.15532154));
#147 = VECTOR('',#148,1.);
#148 = DIRECTION('',(1.,0.,0.));
#149 = PLANE('',#150);
#150 = AXIS2_PLACEMENT_3D('',#151,#152,#153);
#151 = CARTESIAN_POINT('',(1.,22.,-1.15532154));
#152 = DIRECTION('',(0.,1.,0.));
#153 = DIRECTION('',(1.,0.,0.));
#154 = ADVANCED_FACE('',(#155),#182,.T.);
#155 = FACE_BOUND('',#156,.T.);
#156 = EDGE_LOOP('',(#157,#158,#167,#175));
#157 = ORIENTED_EDGE('',*,*,#136,.T.);
#158 = ORIENTED_EDGE('',*,*,#159,.T.);
#159 = EDGE_CURVE('',#129,#160,#162,.T.);
#160 = VERTEX_POINT('',#161);
#161 = CARTESIAN_POINT('',(8.,21.,0.));
#162 = CIRCLE('',#163,1.000364800791);
#163 = AXIS2_PLACEMENT_3D('',#164,#165,#166);
#164 = CARTESIAN_POINT('',(6.9996352657,20.9996352657,0.));
#165 = DIRECTION('',(0.,0.,-1.));
#166 = DIRECTION('',(3.646012926758E-04,0.999999933533,0.));
#167 = ORIENTED_EDGE('',*,*,#168,.F.);
#168 = EDGE_CURVE('',#169,#160,#171,.T.);
#169 = VERTEX_POINT('',#170);
#170 = CARTESIAN_POINT('',(8.,21.,-1.15532154));
#171 = LINE('',#172,#173);
#172 = CARTESIAN_POINT('',(8.,21.,-1.15532154));
#173 = VECTOR('',#174,1.);
#174 = DIRECTION('',(0.,0.,1.));
#175 = ORIENTED_EDGE('',*,*,#176,.F.);
#176 = EDGE_CURVE('',#137,#169,#177,.T.);
#177 = CIRCLE('',#178,1.000364800791);
#178 = AXIS2_PLACEMENT_3D('',#179,#180,#181);
#179 = CARTESIAN_POINT('',(6.9996352657,20.9996352657,-1.15532154));
#180 = DIRECTION('',(0.,0.,-1.));
#181 = DIRECTION('',(3.646012926758E-04,0.999999933533,0.));
#182 = CYLINDRICAL_SURFACE('',#183,1.000364800791);
#183 = AXIS2_PLACEMENT_3D('',#184,#185,#186);
#184 = CARTESIAN_POINT('',(6.9996352657,20.9996352657,-1.15532154));
#185 = DIRECTION('',(0.,0.,-1.));
#186 = DIRECTION('',(3.646012926758E-04,0.999999933533,0.));
#187 = ADVANCED_FACE('',(#188),#213,.T.);
#188 = FACE_BOUND('',#189,.T.);
#189 = EDGE_LOOP('',(#190,#191,#199,#207));
#190 = ORIENTED_EDGE('',*,*,#168,.T.);
#191 = ORIENTED_EDGE('',*,*,#192,.T.);
#192 = EDGE_CURVE('',#160,#193,#195,.T.);
#193 = VERTEX_POINT('',#194);
#194 = CARTESIAN_POINT('',(8.,1.,0.));
#195 = LINE('',#196,#197);
#196 = CARTESIAN_POINT('',(8.,21.,0.));
#197 = VECTOR('',#198,1.);
#198 = DIRECTION('',(0.,-1.,0.));
#199 = ORIENTED_EDGE('',*,*,#200,.F.);
#200 = EDGE_CURVE('',#201,#193,#203,.T.);
#201 = VERTEX_POINT('',#202);
#202 = CARTESIAN_POINT('',(8.,1.,-1.15532154));
#203 = LINE('',#204,#205);
#204 = CARTESIAN_POINT('',(8.,1.,-1.15532154));
#205 = VECTOR('',#206,1.);
#206 = DIRECTION('',(0.,0.,1.));
#207 = ORIENTED_EDGE('',*,*,#208,.F.);
#208 = EDGE_CURVE('',#169,#201,#209,.T.);
#209 = LINE('',#210,#211);
#210 = CARTESIAN_POINT('',(8.,21.,-1.15532154));
#211 = VECTOR('',#212,1.);
#212 = DIRECTION('',(0.,-1.,0.));
#213 = PLANE('',#214);
#214 = AXIS2_PLACEMENT_3D('',#215,#216,#217);
#215 = CARTESIAN_POINT('',(8.,21.,-1.15532154));
#216 = DIRECTION('',(1.,0.,-0.));
#217 = DIRECTION('',(0.,-1.,0.));
#218 = ADVANCED_FACE('',(#219),#246,.T.);
#219 = FACE_BOUND('',#220,.T.);
#220 = EDGE_LOOP('',(#221,#222,#231,#239));
#221 = ORIENTED_EDGE('',*,*,#200,.T.);
#222 = ORIENTED_EDGE('',*,*,#223,.T.);
#223 = EDGE_CURVE('',#193,#224,#226,.T.);
#224 = VERTEX_POINT('',#225);
#225 = CARTESIAN_POINT('',(7.,1.110223024625E-16,0.));
#226 = CIRCLE('',#227,1.000364800791);
#227 = AXIS2_PLACEMENT_3D('',#228,#229,#230);
#228 = CARTESIAN_POINT('',(6.9996352657,1.0003647343,0.));
#229 = DIRECTION('',(0.,0.,-1.));
#230 = DIRECTION('',(0.999999933533,-3.646012926775E-04,0.));
#231 = ORIENTED_EDGE('',*,*,#232,.F.);
#232 = EDGE_CURVE('',#233,#224,#235,.T.);
#233 = VERTEX_POINT('',#234);
#234 = CARTESIAN_POINT('',(7.,1.110223024625E-16,-1.15532154));
#235 = LINE('',#236,#237);
#236 = CARTESIAN_POINT('',(7.,1.110223024625E-16,-1.15532154));
#237 = VECTOR('',#238,1.);
#238 = DIRECTION('',(0.,0.,1.));
#239 = ORIENTED_EDGE('',*,*,#240,.F.);
#240 = EDGE_CURVE('',#201,#233,#241,.T.);
#241 = CIRCLE('',#242,1.000364800791);
#242 = AXIS2_PLACEMENT_3D('',#243,#244,#245);
#243 = CARTESIAN_POINT('',(6.9996352657,1.0003647343,-1.15532154));
#244 = DIRECTION('',(0.,0.,-1.));
#245 = DIRECTION('',(0.999999933533,-3.646012926775E-04,0.));
#246 = CYLINDRICAL_SURFACE('',#247,1.000364800791);
#247 = AXIS2_PLACEMENT_3D('',#248,#249,#250);
#248 = CARTESIAN_POINT('',(6.9996352657,1.0003647343,-1.15532154));
#249 = DIRECTION('',(0.,0.,-1.));
#250 = DIRECTION('',(0.999999933533,-3.646012926775E-04,0.));
#251 = ADVANCED_FACE('',(#252),#268,.T.);
#252 = FACE_BOUND('',#253,.T.);
#253 = EDGE_LOOP('',(#254,#255,#261,#262));
#254 = ORIENTED_EDGE('',*,*,#232,.T.);
#255 = ORIENTED_EDGE('',*,*,#256,.T.);
#256 = EDGE_CURVE('',#224,#24,#257,.T.);
#257 = LINE('',#258,#259);
#258 = CARTESIAN_POINT('',(7.,0.,0.));
#259 = VECTOR('',#260,1.);
#260 = DIRECTION('',(-1.,0.,0.));
#261 = ORIENTED_EDGE('',*,*,#21,.F.);
#262 = ORIENTED_EDGE('',*,*,#263,.F.);
#263 = EDGE_CURVE('',#233,#22,#264,.T.);
#264 = LINE('',#265,#266);
#265 = CARTESIAN_POINT('',(7.,0.,-1.15532154));
#266 = VECTOR('',#267,1.);
#267 = DIRECTION('',(-1.,0.,0.));
#268 = PLANE('',#269);
#269 = AXIS2_PLACEMENT_3D('',#270,#271,#272);
#270 = CARTESIAN_POINT('',(7.,0.,-1.15532154));
#271 = DIRECTION('',(0.,-1.,0.));
#272 = DIRECTION('',(-1.,0.,0.));
#273 = ADVANCED_FACE('',(#274),#301,.F.);
#274 = FACE_BOUND('',#275,.T.);
#275 = EDGE_LOOP('',(#276,#286,#293,#294));
#276 = ORIENTED_EDGE('',*,*,#277,.T.);
#277 = EDGE_CURVE('',#278,#280,#282,.T.);
#278 = VERTEX_POINT('',#279);
#279 = CARTESIAN_POINT('',(4.625,3.41,-1.15532154));
#280 = VERTEX_POINT('',#281);
#281 = CARTESIAN_POINT('',(4.625,3.41,0.));
#282 = LINE('',#283,#284);
#283 = CARTESIAN_POINT('',(4.625,3.41,-1.15532154));
#284 = VECTOR('',#285,1.);
#285 = DIRECTION('',(0.,0.,1.));
#286 = ORIENTED_EDGE('',*,*,#287,.T.);
#287 = EDGE_CURVE('',#280,#280,#288,.T.);
#288 = CIRCLE('',#289,0.625);
#289 = AXIS2_PLACEMENT_3D('',#290,#291,#292);
#290 = CARTESIAN_POINT('',(4.,3.41,0.));
#291 = DIRECTION('',(0.,0.,1.));
#292 = DIRECTION('',(1.,0.,-0.));
#293 = ORIENTED_EDGE('',*,*,#277,.F.);
#294 = ORIENTED_EDGE('',*,*,#295,.F.);
#295 = EDGE_CURVE('',#278,#278,#296,.T.);
#296 = CIRCLE('',#297,0.625);
#297 = AXIS2_PLACEMENT_3D('',#298,#299,#300);
#298 = CARTESIAN_POINT('',(4.,3.41,-1.15532154));
#299 = DIRECTION('',(0.,0.,1.));
#300 = DIRECTION('',(1.,0.,-0.));
#301 = CYLINDRICAL_SURFACE('',#302,0.625);
#302 = AXIS2_PLACEMENT_3D('',#303,#304,#305);
#303 = CARTESIAN_POINT('',(4.,3.41,-1.15532154));
#304 = DIRECTION('',(-0.,-0.,-1.));
#305 = DIRECTION('',(1.,0.,-0.));
#306 = ADVANCED_FACE('',(#307),#334,.F.);
#307 = FACE_BOUND('',#308,.T.);
#308 = EDGE_LOOP('',(#309,#319,#326,#327));
#309 = ORIENTED_EDGE('',*,*,#310,.T.);
#310 = EDGE_CURVE('',#311,#313,#315,.T.);
#311 = VERTEX_POINT('',#312);
#312 = CARTESIAN_POINT('',(3.355,20.02,-1.15532154));
#313 = VERTEX_POINT('',#314);
#314 = CARTESIAN_POINT('',(3.355,20.02,0.));
#315 = LINE('',#316,#317);
#316 = CARTESIAN_POINT('',(3.355,20.02,-1.15532154));
#317 = VECTOR('',#318,1.);
#318 = DIRECTION('',(0.,0.,1.));
#319 = ORIENTED_EDGE('',*,*,#320,.T.);
#320 = EDGE_CURVE('',#313,#313,#321,.T.);
#321 = CIRCLE('',#322,0.625);
#322 = AXIS2_PLACEMENT_3D('',#323,#324,#325);
#323 = CARTESIAN_POINT('',(2.73,20.02,0.));
#324 = DIRECTION('',(0.,0.,1.));
#325 = DIRECTION('',(1.,0.,-0.));
#326 = ORIENTED_EDGE('',*,*,#310,.F.);
#327 = ORIENTED_EDGE('',*,*,#328,.F.);
#328 = EDGE_CURVE('',#311,#311,#329,.T.);
#329 = CIRCLE('',#330,0.625);
#330 = AXIS2_PLACEMENT_3D('',#331,#332,#333);
#331 = CARTESIAN_POINT('',(2.73,20.02,-1.15532154));
#332 = DIRECTION('',(0.,0.,1.));
#333 = DIRECTION('',(1.,0.,-0.));
#334 = CYLINDRICAL_SURFACE('',#335,0.625);
#335 = AXIS2_PLACEMENT_3D('',#336,#337,#338);
#336 = CARTESIAN_POINT('',(2.73,20.02,-1.15532154));
#337 = DIRECTION('',(-0.,-0.,-1.));
#338 = DIRECTION('',(1.,0.,-0.));
#339 = ADVANCED_FACE('',(#340),#367,.F.);
#340 = FACE_BOUND('',#341,.T.);
#341 = EDGE_LOOP('',(#342,#352,#359,#360));
#342 = ORIENTED_EDGE('',*,*,#343,.T.);
#343 = EDGE_CURVE('',#344,#346,#348,.T.);
#344 = VERTEX_POINT('',#345);
#345 = CARTESIAN_POINT('',(3.355,17.48,-1.15532154));
#346 = VERTEX_POINT('',#347);
#347 = CARTESIAN_POINT('',(3.355,17.48,0.));
#348 = LINE('',#349,#350);
#349 = CARTESIAN_POINT('',(3.355,17.48,-1.15532154));
#350 = VECTOR('',#351,1.);
#351 = DIRECTION('',(0.,0.,1.));
#352 = ORIENTED_EDGE('',*,*,#353,.T.);
#353 = EDGE_CURVE('',#346,#346,#354,.T.);
#354 = CIRCLE('',#355,0.625);
#355 = AXIS2_PLACEMENT_3D('',#356,#357,#358);
#356 = CARTESIAN_POINT('',(2.73,17.48,0.));
#357 = DIRECTION('',(0.,0.,1.));
#358 = DIRECTION('',(1.,0.,-0.));
#359 = ORIENTED_EDGE('',*,*,#343,.F.);
#360 = ORIENTED_EDGE('',*,*,#361,.F.);
#361 = EDGE_CURVE('',#344,#344,#362,.T.);
#362 = CIRCLE('',#363,0.625);
#363 = AXIS2_PLACEMENT_3D('',#364,#365,#366);
#364 = CARTESIAN_POINT('',(2.73,17.48,-1.15532154));
#365 = DIRECTION('',(0.,0.,1.));
#366 = DIRECTION('',(1.,0.,-0.));
#367 = CYLINDRICAL_SURFACE('',#368,0.625);
#368 = AXIS2_PLACEMENT_3D('',#369,#370,#371);
#369 = CARTESIAN_POINT('',(2.73,17.48,-1.15532154));
#370 = DIRECTION('',(-0.,-0.,-1.));
#371 = DIRECTION('',(1.,0.,-0.));
#372 = ADVANCED_FACE('',(#373),#400,.F.);
#373 = FACE_BOUND('',#374,.T.);
#374 = EDGE_LOOP('',(#375,#385,#392,#393));
#375 = ORIENTED_EDGE('',*,*,#376,.T.);
#376 = EDGE_CURVE('',#377,#379,#381,.T.);
#377 = VERTEX_POINT('',#378);
#378 = CARTESIAN_POINT('',(4.625,13.59,-1.15532154));
#379 = VERTEX_POINT('',#380);
#380 = CARTESIAN_POINT('',(4.625,13.59,0.));
#381 = LINE('',#382,#383);
#382 = CARTESIAN_POINT('',(4.625,13.59,-1.15532154));
#383 = VECTOR('',#384,1.);
#384 = DIRECTION('',(0.,0.,1.));
#385 = ORIENTED_EDGE('',*,*,#386,.T.);
#386 = EDGE_CURVE('',#379,#379,#387,.T.);
#387 = CIRCLE('',#388,0.625);
#388 = AXIS2_PLACEMENT_3D('',#389,#390,#391);
#389 = CARTESIAN_POINT('',(4.,13.59,0.));
#390 = DIRECTION('',(0.,0.,1.));
#391 = DIRECTION('',(1.,0.,-0.));
#392 = ORIENTED_EDGE('',*,*,#376,.F.);
#393 = ORIENTED_EDGE('',*,*,#394,.F.);
#394 = EDGE_CURVE('',#377,#377,#395,.T.);
#395 = CIRCLE('',#396,0.625);
#396 = AXIS2_PLACEMENT_3D('',#397,#398,#399);
#397 = CARTESIAN_POINT('',(4.,13.59,-1.15532154));
#398 = DIRECTION('',(0.,0.,1.));
#399 = DIRECTION('',(1.,0.,-0.));
#400 = CYLINDRICAL_SURFACE('',#401,0.625);
#401 = AXIS2_PLACEMENT_3D('',#402,#403,#404);
#402 = CARTESIAN_POINT('',(4.,13.59,-1.15532154));
#403 = DIRECTION('',(-0.,-0.,-1.));
#404 = DIRECTION('',(1.,0.,-0.));
#405 = ADVANCED_FACE('',(#406),#433,.F.);
#406 = FACE_BOUND('',#407,.T.);
#407 = EDGE_LOOP('',(#408,#418,#425,#426));
#408 = ORIENTED_EDGE('',*,*,#409,.T.);
#409 = EDGE_CURVE('',#410,#412,#414,.T.);
#410 = VERTEX_POINT('',#411);
#411 = CARTESIAN_POINT('',(4.625,8.5,-1.15532154));
#412 = VERTEX_POINT('',#413);
#413 = CARTESIAN_POINT('',(4.625,8.5,0.));
#414 = LINE('',#415,#416);
#415 = CARTESIAN_POINT('',(4.625,8.5,-1.15532154));
#416 = VECTOR('',#417,1.);
#417 = DIRECTION('',(0.,0.,1.));
#418 = ORIENTED_EDGE('',*,*,#419,.T.);
#419 = EDGE_CURVE('',#412,#412,#420,.T.);
#420 = CIRCLE('',#421,0.625);
#421 = AXIS2_PLACEMENT_3D('',#422,#423,#424);
#422 = CARTESIAN_POINT('',(4.,8.5,0.));
#423 = DIRECTION('',(0.,0.,1.));
#424 = DIRECTION('',(1.,0.,-0.));
#425 = ORIENTED_EDGE('',*,*,#409,.F.);
#426 = ORIENTED_EDGE('',*,*,#427,.F.);
#427 = EDGE_CURVE('',#410,#410,#428,.T.);
#428 = CIRCLE('',#429,0.625);
#429 = AXIS2_PLACEMENT_3D('',#430,#431,#432);
#430 = CARTESIAN_POINT('',(4.,8.5,-1.15532154));
#431 = DIRECTION('',(0.,0.,1.));
#432 = DIRECTION('',(1.,0.,-0.));
#433 = CYLINDRICAL_SURFACE('',#434,0.625);
#434 = AXIS2_PLACEMENT_3D('',#435,#436,#437);
#435 = CARTESIAN_POINT('',(4.,8.5,-1.15532154));
#436 = DIRECTION('',(-0.,-0.,-1.));
#437 = DIRECTION('',(1.,0.,-0.));
#438 = ADVANCED_FACE('',(#439),#466,.F.);
#439 = FACE_BOUND('',#440,.T.);
#440 = EDGE_LOOP('',(#441,#451,#458,#459));
#441 = ORIENTED_EDGE('',*,*,#442,.T.);
#442 = EDGE_CURVE('',#443,#445,#447,.T.);
#443 = VERTEX_POINT('',#444);
#444 = CARTESIAN_POINT('',(5.895,20.02,-1.15532154));
#445 = VERTEX_POINT('',#446);
#446 = CARTESIAN_POINT('',(5.895,20.02,0.));
#447 = LINE('',#448,#449);
#448 = CARTESIAN_POINT('',(5.895,20.02,-1.15532154));
#449 = VECTOR('',#450,1.);
#450 = DIRECTION('',(0.,0.,1.));
#451 = ORIENTED_EDGE('',*,*,#452,.T.);
#452 = EDGE_CURVE('',#445,#445,#453,.T.);
#453 = CIRCLE('',#454,0.625);
#454 = AXIS2_PLACEMENT_3D('',#455,#456,#457);
#455 = CARTESIAN_POINT('',(5.27,20.02,0.));
#456 = DIRECTION('',(0.,0.,1.));
#457 = DIRECTION('',(1.,0.,-0.));
#458 = ORIENTED_EDGE('',*,*,#442,.F.);
#459 = ORIENTED_EDGE('',*,*,#460,.F.);
#460 = EDGE_CURVE('',#443,#443,#461,.T.);
#461 = CIRCLE('',#462,0.625);
#462 = AXIS2_PLACEMENT_3D('',#463,#464,#465);
#463 = CARTESIAN_POINT('',(5.27,20.02,-1.15532154));
#464 = DIRECTION('',(0.,0.,1.));
#465 = DIRECTION('',(1.,0.,-0.));
#466 = CYLINDRICAL_SURFACE('',#467,0.625);
#467 = AXIS2_PLACEMENT_3D('',#468,#469,#470);
#468 = CARTESIAN_POINT('',(5.27,20.02,-1.15532154));
#469 = DIRECTION('',(-0.,-0.,-1.));
#470 = DIRECTION('',(1.,0.,-0.));
#471 = ADVANCED_FACE('',(#472),#499,.F.);
#472 = FACE_BOUND('',#473,.T.);
#473 = EDGE_LOOP('',(#474,#484,#491,#492));
#474 = ORIENTED_EDGE('',*,*,#475,.T.);
#475 = EDGE_CURVE('',#476,#478,#480,.T.);
#476 = VERTEX_POINT('',#477);
#477 = CARTESIAN_POINT('',(5.895,17.48,-1.15532154));
#478 = VERTEX_POINT('',#479);
#479 = CARTESIAN_POINT('',(5.895,17.48,0.));
#480 = LINE('',#481,#482);
#481 = CARTESIAN_POINT('',(5.895,17.48,-1.15532154));
#482 = VECTOR('',#483,1.);
#483 = DIRECTION('',(0.,0.,1.));
#484 = ORIENTED_EDGE('',*,*,#485,.T.);
#485 = EDGE_CURVE('',#478,#478,#486,.T.);
#486 = CIRCLE('',#487,0.625);
#487 = AXIS2_PLACEMENT_3D('',#488,#489,#490);
#488 = CARTESIAN_POINT('',(5.27,17.48,0.));
#489 = DIRECTION('',(0.,0.,1.));
#490 = DIRECTION('',(1.,0.,-0.));
#491 = ORIENTED_EDGE('',*,*,#475,.F.);
#492 = ORIENTED_EDGE('',*,*,#493,.F.);
#493 = EDGE_CURVE('',#476,#476,#494,.T.);
#494 = CIRCLE('',#495,0.625);
#495 = AXIS2_PLACEMENT_3D('',#496,#497,#498);
#496 = CARTESIAN_POINT('',(5.27,17.48,-1.15532154));
#497 = DIRECTION('',(0.,0.,1.));
#498 = DIRECTION('',(1.,0.,-0.));
#499 = CYLINDRICAL_SURFACE('',#500,0.625);
#500 = AXIS2_PLACEMENT_3D('',#501,#502,#503);
#501 = CARTESIAN_POINT('',(5.27,17.48,-1.15532154));
#502 = DIRECTION('',(-0.,-0.,-1.));
#503 = DIRECTION('',(1.,0.,-0.));
#504 = ADVANCED_FACE('',(#505,#515,#518,#521,#524,#527,#530,#533),#536,
  .T.);
#505 = FACE_BOUND('',#506,.T.);
#506 = EDGE_LOOP('',(#507,#508,#509,#510,#511,#512,#513,#514));
#507 = ORIENTED_EDGE('',*,*,#48,.T.);
#508 = ORIENTED_EDGE('',*,*,#80,.T.);
#509 = ORIENTED_EDGE('',*,*,#112,.T.);
#510 = ORIENTED_EDGE('',*,*,#144,.T.);
#511 = ORIENTED_EDGE('',*,*,#176,.T.);
#512 = ORIENTED_EDGE('',*,*,#208,.T.);
#513 = ORIENTED_EDGE('',*,*,#240,.T.);
#514 = ORIENTED_EDGE('',*,*,#263,.T.);
#515 = FACE_BOUND('',#516,.T.);
#516 = EDGE_LOOP('',(#517));
#517 = ORIENTED_EDGE('',*,*,#295,.T.);
#518 = FACE_BOUND('',#519,.T.);
#519 = EDGE_LOOP('',(#520));
#520 = ORIENTED_EDGE('',*,*,#328,.T.);
#521 = FACE_BOUND('',#522,.T.);
#522 = EDGE_LOOP('',(#523));
#523 = ORIENTED_EDGE('',*,*,#361,.T.);
#524 = FACE_BOUND('',#525,.T.);
#525 = EDGE_LOOP('',(#526));
#526 = ORIENTED_EDGE('',*,*,#394,.T.);
#527 = FACE_BOUND('',#528,.T.);
#528 = EDGE_LOOP('',(#529));
#529 = ORIENTED_EDGE('',*,*,#427,.T.);
#530 = FACE_BOUND('',#531,.T.);
#531 = EDGE_LOOP('',(#532));
#532 = ORIENTED_EDGE('',*,*,#460,.T.);
#533 = FACE_BOUND('',#534,.T.);
#534 = EDGE_LOOP('',(#535));
#535 = ORIENTED_EDGE('',*,*,#493,.T.);
#536 = PLANE('',#537);
#537 = AXIS2_PLACEMENT_3D('',#538,#539,#540);
#538 = CARTESIAN_POINT('',(4.,11.,-1.15532154));
#539 = DIRECTION('',(-0.,-0.,-1.));
#540 = DIRECTION('',(-1.,0.,0.));
#541 = ADVANCED_FACE('',(#542,#552,#555,#558,#561,#564,#567,#570),#573,
  .F.);
#542 = FACE_BOUND('',#543,.F.);
#543 = EDGE_LOOP('',(#544,#545,#546,#547,#548,#549,#550,#551));
#544 = ORIENTED_EDGE('',*,*,#31,.T.);
#545 = ORIENTED_EDGE('',*,*,#64,.T.);
#546 = ORIENTED_EDGE('',*,*,#95,.T.);
#547 = ORIENTED_EDGE('',*,*,#128,.T.);
#548 = ORIENTED_EDGE('',*,*,#159,.T.);
#549 = ORIENTED_EDGE('',*,*,#192,.T.);
#550 = ORIENTED_EDGE('',*,*,#223,.T.);
#551 = ORIENTED_EDGE('',*,*,#256,.T.);
#552 = FACE_BOUND('',#553,.F.);
#553 = EDGE_LOOP('',(#554));
#554 = ORIENTED_EDGE('',*,*,#287,.T.);
#555 = FACE_BOUND('',#556,.F.);
#556 = EDGE_LOOP('',(#557));
#557 = ORIENTED_EDGE('',*,*,#320,.T.);
#558 = FACE_BOUND('',#559,.F.);
#559 = EDGE_LOOP('',(#560));
#560 = ORIENTED_EDGE('',*,*,#353,.T.);
#561 = FACE_BOUND('',#562,.F.);
#562 = EDGE_LOOP('',(#563));
#563 = ORIENTED_EDGE('',*,*,#386,.T.);
#564 = FACE_BOUND('',#565,.F.);
#565 = EDGE_LOOP('',(#566));
#566 = ORIENTED_EDGE('',*,*,#419,.T.);
#567 = FACE_BOUND('',#568,.F.);
#568 = EDGE_LOOP('',(#569));
#569 = ORIENTED_EDGE('',*,*,#452,.T.);
#570 = FACE_BOUND('',#571,.F.);
#571 = EDGE_LOOP('',(#572));
#572 = ORIENTED_EDGE('',*,*,#485,.T.);
#573 = PLANE('',#574);
#574 = AXIS2_PLACEMENT_3D('',#575,#576,#577);
#575 = CARTESIAN_POINT('',(4.,11.,0.));
#576 = DIRECTION('',(-0.,-0.,-1.));
#577 = DIRECTION('',(-1.,0.,0.));
#578 = ( GEOMETRIC_REPRESENTATION_CONTEXT(3) 
GLOBAL_UNCERTAINTY_ASSIGNED_CONTEXT((#582)) GLOBAL_UNIT_ASSIGNED_CONTEXT
((#579,#580,#581)) REPRESENTATION_CONTEXT('Context #1',
  '3D Context with UNIT and UNCERTAINTY') );
#579 = ( LENGTH_UNIT() NAMED_UNIT(*) SI_UNIT(.MILLI.,.METRE.) );
#580 = ( NAMED_UNIT(*) PLANE_ANGLE_UNIT() SI_UNIT($,.RADIAN.) );
#581 = ( NAMED_UNIT(*) SI_UNIT($,.STERADIAN.) SOLID_ANGLE_UNIT() );
#582 = UNCERTAINTY_MEASURE_WITH_UNIT(LENGTH_MEASURE(1.E-07),#579,
  'distance_accuracy_value','confusion accuracy');
#583 = PRODUCT_RELATED_PRODUCT_CATEGORY('part',$,(#7));
#584 = SHAPE_DEFINITION_REPRESENTATION(#585,#591);
#585 = PRODUCT_DEFINITION_SHAPE('','',#586);
#586 = PRODUCT_DEFINITION('design','',#587,#590);
#587 = PRODUCT_DEFINITION_FORMATION('','',#588);
#588 = PRODUCT('Open CASCADE STEP translator 7.5 2',
  'Open CASCADE STEP translator 7.5 2','',(#589));
#589 = PRODUCT_CONTEXT('',#2,'mechanical');
#590 = PRODUCT_DEFINITION_CONTEXT('part definition',#2,'design');
#591 = ADVANCED_BREP_SHAPE_REPRESENTATION('',(#11,#592),#2364);
#592 = MANIFOLD_SOLID_BREP('',#593);
#593 = CLOSED_SHELL('',(#594,#668,#742,#816,#847,#946,#968,#1000,#1032,
    #1096,#1160,#1191,#1215,#1239,#1256,#1268,#1299,#1323,#1347,#1364,
    #1376,#1407,#1431,#1455,#1472,#1484,#1506,#1528,#1540,#1552,#1564,
    #1576,#1607,#1632,#1656,#1674,#1686,#1758,#1789,#1822,#1844,#1875,
    #1908,#1962,#1993,#2024,#2048,#2066,#2098,#2122,#2140,#2163,#2216,
    #2258,#2280,#2302,#2334,#2349));
#594 = ADVANCED_FACE('',(#595,#629),#663,.T.);
#595 = FACE_BOUND('',#596,.T.);
#596 = EDGE_LOOP('',(#597,#607,#615,#623));
#597 = ORIENTED_EDGE('',*,*,#598,.F.);
#598 = EDGE_CURVE('',#599,#601,#603,.T.);
#599 = VERTEX_POINT('',#600);
#600 = CARTESIAN_POINT('',(3.749997551635,8.900001514951,0.749999534091)
  );
#601 = VERTEX_POINT('',#602);
#602 = CARTESIAN_POINT('',(4.249997551635,8.900001536807,0.749999512235)
  );
#603 = LINE('',#604,#605);
#604 = CARTESIAN_POINT('',(3.999997551635,8.900001525879,0.749999523163)
  );
#605 = VECTOR('',#606,1.);
#606 = DIRECTION('',(1.,4.3711388612E-08,-4.371138828674E-08));
#607 = ORIENTED_EDGE('',*,*,#608,.T.);
#608 = EDGE_CURVE('',#599,#609,#611,.T.);
#609 = VERTEX_POINT('',#610);
#610 = CARTESIAN_POINT('',(3.749997586604,8.100001514951,0.749999534091)
  );
#611 = LINE('',#612,#613);
#612 = CARTESIAN_POINT('',(3.74999756912,8.500001514951,0.749999534091)
  );
#613 = VECTOR('',#614,1.);
#614 = DIRECTION('',(4.371138842226E-08,-1.,-5.923997873028E-24));
#615 = ORIENTED_EDGE('',*,*,#616,.T.);
#616 = EDGE_CURVE('',#609,#617,#619,.T.);
#617 = VERTEX_POINT('',#618);
#618 = CARTESIAN_POINT('',(4.249997586604,8.100001536807,0.749999512235)
  );
#619 = LINE('',#620,#621);
#620 = CARTESIAN_POINT('',(3.999997586604,8.100001525879,0.749999523163)
  );
#621 = VECTOR('',#622,1.);
#622 = DIRECTION('',(1.,4.3711388612E-08,-4.371138828674E-08));
#623 = ORIENTED_EDGE('',*,*,#624,.F.);
#624 = EDGE_CURVE('',#601,#617,#625,.T.);
#625 = LINE('',#626,#627);
#626 = CARTESIAN_POINT('',(4.24999756912,8.500001536807,0.749999512235)
  );
#627 = VECTOR('',#628,1.);
#628 = DIRECTION('',(4.371138842226E-08,-1.,-5.923997873028E-24));
#629 = FACE_BOUND('',#630,.T.);
#630 = EDGE_LOOP('',(#631,#641,#649,#657));
#631 = ORIENTED_EDGE('',*,*,#632,.F.);
#632 = EDGE_CURVE('',#633,#635,#637,.T.);
#633 = VERTEX_POINT('',#634);
#634 = CARTESIAN_POINT('',(1.099997481697,10.500001399116,0.749999649926
    ));
#635 = VERTEX_POINT('',#636);
#636 = CARTESIAN_POINT('',(1.099997656542,6.500001399116,0.749999649926)
  );
#637 = LINE('',#638,#639);
#638 = CARTESIAN_POINT('',(1.09999756912,8.500001399116,0.749999649926)
  );
#639 = VECTOR('',#640,1.);
#640 = DIRECTION('',(4.371138828674E-08,-1.,-1.05172749102E-31));
#641 = ORIENTED_EDGE('',*,*,#642,.T.);
#642 = EDGE_CURVE('',#633,#643,#645,.T.);
#643 = VERTEX_POINT('',#644);
#644 = CARTESIAN_POINT('',(6.899997481697,10.500001652642,0.7499993964)
  );
#645 = LINE('',#646,#647);
#646 = CARTESIAN_POINT('',(3.999997481697,10.500001525879,0.749999523163
    ));
#647 = VECTOR('',#648,1.);
#648 = DIRECTION('',(1.,4.371138828674E-08,-4.371138828674E-08));
#649 = ORIENTED_EDGE('',*,*,#650,.T.);
#650 = EDGE_CURVE('',#643,#651,#653,.T.);
#651 = VERTEX_POINT('',#652);
#652 = CARTESIAN_POINT('',(6.899997656542,6.500001652642,0.7499993964));
#653 = LINE('',#654,#655);
#654 = CARTESIAN_POINT('',(6.89999756912,8.500001652642,0.7499993964));
#655 = VECTOR('',#656,1.);
#656 = DIRECTION('',(4.371138828674E-08,-1.,-1.05172749102E-31));
#657 = ORIENTED_EDGE('',*,*,#658,.F.);
#658 = EDGE_CURVE('',#635,#651,#659,.T.);
#659 = LINE('',#660,#661);
#660 = CARTESIAN_POINT('',(3.999997656542,6.500001525879,0.749999523163)
  );
#661 = VECTOR('',#662,1.);
#662 = DIRECTION('',(1.,4.371138828674E-08,-4.371138828674E-08));
#663 = PLANE('',#664);
#664 = AXIS2_PLACEMENT_3D('',#665,#666,#667);
#665 = CARTESIAN_POINT('',(6.89999756912,8.500001652642,0.7499993964));
#666 = DIRECTION('',(-4.371138828674E-08,-1.910685465954E-15,-1.));
#667 = DIRECTION('',(4.371138828674E-08,-1.,-1.05172749102E-31));
#668 = ADVANCED_FACE('',(#669,#703),#737,.T.);
#669 = FACE_BOUND('',#670,.T.);
#670 = EDGE_LOOP('',(#671,#681,#689,#697));
#671 = ORIENTED_EDGE('',*,*,#672,.F.);
#672 = EDGE_CURVE('',#673,#675,#677,.T.);
#673 = VERTEX_POINT('',#674);
#674 = CARTESIAN_POINT('',(3.749997774126,3.810001514951,0.749999534091)
  );
#675 = VERTEX_POINT('',#676);
#676 = CARTESIAN_POINT('',(4.249997774126,3.810001536807,0.749999512235)
  );
#677 = LINE('',#678,#679);
#678 = CARTESIAN_POINT('',(3.999997774126,3.810001525879,0.749999523163)
  );
#679 = VECTOR('',#680,1.);
#680 = DIRECTION('',(1.,4.371138828674E-08,-4.371138828674E-08));
#681 = ORIENTED_EDGE('',*,*,#682,.T.);
#682 = EDGE_CURVE('',#673,#683,#685,.T.);
#683 = VERTEX_POINT('',#684);
#684 = CARTESIAN_POINT('',(3.749997809095,3.010001514951,0.749999534091)
  );
#685 = LINE('',#686,#687);
#686 = CARTESIAN_POINT('',(3.749997791611,3.410001514951,0.749999534091)
  );
#687 = VECTOR('',#688,1.);
#688 = DIRECTION('',(4.371138842226E-08,-1.,-5.923997873028E-24));
#689 = ORIENTED_EDGE('',*,*,#690,.T.);
#690 = EDGE_CURVE('',#683,#691,#693,.T.);
#691 = VERTEX_POINT('',#692);
#692 = CARTESIAN_POINT('',(4.249997809095,3.010001536807,0.749999512235)
  );
#693 = LINE('',#694,#695);
#694 = CARTESIAN_POINT('',(3.999997809095,3.010001525879,0.749999523163)
  );
#695 = VECTOR('',#696,1.);
#696 = DIRECTION('',(1.,4.371138828674E-08,-4.371138828674E-08));
#697 = ORIENTED_EDGE('',*,*,#698,.F.);
#698 = EDGE_CURVE('',#675,#691,#699,.T.);
#699 = LINE('',#700,#701);
#700 = CARTESIAN_POINT('',(4.249997791611,3.410001536807,0.749999512235)
  );
#701 = VECTOR('',#702,1.);
#702 = DIRECTION('',(4.371138842226E-08,-1.,-5.923997873028E-24));
#703 = FACE_BOUND('',#704,.T.);
#704 = EDGE_LOOP('',(#705,#715,#723,#731));
#705 = ORIENTED_EDGE('',*,*,#706,.F.);
#706 = EDGE_CURVE('',#707,#709,#711,.T.);
#707 = VERTEX_POINT('',#708);
#708 = CARTESIAN_POINT('',(1.099997765821,4.000001399116,0.749999649926)
  );
#709 = VERTEX_POINT('',#710);
#710 = CARTESIAN_POINT('',(1.099997853244,2.000001399116,0.749999649926)
  );
#711 = LINE('',#712,#713);
#712 = CARTESIAN_POINT('',(1.09999756912,8.500001399116,0.749999649926)
  );
#713 = VECTOR('',#714,1.);
#714 = DIRECTION('',(4.371138828674E-08,-1.,-1.05172749102E-31));
#715 = ORIENTED_EDGE('',*,*,#716,.T.);
#716 = EDGE_CURVE('',#707,#717,#719,.T.);
#717 = VERTEX_POINT('',#718);
#718 = CARTESIAN_POINT('',(6.899997765821,4.000001652642,0.7499993964));
#719 = LINE('',#720,#721);
#720 = CARTESIAN_POINT('',(3.999997765821,4.000001525879,0.749999523163)
  );
#721 = VECTOR('',#722,1.);
#722 = DIRECTION('',(1.,4.371138828674E-08,-4.371138828674E-08));
#723 = ORIENTED_EDGE('',*,*,#724,.T.);
#724 = EDGE_CURVE('',#717,#725,#727,.T.);
#725 = VERTEX_POINT('',#726);
#726 = CARTESIAN_POINT('',(6.899997853244,2.000001652642,0.7499993964));
#727 = LINE('',#728,#729);
#728 = CARTESIAN_POINT('',(6.89999756912,8.500001652642,0.7499993964));
#729 = VECTOR('',#730,1.);
#730 = DIRECTION('',(4.371138828674E-08,-1.,-1.05172749102E-31));
#731 = ORIENTED_EDGE('',*,*,#732,.T.);
#732 = EDGE_CURVE('',#725,#709,#733,.T.);
#733 = LINE('',#734,#735);
#734 = CARTESIAN_POINT('',(6.899997853244,2.000001652642,0.7499993964));
#735 = VECTOR('',#736,1.);
#736 = DIRECTION('',(-1.,-4.371138828674E-08,4.371138828674E-08));
#737 = PLANE('',#738);
#738 = AXIS2_PLACEMENT_3D('',#739,#740,#741);
#739 = CARTESIAN_POINT('',(6.89999756912,8.500001652642,0.7499993964));
#740 = DIRECTION('',(-4.371138828674E-08,-1.910685465954E-15,-1.));
#741 = DIRECTION('',(4.371138828674E-08,-1.,-1.05172749102E-31));
#742 = ADVANCED_FACE('',(#743,#777),#811,.T.);
#743 = FACE_BOUND('',#744,.T.);
#744 = EDGE_LOOP('',(#745,#755,#763,#771));
#745 = ORIENTED_EDGE('',*,*,#746,.F.);
#746 = EDGE_CURVE('',#747,#749,#751,.T.);
#747 = VERTEX_POINT('',#748);
#748 = CARTESIAN_POINT('',(1.099997372418,13.000001399116,0.749999649926
    ));
#749 = VERTEX_POINT('',#750);
#750 = CARTESIAN_POINT('',(6.899997372418,13.000001652642,0.7499993964)
  );
#751 = LINE('',#752,#753);
#752 = CARTESIAN_POINT('',(3.999997372418,13.000001525879,0.749999523163
    ));
#753 = VECTOR('',#754,1.);
#754 = DIRECTION('',(1.,4.371138828674E-08,-4.371138828674E-08));
#755 = ORIENTED_EDGE('',*,*,#756,.F.);
#756 = EDGE_CURVE('',#757,#747,#759,.T.);
#757 = VERTEX_POINT('',#758);
#758 = CARTESIAN_POINT('',(1.099997284996,15.000001399116,0.749999649926
    ));
#759 = LINE('',#760,#761);
#760 = CARTESIAN_POINT('',(1.09999756912,8.500001399116,0.749999649926)
  );
#761 = VECTOR('',#762,1.);
#762 = DIRECTION('',(4.371138828674E-08,-1.,-1.05172749102E-31));
#763 = ORIENTED_EDGE('',*,*,#764,.F.);
#764 = EDGE_CURVE('',#765,#757,#767,.T.);
#765 = VERTEX_POINT('',#766);
#766 = CARTESIAN_POINT('',(6.899997284996,15.000001652642,0.7499993964)
  );
#767 = LINE('',#768,#769);
#768 = CARTESIAN_POINT('',(6.899997284996,15.000001652642,0.7499993964)
  );
#769 = VECTOR('',#770,1.);
#770 = DIRECTION('',(-1.,-4.371138828674E-08,4.371138828674E-08));
#771 = ORIENTED_EDGE('',*,*,#772,.T.);
#772 = EDGE_CURVE('',#765,#749,#773,.T.);
#773 = LINE('',#774,#775);
#774 = CARTESIAN_POINT('',(6.89999756912,8.500001652642,0.7499993964));
#775 = VECTOR('',#776,1.);
#776 = DIRECTION('',(4.371138828674E-08,-1.,-1.05172749102E-31));
#777 = FACE_BOUND('',#778,.T.);
#778 = EDGE_LOOP('',(#779,#789,#797,#805));
#779 = ORIENTED_EDGE('',*,*,#780,.T.);
#780 = EDGE_CURVE('',#781,#783,#785,.T.);
#781 = VERTEX_POINT('',#782);
#782 = CARTESIAN_POINT('',(3.749997364113,13.190001514951,0.749999534091
    ));
#783 = VERTEX_POINT('',#784);
#784 = CARTESIAN_POINT('',(4.249997364113,13.190001536807,0.749999512235
    ));
#785 = LINE('',#786,#787);
#786 = CARTESIAN_POINT('',(3.999997364113,13.190001525879,0.749999523163
    ));
#787 = VECTOR('',#788,1.);
#788 = DIRECTION('',(1.,4.371138828674E-08,-4.371138828674E-08));
#789 = ORIENTED_EDGE('',*,*,#790,.T.);
#790 = EDGE_CURVE('',#783,#791,#793,.T.);
#791 = VERTEX_POINT('',#792);
#792 = CARTESIAN_POINT('',(4.249997329144,13.990001536807,0.749999512235
    ));
#793 = LINE('',#794,#795);
#794 = CARTESIAN_POINT('',(4.249997346629,13.590001536807,0.749999512235
    ));
#795 = VECTOR('',#796,1.);
#796 = DIRECTION('',(-4.371138815121E-08,1.,-5.923997662682E-24));
#797 = ORIENTED_EDGE('',*,*,#798,.F.);
#798 = EDGE_CURVE('',#799,#791,#801,.T.);
#799 = VERTEX_POINT('',#800);
#800 = CARTESIAN_POINT('',(3.749997329144,13.990001514951,0.749999534091
    ));
#801 = LINE('',#802,#803);
#802 = CARTESIAN_POINT('',(3.999997329144,13.990001525879,0.749999523163
    ));
#803 = VECTOR('',#804,1.);
#804 = DIRECTION('',(1.,4.371138828674E-08,-4.371138828674E-08));
#805 = ORIENTED_EDGE('',*,*,#806,.F.);
#806 = EDGE_CURVE('',#781,#799,#807,.T.);
#807 = LINE('',#808,#809);
#808 = CARTESIAN_POINT('',(3.749997346629,13.590001514951,0.749999534091
    ));
#809 = VECTOR('',#810,1.);
#810 = DIRECTION('',(-4.371138815121E-08,1.,-5.923997662682E-24));
#811 = PLANE('',#812);
#812 = AXIS2_PLACEMENT_3D('',#813,#814,#815);
#813 = CARTESIAN_POINT('',(6.89999756912,8.500001652642,0.7499993964));
#814 = DIRECTION('',(-4.371138828674E-08,-1.910685465954E-15,-1.));
#815 = DIRECTION('',(4.371138828674E-08,-1.,-1.05172749102E-31));
#816 = ADVANCED_FACE('',(#817),#842,.T.);
#817 = FACE_BOUND('',#818,.T.);
#818 = EDGE_LOOP('',(#819,#827,#835,#841));
#819 = ORIENTED_EDGE('',*,*,#820,.F.);
#820 = EDGE_CURVE('',#821,#757,#823,.T.);
#821 = VERTEX_POINT('',#822);
#822 = CARTESIAN_POINT('',(1.09999756912,15.000001399116,7.249999649926)
  );
#823 = LINE('',#824,#825);
#824 = CARTESIAN_POINT('',(1.099997427058,15.000001399116,3.999999649926
    ));
#825 = VECTOR('',#826,1.);
#826 = DIRECTION('',(-4.371138828674E-08,-1.910685465954E-15,-1.));
#827 = ORIENTED_EDGE('',*,*,#828,.F.);
#828 = EDGE_CURVE('',#829,#821,#831,.T.);
#829 = VERTEX_POINT('',#830);
#830 = CARTESIAN_POINT('',(6.89999756912,15.000001652642,7.2499993964));
#831 = LINE('',#832,#833);
#832 = CARTESIAN_POINT('',(6.89999756912,15.000001652642,7.2499993964));
#833 = VECTOR('',#834,1.);
#834 = DIRECTION('',(-1.,-4.371138828674E-08,4.371138828674E-08));
#835 = ORIENTED_EDGE('',*,*,#836,.T.);
#836 = EDGE_CURVE('',#829,#765,#837,.T.);
#837 = LINE('',#838,#839);
#838 = CARTESIAN_POINT('',(6.899997427058,15.000001652642,3.9999993964)
  );
#839 = VECTOR('',#840,1.);
#840 = DIRECTION('',(-4.371138828674E-08,-1.910685465954E-15,-1.));
#841 = ORIENTED_EDGE('',*,*,#764,.T.);
#842 = PLANE('',#843);
#843 = AXIS2_PLACEMENT_3D('',#844,#845,#846);
#844 = CARTESIAN_POINT('',(6.899997427058,15.000001652642,3.9999993964)
  );
#845 = DIRECTION('',(-4.371138828674E-08,1.,1.05172749102E-31));
#846 = DIRECTION('',(-4.371138828674E-08,-1.910685465954E-15,-1.));
#847 = ADVANCED_FACE('',(#848,#882,#916),#941,.F.);
#848 = FACE_BOUND('',#849,.T.);
#849 = EDGE_LOOP('',(#850,#860,#868,#876));
#850 = ORIENTED_EDGE('',*,*,#851,.F.);
#851 = EDGE_CURVE('',#852,#854,#856,.T.);
#852 = VERTEX_POINT('',#853);
#853 = CARTESIAN_POINT('',(5.799997634687,13.500001604559,7.249999444482
    ));
#854 = VERTEX_POINT('',#855);
#855 = CARTESIAN_POINT('',(2.199997634687,13.500001447198,7.249999601843
    ));
#856 = LINE('',#857,#858);
#857 = CARTESIAN_POINT('',(5.799997634687,13.500001604559,7.249999444482
    ));
#858 = VECTOR('',#859,1.);
#859 = DIRECTION('',(-1.,-4.371138828674E-08,4.371138828674E-08));
#860 = ORIENTED_EDGE('',*,*,#861,.T.);
#861 = EDGE_CURVE('',#852,#862,#864,.T.);
#862 = VERTEX_POINT('',#863);
#863 = CARTESIAN_POINT('',(5.7999976478,13.200001604559,7.249999444482)
  );
#864 = LINE('',#865,#866);
#865 = CARTESIAN_POINT('',(5.799997641243,13.350001604559,7.249999444482
    ));
#866 = VECTOR('',#867,1.);
#867 = DIRECTION('',(4.371138828674E-08,-1.,-1.05172749102E-31));
#868 = ORIENTED_EDGE('',*,*,#869,.T.);
#869 = EDGE_CURVE('',#862,#870,#872,.T.);
#870 = VERTEX_POINT('',#871);
#871 = CARTESIAN_POINT('',(2.1999976478,13.200001447198,7.249999601843)
  );
#872 = LINE('',#873,#874);
#873 = CARTESIAN_POINT('',(5.7999976478,13.200001604559,7.249999444482)
  );
#874 = VECTOR('',#875,1.);
#875 = DIRECTION('',(-1.,-4.371138828674E-08,4.371138828674E-08));
#876 = ORIENTED_EDGE('',*,*,#877,.F.);
#877 = EDGE_CURVE('',#854,#870,#878,.T.);
#878 = LINE('',#879,#880);
#879 = CARTESIAN_POINT('',(2.199997641243,13.350001447198,7.249999601843
    ));
#880 = VECTOR('',#881,1.);
#881 = DIRECTION('',(4.371138828674E-08,-1.,-1.05172749102E-31));
#882 = FACE_BOUND('',#883,.T.);
#883 = EDGE_LOOP('',(#884,#894,#902,#910));
#884 = ORIENTED_EDGE('',*,*,#885,.F.);
#885 = EDGE_CURVE('',#886,#888,#890,.T.);
#886 = VERTEX_POINT('',#887);
#887 = CARTESIAN_POINT('',(2.624997748336,10.900001465776,7.249999583266
    ));
#888 = VERTEX_POINT('',#889);
#889 = CARTESIAN_POINT('',(2.624997783305,10.100001465776,7.249999583266
    ));
#890 = LINE('',#891,#892);
#891 = CARTESIAN_POINT('',(2.624997765821,10.500001465776,7.249999583266
    ));
#892 = VECTOR('',#893,1.);
#893 = DIRECTION('',(4.371138828674E-08,-1.,-1.05172749102E-31));
#894 = ORIENTED_EDGE('',*,*,#895,.T.);
#895 = EDGE_CURVE('',#886,#896,#898,.T.);
#896 = VERTEX_POINT('',#897);
#897 = CARTESIAN_POINT('',(5.374997748336,10.900001585982,7.24999946306)
  );
#898 = LINE('',#899,#900);
#899 = CARTESIAN_POINT('',(3.999997748336,10.900001525879,7.249999523163
    ));
#900 = VECTOR('',#901,1.);
#901 = DIRECTION('',(1.,4.371138828674E-08,-4.371138828674E-08));
#902 = ORIENTED_EDGE('',*,*,#903,.T.);
#903 = EDGE_CURVE('',#896,#904,#906,.T.);
#904 = VERTEX_POINT('',#905);
#905 = CARTESIAN_POINT('',(5.374997783305,10.100001585982,7.24999946306)
  );
#906 = LINE('',#907,#908);
#907 = CARTESIAN_POINT('',(5.374997765821,10.500001585982,7.24999946306)
  );
#908 = VECTOR('',#909,1.);
#909 = DIRECTION('',(4.371138828674E-08,-1.,-1.05172749102E-31));
#910 = ORIENTED_EDGE('',*,*,#911,.F.);
#911 = EDGE_CURVE('',#888,#904,#912,.T.);
#912 = LINE('',#913,#914);
#913 = CARTESIAN_POINT('',(3.999997783305,10.100001525879,7.249999523163
    ));
#914 = VECTOR('',#915,1.);
#915 = DIRECTION('',(1.,4.371138828674E-08,-4.371138828674E-08));
#916 = FACE_BOUND('',#917,.T.);
#917 = EDGE_LOOP('',(#918,#926,#934,#940));
#918 = ORIENTED_EDGE('',*,*,#919,.T.);
#919 = EDGE_CURVE('',#821,#920,#922,.T.);
#920 = VERTEX_POINT('',#921);
#921 = CARTESIAN_POINT('',(1.099998137368,2.000001399116,7.249999649926)
  );
#922 = LINE('',#923,#924);
#923 = CARTESIAN_POINT('',(1.099997853244,8.500001399116,7.249999649926)
  );
#924 = VECTOR('',#925,1.);
#925 = DIRECTION('',(4.371138828674E-08,-1.,-1.05172749102E-31));
#926 = ORIENTED_EDGE('',*,*,#927,.F.);
#927 = EDGE_CURVE('',#928,#920,#930,.T.);
#928 = VERTEX_POINT('',#929);
#929 = CARTESIAN_POINT('',(6.899998137368,2.000001652642,7.2499993964));
#930 = LINE('',#931,#932);
#931 = CARTESIAN_POINT('',(6.899998137368,2.000001652642,7.2499993964));
#932 = VECTOR('',#933,1.);
#933 = DIRECTION('',(-1.,-4.371138828674E-08,4.371138828674E-08));
#934 = ORIENTED_EDGE('',*,*,#935,.F.);
#935 = EDGE_CURVE('',#829,#928,#936,.T.);
#936 = LINE('',#937,#938);
#937 = CARTESIAN_POINT('',(6.899997853244,8.500001652642,7.2499993964));
#938 = VECTOR('',#939,1.);
#939 = DIRECTION('',(4.371138828674E-08,-1.,-1.05172749102E-31));
#940 = ORIENTED_EDGE('',*,*,#828,.T.);
#941 = PLANE('',#942);
#942 = AXIS2_PLACEMENT_3D('',#943,#944,#945);
#943 = CARTESIAN_POINT('',(6.899997853244,8.500001652642,7.2499993964));
#944 = DIRECTION('',(-4.371138828674E-08,-1.910685465954E-15,-1.));
#945 = DIRECTION('',(4.371138828674E-08,-1.,-1.05172749102E-31));
#946 = ADVANCED_FACE('',(#947),#963,.F.);
#947 = FACE_BOUND('',#948,.T.);
#948 = EDGE_LOOP('',(#949,#955,#956,#962));
#949 = ORIENTED_EDGE('',*,*,#950,.T.);
#950 = EDGE_CURVE('',#920,#709,#951,.T.);
#951 = LINE('',#952,#953);
#952 = CARTESIAN_POINT('',(1.099997995306,2.000001399116,3.999999649926)
  );
#953 = VECTOR('',#954,1.);
#954 = DIRECTION('',(-4.371138828674E-08,-1.910685465954E-15,-1.));
#955 = ORIENTED_EDGE('',*,*,#732,.F.);
#956 = ORIENTED_EDGE('',*,*,#957,.F.);
#957 = EDGE_CURVE('',#928,#725,#958,.T.);
#958 = LINE('',#959,#960);
#959 = CARTESIAN_POINT('',(6.899997995306,2.000001652642,3.9999993964));
#960 = VECTOR('',#961,1.);
#961 = DIRECTION('',(-4.371138828674E-08,-1.910685465954E-15,-1.));
#962 = ORIENTED_EDGE('',*,*,#927,.T.);
#963 = PLANE('',#964);
#964 = AXIS2_PLACEMENT_3D('',#965,#966,#967);
#965 = CARTESIAN_POINT('',(6.899997995306,2.000001652642,3.9999993964));
#966 = DIRECTION('',(-4.371138828674E-08,1.,1.05172749102E-31));
#967 = DIRECTION('',(-4.371138828674E-08,-1.910685465954E-15,-1.));
#968 = ADVANCED_FACE('',(#969),#995,.F.);
#969 = FACE_BOUND('',#970,.F.);
#970 = EDGE_LOOP('',(#971,#980,#987,#994));
#971 = ORIENTED_EDGE('',*,*,#972,.F.);
#972 = EDGE_CURVE('',#973,#973,#975,.T.);
#973 = VERTEX_POINT('',#974);
#974 = CARTESIAN_POINT('',(6.899997446728,11.750001652642,1.1999993964)
  );
#975 = CIRCLE('',#976,1.05);
#976 = AXIS2_PLACEMENT_3D('',#977,#978,#979);
#977 = CARTESIAN_POINT('',(6.899997492625,11.750001652642,2.2499993964)
  );
#978 = DIRECTION('',(1.,4.371138828674E-08,-4.371138828674E-08));
#979 = DIRECTION('',(-4.371138828674E-08,-1.910685465954E-15,-1.));
#980 = ORIENTED_EDGE('',*,*,#981,.T.);
#981 = EDGE_CURVE('',#973,#982,#984,.T.);
#982 = VERTEX_POINT('',#983);
#983 = CARTESIAN_POINT('',(1.099997446728,11.750001399116,1.199999649926
    ));
#984 = B_SPLINE_CURVE_WITH_KNOTS('',1,(#985,#986),.UNSPECIFIED.,.F.,.F.,
  (2,2),(0.,5.8),.PIECEWISE_BEZIER_KNOTS.);
#985 = CARTESIAN_POINT('',(6.899997446728,11.750001652642,1.1999993964)
  );
#986 = CARTESIAN_POINT('',(1.099997446728,11.750001399116,1.199999649926
    ));
#987 = ORIENTED_EDGE('',*,*,#988,.T.);
#988 = EDGE_CURVE('',#982,#982,#989,.T.);
#989 = CIRCLE('',#990,1.05);
#990 = AXIS2_PLACEMENT_3D('',#991,#992,#993);
#991 = CARTESIAN_POINT('',(1.099997492625,11.750001399116,2.249999649926
    ));
#992 = DIRECTION('',(1.,4.371138828674E-08,-4.371138828674E-08));
#993 = DIRECTION('',(-4.371138828674E-08,-1.910685465954E-15,-1.));
#994 = ORIENTED_EDGE('',*,*,#981,.F.);
#995 = CYLINDRICAL_SURFACE('',#996,1.05);
#996 = AXIS2_PLACEMENT_3D('',#997,#998,#999);
#997 = CARTESIAN_POINT('',(6.899997492625,11.750001652642,2.2499993964)
  );
#998 = DIRECTION('',(-1.,-4.371138828674E-08,4.371138828674E-08));
#999 = DIRECTION('',(4.371138828674E-08,1.910685465954E-15,1.));
#1000 = ADVANCED_FACE('',(#1001),#1027,.F.);
#1001 = FACE_BOUND('',#1002,.F.);
#1002 = EDGE_LOOP('',(#1003,#1012,#1019,#1026));
#1003 = ORIENTED_EDGE('',*,*,#1004,.T.);
#1004 = EDGE_CURVE('',#1005,#1005,#1007,.T.);
#1005 = VERTEX_POINT('',#1006);
#1006 = CARTESIAN_POINT('',(6.899997730852,5.250001652642,1.1999993964)
  );
#1007 = CIRCLE('',#1008,1.05);
#1008 = AXIS2_PLACEMENT_3D('',#1009,#1010,#1011);
#1009 = CARTESIAN_POINT('',(6.899997776749,5.250001652642,2.2499993964)
  );
#1010 = DIRECTION('',(-1.,-4.371138828674E-08,4.371138828674E-08));
#1011 = DIRECTION('',(-4.371138828674E-08,-1.910685465954E-15,-1.));
#1012 = ORIENTED_EDGE('',*,*,#1013,.T.);
#1013 = EDGE_CURVE('',#1005,#1014,#1016,.T.);
#1014 = VERTEX_POINT('',#1015);
#1015 = CARTESIAN_POINT('',(1.099997730852,5.250001399116,1.199999649926
    ));
#1016 = B_SPLINE_CURVE_WITH_KNOTS('',1,(#1017,#1018),.UNSPECIFIED.,.F.,
  .F.,(2,2),(0.,5.8),.PIECEWISE_BEZIER_KNOTS.);
#1017 = CARTESIAN_POINT('',(6.899997730852,5.250001652642,1.1999993964)
  );
#1018 = CARTESIAN_POINT('',(1.099997730852,5.250001399116,1.199999649926
    ));
#1019 = ORIENTED_EDGE('',*,*,#1020,.F.);
#1020 = EDGE_CURVE('',#1014,#1014,#1021,.T.);
#1021 = CIRCLE('',#1022,1.05);
#1022 = AXIS2_PLACEMENT_3D('',#1023,#1024,#1025);
#1023 = CARTESIAN_POINT('',(1.099997776749,5.250001399116,2.249999649926
    ));
#1024 = DIRECTION('',(-1.,-4.371138828674E-08,4.371138828674E-08));
#1025 = DIRECTION('',(-4.371138828674E-08,-1.910685465954E-15,-1.));
#1026 = ORIENTED_EDGE('',*,*,#1013,.F.);
#1027 = CYLINDRICAL_SURFACE('',#1028,1.05);
#1028 = AXIS2_PLACEMENT_3D('',#1029,#1030,#1031);
#1029 = CARTESIAN_POINT('',(6.899997776749,5.250001652642,2.2499993964)
  );
#1030 = DIRECTION('',(-1.,-4.371138828674E-08,4.371138828674E-08));
#1031 = DIRECTION('',(4.371138828674E-08,1.910685465954E-15,1.));
#1032 = ADVANCED_FACE('',(#1033,#1085,#1088),#1091,.T.);
#1033 = FACE_BOUND('',#1034,.T.);
#1034 = EDGE_LOOP('',(#1035,#1036,#1044,#1052,#1058,#1059,#1067,#1075,
    #1081,#1082,#1083,#1084));
#1035 = ORIENTED_EDGE('',*,*,#724,.F.);
#1036 = ORIENTED_EDGE('',*,*,#1037,.F.);
#1037 = EDGE_CURVE('',#1038,#717,#1040,.T.);
#1038 = VERTEX_POINT('',#1039);
#1039 = CARTESIAN_POINT('',(6.899997722109,4.500001652642,0.2499993964)
  );
#1040 = LINE('',#1041,#1042);
#1041 = CARTESIAN_POINT('',(6.899997711182,4.625001652642,0.1249993964)
  );
#1042 = VECTOR('',#1043,1.);
#1043 = DIRECTION('',(6.181723814526E-08,-0.707106781187,0.707106781187)
  );
#1044 = ORIENTED_EDGE('',*,*,#1045,.F.);
#1045 = EDGE_CURVE('',#1046,#1038,#1048,.T.);
#1046 = VERTEX_POINT('',#1047);
#1047 = CARTESIAN_POINT('',(6.899997656542,6.000001652642,0.2499993964)
  );
#1048 = LINE('',#1049,#1050);
#1049 = CARTESIAN_POINT('',(6.899997547264,8.500001652642,0.2499993964)
  );
#1050 = VECTOR('',#1051,1.);
#1051 = DIRECTION('',(4.371138828674E-08,-1.,-1.05172749102E-31));
#1052 = ORIENTED_EDGE('',*,*,#1053,.T.);
#1053 = EDGE_CURVE('',#1046,#651,#1054,.T.);
#1054 = LINE('',#1055,#1056);
#1055 = CARTESIAN_POINT('',(6.899997656542,9.125001652642,3.3749993964)
  );
#1056 = VECTOR('',#1057,1.);
#1057 = DIRECTION('',(0.,0.707106781187,0.707106781187));
#1058 = ORIENTED_EDGE('',*,*,#650,.F.);
#1059 = ORIENTED_EDGE('',*,*,#1060,.F.);
#1060 = EDGE_CURVE('',#1061,#643,#1063,.T.);
#1061 = VERTEX_POINT('',#1062);
#1062 = CARTESIAN_POINT('',(6.899997437985,11.000001652642,0.2499993964)
  );
#1063 = LINE('',#1064,#1065);
#1064 = CARTESIAN_POINT('',(6.899997711182,7.875001652642,3.3749993964)
  );
#1065 = VECTOR('',#1066,1.);
#1066 = DIRECTION('',(6.181723814526E-08,-0.707106781187,0.707106781187)
  );
#1067 = ORIENTED_EDGE('',*,*,#1068,.F.);
#1068 = EDGE_CURVE('',#1069,#1061,#1071,.T.);
#1069 = VERTEX_POINT('',#1070);
#1070 = CARTESIAN_POINT('',(6.899997372418,12.500001652642,0.2499993964)
  );
#1071 = LINE('',#1072,#1073);
#1072 = CARTESIAN_POINT('',(6.899997547264,8.500001652642,0.2499993964)
  );
#1073 = VECTOR('',#1074,1.);
#1074 = DIRECTION('',(4.371138828674E-08,-1.,-1.05172749102E-31));
#1075 = ORIENTED_EDGE('',*,*,#1076,.T.);
#1076 = EDGE_CURVE('',#1069,#749,#1077,.T.);
#1077 = LINE('',#1078,#1079);
#1078 = CARTESIAN_POINT('',(6.899997372418,12.375001652642,0.1249993964)
  );
#1079 = VECTOR('',#1080,1.);
#1080 = DIRECTION('',(0.,0.707106781187,0.707106781187));
#1081 = ORIENTED_EDGE('',*,*,#772,.F.);
#1082 = ORIENTED_EDGE('',*,*,#836,.F.);
#1083 = ORIENTED_EDGE('',*,*,#935,.T.);
#1084 = ORIENTED_EDGE('',*,*,#957,.T.);
#1085 = FACE_BOUND('',#1086,.T.);
#1086 = EDGE_LOOP('',(#1087));
#1087 = ORIENTED_EDGE('',*,*,#972,.F.);
#1088 = FACE_BOUND('',#1089,.T.);
#1089 = EDGE_LOOP('',(#1090));
#1090 = ORIENTED_EDGE('',*,*,#1004,.T.);
#1091 = PLANE('',#1092);
#1092 = AXIS2_PLACEMENT_3D('',#1093,#1094,#1095);
#1093 = CARTESIAN_POINT('',(6.899997711182,8.500001652642,3.9999993964)
  );
#1094 = DIRECTION('',(1.,4.371138828674E-08,-4.371138828674E-08));
#1095 = DIRECTION('',(-4.371138828674E-08,1.,1.05172749102E-31));
#1096 = ADVANCED_FACE('',(#1097,#1149,#1152),#1155,.F.);
#1097 = FACE_BOUND('',#1098,.T.);
#1098 = EDGE_LOOP('',(#1099,#1109,#1115,#1116,#1117,#1118,#1119,#1120,
    #1128,#1136,#1142,#1143));
#1099 = ORIENTED_EDGE('',*,*,#1100,.T.);
#1100 = EDGE_CURVE('',#1101,#1103,#1105,.T.);
#1101 = VERTEX_POINT('',#1102);
#1102 = CARTESIAN_POINT('',(1.099997656542,6.000001399116,0.249999649926
    ));
#1103 = VERTEX_POINT('',#1104);
#1104 = CARTESIAN_POINT('',(1.099997722109,4.500001399116,0.249999649926
    ));
#1105 = LINE('',#1106,#1107);
#1106 = CARTESIAN_POINT('',(1.099997547264,8.500001399116,0.249999649926
    ));
#1107 = VECTOR('',#1108,1.);
#1108 = DIRECTION('',(4.371138828674E-08,-1.,-1.05172749102E-31));
#1109 = ORIENTED_EDGE('',*,*,#1110,.F.);
#1110 = EDGE_CURVE('',#707,#1103,#1111,.T.);
#1111 = LINE('',#1112,#1113);
#1112 = CARTESIAN_POINT('',(1.099997765821,4.000001399116,0.749999649926
    ));
#1113 = VECTOR('',#1114,1.);
#1114 = DIRECTION('',(-6.181723814526E-08,0.707106781187,-0.707106781187
    ));
#1115 = ORIENTED_EDGE('',*,*,#706,.T.);
#1116 = ORIENTED_EDGE('',*,*,#950,.F.);
#1117 = ORIENTED_EDGE('',*,*,#919,.F.);
#1118 = ORIENTED_EDGE('',*,*,#820,.T.);
#1119 = ORIENTED_EDGE('',*,*,#756,.T.);
#1120 = ORIENTED_EDGE('',*,*,#1121,.T.);
#1121 = EDGE_CURVE('',#747,#1122,#1124,.T.);
#1122 = VERTEX_POINT('',#1123);
#1123 = CARTESIAN_POINT('',(1.099997372418,12.500001399116,
    0.249999649926));
#1124 = LINE('',#1125,#1126);
#1125 = CARTESIAN_POINT('',(1.099997372418,12.500001399116,
    0.249999649926));
#1126 = VECTOR('',#1127,1.);
#1127 = DIRECTION('',(0.,-0.707106781187,-0.707106781187));
#1128 = ORIENTED_EDGE('',*,*,#1129,.T.);
#1129 = EDGE_CURVE('',#1122,#1130,#1132,.T.);
#1130 = VERTEX_POINT('',#1131);
#1131 = CARTESIAN_POINT('',(1.099997437985,11.000001399116,
    0.249999649926));
#1132 = LINE('',#1133,#1134);
#1133 = CARTESIAN_POINT('',(1.099997547264,8.500001399116,0.249999649926
    ));
#1134 = VECTOR('',#1135,1.);
#1135 = DIRECTION('',(4.371138828674E-08,-1.,-1.05172749102E-31));
#1136 = ORIENTED_EDGE('',*,*,#1137,.F.);
#1137 = EDGE_CURVE('',#633,#1130,#1138,.T.);
#1138 = LINE('',#1139,#1140);
#1139 = CARTESIAN_POINT('',(1.099997481697,10.500001399116,
    0.749999649926));
#1140 = VECTOR('',#1141,1.);
#1141 = DIRECTION('',(-6.181723814526E-08,0.707106781187,-0.707106781187
    ));
#1142 = ORIENTED_EDGE('',*,*,#632,.T.);
#1143 = ORIENTED_EDGE('',*,*,#1144,.T.);
#1144 = EDGE_CURVE('',#635,#1101,#1145,.T.);
#1145 = LINE('',#1146,#1147);
#1146 = CARTESIAN_POINT('',(1.099997656542,6.000001399116,0.249999649926
    ));
#1147 = VECTOR('',#1148,1.);
#1148 = DIRECTION('',(0.,-0.707106781187,-0.707106781187));
#1149 = FACE_BOUND('',#1150,.T.);
#1150 = EDGE_LOOP('',(#1151));
#1151 = ORIENTED_EDGE('',*,*,#988,.T.);
#1152 = FACE_BOUND('',#1153,.T.);
#1153 = EDGE_LOOP('',(#1154));
#1154 = ORIENTED_EDGE('',*,*,#1020,.F.);
#1155 = PLANE('',#1156);
#1156 = AXIS2_PLACEMENT_3D('',#1157,#1158,#1159);
#1157 = CARTESIAN_POINT('',(1.099997711182,8.500001399116,3.999999649926
    ));
#1158 = DIRECTION('',(1.,4.371138828674E-08,-4.371138828674E-08));
#1159 = DIRECTION('',(-4.371138828674E-08,1.,1.05172749102E-31));
#1160 = ADVANCED_FACE('',(#1161),#1186,.T.);
#1161 = FACE_BOUND('',#1162,.T.);
#1162 = EDGE_LOOP('',(#1163,#1164,#1172,#1180));
#1163 = ORIENTED_EDGE('',*,*,#608,.F.);
#1164 = ORIENTED_EDGE('',*,*,#1165,.F.);
#1165 = EDGE_CURVE('',#1166,#599,#1168,.T.);
#1166 = VERTEX_POINT('',#1167);
#1167 = CARTESIAN_POINT('',(3.749997431429,8.900001514951,
    -2.000000465909));
#1168 = LINE('',#1169,#1170);
#1169 = CARTESIAN_POINT('',(3.749997431429,8.900001514951,
    -2.000000465909));
#1170 = VECTOR('',#1171,1.);
#1171 = DIRECTION('',(4.371138828674E-08,1.910685465954E-15,1.));
#1172 = ORIENTED_EDGE('',*,*,#1173,.T.);
#1173 = EDGE_CURVE('',#1166,#1174,#1176,.T.);
#1174 = VERTEX_POINT('',#1175);
#1175 = CARTESIAN_POINT('',(3.749997466398,8.100001514951,
    -2.000000465909));
#1176 = LINE('',#1177,#1178);
#1177 = CARTESIAN_POINT('',(3.749997448913,8.500001514951,
    -2.000000465909));
#1178 = VECTOR('',#1179,1.);
#1179 = DIRECTION('',(4.371138842226E-08,-1.,-5.923997873028E-24));
#1180 = ORIENTED_EDGE('',*,*,#1181,.T.);
#1181 = EDGE_CURVE('',#1174,#609,#1182,.T.);
#1182 = LINE('',#1183,#1184);
#1183 = CARTESIAN_POINT('',(3.749997466398,8.100001514951,
    -2.000000465909));
#1184 = VECTOR('',#1185,1.);
#1185 = DIRECTION('',(4.371138828674E-08,1.910685465954E-15,1.));
#1186 = PLANE('',#1187);
#1187 = AXIS2_PLACEMENT_3D('',#1188,#1189,#1190);
#1188 = CARTESIAN_POINT('',(3.749997448913,8.500001514951,
    -2.000000465909));
#1189 = DIRECTION('',(-1.,-4.371138842226E-08,4.371138828674E-08));
#1190 = DIRECTION('',(4.371138842226E-08,-1.,-5.923997873028E-24));
#1191 = ADVANCED_FACE('',(#1192),#1210,.F.);
#1192 = FACE_BOUND('',#1193,.T.);
#1193 = EDGE_LOOP('',(#1194,#1195,#1203,#1209));
#1194 = ORIENTED_EDGE('',*,*,#598,.T.);
#1195 = ORIENTED_EDGE('',*,*,#1196,.F.);
#1196 = EDGE_CURVE('',#1197,#601,#1199,.T.);
#1197 = VERTEX_POINT('',#1198);
#1198 = CARTESIAN_POINT('',(4.249997431429,8.900001536807,
    -2.000000487765));
#1199 = LINE('',#1200,#1201);
#1200 = CARTESIAN_POINT('',(4.249997431429,8.900001536807,
    -2.000000487765));
#1201 = VECTOR('',#1202,1.);
#1202 = DIRECTION('',(4.371138828674E-08,1.910685465954E-15,1.));
#1203 = ORIENTED_EDGE('',*,*,#1204,.F.);
#1204 = EDGE_CURVE('',#1166,#1197,#1205,.T.);
#1205 = LINE('',#1206,#1207);
#1206 = CARTESIAN_POINT('',(3.999997431429,8.900001525879,
    -2.000000476837));
#1207 = VECTOR('',#1208,1.);
#1208 = DIRECTION('',(1.,4.3711388612E-08,-4.371138828674E-08));
#1209 = ORIENTED_EDGE('',*,*,#1165,.T.);
#1210 = PLANE('',#1211);
#1211 = AXIS2_PLACEMENT_3D('',#1212,#1213,#1214);
#1212 = CARTESIAN_POINT('',(3.999997431429,8.900001525879,
    -2.000000476837));
#1213 = DIRECTION('',(4.3711388612E-08,-1.,-1.421759474802E-23));
#1214 = DIRECTION('',(1.,4.3711388612E-08,-4.371138828674E-08));
#1215 = ADVANCED_FACE('',(#1216),#1234,.F.);
#1216 = FACE_BOUND('',#1217,.T.);
#1217 = EDGE_LOOP('',(#1218,#1219,#1227,#1233));
#1218 = ORIENTED_EDGE('',*,*,#624,.T.);
#1219 = ORIENTED_EDGE('',*,*,#1220,.F.);
#1220 = EDGE_CURVE('',#1221,#617,#1223,.T.);
#1221 = VERTEX_POINT('',#1222);
#1222 = CARTESIAN_POINT('',(4.249997466398,8.100001536807,
    -2.000000487765));
#1223 = LINE('',#1224,#1225);
#1224 = CARTESIAN_POINT('',(4.249997466398,8.100001536807,
    -2.000000487765));
#1225 = VECTOR('',#1226,1.);
#1226 = DIRECTION('',(4.371138828674E-08,1.910685465954E-15,1.));
#1227 = ORIENTED_EDGE('',*,*,#1228,.F.);
#1228 = EDGE_CURVE('',#1197,#1221,#1229,.T.);
#1229 = LINE('',#1230,#1231);
#1230 = CARTESIAN_POINT('',(4.249997448913,8.500001536807,
    -2.000000487765));
#1231 = VECTOR('',#1232,1.);
#1232 = DIRECTION('',(4.371138842226E-08,-1.,-5.923997873028E-24));
#1233 = ORIENTED_EDGE('',*,*,#1196,.T.);
#1234 = PLANE('',#1235);
#1235 = AXIS2_PLACEMENT_3D('',#1236,#1237,#1238);
#1236 = CARTESIAN_POINT('',(4.249997448913,8.500001536807,
    -2.000000487765));
#1237 = DIRECTION('',(-1.,-4.371138842226E-08,4.371138828674E-08));
#1238 = DIRECTION('',(4.371138842226E-08,-1.,-5.923997873028E-24));
#1239 = ADVANCED_FACE('',(#1240),#1251,.T.);
#1240 = FACE_BOUND('',#1241,.T.);
#1241 = EDGE_LOOP('',(#1242,#1243,#1244,#1250));
#1242 = ORIENTED_EDGE('',*,*,#616,.F.);
#1243 = ORIENTED_EDGE('',*,*,#1181,.F.);
#1244 = ORIENTED_EDGE('',*,*,#1245,.T.);
#1245 = EDGE_CURVE('',#1174,#1221,#1246,.T.);
#1246 = LINE('',#1247,#1248);
#1247 = CARTESIAN_POINT('',(3.999997466398,8.100001525879,
    -2.000000476837));
#1248 = VECTOR('',#1249,1.);
#1249 = DIRECTION('',(1.,4.3711388612E-08,-4.371138828674E-08));
#1250 = ORIENTED_EDGE('',*,*,#1220,.T.);
#1251 = PLANE('',#1252);
#1252 = AXIS2_PLACEMENT_3D('',#1253,#1254,#1255);
#1253 = CARTESIAN_POINT('',(3.999997466398,8.100001525879,
    -2.000000476837));
#1254 = DIRECTION('',(4.3711388612E-08,-1.,-1.421759474802E-23));
#1255 = DIRECTION('',(1.,4.3711388612E-08,-4.371138828674E-08));
#1256 = ADVANCED_FACE('',(#1257),#1263,.T.);
#1257 = FACE_BOUND('',#1258,.T.);
#1258 = EDGE_LOOP('',(#1259,#1260,#1261,#1262));
#1259 = ORIENTED_EDGE('',*,*,#1173,.F.);
#1260 = ORIENTED_EDGE('',*,*,#1204,.T.);
#1261 = ORIENTED_EDGE('',*,*,#1228,.T.);
#1262 = ORIENTED_EDGE('',*,*,#1245,.F.);
#1263 = PLANE('',#1264);
#1264 = AXIS2_PLACEMENT_3D('',#1265,#1266,#1267);
#1265 = CARTESIAN_POINT('',(3.999997448913,8.500001525879,
    -2.000000476837));
#1266 = DIRECTION('',(-4.371138828674E-08,-1.910685465954E-15,-1.));
#1267 = DIRECTION('',(-4.371138828674E-08,1.,1.05172749102E-31));
#1268 = ADVANCED_FACE('',(#1269),#1294,.T.);
#1269 = FACE_BOUND('',#1270,.T.);
#1270 = EDGE_LOOP('',(#1271,#1272,#1280,#1288));
#1271 = ORIENTED_EDGE('',*,*,#790,.F.);
#1272 = ORIENTED_EDGE('',*,*,#1273,.F.);
#1273 = EDGE_CURVE('',#1274,#783,#1276,.T.);
#1274 = VERTEX_POINT('',#1275);
#1275 = CARTESIAN_POINT('',(4.249997243907,13.190001536807,
    -2.000000487765));
#1276 = LINE('',#1277,#1278);
#1277 = CARTESIAN_POINT('',(4.249997243907,13.190001536807,
    -2.000000487765));
#1278 = VECTOR('',#1279,1.);
#1279 = DIRECTION('',(4.371138828674E-08,1.910685465954E-15,1.));
#1280 = ORIENTED_EDGE('',*,*,#1281,.T.);
#1281 = EDGE_CURVE('',#1274,#1282,#1284,.T.);
#1282 = VERTEX_POINT('',#1283);
#1283 = CARTESIAN_POINT('',(4.249997208938,13.990001536807,
    -2.000000487765));
#1284 = LINE('',#1285,#1286);
#1285 = CARTESIAN_POINT('',(4.249997226422,13.590001536807,
    -2.000000487765));
#1286 = VECTOR('',#1287,1.);
#1287 = DIRECTION('',(-4.371138815121E-08,1.,-5.923997662682E-24));
#1288 = ORIENTED_EDGE('',*,*,#1289,.T.);
#1289 = EDGE_CURVE('',#1282,#791,#1290,.T.);
#1290 = LINE('',#1291,#1292);
#1291 = CARTESIAN_POINT('',(4.249997208938,13.990001536807,
    -2.000000487765));
#1292 = VECTOR('',#1293,1.);
#1293 = DIRECTION('',(4.371138828674E-08,1.910685465954E-15,1.));
#1294 = PLANE('',#1295);
#1295 = AXIS2_PLACEMENT_3D('',#1296,#1297,#1298);
#1296 = CARTESIAN_POINT('',(4.249997226422,13.590001536807,
    -2.000000487765));
#1297 = DIRECTION('',(1.,4.371138815121E-08,-4.371138828674E-08));
#1298 = DIRECTION('',(-4.371138815121E-08,1.,-5.923997662682E-24));
#1299 = ADVANCED_FACE('',(#1300),#1318,.T.);
#1300 = FACE_BOUND('',#1301,.T.);
#1301 = EDGE_LOOP('',(#1302,#1303,#1311,#1317));
#1302 = ORIENTED_EDGE('',*,*,#780,.F.);
#1303 = ORIENTED_EDGE('',*,*,#1304,.F.);
#1304 = EDGE_CURVE('',#1305,#781,#1307,.T.);
#1305 = VERTEX_POINT('',#1306);
#1306 = CARTESIAN_POINT('',(3.749997243907,13.190001514951,
    -2.000000465909));
#1307 = LINE('',#1308,#1309);
#1308 = CARTESIAN_POINT('',(3.749997243907,13.190001514951,
    -2.000000465909));
#1309 = VECTOR('',#1310,1.);
#1310 = DIRECTION('',(4.371138828674E-08,1.910685465954E-15,1.));
#1311 = ORIENTED_EDGE('',*,*,#1312,.T.);
#1312 = EDGE_CURVE('',#1305,#1274,#1313,.T.);
#1313 = LINE('',#1314,#1315);
#1314 = CARTESIAN_POINT('',(3.999997243907,13.190001525879,
    -2.000000476837));
#1315 = VECTOR('',#1316,1.);
#1316 = DIRECTION('',(1.,4.371138828674E-08,-4.371138828674E-08));
#1317 = ORIENTED_EDGE('',*,*,#1273,.T.);
#1318 = PLANE('',#1319);
#1319 = AXIS2_PLACEMENT_3D('',#1320,#1321,#1322);
#1320 = CARTESIAN_POINT('',(3.999997243907,13.190001525879,
    -2.000000476837));
#1321 = DIRECTION('',(4.371138828674E-08,-1.,-1.05172749102E-31));
#1322 = DIRECTION('',(4.371138828674E-08,1.910685465954E-15,1.));
#1323 = ADVANCED_FACE('',(#1324),#1342,.F.);
#1324 = FACE_BOUND('',#1325,.T.);
#1325 = EDGE_LOOP('',(#1326,#1327,#1335,#1341));
#1326 = ORIENTED_EDGE('',*,*,#806,.T.);
#1327 = ORIENTED_EDGE('',*,*,#1328,.F.);
#1328 = EDGE_CURVE('',#1329,#799,#1331,.T.);
#1329 = VERTEX_POINT('',#1330);
#1330 = CARTESIAN_POINT('',(3.749997208938,13.990001514951,
    -2.000000465909));
#1331 = LINE('',#1332,#1333);
#1332 = CARTESIAN_POINT('',(3.749997208938,13.990001514951,
    -2.000000465909));
#1333 = VECTOR('',#1334,1.);
#1334 = DIRECTION('',(4.371138828674E-08,1.910685465954E-15,1.));
#1335 = ORIENTED_EDGE('',*,*,#1336,.F.);
#1336 = EDGE_CURVE('',#1305,#1329,#1337,.T.);
#1337 = LINE('',#1338,#1339);
#1338 = CARTESIAN_POINT('',(3.749997226422,13.590001514951,
    -2.000000465909));
#1339 = VECTOR('',#1340,1.);
#1340 = DIRECTION('',(-4.371138815121E-08,1.,-5.923997662682E-24));
#1341 = ORIENTED_EDGE('',*,*,#1304,.T.);
#1342 = PLANE('',#1343);
#1343 = AXIS2_PLACEMENT_3D('',#1344,#1345,#1346);
#1344 = CARTESIAN_POINT('',(3.749997226422,13.590001514951,
    -2.000000465909));
#1345 = DIRECTION('',(1.,4.371138815121E-08,-4.371138828674E-08));
#1346 = DIRECTION('',(-4.371138815121E-08,1.,-5.923997662682E-24));
#1347 = ADVANCED_FACE('',(#1348),#1359,.F.);
#1348 = FACE_BOUND('',#1349,.T.);
#1349 = EDGE_LOOP('',(#1350,#1351,#1352,#1358));
#1350 = ORIENTED_EDGE('',*,*,#798,.T.);
#1351 = ORIENTED_EDGE('',*,*,#1289,.F.);
#1352 = ORIENTED_EDGE('',*,*,#1353,.F.);
#1353 = EDGE_CURVE('',#1329,#1282,#1354,.T.);
#1354 = LINE('',#1355,#1356);
#1355 = CARTESIAN_POINT('',(3.999997208938,13.990001525879,
    -2.000000476837));
#1356 = VECTOR('',#1357,1.);
#1357 = DIRECTION('',(1.,4.371138828674E-08,-4.371138828674E-08));
#1358 = ORIENTED_EDGE('',*,*,#1328,.T.);
#1359 = PLANE('',#1360);
#1360 = AXIS2_PLACEMENT_3D('',#1361,#1362,#1363);
#1361 = CARTESIAN_POINT('',(3.999997208938,13.990001525879,
    -2.000000476837));
#1362 = DIRECTION('',(4.371138828674E-08,-1.,-1.05172749102E-31));
#1363 = DIRECTION('',(4.371138828674E-08,1.910685465954E-15,1.));
#1364 = ADVANCED_FACE('',(#1365),#1371,.T.);
#1365 = FACE_BOUND('',#1366,.T.);
#1366 = EDGE_LOOP('',(#1367,#1368,#1369,#1370));
#1367 = ORIENTED_EDGE('',*,*,#1281,.F.);
#1368 = ORIENTED_EDGE('',*,*,#1312,.F.);
#1369 = ORIENTED_EDGE('',*,*,#1336,.T.);
#1370 = ORIENTED_EDGE('',*,*,#1353,.T.);
#1371 = PLANE('',#1372);
#1372 = AXIS2_PLACEMENT_3D('',#1373,#1374,#1375);
#1373 = CARTESIAN_POINT('',(3.999997448913,8.500001525879,
    -2.000000476837));
#1374 = DIRECTION('',(-4.371138828674E-08,-1.910685465954E-15,-1.));
#1375 = DIRECTION('',(-4.371138828674E-08,1.,1.05172749102E-31));
#1376 = ADVANCED_FACE('',(#1377),#1402,.T.);
#1377 = FACE_BOUND('',#1378,.T.);
#1378 = EDGE_LOOP('',(#1379,#1380,#1388,#1396));
#1379 = ORIENTED_EDGE('',*,*,#682,.F.);
#1380 = ORIENTED_EDGE('',*,*,#1381,.F.);
#1381 = EDGE_CURVE('',#1382,#673,#1384,.T.);
#1382 = VERTEX_POINT('',#1383);
#1383 = CARTESIAN_POINT('',(3.74999765392,3.810001514951,-2.000000465909
    ));
#1384 = LINE('',#1385,#1386);
#1385 = CARTESIAN_POINT('',(3.74999765392,3.810001514951,-2.000000465909
    ));
#1386 = VECTOR('',#1387,1.);
#1387 = DIRECTION('',(4.371138828674E-08,1.910685465954E-15,1.));
#1388 = ORIENTED_EDGE('',*,*,#1389,.T.);
#1389 = EDGE_CURVE('',#1382,#1390,#1392,.T.);
#1390 = VERTEX_POINT('',#1391);
#1391 = CARTESIAN_POINT('',(3.749997688889,3.010001514951,
    -2.000000465909));
#1392 = LINE('',#1393,#1394);
#1393 = CARTESIAN_POINT('',(3.749997671404,3.410001514951,
    -2.000000465909));
#1394 = VECTOR('',#1395,1.);
#1395 = DIRECTION('',(4.371138842226E-08,-1.,-5.923997873028E-24));
#1396 = ORIENTED_EDGE('',*,*,#1397,.T.);
#1397 = EDGE_CURVE('',#1390,#683,#1398,.T.);
#1398 = LINE('',#1399,#1400);
#1399 = CARTESIAN_POINT('',(3.749997688889,3.010001514951,
    -2.000000465909));
#1400 = VECTOR('',#1401,1.);
#1401 = DIRECTION('',(4.371138828674E-08,1.910685465954E-15,1.));
#1402 = PLANE('',#1403);
#1403 = AXIS2_PLACEMENT_3D('',#1404,#1405,#1406);
#1404 = CARTESIAN_POINT('',(3.749997671404,3.410001514951,
    -2.000000465909));
#1405 = DIRECTION('',(-1.,-4.371138842226E-08,4.371138828674E-08));
#1406 = DIRECTION('',(4.371138842226E-08,-1.,-5.923997873028E-24));
#1407 = ADVANCED_FACE('',(#1408),#1426,.F.);
#1408 = FACE_BOUND('',#1409,.T.);
#1409 = EDGE_LOOP('',(#1410,#1411,#1419,#1425));
#1410 = ORIENTED_EDGE('',*,*,#672,.T.);
#1411 = ORIENTED_EDGE('',*,*,#1412,.F.);
#1412 = EDGE_CURVE('',#1413,#675,#1415,.T.);
#1413 = VERTEX_POINT('',#1414);
#1414 = CARTESIAN_POINT('',(4.24999765392,3.810001536807,-2.000000487765
    ));
#1415 = LINE('',#1416,#1417);
#1416 = CARTESIAN_POINT('',(4.24999765392,3.810001536807,-2.000000487765
    ));
#1417 = VECTOR('',#1418,1.);
#1418 = DIRECTION('',(4.371138828674E-08,1.910685465954E-15,1.));
#1419 = ORIENTED_EDGE('',*,*,#1420,.F.);
#1420 = EDGE_CURVE('',#1382,#1413,#1421,.T.);
#1421 = LINE('',#1422,#1423);
#1422 = CARTESIAN_POINT('',(3.99999765392,3.810001525879,-2.000000476837
    ));
#1423 = VECTOR('',#1424,1.);
#1424 = DIRECTION('',(1.,4.371138828674E-08,-4.371138828674E-08));
#1425 = ORIENTED_EDGE('',*,*,#1381,.T.);
#1426 = PLANE('',#1427);
#1427 = AXIS2_PLACEMENT_3D('',#1428,#1429,#1430);
#1428 = CARTESIAN_POINT('',(3.99999765392,3.810001525879,-2.000000476837
    ));
#1429 = DIRECTION('',(4.371138828674E-08,-1.,-1.05172749102E-31));
#1430 = DIRECTION('',(4.371138828674E-08,1.910685465954E-15,1.));
#1431 = ADVANCED_FACE('',(#1432),#1450,.F.);
#1432 = FACE_BOUND('',#1433,.T.);
#1433 = EDGE_LOOP('',(#1434,#1435,#1443,#1449));
#1434 = ORIENTED_EDGE('',*,*,#698,.T.);
#1435 = ORIENTED_EDGE('',*,*,#1436,.F.);
#1436 = EDGE_CURVE('',#1437,#691,#1439,.T.);
#1437 = VERTEX_POINT('',#1438);
#1438 = CARTESIAN_POINT('',(4.249997688889,3.010001536807,
    -2.000000487765));
#1439 = LINE('',#1440,#1441);
#1440 = CARTESIAN_POINT('',(4.249997688889,3.010001536807,
    -2.000000487765));
#1441 = VECTOR('',#1442,1.);
#1442 = DIRECTION('',(4.371138828674E-08,1.910685465954E-15,1.));
#1443 = ORIENTED_EDGE('',*,*,#1444,.F.);
#1444 = EDGE_CURVE('',#1413,#1437,#1445,.T.);
#1445 = LINE('',#1446,#1447);
#1446 = CARTESIAN_POINT('',(4.249997671404,3.410001536807,
    -2.000000487765));
#1447 = VECTOR('',#1448,1.);
#1448 = DIRECTION('',(4.371138842226E-08,-1.,-5.923997873028E-24));
#1449 = ORIENTED_EDGE('',*,*,#1412,.T.);
#1450 = PLANE('',#1451);
#1451 = AXIS2_PLACEMENT_3D('',#1452,#1453,#1454);
#1452 = CARTESIAN_POINT('',(4.249997671404,3.410001536807,
    -2.000000487765));
#1453 = DIRECTION('',(-1.,-4.371138842226E-08,4.371138828674E-08));
#1454 = DIRECTION('',(4.371138842226E-08,-1.,-5.923997873028E-24));
#1455 = ADVANCED_FACE('',(#1456),#1467,.T.);
#1456 = FACE_BOUND('',#1457,.T.);
#1457 = EDGE_LOOP('',(#1458,#1459,#1460,#1466));
#1458 = ORIENTED_EDGE('',*,*,#690,.F.);
#1459 = ORIENTED_EDGE('',*,*,#1397,.F.);
#1460 = ORIENTED_EDGE('',*,*,#1461,.T.);
#1461 = EDGE_CURVE('',#1390,#1437,#1462,.T.);
#1462 = LINE('',#1463,#1464);
#1463 = CARTESIAN_POINT('',(3.999997688889,3.010001525879,
    -2.000000476837));
#1464 = VECTOR('',#1465,1.);
#1465 = DIRECTION('',(1.,4.371138828674E-08,-4.371138828674E-08));
#1466 = ORIENTED_EDGE('',*,*,#1436,.T.);
#1467 = PLANE('',#1468);
#1468 = AXIS2_PLACEMENT_3D('',#1469,#1470,#1471);
#1469 = CARTESIAN_POINT('',(3.999997688889,3.010001525879,
    -2.000000476837));
#1470 = DIRECTION('',(4.371138828674E-08,-1.,-1.05172749102E-31));
#1471 = DIRECTION('',(4.371138828674E-08,1.910685465954E-15,1.));
#1472 = ADVANCED_FACE('',(#1473),#1479,.T.);
#1473 = FACE_BOUND('',#1474,.T.);
#1474 = EDGE_LOOP('',(#1475,#1476,#1477,#1478));
#1475 = ORIENTED_EDGE('',*,*,#1389,.F.);
#1476 = ORIENTED_EDGE('',*,*,#1420,.T.);
#1477 = ORIENTED_EDGE('',*,*,#1444,.T.);
#1478 = ORIENTED_EDGE('',*,*,#1461,.F.);
#1479 = PLANE('',#1480);
#1480 = AXIS2_PLACEMENT_3D('',#1481,#1482,#1483);
#1481 = CARTESIAN_POINT('',(3.999997448913,8.500001525879,
    -2.000000476837));
#1482 = DIRECTION('',(-4.371138828674E-08,-1.910685465954E-15,-1.));
#1483 = DIRECTION('',(-4.371138828674E-08,1.,1.05172749102E-31));
#1484 = ADVANCED_FACE('',(#1485),#1501,.T.);
#1485 = FACE_BOUND('',#1486,.T.);
#1486 = EDGE_LOOP('',(#1487,#1488,#1494,#1495));
#1487 = ORIENTED_EDGE('',*,*,#1045,.T.);
#1488 = ORIENTED_EDGE('',*,*,#1489,.T.);
#1489 = EDGE_CURVE('',#1038,#1103,#1490,.T.);
#1490 = LINE('',#1491,#1492);
#1491 = CARTESIAN_POINT('',(3.999997722109,4.500001525879,0.249999523163
    ));
#1492 = VECTOR('',#1493,1.);
#1493 = DIRECTION('',(-1.,-4.371138828674E-08,4.371138828674E-08));
#1494 = ORIENTED_EDGE('',*,*,#1100,.F.);
#1495 = ORIENTED_EDGE('',*,*,#1496,.T.);
#1496 = EDGE_CURVE('',#1101,#1046,#1497,.T.);
#1497 = LINE('',#1498,#1499);
#1498 = CARTESIAN_POINT('',(6.899997656542,6.000001652642,0.2499993964)
  );
#1499 = VECTOR('',#1500,1.);
#1500 = DIRECTION('',(1.,4.371138828674E-08,-4.371138828674E-08));
#1501 = PLANE('',#1502);
#1502 = AXIS2_PLACEMENT_3D('',#1503,#1504,#1505);
#1503 = CARTESIAN_POINT('',(3.999997547264,8.500001525879,0.249999523163
    ));
#1504 = DIRECTION('',(-4.371138828674E-08,-1.910685465954E-15,-1.));
#1505 = DIRECTION('',(-4.371138828674E-08,1.,1.05172749102E-31));
#1506 = ADVANCED_FACE('',(#1507),#1523,.T.);
#1507 = FACE_BOUND('',#1508,.T.);
#1508 = EDGE_LOOP('',(#1509,#1510,#1516,#1517));
#1509 = ORIENTED_EDGE('',*,*,#1068,.T.);
#1510 = ORIENTED_EDGE('',*,*,#1511,.T.);
#1511 = EDGE_CURVE('',#1061,#1130,#1512,.T.);
#1512 = LINE('',#1513,#1514);
#1513 = CARTESIAN_POINT('',(3.999997437985,11.000001525879,
    0.249999523163));
#1514 = VECTOR('',#1515,1.);
#1515 = DIRECTION('',(-1.,-4.371138828674E-08,4.371138828674E-08));
#1516 = ORIENTED_EDGE('',*,*,#1129,.F.);
#1517 = ORIENTED_EDGE('',*,*,#1518,.T.);
#1518 = EDGE_CURVE('',#1122,#1069,#1519,.T.);
#1519 = LINE('',#1520,#1521);
#1520 = CARTESIAN_POINT('',(6.899997372418,12.500001652642,0.2499993964)
  );
#1521 = VECTOR('',#1522,1.);
#1522 = DIRECTION('',(1.,4.371138828674E-08,-4.371138828674E-08));
#1523 = PLANE('',#1524);
#1524 = AXIS2_PLACEMENT_3D('',#1525,#1526,#1527);
#1525 = CARTESIAN_POINT('',(3.999997547264,8.500001525879,0.249999523163
    ));
#1526 = DIRECTION('',(-4.371138828674E-08,-1.910685465954E-15,-1.));
#1527 = DIRECTION('',(-4.371138828674E-08,1.,1.05172749102E-31));
#1528 = ADVANCED_FACE('',(#1529),#1535,.F.);
#1529 = FACE_BOUND('',#1530,.T.);
#1530 = EDGE_LOOP('',(#1531,#1532,#1533,#1534));
#1531 = ORIENTED_EDGE('',*,*,#1110,.T.);
#1532 = ORIENTED_EDGE('',*,*,#1489,.F.);
#1533 = ORIENTED_EDGE('',*,*,#1037,.T.);
#1534 = ORIENTED_EDGE('',*,*,#716,.F.);
#1535 = PLANE('',#1536);
#1536 = AXIS2_PLACEMENT_3D('',#1537,#1538,#1539);
#1537 = CARTESIAN_POINT('',(3.999997765821,4.000001525879,0.749999523163
    ));
#1538 = DIRECTION('',(0.,0.707106781187,0.707106781187));
#1539 = DIRECTION('',(1.,4.371138828674E-08,-4.371138828674E-08));
#1540 = ADVANCED_FACE('',(#1541),#1547,.T.);
#1541 = FACE_BOUND('',#1542,.T.);
#1542 = EDGE_LOOP('',(#1543,#1544,#1545,#1546));
#1543 = ORIENTED_EDGE('',*,*,#1144,.F.);
#1544 = ORIENTED_EDGE('',*,*,#658,.T.);
#1545 = ORIENTED_EDGE('',*,*,#1053,.F.);
#1546 = ORIENTED_EDGE('',*,*,#1496,.F.);
#1547 = PLANE('',#1548);
#1548 = AXIS2_PLACEMENT_3D('',#1549,#1550,#1551);
#1549 = CARTESIAN_POINT('',(3.999997656542,6.000001525879,0.249999523163
    ));
#1550 = DIRECTION('',(-6.181723814526E-08,0.707106781187,-0.707106781187
    ));
#1551 = DIRECTION('',(-1.,-4.371138828674E-08,4.371138828674E-08));
#1552 = ADVANCED_FACE('',(#1553),#1559,.F.);
#1553 = FACE_BOUND('',#1554,.T.);
#1554 = EDGE_LOOP('',(#1555,#1556,#1557,#1558));
#1555 = ORIENTED_EDGE('',*,*,#1137,.T.);
#1556 = ORIENTED_EDGE('',*,*,#1511,.F.);
#1557 = ORIENTED_EDGE('',*,*,#1060,.T.);
#1558 = ORIENTED_EDGE('',*,*,#642,.F.);
#1559 = PLANE('',#1560);
#1560 = AXIS2_PLACEMENT_3D('',#1561,#1562,#1563);
#1561 = CARTESIAN_POINT('',(3.999997481697,10.500001525879,
    0.749999523163));
#1562 = DIRECTION('',(0.,0.707106781187,0.707106781187));
#1563 = DIRECTION('',(1.,4.371138828674E-08,-4.371138828674E-08));
#1564 = ADVANCED_FACE('',(#1565),#1571,.T.);
#1565 = FACE_BOUND('',#1566,.T.);
#1566 = EDGE_LOOP('',(#1567,#1568,#1569,#1570));
#1567 = ORIENTED_EDGE('',*,*,#1121,.F.);
#1568 = ORIENTED_EDGE('',*,*,#746,.T.);
#1569 = ORIENTED_EDGE('',*,*,#1076,.F.);
#1570 = ORIENTED_EDGE('',*,*,#1518,.F.);
#1571 = PLANE('',#1572);
#1572 = AXIS2_PLACEMENT_3D('',#1573,#1574,#1575);
#1573 = CARTESIAN_POINT('',(3.999997372418,12.500001525879,
    0.249999523163));
#1574 = DIRECTION('',(-6.181723814526E-08,0.707106781187,-0.707106781187
    ));
#1575 = DIRECTION('',(-1.,-4.371138828674E-08,4.371138828674E-08));
#1576 = ADVANCED_FACE('',(#1577),#1602,.T.);
#1577 = FACE_BOUND('',#1578,.T.);
#1578 = EDGE_LOOP('',(#1579,#1587,#1595,#1601));
#1579 = ORIENTED_EDGE('',*,*,#1580,.F.);
#1580 = EDGE_CURVE('',#1581,#886,#1583,.T.);
#1581 = VERTEX_POINT('',#1582);
#1582 = CARTESIAN_POINT('',(2.624997774563,10.900001465776,
    7.849999583266));
#1583 = LINE('',#1584,#1585);
#1584 = CARTESIAN_POINT('',(2.624997792048,10.900001465776,
    8.249999583266));
#1585 = VECTOR('',#1586,1.);
#1586 = DIRECTION('',(-4.371138828674E-08,-1.910685465954E-15,-1.));
#1587 = ORIENTED_EDGE('',*,*,#1588,.T.);
#1588 = EDGE_CURVE('',#1581,#1589,#1591,.T.);
#1589 = VERTEX_POINT('',#1590);
#1590 = CARTESIAN_POINT('',(5.374997774563,10.900001585982,7.84999946306
    ));
#1591 = LINE('',#1592,#1593);
#1592 = CARTESIAN_POINT('',(3.999997774563,10.900001525879,
    7.849999523163));
#1593 = VECTOR('',#1594,1.);
#1594 = DIRECTION('',(1.,4.371138828674E-08,-4.371138828674E-08));
#1595 = ORIENTED_EDGE('',*,*,#1596,.T.);
#1596 = EDGE_CURVE('',#1589,#896,#1597,.T.);
#1597 = LINE('',#1598,#1599);
#1598 = CARTESIAN_POINT('',(5.374997792048,10.900001585982,8.24999946306
    ));
#1599 = VECTOR('',#1600,1.);
#1600 = DIRECTION('',(-4.371138828674E-08,-1.910685465954E-15,-1.));
#1601 = ORIENTED_EDGE('',*,*,#895,.F.);
#1602 = PLANE('',#1603);
#1603 = AXIS2_PLACEMENT_3D('',#1604,#1605,#1606);
#1604 = CARTESIAN_POINT('',(3.999997792048,10.900001525879,
    8.249999523163));
#1605 = DIRECTION('',(-4.371138828674E-08,1.,1.05172749102E-31));
#1606 = DIRECTION('',(-4.371138828674E-08,-1.910685465954E-15,-1.));
#1607 = ADVANCED_FACE('',(#1608),#1627,.F.);
#1608 = FACE_BOUND('',#1609,.T.);
#1609 = EDGE_LOOP('',(#1610,#1618,#1625,#1626));
#1610 = ORIENTED_EDGE('',*,*,#1611,.F.);
#1611 = EDGE_CURVE('',#1612,#888,#1614,.T.);
#1612 = VERTEX_POINT('',#1613);
#1613 = CARTESIAN_POINT('',(2.624997809532,10.100001465776,
    7.849999583266));
#1614 = LINE('',#1615,#1616);
#1615 = CARTESIAN_POINT('',(2.624997827017,10.100001465776,
    8.249999583266));
#1616 = VECTOR('',#1617,1.);
#1617 = DIRECTION('',(-4.371138828674E-08,-1.910685465954E-15,-1.));
#1618 = ORIENTED_EDGE('',*,*,#1619,.F.);
#1619 = EDGE_CURVE('',#1581,#1612,#1620,.T.);
#1620 = CIRCLE('',#1621,0.4);
#1621 = AXIS2_PLACEMENT_3D('',#1622,#1623,#1624);
#1622 = CARTESIAN_POINT('',(2.624997792048,10.500001465776,
    7.849999583266));
#1623 = DIRECTION('',(1.,4.371138828674E-08,-4.371138828674E-08));
#1624 = DIRECTION('',(-4.371138828674E-08,-1.910685465954E-15,-1.));
#1625 = ORIENTED_EDGE('',*,*,#1580,.T.);
#1626 = ORIENTED_EDGE('',*,*,#885,.T.);
#1627 = PLANE('',#1628);
#1628 = AXIS2_PLACEMENT_3D('',#1629,#1630,#1631);
#1629 = CARTESIAN_POINT('',(2.624997809532,10.500001465776,
    8.249999583266));
#1630 = DIRECTION('',(1.,4.371138828674E-08,-4.371138828674E-08));
#1631 = DIRECTION('',(-4.371138828674E-08,-1.910685465954E-15,-1.));
#1632 = ADVANCED_FACE('',(#1633),#1651,.F.);
#1633 = FACE_BOUND('',#1634,.T.);
#1634 = EDGE_LOOP('',(#1635,#1643,#1649,#1650));
#1635 = ORIENTED_EDGE('',*,*,#1636,.F.);
#1636 = EDGE_CURVE('',#1637,#904,#1639,.T.);
#1637 = VERTEX_POINT('',#1638);
#1638 = CARTESIAN_POINT('',(5.374997809532,10.100001585982,7.84999946306
    ));
#1639 = LINE('',#1640,#1641);
#1640 = CARTESIAN_POINT('',(5.374997827017,10.100001585982,8.24999946306
    ));
#1641 = VECTOR('',#1642,1.);
#1642 = DIRECTION('',(-4.371138828674E-08,-1.910685465954E-15,-1.));
#1643 = ORIENTED_EDGE('',*,*,#1644,.F.);
#1644 = EDGE_CURVE('',#1612,#1637,#1645,.T.);
#1645 = LINE('',#1646,#1647);
#1646 = CARTESIAN_POINT('',(2.624997809532,10.100001465776,
    7.849999583266));
#1647 = VECTOR('',#1648,1.);
#1648 = DIRECTION('',(1.,4.371138828674E-08,-4.371138828674E-08));
#1649 = ORIENTED_EDGE('',*,*,#1611,.T.);
#1650 = ORIENTED_EDGE('',*,*,#911,.T.);
#1651 = PLANE('',#1652);
#1652 = AXIS2_PLACEMENT_3D('',#1653,#1654,#1655);
#1653 = CARTESIAN_POINT('',(3.999997827017,10.100001525879,
    8.249999523163));
#1654 = DIRECTION('',(-4.371138828674E-08,1.,1.05172749102E-31));
#1655 = DIRECTION('',(-4.371138828674E-08,-1.910685465954E-15,-1.));
#1656 = ADVANCED_FACE('',(#1657),#1669,.T.);
#1657 = FACE_BOUND('',#1658,.T.);
#1658 = EDGE_LOOP('',(#1659,#1666,#1667,#1668));
#1659 = ORIENTED_EDGE('',*,*,#1660,.T.);
#1660 = EDGE_CURVE('',#1589,#1637,#1661,.T.);
#1661 = CIRCLE('',#1662,0.4);
#1662 = AXIS2_PLACEMENT_3D('',#1663,#1664,#1665);
#1663 = CARTESIAN_POINT('',(5.374997792048,10.500001585982,7.84999946306
    ));
#1664 = DIRECTION('',(1.,4.371138828674E-08,-4.371138828674E-08));
#1665 = DIRECTION('',(-4.371138828674E-08,-1.910685465954E-15,-1.));
#1666 = ORIENTED_EDGE('',*,*,#1636,.T.);
#1667 = ORIENTED_EDGE('',*,*,#903,.F.);
#1668 = ORIENTED_EDGE('',*,*,#1596,.F.);
#1669 = PLANE('',#1670);
#1670 = AXIS2_PLACEMENT_3D('',#1671,#1672,#1673);
#1671 = CARTESIAN_POINT('',(5.374997809532,10.500001585982,8.24999946306
    ));
#1672 = DIRECTION('',(1.,4.371138828674E-08,-4.371138828674E-08));
#1673 = DIRECTION('',(-4.371138828674E-08,-1.910685465954E-15,-1.));
#1674 = ADVANCED_FACE('',(#1675),#1681,.T.);
#1675 = FACE_BOUND('',#1676,.T.);
#1676 = EDGE_LOOP('',(#1677,#1678,#1679,#1680));
#1677 = ORIENTED_EDGE('',*,*,#1588,.F.);
#1678 = ORIENTED_EDGE('',*,*,#1619,.T.);
#1679 = ORIENTED_EDGE('',*,*,#1644,.T.);
#1680 = ORIENTED_EDGE('',*,*,#1660,.F.);
#1681 = CYLINDRICAL_SURFACE('',#1682,0.4);
#1682 = AXIS2_PLACEMENT_3D('',#1683,#1684,#1685);
#1683 = CARTESIAN_POINT('',(3.999997792048,10.500001525879,
    7.849999523163));
#1684 = DIRECTION('',(1.,4.371138828674E-08,-4.371138828674E-08));
#1685 = DIRECTION('',(-4.371138828674E-08,-1.910685465954E-15,-1.));
#1686 = ADVANCED_FACE('',(#1687),#1753,.T.);
#1687 = FACE_BOUND('',#1688,.T.);
#1688 = EDGE_LOOP('',(#1689,#1699,#1707,#1715,#1723,#1731,#1739,#1747));
#1689 = ORIENTED_EDGE('',*,*,#1690,.F.);
#1690 = EDGE_CURVE('',#1691,#1693,#1695,.T.);
#1691 = VERTEX_POINT('',#1692);
#1692 = CARTESIAN_POINT('',(2.199998384139,1.000001447198,
    11.895469410692));
#1693 = VERTEX_POINT('',#1694);
#1694 = CARTESIAN_POINT('',(2.199998469413,2.144382721052,
    14.990690162117));
#1695 = LINE('',#1696,#1697);
#1696 = CARTESIAN_POINT('',(2.199998388015,1.052018777828,
    12.036161263029));
#1697 = VECTOR('',#1698,1.);
#1698 = DIRECTION('',(2.584057633007E-08,0.346782204198,0.93794568225));
#1699 = ORIENTED_EDGE('',*,*,#1700,.F.);
#1700 = EDGE_CURVE('',#1701,#1691,#1703,.T.);
#1701 = VERTEX_POINT('',#1702);
#1702 = CARTESIAN_POINT('',(5.799998384139,1.000001604559,
    11.895469253331));
#1703 = LINE('',#1704,#1705);
#1704 = CARTESIAN_POINT('',(5.799998384139,1.000001604559,
    11.895469253331));
#1705 = VECTOR('',#1706,1.);
#1706 = DIRECTION('',(-1.,-4.371138828674E-08,4.371138828674E-08));
#1707 = ORIENTED_EDGE('',*,*,#1708,.T.);
#1708 = EDGE_CURVE('',#1701,#1709,#1711,.T.);
#1709 = VERTEX_POINT('',#1710);
#1710 = CARTESIAN_POINT('',(5.799998469413,2.144382878413,
    14.990690004756));
#1711 = LINE('',#1712,#1713);
#1712 = CARTESIAN_POINT('',(5.799998388015,1.052018935189,
    12.036161105668));
#1713 = VECTOR('',#1714,1.);
#1714 = DIRECTION('',(2.584057633007E-08,0.346782204198,0.93794568225));
#1715 = ORIENTED_EDGE('',*,*,#1716,.F.);
#1716 = EDGE_CURVE('',#1717,#1709,#1719,.T.);
#1717 = VERTEX_POINT('',#1718);
#1718 = CARTESIAN_POINT('',(5.499998469413,2.1443828653,14.990690017869)
  );
#1719 = LINE('',#1720,#1721);
#1720 = CARTESIAN_POINT('',(5.499998469413,2.1443828653,14.990690017869)
  );
#1721 = VECTOR('',#1722,1.);
#1722 = DIRECTION('',(1.,4.371138828674E-08,-4.371138828674E-08));
#1723 = ORIENTED_EDGE('',*,*,#1724,.F.);
#1724 = EDGE_CURVE('',#1725,#1717,#1727,.T.);
#1725 = VERTEX_POINT('',#1726);
#1726 = CARTESIAN_POINT('',(5.499998391891,1.104036252705,
    12.176852971119));
#1727 = LINE('',#1728,#1729);
#1728 = CARTESIAN_POINT('',(5.499998430652,1.624209559003,
    13.583771494494));
#1729 = VECTOR('',#1730,1.);
#1730 = DIRECTION('',(2.584057633007E-08,0.346782204198,0.93794568225));
#1731 = ORIENTED_EDGE('',*,*,#1732,.T.);
#1732 = EDGE_CURVE('',#1725,#1733,#1735,.T.);
#1733 = VERTEX_POINT('',#1734);
#1734 = CARTESIAN_POINT('',(2.499998391891,1.104036121571,
    12.176853102253));
#1735 = LINE('',#1736,#1737);
#1736 = CARTESIAN_POINT('',(5.799998391891,1.104036265819,
    12.176852958006));
#1737 = VECTOR('',#1738,1.);
#1738 = DIRECTION('',(-1.,-4.371138828674E-08,4.371138828674E-08));
#1739 = ORIENTED_EDGE('',*,*,#1740,.T.);
#1740 = EDGE_CURVE('',#1733,#1741,#1743,.T.);
#1741 = VERTEX_POINT('',#1742);
#1742 = CARTESIAN_POINT('',(2.499998469413,2.144382734166,
    14.990690149003));
#1743 = LINE('',#1744,#1745);
#1744 = CARTESIAN_POINT('',(2.499998430652,1.624209427868,
    13.583771625628));
#1745 = VECTOR('',#1746,1.);
#1746 = DIRECTION('',(2.584057633007E-08,0.346782204198,0.93794568225));
#1747 = ORIENTED_EDGE('',*,*,#1748,.T.);
#1748 = EDGE_CURVE('',#1741,#1693,#1749,.T.);
#1749 = LINE('',#1750,#1751);
#1750 = CARTESIAN_POINT('',(2.499998469413,2.144382734166,
    14.990690149003));
#1751 = VECTOR('',#1752,1.);
#1752 = DIRECTION('',(-1.,-4.371138828674E-08,4.371138828674E-08));
#1753 = PLANE('',#1754);
#1754 = AXIS2_PLACEMENT_3D('',#1755,#1756,#1757);
#1755 = CARTESIAN_POINT('',(5.799998388015,1.052018935189,
    12.036161105668));
#1756 = DIRECTION('',(5.615723948734E-08,-0.93794568225,0.346782204198)
  );
#1757 = DIRECTION('',(2.584057633007E-08,0.346782204198,0.93794568225));
#1758 = ADVANCED_FACE('',(#1759),#1784,.T.);
#1759 = FACE_BOUND('',#1760,.T.);
#1760 = EDGE_LOOP('',(#1761,#1769,#1777,#1783));
#1761 = ORIENTED_EDGE('',*,*,#1762,.F.);
#1762 = EDGE_CURVE('',#1763,#1691,#1765,.T.);
#1763 = VERTEX_POINT('',#1764);
#1764 = CARTESIAN_POINT('',(2.199997655649,13.167340557408,
    7.396896885956));
#1765 = LINE('',#1766,#1767);
#1766 = CARTESIAN_POINT('',(2.199998019894,7.083671002303,9.646183148324
    ));
#1767 = VECTOR('',#1768,1.);
#1768 = DIRECTION('',(5.615723948734E-08,-0.93794568225,0.346782204198)
  );
#1769 = ORIENTED_EDGE('',*,*,#1770,.F.);
#1770 = EDGE_CURVE('',#1771,#1763,#1773,.T.);
#1771 = VERTEX_POINT('',#1772);
#1772 = CARTESIAN_POINT('',(5.799997655649,13.167340714769,
    7.396896728595));
#1773 = LINE('',#1774,#1775);
#1774 = CARTESIAN_POINT('',(5.799997655649,13.167340714769,
    7.396896728595));
#1775 = VECTOR('',#1776,1.);
#1776 = DIRECTION('',(-1.,-4.371138828674E-08,4.371138828674E-08));
#1777 = ORIENTED_EDGE('',*,*,#1778,.T.);
#1778 = EDGE_CURVE('',#1771,#1701,#1779,.T.);
#1779 = LINE('',#1780,#1781);
#1780 = CARTESIAN_POINT('',(5.799998019894,7.083671159664,9.646182990963
    ));
#1781 = VECTOR('',#1782,1.);
#1782 = DIRECTION('',(5.615723948734E-08,-0.93794568225,0.346782204198)
  );
#1783 = ORIENTED_EDGE('',*,*,#1700,.T.);
#1784 = PLANE('',#1785);
#1785 = AXIS2_PLACEMENT_3D('',#1786,#1787,#1788);
#1786 = CARTESIAN_POINT('',(5.799998019894,7.083671159664,9.646182990963
    ));
#1787 = DIRECTION('',(-2.584057633007E-08,-0.346782204198,-0.93794568225
    ));
#1788 = DIRECTION('',(5.615723948734E-08,-0.93794568225,0.346782204198)
  );
#1789 = ADVANCED_FACE('',(#1790),#1817,.F.);
#1790 = FACE_BOUND('',#1791,.F.);
#1791 = EDGE_LOOP('',(#1792,#1793,#1802,#1810));
#1792 = ORIENTED_EDGE('',*,*,#1770,.F.);
#1793 = ORIENTED_EDGE('',*,*,#1794,.T.);
#1794 = EDGE_CURVE('',#1771,#1795,#1797,.T.);
#1795 = VERTEX_POINT('',#1796);
#1796 = CARTESIAN_POINT('',(5.799997652171,13.200001604559,
    7.349999444482));
#1797 = CIRCLE('',#1798,5.E-02);
#1798 = AXIS2_PLACEMENT_3D('',#1799,#1800,#1801);
#1799 = CARTESIAN_POINT('',(5.799997654357,13.150001604559,
    7.349999444482));
#1800 = DIRECTION('',(-1.,-4.371138828674E-08,4.371138828674E-08));
#1801 = DIRECTION('',(-4.371138828674E-08,-1.910685465954E-15,-1.));
#1802 = ORIENTED_EDGE('',*,*,#1803,.T.);
#1803 = EDGE_CURVE('',#1795,#1804,#1806,.T.);
#1804 = VERTEX_POINT('',#1805);
#1805 = CARTESIAN_POINT('',(2.199997652171,13.200001447198,
    7.349999601843));
#1806 = LINE('',#1807,#1808);
#1807 = CARTESIAN_POINT('',(5.799997652171,13.200001604559,
    7.349999444482));
#1808 = VECTOR('',#1809,1.);
#1809 = DIRECTION('',(-1.,-4.371138828674E-08,4.371138828674E-08));
#1810 = ORIENTED_EDGE('',*,*,#1811,.F.);
#1811 = EDGE_CURVE('',#1763,#1804,#1812,.T.);
#1812 = CIRCLE('',#1813,5.E-02);
#1813 = AXIS2_PLACEMENT_3D('',#1814,#1815,#1816);
#1814 = CARTESIAN_POINT('',(2.199997654357,13.150001447198,
    7.349999601843));
#1815 = DIRECTION('',(-1.,-4.371138828674E-08,4.371138828674E-08));
#1816 = DIRECTION('',(-4.371138828674E-08,-1.910685465954E-15,-1.));
#1817 = CYLINDRICAL_SURFACE('',#1818,5.E-02);
#1818 = AXIS2_PLACEMENT_3D('',#1819,#1820,#1821);
#1819 = CARTESIAN_POINT('',(5.799997654357,13.150001604559,
    7.349999444482));
#1820 = DIRECTION('',(-1.,-4.371138828674E-08,4.371138828674E-08));
#1821 = DIRECTION('',(4.371138828674E-08,1.910685465954E-15,1.));
#1822 = ADVANCED_FACE('',(#1823),#1839,.T.);
#1823 = FACE_BOUND('',#1824,.T.);
#1824 = EDGE_LOOP('',(#1825,#1831,#1832,#1838));
#1825 = ORIENTED_EDGE('',*,*,#1826,.F.);
#1826 = EDGE_CURVE('',#870,#1804,#1827,.T.);
#1827 = LINE('',#1828,#1829);
#1828 = CARTESIAN_POINT('',(2.199997649986,13.200001447198,
    7.299999601843));
#1829 = VECTOR('',#1830,1.);
#1830 = DIRECTION('',(4.371138828674E-08,1.910685465954E-15,1.));
#1831 = ORIENTED_EDGE('',*,*,#869,.F.);
#1832 = ORIENTED_EDGE('',*,*,#1833,.T.);
#1833 = EDGE_CURVE('',#862,#1795,#1834,.T.);
#1834 = LINE('',#1835,#1836);
#1835 = CARTESIAN_POINT('',(5.799997649986,13.200001604559,
    7.299999444482));
#1836 = VECTOR('',#1837,1.);
#1837 = DIRECTION('',(4.371138828674E-08,1.910685465954E-15,1.));
#1838 = ORIENTED_EDGE('',*,*,#1803,.T.);
#1839 = PLANE('',#1840);
#1840 = AXIS2_PLACEMENT_3D('',#1841,#1842,#1843);
#1841 = CARTESIAN_POINT('',(5.799997649986,13.200001604559,
    7.299999444482));
#1842 = DIRECTION('',(4.371138828674E-08,-1.,-1.05172749102E-31));
#1843 = DIRECTION('',(4.371138828674E-08,1.910685465954E-15,1.));
#1844 = ADVANCED_FACE('',(#1845),#1870,.F.);
#1845 = FACE_BOUND('',#1846,.T.);
#1846 = EDGE_LOOP('',(#1847,#1855,#1863,#1869));
#1847 = ORIENTED_EDGE('',*,*,#1848,.T.);
#1848 = EDGE_CURVE('',#854,#1849,#1851,.T.);
#1849 = VERTEX_POINT('',#1850);
#1850 = CARTESIAN_POINT('',(2.199997639058,13.500001447198,
    7.349999601843));
#1851 = LINE('',#1852,#1853);
#1852 = CARTESIAN_POINT('',(2.199997636872,13.500001447198,
    7.299999601843));
#1853 = VECTOR('',#1854,1.);
#1854 = DIRECTION('',(4.371138828674E-08,1.910685465954E-15,1.));
#1855 = ORIENTED_EDGE('',*,*,#1856,.F.);
#1856 = EDGE_CURVE('',#1857,#1849,#1859,.T.);
#1857 = VERTEX_POINT('',#1858);
#1858 = CARTESIAN_POINT('',(5.799997639058,13.500001604559,
    7.349999444482));
#1859 = LINE('',#1860,#1861);
#1860 = CARTESIAN_POINT('',(5.799997639058,13.500001604559,
    7.349999444482));
#1861 = VECTOR('',#1862,1.);
#1862 = DIRECTION('',(-1.,-4.371138828674E-08,4.371138828674E-08));
#1863 = ORIENTED_EDGE('',*,*,#1864,.F.);
#1864 = EDGE_CURVE('',#852,#1857,#1865,.T.);
#1865 = LINE('',#1866,#1867);
#1866 = CARTESIAN_POINT('',(5.799997636872,13.500001604559,
    7.299999444482));
#1867 = VECTOR('',#1868,1.);
#1868 = DIRECTION('',(4.371138828674E-08,1.910685465954E-15,1.));
#1869 = ORIENTED_EDGE('',*,*,#851,.T.);
#1870 = PLANE('',#1871);
#1871 = AXIS2_PLACEMENT_3D('',#1872,#1873,#1874);
#1872 = CARTESIAN_POINT('',(5.799997636872,13.500001604559,
    7.299999444482));
#1873 = DIRECTION('',(4.371138828674E-08,-1.,-1.05172749102E-31));
#1874 = DIRECTION('',(4.371138828674E-08,1.910685465954E-15,1.));
#1875 = ADVANCED_FACE('',(#1876),#1903,.T.);
#1876 = FACE_BOUND('',#1877,.T.);
#1877 = EDGE_LOOP('',(#1878,#1887,#1895,#1902));
#1878 = ORIENTED_EDGE('',*,*,#1879,.F.);
#1879 = EDGE_CURVE('',#1880,#1849,#1882,.T.);
#1880 = VERTEX_POINT('',#1881);
#1881 = CARTESIAN_POINT('',(2.199997663401,13.271375218668,
    7.678280590631));
#1882 = CIRCLE('',#1883,0.35);
#1883 = AXIS2_PLACEMENT_3D('',#1884,#1885,#1886);
#1884 = CARTESIAN_POINT('',(2.199997654357,13.150001447198,
    7.349999601843));
#1885 = DIRECTION('',(-1.,-4.371138828674E-08,4.371138828674E-08));
#1886 = DIRECTION('',(-4.371138828674E-08,-1.910685465954E-15,-1.));
#1887 = ORIENTED_EDGE('',*,*,#1888,.F.);
#1888 = EDGE_CURVE('',#1889,#1880,#1891,.T.);
#1889 = VERTEX_POINT('',#1890);
#1890 = CARTESIAN_POINT('',(5.799997663401,13.271375376029,7.67828043327
    ));
#1891 = LINE('',#1892,#1893);
#1892 = CARTESIAN_POINT('',(5.799997663401,13.271375376029,7.67828043327
    ));
#1893 = VECTOR('',#1894,1.);
#1894 = DIRECTION('',(-1.,-4.371138828674E-08,4.371138828674E-08));
#1895 = ORIENTED_EDGE('',*,*,#1896,.T.);
#1896 = EDGE_CURVE('',#1889,#1857,#1897,.T.);
#1897 = CIRCLE('',#1898,0.35);
#1898 = AXIS2_PLACEMENT_3D('',#1899,#1900,#1901);
#1899 = CARTESIAN_POINT('',(5.799997654357,13.150001604559,
    7.349999444482));
#1900 = DIRECTION('',(-1.,-4.371138828674E-08,4.371138828674E-08));
#1901 = DIRECTION('',(-4.371138828674E-08,-1.910685465954E-15,-1.));
#1902 = ORIENTED_EDGE('',*,*,#1856,.T.);
#1903 = CYLINDRICAL_SURFACE('',#1904,0.35);
#1904 = AXIS2_PLACEMENT_3D('',#1905,#1906,#1907);
#1905 = CARTESIAN_POINT('',(5.799997654357,13.150001604559,
    7.349999444482));
#1906 = DIRECTION('',(-1.,-4.371138828674E-08,4.371138828674E-08));
#1907 = DIRECTION('',(4.371138828674E-08,1.910685465954E-15,1.));
#1908 = ADVANCED_FACE('',(#1909),#1957,.T.);
#1909 = FACE_BOUND('',#1910,.T.);
#1910 = EDGE_LOOP('',(#1911,#1921,#1927,#1928,#1936,#1944,#1950,#1951));
#1911 = ORIENTED_EDGE('',*,*,#1912,.F.);
#1912 = EDGE_CURVE('',#1913,#1915,#1917,.T.);
#1913 = VERTEX_POINT('',#1914);
#1914 = CARTESIAN_POINT('',(2.499998223419,3.917873168321,
    11.136506489659));
#1915 = VERTEX_POINT('',#1916);
#1916 = CARTESIAN_POINT('',(2.199998223419,3.917873155208,
    11.136506502772));
#1917 = LINE('',#1918,#1919);
#1918 = CARTESIAN_POINT('',(2.499998223419,3.917873168321,
    11.136506489659));
#1919 = VECTOR('',#1920,1.);
#1920 = DIRECTION('',(-1.,-4.371138828674E-08,4.371138828674E-08));
#1921 = ORIENTED_EDGE('',*,*,#1922,.T.);
#1922 = EDGE_CURVE('',#1913,#1733,#1923,.T.);
#1923 = LINE('',#1924,#1925);
#1924 = CARTESIAN_POINT('',(2.499998307655,2.510954644946,
    11.656679795956));
#1925 = VECTOR('',#1926,1.);
#1926 = DIRECTION('',(5.615723948734E-08,-0.93794568225,0.346782204198)
  );
#1927 = ORIENTED_EDGE('',*,*,#1732,.F.);
#1928 = ORIENTED_EDGE('',*,*,#1929,.F.);
#1929 = EDGE_CURVE('',#1930,#1725,#1932,.T.);
#1930 = VERTEX_POINT('',#1931);
#1931 = CARTESIAN_POINT('',(5.499998223419,3.917873299456,
    11.136506358525));
#1932 = LINE('',#1933,#1934);
#1933 = CARTESIAN_POINT('',(5.499998307655,2.51095477608,11.656679664822
    ));
#1934 = VECTOR('',#1935,1.);
#1935 = DIRECTION('',(5.615723948734E-08,-0.93794568225,0.346782204198)
  );
#1936 = ORIENTED_EDGE('',*,*,#1937,.T.);
#1937 = EDGE_CURVE('',#1930,#1938,#1940,.T.);
#1938 = VERTEX_POINT('',#1939);
#1939 = CARTESIAN_POINT('',(5.799998223419,3.917873312569,
    11.136506345411));
#1940 = LINE('',#1941,#1942);
#1941 = CARTESIAN_POINT('',(5.499998223419,3.917873299456,
    11.136506358525));
#1942 = VECTOR('',#1943,1.);
#1943 = DIRECTION('',(1.,4.371138828674E-08,-4.371138828674E-08));
#1944 = ORIENTED_EDGE('',*,*,#1945,.T.);
#1945 = EDGE_CURVE('',#1938,#1889,#1946,.T.);
#1946 = LINE('',#1947,#1948);
#1947 = CARTESIAN_POINT('',(5.799998027646,7.187705820924,9.927566695638
    ));
#1948 = VECTOR('',#1949,1.);
#1949 = DIRECTION('',(-5.615723948734E-08,0.93794568225,-0.346782204198)
  );
#1950 = ORIENTED_EDGE('',*,*,#1888,.T.);
#1951 = ORIENTED_EDGE('',*,*,#1952,.F.);
#1952 = EDGE_CURVE('',#1915,#1880,#1953,.T.);
#1953 = LINE('',#1954,#1955);
#1954 = CARTESIAN_POINT('',(2.199998027646,7.187705663563,9.927566852999
    ));
#1955 = VECTOR('',#1956,1.);
#1956 = DIRECTION('',(-5.615723948734E-08,0.93794568225,-0.346782204198)
  );
#1957 = PLANE('',#1958);
#1958 = AXIS2_PLACEMENT_3D('',#1959,#1960,#1961);
#1959 = CARTESIAN_POINT('',(5.799998027646,7.187705820924,9.927566695638
    ));
#1960 = DIRECTION('',(2.584057633007E-08,0.346782204198,0.93794568225));
#1961 = DIRECTION('',(-5.615723948734E-08,0.93794568225,-0.346782204198)
  );
#1962 = ADVANCED_FACE('',(#1963),#1988,.T.);
#1963 = FACE_BOUND('',#1964,.T.);
#1964 = EDGE_LOOP('',(#1965,#1966,#1967,#1968,#1969,#1970,#1971,#1972,
    #1973,#1981));
#1965 = ORIENTED_EDGE('',*,*,#1708,.F.);
#1966 = ORIENTED_EDGE('',*,*,#1778,.F.);
#1967 = ORIENTED_EDGE('',*,*,#1794,.T.);
#1968 = ORIENTED_EDGE('',*,*,#1833,.F.);
#1969 = ORIENTED_EDGE('',*,*,#861,.F.);
#1970 = ORIENTED_EDGE('',*,*,#1864,.T.);
#1971 = ORIENTED_EDGE('',*,*,#1896,.F.);
#1972 = ORIENTED_EDGE('',*,*,#1945,.F.);
#1973 = ORIENTED_EDGE('',*,*,#1974,.T.);
#1974 = EDGE_CURVE('',#1938,#1975,#1977,.T.);
#1975 = VERTEX_POINT('',#1976);
#1976 = CARTESIAN_POINT('',(5.799998300941,4.958219925163,
    13.950343392161));
#1977 = LINE('',#1978,#1979);
#1978 = CARTESIAN_POINT('',(5.79999826218,4.438046618866,12.543424868786
    ));
#1979 = VECTOR('',#1980,1.);
#1980 = DIRECTION('',(2.584057633007E-08,0.346782204198,0.93794568225));
#1981 = ORIENTED_EDGE('',*,*,#1982,.T.);
#1982 = EDGE_CURVE('',#1975,#1709,#1983,.T.);
#1983 = CIRCLE('',#1984,1.5);
#1984 = AXIS2_PLACEMENT_3D('',#1985,#1986,#1987);
#1985 = CARTESIAN_POINT('',(5.799998385177,3.551301401788,
    14.470516698459));
#1986 = DIRECTION('',(1.,4.371138828674E-08,-4.371138828674E-08));
#1987 = DIRECTION('',(-4.371138828674E-08,-1.910685465954E-15,-1.));
#1988 = PLANE('',#1989);
#1989 = AXIS2_PLACEMENT_3D('',#1990,#1991,#1992);
#1990 = CARTESIAN_POINT('',(5.799997982779,8.000001604559,9.713426201244
    ));
#1991 = DIRECTION('',(1.,4.371138828674E-08,-4.371138828674E-08));
#1992 = DIRECTION('',(-4.371138828674E-08,1.,1.05172749102E-31));
#1993 = ADVANCED_FACE('',(#1994),#2019,.F.);
#1994 = FACE_BOUND('',#1995,.T.);
#1995 = EDGE_LOOP('',(#1996,#1997,#2006,#2012,#2013,#2014,#2015,#2016,
    #2017,#2018));
#1996 = ORIENTED_EDGE('',*,*,#1690,.T.);
#1997 = ORIENTED_EDGE('',*,*,#1998,.F.);
#1998 = EDGE_CURVE('',#1999,#1693,#2001,.T.);
#1999 = VERTEX_POINT('',#2000);
#2000 = CARTESIAN_POINT('',(2.199998300941,4.958219767802,
    13.950343549522));
#2001 = CIRCLE('',#2002,1.5);
#2002 = AXIS2_PLACEMENT_3D('',#2003,#2004,#2005);
#2003 = CARTESIAN_POINT('',(2.199998385177,3.551301244427,14.47051685582
    ));
#2004 = DIRECTION('',(1.,4.371138828674E-08,-4.371138828674E-08));
#2005 = DIRECTION('',(-4.371138828674E-08,-1.910685465954E-15,-1.));
#2006 = ORIENTED_EDGE('',*,*,#2007,.F.);
#2007 = EDGE_CURVE('',#1915,#1999,#2008,.T.);
#2008 = LINE('',#2009,#2010);
#2009 = CARTESIAN_POINT('',(2.19999826218,4.438046461505,12.543425026147
    ));
#2010 = VECTOR('',#2011,1.);
#2011 = DIRECTION('',(2.584057633007E-08,0.346782204198,0.93794568225));
#2012 = ORIENTED_EDGE('',*,*,#1952,.T.);
#2013 = ORIENTED_EDGE('',*,*,#1879,.T.);
#2014 = ORIENTED_EDGE('',*,*,#1848,.F.);
#2015 = ORIENTED_EDGE('',*,*,#877,.T.);
#2016 = ORIENTED_EDGE('',*,*,#1826,.T.);
#2017 = ORIENTED_EDGE('',*,*,#1811,.F.);
#2018 = ORIENTED_EDGE('',*,*,#1762,.T.);
#2019 = PLANE('',#2020);
#2020 = AXIS2_PLACEMENT_3D('',#2021,#2022,#2023);
#2021 = CARTESIAN_POINT('',(2.199997982779,8.000001447198,9.713426358605
    ));
#2022 = DIRECTION('',(1.,4.371138828674E-08,-4.371138828674E-08));
#2023 = DIRECTION('',(-4.371138828674E-08,1.,1.05172749102E-31));
#2024 = ADVANCED_FACE('',(#2025),#2043,.T.);
#2025 = FACE_BOUND('',#2026,.T.);
#2026 = EDGE_LOOP('',(#2027,#2028,#2029,#2037));
#2027 = ORIENTED_EDGE('',*,*,#1974,.F.);
#2028 = ORIENTED_EDGE('',*,*,#1937,.F.);
#2029 = ORIENTED_EDGE('',*,*,#2030,.T.);
#2030 = EDGE_CURVE('',#1930,#2031,#2033,.T.);
#2031 = VERTEX_POINT('',#2032);
#2032 = CARTESIAN_POINT('',(5.499998300941,4.95821991205,13.950343405275
    ));
#2033 = LINE('',#2034,#2035);
#2034 = CARTESIAN_POINT('',(5.49999826218,4.438046605753,12.5434248819)
  );
#2035 = VECTOR('',#2036,1.);
#2036 = DIRECTION('',(2.584057633007E-08,0.346782204198,0.93794568225));
#2037 = ORIENTED_EDGE('',*,*,#2038,.T.);
#2038 = EDGE_CURVE('',#2031,#1975,#2039,.T.);
#2039 = LINE('',#2040,#2041);
#2040 = CARTESIAN_POINT('',(5.499998300941,4.95821991205,13.950343405275
    ));
#2041 = VECTOR('',#2042,1.);
#2042 = DIRECTION('',(1.,4.371138828674E-08,-4.371138828674E-08));
#2043 = PLANE('',#2044);
#2044 = AXIS2_PLACEMENT_3D('',#2045,#2046,#2047);
#2045 = CARTESIAN_POINT('',(5.49999826218,4.438046605753,12.5434248819)
  );
#2046 = DIRECTION('',(-5.615723948734E-08,0.93794568225,-0.346782204198)
  );
#2047 = DIRECTION('',(-2.584057633007E-08,-0.346782204198,-0.93794568225
    ));
#2048 = ADVANCED_FACE('',(#2049),#2061,.T.);
#2049 = FACE_BOUND('',#2050,.T.);
#2050 = EDGE_LOOP('',(#2051,#2052,#2053,#2060));
#2051 = ORIENTED_EDGE('',*,*,#1982,.F.);
#2052 = ORIENTED_EDGE('',*,*,#2038,.F.);
#2053 = ORIENTED_EDGE('',*,*,#2054,.T.);
#2054 = EDGE_CURVE('',#2031,#1717,#2055,.T.);
#2055 = CIRCLE('',#2056,1.5);
#2056 = AXIS2_PLACEMENT_3D('',#2057,#2058,#2059);
#2057 = CARTESIAN_POINT('',(5.499998385177,3.551301388675,
    14.470516711572));
#2058 = DIRECTION('',(1.,4.371138828674E-08,-4.371138828674E-08));
#2059 = DIRECTION('',(-4.371138828674E-08,-1.910685465954E-15,-1.));
#2060 = ORIENTED_EDGE('',*,*,#1716,.T.);
#2061 = CYLINDRICAL_SURFACE('',#2062,1.5);
#2062 = AXIS2_PLACEMENT_3D('',#2063,#2064,#2065);
#2063 = CARTESIAN_POINT('',(5.499998385177,3.551301388675,
    14.470516711572));
#2064 = DIRECTION('',(1.,4.371138828674E-08,-4.371138828674E-08));
#2065 = DIRECTION('',(-4.371138828674E-08,-1.910685465954E-15,-1.));
#2066 = ADVANCED_FACE('',(#2067,#2087),#2093,.F.);
#2067 = FACE_BOUND('',#2068,.T.);
#2068 = EDGE_LOOP('',(#2069,#2080));
#2069 = ORIENTED_EDGE('',*,*,#2070,.T.);
#2070 = EDGE_CURVE('',#2071,#2073,#2075,.T.);
#2071 = VERTEX_POINT('',#2072);
#2072 = CARTESIAN_POINT('',(5.499998363321,3.551301388675,
    13.970516711572));
#2073 = VERTEX_POINT('',#2074);
#2074 = CARTESIAN_POINT('',(5.499998407033,3.551301388675,
    14.970516711572));
#2075 = CIRCLE('',#2076,0.5);
#2076 = AXIS2_PLACEMENT_3D('',#2077,#2078,#2079);
#2077 = CARTESIAN_POINT('',(5.499998385177,3.551301388675,
    14.470516711572));
#2078 = DIRECTION('',(1.,4.371138828674E-08,-4.371138828674E-08));
#2079 = DIRECTION('',(-4.371138828674E-08,-1.910685465954E-15,-1.));
#2080 = ORIENTED_EDGE('',*,*,#2081,.T.);
#2081 = EDGE_CURVE('',#2073,#2071,#2082,.T.);
#2082 = CIRCLE('',#2083,0.5);
#2083 = AXIS2_PLACEMENT_3D('',#2084,#2085,#2086);
#2084 = CARTESIAN_POINT('',(5.499998385177,3.551301388675,
    14.470516711572));
#2085 = DIRECTION('',(1.,4.371138828674E-08,-4.371138828674E-08));
#2086 = DIRECTION('',(-4.371138828674E-08,-1.910685465954E-15,-1.));
#2087 = FACE_BOUND('',#2088,.T.);
#2088 = EDGE_LOOP('',(#2089,#2090,#2091,#2092));
#2089 = ORIENTED_EDGE('',*,*,#2030,.F.);
#2090 = ORIENTED_EDGE('',*,*,#1929,.T.);
#2091 = ORIENTED_EDGE('',*,*,#1724,.T.);
#2092 = ORIENTED_EDGE('',*,*,#2054,.F.);
#2093 = PLANE('',#2094);
#2094 = AXIS2_PLACEMENT_3D('',#2095,#2096,#2097);
#2095 = CARTESIAN_POINT('',(5.499998112833,7.135688477181,
    11.824398578978));
#2096 = DIRECTION('',(1.,4.371138828674E-08,-4.371138828674E-08));
#2097 = DIRECTION('',(-4.371138828674E-08,1.,1.05172749102E-31));
#2098 = ADVANCED_FACE('',(#2099),#2117,.F.);
#2099 = FACE_BOUND('',#2100,.T.);
#2100 = EDGE_LOOP('',(#2101,#2102,#2110,#2116));
#2101 = ORIENTED_EDGE('',*,*,#2007,.T.);
#2102 = ORIENTED_EDGE('',*,*,#2103,.F.);
#2103 = EDGE_CURVE('',#2104,#1999,#2106,.T.);
#2104 = VERTEX_POINT('',#2105);
#2105 = CARTESIAN_POINT('',(2.499998300941,4.958219780916,
    13.950343536409));
#2106 = LINE('',#2107,#2108);
#2107 = CARTESIAN_POINT('',(2.499998300941,4.958219780916,
    13.950343536409));
#2108 = VECTOR('',#2109,1.);
#2109 = DIRECTION('',(-1.,-4.371138828674E-08,4.371138828674E-08));
#2110 = ORIENTED_EDGE('',*,*,#2111,.F.);
#2111 = EDGE_CURVE('',#1913,#2104,#2112,.T.);
#2112 = LINE('',#2113,#2114);
#2113 = CARTESIAN_POINT('',(2.49999826218,4.438046474619,12.543425013034
    ));
#2114 = VECTOR('',#2115,1.);
#2115 = DIRECTION('',(2.584057633007E-08,0.346782204198,0.93794568225));
#2116 = ORIENTED_EDGE('',*,*,#1912,.T.);
#2117 = PLANE('',#2118);
#2118 = AXIS2_PLACEMENT_3D('',#2119,#2120,#2121);
#2119 = CARTESIAN_POINT('',(2.49999826218,4.438046474619,12.543425013034
    ));
#2120 = DIRECTION('',(5.615723948734E-08,-0.93794568225,0.346782204198)
  );
#2121 = DIRECTION('',(2.584057633007E-08,0.346782204198,0.93794568225));
#2122 = ADVANCED_FACE('',(#2123),#2135,.T.);
#2123 = FACE_BOUND('',#2124,.T.);
#2124 = EDGE_LOOP('',(#2125,#2126,#2127,#2134));
#2125 = ORIENTED_EDGE('',*,*,#1998,.T.);
#2126 = ORIENTED_EDGE('',*,*,#1748,.F.);
#2127 = ORIENTED_EDGE('',*,*,#2128,.F.);
#2128 = EDGE_CURVE('',#2104,#1741,#2129,.T.);
#2129 = CIRCLE('',#2130,1.5);
#2130 = AXIS2_PLACEMENT_3D('',#2131,#2132,#2133);
#2131 = CARTESIAN_POINT('',(2.499998385177,3.551301257541,
    14.470516842706));
#2132 = DIRECTION('',(1.,4.371138828674E-08,-4.371138828674E-08));
#2133 = DIRECTION('',(-4.371138828674E-08,-1.910685465954E-15,-1.));
#2134 = ORIENTED_EDGE('',*,*,#2103,.T.);
#2135 = CYLINDRICAL_SURFACE('',#2136,1.5);
#2136 = AXIS2_PLACEMENT_3D('',#2137,#2138,#2139);
#2137 = CARTESIAN_POINT('',(2.499998385177,3.551301257541,
    14.470516842706));
#2138 = DIRECTION('',(-1.,-4.371138828674E-08,4.371138828674E-08));
#2139 = DIRECTION('',(4.371138828674E-08,1.910685465954E-15,1.));
#2140 = ADVANCED_FACE('',(#2141,#2152),#2158,.F.);
#2141 = FACE_BOUND('',#2142,.T.);
#2142 = EDGE_LOOP('',(#2143));
#2143 = ORIENTED_EDGE('',*,*,#2144,.T.);
#2144 = EDGE_CURVE('',#2145,#2145,#2147,.T.);
#2145 = VERTEX_POINT('',#2146);
#2146 = CARTESIAN_POINT('',(2.499998407033,3.551301257541,
    14.970516842706));
#2147 = CIRCLE('',#2148,0.5);
#2148 = AXIS2_PLACEMENT_3D('',#2149,#2150,#2151);
#2149 = CARTESIAN_POINT('',(2.499998385177,3.551301257541,
    14.470516842706));
#2150 = DIRECTION('',(-1.,-4.371138828674E-08,4.371138828674E-08));
#2151 = DIRECTION('',(4.371138828674E-08,1.910685465954E-15,1.));
#2152 = FACE_BOUND('',#2153,.T.);
#2153 = EDGE_LOOP('',(#2154,#2155,#2156,#2157));
#2154 = ORIENTED_EDGE('',*,*,#2111,.T.);
#2155 = ORIENTED_EDGE('',*,*,#2128,.T.);
#2156 = ORIENTED_EDGE('',*,*,#1740,.F.);
#2157 = ORIENTED_EDGE('',*,*,#1922,.F.);
#2158 = PLANE('',#2159);
#2159 = AXIS2_PLACEMENT_3D('',#2160,#2161,#2162);
#2160 = CARTESIAN_POINT('',(2.499998112833,7.135688346047,
    11.824398710112));
#2161 = DIRECTION('',(-1.,-4.371138828674E-08,4.371138828674E-08));
#2162 = DIRECTION('',(-4.371138828674E-08,1.,1.05172749102E-31));
#2163 = ADVANCED_FACE('',(#2164,#2175),#2211,.T.);
#2164 = FACE_BOUND('',#2165,.T.);
#2165 = EDGE_LOOP('',(#2166,#2167,#2172,#2173,#2174));
#2166 = ORIENTED_EDGE('',*,*,#2144,.F.);
#2167 = ORIENTED_EDGE('',*,*,#2168,.F.);
#2168 = EDGE_CURVE('',#2073,#2145,#2169,.T.);
#2169 = B_SPLINE_CURVE_WITH_KNOTS('',1,(#2170,#2171),.UNSPECIFIED.,.F.,
  .F.,(2,2),(1.402,4.402),.PIECEWISE_BEZIER_KNOTS.);
#2170 = CARTESIAN_POINT('',(5.499998407033,3.551301388675,
    14.970516711572));
#2171 = CARTESIAN_POINT('',(2.499998407033,3.551301257541,
    14.970516842706));
#2172 = ORIENTED_EDGE('',*,*,#2070,.F.);
#2173 = ORIENTED_EDGE('',*,*,#2081,.F.);
#2174 = ORIENTED_EDGE('',*,*,#2168,.T.);
#2175 = FACE_BOUND('',#2176,.T.);
#2176 = EDGE_LOOP('',(#2177,#2187,#2196,#2204));
#2177 = ORIENTED_EDGE('',*,*,#2178,.F.);
#2178 = EDGE_CURVE('',#2179,#2181,#2183,.T.);
#2179 = VERTEX_POINT('',#2180);
#2180 = CARTESIAN_POINT('',(5.399998355947,4.000584359357,
    14.251097463536));
#2181 = VERTEX_POINT('',#2182);
#2182 = CARTESIAN_POINT('',(2.599998355947,4.000584236966,
    14.251097585928));
#2183 = LINE('',#2184,#2185);
#2184 = CARTESIAN_POINT('',(5.399998355947,4.000584359357,
    14.251097463536));
#2185 = VECTOR('',#2186,1.);
#2186 = DIRECTION('',(-1.,-4.371138828674E-08,4.371138828674E-08));
#2187 = ORIENTED_EDGE('',*,*,#2188,.T.);
#2188 = EDGE_CURVE('',#2179,#2189,#2191,.T.);
#2189 = VERTEX_POINT('',#2190);
#2190 = CARTESIAN_POINT('',(5.399998358531,4.035262579777,
    14.344892031761));
#2191 = CIRCLE('',#2192,0.5);
#2192 = AXIS2_PLACEMENT_3D('',#2193,#2194,#2195);
#2193 = CARTESIAN_POINT('',(5.399998385177,3.551301384304,
    14.470516715943));
#2194 = DIRECTION('',(1.,4.371138828674E-08,-4.371138828674E-08));
#2195 = DIRECTION('',(-4.371138828674E-08,-1.910685465954E-15,-1.));
#2196 = ORIENTED_EDGE('',*,*,#2197,.T.);
#2197 = EDGE_CURVE('',#2189,#2198,#2200,.T.);
#2198 = VERTEX_POINT('',#2199);
#2199 = CARTESIAN_POINT('',(2.599998358531,4.035262457385,
    14.344892154153));
#2200 = LINE('',#2201,#2202);
#2201 = CARTESIAN_POINT('',(5.399998358531,4.035262579777,
    14.344892031761));
#2202 = VECTOR('',#2203,1.);
#2203 = DIRECTION('',(-1.,-4.371138828674E-08,4.371138828674E-08));
#2204 = ORIENTED_EDGE('',*,*,#2205,.F.);
#2205 = EDGE_CURVE('',#2181,#2198,#2206,.T.);
#2206 = CIRCLE('',#2207,0.5);
#2207 = AXIS2_PLACEMENT_3D('',#2208,#2209,#2210);
#2208 = CARTESIAN_POINT('',(2.599998385177,3.551301261912,
    14.470516838335));
#2209 = DIRECTION('',(1.,4.371138828674E-08,-4.371138828674E-08));
#2210 = DIRECTION('',(-4.371138828674E-08,-1.910685465954E-15,-1.));
#2211 = CYLINDRICAL_SURFACE('',#2212,0.5);
#2212 = AXIS2_PLACEMENT_3D('',#2213,#2214,#2215);
#2213 = CARTESIAN_POINT('',(6.901998385177,3.551301449958,
    14.470516650289));
#2214 = DIRECTION('',(-1.,-4.371138828674E-08,4.371138828674E-08));
#2215 = DIRECTION('',(4.371138828674E-08,1.910685465954E-15,1.));
#2216 = ADVANCED_FACE('',(#2217),#2253,.F.);
#2217 = FACE_BOUND('',#2218,.F.);
#2218 = EDGE_LOOP('',(#2219,#2229,#2238,#2246));
#2219 = ORIENTED_EDGE('',*,*,#2220,.F.);
#2220 = EDGE_CURVE('',#2221,#2223,#2225,.T.);
#2221 = VERTEX_POINT('',#2222);
#2222 = CARTESIAN_POINT('',(5.399998327798,4.470734790554,14.07727097665
    ));
#2223 = VERTEX_POINT('',#2224);
#2224 = CARTESIAN_POINT('',(2.599998327798,4.470734668162,
    14.077271099042));
#2225 = LINE('',#2226,#2227);
#2226 = CARTESIAN_POINT('',(5.399998327798,4.470734790554,14.07727097665
    ));
#2227 = VECTOR('',#2228,1.);
#2228 = DIRECTION('',(-1.,-4.371138828674E-08,4.371138828674E-08));
#2229 = ORIENTED_EDGE('',*,*,#2230,.F.);
#2230 = EDGE_CURVE('',#2231,#2221,#2233,.T.);
#2231 = VERTEX_POINT('',#2232);
#2232 = CARTESIAN_POINT('',(5.399998330382,4.505413010973,
    14.171065544875));
#2233 = CIRCLE('',#2234,1.);
#2234 = AXIS2_PLACEMENT_3D('',#2235,#2236,#2237);
#2235 = CARTESIAN_POINT('',(5.399998385177,3.551301384304,
    14.470516715943));
#2236 = DIRECTION('',(1.,4.371138828674E-08,-4.371138828674E-08));
#2237 = DIRECTION('',(-4.371138828674E-08,-1.910685465954E-15,-1.));
#2238 = ORIENTED_EDGE('',*,*,#2239,.T.);
#2239 = EDGE_CURVE('',#2231,#2240,#2242,.T.);
#2240 = VERTEX_POINT('',#2241);
#2241 = CARTESIAN_POINT('',(2.599998330382,4.505412888582,
    14.171065667267));
#2242 = LINE('',#2243,#2244);
#2243 = CARTESIAN_POINT('',(5.399998330382,4.505413010973,
    14.171065544875));
#2244 = VECTOR('',#2245,1.);
#2245 = DIRECTION('',(-1.,-4.371138828674E-08,4.371138828674E-08));
#2246 = ORIENTED_EDGE('',*,*,#2247,.T.);
#2247 = EDGE_CURVE('',#2240,#2223,#2248,.T.);
#2248 = CIRCLE('',#2249,1.);
#2249 = AXIS2_PLACEMENT_3D('',#2250,#2251,#2252);
#2250 = CARTESIAN_POINT('',(2.599998385177,3.551301261912,
    14.470516838335));
#2251 = DIRECTION('',(1.,4.371138828674E-08,-4.371138828674E-08));
#2252 = DIRECTION('',(-4.371138828674E-08,-1.910685465954E-15,-1.));
#2253 = CYLINDRICAL_SURFACE('',#2254,1.);
#2254 = AXIS2_PLACEMENT_3D('',#2255,#2256,#2257);
#2255 = CARTESIAN_POINT('',(5.399998385177,3.551301384304,
    14.470516715943));
#2256 = DIRECTION('',(-1.,-4.371138828674E-08,4.371138828674E-08));
#2257 = DIRECTION('',(4.371138828674E-08,1.910685465954E-15,1.));
#2258 = ADVANCED_FACE('',(#2259),#2275,.T.);
#2259 = FACE_BOUND('',#2260,.T.);
#2260 = EDGE_LOOP('',(#2261,#2267,#2268,#2274));
#2261 = ORIENTED_EDGE('',*,*,#2262,.F.);
#2262 = EDGE_CURVE('',#2198,#2240,#2263,.T.);
#2263 = LINE('',#2264,#2265);
#2264 = CARTESIAN_POINT('',(2.599998344457,4.270337672983,14.25797891071
    ));
#2265 = VECTOR('',#2266,1.);
#2266 = DIRECTION('',(-5.615723948734E-08,0.93794568225,-0.346782204198)
  );
#2267 = ORIENTED_EDGE('',*,*,#2197,.F.);
#2268 = ORIENTED_EDGE('',*,*,#2269,.T.);
#2269 = EDGE_CURVE('',#2189,#2231,#2270,.T.);
#2270 = LINE('',#2271,#2272);
#2271 = CARTESIAN_POINT('',(5.399998344457,4.270337795375,
    14.257978788318));
#2272 = VECTOR('',#2273,1.);
#2273 = DIRECTION('',(-5.615723948734E-08,0.93794568225,-0.346782204198)
  );
#2274 = ORIENTED_EDGE('',*,*,#2239,.T.);
#2275 = PLANE('',#2276);
#2276 = AXIS2_PLACEMENT_3D('',#2277,#2278,#2279);
#2277 = CARTESIAN_POINT('',(5.399998344457,4.270337795375,
    14.257978788318));
#2278 = DIRECTION('',(2.584057633007E-08,0.346782204198,0.93794568225));
#2279 = DIRECTION('',(-5.615723948734E-08,0.93794568225,-0.346782204198)
  );
#2280 = ADVANCED_FACE('',(#2281),#2297,.F.);
#2281 = FACE_BOUND('',#2282,.T.);
#2282 = EDGE_LOOP('',(#2283,#2289,#2290,#2296));
#2283 = ORIENTED_EDGE('',*,*,#2284,.T.);
#2284 = EDGE_CURVE('',#2181,#2223,#2285,.T.);
#2285 = LINE('',#2286,#2287);
#2286 = CARTESIAN_POINT('',(2.599998341873,4.235659452564,
    14.164184342485));
#2287 = VECTOR('',#2288,1.);
#2288 = DIRECTION('',(-5.615723948734E-08,0.93794568225,-0.346782204198)
  );
#2289 = ORIENTED_EDGE('',*,*,#2220,.F.);
#2290 = ORIENTED_EDGE('',*,*,#2291,.F.);
#2291 = EDGE_CURVE('',#2179,#2221,#2292,.T.);
#2292 = LINE('',#2293,#2294);
#2293 = CARTESIAN_POINT('',(5.399998341873,4.235659574955,
    14.164184220093));
#2294 = VECTOR('',#2295,1.);
#2295 = DIRECTION('',(-5.615723948734E-08,0.93794568225,-0.346782204198)
  );
#2296 = ORIENTED_EDGE('',*,*,#2178,.T.);
#2297 = PLANE('',#2298);
#2298 = AXIS2_PLACEMENT_3D('',#2299,#2300,#2301);
#2299 = CARTESIAN_POINT('',(5.399998341873,4.235659574955,
    14.164184220093));
#2300 = DIRECTION('',(2.584057633007E-08,0.346782204198,0.93794568225));
#2301 = DIRECTION('',(-5.615723948734E-08,0.93794568225,-0.346782204198)
  );
#2302 = ADVANCED_FACE('',(#2303),#2329,.T.);
#2303 = FACE_BOUND('',#2304,.T.);
#2304 = EDGE_LOOP('',(#2305,#2314,#2321,#2328));
#2305 = ORIENTED_EDGE('',*,*,#2306,.F.);
#2306 = EDGE_CURVE('',#2307,#2307,#2309,.T.);
#2307 = VERTEX_POINT('',#2308);
#2308 = CARTESIAN_POINT('',(5.399998275899,3.551301384304,
    11.970516715943));
#2309 = CIRCLE('',#2310,2.5);
#2310 = AXIS2_PLACEMENT_3D('',#2311,#2312,#2313);
#2311 = CARTESIAN_POINT('',(5.399998385177,3.551301384304,
    14.470516715943));
#2312 = DIRECTION('',(1.,4.371138828674E-08,-4.371138828674E-08));
#2313 = DIRECTION('',(-4.371138828674E-08,-1.910685465954E-15,-1.));
#2314 = ORIENTED_EDGE('',*,*,#2315,.T.);
#2315 = EDGE_CURVE('',#2307,#2316,#2318,.T.);
#2316 = VERTEX_POINT('',#2317);
#2317 = CARTESIAN_POINT('',(2.599998275899,3.551301261912,
    11.970516838335));
#2318 = B_SPLINE_CURVE_WITH_KNOTS('',1,(#2319,#2320),.UNSPECIFIED.,.F.,
  .F.,(2,2),(0.,2.8),.PIECEWISE_BEZIER_KNOTS.);
#2319 = CARTESIAN_POINT('',(5.399998275899,3.551301384304,
    11.970516715943));
#2320 = CARTESIAN_POINT('',(2.599998275899,3.551301261912,
    11.970516838335));
#2321 = ORIENTED_EDGE('',*,*,#2322,.T.);
#2322 = EDGE_CURVE('',#2316,#2316,#2323,.T.);
#2323 = CIRCLE('',#2324,2.5);
#2324 = AXIS2_PLACEMENT_3D('',#2325,#2326,#2327);
#2325 = CARTESIAN_POINT('',(2.599998385177,3.551301261912,
    14.470516838335));
#2326 = DIRECTION('',(1.,4.371138828674E-08,-4.371138828674E-08));
#2327 = DIRECTION('',(-4.371138828674E-08,-1.910685465954E-15,-1.));
#2328 = ORIENTED_EDGE('',*,*,#2315,.F.);
#2329 = CYLINDRICAL_SURFACE('',#2330,2.5);
#2330 = AXIS2_PLACEMENT_3D('',#2331,#2332,#2333);
#2331 = CARTESIAN_POINT('',(5.399998385177,3.551301384304,
    14.470516715943));
#2332 = DIRECTION('',(-1.,-4.371138828674E-08,4.371138828674E-08));
#2333 = DIRECTION('',(4.371138828674E-08,1.910685465954E-15,1.));
#2334 = ADVANCED_FACE('',(#2335,#2341),#2344,.T.);
#2335 = FACE_BOUND('',#2336,.T.);
#2336 = EDGE_LOOP('',(#2337,#2338,#2339,#2340));
#2337 = ORIENTED_EDGE('',*,*,#2230,.F.);
#2338 = ORIENTED_EDGE('',*,*,#2269,.F.);
#2339 = ORIENTED_EDGE('',*,*,#2188,.F.);
#2340 = ORIENTED_EDGE('',*,*,#2291,.T.);
#2341 = FACE_BOUND('',#2342,.T.);
#2342 = EDGE_LOOP('',(#2343));
#2343 = ORIENTED_EDGE('',*,*,#2306,.T.);
#2344 = PLANE('',#2345);
#2345 = AXIS2_PLACEMENT_3D('',#2346,#2347,#2348);
#2346 = CARTESIAN_POINT('',(5.399998385177,3.551301384304,
    14.470516715943));
#2347 = DIRECTION('',(1.,4.371138828674E-08,-4.371138828674E-08));
#2348 = DIRECTION('',(-4.371138828674E-08,1.,1.05172749102E-31));
#2349 = ADVANCED_FACE('',(#2350,#2356),#2359,.F.);
#2350 = FACE_BOUND('',#2351,.T.);
#2351 = EDGE_LOOP('',(#2352,#2353,#2354,#2355));
#2352 = ORIENTED_EDGE('',*,*,#2247,.T.);
#2353 = ORIENTED_EDGE('',*,*,#2284,.F.);
#2354 = ORIENTED_EDGE('',*,*,#2205,.T.);
#2355 = ORIENTED_EDGE('',*,*,#2262,.T.);
#2356 = FACE_BOUND('',#2357,.T.);
#2357 = EDGE_LOOP('',(#2358));
#2358 = ORIENTED_EDGE('',*,*,#2322,.F.);
#2359 = PLANE('',#2360);
#2360 = AXIS2_PLACEMENT_3D('',#2361,#2362,#2363);
#2361 = CARTESIAN_POINT('',(2.599998385177,3.551301261912,
    14.470516838335));
#2362 = DIRECTION('',(1.,4.371138828674E-08,-4.371138828674E-08));
#2363 = DIRECTION('',(-4.371138828674E-08,1.,1.05172749102E-31));
#2364 = ( GEOMETRIC_REPRESENTATION_CONTEXT(3) 
GLOBAL_UNCERTAINTY_ASSIGNED_CONTEXT((#2368)) 
GLOBAL_UNIT_ASSIGNED_CONTEXT((#2365,#2366,#2367)) REPRESENTATION_CONTEXT
('Context #1','3D Context with UNIT and UNCERTAINTY') );
#2365 = ( LENGTH_UNIT() NAMED_UNIT(*) SI_UNIT(.MILLI.,.METRE.) );
#2366 = ( NAMED_UNIT(*) PLANE_ANGLE_UNIT() SI_UNIT($,.RADIAN.) );
#2367 = ( NAMED_UNIT(*) SI_UNIT($,.STERADIAN.) SOLID_ANGLE_UNIT() );
#2368 = UNCERTAINTY_MEASURE_WITH_UNIT(LENGTH_MEASURE(1.E-06),#2365,
  'distance_accuracy_value','confusion accuracy');
#2369 = PRODUCT_RELATED_PRODUCT_CATEGORY('part',$,(#588));
#2370 = SHAPE_DEFINITION_REPRESENTATION(#2371,#2377);
#2371 = PRODUCT_DEFINITION_SHAPE('','',#2372);
#2372 = PRODUCT_DEFINITION('design','',#2373,#2376);
#2373 = PRODUCT_DEFINITION_FORMATION('','',#2374);
#2374 = PRODUCT('Open CASCADE STEP translator 7.5 3',
  'Open CASCADE STEP translator 7.5 3','',(#2375));
#2375 = PRODUCT_CONTEXT('',#2,'mechanical');
#2376 = PRODUCT_DEFINITION_CONTEXT('part definition',#2,'design');
#2377 = ADVANCED_BREP_SHAPE_REPRESENTATION('',(#11,#2378),#3031);
#2378 = MANIFOLD_SOLID_BREP('',#2379);
#2379 = CLOSED_SHELL('',(#2380,#2420,#2499,#2531,#2635,#2660,#2684,#2708
    ,#2746,#2763,#2788,#2812,#2829,#2853,#2877,#2894,#2918,#2934,#2946,
    #2963,#2985,#3002,#3019));
#2380 = ADVANCED_FACE('',(#2381),#2415,.F.);
#2381 = FACE_BOUND('',#2382,.F.);
#2382 = EDGE_LOOP('',(#2383,#2393,#2401,#2409));
#2383 = ORIENTED_EDGE('',*,*,#2384,.F.);
#2384 = EDGE_CURVE('',#2385,#2387,#2389,.T.);
#2385 = VERTEX_POINT('',#2386);
#2386 = CARTESIAN_POINT('',(1.269500076294,21.420001983643,0.));
#2387 = VERTEX_POINT('',#2388);
#2388 = CARTESIAN_POINT('',(1.269500076294,21.420001983643,5.381));
#2389 = LINE('',#2390,#2391);
#2390 = CARTESIAN_POINT('',(1.269500076294,21.420001983643,0.));
#2391 = VECTOR('',#2392,1.);
#2392 = DIRECTION('',(0.,0.,1.));
#2393 = ORIENTED_EDGE('',*,*,#2394,.T.);
#2394 = EDGE_CURVE('',#2385,#2395,#2397,.T.);
#2395 = VERTEX_POINT('',#2396);
#2396 = CARTESIAN_POINT('',(1.269500076294,24.301001983643,0.));
#2397 = LINE('',#2398,#2399);
#2398 = CARTESIAN_POINT('',(1.269500076294,21.420001983643,0.));
#2399 = VECTOR('',#2400,1.);
#2400 = DIRECTION('',(0.,1.,0.));
#2401 = ORIENTED_EDGE('',*,*,#2402,.T.);
#2402 = EDGE_CURVE('',#2395,#2403,#2405,.T.);
#2403 = VERTEX_POINT('',#2404);
#2404 = CARTESIAN_POINT('',(1.269500076294,24.301001983643,5.381));
#2405 = LINE('',#2406,#2407);
#2406 = CARTESIAN_POINT('',(1.269500076294,24.301001983643,0.));
#2407 = VECTOR('',#2408,1.);
#2408 = DIRECTION('',(0.,0.,1.));
#2409 = ORIENTED_EDGE('',*,*,#2410,.F.);
#2410 = EDGE_CURVE('',#2387,#2403,#2411,.T.);
#2411 = LINE('',#2412,#2413);
#2412 = CARTESIAN_POINT('',(1.269500076294,21.420001983643,5.381));
#2413 = VECTOR('',#2414,1.);
#2414 = DIRECTION('',(0.,1.,0.));
#2415 = PLANE('',#2416);
#2416 = AXIS2_PLACEMENT_3D('',#2417,#2418,#2419);
#2417 = CARTESIAN_POINT('',(1.269500076294,21.420001983643,0.));
#2418 = DIRECTION('',(1.,0.,0.));
#2419 = DIRECTION('',(0.,0.,1.));
#2420 = ADVANCED_FACE('',(#2421),#2494,.F.);
#2421 = FACE_BOUND('',#2422,.F.);
#2422 = EDGE_LOOP('',(#2423,#2431,#2432,#2440,#2448,#2456,#2464,#2472,
    #2480,#2488));
#2423 = ORIENTED_EDGE('',*,*,#2424,.F.);
#2424 = EDGE_CURVE('',#2385,#2425,#2427,.T.);
#2425 = VERTEX_POINT('',#2426);
#2426 = CARTESIAN_POINT('',(3.775493673267,21.420001983643,0.));
#2427 = LINE('',#2428,#2429);
#2428 = CARTESIAN_POINT('',(1.269500076294,21.420001983643,0.));
#2429 = VECTOR('',#2430,1.);
#2430 = DIRECTION('',(1.,0.,0.));
#2431 = ORIENTED_EDGE('',*,*,#2384,.T.);
#2432 = ORIENTED_EDGE('',*,*,#2433,.T.);
#2433 = EDGE_CURVE('',#2387,#2434,#2436,.T.);
#2434 = VERTEX_POINT('',#2435);
#2435 = CARTESIAN_POINT('',(3.775493673267,21.420001983643,5.381));
#2436 = LINE('',#2437,#2438);
#2437 = CARTESIAN_POINT('',(1.269500076294,21.420001983643,5.381));
#2438 = VECTOR('',#2439,1.);
#2439 = DIRECTION('',(1.,0.,0.));
#2440 = ORIENTED_EDGE('',*,*,#2441,.T.);
#2441 = EDGE_CURVE('',#2434,#2442,#2444,.T.);
#2442 = VERTEX_POINT('',#2443);
#2443 = CARTESIAN_POINT('',(4.000000076294,21.420001983643,
    5.156493596973));
#2444 = LINE('',#2445,#2446);
#2445 = CARTESIAN_POINT('',(3.775493673267,21.420001983643,5.381));
#2446 = VECTOR('',#2447,1.);
#2447 = DIRECTION('',(0.707106781187,0.,-0.707106781187));
#2448 = ORIENTED_EDGE('',*,*,#2449,.T.);
#2449 = EDGE_CURVE('',#2442,#2450,#2452,.T.);
#2450 = VERTEX_POINT('',#2451);
#2451 = CARTESIAN_POINT('',(4.224506479321,21.420001983643,5.381));
#2452 = LINE('',#2453,#2454);
#2453 = CARTESIAN_POINT('',(4.000000076294,21.420001983643,
    5.156493596973));
#2454 = VECTOR('',#2455,1.);
#2455 = DIRECTION('',(0.707106781187,0.,0.707106781187));
#2456 = ORIENTED_EDGE('',*,*,#2457,.T.);
#2457 = EDGE_CURVE('',#2450,#2458,#2460,.T.);
#2458 = VERTEX_POINT('',#2459);
#2459 = CARTESIAN_POINT('',(6.730500076294,21.420001983643,5.381));
#2460 = LINE('',#2461,#2462);
#2461 = CARTESIAN_POINT('',(1.269500076294,21.420001983643,5.381));
#2462 = VECTOR('',#2463,1.);
#2463 = DIRECTION('',(1.,0.,0.));
#2464 = ORIENTED_EDGE('',*,*,#2465,.F.);
#2465 = EDGE_CURVE('',#2466,#2458,#2468,.T.);
#2466 = VERTEX_POINT('',#2467);
#2467 = CARTESIAN_POINT('',(6.730500076294,21.420001983643,0.));
#2468 = LINE('',#2469,#2470);
#2469 = CARTESIAN_POINT('',(6.730500076294,21.420001983643,0.));
#2470 = VECTOR('',#2471,1.);
#2471 = DIRECTION('',(0.,0.,1.));
#2472 = ORIENTED_EDGE('',*,*,#2473,.F.);
#2473 = EDGE_CURVE('',#2474,#2466,#2476,.T.);
#2474 = VERTEX_POINT('',#2475);
#2475 = CARTESIAN_POINT('',(4.224506479321,21.420001983643,
    -2.775557561563E-17));
#2476 = LINE('',#2477,#2478);
#2477 = CARTESIAN_POINT('',(1.269500076294,21.420001983643,0.));
#2478 = VECTOR('',#2479,1.);
#2479 = DIRECTION('',(1.,0.,0.));
#2480 = ORIENTED_EDGE('',*,*,#2481,.F.);
#2481 = EDGE_CURVE('',#2482,#2474,#2484,.T.);
#2482 = VERTEX_POINT('',#2483);
#2483 = CARTESIAN_POINT('',(4.000000076294,21.420001983643,
    0.224506403027));
#2484 = LINE('',#2485,#2486);
#2485 = CARTESIAN_POINT('',(4.000000076294,21.420001983643,
    0.224506403027));
#2486 = VECTOR('',#2487,1.);
#2487 = DIRECTION('',(0.707106781187,0.,-0.707106781187));
#2488 = ORIENTED_EDGE('',*,*,#2489,.F.);
#2489 = EDGE_CURVE('',#2425,#2482,#2490,.T.);
#2490 = LINE('',#2491,#2492);
#2491 = CARTESIAN_POINT('',(3.775493673267,21.420001983643,0.));
#2492 = VECTOR('',#2493,1.);
#2493 = DIRECTION('',(0.707106781187,0.,0.707106781187));
#2494 = PLANE('',#2495);
#2495 = AXIS2_PLACEMENT_3D('',#2496,#2497,#2498);
#2496 = CARTESIAN_POINT('',(1.269500076294,21.420001983643,0.));
#2497 = DIRECTION('',(0.,1.,0.));
#2498 = DIRECTION('',(0.,0.,1.));
#2499 = ADVANCED_FACE('',(#2500),#2526,.T.);
#2500 = FACE_BOUND('',#2501,.T.);
#2501 = EDGE_LOOP('',(#2502,#2510,#2511,#2512,#2520));
#2502 = ORIENTED_EDGE('',*,*,#2503,.F.);
#2503 = EDGE_CURVE('',#2403,#2504,#2506,.T.);
#2504 = VERTEX_POINT('',#2505);
#2505 = CARTESIAN_POINT('',(3.775493673267,24.301001983643,5.381));
#2506 = LINE('',#2507,#2508);
#2507 = CARTESIAN_POINT('',(1.269500076294,24.301001983643,5.381));
#2508 = VECTOR('',#2509,1.);
#2509 = DIRECTION('',(1.,0.,0.));
#2510 = ORIENTED_EDGE('',*,*,#2410,.F.);
#2511 = ORIENTED_EDGE('',*,*,#2433,.T.);
#2512 = ORIENTED_EDGE('',*,*,#2513,.T.);
#2513 = EDGE_CURVE('',#2434,#2514,#2516,.T.);
#2514 = VERTEX_POINT('',#2515);
#2515 = CARTESIAN_POINT('',(3.775493673267,23.960001983643,5.381));
#2516 = LINE('',#2517,#2518);
#2517 = CARTESIAN_POINT('',(3.775493673267,21.420001983643,5.381));
#2518 = VECTOR('',#2519,1.);
#2519 = DIRECTION('',(0.,1.,0.));
#2520 = ORIENTED_EDGE('',*,*,#2521,.T.);
#2521 = EDGE_CURVE('',#2514,#2504,#2522,.T.);
#2522 = LINE('',#2523,#2524);
#2523 = CARTESIAN_POINT('',(3.775493673267,21.420001983643,5.381));
#2524 = VECTOR('',#2525,1.);
#2525 = DIRECTION('',(0.,1.,0.));
#2526 = PLANE('',#2527);
#2527 = AXIS2_PLACEMENT_3D('',#2528,#2529,#2530);
#2528 = CARTESIAN_POINT('',(1.269500076294,21.420001983643,5.381));
#2529 = DIRECTION('',(0.,0.,1.));
#2530 = DIRECTION('',(1.,0.,0.));
#2531 = ADVANCED_FACE('',(#2532),#2630,.T.);
#2532 = FACE_BOUND('',#2533,.T.);
#2533 = EDGE_LOOP('',(#2534,#2542,#2543,#2544,#2552,#2560,#2568,#2576,
    #2584,#2592,#2600,#2608,#2616,#2624));
#2534 = ORIENTED_EDGE('',*,*,#2535,.F.);
#2535 = EDGE_CURVE('',#2395,#2536,#2538,.T.);
#2536 = VERTEX_POINT('',#2537);
#2537 = CARTESIAN_POINT('',(3.775493673267,24.301001983643,0.));
#2538 = LINE('',#2539,#2540);
#2539 = CARTESIAN_POINT('',(1.269500076294,24.301001983643,0.));
#2540 = VECTOR('',#2541,1.);
#2541 = DIRECTION('',(1.,0.,0.));
#2542 = ORIENTED_EDGE('',*,*,#2402,.T.);
#2543 = ORIENTED_EDGE('',*,*,#2503,.T.);
#2544 = ORIENTED_EDGE('',*,*,#2545,.T.);
#2545 = EDGE_CURVE('',#2504,#2546,#2548,.T.);
#2546 = VERTEX_POINT('',#2547);
#2547 = CARTESIAN_POINT('',(4.000000076294,24.301001983643,
    5.156493596973));
#2548 = LINE('',#2549,#2550);
#2549 = CARTESIAN_POINT('',(3.775493673267,24.301001983643,5.381));
#2550 = VECTOR('',#2551,1.);
#2551 = DIRECTION('',(0.707106781187,0.,-0.707106781187));
#2552 = ORIENTED_EDGE('',*,*,#2553,.T.);
#2553 = EDGE_CURVE('',#2546,#2554,#2556,.T.);
#2554 = VERTEX_POINT('',#2555);
#2555 = CARTESIAN_POINT('',(4.224506479321,24.301001983643,5.381));
#2556 = LINE('',#2557,#2558);
#2557 = CARTESIAN_POINT('',(4.000000076294,24.301001983643,
    5.156493596973));
#2558 = VECTOR('',#2559,1.);
#2559 = DIRECTION('',(0.707106781187,0.,0.707106781187));
#2560 = ORIENTED_EDGE('',*,*,#2561,.T.);
#2561 = EDGE_CURVE('',#2554,#2562,#2564,.T.);
#2562 = VERTEX_POINT('',#2563);
#2563 = CARTESIAN_POINT('',(6.730500076294,24.301001983643,5.381));
#2564 = LINE('',#2565,#2566);
#2565 = CARTESIAN_POINT('',(1.269500076294,24.301001983643,5.381));
#2566 = VECTOR('',#2567,1.);
#2567 = DIRECTION('',(1.,0.,0.));
#2568 = ORIENTED_EDGE('',*,*,#2569,.F.);
#2569 = EDGE_CURVE('',#2570,#2562,#2572,.T.);
#2570 = VERTEX_POINT('',#2571);
#2571 = CARTESIAN_POINT('',(6.730500076294,24.301001983643,0.));
#2572 = LINE('',#2573,#2574);
#2573 = CARTESIAN_POINT('',(6.730500076294,24.301001983643,0.));
#2574 = VECTOR('',#2575,1.);
#2575 = DIRECTION('',(0.,0.,1.));
#2576 = ORIENTED_EDGE('',*,*,#2577,.F.);
#2577 = EDGE_CURVE('',#2578,#2570,#2580,.T.);
#2578 = VERTEX_POINT('',#2579);
#2579 = CARTESIAN_POINT('',(5.587500076294,24.301001983643,0.));
#2580 = LINE('',#2581,#2582);
#2581 = CARTESIAN_POINT('',(1.269500076294,24.301001983643,0.));
#2582 = VECTOR('',#2583,1.);
#2583 = DIRECTION('',(1.,0.,0.));
#2584 = ORIENTED_EDGE('',*,*,#2585,.T.);
#2585 = EDGE_CURVE('',#2578,#2586,#2588,.T.);
#2586 = VERTEX_POINT('',#2587);
#2587 = CARTESIAN_POINT('',(5.587500076294,24.301001983643,
    6.785714285714E-02));
#2588 = LINE('',#2589,#2590);
#2589 = CARTESIAN_POINT('',(5.587500076294,24.301001983643,0.));
#2590 = VECTOR('',#2591,1.);
#2591 = DIRECTION('',(0.,0.,1.));
#2592 = ORIENTED_EDGE('',*,*,#2593,.F.);
#2593 = EDGE_CURVE('',#2594,#2586,#2596,.T.);
#2594 = VERTEX_POINT('',#2595);
#2595 = CARTESIAN_POINT('',(4.952500076294,24.301001983643,
    6.785714285714E-02));
#2596 = LINE('',#2597,#2598);
#2597 = CARTESIAN_POINT('',(4.952500076294,24.301001983643,
    6.785714285714E-02));
#2598 = VECTOR('',#2599,1.);
#2599 = DIRECTION('',(1.,0.,0.));
#2600 = ORIENTED_EDGE('',*,*,#2601,.F.);
#2601 = EDGE_CURVE('',#2602,#2594,#2604,.T.);
#2602 = VERTEX_POINT('',#2603);
#2603 = CARTESIAN_POINT('',(4.952500076294,24.301001983643,0.));
#2604 = LINE('',#2605,#2606);
#2605 = CARTESIAN_POINT('',(4.952500076294,24.301001983643,0.));
#2606 = VECTOR('',#2607,1.);
#2607 = DIRECTION('',(0.,0.,1.));
#2608 = ORIENTED_EDGE('',*,*,#2609,.F.);
#2609 = EDGE_CURVE('',#2610,#2602,#2612,.T.);
#2610 = VERTEX_POINT('',#2611);
#2611 = CARTESIAN_POINT('',(4.224506479321,24.301001983643,
    -2.775557561563E-17));
#2612 = LINE('',#2613,#2614);
#2613 = CARTESIAN_POINT('',(1.269500076294,24.301001983643,0.));
#2614 = VECTOR('',#2615,1.);
#2615 = DIRECTION('',(1.,0.,0.));
#2616 = ORIENTED_EDGE('',*,*,#2617,.F.);
#2617 = EDGE_CURVE('',#2618,#2610,#2620,.T.);
#2618 = VERTEX_POINT('',#2619);
#2619 = CARTESIAN_POINT('',(4.000000076294,24.301001983643,
    0.224506403027));
#2620 = LINE('',#2621,#2622);
#2621 = CARTESIAN_POINT('',(4.000000076294,24.301001983643,
    0.224506403027));
#2622 = VECTOR('',#2623,1.);
#2623 = DIRECTION('',(0.707106781187,0.,-0.707106781187));
#2624 = ORIENTED_EDGE('',*,*,#2625,.F.);
#2625 = EDGE_CURVE('',#2536,#2618,#2626,.T.);
#2626 = LINE('',#2627,#2628);
#2627 = CARTESIAN_POINT('',(3.775493673267,24.301001983643,0.));
#2628 = VECTOR('',#2629,1.);
#2629 = DIRECTION('',(0.707106781187,0.,0.707106781187));
#2630 = PLANE('',#2631);
#2631 = AXIS2_PLACEMENT_3D('',#2632,#2633,#2634);
#2632 = CARTESIAN_POINT('',(1.269500076294,24.301001983643,0.));
#2633 = DIRECTION('',(0.,1.,0.));
#2634 = DIRECTION('',(0.,0.,1.));
#2635 = ADVANCED_FACE('',(#2636),#2655,.F.);
#2636 = FACE_BOUND('',#2637,.F.);
#2637 = EDGE_LOOP('',(#2638,#2639,#2640,#2641,#2649));
#2638 = ORIENTED_EDGE('',*,*,#2535,.F.);
#2639 = ORIENTED_EDGE('',*,*,#2394,.F.);
#2640 = ORIENTED_EDGE('',*,*,#2424,.T.);
#2641 = ORIENTED_EDGE('',*,*,#2642,.T.);
#2642 = EDGE_CURVE('',#2425,#2643,#2645,.T.);
#2643 = VERTEX_POINT('',#2644);
#2644 = CARTESIAN_POINT('',(3.775493673267,23.960001983643,0.));
#2645 = LINE('',#2646,#2647);
#2646 = CARTESIAN_POINT('',(3.775493673267,21.420001983643,0.));
#2647 = VECTOR('',#2648,1.);
#2648 = DIRECTION('',(0.,1.,0.));
#2649 = ORIENTED_EDGE('',*,*,#2650,.T.);
#2650 = EDGE_CURVE('',#2643,#2536,#2651,.T.);
#2651 = LINE('',#2652,#2653);
#2652 = CARTESIAN_POINT('',(3.775493673267,21.420001983643,0.));
#2653 = VECTOR('',#2654,1.);
#2654 = DIRECTION('',(0.,1.,0.));
#2655 = PLANE('',#2656);
#2656 = AXIS2_PLACEMENT_3D('',#2657,#2658,#2659);
#2657 = CARTESIAN_POINT('',(1.269500076294,21.420001983643,0.));
#2658 = DIRECTION('',(0.,0.,1.));
#2659 = DIRECTION('',(1.,0.,0.));
#2660 = ADVANCED_FACE('',(#2661),#2679,.T.);
#2661 = FACE_BOUND('',#2662,.T.);
#2662 = EDGE_LOOP('',(#2663,#2671,#2672,#2673));
#2663 = ORIENTED_EDGE('',*,*,#2664,.F.);
#2664 = EDGE_CURVE('',#2482,#2665,#2667,.T.);
#2665 = VERTEX_POINT('',#2666);
#2666 = CARTESIAN_POINT('',(4.000000076294,23.735495580616,
    0.224506403027));
#2667 = LINE('',#2668,#2669);
#2668 = CARTESIAN_POINT('',(4.000000076294,21.420001983643,
    0.224506403027));
#2669 = VECTOR('',#2670,1.);
#2670 = DIRECTION('',(0.,1.,0.));
#2671 = ORIENTED_EDGE('',*,*,#2489,.F.);
#2672 = ORIENTED_EDGE('',*,*,#2642,.T.);
#2673 = ORIENTED_EDGE('',*,*,#2674,.F.);
#2674 = EDGE_CURVE('',#2665,#2643,#2675,.T.);
#2675 = LINE('',#2676,#2677);
#2676 = CARTESIAN_POINT('',(4.273662474276,23.461833182634,
    0.498168801009));
#2677 = VECTOR('',#2678,1.);
#2678 = DIRECTION('',(-0.57735026919,0.57735026919,-0.57735026919));
#2679 = PLANE('',#2680);
#2680 = AXIS2_PLACEMENT_3D('',#2681,#2682,#2683);
#2681 = CARTESIAN_POINT('',(3.775493673267,21.420001983643,0.));
#2682 = DIRECTION('',(0.707106781187,0.,-0.707106781187));
#2683 = DIRECTION('',(0.707106781187,0.,0.707106781187));
#2684 = ADVANCED_FACE('',(#2685),#2703,.F.);
#2685 = FACE_BOUND('',#2686,.F.);
#2686 = EDGE_LOOP('',(#2687,#2688,#2689,#2697));
#2687 = ORIENTED_EDGE('',*,*,#2664,.F.);
#2688 = ORIENTED_EDGE('',*,*,#2481,.T.);
#2689 = ORIENTED_EDGE('',*,*,#2690,.T.);
#2690 = EDGE_CURVE('',#2474,#2691,#2693,.T.);
#2691 = VERTEX_POINT('',#2692);
#2692 = CARTESIAN_POINT('',(4.224506479321,23.960001983643,0.));
#2693 = LINE('',#2694,#2695);
#2694 = CARTESIAN_POINT('',(4.224506479321,21.420001983643,
    -2.775557561563E-17));
#2695 = VECTOR('',#2696,1.);
#2696 = DIRECTION('',(0.,1.,0.));
#2697 = ORIENTED_EDGE('',*,*,#2698,.F.);
#2698 = EDGE_CURVE('',#2665,#2691,#2699,.T.);
#2699 = LINE('',#2700,#2701);
#2700 = CARTESIAN_POINT('',(3.651502210636,23.386997714959,
    0.573004268684));
#2701 = VECTOR('',#2702,1.);
#2702 = DIRECTION('',(0.57735026919,0.57735026919,-0.57735026919));
#2703 = PLANE('',#2704);
#2704 = AXIS2_PLACEMENT_3D('',#2705,#2706,#2707);
#2705 = CARTESIAN_POINT('',(4.000000076294,21.420001983643,
    0.224506403027));
#2706 = DIRECTION('',(0.707106781187,0.,0.707106781187));
#2707 = DIRECTION('',(0.707106781187,0.,-0.707106781187));
#2708 = ADVANCED_FACE('',(#2709),#2741,.F.);
#2709 = FACE_BOUND('',#2710,.F.);
#2710 = EDGE_LOOP('',(#2711,#2712,#2718,#2719,#2720,#2726,#2727,#2735));
#2711 = ORIENTED_EDGE('',*,*,#2609,.F.);
#2712 = ORIENTED_EDGE('',*,*,#2713,.F.);
#2713 = EDGE_CURVE('',#2691,#2610,#2714,.T.);
#2714 = LINE('',#2715,#2716);
#2715 = CARTESIAN_POINT('',(4.224506479321,21.420001983643,
    -2.775557561563E-17));
#2716 = VECTOR('',#2717,1.);
#2717 = DIRECTION('',(0.,1.,0.));
#2718 = ORIENTED_EDGE('',*,*,#2690,.F.);
#2719 = ORIENTED_EDGE('',*,*,#2473,.T.);
#2720 = ORIENTED_EDGE('',*,*,#2721,.T.);
#2721 = EDGE_CURVE('',#2466,#2570,#2722,.T.);
#2722 = LINE('',#2723,#2724);
#2723 = CARTESIAN_POINT('',(6.730500076294,21.420001983643,0.));
#2724 = VECTOR('',#2725,1.);
#2725 = DIRECTION('',(0.,1.,0.));
#2726 = ORIENTED_EDGE('',*,*,#2577,.F.);
#2727 = ORIENTED_EDGE('',*,*,#2728,.T.);
#2728 = EDGE_CURVE('',#2578,#2729,#2731,.T.);
#2729 = VERTEX_POINT('',#2730);
#2730 = CARTESIAN_POINT('',(5.270000076294,23.666001983643,0.));
#2731 = LINE('',#2732,#2733);
#2732 = CARTESIAN_POINT('',(5.587500076294,24.301001983643,0.));
#2733 = VECTOR('',#2734,1.);
#2734 = DIRECTION('',(-0.4472135955,-0.894427191,0.));
#2735 = ORIENTED_EDGE('',*,*,#2736,.F.);
#2736 = EDGE_CURVE('',#2602,#2729,#2737,.T.);
#2737 = LINE('',#2738,#2739);
#2738 = CARTESIAN_POINT('',(4.952500076294,24.301001983643,0.));
#2739 = VECTOR('',#2740,1.);
#2740 = DIRECTION('',(0.4472135955,-0.894427191,0.));
#2741 = PLANE('',#2742);
#2742 = AXIS2_PLACEMENT_3D('',#2743,#2744,#2745);
#2743 = CARTESIAN_POINT('',(1.269500076294,21.420001983643,0.));
#2744 = DIRECTION('',(0.,0.,1.));
#2745 = DIRECTION('',(1.,0.,0.));
#2746 = ADVANCED_FACE('',(#2747),#2758,.T.);
#2747 = FACE_BOUND('',#2748,.T.);
#2748 = EDGE_LOOP('',(#2749,#2750,#2751,#2752));
#2749 = ORIENTED_EDGE('',*,*,#2465,.F.);
#2750 = ORIENTED_EDGE('',*,*,#2721,.T.);
#2751 = ORIENTED_EDGE('',*,*,#2569,.T.);
#2752 = ORIENTED_EDGE('',*,*,#2753,.F.);
#2753 = EDGE_CURVE('',#2458,#2562,#2754,.T.);
#2754 = LINE('',#2755,#2756);
#2755 = CARTESIAN_POINT('',(6.730500076294,21.420001983643,5.381));
#2756 = VECTOR('',#2757,1.);
#2757 = DIRECTION('',(0.,1.,0.));
#2758 = PLANE('',#2759);
#2759 = AXIS2_PLACEMENT_3D('',#2760,#2761,#2762);
#2760 = CARTESIAN_POINT('',(6.730500076294,21.420001983643,0.));
#2761 = DIRECTION('',(1.,0.,0.));
#2762 = DIRECTION('',(0.,0.,1.));
#2763 = ADVANCED_FACE('',(#2764),#2783,.T.);
#2764 = FACE_BOUND('',#2765,.T.);
#2765 = EDGE_LOOP('',(#2766,#2767,#2775,#2781,#2782));
#2766 = ORIENTED_EDGE('',*,*,#2561,.F.);
#2767 = ORIENTED_EDGE('',*,*,#2768,.F.);
#2768 = EDGE_CURVE('',#2769,#2554,#2771,.T.);
#2769 = VERTEX_POINT('',#2770);
#2770 = CARTESIAN_POINT('',(4.224506479321,23.960001983643,5.381));
#2771 = LINE('',#2772,#2773);
#2772 = CARTESIAN_POINT('',(4.224506479321,21.420001983643,5.381));
#2773 = VECTOR('',#2774,1.);
#2774 = DIRECTION('',(0.,1.,0.));
#2775 = ORIENTED_EDGE('',*,*,#2776,.F.);
#2776 = EDGE_CURVE('',#2450,#2769,#2777,.T.);
#2777 = LINE('',#2778,#2779);
#2778 = CARTESIAN_POINT('',(4.224506479321,21.420001983643,5.381));
#2779 = VECTOR('',#2780,1.);
#2780 = DIRECTION('',(0.,1.,0.));
#2781 = ORIENTED_EDGE('',*,*,#2457,.T.);
#2782 = ORIENTED_EDGE('',*,*,#2753,.T.);
#2783 = PLANE('',#2784);
#2784 = AXIS2_PLACEMENT_3D('',#2785,#2786,#2787);
#2785 = CARTESIAN_POINT('',(1.269500076294,21.420001983643,5.381));
#2786 = DIRECTION('',(0.,0.,1.));
#2787 = DIRECTION('',(1.,0.,0.));
#2788 = ADVANCED_FACE('',(#2789),#2807,.F.);
#2789 = FACE_BOUND('',#2790,.F.);
#2790 = EDGE_LOOP('',(#2791,#2792,#2793,#2801));
#2791 = ORIENTED_EDGE('',*,*,#2776,.F.);
#2792 = ORIENTED_EDGE('',*,*,#2449,.F.);
#2793 = ORIENTED_EDGE('',*,*,#2794,.T.);
#2794 = EDGE_CURVE('',#2442,#2795,#2797,.T.);
#2795 = VERTEX_POINT('',#2796);
#2796 = CARTESIAN_POINT('',(4.000000076294,23.735495580616,
    5.156493596973));
#2797 = LINE('',#2798,#2799);
#2798 = CARTESIAN_POINT('',(4.000000076294,21.420001983643,
    5.156493596973));
#2799 = VECTOR('',#2800,1.);
#2800 = DIRECTION('',(0.,1.,0.));
#2801 = ORIENTED_EDGE('',*,*,#2802,.F.);
#2802 = EDGE_CURVE('',#2769,#2795,#2803,.T.);
#2803 = LINE('',#2804,#2805);
#2804 = CARTESIAN_POINT('',(2.754668877303,22.490164381625,
    3.911162397982));
#2805 = VECTOR('',#2806,1.);
#2806 = DIRECTION('',(-0.57735026919,-0.57735026919,-0.57735026919));
#2807 = PLANE('',#2808);
#2808 = AXIS2_PLACEMENT_3D('',#2809,#2810,#2811);
#2809 = CARTESIAN_POINT('',(4.000000076294,21.420001983643,
    5.156493596973));
#2810 = DIRECTION('',(0.707106781187,0.,-0.707106781187));
#2811 = DIRECTION('',(0.707106781187,0.,0.707106781187));
#2812 = ADVANCED_FACE('',(#2813),#2824,.T.);
#2813 = FACE_BOUND('',#2814,.T.);
#2814 = EDGE_LOOP('',(#2815,#2816,#2817,#2818));
#2815 = ORIENTED_EDGE('',*,*,#2513,.F.);
#2816 = ORIENTED_EDGE('',*,*,#2441,.T.);
#2817 = ORIENTED_EDGE('',*,*,#2794,.T.);
#2818 = ORIENTED_EDGE('',*,*,#2819,.F.);
#2819 = EDGE_CURVE('',#2514,#2795,#2820,.T.);
#2820 = LINE('',#2821,#2822);
#2821 = CARTESIAN_POINT('',(5.170495807609,22.564999849301,
    3.985997865658));
#2822 = VECTOR('',#2823,1.);
#2823 = DIRECTION('',(0.57735026919,-0.57735026919,-0.57735026919));
#2824 = PLANE('',#2825);
#2825 = AXIS2_PLACEMENT_3D('',#2826,#2827,#2828);
#2826 = CARTESIAN_POINT('',(3.775493673267,21.420001983643,5.381));
#2827 = DIRECTION('',(0.707106781187,0.,0.707106781187));
#2828 = DIRECTION('',(0.707106781187,0.,-0.707106781187));
#2829 = ADVANCED_FACE('',(#2830),#2848,.T.);
#2830 = FACE_BOUND('',#2831,.T.);
#2831 = EDGE_LOOP('',(#2832,#2833,#2841,#2847));
#2832 = ORIENTED_EDGE('',*,*,#2521,.F.);
#2833 = ORIENTED_EDGE('',*,*,#2834,.T.);
#2834 = EDGE_CURVE('',#2514,#2835,#2837,.T.);
#2835 = VERTEX_POINT('',#2836);
#2836 = CARTESIAN_POINT('',(4.000000076294,24.18450838667,5.156493596973
    ));
#2837 = LINE('',#2838,#2839);
#2838 = CARTESIAN_POINT('',(4.248993673267,24.433501983643,4.9075));
#2839 = VECTOR('',#2840,1.);
#2840 = DIRECTION('',(0.57735026919,0.57735026919,-0.57735026919));
#2841 = ORIENTED_EDGE('',*,*,#2842,.T.);
#2842 = EDGE_CURVE('',#2835,#2546,#2843,.T.);
#2843 = LINE('',#2844,#2845);
#2844 = CARTESIAN_POINT('',(4.000000076294,21.420001983643,
    5.156493596973));
#2845 = VECTOR('',#2846,1.);
#2846 = DIRECTION('',(0.,1.,0.));
#2847 = ORIENTED_EDGE('',*,*,#2545,.F.);
#2848 = PLANE('',#2849);
#2849 = AXIS2_PLACEMENT_3D('',#2850,#2851,#2852);
#2850 = CARTESIAN_POINT('',(3.775493673267,21.420001983643,5.381));
#2851 = DIRECTION('',(0.707106781187,0.,0.707106781187));
#2852 = DIRECTION('',(0.707106781187,0.,-0.707106781187));
#2853 = ADVANCED_FACE('',(#2854),#2872,.T.);
#2854 = FACE_BOUND('',#2855,.T.);
#2855 = EDGE_LOOP('',(#2856,#2864,#2865,#2866));
#2856 = ORIENTED_EDGE('',*,*,#2857,.T.);
#2857 = EDGE_CURVE('',#2858,#2643,#2860,.T.);
#2858 = VERTEX_POINT('',#2859);
#2859 = CARTESIAN_POINT('',(4.000000076294,24.18450838667,0.224506403027
    ));
#2860 = LINE('',#2861,#2862);
#2861 = CARTESIAN_POINT('',(3.352160339934,23.53666865031,
    -0.423333333333));
#2862 = VECTOR('',#2863,1.);
#2863 = DIRECTION('',(-0.57735026919,-0.57735026919,-0.57735026919));
#2864 = ORIENTED_EDGE('',*,*,#2650,.T.);
#2865 = ORIENTED_EDGE('',*,*,#2625,.T.);
#2866 = ORIENTED_EDGE('',*,*,#2867,.F.);
#2867 = EDGE_CURVE('',#2858,#2618,#2868,.T.);
#2868 = LINE('',#2869,#2870);
#2869 = CARTESIAN_POINT('',(4.000000076294,21.420001983643,
    0.224506403027));
#2870 = VECTOR('',#2871,1.);
#2871 = DIRECTION('',(0.,1.,0.));
#2872 = PLANE('',#2873);
#2873 = AXIS2_PLACEMENT_3D('',#2874,#2875,#2876);
#2874 = CARTESIAN_POINT('',(3.775493673267,21.420001983643,0.));
#2875 = DIRECTION('',(0.707106781187,0.,-0.707106781187));
#2876 = DIRECTION('',(0.707106781187,0.,0.707106781187));
#2877 = ADVANCED_FACE('',(#2878),#2889,.F.);
#2878 = FACE_BOUND('',#2879,.F.);
#2879 = EDGE_LOOP('',(#2880,#2881,#2887,#2888));
#2880 = ORIENTED_EDGE('',*,*,#2867,.F.);
#2881 = ORIENTED_EDGE('',*,*,#2882,.T.);
#2882 = EDGE_CURVE('',#2858,#2691,#2883,.T.);
#2883 = LINE('',#2884,#2885);
#2884 = CARTESIAN_POINT('',(4.573004344978,23.611504117985,
    -0.348497865658));
#2885 = VECTOR('',#2886,1.);
#2886 = DIRECTION('',(0.57735026919,-0.57735026919,-0.57735026919));
#2887 = ORIENTED_EDGE('',*,*,#2713,.T.);
#2888 = ORIENTED_EDGE('',*,*,#2617,.F.);
#2889 = PLANE('',#2890);
#2890 = AXIS2_PLACEMENT_3D('',#2891,#2892,#2893);
#2891 = CARTESIAN_POINT('',(4.000000076294,21.420001983643,
    0.224506403027));
#2892 = DIRECTION('',(0.707106781187,0.,0.707106781187));
#2893 = DIRECTION('',(0.707106781187,0.,-0.707106781187));
#2894 = ADVANCED_FACE('',(#2895),#2913,.T.);
#2895 = FACE_BOUND('',#2896,.T.);
#2896 = EDGE_LOOP('',(#2897,#2898,#2906,#2912));
#2897 = ORIENTED_EDGE('',*,*,#2601,.T.);
#2898 = ORIENTED_EDGE('',*,*,#2899,.T.);
#2899 = EDGE_CURVE('',#2594,#2900,#2902,.T.);
#2900 = VERTEX_POINT('',#2901);
#2901 = CARTESIAN_POINT('',(5.270000076294,23.666001983643,
    6.785714285714E-02));
#2902 = LINE('',#2903,#2904);
#2903 = CARTESIAN_POINT('',(4.952500076294,24.301001983643,
    6.785714285714E-02));
#2904 = VECTOR('',#2905,1.);
#2905 = DIRECTION('',(0.4472135955,-0.894427191,0.));
#2906 = ORIENTED_EDGE('',*,*,#2907,.F.);
#2907 = EDGE_CURVE('',#2729,#2900,#2908,.T.);
#2908 = LINE('',#2909,#2910);
#2909 = CARTESIAN_POINT('',(5.270000076294,23.666001983643,0.));
#2910 = VECTOR('',#2911,1.);
#2911 = DIRECTION('',(0.,0.,1.));
#2912 = ORIENTED_EDGE('',*,*,#2736,.F.);
#2913 = PLANE('',#2914);
#2914 = AXIS2_PLACEMENT_3D('',#2915,#2916,#2917);
#2915 = CARTESIAN_POINT('',(4.952500076294,24.301001983643,0.));
#2916 = DIRECTION('',(0.894427191,0.4472135955,0.));
#2917 = DIRECTION('',(0.4472135955,-0.894427191,0.));
#2918 = ADVANCED_FACE('',(#2919),#2929,.T.);
#2919 = FACE_BOUND('',#2920,.T.);
#2920 = EDGE_LOOP('',(#2921,#2922,#2928));
#2921 = ORIENTED_EDGE('',*,*,#2593,.T.);
#2922 = ORIENTED_EDGE('',*,*,#2923,.T.);
#2923 = EDGE_CURVE('',#2586,#2900,#2924,.T.);
#2924 = LINE('',#2925,#2926);
#2925 = CARTESIAN_POINT('',(5.587500076294,24.301001983643,
    6.785714285714E-02));
#2926 = VECTOR('',#2927,1.);
#2927 = DIRECTION('',(-0.4472135955,-0.894427191,0.));
#2928 = ORIENTED_EDGE('',*,*,#2899,.F.);
#2929 = PLANE('',#2930);
#2930 = AXIS2_PLACEMENT_3D('',#2931,#2932,#2933);
#2931 = CARTESIAN_POINT('',(5.270000076294,24.081614879357,
    6.785714285714E-02));
#2932 = DIRECTION('',(-0.,-0.,-1.));
#2933 = DIRECTION('',(-1.,0.,0.));
#2934 = ADVANCED_FACE('',(#2935),#2941,.F.);
#2935 = FACE_BOUND('',#2936,.F.);
#2936 = EDGE_LOOP('',(#2937,#2938,#2939,#2940));
#2937 = ORIENTED_EDGE('',*,*,#2585,.T.);
#2938 = ORIENTED_EDGE('',*,*,#2923,.T.);
#2939 = ORIENTED_EDGE('',*,*,#2907,.F.);
#2940 = ORIENTED_EDGE('',*,*,#2728,.F.);
#2941 = PLANE('',#2942);
#2942 = AXIS2_PLACEMENT_3D('',#2943,#2944,#2945);
#2943 = CARTESIAN_POINT('',(5.587500076294,24.301001983643,0.));
#2944 = DIRECTION('',(0.894427191,-0.4472135955,0.));
#2945 = DIRECTION('',(-0.4472135955,-0.894427191,0.));
#2946 = ADVANCED_FACE('',(#2947),#2958,.F.);
#2947 = FACE_BOUND('',#2948,.F.);
#2948 = EDGE_LOOP('',(#2949,#2950,#2956,#2957));
#2949 = ORIENTED_EDGE('',*,*,#2768,.F.);
#2950 = ORIENTED_EDGE('',*,*,#2951,.T.);
#2951 = EDGE_CURVE('',#2769,#2835,#2952,.T.);
#2952 = LINE('',#2953,#2954);
#2953 = CARTESIAN_POINT('',(3.676171011645,24.508337451319,
    4.832664532324));
#2954 = VECTOR('',#2955,1.);
#2955 = DIRECTION('',(-0.57735026919,0.57735026919,-0.57735026919));
#2956 = ORIENTED_EDGE('',*,*,#2842,.T.);
#2957 = ORIENTED_EDGE('',*,*,#2553,.T.);
#2958 = PLANE('',#2959);
#2959 = AXIS2_PLACEMENT_3D('',#2960,#2961,#2962);
#2960 = CARTESIAN_POINT('',(4.000000076294,21.420001983643,
    5.156493596973));
#2961 = DIRECTION('',(0.707106781187,0.,-0.707106781187));
#2962 = DIRECTION('',(0.707106781187,0.,0.707106781187));
#2963 = ADVANCED_FACE('',(#2964),#2980,.T.);
#2964 = FACE_BOUND('',#2965,.T.);
#2965 = EDGE_LOOP('',(#2966,#2972,#2973,#2979));
#2966 = ORIENTED_EDGE('',*,*,#2967,.F.);
#2967 = EDGE_CURVE('',#2665,#2795,#2968,.T.);
#2968 = LINE('',#2969,#2970);
#2969 = CARTESIAN_POINT('',(4.000000076294,23.735495580616,0.));
#2970 = VECTOR('',#2971,1.);
#2971 = DIRECTION('',(0.,0.,1.));
#2972 = ORIENTED_EDGE('',*,*,#2674,.T.);
#2973 = ORIENTED_EDGE('',*,*,#2974,.T.);
#2974 = EDGE_CURVE('',#2643,#2514,#2975,.T.);
#2975 = LINE('',#2976,#2977);
#2976 = CARTESIAN_POINT('',(3.775493673267,23.960001983643,0.));
#2977 = VECTOR('',#2978,1.);
#2978 = DIRECTION('',(0.,0.,1.));
#2979 = ORIENTED_EDGE('',*,*,#2819,.T.);
#2980 = PLANE('',#2981);
#2981 = AXIS2_PLACEMENT_3D('',#2982,#2983,#2984);
#2982 = CARTESIAN_POINT('',(4.000000076294,23.735495580616,0.));
#2983 = DIRECTION('',(0.707106781187,0.707106781187,0.));
#2984 = DIRECTION('',(0.,0.,1.));
#2985 = ADVANCED_FACE('',(#2986),#2997,.T.);
#2986 = FACE_BOUND('',#2987,.T.);
#2987 = EDGE_LOOP('',(#2988,#2994,#2995,#2996));
#2988 = ORIENTED_EDGE('',*,*,#2989,.F.);
#2989 = EDGE_CURVE('',#2691,#2769,#2990,.T.);
#2990 = LINE('',#2991,#2992);
#2991 = CARTESIAN_POINT('',(4.224506479321,23.960001983643,0.));
#2992 = VECTOR('',#2993,1.);
#2993 = DIRECTION('',(0.,0.,1.));
#2994 = ORIENTED_EDGE('',*,*,#2698,.F.);
#2995 = ORIENTED_EDGE('',*,*,#2967,.T.);
#2996 = ORIENTED_EDGE('',*,*,#2802,.F.);
#2997 = PLANE('',#2998);
#2998 = AXIS2_PLACEMENT_3D('',#2999,#3000,#3001);
#2999 = CARTESIAN_POINT('',(4.000000076294,23.735495580616,0.));
#3000 = DIRECTION('',(-0.707106781187,0.707106781187,0.));
#3001 = DIRECTION('',(0.,0.,1.));
#3002 = ADVANCED_FACE('',(#3003),#3014,.F.);
#3003 = FACE_BOUND('',#3004,.F.);
#3004 = EDGE_LOOP('',(#3005,#3006,#3007,#3008));
#3005 = ORIENTED_EDGE('',*,*,#2857,.T.);
#3006 = ORIENTED_EDGE('',*,*,#2974,.T.);
#3007 = ORIENTED_EDGE('',*,*,#2834,.T.);
#3008 = ORIENTED_EDGE('',*,*,#3009,.F.);
#3009 = EDGE_CURVE('',#2858,#2835,#3010,.T.);
#3010 = LINE('',#3011,#3012);
#3011 = CARTESIAN_POINT('',(4.000000076294,24.18450838667,0.));
#3012 = VECTOR('',#3013,1.);
#3013 = DIRECTION('',(0.,0.,1.));
#3014 = PLANE('',#3015);
#3015 = AXIS2_PLACEMENT_3D('',#3016,#3017,#3018);
#3016 = CARTESIAN_POINT('',(3.775493673267,23.960001983643,0.));
#3017 = DIRECTION('',(-0.707106781187,0.707106781187,0.));
#3018 = DIRECTION('',(0.,0.,1.));
#3019 = ADVANCED_FACE('',(#3020),#3026,.F.);
#3020 = FACE_BOUND('',#3021,.F.);
#3021 = EDGE_LOOP('',(#3022,#3023,#3024,#3025));
#3022 = ORIENTED_EDGE('',*,*,#2951,.F.);
#3023 = ORIENTED_EDGE('',*,*,#2989,.F.);
#3024 = ORIENTED_EDGE('',*,*,#2882,.F.);
#3025 = ORIENTED_EDGE('',*,*,#3009,.T.);
#3026 = PLANE('',#3027);
#3027 = AXIS2_PLACEMENT_3D('',#3028,#3029,#3030);
#3028 = CARTESIAN_POINT('',(4.224506479321,23.960001983643,0.));
#3029 = DIRECTION('',(0.707106781187,0.707106781187,0.));
#3030 = DIRECTION('',(0.,0.,1.));
#3031 = ( GEOMETRIC_REPRESENTATION_CONTEXT(3) 
GLOBAL_UNCERTAINTY_ASSIGNED_CONTEXT((#3035)) 
GLOBAL_UNIT_ASSIGNED_CONTEXT((#3032,#3033,#3034)) REPRESENTATION_CONTEXT
('Context #1','3D Context with UNIT and UNCERTAINTY') );
#3032 = ( LENGTH_UNIT() NAMED_UNIT(*) SI_UNIT(.MILLI.,.METRE.) );
#3033 = ( NAMED_UNIT(*) PLANE_ANGLE_UNIT() SI_UNIT($,.RADIAN.) );
#3034 = ( NAMED_UNIT(*) SI_UNIT($,.STERADIAN.) SOLID_ANGLE_UNIT() );
#3035 = UNCERTAINTY_MEASURE_WITH_UNIT(LENGTH_MEASURE(1.E-07),#3032,
  'distance_accuracy_value','confusion accuracy');
#3036 = PRODUCT_RELATED_PRODUCT_CATEGORY('part',$,(#2374));
#3037 = SHAPE_DEFINITION_REPRESENTATION(#3038,#3044);
#3038 = PRODUCT_DEFINITION_SHAPE('','',#3039);
#3039 = PRODUCT_DEFINITION('design','',#3040,#3043);
#3040 = PRODUCT_DEFINITION_FORMATION('','',#3041);
#3041 = PRODUCT('Open CASCADE STEP translator 7.5 4',
  'Open CASCADE STEP translator 7.5 4','',(#3042));
#3042 = PRODUCT_CONTEXT('',#2,'mechanical');
#3043 = PRODUCT_DEFINITION_CONTEXT('part definition',#2,'design');
#3044 = SHAPE_REPRESENTATION('',(#11,#3045,#3523),#4001);
#3045 = MANIFOLD_SOLID_BREP('',#3046);
#3046 = CLOSED_SHELL('',(#3047,#3087,#3118,#3158,#3189,#3220,#3253,#3275
    ,#3299,#3323,#3340,#3371,#3388,#3405,#3441,#3473,#3490,#3511));
#3047 = ADVANCED_FACE('',(#3048),#3082,.T.);
#3048 = FACE_BOUND('',#3049,.T.);
#3049 = EDGE_LOOP('',(#3050,#3060,#3068,#3076));
#3050 = ORIENTED_EDGE('',*,*,#3051,.F.);
#3051 = EDGE_CURVE('',#3052,#3054,#3056,.T.);
#3052 = VERTEX_POINT('',#3053);
#3053 = CARTESIAN_POINT('',(4.950000076294,17.160001983643,-3.125));
#3054 = VERTEX_POINT('',#3055);
#3055 = CARTESIAN_POINT('',(5.206000076294,17.416001983643,-3.381));
#3056 = LINE('',#3057,#3058);
#3057 = CARTESIAN_POINT('',(5.035333409627,17.245335316976,
    -3.210333333333));
#3058 = VECTOR('',#3059,1.);
#3059 = DIRECTION('',(0.57735026919,0.57735026919,-0.57735026919));
#3060 = ORIENTED_EDGE('',*,*,#3061,.T.);
#3061 = EDGE_CURVE('',#3052,#3062,#3064,.T.);
#3062 = VERTEX_POINT('',#3063);
#3063 = CARTESIAN_POINT('',(4.950000076294,17.800001983643,-3.125));
#3064 = LINE('',#3065,#3066);
#3065 = CARTESIAN_POINT('',(4.950000076294,17.160001983643,-3.125));
#3066 = VECTOR('',#3067,1.);
#3067 = DIRECTION('',(0.,1.,0.));
#3068 = ORIENTED_EDGE('',*,*,#3069,.T.);
#3069 = EDGE_CURVE('',#3062,#3070,#3072,.T.);
#3070 = VERTEX_POINT('',#3071);
#3071 = CARTESIAN_POINT('',(5.206000076294,17.544001983643,-3.381));
#3072 = LINE('',#3073,#3074);
#3073 = CARTESIAN_POINT('',(5.142000076294,17.608001983643,-3.317));
#3074 = VECTOR('',#3075,1.);
#3075 = DIRECTION('',(0.57735026919,-0.57735026919,-0.57735026919));
#3076 = ORIENTED_EDGE('',*,*,#3077,.F.);
#3077 = EDGE_CURVE('',#3054,#3070,#3078,.T.);
#3078 = LINE('',#3079,#3080);
#3079 = CARTESIAN_POINT('',(5.206000076294,17.160001983643,-3.381));
#3080 = VECTOR('',#3081,1.);
#3081 = DIRECTION('',(0.,1.,0.));
#3082 = PLANE('',#3083);
#3083 = AXIS2_PLACEMENT_3D('',#3084,#3085,#3086);
#3084 = CARTESIAN_POINT('',(5.078000076294,17.160001983643,-3.253));
#3085 = DIRECTION('',(-0.707106781187,0.,-0.707106781187));
#3086 = DIRECTION('',(0.,1.,0.));
#3087 = ADVANCED_FACE('',(#3088),#3113,.F.);
#3088 = FACE_BOUND('',#3089,.T.);
#3089 = EDGE_LOOP('',(#3090,#3091,#3099,#3107));
#3090 = ORIENTED_EDGE('',*,*,#3069,.F.);
#3091 = ORIENTED_EDGE('',*,*,#3092,.T.);
#3092 = EDGE_CURVE('',#3062,#3093,#3095,.T.);
#3093 = VERTEX_POINT('',#3094);
#3094 = CARTESIAN_POINT('',(5.590000076294,17.800001983643,-3.125));
#3095 = LINE('',#3096,#3097);
#3096 = CARTESIAN_POINT('',(4.950000076294,17.800001983643,-3.125));
#3097 = VECTOR('',#3098,1.);
#3098 = DIRECTION('',(1.,0.,0.));
#3099 = ORIENTED_EDGE('',*,*,#3100,.T.);
#3100 = EDGE_CURVE('',#3093,#3101,#3103,.T.);
#3101 = VERTEX_POINT('',#3102);
#3102 = CARTESIAN_POINT('',(5.334000076294,17.544001983643,-3.381));
#3103 = LINE('',#3104,#3105);
#3104 = CARTESIAN_POINT('',(5.291333409627,17.501335316976,
    -3.423666666667));
#3105 = VECTOR('',#3106,1.);
#3106 = DIRECTION('',(-0.57735026919,-0.57735026919,-0.57735026919));
#3107 = ORIENTED_EDGE('',*,*,#3108,.F.);
#3108 = EDGE_CURVE('',#3070,#3101,#3109,.T.);
#3109 = LINE('',#3110,#3111);
#3110 = CARTESIAN_POINT('',(4.950000076294,17.544001983643,-3.381));
#3111 = VECTOR('',#3112,1.);
#3112 = DIRECTION('',(1.,0.,0.));
#3113 = PLANE('',#3114);
#3114 = AXIS2_PLACEMENT_3D('',#3115,#3116,#3117);
#3115 = CARTESIAN_POINT('',(4.950000076294,17.672001983643,-3.253));
#3116 = DIRECTION('',(0.,-0.707106781187,0.707106781187));
#3117 = DIRECTION('',(-1.,0.,0.));
#3118 = ADVANCED_FACE('',(#3119),#3153,.F.);
#3119 = FACE_BOUND('',#3120,.T.);
#3120 = EDGE_LOOP('',(#3121,#3131,#3139,#3147));
#3121 = ORIENTED_EDGE('',*,*,#3122,.F.);
#3122 = EDGE_CURVE('',#3123,#3125,#3127,.T.);
#3123 = VERTEX_POINT('',#3124);
#3124 = CARTESIAN_POINT('',(4.950000076294,30.426001983643,3.6405));
#3125 = VERTEX_POINT('',#3126);
#3126 = CARTESIAN_POINT('',(5.206000076294,30.682001983643,3.8965));
#3127 = LINE('',#3128,#3129);
#3128 = CARTESIAN_POINT('',(5.035333409627,30.511335316976,
    3.725833333333));
#3129 = VECTOR('',#3130,1.);
#3130 = DIRECTION('',(0.57735026919,0.57735026919,0.57735026919));
#3131 = ORIENTED_EDGE('',*,*,#3132,.T.);
#3132 = EDGE_CURVE('',#3123,#3133,#3135,.T.);
#3133 = VERTEX_POINT('',#3134);
#3134 = CARTESIAN_POINT('',(4.950000076294,30.426001983643,4.2805));
#3135 = LINE('',#3136,#3137);
#3136 = CARTESIAN_POINT('',(4.950000076294,30.426001983643,3.6405));
#3137 = VECTOR('',#3138,1.);
#3138 = DIRECTION('',(0.,0.,1.));
#3139 = ORIENTED_EDGE('',*,*,#3140,.T.);
#3140 = EDGE_CURVE('',#3133,#3141,#3143,.T.);
#3141 = VERTEX_POINT('',#3142);
#3142 = CARTESIAN_POINT('',(5.206000076294,30.682001983643,4.0245));
#3143 = LINE('',#3144,#3145);
#3144 = CARTESIAN_POINT('',(5.142000076294,30.618001983643,4.0885));
#3145 = VECTOR('',#3146,1.);
#3146 = DIRECTION('',(0.57735026919,0.57735026919,-0.57735026919));
#3147 = ORIENTED_EDGE('',*,*,#3148,.F.);
#3148 = EDGE_CURVE('',#3125,#3141,#3149,.T.);
#3149 = LINE('',#3150,#3151);
#3150 = CARTESIAN_POINT('',(5.206000076294,30.682001983643,3.6405));
#3151 = VECTOR('',#3152,1.);
#3152 = DIRECTION('',(0.,0.,1.));
#3153 = PLANE('',#3154);
#3154 = AXIS2_PLACEMENT_3D('',#3155,#3156,#3157);
#3155 = CARTESIAN_POINT('',(5.078000076294,30.554001983643,3.6405));
#3156 = DIRECTION('',(0.707106781187,-0.707106781187,0.));
#3157 = DIRECTION('',(0.,0.,-1.));
#3158 = ADVANCED_FACE('',(#3159),#3184,.F.);
#3159 = FACE_BOUND('',#3160,.T.);
#3160 = EDGE_LOOP('',(#3161,#3162,#3170,#3178));
#3161 = ORIENTED_EDGE('',*,*,#3122,.T.);
#3162 = ORIENTED_EDGE('',*,*,#3163,.T.);
#3163 = EDGE_CURVE('',#3125,#3164,#3166,.T.);
#3164 = VERTEX_POINT('',#3165);
#3165 = CARTESIAN_POINT('',(5.334000076294,30.682001983643,3.8965));
#3166 = LINE('',#3167,#3168);
#3167 = CARTESIAN_POINT('',(4.950000076294,30.682001983643,3.8965));
#3168 = VECTOR('',#3169,1.);
#3169 = DIRECTION('',(1.,0.,0.));
#3170 = ORIENTED_EDGE('',*,*,#3171,.F.);
#3171 = EDGE_CURVE('',#3172,#3164,#3174,.T.);
#3172 = VERTEX_POINT('',#3173);
#3173 = CARTESIAN_POINT('',(5.590000076294,30.426001983643,3.6405));
#3174 = LINE('',#3175,#3176);
#3175 = CARTESIAN_POINT('',(5.398000076294,30.618001983643,3.8325));
#3176 = VECTOR('',#3177,1.);
#3177 = DIRECTION('',(-0.57735026919,0.57735026919,0.57735026919));
#3178 = ORIENTED_EDGE('',*,*,#3179,.F.);
#3179 = EDGE_CURVE('',#3123,#3172,#3180,.T.);
#3180 = LINE('',#3181,#3182);
#3181 = CARTESIAN_POINT('',(4.950000076294,30.426001983643,3.6405));
#3182 = VECTOR('',#3183,1.);
#3183 = DIRECTION('',(1.,0.,0.));
#3184 = PLANE('',#3185);
#3185 = AXIS2_PLACEMENT_3D('',#3186,#3187,#3188);
#3186 = CARTESIAN_POINT('',(4.950000076294,30.554001983643,3.7685));
#3187 = DIRECTION('',(-3.471719944136E-18,-0.707106781187,0.707106781187
    ));
#3188 = DIRECTION('',(-1.,2.454876714879E-18,-2.454876714879E-18));
#3189 = ADVANCED_FACE('',(#3190),#3215,.F.);
#3190 = FACE_BOUND('',#3191,.F.);
#3191 = EDGE_LOOP('',(#3192,#3200,#3208,#3214));
#3192 = ORIENTED_EDGE('',*,*,#3193,.F.);
#3193 = EDGE_CURVE('',#3194,#3123,#3196,.T.);
#3194 = VERTEX_POINT('',#3195);
#3195 = CARTESIAN_POINT('',(4.950000076294,17.864001983643,3.6405));
#3196 = LINE('',#3197,#3198);
#3197 = CARTESIAN_POINT('',(4.950000076294,17.160001983643,3.6405));
#3198 = VECTOR('',#3199,1.);
#3199 = DIRECTION('',(0.,1.,0.));
#3200 = ORIENTED_EDGE('',*,*,#3201,.T.);
#3201 = EDGE_CURVE('',#3194,#3202,#3204,.T.);
#3202 = VERTEX_POINT('',#3203);
#3203 = CARTESIAN_POINT('',(5.590000076294,17.864001983643,3.6405));
#3204 = LINE('',#3205,#3206);
#3205 = CARTESIAN_POINT('',(4.950000076294,17.864001983643,3.6405));
#3206 = VECTOR('',#3207,1.);
#3207 = DIRECTION('',(1.,0.,0.));
#3208 = ORIENTED_EDGE('',*,*,#3209,.T.);
#3209 = EDGE_CURVE('',#3202,#3172,#3210,.T.);
#3210 = LINE('',#3211,#3212);
#3211 = CARTESIAN_POINT('',(5.590000076294,17.160001983643,3.6405));
#3212 = VECTOR('',#3213,1.);
#3213 = DIRECTION('',(0.,1.,0.));
#3214 = ORIENTED_EDGE('',*,*,#3179,.F.);
#3215 = PLANE('',#3216);
#3216 = AXIS2_PLACEMENT_3D('',#3217,#3218,#3219);
#3217 = CARTESIAN_POINT('',(4.950000076294,17.160001983643,3.6405));
#3218 = DIRECTION('',(0.,0.,1.));
#3219 = DIRECTION('',(1.,0.,0.));
#3220 = ADVANCED_FACE('',(#3221),#3248,.F.);
#3221 = FACE_BOUND('',#3222,.F.);
#3222 = EDGE_LOOP('',(#3223,#3232,#3240,#3247));
#3223 = ORIENTED_EDGE('',*,*,#3224,.T.);
#3224 = EDGE_CURVE('',#3194,#3225,#3227,.T.);
#3225 = VERTEX_POINT('',#3226);
#3226 = CARTESIAN_POINT('',(4.950000076294,17.800001983643,3.5765));
#3227 = CIRCLE('',#3228,6.4E-02);
#3228 = AXIS2_PLACEMENT_3D('',#3229,#3230,#3231);
#3229 = CARTESIAN_POINT('',(4.950000076294,17.864001983643,3.5765));
#3230 = DIRECTION('',(1.,0.,-0.));
#3231 = DIRECTION('',(0.,0.,1.));
#3232 = ORIENTED_EDGE('',*,*,#3233,.T.);
#3233 = EDGE_CURVE('',#3225,#3234,#3236,.T.);
#3234 = VERTEX_POINT('',#3235);
#3235 = CARTESIAN_POINT('',(5.590000076294,17.800001983643,3.5765));
#3236 = LINE('',#3237,#3238);
#3237 = CARTESIAN_POINT('',(4.950000076294,17.800001983643,3.5765));
#3238 = VECTOR('',#3239,1.);
#3239 = DIRECTION('',(1.,0.,0.));
#3240 = ORIENTED_EDGE('',*,*,#3241,.F.);
#3241 = EDGE_CURVE('',#3202,#3234,#3242,.T.);
#3242 = CIRCLE('',#3243,6.4E-02);
#3243 = AXIS2_PLACEMENT_3D('',#3244,#3245,#3246);
#3244 = CARTESIAN_POINT('',(5.590000076294,17.864001983643,3.5765));
#3245 = DIRECTION('',(1.,0.,-0.));
#3246 = DIRECTION('',(0.,0.,1.));
#3247 = ORIENTED_EDGE('',*,*,#3201,.F.);
#3248 = CYLINDRICAL_SURFACE('',#3249,6.4E-02);
#3249 = AXIS2_PLACEMENT_3D('',#3250,#3251,#3252);
#3250 = CARTESIAN_POINT('',(4.950000076294,17.864001983643,3.5765));
#3251 = DIRECTION('',(1.,0.,0.));
#3252 = DIRECTION('',(0.,0.,1.));
#3253 = ADVANCED_FACE('',(#3254),#3270,.T.);
#3254 = FACE_BOUND('',#3255,.T.);
#3255 = EDGE_LOOP('',(#3256,#3262,#3263,#3269));
#3256 = ORIENTED_EDGE('',*,*,#3257,.F.);
#3257 = EDGE_CURVE('',#3093,#3234,#3258,.T.);
#3258 = LINE('',#3259,#3260);
#3259 = CARTESIAN_POINT('',(5.590000076294,17.800001983643,-3.381));
#3260 = VECTOR('',#3261,1.);
#3261 = DIRECTION('',(0.,0.,1.));
#3262 = ORIENTED_EDGE('',*,*,#3092,.F.);
#3263 = ORIENTED_EDGE('',*,*,#3264,.T.);
#3264 = EDGE_CURVE('',#3062,#3225,#3265,.T.);
#3265 = LINE('',#3266,#3267);
#3266 = CARTESIAN_POINT('',(4.950000076294,17.800001983643,-3.381));
#3267 = VECTOR('',#3268,1.);
#3268 = DIRECTION('',(0.,0.,1.));
#3269 = ORIENTED_EDGE('',*,*,#3233,.T.);
#3270 = PLANE('',#3271);
#3271 = AXIS2_PLACEMENT_3D('',#3272,#3273,#3274);
#3272 = CARTESIAN_POINT('',(4.950000076294,17.800001983643,-3.381));
#3273 = DIRECTION('',(0.,1.,0.));
#3274 = DIRECTION('',(0.,0.,1.));
#3275 = ADVANCED_FACE('',(#3276),#3294,.T.);
#3276 = FACE_BOUND('',#3277,.T.);
#3277 = EDGE_LOOP('',(#3278,#3279,#3287,#3293));
#3278 = ORIENTED_EDGE('',*,*,#3148,.T.);
#3279 = ORIENTED_EDGE('',*,*,#3280,.T.);
#3280 = EDGE_CURVE('',#3141,#3281,#3283,.T.);
#3281 = VERTEX_POINT('',#3282);
#3282 = CARTESIAN_POINT('',(5.334000076294,30.682001983643,4.0245));
#3283 = LINE('',#3284,#3285);
#3284 = CARTESIAN_POINT('',(4.950000076294,30.682001983643,4.0245));
#3285 = VECTOR('',#3286,1.);
#3286 = DIRECTION('',(1.,0.,0.));
#3287 = ORIENTED_EDGE('',*,*,#3288,.F.);
#3288 = EDGE_CURVE('',#3164,#3281,#3289,.T.);
#3289 = LINE('',#3290,#3291);
#3290 = CARTESIAN_POINT('',(5.334000076294,30.682001983643,3.6405));
#3291 = VECTOR('',#3292,1.);
#3292 = DIRECTION('',(0.,0.,1.));
#3293 = ORIENTED_EDGE('',*,*,#3163,.F.);
#3294 = PLANE('',#3295);
#3295 = AXIS2_PLACEMENT_3D('',#3296,#3297,#3298);
#3296 = CARTESIAN_POINT('',(4.950000076294,30.682001983643,3.6405));
#3297 = DIRECTION('',(0.,1.,0.));
#3298 = DIRECTION('',(0.,0.,1.));
#3299 = ADVANCED_FACE('',(#3300),#3318,.T.);
#3300 = FACE_BOUND('',#3301,.F.);
#3301 = EDGE_LOOP('',(#3302,#3303,#3304,#3312));
#3302 = ORIENTED_EDGE('',*,*,#3140,.T.);
#3303 = ORIENTED_EDGE('',*,*,#3280,.T.);
#3304 = ORIENTED_EDGE('',*,*,#3305,.F.);
#3305 = EDGE_CURVE('',#3306,#3281,#3308,.T.);
#3306 = VERTEX_POINT('',#3307);
#3307 = CARTESIAN_POINT('',(5.590000076294,30.426001983643,4.2805));
#3308 = LINE('',#3309,#3310);
#3309 = CARTESIAN_POINT('',(5.291333409627,30.72466865031,3.981833333333
    ));
#3310 = VECTOR('',#3311,1.);
#3311 = DIRECTION('',(-0.57735026919,0.57735026919,-0.57735026919));
#3312 = ORIENTED_EDGE('',*,*,#3313,.F.);
#3313 = EDGE_CURVE('',#3133,#3306,#3314,.T.);
#3314 = LINE('',#3315,#3316);
#3315 = CARTESIAN_POINT('',(4.950000076294,30.426001983643,4.2805));
#3316 = VECTOR('',#3317,1.);
#3317 = DIRECTION('',(1.,0.,0.));
#3318 = PLANE('',#3319);
#3319 = AXIS2_PLACEMENT_3D('',#3320,#3321,#3322);
#3320 = CARTESIAN_POINT('',(4.950000076294,30.554001983643,4.1525));
#3321 = DIRECTION('',(3.471719944136E-18,0.707106781187,0.707106781187)
  );
#3322 = DIRECTION('',(-1.,2.454876714879E-18,2.454876714879E-18));
#3323 = ADVANCED_FACE('',(#3324),#3335,.T.);
#3324 = FACE_BOUND('',#3325,.F.);
#3325 = EDGE_LOOP('',(#3326,#3327,#3333,#3334));
#3326 = ORIENTED_EDGE('',*,*,#3171,.F.);
#3327 = ORIENTED_EDGE('',*,*,#3328,.T.);
#3328 = EDGE_CURVE('',#3172,#3306,#3329,.T.);
#3329 = LINE('',#3330,#3331);
#3330 = CARTESIAN_POINT('',(5.590000076294,30.426001983643,3.6405));
#3331 = VECTOR('',#3332,1.);
#3332 = DIRECTION('',(0.,0.,1.));
#3333 = ORIENTED_EDGE('',*,*,#3305,.T.);
#3334 = ORIENTED_EDGE('',*,*,#3288,.F.);
#3335 = PLANE('',#3336);
#3336 = AXIS2_PLACEMENT_3D('',#3337,#3338,#3339);
#3337 = CARTESIAN_POINT('',(5.462000076294,30.554001983643,3.6405));
#3338 = DIRECTION('',(0.707106781187,0.707106781187,0.));
#3339 = DIRECTION('',(0.,0.,-1.));
#3340 = ADVANCED_FACE('',(#3341),#3366,.T.);
#3341 = FACE_BOUND('',#3342,.F.);
#3342 = EDGE_LOOP('',(#3343,#3344,#3352,#3360));
#3343 = ORIENTED_EDGE('',*,*,#3051,.F.);
#3344 = ORIENTED_EDGE('',*,*,#3345,.T.);
#3345 = EDGE_CURVE('',#3052,#3346,#3348,.T.);
#3346 = VERTEX_POINT('',#3347);
#3347 = CARTESIAN_POINT('',(5.590000076294,17.160001983643,-3.125));
#3348 = LINE('',#3349,#3350);
#3349 = CARTESIAN_POINT('',(4.950000076294,17.160001983643,-3.125));
#3350 = VECTOR('',#3351,1.);
#3351 = DIRECTION('',(1.,0.,0.));
#3352 = ORIENTED_EDGE('',*,*,#3353,.T.);
#3353 = EDGE_CURVE('',#3346,#3354,#3356,.T.);
#3354 = VERTEX_POINT('',#3355);
#3355 = CARTESIAN_POINT('',(5.334000076294,17.416001983643,-3.381));
#3356 = LINE('',#3357,#3358);
#3357 = CARTESIAN_POINT('',(5.398000076294,17.352001983643,-3.317));
#3358 = VECTOR('',#3359,1.);
#3359 = DIRECTION('',(-0.57735026919,0.57735026919,-0.57735026919));
#3360 = ORIENTED_EDGE('',*,*,#3361,.F.);
#3361 = EDGE_CURVE('',#3054,#3354,#3362,.T.);
#3362 = LINE('',#3363,#3364);
#3363 = CARTESIAN_POINT('',(4.950000076294,17.416001983643,-3.381));
#3364 = VECTOR('',#3365,1.);
#3365 = DIRECTION('',(1.,0.,0.));
#3366 = PLANE('',#3367);
#3367 = AXIS2_PLACEMENT_3D('',#3368,#3369,#3370);
#3368 = CARTESIAN_POINT('',(4.950000076294,17.288001983643,-3.253));
#3369 = DIRECTION('',(0.,-0.707106781187,-0.707106781187));
#3370 = DIRECTION('',(-1.,0.,0.));
#3371 = ADVANCED_FACE('',(#3372),#3383,.F.);
#3372 = FACE_BOUND('',#3373,.F.);
#3373 = EDGE_LOOP('',(#3374,#3375,#3381,#3382));
#3374 = ORIENTED_EDGE('',*,*,#3361,.T.);
#3375 = ORIENTED_EDGE('',*,*,#3376,.T.);
#3376 = EDGE_CURVE('',#3354,#3101,#3377,.T.);
#3377 = LINE('',#3378,#3379);
#3378 = CARTESIAN_POINT('',(5.334000076294,17.160001983643,-3.381));
#3379 = VECTOR('',#3380,1.);
#3380 = DIRECTION('',(0.,1.,0.));
#3381 = ORIENTED_EDGE('',*,*,#3108,.F.);
#3382 = ORIENTED_EDGE('',*,*,#3077,.F.);
#3383 = PLANE('',#3384);
#3384 = AXIS2_PLACEMENT_3D('',#3385,#3386,#3387);
#3385 = CARTESIAN_POINT('',(4.950000076294,17.160001983643,-3.381));
#3386 = DIRECTION('',(0.,0.,1.));
#3387 = DIRECTION('',(1.,0.,0.));
#3388 = ADVANCED_FACE('',(#3389),#3400,.F.);
#3389 = FACE_BOUND('',#3390,.F.);
#3390 = EDGE_LOOP('',(#3391,#3392,#3398,#3399));
#3391 = ORIENTED_EDGE('',*,*,#3353,.F.);
#3392 = ORIENTED_EDGE('',*,*,#3393,.T.);
#3393 = EDGE_CURVE('',#3346,#3093,#3394,.T.);
#3394 = LINE('',#3395,#3396);
#3395 = CARTESIAN_POINT('',(5.590000076294,17.160001983643,-3.125));
#3396 = VECTOR('',#3397,1.);
#3397 = DIRECTION('',(0.,1.,0.));
#3398 = ORIENTED_EDGE('',*,*,#3100,.T.);
#3399 = ORIENTED_EDGE('',*,*,#3376,.F.);
#3400 = PLANE('',#3401);
#3401 = AXIS2_PLACEMENT_3D('',#3402,#3403,#3404);
#3402 = CARTESIAN_POINT('',(5.462000076294,17.160001983643,-3.253));
#3403 = DIRECTION('',(-0.707106781187,0.,0.707106781187));
#3404 = DIRECTION('',(0.,1.,0.));
#3405 = ADVANCED_FACE('',(#3406),#3436,.T.);
#3406 = FACE_BOUND('',#3407,.T.);
#3407 = EDGE_LOOP('',(#3408,#3409,#3410,#3411,#3412,#3420,#3429,#3435));
#3408 = ORIENTED_EDGE('',*,*,#3193,.F.);
#3409 = ORIENTED_EDGE('',*,*,#3224,.T.);
#3410 = ORIENTED_EDGE('',*,*,#3264,.F.);
#3411 = ORIENTED_EDGE('',*,*,#3061,.F.);
#3412 = ORIENTED_EDGE('',*,*,#3413,.T.);
#3413 = EDGE_CURVE('',#3052,#3414,#3416,.T.);
#3414 = VERTEX_POINT('',#3415);
#3415 = CARTESIAN_POINT('',(4.950000076294,17.160001983643,3.7045));
#3416 = LINE('',#3417,#3418);
#3417 = CARTESIAN_POINT('',(4.950000076294,17.160001983643,-3.381));
#3418 = VECTOR('',#3419,1.);
#3419 = DIRECTION('',(0.,0.,1.));
#3420 = ORIENTED_EDGE('',*,*,#3421,.T.);
#3421 = EDGE_CURVE('',#3414,#3422,#3424,.T.);
#3422 = VERTEX_POINT('',#3423);
#3423 = CARTESIAN_POINT('',(4.950000076294,17.736001983643,4.2805));
#3424 = CIRCLE('',#3425,0.576);
#3425 = AXIS2_PLACEMENT_3D('',#3426,#3427,#3428);
#3426 = CARTESIAN_POINT('',(4.950000076294,17.736001983643,3.7045));
#3427 = DIRECTION('',(-1.,0.,0.));
#3428 = DIRECTION('',(0.,0.,1.));
#3429 = ORIENTED_EDGE('',*,*,#3430,.T.);
#3430 = EDGE_CURVE('',#3422,#3133,#3431,.T.);
#3431 = LINE('',#3432,#3433);
#3432 = CARTESIAN_POINT('',(4.950000076294,17.160001983643,4.2805));
#3433 = VECTOR('',#3434,1.);
#3434 = DIRECTION('',(0.,1.,0.));
#3435 = ORIENTED_EDGE('',*,*,#3132,.F.);
#3436 = PLANE('',#3437);
#3437 = AXIS2_PLACEMENT_3D('',#3438,#3439,#3440);
#3438 = CARTESIAN_POINT('',(4.950000076294,21.75893616283,2.632237416343
    ));
#3439 = DIRECTION('',(-1.,8.238735118214E-34,-9.854894519591E-33));
#3440 = DIRECTION('',(9.854894519591E-33,0.,-1.));
#3441 = ADVANCED_FACE('',(#3442),#3468,.T.);
#3442 = FACE_BOUND('',#3443,.T.);
#3443 = EDGE_LOOP('',(#3444,#3452,#3461,#3467));
#3444 = ORIENTED_EDGE('',*,*,#3445,.T.);
#3445 = EDGE_CURVE('',#3414,#3446,#3448,.T.);
#3446 = VERTEX_POINT('',#3447);
#3447 = CARTESIAN_POINT('',(5.590000076294,17.160001983643,3.7045));
#3448 = LINE('',#3449,#3450);
#3449 = CARTESIAN_POINT('',(4.950000076294,17.160001983643,3.7045));
#3450 = VECTOR('',#3451,1.);
#3451 = DIRECTION('',(1.,0.,0.));
#3452 = ORIENTED_EDGE('',*,*,#3453,.T.);
#3453 = EDGE_CURVE('',#3446,#3454,#3456,.T.);
#3454 = VERTEX_POINT('',#3455);
#3455 = CARTESIAN_POINT('',(5.590000076294,17.736001983643,4.2805));
#3456 = CIRCLE('',#3457,0.576);
#3457 = AXIS2_PLACEMENT_3D('',#3458,#3459,#3460);
#3458 = CARTESIAN_POINT('',(5.590000076294,17.736001983643,3.7045));
#3459 = DIRECTION('',(-1.,0.,0.));
#3460 = DIRECTION('',(0.,0.,1.));
#3461 = ORIENTED_EDGE('',*,*,#3462,.F.);
#3462 = EDGE_CURVE('',#3422,#3454,#3463,.T.);
#3463 = LINE('',#3464,#3465);
#3464 = CARTESIAN_POINT('',(4.950000076294,17.736001983643,4.2805));
#3465 = VECTOR('',#3466,1.);
#3466 = DIRECTION('',(1.,0.,0.));
#3467 = ORIENTED_EDGE('',*,*,#3421,.F.);
#3468 = CYLINDRICAL_SURFACE('',#3469,0.576);
#3469 = AXIS2_PLACEMENT_3D('',#3470,#3471,#3472);
#3470 = CARTESIAN_POINT('',(4.950000076294,17.736001983643,3.7045));
#3471 = DIRECTION('',(1.,0.,0.));
#3472 = DIRECTION('',(0.,-1.,0.));
#3473 = ADVANCED_FACE('',(#3474),#3485,.T.);
#3474 = FACE_BOUND('',#3475,.T.);
#3475 = EDGE_LOOP('',(#3476,#3477,#3478,#3484));
#3476 = ORIENTED_EDGE('',*,*,#3430,.F.);
#3477 = ORIENTED_EDGE('',*,*,#3462,.T.);
#3478 = ORIENTED_EDGE('',*,*,#3479,.T.);
#3479 = EDGE_CURVE('',#3454,#3306,#3480,.T.);
#3480 = LINE('',#3481,#3482);
#3481 = CARTESIAN_POINT('',(5.590000076294,17.160001983643,4.2805));
#3482 = VECTOR('',#3483,1.);
#3483 = DIRECTION('',(0.,1.,0.));
#3484 = ORIENTED_EDGE('',*,*,#3313,.F.);
#3485 = PLANE('',#3486);
#3486 = AXIS2_PLACEMENT_3D('',#3487,#3488,#3489);
#3487 = CARTESIAN_POINT('',(5.270000076294,24.081001983643,4.2805));
#3488 = DIRECTION('',(0.,1.054058048135E-32,1.));
#3489 = DIRECTION('',(0.,1.,-1.054058048135E-32));
#3490 = ADVANCED_FACE('',(#3491),#3506,.T.);
#3491 = FACE_BOUND('',#3492,.T.);
#3492 = EDGE_LOOP('',(#3493,#3494,#3495,#3496,#3497,#3503,#3504,#3505));
#3493 = ORIENTED_EDGE('',*,*,#3209,.T.);
#3494 = ORIENTED_EDGE('',*,*,#3328,.T.);
#3495 = ORIENTED_EDGE('',*,*,#3479,.F.);
#3496 = ORIENTED_EDGE('',*,*,#3453,.F.);
#3497 = ORIENTED_EDGE('',*,*,#3498,.F.);
#3498 = EDGE_CURVE('',#3346,#3446,#3499,.T.);
#3499 = LINE('',#3500,#3501);
#3500 = CARTESIAN_POINT('',(5.590000076294,17.160001983643,3.6405));
#3501 = VECTOR('',#3502,1.);
#3502 = DIRECTION('',(0.,0.,1.));
#3503 = ORIENTED_EDGE('',*,*,#3393,.T.);
#3504 = ORIENTED_EDGE('',*,*,#3257,.T.);
#3505 = ORIENTED_EDGE('',*,*,#3241,.F.);
#3506 = PLANE('',#3507);
#3507 = AXIS2_PLACEMENT_3D('',#3508,#3509,#3510);
#3508 = CARTESIAN_POINT('',(5.590000076294,21.75893616283,2.632237416343
    ));
#3509 = DIRECTION('',(1.,4.572702433826E-33,-1.35304704713E-32));
#3510 = DIRECTION('',(1.35304704713E-32,0.,1.));
#3511 = ADVANCED_FACE('',(#3512),#3518,.F.);
#3512 = FACE_BOUND('',#3513,.T.);
#3513 = EDGE_LOOP('',(#3514,#3515,#3516,#3517));
#3514 = ORIENTED_EDGE('',*,*,#3498,.T.);
#3515 = ORIENTED_EDGE('',*,*,#3445,.F.);
#3516 = ORIENTED_EDGE('',*,*,#3413,.F.);
#3517 = ORIENTED_EDGE('',*,*,#3345,.T.);
#3518 = PLANE('',#3519);
#3519 = AXIS2_PLACEMENT_3D('',#3520,#3521,#3522);
#3520 = CARTESIAN_POINT('',(4.950000076294,17.160001983643,-3.381));
#3521 = DIRECTION('',(0.,1.,0.));
#3522 = DIRECTION('',(0.,0.,1.));
#3523 = MANIFOLD_SOLID_BREP('',#3524);
#3524 = CLOSED_SHELL('',(#3525,#3565,#3596,#3636,#3667,#3698,#3731,#3753
    ,#3777,#3801,#3818,#3849,#3866,#3883,#3919,#3951,#3968,#3989));
#3525 = ADVANCED_FACE('',(#3526),#3560,.T.);
#3526 = FACE_BOUND('',#3527,.T.);
#3527 = EDGE_LOOP('',(#3528,#3538,#3546,#3554));
#3528 = ORIENTED_EDGE('',*,*,#3529,.F.);
#3529 = EDGE_CURVE('',#3530,#3532,#3534,.T.);
#3530 = VERTEX_POINT('',#3531);
#3531 = CARTESIAN_POINT('',(2.410000076294,17.160001983643,-3.125));
#3532 = VERTEX_POINT('',#3533);
#3533 = CARTESIAN_POINT('',(2.666000076294,17.416001983643,-3.381));
#3534 = LINE('',#3535,#3536);
#3535 = CARTESIAN_POINT('',(2.495333409627,17.245335316976,
    -3.210333333333));
#3536 = VECTOR('',#3537,1.);
#3537 = DIRECTION('',(0.57735026919,0.57735026919,-0.57735026919));
#3538 = ORIENTED_EDGE('',*,*,#3539,.T.);
#3539 = EDGE_CURVE('',#3530,#3540,#3542,.T.);
#3540 = VERTEX_POINT('',#3541);
#3541 = CARTESIAN_POINT('',(2.410000076294,17.800001983643,-3.125));
#3542 = LINE('',#3543,#3544);
#3543 = CARTESIAN_POINT('',(2.410000076294,17.160001983643,-3.125));
#3544 = VECTOR('',#3545,1.);
#3545 = DIRECTION('',(0.,1.,0.));
#3546 = ORIENTED_EDGE('',*,*,#3547,.T.);
#3547 = EDGE_CURVE('',#3540,#3548,#3550,.T.);
#3548 = VERTEX_POINT('',#3549);
#3549 = CARTESIAN_POINT('',(2.666000076294,17.544001983643,-3.381));
#3550 = LINE('',#3551,#3552);
#3551 = CARTESIAN_POINT('',(2.602000076294,17.608001983643,-3.317));
#3552 = VECTOR('',#3553,1.);
#3553 = DIRECTION('',(0.57735026919,-0.57735026919,-0.57735026919));
#3554 = ORIENTED_EDGE('',*,*,#3555,.F.);
#3555 = EDGE_CURVE('',#3532,#3548,#3556,.T.);
#3556 = LINE('',#3557,#3558);
#3557 = CARTESIAN_POINT('',(2.666000076294,17.160001983643,-3.381));
#3558 = VECTOR('',#3559,1.);
#3559 = DIRECTION('',(0.,1.,0.));
#3560 = PLANE('',#3561);
#3561 = AXIS2_PLACEMENT_3D('',#3562,#3563,#3564);
#3562 = CARTESIAN_POINT('',(2.538000076294,17.160001983643,-3.253));
#3563 = DIRECTION('',(-0.707106781187,0.,-0.707106781187));
#3564 = DIRECTION('',(0.,1.,0.));
#3565 = ADVANCED_FACE('',(#3566),#3591,.F.);
#3566 = FACE_BOUND('',#3567,.T.);
#3567 = EDGE_LOOP('',(#3568,#3569,#3577,#3585));
#3568 = ORIENTED_EDGE('',*,*,#3547,.F.);
#3569 = ORIENTED_EDGE('',*,*,#3570,.T.);
#3570 = EDGE_CURVE('',#3540,#3571,#3573,.T.);
#3571 = VERTEX_POINT('',#3572);
#3572 = CARTESIAN_POINT('',(3.050000076294,17.800001983643,-3.125));
#3573 = LINE('',#3574,#3575);
#3574 = CARTESIAN_POINT('',(2.410000076294,17.800001983643,-3.125));
#3575 = VECTOR('',#3576,1.);
#3576 = DIRECTION('',(1.,0.,0.));
#3577 = ORIENTED_EDGE('',*,*,#3578,.T.);
#3578 = EDGE_CURVE('',#3571,#3579,#3581,.T.);
#3579 = VERTEX_POINT('',#3580);
#3580 = CARTESIAN_POINT('',(2.794000076294,17.544001983643,-3.381));
#3581 = LINE('',#3582,#3583);
#3582 = CARTESIAN_POINT('',(2.751333409627,17.501335316976,
    -3.423666666667));
#3583 = VECTOR('',#3584,1.);
#3584 = DIRECTION('',(-0.57735026919,-0.57735026919,-0.57735026919));
#3585 = ORIENTED_EDGE('',*,*,#3586,.F.);
#3586 = EDGE_CURVE('',#3548,#3579,#3587,.T.);
#3587 = LINE('',#3588,#3589);
#3588 = CARTESIAN_POINT('',(2.410000076294,17.544001983643,-3.381));
#3589 = VECTOR('',#3590,1.);
#3590 = DIRECTION('',(1.,0.,0.));
#3591 = PLANE('',#3592);
#3592 = AXIS2_PLACEMENT_3D('',#3593,#3594,#3595);
#3593 = CARTESIAN_POINT('',(2.410000076294,17.672001983643,-3.253));
#3594 = DIRECTION('',(0.,-0.707106781187,0.707106781187));
#3595 = DIRECTION('',(-1.,0.,0.));
#3596 = ADVANCED_FACE('',(#3597),#3631,.F.);
#3597 = FACE_BOUND('',#3598,.T.);
#3598 = EDGE_LOOP('',(#3599,#3609,#3617,#3625));
#3599 = ORIENTED_EDGE('',*,*,#3600,.F.);
#3600 = EDGE_CURVE('',#3601,#3603,#3605,.T.);
#3601 = VERTEX_POINT('',#3602);
#3602 = CARTESIAN_POINT('',(2.410000076294,30.426001983643,3.6405));
#3603 = VERTEX_POINT('',#3604);
#3604 = CARTESIAN_POINT('',(2.666000076294,30.682001983643,3.8965));
#3605 = LINE('',#3606,#3607);
#3606 = CARTESIAN_POINT('',(2.495333409627,30.511335316976,
    3.725833333333));
#3607 = VECTOR('',#3608,1.);
#3608 = DIRECTION('',(0.57735026919,0.57735026919,0.57735026919));
#3609 = ORIENTED_EDGE('',*,*,#3610,.T.);
#3610 = EDGE_CURVE('',#3601,#3611,#3613,.T.);
#3611 = VERTEX_POINT('',#3612);
#3612 = CARTESIAN_POINT('',(2.410000076294,30.426001983643,4.2805));
#3613 = LINE('',#3614,#3615);
#3614 = CARTESIAN_POINT('',(2.410000076294,30.426001983643,3.6405));
#3615 = VECTOR('',#3616,1.);
#3616 = DIRECTION('',(0.,0.,1.));
#3617 = ORIENTED_EDGE('',*,*,#3618,.T.);
#3618 = EDGE_CURVE('',#3611,#3619,#3621,.T.);
#3619 = VERTEX_POINT('',#3620);
#3620 = CARTESIAN_POINT('',(2.666000076294,30.682001983643,4.0245));
#3621 = LINE('',#3622,#3623);
#3622 = CARTESIAN_POINT('',(2.602000076294,30.618001983643,4.0885));
#3623 = VECTOR('',#3624,1.);
#3624 = DIRECTION('',(0.57735026919,0.57735026919,-0.57735026919));
#3625 = ORIENTED_EDGE('',*,*,#3626,.F.);
#3626 = EDGE_CURVE('',#3603,#3619,#3627,.T.);
#3627 = LINE('',#3628,#3629);
#3628 = CARTESIAN_POINT('',(2.666000076294,30.682001983643,3.6405));
#3629 = VECTOR('',#3630,1.);
#3630 = DIRECTION('',(0.,0.,1.));
#3631 = PLANE('',#3632);
#3632 = AXIS2_PLACEMENT_3D('',#3633,#3634,#3635);
#3633 = CARTESIAN_POINT('',(2.538000076294,30.554001983643,3.6405));
#3634 = DIRECTION('',(0.707106781187,-0.707106781187,0.));
#3635 = DIRECTION('',(0.,0.,-1.));
#3636 = ADVANCED_FACE('',(#3637),#3662,.F.);
#3637 = FACE_BOUND('',#3638,.T.);
#3638 = EDGE_LOOP('',(#3639,#3640,#3648,#3656));
#3639 = ORIENTED_EDGE('',*,*,#3600,.T.);
#3640 = ORIENTED_EDGE('',*,*,#3641,.T.);
#3641 = EDGE_CURVE('',#3603,#3642,#3644,.T.);
#3642 = VERTEX_POINT('',#3643);
#3643 = CARTESIAN_POINT('',(2.794000076294,30.682001983643,3.8965));
#3644 = LINE('',#3645,#3646);
#3645 = CARTESIAN_POINT('',(2.410000076294,30.682001983643,3.8965));
#3646 = VECTOR('',#3647,1.);
#3647 = DIRECTION('',(1.,0.,0.));
#3648 = ORIENTED_EDGE('',*,*,#3649,.F.);
#3649 = EDGE_CURVE('',#3650,#3642,#3652,.T.);
#3650 = VERTEX_POINT('',#3651);
#3651 = CARTESIAN_POINT('',(3.050000076294,30.426001983643,3.6405));
#3652 = LINE('',#3653,#3654);
#3653 = CARTESIAN_POINT('',(2.858000076294,30.618001983643,3.8325));
#3654 = VECTOR('',#3655,1.);
#3655 = DIRECTION('',(-0.57735026919,0.57735026919,0.57735026919));
#3656 = ORIENTED_EDGE('',*,*,#3657,.F.);
#3657 = EDGE_CURVE('',#3601,#3650,#3658,.T.);
#3658 = LINE('',#3659,#3660);
#3659 = CARTESIAN_POINT('',(2.410000076294,30.426001983643,3.6405));
#3660 = VECTOR('',#3661,1.);
#3661 = DIRECTION('',(1.,0.,0.));
#3662 = PLANE('',#3663);
#3663 = AXIS2_PLACEMENT_3D('',#3664,#3665,#3666);
#3664 = CARTESIAN_POINT('',(2.410000076294,30.554001983643,3.7685));
#3665 = DIRECTION('',(-3.471719944136E-18,-0.707106781187,0.707106781187
    ));
#3666 = DIRECTION('',(-1.,2.454876714879E-18,-2.454876714879E-18));
#3667 = ADVANCED_FACE('',(#3668),#3693,.F.);
#3668 = FACE_BOUND('',#3669,.F.);
#3669 = EDGE_LOOP('',(#3670,#3678,#3686,#3692));
#3670 = ORIENTED_EDGE('',*,*,#3671,.F.);
#3671 = EDGE_CURVE('',#3672,#3601,#3674,.T.);
#3672 = VERTEX_POINT('',#3673);
#3673 = CARTESIAN_POINT('',(2.410000076294,17.864001983643,3.6405));
#3674 = LINE('',#3675,#3676);
#3675 = CARTESIAN_POINT('',(2.410000076294,17.160001983643,3.6405));
#3676 = VECTOR('',#3677,1.);
#3677 = DIRECTION('',(0.,1.,0.));
#3678 = ORIENTED_EDGE('',*,*,#3679,.T.);
#3679 = EDGE_CURVE('',#3672,#3680,#3682,.T.);
#3680 = VERTEX_POINT('',#3681);
#3681 = CARTESIAN_POINT('',(3.050000076294,17.864001983643,3.6405));
#3682 = LINE('',#3683,#3684);
#3683 = CARTESIAN_POINT('',(2.410000076294,17.864001983643,3.6405));
#3684 = VECTOR('',#3685,1.);
#3685 = DIRECTION('',(1.,0.,0.));
#3686 = ORIENTED_EDGE('',*,*,#3687,.T.);
#3687 = EDGE_CURVE('',#3680,#3650,#3688,.T.);
#3688 = LINE('',#3689,#3690);
#3689 = CARTESIAN_POINT('',(3.050000076294,17.160001983643,3.6405));
#3690 = VECTOR('',#3691,1.);
#3691 = DIRECTION('',(0.,1.,0.));
#3692 = ORIENTED_EDGE('',*,*,#3657,.F.);
#3693 = PLANE('',#3694);
#3694 = AXIS2_PLACEMENT_3D('',#3695,#3696,#3697);
#3695 = CARTESIAN_POINT('',(2.410000076294,17.160001983643,3.6405));
#3696 = DIRECTION('',(0.,0.,1.));
#3697 = DIRECTION('',(1.,0.,0.));
#3698 = ADVANCED_FACE('',(#3699),#3726,.F.);
#3699 = FACE_BOUND('',#3700,.F.);
#3700 = EDGE_LOOP('',(#3701,#3710,#3718,#3725));
#3701 = ORIENTED_EDGE('',*,*,#3702,.T.);
#3702 = EDGE_CURVE('',#3672,#3703,#3705,.T.);
#3703 = VERTEX_POINT('',#3704);
#3704 = CARTESIAN_POINT('',(2.410000076294,17.800001983643,3.5765));
#3705 = CIRCLE('',#3706,6.4E-02);
#3706 = AXIS2_PLACEMENT_3D('',#3707,#3708,#3709);
#3707 = CARTESIAN_POINT('',(2.410000076294,17.864001983643,3.5765));
#3708 = DIRECTION('',(1.,0.,-0.));
#3709 = DIRECTION('',(0.,0.,1.));
#3710 = ORIENTED_EDGE('',*,*,#3711,.T.);
#3711 = EDGE_CURVE('',#3703,#3712,#3714,.T.);
#3712 = VERTEX_POINT('',#3713);
#3713 = CARTESIAN_POINT('',(3.050000076294,17.800001983643,3.5765));
#3714 = LINE('',#3715,#3716);
#3715 = CARTESIAN_POINT('',(2.410000076294,17.800001983643,3.5765));
#3716 = VECTOR('',#3717,1.);
#3717 = DIRECTION('',(1.,0.,0.));
#3718 = ORIENTED_EDGE('',*,*,#3719,.F.);
#3719 = EDGE_CURVE('',#3680,#3712,#3720,.T.);
#3720 = CIRCLE('',#3721,6.4E-02);
#3721 = AXIS2_PLACEMENT_3D('',#3722,#3723,#3724);
#3722 = CARTESIAN_POINT('',(3.050000076294,17.864001983643,3.5765));
#3723 = DIRECTION('',(1.,0.,-0.));
#3724 = DIRECTION('',(0.,0.,1.));
#3725 = ORIENTED_EDGE('',*,*,#3679,.F.);
#3726 = CYLINDRICAL_SURFACE('',#3727,6.4E-02);
#3727 = AXIS2_PLACEMENT_3D('',#3728,#3729,#3730);
#3728 = CARTESIAN_POINT('',(2.410000076294,17.864001983643,3.5765));
#3729 = DIRECTION('',(1.,0.,0.));
#3730 = DIRECTION('',(0.,0.,1.));
#3731 = ADVANCED_FACE('',(#3732),#3748,.T.);
#3732 = FACE_BOUND('',#3733,.T.);
#3733 = EDGE_LOOP('',(#3734,#3740,#3741,#3747));
#3734 = ORIENTED_EDGE('',*,*,#3735,.F.);
#3735 = EDGE_CURVE('',#3571,#3712,#3736,.T.);
#3736 = LINE('',#3737,#3738);
#3737 = CARTESIAN_POINT('',(3.050000076294,17.800001983643,-3.381));
#3738 = VECTOR('',#3739,1.);
#3739 = DIRECTION('',(0.,0.,1.));
#3740 = ORIENTED_EDGE('',*,*,#3570,.F.);
#3741 = ORIENTED_EDGE('',*,*,#3742,.T.);
#3742 = EDGE_CURVE('',#3540,#3703,#3743,.T.);
#3743 = LINE('',#3744,#3745);
#3744 = CARTESIAN_POINT('',(2.410000076294,17.800001983643,-3.381));
#3745 = VECTOR('',#3746,1.);
#3746 = DIRECTION('',(0.,0.,1.));
#3747 = ORIENTED_EDGE('',*,*,#3711,.T.);
#3748 = PLANE('',#3749);
#3749 = AXIS2_PLACEMENT_3D('',#3750,#3751,#3752);
#3750 = CARTESIAN_POINT('',(2.410000076294,17.800001983643,-3.381));
#3751 = DIRECTION('',(0.,1.,0.));
#3752 = DIRECTION('',(0.,0.,1.));
#3753 = ADVANCED_FACE('',(#3754),#3772,.T.);
#3754 = FACE_BOUND('',#3755,.T.);
#3755 = EDGE_LOOP('',(#3756,#3757,#3765,#3771));
#3756 = ORIENTED_EDGE('',*,*,#3626,.T.);
#3757 = ORIENTED_EDGE('',*,*,#3758,.T.);
#3758 = EDGE_CURVE('',#3619,#3759,#3761,.T.);
#3759 = VERTEX_POINT('',#3760);
#3760 = CARTESIAN_POINT('',(2.794000076294,30.682001983643,4.0245));
#3761 = LINE('',#3762,#3763);
#3762 = CARTESIAN_POINT('',(2.410000076294,30.682001983643,4.0245));
#3763 = VECTOR('',#3764,1.);
#3764 = DIRECTION('',(1.,0.,0.));
#3765 = ORIENTED_EDGE('',*,*,#3766,.F.);
#3766 = EDGE_CURVE('',#3642,#3759,#3767,.T.);
#3767 = LINE('',#3768,#3769);
#3768 = CARTESIAN_POINT('',(2.794000076294,30.682001983643,3.6405));
#3769 = VECTOR('',#3770,1.);
#3770 = DIRECTION('',(0.,0.,1.));
#3771 = ORIENTED_EDGE('',*,*,#3641,.F.);
#3772 = PLANE('',#3773);
#3773 = AXIS2_PLACEMENT_3D('',#3774,#3775,#3776);
#3774 = CARTESIAN_POINT('',(2.410000076294,30.682001983643,3.6405));
#3775 = DIRECTION('',(0.,1.,0.));
#3776 = DIRECTION('',(0.,0.,1.));
#3777 = ADVANCED_FACE('',(#3778),#3796,.T.);
#3778 = FACE_BOUND('',#3779,.F.);
#3779 = EDGE_LOOP('',(#3780,#3781,#3782,#3790));
#3780 = ORIENTED_EDGE('',*,*,#3618,.T.);
#3781 = ORIENTED_EDGE('',*,*,#3758,.T.);
#3782 = ORIENTED_EDGE('',*,*,#3783,.F.);
#3783 = EDGE_CURVE('',#3784,#3759,#3786,.T.);
#3784 = VERTEX_POINT('',#3785);
#3785 = CARTESIAN_POINT('',(3.050000076294,30.426001983643,4.2805));
#3786 = LINE('',#3787,#3788);
#3787 = CARTESIAN_POINT('',(2.751333409627,30.72466865031,3.981833333333
    ));
#3788 = VECTOR('',#3789,1.);
#3789 = DIRECTION('',(-0.57735026919,0.57735026919,-0.57735026919));
#3790 = ORIENTED_EDGE('',*,*,#3791,.F.);
#3791 = EDGE_CURVE('',#3611,#3784,#3792,.T.);
#3792 = LINE('',#3793,#3794);
#3793 = CARTESIAN_POINT('',(2.410000076294,30.426001983643,4.2805));
#3794 = VECTOR('',#3795,1.);
#3795 = DIRECTION('',(1.,0.,0.));
#3796 = PLANE('',#3797);
#3797 = AXIS2_PLACEMENT_3D('',#3798,#3799,#3800);
#3798 = CARTESIAN_POINT('',(2.410000076294,30.554001983643,4.1525));
#3799 = DIRECTION('',(3.471719944136E-18,0.707106781187,0.707106781187)
  );
#3800 = DIRECTION('',(-1.,2.454876714879E-18,2.454876714879E-18));
#3801 = ADVANCED_FACE('',(#3802),#3813,.T.);
#3802 = FACE_BOUND('',#3803,.F.);
#3803 = EDGE_LOOP('',(#3804,#3805,#3811,#3812));
#3804 = ORIENTED_EDGE('',*,*,#3649,.F.);
#3805 = ORIENTED_EDGE('',*,*,#3806,.T.);
#3806 = EDGE_CURVE('',#3650,#3784,#3807,.T.);
#3807 = LINE('',#3808,#3809);
#3808 = CARTESIAN_POINT('',(3.050000076294,30.426001983643,3.6405));
#3809 = VECTOR('',#3810,1.);
#3810 = DIRECTION('',(0.,0.,1.));
#3811 = ORIENTED_EDGE('',*,*,#3783,.T.);
#3812 = ORIENTED_EDGE('',*,*,#3766,.F.);
#3813 = PLANE('',#3814);
#3814 = AXIS2_PLACEMENT_3D('',#3815,#3816,#3817);
#3815 = CARTESIAN_POINT('',(2.922000076294,30.554001983643,3.6405));
#3816 = DIRECTION('',(0.707106781187,0.707106781187,0.));
#3817 = DIRECTION('',(0.,0.,-1.));
#3818 = ADVANCED_FACE('',(#3819),#3844,.T.);
#3819 = FACE_BOUND('',#3820,.F.);
#3820 = EDGE_LOOP('',(#3821,#3822,#3830,#3838));
#3821 = ORIENTED_EDGE('',*,*,#3529,.F.);
#3822 = ORIENTED_EDGE('',*,*,#3823,.T.);
#3823 = EDGE_CURVE('',#3530,#3824,#3826,.T.);
#3824 = VERTEX_POINT('',#3825);
#3825 = CARTESIAN_POINT('',(3.050000076294,17.160001983643,-3.125));
#3826 = LINE('',#3827,#3828);
#3827 = CARTESIAN_POINT('',(2.410000076294,17.160001983643,-3.125));
#3828 = VECTOR('',#3829,1.);
#3829 = DIRECTION('',(1.,0.,0.));
#3830 = ORIENTED_EDGE('',*,*,#3831,.T.);
#3831 = EDGE_CURVE('',#3824,#3832,#3834,.T.);
#3832 = VERTEX_POINT('',#3833);
#3833 = CARTESIAN_POINT('',(2.794000076294,17.416001983643,-3.381));
#3834 = LINE('',#3835,#3836);
#3835 = CARTESIAN_POINT('',(2.858000076294,17.352001983643,-3.317));
#3836 = VECTOR('',#3837,1.);
#3837 = DIRECTION('',(-0.57735026919,0.57735026919,-0.57735026919));
#3838 = ORIENTED_EDGE('',*,*,#3839,.F.);
#3839 = EDGE_CURVE('',#3532,#3832,#3840,.T.);
#3840 = LINE('',#3841,#3842);
#3841 = CARTESIAN_POINT('',(2.410000076294,17.416001983643,-3.381));
#3842 = VECTOR('',#3843,1.);
#3843 = DIRECTION('',(1.,0.,0.));
#3844 = PLANE('',#3845);
#3845 = AXIS2_PLACEMENT_3D('',#3846,#3847,#3848);
#3846 = CARTESIAN_POINT('',(2.410000076294,17.288001983643,-3.253));
#3847 = DIRECTION('',(0.,-0.707106781187,-0.707106781187));
#3848 = DIRECTION('',(-1.,0.,0.));
#3849 = ADVANCED_FACE('',(#3850),#3861,.F.);
#3850 = FACE_BOUND('',#3851,.F.);
#3851 = EDGE_LOOP('',(#3852,#3853,#3859,#3860));
#3852 = ORIENTED_EDGE('',*,*,#3839,.T.);
#3853 = ORIENTED_EDGE('',*,*,#3854,.T.);
#3854 = EDGE_CURVE('',#3832,#3579,#3855,.T.);
#3855 = LINE('',#3856,#3857);
#3856 = CARTESIAN_POINT('',(2.794000076294,17.160001983643,-3.381));
#3857 = VECTOR('',#3858,1.);
#3858 = DIRECTION('',(0.,1.,0.));
#3859 = ORIENTED_EDGE('',*,*,#3586,.F.);
#3860 = ORIENTED_EDGE('',*,*,#3555,.F.);
#3861 = PLANE('',#3862);
#3862 = AXIS2_PLACEMENT_3D('',#3863,#3864,#3865);
#3863 = CARTESIAN_POINT('',(2.410000076294,17.160001983643,-3.381));
#3864 = DIRECTION('',(0.,0.,1.));
#3865 = DIRECTION('',(1.,0.,0.));
#3866 = ADVANCED_FACE('',(#3867),#3878,.F.);
#3867 = FACE_BOUND('',#3868,.F.);
#3868 = EDGE_LOOP('',(#3869,#3870,#3876,#3877));
#3869 = ORIENTED_EDGE('',*,*,#3831,.F.);
#3870 = ORIENTED_EDGE('',*,*,#3871,.T.);
#3871 = EDGE_CURVE('',#3824,#3571,#3872,.T.);
#3872 = LINE('',#3873,#3874);
#3873 = CARTESIAN_POINT('',(3.050000076294,17.160001983643,-3.125));
#3874 = VECTOR('',#3875,1.);
#3875 = DIRECTION('',(0.,1.,0.));
#3876 = ORIENTED_EDGE('',*,*,#3578,.T.);
#3877 = ORIENTED_EDGE('',*,*,#3854,.F.);
#3878 = PLANE('',#3879);
#3879 = AXIS2_PLACEMENT_3D('',#3880,#3881,#3882);
#3880 = CARTESIAN_POINT('',(2.922000076294,17.160001983643,-3.253));
#3881 = DIRECTION('',(-0.707106781187,0.,0.707106781187));
#3882 = DIRECTION('',(0.,1.,0.));
#3883 = ADVANCED_FACE('',(#3884),#3914,.T.);
#3884 = FACE_BOUND('',#3885,.T.);
#3885 = EDGE_LOOP('',(#3886,#3887,#3888,#3889,#3890,#3898,#3907,#3913));
#3886 = ORIENTED_EDGE('',*,*,#3671,.F.);
#3887 = ORIENTED_EDGE('',*,*,#3702,.T.);
#3888 = ORIENTED_EDGE('',*,*,#3742,.F.);
#3889 = ORIENTED_EDGE('',*,*,#3539,.F.);
#3890 = ORIENTED_EDGE('',*,*,#3891,.T.);
#3891 = EDGE_CURVE('',#3530,#3892,#3894,.T.);
#3892 = VERTEX_POINT('',#3893);
#3893 = CARTESIAN_POINT('',(2.410000076294,17.160001983643,3.7045));
#3894 = LINE('',#3895,#3896);
#3895 = CARTESIAN_POINT('',(2.410000076294,17.160001983643,-3.381));
#3896 = VECTOR('',#3897,1.);
#3897 = DIRECTION('',(0.,0.,1.));
#3898 = ORIENTED_EDGE('',*,*,#3899,.T.);
#3899 = EDGE_CURVE('',#3892,#3900,#3902,.T.);
#3900 = VERTEX_POINT('',#3901);
#3901 = CARTESIAN_POINT('',(2.410000076294,17.736001983643,4.2805));
#3902 = CIRCLE('',#3903,0.576);
#3903 = AXIS2_PLACEMENT_3D('',#3904,#3905,#3906);
#3904 = CARTESIAN_POINT('',(2.410000076294,17.736001983643,3.7045));
#3905 = DIRECTION('',(-1.,0.,0.));
#3906 = DIRECTION('',(0.,0.,1.));
#3907 = ORIENTED_EDGE('',*,*,#3908,.T.);
#3908 = EDGE_CURVE('',#3900,#3611,#3909,.T.);
#3909 = LINE('',#3910,#3911);
#3910 = CARTESIAN_POINT('',(2.410000076294,17.160001983643,4.2805));
#3911 = VECTOR('',#3912,1.);
#3912 = DIRECTION('',(0.,1.,0.));
#3913 = ORIENTED_EDGE('',*,*,#3610,.F.);
#3914 = PLANE('',#3915);
#3915 = AXIS2_PLACEMENT_3D('',#3916,#3917,#3918);
#3916 = CARTESIAN_POINT('',(2.410000076294,21.75893616283,2.632237416343
    ));
#3917 = DIRECTION('',(-1.,8.238735118214E-34,-9.854894519591E-33));
#3918 = DIRECTION('',(9.854894519591E-33,0.,-1.));
#3919 = ADVANCED_FACE('',(#3920),#3946,.T.);
#3920 = FACE_BOUND('',#3921,.T.);
#3921 = EDGE_LOOP('',(#3922,#3930,#3939,#3945));
#3922 = ORIENTED_EDGE('',*,*,#3923,.T.);
#3923 = EDGE_CURVE('',#3892,#3924,#3926,.T.);
#3924 = VERTEX_POINT('',#3925);
#3925 = CARTESIAN_POINT('',(3.050000076294,17.160001983643,3.7045));
#3926 = LINE('',#3927,#3928);
#3927 = CARTESIAN_POINT('',(2.410000076294,17.160001983643,3.7045));
#3928 = VECTOR('',#3929,1.);
#3929 = DIRECTION('',(1.,0.,0.));
#3930 = ORIENTED_EDGE('',*,*,#3931,.T.);
#3931 = EDGE_CURVE('',#3924,#3932,#3934,.T.);
#3932 = VERTEX_POINT('',#3933);
#3933 = CARTESIAN_POINT('',(3.050000076294,17.736001983643,4.2805));
#3934 = CIRCLE('',#3935,0.576);
#3935 = AXIS2_PLACEMENT_3D('',#3936,#3937,#3938);
#3936 = CARTESIAN_POINT('',(3.050000076294,17.736001983643,3.7045));
#3937 = DIRECTION('',(-1.,0.,0.));
#3938 = DIRECTION('',(0.,0.,1.));
#3939 = ORIENTED_EDGE('',*,*,#3940,.F.);
#3940 = EDGE_CURVE('',#3900,#3932,#3941,.T.);
#3941 = LINE('',#3942,#3943);
#3942 = CARTESIAN_POINT('',(2.410000076294,17.736001983643,4.2805));
#3943 = VECTOR('',#3944,1.);
#3944 = DIRECTION('',(1.,0.,0.));
#3945 = ORIENTED_EDGE('',*,*,#3899,.F.);
#3946 = CYLINDRICAL_SURFACE('',#3947,0.576);
#3947 = AXIS2_PLACEMENT_3D('',#3948,#3949,#3950);
#3948 = CARTESIAN_POINT('',(2.410000076294,17.736001983643,3.7045));
#3949 = DIRECTION('',(1.,0.,0.));
#3950 = DIRECTION('',(0.,-1.,0.));
#3951 = ADVANCED_FACE('',(#3952),#3963,.T.);
#3952 = FACE_BOUND('',#3953,.T.);
#3953 = EDGE_LOOP('',(#3954,#3955,#3956,#3962));
#3954 = ORIENTED_EDGE('',*,*,#3908,.F.);
#3955 = ORIENTED_EDGE('',*,*,#3940,.T.);
#3956 = ORIENTED_EDGE('',*,*,#3957,.T.);
#3957 = EDGE_CURVE('',#3932,#3784,#3958,.T.);
#3958 = LINE('',#3959,#3960);
#3959 = CARTESIAN_POINT('',(3.050000076294,17.160001983643,4.2805));
#3960 = VECTOR('',#3961,1.);
#3961 = DIRECTION('',(0.,1.,0.));
#3962 = ORIENTED_EDGE('',*,*,#3791,.F.);
#3963 = PLANE('',#3964);
#3964 = AXIS2_PLACEMENT_3D('',#3965,#3966,#3967);
#3965 = CARTESIAN_POINT('',(2.730000076294,24.081001983643,4.2805));
#3966 = DIRECTION('',(0.,1.054058048135E-32,1.));
#3967 = DIRECTION('',(0.,1.,-1.054058048135E-32));
#3968 = ADVANCED_FACE('',(#3969),#3984,.T.);
#3969 = FACE_BOUND('',#3970,.T.);
#3970 = EDGE_LOOP('',(#3971,#3972,#3973,#3974,#3975,#3981,#3982,#3983));
#3971 = ORIENTED_EDGE('',*,*,#3687,.T.);
#3972 = ORIENTED_EDGE('',*,*,#3806,.T.);
#3973 = ORIENTED_EDGE('',*,*,#3957,.F.);
#3974 = ORIENTED_EDGE('',*,*,#3931,.F.);
#3975 = ORIENTED_EDGE('',*,*,#3976,.F.);
#3976 = EDGE_CURVE('',#3824,#3924,#3977,.T.);
#3977 = LINE('',#3978,#3979);
#3978 = CARTESIAN_POINT('',(3.050000076294,17.160001983643,3.6405));
#3979 = VECTOR('',#3980,1.);
#3980 = DIRECTION('',(0.,0.,1.));
#3981 = ORIENTED_EDGE('',*,*,#3871,.T.);
#3982 = ORIENTED_EDGE('',*,*,#3735,.T.);
#3983 = ORIENTED_EDGE('',*,*,#3719,.F.);
#3984 = PLANE('',#3985);
#3985 = AXIS2_PLACEMENT_3D('',#3986,#3987,#3988);
#3986 = CARTESIAN_POINT('',(3.050000076294,21.75893616283,2.632237416343
    ));
#3987 = DIRECTION('',(1.,4.572702433826E-33,-1.35304704713E-32));
#3988 = DIRECTION('',(1.35304704713E-32,0.,1.));
#3989 = ADVANCED_FACE('',(#3990),#3996,.F.);
#3990 = FACE_BOUND('',#3991,.T.);
#3991 = EDGE_LOOP('',(#3992,#3993,#3994,#3995));
#3992 = ORIENTED_EDGE('',*,*,#3976,.T.);
#3993 = ORIENTED_EDGE('',*,*,#3923,.F.);
#3994 = ORIENTED_EDGE('',*,*,#3891,.F.);
#3995 = ORIENTED_EDGE('',*,*,#3823,.T.);
#3996 = PLANE('',#3997);
#3997 = AXIS2_PLACEMENT_3D('',#3998,#3999,#4000);
#3998 = CARTESIAN_POINT('',(2.410000076294,17.160001983643,-3.381));
#3999 = DIRECTION('',(0.,1.,0.));
#4000 = DIRECTION('',(0.,0.,1.));
#4001 = ( GEOMETRIC_REPRESENTATION_CONTEXT(3) 
GLOBAL_UNCERTAINTY_ASSIGNED_CONTEXT((#4005)) 
GLOBAL_UNIT_ASSIGNED_CONTEXT((#4002,#4003,#4004)) REPRESENTATION_CONTEXT
('Context #1','3D Context with UNIT and UNCERTAINTY') );
#4002 = ( LENGTH_UNIT() NAMED_UNIT(*) SI_UNIT(.MILLI.,.METRE.) );
#4003 = ( NAMED_UNIT(*) PLANE_ANGLE_UNIT() SI_UNIT($,.RADIAN.) );
#4004 = ( NAMED_UNIT(*) SI_UNIT($,.STERADIAN.) SOLID_ANGLE_UNIT() );
#4005 = UNCERTAINTY_MEASURE_WITH_UNIT(LENGTH_MEASURE(1.E-07),#4002,
  'distance_accuracy_value','confusion accuracy');
#4006 = PRODUCT_RELATED_PRODUCT_CATEGORY('part',$,(#3041));
#4007 = SHAPE_DEFINITION_REPRESENTATION(#4008,#4014);
#4008 = PRODUCT_DEFINITION_SHAPE('','',#4009);
#4009 = PRODUCT_DEFINITION('design','',#4010,#4013);
#4010 = PRODUCT_DEFINITION_FORMATION('','',#4011);
#4011 = PRODUCT('Open CASCADE STEP translator 7.5 5',
  'Open CASCADE STEP translator 7.5 5','',(#4012));
#4012 = PRODUCT_CONTEXT('',#2,'mechanical');
#4013 = PRODUCT_DEFINITION_CONTEXT('part definition',#2,'design');
#4014 = SHAPE_REPRESENTATION('',(#11,#4015,#4493),#4971);
#4015 = MANIFOLD_SOLID_BREP('',#4016);
#4016 = CLOSED_SHELL('',(#4017,#4057,#4088,#4128,#4159,#4190,#4223,#4245
    ,#4269,#4293,#4310,#4341,#4358,#4375,#4411,#4443,#4460,#4481));
#4017 = ADVANCED_FACE('',(#4018),#4052,.T.);
#4018 = FACE_BOUND('',#4019,.T.);
#4019 = EDGE_LOOP('',(#4020,#4030,#4038,#4046));
#4020 = ORIENTED_EDGE('',*,*,#4021,.F.);
#4021 = EDGE_CURVE('',#4022,#4024,#4026,.T.);
#4022 = VERTEX_POINT('',#4023);
#4023 = CARTESIAN_POINT('',(4.950000076294,19.700001983643,-3.125));
#4024 = VERTEX_POINT('',#4025);
#4025 = CARTESIAN_POINT('',(5.206000076294,19.956001983643,-3.381));
#4026 = LINE('',#4027,#4028);
#4027 = CARTESIAN_POINT('',(5.035333409627,19.785335316976,
    -3.210333333333));
#4028 = VECTOR('',#4029,1.);
#4029 = DIRECTION('',(0.57735026919,0.57735026919,-0.57735026919));
#4030 = ORIENTED_EDGE('',*,*,#4031,.T.);
#4031 = EDGE_CURVE('',#4022,#4032,#4034,.T.);
#4032 = VERTEX_POINT('',#4033);
#4033 = CARTESIAN_POINT('',(4.950000076294,20.340001983643,-3.125));
#4034 = LINE('',#4035,#4036);
#4035 = CARTESIAN_POINT('',(4.950000076294,19.700001983643,-3.125));
#4036 = VECTOR('',#4037,1.);
#4037 = DIRECTION('',(0.,1.,0.));
#4038 = ORIENTED_EDGE('',*,*,#4039,.T.);
#4039 = EDGE_CURVE('',#4032,#4040,#4042,.T.);
#4040 = VERTEX_POINT('',#4041);
#4041 = CARTESIAN_POINT('',(5.206000076294,20.084001983643,-3.381));
#4042 = LINE('',#4043,#4044);
#4043 = CARTESIAN_POINT('',(5.142000076294,20.148001983643,-3.317));
#4044 = VECTOR('',#4045,1.);
#4045 = DIRECTION('',(0.57735026919,-0.57735026919,-0.57735026919));
#4046 = ORIENTED_EDGE('',*,*,#4047,.F.);
#4047 = EDGE_CURVE('',#4024,#4040,#4048,.T.);
#4048 = LINE('',#4049,#4050);
#4049 = CARTESIAN_POINT('',(5.206000076294,19.700001983643,-3.381));
#4050 = VECTOR('',#4051,1.);
#4051 = DIRECTION('',(0.,1.,0.));
#4052 = PLANE('',#4053);
#4053 = AXIS2_PLACEMENT_3D('',#4054,#4055,#4056);
#4054 = CARTESIAN_POINT('',(5.078000076294,19.700001983643,-3.253));
#4055 = DIRECTION('',(-0.707106781187,0.,-0.707106781187));
#4056 = DIRECTION('',(0.,1.,0.));
#4057 = ADVANCED_FACE('',(#4058),#4083,.F.);
#4058 = FACE_BOUND('',#4059,.T.);
#4059 = EDGE_LOOP('',(#4060,#4061,#4069,#4077));
#4060 = ORIENTED_EDGE('',*,*,#4039,.F.);
#4061 = ORIENTED_EDGE('',*,*,#4062,.T.);
#4062 = EDGE_CURVE('',#4032,#4063,#4065,.T.);
#4063 = VERTEX_POINT('',#4064);
#4064 = CARTESIAN_POINT('',(5.590000076294,20.340001983643,-3.125));
#4065 = LINE('',#4066,#4067);
#4066 = CARTESIAN_POINT('',(4.950000076294,20.340001983643,-3.125));
#4067 = VECTOR('',#4068,1.);
#4068 = DIRECTION('',(1.,0.,0.));
#4069 = ORIENTED_EDGE('',*,*,#4070,.T.);
#4070 = EDGE_CURVE('',#4063,#4071,#4073,.T.);
#4071 = VERTEX_POINT('',#4072);
#4072 = CARTESIAN_POINT('',(5.334000076294,20.084001983643,-3.381));
#4073 = LINE('',#4074,#4075);
#4074 = CARTESIAN_POINT('',(5.291333409627,20.041335316976,
    -3.423666666667));
#4075 = VECTOR('',#4076,1.);
#4076 = DIRECTION('',(-0.57735026919,-0.57735026919,-0.57735026919));
#4077 = ORIENTED_EDGE('',*,*,#4078,.F.);
#4078 = EDGE_CURVE('',#4040,#4071,#4079,.T.);
#4079 = LINE('',#4080,#4081);
#4080 = CARTESIAN_POINT('',(4.950000076294,20.084001983643,-3.381));
#4081 = VECTOR('',#4082,1.);
#4082 = DIRECTION('',(1.,0.,0.));
#4083 = PLANE('',#4084);
#4084 = AXIS2_PLACEMENT_3D('',#4085,#4086,#4087);
#4085 = CARTESIAN_POINT('',(4.950000076294,20.212001983643,-3.253));
#4086 = DIRECTION('',(0.,-0.707106781187,0.707106781187));
#4087 = DIRECTION('',(-1.,0.,0.));
#4088 = ADVANCED_FACE('',(#4089),#4123,.F.);
#4089 = FACE_BOUND('',#4090,.T.);
#4090 = EDGE_LOOP('',(#4091,#4101,#4109,#4117));
#4091 = ORIENTED_EDGE('',*,*,#4092,.F.);
#4092 = EDGE_CURVE('',#4093,#4095,#4097,.T.);
#4093 = VERTEX_POINT('',#4094);
#4094 = CARTESIAN_POINT('',(4.950000076294,30.426001983643,1.1005));
#4095 = VERTEX_POINT('',#4096);
#4096 = CARTESIAN_POINT('',(5.206000076294,30.682001983643,1.3565));
#4097 = LINE('',#4098,#4099);
#4098 = CARTESIAN_POINT('',(5.035333409627,30.511335316976,
    1.185833333333));
#4099 = VECTOR('',#4100,1.);
#4100 = DIRECTION('',(0.57735026919,0.57735026919,0.57735026919));
#4101 = ORIENTED_EDGE('',*,*,#4102,.T.);
#4102 = EDGE_CURVE('',#4093,#4103,#4105,.T.);
#4103 = VERTEX_POINT('',#4104);
#4104 = CARTESIAN_POINT('',(4.950000076294,30.426001983643,1.7405));
#4105 = LINE('',#4106,#4107);
#4106 = CARTESIAN_POINT('',(4.950000076294,30.426001983643,1.1005));
#4107 = VECTOR('',#4108,1.);
#4108 = DIRECTION('',(0.,0.,1.));
#4109 = ORIENTED_EDGE('',*,*,#4110,.T.);
#4110 = EDGE_CURVE('',#4103,#4111,#4113,.T.);
#4111 = VERTEX_POINT('',#4112);
#4112 = CARTESIAN_POINT('',(5.206000076294,30.682001983643,1.4845));
#4113 = LINE('',#4114,#4115);
#4114 = CARTESIAN_POINT('',(5.142000076294,30.618001983643,1.5485));
#4115 = VECTOR('',#4116,1.);
#4116 = DIRECTION('',(0.57735026919,0.57735026919,-0.57735026919));
#4117 = ORIENTED_EDGE('',*,*,#4118,.F.);
#4118 = EDGE_CURVE('',#4095,#4111,#4119,.T.);
#4119 = LINE('',#4120,#4121);
#4120 = CARTESIAN_POINT('',(5.206000076294,30.682001983643,1.1005));
#4121 = VECTOR('',#4122,1.);
#4122 = DIRECTION('',(0.,0.,1.));
#4123 = PLANE('',#4124);
#4124 = AXIS2_PLACEMENT_3D('',#4125,#4126,#4127);
#4125 = CARTESIAN_POINT('',(5.078000076294,30.554001983643,1.1005));
#4126 = DIRECTION('',(0.707106781187,-0.707106781187,0.));
#4127 = DIRECTION('',(0.,0.,-1.));
#4128 = ADVANCED_FACE('',(#4129),#4154,.F.);
#4129 = FACE_BOUND('',#4130,.T.);
#4130 = EDGE_LOOP('',(#4131,#4132,#4140,#4148));
#4131 = ORIENTED_EDGE('',*,*,#4092,.T.);
#4132 = ORIENTED_EDGE('',*,*,#4133,.T.);
#4133 = EDGE_CURVE('',#4095,#4134,#4136,.T.);
#4134 = VERTEX_POINT('',#4135);
#4135 = CARTESIAN_POINT('',(5.334000076294,30.682001983643,1.3565));
#4136 = LINE('',#4137,#4138);
#4137 = CARTESIAN_POINT('',(4.950000076294,30.682001983643,1.3565));
#4138 = VECTOR('',#4139,1.);
#4139 = DIRECTION('',(1.,0.,0.));
#4140 = ORIENTED_EDGE('',*,*,#4141,.F.);
#4141 = EDGE_CURVE('',#4142,#4134,#4144,.T.);
#4142 = VERTEX_POINT('',#4143);
#4143 = CARTESIAN_POINT('',(5.590000076294,30.426001983643,1.1005));
#4144 = LINE('',#4145,#4146);
#4145 = CARTESIAN_POINT('',(5.398000076294,30.618001983643,1.2925));
#4146 = VECTOR('',#4147,1.);
#4147 = DIRECTION('',(-0.57735026919,0.57735026919,0.57735026919));
#4148 = ORIENTED_EDGE('',*,*,#4149,.F.);
#4149 = EDGE_CURVE('',#4093,#4142,#4150,.T.);
#4150 = LINE('',#4151,#4152);
#4151 = CARTESIAN_POINT('',(4.950000076294,30.426001983643,1.1005));
#4152 = VECTOR('',#4153,1.);
#4153 = DIRECTION('',(1.,0.,0.));
#4154 = PLANE('',#4155);
#4155 = AXIS2_PLACEMENT_3D('',#4156,#4157,#4158);
#4156 = CARTESIAN_POINT('',(4.950000076294,30.554001983643,1.2285));
#4157 = DIRECTION('',(-3.471719944136E-18,-0.707106781187,0.707106781187
    ));
#4158 = DIRECTION('',(-1.,2.454876714879E-18,-2.454876714879E-18));
#4159 = ADVANCED_FACE('',(#4160),#4185,.F.);
#4160 = FACE_BOUND('',#4161,.F.);
#4161 = EDGE_LOOP('',(#4162,#4170,#4178,#4184));
#4162 = ORIENTED_EDGE('',*,*,#4163,.F.);
#4163 = EDGE_CURVE('',#4164,#4093,#4166,.T.);
#4164 = VERTEX_POINT('',#4165);
#4165 = CARTESIAN_POINT('',(4.950000076294,20.404001983643,1.1005));
#4166 = LINE('',#4167,#4168);
#4167 = CARTESIAN_POINT('',(4.950000076294,19.700001983643,1.1005));
#4168 = VECTOR('',#4169,1.);
#4169 = DIRECTION('',(0.,1.,0.));
#4170 = ORIENTED_EDGE('',*,*,#4171,.T.);
#4171 = EDGE_CURVE('',#4164,#4172,#4174,.T.);
#4172 = VERTEX_POINT('',#4173);
#4173 = CARTESIAN_POINT('',(5.590000076294,20.404001983643,1.1005));
#4174 = LINE('',#4175,#4176);
#4175 = CARTESIAN_POINT('',(4.950000076294,20.404001983643,1.1005));
#4176 = VECTOR('',#4177,1.);
#4177 = DIRECTION('',(1.,0.,0.));
#4178 = ORIENTED_EDGE('',*,*,#4179,.T.);
#4179 = EDGE_CURVE('',#4172,#4142,#4180,.T.);
#4180 = LINE('',#4181,#4182);
#4181 = CARTESIAN_POINT('',(5.590000076294,19.700001983643,1.1005));
#4182 = VECTOR('',#4183,1.);
#4183 = DIRECTION('',(0.,1.,0.));
#4184 = ORIENTED_EDGE('',*,*,#4149,.F.);
#4185 = PLANE('',#4186);
#4186 = AXIS2_PLACEMENT_3D('',#4187,#4188,#4189);
#4187 = CARTESIAN_POINT('',(4.950000076294,19.700001983643,1.1005));
#4188 = DIRECTION('',(0.,0.,1.));
#4189 = DIRECTION('',(1.,0.,0.));
#4190 = ADVANCED_FACE('',(#4191),#4218,.F.);
#4191 = FACE_BOUND('',#4192,.F.);
#4192 = EDGE_LOOP('',(#4193,#4202,#4210,#4217));
#4193 = ORIENTED_EDGE('',*,*,#4194,.T.);
#4194 = EDGE_CURVE('',#4164,#4195,#4197,.T.);
#4195 = VERTEX_POINT('',#4196);
#4196 = CARTESIAN_POINT('',(4.950000076294,20.340001983643,1.0365));
#4197 = CIRCLE('',#4198,6.4E-02);
#4198 = AXIS2_PLACEMENT_3D('',#4199,#4200,#4201);
#4199 = CARTESIAN_POINT('',(4.950000076294,20.404001983643,1.0365));
#4200 = DIRECTION('',(1.,0.,-0.));
#4201 = DIRECTION('',(0.,0.,1.));
#4202 = ORIENTED_EDGE('',*,*,#4203,.T.);
#4203 = EDGE_CURVE('',#4195,#4204,#4206,.T.);
#4204 = VERTEX_POINT('',#4205);
#4205 = CARTESIAN_POINT('',(5.590000076294,20.340001983643,1.0365));
#4206 = LINE('',#4207,#4208);
#4207 = CARTESIAN_POINT('',(4.950000076294,20.340001983643,1.0365));
#4208 = VECTOR('',#4209,1.);
#4209 = DIRECTION('',(1.,0.,0.));
#4210 = ORIENTED_EDGE('',*,*,#4211,.F.);
#4211 = EDGE_CURVE('',#4172,#4204,#4212,.T.);
#4212 = CIRCLE('',#4213,6.4E-02);
#4213 = AXIS2_PLACEMENT_3D('',#4214,#4215,#4216);
#4214 = CARTESIAN_POINT('',(5.590000076294,20.404001983643,1.0365));
#4215 = DIRECTION('',(1.,0.,-0.));
#4216 = DIRECTION('',(0.,0.,1.));
#4217 = ORIENTED_EDGE('',*,*,#4171,.F.);
#4218 = CYLINDRICAL_SURFACE('',#4219,6.4E-02);
#4219 = AXIS2_PLACEMENT_3D('',#4220,#4221,#4222);
#4220 = CARTESIAN_POINT('',(4.950000076294,20.404001983643,1.0365));
#4221 = DIRECTION('',(1.,0.,0.));
#4222 = DIRECTION('',(0.,0.,1.));
#4223 = ADVANCED_FACE('',(#4224),#4240,.T.);
#4224 = FACE_BOUND('',#4225,.T.);
#4225 = EDGE_LOOP('',(#4226,#4232,#4233,#4239));
#4226 = ORIENTED_EDGE('',*,*,#4227,.F.);
#4227 = EDGE_CURVE('',#4063,#4204,#4228,.T.);
#4228 = LINE('',#4229,#4230);
#4229 = CARTESIAN_POINT('',(5.590000076294,20.340001983643,-3.381));
#4230 = VECTOR('',#4231,1.);
#4231 = DIRECTION('',(0.,0.,1.));
#4232 = ORIENTED_EDGE('',*,*,#4062,.F.);
#4233 = ORIENTED_EDGE('',*,*,#4234,.T.);
#4234 = EDGE_CURVE('',#4032,#4195,#4235,.T.);
#4235 = LINE('',#4236,#4237);
#4236 = CARTESIAN_POINT('',(4.950000076294,20.340001983643,-3.381));
#4237 = VECTOR('',#4238,1.);
#4238 = DIRECTION('',(0.,0.,1.));
#4239 = ORIENTED_EDGE('',*,*,#4203,.T.);
#4240 = PLANE('',#4241);
#4241 = AXIS2_PLACEMENT_3D('',#4242,#4243,#4244);
#4242 = CARTESIAN_POINT('',(4.950000076294,20.340001983643,-3.381));
#4243 = DIRECTION('',(0.,1.,0.));
#4244 = DIRECTION('',(0.,0.,1.));
#4245 = ADVANCED_FACE('',(#4246),#4264,.T.);
#4246 = FACE_BOUND('',#4247,.T.);
#4247 = EDGE_LOOP('',(#4248,#4249,#4257,#4263));
#4248 = ORIENTED_EDGE('',*,*,#4118,.T.);
#4249 = ORIENTED_EDGE('',*,*,#4250,.T.);
#4250 = EDGE_CURVE('',#4111,#4251,#4253,.T.);
#4251 = VERTEX_POINT('',#4252);
#4252 = CARTESIAN_POINT('',(5.334000076294,30.682001983643,1.4845));
#4253 = LINE('',#4254,#4255);
#4254 = CARTESIAN_POINT('',(4.950000076294,30.682001983643,1.4845));
#4255 = VECTOR('',#4256,1.);
#4256 = DIRECTION('',(1.,0.,0.));
#4257 = ORIENTED_EDGE('',*,*,#4258,.F.);
#4258 = EDGE_CURVE('',#4134,#4251,#4259,.T.);
#4259 = LINE('',#4260,#4261);
#4260 = CARTESIAN_POINT('',(5.334000076294,30.682001983643,1.1005));
#4261 = VECTOR('',#4262,1.);
#4262 = DIRECTION('',(0.,0.,1.));
#4263 = ORIENTED_EDGE('',*,*,#4133,.F.);
#4264 = PLANE('',#4265);
#4265 = AXIS2_PLACEMENT_3D('',#4266,#4267,#4268);
#4266 = CARTESIAN_POINT('',(4.950000076294,30.682001983643,1.1005));
#4267 = DIRECTION('',(0.,1.,0.));
#4268 = DIRECTION('',(0.,0.,1.));
#4269 = ADVANCED_FACE('',(#4270),#4288,.T.);
#4270 = FACE_BOUND('',#4271,.F.);
#4271 = EDGE_LOOP('',(#4272,#4273,#4274,#4282));
#4272 = ORIENTED_EDGE('',*,*,#4110,.T.);
#4273 = ORIENTED_EDGE('',*,*,#4250,.T.);
#4274 = ORIENTED_EDGE('',*,*,#4275,.F.);
#4275 = EDGE_CURVE('',#4276,#4251,#4278,.T.);
#4276 = VERTEX_POINT('',#4277);
#4277 = CARTESIAN_POINT('',(5.590000076294,30.426001983643,1.7405));
#4278 = LINE('',#4279,#4280);
#4279 = CARTESIAN_POINT('',(5.291333409627,30.72466865031,1.441833333333
    ));
#4280 = VECTOR('',#4281,1.);
#4281 = DIRECTION('',(-0.57735026919,0.57735026919,-0.57735026919));
#4282 = ORIENTED_EDGE('',*,*,#4283,.F.);
#4283 = EDGE_CURVE('',#4103,#4276,#4284,.T.);
#4284 = LINE('',#4285,#4286);
#4285 = CARTESIAN_POINT('',(4.950000076294,30.426001983643,1.7405));
#4286 = VECTOR('',#4287,1.);
#4287 = DIRECTION('',(1.,0.,0.));
#4288 = PLANE('',#4289);
#4289 = AXIS2_PLACEMENT_3D('',#4290,#4291,#4292);
#4290 = CARTESIAN_POINT('',(4.950000076294,30.554001983643,1.6125));
#4291 = DIRECTION('',(3.471719944136E-18,0.707106781187,0.707106781187)
  );
#4292 = DIRECTION('',(-1.,2.454876714879E-18,2.454876714879E-18));
#4293 = ADVANCED_FACE('',(#4294),#4305,.T.);
#4294 = FACE_BOUND('',#4295,.F.);
#4295 = EDGE_LOOP('',(#4296,#4297,#4303,#4304));
#4296 = ORIENTED_EDGE('',*,*,#4141,.F.);
#4297 = ORIENTED_EDGE('',*,*,#4298,.T.);
#4298 = EDGE_CURVE('',#4142,#4276,#4299,.T.);
#4299 = LINE('',#4300,#4301);
#4300 = CARTESIAN_POINT('',(5.590000076294,30.426001983643,1.1005));
#4301 = VECTOR('',#4302,1.);
#4302 = DIRECTION('',(0.,0.,1.));
#4303 = ORIENTED_EDGE('',*,*,#4275,.T.);
#4304 = ORIENTED_EDGE('',*,*,#4258,.F.);
#4305 = PLANE('',#4306);
#4306 = AXIS2_PLACEMENT_3D('',#4307,#4308,#4309);
#4307 = CARTESIAN_POINT('',(5.462000076294,30.554001983643,1.1005));
#4308 = DIRECTION('',(0.707106781187,0.707106781187,0.));
#4309 = DIRECTION('',(0.,0.,-1.));
#4310 = ADVANCED_FACE('',(#4311),#4336,.T.);
#4311 = FACE_BOUND('',#4312,.F.);
#4312 = EDGE_LOOP('',(#4313,#4314,#4322,#4330));
#4313 = ORIENTED_EDGE('',*,*,#4021,.F.);
#4314 = ORIENTED_EDGE('',*,*,#4315,.T.);
#4315 = EDGE_CURVE('',#4022,#4316,#4318,.T.);
#4316 = VERTEX_POINT('',#4317);
#4317 = CARTESIAN_POINT('',(5.590000076294,19.700001983643,-3.125));
#4318 = LINE('',#4319,#4320);
#4319 = CARTESIAN_POINT('',(4.950000076294,19.700001983643,-3.125));
#4320 = VECTOR('',#4321,1.);
#4321 = DIRECTION('',(1.,0.,0.));
#4322 = ORIENTED_EDGE('',*,*,#4323,.T.);
#4323 = EDGE_CURVE('',#4316,#4324,#4326,.T.);
#4324 = VERTEX_POINT('',#4325);
#4325 = CARTESIAN_POINT('',(5.334000076294,19.956001983643,-3.381));
#4326 = LINE('',#4327,#4328);
#4327 = CARTESIAN_POINT('',(5.398000076294,19.892001983643,-3.317));
#4328 = VECTOR('',#4329,1.);
#4329 = DIRECTION('',(-0.57735026919,0.57735026919,-0.57735026919));
#4330 = ORIENTED_EDGE('',*,*,#4331,.F.);
#4331 = EDGE_CURVE('',#4024,#4324,#4332,.T.);
#4332 = LINE('',#4333,#4334);
#4333 = CARTESIAN_POINT('',(4.950000076294,19.956001983643,-3.381));
#4334 = VECTOR('',#4335,1.);
#4335 = DIRECTION('',(1.,0.,0.));
#4336 = PLANE('',#4337);
#4337 = AXIS2_PLACEMENT_3D('',#4338,#4339,#4340);
#4338 = CARTESIAN_POINT('',(4.950000076294,19.828001983643,-3.253));
#4339 = DIRECTION('',(0.,-0.707106781187,-0.707106781187));
#4340 = DIRECTION('',(-1.,0.,0.));
#4341 = ADVANCED_FACE('',(#4342),#4353,.F.);
#4342 = FACE_BOUND('',#4343,.F.);
#4343 = EDGE_LOOP('',(#4344,#4345,#4351,#4352));
#4344 = ORIENTED_EDGE('',*,*,#4331,.T.);
#4345 = ORIENTED_EDGE('',*,*,#4346,.T.);
#4346 = EDGE_CURVE('',#4324,#4071,#4347,.T.);
#4347 = LINE('',#4348,#4349);
#4348 = CARTESIAN_POINT('',(5.334000076294,19.700001983643,-3.381));
#4349 = VECTOR('',#4350,1.);
#4350 = DIRECTION('',(0.,1.,0.));
#4351 = ORIENTED_EDGE('',*,*,#4078,.F.);
#4352 = ORIENTED_EDGE('',*,*,#4047,.F.);
#4353 = PLANE('',#4354);
#4354 = AXIS2_PLACEMENT_3D('',#4355,#4356,#4357);
#4355 = CARTESIAN_POINT('',(4.950000076294,19.700001983643,-3.381));
#4356 = DIRECTION('',(0.,0.,1.));
#4357 = DIRECTION('',(1.,0.,0.));
#4358 = ADVANCED_FACE('',(#4359),#4370,.F.);
#4359 = FACE_BOUND('',#4360,.F.);
#4360 = EDGE_LOOP('',(#4361,#4362,#4368,#4369));
#4361 = ORIENTED_EDGE('',*,*,#4323,.F.);
#4362 = ORIENTED_EDGE('',*,*,#4363,.T.);
#4363 = EDGE_CURVE('',#4316,#4063,#4364,.T.);
#4364 = LINE('',#4365,#4366);
#4365 = CARTESIAN_POINT('',(5.590000076294,19.700001983643,-3.125));
#4366 = VECTOR('',#4367,1.);
#4367 = DIRECTION('',(0.,1.,0.));
#4368 = ORIENTED_EDGE('',*,*,#4070,.T.);
#4369 = ORIENTED_EDGE('',*,*,#4346,.F.);
#4370 = PLANE('',#4371);
#4371 = AXIS2_PLACEMENT_3D('',#4372,#4373,#4374);
#4372 = CARTESIAN_POINT('',(5.462000076294,19.700001983643,-3.253));
#4373 = DIRECTION('',(-0.707106781187,0.,0.707106781187));
#4374 = DIRECTION('',(0.,1.,0.));
#4375 = ADVANCED_FACE('',(#4376),#4406,.T.);
#4376 = FACE_BOUND('',#4377,.T.);
#4377 = EDGE_LOOP('',(#4378,#4379,#4380,#4381,#4382,#4390,#4399,#4405));
#4378 = ORIENTED_EDGE('',*,*,#4163,.F.);
#4379 = ORIENTED_EDGE('',*,*,#4194,.T.);
#4380 = ORIENTED_EDGE('',*,*,#4234,.F.);
#4381 = ORIENTED_EDGE('',*,*,#4031,.F.);
#4382 = ORIENTED_EDGE('',*,*,#4383,.T.);
#4383 = EDGE_CURVE('',#4022,#4384,#4386,.T.);
#4384 = VERTEX_POINT('',#4385);
#4385 = CARTESIAN_POINT('',(4.950000076294,19.700001983643,1.1645));
#4386 = LINE('',#4387,#4388);
#4387 = CARTESIAN_POINT('',(4.950000076294,19.700001983643,-3.381));
#4388 = VECTOR('',#4389,1.);
#4389 = DIRECTION('',(0.,0.,1.));
#4390 = ORIENTED_EDGE('',*,*,#4391,.T.);
#4391 = EDGE_CURVE('',#4384,#4392,#4394,.T.);
#4392 = VERTEX_POINT('',#4393);
#4393 = CARTESIAN_POINT('',(4.950000076294,20.276001983643,1.7405));
#4394 = CIRCLE('',#4395,0.576);
#4395 = AXIS2_PLACEMENT_3D('',#4396,#4397,#4398);
#4396 = CARTESIAN_POINT('',(4.950000076294,20.276001983643,1.1645));
#4397 = DIRECTION('',(-1.,0.,0.));
#4398 = DIRECTION('',(0.,0.,1.));
#4399 = ORIENTED_EDGE('',*,*,#4400,.T.);
#4400 = EDGE_CURVE('',#4392,#4103,#4401,.T.);
#4401 = LINE('',#4402,#4403);
#4402 = CARTESIAN_POINT('',(4.950000076294,19.700001983643,1.7405));
#4403 = VECTOR('',#4404,1.);
#4404 = DIRECTION('',(0.,1.,0.));
#4405 = ORIENTED_EDGE('',*,*,#4102,.F.);
#4406 = PLANE('',#4407);
#4407 = AXIS2_PLACEMENT_3D('',#4408,#4409,#4410);
#4408 = CARTESIAN_POINT('',(4.950000076294,23.733645520424,
    0.664243413516));
#4409 = DIRECTION('',(-1.,4.677722978986E-33,-1.521392086216E-32));
#4410 = DIRECTION('',(1.521392086216E-32,0.,-1.));
#4411 = ADVANCED_FACE('',(#4412),#4438,.T.);
#4412 = FACE_BOUND('',#4413,.T.);
#4413 = EDGE_LOOP('',(#4414,#4422,#4431,#4437));
#4414 = ORIENTED_EDGE('',*,*,#4415,.T.);
#4415 = EDGE_CURVE('',#4384,#4416,#4418,.T.);
#4416 = VERTEX_POINT('',#4417);
#4417 = CARTESIAN_POINT('',(5.590000076294,19.700001983643,1.1645));
#4418 = LINE('',#4419,#4420);
#4419 = CARTESIAN_POINT('',(4.950000076294,19.700001983643,1.1645));
#4420 = VECTOR('',#4421,1.);
#4421 = DIRECTION('',(1.,0.,0.));
#4422 = ORIENTED_EDGE('',*,*,#4423,.T.);
#4423 = EDGE_CURVE('',#4416,#4424,#4426,.T.);
#4424 = VERTEX_POINT('',#4425);
#4425 = CARTESIAN_POINT('',(5.590000076294,20.276001983643,1.7405));
#4426 = CIRCLE('',#4427,0.576);
#4427 = AXIS2_PLACEMENT_3D('',#4428,#4429,#4430);
#4428 = CARTESIAN_POINT('',(5.590000076294,20.276001983643,1.1645));
#4429 = DIRECTION('',(-1.,0.,0.));
#4430 = DIRECTION('',(0.,0.,1.));
#4431 = ORIENTED_EDGE('',*,*,#4432,.F.);
#4432 = EDGE_CURVE('',#4392,#4424,#4433,.T.);
#4433 = LINE('',#4434,#4435);
#4434 = CARTESIAN_POINT('',(4.950000076294,20.276001983643,1.7405));
#4435 = VECTOR('',#4436,1.);
#4436 = DIRECTION('',(1.,0.,0.));
#4437 = ORIENTED_EDGE('',*,*,#4391,.F.);
#4438 = CYLINDRICAL_SURFACE('',#4439,0.576);
#4439 = AXIS2_PLACEMENT_3D('',#4440,#4441,#4442);
#4440 = CARTESIAN_POINT('',(4.950000076294,20.276001983643,1.1645));
#4441 = DIRECTION('',(1.,0.,0.));
#4442 = DIRECTION('',(0.,-1.,0.));
#4443 = ADVANCED_FACE('',(#4444),#4455,.T.);
#4444 = FACE_BOUND('',#4445,.T.);
#4445 = EDGE_LOOP('',(#4446,#4447,#4448,#4454));
#4446 = ORIENTED_EDGE('',*,*,#4400,.F.);
#4447 = ORIENTED_EDGE('',*,*,#4432,.T.);
#4448 = ORIENTED_EDGE('',*,*,#4449,.T.);
#4449 = EDGE_CURVE('',#4424,#4276,#4450,.T.);
#4450 = LINE('',#4451,#4452);
#4451 = CARTESIAN_POINT('',(5.590000076294,19.700001983643,1.7405));
#4452 = VECTOR('',#4453,1.);
#4453 = DIRECTION('',(0.,1.,0.));
#4454 = ORIENTED_EDGE('',*,*,#4283,.F.);
#4455 = PLANE('',#4456);
#4456 = AXIS2_PLACEMENT_3D('',#4457,#4458,#4459);
#4457 = CARTESIAN_POINT('',(5.270000076294,25.351001983643,1.7405));
#4458 = DIRECTION('',(0.,-5.252216217004E-18,1.));
#4459 = DIRECTION('',(0.,1.,5.252216217004E-18));
#4460 = ADVANCED_FACE('',(#4461),#4476,.T.);
#4461 = FACE_BOUND('',#4462,.T.);
#4462 = EDGE_LOOP('',(#4463,#4464,#4465,#4466,#4467,#4473,#4474,#4475));
#4463 = ORIENTED_EDGE('',*,*,#4179,.T.);
#4464 = ORIENTED_EDGE('',*,*,#4298,.T.);
#4465 = ORIENTED_EDGE('',*,*,#4449,.F.);
#4466 = ORIENTED_EDGE('',*,*,#4423,.F.);
#4467 = ORIENTED_EDGE('',*,*,#4468,.F.);
#4468 = EDGE_CURVE('',#4316,#4416,#4469,.T.);
#4469 = LINE('',#4470,#4471);
#4470 = CARTESIAN_POINT('',(5.590000076294,19.700001983643,1.1005));
#4471 = VECTOR('',#4472,1.);
#4472 = DIRECTION('',(0.,0.,1.));
#4473 = ORIENTED_EDGE('',*,*,#4363,.T.);
#4474 = ORIENTED_EDGE('',*,*,#4227,.T.);
#4475 = ORIENTED_EDGE('',*,*,#4211,.F.);
#4476 = PLANE('',#4477);
#4477 = AXIS2_PLACEMENT_3D('',#4478,#4479,#4480);
#4478 = CARTESIAN_POINT('',(5.590000076294,23.733645520424,
    0.664243413516));
#4479 = DIRECTION('',(1.,3.467279151745E-33,6.9499933414E-33));
#4480 = DIRECTION('',(-6.9499933414E-33,0.,1.));
#4481 = ADVANCED_FACE('',(#4482),#4488,.F.);
#4482 = FACE_BOUND('',#4483,.T.);
#4483 = EDGE_LOOP('',(#4484,#4485,#4486,#4487));
#4484 = ORIENTED_EDGE('',*,*,#4468,.T.);
#4485 = ORIENTED_EDGE('',*,*,#4415,.F.);
#4486 = ORIENTED_EDGE('',*,*,#4383,.F.);
#4487 = ORIENTED_EDGE('',*,*,#4315,.T.);
#4488 = PLANE('',#4489);
#4489 = AXIS2_PLACEMENT_3D('',#4490,#4491,#4492);
#4490 = CARTESIAN_POINT('',(4.950000076294,19.700001983643,-3.381));
#4491 = DIRECTION('',(0.,1.,0.));
#4492 = DIRECTION('',(0.,0.,1.));
#4493 = MANIFOLD_SOLID_BREP('',#4494);
#4494 = CLOSED_SHELL('',(#4495,#4535,#4566,#4606,#4637,#4668,#4701,#4723
    ,#4747,#4771,#4788,#4819,#4836,#4853,#4889,#4921,#4938,#4959));
#4495 = ADVANCED_FACE('',(#4496),#4530,.T.);
#4496 = FACE_BOUND('',#4497,.T.);
#4497 = EDGE_LOOP('',(#4498,#4508,#4516,#4524));
#4498 = ORIENTED_EDGE('',*,*,#4499,.F.);
#4499 = EDGE_CURVE('',#4500,#4502,#4504,.T.);
#4500 = VERTEX_POINT('',#4501);
#4501 = CARTESIAN_POINT('',(2.410000076294,19.700001983643,-3.125));
#4502 = VERTEX_POINT('',#4503);
#4503 = CARTESIAN_POINT('',(2.666000076294,19.956001983643,-3.381));
#4504 = LINE('',#4505,#4506);
#4505 = CARTESIAN_POINT('',(2.495333409627,19.785335316976,
    -3.210333333333));
#4506 = VECTOR('',#4507,1.);
#4507 = DIRECTION('',(0.57735026919,0.57735026919,-0.57735026919));
#4508 = ORIENTED_EDGE('',*,*,#4509,.T.);
#4509 = EDGE_CURVE('',#4500,#4510,#4512,.T.);
#4510 = VERTEX_POINT('',#4511);
#4511 = CARTESIAN_POINT('',(2.410000076294,20.340001983643,-3.125));
#4512 = LINE('',#4513,#4514);
#4513 = CARTESIAN_POINT('',(2.410000076294,19.700001983643,-3.125));
#4514 = VECTOR('',#4515,1.);
#4515 = DIRECTION('',(0.,1.,0.));
#4516 = ORIENTED_EDGE('',*,*,#4517,.T.);
#4517 = EDGE_CURVE('',#4510,#4518,#4520,.T.);
#4518 = VERTEX_POINT('',#4519);
#4519 = CARTESIAN_POINT('',(2.666000076294,20.084001983643,-3.381));
#4520 = LINE('',#4521,#4522);
#4521 = CARTESIAN_POINT('',(2.602000076294,20.148001983643,-3.317));
#4522 = VECTOR('',#4523,1.);
#4523 = DIRECTION('',(0.57735026919,-0.57735026919,-0.57735026919));
#4524 = ORIENTED_EDGE('',*,*,#4525,.F.);
#4525 = EDGE_CURVE('',#4502,#4518,#4526,.T.);
#4526 = LINE('',#4527,#4528);
#4527 = CARTESIAN_POINT('',(2.666000076294,19.700001983643,-3.381));
#4528 = VECTOR('',#4529,1.);
#4529 = DIRECTION('',(0.,1.,0.));
#4530 = PLANE('',#4531);
#4531 = AXIS2_PLACEMENT_3D('',#4532,#4533,#4534);
#4532 = CARTESIAN_POINT('',(2.538000076294,19.700001983643,-3.253));
#4533 = DIRECTION('',(-0.707106781187,0.,-0.707106781187));
#4534 = DIRECTION('',(0.,1.,0.));
#4535 = ADVANCED_FACE('',(#4536),#4561,.F.);
#4536 = FACE_BOUND('',#4537,.T.);
#4537 = EDGE_LOOP('',(#4538,#4539,#4547,#4555));
#4538 = ORIENTED_EDGE('',*,*,#4517,.F.);
#4539 = ORIENTED_EDGE('',*,*,#4540,.T.);
#4540 = EDGE_CURVE('',#4510,#4541,#4543,.T.);
#4541 = VERTEX_POINT('',#4542);
#4542 = CARTESIAN_POINT('',(3.050000076294,20.340001983643,-3.125));
#4543 = LINE('',#4544,#4545);
#4544 = CARTESIAN_POINT('',(2.410000076294,20.340001983643,-3.125));
#4545 = VECTOR('',#4546,1.);
#4546 = DIRECTION('',(1.,0.,0.));
#4547 = ORIENTED_EDGE('',*,*,#4548,.T.);
#4548 = EDGE_CURVE('',#4541,#4549,#4551,.T.);
#4549 = VERTEX_POINT('',#4550);
#4550 = CARTESIAN_POINT('',(2.794000076294,20.084001983643,-3.381));
#4551 = LINE('',#4552,#4553);
#4552 = CARTESIAN_POINT('',(2.751333409627,20.041335316976,
    -3.423666666667));
#4553 = VECTOR('',#4554,1.);
#4554 = DIRECTION('',(-0.57735026919,-0.57735026919,-0.57735026919));
#4555 = ORIENTED_EDGE('',*,*,#4556,.F.);
#4556 = EDGE_CURVE('',#4518,#4549,#4557,.T.);
#4557 = LINE('',#4558,#4559);
#4558 = CARTESIAN_POINT('',(2.410000076294,20.084001983643,-3.381));
#4559 = VECTOR('',#4560,1.);
#4560 = DIRECTION('',(1.,0.,0.));
#4561 = PLANE('',#4562);
#4562 = AXIS2_PLACEMENT_3D('',#4563,#4564,#4565);
#4563 = CARTESIAN_POINT('',(2.410000076294,20.212001983643,-3.253));
#4564 = DIRECTION('',(0.,-0.707106781187,0.707106781187));
#4565 = DIRECTION('',(-1.,0.,0.));
#4566 = ADVANCED_FACE('',(#4567),#4601,.F.);
#4567 = FACE_BOUND('',#4568,.T.);
#4568 = EDGE_LOOP('',(#4569,#4579,#4587,#4595));
#4569 = ORIENTED_EDGE('',*,*,#4570,.F.);
#4570 = EDGE_CURVE('',#4571,#4573,#4575,.T.);
#4571 = VERTEX_POINT('',#4572);
#4572 = CARTESIAN_POINT('',(2.410000076294,30.426001983643,1.1005));
#4573 = VERTEX_POINT('',#4574);
#4574 = CARTESIAN_POINT('',(2.666000076294,30.682001983643,1.3565));
#4575 = LINE('',#4576,#4577);
#4576 = CARTESIAN_POINT('',(2.495333409627,30.511335316976,
    1.185833333333));
#4577 = VECTOR('',#4578,1.);
#4578 = DIRECTION('',(0.57735026919,0.57735026919,0.57735026919));
#4579 = ORIENTED_EDGE('',*,*,#4580,.T.);
#4580 = EDGE_CURVE('',#4571,#4581,#4583,.T.);
#4581 = VERTEX_POINT('',#4582);
#4582 = CARTESIAN_POINT('',(2.410000076294,30.426001983643,1.7405));
#4583 = LINE('',#4584,#4585);
#4584 = CARTESIAN_POINT('',(2.410000076294,30.426001983643,1.1005));
#4585 = VECTOR('',#4586,1.);
#4586 = DIRECTION('',(0.,0.,1.));
#4587 = ORIENTED_EDGE('',*,*,#4588,.T.);
#4588 = EDGE_CURVE('',#4581,#4589,#4591,.T.);
#4589 = VERTEX_POINT('',#4590);
#4590 = CARTESIAN_POINT('',(2.666000076294,30.682001983643,1.4845));
#4591 = LINE('',#4592,#4593);
#4592 = CARTESIAN_POINT('',(2.602000076294,30.618001983643,1.5485));
#4593 = VECTOR('',#4594,1.);
#4594 = DIRECTION('',(0.57735026919,0.57735026919,-0.57735026919));
#4595 = ORIENTED_EDGE('',*,*,#4596,.F.);
#4596 = EDGE_CURVE('',#4573,#4589,#4597,.T.);
#4597 = LINE('',#4598,#4599);
#4598 = CARTESIAN_POINT('',(2.666000076294,30.682001983643,1.1005));
#4599 = VECTOR('',#4600,1.);
#4600 = DIRECTION('',(0.,0.,1.));
#4601 = PLANE('',#4602);
#4602 = AXIS2_PLACEMENT_3D('',#4603,#4604,#4605);
#4603 = CARTESIAN_POINT('',(2.538000076294,30.554001983643,1.1005));
#4604 = DIRECTION('',(0.707106781187,-0.707106781187,0.));
#4605 = DIRECTION('',(0.,0.,-1.));
#4606 = ADVANCED_FACE('',(#4607),#4632,.F.);
#4607 = FACE_BOUND('',#4608,.T.);
#4608 = EDGE_LOOP('',(#4609,#4610,#4618,#4626));
#4609 = ORIENTED_EDGE('',*,*,#4570,.T.);
#4610 = ORIENTED_EDGE('',*,*,#4611,.T.);
#4611 = EDGE_CURVE('',#4573,#4612,#4614,.T.);
#4612 = VERTEX_POINT('',#4613);
#4613 = CARTESIAN_POINT('',(2.794000076294,30.682001983643,1.3565));
#4614 = LINE('',#4615,#4616);
#4615 = CARTESIAN_POINT('',(2.410000076294,30.682001983643,1.3565));
#4616 = VECTOR('',#4617,1.);
#4617 = DIRECTION('',(1.,0.,0.));
#4618 = ORIENTED_EDGE('',*,*,#4619,.F.);
#4619 = EDGE_CURVE('',#4620,#4612,#4622,.T.);
#4620 = VERTEX_POINT('',#4621);
#4621 = CARTESIAN_POINT('',(3.050000076294,30.426001983643,1.1005));
#4622 = LINE('',#4623,#4624);
#4623 = CARTESIAN_POINT('',(2.858000076294,30.618001983643,1.2925));
#4624 = VECTOR('',#4625,1.);
#4625 = DIRECTION('',(-0.57735026919,0.57735026919,0.57735026919));
#4626 = ORIENTED_EDGE('',*,*,#4627,.F.);
#4627 = EDGE_CURVE('',#4571,#4620,#4628,.T.);
#4628 = LINE('',#4629,#4630);
#4629 = CARTESIAN_POINT('',(2.410000076294,30.426001983643,1.1005));
#4630 = VECTOR('',#4631,1.);
#4631 = DIRECTION('',(1.,0.,0.));
#4632 = PLANE('',#4633);
#4633 = AXIS2_PLACEMENT_3D('',#4634,#4635,#4636);
#4634 = CARTESIAN_POINT('',(2.410000076294,30.554001983643,1.2285));
#4635 = DIRECTION('',(-3.471719944136E-18,-0.707106781187,0.707106781187
    ));
#4636 = DIRECTION('',(-1.,2.454876714879E-18,-2.454876714879E-18));
#4637 = ADVANCED_FACE('',(#4638),#4663,.F.);
#4638 = FACE_BOUND('',#4639,.F.);
#4639 = EDGE_LOOP('',(#4640,#4648,#4656,#4662));
#4640 = ORIENTED_EDGE('',*,*,#4641,.F.);
#4641 = EDGE_CURVE('',#4642,#4571,#4644,.T.);
#4642 = VERTEX_POINT('',#4643);
#4643 = CARTESIAN_POINT('',(2.410000076294,20.404001983643,1.1005));
#4644 = LINE('',#4645,#4646);
#4645 = CARTESIAN_POINT('',(2.410000076294,19.700001983643,1.1005));
#4646 = VECTOR('',#4647,1.);
#4647 = DIRECTION('',(0.,1.,0.));
#4648 = ORIENTED_EDGE('',*,*,#4649,.T.);
#4649 = EDGE_CURVE('',#4642,#4650,#4652,.T.);
#4650 = VERTEX_POINT('',#4651);
#4651 = CARTESIAN_POINT('',(3.050000076294,20.404001983643,1.1005));
#4652 = LINE('',#4653,#4654);
#4653 = CARTESIAN_POINT('',(2.410000076294,20.404001983643,1.1005));
#4654 = VECTOR('',#4655,1.);
#4655 = DIRECTION('',(1.,0.,0.));
#4656 = ORIENTED_EDGE('',*,*,#4657,.T.);
#4657 = EDGE_CURVE('',#4650,#4620,#4658,.T.);
#4658 = LINE('',#4659,#4660);
#4659 = CARTESIAN_POINT('',(3.050000076294,19.700001983643,1.1005));
#4660 = VECTOR('',#4661,1.);
#4661 = DIRECTION('',(0.,1.,0.));
#4662 = ORIENTED_EDGE('',*,*,#4627,.F.);
#4663 = PLANE('',#4664);
#4664 = AXIS2_PLACEMENT_3D('',#4665,#4666,#4667);
#4665 = CARTESIAN_POINT('',(2.410000076294,19.700001983643,1.1005));
#4666 = DIRECTION('',(0.,0.,1.));
#4667 = DIRECTION('',(1.,0.,0.));
#4668 = ADVANCED_FACE('',(#4669),#4696,.F.);
#4669 = FACE_BOUND('',#4670,.F.);
#4670 = EDGE_LOOP('',(#4671,#4680,#4688,#4695));
#4671 = ORIENTED_EDGE('',*,*,#4672,.T.);
#4672 = EDGE_CURVE('',#4642,#4673,#4675,.T.);
#4673 = VERTEX_POINT('',#4674);
#4674 = CARTESIAN_POINT('',(2.410000076294,20.340001983643,1.0365));
#4675 = CIRCLE('',#4676,6.4E-02);
#4676 = AXIS2_PLACEMENT_3D('',#4677,#4678,#4679);
#4677 = CARTESIAN_POINT('',(2.410000076294,20.404001983643,1.0365));
#4678 = DIRECTION('',(1.,0.,-0.));
#4679 = DIRECTION('',(0.,0.,1.));
#4680 = ORIENTED_EDGE('',*,*,#4681,.T.);
#4681 = EDGE_CURVE('',#4673,#4682,#4684,.T.);
#4682 = VERTEX_POINT('',#4683);
#4683 = CARTESIAN_POINT('',(3.050000076294,20.340001983643,1.0365));
#4684 = LINE('',#4685,#4686);
#4685 = CARTESIAN_POINT('',(2.410000076294,20.340001983643,1.0365));
#4686 = VECTOR('',#4687,1.);
#4687 = DIRECTION('',(1.,0.,0.));
#4688 = ORIENTED_EDGE('',*,*,#4689,.F.);
#4689 = EDGE_CURVE('',#4650,#4682,#4690,.T.);
#4690 = CIRCLE('',#4691,6.4E-02);
#4691 = AXIS2_PLACEMENT_3D('',#4692,#4693,#4694);
#4692 = CARTESIAN_POINT('',(3.050000076294,20.404001983643,1.0365));
#4693 = DIRECTION('',(1.,0.,-0.));
#4694 = DIRECTION('',(0.,0.,1.));
#4695 = ORIENTED_EDGE('',*,*,#4649,.F.);
#4696 = CYLINDRICAL_SURFACE('',#4697,6.4E-02);
#4697 = AXIS2_PLACEMENT_3D('',#4698,#4699,#4700);
#4698 = CARTESIAN_POINT('',(2.410000076294,20.404001983643,1.0365));
#4699 = DIRECTION('',(1.,0.,0.));
#4700 = DIRECTION('',(0.,0.,1.));
#4701 = ADVANCED_FACE('',(#4702),#4718,.T.);
#4702 = FACE_BOUND('',#4703,.T.);
#4703 = EDGE_LOOP('',(#4704,#4710,#4711,#4717));
#4704 = ORIENTED_EDGE('',*,*,#4705,.F.);
#4705 = EDGE_CURVE('',#4541,#4682,#4706,.T.);
#4706 = LINE('',#4707,#4708);
#4707 = CARTESIAN_POINT('',(3.050000076294,20.340001983643,-3.381));
#4708 = VECTOR('',#4709,1.);
#4709 = DIRECTION('',(0.,0.,1.));
#4710 = ORIENTED_EDGE('',*,*,#4540,.F.);
#4711 = ORIENTED_EDGE('',*,*,#4712,.T.);
#4712 = EDGE_CURVE('',#4510,#4673,#4713,.T.);
#4713 = LINE('',#4714,#4715);
#4714 = CARTESIAN_POINT('',(2.410000076294,20.340001983643,-3.381));
#4715 = VECTOR('',#4716,1.);
#4716 = DIRECTION('',(0.,0.,1.));
#4717 = ORIENTED_EDGE('',*,*,#4681,.T.);
#4718 = PLANE('',#4719);
#4719 = AXIS2_PLACEMENT_3D('',#4720,#4721,#4722);
#4720 = CARTESIAN_POINT('',(2.410000076294,20.340001983643,-3.381));
#4721 = DIRECTION('',(0.,1.,0.));
#4722 = DIRECTION('',(0.,0.,1.));
#4723 = ADVANCED_FACE('',(#4724),#4742,.T.);
#4724 = FACE_BOUND('',#4725,.T.);
#4725 = EDGE_LOOP('',(#4726,#4727,#4735,#4741));
#4726 = ORIENTED_EDGE('',*,*,#4596,.T.);
#4727 = ORIENTED_EDGE('',*,*,#4728,.T.);
#4728 = EDGE_CURVE('',#4589,#4729,#4731,.T.);
#4729 = VERTEX_POINT('',#4730);
#4730 = CARTESIAN_POINT('',(2.794000076294,30.682001983643,1.4845));
#4731 = LINE('',#4732,#4733);
#4732 = CARTESIAN_POINT('',(2.410000076294,30.682001983643,1.4845));
#4733 = VECTOR('',#4734,1.);
#4734 = DIRECTION('',(1.,0.,0.));
#4735 = ORIENTED_EDGE('',*,*,#4736,.F.);
#4736 = EDGE_CURVE('',#4612,#4729,#4737,.T.);
#4737 = LINE('',#4738,#4739);
#4738 = CARTESIAN_POINT('',(2.794000076294,30.682001983643,1.1005));
#4739 = VECTOR('',#4740,1.);
#4740 = DIRECTION('',(0.,0.,1.));
#4741 = ORIENTED_EDGE('',*,*,#4611,.F.);
#4742 = PLANE('',#4743);
#4743 = AXIS2_PLACEMENT_3D('',#4744,#4745,#4746);
#4744 = CARTESIAN_POINT('',(2.410000076294,30.682001983643,1.1005));
#4745 = DIRECTION('',(0.,1.,0.));
#4746 = DIRECTION('',(0.,0.,1.));
#4747 = ADVANCED_FACE('',(#4748),#4766,.T.);
#4748 = FACE_BOUND('',#4749,.F.);
#4749 = EDGE_LOOP('',(#4750,#4751,#4752,#4760));
#4750 = ORIENTED_EDGE('',*,*,#4588,.T.);
#4751 = ORIENTED_EDGE('',*,*,#4728,.T.);
#4752 = ORIENTED_EDGE('',*,*,#4753,.F.);
#4753 = EDGE_CURVE('',#4754,#4729,#4756,.T.);
#4754 = VERTEX_POINT('',#4755);
#4755 = CARTESIAN_POINT('',(3.050000076294,30.426001983643,1.7405));
#4756 = LINE('',#4757,#4758);
#4757 = CARTESIAN_POINT('',(2.751333409627,30.72466865031,1.441833333333
    ));
#4758 = VECTOR('',#4759,1.);
#4759 = DIRECTION('',(-0.57735026919,0.57735026919,-0.57735026919));
#4760 = ORIENTED_EDGE('',*,*,#4761,.F.);
#4761 = EDGE_CURVE('',#4581,#4754,#4762,.T.);
#4762 = LINE('',#4763,#4764);
#4763 = CARTESIAN_POINT('',(2.410000076294,30.426001983643,1.7405));
#4764 = VECTOR('',#4765,1.);
#4765 = DIRECTION('',(1.,0.,0.));
#4766 = PLANE('',#4767);
#4767 = AXIS2_PLACEMENT_3D('',#4768,#4769,#4770);
#4768 = CARTESIAN_POINT('',(2.410000076294,30.554001983643,1.6125));
#4769 = DIRECTION('',(3.471719944136E-18,0.707106781187,0.707106781187)
  );
#4770 = DIRECTION('',(-1.,2.454876714879E-18,2.454876714879E-18));
#4771 = ADVANCED_FACE('',(#4772),#4783,.T.);
#4772 = FACE_BOUND('',#4773,.F.);
#4773 = EDGE_LOOP('',(#4774,#4775,#4781,#4782));
#4774 = ORIENTED_EDGE('',*,*,#4619,.F.);
#4775 = ORIENTED_EDGE('',*,*,#4776,.T.);
#4776 = EDGE_CURVE('',#4620,#4754,#4777,.T.);
#4777 = LINE('',#4778,#4779);
#4778 = CARTESIAN_POINT('',(3.050000076294,30.426001983643,1.1005));
#4779 = VECTOR('',#4780,1.);
#4780 = DIRECTION('',(0.,0.,1.));
#4781 = ORIENTED_EDGE('',*,*,#4753,.T.);
#4782 = ORIENTED_EDGE('',*,*,#4736,.F.);
#4783 = PLANE('',#4784);
#4784 = AXIS2_PLACEMENT_3D('',#4785,#4786,#4787);
#4785 = CARTESIAN_POINT('',(2.922000076294,30.554001983643,1.1005));
#4786 = DIRECTION('',(0.707106781187,0.707106781187,0.));
#4787 = DIRECTION('',(0.,0.,-1.));
#4788 = ADVANCED_FACE('',(#4789),#4814,.T.);
#4789 = FACE_BOUND('',#4790,.F.);
#4790 = EDGE_LOOP('',(#4791,#4792,#4800,#4808));
#4791 = ORIENTED_EDGE('',*,*,#4499,.F.);
#4792 = ORIENTED_EDGE('',*,*,#4793,.T.);
#4793 = EDGE_CURVE('',#4500,#4794,#4796,.T.);
#4794 = VERTEX_POINT('',#4795);
#4795 = CARTESIAN_POINT('',(3.050000076294,19.700001983643,-3.125));
#4796 = LINE('',#4797,#4798);
#4797 = CARTESIAN_POINT('',(2.410000076294,19.700001983643,-3.125));
#4798 = VECTOR('',#4799,1.);
#4799 = DIRECTION('',(1.,0.,0.));
#4800 = ORIENTED_EDGE('',*,*,#4801,.T.);
#4801 = EDGE_CURVE('',#4794,#4802,#4804,.T.);
#4802 = VERTEX_POINT('',#4803);
#4803 = CARTESIAN_POINT('',(2.794000076294,19.956001983643,-3.381));
#4804 = LINE('',#4805,#4806);
#4805 = CARTESIAN_POINT('',(2.858000076294,19.892001983643,-3.317));
#4806 = VECTOR('',#4807,1.);
#4807 = DIRECTION('',(-0.57735026919,0.57735026919,-0.57735026919));
#4808 = ORIENTED_EDGE('',*,*,#4809,.F.);
#4809 = EDGE_CURVE('',#4502,#4802,#4810,.T.);
#4810 = LINE('',#4811,#4812);
#4811 = CARTESIAN_POINT('',(2.410000076294,19.956001983643,-3.381));
#4812 = VECTOR('',#4813,1.);
#4813 = DIRECTION('',(1.,0.,0.));
#4814 = PLANE('',#4815);
#4815 = AXIS2_PLACEMENT_3D('',#4816,#4817,#4818);
#4816 = CARTESIAN_POINT('',(2.410000076294,19.828001983643,-3.253));
#4817 = DIRECTION('',(0.,-0.707106781187,-0.707106781187));
#4818 = DIRECTION('',(-1.,0.,0.));
#4819 = ADVANCED_FACE('',(#4820),#4831,.F.);
#4820 = FACE_BOUND('',#4821,.F.);
#4821 = EDGE_LOOP('',(#4822,#4823,#4829,#4830));
#4822 = ORIENTED_EDGE('',*,*,#4809,.T.);
#4823 = ORIENTED_EDGE('',*,*,#4824,.T.);
#4824 = EDGE_CURVE('',#4802,#4549,#4825,.T.);
#4825 = LINE('',#4826,#4827);
#4826 = CARTESIAN_POINT('',(2.794000076294,19.700001983643,-3.381));
#4827 = VECTOR('',#4828,1.);
#4828 = DIRECTION('',(0.,1.,0.));
#4829 = ORIENTED_EDGE('',*,*,#4556,.F.);
#4830 = ORIENTED_EDGE('',*,*,#4525,.F.);
#4831 = PLANE('',#4832);
#4832 = AXIS2_PLACEMENT_3D('',#4833,#4834,#4835);
#4833 = CARTESIAN_POINT('',(2.410000076294,19.700001983643,-3.381));
#4834 = DIRECTION('',(0.,0.,1.));
#4835 = DIRECTION('',(1.,0.,0.));
#4836 = ADVANCED_FACE('',(#4837),#4848,.F.);
#4837 = FACE_BOUND('',#4838,.F.);
#4838 = EDGE_LOOP('',(#4839,#4840,#4846,#4847));
#4839 = ORIENTED_EDGE('',*,*,#4801,.F.);
#4840 = ORIENTED_EDGE('',*,*,#4841,.T.);
#4841 = EDGE_CURVE('',#4794,#4541,#4842,.T.);
#4842 = LINE('',#4843,#4844);
#4843 = CARTESIAN_POINT('',(3.050000076294,19.700001983643,-3.125));
#4844 = VECTOR('',#4845,1.);
#4845 = DIRECTION('',(0.,1.,0.));
#4846 = ORIENTED_EDGE('',*,*,#4548,.T.);
#4847 = ORIENTED_EDGE('',*,*,#4824,.F.);
#4848 = PLANE('',#4849);
#4849 = AXIS2_PLACEMENT_3D('',#4850,#4851,#4852);
#4850 = CARTESIAN_POINT('',(2.922000076294,19.700001983643,-3.253));
#4851 = DIRECTION('',(-0.707106781187,0.,0.707106781187));
#4852 = DIRECTION('',(0.,1.,0.));
#4853 = ADVANCED_FACE('',(#4854),#4884,.T.);
#4854 = FACE_BOUND('',#4855,.T.);
#4855 = EDGE_LOOP('',(#4856,#4857,#4858,#4859,#4860,#4868,#4877,#4883));
#4856 = ORIENTED_EDGE('',*,*,#4641,.F.);
#4857 = ORIENTED_EDGE('',*,*,#4672,.T.);
#4858 = ORIENTED_EDGE('',*,*,#4712,.F.);
#4859 = ORIENTED_EDGE('',*,*,#4509,.F.);
#4860 = ORIENTED_EDGE('',*,*,#4861,.T.);
#4861 = EDGE_CURVE('',#4500,#4862,#4864,.T.);
#4862 = VERTEX_POINT('',#4863);
#4863 = CARTESIAN_POINT('',(2.410000076294,19.700001983643,1.1645));
#4864 = LINE('',#4865,#4866);
#4865 = CARTESIAN_POINT('',(2.410000076294,19.700001983643,-3.381));
#4866 = VECTOR('',#4867,1.);
#4867 = DIRECTION('',(0.,0.,1.));
#4868 = ORIENTED_EDGE('',*,*,#4869,.T.);
#4869 = EDGE_CURVE('',#4862,#4870,#4872,.T.);
#4870 = VERTEX_POINT('',#4871);
#4871 = CARTESIAN_POINT('',(2.410000076294,20.276001983643,1.7405));
#4872 = CIRCLE('',#4873,0.576);
#4873 = AXIS2_PLACEMENT_3D('',#4874,#4875,#4876);
#4874 = CARTESIAN_POINT('',(2.410000076294,20.276001983643,1.1645));
#4875 = DIRECTION('',(-1.,0.,0.));
#4876 = DIRECTION('',(0.,0.,1.));
#4877 = ORIENTED_EDGE('',*,*,#4878,.T.);
#4878 = EDGE_CURVE('',#4870,#4581,#4879,.T.);
#4879 = LINE('',#4880,#4881);
#4880 = CARTESIAN_POINT('',(2.410000076294,19.700001983643,1.7405));
#4881 = VECTOR('',#4882,1.);
#4882 = DIRECTION('',(0.,1.,0.));
#4883 = ORIENTED_EDGE('',*,*,#4580,.F.);
#4884 = PLANE('',#4885);
#4885 = AXIS2_PLACEMENT_3D('',#4886,#4887,#4888);
#4886 = CARTESIAN_POINT('',(2.410000076294,23.733645520424,
    0.664243413516));
#4887 = DIRECTION('',(-1.,4.677722978986E-33,-1.521392086216E-32));
#4888 = DIRECTION('',(1.521392086216E-32,0.,-1.));
#4889 = ADVANCED_FACE('',(#4890),#4916,.T.);
#4890 = FACE_BOUND('',#4891,.T.);
#4891 = EDGE_LOOP('',(#4892,#4900,#4909,#4915));
#4892 = ORIENTED_EDGE('',*,*,#4893,.T.);
#4893 = EDGE_CURVE('',#4862,#4894,#4896,.T.);
#4894 = VERTEX_POINT('',#4895);
#4895 = CARTESIAN_POINT('',(3.050000076294,19.700001983643,1.1645));
#4896 = LINE('',#4897,#4898);
#4897 = CARTESIAN_POINT('',(2.410000076294,19.700001983643,1.1645));
#4898 = VECTOR('',#4899,1.);
#4899 = DIRECTION('',(1.,0.,0.));
#4900 = ORIENTED_EDGE('',*,*,#4901,.T.);
#4901 = EDGE_CURVE('',#4894,#4902,#4904,.T.);
#4902 = VERTEX_POINT('',#4903);
#4903 = CARTESIAN_POINT('',(3.050000076294,20.276001983643,1.7405));
#4904 = CIRCLE('',#4905,0.576);
#4905 = AXIS2_PLACEMENT_3D('',#4906,#4907,#4908);
#4906 = CARTESIAN_POINT('',(3.050000076294,20.276001983643,1.1645));
#4907 = DIRECTION('',(-1.,0.,0.));
#4908 = DIRECTION('',(0.,0.,1.));
#4909 = ORIENTED_EDGE('',*,*,#4910,.F.);
#4910 = EDGE_CURVE('',#4870,#4902,#4911,.T.);
#4911 = LINE('',#4912,#4913);
#4912 = CARTESIAN_POINT('',(2.410000076294,20.276001983643,1.7405));
#4913 = VECTOR('',#4914,1.);
#4914 = DIRECTION('',(1.,0.,0.));
#4915 = ORIENTED_EDGE('',*,*,#4869,.F.);
#4916 = CYLINDRICAL_SURFACE('',#4917,0.576);
#4917 = AXIS2_PLACEMENT_3D('',#4918,#4919,#4920);
#4918 = CARTESIAN_POINT('',(2.410000076294,20.276001983643,1.1645));
#4919 = DIRECTION('',(1.,0.,0.));
#4920 = DIRECTION('',(0.,-1.,0.));
#4921 = ADVANCED_FACE('',(#4922),#4933,.T.);
#4922 = FACE_BOUND('',#4923,.T.);
#4923 = EDGE_LOOP('',(#4924,#4925,#4926,#4932));
#4924 = ORIENTED_EDGE('',*,*,#4878,.F.);
#4925 = ORIENTED_EDGE('',*,*,#4910,.T.);
#4926 = ORIENTED_EDGE('',*,*,#4927,.T.);
#4927 = EDGE_CURVE('',#4902,#4754,#4928,.T.);
#4928 = LINE('',#4929,#4930);
#4929 = CARTESIAN_POINT('',(3.050000076294,19.700001983643,1.7405));
#4930 = VECTOR('',#4931,1.);
#4931 = DIRECTION('',(0.,1.,0.));
#4932 = ORIENTED_EDGE('',*,*,#4761,.F.);
#4933 = PLANE('',#4934);
#4934 = AXIS2_PLACEMENT_3D('',#4935,#4936,#4937);
#4935 = CARTESIAN_POINT('',(2.730000076294,25.351001983643,1.7405));
#4936 = DIRECTION('',(0.,-5.252216217004E-18,1.));
#4937 = DIRECTION('',(0.,1.,5.252216217004E-18));
#4938 = ADVANCED_FACE('',(#4939),#4954,.T.);
#4939 = FACE_BOUND('',#4940,.T.);
#4940 = EDGE_LOOP('',(#4941,#4942,#4943,#4944,#4945,#4951,#4952,#4953));
#4941 = ORIENTED_EDGE('',*,*,#4657,.T.);
#4942 = ORIENTED_EDGE('',*,*,#4776,.T.);
#4943 = ORIENTED_EDGE('',*,*,#4927,.F.);
#4944 = ORIENTED_EDGE('',*,*,#4901,.F.);
#4945 = ORIENTED_EDGE('',*,*,#4946,.F.);
#4946 = EDGE_CURVE('',#4794,#4894,#4947,.T.);
#4947 = LINE('',#4948,#4949);
#4948 = CARTESIAN_POINT('',(3.050000076294,19.700001983643,1.1005));
#4949 = VECTOR('',#4950,1.);
#4950 = DIRECTION('',(0.,0.,1.));
#4951 = ORIENTED_EDGE('',*,*,#4841,.T.);
#4952 = ORIENTED_EDGE('',*,*,#4705,.T.);
#4953 = ORIENTED_EDGE('',*,*,#4689,.F.);
#4954 = PLANE('',#4955);
#4955 = AXIS2_PLACEMENT_3D('',#4956,#4957,#4958);
#4956 = CARTESIAN_POINT('',(3.050000076294,23.733645520424,
    0.664243413516));
#4957 = DIRECTION('',(1.,3.467279151745E-33,6.9499933414E-33));
#4958 = DIRECTION('',(-6.9499933414E-33,0.,1.));
#4959 = ADVANCED_FACE('',(#4960),#4966,.F.);
#4960 = FACE_BOUND('',#4961,.T.);
#4961 = EDGE_LOOP('',(#4962,#4963,#4964,#4965));
#4962 = ORIENTED_EDGE('',*,*,#4946,.T.);
#4963 = ORIENTED_EDGE('',*,*,#4893,.F.);
#4964 = ORIENTED_EDGE('',*,*,#4861,.F.);
#4965 = ORIENTED_EDGE('',*,*,#4793,.T.);
#4966 = PLANE('',#4967);
#4967 = AXIS2_PLACEMENT_3D('',#4968,#4969,#4970);
#4968 = CARTESIAN_POINT('',(2.410000076294,19.700001983643,-3.381));
#4969 = DIRECTION('',(0.,1.,0.));
#4970 = DIRECTION('',(0.,0.,1.));
#4971 = ( GEOMETRIC_REPRESENTATION_CONTEXT(3) 
GLOBAL_UNCERTAINTY_ASSIGNED_CONTEXT((#4975)) 
GLOBAL_UNIT_ASSIGNED_CONTEXT((#4972,#4973,#4974)) REPRESENTATION_CONTEXT
('Context #1','3D Context with UNIT and UNCERTAINTY') );
#4972 = ( LENGTH_UNIT() NAMED_UNIT(*) SI_UNIT(.MILLI.,.METRE.) );
#4973 = ( NAMED_UNIT(*) PLANE_ANGLE_UNIT() SI_UNIT($,.RADIAN.) );
#4974 = ( NAMED_UNIT(*) SI_UNIT($,.STERADIAN.) SOLID_ANGLE_UNIT() );
#4975 = UNCERTAINTY_MEASURE_WITH_UNIT(LENGTH_MEASURE(1.E-07),#4972,
  'distance_accuracy_value','confusion accuracy');
#4976 = PRODUCT_RELATED_PRODUCT_CATEGORY('part',$,(#4011));
#4977 = MECHANICAL_DESIGN_GEOMETRIC_PRESENTATION_REPRESENTATION('',(
    #4978,#4986,#4994,#5001,#5008,#5015,#5022,#5029,#5036,#5043,#5050,
    #5057,#5064,#5071,#5078,#5085,#5092,#5100,#5107,#5114,#5121,#5128,
    #5135,#5142,#5149,#5156,#5163,#5170,#5177,#5184,#5191,#5198,#5205,
    #5212,#5219,#5226,#5233),#2364);
#4978 = STYLED_ITEM('color',(#4979),#592);
#4979 = PRESENTATION_STYLE_ASSIGNMENT((#4980));
#4980 = SURFACE_STYLE_USAGE(.BOTH.,#4981);
#4981 = SURFACE_SIDE_STYLE('',(#4982));
#4982 = SURFACE_STYLE_FILL_AREA(#4983);
#4983 = FILL_AREA_STYLE('',(#4984));
#4984 = FILL_AREA_STYLE_COLOUR('',#4985);
#4985 = COLOUR_RGB('',0.301960791261,0.301960791261,0.301960791261);
#4986 = OVER_RIDING_STYLED_ITEM('overriding color',(#4987),#1160,#4978);
#4987 = PRESENTATION_STYLE_ASSIGNMENT((#4988));
#4988 = SURFACE_STYLE_USAGE(.BOTH.,#4989);
#4989 = SURFACE_SIDE_STYLE('',(#4990));
#4990 = SURFACE_STYLE_FILL_AREA(#4991);
#4991 = FILL_AREA_STYLE('',(#4992));
#4992 = FILL_AREA_STYLE_COLOUR('',#4993);
#4993 = COLOUR_RGB('',0.752941164258,0.752941164258,0.752941164258);
#4994 = OVER_RIDING_STYLED_ITEM('overriding color',(#4995),#1191,#4978);
#4995 = PRESENTATION_STYLE_ASSIGNMENT((#4996));
#4996 = SURFACE_STYLE_USAGE(.BOTH.,#4997);
#4997 = SURFACE_SIDE_STYLE('',(#4998));
#4998 = SURFACE_STYLE_FILL_AREA(#4999);
#4999 = FILL_AREA_STYLE('',(#5000));
#5000 = FILL_AREA_STYLE_COLOUR('',#4993);
#5001 = OVER_RIDING_STYLED_ITEM('overriding color',(#5002),#1215,#4978);
#5002 = PRESENTATION_STYLE_ASSIGNMENT((#5003));
#5003 = SURFACE_STYLE_USAGE(.BOTH.,#5004);
#5004 = SURFACE_SIDE_STYLE('',(#5005));
#5005 = SURFACE_STYLE_FILL_AREA(#5006);
#5006 = FILL_AREA_STYLE('',(#5007));
#5007 = FILL_AREA_STYLE_COLOUR('',#4993);
#5008 = OVER_RIDING_STYLED_ITEM('overriding color',(#5009),#1239,#4978);
#5009 = PRESENTATION_STYLE_ASSIGNMENT((#5010));
#5010 = SURFACE_STYLE_USAGE(.BOTH.,#5011);
#5011 = SURFACE_SIDE_STYLE('',(#5012));
#5012 = SURFACE_STYLE_FILL_AREA(#5013);
#5013 = FILL_AREA_STYLE('',(#5014));
#5014 = FILL_AREA_STYLE_COLOUR('',#4993);
#5015 = OVER_RIDING_STYLED_ITEM('overriding color',(#5016),#1256,#4978);
#5016 = PRESENTATION_STYLE_ASSIGNMENT((#5017));
#5017 = SURFACE_STYLE_USAGE(.BOTH.,#5018);
#5018 = SURFACE_SIDE_STYLE('',(#5019));
#5019 = SURFACE_STYLE_FILL_AREA(#5020);
#5020 = FILL_AREA_STYLE('',(#5021));
#5021 = FILL_AREA_STYLE_COLOUR('',#4993);
#5022 = OVER_RIDING_STYLED_ITEM('overriding color',(#5023),#1268,#4978);
#5023 = PRESENTATION_STYLE_ASSIGNMENT((#5024));
#5024 = SURFACE_STYLE_USAGE(.BOTH.,#5025);
#5025 = SURFACE_SIDE_STYLE('',(#5026));
#5026 = SURFACE_STYLE_FILL_AREA(#5027);
#5027 = FILL_AREA_STYLE('',(#5028));
#5028 = FILL_AREA_STYLE_COLOUR('',#4993);
#5029 = OVER_RIDING_STYLED_ITEM('overriding color',(#5030),#1299,#4978);
#5030 = PRESENTATION_STYLE_ASSIGNMENT((#5031));
#5031 = SURFACE_STYLE_USAGE(.BOTH.,#5032);
#5032 = SURFACE_SIDE_STYLE('',(#5033));
#5033 = SURFACE_STYLE_FILL_AREA(#5034);
#5034 = FILL_AREA_STYLE('',(#5035));
#5035 = FILL_AREA_STYLE_COLOUR('',#4993);
#5036 = OVER_RIDING_STYLED_ITEM('overriding color',(#5037),#1323,#4978);
#5037 = PRESENTATION_STYLE_ASSIGNMENT((#5038));
#5038 = SURFACE_STYLE_USAGE(.BOTH.,#5039);
#5039 = SURFACE_SIDE_STYLE('',(#5040));
#5040 = SURFACE_STYLE_FILL_AREA(#5041);
#5041 = FILL_AREA_STYLE('',(#5042));
#5042 = FILL_AREA_STYLE_COLOUR('',#4993);
#5043 = OVER_RIDING_STYLED_ITEM('overriding color',(#5044),#1347,#4978);
#5044 = PRESENTATION_STYLE_ASSIGNMENT((#5045));
#5045 = SURFACE_STYLE_USAGE(.BOTH.,#5046);
#5046 = SURFACE_SIDE_STYLE('',(#5047));
#5047 = SURFACE_STYLE_FILL_AREA(#5048);
#5048 = FILL_AREA_STYLE('',(#5049));
#5049 = FILL_AREA_STYLE_COLOUR('',#4993);
#5050 = OVER_RIDING_STYLED_ITEM('overriding color',(#5051),#1364,#4978);
#5051 = PRESENTATION_STYLE_ASSIGNMENT((#5052));
#5052 = SURFACE_STYLE_USAGE(.BOTH.,#5053);
#5053 = SURFACE_SIDE_STYLE('',(#5054));
#5054 = SURFACE_STYLE_FILL_AREA(#5055);
#5055 = FILL_AREA_STYLE('',(#5056));
#5056 = FILL_AREA_STYLE_COLOUR('',#4993);
#5057 = OVER_RIDING_STYLED_ITEM('overriding color',(#5058),#1376,#4978);
#5058 = PRESENTATION_STYLE_ASSIGNMENT((#5059));
#5059 = SURFACE_STYLE_USAGE(.BOTH.,#5060);
#5060 = SURFACE_SIDE_STYLE('',(#5061));
#5061 = SURFACE_STYLE_FILL_AREA(#5062);
#5062 = FILL_AREA_STYLE('',(#5063));
#5063 = FILL_AREA_STYLE_COLOUR('',#4993);
#5064 = OVER_RIDING_STYLED_ITEM('overriding color',(#5065),#1407,#4978);
#5065 = PRESENTATION_STYLE_ASSIGNMENT((#5066));
#5066 = SURFACE_STYLE_USAGE(.BOTH.,#5067);
#5067 = SURFACE_SIDE_STYLE('',(#5068));
#5068 = SURFACE_STYLE_FILL_AREA(#5069);
#5069 = FILL_AREA_STYLE('',(#5070));
#5070 = FILL_AREA_STYLE_COLOUR('',#4993);
#5071 = OVER_RIDING_STYLED_ITEM('overriding color',(#5072),#1431,#4978);
#5072 = PRESENTATION_STYLE_ASSIGNMENT((#5073));
#5073 = SURFACE_STYLE_USAGE(.BOTH.,#5074);
#5074 = SURFACE_SIDE_STYLE('',(#5075));
#5075 = SURFACE_STYLE_FILL_AREA(#5076);
#5076 = FILL_AREA_STYLE('',(#5077));
#5077 = FILL_AREA_STYLE_COLOUR('',#4993);
#5078 = OVER_RIDING_STYLED_ITEM('overriding color',(#5079),#1455,#4978);
#5079 = PRESENTATION_STYLE_ASSIGNMENT((#5080));
#5080 = SURFACE_STYLE_USAGE(.BOTH.,#5081);
#5081 = SURFACE_SIDE_STYLE('',(#5082));
#5082 = SURFACE_STYLE_FILL_AREA(#5083);
#5083 = FILL_AREA_STYLE('',(#5084));
#5084 = FILL_AREA_STYLE_COLOUR('',#4993);
#5085 = OVER_RIDING_STYLED_ITEM('overriding color',(#5086),#1472,#4978);
#5086 = PRESENTATION_STYLE_ASSIGNMENT((#5087));
#5087 = SURFACE_STYLE_USAGE(.BOTH.,#5088);
#5088 = SURFACE_SIDE_STYLE('',(#5089));
#5089 = SURFACE_STYLE_FILL_AREA(#5090);
#5090 = FILL_AREA_STYLE('',(#5091));
#5091 = FILL_AREA_STYLE_COLOUR('',#4993);
#5092 = OVER_RIDING_STYLED_ITEM('overriding color',(#5093),#1576,#4978);
#5093 = PRESENTATION_STYLE_ASSIGNMENT((#5094));
#5094 = SURFACE_STYLE_USAGE(.BOTH.,#5095);
#5095 = SURFACE_SIDE_STYLE('',(#5096));
#5096 = SURFACE_STYLE_FILL_AREA(#5097);
#5097 = FILL_AREA_STYLE('',(#5098));
#5098 = FILL_AREA_STYLE_COLOUR('',#5099);
#5099 = DRAUGHTING_PRE_DEFINED_COLOUR('red');
#5100 = OVER_RIDING_STYLED_ITEM('overriding color',(#5101),#1607,#4978);
#5101 = PRESENTATION_STYLE_ASSIGNMENT((#5102));
#5102 = SURFACE_STYLE_USAGE(.BOTH.,#5103);
#5103 = SURFACE_SIDE_STYLE('',(#5104));
#5104 = SURFACE_STYLE_FILL_AREA(#5105);
#5105 = FILL_AREA_STYLE('',(#5106));
#5106 = FILL_AREA_STYLE_COLOUR('',#5099);
#5107 = OVER_RIDING_STYLED_ITEM('overriding color',(#5108),#1632,#4978);
#5108 = PRESENTATION_STYLE_ASSIGNMENT((#5109));
#5109 = SURFACE_STYLE_USAGE(.BOTH.,#5110);
#5110 = SURFACE_SIDE_STYLE('',(#5111));
#5111 = SURFACE_STYLE_FILL_AREA(#5112);
#5112 = FILL_AREA_STYLE('',(#5113));
#5113 = FILL_AREA_STYLE_COLOUR('',#5099);
#5114 = OVER_RIDING_STYLED_ITEM('overriding color',(#5115),#1656,#4978);
#5115 = PRESENTATION_STYLE_ASSIGNMENT((#5116));
#5116 = SURFACE_STYLE_USAGE(.BOTH.,#5117);
#5117 = SURFACE_SIDE_STYLE('',(#5118));
#5118 = SURFACE_STYLE_FILL_AREA(#5119);
#5119 = FILL_AREA_STYLE('',(#5120));
#5120 = FILL_AREA_STYLE_COLOUR('',#5099);
#5121 = OVER_RIDING_STYLED_ITEM('overriding color',(#5122),#1674,#4978);
#5122 = PRESENTATION_STYLE_ASSIGNMENT((#5123));
#5123 = SURFACE_STYLE_USAGE(.BOTH.,#5124);
#5124 = SURFACE_SIDE_STYLE('',(#5125));
#5125 = SURFACE_STYLE_FILL_AREA(#5126);
#5126 = FILL_AREA_STYLE('',(#5127));
#5127 = FILL_AREA_STYLE_COLOUR('',#5099);
#5128 = OVER_RIDING_STYLED_ITEM('overriding color',(#5129),#1686,#4978);
#5129 = PRESENTATION_STYLE_ASSIGNMENT((#5130));
#5130 = SURFACE_STYLE_USAGE(.BOTH.,#5131);
#5131 = SURFACE_SIDE_STYLE('',(#5132));
#5132 = SURFACE_STYLE_FILL_AREA(#5133);
#5133 = FILL_AREA_STYLE('',(#5134));
#5134 = FILL_AREA_STYLE_COLOUR('',#4993);
#5135 = OVER_RIDING_STYLED_ITEM('overriding color',(#5136),#1758,#4978);
#5136 = PRESENTATION_STYLE_ASSIGNMENT((#5137));
#5137 = SURFACE_STYLE_USAGE(.BOTH.,#5138);
#5138 = SURFACE_SIDE_STYLE('',(#5139));
#5139 = SURFACE_STYLE_FILL_AREA(#5140);
#5140 = FILL_AREA_STYLE('',(#5141));
#5141 = FILL_AREA_STYLE_COLOUR('',#4993);
#5142 = OVER_RIDING_STYLED_ITEM('overriding color',(#5143),#1789,#4978);
#5143 = PRESENTATION_STYLE_ASSIGNMENT((#5144));
#5144 = SURFACE_STYLE_USAGE(.BOTH.,#5145);
#5145 = SURFACE_SIDE_STYLE('',(#5146));
#5146 = SURFACE_STYLE_FILL_AREA(#5147);
#5147 = FILL_AREA_STYLE('',(#5148));
#5148 = FILL_AREA_STYLE_COLOUR('',#4993);
#5149 = OVER_RIDING_STYLED_ITEM('overriding color',(#5150),#1822,#4978);
#5150 = PRESENTATION_STYLE_ASSIGNMENT((#5151));
#5151 = SURFACE_STYLE_USAGE(.BOTH.,#5152);
#5152 = SURFACE_SIDE_STYLE('',(#5153));
#5153 = SURFACE_STYLE_FILL_AREA(#5154);
#5154 = FILL_AREA_STYLE('',(#5155));
#5155 = FILL_AREA_STYLE_COLOUR('',#4993);
#5156 = OVER_RIDING_STYLED_ITEM('overriding color',(#5157),#1844,#4978);
#5157 = PRESENTATION_STYLE_ASSIGNMENT((#5158));
#5158 = SURFACE_STYLE_USAGE(.BOTH.,#5159);
#5159 = SURFACE_SIDE_STYLE('',(#5160));
#5160 = SURFACE_STYLE_FILL_AREA(#5161);
#5161 = FILL_AREA_STYLE('',(#5162));
#5162 = FILL_AREA_STYLE_COLOUR('',#4993);
#5163 = OVER_RIDING_STYLED_ITEM('overriding color',(#5164),#1875,#4978);
#5164 = PRESENTATION_STYLE_ASSIGNMENT((#5165));
#5165 = SURFACE_STYLE_USAGE(.BOTH.,#5166);
#5166 = SURFACE_SIDE_STYLE('',(#5167));
#5167 = SURFACE_STYLE_FILL_AREA(#5168);
#5168 = FILL_AREA_STYLE('',(#5169));
#5169 = FILL_AREA_STYLE_COLOUR('',#4993);
#5170 = OVER_RIDING_STYLED_ITEM('overriding color',(#5171),#1908,#4978);
#5171 = PRESENTATION_STYLE_ASSIGNMENT((#5172));
#5172 = SURFACE_STYLE_USAGE(.BOTH.,#5173);
#5173 = SURFACE_SIDE_STYLE('',(#5174));
#5174 = SURFACE_STYLE_FILL_AREA(#5175);
#5175 = FILL_AREA_STYLE('',(#5176));
#5176 = FILL_AREA_STYLE_COLOUR('',#4993);
#5177 = OVER_RIDING_STYLED_ITEM('overriding color',(#5178),#1962,#4978);
#5178 = PRESENTATION_STYLE_ASSIGNMENT((#5179));
#5179 = SURFACE_STYLE_USAGE(.BOTH.,#5180);
#5180 = SURFACE_SIDE_STYLE('',(#5181));
#5181 = SURFACE_STYLE_FILL_AREA(#5182);
#5182 = FILL_AREA_STYLE('',(#5183));
#5183 = FILL_AREA_STYLE_COLOUR('',#4993);
#5184 = OVER_RIDING_STYLED_ITEM('overriding color',(#5185),#1993,#4978);
#5185 = PRESENTATION_STYLE_ASSIGNMENT((#5186));
#5186 = SURFACE_STYLE_USAGE(.BOTH.,#5187);
#5187 = SURFACE_SIDE_STYLE('',(#5188));
#5188 = SURFACE_STYLE_FILL_AREA(#5189);
#5189 = FILL_AREA_STYLE('',(#5190));
#5190 = FILL_AREA_STYLE_COLOUR('',#4993);
#5191 = OVER_RIDING_STYLED_ITEM('overriding color',(#5192),#2024,#4978);
#5192 = PRESENTATION_STYLE_ASSIGNMENT((#5193));
#5193 = SURFACE_STYLE_USAGE(.BOTH.,#5194);
#5194 = SURFACE_SIDE_STYLE('',(#5195));
#5195 = SURFACE_STYLE_FILL_AREA(#5196);
#5196 = FILL_AREA_STYLE('',(#5197));
#5197 = FILL_AREA_STYLE_COLOUR('',#4993);
#5198 = OVER_RIDING_STYLED_ITEM('overriding color',(#5199),#2048,#4978);
#5199 = PRESENTATION_STYLE_ASSIGNMENT((#5200));
#5200 = SURFACE_STYLE_USAGE(.BOTH.,#5201);
#5201 = SURFACE_SIDE_STYLE('',(#5202));
#5202 = SURFACE_STYLE_FILL_AREA(#5203);
#5203 = FILL_AREA_STYLE('',(#5204));
#5204 = FILL_AREA_STYLE_COLOUR('',#4993);
#5205 = OVER_RIDING_STYLED_ITEM('overriding color',(#5206),#2066,#4978);
#5206 = PRESENTATION_STYLE_ASSIGNMENT((#5207));
#5207 = SURFACE_STYLE_USAGE(.BOTH.,#5208);
#5208 = SURFACE_SIDE_STYLE('',(#5209));
#5209 = SURFACE_STYLE_FILL_AREA(#5210);
#5210 = FILL_AREA_STYLE('',(#5211));
#5211 = FILL_AREA_STYLE_COLOUR('',#4993);
#5212 = OVER_RIDING_STYLED_ITEM('overriding color',(#5213),#2098,#4978);
#5213 = PRESENTATION_STYLE_ASSIGNMENT((#5214));
#5214 = SURFACE_STYLE_USAGE(.BOTH.,#5215);
#5215 = SURFACE_SIDE_STYLE('',(#5216));
#5216 = SURFACE_STYLE_FILL_AREA(#5217);
#5217 = FILL_AREA_STYLE('',(#5218));
#5218 = FILL_AREA_STYLE_COLOUR('',#4993);
#5219 = OVER_RIDING_STYLED_ITEM('overriding color',(#5220),#2122,#4978);
#5220 = PRESENTATION_STYLE_ASSIGNMENT((#5221));
#5221 = SURFACE_STYLE_USAGE(.BOTH.,#5222);
#5222 = SURFACE_SIDE_STYLE('',(#5223));
#5223 = SURFACE_STYLE_FILL_AREA(#5224);
#5224 = FILL_AREA_STYLE('',(#5225));
#5225 = FILL_AREA_STYLE_COLOUR('',#4993);
#5226 = OVER_RIDING_STYLED_ITEM('overriding color',(#5227),#2140,#4978);
#5227 = PRESENTATION_STYLE_ASSIGNMENT((#5228));
#5228 = SURFACE_STYLE_USAGE(.BOTH.,#5229);
#5229 = SURFACE_SIDE_STYLE('',(#5230));
#5230 = SURFACE_STYLE_FILL_AREA(#5231);
#5231 = FILL_AREA_STYLE('',(#5232));
#5232 = FILL_AREA_STYLE_COLOUR('',#4993);
#5233 = OVER_RIDING_STYLED_ITEM('overriding color',(#5234),#2163,#4978);
#5234 = PRESENTATION_STYLE_ASSIGNMENT((#5235));
#5235 = SURFACE_STYLE_USAGE(.BOTH.,#5236);
#5236 = SURFACE_SIDE_STYLE('',(#5237));
#5237 = SURFACE_STYLE_FILL_AREA(#5238);
#5238 = FILL_AREA_STYLE('',(#5239));
#5239 = FILL_AREA_STYLE_COLOUR('',#4993);
#5240 = MECHANICAL_DESIGN_GEOMETRIC_PRESENTATION_REPRESENTATION('',(
    #5241),#3031);
#5241 = STYLED_ITEM('color',(#5242),#2378);
#5242 = PRESENTATION_STYLE_ASSIGNMENT((#5243));
#5243 = SURFACE_STYLE_USAGE(.BOTH.,#5244);
#5244 = SURFACE_SIDE_STYLE('',(#5245));
#5245 = SURFACE_STYLE_FILL_AREA(#5246);
#5246 = FILL_AREA_STYLE('',(#5247));
#5247 = FILL_AREA_STYLE_COLOUR('',#5248);
#5248 = COLOUR_RGB('',0.300000011149,0.300000011149,0.300000011149);
#5249 = MECHANICAL_DESIGN_GEOMETRIC_PRESENTATION_REPRESENTATION('',(
    #5250),#578);
#5250 = STYLED_ITEM('color',(#5251),#15);
#5251 = PRESENTATION_STYLE_ASSIGNMENT((#5252));
#5252 = SURFACE_STYLE_USAGE(.BOTH.,#5253);
#5253 = SURFACE_SIDE_STYLE('',(#5254));
#5254 = SURFACE_STYLE_FILL_AREA(#5255);
#5255 = FILL_AREA_STYLE('',(#5256));
#5256 = FILL_AREA_STYLE_COLOUR('',#5257);
#5257 = COLOUR_RGB('',0.,0.501960785193,0.);
#5258 = MECHANICAL_DESIGN_GEOMETRIC_PRESENTATION_REPRESENTATION('',(
    #5259,#5267),#4971);
#5259 = STYLED_ITEM('color',(#5260),#4015);
#5260 = PRESENTATION_STYLE_ASSIGNMENT((#5261));
#5261 = SURFACE_STYLE_USAGE(.BOTH.,#5262);
#5262 = SURFACE_SIDE_STYLE('',(#5263));
#5263 = SURFACE_STYLE_FILL_AREA(#5264);
#5264 = FILL_AREA_STYLE('',(#5265));
#5265 = FILL_AREA_STYLE_COLOUR('',#5266);
#5266 = COLOUR_RGB('',0.734000028196,0.773000013638,0.796999989372);
#5267 = STYLED_ITEM('color',(#5268),#4493);
#5268 = PRESENTATION_STYLE_ASSIGNMENT((#5269));
#5269 = SURFACE_STYLE_USAGE(.BOTH.,#5270);
#5270 = SURFACE_SIDE_STYLE('',(#5271));
#5271 = SURFACE_STYLE_FILL_AREA(#5272);
#5272 = FILL_AREA_STYLE('',(#5273));
#5273 = FILL_AREA_STYLE_COLOUR('',#5266);
#5274 = MECHANICAL_DESIGN_GEOMETRIC_PRESENTATION_REPRESENTATION('',(
    #5275,#5282),#4001);
#5275 = STYLED_ITEM('color',(#5276),#3045);
#5276 = PRESENTATION_STYLE_ASSIGNMENT((#5277));
#5277 = SURFACE_STYLE_USAGE(.BOTH.,#5278);
#5278 = SURFACE_SIDE_STYLE('',(#5279));
#5279 = SURFACE_STYLE_FILL_AREA(#5280);
#5280 = FILL_AREA_STYLE('',(#5281));
#5281 = FILL_AREA_STYLE_COLOUR('',#5266);
#5282 = STYLED_ITEM('color',(#5283),#3523);
#5283 = PRESENTATION_STYLE_ASSIGNMENT((#5284));
#5284 = SURFACE_STYLE_USAGE(.BOTH.,#5285);
#5285 = SURFACE_SIDE_STYLE('',(#5286));
#5286 = SURFACE_STYLE_FILL_AREA(#5287);
#5287 = FILL_AREA_STYLE('',(#5288));
#5288 = FILL_AREA_STYLE_COLOUR('',#5266);
ENDSEC;
END-ISO-10303-21;
