ISO-10303-21;
HEADER;
FILE_DESCRIPTION (( 'STEP AP203' ),
    '1' );
FILE_NAME ('92095A476_18-8 Stainless Steel Button Head Hex-Drive Screw.STEP',
    '2026-06-25T21:09:08',
    ( 'McMaster Carr Supply' ),
    ( 'McMaster Carr Supply' ),
    'SwSTEP 2.0',
    'SolidWorks 2024',
    '' );
FILE_SCHEMA (( 'CONFIG_CONTROL_DESIGN' ));
ENDSEC;

DATA;
#1 = VERTEX_POINT ( 'NONE', #1412 ) ;
#2 = APPROVAL_ROLE ( '' ) ;
#3 = CARTESIAN_POINT ( 'NONE',  ( 1.545336663013163525, 0.4140717108885810238, -1.793739260883039366 ) ) ;
#4 = DIRECTION ( 'NONE',  ( 0.000000000000000000, 0.000000000000000000, -1.000000000000000000 ) ) ;
#5 = CARTESIAN_POINT ( 'NONE',  ( -1.764863307568873996, 1.018944305707781606, 2.382291666666649821 ) ) ;
#6 = DIRECTION ( 'NONE',  ( 1.000000000000000000, 0.000000000000000000, 0.000000000000000000 ) ) ;
#7 = CARTESIAN_POINT ( 'NONE',  ( 0.000000000000000000, -3.281267838218396067E-15, 1.195336663013166101 ) ) ;
#8 = CARTESIAN_POINT ( 'NONE',  ( -1.784401076758495464, -1.301554487698640105E-15, -2.175000000000002487 ) ) ;
#9 = CARTESIAN_POINT ( 'NONE',  ( 0.000000000000000000, 2.037888611415564544, 0.8218749999999953593 ) ) ;
#10 =( BOUNDED_CURVE ( )  B_SPLINE_CURVE ( 2, ( #294, #280, #1202, #1557, #1021, #114, #467, #817, #1346 ),
 .UNSPECIFIED., .F., .F. ) 
 B_SPLINE_CURVE_WITH_KNOTS ( ( 3, 2, 2, 2, 3 ),
 ( 0.3250000000000000111, 0.3333333333333333148, 0.3499999999999999778, 0.3666666666666666408, 0.3750000000000000000 ),
 .UNSPECIFIED. ) 
 CURVE ( )  GEOMETRIC_REPRESENTATION_ITEM ( )  RATIONAL_B_SPLINE_CURVE ( ( 0.9330127018922194093, 0.9330127018922196314, 1.000000000000000000, 0.8660254037844388186, 1.000000000000000000, 0.8660254037844388186, 1.000000000000000000, 0.9330127018922194093, 0.9330127018922194093 ) ) 
 REPRESENTATION_ITEM ( '' )  );
#11 = EDGE_LOOP ( 'NONE', ( #137, #89, #1244, #1917 ) ) ;
#12 = CARTESIAN_POINT ( 'NONE',  ( 0.000000000000000000, -5.019177671007510732E-16, 4.200000000000000178 ) ) ;
#13 = PERSON_AND_ORGANIZATION ( #936, #213 ) ;
#14 = CARTESIAN_POINT ( 'NONE',  ( 3.784983195928244581E-16, 1.545336663013161749, -1.650000000000003908 ) ) ;
#15 = EDGE_CURVE ( 'NONE', #1863, #1737, #1234, .T. ) ;
#16 = DIRECTION ( 'NONE',  ( 1.000000000000000000, 0.000000000000000000, 0.000000000000000000 ) ) ;
#17 = CARTESIAN_POINT ( 'NONE',  ( -0.6187722178074085422, 1.416046024860192931, 1.195336663013167211 ) ) ;
#18 = CARTESIAN_POINT ( 'NONE',  ( 0.8922005383792449562, -1.545336663013166412, 0.8583333333333238446 ) ) ;
#19 = CARTESIAN_POINT ( 'NONE',  ( 0.8922005383792472877, -1.545336663013165079, 0.1583333333333254433 ) ) ;
#20 = CARTESIAN_POINT ( 'NONE',  ( -1.338300807568871820, -0.7726683315065827617, -0.6291666666666719809 ) ) ;
#21 = VERTEX_POINT ( 'NONE', #1440 ) ;
#22 = CARTESIAN_POINT ( 'NONE',  ( 1.545336663013163303, -2.382190991706389344E-15, -0.3375000000000057399 ) ) ;
#23 = PERSON_AND_ORGANIZATION_ROLE ( 'design_supplier' ) ;
#24 = CIRCLE ( 'NONE', #816, 1.545336663013163303 ) ;
#25 = CARTESIAN_POINT ( 'NONE',  ( -1.999999999999999556, 0.5358983848622440593, 0.2437392608830341312 ) ) ;
#26 = EDGE_CURVE ( 'NONE', #1488, #1900, #1522, .T. ) ;
#27 = CARTESIAN_POINT ( 'NONE',  ( -1.176575538379249997, -2.037888611415566320, 1.857291666666650798 ) ) ;
#28 = CARTESIAN_POINT ( 'NONE',  ( 0.8922005383792449562, -1.545336663013166412, 0.9458333333333245330 ) ) ;
#29 = DIRECTION ( 'NONE',  ( 6.982962677686266711E-15, -1.000000000000000000, -1.153616647479963486E-16 ) ) ;
#30 = CARTESIAN_POINT ( 'NONE',  ( 0.000000000000000000, 1.545336663013161749, 1.149999999999989475 ) ) ;
#31 = CARTESIAN_POINT ( 'NONE',  ( 1.338300807568872486, 0.7726683315065792090, -0.9791666666666711816 ) ) ;
#32 = ORIENTED_EDGE ( 'NONE', *, *, #977, .F. ) ;
#33 = FACE_OUTER_BOUND ( 'NONE', #620, .T. ) ;
#34 = DIRECTION ( 'NONE',  ( 1.000000000000000000, 0.000000000000000000, 0.000000000000000000 ) ) ;
#35 = CARTESIAN_POINT ( 'NONE',  ( 1.468210507073069104, -0.6163167901627195633, -1.892069915603967090 ) ) ;
#36 = CARTESIAN_POINT ( 'NONE',  ( 0.000000000000000000, -5.019177671007510732E-16, 4.200000000000000178 ) ) ;
#37 = ORIENTED_EDGE ( 'NONE', *, *, #1827, .F. ) ;
#38 = FACE_OUTER_BOUND ( 'NONE', #393, .T. ) ;
#39 = EDGE_CURVE ( 'NONE', #1161, #1258, #2155, .T. ) ;
#40 = CARTESIAN_POINT ( 'NONE',  ( -1.338300807568871598, 0.7726683315065804303, -1.533333333333337434 ) ) ;
#41 = CARTESIAN_POINT ( 'NONE',  ( 1.784401076758495464, -1.738606701108116332E-15, 0.3624999999999921618 ) ) ;
#42 = VERTEX_POINT ( 'NONE', #1254 ) ;
#43 = CARTESIAN_POINT ( 'NONE',  ( 2.000000000000001776, 0.5358983848622396184, 1.356260739116959879 ) ) ;
#44 = EDGE_CURVE ( 'NONE', #1501, #452, #2291, .T. ) ;
#45 = DIRECTION ( 'NONE',  ( 0.4999999999999999445, -0.8660254037844387076, 0.000000000000000000 ) ) ;
#46 = FACE_OUTER_BOUND ( 'NONE', #1905, .T. ) ;
#47 = CARTESIAN_POINT ( 'NONE',  ( -2.495693764988916252E-16, -2.037888611415566764, 3.315624999999980727 ) ) ;
#48 = VERTEX_POINT ( 'NONE', #1776 ) ;
#49 = CARTESIAN_POINT ( 'NONE',  ( 1.545336663013163303, -0.4140717108885872411, 0.9437392608830256213 ) ) ;
#50 = ORIENTED_EDGE ( 'NONE', *, *, #749, .T. ) ;
#51 = EDGE_CURVE ( 'NONE', #801, #1161, #958, .T. ) ;
#52 = CARTESIAN_POINT ( 'NONE',  ( 0.000000000000000000, 1.545336663013161749, 0.5374999999999919842 ) ) ;
#53 = ORIENTED_EDGE ( 'NONE', *, *, #559, .T. ) ;
#54 = DIRECTION ( 'NONE',  ( -0.000000000000000000, -1.195042302620835759E-16, 1.000000000000000000 ) ) ;
#55 = CARTESIAN_POINT ( 'NONE',  ( 1.732050807568876971, -1.000000000000002442, 1.354166666666649865 ) ) ;
#56 = AXIS2_PLACEMENT_3D ( 'NONE', #433, #260, #1285 ) ;
#57 = FACE_OUTER_BOUND ( 'NONE', #790, .T. ) ;
#58 = VECTOR ( 'NONE', #2116, 1000.000000000000000 ) ;
#59 = CARTESIAN_POINT ( 'NONE',  ( 1.732050807568876971, -1.000000000000002442, 1.266666666666662389 ) ) ;
#60 = AXIS2_PLACEMENT_3D ( 'NONE', #1246, #1618, #1800 ) ;
#61 = VERTEX_POINT ( 'NONE', #179 ) ;
#62 = CARTESIAN_POINT ( 'NONE',  ( 1.470560926322751039, -1.054584446567120803, 1.456038285240705665 ) ) ;
#63 = APPROVAL_PERSON_ORGANIZATION ( #917, #529, #941 ) ;
#64 = CARTESIAN_POINT ( 'NONE',  ( 1.338300807568871598, -0.7726683315065836499, 3.716666666666650354 ) ) ;
#65 = ORIENTED_EDGE ( 'NONE', *, *, #1277, .T. ) ;
#66 = CARTESIAN_POINT ( 'NONE',  ( 0.000000000000000000, 1.545336663013161749, -1.562500000000003109 ) ) ;
#67 = EDGE_LOOP ( 'NONE', ( #946, #1031, #2249, #588 ) ) ;
#68 = CARTESIAN_POINT ( 'NONE',  ( -1.545336663013163081, -1.249197715163106540E-15, -0.6875000000000048850 ) ) ;
#69 = B_SPLINE_CURVE_WITH_KNOTS ( 'NONE', 3,
 ( #1973, #347, #1949, #1799, #904, #170, #895, #1043 ),
 .UNSPECIFIED., .F., .F.,
 ( 4, 2, 2, 4 ),
 ( 2.544378114028568050E-07, 0.0003729905366538284906, 0.0007457266354962541937, 0.001491198833181105058 ),
 .UNSPECIFIED. ) ;
#70 =( BOUNDED_CURVE ( )  B_SPLINE_CURVE ( 2, ( #190, #201, #378, #1097, #752, #1473, #1529, #1158, #1518 ),
 .UNSPECIFIED., .F., .F. ) 
 B_SPLINE_CURVE_WITH_KNOTS ( ( 3, 2, 2, 2, 3 ),
 ( 0.2250000000000000333, 0.2333333333333333370, 0.2500000000000000000, 0.2666666666666666630, 0.2750000000000000222 ),
 .UNSPECIFIED. ) 
 CURVE ( )  GEOMETRIC_REPRESENTATION_ITEM ( )  RATIONAL_B_SPLINE_CURVE ( ( 0.9330127018922194093, 0.9330127018922196314, 1.000000000000000000, 0.8660254037844387076, 1.000000000000000000, 0.8660254037844387076, 1.000000000000000000, 0.9330127018922191873, 0.9330127018922194093 ) ) 
 REPRESENTATION_ITEM ( '' )  );
#71 = DIRECTION ( 'NONE',  ( -0.000000000000000000, -0.000000000000000000, 1.000000000000000000 ) ) ;
#72 = CARTESIAN_POINT ( 'NONE',  ( -0.5743732082005229556, 1.999999999999998224, 1.616516271057346854 ) ) ;
#73 = CARTESIAN_POINT ( 'NONE',  ( 1.154700538379250796, -2.000000000000001332, 0.5958333333333183379 ) ) ;
#74 = CARTESIAN_POINT ( 'NONE',  ( 1.732050807568877859, 0.9999999999999972244, -0.7166666666666660079 ) ) ;
#75 = CARTESIAN_POINT ( 'NONE',  ( 1.338300807568872486, 0.7726683315065792090, 1.733333333333322068 ) ) ;
#76 = ORIENTED_EDGE ( 'NONE', *, *, #108, .T. ) ;
#77 = CARTESIAN_POINT ( 'NONE',  ( -1.892491597964122291E-16, -1.545336663013164857, 2.987499999999985612 ) ) ;
#78 = ORIENTED_EDGE ( 'NONE', *, *, #1619, .T. ) ;
#79 = EDGE_CURVE ( 'NONE', #1869, #274, #1803, .T. ) ;
#80 = DIRECTION ( 'NONE',  ( 0.000000000000000000, 0.000000000000000000, -1.000000000000000000 ) ) ;
#81 = CARTESIAN_POINT ( 'NONE',  ( 0.1052302908534169801, 1.631631188560018542, 1.280049835161865879 ) ) ;
#82 = CARTESIAN_POINT ( 'NONE',  ( -1.592765541559593352E-17, -1.443375672974064994, 2.660000000000000142 ) ) ;
#83 = ADVANCED_FACE ( 'NONE', ( #278 ), #2086, .T. ) ;
#84 = CARTESIAN_POINT ( 'NONE',  ( -1.545336663013163081, -1.249197715163106540E-15, -0.6875000000000048850 ) ) ;
#85 = CARTESIAN_POINT ( 'NONE',  ( -1.599692159839738892, -0.4569935950447767126, 1.298101170001193960 ) ) ;
#86 = CARTESIAN_POINT ( 'NONE',  ( 1.784401076758495464, -1.738606701108116332E-15, 2.374999999999987121 ) ) ;
#87 = VERTEX_POINT ( 'NONE', #189 ) ;
#88 = CARTESIAN_POINT ( 'NONE',  ( 0.8922005383792472877, -1.545336663013165079, 3.045833333333319626 ) ) ;
#89 = ORIENTED_EDGE ( 'NONE', *, *, #1222, .T. ) ;
#90 = CARTESIAN_POINT ( 'NONE',  ( -1.176575538379250219, -2.037888611415567208, -1.686458333333332282 ) ) ;
#91 = CYLINDRICAL_SURFACE ( 'NONE', #1572, 1.545336663013163303 ) ;
#92 = CARTESIAN_POINT ( 'NONE',  ( 1.249999999999999334, 0.7216878364870311646, 2.660000000000000142 ) ) ;
#93 = AXIS2_PLACEMENT_3D ( 'NONE', #92, #1010, #1769 ) ;
#94 = ADVANCED_FACE ( 'NONE', ( #38 ), #1995, .T. ) ;
#95 = CARTESIAN_POINT ( 'NONE',  ( -1.627539924723343301, 6.853156767604112468E-14, 1.277539924723346321 ) ) ;
#96 = CARTESIAN_POINT ( 'NONE',  ( 0.8922005383792486199, 1.545336663013161305, 1.791666666666654972 ) ) ;
#97 = AXIS2_PLACEMENT_3D ( 'NONE', #932, #1660, #188 ) ;
#98 = ORIENTED_EDGE ( 'NONE', *, *, #1936, .F. ) ;
#99 = CARTESIAN_POINT ( 'NONE',  ( -1.338300807568871598, 0.7726683315065804303, 2.054166666666654706 ) ) ;
#100 = ORIENTED_EDGE ( 'NONE', *, *, #501, .F. ) ;
#101 = CARTESIAN_POINT ( 'NONE',  ( 0.9307824019552239925, -1.469437994163871775, -1.739493790221320779 ) ) ;
#102 = DIRECTION ( 'NONE',  ( 0.000000000000000000, 0.000000000000000000, 1.000000000000000000 ) ) ;
#103 = CARTESIAN_POINT ( 'NONE',  ( 0.4688973888915448085, 1.501902244711180057, 1.218117300608614784 ) ) ;
#104 = DIRECTION ( 'NONE',  ( 1.000000000000000000, 0.000000000000000000, 0.000000000000000000 ) ) ;
#105 = DIRECTION ( 'NONE',  ( 0.000000000000000000, -1.000000000000000000, 0.000000000000000000 ) ) ;
#106 = CARTESIAN_POINT ( 'NONE',  ( 2.000000000000000000, -2.207884333776653740E-15, 0.01249999999998617321 ) ) ;
#107 = CARTESIAN_POINT ( 'NONE',  ( -1.892491597964122291E-16, -1.545336663013164857, 2.199999999999987743 ) ) ;
#108 = EDGE_CURVE ( 'NONE', #2041, #2046, #1366, .T. ) ;
#109 = CARTESIAN_POINT ( 'NONE',  ( 0.8922005383792472877, -1.545336663013165079, 3.745833333333318027 ) ) ;
#110 = ORIENTED_EDGE ( 'NONE', *, *, #1822, .T. ) ;
#111 = CARTESIAN_POINT ( 'NONE',  ( 1.527632886035269477, 1.132237651385860966, 1.543854350734453318 ) ) ;
#112 = ORIENTED_EDGE ( 'NONE', *, *, #1101, .T. ) ;
#113 = EDGE_CURVE ( 'NONE', #2044, #1640, #1109, .T. ) ;
#114 = CARTESIAN_POINT ( 'NONE',  ( 1.154700538379250796, -2.000000000000001332, -0.1041666666666798829 ) ) ;
#115 = CARTESIAN_POINT ( 'NONE',  ( -2.449293598294706414E-16, -2.000000000000001332, -0.2500000000000004441 ) ) ;
#116 = DIRECTION ( 'NONE',  ( -0.000000000000000000, -1.195042302620835759E-16, 1.000000000000000000 ) ) ;
#117 = CARTESIAN_POINT ( 'NONE',  ( -1.154700538379252128, -2.000000000000000444, -0.9208333333333447168 ) ) ;
#118 = CARTESIAN_POINT ( 'NONE',  ( -1.764863307568874218, -1.018944305707783826, 0.3989583333333206472 ) ) ;
#119 = CARTESIAN_POINT ( 'NONE',  ( 1.338300807568872486, 0.7726683315065792090, 1.120833333333324022 ) ) ;
#120 = ORIENTED_EDGE ( 'NONE', *, *, #1486, .F. ) ;
#121 = CARTESIAN_POINT ( 'NONE',  ( 1.764863307568875328, 1.018944305707780273, 0.005208333333330591314 ) ) ;
#122 = EDGE_CURVE ( 'NONE', #503, #1266, #458, .T. ) ;
#123 = ORIENTED_EDGE ( 'NONE', *, *, #2145, .T. ) ;
#124 = CARTESIAN_POINT ( 'NONE',  ( 0.000000000000000000, -3.281267838218396067E-15, 7.656854249492376141 ) ) ;
#125 = CARTESIAN_POINT ( 'NONE',  ( -1.545336663013163303, -2.324088772396477673E-16, 0.01249999999999351109 ) ) ;
#126 = LINE ( 'NONE', #1959, #2345 ) ;
#127 = VECTOR ( 'NONE', #1409, 1000.000000000000000 ) ;
#128 = DIRECTION ( 'NONE',  ( 1.000000000000000000, 0.000000000000000000, 0.000000000000000000 ) ) ;
#129 = CARTESIAN_POINT ( 'NONE',  ( 0.000000000000000000, 2.037888611415564100, 0.8656249999999862110 ) ) ;
#130 = AXIS2_PLACEMENT_3D ( 'NONE', #651, #2279, #1945 ) ;
#131 = CARTESIAN_POINT ( 'NONE',  ( 1.999999999999998668, -3.036338478388925376E-15, 2.000000000000000000 ) ) ;
#132 = CIRCLE ( 'NONE', #176, 1.443375672974063884 ) ;
#133 = VERTEX_POINT ( 'NONE', #751 ) ;
#134 = CARTESIAN_POINT ( 'NONE',  ( 1.135494958778473473E-15, 1.545336663013161749, -0.2500000000000071609 ) ) ;
#135 = CARTESIAN_POINT ( 'NONE',  ( 1.176575538379250663, 2.037888611415564100, 0.06354166666666399843 ) ) ;
#136 = CARTESIAN_POINT ( 'NONE',  ( 2.353151076758499105, -1.843084381160375702E-15, 2.046874999999992450 ) ) ;
#137 = ORIENTED_EDGE ( 'NONE', *, *, #1894, .T. ) ;
#138 = DIRECTION ( 'NONE',  ( 0.000000000000000000, 0.000000000000000000, 1.000000000000000000 ) ) ;
#139 = CARTESIAN_POINT ( 'NONE',  ( -0.8922005383792536160, -1.545336663013161083, 0.04166666666665860830 ) ) ;
#140 = EDGE_CURVE ( 'NONE', #1648, #1488, #1472, .T. ) ;
#141 = CARTESIAN_POINT ( 'NONE',  ( -1.467063744042831575, 1.033846965285220021, -1.684245934828447311 ) ) ;
#142 = CARTESIAN_POINT ( 'NONE',  ( 0.5797224329946234489, 1.432475934435007536, 1.195336663013167433 ) ) ;
#143 = DIRECTION ( 'NONE',  ( 0.000000000000000000, 1.195042302620835759E-16, -1.000000000000000000 ) ) ;
#144 = CARTESIAN_POINT ( 'NONE',  ( -2.495693764988916252E-16, -2.037888611415566764, -2.284375000000006484 ) ) ;
#145 =( BOUNDED_CURVE ( )  B_SPLINE_CURVE ( 2, ( #2075, #2098, #625, #1503, #246, #987, #1729, #259, #1714 ),
 .UNSPECIFIED., .F., .F. ) 
 B_SPLINE_CURVE_WITH_KNOTS ( ( 3, 2, 2, 2, 3 ),
 ( 0.5749999999999999556, 0.5833333333333332593, 0.5999999999999999778, 0.6166666666666666963, 0.6250000000000000000 ),
 .UNSPECIFIED. ) 
 CURVE ( )  GEOMETRIC_REPRESENTATION_ITEM ( )  RATIONAL_B_SPLINE_CURVE ( ( 0.9330127018922194093, 0.9330127018922194093, 1.000000000000000000, 0.8660254037844387076, 1.000000000000000000, 0.8660254037844387076, 1.000000000000000000, 0.9330127018922194093, 0.9330127018922194093 ) ) 
 REPRESENTATION_ITEM ( '' )  );
#146 = CARTESIAN_POINT ( 'NONE',  ( -2.000000000000000000, -4.706279764102867609E-15, -0.3375000000000125677 ) ) ;
#147 = CARTESIAN_POINT ( 'NONE',  ( 1.338300807568872486, 0.7726683315065792090, 4.620833333333315807 ) ) ;
#148 = CARTESIAN_POINT ( 'NONE',  ( 1.545336663013163525, 0.4140717108885787479, -0.3937392608830423968 ) ) ;
#149 = CARTESIAN_POINT ( 'NONE',  ( -2.495693764988917238E-16, -2.037888611415567208, -0.2281250000000021871 ) ) ;
#150 = CARTESIAN_POINT ( 'NONE',  ( -1.176575538379250219, -2.037888611415567208, 3.213541666666656305 ) ) ;
#151 = VERTEX_POINT ( 'NONE', #17 ) ;
#152 = FACE_OUTER_BOUND ( 'NONE', #519, .T. ) ;
#153 = FACE_BOUND ( 'NONE', #1781, .T. ) ;
#154 = CARTESIAN_POINT ( 'NONE',  ( -1.892491597964122291E-16, -1.545336663013164857, -1.912500000000002309 ) ) ;
#155 = EDGE_CURVE ( 'NONE', #1640, #993, #2268, .T. ) ;
#156 = CARTESIAN_POINT ( 'NONE',  ( -1.953542047311074281, 0.4285714285713120297, 1.650000000000001465 ) ) ;
#157 = CARTESIAN_POINT ( 'NONE',  ( -1.176575538379249997, -2.037888611415566320, 0.4572916666666535512 ) ) ;
#158 = CARTESIAN_POINT ( 'NONE',  ( 1.784401076758495464, -1.738606701108116332E-15, 4.562499999999982236 ) ) ;
#159 =( BOUNDED_CURVE ( )  B_SPLINE_CURVE ( 2, ( #1576, #2139, #319, #117, #1216, #1424, #1960, #2321, #308 ),
 .UNSPECIFIED., .F., .F. ) 
 B_SPLINE_CURVE_WITH_KNOTS ( ( 3, 2, 2, 2, 3 ),
 ( 0.2250000000000000333, 0.2333333333333333370, 0.2500000000000000000, 0.2666666666666666630, 0.2749999999999999667 ),
 .UNSPECIFIED. ) 
 CURVE ( )  GEOMETRIC_REPRESENTATION_ITEM ( )  RATIONAL_B_SPLINE_CURVE ( ( 0.9330127018922194093, 0.9330127018922196314, 1.000000000000000000, 0.8660254037844388186, 1.000000000000000000, 0.8660254037844388186, 1.000000000000000000, 0.9330127018922196314, 0.9330127018922194093 ) ) 
 REPRESENTATION_ITEM ( '' )  );
#160 = CARTESIAN_POINT ( 'NONE',  ( -1.249999999999999334, -0.7216878364870333851, 2.660000000000000142 ) ) ;
#161 = CARTESIAN_POINT ( 'NONE',  ( 1.764863307568875328, 1.018944305707780273, 2.805208333333323534 ) ) ;
#162 = ORIENTED_EDGE ( 'NONE', *, *, #2299, .T. ) ;
#163 = DIRECTION ( 'NONE',  ( 0.000000000000000000, 0.000000000000000000, -1.000000000000000000 ) ) ;
#164 = CARTESIAN_POINT ( 'NONE',  ( 0.9062599177564943931, -1.251702186432801289, -1.929663336986864541 ) ) ;
#165 = CARTESIAN_POINT ( 'NONE',  ( -0.2420474109390984285, -1.936553967147357502, -1.538446032852641698 ) ) ;
#166 = DIRECTION ( 'NONE',  ( -0.000000000000000000, -0.000000000000000000, 1.000000000000000000 ) ) ;
#167 = CARTESIAN_POINT ( 'NONE',  ( -1.764863307568874218, -1.018944305707783826, -0.3010416666666777541 ) ) ;
#168 = ORIENTED_EDGE ( 'NONE', *, *, #1399, .F. ) ;
#169 = CARTESIAN_POINT ( 'NONE',  ( 2.000000000000000888, 0.5358983848622413948, -0.6562392608830478480 ) ) ;
#170 = CARTESIAN_POINT ( 'NONE',  ( -0.4090586785750395804, -1.207205534784413503, 4.006091094028867872 ) ) ;
#171 = CARTESIAN_POINT ( 'NONE',  ( 2.095581549050350597E-16, 1.474999999999999423, -2.000000000000000000 ) ) ;
#172 = CLOSED_SHELL ( 'NONE', ( #1991, #2039, #1447, #453, #956, #1840, #806, #83, #2216, #763, #226, #239, #960, #1631, #1165, #2007, #1690, #2318, #1336, #2258, #94, #284, #2286, #792, #1745, #1569, #1796, #1880, #1718, #630, #1907, #384, #1661, #2127, #1968, #845, #1892, #545, #533, #1583, #1312, #540, #576, #1979, #1413, #268, #1865, #1133, #690, #780 ) ) ;
#173 = CARTESIAN_POINT ( 'NONE',  ( 1.176575538379250663, 2.037888611415564100, 2.863541666666657104 ) ) ;
#174 = VERTEX_POINT ( 'NONE', #2188 ) ;
#175 = CALENDAR_DATE ( 2026, 25, 6 ) ;
#176 = AXIS2_PLACEMENT_3D ( 'NONE', #1236, #1964, #338 ) ;
#177 = CARTESIAN_POINT ( 'NONE',  ( 1.401258538444200230, -1.427050983124719341, -1.474999999999999645 ) ) ;
#178 = CARTESIAN_POINT ( 'NONE',  ( 1.176575538379250219, 2.037888611415563656, 2.207291666666649999 ) ) ;
#179 = CARTESIAN_POINT ( 'NONE',  ( 1.849431033398792446, -8.802486225451659816E-15, 1.499431033398794133 ) ) ;
#180 = DIRECTION ( 'NONE',  ( 1.000000000000000000, 0.000000000000000000, 0.000000000000000000 ) ) ;
#181 = LINE ( 'NONE', #160, #1844 ) ;
#182 = EDGE_CURVE ( 'NONE', #21, #1405, #459, .T. ) ;
#183 = CARTESIAN_POINT ( 'NONE',  ( -1.764863307568874440, 1.018944305707781606, 3.038541666666657370 ) ) ;
#184 = ORIENTED_EDGE ( 'NONE', *, *, #1516, .T. ) ;
#185 = EDGE_CURVE ( 'NONE', #87, #1, #557, .T. ) ;
#186 = CARTESIAN_POINT ( 'NONE',  ( -1.301042606982605321E-15, -1.443375672974064328, 4.200000000000000178 ) ) ;
#187 = LINE ( 'NONE', #1599, #1378 ) ;
#188 = DIRECTION ( 'NONE',  ( -0.000000000000000000, 0.000000000000000000, 1.000000000000000000 ) ) ;
#189 = CARTESIAN_POINT ( 'NONE',  ( -2.000000000000000000, -4.706279764102867609E-15, -1.124999999999998002 ) ) ;
#190 = CARTESIAN_POINT ( 'NONE',  ( -1.545336663013163081, -1.249197715163106540E-15, -0.7750000000000055733 ) ) ;
#191 = CARTESIAN_POINT ( 'NONE',  ( -1.338300807568871820, -0.7726683315065827617, -1.416666666666671182 ) ) ;
#192 = CARTESIAN_POINT ( 'NONE',  ( 1.784401076758495464, -1.738606701108116332E-15, -1.737500000000002709 ) ) ;
#193 = EDGE_LOOP ( 'NONE', ( #1543, #2336, #312, #264 ) ) ;
#194 = EDGE_CURVE ( 'NONE', #244, #872, #1199, .T. ) ;
#195 = CARTESIAN_POINT ( 'NONE',  ( -1.301042606982605321E-15, -1.443375672974064328, 4.200000000000000178 ) ) ;
#196 = PERSON_AND_ORGANIZATION_ROLE ( 'classification_officer' ) ;
#197 = CARTESIAN_POINT ( 'NONE',  ( -0.8922005383792501743, -1.545336663013163525, -1.358333333333337833 ) ) ;
#198 = CARTESIAN_POINT ( 'NONE',  ( -2.495693764988916252E-16, -2.037888611415566764, 2.615624999999981881 ) ) ;
#199 = ORIENTED_EDGE ( 'NONE', *, *, #1528, .F. ) ;
#200 = DIRECTION ( 'NONE',  ( -1.000000000000000000, 0.000000000000000000, 0.000000000000000000 ) ) ;
#201 = CARTESIAN_POINT ( 'NONE',  ( -1.545336663013163081, -0.4140717108885830222, -0.7437392608830414309 ) ) ;
#202 = CARTESIAN_POINT ( 'NONE',  ( -0.8922005383792475097, 1.545336663013161749, -1.591666666666670782 ) ) ;
#203 = CARTESIAN_POINT ( 'NONE',  ( 0.8922005383792472877, -1.545336663013165079, -1.854166666666668961 ) ) ;
#204 = CIRCLE ( 'NONE', #1951, 1.999999999999998668 ) ;
#205 = VERTEX_POINT ( 'NONE', #1659 ) ;
#206 = CARTESIAN_POINT ( 'NONE',  ( 1.694970485521634984, 0.8357663426613306523, 1.532150444145880863 ) ) ;
#207 = PERSON_AND_ORGANIZATION_ROLE ( 'creator' ) ;
#208 = AXIS2_PLACEMENT_3D ( 'NONE', #893, #307, #105 ) ;
#209 = DIRECTION ( 'NONE',  ( -0.000000000000000000, -1.195042302620835759E-16, 1.000000000000000000 ) ) ;
#210 = AXIS2_PLACEMENT_3D ( 'NONE', #36, #593, #16 ) ;
#211 = DIRECTION ( 'NONE',  ( -0.000000000000000000, -0.000000000000000000, 1.000000000000000000 ) ) ;
#212 = EDGE_CURVE ( 'NONE', #274, #842, #1110, .T. ) ;
#213 = ORGANIZATION ( 'UNSPECIFIED', 'UNSPECIFIED', '' ) ;
#214 = CARTESIAN_POINT ( 'NONE',  ( 0.000000000000000000, 2.037888611415564100, 2.265624999999983125 ) ) ;
#215 = ORIENTED_EDGE ( 'NONE', *, *, #1090, .T. ) ;
#216 = CARTESIAN_POINT ( 'NONE',  ( 1.338300807568872486, 0.7726683315065792090, -1.679166666666669583 ) ) ;
#217 = CARTESIAN_POINT ( 'NONE',  ( -1.338300807568871598, 0.7726683315065804303, -0.1333333333333407700 ) ) ;
#218 = CARTESIAN_POINT ( 'NONE',  ( -1.176575538379249330, 2.037888611415564544, 4.380208333333320603 ) ) ;
#219 = ORIENTED_EDGE ( 'NONE', *, *, #989, .T. ) ;
#220 = CARTESIAN_POINT ( 'NONE',  ( 2.000000000000000000, -2.207884333776653740E-15, -1.387500000000010614 ) ) ;
#221 = COORDINATED_UNIVERSAL_TIME_OFFSET ( 6, 0, .BEHIND. ) ;
#222 = DIRECTION ( 'NONE',  ( -0.000000000000000000, -1.195042302620835759E-16, 1.000000000000000000 ) ) ;
#223 = CC_DESIGN_DATE_AND_TIME_ASSIGNMENT ( #1310, #1622, ( #517 ) ) ;
#224 = CARTESIAN_POINT ( 'NONE',  ( 2.000000000000002665, 0.5358983848622396184, 1.443760739116947134 ) ) ;
#225 = CARTESIAN_POINT ( 'NONE',  ( -1.176575538379249997, -2.037888611415566320, 2.557291666666648755 ) ) ;
#226 = ADVANCED_FACE ( 'NONE', ( #57 ), #2233, .T. ) ;
#227 = ORIENTED_EDGE ( 'NONE', *, *, #79, .T. ) ;
#228 = CARTESIAN_POINT ( 'NONE',  ( 0.8922005383792486199, 1.545336663013161083, -1.620833333333336235 ) ) ;
#229 = CARTESIAN_POINT ( 'NONE',  ( -5.661575077825122264E-30, 7.541778116690570725E-16, 0.4735561497326238323 ) ) ;
#230 = CARTESIAN_POINT ( 'NONE',  ( 1.784401076758495464, -1.738606701108116332E-15, -1.125000000000005107 ) ) ;
#231 = ORIENTED_EDGE ( 'NONE', *, *, #820, .F. ) ;
#232 = CARTESIAN_POINT ( 'NONE',  ( -1.784401076758495464, -1.301554487698640105E-15, -1.387500000000003286 ) ) ;
#233 = ORIENTED_EDGE ( 'NONE', *, *, #113, .T. ) ;
#234 = CARTESIAN_POINT ( 'NONE',  ( -1.732050807568877193, 0.9999999999999986677, 1.616666666666661811 ) ) ;
#235 =( BOUNDED_CURVE ( )  B_SPLINE_CURVE ( 2, ( #68, #916, #374, #1667, #1837, #1093, #2022, #1641, #22 ),
 .UNSPECIFIED., .F., .F. ) 
 B_SPLINE_CURVE_WITH_KNOTS ( ( 3, 2, 2, 2, 3 ),
 ( 0.2250000000000000333, 0.2333333333333333370, 0.2500000000000000000, 0.2666666666666666630, 0.2750000000000000222 ),
 .UNSPECIFIED. ) 
 CURVE ( )  GEOMETRIC_REPRESENTATION_ITEM ( )  RATIONAL_B_SPLINE_CURVE ( ( 0.9330127018922194093, 0.9330127018922196314, 1.000000000000000000, 0.8660254037844387076, 1.000000000000000000, 0.8660254037844387076, 1.000000000000000000, 0.9330127018922191873, 0.9330127018922194093 ) ) 
 REPRESENTATION_ITEM ( '' )  );
#236 = CARTESIAN_POINT ( 'NONE',  ( 2.000000000000000000, -9.412559528205735218E-15, 1.412499999999982769 ) ) ;
#237 = DIRECTION ( 'NONE',  ( 0.000000000000000000, -1.000000000000000000, 0.000000000000000000 ) ) ;
#238 = ORIENTED_EDGE ( 'NONE', *, *, #155, .T. ) ;
#239 = ADVANCED_FACE ( 'NONE', ( #46 ), #281, .T. ) ;
#240 = CARTESIAN_POINT ( 'NONE',  ( -1.338300807568874262, -0.7726683315065784319, 0.6833333333333240223 ) ) ;
#241 = CARTESIAN_POINT ( 'NONE',  ( 0.8922005383792472877, -1.545336663013165079, 0.8583333333333237336 ) ) ;
#242 = ORIENTED_EDGE ( 'NONE', *, *, #182, .T. ) ;
#243 = CARTESIAN_POINT ( 'NONE',  ( -1.764863307568874662, -1.018944305707784048, 4.555208333333319537 ) ) ;
#244 = VERTEX_POINT ( 'NONE', #2025 ) ;
#245 = CARTESIAN_POINT ( 'NONE',  ( -1.999999999999998668, -3.281267838218396067E-15, 7.656854249492376141 ) ) ;
#246 = CARTESIAN_POINT ( 'NONE',  ( 0.000000000000000000, 1.999999999999998668, 0.7999999999999971578 ) ) ;
#247 = VECTOR ( 'NONE', #791, 1000.000000000000000 ) ;
#248 = FACE_OUTER_BOUND ( 'NONE', #67, .T. ) ;
#249 = VECTOR ( 'NONE', #1020, 1000.000000000000000 ) ;
#250 =( BOUNDED_SURFACE ( )  B_SPLINE_SURFACE ( 1, 2, ( 
 ( #442, #986, #2284, #1893, #1713, #90, #637, #656, #1221, #1940, #2144, #1045, #1595, #515, #1403, #2327, #857, #1779, #1581, #870, #682, #500, #695, #1952, #1566, #843, #2300, #326, #669, #1391, #149, #2121, #488, #314, #121, #135, #1415, #1210, #1027, #1762, #2313, #2132, #1223, #1629, #696, #327, #1954, #1257, #9, #1046, #898, #349, #1985, #1606, #339, #1620, #1070, #719, #1764, #906, #683, #1975, #1058, #2314, #518, #1080, #1432, #883, #1443, #136, #728, #1404, #1801, #1791, #2133, #1237, #1813, #2158, #2342, #1965, #361, #1453, #161, #173, #1596, #539, #183, #1247, #1780, #150, #1416, #528, #709, #502, #2328, #2354, #2168, #2178, #554, #1270, #1998, #2147, #1030, #858, #1582, #871, #1319, #611, #2045, #218, #1115, #1091, #243, #577, #2213, #416, #777, #1099, #586, #789, #598 ),
 ( #925, #1139, #1823, #1834, #964, #1868, #1306, #203, #1689, #192, #1511, #1500, #66, #2239, #1292, #232, #380, #565, #1329, #1476, #1653, #1128, #31, #372, #2228, #914, #1639, #2033, #20, #391, #740, #1849, #1466, #766, #407, #2191, #1859, #1280, #2008, #754, #952, #2202, #2018, #937, #1665, #41, #1487, #1676, #52, #644, #1374, #2263, #1363, #1521, #1149, #984, #1162, #831, #119, #1901, #1542, #2248, #2094, #621, #1340, #462, #1533, #823, #635, #654, #1352, #290, #2082, #1890, #99, #449, #427, #1171, #1736, #2273, #275, #2072, #1881, #255, #440, #841, #1711, #1927, #994, #265, #77, #88, #800, #1723, #475, #1006, #666, #1016, #1182, #1915, #2295, #811, #2058, #109, #1551, #2282, #2104, #1195, #301, #1746, #1563, #974, #1700, #703, #2166, #1983, #855, #158, #147, #1235, #1056 ) ),
 .UNSPECIFIED., .F., .F., .T. ) 
 B_SPLINE_SURFACE_WITH_KNOTS ( ( 2, 2 ),
 ( 3, 2, 2, 2, 2, 2, 2, 2, 2, 2, 2, 2, 2, 2, 2, 2, 2, 2, 2, 2, 2, 2, 2, 2, 2, 2, 2, 2, 2, 2, 2, 2, 2, 2, 2, 2, 2, 2, 2, 2, 2, 2, 2, 2, 2, 2, 2, 2, 2, 2, 2, 2, 2, 2, 2, 2, 2, 2, 2, 2, 3 ),
 ( 0.000000000000000000, 1.000000000000000000 ),
 ( 0.000000000000000000, 0.01666666666666666644, 0.03333333333333333287, 0.05000000000000000278, 0.06666666666666666574, 0.08333333333333332871, 0.1000000000000000056, 0.1166666666666666685, 0.1333333333333333315, 0.1499999999999999944, 0.1666666666666666574, 0.1833333333333333204, 0.2000000000000000111, 0.2166666666666666741, 0.2333333333333333370, 0.2500000000000000000, 0.2666666666666666630, 0.2833333333333333259, 0.2999999999999999889, 0.3166666666666666519, 0.3333333333333333148, 0.3499999999999999778, 0.3666666666666666408, 0.3833333333333333592, 0.4000000000000000222, 0.4166666666666666852, 0.4333333333333333481, 0.4500000000000000111, 0.4666666666666666741, 0.4833333333333333370, 0.5000000000000000000, 0.5166666666666667185, 0.5333333333333333259, 0.5500000000000000444, 0.5666666666666666519, 0.5833333333333333703, 0.5999999999999999778, 0.6166666666666666963, 0.6333333333333333037, 0.6500000000000000222, 0.6666666666666666297, 0.6833333333333333481, 0.6999999999999999556, 0.7166666666666666741, 0.7333333333333332815, 0.7500000000000000000, 0.7666666666666667185, 0.7833333333333333259, 0.8000000000000000444, 0.8166666666666666519, 0.8333333333333333703, 0.8499999999999999778, 0.8666666666666666963, 0.8833333333333333037, 0.9000000000000000222, 0.9166666666666666297, 0.9333333333333333481, 0.9499999999999999556, 0.9666666666666666741, 0.9833333333333332815, 1.000000000000000000 ),
 .UNSPECIFIED. ) 
 GEOMETRIC_REPRESENTATION_ITEM ( )  RATIONAL_B_SPLINE_SURFACE ( (
 ( 1.000000000000000000, 0.8660254037844387076, 1.000000000000000000, 0.8660254037844387076, 1.000000000000000000, 0.8660254037844387076, 1.000000000000000000, 0.8660254037844387076, 1.000000000000000000, 0.8660254037844387076, 1.000000000000000000, 0.8660254037844387076, 1.000000000000000000, 0.8660254037844387076, 1.000000000000000000, 0.8660254037844387076, 1.000000000000000000, 0.8660254037844387076, 1.000000000000000000, 0.8660254037844387076, 1.000000000000000000, 0.8660254037844387076, 1.000000000000000000, 0.8660254037844387076, 1.000000000000000000, 0.8660254037844387076, 1.000000000000000000, 0.8660254037844387076, 1.000000000000000000, 0.8660254037844387076, 1.000000000000000000, 0.8660254037844387076, 1.000000000000000000, 0.8660254037844387076, 1.000000000000000000, 0.8660254037844387076, 1.000000000000000000, 0.8660254037844387076, 1.000000000000000000, 0.8660254037844387076, 1.000000000000000000, 0.8660254037844387076, 1.000000000000000000, 0.8660254037844387076, 1.000000000000000000, 0.8660254037844387076, 1.000000000000000000, 0.8660254037844387076, 1.000000000000000000, 0.8660254037844387076, 1.000000000000000000, 0.8660254037844387076, 1.000000000000000000, 0.8660254037844387076, 1.000000000000000000, 0.8660254037844387076, 1.000000000000000000, 0.8660254037844387076, 1.000000000000000000, 0.8660254037844387076, 1.000000000000000000, 0.8660254037844387076, 1.000000000000000000, 0.8660254037844387076, 1.000000000000000000, 0.8660254037844387076, 1.000000000000000000, 0.8660254037844387076, 1.000000000000000000, 0.8660254037844387076, 1.000000000000000000, 0.8660254037844387076, 1.000000000000000000, 0.8660254037844387076, 1.000000000000000000, 0.8660254037844387076, 1.000000000000000000, 0.8660254037844387076, 1.000000000000000000, 0.8660254037844387076, 1.000000000000000000, 0.8660254037844387076, 1.000000000000000000, 0.8660254037844387076, 1.000000000000000000, 0.8660254037844387076, 1.000000000000000000, 0.8660254037844387076, 1.000000000000000000, 0.8660254037844387076, 1.000000000000000000, 0.8660254037844387076, 1.000000000000000000, 0.8660254037844387076, 1.000000000000000000, 0.8660254037844387076, 1.000000000000000000, 0.8660254037844387076, 1.000000000000000000, 0.8660254037844387076, 1.000000000000000000, 0.8660254037844387076, 1.000000000000000000, 0.8660254037844387076, 1.000000000000000000, 0.8660254037844387076, 1.000000000000000000, 0.8660254037844387076, 1.000000000000000000, 0.8660254037844387076, 1.000000000000000000, 0.8660254037844387076, 1.000000000000000000, 0.8660254037844387076, 1.000000000000000000, 0.8660254037844387076, 1.000000000000000000, 0.8660254037844387076, 1.000000000000000000, 0.8660254037844387076, 1.000000000000000000),
 ( 1.000000000000000000, 0.8660254037844387076, 1.000000000000000000, 0.8660254037844387076, 1.000000000000000000, 0.8660254037844387076, 1.000000000000000000, 0.8660254037844387076, 1.000000000000000000, 0.8660254037844387076, 1.000000000000000000, 0.8660254037844387076, 1.000000000000000000, 0.8660254037844387076, 1.000000000000000000, 0.8660254037844387076, 1.000000000000000000, 0.8660254037844387076, 1.000000000000000000, 0.8660254037844387076, 1.000000000000000000, 0.8660254037844387076, 1.000000000000000000, 0.8660254037844387076, 1.000000000000000000, 0.8660254037844387076, 1.000000000000000000, 0.8660254037844387076, 1.000000000000000000, 0.8660254037844387076, 1.000000000000000000, 0.8660254037844387076, 1.000000000000000000, 0.8660254037844387076, 1.000000000000000000, 0.8660254037844387076, 1.000000000000000000, 0.8660254037844387076, 1.000000000000000000, 0.8660254037844387076, 1.000000000000000000, 0.8660254037844387076, 1.000000000000000000, 0.8660254037844387076, 1.000000000000000000, 0.8660254037844387076, 1.000000000000000000, 0.8660254037844387076, 1.000000000000000000, 0.8660254037844387076, 1.000000000000000000, 0.8660254037844387076, 1.000000000000000000, 0.8660254037844387076, 1.000000000000000000, 0.8660254037844387076, 1.000000000000000000, 0.8660254037844387076, 1.000000000000000000, 0.8660254037844387076, 1.000000000000000000, 0.8660254037844387076, 1.000000000000000000, 0.8660254037844387076, 1.000000000000000000, 0.8660254037844387076, 1.000000000000000000, 0.8660254037844387076, 1.000000000000000000, 0.8660254037844387076, 1.000000000000000000, 0.8660254037844387076, 1.000000000000000000, 0.8660254037844387076, 1.000000000000000000, 0.8660254037844387076, 1.000000000000000000, 0.8660254037844387076, 1.000000000000000000, 0.8660254037844387076, 1.000000000000000000, 0.8660254037844387076, 1.000000000000000000, 0.8660254037844387076, 1.000000000000000000, 0.8660254037844387076, 1.000000000000000000, 0.8660254037844387076, 1.000000000000000000, 0.8660254037844387076, 1.000000000000000000, 0.8660254037844387076, 1.000000000000000000, 0.8660254037844387076, 1.000000000000000000, 0.8660254037844387076, 1.000000000000000000, 0.8660254037844387076, 1.000000000000000000, 0.8660254037844387076, 1.000000000000000000, 0.8660254037844387076, 1.000000000000000000, 0.8660254037844387076, 1.000000000000000000, 0.8660254037844387076, 1.000000000000000000, 0.8660254037844387076, 1.000000000000000000, 0.8660254037844387076, 1.000000000000000000, 0.8660254037844387076, 1.000000000000000000, 0.8660254037844387076, 1.000000000000000000, 0.8660254037844387076, 1.000000000000000000, 0.8660254037844387076, 1.000000000000000000, 0.8660254037844387076, 1.000000000000000000) ) ) 
 REPRESENTATION_ITEM ( '' )  SURFACE ( )  );
#251 = CYLINDRICAL_SURFACE ( 'NONE', #739, 1.999999999999998668 ) ;
#252 = CARTESIAN_POINT ( 'NONE',  ( 1.999999999999998668, -3.036338478388925376E-15, 7.656854249492376141 ) ) ;
#253 = CARTESIAN_POINT ( 'NONE',  ( -1.892491597964122291E-16, -1.545336663013164857, 4.299999999999982059 ) ) ;
#254 = ORIENTED_EDGE ( 'NONE', *, *, #182, .F. ) ;
#255 = CARTESIAN_POINT ( 'NONE',  ( 0.8922005383792486199, 1.545336663013161305, 2.579166666666654173 ) ) ;
#256 = EDGE_LOOP ( 'NONE', ( #448, #1836, #1017, #1818 ) ) ;
#257 = LINE ( 'NONE', #1377, #1460 ) ;
#258 = EDGE_CURVE ( 'NONE', #2169, #1869, #1509, .T. ) ;
#259 = CARTESIAN_POINT ( 'NONE',  ( 2.000000000000000000, 0.5358983848622430601, 0.6562607391169615889 ) ) ;
#260 = DIRECTION ( 'NONE',  ( 0.000000000000000000, 0.000000000000000000, -1.000000000000000000 ) ) ;
#261 = CARTESIAN_POINT ( 'NONE',  ( 0.8922005383792533939, 1.545336663013158196, -0.2208333333333394044 ) ) ;
#262 = CARTESIAN_POINT ( 'NONE',  ( 1.779336685575417132, -0.4479334469591107482, 1.481351112058249653 ) ) ;
#263 = CARTESIAN_POINT ( 'NONE',  ( 0.000000000000000000, 1.545336663013161749, 4.649999999999981704 ) ) ;
#264 = ORIENTED_EDGE ( 'NONE', *, *, #919, .F. ) ;
#265 = CARTESIAN_POINT ( 'NONE',  ( -0.8922005383792482869, -1.545336663013164635, 2.929166666666652930 ) ) ;
#266 = ORIENTED_EDGE ( 'NONE', *, *, #1554, .F. ) ;
#267 = CARTESIAN_POINT ( 'NONE',  ( 1.306282706852602837, -1.513857239647079522, -1.479604370625977161 ) ) ;
#268 = ADVANCED_FACE ( 'NONE', ( #2219 ), #420, .T. ) ;
#269 = CARTESIAN_POINT ( 'NONE',  ( 0.000000000000000000, -1.489823486360022018E-15, -1.929663336986837452 ) ) ;
#270 = CARTESIAN_POINT ( 'NONE',  ( 2.000000000000001332, -0.5358983848622440593, -0.8062607391169632765 ) ) ;
#271 = DIRECTION ( 'NONE',  ( -0.000000000000000000, -1.195042302620835759E-16, 1.000000000000000000 ) ) ;
#272 = CARTESIAN_POINT ( 'NONE',  ( -2.000000000000000000, -4.706279764102867609E-15, 0.3624999999999857225 ) ) ;
#273 = CARTESIAN_POINT ( 'NONE',  ( -1.892491597964122291E-16, -1.545336663013164857, 3.599999999999984102 ) ) ;
#274 = VERTEX_POINT ( 'NONE', #2062 ) ;
#275 = CARTESIAN_POINT ( 'NONE',  ( 1.338300807568871598, -0.7726683315065836499, 2.404166666666654351 ) ) ;
#276 = ORIENTED_EDGE ( 'NONE', *, *, #1192, .F. ) ;
#277 = CARTESIAN_POINT ( 'NONE',  ( 1.806354028742346788E-16, 1.474999999999999423, -2.000000000000000000 ) ) ;
#278 = FACE_OUTER_BOUND ( 'NONE', #1318, .T. ) ;
#279 = CARTESIAN_POINT ( 'NONE',  ( -1.463403549983218088, 1.190167527146632542, 1.531876074706953084 ) ) ;
#280 = CARTESIAN_POINT ( 'NONE',  ( -1.999999999999999112, -0.5358983848622482782, -0.3062392608830484253 ) ) ;
#281 = CONICAL_SURFACE ( 'NONE', #1338, 1.999999999999998668, 0.7853981633974500554 ) ;
#282 = CARTESIAN_POINT ( 'NONE',  ( 1.545336663013163303, -2.382190991706389344E-15, -0.3375000000000057399 ) ) ;
#283 = FACE_OUTER_BOUND ( 'NONE', #1127, .T. ) ;
#284 = ADVANCED_FACE ( 'NONE', ( #248 ), #969, .T. ) ;
#285 = AXIS2_PLACEMENT_3D ( 'NONE', #852, #1242, #1410 ) ;
#286 = CARTESIAN_POINT ( 'NONE',  ( -1.474937287439064493, -0.7744466320846202789, 1.312017574041855150 ) ) ;
#287 = CARTESIAN_POINT ( 'NONE',  ( 1.338300807568872486, 0.7726683315065792090, 2.433333333333319359 ) ) ;
#288 = AXIS2_PLACEMENT_3D ( 'NONE', #1695, #1884, #443 ) ;
#289 = CC_DESIGN_APPROVAL ( #718, ( #601 ) ) ;
#290 = CARTESIAN_POINT ( 'NONE',  ( 0.8922005383792486199, 1.545336663013161305, 1.879166666666655772 ) ) ;
#291 = EDGE_LOOP ( 'NONE', ( #778, #761, #1467, #1342 ) ) ;
#292 = CARTESIAN_POINT ( 'NONE',  ( 0.9849529911950588579, -1.723711265299280759, -1.493810442645826075 ) ) ;
#293 = CARTESIAN_POINT ( 'NONE',  ( 0.000000000000000000, -5.019177671007510732E-16, 4.200000000000000178 ) ) ;
#294 = CARTESIAN_POINT ( 'NONE',  ( -2.000000000000000000, -4.706279764102867609E-15, -0.3375000000000125677 ) ) ;
#295 = CC_DESIGN_DATE_AND_TIME_ASSIGNMENT ( #2195, #731, ( #601 ) ) ;
#296 = CARTESIAN_POINT ( 'NONE',  ( 1.154700538379250796, -2.000000000000001776, -0.1916666666666672902 ) ) ;
#297 = CARTESIAN_POINT ( 'NONE',  ( -2.449293598294706414E-16, -2.000000000000001332, 0.4499999999999978462 ) ) ;
#298 = CARTESIAN_POINT ( 'NONE',  ( 1.396658221222192520, -1.143755661233036180, 1.451656493740797860 ) ) ;
#299 = EDGE_CURVE ( 'NONE', #476, #985, #979, .T. ) ;
#300 = CARTESIAN_POINT ( 'NONE',  ( -1.176575538379249108, 2.037888611415564100, 0.9239583333333192261 ) ) ;
#301 = CARTESIAN_POINT ( 'NONE',  ( 0.000000000000000000, 1.545336663013161749, 4.037499999999983658 ) ) ;
#302 = ORIENTED_EDGE ( 'NONE', *, *, #44, .T. ) ;
#303 = CARTESIAN_POINT ( 'NONE',  ( -0.4233091716100186863, 1.936417306418112938, 1.624845715191605366 ) ) ;
#304 = VERTEX_POINT ( 'NONE', #125 ) ;
#305 = CARTESIAN_POINT ( 'NONE',  ( -0.3228935585235933603, 1.545336663013162415, 1.171111237631339952 ) ) ;
#306 = CARTESIAN_POINT ( 'NONE',  ( -1.450454332535147106, -1.205001176045741529, -1.593134555980215472 ) ) ;
#307 = DIRECTION ( 'NONE',  ( -0.000000000000000000, -1.195042302620835759E-16, 1.000000000000000000 ) ) ;
#308 = CARTESIAN_POINT ( 'NONE',  ( 2.000000000000000000, -5.694017492371369363E-15, -0.6875000000000122125 ) ) ;
#309 = CARTESIAN_POINT ( 'NONE',  ( -1.176575538379249997, -2.037888611415566320, -1.642708333333341431 ) ) ;
#310 =( BOUNDED_CURVE ( )  B_SPLINE_CURVE ( 2, ( #177, #901, #1026, #1984, #1209 ),
 .UNSPECIFIED., .F., .F. ) 
 B_SPLINE_CURVE_WITH_KNOTS ( ( 3, 2, 3 ),
 ( 0.1622836050446789524, 0.1666666666666666574, 0.1749999999999999889 ),
 .UNSPECIFIED. ) 
 CURVE ( )  GEOMETRIC_REPRESENTATION_ITEM ( )  RATIONAL_B_SPLINE_CURVE ( ( 0.9480652107226235081, 0.9647668653403764782, 1.000000000000000000, 0.9330127018922194093, 0.9330127018922194093 ) ) 
 REPRESENTATION_ITEM ( '' )  );
#311 = CARTESIAN_POINT ( 'NONE',  ( 0.8922005383792461775, -1.545336663013165523, -1.154166666666670560 ) ) ;
#312 = ORIENTED_EDGE ( 'NONE', *, *, #605, .F. ) ;
#313 = CARTESIAN_POINT ( 'NONE',  ( 0.000000000000000000, -2.222344185212348905E-15, 4.200000000000000178 ) ) ;
#314 = CARTESIAN_POINT ( 'NONE',  ( 2.353151076758499105, -1.843084381160375702E-15, -0.05312500000000260070 ) ) ;
#315 = ORIENTED_EDGE ( 'NONE', *, *, #617, .T. ) ;
#316 = CARTESIAN_POINT ( 'NONE',  ( -1.391376710917990867, 1.126585387858985099, -1.688798445624353217 ) ) ;
#317 = DIRECTION ( 'NONE',  ( 1.000000000000000000, 0.000000000000000000, 0.000000000000000000 ) ) ;
#318 = AXIS2_PLACEMENT_3D ( 'NONE', #1872, #592, #1313 ) ;
#319 = CARTESIAN_POINT ( 'NONE',  ( -1.732050807568877415, -1.000000000000001110, -0.9791666666666780650 ) ) ;
#320 = CARTESIAN_POINT ( 'NONE',  ( -1.176575538379249108, 2.037888611415564100, -1.176041666666675756 ) ) ;
#321 = ORIENTED_EDGE ( 'NONE', *, *, #602, .F. ) ;
#322 = CARTESIAN_POINT ( 'NONE',  ( -2.000000000000000000, -4.706279764102867609E-15, 0.3624999999999857225 ) ) ;
#323 = VECTOR ( 'NONE', #837, 1000.000000000000000 ) ;
#324 =( BOUNDED_SURFACE ( )  B_SPLINE_SURFACE ( 1, 2, ( 
 ( #2211, #1664, #1303, #8, #1496, #1269, #371, #1317, #551, #2190, #1674, #2017, #1475, #202, #40, #405, #191, #1638, #390, #1866, #775, #230, #727, #2201, #596, #1628, #1997, #1112, #935, #2032, #585, #1652, #1465, #1848, #1833, #1452, #1098, #1126, #217, #575, #913, #2176, #1089, #19, #414, #1279, #2225, #1291, #737, #1821, #564, #2006, #765, #2043, #1857, #241, #1137, #949, #379, #923, #30, #753, #1720, #1539, #1698, #642, #1360, #2271, #473, #2068, #75, #96, #1519, #1194, #2093, #1735, #1926, #447, #107, #982, #461, #86, #287, #1349, #992, #1005, #821, #2237, #787, #1508, #1181, #609, #1327, #830, #632, #1550, #1530, #961, #1147, #1899, #2281, #1160, #273, #425, #64, #2246, #798, #1913, #1373, #2103, #653, #1685, #2056, #1877, #253, #972, #437, #2080, #1888, #619, #263 ),
 ( #1337, #1709, #808, #2259, #1169, #1787, #144, #853, #700, #1398, #1795, #1387, #1577, #2153, #524, #509, #1935, #309, #678, #691, #1040, #1562, #2309, #878, #1232, #320, #2128, #1591, #1065, #495, #1775, #866, #2322, #1615, #1243, #536, #1971, #1411, #2140, #1014, #167, #1217, #1961, #345, #1425, #1024, #335, #714, #891, #1055, #2349, #1947, #118, #157, #1602, #2334, #1755, #1438, #2164, #1253, #129, #300, #840, #1744, #2293, #665, #2117, #483, #1206, #1992, #2172, #1471, #1122, #2003, #1480, #1095, #1298, #27, #2014, #2027, #1107, #902, #1807, #178, #214, #1625, #5, #1854, #1646, #225, #198, #1981, #546, #572, #401, #2186, #1286, #1449, #1074, #910, #1084, #760, #47, #772, #2207, #945, #1671, #1263, #366, #387, #1461, #748, #560, #582, #1276, #1817, #1492, #920, #724, #1843, #2221 ) ),
 .UNSPECIFIED., .F., .F., .F. ) 
 B_SPLINE_SURFACE_WITH_KNOTS ( ( 2, 2 ),
 ( 3, 2, 2, 2, 2, 2, 2, 2, 2, 2, 2, 2, 2, 2, 2, 2, 2, 2, 2, 2, 2, 2, 2, 2, 2, 2, 2, 2, 2, 2, 2, 2, 2, 2, 2, 2, 2, 2, 2, 2, 2, 2, 2, 2, 2, 2, 2, 2, 2, 2, 2, 2, 2, 2, 2, 2, 2, 2, 2, 2, 3 ),
 ( 0.000000000000000000, 1.000000000000000000 ),
 ( 0.000000000000000000, 0.01666666666666666644, 0.03333333333333333287, 0.05000000000000000278, 0.06666666666666666574, 0.08333333333333332871, 0.1000000000000000056, 0.1166666666666666685, 0.1333333333333333315, 0.1499999999999999944, 0.1666666666666666574, 0.1833333333333333204, 0.2000000000000000111, 0.2166666666666666741, 0.2333333333333333370, 0.2500000000000000000, 0.2666666666666666630, 0.2833333333333333259, 0.2999999999999999889, 0.3166666666666666519, 0.3333333333333333148, 0.3499999999999999778, 0.3666666666666666408, 0.3833333333333333592, 0.4000000000000000222, 0.4166666666666666852, 0.4333333333333333481, 0.4500000000000000111, 0.4666666666666666741, 0.4833333333333333370, 0.5000000000000000000, 0.5166666666666667185, 0.5333333333333333259, 0.5500000000000000444, 0.5666666666666666519, 0.5833333333333333703, 0.5999999999999999778, 0.6166666666666666963, 0.6333333333333333037, 0.6500000000000000222, 0.6666666666666666297, 0.6833333333333333481, 0.6999999999999999556, 0.7166666666666666741, 0.7333333333333332815, 0.7500000000000000000, 0.7666666666666667185, 0.7833333333333333259, 0.8000000000000000444, 0.8166666666666666519, 0.8333333333333333703, 0.8499999999999999778, 0.8666666666666666963, 0.8833333333333333037, 0.9000000000000000222, 0.9166666666666666297, 0.9333333333333333481, 0.9499999999999999556, 0.9666666666666666741, 0.9833333333333332815, 1.000000000000000000 ),
 .UNSPECIFIED. ) 
 GEOMETRIC_REPRESENTATION_ITEM ( )  RATIONAL_B_SPLINE_SURFACE ( (
 ( 1.000000000000000000, 0.8660254037844387076, 1.000000000000000000, 0.8660254037844387076, 1.000000000000000000, 0.8660254037844387076, 1.000000000000000000, 0.8660254037844387076, 1.000000000000000000, 0.8660254037844387076, 1.000000000000000000, 0.8660254037844387076, 1.000000000000000000, 0.8660254037844387076, 1.000000000000000000, 0.8660254037844387076, 1.000000000000000000, 0.8660254037844387076, 1.000000000000000000, 0.8660254037844387076, 1.000000000000000000, 0.8660254037844387076, 1.000000000000000000, 0.8660254037844387076, 1.000000000000000000, 0.8660254037844387076, 1.000000000000000000, 0.8660254037844387076, 1.000000000000000000, 0.8660254037844387076, 1.000000000000000000, 0.8660254037844387076, 1.000000000000000000, 0.8660254037844387076, 1.000000000000000000, 0.8660254037844387076, 1.000000000000000000, 0.8660254037844387076, 1.000000000000000000, 0.8660254037844387076, 1.000000000000000000, 0.8660254037844387076, 1.000000000000000000, 0.8660254037844387076, 1.000000000000000000, 0.8660254037844387076, 1.000000000000000000, 0.8660254037844387076, 1.000000000000000000, 0.8660254037844387076, 1.000000000000000000, 0.8660254037844387076, 1.000000000000000000, 0.8660254037844387076, 1.000000000000000000, 0.8660254037844387076, 1.000000000000000000, 0.8660254037844387076, 1.000000000000000000, 0.8660254037844387076, 1.000000000000000000, 0.8660254037844387076, 1.000000000000000000, 0.8660254037844387076, 1.000000000000000000, 0.8660254037844387076, 1.000000000000000000, 0.8660254037844387076, 1.000000000000000000, 0.8660254037844387076, 1.000000000000000000, 0.8660254037844387076, 1.000000000000000000, 0.8660254037844387076, 1.000000000000000000, 0.8660254037844387076, 1.000000000000000000, 0.8660254037844387076, 1.000000000000000000, 0.8660254037844387076, 1.000000000000000000, 0.8660254037844387076, 1.000000000000000000, 0.8660254037844387076, 1.000000000000000000, 0.8660254037844387076, 1.000000000000000000, 0.8660254037844387076, 1.000000000000000000, 0.8660254037844387076, 1.000000000000000000, 0.8660254037844387076, 1.000000000000000000, 0.8660254037844387076, 1.000000000000000000, 0.8660254037844387076, 1.000000000000000000, 0.8660254037844387076, 1.000000000000000000, 0.8660254037844387076, 1.000000000000000000, 0.8660254037844387076, 1.000000000000000000, 0.8660254037844387076, 1.000000000000000000, 0.8660254037844387076, 1.000000000000000000, 0.8660254037844387076, 1.000000000000000000, 0.8660254037844387076, 1.000000000000000000, 0.8660254037844387076, 1.000000000000000000, 0.8660254037844387076, 1.000000000000000000, 0.8660254037844387076, 1.000000000000000000, 0.8660254037844387076, 1.000000000000000000, 0.8660254037844387076, 1.000000000000000000),
 ( 1.000000000000000000, 0.8660254037844387076, 1.000000000000000000, 0.8660254037844387076, 1.000000000000000000, 0.8660254037844387076, 1.000000000000000000, 0.8660254037844387076, 1.000000000000000000, 0.8660254037844387076, 1.000000000000000000, 0.8660254037844387076, 1.000000000000000000, 0.8660254037844387076, 1.000000000000000000, 0.8660254037844387076, 1.000000000000000000, 0.8660254037844387076, 1.000000000000000000, 0.8660254037844387076, 1.000000000000000000, 0.8660254037844387076, 1.000000000000000000, 0.8660254037844387076, 1.000000000000000000, 0.8660254037844387076, 1.000000000000000000, 0.8660254037844387076, 1.000000000000000000, 0.8660254037844387076, 1.000000000000000000, 0.8660254037844387076, 1.000000000000000000, 0.8660254037844387076, 1.000000000000000000, 0.8660254037844387076, 1.000000000000000000, 0.8660254037844387076, 1.000000000000000000, 0.8660254037844387076, 1.000000000000000000, 0.8660254037844387076, 1.000000000000000000, 0.8660254037844387076, 1.000000000000000000, 0.8660254037844387076, 1.000000000000000000, 0.8660254037844387076, 1.000000000000000000, 0.8660254037844387076, 1.000000000000000000, 0.8660254037844387076, 1.000000000000000000, 0.8660254037844387076, 1.000000000000000000, 0.8660254037844387076, 1.000000000000000000, 0.8660254037844387076, 1.000000000000000000, 0.8660254037844387076, 1.000000000000000000, 0.8660254037844387076, 1.000000000000000000, 0.8660254037844387076, 1.000000000000000000, 0.8660254037844387076, 1.000000000000000000, 0.8660254037844387076, 1.000000000000000000, 0.8660254037844387076, 1.000000000000000000, 0.8660254037844387076, 1.000000000000000000, 0.8660254037844387076, 1.000000000000000000, 0.8660254037844387076, 1.000000000000000000, 0.8660254037844387076, 1.000000000000000000, 0.8660254037844387076, 1.000000000000000000, 0.8660254037844387076, 1.000000000000000000, 0.8660254037844387076, 1.000000000000000000, 0.8660254037844387076, 1.000000000000000000, 0.8660254037844387076, 1.000000000000000000, 0.8660254037844387076, 1.000000000000000000, 0.8660254037844387076, 1.000000000000000000, 0.8660254037844387076, 1.000000000000000000, 0.8660254037844387076, 1.000000000000000000, 0.8660254037844387076, 1.000000000000000000, 0.8660254037844387076, 1.000000000000000000, 0.8660254037844387076, 1.000000000000000000, 0.8660254037844387076, 1.000000000000000000, 0.8660254037844387076, 1.000000000000000000, 0.8660254037844387076, 1.000000000000000000, 0.8660254037844387076, 1.000000000000000000, 0.8660254037844387076, 1.000000000000000000, 0.8660254037844387076, 1.000000000000000000, 0.8660254037844387076, 1.000000000000000000, 0.8660254037844387076, 1.000000000000000000, 0.8660254037844387076, 1.000000000000000000) ) ) 
 REPRESENTATION_ITEM ( '' )  SURFACE ( )  );
#325 = LINE ( 'NONE', #1414, #1000 ) ;
#326 = CARTESIAN_POINT ( 'NONE',  ( -2.353151076758499105, -1.266728594347886982E-15, -0.4031250000000017319 ) ) ;
#327 = CARTESIAN_POINT ( 'NONE',  ( 2.353151076758499105, -1.843084381160375702E-15, 0.6468749999999955369 ) ) ;
#328 = ORIENTED_EDGE ( 'NONE', *, *, #2337, .F. ) ;
#329 = EDGE_CURVE ( 'NONE', #1375, #1477, #2048, .T. ) ;
#330 = DIRECTION ( 'NONE',  ( 0.000000000000000000, -1.000000000000000000, -1.141265444721584497E-16 ) ) ;
#331 = CARTESIAN_POINT ( 'NONE',  ( 1.338300807568872486, 0.7726683315065792090, -1.766666666666670382 ) ) ;
#332 = CARTESIAN_POINT ( 'NONE',  ( -0.1196048028963666576, 1.727083495285738346, -1.747916504714243757 ) ) ;
#333 = CARTESIAN_POINT ( 'NONE',  ( -0.8922005383792536160, -1.545336663013161083, 0.1291666666666593799 ) ) ;
#334 = CARTESIAN_POINT ( 'NONE',  ( 1.545336663013163081, -2.672702088255949078E-15, -1.037500000000004086 ) ) ;
#335 = CARTESIAN_POINT ( 'NONE',  ( 1.764863307568875106, 1.018944305707780051, 0.04895833333332143267 ) ) ;
#336 = CARTESIAN_POINT ( 'NONE',  ( 1.338300807568872486, 0.7726683315065787649, -0.9791666666666711816 ) ) ;
#337 = CARTESIAN_POINT ( 'NONE',  ( -0.8922005383792455113, 1.545336663013163081, 0.5083333333333241999 ) ) ;
#338 = DIRECTION ( 'NONE',  ( 1.000000000000000000, 0.000000000000000000, 0.000000000000000000 ) ) ;
#339 = CARTESIAN_POINT ( 'NONE',  ( -2.495693764988917238E-16, -2.037888611415567208, 1.171874999999994449 ) ) ;
#340 = ORIENTED_EDGE ( 'NONE', *, *, #749, .F. ) ;
#341 = CARTESIAN_POINT ( 'NONE',  ( 0.8922005383792505073, 1.545336663013160194, -1.008333333333338633 ) ) ;
#342 = DIRECTION ( 'NONE',  ( 0.000000000000000000, 1.195042302620835759E-16, -1.000000000000000000 ) ) ;
#343 = CARTESIAN_POINT ( 'NONE',  ( -1.643257616490212403, -0.8987362204051045911, -1.605844875909652636 ) ) ;
#344 = PLANE ( 'NONE',  #1228 ) ;
#345 = CARTESIAN_POINT ( 'NONE',  ( 1.176575538379248664, -2.037888611415567208, -0.1260416666666779317 ) ) ;
#346 = DIRECTION ( 'NONE',  ( 0.000000000000000000, 0.000000000000000000, -1.000000000000000000 ) ) ;
#347 = CARTESIAN_POINT ( 'NONE',  ( -1.152335806484988234, -0.7780742849031131447, 4.143613551583921861 ) ) ;
#348 = FACE_OUTER_BOUND ( 'NONE', #1174, .T. ) ;
#349 = CARTESIAN_POINT ( 'NONE',  ( -2.353151076758499105, -1.266728594347886982E-15, 0.9968749999999951816 ) ) ;
#350 = ORIENTED_EDGE ( 'NONE', *, *, #51, .T. ) ;
#351 = CARTESIAN_POINT ( 'NONE',  ( 0.000000000000000000, -5.019177671007510732E-16, 4.200000000000000178 ) ) ;
#352 = CARTESIAN_POINT ( 'NONE',  ( 1.249999999999999334, 0.7216878364870317197, 4.200000000000000178 ) ) ;
#353 = CARTESIAN_POINT ( 'NONE',  ( 2.000000000000000000, -5.694017492371369363E-15, 1.324999999999995737 ) ) ;
#354 = EDGE_CURVE ( 'NONE', #1161, #2223, #10, .T. ) ;
#355 = APPLICATION_CONTEXT ( 'configuration controlled 3d designs of mechanical parts and assemblies' ) ;
#356 = CARTESIAN_POINT ( 'NONE',  ( -0.8922005383792460664, 1.545336663013162415, -0.8041666666666715813 ) ) ;
#357 = VECTOR ( 'NONE', #1943, 1000.000000000000000 ) ;
#358 = DIRECTION ( 'NONE',  ( -1.000000000000000000, 0.000000000000000000, 0.000000000000000000 ) ) ;
#359 = CARTESIAN_POINT ( 'NONE',  ( 1.443375672974063884, -5.019177671007510732E-16, 4.200000000000000178 ) ) ;
#360 = AXIS2_PLACEMENT_3D ( 'NONE', #580, #222, #1669 ) ;
#361 = CARTESIAN_POINT ( 'NONE',  ( 1.764863307568874218, -1.018944305707785380, 2.688541666666657726 ) ) ;
#362 = ORIENTED_EDGE ( 'NONE', *, *, #1028, .T. ) ;
#363 = APPROVAL_STATUS ( 'not_yet_approved' ) ;
#364 = AXIS2_PLACEMENT_3D ( 'NONE', #1356, #782, #1368 ) ;
#365 = CARTESIAN_POINT ( 'NONE',  ( -1.338300807568872486, -0.7726683315065818736, -1.416666666666671182 ) ) ;
#366 = CARTESIAN_POINT ( 'NONE',  ( 0.000000000000000000, 2.037888611415564100, 3.665624999999979483 ) ) ;
#367 = VERTEX_POINT ( 'NONE', #2288 ) ;
#368 = DIRECTION ( 'NONE',  ( 0.000000000000000000, 0.000000000000000000, -1.000000000000000000 ) ) ;
#369 = EDGE_CURVE ( 'NONE', #205, #151, #570, .T. ) ;
#370 = CARTESIAN_POINT ( 'NONE',  ( 1.249999999999999334, 0.7216878364870311646, 2.660000000000000142 ) ) ;
#371 = CARTESIAN_POINT ( 'NONE',  ( -1.892491597964122291E-16, -1.545336663013164857, -2.000000000000003109 ) ) ;
#372 = CARTESIAN_POINT ( 'NONE',  ( 0.8922005383792486199, 1.545336663013161305, -0.9208333333333380555 ) ) ;
#373 = ORIENTED_EDGE ( 'NONE', *, *, #1295, .T. ) ;
#374 = CARTESIAN_POINT ( 'NONE',  ( -1.338300807568872708, -0.7726683315065815405, -0.6291666666666719809 ) ) ;
#375 = CARTESIAN_POINT ( 'NONE',  ( 0.4090586785750389143, 1.207205534784411949, 4.006091094028866095 ) ) ;
#376 = CARTESIAN_POINT ( 'NONE',  ( -1.250000000000000222, 0.7216878364870308316, 4.200000000000000178 ) ) ;
#377 = CARTESIAN_POINT ( 'NONE',  ( -1.999999999999999556, -1.220146605508150803E-15, 1.062499999999983791 ) ) ;
#378 = CARTESIAN_POINT ( 'NONE',  ( -1.338300807568872708, -0.7726683315065815405, -0.7166666666666727803 ) ) ;
#379 = CARTESIAN_POINT ( 'NONE',  ( 1.338300807568872486, 0.7726683315065792090, 1.033333333333323223 ) ) ;
#380 = CARTESIAN_POINT ( 'NONE',  ( -1.338300807568871820, -0.7726683315065827617, -1.329166666666670382 ) ) ;
#381 = ORIENTED_EDGE ( 'NONE', *, *, #1810, .F. ) ;
#382 = LINE ( 'NONE', #1678, #2105 ) ;
#383 = PERSON_AND_ORGANIZATION ( #936, #213 ) ;
#384 = ADVANCED_FACE ( 'NONE', ( #639 ), #1167, .F. ) ;
#385 = CARTESIAN_POINT ( 'NONE',  ( 2.000000000000000000, -5.694017492371369363E-15, -0.07500000000000106581 ) ) ;
#386 = CARTESIAN_POINT ( 'NONE',  ( 1.154700538379252350, 1.999999999999997335, 1.529166666666649688 ) ) ;
#387 = CARTESIAN_POINT ( 'NONE',  ( -1.176575538379249108, 2.037888611415564100, 3.723958333333312609 ) ) ;
#388 = CARTESIAN_POINT ( 'NONE',  ( 1.154700538379252350, 1.999999999999997335, 0.8291666666666510643 ) ) ;
#389 = CARTESIAN_POINT ( 'NONE',  ( 1.401258538444200008, -1.427050983124719341, -1.474999999999999645 ) ) ;
#390 = CARTESIAN_POINT ( 'NONE',  ( -1.892491597964122291E-16, -1.545336663013164857, -1.300000000000004707 ) ) ;
#391 = CARTESIAN_POINT ( 'NONE',  ( -0.8922005383792482869, -1.545336663013164635, -0.5708333333333387438 ) ) ;
#392 = AXIS2_PLACEMENT_3D ( 'NONE', #1400, #1067, #496 ) ;
#393 = EDGE_LOOP ( 'NONE', ( #741, #2261, #2148, #2274 ) ) ;
#394 = DIRECTION ( 'NONE',  ( 0.000000000000000000, 0.000000000000000000, -1.000000000000000000 ) ) ;
#395 = VECTOR ( 'NONE', #912, 1000.000000000000000 ) ;
#396 = CARTESIAN_POINT ( 'NONE',  ( -1.732050807568877193, 0.9999999999999986677, 0.2166666666666650920 ) ) ;
#397 = EDGE_CURVE ( 'NONE', #2343, #367, #708, .T. ) ;
#398 = VECTOR ( 'NONE', #1547, 1000.000000000000000 ) ;
#399 = CARTESIAN_POINT ( 'NONE',  ( -1.053519143052614293, 0.8351261121362120177, 4.086561724350103120 ) ) ;
#400 =( GEOMETRIC_REPRESENTATION_CONTEXT ( 3 ) GLOBAL_UNCERTAINTY_ASSIGNED_CONTEXT ( ( #2034 ) ) GLOBAL_UNIT_ASSIGNED_CONTEXT ( ( #1249, #520, #1060 ) ) REPRESENTATION_CONTEXT ( 'NONE', 'WORKASPACE' ) );
#401 = CARTESIAN_POINT ( 'NONE',  ( 1.764863307568875106, 1.018944305707780051, 2.848958333333315274 ) ) ;
#402 = ORIENTED_EDGE ( 'NONE', *, *, #122, .T. ) ;
#403 = CARTESIAN_POINT ( 'NONE',  ( 3.784983195928244581E-16, 1.545336663013161749, -1.562500000000003109 ) ) ;
#404 = CARTESIAN_POINT ( 'NONE',  ( -1.249999999999999334, -0.2508958893827526460, 4.026301622629937071 ) ) ;
#405 = CARTESIAN_POINT ( 'NONE',  ( -1.784401076758495464, -1.301554487698640105E-15, -1.475000000000004086 ) ) ;
#406 = ORIENTED_EDGE ( 'NONE', *, *, #424, .T. ) ;
#407 = CARTESIAN_POINT ( 'NONE',  ( 1.338300807568872486, 0.7726683315065792090, -0.2791666666666727803 ) ) ;
#408 = ORIENTED_EDGE ( 'NONE', *, *, #2160, .T. ) ;
#409 = LINE ( 'NONE', #245, #1645 ) ;
#410 = CARTESIAN_POINT ( 'NONE',  ( 1.610798066643079229, -0.1212885339358812931, -1.868856065493192053 ) ) ;
#411 = CARTESIAN_POINT ( 'NONE',  ( 0.000000000000000000, -3.281267838218396067E-15, 7.656854249492376141 ) ) ;
#412 = EDGE_LOOP ( 'NONE', ( #1814, #812, #2020, #720 ) ) ;
#413 = CARTESIAN_POINT ( 'NONE',  ( -2.000000000000000000, -4.706279764102867609E-15, -1.037500000000010969 ) ) ;
#414 = CARTESIAN_POINT ( 'NONE',  ( 1.338300807568871598, -0.7726683315065836499, 0.2166666666666584029 ) ) ;
#415 = ORIENTED_EDGE ( 'NONE', *, *, #2212, .F. ) ;
#416 = CARTESIAN_POINT ( 'NONE',  ( 1.176575538379248664, -2.037888611415567652, 4.730208333333320248 ) ) ;
#417 = ORIENTED_EDGE ( 'NONE', *, *, #1704, .F. ) ;
#418 = LINE ( 'NONE', #1309, #552 ) ;
#419 = CARTESIAN_POINT ( 'NONE',  ( -1.953542047311074281, 0.4285714285713120297, 1.650000000000001465 ) ) ;
#420 = CYLINDRICAL_SURFACE ( 'NONE', #318, 1.545336663013163303 ) ;
#421 = CARTESIAN_POINT ( 'NONE',  ( 1.732050807568876971, -1.000000000000002442, 0.6541666666666514640 ) ) ;
#422 = ORIENTED_EDGE ( 'NONE', *, *, #2037, .F. ) ;
#423 = CARTESIAN_POINT ( 'NONE',  ( -0.2506926357690542617, -1.524866749727276316, -1.929663336986837674 ) ) ;
#424 = EDGE_CURVE ( 'NONE', #1747, #87, #1106, .T. ) ;
#425 = CARTESIAN_POINT ( 'NONE',  ( 0.8922005383792472877, -1.545336663013165079, 3.658333333333317228 ) ) ;
#426 = ORIENTED_EDGE ( 'NONE', *, *, #544, .T. ) ;
#427 = CARTESIAN_POINT ( 'NONE',  ( -1.338300807568871820, -0.7726683315065827617, 2.170833333333321402 ) ) ;
#428 = VERTEX_POINT ( 'NONE', #1573 ) ;
#429 = CARTESIAN_POINT ( 'NONE',  ( 0.6016902064633397051, 1.875026458465337997, 1.589365268935204689 ) ) ;
#430 = VECTOR ( 'NONE', #1616, 1000.000000000000000 ) ;
#431 = CARTESIAN_POINT ( 'NONE',  ( 1.999999999999997335, -0.5358983848622507207, 1.381239260883018183 ) ) ;
#432 = AXIS2_PLACEMENT_3D ( 'NONE', #600, #1294, #779 ) ;
#433 = CARTESIAN_POINT ( 'NONE',  ( 0.000000000000000000, -3.281267838218396067E-15, 7.656854249492376141 ) ) ;
#434 = CIRCLE ( 'NONE', #288, 1.443375672974063884 ) ;
#435 = CARTESIAN_POINT ( 'NONE',  ( 0.000000000000000000, -3.281267838218396067E-15, 7.656854249492376141 ) ) ;
#436 = CARTESIAN_POINT ( 'NONE',  ( 1.743398973544425079, -0.5576438615740361149, 1.476864023952875193 ) ) ;
#437 = CARTESIAN_POINT ( 'NONE',  ( 1.338300807568871598, -0.7726683315065836499, 4.416666666666648311 ) ) ;
#438 = EDGE_LOOP ( 'NONE', ( #2154, #478, #555, #633 ) ) ;
#439 = EDGE_CURVE ( 'NONE', #1299, #1, #204, .T. ) ;
#440 = CARTESIAN_POINT ( 'NONE',  ( 0.000000000000000000, 1.545336663013161749, 2.637499999999986855 ) ) ;
#441 = ORIENTED_EDGE ( 'NONE', *, *, #1894, .F. ) ;
#442 = CARTESIAN_POINT ( 'NONE',  ( 0.000000000000000000, 2.037888611415564544, -1.978124999999998135 ) ) ;
#443 = DIRECTION ( 'NONE',  ( 1.000000000000000000, 0.000000000000000000, 0.000000000000000000 ) ) ;
#444 = CARTESIAN_POINT ( 'NONE',  ( -1.989544419353741692E-14, 1.999999999999995337, 4.200000000000000178 ) ) ;
#445 = CARTESIAN_POINT ( 'NONE',  ( 1.154700538379250796, -2.000000000000001776, 1.208333333333329485 ) ) ;
#446 = CARTESIAN_POINT ( 'NONE',  ( 2.000000000000000444, 0.5358983848622430601, 0.04376073911695041452 ) ) ;
#447 = CARTESIAN_POINT ( 'NONE',  ( -0.8922005383792482869, -1.545336663013164635, 2.141666666666653729 ) ) ;
#448 = ORIENTED_EDGE ( 'NONE', *, *, #676, .T. ) ;
#449 = CARTESIAN_POINT ( 'NONE',  ( -1.784401076758495464, -1.301554487698640105E-15, 2.112499999999988720 ) ) ;
#450 = ORIENTED_EDGE ( 'NONE', *, *, #397, .T. ) ;
#451 = CARTESIAN_POINT ( 'NONE',  ( 1.249999999999999334, -0.7216878364870328300, 4.200000000000000178 ) ) ;
#452 = VERTEX_POINT ( 'NONE', #444 ) ;
#453 = ADVANCED_FACE ( 'NONE', ( #2267 ), #2089, .T. ) ;
#454 = DIRECTION ( 'NONE',  ( -0.000000000000000000, -0.000000000000000000, 1.000000000000000000 ) ) ;
#455 = CARTESIAN_POINT ( 'NONE',  ( -1.338300807568874040, -0.7726683315065786539, -0.01666666666667437208 ) ) ;
#456 = DIRECTION ( 'NONE',  ( -1.000000000000000000, 0.000000000000000000, 0.000000000000000000 ) ) ;
#457 = DIRECTION ( 'NONE',  ( 1.000000000000000000, 0.000000000000000000, 0.000000000000000000 ) ) ;
#458 =( BOUNDED_CURVE ( )  B_SPLINE_CURVE ( 2, ( #1636, #2015, #735, #388, #1831, #1650, #1124, #1856, #377 ),
 .UNSPECIFIED., .F., .F. ) 
 B_SPLINE_CURVE_WITH_KNOTS ( ( 3, 2, 2, 2, 3 ),
 ( 0.4749999999999999778, 0.4833333333333333370, 0.5000000000000000000, 0.5166666666666667185, 0.5250000000000000222 ),
 .UNSPECIFIED. ) 
 CURVE ( )  GEOMETRIC_REPRESENTATION_ITEM ( )  RATIONAL_B_SPLINE_CURVE ( ( 0.9330127018922194093, 0.9330127018922191873, 1.000000000000000000, 0.8660254037844388186, 1.000000000000000000, 0.8660254037844388186, 1.000000000000000000, 0.9330127018922194093, 0.9330127018922194093 ) ) 
 REPRESENTATION_ITEM ( '' )  );
#459 = B_SPLINE_CURVE_WITH_KNOTS ( 'NONE', 3,
 ( #2173, #1267, #1086, #1819, #35, #2038, #410, #1131, #1491, #955, #931, #804, #759, #1885 ),
 .UNSPECIFIED., .F., .F.,
 ( 4, 2, 2, 2, 2, 2, 4 ),
 ( 3.583451380759851461E-16, 0.0005123994669311921412, 0.001024798933862025845, 0.001537198400792859224, 0.002049597867723692169, 0.003074396801585358927, 0.004099195735447026118 ),
 .UNSPECIFIED. ) ;
#460 = FACE_OUTER_BOUND ( 'NONE', #1722, .T. ) ;
#461 = CARTESIAN_POINT ( 'NONE',  ( 1.338300807568871598, -0.7726683315065836499, 2.316666666666653551 ) ) ;
#462 = CARTESIAN_POINT ( 'NONE',  ( -0.8922005383792482869, -1.545336663013164635, 1.529166666666656127 ) ) ;
#463 = ORIENTED_EDGE ( 'NONE', *, *, #1399, .T. ) ;
#464 = CARTESIAN_POINT ( 'NONE',  ( 0.1284965879971269320, -1.948760014029430776, -1.526239985970569535 ) ) ;
#465 = APPROVAL ( #363, 'UNSPECIFIED' ) ;
#466 = CARTESIAN_POINT ( 'NONE',  ( -1.153287023623118523, 1.422459198231063482, 1.476755623595869427 ) ) ;
#467 = CARTESIAN_POINT ( 'NONE',  ( 1.732050807568876971, -1.000000000000002442, -0.04583333333334693033 ) ) ;
#468 = EDGE_CURVE ( 'NONE', #985, #48, #1034, .T. ) ;
#469 = VECTOR ( 'NONE', #346, 1000.000000000000000 ) ;
#470 = CARTESIAN_POINT ( 'NONE',  ( 1.249999999999999112, 0.4925713333550539863, 4.095163952953398301 ) ) ;
#471 = LINE ( 'NONE', #1924, #127 ) ;
#472 = CARTESIAN_POINT ( 'NONE',  ( 0.9613326456587842905, -1.513535601888994053, 1.428668199354621526 ) ) ;
#473 = CARTESIAN_POINT ( 'NONE',  ( 1.338300807568871598, -0.7726683315065836499, 1.616666666666655150 ) ) ;
#474 = AXIS2_PLACEMENT_3D ( 'NONE', #124, #531, #2123 ) ;
#475 = CARTESIAN_POINT ( 'NONE',  ( 1.338300807568872486, 0.7726683315065792090, 3.220833333333319448 ) ) ;
#476 = VERTEX_POINT ( 'NONE', #1908 ) ;
#477 = CARTESIAN_POINT ( 'NONE',  ( -1.545336663013163303, -1.221568381254596834E-15, -2.000000000000000444 ) ) ;
#478 = ORIENTED_EDGE ( 'NONE', *, *, #894, .T. ) ;
#479 = CARTESIAN_POINT ( 'NONE',  ( -0.8094261350582263592, -1.738669378724353676, -1.560938148576770379 ) ) ;
#480 = CARTESIAN_POINT ( 'NONE',  ( 2.000000000000000000, -5.694017492371369363E-15, -0.6875000000000122125 ) ) ;
#481 = CARTESIAN_POINT ( 'NONE',  ( 0.000000000000000000, -1.545336663013164635, -1.929663336986837674 ) ) ;
#482 = PRODUCT ( '92095A476_18-8 Stainless Steel Button Head Hex-Drive Screw', '92095A476_18-8 Stainless Steel Button Head Hex-Drive Screw', '', ( #671 ) ) ;
#483 = CARTESIAN_POINT ( 'NONE',  ( 1.176575538379248664, -2.037888611415567208, 1.273958333333318871 ) ) ;
#484 = CARTESIAN_POINT ( 'NONE',  ( -1.545336663013163303, 0.4140717108885842990, 0.5937392608830266427 ) ) ;
#485 = ORIENTED_EDGE ( 'NONE', *, *, #329, .T. ) ;
#486 =( BOUNDED_CURVE ( )  B_SPLINE_CURVE ( 2, ( #1088, #574, #2224, #1637, #2210, #2016, #1278, #584, #413 ),
 .UNSPECIFIED., .F., .F. ) 
 B_SPLINE_CURVE_WITH_KNOTS ( ( 3, 2, 2, 2, 3 ),
 ( 0.1749999999999999889, 0.1833333333333333204, 0.2000000000000000111, 0.2166666666666666741, 0.2250000000000000333 ),
 .UNSPECIFIED. ) 
 CURVE ( )  GEOMETRIC_REPRESENTATION_ITEM ( )  RATIONAL_B_SPLINE_CURVE ( ( 0.9330127018922194093, 0.9330127018922194093, 1.000000000000000000, 0.8660254037844388186, 1.000000000000000000, 0.8660254037844388186, 1.000000000000000000, 0.9330127018922191873, 0.9330127018922194093 ) ) 
 REPRESENTATION_ITEM ( '' )  );
#487 = DIRECTION ( 'NONE',  ( -0.000000000000000000, -1.195042302620835759E-16, 1.000000000000000000 ) ) ;
#488 = CARTESIAN_POINT ( 'NONE',  ( 1.764863307568874218, -1.018944305707785380, -0.1114583333333357962 ) ) ;
#489 = ORIENTED_EDGE ( 'NONE', *, *, #2199, .T. ) ;
#490 = DIRECTION ( 'NONE',  ( -1.000000000000000000, 0.000000000000000000, 0.000000000000000000 ) ) ;
#491 = CARTESIAN_POINT ( 'NONE',  ( 0.000000000000000000, -1.410817541051009211E-15, -2.000000000000000444 ) ) ;
#492 = CARTESIAN_POINT ( 'NONE',  ( 0.8922005383792471767, -1.545336663013165301, -1.854166666666669183 ) ) ;
#493 = CARTESIAN_POINT ( 'NONE',  ( 0.000000000000000000, -1.410817541051009211E-15, -2.000000000000000444 ) ) ;
#494 = DIRECTION ( 'NONE',  ( -0.000000000000000000, -1.195042302620835759E-16, 1.000000000000000000 ) ) ;
#495 = CARTESIAN_POINT ( 'NONE',  ( -1.176575538379249997, -2.037888611415566320, -0.9427083333333429183 ) ) ;
#496 = DIRECTION ( 'NONE',  ( -6.860497997771532351E-15, 1.000000000000000000, 0.000000000000000000 ) ) ;
#497 = EDGE_CURVE ( 'NONE', #2044, #832, #944, .T. ) ;
#498 = CARTESIAN_POINT ( 'NONE',  ( -1.338300807568870043, 0.7726683315065832058, 0.6541666666666583474 ) ) ;
#499 = DIRECTION ( 'NONE',  ( -0.000000000000000000, -0.000000000000000000, 1.000000000000000000 ) ) ;
#500 = CARTESIAN_POINT ( 'NONE',  ( 2.353151076758499105, -1.843084381160375702E-15, -0.7531250000000009326 ) ) ;
#501 = EDGE_CURVE ( 'NONE', #151, #1683, #547, .T. ) ;
#502 = CARTESIAN_POINT ( 'NONE',  ( 2.353151076758499105, -1.843084381160375702E-15, 3.446874999999988809 ) ) ;
#503 = VERTEX_POINT ( 'NONE', #1072 ) ;
#504 = DIRECTION ( 'NONE',  ( 0.000000000000000000, 0.000000000000000000, -1.000000000000000000 ) ) ;
#505 = CARTESIAN_POINT ( 'NONE',  ( -1.246001783454060652, 0.9851870330915527552, 1.231038027671859991 ) ) ;
#506 = CARTESIAN_POINT ( 'NONE',  ( -0.4783042399633471442, 1.678904528720736922, -1.733427703407543152 ) ) ;
#507 = CARTESIAN_POINT ( 'NONE',  ( -1.338300807568874040, -0.7726683315065786539, 0.07083333333332639259 ) ) ;
#508 = DIRECTION ( 'NONE',  ( 0.7071067811865487940, -8.659560562354948882E-17, 0.7071067811865463515 ) ) ;
#509 = CARTESIAN_POINT ( 'NONE',  ( -2.353151076758498661, -1.266728594347886982E-15, -1.759375000000007683 ) ) ;
#510 = VECTOR ( 'NONE', #508, 1000.000000000000000 ) ;
#511 = EDGE_LOOP ( 'NONE', ( #1392, #1330, #612, #610, #1976, #1824 ) ) ;
#512 = DIRECTION ( 'NONE',  ( 0.000000000000000000, 0.000000000000000000, 1.000000000000000000 ) ) ;
#513 = CONICAL_SURFACE ( 'NONE', #1422, 1.475000000000000755, 0.7853981633974465026 ) ;
#514 = DIRECTION ( 'NONE',  ( -0.000000000000000000, -0.000000000000000000, 1.000000000000000000 ) ) ;
#515 = CARTESIAN_POINT ( 'NONE',  ( -1.176575538379249330, 2.037888611415564544, -1.219791666666666607 ) ) ;
#516 = EDGE_CURVE ( 'NONE', #985, #2203, #187, .T. ) ;
#517 = SECURITY_CLASSIFICATION ( '', '', #1273 ) ;
#518 = CARTESIAN_POINT ( 'NONE',  ( -1.764863307568874662, -1.018944305707784048, 1.755208333333326598 ) ) ;
#519 = EDGE_LOOP ( 'NONE', ( #1019, #266, #995, #810 ) ) ;
#520 =( NAMED_UNIT ( * ) PLANE_ANGLE_UNIT ( ) SI_UNIT ( $, .RADIAN. ) );
#521 = CARTESIAN_POINT ( 'NONE',  ( -1.545336663013163303, 8.715332896486791275E-17, -1.475000000000004308 ) ) ;
#522 = CARTESIAN_POINT ( 'NONE',  ( -1.598949757829667639, 0.8339901013207295932, -1.675593330461809360 ) ) ;
#523 = LINE ( 'NONE', #865, #589 ) ;
#524 = CARTESIAN_POINT ( 'NONE',  ( -1.764863307568873996, 1.018944305707781606, -1.817708333333340809 ) ) ;
#525 = EDGE_LOOP ( 'NONE', ( #1433, #1148, #1512, #231 ) ) ;
#526 = CARTESIAN_POINT ( 'NONE',  ( -5.677474793892367365E-16, -1.545336663013164857, -1.212500000000003908 ) ) ;
#527 = DIRECTION ( 'NONE',  ( 0.000000000000000000, 0.000000000000000000, 1.000000000000000000 ) ) ;
#528 = CARTESIAN_POINT ( 'NONE',  ( 1.176575538379248664, -2.037888611415567652, 3.330208333333323001 ) ) ;
#529 = APPROVAL ( #2182, 'UNSPECIFIED' ) ;
#530 = VERTEX_POINT ( 'NONE', #2331 ) ;
#531 = DIRECTION ( 'NONE',  ( 0.000000000000000000, 0.000000000000000000, -1.000000000000000000 ) ) ;
#532 = CARTESIAN_POINT ( 'NONE',  ( -5.677474793892367365E-16, -1.545336663013164857, -1.300000000000004707 ) ) ;
#533 = ADVANCED_FACE ( 'NONE', ( #558 ), #2218, .F. ) ;
#534 = CARTESIAN_POINT ( 'NONE',  ( -2.000000000000000000, -4.706279764102867609E-15, -0.4249999999999998224 ) ) ;
#535 = FACE_BOUND ( 'NONE', #953, .T. ) ;
#536 = CARTESIAN_POINT ( 'NONE',  ( 1.176575538379250219, 2.037888611415563656, -0.5927083333333434956 ) ) ;
#537 = CARTESIAN_POINT ( 'NONE',  ( 1.545336663013163081, -2.672702088255949078E-15, -1.037500000000004086 ) ) ;
#538 = CARTESIAN_POINT ( 'NONE',  ( 1.249999999999999334, -5.019177672707665727E-16, 4.006624327025937404 ) ) ;
#539 = CARTESIAN_POINT ( 'NONE',  ( -1.176575538379249330, 2.037888611415564544, 2.980208333333323356 ) ) ;
#540 = ADVANCED_FACE ( 'NONE', ( #1457 ), #698, .T. ) ;
#541 = ORIENTED_EDGE ( 'NONE', *, *, #497, .F. ) ;
#542 = APPROVAL_DATE_TIME ( #928, #529 ) ;
#543 = CARTESIAN_POINT ( 'NONE',  ( 0.000000000000000000, -1.475000000000002309, -2.000000000000000000 ) ) ;
#544 = EDGE_CURVE ( 'NONE', #1375, #1597, #1050, .T. ) ;
#545 = ADVANCED_FACE ( 'NONE', ( #1609 ), #2254, .F. ) ;
#546 = CARTESIAN_POINT ( 'NONE',  ( 1.764863307568873774, -1.018944305707785158, 2.732291666666648577 ) ) ;
#547 = B_SPLINE_CURVE_WITH_KNOTS ( 'NONE', 3,
 ( #1978, #1623, #909, #723, #505, #1407, #2136, #2171 ),
 .UNSPECIFIED., .F., .F.,
 ( 4, 2, 2, 4 ),
 ( 1.527955932011177114E-17, 0.0004583188092023468790, 0.0009166376184046780371, 0.001833275236809340679 ),
 .UNSPECIFIED. ) ;
#548 = ORIENTED_EDGE ( 'NONE', *, *, #1704, .T. ) ;
#549 = CARTESIAN_POINT ( 'NONE',  ( -1.338300807568874262, -0.7726683315065784319, 0.7708333333333248216 ) ) ;
#550 = CARTESIAN_POINT ( 'NONE',  ( -1.249999999999999556, -0.4921360860715140451, 4.095029951220974240 ) ) ;
#551 = CARTESIAN_POINT ( 'NONE',  ( 1.338300807568871598, -0.7726683315065836499, -1.883333333333336634 ) ) ;
#552 = VECTOR ( 'NONE', #394, 1000.000000000000000 ) ;
#553 = CIRCLE ( 'NONE', #1878, 1.999999999999998668 ) ;
#554 = CARTESIAN_POINT ( 'NONE',  ( -1.764863307568874440, 1.018944305707781606, 3.738541666666654883 ) ) ;
#555 = ORIENTED_EDGE ( 'NONE', *, *, #468, .F. ) ;
#556 = CARTESIAN_POINT ( 'NONE',  ( -1.953542047311074281, 0.4285714285713120297, 1.650000000000001465 ) ) ;
#557 =( BOUNDED_CURVE ( )  B_SPLINE_CURVE ( 2, ( #1515, #2013, #1105, #1853, #571, #1479, #1504, #2243, #771 ),
 .UNSPECIFIED., .F., .F. ) 
 B_SPLINE_CURVE_WITH_KNOTS ( ( 3, 2, 2, 2, 3 ),
 ( 0.8750000000000000000, 0.8833333333333333037, 0.9000000000000000222, 0.9166666666666666297, 0.9250000000000002665 ),
 .UNSPECIFIED. ) 
 CURVE ( )  GEOMETRIC_REPRESENTATION_ITEM ( )  RATIONAL_B_SPLINE_CURVE ( ( 0.9330127018922194093, 0.9330127018922194093, 1.000000000000000000, 0.8660254037844387076, 1.000000000000000000, 0.8660254037844387076, 1.000000000000000000, 0.9330127018922171889, 0.9330127018922194093 ) ) 
 REPRESENTATION_ITEM ( '' )  );
#558 = FACE_OUTER_BOUND ( 'NONE', #1986, .T. ) ;
#559 = EDGE_CURVE ( 'NONE', #1540, #2169, #1361, .T. ) ;
#560 = CARTESIAN_POINT ( 'NONE',  ( -1.764863307568874218, -1.018944305707783826, 3.898958333333312432 ) ) ;
#561 = CARTESIAN_POINT ( 'NONE',  ( -0.8922005383792538380, -1.545336663013161083, 0.8291666666666577257 ) ) ;
#562 = DIRECTION ( 'NONE',  ( 0.000000000000000000, 1.000000000000000000, 2.168404344971010347E-16 ) ) ;
#563 = EDGE_CURVE ( 'NONE', #832, #1648, #1049, .T. ) ;
#564 = CARTESIAN_POINT ( 'NONE',  ( -1.338300807568871598, 0.7726683315065804303, 0.5666666666666575480 ) ) ;
#565 = CARTESIAN_POINT ( 'NONE',  ( -0.8922005383792482869, -1.545336663013164635, -1.270833333333337034 ) ) ;
#566 = EDGE_LOOP ( 'NONE', ( #643, #1972, #1710, #788 ) ) ;
#567 = CARTESIAN_POINT ( 'NONE',  ( 1.758989221743915143, 0.6742176432661074470, 1.526034920883203361 ) ) ;
#568 = COORDINATED_UNIVERSAL_TIME_OFFSET ( 6, 0, .BEHIND. ) ;
#569 = CARTESIAN_POINT ( 'NONE',  ( 1.732050807568877859, 0.9999999999999972244, -0.01666666666666768298 ) ) ;
#570 =( BOUNDED_CURVE ( )  B_SPLINE_CURVE ( 2, ( #848, #1188, #1546, #1931, #659, #305, #627 ),
 .UNSPECIFIED., .F., .F. ) 
 B_SPLINE_CURVE_WITH_KNOTS ( ( 3, 2, 2, 3 ),
 ( 0.4750000000000000333, 0.4833333333333333370, 0.5000000000000000000, 0.5065956312260139205 ),
 .UNSPECIFIED. ) 
 CURVE ( )  GEOMETRIC_REPRESENTATION_ITEM ( )  RATIONAL_B_SPLINE_CURVE ( ( 0.9330127018922194093, 0.9330127018922196314, 1.000000000000000000, 0.8660254037844387076, 1.000000000000000000, 0.9469811781824823971, 0.9359254679744950511 ) ) 
 REPRESENTATION_ITEM ( '' )  );
#571 = CARTESIAN_POINT ( 'NONE',  ( 0.000000000000000000, 1.999999999999998668, -1.299999999999998046 ) ) ;
#572 = CARTESIAN_POINT ( 'NONE',  ( 2.353151076758498661, -1.843084381160375308E-15, 2.790624999999981259 ) ) ;
#573 = CARTESIAN_POINT ( 'NONE',  ( 1.545336663013163303, -2.004526566191961808E-15, -1.737500000000002709 ) ) ;
#574 = CARTESIAN_POINT ( 'NONE',  ( 2.000000000000000444, 0.5358983848622430601, -1.356239260883046249 ) ) ;
#575 = CARTESIAN_POINT ( 'NONE',  ( -1.784401076758495464, -1.301554487698640105E-15, -0.07500000000000735245 ) ) ;
#576 = ADVANCED_FACE ( 'NONE', ( #153, #1240 ), #1250, .T. ) ;
#577 = CARTESIAN_POINT ( 'NONE',  ( -1.176575538379250219, -2.037888611415567208, 4.613541666666653107 ) ) ;
#578 = ORIENTED_EDGE ( 'NONE', *, *, #977, .T. ) ;
#579 = CYLINDRICAL_SURFACE ( 'NONE', #1035, 1.545336663013163303 ) ;
#580 = CARTESIAN_POINT ( 'NONE',  ( 0.000000000000000000, -1.959434878635764737E-15, 1.999999999999999556 ) ) ;
#581 = CARTESIAN_POINT ( 'NONE',  ( -0.8409413214249611412, 0.9578579746766822112, 4.006091094028865207 ) ) ;
#582 = CARTESIAN_POINT ( 'NONE',  ( -1.176575538379249997, -2.037888611415566320, 3.957291666666645558 ) ) ;
#583 = EDGE_LOOP ( 'NONE', ( #859, #1271, #2159, #1891 ) ) ;
#584 = CARTESIAN_POINT ( 'NONE',  ( -2.000000000000000444, 0.5358983848622425050, -1.068760739116975556 ) ) ;
#585 = CARTESIAN_POINT ( 'NONE',  ( -1.892491597964122291E-16, -1.545336663013164857, -0.6000000000000063061 ) ) ;
#586 = CARTESIAN_POINT ( 'NONE',  ( 1.764863307568875328, 1.018944305707780273, 4.905208333333319182 ) ) ;
#587 = AXIS2_PLACEMENT_3D ( 'NONE', #491, #1213, #1177 ) ;
#588 = ORIENTED_EDGE ( 'NONE', *, *, #2070, .F. ) ;
#589 = VECTOR ( 'NONE', #166, 1000.000000000000000 ) ;
#590 = CARTESIAN_POINT ( 'NONE',  ( 1.545336663013163303, -2.004526566191961808E-15, -1.825000000000003508 ) ) ;
#591 = AXIS2_PLACEMENT_3D ( 'NONE', #1897, #1527, #1334 ) ;
#592 = DIRECTION ( 'NONE',  ( -0.000000000000000000, -0.000000000000000000, 1.000000000000000000 ) ) ;
#593 = DIRECTION ( 'NONE',  ( -0.000000000000000000, -0.000000000000000000, 1.000000000000000000 ) ) ;
#594 = EDGE_LOOP ( 'NONE', ( #1630, #1701, #1308, #597 ) ) ;
#595 = DIRECTION ( 'NONE',  ( 1.000000000000000000, 6.982962677686266711E-15, 8.344935797457553441E-31 ) ) ;
#596 = CARTESIAN_POINT ( 'NONE',  ( 0.000000000000000000, 1.545336663013161749, -0.9500000000000055067 ) ) ;
#597 = ORIENTED_EDGE ( 'NONE', *, *, #2097, .F. ) ;
#598 = CARTESIAN_POINT ( 'NONE',  ( 0.000000000000000000, 2.037888611415564544, 5.021874999999985434 ) ) ;
#599 = EDGE_LOOP ( 'NONE', ( #227, #957 ) ) ;
#600 = CARTESIAN_POINT ( 'NONE',  ( 0.000000000000000000, -3.281267838218396067E-15, 1.649999999999999911 ) ) ;
#601 = PRODUCT_DEFINITION ( 'UNKNOWN', '', #1770, #938 ) ;
#602 = EDGE_CURVE ( 'NONE', #21, #2044, #2087, .T. ) ;
#603 = LINE ( 'NONE', #1906, #1688 ) ;
#604 = CARTESIAN_POINT ( 'NONE',  ( 0.000000000000000000, -3.281267838218396067E-15, 1.649999999999999911 ) ) ;
#605 = EDGE_CURVE ( 'NONE', #2193, #1994, #2352, .T. ) ;
#606 = CARTESIAN_POINT ( 'NONE',  ( -2.449293598294706414E-16, -2.000000000000001332, 1.149999999999996358 ) ) ;
#607 = ORIENTED_EDGE ( 'NONE', *, *, #1554, .T. ) ;
#608 = CARTESIAN_POINT ( 'NONE',  ( 1.154700538379252572, 1.999999999999997780, -0.6583333333333326598 ) ) ;
#609 = CARTESIAN_POINT ( 'NONE',  ( 0.8922005383792472877, -1.545336663013165079, 2.958333333333319271 ) ) ;
#610 = ORIENTED_EDGE ( 'NONE', *, *, #930, .T. ) ;
#611 = CARTESIAN_POINT ( 'NONE',  ( 1.176575538379250663, 2.037888611415564100, 4.263541666666654351 ) ) ;
#612 = ORIENTED_EDGE ( 'NONE', *, *, #747, .T. ) ;
#613 = CARTESIAN_POINT ( 'NONE',  ( 1.249999999999999778, -0.4921603826408921245, 4.095040046841362802 ) ) ;
#614 = FACE_OUTER_BOUND ( 'NONE', #1238, .T. ) ;
#615 = CARTESIAN_POINT ( 'NONE',  ( -0.1975317408473102054, 1.329330669222372530, 4.095670759229841806 ) ) ;
#616 = CYLINDRICAL_SURFACE ( 'NONE', #1114, 1.999999999999998668 ) ;
#617 = EDGE_CURVE ( 'NONE', #1691, #174, #1376, .T. ) ;
#618 = CARTESIAN_POINT ( 'NONE',  ( 0.3148952194027409002, -1.736674536698301186, 1.400339978800553276 ) ) ;
#619 = CARTESIAN_POINT ( 'NONE',  ( 0.8922005383792486199, 1.545336663013161305, 4.591666666666648133 ) ) ;
#620 = EDGE_LOOP ( 'NONE', ( #1675, #907, #1200, #489, #2009 ) ) ;
#621 = CARTESIAN_POINT ( 'NONE',  ( -1.784401076758495464, -1.301554487698640105E-15, 1.412499999999990097 ) ) ;
#622 = EDGE_LOOP ( 'NONE', ( #636, #2227, #441, #1281 ) ) ;
#623 = CARTESIAN_POINT ( 'NONE',  ( 1.508543048294338496, -1.060843731053572991, -1.634521624036971987 ) ) ;
#624 = VECTOR ( 'NONE', #1526, 1000.000000000000114 ) ;
#625 = CARTESIAN_POINT ( 'NONE',  ( -1.732050807568877193, 0.9999999999999986677, 0.9166666666666634100 ) ) ;
#626 = AXIS2_PLACEMENT_3D ( 'NONE', #1774, #1754, #128 ) ;
#627 = CARTESIAN_POINT ( 'NONE',  ( -0.6187722178074085422, 1.416046024860192931, 1.195336663013167211 ) ) ;
#628 = CONICAL_SURFACE ( 'NONE', #210, 1.443375672974063884, 0.7853981633974500554 ) ;
#629 = FACE_OUTER_BOUND ( 'NONE', #2264, .T. ) ;
#630 = ADVANCED_FACE ( 'NONE', ( #770 ), #1311, .F. ) ;
#631 = CARTESIAN_POINT ( 'NONE',  ( 0.000000000000000000, -1.410817541051009211E-15, -2.000000000000000444 ) ) ;
#632 = CARTESIAN_POINT ( 'NONE',  ( 1.338300807568872486, 0.7726683315065792090, 3.133333333333318649 ) ) ;
#633 = ORIENTED_EDGE ( 'NONE', *, *, #299, .F. ) ;
#634 = EDGE_CURVE ( 'NONE', #1477, #1666, #1531, .T. ) ;
#635 = CARTESIAN_POINT ( 'NONE',  ( 1.338300807568871598, -0.7726683315065836499, 1.704166666666655949 ) ) ;
#636 = ORIENTED_EDGE ( 'NONE', *, *, #1589, .T. ) ;
#637 = CARTESIAN_POINT ( 'NONE',  ( -2.495693764988917238E-16, -2.037888611415567208, -1.628124999999998934 ) ) ;
#638 = CARTESIAN_POINT ( 'NONE',  ( -2.449293598294706414E-16, -2.000000000000001332, 1.237499999999983391 ) ) ;
#639 = FACE_OUTER_BOUND ( 'NONE', #973, .T. ) ;
#640 = CARTESIAN_POINT ( 'NONE',  ( -1.545336663013163303, 0.4140717108885838549, -0.01876073911697084123 ) ) ;
#641 = CARTESIAN_POINT ( 'NONE',  ( 0.000000000000000000, -3.281267838218396067E-15, 1.649999999999999911 ) ) ;
#642 = CARTESIAN_POINT ( 'NONE',  ( -0.8922005383792482869, -1.545336663013164635, 1.441666666666655328 ) ) ;
#643 = ORIENTED_EDGE ( 'NONE', *, *, #1459, .F. ) ;
#644 = CARTESIAN_POINT ( 'NONE',  ( -0.8922005383792475097, 1.545336663013161749, 0.5958333333333248882 ) ) ;
#645 = ORIENTED_EDGE ( 'NONE', *, *, #2115, .T. ) ;
#646 = CARTESIAN_POINT ( 'NONE',  ( -1.061220998815845196, 1.695231545150188257, 1.650000000000002576 ) ) ;
#647 = EDGE_CURVE ( 'NONE', #2169, #1869, #1301, .T. ) ;
#648 = CARTESIAN_POINT ( 'NONE',  ( 2.000000000000000000, -9.412559528205735218E-15, 1.412499999999982769 ) ) ;
#649 = CARTESIAN_POINT ( 'NONE',  ( 1.545336663013163525, -1.162044386198238837E-16, 0.2749999999999918621 ) ) ;
#650 = CARTESIAN_POINT ( 'NONE',  ( -2.381359039295037293E-16, -1.944527222831132995, -1.530472777168867538 ) ) ;
#651 = CARTESIAN_POINT ( 'NONE',  ( 0.000000000000000000, -1.469576158976823750E-15, -2.000000000000000444 ) ) ;
#652 = CARTESIAN_POINT ( 'NONE',  ( -2.000000000000000444, 0.5358983848622425050, 0.3312392608830214136 ) ) ;
#653 = CARTESIAN_POINT ( 'NONE',  ( -1.338300807568871598, 0.7726683315065804303, 4.066666666666649554 ) ) ;
#654 = CARTESIAN_POINT ( 'NONE',  ( 1.784401076758495464, -1.738606701108116332E-15, 1.762499999999989075 ) ) ;
#655 = ORIENTED_EDGE ( 'NONE', *, *, #563, .F. ) ;
#656 = CARTESIAN_POINT ( 'NONE',  ( 1.176575538379248664, -2.037888611415567652, -1.569791666666665808 ) ) ;
#657 = VERTEX_POINT ( 'NONE', #758 ) ;
#658 = LINE ( 'NONE', #860, #1041 ) ;
#659 = CARTESIAN_POINT ( 'NONE',  ( 7.382630299002907193E-15, 1.545336663013161749, 1.149999999999989475 ) ) ;
#660 = VECTOR ( 'NONE', #494, 1000.000000000000000 ) ;
#661 = CARTESIAN_POINT ( 'NONE',  ( -0.2413230523672297012, 1.719150032988219001, -1.743153484497069083 ) ) ;
#662 = DIRECTION ( 'NONE',  ( 0.000000000000000000, -1.000000000000000000, -2.282530889443169487E-16 ) ) ;
#663 = VECTOR ( 'NONE', #2000, 999.9999999999998863 ) ;
#664 = CARTESIAN_POINT ( 'NONE',  ( -1.999999999999998668, -3.281267838218396067E-15, 7.656854249492376141 ) ) ;
#665 = CARTESIAN_POINT ( 'NONE',  ( -1.176575538379249997, -2.037888611415566320, 1.157291666666652175 ) ) ;
#666 = CARTESIAN_POINT ( 'NONE',  ( 0.000000000000000000, 1.545336663013161749, 3.337499999999985256 ) ) ;
#667 = ORIENTED_EDGE ( 'NONE', *, *, #44, .F. ) ;
#668 = CARTESIAN_POINT ( 'NONE',  ( -1.249999999999999334, -0.7216878364870333851, 2.660000000000000142 ) ) ;
#669 = CARTESIAN_POINT ( 'NONE',  ( -1.764863307568874662, -1.018944305707784048, -0.3447916666666686059 ) ) ;
#670 = ORIENTED_EDGE ( 'NONE', *, *, #212, .T. ) ;
#671 = MECHANICAL_CONTEXT ( 'NONE', #355, 'mechanical' ) ;
#672 = CC_DESIGN_PERSON_AND_ORGANIZATION_ASSIGNMENT ( #383, #23, ( #1770 ) ) ;
#673 = CARTESIAN_POINT ( 'NONE',  ( 0.8922005383792455113, -1.545336663013165746, 0.1583333333333254433 ) ) ;
#674 = CARTESIAN_POINT ( 'NONE',  ( -0.1261820371880607305, -1.545336663013164635, -1.920749960092316355 ) ) ;
#675 = DIRECTION ( 'NONE',  ( 0.000000000000000000, -1.000000000000000000, -1.141265444721584497E-16 ) ) ;
#676 = EDGE_CURVE ( 'NONE', #42, #2329, #1914, .T. ) ;
#677 = PLANE ( 'NONE',  #2108 ) ;
#678 = CARTESIAN_POINT ( 'NONE',  ( -2.495693764988916252E-16, -2.037888611415566764, -1.584375000000008082 ) ) ;
#679 = CARTESIAN_POINT ( 'NONE',  ( -1.545336663013163303, 0.4140717108885835218, -0.7187607391169692495 ) ) ;
#680 = DIRECTION ( 'NONE',  ( -0.000000000000000000, -0.000000000000000000, 1.000000000000000000 ) ) ;
#681 = CARTESIAN_POINT ( 'NONE',  ( -1.545336663013163303, 0.4140717108885838549, -0.1062607391169716059 ) ) ;
#682 = CARTESIAN_POINT ( 'NONE',  ( 1.764863307568874218, -1.018944305707785380, -0.8114583333333341697 ) ) ;
#683 = CARTESIAN_POINT ( 'NONE',  ( 0.000000000000000000, 2.037888611415564544, 1.521874999999993650 ) ) ;
#684 = VERTEX_POINT ( 'NONE', #1490 ) ;
#685 = CARTESIAN_POINT ( 'NONE',  ( 7.569966391856489163E-16, 1.545336663013161749, -0.9500000000000055067 ) ) ;
#686 = CARTESIAN_POINT ( 'NONE',  ( 1.147428993866131787E-16, 1.443375672974062551, 4.200000000000000178 ) ) ;
#687 = CARTESIAN_POINT ( 'NONE',  ( 1.545336663013163303, -2.004526566191961808E-15, -1.737500000000002709 ) ) ;
#688 = FACE_OUTER_BOUND ( 'NONE', #915, .T. ) ;
#689 = LINE ( 'NONE', #1946, #660 ) ;
#690 = ADVANCED_FACE ( 'NONE', ( #2217 ), #1458, .T. ) ;
#691 = CARTESIAN_POINT ( 'NONE',  ( 1.176575538379248664, -2.037888611415567208, -1.526041666666674956 ) ) ;
#692 = EDGE_LOOP ( 'NONE', ( #2315, #710 ) ) ;
#693 = CARTESIAN_POINT ( 'NONE',  ( 0.8922005383792538380, 1.545336663013157530, 0.4791666666666589691 ) ) ;
#694 = CARTESIAN_POINT ( 'NONE',  ( -5.661575077825122264E-30, 7.541778116690570725E-16, 0.4735561497326238323 ) ) ;
#695 = CARTESIAN_POINT ( 'NONE',  ( 1.764863307568875328, 1.018944305707780273, -0.6947916666666678065 ) ) ;
#696 = CARTESIAN_POINT ( 'NONE',  ( 1.764863307568874218, -1.018944305707785380, 0.5885416666666625218 ) ) ;
#697 = ORIENTED_EDGE ( 'NONE', *, *, #647, .F. ) ;
#698 = CYLINDRICAL_SURFACE ( 'NONE', #1681, 3.799999999999996270 ) ;
#699 = CARTESIAN_POINT ( 'NONE',  ( 1.338300807568871598, -0.7726683315065836499, -1.795833333333335835 ) ) ;
#700 = CARTESIAN_POINT ( 'NONE',  ( 1.764863307568873774, -1.018944305707785158, -2.167708333333340232 ) ) ;
#701 = AXIS2_PLACEMENT_3D ( 'NONE', #641, #2236, #2055 ) ;
#702 = VERTEX_POINT ( 'NONE', #1179 ) ;
#703 = CARTESIAN_POINT ( 'NONE',  ( -0.8922005383792482869, -1.545336663013164635, 4.329166666666649732 ) ) ;
#704 = AXIS2_PLACEMENT_3D ( 'NONE', #1220, #527, #1605 ) ;
#705 = CARTESIAN_POINT ( 'NONE',  ( -1.545336663013163303, -2.324088772396477673E-16, -0.07500000000000725531 ) ) ;
#706 = EDGE_CURVE ( 'NONE', #304, #965, #2175, .T. ) ;
#707 = AXIS2_PLACEMENT_3D ( 'NONE', #1977, #1767, #873 ) ;
#708 =( BOUNDED_CURVE ( )  B_SPLINE_CURVE ( 2, ( #1357, #1381, #455, #139, #1751, #673, #861, #2253, #649 ),
 .UNSPECIFIED., .F., .F. ) 
 B_SPLINE_CURVE_WITH_KNOTS ( ( 3, 2, 2, 2, 3 ),
 ( 0.3250000000000000111, 0.3333333333333333148, 0.3499999999999999778, 0.3666666666666666408, 0.3750000000000000555 ),
 .UNSPECIFIED. ) 
 CURVE ( )  GEOMETRIC_REPRESENTATION_ITEM ( )  RATIONAL_B_SPLINE_CURVE ( ( 0.9330127018922194093, 0.9330127018922196314, 1.000000000000000000, 0.8660254037844387076, 1.000000000000000000, 0.8660254037844387076, 1.000000000000000000, 0.9330127018922189652, 0.9330127018922194093 ) ) 
 REPRESENTATION_ITEM ( '' )  );
#709 = CARTESIAN_POINT ( 'NONE',  ( 1.764863307568874218, -1.018944305707785380, 3.388541666666656127 ) ) ;
#710 = ORIENTED_EDGE ( 'NONE', *, *, #559, .F. ) ;
#711 = CARTESIAN_POINT ( 'NONE',  ( 1.152335806484987568, 0.7780742849031113684, 4.143613551583920973 ) ) ;
#712 = CARTESIAN_POINT ( 'NONE',  ( -1.999999999999999556, -1.220146605508150803E-15, 1.062499999999983791 ) ) ;
#713 = DIRECTION ( 'NONE',  ( -0.8660254037844387076, -0.4999999999999998890, 0.000000000000000000 ) ) ;
#714 = CARTESIAN_POINT ( 'NONE',  ( 1.176575538379250219, 2.037888611415563656, 0.1072916666666548363 ) ) ;
#715 = VERTEX_POINT ( 'NONE', #2114 ) ;
#716 = ORIENTED_EDGE ( 'NONE', *, *, #2323, .T. ) ;
#717 = CARTESIAN_POINT ( 'NONE',  ( -1.545336663013163303, 8.715332896486791275E-17, -1.387500000000003286 ) ) ;
#718 = APPROVAL ( #769, 'UNSPECIFIED' ) ;
#719 = CARTESIAN_POINT ( 'NONE',  ( 2.353151076758499105, -1.843084381160375702E-15, 1.346874999999994049 ) ) ;
#720 = ORIENTED_EDGE ( 'NONE', *, *, #1644, .F. ) ;
#721 = EDGE_CURVE ( 'NONE', #684, #2193, #1613, .T. ) ;
#722 = APPLICATION_PROTOCOL_DEFINITION ( 'international standard', 'config_control_design', 1994, #1693 ) ;
#723 = CARTESIAN_POINT ( 'NONE',  ( -1.139327117668253786, 1.097105527809765446, 1.224194287666728442 ) ) ;
#724 = CARTESIAN_POINT ( 'NONE',  ( 1.764863307568875106, 1.018944305707780051, 4.248958333333312076 ) ) ;
#725 = CARTESIAN_POINT ( 'NONE',  ( -1.338300807568871376, 0.7726683315065808744, -1.445833333333336634 ) ) ;
#726 = CARTESIAN_POINT ( 'NONE',  ( -7.193381139206496591E-15, -1.545336663013164857, 0.7999999999999903855 ) ) ;
#727 = CARTESIAN_POINT ( 'NONE',  ( 1.338300807568872486, 0.7726683315065792090, -1.066666666666671981 ) ) ;
#728 = CARTESIAN_POINT ( 'NONE',  ( 1.764863307568875328, 1.018944305707780273, 2.105208333333326021 ) ) ;
#729 = ORIENTED_EDGE ( 'NONE', *, *, #2049, .F. ) ;
#730 = DIRECTION ( 'NONE',  ( -0.000000000000000000, -0.000000000000000000, 1.000000000000000000 ) ) ;
#731 = DATE_TIME_ROLE ( 'creation_date' ) ;
#732 = CARTESIAN_POINT ( 'NONE',  ( -1.545336663013163081, 0.4140717108885829667, -1.506260739116968450 ) ) ;
#733 =( BOUNDED_CURVE ( )  B_SPLINE_CURVE ( 2, ( #106, #446, #2257, #981, #1146, #2079, #1898, #652, #272 ),
 .UNSPECIFIED., .F., .F. ) 
 B_SPLINE_CURVE_WITH_KNOTS ( ( 3, 2, 2, 2, 3 ),
 ( 0.3750000000000000000, 0.3833333333333333592, 0.4000000000000000222, 0.4166666666666666852, 0.4250000000000000444 ),
 .UNSPECIFIED. ) 
 CURVE ( )  GEOMETRIC_REPRESENTATION_ITEM ( )  RATIONAL_B_SPLINE_CURVE ( ( 0.9330127018922194093, 0.9330127018922194093, 1.000000000000000000, 0.8660254037844388186, 1.000000000000000000, 0.8660254037844388186, 1.000000000000000000, 0.9330127018922191873, 0.9330127018922194093 ) ) 
 REPRESENTATION_ITEM ( '' )  );
#734 = LINE ( 'NONE', #1132, #398 ) ;
#735 = CARTESIAN_POINT ( 'NONE',  ( 1.732050807568878303, 0.9999999999999972244, 0.7708333333333178272 ) ) ;
#736 = FACE_OUTER_BOUND ( 'NONE', #822, .T. ) ;
#737 = CARTESIAN_POINT ( 'NONE',  ( 0.000000000000000000, 1.545336663013161749, 0.4499999999999911848 ) ) ;
#738 = CIRCLE ( 'NONE', #1610, 1.443375672974063884 ) ;
#739 = AXIS2_PLACEMENT_3D ( 'NONE', #411, #1717, #456 ) ;
#740 = CARTESIAN_POINT ( 'NONE',  ( -1.892491597964122291E-16, -1.545336663013164857, -0.5125000000000056177 ) ) ;
#741 = ORIENTED_EDGE ( 'NONE', *, *, #1541, .F. ) ;
#742 = CARTESIAN_POINT ( 'NONE',  ( 1.849431033398792446, -8.802486225451659816E-15, 1.499431033398794133 ) ) ;
#743 = COORDINATED_UNIVERSAL_TIME_OFFSET ( 6, 0, .BEHIND. ) ;
#744 = LOCAL_TIME ( 16, 9, 8.000000000000000000, #221 ) ;
#745 = B_SPLINE_CURVE_WITH_KNOTS ( 'NONE', 3,
 ( #419, #793, #1142, #2252, #1545, #279, #1322, #466, #1166, #2050, #1186, #1871, #81, #2266, #103, #1514 ),
 .UNSPECIFIED., .F., .F.,
 ( 4, 2, 2, 2, 2, 2, 2, 4 ),
 ( 1.606961726329037805E-17, 0.0003930375787308059516, 0.0007860751574615958571, 0.001179112736192385871, 0.001572150314923175668, 0.002358225472384754828, 0.002751263051115544409, 0.003144300629846333989 ),
 .UNSPECIFIED. ) ;
#746 = CARTESIAN_POINT ( 'NONE',  ( 1.173398033834084808, -1.058288313924268476, -1.904896486579885417 ) ) ;
#747 = EDGE_CURVE ( 'NONE', #2203, #702, #471, .T. ) ;
#748 = CARTESIAN_POINT ( 'NONE',  ( -2.353151076758498661, -1.266728594347886982E-15, 3.840624999999979305 ) ) ;
#749 = EDGE_CURVE ( 'NONE', #1501, #1691, #2026, .T. ) ;
#750 = ORIENTED_EDGE ( 'NONE', *, *, #212, .F. ) ;
#751 = CARTESIAN_POINT ( 'NONE',  ( 1.999999999999998668, -3.036338478388925376E-15, 1.649999999999999911 ) ) ;
#752 = CARTESIAN_POINT ( 'NONE',  ( -3.691315149501453597E-15, -1.545336663013164857, -0.6000000000000063061 ) ) ;
#753 = CARTESIAN_POINT ( 'NONE',  ( -0.8922005383792475097, 1.545336663013161749, 1.208333333333322601 ) ) ;
#754 = CARTESIAN_POINT ( 'NONE',  ( -1.784401076758495464, -1.301554487698640105E-15, 0.01249999999999341915 ) ) ;
#755 = ORIENTED_EDGE ( 'NONE', *, *, #605, .T. ) ;
#756 = CARTESIAN_POINT ( 'NONE',  ( 1.249999999999999334, -0.7216878364870333851, 2.660000000000000142 ) ) ;
#757 = PERSON_AND_ORGANIZATION ( #936, #213 ) ;
#758 = CARTESIAN_POINT ( 'NONE',  ( -2.000000000000000000, -4.706279764102867609E-15, -1.037500000000010969 ) ) ;
#759 = CARTESIAN_POINT ( 'NONE',  ( 0.3409521457396375577, 1.709958160574441388, -1.765041839425602666 ) ) ;
#760 = CARTESIAN_POINT ( 'NONE',  ( -1.176575538379249997, -2.037888611415566320, 3.257291666666646712 ) ) ;
#761 = ORIENTED_EDGE ( 'NONE', *, *, #1063, .F. ) ;
#762 = CARTESIAN_POINT ( 'NONE',  ( 1.545336663013163303, -1.410817541051009211E-15, -2.000000000000000444 ) ) ;
#763 = ADVANCED_FACE ( 'NONE', ( #1191 ), #2125, .T. ) ;
#764 = DIRECTION ( 'NONE',  ( -1.000000000000000000, 0.000000000000000000, 0.000000000000000000 ) ) ;
#765 = CARTESIAN_POINT ( 'NONE',  ( -1.338300807568871820, -0.7726683315065827617, 0.6833333333333240223 ) ) ;
#766 = CARTESIAN_POINT ( 'NONE',  ( 1.784401076758495464, -1.738606701108116332E-15, -0.3375000000000060174 ) ) ;
#767 = ORIENTED_EDGE ( 'NONE', *, *, #876, .F. ) ;
#768 = CARTESIAN_POINT ( 'NONE',  ( 0.1975317408473099834, -1.329330669222375416, 4.095670759229842695 ) ) ;
#769 = APPROVAL_STATUS ( 'not_yet_approved' ) ;
#770 = FACE_OUTER_BOUND ( 'NONE', #438, .T. ) ;
#771 = CARTESIAN_POINT ( 'NONE',  ( 2.000000000000000000, -4.148498458727712731E-14, -1.474999999999999867 ) ) ;
#772 = CARTESIAN_POINT ( 'NONE',  ( 1.176575538379248664, -2.037888611415567208, 3.373958333333313409 ) ) ;
#773 = ORIENTED_EDGE ( 'NONE', *, *, #1486, .T. ) ;
#774 = CARTESIAN_POINT ( 'NONE',  ( -1.942223146741672704E-16, -1.585945554337728991, -1.889054445662272430 ) ) ;
#775 = CARTESIAN_POINT ( 'NONE',  ( 1.338300807568871598, -0.7726683315065836499, -1.183333333333338233 ) ) ;
#776 = EDGE_LOOP ( 'NONE', ( #1417, #450, #1364, #1493 ) ) ;
#777 = CARTESIAN_POINT ( 'NONE',  ( 1.764863307568874218, -1.018944305707785380, 4.788541666666652930 ) ) ;
#778 = ORIENTED_EDGE ( 'NONE', *, *, #544, .F. ) ;
#779 = DIRECTION ( 'NONE',  ( -1.000000000000000000, 0.000000000000000000, 0.000000000000000000 ) ) ;
#780 = ADVANCED_FACE ( 'NONE', ( #283 ), #1215, .F. ) ;
#781 = VECTOR ( 'NONE', #71, 1000.000000000000000 ) ;
#782 = DIRECTION ( 'NONE',  ( 0.000000000000000000, 0.000000000000000000, -1.000000000000000000 ) ) ;
#783 = DIRECTION ( 'NONE',  ( 1.000000000000000000, 0.000000000000000000, 0.000000000000000000 ) ) ;
#784 = CARTESIAN_POINT ( 'NONE',  ( -1.154700538379252572, -2.000000000000000888, 1.091666666666662788 ) ) ;
#785 = ORIENTED_EDGE ( 'NONE', *, *, #354, .T. ) ;
#786 = FACE_OUTER_BOUND ( 'NONE', #1797, .T. ) ;
#787 = CARTESIAN_POINT ( 'NONE',  ( -1.338300807568871820, -0.7726683315065827617, 2.783333333333319004 ) ) ;
#788 = ORIENTED_EDGE ( 'NONE', *, *, #2002, .F. ) ;
#789 = CARTESIAN_POINT ( 'NONE',  ( 1.176575538379250663, 2.037888611415564100, 4.963541666666652752 ) ) ;
#790 = EDGE_LOOP ( 'NONE', ( #415, #1066, #1427, #2109 ) ) ;
#791 = DIRECTION ( 'NONE',  ( 8.659560562354916834E-17, 0.7071067811865462405, 0.7071067811865489050 ) ) ;
#792 = ADVANCED_FACE ( 'NONE', ( #1012 ), #1732, .T. ) ;
#793 = CARTESIAN_POINT ( 'NONE',  ( -1.908473536422674588, 0.5520506891239509439, 1.632438226031897255 ) ) ;
#794 = CARTESIAN_POINT ( 'NONE',  ( -1.061220998815845196, 1.695231545150188257, 1.650000000000002576 ) ) ;
#795 = FACE_OUTER_BOUND ( 'NONE', #1879, .T. ) ;
#796 =( BOUNDED_CURVE ( )  B_SPLINE_CURVE ( 2, ( #1864, #934, #240, #1663, #726, #18, #1484, #49, #922 ),
 .UNSPECIFIED., .F., .F. ) 
 B_SPLINE_CURVE_WITH_KNOTS ( ( 3, 2, 2, 2, 3 ),
 ( 0.4250000000000000444, 0.4333333333333333481, 0.4500000000000000111, 0.4666666666666666741, 0.4750000000000000333 ),
 .UNSPECIFIED. ) 
 CURVE ( )  GEOMETRIC_REPRESENTATION_ITEM ( )  RATIONAL_B_SPLINE_CURVE ( ( 0.9330127018922194093, 0.9330127018922196314, 1.000000000000000000, 0.8660254037844387076, 1.000000000000000000, 0.8660254037844387076, 1.000000000000000000, 0.9330127018922191873, 0.9330127018922194093 ) ) 
 REPRESENTATION_ITEM ( '' )  );
#797 = CARTESIAN_POINT ( 'NONE',  ( -0.02574928379889964217, -1.740983324538276866, 1.387472046071207776 ) ) ;
#798 = CARTESIAN_POINT ( 'NONE',  ( 1.338300807568872486, 0.7726683315065792090, 3.833333333333316162 ) ) ;
#799 = ORIENTED_EDGE ( 'NONE', *, *, #963, .F. ) ;
#800 = CARTESIAN_POINT ( 'NONE',  ( 1.338300807568871598, -0.7726683315065836499, 3.104166666666652752 ) ) ;
#801 = VERTEX_POINT ( 'NONE', #480 ) ;
#802 = CARTESIAN_POINT ( 'NONE',  ( 1.249999999999998890, -0.2509462730488992155, 4.026312804080425245 ) ) ;
#803 = CARTESIAN_POINT ( 'NONE',  ( 2.000000000000000000, -2.207884333776653740E-15, 0.01249999999998617321 ) ) ;
#804 = CARTESIAN_POINT ( 'NONE',  ( 0.6803802132096647970, 1.589422410640631167, -1.780244847996136137 ) ) ;
#805 = DIRECTION ( 'NONE',  ( -0.000000000000000000, -0.000000000000000000, 1.000000000000000000 ) ) ;
#806 = ADVANCED_FACE ( 'NONE', ( #688 ), #2138, .T. ) ;
#807 = CARTESIAN_POINT ( 'NONE',  ( 1.844855828922548069, -0.1144010482396932843, 1.494855828922549090 ) ) ;
#808 = CARTESIAN_POINT ( 'NONE',  ( -1.764863307568873996, 1.018944305707781606, -2.517708333333339432 ) ) ;
#809 =( BOUNDED_CURVE ( )  B_SPLINE_CURVE ( 2, ( #1324, #1168, #2052, #1505, #828, #73, #421, #2078, #1874 ),
 .UNSPECIFIED., .F., .F. ) 
 B_SPLINE_CURVE_WITH_KNOTS ( ( 3, 2, 2, 2, 3 ),
 ( 0.4250000000000000444, 0.4333333333333333481, 0.4500000000000000111, 0.4666666666666666741, 0.4749999999999999778 ),
 .UNSPECIFIED. ) 
 CURVE ( )  GEOMETRIC_REPRESENTATION_ITEM ( )  RATIONAL_B_SPLINE_CURVE ( ( 0.9330127018922194093, 0.9330127018922196314, 1.000000000000000000, 0.8660254037844388186, 1.000000000000000000, 0.8660254037844388186, 1.000000000000000000, 0.9330127018922196314, 0.9330127018922194093 ) ) 
 REPRESENTATION_ITEM ( '' )  );
#810 = ORIENTED_EDGE ( 'NONE', *, *, #424, .F. ) ;
#811 = CARTESIAN_POINT ( 'NONE',  ( -0.8922005383792482869, -1.545336663013164635, 3.629166666666651331 ) ) ;
#812 = ORIENTED_EDGE ( 'NONE', *, *, #1541, .T. ) ;
#813 = CARTESIAN_POINT ( 'NONE',  ( -1.545336663013163303, 8.715332896486791275E-17, -1.387500000000003286 ) ) ;
#814 = VECTOR ( 'NONE', #1300, 1000.000000000000000 ) ;
#815 = CARTESIAN_POINT ( 'NONE',  ( -1.732050807568877415, -1.000000000000001110, 1.120833333333316917 ) ) ;
#816 = AXIS2_PLACEMENT_3D ( 'NONE', #7, #1777, #180 ) ;
#817 = CARTESIAN_POINT ( 'NONE',  ( 1.999999999999999556, -0.5358983848622475010, -0.01876073911697807156 ) ) ;
#818 = CIRCLE ( 'NONE', #1957, 1.475000000000000755 ) ;
#819 = CARTESIAN_POINT ( 'NONE',  ( -1.421299821708769562, -0.8772208658711438956, 1.316349915943169524 ) ) ;
#820 = EDGE_CURVE ( 'NONE', #2046, #2081, #1703, .T. ) ;
#821 = CARTESIAN_POINT ( 'NONE',  ( -1.338300807568871598, 0.7726683315065804303, 2.666666666666653196 ) ) ;
#822 = EDGE_LOOP ( 'NONE', ( #667, #50, #315, #1454 ) ) ;
#823 = CARTESIAN_POINT ( 'NONE',  ( 0.8922005383792472877, -1.545336663013165079, 1.645833333333323045 ) ) ;
#824 = VERTEX_POINT ( 'NONE', #1053 ) ;
#825 = CARTESIAN_POINT ( 'NONE',  ( 1.967252920480196066, -0.2372664744663611214, -1.507747079519800248 ) ) ;
#826 = DIRECTION ( 'NONE',  ( 1.000000000000000000, 0.000000000000000000, 0.000000000000000000 ) ) ;
#827 = CARTESIAN_POINT ( 'NONE',  ( -1.154700538379252572, -2.000000000000000888, -1.008333333333331971 ) ) ;
#828 = CARTESIAN_POINT ( 'NONE',  ( -2.449293598294706414E-16, -2.000000000000001332, 0.5374999999999849898 ) ) ;
#829 = DIRECTION ( 'NONE',  ( -0.000000000000000000, -0.000000000000000000, 1.000000000000000000 ) ) ;
#830 = CARTESIAN_POINT ( 'NONE',  ( 1.784401076758495464, -1.738606701108116332E-15, 3.074999999999984635 ) ) ;
#831 = CARTESIAN_POINT ( 'NONE',  ( 1.784401076758495464, -1.738606701108116332E-15, 1.062499999999990452 ) ) ;
#832 = VERTEX_POINT ( 'NONE', #1815 ) ;
#833 = DIRECTION ( 'NONE',  ( -0.000000000000000000, -0.000000000000000000, 1.000000000000000000 ) ) ;
#834 = ORIENTED_EDGE ( 'NONE', *, *, #2231, .T. ) ;
#835 = CARTESIAN_POINT ( 'NONE',  ( 4.653657836759937799E-16, 3.799999999999994049, 4.200000000000001066 ) ) ;
#836 = CARTESIAN_POINT ( 'NONE',  ( -1.942223146741672704E-16, -1.585945554337728991, -1.889054445662272430 ) ) ;
#837 = DIRECTION ( 'NONE',  ( -0.000000000000000000, -0.000000000000000000, 1.000000000000000000 ) ) ;
#838 = CARTESIAN_POINT ( 'NONE',  ( 1.338300807568870043, -0.7726683315065857593, 0.3041666666666592023 ) ) ;
#839 = DIRECTION ( 'NONE',  ( 0.000000000000000000, 1.000000000000000000, 1.195042302620835759E-16 ) ) ;
#840 = CARTESIAN_POINT ( 'NONE',  ( -1.764863307568873996, 1.018944305707781606, 0.9822916666666525742 ) ) ;
#841 = CARTESIAN_POINT ( 'NONE',  ( -0.8922005383792475097, 1.545336663013161749, 2.695833333333319981 ) ) ;
#842 = VERTEX_POINT ( 'NONE', #186 ) ;
#843 = CARTESIAN_POINT ( 'NONE',  ( -1.176575538379249330, 2.037888611415564544, -0.5197916666666682062 ) ) ;
#844 = ORIENTED_EDGE ( 'NONE', *, *, #820, .T. ) ;
#845 = ADVANCED_FACE ( 'NONE', ( #1632 ), #1842, .F. ) ;
#846 = CARTESIAN_POINT ( 'NONE',  ( 1.545336663013163081, -2.672702088255949078E-15, -1.125000000000005107 ) ) ;
#847 = AXIS2_PLACEMENT_3D ( 'NONE', #1839, #209, #1119 ) ;
#848 = CARTESIAN_POINT ( 'NONE',  ( 1.545336663013163525, -3.137519842735244810E-15, 0.9749999999999899858 ) ) ;
#849 = CIRCLE ( 'NONE', #1497, 1.999999999999998668 ) ;
#850 = CARTESIAN_POINT ( 'NONE',  ( 1.249999999999999334, -5.019177672707665727E-16, 4.006624327025937404 ) ) ;
#851 = CARTESIAN_POINT ( 'NONE',  ( 0.8922005383792455113, -1.545336663013165746, 0.2458333333333262150 ) ) ;
#852 = CARTESIAN_POINT ( 'NONE',  ( 0.000000000000000000, -5.019177671007510732E-16, 4.200000000000000178 ) ) ;
#853 = CARTESIAN_POINT ( 'NONE',  ( 1.176575538379248664, -2.037888611415567208, -2.226041666666672914 ) ) ;
#854 = ORIENTED_EDGE ( 'NONE', *, *, #1619, .F. ) ;
#855 = CARTESIAN_POINT ( 'NONE',  ( 1.338300807568871598, -0.7726683315065836499, 4.504166666666649554 ) ) ;
#856 = FACE_OUTER_BOUND ( 'NONE', #11, .T. ) ;
#857 = CARTESIAN_POINT ( 'NONE',  ( -1.764863307568874662, -1.018944305707784048, -1.044791666666667007 ) ) ;
#858 = CARTESIAN_POINT ( 'NONE',  ( 1.176575538379248664, -2.037888611415567652, 4.030208333333320958 ) ) ;
#859 = ORIENTED_EDGE ( 'NONE', *, *, #51, .F. ) ;
#860 = CARTESIAN_POINT ( 'NONE',  ( 1.545336663013163303, -1.410817541051009211E-15, -2.000000000000000444 ) ) ;
#861 = CARTESIAN_POINT ( 'NONE',  ( 1.338300807568870043, -0.7726683315065857593, 0.2166666666666584029 ) ) ;
#862 = EDGE_CURVE ( 'NONE', #1677, #1867, #1183, .T. ) ;
#863 = CARTESIAN_POINT ( 'NONE',  ( -1.745865281779159561, 0.5034783116622679744, -1.661946048140823029 ) ) ;
#864 = CARTESIAN_POINT ( 'NONE',  ( 1.072499836606913171, 1.233049117913836534, 1.155590220316633943 ) ) ;
#865 = CARTESIAN_POINT ( 'NONE',  ( -1.249999999999999334, 0.7216878364870307205, 2.660000000000000142 ) ) ;
#866 = CARTESIAN_POINT ( 'NONE',  ( 1.176575538379248664, -2.037888611415567208, -0.8260416666666765551 ) ) ;
#867 = DIRECTION ( 'NONE',  ( -0.000000000000000000, -0.000000000000000000, 1.000000000000000000 ) ) ;
#868 = DIRECTION ( 'NONE',  ( 1.000000000000000000, 0.000000000000000000, 0.000000000000000000 ) ) ;
#869 = DIRECTION ( 'NONE',  ( 0.7071067811865487940, 0.000000000000000000, 0.7071067811865463515 ) ) ;
#870 = CARTESIAN_POINT ( 'NONE',  ( 1.176575538379248664, -2.037888611415567652, -0.8697916666666674068 ) ) ;
#871 = CARTESIAN_POINT ( 'NONE',  ( 2.353151076758499105, -1.843084381160375702E-15, 4.146874999999987210 ) ) ;
#872 = VERTEX_POINT ( 'NONE', #927 ) ;
#873 = DIRECTION ( 'NONE',  ( 0.000000000000000000, -1.000000000000000000, -1.141265444721584497E-16 ) ) ;
#874 = CARTESIAN_POINT ( 'NONE',  ( 1.052468259152689045, 0.8357328402387212973, 4.095670759229841806 ) ) ;
#875 = CARTESIAN_POINT ( 'NONE',  ( -1.205355985621676229, -1.467744578959825352, -1.579540138055125720 ) ) ;
#876 = EDGE_CURVE ( 'NONE', #1788, #1184, #1686, .T. ) ;
#877 = LINE ( 'NONE', #664, #58 ) ;
#878 = CARTESIAN_POINT ( 'NONE',  ( 1.176575538379250219, 2.037888611415563656, -1.292708333333342008 ) ) ;
#879 = EDGE_CURVE ( 'NONE', #2223, #1994, #418, .T. ) ;
#880 = CARTESIAN_POINT ( 'NONE',  ( 1.545336663013163525, 0.4140717108885805242, -1.006239260883040165 ) ) ;
#881 = FACE_OUTER_BOUND ( 'NONE', #1792, .T. ) ;
#882 = CARTESIAN_POINT ( 'NONE',  ( -1.545336663013163303, -1.221568381254596834E-15, -2.000000000000000444 ) ) ;
#883 = CARTESIAN_POINT ( 'NONE',  ( 1.176575538379248664, -2.037888611415567652, 1.930208333333326198 ) ) ;
#884 = ORIENTED_EDGE ( 'NONE', *, *, #1756, .F. ) ;
#885 =( BOUNDED_CURVE ( )  B_SPLINE_CURVE ( 2, ( #1079, #148, #2157, #2312, #134, #1812, #1044, #681, #705 ),
 .UNSPECIFIED., .F., .F. ) 
 B_SPLINE_CURVE_WITH_KNOTS ( ( 3, 2, 2, 2, 3 ),
 ( 0.2750000000000000222, 0.2833333333333333259, 0.2999999999999999889, 0.3166666666666666519, 0.3250000000000000111 ),
 .UNSPECIFIED. ) 
 CURVE ( )  GEOMETRIC_REPRESENTATION_ITEM ( )  RATIONAL_B_SPLINE_CURVE ( ( 0.9330127018922194093, 0.9330127018922196314, 1.000000000000000000, 0.8660254037844387076, 1.000000000000000000, 0.8660254037844387076, 1.000000000000000000, 0.9330127018922191873, 0.9330127018922194093 ) ) 
 REPRESENTATION_ITEM ( '' )  );
#886 = B_SPLINE_CURVE_WITH_KNOTS ( 'NONE', 3,
 ( #1164, #464, #1536, #2250, #1343, #1185, #292, #2265, #267, #1008 ),
 .UNSPECIFIED., .F., .F.,
 ( 4, 2, 2, 2, 4 ),
 ( 0.009851129009330597194, 0.01023282272235855397, 0.01061451643538650902, 0.01099621014841446580, 0.01137790386144242258 ),
 .UNSPECIFIED. ) ;
#887 = CARTESIAN_POINT ( 'NONE',  ( -0.8922005383792463995, 1.545336663013162415, -1.591666666666670782 ) ) ;
#888 = FACE_OUTER_BOUND ( 'NONE', #1523, .T. ) ;
#889 = AXIS2_PLACEMENT_3D ( 'NONE', #911, #368, #200 ) ;
#890 = CARTESIAN_POINT ( 'NONE',  ( 0.000000000000000000, -3.281267838218396067E-15, 7.656854249492376141 ) ) ;
#891 = CARTESIAN_POINT ( 'NONE',  ( 0.000000000000000000, 2.037888611415564100, 0.1656249999999878375 ) ) ;
#892 = AXIS2_PLACEMENT_3D ( 'NONE', #1230, #829, #317 ) ;
#893 = CARTESIAN_POINT ( 'NONE',  ( 0.000000000000000000, -1.481417957587430532E-15, -2.000000000000000000 ) ) ;
#894 = EDGE_CURVE ( 'NONE', #842, #48, #1134, .T. ) ;
#895 = CARTESIAN_POINT ( 'NONE',  ( -0.1964808569473870392, -1.329937397324883142, 4.086561724350104896 ) ) ;
#896 = VECTOR ( 'NONE', #869, 1000.000000000000000 ) ;
#897 = CARTESIAN_POINT ( 'NONE',  ( -2.000000000000000000, -4.706279764102867609E-15, 0.9749999999999967581 ) ) ;
#898 = CARTESIAN_POINT ( 'NONE',  ( -1.764863307568874440, 1.018944305707781606, 0.9385416666666617225 ) ) ;
#899 = EDGE_LOOP ( 'NONE', ( #100, #1100, #1555, #2240, #1687, #417, #168, #1607, #655, #541, #321, #242, #1858, #2214, #975, #373, #607, #350, #785, #2297, #2272, #402, #1930, #1151, #2229, #120 ) ) ;
#900 = CARTESIAN_POINT ( 'NONE',  ( -1.338300807568871376, 0.7726683315065808744, -1.533333333333337434 ) ) ;
#901 = CARTESIAN_POINT ( 'NONE',  ( 1.595756897212368131, -1.236067977499713422, -1.459603965354160149 ) ) ;
#902 = CARTESIAN_POINT ( 'NONE',  ( 2.353151076758498661, -1.843084381160375308E-15, 2.090624999999983302 ) ) ;
#903 = ORIENTED_EDGE ( 'NONE', *, *, #617, .F. ) ;
#904 = CARTESIAN_POINT ( 'NONE',  ( -0.7364247641451132642, -1.018200637156977173, 4.006895185592697750 ) ) ;
#905 = SPHERICAL_SURFACE ( 'NONE', #2296, 4.229229689812974868 ) ;
#906 = CARTESIAN_POINT ( 'NONE',  ( 1.176575538379250663, 2.037888611415564100, 1.463541666666660745 ) ) ;
#907 = ORIENTED_EDGE ( 'NONE', *, *, #1922, .T. ) ;
#908 = CARTESIAN_POINT ( 'NONE',  ( 1.732050807568876971, -1.000000000000002442, 0.5666666666666643204 ) ) ;
#909 = CARTESIAN_POINT ( 'NONE',  ( -0.8963550625524168147, 1.285903601431852117, 1.209929904020151659 ) ) ;
#910 = CARTESIAN_POINT ( 'NONE',  ( -2.353151076758498661, -1.266728594347886982E-15, 3.140624999999981348 ) ) ;
#911 = CARTESIAN_POINT ( 'NONE',  ( 0.000000000000000000, -3.281267838218396067E-15, 7.656854249492376141 ) ) ;
#912 = DIRECTION ( 'NONE',  ( -0.000000000000000000, -0.000000000000000000, 1.000000000000000000 ) ) ;
#913 = CARTESIAN_POINT ( 'NONE',  ( -1.338300807568871820, -0.7726683315065827617, -0.01666666666667437208 ) ) ;
#914 = CARTESIAN_POINT ( 'NONE',  ( -0.8922005383792475097, 1.545336663013161749, -0.8041666666666715813 ) ) ;
#915 = EDGE_LOOP ( 'NONE', ( #1552, #233, #729, #1941, #408 ) ) ;
#916 = CARTESIAN_POINT ( 'NONE',  ( -1.545336663013163081, -0.4140717108885830222, -0.6562392608830408536 ) ) ;
#917 = PERSON_AND_ORGANIZATION ( #936, #213 ) ;
#918 = DIRECTION ( 'NONE',  ( 0.8660254037844387076, 0.4999999999999999445, 0.000000000000000000 ) ) ;
#919 = EDGE_CURVE ( 'NONE', #1140, #2193, #409, .T. ) ;
#920 = CARTESIAN_POINT ( 'NONE',  ( 2.353151076758498661, -1.843084381160375308E-15, 4.190624999999978506 ) ) ;
#921 = CARTESIAN_POINT ( 'NONE',  ( 1.338300807568870043, -0.7726683315065860924, 1.004166666666657548 ) ) ;
#922 = CARTESIAN_POINT ( 'NONE',  ( 1.545336663013163525, -3.137519842735244810E-15, 0.9749999999999899858 ) ) ;
#923 = CARTESIAN_POINT ( 'NONE',  ( 0.8922005383792486199, 1.545336663013161305, 1.091666666666656571 ) ) ;
#924 = CIRCLE ( 'NONE', #1038, 1.475000000000000755 ) ;
#925 = CARTESIAN_POINT ( 'NONE',  ( 0.000000000000000000, 1.545336663013161749, -2.262500000000001510 ) ) ;
#926 = ORIENTED_EDGE ( 'NONE', *, *, #894, .F. ) ;
#927 = CARTESIAN_POINT ( 'NONE',  ( -1.061220998815845196, 1.695231545150188257, 1.650000000000002576 ) ) ;
#928 = DATE_AND_TIME ( #1082, #1233 ) ;
#929 = CARTESIAN_POINT ( 'NONE',  ( 0.000000000000000000, -5.019177671007510732E-16, 4.200000000000000178 ) ) ;
#930 = EDGE_CURVE ( 'NONE', #702, #1863, #1455, .T. ) ;
#931 = CARTESIAN_POINT ( 'NONE',  ( 1.226522136895187964, 1.176416689280133099, -1.810269700407750149 ) ) ;
#932 = CARTESIAN_POINT ( 'NONE',  ( -1.249999999999999334, 0.7216878364870307205, 2.660000000000000142 ) ) ;
#933 = EDGE_LOOP ( 'NONE', ( #1462, #1506, #123 ) ) ;
#934 = CARTESIAN_POINT ( 'NONE',  ( -1.545336663013163969, -0.4140717108885809683, 0.6562607391169552606 ) ) ;
#935 = CARTESIAN_POINT ( 'NONE',  ( -1.338300807568871820, -0.7726683315065827617, -0.7166666666666727803 ) ) ;
#936 = PERSON ( 'UNSPECIFIED', 'UNSPECIFIED', 'UNSPECIFIED', ('UNSPECIFIED'), ('UNSPECIFIED'), ('UNSPECIFIED') ) ;
#937 = CARTESIAN_POINT ( 'NONE',  ( 0.8922005383792472877, -1.545336663013165079, 0.2458333333333262150 ) ) ;
#938 = DESIGN_CONTEXT ( 'detailed design', #1693, 'design' ) ;
#939 = VERTEX_POINT ( 'NONE', #220 ) ;
#940 = CARTESIAN_POINT ( 'NONE',  ( 0.09766419351501155754, -1.386989224557985345, 4.143613551583920973 ) ) ;
#941 = APPROVAL_ROLE ( '' ) ;
#942 = CARTESIAN_POINT ( 'NONE',  ( 1.154700538379252572, 1.999999999999997780, 0.04166666666666571373 ) ) ;
#943 = CARTESIAN_POINT ( 'NONE',  ( -0.09766419351501175183, 1.386989224557983125, 4.143613551583919197 ) ) ;
#944 =( BOUNDED_CURVE ( )  B_SPLINE_CURVE ( 2, ( #1227, #3, #331, #2150, #14, #887, #900, #732, #2184 ),
 .UNSPECIFIED., .F., .F. ) 
 B_SPLINE_CURVE_WITH_KNOTS ( ( 3, 2, 2, 2, 3 ),
 ( 0.07499999999999999722, 0.08333333333333332871, 0.1000000000000000056, 0.1166666666666666685, 0.1250000000000000000 ),
 .UNSPECIFIED. ) 
 CURVE ( )  GEOMETRIC_REPRESENTATION_ITEM ( )  RATIONAL_B_SPLINE_CURVE ( ( 0.9330127018922194093, 0.9330127018922194093, 1.000000000000000000, 0.8660254037844387076, 1.000000000000000000, 0.8660254037844387076, 1.000000000000000000, 0.9330127018922194093, 0.9330127018922194093 ) ) 
 REPRESENTATION_ITEM ( '' )  );
#945 = CARTESIAN_POINT ( 'NONE',  ( 2.353151076758498661, -1.843084381160375308E-15, 3.490624999999980105 ) ) ;
#946 = ORIENTED_EDGE ( 'NONE', *, *, #879, .F. ) ;
#947 = CARTESIAN_POINT ( 'NONE',  ( -1.249999999999999334, -0.6098713261164995236, 4.144091744814734746 ) ) ;
#948 = EDGE_CURVE ( 'NONE', #1788, #715, #382, .T. ) ;
#949 = CARTESIAN_POINT ( 'NONE',  ( 1.784401076758495464, -1.738606701108116332E-15, 0.9749999999999897637 ) ) ;
#950 = MANIFOLD_SOLID_BREP ( 'Boss-Extrude1', #172 ) ;
#951 = ORIENTED_EDGE ( 'NONE', *, *, #1692, .F. ) ;
#952 = CARTESIAN_POINT ( 'NONE',  ( -1.338300807568871820, -0.7726683315065827617, 0.07083333333332639259 ) ) ;
#953 = EDGE_LOOP ( 'NONE', ( #697, #2073, #37, #2285, #1208, #750, #2095 ) ) ;
#954 = DIRECTION ( 'NONE',  ( -0.8660254037844387076, -0.4999999999999998890, 0.000000000000000000 ) ) ;
#955 = CARTESIAN_POINT ( 'NONE',  ( 1.435668260416445241, 0.8856830049532822269, -1.823513957859616230 ) ) ;
#956 = ADVANCED_FACE ( 'NONE', ( #2204 ), #579, .T. ) ;
#957 = ORIENTED_EDGE ( 'NONE', *, *, #1382, .F. ) ;
#958 =( BOUNDED_CURVE ( )  B_SPLINE_CURVE ( 2, ( #1798, #169, #1982, #1076, #1728, #1626, #1218, #1809, #146 ),
 .UNSPECIFIED., .F., .F. ) 
 B_SPLINE_CURVE_WITH_KNOTS ( ( 3, 2, 2, 2, 3 ),
 ( 0.2749999999999999667, 0.2833333333333333259, 0.2999999999999999889, 0.3166666666666666519, 0.3250000000000000111 ),
 .UNSPECIFIED. ) 
 CURVE ( )  GEOMETRIC_REPRESENTATION_ITEM ( )  RATIONAL_B_SPLINE_CURVE ( ( 0.9330127018922194093, 0.9330127018922191873, 1.000000000000000000, 0.8660254037844388186, 1.000000000000000000, 0.8660254037844388186, 1.000000000000000000, 0.9330127018922191873, 0.9330127018922194093 ) ) 
 REPRESENTATION_ITEM ( '' )  );
#959 = CARTESIAN_POINT ( 'NONE',  ( 1.545336663013163303, -2.382190991706389344E-15, -0.3375000000000057399 ) ) ;
#960 = ADVANCED_FACE ( 'NONE', ( #33 ), #1113, .T. ) ;
#961 = CARTESIAN_POINT ( 'NONE',  ( -0.8922005383792475097, 1.545336663013161749, 3.308333333333317583 ) ) ;
#962 = ORIENTED_EDGE ( 'NONE', *, *, #1264, .F. ) ;
#963 = EDGE_CURVE ( 'NONE', #530, #1666, #2230, .T. ) ;
#964 = CARTESIAN_POINT ( 'NONE',  ( -1.338300807568871820, -0.7726683315065827617, -2.029166666666668561 ) ) ;
#965 = VERTEX_POINT ( 'NONE', #1870 ) ;
#966 = CARTESIAN_POINT ( 'NONE',  ( 1.732050807568877859, 0.9999999999999972244, 1.383333333333328863 ) ) ;
#967 = AXIS2_PLACEMENT_3D ( 'NONE', #1910, #1886, #1314 ) ;
#968 = CARTESIAN_POINT ( 'NONE',  ( -1.545336663013163303, -1.221568381254596834E-15, -2.000000000000000444 ) ) ;
#969 = CYLINDRICAL_SURFACE ( 'NONE', #56, 1.999999999999998668 ) ;
#970 = CARTESIAN_POINT ( 'NONE',  ( 1.999999999999997335, -0.5358983848622507207, 1.293739260883031150 ) ) ;
#971 = CARTESIAN_POINT ( 'NONE',  ( -1.154700538379251240, 1.999999999999998668, -0.5416666666666664076 ) ) ;
#972 = CARTESIAN_POINT ( 'NONE',  ( 0.8922005383792472877, -1.545336663013165079, 4.358333333333315629 ) ) ;
#973 = EDGE_LOOP ( 'NONE', ( #65, #53, #276, #1085 ) ) ;
#974 = CARTESIAN_POINT ( 'NONE',  ( -1.784401076758495464, -1.301554487698640105E-15, 4.212499999999983480 ) ) ;
#975 = ORIENTED_EDGE ( 'NONE', *, *, #1692, .T. ) ;
#976 = CARTESIAN_POINT ( 'NONE',  ( 0.2607644284990332517, 1.964040942055087058, 1.601649838661802105 ) ) ;
#977 = EDGE_CURVE ( 'NONE', #1900, #1325, #235, .T. ) ;
#978 = DIRECTION ( 'NONE',  ( 1.000000000000000000, 0.000000000000000000, 0.000000000000000000 ) ) ;
#979 = LINE ( 'NONE', #82, #624 ) ;
#980 = PLANE ( 'NONE',  #967 ) ;
#981 = CARTESIAN_POINT ( 'NONE',  ( 1.154700538379252350, 1.999999999999997335, 0.1291666666666528573 ) ) ;
#982 = CARTESIAN_POINT ( 'NONE',  ( 0.8922005383792472877, -1.545336663013165079, 2.258333333333320425 ) ) ;
#983 = ORIENTED_EDGE ( 'NONE', *, *, #930, .F. ) ;
#984 = CARTESIAN_POINT ( 'NONE',  ( 0.8922005383792472877, -1.545336663013165079, 0.9458333333333246440 ) ) ;
#985 = VERTEX_POINT ( 'NONE', #756 ) ;
#986 = CARTESIAN_POINT ( 'NONE',  ( -1.176575538379249330, 2.037888611415564544, -1.919791666666665009 ) ) ;
#987 = CARTESIAN_POINT ( 'NONE',  ( 1.154700538379252572, 1.999999999999997780, 0.7416666666666641428 ) ) ;
#988 = CARTESIAN_POINT ( 'NONE',  ( -2.449293598294706414E-16, -2.000000000000001332, -0.9499999999999988454 ) ) ;
#989 = EDGE_CURVE ( 'NONE', #61, #872, #1307, .T. ) ;
#990 = DIRECTION ( 'NONE',  ( 0.000000000000000000, 0.000000000000000000, -1.000000000000000000 ) ) ;
#991 = DIRECTION ( 'NONE',  ( 1.000000000000000000, 0.000000000000000000, 0.000000000000000000 ) ) ;
#992 = CARTESIAN_POINT ( 'NONE',  ( 0.000000000000000000, 1.545336663013161749, 2.549999999999986500 ) ) ;
#993 = VERTEX_POINT ( 'NONE', #813 ) ;
#994 = CARTESIAN_POINT ( 'NONE',  ( -1.338300807568871820, -0.7726683315065827617, 2.870833333333319803 ) ) ;
#995 = ORIENTED_EDGE ( 'NONE', *, *, #1264, .T. ) ;
#996 = CARTESIAN_POINT ( 'NONE',  ( -1.942223146741672704E-16, -1.585945554337728991, -1.889054445662272430 ) ) ;
#997 = CARTESIAN_POINT ( 'NONE',  ( 0.000000000000000000, -1.410817541051009211E-15, -2.000000000000000444 ) ) ;
#998 = AXIS2_PLACEMENT_3D ( 'NONE', #1104, #2205, #1296 ) ;
#999 = DIRECTION ( 'NONE',  ( -0.000000000000000000, -0.000000000000000000, 1.000000000000000000 ) ) ;
#1000 = VECTOR ( 'NONE', #514, 1000.000000000000000 ) ;
#1001 = CARTESIAN_POINT ( 'NONE',  ( 1.338300807568874040, 0.7726683315065761004, -0.2791666666666727803 ) ) ;
#1002 = CARTESIAN_POINT ( 'NONE',  ( 0.000000000000000000, -1.998871274622252619E-15, 2.330000000000000071 ) ) ;
#1003 = APPROVAL_PERSON_ORGANIZATION ( #1838, #718, #2 ) ;
#1004 = CARTESIAN_POINT ( 'NONE',  ( -0.1411573794275088611, -1.731218321949375083, 1.383237516787103161 ) ) ;
#1005 = CARTESIAN_POINT ( 'NONE',  ( -0.8922005383792475097, 1.545336663013161749, 2.608333333333319626 ) ) ;
#1006 = CARTESIAN_POINT ( 'NONE',  ( 0.8922005383792486199, 1.545336663013161305, 3.279166666666652130 ) ) ;
#1007 = ORIENTED_EDGE ( 'NONE', *, *, #2037, .T. ) ;
#1008 = CARTESIAN_POINT ( 'NONE',  ( 1.401258538444200008, -1.427050983124719341, -1.474999999999999645 ) ) ;
#1009 = CARTESIAN_POINT ( 'NONE',  ( -1.154700538379252128, -2.000000000000000444, 1.179166666666650043 ) ) ;
#1010 = DIRECTION ( 'NONE',  ( 0.4999999999999998335, 0.8660254037844387076, 0.000000000000000000 ) ) ;
#1011 = CARTESIAN_POINT ( 'NONE',  ( -0.9140018367341965488, -1.680738473285245282, -1.565552268677542047 ) ) ;
#1012 = FACE_OUTER_BOUND ( 'NONE', #256, .T. ) ;
#1013 = CARTESIAN_POINT ( 'NONE',  ( 1.652602344234539222, -0.7667566113729294974, 1.468250729123990350 ) ) ;
#1014 = CARTESIAN_POINT ( 'NONE',  ( -2.353151076758498661, -1.266728594347886982E-15, -0.3593750000000107137 ) ) ;
#1015 = EDGE_CURVE ( 'NONE', #715, #1677, #2341, .T. ) ;
#1016 = CARTESIAN_POINT ( 'NONE',  ( -0.8922005383792475097, 1.545336663013161749, 3.395833333333318826 ) ) ;
#1017 = ORIENTED_EDGE ( 'NONE', *, *, #2305, .F. ) ;
#1018 = CARTESIAN_POINT ( 'NONE',  ( 1.423445448163244809, -1.146454715144225478, -1.651064154064177947 ) ) ;
#1019 = ORIENTED_EDGE ( 'NONE', *, *, #2053, .F. ) ;
#1020 = DIRECTION ( 'NONE',  ( -0.000000000000000000, -1.195042302620835759E-16, 1.000000000000000000 ) ) ;
#1021 = CARTESIAN_POINT ( 'NONE',  ( -2.449293598294706414E-16, -2.000000000000001332, -0.1625000000000133282 ) ) ;
#1022 = CARTESIAN_POINT ( 'NONE',  ( -1.732050807568877415, -1.000000000000001110, -0.3666666666666668073 ) ) ;
#1023 = CYLINDRICAL_SURFACE ( 'NONE', #1078, 1.999999999999998668 ) ;
#1024 = CARTESIAN_POINT ( 'NONE',  ( 2.353151076758498661, -1.843084381160375308E-15, -0.009375000000011976184 ) ) ;
#1025 = ORIENTED_EDGE ( 'NONE', *, *, #1589, .F. ) ;
#1026 = CARTESIAN_POINT ( 'NONE',  ( 1.732050807568876971, -1.000000000000002442, -1.445833333333343740 ) ) ;
#1027 = CARTESIAN_POINT ( 'NONE',  ( -1.764863307568874440, 1.018944305707781606, 0.2385416666666633767 ) ) ;
#1028 = EDGE_CURVE ( 'NONE', #2343, #304, #1173, .T. ) ;
#1029 =( BOUNDED_CURVE ( )  B_SPLINE_CURVE ( 2, ( #2092, #1719, #1348, #971, #1507, #608, #74, #1887, #2245 ),
 .UNSPECIFIED., .F., .F. ) 
 B_SPLINE_CURVE_WITH_KNOTS ( ( 3, 2, 2, 2, 3 ),
 ( 0.7749999999999999112, 0.7833333333333333259, 0.8000000000000000444, 0.8166666666666666519, 0.8249999999999999556 ),
 .UNSPECIFIED. ) 
 CURVE ( )  GEOMETRIC_REPRESENTATION_ITEM ( )  RATIONAL_B_SPLINE_CURVE ( ( 0.9330127018922194093, 0.9330127018922189652, 1.000000000000000000, 0.8660254037844387076, 1.000000000000000000, 0.8660254037844387076, 1.000000000000000000, 0.9330127018922198534, 0.9330127018922194093 ) ) 
 REPRESENTATION_ITEM ( '' )  );
#1030 = CARTESIAN_POINT ( 'NONE',  ( -2.495693764988917238E-16, -2.037888611415567208, 3.971874999999988276 ) ) ;
#1031 = ORIENTED_EDGE ( 'NONE', *, *, #354, .F. ) ;
#1032 = CARTESIAN_POINT ( 'NONE',  ( -0.8922005383792460664, 1.545336663013162415, -0.8916666666666723806 ) ) ;
#1033 = AXIS2_PLACEMENT_3D ( 'NONE', #1297, #211, #783 ) ;
#1034 = LINE ( 'NONE', #1921, #357 ) ;
#1035 = AXIS2_PLACEMENT_3D ( 'NONE', #2181, #1321, #1655 ) ;
#1036 = CARTESIAN_POINT ( 'NONE',  ( 1.545336663013163081, -0.4140717108885849651, -1.768760739116967073 ) ) ;
#1037 = CARTESIAN_POINT ( 'NONE',  ( 1.545336663013163969, 0.4140717108885779707, 1.093760739116955261 ) ) ;
#1038 = AXIS2_PLACEMENT_3D ( 'NONE', #1430, #1069, #1580 ) ;
#1039 = CARTESIAN_POINT ( 'NONE',  ( 1.849431033398792446, -8.802486225451659816E-15, 1.499431033398794133 ) ) ;
#1040 = CARTESIAN_POINT ( 'NONE',  ( 1.764863307568873774, -1.018944305707785158, -1.467708333333341608 ) ) ;
#1041 = VECTOR ( 'NONE', #1225, 1000.000000000000000 ) ;
#1042 = ORIENTED_EDGE ( 'NONE', *, *, #2337, .T. ) ;
#1043 = CARTESIAN_POINT ( 'NONE',  ( -1.301042606982605321E-15, -1.443375672974064328, 4.200000000000000178 ) ) ;
#1044 = CARTESIAN_POINT ( 'NONE',  ( -1.338300807568870265, 0.7726683315065828728, -0.1333333333333407700 ) ) ;
#1045 = CARTESIAN_POINT ( 'NONE',  ( 1.176575538379250663, 2.037888611415564100, -1.336458333333332860 ) ) ;
#1046 = CARTESIAN_POINT ( 'NONE',  ( -1.176575538379249330, 2.037888611415564544, 0.8802083333333282633 ) ) ;
#1047 = ORIENTED_EDGE ( 'NONE', *, *, #140, .F. ) ;
#1048 = CARTESIAN_POINT ( 'NONE',  ( 1.338300807568872486, 0.7726683315065787649, -1.066666666666671981 ) ) ;
#1049 =( BOUNDED_CURVE ( )  B_SPLINE_CURVE ( 2, ( #521, #1989, #365, #197, #532, #1435, #1816, #1586, #1783 ),
 .UNSPECIFIED., .F., .F. ) 
 B_SPLINE_CURVE_WITH_KNOTS ( ( 3, 2, 2, 2, 3 ),
 ( 0.1250000000000000000, 0.1333333333333333315, 0.1499999999999999944, 0.1666666666666666574, 0.1749999999999999889 ),
 .UNSPECIFIED. ) 
 CURVE ( )  GEOMETRIC_REPRESENTATION_ITEM ( )  RATIONAL_B_SPLINE_CURVE ( ( 0.9330127018922194093, 0.9330127018922194093, 1.000000000000000000, 0.8660254037844387076, 1.000000000000000000, 0.8660254037844387076, 1.000000000000000000, 0.9330127018922194093, 0.9330127018922194093 ) ) 
 REPRESENTATION_ITEM ( '' )  );
#1050 = LINE ( 'NONE', #543, #2340 ) ;
#1051 = EDGE_CURVE ( 'NONE', #939, #1, #257, .T. ) ;
#1052 = CARTESIAN_POINT ( 'NONE',  ( 1.249999999999999334, 0.7216878364870317197, 4.200000000000000178 ) ) ;
#1053 = CARTESIAN_POINT ( 'NONE',  ( 1.443375672974063884, -5.019177671007510732E-16, 4.200000000000000178 ) ) ;
#1054 = CYLINDRICAL_SURFACE ( 'NONE', #1380, 1.999999999999998668 ) ;
#1055 = CARTESIAN_POINT ( 'NONE',  ( -1.176575538379249108, 2.037888611415564100, 0.2239583333333208248 ) ) ;
#1056 = CARTESIAN_POINT ( 'NONE',  ( 0.000000000000000000, 1.545336663013161749, 4.737499999999982059 ) ) ;
#1057 = FACE_OUTER_BOUND ( 'NONE', #594, .T. ) ;
#1058 = CARTESIAN_POINT ( 'NONE',  ( -1.764863307568874440, 1.018944305707781606, 1.638541666666660124 ) ) ;
#1059 = ORIENTED_EDGE ( 'NONE', *, *, #2199, .F. ) ;
#1060 =( NAMED_UNIT ( * ) SI_UNIT ( $, .STERADIAN. ) SOLID_ANGLE_UNIT ( ) );
#1061 = DIRECTION ( 'NONE',  ( 0.000000000000000000, 1.000000000000000000, 1.195042302620835759E-16 ) ) ;
#1062 = CARTESIAN_POINT ( 'NONE',  ( -1.374534231033727183, -1.297395611655246084, -1.588683321250143221 ) ) ;
#1063 = EDGE_CURVE ( 'NONE', #1, #1375, #1649, .T. ) ;
#1064 = FACE_OUTER_BOUND ( 'NONE', #2238, .T. ) ;
#1065 = CARTESIAN_POINT ( 'NONE',  ( -1.764863307568874218, -1.018944305707783826, -1.001041666666676155 ) ) ;
#1066 = ORIENTED_EDGE ( 'NONE', *, *, #1367, .T. ) ;
#1067 = DIRECTION ( 'NONE',  ( 1.000000000000000000, 6.860497997771531562E-15, 8.198585324382525034E-31 ) ) ;
#1068 = CARTESIAN_POINT ( 'NONE',  ( 0.8922005383792538380, 1.545336663013157530, 0.3916666666666582253 ) ) ;
#1069 = DIRECTION ( 'NONE',  ( -0.000000000000000000, -1.195042302620835759E-16, 1.000000000000000000 ) ) ;
#1070 = CARTESIAN_POINT ( 'NONE',  ( 1.764863307568874218, -1.018944305707785380, 1.288541666666660923 ) ) ;
#1071 = ORIENTED_EDGE ( 'NONE', *, *, #2226, .F. ) ;
#1072 = CARTESIAN_POINT ( 'NONE',  ( 2.000000000000000000, -5.694017492371369363E-15, 0.7124999999999842570 ) ) ;
#1073 = CARTESIAN_POINT ( 'NONE',  ( 2.653525817520779772E-14, -3.799999999999998490, 2.329999999999999627 ) ) ;
#1074 = CARTESIAN_POINT ( 'NONE',  ( -1.764863307568873996, 1.018944305707781606, 3.082291666666647334 ) ) ;
#1075 = VECTOR ( 'NONE', #1180, 1000.000000000000000 ) ;
#1076 = CARTESIAN_POINT ( 'NONE',  ( 1.154700538379252350, 1.999999999999997335, -0.5708333333333454052 ) ) ;
#1077 = CARTESIAN_POINT ( 'NONE',  ( 1.147428993866131787E-16, 1.443375672974062551, 2.660000000000000142 ) ) ;
#1078 = AXIS2_PLACEMENT_3D ( 'NONE', #1397, #4, #1624 ) ;
#1079 = CARTESIAN_POINT ( 'NONE',  ( 1.545336663013163303, -2.382190991706389344E-15, -0.4250000000000065392 ) ) ;
#1080 = CARTESIAN_POINT ( 'NONE',  ( -1.176575538379250219, -2.037888611415567208, 1.813541666666659502 ) ) ;
#1081 = ORIENTED_EDGE ( 'NONE', *, *, #1756, .T. ) ;
#1082 = CALENDAR_DATE ( 2026, 25, 6 ) ;
#1083 = CARTESIAN_POINT ( 'NONE',  ( 0.000000000000000000, -2.222344185212348905E-15, 4.200000000000000178 ) ) ;
#1084 = CARTESIAN_POINT ( 'NONE',  ( -1.764863307568874218, -1.018944305707783826, 3.198958333333314030 ) ) ;
#1085 = ORIENTED_EDGE ( 'NONE', *, *, #747, .F. ) ;
#1086 = CARTESIAN_POINT ( 'NONE',  ( 1.176349993615376510, -1.041119734936260421, -1.913638237299511102 ) ) ;
#1087 = CC_DESIGN_PERSON_AND_ORGANIZATION_ASSIGNMENT ( #2023, #1103, ( #482 ) ) ;
#1088 = CARTESIAN_POINT ( 'NONE',  ( 2.000000000000000000, -2.207884333776653740E-15, -1.387500000000010614 ) ) ;
#1089 = CARTESIAN_POINT ( 'NONE',  ( -1.892491597964122291E-16, -1.545336663013164857, 0.09999999999999202582 ) ) ;
#1090 = EDGE_CURVE ( 'NONE', #1850, #1405, #1553, .T. ) ;
#1091 = CARTESIAN_POINT ( 'NONE',  ( -2.353151076758499105, -1.266728594347886982E-15, 4.496874999999986855 ) ) ;
#1092 = ORIENTED_EDGE ( 'NONE', *, *, #1051, .F. ) ;
#1093 = CARTESIAN_POINT ( 'NONE',  ( 0.8922005383792459554, -1.545336663013165746, -0.4541666666666724916 ) ) ;
#1094 = CARTESIAN_POINT ( 'NONE',  ( 0.1964808569473857069, 1.329937397324881809, 4.086561724350102232 ) ) ;
#1095 = CARTESIAN_POINT ( 'NONE',  ( -2.353151076758498661, -1.266728594347886982E-15, 1.740624999999984324 ) ) ;
#1096 = CARTESIAN_POINT ( 'NONE',  ( -1.545336663013163969, -0.4140717108885809683, 0.7437607391169561710 ) ) ;
#1097 = CARTESIAN_POINT ( 'NONE',  ( -0.8922005383792505073, -1.545336663013163081, -0.6583333333333396542 ) ) ;
#1098 = CARTESIAN_POINT ( 'NONE',  ( 0.000000000000000000, 1.545336663013161749, -0.2500000000000071609 ) ) ;
#1099 = CARTESIAN_POINT ( 'NONE',  ( 2.353151076758499105, -1.843084381160375702E-15, 4.846874999999984723 ) ) ;
#1100 = ORIENTED_EDGE ( 'NONE', *, *, #369, .F. ) ;
#1101 = EDGE_CURVE ( 'NONE', #48, #1224, #1679, .T. ) ;
#1102 = DIRECTION ( 'NONE',  ( 0.000000000000000000, 0.000000000000000000, -1.000000000000000000 ) ) ;
#1103 = PERSON_AND_ORGANIZATION_ROLE ( 'design_owner' ) ;
#1104 = CARTESIAN_POINT ( 'NONE',  ( -5.661575077825122264E-30, 7.541778116690570725E-16, 0.4735561497326238323 ) ) ;
#1105 = CARTESIAN_POINT ( 'NONE',  ( -1.732050807568877193, 0.9999999999999986677, -1.183333333333331572 ) ) ;
#1106 =( BOUNDED_CURVE ( )  B_SPLINE_CURVE ( 2, ( #2124, #270, #2112, #1369, #988, #827, #2304, #1740, #2099 ),
 .UNSPECIFIED., .F., .F. ) 
 B_SPLINE_CURVE_WITH_KNOTS ( ( 3, 2, 2, 2, 3 ),
 ( 0.8249999999999999556, 0.8333333333333333703, 0.8499999999999999778, 0.8666666666666666963, 0.8750000000000000000 ),
 .UNSPECIFIED. ) 
 CURVE ( )  GEOMETRIC_REPRESENTATION_ITEM ( )  RATIONAL_B_SPLINE_CURVE ( ( 0.9330127018922194093, 0.9330127018922189652, 1.000000000000000000, 0.8660254037844387076, 1.000000000000000000, 0.8660254037844387076, 1.000000000000000000, 0.9330127018922194093, 0.9330127018922194093 ) ) 
 REPRESENTATION_ITEM ( '' )  );
#1107 = CARTESIAN_POINT ( 'NONE',  ( 1.764863307568873774, -1.018944305707785158, 2.032291666666650176 ) ) ;
#1108 = EDGE_LOOP ( 'NONE', ( #2283, #215, #254, #1293, #799 ) ) ;
#1109 = LINE ( 'NONE', #762, #814 ) ;
#1110 = CIRCLE ( 'NONE', #1261, 1.443375672974063884 ) ;
#1111 = CARTESIAN_POINT ( 'NONE',  ( 1.545336663013163303, -2.382190991706389344E-15, -0.4250000000000065392 ) ) ;
#1112 = CARTESIAN_POINT ( 'NONE',  ( -1.784401076758495464, -1.301554487698640105E-15, -0.7750000000000059064 ) ) ;
#1113 = CONICAL_SURFACE ( 'NONE', #432, 1.999999999999998668, 0.7853981633974500554 ) ;
#1114 = AXIS2_PLACEMENT_3D ( 'NONE', #435, #990, #1537 ) ;
#1115 = CARTESIAN_POINT ( 'NONE',  ( -1.764863307568874440, 1.018944305707781606, 4.438541666666654173 ) ) ;
#1116 = EDGE_LOOP ( 'NONE', ( #422, #2134, #2180 ) ) ;
#1117 = CARTESIAN_POINT ( 'NONE',  ( 0.000000000000000000, -1.475000000000002309, -2.000000000000000000 ) ) ;
#1118 = CALENDAR_DATE ( 2026, 25, 6 ) ;
#1119 = DIRECTION ( 'NONE',  ( 0.000000000000000000, -1.000000000000000000, -1.403192195507069316E-16 ) ) ;
#1120 = CARTESIAN_POINT ( 'NONE',  ( 0.000000000000000000, 1.999999999999998668, 1.587499999999982592 ) ) ;
#1121 = EDGE_CURVE ( 'NONE', #1597, #1299, #886, .T. ) ;
#1122 = CARTESIAN_POINT ( 'NONE',  ( 0.000000000000000000, 2.037888611415564100, 1.565624999999984501 ) ) ;
#1123 = ORIENTED_EDGE ( 'NONE', *, *, #1015, .F. ) ;
#1124 = CARTESIAN_POINT ( 'NONE',  ( -1.732050807568877193, 0.9999999999999986677, 1.004166666666650665 ) ) ;
#1125 = CARTESIAN_POINT ( 'NONE',  ( -1.249999999999999334, 0.1271651115996599857, 4.006632329278799531 ) ) ;
#1126 = CARTESIAN_POINT ( 'NONE',  ( -0.8922005383792475097, 1.545336663013161749, -0.1916666666666741736 ) ) ;
#1127 = EDGE_LOOP ( 'NONE', ( #381, #884 ) ) ;
#1128 = CARTESIAN_POINT ( 'NONE',  ( 1.784401076758495464, -1.738606701108116332E-15, -1.037500000000004308 ) ) ;
#1129 = ORIENTED_EDGE ( 'NONE', *, *, #497, .T. ) ;
#1130 = CARTESIAN_POINT ( 'NONE',  ( 0.4044126993943254478, -1.209887892115047991, 4.027169435921575946 ) ) ;
#1131 = CARTESIAN_POINT ( 'NONE',  ( 1.615649948907897038, 0.2236135791903306191, -1.853073735155627677 ) ) ;
#1132 = CARTESIAN_POINT ( 'NONE',  ( -1.249999999999999334, -0.7216878364870333851, 2.660000000000000142 ) ) ;
#1133 = ADVANCED_FACE ( 'NONE', ( #2074 ), #250, .T. ) ;
#1134 = B_SPLINE_CURVE_WITH_KNOTS ( 'NONE', 3,
 ( #195, #940, #768, #1130, #2036, #1478, #2010, #1851 ),
 .UNSPECIFIED., .F., .F.,
 ( 4, 2, 2, 4 ),
 ( 2.544378114028019596E-07, 0.0003729905366538287617, 0.0007457266354962547358, 0.001491198833181106792 ),
 .UNSPECIFIED. ) ;
#1135 = ORIENTED_EDGE ( 'NONE', *, *, #1459, .T. ) ;
#1136 = CARTESIAN_POINT ( 'NONE',  ( -1.999999999999999556, -1.220146605508150803E-15, 1.062499999999983791 ) ) ;
#1137 = CARTESIAN_POINT ( 'NONE',  ( 1.338300807568871598, -0.7726683315065836499, 0.9166666666666567487 ) ) ;
#1138 = ORIENTED_EDGE ( 'NONE', *, *, #194, .F. ) ;
#1139 = CARTESIAN_POINT ( 'NONE',  ( -0.8922005383792475097, 1.545336663013161749, -2.204166666666668828 ) ) ;
#1140 = VERTEX_POINT ( 'NONE', #322 ) ;
#1141 = DIRECTION ( 'NONE',  ( 0.000000000000000000, 0.000000000000000000, -1.000000000000000000 ) ) ;
#1142 = CARTESIAN_POINT ( 'NONE',  ( -1.852249751595346439, 0.6693945221673833768, 1.615271957316516627 ) ) ;
#1143 = DIRECTION ( 'NONE',  ( 0.000000000000000000, 0.000000000000000000, 1.000000000000000000 ) ) ;
#1144 = CARTESIAN_POINT ( 'NONE',  ( -1.732050807568877415, -1.000000000000001110, 1.033333333333329662 ) ) ;
#1145 = ORIENTED_EDGE ( 'NONE', *, *, #1239, .T. ) ;
#1146 = CARTESIAN_POINT ( 'NONE',  ( 0.000000000000000000, 1.999999999999998668, 0.1874999999999858447 ) ) ;
#1147 = CARTESIAN_POINT ( 'NONE',  ( -1.338300807568871598, 0.7726683315065804303, 3.366666666666650709 ) ) ;
#1148 = ORIENTED_EDGE ( 'NONE', *, *, #369, .T. ) ;
#1149 = CARTESIAN_POINT ( 'NONE',  ( -1.892491597964122291E-16, -1.545336663013164857, 0.8874999999999911848 ) ) ;
#1150 = VECTOR ( 'NONE', #1231, 1000.000000000000000 ) ;
#1151 = ORIENTED_EDGE ( 'NONE', *, *, #194, .T. ) ;
#1152 = CARTESIAN_POINT ( 'NONE',  ( 1.722225009366609827, -0.7783076216072032372, -1.588763324960648760 ) ) ;
#1153 = AXIS2_PLACEMENT_3D ( 'NONE', #1393, #1739, #1608 ) ;
#1154 = CIRCLE ( 'NONE', #2031, 3.799999999999996714 ) ;
#1155 = CARTESIAN_POINT ( 'NONE',  ( 1.545336663013163303, -1.410817541051009211E-15, -2.000000000000000444 ) ) ;
#1156 = CARTESIAN_POINT ( 'NONE',  ( 0.000000000000000000, -5.019177671007510732E-16, 4.200000000000000178 ) ) ;
#1157 = CARTESIAN_POINT ( 'NONE',  ( -2.000000000000000000, -4.706279764102867609E-15, 0.9749999999999967581 ) ) ;
#1158 = CARTESIAN_POINT ( 'NONE',  ( 1.545336663013163303, -0.4140717108885864639, -0.4562607391169708482 ) ) ;
#1159 = EDGE_CURVE ( 'NONE', #993, #1488, #2192, .T. ) ;
#1160 = CARTESIAN_POINT ( 'NONE',  ( -0.8922005383792482869, -1.545336663013164635, 3.541666666666650087 ) ) ;
#1161 = VERTEX_POINT ( 'NONE', #1604 ) ;
#1162 = CARTESIAN_POINT ( 'NONE',  ( 1.338300807568871598, -0.7726683315065836499, 1.004166666666657548 ) ) ;
#1163 = ORIENTED_EDGE ( 'NONE', *, *, #2066, .F. ) ;
#1164 = CARTESIAN_POINT ( 'NONE',  ( -2.381359039295037293E-16, -1.944527222831132995, -1.530472777168867538 ) ) ;
#1165 = ADVANCED_FACE ( 'NONE', ( #881 ), #1811, .T. ) ;
#1166 = CARTESIAN_POINT ( 'NONE',  ( -1.036822160649997882, 1.485502617271449832, 1.457032333653986322 ) ) ;
#1167 = PLANE ( 'NONE',  #93 ) ;
#1168 = CARTESIAN_POINT ( 'NONE',  ( -1.999999999999999112, -0.5358983848622482782, 0.3937607391169498650 ) ) ;
#1169 = CARTESIAN_POINT ( 'NONE',  ( -1.764863307568874218, -1.018944305707783826, -2.401041666666672736 ) ) ;
#1170 = ORIENTED_EDGE ( 'NONE', *, *, #2049, .T. ) ;
#1171 = CARTESIAN_POINT ( 'NONE',  ( -0.8922005383792482869, -1.545336663013164635, 2.229166666666654528 ) ) ;
#1172 = EDGE_LOOP ( 'NONE', ( #1498, #2083 ) ) ;
#1173 = LINE ( 'NONE', #477, #1763 ) ;
#1174 = EDGE_LOOP ( 'NONE', ( #1948, #302, #98, #903 ) ) ;
#1175 = EDGE_CURVE ( 'NONE', #1540, #2169, #738, .T. ) ;
#1176 = LINE ( 'NONE', #1155, #781 ) ;
#1177 = DIRECTION ( 'NONE',  ( 1.000000000000000000, 0.000000000000000000, 0.000000000000000000 ) ) ;
#1178 = CARTESIAN_POINT ( 'NONE',  ( -1.999999999999998668, -3.281267838218396067E-15, 1.649999999999999911 ) ) ;
#1179 = CARTESIAN_POINT ( 'NONE',  ( 1.147428993866131787E-16, 1.443375672974062551, 2.660000000000000142 ) ) ;
#1180 = DIRECTION ( 'NONE',  ( 0.000000000000000000, 0.000000000000000000, -1.000000000000000000 ) ) ;
#1181 = CARTESIAN_POINT ( 'NONE',  ( -1.892491597964122291E-16, -1.545336663013164857, 2.899999999999985256 ) ) ;
#1182 = CARTESIAN_POINT ( 'NONE',  ( -1.338300807568871598, 0.7726683315065804303, 3.454166666666651508 ) ) ;
#1183 =( BOUNDED_CURVE ( )  B_SPLINE_CURVE ( 2, ( #556, #1489, #234, #1825, #2215, #1282, #966, #43, #2047 ),
 .UNSPECIFIED., .F., .T. ) 
 B_SPLINE_CURVE_WITH_KNOTS ( ( 3, 2, 2, 2, 3 ),
 ( 0.4783713446637645195, 0.4833333333333332815, 0.5000000000000000000, 0.5166666666666666075, 0.5250000000000000222 ),
 .UNSPECIFIED. ) 
 CURVE ( )  GEOMETRIC_REPRESENTATION_ITEM ( )  RATIONAL_B_SPLINE_CURVE ( ( 0.9439765058543287957, 0.9601131742940999247, 1.000000000000000000, 0.8660254037844387076, 1.000000000000000000, 0.8660254037844387076, 1.000000000000000000, 0.9330127018922189652, 0.9330127018922194093 ) ) 
 REPRESENTATION_ITEM ( '' )  );
#1184 = VERTEX_POINT ( 'NONE', #131 ) ;
#1185 = CARTESIAN_POINT ( 'NONE',  ( 0.8707400292100732075, -1.778880833795795757, -1.498544973228985500 ) ) ;
#1186 = CARTESIAN_POINT ( 'NONE',  ( -0.4138791215065005802, 1.675235428638529145, 1.356472035457368719 ) ) ;
#1187 = AXIS2_PLACEMENT_3D ( 'NONE', #1748, #2107, #2084 ) ;
#1188 = CARTESIAN_POINT ( 'NONE',  ( 1.545336663013163969, 0.4140717108885779707, 1.006260739116954239 ) ) ;
#1189 = AXIS2_PLACEMENT_3D ( 'NONE', #269, #1345, #2232 ) ;
#1190 = CARTESIAN_POINT ( 'NONE',  ( 1.999999999999997335, -0.5358983848622507207, -0.1062607391169653054 ) ) ;
#1191 = FACE_OUTER_BOUND ( 'NONE', #776, .T. ) ;
#1192 = EDGE_CURVE ( 'NONE', #702, #2169, #2311, .T. ) ;
#1193 = CARTESIAN_POINT ( 'NONE',  ( -2.295012332383795589E-13, 1.722636114155694065, -1.752363885844305358 ) ) ;
#1194 = CARTESIAN_POINT ( 'NONE',  ( -0.8922005383792475097, 1.545336663013161749, 1.908333333333320780 ) ) ;
#1195 = CARTESIAN_POINT ( 'NONE',  ( 0.8922005383792486199, 1.545336663013161305, 3.979166666666650976 ) ) ;
#1196 = ORIENTED_EDGE ( 'NONE', *, *, #721, .T. ) ;
#1197 = EDGE_CURVE ( 'NONE', #2081, #151, #24, .T. ) ;
#1198 = CARTESIAN_POINT ( 'NONE',  ( 1.140723922043515692, -1.361054112451634213, -1.702968039497502417 ) ) ;
#1199 =( BOUNDED_CURVE ( )  B_SPLINE_CURVE ( 2, ( #236, #224, #1706, #386, #1120, #72, #794 ),
 .UNSPECIFIED., .F., .F. ) 
 B_SPLINE_CURVE_WITH_KNOTS ( ( 3, 2, 2, 3 ),
 ( 0.5749999999999999556, 0.5833333333333333703, 0.5999999999999999778, 0.6088888752432122242 ),
 .UNSPECIFIED. ) 
 CURVE ( )  GEOMETRIC_REPRESENTATION_ITEM ( )  RATIONAL_B_SPLINE_CURVE ( ( 0.9330127018922194093, 0.9330127018922189652, 1.000000000000000000, 0.8660254037844388186, 1.000000000000000000, 0.9285469917088087222, 0.9333104085919303738 ) ) 
 REPRESENTATION_ITEM ( '' )  );
#1200 = ORIENTED_EDGE ( 'NONE', *, *, #1015, .T. ) ;
#1201 = CARTESIAN_POINT ( 'NONE',  ( 0.000000000000000000, 0.000000000000000000, 0.000000000000000000 ) ) ;
#1202 = CARTESIAN_POINT ( 'NONE',  ( -1.732050807568877415, -1.000000000000001110, -0.2791666666666797192 ) ) ;
#1203 = CARTESIAN_POINT ( 'NONE',  ( 1.545336663013163525, -3.137519842735244810E-15, 1.062499999999990896 ) ) ;
#1204 = DIRECTION ( 'NONE',  ( -1.000000000000000000, 0.000000000000000000, 0.000000000000000000 ) ) ;
#1205 = EDGE_CURVE ( 'NONE', #367, #428, #1448, .T. ) ;
#1206 = CARTESIAN_POINT ( 'NONE',  ( 1.764863307568873774, -1.018944305707785158, 1.332291666666651775 ) ) ;
#1207 = CARTESIAN_POINT ( 'NONE',  ( 1.338300807568870487, -0.7726683315065850932, -1.095833333333337656 ) ) ;
#1208 = ORIENTED_EDGE ( 'NONE', *, *, #1568, .F. ) ;
#1209 = CARTESIAN_POINT ( 'NONE',  ( 2.000000000000000000, -2.207884333776653740E-15, -1.387500000000010614 ) ) ;
#1210 = CARTESIAN_POINT ( 'NONE',  ( -1.176575538379249330, 2.037888611415564544, 0.1802083333333299731 ) ) ;
#1211 = VERTEX_POINT ( 'NONE', #1245 ) ;
#1212 = CYLINDRICAL_SURFACE ( 'NONE', #1426, 1.999999999999998668 ) ;
#1213 = DIRECTION ( 'NONE',  ( -0.000000000000000000, -0.000000000000000000, 1.000000000000000000 ) ) ;
#1214 = CARTESIAN_POINT ( 'NONE',  ( -0.9259017079329263655, 1.503556639452349630, -1.713265602710749347 ) ) ;
#1215 = PLANE ( 'NONE',  #130 ) ;
#1216 = CARTESIAN_POINT ( 'NONE',  ( -2.449293598294706414E-16, -2.000000000000001332, -0.8625000000000117018 ) ) ;
#1217 = CARTESIAN_POINT ( 'NONE',  ( -1.176575538379249997, -2.037888611415566320, -0.2427083333333447390 ) ) ;
#1218 = CARTESIAN_POINT ( 'NONE',  ( -1.732050807568877193, 0.9999999999999986677, -0.3958333333333461379 ) ) ;
#1219 = CARTESIAN_POINT ( 'NONE',  ( -1.545336663013163303, 0.4140717108885842990, 0.6812392608830273311 ) ) ;
#1220 = CARTESIAN_POINT ( 'NONE',  ( 1.249999999999999334, -0.7216878364870332740, 2.660000000000000142 ) ) ;
#1221 = CARTESIAN_POINT ( 'NONE',  ( 1.764863307568874218, -1.018944305707785380, -1.511458333333332460 ) ) ;
#1222 = EDGE_CURVE ( 'NONE', #274, #842, #69, .T. ) ;
#1223 = CARTESIAN_POINT ( 'NONE',  ( -2.495693764988917238E-16, -2.037888611415567208, 0.4718749999999961586 ) ) ;
#1224 = VERTEX_POINT ( 'NONE', #538 ) ;
#1225 = DIRECTION ( 'NONE',  ( -0.000000000000000000, -0.000000000000000000, 1.000000000000000000 ) ) ;
#1226 = AXIS2_PLACEMENT_3D ( 'NONE', #1852, #45, #918 ) ;
#1227 = CARTESIAN_POINT ( 'NONE',  ( 1.545336663013163303, -2.004526566191961808E-15, -1.825000000000003508 ) ) ;
#1228 = AXIS2_PLACEMENT_3D ( 'NONE', #1590, #143, #839 ) ;
#1229 = CARTESIAN_POINT ( 'NONE',  ( 1.545336663013163525, -3.137519842735244810E-15, 1.062499999999990896 ) ) ;
#1230 = CARTESIAN_POINT ( 'NONE',  ( 0.000000000000000000, -1.410817541051009211E-15, -2.000000000000000444 ) ) ;
#1231 = DIRECTION ( 'NONE',  ( 0.000000000000000000, 0.000000000000000000, -1.000000000000000000 ) ) ;
#1232 = CARTESIAN_POINT ( 'NONE',  ( 0.000000000000000000, 2.037888611415564100, -1.234375000000008882 ) ) ;
#1233 = LOCAL_TIME ( 16, 9, 8.000000000000000000, #743 ) ;
#1234 = LINE ( 'NONE', #1962, #430 ) ;
#1235 = CARTESIAN_POINT ( 'NONE',  ( 0.8922005383792486199, 1.545336663013161305, 4.679166666666649377 ) ) ;
#1236 = CARTESIAN_POINT ( 'NONE',  ( 0.000000000000000000, -5.019177671007510732E-16, 4.200000000000000178 ) ) ;
#1237 = CARTESIAN_POINT ( 'NONE',  ( -2.353151076758499105, -1.266728594347886982E-15, 2.396874999999992095 ) ) ;
#1238 = EDGE_LOOP ( 'NONE', ( #1444, #463, #1042, #32 ) ) ;
#1239 = EDGE_CURVE ( 'NONE', #965, #2041, #2335, .T. ) ;
#1240 = FACE_OUTER_BOUND ( 'NONE', #1172, .T. ) ;
#1241 = CARTESIAN_POINT ( 'NONE',  ( -1.833135765655059091, -0.3272363251253748717, -1.628262247576682364 ) ) ;
#1242 = DIRECTION ( 'NONE',  ( -0.000000000000000000, -0.000000000000000000, 1.000000000000000000 ) ) ;
#1243 = CARTESIAN_POINT ( 'NONE',  ( 1.764863307568875106, 1.018944305707780051, -0.6510416666666769547 ) ) ;
#1244 = ORIENTED_EDGE ( 'NONE', *, *, #2187, .F. ) ;
#1245 = CARTESIAN_POINT ( 'NONE',  ( -1.545336663013163081, -1.249197715163106540E-15, -0.7750000000000055733 ) ) ;
#1246 = CARTESIAN_POINT ( 'NONE',  ( 0.000000000000000000, -1.410817541051009211E-15, -2.000000000000000444 ) ) ;
#1247 = CARTESIAN_POINT ( 'NONE',  ( -2.353151076758499105, -1.266728594347886982E-15, 3.096874999999990052 ) ) ;
#1248 = ORIENTED_EDGE ( 'NONE', *, *, #258, .T. ) ;
#1249 =( LENGTH_UNIT ( ) NAMED_UNIT ( * ) SI_UNIT ( .MILLI., .METRE. ) );
#1250 = PLANE ( 'NONE',  #1721 ) ;
#1251 = CARTESIAN_POINT ( 'NONE',  ( 0.5797224329946233379, 1.432475934435007536, 1.195336663013167433 ) ) ;
#1252 = FACE_OUTER_BOUND ( 'NONE', #1966, .T. ) ;
#1253 = CARTESIAN_POINT ( 'NONE',  ( 1.176575538379250219, 2.037888611415563656, 0.8072916666666530849 ) ) ;
#1254 = CARTESIAN_POINT ( 'NONE',  ( 0.000000000000000000, -3.799999999999998490, 1.999999999999999112 ) ) ;
#1255 = CARTESIAN_POINT ( 'NONE',  ( 1.545336663013163525, -1.162044386198238837E-16, 0.3624999999999927169 ) ) ;
#1256 = DIRECTION ( 'NONE',  ( 6.982962677686266711E-15, -1.000000000000000000, -1.153616647479963486E-16 ) ) ;
#1257 = CARTESIAN_POINT ( 'NONE',  ( 1.176575538379250663, 2.037888611415564100, 0.7635416666666623442 ) ) ;
#1258 = VERTEX_POINT ( 'NONE', #1495 ) ;
#1259 = DATE_AND_TIME ( #1118, #1694 ) ;
#1260 = DIRECTION ( 'NONE',  ( 0.000000000000000000, -0.7071067811865463515, 0.7071067811865487940 ) ) ;
#1261 = AXIS2_PLACEMENT_3D ( 'NONE', #1156, #1143, #1680 ) ;
#1262 = AXIS2_PLACEMENT_3D ( 'NONE', #1002, #116, #675 ) ;
#1263 = CARTESIAN_POINT ( 'NONE',  ( 1.176575538379250219, 2.037888611415563656, 3.607291666666646357 ) ) ;
#1264 = EDGE_CURVE ( 'NONE', #657, #87, #1996, .T. ) ;
#1265 = CONICAL_SURFACE ( 'NONE', #1727, 1.475000000000000755, 0.7853981633974465026 ) ;
#1266 = VERTEX_POINT ( 'NONE', #1136 ) ;
#1267 = CARTESIAN_POINT ( 'NONE',  ( 1.051106834777563392, -1.156990456462082317, -1.921433366181072078 ) ) ;
#1268 = DIRECTION ( 'NONE',  ( 0.000000000000000000, 0.000000000000000000, -1.000000000000000000 ) ) ;
#1269 = CARTESIAN_POINT ( 'NONE',  ( -0.8922005383792482869, -1.545336663013164635, -2.058333333333336679 ) ) ;
#1270 = CARTESIAN_POINT ( 'NONE',  ( -2.353151076758499105, -1.266728594347886982E-15, 3.796874999999988454 ) ) ;
#1271 = ORIENTED_EDGE ( 'NONE', *, *, #2053, .T. ) ;
#1272 = DIRECTION ( 'NONE',  ( 0.000000000000000000, 1.000000000000000000, 2.168404344971010347E-16 ) ) ;
#1273 = SECURITY_CLASSIFICATION_LEVEL ( 'unclassified' ) ;
#1274 = CARTESIAN_POINT ( 'NONE',  ( 0.000000000000000000, -5.019177671007510732E-16, 4.200000000000000178 ) ) ;
#1275 =( BOUNDED_CURVE ( )  B_SPLINE_CURVE ( 2, ( #282, #1707, #1001, #261, #2040, #2234, #2255, #640, #1517 ),
 .UNSPECIFIED., .F., .F. ) 
 B_SPLINE_CURVE_WITH_KNOTS ( ( 3, 2, 2, 2, 3 ),
 ( 0.2750000000000000222, 0.2833333333333333259, 0.2999999999999999889, 0.3166666666666666519, 0.3250000000000000111 ),
 .UNSPECIFIED. ) 
 CURVE ( )  GEOMETRIC_REPRESENTATION_ITEM ( )  RATIONAL_B_SPLINE_CURVE ( ( 0.9330127018922194093, 0.9330127018922196314, 1.000000000000000000, 0.8660254037844387076, 1.000000000000000000, 0.8660254037844387076, 1.000000000000000000, 0.9330127018922191873, 0.9330127018922194093 ) ) 
 REPRESENTATION_ITEM ( '' )  );
#1276 = CARTESIAN_POINT ( 'NONE',  ( -2.495693764988916252E-16, -2.037888611415566764, 4.015624999999978684 ) ) ;
#1277 = EDGE_CURVE ( 'NONE', #2203, #1540, #1290, .T. ) ;
#1278 = CARTESIAN_POINT ( 'NONE',  ( -1.732050807568877193, 0.9999999999999986677, -1.095833333333344539 ) ) ;
#1279 = CARTESIAN_POINT ( 'NONE',  ( 1.784401076758495464, -1.738606701108116332E-15, 0.2749999999999914180 ) ) ;
#1280 = CARTESIAN_POINT ( 'NONE',  ( -0.8922005383792475097, 1.545336663013161749, -0.1041666666666734159 ) ) ;
#1281 = ORIENTED_EDGE ( 'NONE', *, *, #15, .F. ) ;
#1282 = CARTESIAN_POINT ( 'NONE',  ( 1.154700538379252572, 1.999999999999997780, 1.441666666666662211 ) ) ;
#1283 = DATE_AND_TIME ( #1826, #2185 ) ;
#1284 = CARTESIAN_POINT ( 'NONE',  ( 2.000000000000001776, 0.5358983848622396184, -0.04373926088303682624 ) ) ;
#1285 = DIRECTION ( 'NONE',  ( -1.000000000000000000, 0.000000000000000000, 0.000000000000000000 ) ) ;
#1286 = CARTESIAN_POINT ( 'NONE',  ( 0.000000000000000000, 2.037888611415564100, 2.965624999999981082 ) ) ;
#1287 = ORIENTED_EDGE ( 'NONE', *, *, #1474, .T. ) ;
#1288 =( BOUNDED_CURVE ( )  B_SPLINE_CURVE ( 2, ( #712, #1436, #815, #1009, #638, #1332, #55, #431, #648 ),
 .UNSPECIFIED., .F., .F. ) 
 B_SPLINE_CURVE_WITH_KNOTS ( ( 3, 2, 2, 2, 3 ),
 ( 0.5250000000000000222, 0.5333333333333333259, 0.5500000000000000444, 0.5666666666666666519, 0.5749999999999999556 ),
 .UNSPECIFIED. ) 
 CURVE ( )  GEOMETRIC_REPRESENTATION_ITEM ( )  RATIONAL_B_SPLINE_CURVE ( ( 0.9330127018922194093, 0.9330127018922194093, 1.000000000000000000, 0.8660254037844388186, 1.000000000000000000, 0.8660254037844388186, 1.000000000000000000, 0.9330127018922198534, 0.9330127018922194093 ) ) 
 REPRESENTATION_ITEM ( '' )  );
#1289 = CARTESIAN_POINT ( 'NONE',  ( -0.8922005383792463995, 1.545336663013162415, -1.504166666666669983 ) ) ;
#1290 = LINE ( 'NONE', #370, #395 ) ;
#1291 = CARTESIAN_POINT ( 'NONE',  ( 0.8922005383792486199, 1.545336663013161305, 0.3916666666666582253 ) ) ;
#1292 = CARTESIAN_POINT ( 'NONE',  ( -1.338300807568871598, 0.7726683315065804303, -1.445833333333336634 ) ) ;
#1293 = ORIENTED_EDGE ( 'NONE', *, *, #2160, .F. ) ;
#1294 = DIRECTION ( 'NONE',  ( -0.000000000000000000, -0.000000000000000000, 1.000000000000000000 ) ) ;
#1295 = EDGE_CURVE ( 'NONE', #939, #657, #486, .T. ) ;
#1296 = DIRECTION ( 'NONE',  ( 6.982962677686266711E-15, -1.000000000000000000, 0.000000000000000000 ) ) ;
#1297 = CARTESIAN_POINT ( 'NONE',  ( 0.000000000000000000, -1.410817541051009211E-15, -2.000000000000000444 ) ) ;
#1298 = CARTESIAN_POINT ( 'NONE',  ( -1.764863307568874218, -1.018944305707783826, 1.798958333333317450 ) ) ;
#1299 = VERTEX_POINT ( 'NONE', #389 ) ;
#1300 = DIRECTION ( 'NONE',  ( -0.000000000000000000, -0.000000000000000000, 1.000000000000000000 ) ) ;
#1301 = CIRCLE ( 'NONE', #2179, 1.443375672974063884 ) ;
#1302 = DIRECTION ( 'NONE',  ( 0.000000000000000000, 0.000000000000000000, -1.000000000000000000 ) ) ;
#1303 = CARTESIAN_POINT ( 'NONE',  ( -1.338300807568871598, 0.7726683315065804303, -2.233333333333336057 ) ) ;
#1304 = AXIS2_PLACEMENT_3D ( 'NONE', #1617, #2338, #358 ) ;
#1305 = AXIS2_PLACEMENT_3D ( 'NONE', #293, #454, #826 ) ;
#1306 = CARTESIAN_POINT ( 'NONE',  ( -1.892491597964122291E-16, -1.545336663013164857, -1.912500000000002309 ) ) ;
#1307 = B_SPLINE_CURVE_WITH_KNOTS ( 'NONE', 3,
 ( #742, #1468, #2194, #567, #206, #111, #2275, #2060, #1354, #429, #976, #1904, #303, #1331, #1702, #646 ),
 .UNSPECIFIED., .F., .F.,
 ( 4, 2, 2, 2, 2, 2, 2, 4 ),
 ( 0.007280235319367154602, 0.007791486079487150614, 0.008302736839607147493, 0.008813987599727143504, 0.009325238359847139516, 0.01034773988008713327, 0.01085899064020712929, 0.01137024140032712356 ),
 .UNSPECIFIED. ) ;
#1308 = ORIENTED_EDGE ( 'NONE', *, *, #1239, .F. ) ;
#1309 = CARTESIAN_POINT ( 'NONE',  ( 1.999999999999998668, -3.036338478388925376E-15, 7.656854249492376141 ) ) ;
#1310 = DATE_AND_TIME ( #175, #1808 ) ;
#1311 = PLANE ( 'NONE',  #1226 ) ;
#1312 = ADVANCED_FACE ( 'NONE', ( #736 ), #1832, .T. ) ;
#1313 = DIRECTION ( 'NONE',  ( 1.000000000000000000, 0.000000000000000000, 0.000000000000000000 ) ) ;
#1314 = DIRECTION ( 'NONE',  ( 0.000000000000000000, 0.000000000000000000, -1.000000000000000000 ) ) ;
#1315 = ORIENTED_EDGE ( 'NONE', *, *, #1822, .F. ) ;
#1316 = CYLINDRICAL_SURFACE ( 'NONE', #1724, 1.999999999999998668 ) ;
#1317 = CARTESIAN_POINT ( 'NONE',  ( 0.8922005383792472877, -1.545336663013165079, -1.941666666666669760 ) ) ;
#1318 = EDGE_LOOP ( 'NONE', ( #1315, #2122, #2235, #1672 ) ) ;
#1319 = CARTESIAN_POINT ( 'NONE',  ( 1.764863307568875328, 1.018944305707780273, 4.205208333333320780 ) ) ;
#1320 = ORIENTED_EDGE ( 'NONE', *, *, #876, .T. ) ;
#1321 = DIRECTION ( 'NONE',  ( -0.000000000000000000, -0.000000000000000000, 1.000000000000000000 ) ) ;
#1322 = CARTESIAN_POINT ( 'NONE',  ( -1.366098891897276069, 1.274789877777147140, 1.514105789319785123 ) ) ;
#1323 = DIRECTION ( 'NONE',  ( -0.000000000000000000, -0.000000000000000000, 1.000000000000000000 ) ) ;
#1324 = CARTESIAN_POINT ( 'NONE',  ( -2.000000000000000000, -4.706279764102867609E-15, 0.3624999999999857225 ) ) ;
#1325 = VERTEX_POINT ( 'NONE', #959 ) ;
#1326 = CARTESIAN_POINT ( 'NONE',  ( -0.6847443464034028704, -1.570880206164697812, 1.359841550339366822 ) ) ;
#1327 = CARTESIAN_POINT ( 'NONE',  ( 1.338300807568871598, -0.7726683315065836499, 3.016666666666651953 ) ) ;
#1328 = VERTEX_POINT ( 'NONE', #1111 ) ;
#1329 = CARTESIAN_POINT ( 'NONE',  ( -1.892491597964122291E-16, -1.545336663013164857, -1.212500000000003908 ) ) ;
#1330 = ORIENTED_EDGE ( 'NONE', *, *, #516, .T. ) ;
#1331 = CARTESIAN_POINT ( 'NONE',  ( -0.7516137520729974097, 1.847437027988711566, 1.637224135354368615 ) ) ;
#1332 = CARTESIAN_POINT ( 'NONE',  ( 1.154700538379250796, -2.000000000000001332, 1.295833333333316517 ) ) ;
#1333 = CARTESIAN_POINT ( 'NONE',  ( -0.4044126993943256698, 1.209887892115045771, 4.027169435921575946 ) ) ;
#1334 = DIRECTION ( 'NONE',  ( 0.000000000000000000, -1.000000000000000000, 0.000000000000000000 ) ) ;
#1335 = LINE ( 'NONE', #252, #1075 ) ;
#1336 = ADVANCED_FACE ( 'NONE', ( #2042 ), #1316, .T. ) ;
#1337 = CARTESIAN_POINT ( 'NONE',  ( 0.000000000000000000, 2.037888611415564100, -2.634375000000005684 ) ) ;
#1338 = AXIS2_PLACEMENT_3D ( 'NONE', #604, #1323, #2206 ) ;
#1339 = ORIENTED_EDGE ( 'NONE', *, *, #26, .T. ) ;
#1340 = CARTESIAN_POINT ( 'NONE',  ( -1.338300807568871820, -0.7726683315065827617, 1.470833333333323223 ) ) ;
#1341 = AXIS2_PLACEMENT_3D ( 'NONE', #493, #1560, #2101 ) ;
#1342 = ORIENTED_EDGE ( 'NONE', *, *, #1121, .F. ) ;
#1343 = CARTESIAN_POINT ( 'NONE',  ( 0.6315448283992811662, -1.867189376830498571, -1.508018990239059942 ) ) ;
#1344 = CIRCLE ( 'NONE', #591, 1.999999999999997335 ) ;
#1345 = DIRECTION ( 'NONE',  ( -0.000000000000000000, -1.195042302620835759E-16, 1.000000000000000000 ) ) ;
#1346 = CARTESIAN_POINT ( 'NONE',  ( 2.000000000000000000, -2.207884333776653740E-15, 0.01249999999998617321 ) ) ;
#1347 = FACE_OUTER_BOUND ( 'NONE', #1108, .T. ) ;
#1348 = CARTESIAN_POINT ( 'NONE',  ( -1.732050807568877193, 0.9999999999999986677, -0.4833333333333332260 ) ) ;
#1349 = CARTESIAN_POINT ( 'NONE',  ( 0.8922005383792486199, 1.545336663013161305, 2.491666666666653374 ) ) ;
#1350 = ORIENTED_EDGE ( 'NONE', *, *, #1953, .F. ) ;
#1351 = EDGE_CURVE ( 'NONE', #1184, #1788, #849, .T. ) ;
#1352 = CARTESIAN_POINT ( 'NONE',  ( 1.338300807568872486, 0.7726683315065792090, 1.820833333333322646 ) ) ;
#1353 = ORIENTED_EDGE ( 'NONE', *, *, #1222, .F. ) ;
#1354 = CARTESIAN_POINT ( 'NONE',  ( 1.045740707738054498, 1.618910847924786234, 1.569711317311105025 ) ) ;
#1355 = CARTESIAN_POINT ( 'NONE',  ( 0.000000000000000000, -5.019177671007510732E-16, 4.200000000000000178 ) ) ;
#1356 = CARTESIAN_POINT ( 'NONE',  ( 0.000000000000000000, -3.281267838218396067E-15, 1.649999999999999911 ) ) ;
#1357 = CARTESIAN_POINT ( 'NONE',  ( -1.545336663013163303, -2.324088772396477673E-16, -0.07500000000000725531 ) ) ;
#1358 = CARTESIAN_POINT ( 'NONE',  ( 2.000000000000000000, -5.694017492371369363E-15, -0.07500000000000106581 ) ) ;
#1359 = CARTESIAN_POINT ( 'NONE',  ( -0.7867454523942764011, -1.516708670152561389, 1.354858994442890152 ) ) ;
#1360 = CARTESIAN_POINT ( 'NONE',  ( -1.892491597964122291E-16, -1.545336663013164857, 1.499999999999988676 ) ) ;
#1361 = B_SPLINE_CURVE_WITH_KNOTS ( 'NONE', 3,
 ( #2001, #711, #874, #1804, #1828, #375, #1094, #686 ),
 .UNSPECIFIED., .F., .F.,
 ( 4, 2, 2, 4 ),
 ( 2.544378114028568050E-07, 0.0003729905366538287617, 0.0007457266354962547358, 0.001491198833181106142 ),
 .UNSPECIFIED. ) ;
#1362 = ORIENTED_EDGE ( 'NONE', *, *, #1351, .T. ) ;
#1363 = CARTESIAN_POINT ( 'NONE',  ( -1.338300807568871820, -0.7726683315065827617, 0.7708333333333248216 ) ) ;
#1364 = ORIENTED_EDGE ( 'NONE', *, *, #2097, .T. ) ;
#1365 = CARTESIAN_POINT ( 'NONE',  ( 1.249999999999999334, -0.1270747435589053842, 4.006624327025936516 ) ) ;
#1366 =( BOUNDED_CURVE ( )  B_SPLINE_CURVE ( 2, ( #2198, #1096, #549, #561, #1482, #28, #921, #2004, #1662 ),
 .UNSPECIFIED., .F., .F. ) 
 B_SPLINE_CURVE_WITH_KNOTS ( ( 3, 2, 2, 2, 3 ),
 ( 0.4250000000000000444, 0.4333333333333333481, 0.4500000000000000111, 0.4666666666666666741, 0.4750000000000000333 ),
 .UNSPECIFIED. ) 
 CURVE ( )  GEOMETRIC_REPRESENTATION_ITEM ( )  RATIONAL_B_SPLINE_CURVE ( ( 0.9330127018922194093, 0.9330127018922196314, 1.000000000000000000, 0.8660254037844387076, 1.000000000000000000, 0.8660254037844387076, 1.000000000000000000, 0.9330127018922191873, 0.9330127018922194093 ) ) 
 REPRESENTATION_ITEM ( '' )  );
#1367 = EDGE_CURVE ( 'NONE', #428, #205, #796, .T. ) ;
#1368 = DIRECTION ( 'NONE',  ( -1.000000000000000000, 0.000000000000000000, 0.000000000000000000 ) ) ;
#1369 = CARTESIAN_POINT ( 'NONE',  ( 1.154700538379250796, -2.000000000000001776, -0.8916666666666654972 ) ) ;
#1370 = CARTESIAN_POINT ( 'NONE',  ( 2.000000000000000000, -5.694017492371369363E-15, -0.07500000000000106581 ) ) ;
#1371 = CARTESIAN_POINT ( 'NONE',  ( -2.000000000000000000, -4.706279764102867609E-15, 0.2749999999999985789 ) ) ;
#1372 = CARTESIAN_POINT ( 'NONE',  ( -0.9753710014167260578, -1.390870948777250815, 1.345004773005372245 ) ) ;
#1373 = CARTESIAN_POINT ( 'NONE',  ( 0.000000000000000000, 1.545336663013161749, 3.949999999999982858 ) ) ;
#1374 = CARTESIAN_POINT ( 'NONE',  ( -1.338300807568871598, 0.7726683315065804303, 0.6541666666666583474 ) ) ;
#1375 = VERTEX_POINT ( 'NONE', #774 ) ;
#1376 = CIRCLE ( 'NONE', #998, 4.229229689812974868 ) ;
#1377 = CARTESIAN_POINT ( 'NONE',  ( 1.999999999999998668, -3.036338478388925376E-15, 7.656854249492376141 ) ) ;
#1378 = VECTOR ( 'NONE', #2346, 1000.000000000000000 ) ;
#1379 = ORIENTED_EDGE ( 'NONE', *, *, #1953, .T. ) ;
#1380 = AXIS2_PLACEMENT_3D ( 'NONE', #890, #2348, #1204 ) ;
#1381 = CARTESIAN_POINT ( 'NONE',  ( -1.545336663013163525, -0.4140717108885813569, -0.04373926088304313370 ) ) ;
#1382 = EDGE_CURVE ( 'NONE', #1869, #274, #1558, .T. ) ;
#1383 = CIRCLE ( 'NONE', #364, 1.999999999999998668 ) ;
#1384 = CARTESIAN_POINT ( 'NONE',  ( 1.249999999999999334, 0.1271009718430198832, 4.006624327025937404 ) ) ;
#1385 = CARTESIAN_POINT ( 'NONE',  ( -1.545336663013163303, -2.324088772396477673E-16, 0.01249999999999351109 ) ) ;
#1386 = FACE_OUTER_BOUND ( 'NONE', #1116, .T. ) ;
#1387 = CARTESIAN_POINT ( 'NONE',  ( 1.176575538379250219, 2.037888611415563656, -1.992708333333340187 ) ) ;
#1388 = CARTESIAN_POINT ( 'NONE',  ( 1.513993278371297833E-15, 1.545336663013161749, 0.5374999999999919842 ) ) ;
#1389 = ORIENTED_EDGE ( 'NONE', *, *, #1922, .F. ) ;
#1390 = CARTESIAN_POINT ( 'NONE',  ( -1.999999999999998668, -3.281267838218396067E-15, 2.000000000000000000 ) ) ;
#1391 = CARTESIAN_POINT ( 'NONE',  ( -1.176575538379250219, -2.037888611415567208, -0.2864583333333354243 ) ) ;
#1392 = ORIENTED_EDGE ( 'NONE', *, *, #299, .T. ) ;
#1393 = CARTESIAN_POINT ( 'NONE',  ( 0.000000000000000000, -3.281267838218396067E-15, 7.656854249492376141 ) ) ;
#1394 = CARTESIAN_POINT ( 'NONE',  ( 0.000000000000000000, -1.544157678475024441E-15, -1.474999999999999645 ) ) ;
#1395 = CARTESIAN_POINT ( 'NONE',  ( -1.126167113564538802, 1.372917071571353231, -1.703310072590547675 ) ) ;
#1396 = CARTESIAN_POINT ( 'NONE',  ( -1.545336663013163525, -0.4140717108885813569, 0.04376073911695763791 ) ) ;
#1397 = CARTESIAN_POINT ( 'NONE',  ( 0.000000000000000000, -3.281267838218396067E-15, 7.656854249492376141 ) ) ;
#1398 = CARTESIAN_POINT ( 'NONE',  ( 2.353151076758498661, -1.843084381160375308E-15, -2.109375000000007105 ) ) ;
#1399 = EDGE_CURVE ( 'NONE', #1211, #1328, #70, .T. ) ;
#1400 = CARTESIAN_POINT ( 'NONE',  ( -5.661575077825122264E-30, 7.541778116690570725E-16, 0.4735561497326238323 ) ) ;
#1401 = CARTESIAN_POINT ( 'NONE',  ( -1.338300807568870043, 0.7726683315065832058, 0.5666666666666575480 ) ) ;
#1402 = DIRECTION ( 'NONE',  ( 1.000000000000000000, 6.982962677686266711E-15, 8.344935797457553441E-31 ) ) ;
#1403 = CARTESIAN_POINT ( 'NONE',  ( -1.764863307568874440, 1.018944305707781606, -1.161458333333333259 ) ) ;
#1404 = CARTESIAN_POINT ( 'NONE',  ( 1.176575538379250663, 2.037888611415564100, 2.163541666666659147 ) ) ;
#1405 = VERTEX_POINT ( 'NONE', #1193 ) ;
#1406 = FACE_OUTER_BOUND ( 'NONE', #193, .T. ) ;
#1407 = CARTESIAN_POINT ( 'NONE',  ( -1.510785574887192118, 0.6094930525813884170, 1.250070022230534095 ) ) ;
#1408 = CARTESIAN_POINT ( 'NONE',  ( -1.825046674228345989, 0.1522652948118067839, -1.647568380558199985 ) ) ;
#1409 = DIRECTION ( 'NONE',  ( -0.8660254037844387076, 0.4999999999999998335, 0.000000000000000000 ) ) ;
#1410 = DIRECTION ( 'NONE',  ( 1.000000000000000000, 0.000000000000000000, 0.000000000000000000 ) ) ;
#1411 = CARTESIAN_POINT ( 'NONE',  ( -1.176575538379249108, 2.037888611415564100, -0.4760416666666775765 ) ) ;
#1412 = CARTESIAN_POINT ( 'NONE',  ( 2.000000000000000000, -4.148498458727712731E-14, -1.474999999999999645 ) ) ;
#1413 = ADVANCED_FACE ( 'NONE', ( #460 ), #2183, .T. ) ;
#1414 = CARTESIAN_POINT ( 'NONE',  ( -1.545336663013163303, -1.221568381254596834E-15, -2.000000000000000444 ) ) ;
#1415 = CARTESIAN_POINT ( 'NONE',  ( 0.000000000000000000, 2.037888611415564544, 0.1218749999999969857 ) ) ;
#1416 = CARTESIAN_POINT ( 'NONE',  ( -2.495693764988917238E-16, -2.037888611415567208, 3.271874999999988987 ) ) ;
#1417 = ORIENTED_EDGE ( 'NONE', *, *, #1028, .F. ) ;
#1418 = CARTESIAN_POINT ( 'NONE',  ( -1.545336663013163081, -1.249197715163106540E-15, -0.7750000000000055733 ) ) ;
#1419 = DIRECTION ( 'NONE',  ( 1.000000000000000000, 0.000000000000000000, 0.000000000000000000 ) ) ;
#1420 = AXIS2_PLACEMENT_3D ( 'NONE', #2290, #2091, #662 ) ;
#1421 = CARTESIAN_POINT ( 'NONE',  ( -0.8176697077803873892, 1.559351336298348878, -1.718380328493241516 ) ) ;
#1422 = AXIS2_PLACEMENT_3D ( 'NONE', #1862, #271, #237 ) ;
#1423 = B_SPLINE_CURVE_WITH_KNOTS ( 'NONE', 3,
 ( #2306, #332, #661, #506, #2319, #1421, #1214, #1395, #1944, #316, #141, #522, #1752, #863, #1587, #1408, #1969, #1241, #1611, #343, #2137, #306, #1062, #875, #1559, #1011, #479, #1741, #165, #650 ),
 .UNSPECIFIED., .F., .F.,
 ( 4, 2, 2, 2, 2, 2, 2, 2, 2, 2, 2, 2, 2, 2, 4 ),
 ( 0.004099195735447026118, 0.004458691565064750069, 0.004818187394682473153, 0.005177683224300197104, 0.005537179053917920188, 0.005896674883535643272, 0.006256170713153366356, 0.006615666542771089439, 0.006975162372388812523, 0.007694154031624258691, 0.008053649861241981775, 0.008413145690859704859, 0.008772641520477427943, 0.009132137350095151027, 0.009851129009330597194 ),
 .UNSPECIFIED. ) ;
#1424 = CARTESIAN_POINT ( 'NONE',  ( 1.154700538379250796, -2.000000000000001332, -0.8041666666666784646 ) ) ;
#1425 = CARTESIAN_POINT ( 'NONE',  ( 1.764863307568873774, -1.018944305707785158, -0.06770833333334495829 ) ) ;
#1426 = AXIS2_PLACEMENT_3D ( 'NONE', #2135, #163, #490 ) ;
#1427 = ORIENTED_EDGE ( 'NONE', *, *, #2021, .T. ) ;
#1428 = ORIENTED_EDGE ( 'NONE', *, *, #1063, .T. ) ;
#1429 = CARTESIAN_POINT ( 'NONE',  ( -1.338300807568872486, -0.7726683315065818736, -1.329166666666670382 ) ) ;
#1430 = CARTESIAN_POINT ( 'NONE',  ( 0.000000000000000000, -1.481417957587430532E-15, -2.000000000000000000 ) ) ;
#1431 = EDGE_CURVE ( 'NONE', #2223, #1140, #733, .T. ) ;
#1432 = CARTESIAN_POINT ( 'NONE',  ( -2.495693764988917238E-16, -2.037888611415567208, 1.871874999999992850 ) ) ;
#1433 = ORIENTED_EDGE ( 'NONE', *, *, #2021, .F. ) ;
#1434 = CARTESIAN_POINT ( 'NONE',  ( 0.000000000000000000, -1.998871274622252619E-15, 2.330000000000000071 ) ) ;
#1435 = CARTESIAN_POINT ( 'NONE',  ( 0.8922005383792461775, -1.545336663013165523, -1.241666666666671581 ) ) ;
#1436 = CARTESIAN_POINT ( 'NONE',  ( -2.000000000000000000, -0.5358983848622465018, 1.093760739116948155 ) ) ;
#1437 = CARTESIAN_POINT ( 'NONE',  ( -2.606989239153180227E-14, 3.799999999999997158, 2.330000000000000515 ) ) ;
#1438 = CARTESIAN_POINT ( 'NONE',  ( 2.353151076758498661, -1.843084381160375308E-15, 0.6906249999999864997 ) ) ;
#1439 = ORIENTED_EDGE ( 'NONE', *, *, #706, .T. ) ;
#1440 = CARTESIAN_POINT ( 'NONE',  ( 0.9062599177564942821, -1.251702186432801289, -1.929663336986864541 ) ) ;
#1441 = CARTESIAN_POINT ( 'NONE',  ( -0.8922005383792501743, -1.545336663013163525, -1.270833333333336812 ) ) ;
#1442 = DIRECTION ( 'NONE',  ( 0.000000000000000000, -1.000000000000000000, 0.000000000000000000 ) ) ;
#1443 = CARTESIAN_POINT ( 'NONE',  ( 1.764863307568874218, -1.018944305707785380, 1.988541666666659324 ) ) ;
#1444 = ORIENTED_EDGE ( 'NONE', *, *, #1784, .F. ) ;
#1445 = APPROVAL_DATE_TIME ( #1283, #465 ) ;
#1446 = DIRECTION ( 'NONE',  ( -0.000000000000000000, -0.000000000000000000, 1.000000000000000000 ) ) ;
#1447 = ADVANCED_FACE ( 'NONE', ( #786 ), #1912, .T. ) ;
#1448 =( BOUNDED_CURVE ( )  B_SPLINE_CURVE ( 2, ( #1593, #2118, #2325, #1068, #2156, #337, #1401, #484, #1937 ),
 .UNSPECIFIED., .F., .T. ) 
 B_SPLINE_CURVE_WITH_KNOTS ( ( 3, 2, 2, 2, 3 ),
 ( 0.3750000000000000555, 0.3833333333333333592, 0.4000000000000000222, 0.4166666666666666852, 0.4250000000000000444 ),
 .UNSPECIFIED. ) 
 CURVE ( )  GEOMETRIC_REPRESENTATION_ITEM ( )  RATIONAL_B_SPLINE_CURVE ( ( 0.9330127018922194093, 0.9330127018922198534, 1.000000000000000000, 0.8660254037844387076, 1.000000000000000000, 0.8660254037844387076, 1.000000000000000000, 0.9330127018922191873, 0.9330127018922194093 ) ) 
 REPRESENTATION_ITEM ( '' )  );
#1449 = CARTESIAN_POINT ( 'NONE',  ( -1.176575538379249108, 2.037888611415564100, 3.023958333333314208 ) ) ;
#1450 = CARTESIAN_POINT ( 'NONE',  ( -1.545336663013163081, 0.4140717108885829667, -1.418760739116967651 ) ) ;
#1451 = CARTESIAN_POINT ( 'NONE',  ( -1.250000000000000222, 0.7216878364870308316, 4.200000000000000178 ) ) ;
#1452 = CARTESIAN_POINT ( 'NONE',  ( 0.8922005383792486199, 1.545336663013161305, -0.3083333333333401760 ) ) ;
#1453 = CARTESIAN_POINT ( 'NONE',  ( 2.353151076758499105, -1.843084381160375702E-15, 2.746874999999990852 ) ) ;
#1454 = ORIENTED_EDGE ( 'NONE', *, *, #1766, .F. ) ;
#1455 = LINE ( 'NONE', #1861, #1875 ) ;
#1456 = APPROVAL_ROLE ( '' ) ;
#1457 = FACE_OUTER_BOUND ( 'NONE', #1749, .T. ) ;
#1458 = CONICAL_SURFACE ( 'NONE', #208, 1.475000000000000755, 0.7853981633974465026 ) ;
#1459 = EDGE_CURVE ( 'NONE', #244, #1867, #1335, .T. ) ;
#1460 = VECTOR ( 'NONE', #80, 1000.000000000000000 ) ;
#1461 = CARTESIAN_POINT ( 'NONE',  ( -1.764863307568873996, 1.018944305707781606, 3.782291666666646623 ) ) ;
#1462 = ORIENTED_EDGE ( 'NONE', *, *, #1715, .F. ) ;
#1463 = CARTESIAN_POINT ( 'NONE',  ( -1.545336663013163303, 8.715332896486791275E-17, -1.387500000000003286 ) ) ;
#1464 = CARTESIAN_POINT ( 'NONE',  ( 0.000000000000000000, -3.281267838218396067E-15, 7.656854249492376141 ) ) ;
#1465 = CARTESIAN_POINT ( 'NONE',  ( 1.338300807568871598, -0.7726683315065836499, -0.4833333333333399429 ) ) ;
#1466 = CARTESIAN_POINT ( 'NONE',  ( 1.338300807568871598, -0.7726683315065836499, -0.3958333333333391990 ) ) ;
#1467 = ORIENTED_EDGE ( 'NONE', *, *, #439, .F. ) ;
#1468 = CARTESIAN_POINT ( 'NONE',  ( 1.856301880199892507, 0.1718026113195825211, 1.506301880199892196 ) ) ;
#1469 = APPROVAL_DATE_TIME ( #1259, #718 ) ;
#1470 = CARTESIAN_POINT ( 'NONE',  ( -1.154700538379251240, 1.999999999999998668, 0.1583333333333316884 ) ) ;
#1471 = CARTESIAN_POINT ( 'NONE',  ( 1.176575538379250219, 2.037888611415563656, 1.507291666666651375 ) ) ;
#1472 = LINE ( 'NONE', #1846, #1761 ) ;
#1473 = CARTESIAN_POINT ( 'NONE',  ( 0.8922005383792459554, -1.545336663013165746, -0.5416666666666731800 ) ) ;
#1474 = EDGE_CURVE ( 'NONE', #1258, #1747, #1029, .T. ) ;
#1475 = CARTESIAN_POINT ( 'NONE',  ( 0.000000000000000000, 1.545336663013161749, -1.650000000000003908 ) ) ;
#1476 = CARTESIAN_POINT ( 'NONE',  ( 0.8922005383792472877, -1.545336663013165079, -1.154166666666670560 ) ) ;
#1477 = VERTEX_POINT ( 'NONE', #423 ) ;
#1478 = CARTESIAN_POINT ( 'NONE',  ( 0.8409413214249605861, -0.9578579746766848757, 4.006091094028866983 ) ) ;
#1479 = CARTESIAN_POINT ( 'NONE',  ( 1.154700538379252572, 1.999999999999997780, -1.358333333333331172 ) ) ;
#1480 = CARTESIAN_POINT ( 'NONE',  ( -1.764863307568873996, 1.018944305707781606, 1.682291666666650531 ) ) ;
#1481 = EDGE_LOOP ( 'NONE', ( #548, #362, #1350, #328 ) ) ;
#1482 = CARTESIAN_POINT ( 'NONE',  ( -7.193381139206496591E-15, -1.545336663013164857, 0.8874999999999911848 ) ) ;
#1483 = CC_DESIGN_PERSON_AND_ORGANIZATION_ASSIGNMENT ( #13, #207, ( #601 ) ) ;
#1484 = CARTESIAN_POINT ( 'NONE',  ( 1.338300807568870043, -0.7726683315065860924, 0.9166666666666567487 ) ) ;
#1485 = FACE_OUTER_BOUND ( 'NONE', #899, .T. ) ;
#1486 = EDGE_CURVE ( 'NONE', #1683, #61, #2220, .T. ) ;
#1487 = CARTESIAN_POINT ( 'NONE',  ( 1.338300807568872486, 0.7726683315065792090, 0.4208333333333255655 ) ) ;
#1488 = VERTEX_POINT ( 'NONE', #334 ) ;
#1489 = CARTESIAN_POINT ( 'NONE',  ( -1.887094675388427456, 0.7314561435345440232, 1.632331724960480068 ) ) ;
#1490 = CARTESIAN_POINT ( 'NONE',  ( 2.000000000000000000, -2.207884333776653740E-15, 0.6249999999999973355 ) ) ;
#1491 = CARTESIAN_POINT ( 'NONE',  ( 1.590692069893699045, 0.3934090971434092143, -1.845420581568221419 ) ) ;
#1492 = CARTESIAN_POINT ( 'NONE',  ( 1.764863307568873774, -1.018944305707785158, 4.132291666666644936 ) ) ;
#1493 = ORIENTED_EDGE ( 'NONE', *, *, #706, .F. ) ;
#1494 = AXIS2_PLACEMENT_3D ( 'NONE', #997, #867, #1592 ) ;
#1495 = CARTESIAN_POINT ( 'NONE',  ( -2.000000000000000000, -4.706279764102867609E-15, -0.4249999999999998224 ) ) ;
#1496 = CARTESIAN_POINT ( 'NONE',  ( -1.338300807568871820, -0.7726683315065827617, -2.116666666666669361 ) ) ;
#1497 = AXIS2_PLACEMENT_3D ( 'NONE', #1684, #1847, #562 ) ;
#1498 = ORIENTED_EDGE ( 'NONE', *, *, #676, .F. ) ;
#1499 = VECTOR ( 'NONE', #499, 1000.000000000000000 ) ;
#1500 = CARTESIAN_POINT ( 'NONE',  ( 0.8922005383792486199, 1.545336663013161305, -1.620833333333336235 ) ) ;
#1501 = VERTEX_POINT ( 'NONE', #1437 ) ;
#1502 = CARTESIAN_POINT ( 'NONE',  ( 0.000000000000000000, -3.281267838218396067E-15, 2.000000000000000000 ) ) ;
#1503 = CARTESIAN_POINT ( 'NONE',  ( -1.154700538379251240, 1.999999999999998668, 0.8583333333333300619 ) ) ;
#1504 = CARTESIAN_POINT ( 'NONE',  ( 1.732050807568877859, 0.9999999999999972244, -1.416666666666664298 ) ) ;
#1505 = CARTESIAN_POINT ( 'NONE',  ( -1.154700538379252128, -2.000000000000000444, 0.4791666666666515306 ) ) ;
#1506 = ORIENTED_EDGE ( 'NONE', *, *, #1101, .F. ) ;
#1507 = CARTESIAN_POINT ( 'NONE',  ( 0.000000000000000000, 1.999999999999998668, -0.5999999999999996447 ) ) ;
#1508 = CARTESIAN_POINT ( 'NONE',  ( -0.8922005383792482869, -1.545336663013164635, 2.841666666666652130 ) ) ;
#1509 = B_SPLINE_CURVE_WITH_KNOTS ( 'NONE', 3,
 ( #1841, #943, #615, #1333, #2051, #581, #399, #1670 ),
 .UNSPECIFIED., .F., .F.,
 ( 4, 2, 2, 4 ),
 ( 2.544378114028550580E-07, 0.0003729905366538290869, 0.0007457266354962553863, 0.001491198833181107443 ),
 .UNSPECIFIED. ) ;
#1510 = EDGE_LOOP ( 'NONE', ( #162, #1889, #1564, #1047 ) ) ;
#1511 = CARTESIAN_POINT ( 'NONE',  ( 1.338300807568872486, 0.7726683315065792090, -1.679166666666669583 ) ) ;
#1512 = ORIENTED_EDGE ( 'NONE', *, *, #1197, .F. ) ;
#1513 = CARTESIAN_POINT ( 'NONE',  ( 1.249999999999999556, -0.6098828644147119560, 4.144097513963840740 ) ) ;
#1514 = CARTESIAN_POINT ( 'NONE',  ( 0.5797224329946233379, 1.432475934435007536, 1.195336663013167433 ) ) ;
#1515 = CARTESIAN_POINT ( 'NONE',  ( -2.000000000000000000, -4.706279764102867609E-15, -1.124999999999998002 ) ) ;
#1516 = EDGE_CURVE ( 'NONE', #42, #1691, #689, .T. ) ;
#1517 = CARTESIAN_POINT ( 'NONE',  ( -1.545336663013163303, -2.324088772396477673E-16, 0.01249999999999351109 ) ) ;
#1518 = CARTESIAN_POINT ( 'NONE',  ( 1.545336663013163303, -2.382190991706389344E-15, -0.4250000000000065392 ) ) ;
#1519 = CARTESIAN_POINT ( 'NONE',  ( 0.000000000000000000, 1.545336663013161749, 1.849999999999987876 ) ) ;
#1520 = ORIENTED_EDGE ( 'NONE', *, *, #2115, .F. ) ;
#1521 = CARTESIAN_POINT ( 'NONE',  ( -0.8922005383792482869, -1.545336663013164635, 0.8291666666666577257 ) ) ;
#1522 =( BOUNDED_CURVE ( )  B_SPLINE_CURVE ( 2, ( #537, #880, #336, #2324, #2350, #356, #2141, #679, #1603 ),
 .UNSPECIFIED., .F., .F. ) 
 B_SPLINE_CURVE_WITH_KNOTS ( ( 3, 2, 2, 2, 3 ),
 ( 0.1749999999999999889, 0.1833333333333333204, 0.2000000000000000111, 0.2166666666666666741, 0.2250000000000000333 ),
 .UNSPECIFIED. ) 
 CURVE ( )  GEOMETRIC_REPRESENTATION_ITEM ( )  RATIONAL_B_SPLINE_CURVE ( ( 0.9330127018922194093, 0.9330127018922194093, 1.000000000000000000, 0.8660254037844387076, 1.000000000000000000, 0.8660254037844387076, 1.000000000000000000, 0.9330127018922191873, 0.9330127018922194093 ) ) 
 REPRESENTATION_ITEM ( '' )  );
#1523 = EDGE_LOOP ( 'NONE', ( #2057, #1081, #2302, #2106, #1725, #426, #1163 ) ) ;
#1524 = CARTESIAN_POINT ( 'NONE',  ( 0.2335313925880624919, -1.621146458585159378, -1.853853541414842709 ) ) ;
#1525 = LINE ( 'NONE', #968, #1990 ) ;
#1526 = DIRECTION ( 'NONE',  ( 0.8660254037844387076, 0.4999999999999998890, 0.000000000000000000 ) ) ;
#1527 = DIRECTION ( 'NONE',  ( -0.000000000000000000, -1.195042302620835759E-16, 1.000000000000000000 ) ) ;
#1528 = EDGE_CURVE ( 'NONE', #1184, #133, #2308, .T. ) ;
#1529 = CARTESIAN_POINT ( 'NONE',  ( 1.338300807568870265, -0.7726683315065854263, -0.4833333333333399429 ) ) ;
#1530 = CARTESIAN_POINT ( 'NONE',  ( 0.000000000000000000, 1.545336663013161749, 3.249999999999984457 ) ) ;
#1531 = CIRCLE ( 'NONE', #847, 1.545336663013163303 ) ;
#1532 = ORIENTED_EDGE ( 'NONE', *, *, #185, .F. ) ;
#1533 = CARTESIAN_POINT ( 'NONE',  ( -1.892491597964122291E-16, -1.545336663013164857, 1.587499999999989475 ) ) ;
#1534 = AXIS2_PLACEMENT_3D ( 'NONE', #12, #730, #457 ) ;
#1535 = ORIENTED_EDGE ( 'NONE', *, *, #948, .F. ) ;
#1536 = CARTESIAN_POINT ( 'NONE',  ( 0.2554384441946465079, -1.940537571337575651, -1.521846128162352985 ) ) ;
#1537 = DIRECTION ( 'NONE',  ( -1.000000000000000000, 0.000000000000000000, 0.000000000000000000 ) ) ;
#1538 = CARTESIAN_POINT ( 'NONE',  ( -1.225180461561450995, -1.155559214351699282, 1.330245169380013692 ) ) ;
#1539 = CARTESIAN_POINT ( 'NONE',  ( -1.784401076758495464, -1.301554487698640105E-15, 1.324999999999989297 ) ) ;
#1540 = VERTEX_POINT ( 'NONE', #352 ) ;
#1541 = EDGE_CURVE ( 'NONE', #503, #684, #2163, .T. ) ;
#1542 = CARTESIAN_POINT ( 'NONE',  ( 0.000000000000000000, 1.545336663013161749, 1.237499999999990274 ) ) ;
#1543 = ORIENTED_EDGE ( 'NONE', *, *, #1431, .F. ) ;
#1544 = CARTESIAN_POINT ( 'NONE',  ( 1.657021243639972052, -0.8769529370527568979, -1.603894722952692753 ) ) ;
#1545 = CARTESIAN_POINT ( 'NONE',  ( -1.639698526867212180, 0.9992738805244552047, 1.565872755452601073 ) ) ;
#1546 = CARTESIAN_POINT ( 'NONE',  ( 1.338300807568874262, 0.7726683315065754343, 1.033333333333323223 ) ) ;
#1547 = DIRECTION ( 'NONE',  ( -0.000000000000000000, -0.000000000000000000, 1.000000000000000000 ) ) ;
#1548 = CARTESIAN_POINT ( 'NONE',  ( -1.324744118574885653E-15, -1.545336663013164857, 0.1874999999999927836 ) ) ;
#1549 = CARTESIAN_POINT ( 'NONE',  ( -1.637830494964550132, -0.2264396354007499057, 1.287830494964542272 ) ) ;
#1550 = CARTESIAN_POINT ( 'NONE',  ( 0.8922005383792486199, 1.545336663013161305, 3.191666666666651775 ) ) ;
#1551 = CARTESIAN_POINT ( 'NONE',  ( 1.338300807568871598, -0.7726683315065836499, 3.804166666666651153 ) ) ;
#1552 = ORIENTED_EDGE ( 'NONE', *, *, #602, .T. ) ;
#1553 = LINE ( 'NONE', #277, #247 ) ;
#1554 = EDGE_CURVE ( 'NONE', #657, #801, #159, .T. ) ;
#1555 = ORIENTED_EDGE ( 'NONE', *, *, #1367, .F. ) ;
#1556 = CARTESIAN_POINT ( 'NONE',  ( -1.545336663013163303, -2.324088772396477673E-16, -0.07500000000000725531 ) ) ;
#1557 = CARTESIAN_POINT ( 'NONE',  ( -1.154700538379252128, -2.000000000000000444, -0.2208333333333466764 ) ) ;
#1558 = B_SPLINE_CURVE_WITH_KNOTS ( 'NONE', 3,
 ( #1451, #1651, #2030, #2174, #1125, #2189, #404, #550, #947, #1673 ),
 .UNSPECIFIED., .F., .F.,
 ( 4, 2, 2, 2, 4 ),
 ( 0.0007836423023445251513, 0.001157416549359615611, 0.001531190796374706179, 0.001904965043389796747, 0.002278739290404887315 ),
 .UNSPECIFIED. ) ;
#1559 = CARTESIAN_POINT ( 'NONE',  ( -1.111559407480944062, -1.545759906741583478, -1.574829620490069138 ) ) ;
#1560 = DIRECTION ( 'NONE',  ( -0.000000000000000000, -0.000000000000000000, 1.000000000000000000 ) ) ;
#1561 = CARTESIAN_POINT ( 'NONE',  ( 1.999999999999998668, -3.526197198047866363E-15, 1.649999999999999911 ) ) ;
#1562 = CARTESIAN_POINT ( 'NONE',  ( 2.353151076758498661, -1.843084381160375308E-15, -1.409375000000008704 ) ) ;
#1563 = CARTESIAN_POINT ( 'NONE',  ( -1.338300807568871598, 0.7726683315065804303, 4.154166666666650798 ) ) ;
#1564 = ORIENTED_EDGE ( 'NONE', *, *, #26, .F. ) ;
#1565 = AXIS2_PLACEMENT_3D ( 'NONE', #351, #1446, #1634 ) ;
#1566 = CARTESIAN_POINT ( 'NONE',  ( 0.000000000000000000, 2.037888611415564544, -0.5781250000000013323 ) ) ;
#1567 = AXIS2_PLACEMENT_3D ( 'NONE', #631, #1733, #991 ) ;
#1568 = EDGE_CURVE ( 'NONE', #842, #48, #2146, .T. ) ;
#1569 = ADVANCED_FACE ( 'NONE', ( #1386 ), #2256, .F. ) ;
#1570 = EDGE_LOOP ( 'NONE', ( #1092, #951, #1699 ) ) ;
#1571 = DIRECTION ( 'NONE',  ( -0.000000000000000000, -1.195042302620835759E-16, 1.000000000000000000 ) ) ;
#1572 = AXIS2_PLACEMENT_3D ( 'NONE', #1705, #2061, #978 ) ;
#1573 = CARTESIAN_POINT ( 'NONE',  ( -1.545336663013163525, 1.743066579297358255E-16, 0.6249999999999910072 ) ) ;
#1574 = DIRECTION ( 'NONE',  ( 0.000000000000000000, 0.000000000000000000, -1.000000000000000000 ) ) ;
#1575 = CARTESIAN_POINT ( 'NONE',  ( 2.000000000000000000, -2.207884333776653740E-15, 0.6249999999999973355 ) ) ;
#1576 = CARTESIAN_POINT ( 'NONE',  ( -2.000000000000000000, -4.706279764102867609E-15, -1.037500000000010969 ) ) ;
#1577 = CARTESIAN_POINT ( 'NONE',  ( 0.000000000000000000, 2.037888611415564100, -1.934375000000007283 ) ) ;
#1578 = ORIENTED_EDGE ( 'NONE', *, *, #1766, .T. ) ;
#1579 = CARTESIAN_POINT ( 'NONE',  ( 0.000000000000000000, -5.019177671007510732E-16, 4.200000000000000178 ) ) ;
#1580 = DIRECTION ( 'NONE',  ( 0.000000000000000000, -1.000000000000000000, 0.000000000000000000 ) ) ;
#1581 = CARTESIAN_POINT ( 'NONE',  ( -2.495693764988917238E-16, -2.037888611415567208, -0.9281250000000005329 ) ) ;
#1582 = CARTESIAN_POINT ( 'NONE',  ( 1.764863307568874218, -1.018944305707785380, 4.088541666666654528 ) ) ;
#1583 = ADVANCED_FACE ( 'NONE', ( #535, #1743 ), #344, .F. ) ;
#1584 = EDGE_LOOP ( 'NONE', ( #2165, #1578 ) ) ;
#1585 = DIRECTION ( 'NONE',  ( 1.000000000000000000, 0.000000000000000000, 0.000000000000000000 ) ) ;
#1586 = CARTESIAN_POINT ( 'NONE',  ( 1.545336663013162637, -0.4140717108885859088, -1.156260739116969694 ) ) ;
#1587 = CARTESIAN_POINT ( 'NONE',  ( -1.779783831065155253, 0.3887807409522962554, -1.657224658964706165 ) ) ;
#1588 = CARTESIAN_POINT ( 'NONE',  ( -1.154700538379252572, -2.000000000000000888, 0.3916666666666644425 ) ) ;
#1589 = EDGE_CURVE ( 'NONE', #1863, #1869, #523, .T. ) ;
#1590 = CARTESIAN_POINT ( 'NONE',  ( 1.396592535537252711E-14, -1.999999999999999556, 4.200000000000000178 ) ) ;
#1591 = CARTESIAN_POINT ( 'NONE',  ( -2.353151076758498661, -1.266728594347886982E-15, -1.059375000000009281 ) ) ;
#1592 = DIRECTION ( 'NONE',  ( 1.000000000000000000, 0.000000000000000000, 0.000000000000000000 ) ) ;
#1593 = CARTESIAN_POINT ( 'NONE',  ( 1.545336663013163525, -1.162044386198238837E-16, 0.2749999999999918621 ) ) ;
#1594 = PLANE ( 'NONE',  #1806 ) ;
#1595 = CARTESIAN_POINT ( 'NONE',  ( 0.000000000000000000, 2.037888611415564544, -1.278124999999999734 ) ) ;
#1596 = CARTESIAN_POINT ( 'NONE',  ( 0.000000000000000000, 2.037888611415564544, 2.921874999999990230 ) ) ;
#1597 = VERTEX_POINT ( 'NONE', #2292 ) ;
#1598 = CARTESIAN_POINT ( 'NONE',  ( 1.545336663013163525, 0.4140717108885805242, -1.093739260883040743 ) ) ;
#1599 = CARTESIAN_POINT ( 'NONE',  ( 1.249999999999999334, -0.7216878364870333851, 2.660000000000000142 ) ) ;
#1600 = CARTESIAN_POINT ( 'NONE',  ( 1.249999999999999556, 0.2506952791092891819, 4.026234477703126480 ) ) ;
#1601 = CARTESIAN_POINT ( 'NONE',  ( -1.627539924723343301, 6.853156767604112468E-14, 1.277539924723346321 ) ) ;
#1602 = CARTESIAN_POINT ( 'NONE',  ( -2.495693764988916252E-16, -2.037888611415566764, 0.5156249999999870104 ) ) ;
#1603 = CARTESIAN_POINT ( 'NONE',  ( -1.545336663013163081, -1.249197715163106540E-15, -0.6875000000000048850 ) ) ;
#1604 = CARTESIAN_POINT ( 'NONE',  ( -2.000000000000000000, -4.706279764102867609E-15, -0.3375000000000125677 ) ) ;
#1605 = DIRECTION ( 'NONE',  ( 1.000000000000000000, 0.000000000000000000, -0.000000000000000000 ) ) ;
#1606 = CARTESIAN_POINT ( 'NONE',  ( -1.176575538379250219, -2.037888611415567208, 1.113541666666661101 ) ) ;
#1607 = ORIENTED_EDGE ( 'NONE', *, *, #2299, .F. ) ;
#1608 = DIRECTION ( 'NONE',  ( -1.000000000000000000, 0.000000000000000000, 0.000000000000000000 ) ) ;
#1609 = FACE_OUTER_BOUND ( 'NONE', #692, .T. ) ;
#1610 = AXIS2_PLACEMENT_3D ( 'NONE', #1579, #512, #868 ) ;
#1611 = CARTESIAN_POINT ( 'NONE',  ( -1.783193066558647288, -0.5684065471667502090, -1.618730225680020673 ) ) ;
#1612 = CIRCLE ( 'NONE', #1189, 1.545336663013163303 ) ;
#1613 =( BOUNDED_CURVE ( )  B_SPLINE_CURVE ( 2, ( #1575, #1742, #908, #1911, #297, #1588, #2320, #2307, #1371 ),
 .UNSPECIFIED., .F., .T. ) 
 B_SPLINE_CURVE_WITH_KNOTS ( ( 3, 2, 2, 2, 3 ),
 ( 0.6250000000000000000, 0.6333333333333333037, 0.6500000000000000222, 0.6666666666666667407, 0.6750000000000000444 ),
 .UNSPECIFIED. ) 
 CURVE ( )  GEOMETRIC_REPRESENTATION_ITEM ( )  RATIONAL_B_SPLINE_CURVE ( ( 0.9330127018922194093, 0.9330127018922194093, 1.000000000000000000, 0.8660254037844387076, 1.000000000000000000, 0.8660254037844387076, 1.000000000000000000, 0.9330127018922194093, 0.9330127018922194093 ) ) 
 REPRESENTATION_ITEM ( '' )  );
#1614 = DIRECTION ( 'NONE',  ( -0.4999999999999998890, 0.8660254037844387076, 0.000000000000000000 ) ) ;
#1615 = CARTESIAN_POINT ( 'NONE',  ( 2.353151076758498661, -1.843084381160375308E-15, -0.7093750000000101918 ) ) ;
#1616 = DIRECTION ( 'NONE',  ( 0.000000000000000000, -1.000000000000000000, 0.000000000000000000 ) ) ;
#1617 = CARTESIAN_POINT ( 'NONE',  ( 0.000000000000000000, -3.281267838218396067E-15, 7.656854249492376141 ) ) ;
#1618 = DIRECTION ( 'NONE',  ( -0.000000000000000000, -0.000000000000000000, 1.000000000000000000 ) ) ;
#1619 = EDGE_CURVE ( 'NONE', #61, #133, #2126, .T. ) ;
#1620 = CARTESIAN_POINT ( 'NONE',  ( 1.176575538379248664, -2.037888611415567652, 1.230208333333327797 ) ) ;
#1621 = EDGE_LOOP ( 'NONE', ( #2059, #926 ) ) ;
#1622 = DATE_TIME_ROLE ( 'classification_date' ) ;
#1623 = CARTESIAN_POINT ( 'NONE',  ( -0.7634036594345708915, 1.360872250266793593, 1.202691250516868759 ) ) ;
#1624 = DIRECTION ( 'NONE',  ( -1.000000000000000000, 0.000000000000000000, 0.000000000000000000 ) ) ;
#1625 = CARTESIAN_POINT ( 'NONE',  ( -1.176575538379249108, 2.037888611415564100, 2.323958333333315807 ) ) ;
#1626 = CARTESIAN_POINT ( 'NONE',  ( -1.154700538379250796, 1.999999999999998224, -0.4541666666666794860 ) ) ;
#1627 = CARTESIAN_POINT ( 'NONE',  ( 1.338300807568874040, 0.7726683315065757673, 0.4208333333333255655 ) ) ;
#1628 = CARTESIAN_POINT ( 'NONE',  ( -0.8922005383792475097, 1.545336663013161749, -0.8916666666666722696 ) ) ;
#1629 = CARTESIAN_POINT ( 'NONE',  ( 1.176575538379248664, -2.037888611415567652, 0.5302083333333296178 ) ) ;
#1630 = ORIENTED_EDGE ( 'NONE', *, *, #1205, .T. ) ;
#1631 = ADVANCED_FACE ( 'NONE', ( #1252 ), #1054, .T. ) ;
#1632 = FACE_OUTER_BOUND ( 'NONE', #1621, .T. ) ;
#1633 = COORDINATED_UNIVERSAL_TIME_OFFSET ( 6, 0, .BEHIND. ) ;
#1634 = DIRECTION ( 'NONE',  ( 1.000000000000000000, 0.000000000000000000, 0.000000000000000000 ) ) ;
#1635 = FACE_OUTER_BOUND ( 'NONE', #933, .T. ) ;
#1636 = CARTESIAN_POINT ( 'NONE',  ( 2.000000000000000000, -5.694017492371369363E-15, 0.7124999999999842570 ) ) ;
#1637 = CARTESIAN_POINT ( 'NONE',  ( 1.154700538379252350, 1.999999999999997335, -1.270833333333343917 ) ) ;
#1638 = CARTESIAN_POINT ( 'NONE',  ( -0.8922005383792482869, -1.545336663013164635, -1.358333333333337833 ) ) ;
#1639 = CARTESIAN_POINT ( 'NONE',  ( -1.338300807568871598, 0.7726683315065804303, -0.7458333333333383441 ) ) ;
#1640 = VERTEX_POINT ( 'NONE', #2152 ) ;
#1641 = CARTESIAN_POINT ( 'NONE',  ( 1.545336663013163303, -0.4140717108885864639, -0.3687607391169701043 ) ) ;
#1642 = PERSON_AND_ORGANIZATION ( #936, #213 ) ;
#1643 = CARTESIAN_POINT ( 'NONE',  ( -2.000000000000000000, -4.706279764102867609E-15, 0.2749999999999985789 ) ) ;
#1644 = EDGE_CURVE ( 'NONE', #1266, #1855, #877, .T. ) ;
#1645 = VECTOR ( 'NONE', #1141, 1000.000000000000000 ) ;
#1646 = CARTESIAN_POINT ( 'NONE',  ( -1.764863307568874218, -1.018944305707783826, 2.498958333333315629 ) ) ;
#1647 = CONICAL_SURFACE ( 'NONE', #1305, 1.443375672974063884, 0.7853981633974500554 ) ;
#1648 = VERTEX_POINT ( 'NONE', #1786 ) ;
#1649 = B_SPLINE_CURVE_WITH_KNOTS ( 'NONE', 3,
 ( #2241, #825, #1918, #1152, #1544, #623, #1018, #1726, #1198, #101, #1883, #1929, #1524, #996 ),
 .UNSPECIFIED., .F., .F.,
 ( 4, 2, 2, 2, 2, 2, 4 ),
 ( 1.477770704687589224E-17, 0.0007159415568376239656, 0.001073912335256428522, 0.001431883113675233186, 0.001789853892094037851, 0.002147824670512842298, 0.002863766227350451627 ),
 .UNSPECIFIED. ) ;
#1650 = CARTESIAN_POINT ( 'NONE',  ( -1.154700538379250796, 1.999999999999998224, 0.9458333333333170945 ) ) ;
#1651 = CARTESIAN_POINT ( 'NONE',  ( -1.249999999999999556, 0.6100375687041543760, 4.144174866108562227 ) ) ;
#1652 = CARTESIAN_POINT ( 'NONE',  ( 0.8922005383792472877, -1.545336663013165079, -0.5416666666666731800 ) ) ;
#1653 = CARTESIAN_POINT ( 'NONE',  ( 1.338300807568871598, -0.7726683315065836499, -1.095833333333337656 ) ) ;
#1654 = ORIENTED_EDGE ( 'NONE', *, *, #1295, .F. ) ;
#1655 = DIRECTION ( 'NONE',  ( 1.000000000000000000, 0.000000000000000000, 0.000000000000000000 ) ) ;
#1656 = PERSON_AND_ORGANIZATION ( #936, #213 ) ;
#1657 = DIRECTION ( 'NONE',  ( 0.000000000000000000, 0.000000000000000000, 1.000000000000000000 ) ) ;
#1658 = PRODUCT_RELATED_PRODUCT_CATEGORY ( 'detail', '', ( #482 ) ) ;
#1659 = CARTESIAN_POINT ( 'NONE',  ( 1.545336663013163525, -3.137519842735244810E-15, 0.9749999999999899858 ) ) ;
#1660 = DIRECTION ( 'NONE',  ( -1.000000000000000000, 0.000000000000000000, -0.000000000000000000 ) ) ;
#1661 = ADVANCED_FACE ( 'NONE', ( #1064 ), #677, .F. ) ;
#1662 = CARTESIAN_POINT ( 'NONE',  ( 1.545336663013163525, -3.137519842735244810E-15, 1.062499999999990896 ) ) ;
#1663 = CARTESIAN_POINT ( 'NONE',  ( -0.8922005383792538380, -1.545336663013161083, 0.7416666666666569263 ) ) ;
#1664 = CARTESIAN_POINT ( 'NONE',  ( -0.8922005383792475097, 1.545336663013161749, -2.291666666666669627 ) ) ;
#1665 = CARTESIAN_POINT ( 'NONE',  ( 1.338300807568871598, -0.7726683315065836499, 0.3041666666666592023 ) ) ;
#1666 = VERTEX_POINT ( 'NONE', #481 ) ;
#1667 = CARTESIAN_POINT ( 'NONE',  ( -0.8922005383792505073, -1.545336663013163081, -0.5708333333333387438 ) ) ;
#1668 = SHAPE_DEFINITION_REPRESENTATION ( #2177, #1902 ) ;
#1669 = DIRECTION ( 'NONE',  ( 0.000000000000000000, -1.000000000000000000, -1.141265444721584497E-16 ) ) ;
#1670 = CARTESIAN_POINT ( 'NONE',  ( -1.250000000000000222, 0.7216878364870308316, 4.200000000000000178 ) ) ;
#1671 = CARTESIAN_POINT ( 'NONE',  ( 1.764863307568875106, 1.018944305707780051, 3.548958333333312787 ) ) ;
#1672 = ORIENTED_EDGE ( 'NONE', *, *, #1159, .F. ) ;
#1673 = CARTESIAN_POINT ( 'NONE',  ( -1.249999999999999334, -0.7216878364870328300, 4.200000000000000178 ) ) ;
#1674 = CARTESIAN_POINT ( 'NONE',  ( 1.338300807568872486, 0.7726683315065792090, -1.766666666666670382 ) ) ;
#1675 = ORIENTED_EDGE ( 'NONE', *, *, #501, .T. ) ;
#1676 = CARTESIAN_POINT ( 'NONE',  ( 0.8922005383792486199, 1.545336663013161305, 0.4791666666666590246 ) ) ;
#1677 = VERTEX_POINT ( 'NONE', #156 ) ;
#1678 = CARTESIAN_POINT ( 'NONE',  ( -1.999999999999998668, -3.281267838218396067E-15, 7.656854249492376141 ) ) ;
#1679 = B_SPLINE_CURVE_WITH_KNOTS ( 'NONE', 3,
 ( #451, #1513, #613, #802, #1365, #2096 ),
 .UNSPECIFIED., .F., .F.,
 ( 4, 2, 4 ),
 ( 0.0008535407158033086247, 0.001227484840227553156, 0.001601428964651797904 ),
 .UNSPECIFIED. ) ;
#1680 = DIRECTION ( 'NONE',  ( 1.000000000000000000, 0.000000000000000000, 0.000000000000000000 ) ) ;
#1681 = AXIS2_PLACEMENT_3D ( 'NONE', #1083, #2161, #1958 ) ;
#1682 = CARTESIAN_POINT ( 'NONE',  ( 2.000000000000000000, -5.694017492371369363E-15, 1.324999999999995737 ) ) ;
#1683 = VERTEX_POINT ( 'NONE', #1601 ) ;
#1684 = CARTESIAN_POINT ( 'NONE',  ( 0.000000000000000000, -3.281267838218396067E-15, 2.000000000000000000 ) ) ;
#1685 = CARTESIAN_POINT ( 'NONE',  ( -1.784401076758495464, -1.301554487698640105E-15, 4.124999999999983125 ) ) ;
#1686 = CIRCLE ( 'NONE', #1916, 1.999999999999998668 ) ;
#1687 = ORIENTED_EDGE ( 'NONE', *, *, #397, .F. ) ;
#1688 = VECTOR ( 'NONE', #999, 1000.000000000000000 ) ;
#1689 = CARTESIAN_POINT ( 'NONE',  ( 1.338300807568871598, -0.7726683315065836499, -1.795833333333335835 ) ) ;
#1690 = ADVANCED_FACE ( 'NONE', ( #1934 ), #1023, .T. ) ;
#1691 = VERTEX_POINT ( 'NONE', #1073 ) ;
#1692 = EDGE_CURVE ( 'NONE', #1299, #939, #310, .T. ) ;
#1693 = APPLICATION_CONTEXT ( 'configuration controlled 3d designs of mechanical parts and assemblies' ) ;
#1694 = LOCAL_TIME ( 16, 9, 8.000000000000000000, #1633 ) ;
#1695 = CARTESIAN_POINT ( 'NONE',  ( 0.000000000000000000, -5.019177671007510732E-16, 4.200000000000000178 ) ) ;
#1696 = CARTESIAN_POINT ( 'NONE',  ( -2.000000000000000000, -0.5358983848622465018, 1.006260739116960901 ) ) ;
#1697 = CARTESIAN_POINT ( 'NONE',  ( -0.3648052155663401019, -1.688986962828274097, 1.374189610073832668 ) ) ;
#1698 = CARTESIAN_POINT ( 'NONE',  ( -1.338300807568871820, -0.7726683315065827617, 1.383333333333322424 ) ) ;
#1699 = ORIENTED_EDGE ( 'NONE', *, *, #439, .T. ) ;
#1700 = CARTESIAN_POINT ( 'NONE',  ( -1.338300807568871820, -0.7726683315065827617, 4.270833333333316162 ) ) ;
#1701 = ORIENTED_EDGE ( 'NONE', *, *, #2212, .T. ) ;
#1702 = CARTESIAN_POINT ( 'NONE',  ( -0.9118460835049674307, 1.781230467404969042, 1.643634144515500273 ) ) ;
#1703 =( BOUNDED_CURVE ( )  B_SPLINE_CURVE ( 2, ( #1203, #1037, #1773, #864, #142 ),
 .UNSPECIFIED., .F., .F. ) 
 B_SPLINE_CURVE_WITH_KNOTS ( ( 3, 2, 3 ),
 ( 0.4750000000000000333, 0.4833333333333333370, 0.4938323767526936470 ),
 .UNSPECIFIED. ) 
 CURVE ( )  GEOMETRIC_REPRESENTATION_ITEM ( )  RATIONAL_B_SPLINE_CURVE ( ( 0.9330127018922194093, 0.9330127018922196314, 1.000000000000000000, 0.9156036938344933596, 0.9375370456128204744 ) ) 
 REPRESENTATION_ITEM ( '' )  );
#1704 = EDGE_CURVE ( 'NONE', #1328, #2343, #885, .T. ) ;
#1705 = CARTESIAN_POINT ( 'NONE',  ( 0.000000000000000000, -1.410817541051009211E-15, -2.000000000000000444 ) ) ;
#1706 = CARTESIAN_POINT ( 'NONE',  ( 1.732050807568878303, 0.9999999999999972244, 1.470833333333316562 ) ) ;
#1707 = CARTESIAN_POINT ( 'NONE',  ( 1.545336663013163525, 0.4140717108885787479, -0.3062392608830416529 ) ) ;
#1708 = CARTESIAN_POINT ( 'NONE',  ( 1.829801490407131137, -0.2268454454413143251, 1.490324925797462674 ) ) ;
#1709 = CARTESIAN_POINT ( 'NONE',  ( -1.176575538379249108, 2.037888611415564100, -2.576041666666672558 ) ) ;
#1710 = ORIENTED_EDGE ( 'NONE', *, *, #1644, .T. ) ;
#1711 = CARTESIAN_POINT ( 'NONE',  ( -1.338300807568871598, 0.7726683315065804303, 2.754166666666653995 ) ) ;
#1712 = EDGE_LOOP ( 'NONE', ( #1059, #1903, #1938, #1845, #1196, #755, #2119, #1287, #406, #1882, #1428, #485, #1170, #238, #2247, #1339, #578, #1379, #1439, #1145, #76, #844 ) ) ;
#1713 = CARTESIAN_POINT ( 'NONE',  ( -1.764863307568874662, -1.018944305707784048, -1.744791666666665408 ) ) ;
#1714 = CARTESIAN_POINT ( 'NONE',  ( 2.000000000000000000, -2.207884333776653740E-15, 0.6249999999999973355 ) ) ;
#1715 = EDGE_CURVE ( 'NONE', #1224, #824, #2298, .T. ) ;
#1716 = DIRECTION ( 'NONE',  ( 0.000000000000000000, -1.000000000000000000, -1.084202172485505174E-16 ) ) ;
#1717 = DIRECTION ( 'NONE',  ( 0.000000000000000000, 0.000000000000000000, -1.000000000000000000 ) ) ;
#1718 = ADVANCED_FACE ( 'NONE', ( #856 ), #1594, .F. ) ;
#1719 = CARTESIAN_POINT ( 'NONE',  ( -2.000000000000001776, 0.5358983848622407287, -0.4562607391169639648 ) ) ;
#1720 = CARTESIAN_POINT ( 'NONE',  ( -1.338300807568871598, 0.7726683315065804303, 1.266666666666655949 ) ) ;
#1721 = AXIS2_PLACEMENT_3D ( 'NONE', #1967, #342, #1061 ) ;
#1722 = EDGE_LOOP ( 'NONE', ( #854, #219, #834 ) ) ;
#1723 = CARTESIAN_POINT ( 'NONE',  ( 1.784401076758495464, -1.738606701108116332E-15, 3.162499999999985434 ) ) ;
#1724 = AXIS2_PLACEMENT_3D ( 'NONE', #1464, #1302, #764 ) ;
#1725 = ORIENTED_EDGE ( 'NONE', *, *, #329, .F. ) ;
#1726 = CARTESIAN_POINT ( 'NONE',  ( 1.239292333835228188, -1.296503577071626889, -1.685320244742421369 ) ) ;
#1727 = AXIS2_PLACEMENT_3D ( 'NONE', #1932, #2113, #1785 ) ;
#1728 = CARTESIAN_POINT ( 'NONE',  ( 0.000000000000000000, 1.999999999999998668, -0.5125000000000125011 ) ) ;
#1729 = CARTESIAN_POINT ( 'NONE',  ( 1.732050807568877859, 0.9999999999999972244, 0.6833333333333305726 ) ) ;
#1730 = CARTESIAN_POINT ( 'NONE',  ( -0.2506926357690542617, -1.524866749727276316, -1.929663336986837674 ) ) ;
#1731 = LINE ( 'NONE', #1178, #2260 ) ;
#1732 = CYLINDRICAL_SURFACE ( 'NONE', #1420, 3.799999999999996270 ) ;
#1733 = DIRECTION ( 'NONE',  ( -0.000000000000000000, -0.000000000000000000, 1.000000000000000000 ) ) ;
#1734 = EDGE_CURVE ( 'NONE', #1737, #476, #181, .T. ) ;
#1735 = CARTESIAN_POINT ( 'NONE',  ( -1.784401076758495464, -1.301554487698640105E-15, 2.024999999999987921 ) ) ;
#1736 = CARTESIAN_POINT ( 'NONE',  ( -1.892491597964122291E-16, -1.545336663013164857, 2.287499999999988542 ) ) ;
#1737 = VERTEX_POINT ( 'NONE', #1759 ) ;
#1738 = ORIENTED_EDGE ( 'NONE', *, *, #468, .T. ) ;
#1739 = DIRECTION ( 'NONE',  ( 0.000000000000000000, 0.000000000000000000, -1.000000000000000000 ) ) ;
#1740 = CARTESIAN_POINT ( 'NONE',  ( -2.000000000000000000, -0.5358983848622465018, -1.093739260883034081 ) ) ;
#1741 = CARTESIAN_POINT ( 'NONE',  ( -0.4779107666769883411, -1.883131105542190209, -1.547165712685578454 ) ) ;
#1742 = CARTESIAN_POINT ( 'NONE',  ( 1.999999999999999556, -0.5358983848622475010, 0.5937392608830330820 ) ) ;
#1743 = FACE_OUTER_BOUND ( 'NONE', #1584, .T. ) ;
#1744 = CARTESIAN_POINT ( 'NONE',  ( -2.353151076758498661, -1.266728594347886982E-15, 1.040624999999985922 ) ) ;
#1745 = ADVANCED_FACE ( 'NONE', ( #348 ), #905, .T. ) ;
#1746 = CARTESIAN_POINT ( 'NONE',  ( -0.8922005383792475097, 1.545336663013161749, 4.095833333333317228 ) ) ;
#1747 = VERTEX_POINT ( 'NONE', #2339 ) ;
#1748 = CARTESIAN_POINT ( 'NONE',  ( 0.000000000000000000, -3.281267838218396067E-15, 1.649999999999999911 ) ) ;
#1749 = EDGE_LOOP ( 'NONE', ( #1071, #716, #184, #340 ) ) ;
#1750 = DIRECTION ( 'NONE',  ( -1.000000000000000000, 0.000000000000000000, 0.000000000000000000 ) ) ;
#1751 = CARTESIAN_POINT ( 'NONE',  ( -1.324744118574885653E-15, -1.545336663013164857, 0.09999999999999202582 ) ) ;
#1752 = CARTESIAN_POINT ( 'NONE',  ( -1.655701806206242077, 0.7258317194797574423, -1.671168301644074372 ) ) ;
#1753 = CARTESIAN_POINT ( 'NONE',  ( 1.545336663013163525, -1.162044386198238837E-16, 0.3624999999999927169 ) ) ;
#1754 = DIRECTION ( 'NONE',  ( 0.000000000000000000, 0.000000000000000000, 1.000000000000000000 ) ) ;
#1755 = CARTESIAN_POINT ( 'NONE',  ( 1.764863307568873774, -1.018944305707785158, 0.6322916666666533736 ) ) ;
#1756 = EDGE_CURVE ( 'NONE', #1850, #530, #924, .T. ) ;
#1757 = CARTESIAN_POINT ( 'NONE',  ( 1.545336663013162859, 0.4140717108885795250, 0.3937607391169566373 ) ) ;
#1758 = EDGE_LOOP ( 'NONE', ( #199, #767, #1765, #1520 ) ) ;
#1759 = CARTESIAN_POINT ( 'NONE',  ( -1.249999999999999334, -0.7216878364870333851, 2.660000000000000142 ) ) ;
#1760 = CC_DESIGN_PERSON_AND_ORGANIZATION_ASSIGNMENT ( #1656, #2011, ( #1770 ) ) ;
#1761 = VECTOR ( 'NONE', #2209, 1000.000000000000000 ) ;
#1762 = CARTESIAN_POINT ( 'NONE',  ( -2.353151076758499105, -1.266728594347886982E-15, 0.2968749999999967804 ) ) ;
#1763 = VECTOR ( 'NONE', #833, 1000.000000000000000 ) ;
#1764 = CARTESIAN_POINT ( 'NONE',  ( 1.764863307568875328, 1.018944305707780273, 1.405208333333327397 ) ) ;
#1765 = ORIENTED_EDGE ( 'NONE', *, *, #948, .T. ) ;
#1766 = EDGE_CURVE ( 'NONE', #452, #174, #1768, .T. ) ;
#1767 = DIRECTION ( 'NONE',  ( -0.000000000000000000, -1.195042302620835759E-16, 1.000000000000000000 ) ) ;
#1768 = CIRCLE ( 'NONE', #1919, 1.999999999999997335 ) ;
#1769 = DIRECTION ( 'NONE',  ( -0.8660254037844387076, 0.4999999999999998335, 0.000000000000000000 ) ) ;
#1770 = PRODUCT_DEFINITION_FORMATION_WITH_SPECIFIED_SOURCE ( 'ANY', '', #482, .NOT_KNOWN. ) ;
#1771 =( BOUNDED_CURVE ( )  B_SPLINE_CURVE ( 2, ( #1682, #970, #59, #445, #606, #784, #1144, #1696, #1157 ),
 .UNSPECIFIED., .F., .F. ) 
 B_SPLINE_CURVE_WITH_KNOTS ( ( 3, 2, 2, 2, 3 ),
 ( 0.5250000000000000222, 0.5333333333333333259, 0.5500000000000000444, 0.5666666666666666519, 0.5749999999999999556 ),
 .UNSPECIFIED. ) 
 CURVE ( )  GEOMETRIC_REPRESENTATION_ITEM ( )  RATIONAL_B_SPLINE_CURVE ( ( 0.9330127018922194093, 0.9330127018922198534, 1.000000000000000000, 0.8660254037844387076, 1.000000000000000000, 0.8660254037844387076, 1.000000000000000000, 0.9330127018922194093, 0.9330127018922194093 ) ) 
 REPRESENTATION_ITEM ( '' )  );
#1772 = CARTESIAN_POINT ( 'NONE',  ( 1.545336663013163303, -2.004526566191961808E-15, -1.825000000000003508 ) ) ;
#1773 = CARTESIAN_POINT ( 'NONE',  ( 1.338300807568874262, 0.7726683315065754343, 1.120833333333324022 ) ) ;
#1774 = CARTESIAN_POINT ( 'NONE',  ( 0.000000000000000000, -5.019177671007510732E-16, 4.200000000000000178 ) ) ;
#1775 = CARTESIAN_POINT ( 'NONE',  ( -2.495693764988916252E-16, -2.037888611415566764, -0.8843750000000096811 ) ) ;
#1776 = CARTESIAN_POINT ( 'NONE',  ( 1.249999999999999334, -0.7216878364870328300, 4.200000000000000178 ) ) ;
#1777 = DIRECTION ( 'NONE',  ( -0.000000000000000000, -0.000000000000000000, 1.000000000000000000 ) ) ;
#1778 = DIRECTION ( 'NONE',  ( -0.4999999999999999445, -0.8660254037844387076, 0.000000000000000000 ) ) ;
#1779 = CARTESIAN_POINT ( 'NONE',  ( -1.176575538379250219, -2.037888611415567208, -0.9864583333333337700 ) ) ;
#1780 = CARTESIAN_POINT ( 'NONE',  ( -1.764863307568874662, -1.018944305707784048, 3.155208333333323178 ) ) ;
#1781 = EDGE_LOOP ( 'NONE', ( #1320, #1362 ) ) ;
#1782 = CARTESIAN_POINT ( 'NONE',  ( -1.545336663013163303, 0.4140717108885835218, -0.8062607391169700488 ) ) ;
#1783 = CARTESIAN_POINT ( 'NONE',  ( 1.545336663013163081, -2.672702088255949078E-15, -1.125000000000005107 ) ) ;
#1784 = EDGE_CURVE ( 'NONE', #1211, #1900, #2131, .T. ) ;
#1785 = DIRECTION ( 'NONE',  ( 0.000000000000000000, -1.000000000000000000, 0.000000000000000000 ) ) ;
#1786 = CARTESIAN_POINT ( 'NONE',  ( 1.545336663013163081, -2.672702088255949078E-15, -1.125000000000005107 ) ) ;
#1787 = CARTESIAN_POINT ( 'NONE',  ( -1.176575538379249997, -2.037888611415566320, -2.342708333333339610 ) ) ;
#1788 = VERTEX_POINT ( 'NONE', #1390 ) ;
#1789 = CARTESIAN_POINT ( 'NONE',  ( -1.545336663013163525, -0.4140717108885828557, -1.356239260883039144 ) ) ;
#1790 = CYLINDRICAL_SURFACE ( 'NONE', #60, 1.545336663013163303 ) ;
#1791 = CARTESIAN_POINT ( 'NONE',  ( -1.176575538379249330, 2.037888611415564544, 2.280208333333324955 ) ) ;
#1792 = EDGE_LOOP ( 'NONE', ( #2208, #1928, #2069, #1138, #1135, #1860, #1123, #1535 ) ) ;
#1793 = CARTESIAN_POINT ( 'NONE',  ( 1.249999999999999334, 0.6100260475604442068, 4.144169105536708031 ) ) ;
#1794 = CARTESIAN_POINT ( 'NONE',  ( 1.147428993866131787E-16, 1.443375672974062551, 2.660000000000000142 ) ) ;
#1795 = CARTESIAN_POINT ( 'NONE',  ( 1.764863307568875106, 1.018944305707780051, -2.051041666666673535 ) ) ;
#1796 = ADVANCED_FACE ( 'NONE', ( #2167 ), #1939, .T. ) ;
#1797 = EDGE_LOOP ( 'NONE', ( #1129, #110, #1830, #1999 ) ) ;
#1798 = CARTESIAN_POINT ( 'NONE',  ( 2.000000000000000000, -5.694017492371369363E-15, -0.6875000000000122125 ) ) ;
#1799 = CARTESIAN_POINT ( 'NONE',  ( -0.8455873006056742192, -0.9551756173460501653, 4.027169435921576834 ) ) ;
#1800 = DIRECTION ( 'NONE',  ( 1.000000000000000000, 0.000000000000000000, 0.000000000000000000 ) ) ;
#1801 = CARTESIAN_POINT ( 'NONE',  ( 0.000000000000000000, 2.037888611415564544, 2.221874999999992273 ) ) ;
#1802 = ORIENTED_EDGE ( 'NONE', *, *, #1277, .F. ) ;
#1803 = CIRCLE ( 'NONE', #2063, 1.443375672974063884 ) ;
#1804 = CARTESIAN_POINT ( 'NONE',  ( 0.8455873006056735530, 0.9551756173460480559, 4.027169435921576834 ) ) ;
#1805 = VECTOR ( 'NONE', #1970, 1000.000000000000000 ) ;
#1806 = AXIS2_PLACEMENT_3D ( 'NONE', #668, #1778, #1974 ) ;
#1807 = CARTESIAN_POINT ( 'NONE',  ( 1.764863307568875106, 1.018944305707780051, 2.148958333333315984 ) ) ;
#1808 = LOCAL_TIME ( 16, 9, 8.000000000000000000, #1987 ) ;
#1809 = CARTESIAN_POINT ( 'NONE',  ( -2.000000000000000444, 0.5358983848622425050, -0.3687607391169769877 ) ) ;
#1810 = EDGE_CURVE ( 'NONE', #530, #1850, #818, .T. ) ;
#1811 = CYLINDRICAL_SURFACE ( 'NONE', #1304, 1.999999999999998668 ) ;
#1812 = CARTESIAN_POINT ( 'NONE',  ( -0.8922005383792459554, 1.545336663013163081, -0.1916666666666741736 ) ) ;
#1813 = CARTESIAN_POINT ( 'NONE',  ( -1.764863307568874662, -1.018944305707784048, 2.455208333333324777 ) ) ;
#1814 = ORIENTED_EDGE ( 'NONE', *, *, #122, .F. ) ;
#1815 = CARTESIAN_POINT ( 'NONE',  ( -1.545336663013163303, 8.715332896486791275E-17, -1.475000000000004308 ) ) ;
#1816 = CARTESIAN_POINT ( 'NONE',  ( 1.338300807568870487, -0.7726683315065850932, -1.183333333333338233 ) ) ;
#1817 = CARTESIAN_POINT ( 'NONE',  ( 1.176575538379248664, -2.037888611415567208, 4.073958333333312254 ) ) ;
#1818 = ORIENTED_EDGE ( 'NONE', *, *, #1516, .F. ) ;
#1819 = CARTESIAN_POINT ( 'NONE',  ( 1.387684763238115737, -0.7671256730543708491, -1.898842728515685030 ) ) ;
#1820 = CARTESIAN_POINT ( 'NONE',  ( -1.545336663013163525, 1.743066579297358255E-16, 0.7124999999999919176 ) ) ;
#1821 = CARTESIAN_POINT ( 'NONE',  ( -0.8922005383792475097, 1.545336663013161749, 0.5083333333333241999 ) ) ;
#1822 = EDGE_CURVE ( 'NONE', #832, #993, #325, .T. ) ;
#1823 = CARTESIAN_POINT ( 'NONE',  ( -1.338300807568871598, 0.7726683315065804303, -2.145833333333335258 ) ) ;
#1824 = ORIENTED_EDGE ( 'NONE', *, *, #1734, .T. ) ;
#1825 = CARTESIAN_POINT ( 'NONE',  ( -1.154700538379251240, 1.999999999999998668, 1.558333333333328685 ) ) ;
#1826 = CALENDAR_DATE ( 2026, 25, 6 ) ;
#1827 = EDGE_CURVE ( 'NONE', #824, #1540, #132, .T. ) ;
#1828 = CARTESIAN_POINT ( 'NONE',  ( 0.7364247641451125981, 1.018200637156975841, 4.006895185592695974 ) ) ;
#1829 = FACE_OUTER_BOUND ( 'NONE', #622, .T. ) ;
#1830 = ORIENTED_EDGE ( 'NONE', *, *, #155, .F. ) ;
#1831 = CARTESIAN_POINT ( 'NONE',  ( 0.000000000000000000, 1.999999999999998668, 0.8874999999999841904 ) ) ;
#1832 = SPHERICAL_SURFACE ( 'NONE', #2294, 4.229229689812974868 ) ;
#1833 = CARTESIAN_POINT ( 'NONE',  ( 1.338300807568872486, 0.7726683315065792090, -0.3666666666666735797 ) ) ;
#1834 = CARTESIAN_POINT ( 'NONE',  ( -1.784401076758495464, -1.301554487698640105E-15, -2.087500000000001688 ) ) ;
#1835 = CC_DESIGN_PERSON_AND_ORGANIZATION_ASSIGNMENT ( #757, #196, ( #517 ) ) ;
#1836 = ORIENTED_EDGE ( 'NONE', *, *, #2226, .T. ) ;
#1837 = CARTESIAN_POINT ( 'NONE',  ( -3.691315149501453597E-15, -1.545336663013164857, -0.5125000000000056177 ) ) ;
#1838 = PERSON_AND_ORGANIZATION ( #936, #213 ) ;
#1839 = CARTESIAN_POINT ( 'NONE',  ( 0.000000000000000000, -1.489823486360022018E-15, -1.929663336986837452 ) ) ;
#1840 = ADVANCED_FACE ( 'NONE', ( #1057 ), #1790, .T. ) ;
#1841 = CARTESIAN_POINT ( 'NONE',  ( 1.147428993866131787E-16, 1.443375672974062551, 4.200000000000000178 ) ) ;
#1842 = CONICAL_SURFACE ( 'NONE', #1534, 1.443375672974063884, 0.7853981633974500554 ) ;
#1843 = CARTESIAN_POINT ( 'NONE',  ( 1.176575538379250219, 2.037888611415563656, 4.307291666666644758 ) ) ;
#1844 = VECTOR ( 'NONE', #2326, 1000.000000000000114 ) ;
#1845 = ORIENTED_EDGE ( 'NONE', *, *, #2142, .T. ) ;
#1846 = CARTESIAN_POINT ( 'NONE',  ( 1.545336663013163303, -1.410817541051009211E-15, -2.000000000000000444 ) ) ;
#1847 = DIRECTION ( 'NONE',  ( -0.000000000000000000, -1.195042302620835759E-16, 1.000000000000000000 ) ) ;
#1848 = CARTESIAN_POINT ( 'NONE',  ( 1.784401076758495464, -1.738606701108116332E-15, -0.4250000000000067613 ) ) ;
#1849 = CARTESIAN_POINT ( 'NONE',  ( 0.8922005383792472877, -1.545336663013165079, -0.4541666666666724361 ) ) ;
#1850 = VERTEX_POINT ( 'NONE', #171 ) ;
#1851 = CARTESIAN_POINT ( 'NONE',  ( 1.249999999999999334, -0.7216878364870328300, 4.200000000000000178 ) ) ;
#1852 = CARTESIAN_POINT ( 'NONE',  ( -1.592765541559593352E-17, -1.443375672974064994, 2.660000000000000142 ) ) ;
#1853 = CARTESIAN_POINT ( 'NONE',  ( -1.154700538379251240, 1.999999999999998668, -1.241666666666664698 ) ) ;
#1854 = CARTESIAN_POINT ( 'NONE',  ( -2.353151076758498661, -1.266728594347886982E-15, 2.440624999999982503 ) ) ;
#1855 = VERTEX_POINT ( 'NONE', #897 ) ;
#1856 = CARTESIAN_POINT ( 'NONE',  ( -1.999999999999999556, 0.5358983848622440593, 1.031239260883019648 ) ) ;
#1857 = CARTESIAN_POINT ( 'NONE',  ( -1.892491597964122291E-16, -1.545336663013164857, 0.7999999999999903855 ) ) ;
#1858 = ORIENTED_EDGE ( 'NONE', *, *, #2066, .T. ) ;
#1859 = CARTESIAN_POINT ( 'NONE',  ( 0.000000000000000000, 1.545336663013161749, -0.1625000000000063893 ) ) ;
#1860 = ORIENTED_EDGE ( 'NONE', *, *, #862, .F. ) ;
#1861 = CARTESIAN_POINT ( 'NONE',  ( 1.147428993866131787E-16, 1.443375672974062551, 2.660000000000000142 ) ) ;
#1862 = CARTESIAN_POINT ( 'NONE',  ( 0.000000000000000000, -1.481417957587430532E-15, -2.000000000000000000 ) ) ;
#1863 = VERTEX_POINT ( 'NONE', #2353 ) ;
#1864 = CARTESIAN_POINT ( 'NONE',  ( -1.545336663013163525, 1.743066579297358255E-16, 0.6249999999999910072 ) ) ;
#1865 = ADVANCED_FACE ( 'NONE', ( #1485 ), #324, .T. ) ;
#1866 = CARTESIAN_POINT ( 'NONE',  ( 0.8922005383792472877, -1.545336663013165079, -1.241666666666671581 ) ) ;
#1867 = VERTEX_POINT ( 'NONE', #353 ) ;
#1868 = CARTESIAN_POINT ( 'NONE',  ( -0.8922005383792482869, -1.545336663013164635, -1.970833333333335879 ) ) ;
#1869 = VERTEX_POINT ( 'NONE', #376 ) ;
#1870 = CARTESIAN_POINT ( 'NONE',  ( 1.545336663013163525, -1.162044386198238837E-16, 0.3624999999999927169 ) ) ;
#1871 = CARTESIAN_POINT ( 'NONE',  ( -0.02579666378082262970, 1.653432379978688083, 1.298662605819512539 ) ) ;
#1872 = CARTESIAN_POINT ( 'NONE',  ( 0.000000000000000000, -1.410817541051009211E-15, -2.000000000000000444 ) ) ;
#1873 = AXIS2_PLACEMENT_3D ( 'NONE', #1274, #2317, #1419 ) ;
#1874 = CARTESIAN_POINT ( 'NONE',  ( 2.000000000000000000, -5.694017492371369363E-15, 0.7124999999999842570 ) ) ;
#1875 = VECTOR ( 'NONE', #954, 1000.000000000000114 ) ;
#1876 = CARTESIAN_POINT ( 'NONE',  ( -0.4735309162670175986, -1.656948187201797484, 1.369513742005996848 ) ) ;
#1877 = CARTESIAN_POINT ( 'NONE',  ( -0.8922005383792482869, -1.545336663013164635, 4.241666666666648489 ) ) ;
#1878 = AXIS2_PLACEMENT_3D ( 'NONE', #2316, #504, #1750 ) ;
#1879 = EDGE_LOOP ( 'NONE', ( #1738, #112, #1007, #1802, #2028 ) ) ;
#1880 = ADVANCED_FACE ( 'NONE', ( #1829 ), #2197, .F. ) ;
#1881 = CARTESIAN_POINT ( 'NONE',  ( 1.338300807568872486, 0.7726683315065792090, 2.520833333333320159 ) ) ;
#1882 = ORIENTED_EDGE ( 'NONE', *, *, #185, .T. ) ;
#1883 = CARTESIAN_POINT ( 'NONE',  ( 0.8183049524536409880, -1.513338738357436375, -1.758547296448973229 ) ) ;
#1884 = DIRECTION ( 'NONE',  ( 0.000000000000000000, 0.000000000000000000, 1.000000000000000000 ) ) ;
#1885 = CARTESIAN_POINT ( 'NONE',  ( -2.295012332383795589E-13, 1.722636114155694065, -1.752363885844305358 ) ) ;
#1886 = DIRECTION ( 'NONE',  ( 1.000000000000000000, -0.000000000000000000, 0.000000000000000000 ) ) ;
#1887 = CARTESIAN_POINT ( 'NONE',  ( 1.999999999999997780, 0.5358983848622463908, -0.7437392608830346585 ) ) ;
#1888 = CARTESIAN_POINT ( 'NONE',  ( 1.338300807568872486, 0.7726683315065792090, 4.533333333333315451 ) ) ;
#1889 = ORIENTED_EDGE ( 'NONE', *, *, #1784, .T. ) ;
#1890 = CARTESIAN_POINT ( 'NONE',  ( -0.8922005383792475097, 1.545336663013161749, 1.995833333333321802 ) ) ;
#1891 = ORIENTED_EDGE ( 'NONE', *, *, #39, .F. ) ;
#1892 = ADVANCED_FACE ( 'NONE', ( #1635 ), #628, .F. ) ;
#1893 = CARTESIAN_POINT ( 'NONE',  ( -2.353151076758499105, -1.266728594347886982E-15, -1.803124999999998535 ) ) ;
#1894 = EDGE_CURVE ( 'NONE', #1737, #274, #734, .T. ) ;
#1895 = DIRECTION ( 'NONE',  ( -0.000000000000000000, -0.000000000000000000, 1.000000000000000000 ) ) ;
#1896 = CARTESIAN_POINT ( 'NONE',  ( -0.1683411832662053964, -1.552940675577964891, -1.915320770795818195 ) ) ;
#1897 = CARTESIAN_POINT ( 'NONE',  ( 0.000000000000000000, -2.222344185212348905E-15, 4.200000000000000178 ) ) ;
#1898 = CARTESIAN_POINT ( 'NONE',  ( -1.732050807568877193, 0.9999999999999986677, 0.3041666666666522634 ) ) ;
#1899 = CARTESIAN_POINT ( 'NONE',  ( -1.784401076758495464, -1.301554487698640105E-15, 3.424999999999984723 ) ) ;
#1900 = VERTEX_POINT ( 'NONE', #84 ) ;
#1901 = CARTESIAN_POINT ( 'NONE',  ( 0.8922005383792486199, 1.545336663013161305, 1.179166666666657370 ) ) ;
#1902 = ADVANCED_BREP_SHAPE_REPRESENTATION ( '92095A476_18-8 Stainless Steel Button Head Hex-Drive Screw', ( #950, #2262 ), #400 ) ;
#1903 = ORIENTED_EDGE ( 'NONE', *, *, #862, .T. ) ;
#1904 = CARTESIAN_POINT ( 'NONE',  ( -0.2515257611772548363, 1.960051249256964390, 1.618739864514103788 ) ) ;
#1905 = EDGE_LOOP ( 'NONE', ( #773, #78, #645, #1389 ) ) ;
#1906 = CARTESIAN_POINT ( 'NONE',  ( -1.592765541559593352E-17, -1.443375672974064994, 2.660000000000000142 ) ) ;
#1907 = ADVANCED_FACE ( 'NONE', ( #795 ), #980, .F. ) ;
#1908 = CARTESIAN_POINT ( 'NONE',  ( -1.592765541559593352E-17, -1.443375672974064994, 2.660000000000000142 ) ) ;
#1909 = EDGE_CURVE ( 'NONE', #1140, #503, #809, .T. ) ;
#1910 = CARTESIAN_POINT ( 'NONE',  ( 1.249999999999999334, -0.7216878364870333851, 2.660000000000000142 ) ) ;
#1911 = CARTESIAN_POINT ( 'NONE',  ( 1.154700538379250796, -2.000000000000001776, 0.5083333333333311943 ) ) ;
#1912 = CYLINDRICAL_SURFACE ( 'NONE', #1567, 1.545336663013163303 ) ;
#1913 = CARTESIAN_POINT ( 'NONE',  ( 0.8922005383792486199, 1.545336663013161305, 3.891666666666650176 ) ) ;
#1914 = CIRCLE ( 'NONE', #360, 3.799999999999996714 ) ;
#1915 = CARTESIAN_POINT ( 'NONE',  ( -1.784401076758495464, -1.301554487698640105E-15, 3.512499999999985079 ) ) ;
#1916 = AXIS2_PLACEMENT_3D ( 'NONE', #1502, #54, #1272 ) ;
#1917 = ORIENTED_EDGE ( 'NONE', *, *, #1734, .F. ) ;
#1918 = CARTESIAN_POINT ( 'NONE',  ( 1.892559259204752209, -0.4641546203536484616, -1.540707289138331326 ) ) ;
#1919 = AXIS2_PLACEMENT_3D ( 'NONE', #313, #2143, #1442 ) ;
#1920 = FACE_OUTER_BOUND ( 'NONE', #599, .T. ) ;
#1921 = CARTESIAN_POINT ( 'NONE',  ( 1.249999999999999334, -0.7216878364870333851, 2.660000000000000142 ) ) ;
#1922 = EDGE_CURVE ( 'NONE', #1683, #715, #1731, .T. ) ;
#1923 = CARTESIAN_POINT ( 'NONE',  ( 1.732050807568876971, -1.000000000000002442, -0.1333333333333340809 ) ) ;
#1924 = CARTESIAN_POINT ( 'NONE',  ( 1.249999999999999334, 0.7216878364870311646, 2.660000000000000142 ) ) ;
#1925 = CARTESIAN_POINT ( 'NONE',  ( 1.155149418826465046, -1.383835625808909731, 1.438270367362263658 ) ) ;
#1926 = CARTESIAN_POINT ( 'NONE',  ( -1.338300807568871820, -0.7726683315065827617, 2.083333333333320603 ) ) ;
#1927 = CARTESIAN_POINT ( 'NONE',  ( -1.784401076758495464, -1.301554487698640105E-15, 2.812499999999986677 ) ) ;
#1928 = ORIENTED_EDGE ( 'NONE', *, *, #1528, .T. ) ;
#1929 = CARTESIAN_POINT ( 'NONE',  ( 0.4763960627184803953, -1.606997904297551294, -1.815190830785919918 ) ) ;
#1930 = ORIENTED_EDGE ( 'NONE', *, *, #2085, .T. ) ;
#1931 = CARTESIAN_POINT ( 'NONE',  ( 0.8922005383792541711, 1.545336663013157530, 1.091666666666656571 ) ) ;
#1932 = CARTESIAN_POINT ( 'NONE',  ( 0.000000000000000000, -1.481417957587430532E-15, -2.000000000000000000 ) ) ;
#1933 = CARTESIAN_POINT ( 'NONE',  ( 1.545336663013163747, -0.4140717108885856312, 0.3312392608830282970 ) ) ;
#1934 = FACE_OUTER_BOUND ( 'NONE', #412, .T. ) ;
#1935 = CARTESIAN_POINT ( 'NONE',  ( -1.764863307568874218, -1.018944305707783826, -1.701041666666674557 ) ) ;
#1936 = EDGE_CURVE ( 'NONE', #174, #452, #1344, .T. ) ;
#1937 = CARTESIAN_POINT ( 'NONE',  ( -1.545336663013163525, 1.743066579297358255E-16, 0.6249999999999910072 ) ) ;
#1938 = ORIENTED_EDGE ( 'NONE', *, *, #2002, .T. ) ;
#1939 = PLANE ( 'NONE',  #704 ) ;
#1940 = CARTESIAN_POINT ( 'NONE',  ( 2.353151076758499105, -1.843084381160375702E-15, -1.453124999999999334 ) ) ;
#1941 = ORIENTED_EDGE ( 'NONE', *, *, #634, .T. ) ;
#1942 = CARTESIAN_POINT ( 'NONE',  ( 4.653657836759938785E-16, 3.799999999999994937, 2.000000000000000000 ) ) ;
#1943 = DIRECTION ( 'NONE',  ( -0.000000000000000000, -0.000000000000000000, 1.000000000000000000 ) ) ;
#1944 = CARTESIAN_POINT ( 'NONE',  ( -1.219899228165774563, 1.297227238697410412, -1.698389507874730642 ) ) ;
#1945 = DIRECTION ( 'NONE',  ( 0.000000000000000000, -1.000000000000000000, -1.195042302620835759E-16 ) ) ;
#1946 = CARTESIAN_POINT ( 'NONE',  ( 0.000000000000000000, -3.799999999999998046, 4.200000000000000178 ) ) ;
#1947 = CARTESIAN_POINT ( 'NONE',  ( -2.353151076758498661, -1.266728594347886982E-15, 0.3406249999999876321 ) ) ;
#1948 = ORIENTED_EDGE ( 'NONE', *, *, #2305, .T. ) ;
#1949 = CARTESIAN_POINT ( 'NONE',  ( -1.052468259152689267, -0.8357328402387231847, 4.095670759229842695 ) ) ;
#1950 = DIRECTION ( 'NONE',  ( 0.000000000000000000, -1.000000000000000000, 0.000000000000000000 ) ) ;
#1951 = AXIS2_PLACEMENT_3D ( 'NONE', #1394, #2076, #1716 ) ;
#1952 = CARTESIAN_POINT ( 'NONE',  ( 1.176575538379250663, 2.037888611415564100, -0.6364583333333345694 ) ) ;
#1953 = EDGE_CURVE ( 'NONE', #1325, #304, #1275, .T. ) ;
#1954 = CARTESIAN_POINT ( 'NONE',  ( 1.764863307568875328, 1.018944305707780273, 0.7052083333333289961 ) ) ;
#1955 = ORIENTED_EDGE ( 'NONE', *, *, #1192, .T. ) ;
#1956 = LINE ( 'NONE', #835, #249 ) ;
#1957 = AXIS2_PLACEMENT_3D ( 'NONE', #2120, #487, #1950 ) ;
#1958 = DIRECTION ( 'NONE',  ( 0.000000000000000000, -1.000000000000000000, -2.282530889443169487E-16 ) ) ;
#1959 = CARTESIAN_POINT ( 'NONE',  ( 1.999999999999998668, -3.036338478388925376E-15, 7.656854249492376141 ) ) ;
#1960 = CARTESIAN_POINT ( 'NONE',  ( 1.732050807568876971, -1.000000000000002442, -0.7458333333333453385 ) ) ;
#1961 = CARTESIAN_POINT ( 'NONE',  ( -2.495693764988916252E-16, -2.037888611415566764, -0.1843750000000113631 ) ) ;
#1962 = CARTESIAN_POINT ( 'NONE',  ( -1.249999999999999334, 0.7216878364870307205, 2.660000000000000142 ) ) ;
#1963 = CARTESIAN_POINT ( 'NONE',  ( 1.545336663013163081, -2.672702088255949078E-15, -1.037500000000004086 ) ) ;
#1964 = DIRECTION ( 'NONE',  ( 0.000000000000000000, 0.000000000000000000, 1.000000000000000000 ) ) ;
#1965 = CARTESIAN_POINT ( 'NONE',  ( 1.176575538379248664, -2.037888611415567652, 2.630208333333324155 ) ) ;
#1966 = EDGE_LOOP ( 'NONE', ( #1654, #2310, #1532, #962 ) ) ;
#1967 = CARTESIAN_POINT ( 'NONE',  ( 0.000000000000000000, -3.799999999999998490, 1.999999999999999112 ) ) ;
#1968 = ADVANCED_FACE ( 'NONE', ( #629 ), #2149, .F. ) ;
#1969 = CARTESIAN_POINT ( 'NONE',  ( -1.835952920664699173, 0.03125652265285932402, -1.642667445109746938 ) ) ;
#1970 = DIRECTION ( 'NONE',  ( 0.000000000000000000, 0.000000000000000000, -1.000000000000000000 ) ) ;
#1971 = CARTESIAN_POINT ( 'NONE',  ( 0.000000000000000000, 2.037888611415564100, -0.5343750000000104805 ) ) ;
#1972 = ORIENTED_EDGE ( 'NONE', *, *, #2085, .F. ) ;
#1973 = CARTESIAN_POINT ( 'NONE',  ( -1.249999999999999334, -0.7216878364870328300, 4.200000000000000178 ) ) ;
#1974 = DIRECTION ( 'NONE',  ( 0.8660254037844387076, -0.4999999999999999445, 0.000000000000000000 ) ) ;
#1975 = CARTESIAN_POINT ( 'NONE',  ( -1.176575538379249330, 2.037888611415564544, 1.580208333333326998 ) ) ;
#1976 = ORIENTED_EDGE ( 'NONE', *, *, #15, .T. ) ;
#1977 = CARTESIAN_POINT ( 'NONE',  ( 0.000000000000000000, -1.959434878635764737E-15, 1.999999999999999556 ) ) ;
#1978 = CARTESIAN_POINT ( 'NONE',  ( -0.6187722178074085422, 1.416046024860192931, 1.195336663013167211 ) ) ;
#1979 = ADVANCED_FACE ( 'NONE', ( #2278 ), #251, .T. ) ;
#1980 = CARTESIAN_POINT ( 'NONE',  ( 1.999999999999998668, -3.036338478388925376E-15, 7.656854249492376141 ) ) ;
#1981 = CARTESIAN_POINT ( 'NONE',  ( 1.176575538379248664, -2.037888611415567208, 2.673958333333315895 ) ) ;
#1982 = CARTESIAN_POINT ( 'NONE',  ( 1.732050807568878303, 0.9999999999999972244, -0.6291666666666788643 ) ) ;
#1983 = CARTESIAN_POINT ( 'NONE',  ( 0.8922005383792472877, -1.545336663013165079, 4.445833333333316872 ) ) ;
#1984 = CARTESIAN_POINT ( 'NONE',  ( 1.999999999999999556, -0.5358983848622475010, -1.418760739116974978 ) ) ;
#1985 = CARTESIAN_POINT ( 'NONE',  ( -1.764863307568874662, -1.018944305707784048, 1.055208333333328197 ) ) ;
#1986 = EDGE_LOOP ( 'NONE', ( #2054, #2035 ) ) ;
#1987 = COORDINATED_UNIVERSAL_TIME_OFFSET ( 6, 0, .BEHIND. ) ;
#1988 = VECTOR ( 'NONE', #1268, 1000.000000000000000 ) ;
#1989 = CARTESIAN_POINT ( 'NONE',  ( -1.545336663013163525, -0.4140717108885828557, -1.443739260883040387 ) ) ;
#1990 = VECTOR ( 'NONE', #1895, 1000.000000000000000 ) ;
#1991 = ADVANCED_FACE ( 'NONE', ( #1347 ), #513, .T. ) ;
#1992 = CARTESIAN_POINT ( 'NONE',  ( 2.353151076758498661, -1.843084381160375308E-15, 1.390624999999984901 ) ) ;
#1993 = CIRCLE ( 'NONE', #707, 3.799999999999996714 ) ;
#1994 = VERTEX_POINT ( 'NONE', #1358 ) ;
#1995 = CYLINDRICAL_SURFACE ( 'NONE', #889, 1.999999999999998668 ) ;
#1996 = LINE ( 'NONE', #2200, #1988 ) ;
#1997 = CARTESIAN_POINT ( 'NONE',  ( -1.338300807568871598, 0.7726683315065804303, -0.8333333333333391435 ) ) ;
#1998 = CARTESIAN_POINT ( 'NONE',  ( -1.764863307568874662, -1.018944305707784048, 3.855208333333321580 ) ) ;
#1999 = ORIENTED_EDGE ( 'NONE', *, *, #113, .F. ) ;
#2000 = DIRECTION ( 'NONE',  ( 0.000000000000000000, -0.7071067811865463515, 0.7071067811865487940 ) ) ;
#2001 = CARTESIAN_POINT ( 'NONE',  ( 1.249999999999999334, 0.7216878364870317197, 4.200000000000000178 ) ) ;
#2002 = EDGE_CURVE ( 'NONE', #1867, #1855, #1771, .T. ) ;
#2003 = CARTESIAN_POINT ( 'NONE',  ( -1.176575538379249108, 2.037888611415564100, 1.623958333333317627 ) ) ;
#2004 = CARTESIAN_POINT ( 'NONE',  ( 1.545336663013163303, -0.4140717108885872411, 1.031239260883026532 ) ) ;
#2005 =( BOUNDED_CURVE ( )  B_SPLINE_CURVE ( 2, ( #2151, #674, #154, #492, #699, #1036, #687 ),
 .UNSPECIFIED., .F., .F. ) 
 B_SPLINE_CURVE_WITH_KNOTS ( ( 3, 2, 2, 3 ),
 ( 0.04733649381272506118, 0.05000000000000000278, 0.06666666666666666574, 0.07499999999999999722 ),
 .UNSPECIFIED. ) 
 CURVE ( )  GEOMETRIC_REPRESENTATION_ITEM ( )  RATIONAL_B_SPLINE_CURVE ( ( 0.9640221895668092955, 0.9785894700425314952, 1.000000000000000000, 0.8660254037844387076, 1.000000000000000000, 0.9330127018922194093, 0.9330127018922194093 ) ) 
 REPRESENTATION_ITEM ( '' )  );
#2006 = CARTESIAN_POINT ( 'NONE',  ( -1.784401076758495464, -1.301554487698640105E-15, 0.6249999999999910072 ) ) ;
#2007 = ADVANCED_FACE ( 'NONE', ( #2244 ), #616, .T. ) ;
#2008 = CARTESIAN_POINT ( 'NONE',  ( -1.338300807568871598, 0.7726683315065804303, -0.04583333333333999837 ) ) ;
#2009 = ORIENTED_EDGE ( 'NONE', *, *, #1197, .T. ) ;
#2010 = CARTESIAN_POINT ( 'NONE',  ( 1.053519143052614071, -0.8351261121362146822, 4.086561724350104008 ) ) ;
#2011 = PERSON_AND_ORGANIZATION_ROLE ( 'creator' ) ;
#2012 = CARTESIAN_POINT ( 'NONE',  ( 1.545336663013163081, -0.4140717108885849651, -1.856260739116967651 ) ) ;
#2013 = CARTESIAN_POINT ( 'NONE',  ( -1.999999999999999556, 0.5358983848622440593, -1.156260739116962366 ) ) ;
#2014 = CARTESIAN_POINT ( 'NONE',  ( -2.495693764988916252E-16, -2.037888611415566764, 1.915624999999984146 ) ) ;
#2015 = CARTESIAN_POINT ( 'NONE',  ( 2.000000000000000888, 0.5358983848622413948, 0.7437607391169486215 ) ) ;
#2016 = CARTESIAN_POINT ( 'NONE',  ( -1.154700538379250796, 1.999999999999998224, -1.154166666666677443 ) ) ;
#2017 = CARTESIAN_POINT ( 'NONE',  ( 0.8922005383792486199, 1.545336663013161305, -1.708333333333337034 ) ) ;
#2018 = CARTESIAN_POINT ( 'NONE',  ( -1.892491597964122291E-16, -1.545336663013164857, 0.1874999999999927836 ) ) ;
#2019 =( BOUNDED_CURVE ( )  B_SPLINE_CURVE ( 2, ( #846, #1598, #1048, #341, #685, #1032, #2330, #1782, #1418 ),
 .UNSPECIFIED., .F., .F. ) 
 B_SPLINE_CURVE_WITH_KNOTS ( ( 3, 2, 2, 2, 3 ),
 ( 0.1749999999999999889, 0.1833333333333333204, 0.2000000000000000111, 0.2166666666666666741, 0.2250000000000000333 ),
 .UNSPECIFIED. ) 
 CURVE ( )  GEOMETRIC_REPRESENTATION_ITEM ( )  RATIONAL_B_SPLINE_CURVE ( ( 0.9330127018922194093, 0.9330127018922194093, 1.000000000000000000, 0.8660254037844387076, 1.000000000000000000, 0.8660254037844387076, 1.000000000000000000, 0.9330127018922191873, 0.9330127018922194093 ) ) 
 REPRESENTATION_ITEM ( '' )  );
#2020 = ORIENTED_EDGE ( 'NONE', *, *, #2142, .F. ) ;
#2021 = EDGE_CURVE ( 'NONE', #205, #2046, #2269, .T. ) ;
#2022 = CARTESIAN_POINT ( 'NONE',  ( 1.338300807568870265, -0.7726683315065854263, -0.3958333333333391990 ) ) ;
#2023 = PERSON_AND_ORGANIZATION ( #936, #213 ) ;
#2024 = CARTESIAN_POINT ( 'NONE',  ( 1.338300807568871598, -0.7726683315065836499, -1.883333333333336634 ) ) ;
#2025 = CARTESIAN_POINT ( 'NONE',  ( 2.000000000000000000, -9.412559528205735218E-15, 1.412499999999982769 ) ) ;
#2026 = CIRCLE ( 'NONE', #1262, 3.799999999999996714 ) ;
#2027 = CARTESIAN_POINT ( 'NONE',  ( 1.176575538379248664, -2.037888611415567208, 1.973958333333317050 ) ) ;
#2028 = ORIENTED_EDGE ( 'NONE', *, *, #516, .F. ) ;
#2029 = CARTESIAN_POINT ( 'NONE',  ( 1.545336663013163525, 0.4140717108885810238, -1.706239260883038567 ) ) ;
#2030 = CARTESIAN_POINT ( 'NONE',  ( -1.249999999999999556, 0.4925957471270037691, 4.095174100162003228 ) ) ;
#2031 = AXIS2_PLACEMENT_3D ( 'NONE', #1434, #1571, #330 ) ;
#2032 = CARTESIAN_POINT ( 'NONE',  ( -0.8922005383792482869, -1.545336663013164635, -0.6583333333333395432 ) ) ;
#2033 = CARTESIAN_POINT ( 'NONE',  ( -1.784401076758495464, -1.301554487698640105E-15, -0.6875000000000052180 ) ) ;
#2034 = UNCERTAINTY_MEASURE_WITH_UNIT (LENGTH_MEASURE( 1.000000000000000082E-05 ), #1249, 'distance_accuracy_value', 'NONE');
#2035 = ORIENTED_EDGE ( 'NONE', *, *, #258, .F. ) ;
#2036 = CARTESIAN_POINT ( 'NONE',  ( 0.5135752358548864027, -1.146862872304120762, 4.006895185592698638 ) ) ;
#2037 = EDGE_CURVE ( 'NONE', #1224, #1540, #2077, .T. ) ;
#2038 = CARTESIAN_POINT ( 'NONE',  ( 1.581322051293743591, -0.2896272027000719174, -1.876675089469754143 ) ) ;
#2039 = ADVANCED_FACE ( 'NONE', ( #888 ), #1265, .T. ) ;
#2040 = CARTESIAN_POINT ( 'NONE',  ( 1.135494958778473473E-15, 1.545336663013161749, -0.1625000000000063893 ) ) ;
#2041 = VERTEX_POINT ( 'NONE', #2332 ) ;
#2042 = FACE_OUTER_BOUND ( 'NONE', #583, .T. ) ;
#2043 = CARTESIAN_POINT ( 'NONE',  ( -0.8922005383792482869, -1.545336663013164635, 0.7416666666666569263 ) ) ;
#2044 = VERTEX_POINT ( 'NONE', #1772 ) ;
#2045 = CARTESIAN_POINT ( 'NONE',  ( 0.000000000000000000, 2.037888611415564544, 4.321874999999987033 ) ) ;
#2046 = VERTEX_POINT ( 'NONE', #1229 ) ;
#2047 = CARTESIAN_POINT ( 'NONE',  ( 2.000000000000000000, -5.694017492371369363E-15, 1.324999999999995737 ) ) ;
#2048 = B_SPLINE_CURVE_WITH_KNOTS ( 'NONE', 3,
 ( #836, #2277, #1896, #1730 ),
 .UNSPECIFIED., .F., .F.,
 ( 4, 4 ),
 ( 0.002863766227350451627, 0.003123590967979403103 ),
 .UNSPECIFIED. ) ;
#2049 = EDGE_CURVE ( 'NONE', #1477, #1640, #2005, .T. ) ;
#2050 = CARTESIAN_POINT ( 'NONE',  ( -0.6771324658243917938, 1.631462503384469631, 1.397789695806038512 ) ) ;
#2051 = CARTESIAN_POINT ( 'NONE',  ( -0.5135752358548868468, 1.146862872304118097, 4.006895185592696862 ) ) ;
#2052 = CARTESIAN_POINT ( 'NONE',  ( -1.732050807568877415, -1.000000000000001110, 0.4208333333333186266 ) ) ;
#2053 = EDGE_CURVE ( 'NONE', #801, #1747, #126, .T. ) ;
#2054 = ORIENTED_EDGE ( 'NONE', *, *, #647, .T. ) ;
#2055 = DIRECTION ( 'NONE',  ( -1.000000000000000000, 0.000000000000000000, 0.000000000000000000 ) ) ;
#2056 = CARTESIAN_POINT ( 'NONE',  ( -1.338300807568871820, -0.7726683315065827617, 4.183333333333315807 ) ) ;
#2057 = ORIENTED_EDGE ( 'NONE', *, *, #1090, .F. ) ;
#2058 = CARTESIAN_POINT ( 'NONE',  ( -1.892491597964122291E-16, -1.545336663013164857, 3.687499999999984901 ) ) ;
#2059 = ORIENTED_EDGE ( 'NONE', *, *, #1568, .T. ) ;
#2060 = CARTESIAN_POINT ( 'NONE',  ( 1.182946280844677789, 1.513060210205134704, 1.563057404998846822 ) ) ;
#2061 = DIRECTION ( 'NONE',  ( -0.000000000000000000, -0.000000000000000000, 1.000000000000000000 ) ) ;
#2062 = CARTESIAN_POINT ( 'NONE',  ( -1.249999999999999334, -0.7216878364870328300, 4.200000000000000178 ) ) ;
#2063 = AXIS2_PLACEMENT_3D ( 'NONE', #1355, #102, #6 ) ;
#2064 = CARTESIAN_POINT ( 'NONE',  ( 0.000000000000000000, -5.019177671007510732E-16, 4.200000000000000178 ) ) ;
#2065 = VECTOR ( 'NONE', #680, 1000.000000000000000 ) ;
#2066 = EDGE_CURVE ( 'NONE', #1405, #1597, #1423, .T. ) ;
#2067 = CARTESIAN_POINT ( 'NONE',  ( 1.598148020231472621, -0.8662154083721902431, 1.464244394522925763 ) ) ;
#2068 = CARTESIAN_POINT ( 'NONE',  ( 1.784401076758495464, -1.738606701108116332E-15, 1.674999999999988054 ) ) ;
#2069 = ORIENTED_EDGE ( 'NONE', *, *, #2231, .F. ) ;
#2070 = EDGE_CURVE ( 'NONE', #1994, #1258, #2251, .T. ) ;
#2071 = CC_DESIGN_SECURITY_CLASSIFICATION ( #517, ( #1770 ) ) ;
#2072 = CARTESIAN_POINT ( 'NONE',  ( 1.784401076758495464, -1.738606701108116332E-15, 2.462499999999987477 ) ) ;
#2073 = ORIENTED_EDGE ( 'NONE', *, *, #1175, .F. ) ;
#2074 = FACE_OUTER_BOUND ( 'NONE', #1712, .T. ) ;
#2075 = CARTESIAN_POINT ( 'NONE',  ( -2.000000000000000000, -4.706279764102867609E-15, 0.9749999999999967581 ) ) ;
#2076 = DIRECTION ( 'NONE',  ( -0.000000000000000000, -1.195042302620835759E-16, 1.000000000000000000 ) ) ;
#2077 = B_SPLINE_CURVE_WITH_KNOTS ( 'NONE', 3,
 ( #850, #1384, #1600, #470, #1793, #1052 ),
 .UNSPECIFIED., .F., .F.,
 ( 4, 2, 4 ),
 ( 0.001601428964651797904, 0.001975450271311190217, 0.002349471577970582530 ),
 .UNSPECIFIED. ) ;
#2078 = CARTESIAN_POINT ( 'NONE',  ( 1.999999999999998668, -0.5358983848622490553, 0.6812392608830202256 ) ) ;
#2079 = CARTESIAN_POINT ( 'NONE',  ( -1.154700538379250796, 1.999999999999998224, 0.2458333333333188320 ) ) ;
#2080 = CARTESIAN_POINT ( 'NONE',  ( 1.784401076758495464, -1.738606701108116332E-15, 4.474999999999981881 ) ) ;
#2081 = VERTEX_POINT ( 'NONE', #1251 ) ;
#2082 = CARTESIAN_POINT ( 'NONE',  ( 0.000000000000000000, 1.545336663013161749, 1.937499999999988676 ) ) ;
#2083 = ORIENTED_EDGE ( 'NONE', *, *, #2323, .F. ) ;
#2084 = DIRECTION ( 'NONE',  ( -1.000000000000000000, 0.000000000000000000, 0.000000000000000000 ) ) ;
#2085 = EDGE_CURVE ( 'NONE', #1266, #244, #1288, .T. ) ;
#2086 = CYLINDRICAL_SURFACE ( 'NONE', #1494, 1.545336663013163303 ) ;
#2087 =( BOUNDED_CURVE ( )  B_SPLINE_CURVE ( 2, ( #164, #746, #2024, #2012, #590 ),
 .UNSPECIFIED., .F., .F. ) 
 B_SPLINE_CURVE_WITH_KNOTS ( ( 3, 2, 3 ),
 ( 0.05993748394788235567, 0.06666666666666666574, 0.07499999999999999722 ),
 .UNSPECIFIED. ) 
 CURVE ( )  GEOMETRIC_REPRESENTATION_ITEM ( )  RATIONAL_B_SPLINE_CURVE ( ( 0.9354949502796692240, 0.9459076277434083080, 1.000000000000000000, 0.9330127018922194093, 0.9330127018922194093 ) ) 
 REPRESENTATION_ITEM ( '' )  );
#2088 = CARTESIAN_POINT ( 'NONE',  ( -2.000000000000000000, -4.706279764102867609E-15, 0.2749999999999985789 ) ) ;
#2089 = CYLINDRICAL_SURFACE ( 'NONE', #587, 1.545336663013163303 ) ;
#2090 = DIRECTION ( 'NONE',  ( -0.7071067811865487940, 0.000000000000000000, 0.7071067811865463515 ) ) ;
#2091 = DIRECTION ( 'NONE',  ( -0.000000000000000000, -1.195042302620835759E-16, 1.000000000000000000 ) ) ;
#2092 = CARTESIAN_POINT ( 'NONE',  ( -2.000000000000000000, -4.706279764102867609E-15, -0.4249999999999998224 ) ) ;
#2093 = CARTESIAN_POINT ( 'NONE',  ( -1.338300807568871598, 0.7726683315065804303, 1.966666666666653907 ) ) ;
#2094 = CARTESIAN_POINT ( 'NONE',  ( -1.338300807568871598, 0.7726683315065804303, 1.354166666666656749 ) ) ;
#2095 = ORIENTED_EDGE ( 'NONE', *, *, #79, .F. ) ;
#2096 = CARTESIAN_POINT ( 'NONE',  ( 1.249999999999999334, -5.019177672707665727E-16, 4.006624327025937404 ) ) ;
#2097 = EDGE_CURVE ( 'NONE', #367, #965, #1176, .T. ) ;
#2098 = CARTESIAN_POINT ( 'NONE',  ( -1.999999999999999556, 0.5358983848622440593, 0.9437392608830325047 ) ) ;
#2099 = CARTESIAN_POINT ( 'NONE',  ( -2.000000000000000000, -4.706279764102867609E-15, -1.124999999999998002 ) ) ;
#2100 = CARTESIAN_POINT ( 'NONE',  ( 1.545336663013163303, -1.410817541051009211E-15, -2.000000000000000444 ) ) ;
#2101 = DIRECTION ( 'NONE',  ( 1.000000000000000000, 0.000000000000000000, 0.000000000000000000 ) ) ;
#2102 = CARTESIAN_POINT ( 'NONE',  ( 0.5433563968815047218, -1.689067672644647633, 1.409799950677880886 ) ) ;
#2103 = CARTESIAN_POINT ( 'NONE',  ( -0.8922005383792475097, 1.545336663013161749, 4.008333333333315984 ) ) ;
#2104 = CARTESIAN_POINT ( 'NONE',  ( 1.338300807568872486, 0.7726683315065792090, 3.920833333333316961 ) ) ;
#2105 = VECTOR ( 'NONE', #1102, 1000.000000000000000 ) ;
#2106 = ORIENTED_EDGE ( 'NONE', *, *, #634, .F. ) ;
#2107 = DIRECTION ( 'NONE',  ( 0.000000000000000000, 0.000000000000000000, -1.000000000000000000 ) ) ;
#2108 = AXIS2_PLACEMENT_3D ( 'NONE', #1794, #1614, #713 ) ;
#2109 = ORIENTED_EDGE ( 'NONE', *, *, #108, .F. ) ;
#2110 = CC_DESIGN_APPROVAL ( #529, ( #517 ) ) ;
#2111 = FACE_OUTER_BOUND ( 'NONE', #566, .T. ) ;
#2112 = CARTESIAN_POINT ( 'NONE',  ( 1.732050807568876971, -1.000000000000002442, -0.8333333333333323711 ) ) ;
#2113 = DIRECTION ( 'NONE',  ( -0.000000000000000000, -1.195042302620835759E-16, 1.000000000000000000 ) ) ;
#2114 = CARTESIAN_POINT ( 'NONE',  ( -1.999999999999998668, -3.281267838218396067E-15, 1.649999999999999911 ) ) ;
#2115 = EDGE_CURVE ( 'NONE', #133, #715, #1383, .T. ) ;
#2116 = DIRECTION ( 'NONE',  ( 0.000000000000000000, 0.000000000000000000, -1.000000000000000000 ) ) ;
#2117 = CARTESIAN_POINT ( 'NONE',  ( -2.495693764988916252E-16, -2.037888611415566764, 1.215624999999985301 ) ) ;
#2118 = CARTESIAN_POINT ( 'NONE',  ( 1.545336663013162859, 0.4140717108885795250, 0.3062607391169558935 ) ) ;
#2119 = ORIENTED_EDGE ( 'NONE', *, *, #2070, .T. ) ;
#2120 = CARTESIAN_POINT ( 'NONE',  ( 0.000000000000000000, -1.481417957587430532E-15, -2.000000000000000000 ) ) ;
#2121 = CARTESIAN_POINT ( 'NONE',  ( 1.176575538379248664, -2.037888611415567652, -0.1697916666666690055 ) ) ;
#2122 = ORIENTED_EDGE ( 'NONE', *, *, #563, .T. ) ;
#2123 = DIRECTION ( 'NONE',  ( -1.000000000000000000, 0.000000000000000000, 0.000000000000000000 ) ) ;
#2124 = CARTESIAN_POINT ( 'NONE',  ( 2.000000000000000000, -2.207884333776653740E-15, -0.7749999999999991340 ) ) ;
#2125 = CYLINDRICAL_SURFACE ( 'NONE', #1341, 1.545336663013163303 ) ;
#2126 = LINE ( 'NONE', #1561, #510 ) ;
#2127 = ADVANCED_FACE ( 'NONE', ( #1920 ), #1647, .F. ) ;
#2128 = CARTESIAN_POINT ( 'NONE',  ( -1.764863307568873996, 1.018944305707781606, -1.117708333333342408 ) ) ;
#2129 = CARTESIAN_POINT ( 'NONE',  ( -1.999999999999998668, -3.281267838218396067E-15, 7.656854249492376141 ) ) ;
#2130 = CARTESIAN_POINT ( 'NONE',  ( -0.8922005383792455113, 1.545336663013163081, 0.5958333333333249993 ) ) ;
#2131 = LINE ( 'NONE', #882, #1499 ) ;
#2132 = CARTESIAN_POINT ( 'NONE',  ( -1.176575538379250219, -2.037888611415567208, 0.4135416666666626995 ) ) ;
#2133 = CARTESIAN_POINT ( 'NONE',  ( -1.764863307568874440, 1.018944305707781606, 2.338541666666658081 ) ) ;
#2134 = ORIENTED_EDGE ( 'NONE', *, *, #1715, .T. ) ;
#2135 = CARTESIAN_POINT ( 'NONE',  ( 0.000000000000000000, -3.281267838218396067E-15, 7.656854249492376141 ) ) ;
#2136 = CARTESIAN_POINT ( 'NONE',  ( -1.613685997167486397, 0.3048498024003207241, 1.263685997167502073 ) ) ;
#2137 = CARTESIAN_POINT ( 'NONE',  ( -1.584894539549180248, -1.005720277205060631, -1.601784603461627210 ) ) ;
#2138 = CYLINDRICAL_SURFACE ( 'NONE', #892, 1.545336663013163303 ) ;
#2139 = CARTESIAN_POINT ( 'NONE',  ( -1.999999999999999112, -0.5358983848622482782, -1.006239260883046827 ) ) ;
#2140 = CARTESIAN_POINT ( 'NONE',  ( -1.764863307568873996, 1.018944305707781606, -0.4177083333333441173 ) ) ;
#2141 = CARTESIAN_POINT ( 'NONE',  ( -1.338300807568870487, 0.7726683315065825397, -0.7458333333333383441 ) ) ;
#2142 = EDGE_CURVE ( 'NONE', #1855, #684, #145, .T. ) ;
#2143 = DIRECTION ( 'NONE',  ( -0.000000000000000000, -1.195042302620835759E-16, 1.000000000000000000 ) ) ;
#2144 = CARTESIAN_POINT ( 'NONE',  ( 1.764863307568875328, 1.018944305707780273, -1.394791666666666208 ) ) ;
#2145 = EDGE_CURVE ( 'NONE', #48, #824, #434, .T. ) ;
#2146 = CIRCLE ( 'NONE', #626, 1.443375672974063884 ) ;
#2147 = CARTESIAN_POINT ( 'NONE',  ( -1.176575538379250219, -2.037888611415567208, 3.913541666666654706 ) ) ;
#2148 = ORIENTED_EDGE ( 'NONE', *, *, #919, .T. ) ;
#2149 = CONICAL_SURFACE ( 'NONE', #2222, 1.443375672974063884, 0.7853981633974500554 ) ;
#2150 = CARTESIAN_POINT ( 'NONE',  ( 0.8922005383792486199, 1.545336663013161083, -1.708333333333337034 ) ) ;
#2151 = CARTESIAN_POINT ( 'NONE',  ( -0.2506926357690542617, -1.524866749727276094, -1.929663336986837674 ) ) ;
#2152 = CARTESIAN_POINT ( 'NONE',  ( 1.545336663013163303, -2.004526566191961808E-15, -1.737500000000002709 ) ) ;
#2153 = CARTESIAN_POINT ( 'NONE',  ( -1.176575538379249108, 2.037888611415564100, -1.876041666666674379 ) ) ;
#2154 = ORIENTED_EDGE ( 'NONE', *, *, #2187, .T. ) ;
#2155 = LINE ( 'NONE', #2129, #469 ) ;
#2156 = CARTESIAN_POINT ( 'NONE',  ( 1.513993278371297833E-15, 1.545336663013161749, 0.4499999999999911848 ) ) ;
#2157 = CARTESIAN_POINT ( 'NONE',  ( 1.338300807568874040, 0.7726683315065761004, -0.3666666666666735797 ) ) ;
#2158 = CARTESIAN_POINT ( 'NONE',  ( -1.176575538379250219, -2.037888611415567208, 2.513541666666657903 ) ) ;
#2159 = ORIENTED_EDGE ( 'NONE', *, *, #1474, .F. ) ;
#2160 = EDGE_CURVE ( 'NONE', #1666, #21, #1612, .T. ) ;
#2161 = DIRECTION ( 'NONE',  ( -0.000000000000000000, -1.195042302620835759E-16, 1.000000000000000000 ) ) ;
#2162 = CARTESIAN_POINT ( 'NONE',  ( -1.999999999999997335, -0.5358983848622498325, -0.3937392608830355689 ) ) ;
#2163 = LINE ( 'NONE', #2333, #1150 ) ;
#2164 = CARTESIAN_POINT ( 'NONE',  ( 1.764863307568875106, 1.018944305707780051, 0.7489583333333198478 ) ) ;
#2165 = ORIENTED_EDGE ( 'NONE', *, *, #1936, .T. ) ;
#2166 = CARTESIAN_POINT ( 'NONE',  ( -1.892491597964122291E-16, -1.545336663013164857, 4.387499999999982414 ) ) ;
#2167 = FACE_OUTER_BOUND ( 'NONE', #511, .T. ) ;
#2168 = CARTESIAN_POINT ( 'NONE',  ( 0.000000000000000000, 2.037888611415564544, 3.621874999999988631 ) ) ;
#2169 = VERTEX_POINT ( 'NONE', #2276 ) ;
#2170 = CALENDAR_DATE ( 2026, 25, 6 ) ;
#2171 = CARTESIAN_POINT ( 'NONE',  ( -1.627539924723343301, 6.853156767604112468E-14, 1.277539924723346321 ) ) ;
#2172 = CARTESIAN_POINT ( 'NONE',  ( 1.764863307568875106, 1.018944305707780051, 1.448958333333318693 ) ) ;
#2173 = CARTESIAN_POINT ( 'NONE',  ( 0.9062599177564942821, -1.251702186432801289, -1.929663336986864541 ) ) ;
#2174 = CARTESIAN_POINT ( 'NONE',  ( -1.249999999999998668, 0.2507457347055065955, 4.026245667642115222 ) ) ;
#2175 =( BOUNDED_CURVE ( )  B_SPLINE_CURVE ( 2, ( #1385, #1396, #507, #333, #1548, #851, #838, #1933, #1753 ),
 .UNSPECIFIED., .F., .T. ) 
 B_SPLINE_CURVE_WITH_KNOTS ( ( 3, 2, 2, 2, 3 ),
 ( 0.3250000000000000111, 0.3333333333333333148, 0.3499999999999999778, 0.3666666666666666408, 0.3750000000000000555 ),
 .UNSPECIFIED. ) 
 CURVE ( )  GEOMETRIC_REPRESENTATION_ITEM ( )  RATIONAL_B_SPLINE_CURVE ( ( 0.9330127018922194093, 0.9330127018922196314, 1.000000000000000000, 0.8660254037844387076, 1.000000000000000000, 0.8660254037844387076, 1.000000000000000000, 0.9330127018922189652, 0.9330127018922194093 ) ) 
 REPRESENTATION_ITEM ( '' )  );
#2176 = CARTESIAN_POINT ( 'NONE',  ( -0.8922005383792482869, -1.545336663013164635, 0.04166666666665860830 ) ) ;
#2177 = PRODUCT_DEFINITION_SHAPE ( 'NONE', 'NONE',  #601 ) ;
#2178 = CARTESIAN_POINT ( 'NONE',  ( -1.176575538379249330, 2.037888611415564544, 3.680208333333322201 ) ) ;
#2179 = AXIS2_PLACEMENT_3D ( 'NONE', #929, #1657, #34 ) ;
#2180 = ORIENTED_EDGE ( 'NONE', *, *, #1827, .T. ) ;
#2181 = CARTESIAN_POINT ( 'NONE',  ( 0.000000000000000000, -1.410817541051009211E-15, -2.000000000000000444 ) ) ;
#2182 = APPROVAL_STATUS ( 'not_yet_approved' ) ;
#2183 = CONICAL_SURFACE ( 'NONE', #701, 1.999999999999998668, 0.7853981633974500554 ) ;
#2184 = CARTESIAN_POINT ( 'NONE',  ( -1.545336663013163303, 8.715332896486791275E-17, -1.475000000000004308 ) ) ;
#2185 = LOCAL_TIME ( 16, 9, 8.000000000000000000, #568 ) ;
#2186 = CARTESIAN_POINT ( 'NONE',  ( 1.176575538379250219, 2.037888611415563656, 2.907291666666648400 ) ) ;
#2187 = EDGE_CURVE ( 'NONE', #476, #842, #603, .T. ) ;
#2188 = CARTESIAN_POINT ( 'NONE',  ( 0.000000000000000000, -1.999999999999999556, 4.200000000000000178 ) ) ;
#2189 = CARTESIAN_POINT ( 'NONE',  ( -1.249999999999999556, -0.1270077427806574344, 4.006616329726064407 ) ) ;
#2190 = CARTESIAN_POINT ( 'NONE',  ( 1.784401076758495464, -1.738606701108116332E-15, -1.825000000000003508 ) ) ;
#2191 = CARTESIAN_POINT ( 'NONE',  ( 0.8922005383792486199, 1.545336663013161305, -0.2208333333333393489 ) ) ;
#2192 =( BOUNDED_CURVE ( )  B_SPLINE_CURVE ( 2, ( #717, #1789, #1429, #1441, #526, #311, #1207, #2351, #1963 ),
 .UNSPECIFIED., .F., .T. ) 
 B_SPLINE_CURVE_WITH_KNOTS ( ( 3, 2, 2, 2, 3 ),
 ( 0.1250000000000000000, 0.1333333333333333315, 0.1499999999999999944, 0.1666666666666666574, 0.1749999999999999889 ),
 .UNSPECIFIED. ) 
 CURVE ( )  GEOMETRIC_REPRESENTATION_ITEM ( )  RATIONAL_B_SPLINE_CURVE ( ( 0.9330127018922194093, 0.9330127018922194093, 1.000000000000000000, 0.8660254037844387076, 1.000000000000000000, 0.8660254037844387076, 1.000000000000000000, 0.9330127018922194093, 0.9330127018922194093 ) ) 
 REPRESENTATION_ITEM ( '' )  );
#2193 = VERTEX_POINT ( 'NONE', #2088 ) ;
#2194 = CARTESIAN_POINT ( 'NONE',  ( 1.839252333868820033, 0.3423313070702165284, 1.513044385706626249 ) ) ;
#2195 = DATE_AND_TIME ( #2170, #744 ) ;
#2196 = CARTESIAN_POINT ( 'NONE',  ( 0.000000000000000000, 1.999999999999998668, 0.09999999999999870104 ) ) ;
#2197 = PLANE ( 'NONE',  #97 ) ;
#2198 = CARTESIAN_POINT ( 'NONE',  ( -1.545336663013163525, 1.743066579297358255E-16, 0.7124999999999919176 ) ) ;
#2199 = EDGE_CURVE ( 'NONE', #1677, #2081, #745, .T. ) ;
#2200 = CARTESIAN_POINT ( 'NONE',  ( -1.999999999999998668, -3.281267838218396067E-15, 7.656854249492376141 ) ) ;
#2201 = CARTESIAN_POINT ( 'NONE',  ( 0.8922005383792486199, 1.545336663013161305, -1.008333333333338633 ) ) ;
#2202 = CARTESIAN_POINT ( 'NONE',  ( -0.8922005383792482869, -1.545336663013164635, 0.1291666666666593799 ) ) ;
#2203 = VERTEX_POINT ( 'NONE', #2242 ) ;
#2204 = FACE_OUTER_BOUND ( 'NONE', #1481, .T. ) ;
#2205 = DIRECTION ( 'NONE',  ( -1.000000000000000000, -6.982962677686266711E-15, -8.344935797457553441E-31 ) ) ;
#2206 = DIRECTION ( 'NONE',  ( -1.000000000000000000, 0.000000000000000000, 0.000000000000000000 ) ) ;
#2207 = CARTESIAN_POINT ( 'NONE',  ( 1.764863307568873774, -1.018944305707785158, 3.432291666666646979 ) ) ;
#2208 = ORIENTED_EDGE ( 'NONE', *, *, #1351, .F. ) ;
#2209 = DIRECTION ( 'NONE',  ( -0.000000000000000000, -0.000000000000000000, 1.000000000000000000 ) ) ;
#2210 = CARTESIAN_POINT ( 'NONE',  ( 0.000000000000000000, 1.999999999999998668, -1.212500000000010791 ) ) ;
#2211 = CARTESIAN_POINT ( 'NONE',  ( 0.000000000000000000, 1.545336663013161749, -2.350000000000002309 ) ) ;
#2212 = EDGE_CURVE ( 'NONE', #428, #2041, #1525, .T. ) ;
#2213 = CARTESIAN_POINT ( 'NONE',  ( -2.495693764988917238E-16, -2.037888611415567208, 4.671874999999985789 ) ) ;
#2214 = ORIENTED_EDGE ( 'NONE', *, *, #1121, .T. ) ;
#2215 = CARTESIAN_POINT ( 'NONE',  ( 0.000000000000000000, 1.999999999999998668, 1.499999999999995559 ) ) ;
#2216 = ADVANCED_FACE ( 'NONE', ( #614 ), #91, .T. ) ;
#2217 = FACE_OUTER_BOUND ( 'NONE', #291, .T. ) ;
#2218 = CONICAL_SURFACE ( 'NONE', #1565, 1.443375672974063884, 0.7853981633974500554 ) ;
#2219 = FACE_OUTER_BOUND ( 'NONE', #525, .T. ) ;
#2220 = B_SPLINE_CURVE_WITH_KNOTS ( 'NONE', 3,
 ( #95, #1549, #85, #286, #819, #2280, #1538, #2270, #1372, #1359, #1326, #1876, #1697, #1004, #797, #618, #2102, #472, #1925, #298, #62, #2067, #1013, #436, #262, #1708, #807, #1039 ),
 .UNSPECIFIED., .F., .F.,
 ( 4, 2, 2, 2, 2, 2, 2, 2, 2, 2, 2, 2, 2, 4 ),
 ( 0.001833275236809340679, 0.002514145247129067392, 0.002854580252288930857, 0.003195015257448793888, 0.003535450262608657787, 0.003875885267768520819, 0.004216320272928383850, 0.004556755278088247749, 0.005237625288407974679, 0.005918495298727700742, 0.006258930303887564640, 0.006599365309047427672, 0.006939800314207291571, 0.007280235319367154602 ),
 .UNSPECIFIED. ) ;
#2221 = CARTESIAN_POINT ( 'NONE',  ( 0.000000000000000000, 2.037888611415564100, 4.365624999999978328 ) ) ;
#2222 = AXIS2_PLACEMENT_3D ( 'NONE', #2064, #805, #104 ) ;
#2223 = VERTEX_POINT ( 'NONE', #803 ) ;
#2224 = CARTESIAN_POINT ( 'NONE',  ( 1.732050807568878303, 0.9999999999999972244, -1.329166666666677266 ) ) ;
#2225 = CARTESIAN_POINT ( 'NONE',  ( 1.338300807568872486, 0.7726683315065792090, 0.3333333333333248216 ) ) ;
#2226 = EDGE_CURVE ( 'NONE', #2329, #1501, #1956, .T. ) ;
#2227 = ORIENTED_EDGE ( 'NONE', *, *, #1382, .T. ) ;
#2228 = CARTESIAN_POINT ( 'NONE',  ( 0.000000000000000000, 1.545336663013161749, -0.8625000000000047073 ) ) ;
#2229 = ORIENTED_EDGE ( 'NONE', *, *, #989, .F. ) ;
#2230 = LINE ( 'NONE', #1117, #663 ) ;
#2231 = EDGE_CURVE ( 'NONE', #872, #133, #553, .T. ) ;
#2232 = DIRECTION ( 'NONE',  ( 0.000000000000000000, -1.000000000000000000, -1.403192195507069316E-16 ) ) ;
#2233 = CYLINDRICAL_SURFACE ( 'NONE', #1033, 1.545336663013163303 ) ;
#2234 = CARTESIAN_POINT ( 'NONE',  ( -0.8922005383792459554, 1.545336663013163081, -0.1041666666666734020 ) ) ;
#2235 = ORIENTED_EDGE ( 'NONE', *, *, #140, .T. ) ;
#2236 = DIRECTION ( 'NONE',  ( -0.000000000000000000, -0.000000000000000000, 1.000000000000000000 ) ) ;
#2237 = CARTESIAN_POINT ( 'NONE',  ( -1.784401076758495464, -1.301554487698640105E-15, 2.724999999999985878 ) ) ;
#2238 = EDGE_LOOP ( 'NONE', ( #1955, #1248, #1025, #983 ) ) ;
#2239 = CARTESIAN_POINT ( 'NONE',  ( -0.8922005383792475097, 1.545336663013161749, -1.504166666666669983 ) ) ;
#2240 = ORIENTED_EDGE ( 'NONE', *, *, #1205, .F. ) ;
#2241 = CARTESIAN_POINT ( 'NONE',  ( 2.000000000000000000, -4.148498458727712731E-14, -1.474999999999999645 ) ) ;
#2242 = CARTESIAN_POINT ( 'NONE',  ( 1.249999999999999334, 0.7216878364870311646, 2.660000000000000142 ) ) ;
#2243 = CARTESIAN_POINT ( 'NONE',  ( 2.000000000000009770, 0.5358983848622264068, -1.443739260883033948 ) ) ;
#2244 = FACE_OUTER_BOUND ( 'NONE', #1758, .T. ) ;
#2245 = CARTESIAN_POINT ( 'NONE',  ( 2.000000000000000000, -2.207884333776653740E-15, -0.7749999999999991340 ) ) ;
#2246 = CARTESIAN_POINT ( 'NONE',  ( 1.784401076758495464, -1.738606701108116332E-15, 3.774999999999983480 ) ) ;
#2247 = ORIENTED_EDGE ( 'NONE', *, *, #1159, .T. ) ;
#2248 = CARTESIAN_POINT ( 'NONE',  ( -0.8922005383792475097, 1.545336663013161749, 1.295833333333323401 ) ) ;
#2249 = ORIENTED_EDGE ( 'NONE', *, *, #39, .T. ) ;
#2250 = CARTESIAN_POINT ( 'NONE',  ( 0.5063199965969619187, -1.900037697243192270, -1.512761897111301490 ) ) ;
#2251 =( BOUNDED_CURVE ( )  B_SPLINE_CURVE ( 2, ( #1370, #1190, #1923, #296, #115, #2289, #1022, #2162, #534 ),
 .UNSPECIFIED., .F., .F. ) 
 B_SPLINE_CURVE_WITH_KNOTS ( ( 3, 2, 2, 2, 3 ),
 ( 0.7250000000000000888, 0.7333333333333333925, 0.7500000000000000000, 0.7666666666666666075, 0.7749999999999999112 ),
 .UNSPECIFIED. ) 
 CURVE ( )  GEOMETRIC_REPRESENTATION_ITEM ( )  RATIONAL_B_SPLINE_CURVE ( ( 0.9330127018922194093, 0.9330127018922198534, 1.000000000000000000, 0.8660254037844387076, 1.000000000000000000, 0.8660254037844387076, 1.000000000000000000, 0.9330127018922198534, 0.9330127018922194093 ) ) 
 REPRESENTATION_ITEM ( '' )  );
#2252 = CARTESIAN_POINT ( 'NONE',  ( -1.718250912939432773, 0.8922436421040473853, 1.581802426314415255 ) ) ;
#2253 = CARTESIAN_POINT ( 'NONE',  ( 1.545336663013163747, -0.4140717108885856312, 0.2437392608830274698 ) ) ;
#2254 = CONICAL_SURFACE ( 'NONE', #1873, 1.443375672974063884, 0.7853981633974500554 ) ;
#2255 = CARTESIAN_POINT ( 'NONE',  ( -1.338300807568870265, 0.7726683315065828728, -0.04583333333333999837 ) ) ;
#2256 = CONICAL_SURFACE ( 'NONE', #285, 1.443375672974063884, 0.7853981633974500554 ) ;
#2257 = CARTESIAN_POINT ( 'NONE',  ( 1.732050807568878303, 0.9999999999999972244, 0.07083333333331946757 ) ) ;
#2258 = ADVANCED_FACE ( 'NONE', ( #2111 ), #2344, .T. ) ;
#2259 = CARTESIAN_POINT ( 'NONE',  ( -2.353151076758498661, -1.266728594347886982E-15, -2.459375000000006306 ) ) ;
#2260 = VECTOR ( 'NONE', #2090, 1000.000000000000000 ) ;
#2261 = ORIENTED_EDGE ( 'NONE', *, *, #1909, .F. ) ;
#2262 = AXIS2_PLACEMENT_3D ( 'NONE', #1201, #138, #1585 ) ;
#2263 = CARTESIAN_POINT ( 'NONE',  ( -1.784401076758495464, -1.301554487698640105E-15, 0.7124999999999918066 ) ) ;
#2264 = EDGE_LOOP ( 'NONE', ( #670, #1353 ) ) ;
#2265 = CARTESIAN_POINT ( 'NONE',  ( 1.202639380764777721, -1.591402380229705260, -1.484346299038292294 ) ) ;
#2266 = CARTESIAN_POINT ( 'NONE',  ( 0.3516992579184676226, 1.555322535522941418, 1.239493401383683358 ) ) ;
#2267 = FACE_OUTER_BOUND ( 'NONE', #1510, .T. ) ;
#2268 =( BOUNDED_CURVE ( )  B_SPLINE_CURVE ( 2, ( #573, #2029, #216, #228, #403, #1289, #725, #1450, #1463 ),
 .UNSPECIFIED., .F., .F. ) 
 B_SPLINE_CURVE_WITH_KNOTS ( ( 3, 2, 2, 2, 3 ),
 ( 0.07499999999999999722, 0.08333333333333332871, 0.1000000000000000056, 0.1166666666666666685, 0.1250000000000000000 ),
 .UNSPECIFIED. ) 
 CURVE ( )  GEOMETRIC_REPRESENTATION_ITEM ( )  RATIONAL_B_SPLINE_CURVE ( ( 0.9330127018922194093, 0.9330127018922194093, 1.000000000000000000, 0.8660254037844387076, 1.000000000000000000, 0.8660254037844387076, 1.000000000000000000, 0.9330127018922194093, 0.9330127018922194093 ) ) 
 REPRESENTATION_ITEM ( '' )  );
#2269 = LINE ( 'NONE', #2100, #323 ) ;
#2270 = CARTESIAN_POINT ( 'NONE',  ( -1.063420496254089187, -1.318568107207324758, 1.340066440456536556 ) ) ;
#2271 = CARTESIAN_POINT ( 'NONE',  ( 0.8922005383792472877, -1.545336663013165079, 1.558333333333322246 ) ) ;
#2272 = ORIENTED_EDGE ( 'NONE', *, *, #1909, .T. ) ;
#2273 = CARTESIAN_POINT ( 'NONE',  ( 0.8922005383792472877, -1.545336663013165079, 2.345833333333321225 ) ) ;
#2274 = ORIENTED_EDGE ( 'NONE', *, *, #721, .F. ) ;
#2275 = CARTESIAN_POINT ( 'NONE',  ( 1.422527714770526641, 1.271267368719107616, 1.550205608298986348 ) ) ;
#2276 = CARTESIAN_POINT ( 'NONE',  ( 1.147428993866131787E-16, 1.443375672974062551, 4.200000000000000178 ) ) ;
#2277 = CARTESIAN_POINT ( 'NONE',  ( -0.08475165735025795566, -1.573170676655825551, -1.901829323344176759 ) ) ;
#2278 = FACE_OUTER_BOUND ( 'NONE', #1570, .T. ) ;
#2279 = DIRECTION ( 'NONE',  ( 0.000000000000000000, -1.195042302620835759E-16, 1.000000000000000000 ) ) ;
#2280 = CARTESIAN_POINT ( 'NONE',  ( -1.296637334963159915, -1.067203395675819122, 1.325501082606952874 ) ) ;
#2281 = CARTESIAN_POINT ( 'NONE',  ( -1.338300807568871820, -0.7726683315065827617, 3.483333333333317405 ) ) ;
#2282 = CARTESIAN_POINT ( 'NONE',  ( 1.784401076758495464, -1.738606701108116332E-15, 3.862499999999984279 ) ) ;
#2283 = ORIENTED_EDGE ( 'NONE', *, *, #1810, .T. ) ;
#2284 = CARTESIAN_POINT ( 'NONE',  ( -1.764863307568874440, 1.018944305707781606, -1.861458333333331661 ) ) ;
#2285 = ORIENTED_EDGE ( 'NONE', *, *, #2145, .F. ) ;
#2286 = ADVANCED_FACE ( 'NONE', ( #152 ), #2287, .T. ) ;
#2287 = CYLINDRICAL_SURFACE ( 'NONE', #474, 1.999999999999998668 ) ;
#2288 = CARTESIAN_POINT ( 'NONE',  ( 1.545336663013163525, -1.162044386198238837E-16, 0.2749999999999918621 ) ) ;
#2289 = CARTESIAN_POINT ( 'NONE',  ( -1.154700538379252572, -2.000000000000000888, -0.3083333333333336812 ) ) ;
#2290 = CARTESIAN_POINT ( 'NONE',  ( 0.000000000000000000, -2.222344185212348905E-15, 4.200000000000000178 ) ) ;
#2291 = CIRCLE ( 'NONE', #392, 4.229229689812974868 ) ;
#2292 = CARTESIAN_POINT ( 'NONE',  ( -2.381359039295037293E-16, -1.944527222831132995, -1.530472777168867538 ) ) ;
#2293 = CARTESIAN_POINT ( 'NONE',  ( -1.764863307568874218, -1.018944305707783826, 1.098958333333319048 ) ) ;
#2294 = AXIS2_PLACEMENT_3D ( 'NONE', #229, #595, #29 ) ;
#2295 = CARTESIAN_POINT ( 'NONE',  ( -1.338300807568871820, -0.7726683315065827617, 3.570833333333318205 ) ) ;
#2296 = AXIS2_PLACEMENT_3D ( 'NONE', #694, #1402, #1256 ) ;
#2297 = ORIENTED_EDGE ( 'NONE', *, *, #1431, .T. ) ;
#2298 = LINE ( 'NONE', #359, #896 ) ;
#2299 = EDGE_CURVE ( 'NONE', #1648, #1211, #2019, .T. ) ;
#2300 = CARTESIAN_POINT ( 'NONE',  ( -1.764863307568874440, 1.018944305707781606, -0.4614583333333349691 ) ) ;
#2301 = APPROVAL_PERSON_ORGANIZATION ( #1642, #465, #1456 ) ;
#2302 = ORIENTED_EDGE ( 'NONE', *, *, #963, .T. ) ;
#2303 = APPLICATION_PROTOCOL_DEFINITION ( 'international standard', 'config_control_design', 1994, #355 ) ;
#2304 = CARTESIAN_POINT ( 'NONE',  ( -1.732050807568877415, -1.000000000000001110, -1.066666666666665098 ) ) ;
#2305 = EDGE_CURVE ( 'NONE', #1691, #1501, #1154, .T. ) ;
#2306 = CARTESIAN_POINT ( 'NONE',  ( -2.295012332383795589E-13, 1.722636114155694065, -1.752363885844305358 ) ) ;
#2307 = CARTESIAN_POINT ( 'NONE',  ( -2.000000000000000000, -0.5358983848622465018, 0.3062607391169625548 ) ) ;
#2308 = LINE ( 'NONE', #1980, #1805 ) ;
#2309 = CARTESIAN_POINT ( 'NONE',  ( 1.764863307568875106, 1.018944305707780051, -1.351041666666675356 ) ) ;
#2310 = ORIENTED_EDGE ( 'NONE', *, *, #1051, .T. ) ;
#2311 = LINE ( 'NONE', #1077, #2065 ) ;
#2312 = CARTESIAN_POINT ( 'NONE',  ( 0.8922005383792533939, 1.545336663013158196, -0.3083333333333401205 ) ) ;
#2313 = CARTESIAN_POINT ( 'NONE',  ( -1.764863307568874662, -1.018944305707784048, 0.3552083333333297954 ) ) ;
#2314 = CARTESIAN_POINT ( 'NONE',  ( -2.353151076758499105, -1.266728594347886982E-15, 1.696874999999993472 ) ) ;
#2315 = ORIENTED_EDGE ( 'NONE', *, *, #1175, .T. ) ;
#2316 = CARTESIAN_POINT ( 'NONE',  ( 0.000000000000000000, -3.281267838218396067E-15, 1.649999999999999911 ) ) ;
#2317 = DIRECTION ( 'NONE',  ( -0.000000000000000000, -0.000000000000000000, 1.000000000000000000 ) ) ;
#2318 = ADVANCED_FACE ( 'NONE', ( #1406 ), #1212, .T. ) ;
#2319 = CARTESIAN_POINT ( 'NONE',  ( -0.5935775058022252360, 1.646959536417959447, -1.728471357440752199 ) ) ;
#2320 = CARTESIAN_POINT ( 'NONE',  ( -1.732050807568877415, -1.000000000000001110, 0.3333333333333314830 ) ) ;
#2321 = CARTESIAN_POINT ( 'NONE',  ( 1.999999999999998668, -0.5358983848622490553, -0.7187607391169765769 ) ) ;
#2322 = CARTESIAN_POINT ( 'NONE',  ( 1.764863307568873774, -1.018944305707785158, -0.7677083333333433179 ) ) ;
#2323 = EDGE_CURVE ( 'NONE', #2329, #42, #1993, .T. ) ;
#2324 = CARTESIAN_POINT ( 'NONE',  ( 0.8922005383792505073, 1.545336663013160194, -0.9208333333333380555 ) ) ;
#2325 = CARTESIAN_POINT ( 'NONE',  ( 1.338300807568874040, 0.7726683315065757673, 0.3333333333333248216 ) ) ;
#2326 = DIRECTION ( 'NONE',  ( 0.8660254037844387076, -0.4999999999999998890, 0.000000000000000000 ) ) ;
#2327 = CARTESIAN_POINT ( 'NONE',  ( -2.353151076758499105, -1.266728594347886982E-15, -1.103125000000000133 ) ) ;
#2328 = CARTESIAN_POINT ( 'NONE',  ( 1.764863307568875328, 1.018944305707780273, 3.505208333333322823 ) ) ;
#2329 = VERTEX_POINT ( 'NONE', #1942 ) ;
#2330 = CARTESIAN_POINT ( 'NONE',  ( -1.338300807568870487, 0.7726683315065825397, -0.8333333333333391435 ) ) ;
#2331 = CARTESIAN_POINT ( 'NONE',  ( 0.000000000000000000, -1.475000000000002309, -2.000000000000000000 ) ) ;
#2332 = CARTESIAN_POINT ( 'NONE',  ( -1.545336663013163525, 1.743066579297358255E-16, 0.7124999999999919176 ) ) ;
#2333 = CARTESIAN_POINT ( 'NONE',  ( 1.999999999999998668, -3.036338478388925376E-15, 7.656854249492376141 ) ) ;
#2334 = CARTESIAN_POINT ( 'NONE',  ( 1.176575538379248664, -2.037888611415567208, 0.5739583333333203585 ) ) ;
#2335 =( BOUNDED_CURVE ( )  B_SPLINE_CURVE ( 2, ( #1255, #1757, #1627, #693, #1388, #2130, #498, #1219, #1820 ),
 .UNSPECIFIED., .F., .F. ) 
 B_SPLINE_CURVE_WITH_KNOTS ( ( 3, 2, 2, 2, 3 ),
 ( 0.3750000000000000555, 0.3833333333333333592, 0.4000000000000000222, 0.4166666666666666852, 0.4250000000000000444 ),
 .UNSPECIFIED. ) 
 CURVE ( )  GEOMETRIC_REPRESENTATION_ITEM ( )  RATIONAL_B_SPLINE_CURVE ( ( 0.9330127018922194093, 0.9330127018922198534, 1.000000000000000000, 0.8660254037844387076, 1.000000000000000000, 0.8660254037844387076, 1.000000000000000000, 0.9330127018922191873, 0.9330127018922194093 ) ) 
 REPRESENTATION_ITEM ( '' )  );
#2336 = ORIENTED_EDGE ( 'NONE', *, *, #879, .T. ) ;
#2337 = EDGE_CURVE ( 'NONE', #1328, #1325, #658, .T. ) ;
#2338 = DIRECTION ( 'NONE',  ( 0.000000000000000000, 0.000000000000000000, -1.000000000000000000 ) ) ;
#2339 = CARTESIAN_POINT ( 'NONE',  ( 2.000000000000000000, -2.207884333776653740E-15, -0.7749999999999991340 ) ) ;
#2340 = VECTOR ( 'NONE', #1260, 999.9999999999998863 ) ;
#2341 = CIRCLE ( 'NONE', #1187, 1.999999999999998668 ) ;
#2342 = CARTESIAN_POINT ( 'NONE',  ( -2.495693764988917238E-16, -2.037888611415567208, 2.571874999999991918 ) ) ;
#2343 = VERTEX_POINT ( 'NONE', #1556 ) ;
#2344 = CYLINDRICAL_SURFACE ( 'NONE', #1153, 1.999999999999998668 ) ;
#2345 = VECTOR ( 'NONE', #1574, 1000.000000000000000 ) ;
#2346 = DIRECTION ( 'NONE',  ( 0.000000000000000000, 1.000000000000000000, 0.000000000000000000 ) ) ;
#2347 = CC_DESIGN_APPROVAL ( #465, ( #1770 ) ) ;
#2348 = DIRECTION ( 'NONE',  ( 0.000000000000000000, 0.000000000000000000, -1.000000000000000000 ) ) ;
#2349 = CARTESIAN_POINT ( 'NONE',  ( -1.764863307568873996, 1.018944305707781606, 0.2822916666666542285 ) ) ;
#2350 = CARTESIAN_POINT ( 'NONE',  ( 7.569966391856489163E-16, 1.545336663013161749, -0.8625000000000047073 ) ) ;
#2351 = CARTESIAN_POINT ( 'NONE',  ( 1.545336663013162637, -0.4140717108885859088, -1.068760739116968672 ) ) ;
#2352 =( BOUNDED_CURVE ( )  B_SPLINE_CURVE ( 2, ( #1643, #25, #396, #1470, #2196, #942, #569, #1284, #385 ),
 .UNSPECIFIED., .F., .F. ) 
 B_SPLINE_CURVE_WITH_KNOTS ( ( 3, 2, 2, 2, 3 ),
 ( 0.6750000000000000444, 0.6833333333333333481, 0.6999999999999999556, 0.7166666666666666741, 0.7250000000000000888 ),
 .UNSPECIFIED. ) 
 CURVE ( )  GEOMETRIC_REPRESENTATION_ITEM ( )  RATIONAL_B_SPLINE_CURVE ( ( 0.9330127018922194093, 0.9330127018922194093, 1.000000000000000000, 0.8660254037844387076, 1.000000000000000000, 0.8660254037844387076, 1.000000000000000000, 0.9330127018922189652, 0.9330127018922194093 ) ) 
 REPRESENTATION_ITEM ( '' )  );
#2353 = CARTESIAN_POINT ( 'NONE',  ( -1.249999999999999334, 0.7216878364870307205, 2.660000000000000142 ) ) ;
#2354 = CARTESIAN_POINT ( 'NONE',  ( 1.176575538379250663, 2.037888611415564100, 3.563541666666655505 ) ) ;
ENDSEC;
END-ISO-10303-21;
